Datetime,Open,High,Low,Close,Adj Close,Volume
2024-01-03 09:30:00-05:00,14.449999809265137,14.449999809265137,14.380000114440918,14.380000114440918,14.380000114440918,0
2024-01-03 09:35:00-05:00,14.289999961853027,14.289999961853027,14.289999961853027,14.289999961853027,14.289999961853027,263
2024-01-03 09:40:00-05:00,14.260000228881836,14.329999923706055,14.220000267028809,14.3100004196167,14.3100004196167,2238
2024-01-03 09:45:00-05:00,14.3100004196167,14.3100004196167,14.260000228881836,14.3100004196167,14.3100004196167,1809
2024-01-03 09:50:00-05:00,14.300000190734863,14.390000343322754,14.300000190734863,14.369999885559082,14.369999885559082,2244
2024-01-03 09:55:00-05:00,14.369999885559082,14.390000343322754,14.369999885559082,14.390000343322754,14.390000343322754,421
2024-01-03 10:00:00-05:00,14.420000076293945,14.489999771118164,14.40999984741211,14.489999771118164,14.489999771118164,1956
2024-01-03 10:05:00-05:00,14.520000457763672,14.5600004196167,14.460000038146973,14.470000267028809,14.470000267028809,3454
2024-01-03 10:10:00-05:00,14.449999809265137,14.449999809265137,14.420000076293945,14.430000305175781,14.430000305175781,1437
2024-01-03 10:20:00-05:00,14.420000076293945,14.460000038146973,14.420000076293945,14.460000038146973,14.460000038146973,1409
2024-01-03 10:25:00-05:00,14.5,14.5,14.489999771118164,14.489999771118164,14.489999771118164,1056
2024-01-03 10:30:00-05:00,14.510000228881836,14.510000228881836,14.505000114440918,14.505000114440918,14.505000114440918,839
2024-01-03 10:35:00-05:00,14.479999542236328,14.479999542236328,14.479999542236328,14.479999542236328,14.479999542236328,853
2024-01-03 10:40:00-05:00,14.4399995803833,14.4399995803833,14.4399995803833,14.4399995803833,14.4399995803833,549
2024-01-03 10:45:00-05:00,14.420000076293945,14.420000076293945,14.420000076293945,14.420000076293945,14.420000076293945,461
2024-01-03 10:50:00-05:00,14.420000076293945,14.420000076293945,14.420000076293945,14.420000076293945,14.420000076293945,781
2024-01-03 10:55:00-05:00,14.40999984741211,14.4399995803833,14.40999984741211,14.4399995803833,14.4399995803833,1205
2024-01-03 11:00:00-05:00,14.4399995803833,14.4399995803833,14.420000076293945,14.420000076293945,14.420000076293945,221
2024-01-03 11:05:00-05:00,14.449999809265137,14.449999809265137,14.449999809265137,14.449999809265137,14.449999809265137,325
2024-01-03 11:10:00-05:00,14.420100212097168,14.420100212097168,14.390000343322754,14.390000343322754,14.390000343322754,2641
2024-01-03 11:30:00-05:00,14.399999618530273,14.420000076293945,14.399999618530273,14.399999618530273,14.399999618530273,1001
2024-01-03 11:35:00-05:00,14.399999618530273,14.399999618530273,14.399999618530273,14.399999618530273,14.399999618530273,129
2024-01-03 11:40:00-05:00,14.399999618530273,14.399999618530273,14.399999618530273,14.399999618530273,14.399999618530273,201
2024-01-03 11:45:00-05:00,14.404999732971191,14.404999732971191,14.404999732971191,14.404999732971191,14.404999732971191,256
2024-01-03 11:50:00-05:00,14.420000076293945,14.430000305175781,14.399999618530273,14.40999984741211,14.40999984741211,914
2024-01-03 11:55:00-05:00,14.390000343322754,14.390000343322754,14.390000343322754,14.390000343322754,14.390000343322754,103
2024-01-03 12:00:00-05:00,14.399999618530273,14.399999618530273,14.390000343322754,14.390000343322754,14.390000343322754,989
2024-01-03 12:10:00-05:00,14.380000114440918,14.380000114440918,14.380000114440918,14.380000114440918,14.380000114440918,380
2024-01-03 12:20:00-05:00,14.359999656677246,14.359999656677246,14.359999656677246,14.359999656677246,14.359999656677246,231
2024-01-03 12:25:00-05:00,14.380000114440918,14.380000114440918,14.380000114440918,14.380000114440918,14.380000114440918,198
2024-01-03 12:30:00-05:00,14.350000381469727,14.350000381469727,14.350000381469727,14.350000381469727,14.350000381469727,314
2024-01-03 12:35:00-05:00,14.34000015258789,14.34000015258789,14.329999923706055,14.329999923706055,14.329999923706055,622
2024-01-03 12:40:00-05:00,14.300000190734863,14.300000190734863,14.300000190734863,14.300000190734863,14.300000190734863,366
2024-01-03 12:45:00-05:00,14.300000190734863,14.300000190734863,14.300000190734863,14.300000190734863,14.300000190734863,221
2024-01-03 12:50:00-05:00,14.291000366210938,14.291000366210938,14.291000366210938,14.291000366210938,14.291000366210938,381
2024-01-03 12:55:00-05:00,14.289999961853027,14.289999961853027,14.239999771118164,14.239999771118164,14.239999771118164,2006
2024-01-03 13:15:00-05:00,14.260000228881836,14.300000190734863,14.260000228881836,14.289999961853027,14.289999961853027,852
2024-01-03 13:35:00-05:00,14.279999732971191,14.279999732971191,14.279999732971191,14.279999732971191,14.279999732971191,951
2024-01-03 13:55:00-05:00,14.260000228881836,14.260000228881836,14.260000228881836,14.260000228881836,14.260000228881836,584
2024-01-03 14:00:00-05:00,14.270000457763672,14.270000457763672,14.239999771118164,14.260000228881836,14.260000228881836,1731
2024-01-03 14:05:00-05:00,14.260000228881836,14.260000228881836,14.260000228881836,14.260000228881836,14.260000228881836,847
2024-01-03 14:15:00-05:00,14.239999771118164,14.239999771118164,14.229999542236328,14.229999542236328,14.229999542236328,260
2024-01-03 14:25:00-05:00,14.260000228881836,14.279999732971191,14.239999771118164,14.270000457763672,14.270000457763672,2707
2024-01-03 14:35:00-05:00,14.25,14.25,14.25,14.25,14.25,241
2024-01-03 14:40:00-05:00,14.25,14.25,14.25,14.25,14.25,679
2024-01-03 14:45:00-05:00,14.229999542236328,14.229999542236328,14.210000038146973,14.220000267028809,14.220000267028809,2586
2024-01-03 14:50:00-05:00,14.210000038146973,14.210000038146973,14.210000038146973,14.210000038146973,14.210000038146973,527
2024-01-03 14:55:00-05:00,14.199999809265137,14.199999809265137,14.199999809265137,14.199999809265137,14.199999809265137,360
2024-01-03 15:00:00-05:00,14.1899995803833,14.1899995803833,14.15999984741211,14.15999984741211,14.15999984741211,847
2024-01-03 15:05:00-05:00,14.140000343322754,14.140000343322754,14.100000381469727,14.100000381469727,14.100000381469727,1078
2024-01-03 15:10:00-05:00,14.069999694824219,14.069999694824219,14.0600004196167,14.0600004196167,14.0600004196167,253
2024-01-03 15:20:00-05:00,14.029999732971191,14.029999732971191,14.010000228881836,14.020000457763672,14.020000457763672,3401
2024-01-03 15:25:00-05:00,14.022100448608398,14.022100448608398,13.989999771118164,14.0,14.0,4574
2024-01-03 15:30:00-05:00,14.029999732971191,14.050000190734863,14.029999732971191,14.029999732971191,14.029999732971191,995
2024-01-03 15:35:00-05:00,14.079999923706055,14.09000015258789,14.050000190734863,14.050000190734863,14.050000190734863,2421
2024-01-03 15:40:00-05:00,14.0600004196167,14.0600004196167,14.050000190734863,14.050000190734863,14.050000190734863,1591
2024-01-03 15:45:00-05:00,14.045000076293945,14.050000190734863,14.039999961853027,14.039999961853027,14.039999961853027,1405
2024-01-03 15:50:00-05:00,14.039999961853027,14.039999961853027,14.010000228881836,14.017499923706055,14.017499923706055,5045
2024-01-03 15:55:00-05:00,14.0,14.039999961853027,13.998700141906738,14.039999961853027,14.039999961853027,12938
2024-01-04 09:30:00-05:00,14.029999732971191,14.069999694824219,14.029999732971191,14.069999694824219,14.069999694824219,3192
2024-01-04 09:45:00-05:00,14.114999771118164,14.114999771118164,14.079999923706055,14.079999923706055,14.079999923706055,386
2024-01-04 10:00:00-05:00,14.119999885559082,14.119999885559082,14.119999885559082,14.119999885559082,14.119999885559082,930
2024-01-04 10:30:00-05:00,14.079999923706055,14.09000015258789,14.079999923706055,14.09000015258789,14.09000015258789,464
2024-01-04 10:35:00-05:00,14.069999694824219,14.100000381469727,14.069999694824219,14.100000381469727,14.100000381469727,1430
2024-01-04 10:55:00-05:00,14.100000381469727,14.109999656677246,14.09000015258789,14.109999656677246,14.109999656677246,958
2024-01-04 11:05:00-05:00,14.104999542236328,14.104999542236328,14.079999923706055,14.079999923706055,14.079999923706055,597
2024-01-04 11:10:00-05:00,14.09000015258789,14.09000015258789,14.079999923706055,14.079999923706055,14.079999923706055,629
2024-01-04 11:15:00-05:00,14.09000015258789,14.09000015258789,14.079999923706055,14.079999923706055,14.079999923706055,231
2024-01-04 11:20:00-05:00,14.079999923706055,14.079999923706055,14.079999923706055,14.079999923706055,14.079999923706055,464
2024-01-04 11:25:00-05:00,14.085000038146973,14.085000038146973,14.069999694824219,14.069999694824219,14.069999694824219,822
2024-01-04 11:30:00-05:00,14.069999694824219,14.069999694824219,14.0600004196167,14.0600004196167,14.0600004196167,399
2024-01-04 11:35:00-05:00,14.079999923706055,14.079999923706055,14.079999923706055,14.079999923706055,14.079999923706055,492
2024-01-04 11:45:00-05:00,14.0600004196167,14.0600004196167,14.0600004196167,14.0600004196167,14.0600004196167,222
2024-01-04 11:50:00-05:00,14.029999732971191,14.029999732971191,14.029999732971191,14.029999732971191,14.029999732971191,307
2024-01-04 12:05:00-05:00,13.989999771118164,13.989999771118164,13.989999771118164,13.989999771118164,13.989999771118164,340
2024-01-04 12:10:00-05:00,13.991000175476074,13.994999885559082,13.979999542236328,13.994999885559082,13.994999885559082,951
2024-01-04 12:25:00-05:00,14.0,14.0,14.0,14.0,14.0,455
2024-01-04 12:30:00-05:00,13.989999771118164,13.989999771118164,13.989999771118164,13.989999771118164,13.989999771118164,252
2024-01-04 12:45:00-05:00,13.960000038146973,13.960000038146973,13.960000038146973,13.960000038146973,13.960000038146973,603
2024-01-04 12:55:00-05:00,13.952500343322754,13.952500343322754,13.949999809265137,13.949999809265137,13.949999809265137,814
2024-01-04 13:00:00-05:00,13.949999809265137,13.949999809265137,13.949999809265137,13.949999809265137,13.949999809265137,998
2024-01-04 13:10:00-05:00,13.949999809265137,13.949999809265137,13.9399995803833,13.9399995803833,13.9399995803833,416
2024-01-04 13:30:00-05:00,13.960000038146973,13.979999542236328,13.960000038146973,13.979999542236328,13.979999542236328,513
2024-01-04 13:40:00-05:00,14.0,14.0,14.0,14.0,14.0,396
2024-01-04 13:45:00-05:00,14.0,14.0,14.0,14.0,14.0,101
2024-01-04 13:50:00-05:00,14.010000228881836,14.010000228881836,14.010000228881836,14.010000228881836,14.010000228881836,101
2024-01-04 13:55:00-05:00,14.0,14.0,14.0,14.0,14.0,124
2024-01-04 14:00:00-05:00,14.020000457763672,14.020000457763672,14.020000457763672,14.020000457763672,14.020000457763672,621
2024-01-04 14:20:00-05:00,14.0,14.0,14.0,14.0,14.0,633
2024-01-04 14:30:00-05:00,13.989999771118164,13.989999771118164,13.989999771118164,13.989999771118164,13.989999771118164,685
2024-01-04 14:50:00-05:00,14.0,14.0,14.0,14.0,14.0,315
2024-01-04 14:55:00-05:00,13.989999771118164,13.989999771118164,13.989999771118164,13.989999771118164,13.989999771118164,710
2024-01-04 15:00:00-05:00,13.998900413513184,13.998900413513184,13.998900413513184,13.998900413513184,13.998900413513184,255
2024-01-04 15:15:00-05:00,13.989999771118164,13.989999771118164,13.989999771118164,13.989999771118164,13.989999771118164,581
2024-01-04 15:20:00-05:00,13.989999771118164,13.989999771118164,13.989999771118164,13.989999771118164,13.989999771118164,565
2024-01-04 15:25:00-05:00,13.970000267028809,13.970000267028809,13.970000267028809,13.970000267028809,13.970000267028809,148
2024-01-04 15:35:00-05:00,13.96500015258789,13.970000267028809,13.96500015258789,13.970000267028809,13.970000267028809,584
2024-01-04 15:40:00-05:00,13.979999542236328,14.0,13.979999542236328,14.0,14.0,461
2024-01-04 15:45:00-05:00,13.989999771118164,13.989999771118164,13.979999542236328,13.979999542236328,13.979999542236328,1444
2024-01-04 15:50:00-05:00,13.970000267028809,13.970000267028809,13.960000038146973,13.960000038146973,13.960000038146973,659
2024-01-04 15:55:00-05:00,13.949999809265137,13.962499618530273,13.930000305175781,13.930000305175781,13.930000305175781,9858
2024-01-05 09:30:00-05:00,14.170000076293945,14.170000076293945,13.90999984741211,13.989999771118164,13.989999771118164,11360
2024-01-05 09:40:00-05:00,13.989999771118164,14.050000190734863,13.989999771118164,14.050000190734863,14.050000190734863,1012
2024-01-05 10:00:00-05:00,14.149999618530273,14.149999618530273,14.149999618530273,14.149999618530273,14.149999618530273,260
2024-01-05 10:10:00-05:00,14.1899995803833,14.1899995803833,14.149999618530273,14.15999984741211,14.15999984741211,964
2024-01-05 10:15:00-05:00,14.119999885559082,14.140000343322754,14.119999885559082,14.140000343322754,14.140000343322754,846
2024-01-05 10:20:00-05:00,14.149999618530273,14.15999984741211,14.149999618530273,14.15999984741211,14.15999984741211,917
2024-01-05 10:30:00-05:00,14.125,14.125,14.125,14.125,14.125,299
2024-01-05 10:35:00-05:00,14.154999732971191,14.170000076293945,14.154999732971191,14.170000076293945,14.170000076293945,526
2024-01-05 10:40:00-05:00,14.180000305175781,14.1899995803833,14.180000305175781,14.1899995803833,14.1899995803833,759
2024-01-05 10:55:00-05:00,14.1850004196167,14.1850004196167,14.15999984741211,14.15999984741211,14.15999984741211,322
2024-01-05 11:00:00-05:00,14.170000076293945,14.170000076293945,14.170000076293945,14.170000076293945,14.170000076293945,127
2024-01-05 11:05:00-05:00,14.15999984741211,14.15999984741211,14.15999984741211,14.15999984741211,14.15999984741211,155
2024-01-05 11:10:00-05:00,14.170000076293945,14.180000305175781,14.164999961853027,14.180000305175781,14.180000305175781,1893
2024-01-05 11:15:00-05:00,14.15999984741211,14.15999984741211,14.15999984741211,14.15999984741211,14.15999984741211,586
2024-01-05 11:25:00-05:00,14.130000114440918,14.130000114440918,14.130000114440918,14.130000114440918,14.130000114440918,253
2024-01-05 11:30:00-05:00,14.149999618530273,14.149999618530273,14.100000381469727,14.100000381469727,14.100000381469727,1492
2024-01-05 11:35:00-05:00,14.109999656677246,14.109999656677246,14.079999923706055,14.079999923706055,14.079999923706055,682
2024-01-05 11:45:00-05:00,14.100000381469727,14.119999885559082,14.079999923706055,14.079999923706055,14.079999923706055,2618
2024-01-05 11:50:00-05:00,14.0600004196167,14.0600004196167,14.050000190734863,14.055000305175781,14.055000305175781,5731
2024-01-05 11:55:00-05:00,14.0600004196167,14.09000015258789,14.050000190734863,14.09000015258789,14.09000015258789,6687
2024-01-05 12:00:00-05:00,14.079999923706055,14.085000038146973,14.050000190734863,14.050000190734863,14.050000190734863,1560
2024-01-05 12:05:00-05:00,14.029999732971191,14.029999732971191,14.0,14.024999618530273,14.024999618530273,1105
2024-01-05 12:10:00-05:00,13.994999885559082,14.020000457763672,13.994999885559082,14.020000457763672,14.020000457763672,543
2024-01-05 12:15:00-05:00,14.020000457763672,14.020000457763672,14.012499809265137,14.012499809265137,14.012499809265137,321
2024-01-05 12:20:00-05:00,13.991000175476074,13.991000175476074,13.979999542236328,13.989999771118164,13.989999771118164,1559
2024-01-05 12:25:00-05:00,14.010000228881836,14.010000228881836,13.979999542236328,13.979999542236328,13.979999542236328,617
2024-01-05 12:30:00-05:00,13.994999885559082,14.0,13.979999542236328,14.0,14.0,895
2024-01-05 12:40:00-05:00,14.0,14.0,14.0,14.0,14.0,628
2024-01-05 12:55:00-05:00,14.0,14.0,13.984999656677246,13.984999656677246,13.984999656677246,608
2024-01-05 13:10:00-05:00,13.951000213623047,13.951000213623047,13.951000213623047,13.951000213623047,13.951000213623047,141
2024-01-05 13:15:00-05:00,13.979999542236328,13.979999542236328,13.979999542236328,13.979999542236328,13.979999542236328,162
2024-01-05 13:25:00-05:00,14.0,14.0,13.994999885559082,13.994999885559082,13.994999885559082,737
2024-01-05 13:30:00-05:00,14.0,14.0,14.0,14.0,14.0,230
2024-01-05 13:35:00-05:00,14.0,14.010000228881836,13.989999771118164,14.0,14.0,2881
2024-01-05 13:40:00-05:00,14.0,14.005000114440918,13.991999626159668,13.991999626159668,13.991999626159668,1195
2024-01-05 13:45:00-05:00,14.005000114440918,14.005000114440918,14.005000114440918,14.005000114440918,14.005000114440918,376
2024-01-05 13:55:00-05:00,14.0,14.0,14.0,14.0,14.0,467
2024-01-05 14:05:00-05:00,13.994999885559082,13.994999885559082,13.994999885559082,13.994999885559082,13.994999885559082,382
2024-01-05 14:10:00-05:00,13.980999946594238,13.980999946594238,13.980999946594238,13.980999946594238,13.980999946594238,109
2024-01-05 14:15:00-05:00,14.010000228881836,14.010000228881836,13.979999542236328,13.979999542236328,13.979999542236328,547
2024-01-05 14:25:00-05:00,13.975000381469727,13.989999771118164,13.975000381469727,13.979999542236328,13.979999542236328,839
2024-01-05 14:30:00-05:00,13.979999542236328,13.979999542236328,13.975000381469727,13.979999542236328,13.979999542236328,1544
2024-01-05 14:35:00-05:00,13.970000267028809,13.970000267028809,13.970000267028809,13.970000267028809,13.970000267028809,436
2024-01-05 14:40:00-05:00,13.960000038146973,13.970000267028809,13.949999809265137,13.960000038146973,13.960000038146973,2095
2024-01-05 14:45:00-05:00,13.949999809265137,13.949999809265137,13.9399995803833,13.949999809265137,13.949999809265137,2126
2024-01-05 14:50:00-05:00,13.930000305175781,13.930000305175781,13.90999984741211,13.90999984741211,13.90999984741211,370
2024-01-05 14:55:00-05:00,13.890000343322754,13.890000343322754,13.890000343322754,13.890000343322754,13.890000343322754,204
2024-01-05 15:00:00-05:00,13.880000114440918,13.880999565124512,13.880000114440918,13.880999565124512,13.880999565124512,259
2024-01-05 15:05:00-05:00,13.90999984741211,13.90999984741211,13.900099754333496,13.90999984741211,13.90999984741211,903
2024-01-05 15:10:00-05:00,13.949999809265137,13.949999809265137,13.949999809265137,13.949999809265137,13.949999809265137,283
2024-01-05 15:20:00-05:00,13.9399995803833,13.9399995803833,13.9399995803833,13.9399995803833,13.9399995803833,205
2024-01-05 15:25:00-05:00,13.920000076293945,13.920000076293945,13.90999984741211,13.90999984741211,13.90999984741211,1401
2024-01-05 15:30:00-05:00,13.90999984741211,13.90999984741211,13.890000343322754,13.899999618530273,13.899999618530273,6996
2024-01-05 15:35:00-05:00,13.90999984741211,13.920000076293945,13.90999984741211,13.920000076293945,13.920000076293945,1417
2024-01-05 15:40:00-05:00,13.930000305175781,13.979999542236328,13.930000305175781,13.979999542236328,13.979999542236328,1814
2024-01-05 15:45:00-05:00,13.979999542236328,13.979999542236328,13.911600112915039,13.930000305175781,13.930000305175781,1506
2024-01-05 15:50:00-05:00,13.920000076293945,13.949999809265137,13.899999618530273,13.949999809265137,13.949999809265137,3777
2024-01-05 15:55:00-05:00,13.960000038146973,13.960000038146973,13.90999984741211,13.920000076293945,13.920000076293945,6784
2024-01-08 09:30:00-05:00,13.90999984741211,13.90999984741211,13.90999984741211,13.90999984741211,13.90999984741211,596
2024-01-08 09:35:00-05:00,13.880000114440918,13.880000114440918,13.880000114440918,13.880000114440918,13.880000114440918,261
2024-01-08 09:40:00-05:00,13.869999885559082,13.869999885559082,13.84000015258789,13.84000015258789,13.84000015258789,556
2024-01-08 09:50:00-05:00,13.859999656677246,13.859999656677246,13.859999656677246,13.859999656677246,13.859999656677246,124
2024-01-08 09:55:00-05:00,13.885000228881836,13.920000076293945,13.885000228881836,13.920000076293945,13.920000076293945,920
2024-01-08 10:00:00-05:00,13.960000038146973,13.989999771118164,13.954999923706055,13.979999542236328,13.979999542236328,2141
2024-01-08 10:05:00-05:00,13.944999694824219,13.944999694824219,13.944999694824219,13.944999694824219,13.944999694824219,316
2024-01-08 10:10:00-05:00,13.920000076293945,13.920000076293945,13.920000076293945,13.920000076293945,13.920000076293945,341
2024-01-08 10:15:00-05:00,13.9399995803833,13.954999923706055,13.9399995803833,13.954999923706055,13.954999923706055,312
2024-01-08 10:20:00-05:00,13.9399995803833,13.9399995803833,13.9399995803833,13.9399995803833,13.9399995803833,156
2024-01-08 10:30:00-05:00,13.956000328063965,13.956000328063965,13.956000328063965,13.956000328063965,13.956000328063965,226
2024-01-08 10:35:00-05:00,13.970000267028809,13.970000267028809,13.970000267028809,13.970000267028809,13.970000267028809,323
2024-01-08 10:40:00-05:00,13.960000038146973,13.960000038146973,13.960000038146973,13.960000038146973,13.960000038146973,128
2024-01-08 10:45:00-05:00,13.95989990234375,13.960000038146973,13.95989990234375,13.960000038146973,13.960000038146973,1006
2024-01-08 10:50:00-05:00,13.920000076293945,13.920000076293945,13.920000076293945,13.920000076293945,13.920000076293945,241
2024-01-08 11:05:00-05:00,13.899999618530273,13.899999618530273,13.899999618530273,13.899999618530273,13.899999618530273,1039
2024-01-08 11:35:00-05:00,13.869999885559082,13.869999885559082,13.869999885559082,13.869999885559082,13.869999885559082,224
2024-01-08 11:50:00-05:00,13.869999885559082,13.869999885559082,13.869999885559082,13.869999885559082,13.869999885559082,255
2024-01-08 11:55:00-05:00,13.850000381469727,13.850000381469727,13.800000190734863,13.845000267028809,13.845000267028809,3325
2024-01-08 12:35:00-05:00,13.8100004196167,13.8100004196167,13.8100004196167,13.8100004196167,13.8100004196167,224
2024-01-08 12:45:00-05:00,13.770000457763672,13.800000190734863,13.729999542236328,13.800000190734863,13.800000190734863,3596
2024-01-08 12:55:00-05:00,13.800000190734863,13.800000190734863,13.800000190734863,13.800000190734863,13.800000190734863,187
2024-01-08 13:00:00-05:00,13.800000190734863,13.800000190734863,13.800000190734863,13.800000190734863,13.800000190734863,203
2024-01-08 13:05:00-05:00,13.800000190734863,13.800000190734863,13.800000190734863,13.800000190734863,13.800000190734863,379
2024-01-08 13:20:00-05:00,13.779999732971191,13.779999732971191,13.779999732971191,13.779999732971191,13.779999732971191,435
2024-01-08 13:25:00-05:00,13.760000228881836,13.760000228881836,13.744999885559082,13.75,13.75,1180
2024-01-08 13:30:00-05:00,13.755000114440918,13.770000457763672,13.755000114440918,13.770000457763672,13.770000457763672,657
2024-01-08 13:35:00-05:00,13.770000457763672,13.770000457763672,13.770000457763672,13.770000457763672,13.770000457763672,181
2024-01-08 13:45:00-05:00,13.8100004196167,13.8100004196167,13.8100004196167,13.8100004196167,13.8100004196167,314
2024-01-08 13:50:00-05:00,13.770000457763672,13.770000457763672,13.770000457763672,13.770000457763672,13.770000457763672,581
2024-01-08 13:55:00-05:00,13.789999961853027,13.789999961853027,13.779999732971191,13.779999732971191,13.779999732971191,763
2024-01-08 14:00:00-05:00,13.789999961853027,13.789999961853027,13.789999961853027,13.789999961853027,13.789999961853027,225
2024-01-08 14:05:00-05:00,13.779999732971191,13.779999732971191,13.770000457763672,13.770000457763672,13.770000457763672,393
2024-01-08 14:10:00-05:00,13.779999732971191,13.819999694824219,13.779999732971191,13.8149995803833,13.8149995803833,770
2024-01-08 14:15:00-05:00,13.829999923706055,13.829999923706055,13.819999694824219,13.824999809265137,13.824999809265137,701
2024-01-08 14:25:00-05:00,13.845000267028809,13.845000267028809,13.845000267028809,13.845000267028809,13.845000267028809,559
2024-01-08 14:40:00-05:00,13.859999656677246,13.859999656677246,13.859999656677246,13.859999656677246,13.859999656677246,229
2024-01-08 14:45:00-05:00,13.850000381469727,13.850000381469727,13.850000381469727,13.850000381469727,13.850000381469727,129
2024-01-08 14:55:00-05:00,13.829999923706055,13.829999923706055,13.829999923706055,13.829999923706055,13.829999923706055,264
2024-01-08 15:05:00-05:00,13.829999923706055,13.829999923706055,13.829999923706055,13.829999923706055,13.829999923706055,603
2024-01-08 15:15:00-05:00,13.845000267028809,13.850000381469727,13.845000267028809,13.850000381469727,13.850000381469727,534
2024-01-08 15:20:00-05:00,13.859999656677246,13.859999656677246,13.84000015258789,13.84000015258789,13.84000015258789,1642
2024-01-08 15:25:00-05:00,13.842499732971191,13.859999656677246,13.842499732971191,13.859999656677246,13.859999656677246,538
2024-01-08 15:30:00-05:00,13.864999771118164,13.869999885559082,13.864999771118164,13.869999885559082,13.869999885559082,607
2024-01-08 15:35:00-05:00,13.869999885559082,13.869999885559082,13.864999771118164,13.864999771118164,13.864999771118164,541
2024-01-08 15:40:00-05:00,13.869999885559082,13.885000228881836,13.859999656677246,13.864999771118164,13.864999771118164,5859
2024-01-08 15:45:00-05:00,13.864999771118164,13.875,13.864999771118164,13.869999885559082,13.869999885559082,1713
2024-01-08 15:50:00-05:00,13.869999885559082,13.869999885559082,13.850000381469727,13.859999656677246,13.859999656677246,1699
2024-01-08 15:55:00-05:00,13.864999771118164,13.875,13.859999656677246,13.869999885559082,13.869999885559082,2452
2024-01-09 09:30:00-05:00,13.710000038146973,13.710000038146973,13.552000045776367,13.569999694824219,13.569999694824219,1674
2024-01-09 09:35:00-05:00,13.5600004196167,13.609999656677246,13.5600004196167,13.609999656677246,13.609999656677246,577
2024-01-09 09:40:00-05:00,13.59000015258789,13.59000015258789,13.59000015258789,13.59000015258789,13.59000015258789,410
2024-01-09 10:00:00-05:00,13.5600004196167,13.5600004196167,13.5600004196167,13.5600004196167,13.5600004196167,850
2024-01-09 10:05:00-05:00,13.529999732971191,13.529999732971191,13.529999732971191,13.529999732971191,13.529999732971191,321
2024-01-09 10:10:00-05:00,13.539999961853027,13.539999961853027,13.539999961853027,13.539999961853027,13.539999961853027,257
2024-01-09 10:15:00-05:00,13.569999694824219,13.569999694824219,13.550000190734863,13.550000190734863,13.550000190734863,720
2024-01-09 10:20:00-05:00,13.5600004196167,13.5600004196167,13.550000190734863,13.550000190734863,13.550000190734863,930
2024-01-09 10:25:00-05:00,13.529999732971191,13.539999961853027,13.510000228881836,13.539999961853027,13.539999961853027,1836
2024-01-09 10:35:00-05:00,13.59000015258789,13.59000015258789,13.59000015258789,13.59000015258789,13.59000015258789,127
2024-01-09 10:40:00-05:00,13.600000381469727,13.600000381469727,13.600000381469727,13.600000381469727,13.600000381469727,109
2024-01-09 10:45:00-05:00,13.579999923706055,13.579999923706055,13.5600004196167,13.5600004196167,13.5600004196167,1522
2024-01-09 10:50:00-05:00,13.550000190734863,13.550000190734863,13.550000190734863,13.550000190734863,13.550000190734863,257
2024-01-09 10:55:00-05:00,13.550000190734863,13.550000190734863,13.550000190734863,13.550000190734863,13.550000190734863,231
2024-01-09 11:00:00-05:00,13.59000015258789,13.59000015258789,13.59000015258789,13.59000015258789,13.59000015258789,314
2024-01-09 11:05:00-05:00,13.579999923706055,13.579999923706055,13.569999694824219,13.569999694824219,13.569999694824219,517
2024-01-09 11:10:00-05:00,13.5600004196167,13.5600004196167,13.5600004196167,13.5600004196167,13.5600004196167,508
2024-01-09 11:15:00-05:00,13.569999694824219,13.585000038146973,13.555000305175781,13.555000305175781,13.555000305175781,1059
2024-01-09 11:20:00-05:00,13.550000190734863,13.579999923706055,13.520000457763672,13.550000190734863,13.550000190734863,1828
2024-01-09 11:25:00-05:00,13.569999694824219,13.600000381469727,13.5600004196167,13.59000015258789,13.59000015258789,1013
2024-01-09 11:30:00-05:00,13.630000114440918,13.630000114440918,13.59000015258789,13.59000015258789,13.59000015258789,547
2024-01-09 11:40:00-05:00,13.604999542236328,13.604999542236328,13.604999542236328,13.604999542236328,13.604999542236328,112
2024-01-09 11:45:00-05:00,13.602999687194824,13.616000175476074,13.602999687194824,13.609999656677246,13.609999656677246,1018
2024-01-09 11:50:00-05:00,13.619999885559082,13.619999885559082,13.619999885559082,13.619999885559082,13.619999885559082,445
2024-01-09 12:00:00-05:00,13.600000381469727,13.600000381469727,13.59000015258789,13.600000381469727,13.600000381469727,1440
2024-01-09 12:05:00-05:00,13.609999656677246,13.609999656677246,13.609999656677246,13.609999656677246,13.609999656677246,984
2024-01-09 12:40:00-05:00,13.640000343322754,13.640000343322754,13.630000114440918,13.630000114440918,13.630000114440918,605
2024-01-09 12:50:00-05:00,13.609999656677246,13.609999656677246,13.609999656677246,13.609999656677246,13.609999656677246,517
2024-01-09 13:05:00-05:00,13.600000381469727,13.600000381469727,13.600000381469727,13.600000381469727,13.600000381469727,882
2024-01-09 13:10:00-05:00,13.579999923706055,13.579999923706055,13.579999923706055,13.579999923706055,13.579999923706055,168
2024-01-09 13:20:00-05:00,13.569999694824219,13.569999694824219,13.569999694824219,13.569999694824219,13.569999694824219,410
2024-01-09 13:25:00-05:00,13.539999961853027,13.539999961853027,13.539999961853027,13.539999961853027,13.539999961853027,293
2024-01-09 13:35:00-05:00,13.524999618530273,13.539999961853027,13.524999618530273,13.539999961853027,13.539999961853027,435
2024-01-09 13:40:00-05:00,13.539999961853027,13.539999961853027,13.539999961853027,13.539999961853027,13.539999961853027,269
2024-01-09 13:45:00-05:00,13.550000190734863,13.550000190734863,13.550000190734863,13.550000190734863,13.550000190734863,442
2024-01-09 13:50:00-05:00,13.579999923706055,13.579999923706055,13.579999923706055,13.579999923706055,13.579999923706055,812
2024-01-09 14:05:00-05:00,13.569999694824219,13.569999694824219,13.569999694824219,13.569999694824219,13.569999694824219,210
2024-01-09 14:10:00-05:00,13.5600004196167,13.5600004196167,13.550000190734863,13.550999641418457,13.550999641418457,1077
2024-01-09 14:15:00-05:00,13.550000190734863,13.550000190734863,13.539999961853027,13.539999961853027,13.539999961853027,671
2024-01-09 14:25:00-05:00,13.53499984741211,13.53499984741211,13.53499984741211,13.53499984741211,13.53499984741211,101
2024-01-09 14:30:00-05:00,13.539999961853027,13.539999961853027,13.539999961853027,13.539999961853027,13.539999961853027,629
2024-01-09 14:35:00-05:00,13.520000457763672,13.529999732971191,13.520000457763672,13.529999732971191,13.529999732971191,564
2024-01-09 14:45:00-05:00,13.550000190734863,13.550000190734863,13.550000190734863,13.550000190734863,13.550000190734863,179
2024-01-09 14:50:00-05:00,13.539999961853027,13.539999961853027,13.539999961853027,13.539999961853027,13.539999961853027,365
2024-01-09 15:05:00-05:00,13.5600004196167,13.5600004196167,13.550000190734863,13.550000190734863,13.550000190734863,1281
2024-01-09 15:20:00-05:00,13.569999694824219,13.569999694824219,13.569999694824219,13.569999694824219,13.569999694824219,497
2024-01-09 15:30:00-05:00,13.579999923706055,13.579999923706055,13.569999694824219,13.579999923706055,13.579999923706055,1213
2024-01-09 15:35:00-05:00,13.59000015258789,13.59000015258789,13.59000015258789,13.59000015258789,13.59000015258789,238
2024-01-09 15:40:00-05:00,13.604999542236328,13.604999542236328,13.59000015258789,13.59000015258789,13.59000015258789,1438
2024-01-09 15:45:00-05:00,13.59000015258789,13.604999542236328,13.59000015258789,13.600000381469727,13.600000381469727,863
2024-01-09 15:50:00-05:00,13.600000381469727,13.600000381469727,13.584799766540527,13.600000381469727,13.600000381469727,3864
2024-01-09 15:55:00-05:00,13.600000381469727,13.604999542236328,13.539999961853027,13.550000190734863,13.550000190734863,6395
2024-01-10 09:30:00-05:00,13.470000267028809,13.837499618530273,13.470000267028809,13.837499618530273,13.837499618530273,871
2024-01-10 09:35:00-05:00,13.630000114440918,13.630000114440918,13.619999885559082,13.619999885559082,13.619999885559082,847
2024-01-10 09:40:00-05:00,13.579999923706055,13.579999923706055,13.579999923706055,13.579999923706055,13.579999923706055,225
2024-01-10 09:45:00-05:00,13.539999961853027,13.545000076293945,13.539999961853027,13.545000076293945,13.545000076293945,305
2024-01-10 09:50:00-05:00,13.539999961853027,13.539999961853027,13.457799911499023,13.457799911499023,13.457799911499023,603
2024-01-10 10:00:00-05:00,13.449999809265137,13.449999809265137,13.430000305175781,13.430000305175781,13.430000305175781,1853
2024-01-10 10:15:00-05:00,13.460000038146973,13.460000038146973,13.4399995803833,13.4399995803833,13.4399995803833,446
2024-01-10 10:20:00-05:00,13.454999923706055,13.494999885559082,13.454999923706055,13.494999885559082,13.494999885559082,774
2024-01-10 10:30:00-05:00,13.494999885559082,13.494999885559082,13.494999885559082,13.494999885559082,13.494999885559082,212
2024-01-10 10:35:00-05:00,13.496000289916992,13.496000289916992,13.489999771118164,13.489999771118164,13.489999771118164,729
2024-01-10 10:45:00-05:00,13.489999771118164,13.489999771118164,13.489999771118164,13.489999771118164,13.489999771118164,101
2024-01-10 10:50:00-05:00,13.492199897766113,13.492199897766113,13.492199897766113,13.492199897766113,13.492199897766113,736
2024-01-10 11:30:00-05:00,13.479999542236328,13.479999542236328,13.479999542236328,13.479999542236328,13.479999542236328,937
2024-01-10 11:55:00-05:00,13.489999771118164,13.489999771118164,13.489999771118164,13.489999771118164,13.489999771118164,887
2024-01-10 12:15:00-05:00,13.460000038146973,13.460000038146973,13.460000038146973,13.460000038146973,13.460000038146973,207
2024-01-10 12:30:00-05:00,13.484999656677246,13.484999656677246,13.484999656677246,13.484999656677246,13.484999656677246,101
2024-01-10 12:35:00-05:00,13.470000267028809,13.470000267028809,13.470000267028809,13.470000267028809,13.470000267028809,497
2024-01-10 12:50:00-05:00,13.4399995803833,13.4399995803833,13.4399995803833,13.4399995803833,13.4399995803833,125
2024-01-10 12:55:00-05:00,13.430000305175781,13.430000305175781,13.420000076293945,13.430000305175781,13.430000305175781,364
2024-01-10 13:00:00-05:00,13.420000076293945,13.479999542236328,13.420000076293945,13.479999542236328,13.479999542236328,891
2024-01-10 13:10:00-05:00,13.470000267028809,13.470000267028809,13.454999923706055,13.454999923706055,13.454999923706055,1409
2024-01-10 13:15:00-05:00,13.4399995803833,13.4399995803833,13.4399995803833,13.4399995803833,13.4399995803833,338
2024-01-10 13:20:00-05:00,13.449999809265137,13.470000267028809,13.449999809265137,13.470000267028809,13.470000267028809,705
2024-01-10 13:35:00-05:00,13.484999656677246,13.484999656677246,13.484999656677246,13.484999656677246,13.484999656677246,176
2024-01-10 13:50:00-05:00,13.5,13.5,13.484999656677246,13.494999885559082,13.494999885559082,1086
2024-01-10 13:55:00-05:00,13.510000228881836,13.510000228881836,13.510000228881836,13.510000228881836,13.510000228881836,359
2024-01-10 14:00:00-05:00,13.489999771118164,13.489999771118164,13.47089958190918,13.47089958190918,13.47089958190918,1185
2024-01-10 14:10:00-05:00,13.515000343322754,13.515000343322754,13.515000343322754,13.515000343322754,13.515000343322754,420
2024-01-10 14:15:00-05:00,13.510000228881836,13.510000228881836,13.510000228881836,13.510000228881836,13.510000228881836,765
2024-01-10 14:20:00-05:00,13.501999855041504,13.510000228881836,13.5,13.5,13.5,968
2024-01-10 14:25:00-05:00,13.510000228881836,13.520000457763672,13.5,13.5,13.5,1303
2024-01-10 14:35:00-05:00,13.515000343322754,13.515000343322754,13.515000343322754,13.515000343322754,13.515000343322754,428
2024-01-10 14:45:00-05:00,13.515000343322754,13.515000343322754,13.515000343322754,13.515000343322754,13.515000343322754,258
2024-01-10 15:00:00-05:00,13.529999732971191,13.529999732971191,13.529999732971191,13.529999732971191,13.529999732971191,581
2024-01-10 15:10:00-05:00,13.529999732971191,13.529999732971191,13.529999732971191,13.529999732971191,13.529999732971191,349
2024-01-10 15:20:00-05:00,13.489999771118164,13.489999771118164,13.470000267028809,13.470000267028809,13.470000267028809,677
2024-01-10 15:30:00-05:00,13.5,13.5,13.5,13.5,13.5,672
2024-01-10 15:40:00-05:00,13.520000457763672,13.520000457763672,13.5,13.520000457763672,13.520000457763672,2934
2024-01-10 15:45:00-05:00,13.510000228881836,13.510000228881836,13.470000267028809,13.470000267028809,13.470000267028809,1674
2024-01-10 15:50:00-05:00,13.460000038146973,13.5,13.460000038146973,13.5,13.5,862
2024-01-10 15:55:00-05:00,13.539999961853027,13.5600004196167,13.529999732971191,13.550000190734863,13.550000190734863,3609
2024-01-11 09:30:00-05:00,13.4399995803833,13.4399995803833,13.4399995803833,13.4399995803833,13.4399995803833,719
2024-01-11 09:45:00-05:00,13.430000305175781,13.430000305175781,13.270000457763672,13.350000381469727,13.350000381469727,4282
2024-01-11 10:00:00-05:00,13.289999961853027,13.300000190734863,13.289999961853027,13.300000190734863,13.300000190734863,583
2024-01-11 10:05:00-05:00,13.260000228881836,13.260000228881836,13.220000267028809,13.220000267028809,13.220000267028809,1542
2024-01-11 10:30:00-05:00,13.239999771118164,13.239999771118164,13.239999771118164,13.239999771118164,13.239999771118164,825
2024-01-11 10:55:00-05:00,13.229999542236328,13.229999542236328,13.229999542236328,13.229999542236328,13.229999542236328,190
2024-01-11 11:00:00-05:00,13.229999542236328,13.229999542236328,13.220000267028809,13.229999542236328,13.229999542236328,470
2024-01-11 11:10:00-05:00,13.199999809265137,13.199999809265137,13.199999809265137,13.199999809265137,13.199999809265137,1909
2024-01-11 11:25:00-05:00,13.210000038146973,13.210000038146973,13.210000038146973,13.210000038146973,13.210000038146973,318
2024-01-11 11:30:00-05:00,13.1899995803833,13.1899995803833,13.1899995803833,13.1899995803833,13.1899995803833,186
2024-01-11 11:35:00-05:00,13.1899995803833,13.1899995803833,13.1899995803833,13.1899995803833,13.1899995803833,568
2024-01-11 11:40:00-05:00,13.180000305175781,13.180000305175781,13.170000076293945,13.180000305175781,13.180000305175781,899
2024-01-11 11:50:00-05:00,13.180000305175781,13.180000305175781,13.180000305175781,13.180000305175781,13.180000305175781,310
2024-01-11 12:05:00-05:00,13.180000305175781,13.180000305175781,13.15999984741211,13.15999984741211,13.15999984741211,568
2024-01-11 12:10:00-05:00,13.15999984741211,13.15999984741211,13.140000343322754,13.140000343322754,13.140000343322754,445
2024-01-11 12:25:00-05:00,13.170000076293945,13.170000076293945,13.15999984741211,13.15999984741211,13.15999984741211,927
2024-01-11 12:30:00-05:00,13.170000076293945,13.170000076293945,13.170000076293945,13.170000076293945,13.170000076293945,906
2024-01-11 12:55:00-05:00,13.210000038146973,13.210000038146973,13.210000038146973,13.210000038146973,13.210000038146973,153
2024-01-11 13:05:00-05:00,13.25,13.265000343322754,13.25,13.265000343322754,13.265000343322754,739
2024-01-11 13:15:00-05:00,13.25,13.25,13.25,13.25,13.25,813
2024-01-11 13:20:00-05:00,13.239999771118164,13.25,13.239999771118164,13.25,13.25,874
2024-01-11 13:30:00-05:00,13.25,13.25,13.25,13.25,13.25,458
2024-01-11 13:45:00-05:00,13.25,13.25,13.229999542236328,13.239999771118164,13.239999771118164,939
2024-01-11 13:50:00-05:00,13.25,13.25,13.25,13.25,13.25,348
2024-01-11 13:55:00-05:00,13.260000228881836,13.270000457763672,13.260000228881836,13.270000457763672,13.270000457763672,975
2024-01-11 14:15:00-05:00,13.28499984741211,13.28499984741211,13.28499984741211,13.28499984741211,13.28499984741211,201
2024-01-11 14:20:00-05:00,13.279999732971191,13.279999732971191,13.279999732971191,13.279999732971191,13.279999732971191,435
2024-01-11 14:25:00-05:00,13.295000076293945,13.295000076293945,13.295000076293945,13.295000076293945,13.295000076293945,785
2024-01-11 14:45:00-05:00,13.319999694824219,13.319999694824219,13.319999694824219,13.319999694824219,13.319999694824219,190
2024-01-11 14:50:00-05:00,13.293000221252441,13.300999641418457,13.291000366210938,13.300000190734863,13.300000190734863,2300
2024-01-11 14:55:00-05:00,13.300000190734863,13.300000190734863,13.300000190734863,13.300000190734863,13.300000190734863,272
2024-01-11 15:00:00-05:00,13.300000190734863,13.300000190734863,13.289999961853027,13.289999961853027,13.289999961853027,1128
2024-01-11 15:10:00-05:00,13.289999961853027,13.308600425720215,13.289999961853027,13.308600425720215,13.308600425720215,997
2024-01-11 15:15:00-05:00,13.300999641418457,13.300999641418457,13.300999641418457,13.300999641418457,13.300999641418457,676
2024-01-11 15:20:00-05:00,13.319999694824219,13.359999656677246,13.319999694824219,13.359999656677246,13.359999656677246,654
2024-01-11 15:25:00-05:00,13.369999885559082,13.369999885559082,13.369999885559082,13.369999885559082,13.369999885559082,1383
2024-01-11 15:30:00-05:00,13.380000114440918,13.380000114440918,13.380000114440918,13.380000114440918,13.380000114440918,638
2024-01-11 15:35:00-05:00,13.380000114440918,13.380999565124512,13.369999885559082,13.369999885559082,13.369999885559082,2261
2024-01-11 15:40:00-05:00,13.369999885559082,13.369999885559082,13.369999885559082,13.369999885559082,13.369999885559082,259
2024-01-11 15:45:00-05:00,13.364999771118164,13.380000114440918,13.364999771118164,13.380000114440918,13.380000114440918,920
2024-01-11 15:50:00-05:00,13.369999885559082,13.369999885559082,13.34000015258789,13.34000015258789,13.34000015258789,1095
2024-01-11 15:55:00-05:00,13.350000381469727,13.40999984741211,13.350000381469727,13.40999984741211,13.40999984741211,4539
2024-01-12 09:30:00-05:00,13.489999771118164,14.75,13.489999771118164,13.539999961853027,13.539999961853027,3081
2024-01-12 09:45:00-05:00,13.5,13.545000076293945,13.5,13.545000076293945,13.545000076293945,1596
2024-01-12 10:00:00-05:00,13.414999961853027,13.414999961853027,13.399999618530273,13.399999618530273,13.399999618530273,882
2024-01-12 10:35:00-05:00,13.359999656677246,13.359999656677246,13.359999656677246,13.359999656677246,13.359999656677246,777
2024-01-12 10:45:00-05:00,13.3100004196167,13.350000381469727,13.3100004196167,13.349699974060059,13.349699974060059,1440
2024-01-12 10:50:00-05:00,13.279999732971191,13.279999732971191,13.279999732971191,13.279999732971191,13.279999732971191,324
2024-01-12 10:55:00-05:00,13.295000076293945,13.295000076293945,13.295000076293945,13.295000076293945,13.295000076293945,1229
2024-01-12 11:10:00-05:00,13.270000457763672,13.270000457763672,13.270000457763672,13.270000457763672,13.270000457763672,190
2024-01-12 11:15:00-05:00,13.270000457763672,13.270000457763672,13.270000457763672,13.270000457763672,13.270000457763672,330
2024-01-12 11:25:00-05:00,13.289999961853027,13.289999961853027,13.289999961853027,13.289999961853027,13.289999961853027,207
2024-01-12 11:35:00-05:00,13.270000457763672,13.289999961853027,13.270000457763672,13.289999961853027,13.289999961853027,630
2024-01-12 11:45:00-05:00,13.289999961853027,13.289999961853027,13.279999732971191,13.289999961853027,13.289999961853027,400
2024-01-12 11:50:00-05:00,13.300000190734863,13.300000190734863,13.300000190734863,13.300000190734863,13.300000190734863,306
2024-01-12 12:10:00-05:00,13.300000190734863,13.300000190734863,13.300000190734863,13.300000190734863,13.300000190734863,436
2024-01-12 12:15:00-05:00,13.329999923706055,13.329999923706055,13.319999694824219,13.319999694824219,13.319999694824219,691
2024-01-12 12:25:00-05:00,13.289999961853027,13.289999961853027,13.289999961853027,13.289999961853027,13.289999961853027,137
2024-01-12 12:55:00-05:00,13.3100004196167,13.3100004196167,13.3100004196167,13.3100004196167,13.3100004196167,393
2024-01-12 13:00:00-05:00,13.34000015258789,13.34000015258789,13.34000015258789,13.34000015258789,13.34000015258789,118
2024-01-12 13:05:00-05:00,13.34000015258789,13.34000015258789,13.34000015258789,13.34000015258789,13.34000015258789,447
2024-01-12 13:15:00-05:00,13.350000381469727,13.350000381469727,13.350000381469727,13.350000381469727,13.350000381469727,199
2024-01-12 13:20:00-05:00,13.350000381469727,13.350000381469727,13.350000381469727,13.350000381469727,13.350000381469727,108
2024-01-12 13:35:00-05:00,13.34000015258789,13.34000015258789,13.34000015258789,13.34000015258789,13.34000015258789,137
2024-01-12 13:40:00-05:00,13.380000114440918,13.380000114440918,13.380000114440918,13.380000114440918,13.380000114440918,724
2024-01-12 14:00:00-05:00,13.390000343322754,13.425000190734863,13.390000343322754,13.425000190734863,13.425000190734863,5760
2024-01-12 14:10:00-05:00,13.4399995803833,13.4399995803833,13.4399995803833,13.4399995803833,13.4399995803833,236
2024-01-12 14:20:00-05:00,13.430000305175781,13.430000305175781,13.430000305175781,13.430000305175781,13.430000305175781,302
2024-01-12 14:25:00-05:00,13.4399995803833,13.4399995803833,13.4399995803833,13.4399995803833,13.4399995803833,800
2024-01-12 14:30:00-05:00,13.430000305175781,13.430000305175781,13.430000305175781,13.430000305175781,13.430000305175781,320
2024-01-12 14:40:00-05:00,13.40999984741211,13.40999984741211,13.40999984741211,13.40999984741211,13.40999984741211,915
2024-01-12 14:45:00-05:00,13.410099983215332,13.410099983215332,13.399999618530273,13.399999618530273,13.399999618530273,1377
2024-01-12 14:50:00-05:00,13.391400337219238,13.391400337219238,13.391400337219238,13.391400337219238,13.391400337219238,947
2024-01-12 14:55:00-05:00,13.390000343322754,13.390000343322754,13.390000343322754,13.390000343322754,13.390000343322754,314
2024-01-12 15:00:00-05:00,13.399999618530273,13.399999618530273,13.373299598693848,13.373299598693848,13.373299598693848,2094
2024-01-12 15:05:00-05:00,13.399999618530273,13.399999618530273,13.390000343322754,13.390000343322754,13.390000343322754,1769
2024-01-12 15:15:00-05:00,13.35099983215332,13.35099983215332,13.35099983215332,13.35099983215332,13.35099983215332,410
2024-01-12 15:30:00-05:00,13.350000381469727,13.350000381469727,13.350000381469727,13.350000381469727,13.350000381469727,1061
2024-01-12 15:40:00-05:00,13.359999656677246,13.359999656677246,13.350000381469727,13.350000381469727,13.350000381469727,956
2024-01-12 15:45:00-05:00,13.350000381469727,13.350000381469727,13.350000381469727,13.350000381469727,13.350000381469727,376
2024-01-12 15:50:00-05:00,13.359999656677246,13.359999656677246,13.350000381469727,13.359999656677246,13.359999656677246,684
2024-01-12 15:55:00-05:00,13.364999771118164,13.364999771118164,13.34000015258789,13.350000381469727,13.350000381469727,2516
2024-01-16 09:30:00-05:00,13.1899995803833,13.345000267028809,13.1899995803833,13.300000190734863,13.300000190734863,1272
2024-01-16 09:40:00-05:00,13.25,13.260000228881836,13.175000190734863,13.175000190734863,13.175000190734863,735
2024-01-16 09:45:00-05:00,13.220000267028809,13.25,13.220000267028809,13.25,13.25,1111
2024-01-16 09:50:00-05:00,13.260000228881836,13.260000228881836,13.239999771118164,13.260000228881836,13.260000228881836,714
2024-01-16 09:55:00-05:00,13.289999961853027,13.289999961853027,13.260000228881836,13.270000457763672,13.270000457763672,1243
2024-01-16 10:05:00-05:00,13.240500450134277,13.25,13.239999771118164,13.239999771118164,13.239999771118164,9215
2024-01-16 10:20:00-05:00,13.267499923706055,13.267499923706055,13.267499923706055,13.267499923706055,13.267499923706055,649
2024-01-16 10:35:00-05:00,13.239999771118164,13.239999771118164,13.239999771118164,13.239999771118164,13.239999771118164,106
2024-01-16 10:40:00-05:00,13.244999885559082,13.244999885559082,13.239999771118164,13.239999771118164,13.239999771118164,555
2024-01-16 10:45:00-05:00,13.234999656677246,13.234999656677246,13.234999656677246,13.234999656677246,13.234999656677246,186
2024-01-16 10:50:00-05:00,13.220000267028809,13.229999542236328,13.220000267028809,13.229999542236328,13.229999542236328,213
2024-01-16 10:55:00-05:00,13.239999771118164,13.239999771118164,13.239999771118164,13.239999771118164,13.239999771118164,217
2024-01-16 11:00:00-05:00,13.229999542236328,13.229999542236328,13.170000076293945,13.1899995803833,13.1899995803833,1526
2024-01-16 11:05:00-05:00,13.1899995803833,13.199999809265137,13.1899995803833,13.199999809265137,13.199999809265137,591
2024-01-16 11:15:00-05:00,13.20989990234375,13.20989990234375,13.20989990234375,13.20989990234375,13.20989990234375,600
2024-01-16 11:20:00-05:00,13.220000267028809,13.220000267028809,13.220000267028809,13.220000267028809,13.220000267028809,227
2024-01-16 11:30:00-05:00,13.225000381469727,13.225000381469727,13.225000381469727,13.225000381469727,13.225000381469727,139
2024-01-16 11:35:00-05:00,13.225000381469727,13.225000381469727,13.225000381469727,13.225000381469727,13.225000381469727,415
2024-01-16 12:00:00-05:00,13.225000381469727,13.225000381469727,13.225000381469727,13.225000381469727,13.225000381469727,345
2024-01-16 12:05:00-05:00,13.199999809265137,13.199999809265137,13.180000305175781,13.199999809265137,13.199999809265137,590
2024-01-16 12:10:00-05:00,13.210000038146973,13.210000038146973,13.210000038146973,13.210000038146973,13.210000038146973,148
2024-01-16 12:20:00-05:00,13.210000038146973,13.210000038146973,13.210000038146973,13.210000038146973,13.210000038146973,848
2024-01-16 12:30:00-05:00,13.15999984741211,13.15999984741211,13.15999984741211,13.15999984741211,13.15999984741211,202
2024-01-16 12:35:00-05:00,13.15999984741211,13.15999984741211,13.140000343322754,13.140000343322754,13.140000343322754,427
2024-01-16 12:40:00-05:00,13.130000114440918,13.15999984741211,13.130000114440918,13.15999984741211,13.15999984741211,1473
2024-01-16 12:45:00-05:00,13.170000076293945,13.170000076293945,13.170000076293945,13.170000076293945,13.170000076293945,186
2024-01-16 12:50:00-05:00,13.15999984741211,13.15999984741211,13.15999984741211,13.15999984741211,13.15999984741211,217
2024-01-16 13:10:00-05:00,13.164999961853027,13.180000305175781,13.164999961853027,13.180000305175781,13.180000305175781,438
2024-01-16 13:15:00-05:00,13.164999961853027,13.170000076293945,13.149999618530273,13.149999618530273,13.149999618530273,1284
2024-01-16 13:20:00-05:00,13.164999961853027,13.164999961853027,13.149999618530273,13.149999618530273,13.149999618530273,436
2024-01-16 13:25:00-05:00,13.170000076293945,13.180000305175781,13.15999984741211,13.15999984741211,13.15999984741211,1208
2024-01-16 13:40:00-05:00,13.149999618530273,13.149999618530273,13.149999618530273,13.149999618530273,13.149999618530273,158
2024-01-16 13:45:00-05:00,13.140000343322754,13.140000343322754,13.140000343322754,13.140000343322754,13.140000343322754,304
2024-01-16 13:50:00-05:00,13.130000114440918,13.130000114440918,13.130000114440918,13.130000114440918,13.130000114440918,423
2024-01-16 13:55:00-05:00,13.13700008392334,13.149999618530273,13.13700008392334,13.149999618530273,13.149999618530273,855
2024-01-16 14:00:00-05:00,13.170000076293945,13.170000076293945,13.170000076293945,13.170000076293945,13.170000076293945,112
2024-01-16 14:05:00-05:00,13.140000343322754,13.140000343322754,13.130000114440918,13.140000343322754,13.140000343322754,816
2024-01-16 14:10:00-05:00,13.130000114440918,13.144200325012207,13.109999656677246,13.109999656677246,13.109999656677246,664
2024-01-16 14:15:00-05:00,13.109999656677246,13.109999656677246,13.100000381469727,13.100000381469727,13.100000381469727,939
2024-01-16 14:20:00-05:00,13.100000381469727,13.130000114440918,13.100000381469727,13.119999885559082,13.119999885559082,1131
2024-01-16 14:25:00-05:00,13.119999885559082,13.119999885559082,13.119999885559082,13.119999885559082,13.119999885559082,248
2024-01-16 14:30:00-05:00,13.109999656677246,13.135000228881836,13.109999656677246,13.135000228881836,13.135000228881836,1450
2024-01-16 14:35:00-05:00,13.125,13.125,13.125,13.125,13.125,219
2024-01-16 14:40:00-05:00,13.109999656677246,13.119999885559082,13.100000381469727,13.100000381469727,13.100000381469727,502
2024-01-16 14:45:00-05:00,13.104999542236328,13.109999656677246,13.100000381469727,13.109999656677246,13.109999656677246,429
2024-01-16 14:50:00-05:00,13.119999885559082,13.119999885559082,13.119999885559082,13.119999885559082,13.119999885559082,501
2024-01-16 15:00:00-05:00,13.109999656677246,13.109999656677246,13.109999656677246,13.109999656677246,13.109999656677246,491
2024-01-16 15:10:00-05:00,13.101699829101562,13.119999885559082,13.100000381469727,13.100000381469727,13.100000381469727,561
2024-01-16 15:15:00-05:00,13.100000381469727,13.100000381469727,13.100000381469727,13.100000381469727,13.100000381469727,718
2024-01-16 15:20:00-05:00,13.100000381469727,13.100000381469727,13.100000381469727,13.100000381469727,13.100000381469727,413
2024-01-16 15:25:00-05:00,13.095000267028809,13.109999656677246,13.095000267028809,13.109999656677246,13.109999656677246,417
2024-01-16 15:30:00-05:00,13.119999885559082,13.140000343322754,13.119999885559082,13.140000343322754,13.140000343322754,1221
2024-01-16 15:35:00-05:00,13.140000343322754,13.180000305175781,13.140000343322754,13.180000305175781,13.180000305175781,1458
2024-01-16 15:40:00-05:00,13.170000076293945,13.170000076293945,13.164999961853027,13.164999961853027,13.164999961853027,1298
2024-01-16 15:45:00-05:00,13.170000076293945,13.170000076293945,13.140000343322754,13.164999961853027,13.164999961853027,2514
2024-01-16 15:50:00-05:00,13.175000190734863,13.175000190734863,13.135000228881836,13.170000076293945,13.170000076293945,3049
2024-01-16 15:55:00-05:00,13.15999984741211,13.170000076293945,13.140000343322754,13.140000343322754,13.140000343322754,3566
2024-01-17 09:30:00-05:00,12.960000038146973,13.069999694824219,12.899999618530273,13.069999694824219,13.069999694824219,1981
2024-01-17 09:35:00-05:00,13.079999923706055,13.079999923706055,13.050000190734863,13.069999694824219,13.069999694824219,1317
2024-01-17 09:45:00-05:00,13.100000381469727,13.140000343322754,13.100000381469727,13.140000343322754,13.140000343322754,345
2024-01-17 09:50:00-05:00,13.140000343322754,13.149999618530273,13.140000343322754,13.149999618530273,13.149999618530273,243
2024-01-17 09:55:00-05:00,13.164999961853027,13.164999961853027,13.164999961853027,13.164999961853027,13.164999961853027,201
2024-01-17 10:00:00-05:00,13.1899995803833,13.279999732971191,13.1899995803833,13.279999732971191,13.279999732971191,765
2024-01-17 10:15:00-05:00,13.170000076293945,13.170000076293945,13.170000076293945,13.170000076293945,13.170000076293945,200
2024-01-17 10:20:00-05:00,13.140000343322754,13.140000343322754,13.140000343322754,13.140000343322754,13.140000343322754,209
2024-01-17 10:30:00-05:00,13.125,13.125,13.114999771118164,13.114999771118164,13.114999771118164,1009
2024-01-17 10:35:00-05:00,13.09000015258789,13.119999885559082,13.09000015258789,13.104999542236328,13.104999542236328,1087
2024-01-17 10:40:00-05:00,13.0600004196167,13.0600004196167,13.0600004196167,13.0600004196167,13.0600004196167,229
2024-01-17 10:50:00-05:00,13.079999923706055,13.079999923706055,13.079999923706055,13.079999923706055,13.079999923706055,1225
2024-01-17 11:00:00-05:00,13.09000015258789,13.109999656677246,13.09000015258789,13.109999656677246,13.109999656677246,921
2024-01-17 11:05:00-05:00,13.119999885559082,13.119999885559082,13.119999885559082,13.119999885559082,13.119999885559082,626
2024-01-17 11:15:00-05:00,13.09000015258789,13.09000015258789,13.09000015258789,13.09000015258789,13.09000015258789,123
2024-01-17 11:25:00-05:00,13.079999923706055,13.09000015258789,13.079999923706055,13.09000015258789,13.09000015258789,367
2024-01-17 11:30:00-05:00,13.079999923706055,13.079999923706055,13.079999923706055,13.079999923706055,13.079999923706055,1225
2024-01-17 11:35:00-05:00,13.100000381469727,13.100000381469727,13.09000015258789,13.09000015258789,13.09000015258789,460
2024-01-17 12:00:00-05:00,13.109999656677246,13.109999656677246,13.109999656677246,13.109999656677246,13.109999656677246,377
2024-01-17 12:25:00-05:00,13.069999694824219,13.069999694824219,13.069999694824219,13.069999694824219,13.069999694824219,233
2024-01-17 12:30:00-05:00,13.069999694824219,13.069999694824219,13.069999694824219,13.069999694824219,13.069999694824219,468
2024-01-17 12:35:00-05:00,13.09000015258789,13.09000015258789,13.079999923706055,13.079999923706055,13.079999923706055,410
2024-01-17 12:40:00-05:00,13.09000015258789,13.09000015258789,13.09000015258789,13.09000015258789,13.09000015258789,316
2024-01-17 12:55:00-05:00,13.100000381469727,13.109999656677246,13.09000015258789,13.09000015258789,13.09000015258789,445
2024-01-17 13:00:00-05:00,13.050000190734863,13.050000190734863,13.050000190734863,13.050000190734863,13.050000190734863,175
2024-01-17 13:20:00-05:00,13.039999961853027,13.039999961853027,13.039999961853027,13.039999961853027,13.039999961853027,204
2024-01-17 13:25:00-05:00,13.039999961853027,13.039999961853027,13.039999961853027,13.039999961853027,13.039999961853027,537
2024-01-17 13:40:00-05:00,13.039999961853027,13.039999961853027,13.039999961853027,13.039999961853027,13.039999961853027,455
2024-01-17 13:45:00-05:00,13.0600004196167,13.0600004196167,13.0600004196167,13.0600004196167,13.0600004196167,184
2024-01-17 13:55:00-05:00,13.09000015258789,13.095000267028809,13.09000015258789,13.09000015258789,13.09000015258789,791
2024-01-17 14:00:00-05:00,13.109999656677246,13.119999885559082,13.109999656677246,13.109999656677246,13.109999656677246,834
2024-01-17 14:05:00-05:00,13.09000015258789,13.100000381469727,13.085000038146973,13.100000381469727,13.100000381469727,686
2024-01-17 14:10:00-05:00,13.079999923706055,13.079999923706055,13.079999923706055,13.079999923706055,13.079999923706055,202
2024-01-17 14:15:00-05:00,13.069999694824219,13.069999694824219,13.069999694824219,13.069999694824219,13.069999694824219,710
2024-01-17 14:20:00-05:00,13.100000381469727,13.100000381469727,13.100000381469727,13.100000381469727,13.100000381469727,631
2024-01-17 14:25:00-05:00,13.100000381469727,13.100000381469727,13.100000381469727,13.100000381469727,13.100000381469727,129
2024-01-17 14:30:00-05:00,13.100000381469727,13.100000381469727,13.100000381469727,13.100000381469727,13.100000381469727,418
2024-01-17 14:40:00-05:00,13.079999923706055,13.079999923706055,13.079999923706055,13.079999923706055,13.079999923706055,345
2024-01-17 14:50:00-05:00,13.079999923706055,13.079999923706055,13.079999923706055,13.079999923706055,13.079999923706055,298
2024-01-17 14:55:00-05:00,13.069999694824219,13.069999694824219,13.069999694824219,13.069999694824219,13.069999694824219,222
2024-01-17 15:00:00-05:00,13.0600004196167,13.0600004196167,13.0600004196167,13.0600004196167,13.0600004196167,139
2024-01-17 15:05:00-05:00,13.079999923706055,13.079999923706055,13.079999923706055,13.079999923706055,13.079999923706055,533
2024-01-17 15:10:00-05:00,13.079999923706055,13.079999923706055,13.079999923706055,13.079999923706055,13.079999923706055,280
2024-01-17 15:15:00-05:00,13.09000015258789,13.09000015258789,13.09000015258789,13.09000015258789,13.09000015258789,373
2024-01-17 15:20:00-05:00,13.079999923706055,13.079999923706055,13.039999961853027,13.069999694824219,13.069999694824219,3833
2024-01-17 15:30:00-05:00,13.09000015258789,13.119999885559082,13.09000015258789,13.109999656677246,13.109999656677246,963
2024-01-17 15:35:00-05:00,13.130000114440918,13.140000343322754,13.130000114440918,13.140000343322754,13.140000343322754,1030
2024-01-17 15:40:00-05:00,13.140000343322754,13.140000343322754,13.140000343322754,13.140000343322754,13.140000343322754,215
2024-01-17 15:45:00-05:00,13.140000343322754,13.140000343322754,13.140000343322754,13.140000343322754,13.140000343322754,862
2024-01-17 15:50:00-05:00,13.140000343322754,13.15999984741211,13.140000343322754,13.15999984741211,13.15999984741211,2096
2024-01-17 15:55:00-05:00,13.15999984741211,13.170000076293945,13.15999984741211,13.15999984741211,13.15999984741211,3341
2024-01-18 09:30:00-05:00,13.229999542236328,13.229999542236328,13.229999542236328,13.229999542236328,13.229999542236328,372
2024-01-18 09:45:00-05:00,13.15999984741211,13.15999984741211,13.15999984741211,13.15999984741211,13.15999984741211,195
2024-01-18 09:50:00-05:00,13.180000305175781,13.180000305175781,13.180000305175781,13.180000305175781,13.180000305175781,198
2024-01-18 10:05:00-05:00,13.180000305175781,13.210000038146973,13.180000305175781,13.200599670410156,13.200599670410156,902
2024-01-18 10:10:00-05:00,13.239999771118164,13.25,13.239999771118164,13.25,13.25,972
2024-01-18 10:20:00-05:00,13.194999694824219,13.194999694824219,13.194999694824219,13.194999694824219,13.194999694824219,131
2024-01-18 10:30:00-05:00,13.199999809265137,13.199999809265137,13.199999809265137,13.199999809265137,13.199999809265137,116
2024-01-18 10:35:00-05:00,13.239999771118164,13.239999771118164,13.210000038146973,13.210000038146973,13.210000038146973,211
2024-01-18 10:40:00-05:00,13.229999542236328,13.25,13.220000267028809,13.25,13.25,1155
2024-01-18 10:50:00-05:00,13.170000076293945,13.170000076293945,13.15999984741211,13.15999984741211,13.15999984741211,370
2024-01-18 10:55:00-05:00,13.170000076293945,13.210000038146973,13.170000076293945,13.210000038146973,13.210000038146973,1040
2024-01-18 11:00:00-05:00,13.15999984741211,13.15999984741211,13.109999656677246,13.130000114440918,13.130000114440918,1921
2024-01-18 11:15:00-05:00,13.1899995803833,13.1899995803833,13.170000076293945,13.170000076293945,13.170000076293945,1061
2024-01-18 11:35:00-05:00,13.1899995803833,13.1899995803833,13.1899995803833,13.1899995803833,13.1899995803833,271
2024-01-18 11:40:00-05:00,13.180000305175781,13.180000305175781,13.180000305175781,13.180000305175781,13.180000305175781,529
2024-01-18 11:50:00-05:00,13.1899995803833,13.1899995803833,13.1899995803833,13.1899995803833,13.1899995803833,181
2024-01-18 11:55:00-05:00,13.1899995803833,13.1899995803833,13.140000343322754,13.140000343322754,13.140000343322754,4532
2024-01-18 12:00:00-05:00,13.140000343322754,13.15999984741211,13.140000343322754,13.154999732971191,13.154999732971191,1360
2024-01-18 12:10:00-05:00,13.140000343322754,13.149999618530273,13.119999885559082,13.149999618530273,13.149999618530273,1279
2024-01-18 12:15:00-05:00,13.130000114440918,13.130000114440918,13.130000114440918,13.130000114440918,13.130000114440918,509
2024-01-18 12:20:00-05:00,13.130000114440918,13.140000343322754,13.130000114440918,13.140000343322754,13.140000343322754,921
2024-01-18 12:40:00-05:00,13.130000114440918,13.130000114440918,13.130000114440918,13.130000114440918,13.130000114440918,149
2024-01-18 12:45:00-05:00,13.140000343322754,13.149999618530273,13.140000343322754,13.149999618530273,13.149999618530273,337
2024-01-18 12:50:00-05:00,13.149999618530273,13.149999618530273,13.140000343322754,13.140000343322754,13.140000343322754,873
2024-01-18 13:00:00-05:00,13.130000114440918,13.130000114440918,13.119999885559082,13.119999885559082,13.119999885559082,722
2024-01-18 13:05:00-05:00,13.130000114440918,13.130000114440918,13.130000114440918,13.130000114440918,13.130000114440918,230
2024-01-18 13:10:00-05:00,13.130000114440918,13.130000114440918,13.130000114440918,13.130000114440918,13.130000114440918,849
2024-01-18 13:15:00-05:00,13.140000343322754,13.140000343322754,13.140000343322754,13.140000343322754,13.140000343322754,492
2024-01-18 13:25:00-05:00,13.140000343322754,13.140000343322754,13.133000373840332,13.133000373840332,13.133000373840332,248
2024-01-18 13:30:00-05:00,13.15999984741211,13.15999984741211,13.15999984741211,13.15999984741211,13.15999984741211,750
2024-01-18 14:05:00-05:00,13.170000076293945,13.170000076293945,13.170000076293945,13.170000076293945,13.170000076293945,367
2024-01-18 14:10:00-05:00,13.194999694824219,13.194999694824219,13.180000305175781,13.180000305175781,13.180000305175781,942
2024-01-18 14:15:00-05:00,13.181099891662598,13.181099891662598,13.181099891662598,13.181099891662598,13.181099891662598,487
2024-01-18 14:20:00-05:00,13.1899995803833,13.1899995803833,13.1899995803833,13.1899995803833,13.1899995803833,239
2024-01-18 14:35:00-05:00,13.199999809265137,13.199999809265137,13.199999809265137,13.199999809265137,13.199999809265137,276
2024-01-18 14:40:00-05:00,13.1899995803833,13.1899995803833,13.180000305175781,13.180000305175781,13.180000305175781,626
2024-01-18 14:45:00-05:00,13.170000076293945,13.170000076293945,13.15999984741211,13.170000076293945,13.170000076293945,1099
2024-01-18 14:55:00-05:00,13.1899995803833,13.1899995803833,13.180000305175781,13.180000305175781,13.180000305175781,662
2024-01-18 15:05:00-05:00,13.180000305175781,13.180000305175781,13.180000305175781,13.180000305175781,13.180000305175781,183
2024-01-18 15:15:00-05:00,13.199999809265137,13.208499908447266,13.199999809265137,13.208499908447266,13.208499908447266,1674
2024-01-18 15:25:00-05:00,13.220000267028809,13.220000267028809,13.218500137329102,13.220000267028809,13.220000267028809,1025
2024-01-18 15:30:00-05:00,13.229999542236328,13.239999771118164,13.229999542236328,13.239999771118164,13.239999771118164,944
2024-01-18 15:35:00-05:00,13.25,13.25,13.244999885559082,13.25,13.25,1211
2024-01-18 15:40:00-05:00,13.239999771118164,13.239999771118164,13.21500015258789,13.229999542236328,13.229999542236328,3243
2024-01-18 15:45:00-05:00,13.229999542236328,13.229999542236328,13.229999542236328,13.229999542236328,13.229999542236328,463
2024-01-18 15:50:00-05:00,13.220000267028809,13.229999542236328,13.210000038146973,13.210000038146973,13.210000038146973,1462
2024-01-18 15:55:00-05:00,13.210000038146973,13.234999656677246,13.210000038146973,13.234999656677246,13.234999656677246,2441
2024-01-19 09:30:00-05:00,13.350000381469727,13.350000381469727,13.350000381469727,13.350000381469727,13.350000381469727,6633
2024-01-19 09:50:00-05:00,13.279999732971191,13.279999732971191,13.279999732971191,13.279999732971191,13.279999732971191,330
2024-01-19 10:05:00-05:00,13.1899995803833,13.1899995803833,13.1899995803833,13.1899995803833,13.1899995803833,551
2024-01-19 10:10:00-05:00,13.1899995803833,13.1899995803833,13.180000305175781,13.180000305175781,13.180000305175781,536
2024-01-19 10:20:00-05:00,13.170000076293945,13.170000076293945,13.149999618530273,13.15999984741211,13.15999984741211,715
2024-01-19 10:25:00-05:00,13.149999618530273,13.149999618530273,13.149999618530273,13.149999618530273,13.149999618530273,192
2024-01-19 10:30:00-05:00,13.130000114440918,13.130000114440918,13.109999656677246,13.130000114440918,13.130000114440918,1415
2024-01-19 10:35:00-05:00,13.119999885559082,13.119999885559082,13.119999885559082,13.119999885559082,13.119999885559082,358
2024-01-19 10:45:00-05:00,13.130000114440918,13.149999618530273,13.130000114440918,13.149999618530273,13.149999618530273,1403
2024-01-19 10:50:00-05:00,13.149999618530273,13.149999618530273,13.149999618530273,13.149999618530273,13.149999618530273,120
2024-01-19 10:55:00-05:00,13.180000305175781,13.21500015258789,13.180000305175781,13.21500015258789,13.21500015258789,1414
2024-01-19 11:00:00-05:00,13.199999809265137,13.229999542236328,13.199999809265137,13.229999542236328,13.229999542236328,1290
2024-01-19 11:05:00-05:00,13.244999885559082,13.260000228881836,13.229999542236328,13.260000228881836,13.260000228881836,1443
2024-01-19 11:10:00-05:00,13.25,13.25,13.239999771118164,13.239999771118164,13.239999771118164,614
2024-01-19 11:15:00-05:00,13.25,13.260000228881836,13.239999771118164,13.239999771118164,13.239999771118164,1347
2024-01-19 11:30:00-05:00,13.239999771118164,13.239999771118164,13.239999771118164,13.239999771118164,13.239999771118164,377
2024-01-19 11:35:00-05:00,13.239999771118164,13.239999771118164,13.239999771118164,13.239999771118164,13.239999771118164,4924
2024-01-19 11:45:00-05:00,13.210000038146973,13.229999542236328,13.210000038146973,13.229999542236328,13.229999542236328,630
2024-01-19 11:55:00-05:00,13.239999771118164,13.244999885559082,13.239999771118164,13.239999771118164,13.239999771118164,926
2024-01-19 12:00:00-05:00,13.25,13.25,13.25,13.25,13.25,349
2024-01-19 12:10:00-05:00,13.279999732971191,13.279999732971191,13.279999732971191,13.279999732971191,13.279999732971191,415
2024-01-19 12:30:00-05:00,13.324999809265137,13.34000015258789,13.319999694824219,13.319999694824219,13.319999694824219,5452
2024-01-19 12:35:00-05:00,13.3100004196167,13.319000244140625,13.28499984741211,13.28499984741211,13.28499984741211,4289
2024-01-19 12:40:00-05:00,13.270000457763672,13.270000457763672,13.25,13.25,13.25,3262
2024-01-19 12:45:00-05:00,13.270000457763672,13.319999694824219,13.25,13.319999694824219,13.319999694824219,5193
2024-01-19 12:55:00-05:00,13.329999923706055,13.350000381469727,13.329999923706055,13.350000381469727,13.350000381469727,1091
2024-01-19 13:00:00-05:00,13.329999923706055,13.329999923706055,13.289999961853027,13.289999961853027,13.289999961853027,954
2024-01-19 13:05:00-05:00,13.300000190734863,13.300000190734863,13.300000190734863,13.300000190734863,13.300000190734863,250
2024-01-19 13:15:00-05:00,13.34000015258789,13.34000015258789,13.34000015258789,13.34000015258789,13.34000015258789,799
2024-01-19 13:20:00-05:00,13.34000015258789,13.34000015258789,13.34000015258789,13.34000015258789,13.34000015258789,239
2024-01-19 13:30:00-05:00,13.399999618530273,13.399999618530273,13.399999618530273,13.399999618530273,13.399999618530273,454
2024-01-19 13:45:00-05:00,13.430000305175781,13.437999725341797,13.430000305175781,13.437999725341797,13.437999725341797,1527
2024-01-19 13:55:00-05:00,13.449999809265137,13.460000038146973,13.449999809265137,13.460000038146973,13.460000038146973,629
2024-01-19 14:00:00-05:00,13.4399995803833,13.4399995803833,13.40999984741211,13.4399995803833,13.4399995803833,2062
2024-01-19 14:05:00-05:00,13.470000267028809,13.470000267028809,13.470000267028809,13.470000267028809,13.470000267028809,352
2024-01-19 14:15:00-05:00,13.489999771118164,13.489999771118164,13.489999771118164,13.489999771118164,13.489999771118164,231
2024-01-19 14:25:00-05:00,13.5,13.520000457763672,13.489999771118164,13.494999885559082,13.494999885559082,2918
2024-01-19 14:30:00-05:00,13.479999542236328,13.479999542236328,13.479999542236328,13.479999542236328,13.479999542236328,222
2024-01-19 14:35:00-05:00,13.489999771118164,13.489999771118164,13.460000038146973,13.460000038146973,13.460000038146973,868
2024-01-19 14:45:00-05:00,13.479999542236328,13.479999542236328,13.470000267028809,13.470000267028809,13.470000267028809,768
2024-01-19 14:50:00-05:00,13.489999771118164,13.489999771118164,13.460000038146973,13.460000038146973,13.460000038146973,1445
2024-01-19 14:55:00-05:00,13.479999542236328,13.479999542236328,13.479999542236328,13.479999542236328,13.479999542236328,517
2024-01-19 15:05:00-05:00,13.475000381469727,13.475000381469727,13.470000267028809,13.470000267028809,13.470000267028809,386
2024-01-19 15:10:00-05:00,13.470000267028809,13.470000267028809,13.449999809265137,13.449999809265137,13.449999809265137,812
2024-01-19 15:15:00-05:00,13.460000038146973,13.460000038146973,13.460000038146973,13.460000038146973,13.460000038146973,279
2024-01-19 15:20:00-05:00,13.4399995803833,13.460000038146973,13.4399995803833,13.460000038146973,13.460000038146973,1420
2024-01-19 15:25:00-05:00,13.489999771118164,13.5,13.479999542236328,13.479999542236328,13.479999542236328,2084
2024-01-19 15:30:00-05:00,13.489999771118164,13.489999771118164,13.489999771118164,13.489999771118164,13.489999771118164,397
2024-01-19 15:35:00-05:00,13.489999771118164,13.489999771118164,13.479999542236328,13.489999771118164,13.489999771118164,1112
2024-01-19 15:40:00-05:00,13.489999771118164,13.5,13.484999656677246,13.489999771118164,13.489999771118164,773
2024-01-19 15:50:00-05:00,13.489999771118164,13.5,13.479999542236328,13.489999771118164,13.489999771118164,2909
2024-01-19 15:55:00-05:00,13.505000114440918,13.520000457763672,13.5,13.520000457763672,13.520000457763672,4961
2024-01-22 09:30:00-05:00,13.670000076293945,13.670000076293945,13.670000076293945,13.670000076293945,13.670000076293945,917
2024-01-22 09:40:00-05:00,13.680000305175781,13.699999809265137,13.680000305175781,13.699999809265137,13.699999809265137,234
2024-01-22 09:45:00-05:00,13.720000267028809,13.720000267028809,13.720000267028809,13.720000267028809,13.720000267028809,226
2024-01-22 09:55:00-05:00,13.819999694824219,13.819999694824219,13.789999961853027,13.789999961853027,13.789999961853027,399
2024-01-22 10:00:00-05:00,13.8100004196167,13.8100004196167,13.8100004196167,13.8100004196167,13.8100004196167,319
2024-01-22 10:05:00-05:00,13.789999961853027,13.789999961853027,13.720000267028809,13.720000267028809,13.720000267028809,1174
2024-01-22 10:25:00-05:00,13.760000228881836,13.8100004196167,13.760000228881836,13.8100004196167,13.8100004196167,1143
2024-01-22 10:35:00-05:00,13.760000228881836,13.760000228881836,13.760000228881836,13.760000228881836,13.760000228881836,314
2024-01-22 10:50:00-05:00,13.739999771118164,13.739999771118164,13.739999771118164,13.739999771118164,13.739999771118164,589
2024-01-22 11:00:00-05:00,13.720000267028809,13.720000267028809,13.720000267028809,13.720000267028809,13.720000267028809,348
2024-01-22 11:05:00-05:00,13.710000038146973,13.710000038146973,13.710000038146973,13.710000038146973,13.710000038146973,106
2024-01-22 11:10:00-05:00,13.720000267028809,13.720000267028809,13.720000267028809,13.720000267028809,13.720000267028809,153
2024-01-22 11:15:00-05:00,13.729999542236328,13.75,13.729999542236328,13.75,13.75,867
2024-01-22 11:20:00-05:00,13.739999771118164,13.739999771118164,13.739999771118164,13.739999771118164,13.739999771118164,1151
2024-01-22 11:40:00-05:00,13.770000457763672,13.770000457763672,13.770000457763672,13.770000457763672,13.770000457763672,985
2024-01-22 12:05:00-05:00,13.760000228881836,13.760000228881836,13.699999809265137,13.729999542236328,13.729999542236328,8873
2024-01-22 12:10:00-05:00,13.710000038146973,13.710000038146973,13.680000305175781,13.6899995803833,13.6899995803833,5558
2024-01-22 12:15:00-05:00,13.649999618530273,13.670000076293945,13.649999618530273,13.670000076293945,13.670000076293945,8870
2024-01-22 12:20:00-05:00,13.670000076293945,13.6899995803833,13.65999984741211,13.677499771118164,13.677499771118164,3132
2024-01-22 12:25:00-05:00,13.699999809265137,13.699999809265137,13.6899995803833,13.6899995803833,13.6899995803833,575
2024-01-22 12:30:00-05:00,13.680000305175781,13.680000305175781,13.670000076293945,13.670000076293945,13.670000076293945,805
2024-01-22 12:40:00-05:00,13.619999885559082,13.630000114440918,13.619999885559082,13.630000114440918,13.630000114440918,938
2024-01-22 12:45:00-05:00,13.619999885559082,13.619999885559082,13.619999885559082,13.619999885559082,13.619999885559082,593
2024-01-22 13:00:00-05:00,13.609999656677246,13.609999656677246,13.609999656677246,13.609999656677246,13.609999656677246,620
2024-01-22 13:10:00-05:00,13.624300003051758,13.624300003051758,13.624300003051758,13.624300003051758,13.624300003051758,738
2024-01-22 13:25:00-05:00,13.600000381469727,13.600000381469727,13.600000381469727,13.600000381469727,13.600000381469727,316
2024-01-22 13:35:00-05:00,13.619999885559082,13.619999885559082,13.619999885559082,13.619999885559082,13.619999885559082,190
2024-01-22 13:40:00-05:00,13.600000381469727,13.600000381469727,13.520000457763672,13.520000457763672,13.520000457763672,6868
2024-01-22 13:45:00-05:00,13.539999961853027,13.539999961853027,13.539999961853027,13.539999961853027,13.539999961853027,234
2024-01-22 13:50:00-05:00,13.579999923706055,13.579999923706055,13.510000228881836,13.510000228881836,13.510000228881836,4511
2024-01-22 14:00:00-05:00,13.529999732971191,13.529999732971191,13.529999732971191,13.529999732971191,13.529999732971191,1154
2024-01-22 14:05:00-05:00,13.539999961853027,13.539999961853027,13.539999961853027,13.539999961853027,13.539999961853027,888
2024-01-22 14:10:00-05:00,13.539999961853027,13.539999961853027,13.539999961853027,13.539999961853027,13.539999961853027,1281
2024-01-22 14:15:00-05:00,13.529999732971191,13.529999732971191,13.505000114440918,13.505000114440918,13.505000114440918,681
2024-01-22 14:20:00-05:00,13.5,13.5,13.489999771118164,13.5,13.5,3489
2024-01-22 14:25:00-05:00,13.5,13.5,13.5,13.5,13.5,2132
2024-01-22 14:30:00-05:00,13.5,13.510000228881836,13.5,13.5,13.5,8777
2024-01-22 14:40:00-05:00,13.529999732971191,13.529999732971191,13.529999732971191,13.529999732971191,13.529999732971191,776
2024-01-22 14:55:00-05:00,13.5600004196167,13.5600004196167,13.5600004196167,13.5600004196167,13.5600004196167,517
2024-01-22 15:00:00-05:00,13.539999961853027,13.545000076293945,13.539999961853027,13.539999961853027,13.539999961853027,1275
2024-01-22 15:05:00-05:00,13.520000457763672,13.520000457763672,13.510000228881836,13.510000228881836,13.510000228881836,2018
2024-01-22 15:10:00-05:00,13.510000228881836,13.510000228881836,13.510000228881836,13.510000228881836,13.510000228881836,2829
2024-01-22 15:15:00-05:00,13.510000228881836,13.510000228881836,13.510000228881836,13.510000228881836,13.510000228881836,3533
2024-01-22 15:20:00-05:00,13.550000190734863,13.550000190734863,13.550000190734863,13.550000190734863,13.550000190734863,574
2024-01-22 15:25:00-05:00,13.539999961853027,13.5600004196167,13.539999961853027,13.5600004196167,13.5600004196167,731
2024-01-22 15:30:00-05:00,13.579999923706055,13.579999923706055,13.579999923706055,13.579999923706055,13.579999923706055,653
2024-01-22 15:35:00-05:00,13.600000381469727,13.600000381469727,13.5600004196167,13.569999694824219,13.569999694824219,3316
2024-01-22 15:40:00-05:00,13.5600004196167,13.5600004196167,13.550000190734863,13.5600004196167,13.5600004196167,2391
2024-01-22 15:45:00-05:00,13.550000190734863,13.555000305175781,13.539999961853027,13.545000076293945,13.545000076293945,1149
2024-01-22 15:50:00-05:00,13.539999961853027,13.550000190734863,13.5,13.520000457763672,13.520000457763672,11029
2024-01-22 15:55:00-05:00,13.529999732971191,13.5600004196167,13.5,13.550000190734863,13.550000190734863,30263
2024-01-23 09:30:00-05:00,13.65999984741211,13.770000457763672,13.65999984741211,13.770000457763672,13.770000457763672,764
2024-01-23 09:35:00-05:00,13.675299644470215,13.675299644470215,13.675299644470215,13.675299644470215,13.675299644470215,299
2024-01-23 09:40:00-05:00,13.670000076293945,13.710000038146973,13.670000076293945,13.710000038146973,13.710000038146973,395
2024-01-23 09:45:00-05:00,13.630000114440918,13.649999618530273,13.630000114440918,13.649999618530273,13.649999618530273,640
2024-01-23 09:50:00-05:00,13.635000228881836,13.670000076293945,13.635000228881836,13.65999984741211,13.65999984741211,943
2024-01-23 09:55:00-05:00,13.680000305175781,13.680000305175781,13.680000305175781,13.680000305175781,13.680000305175781,343
2024-01-23 10:00:00-05:00,13.739999771118164,13.770000457763672,13.739999771118164,13.770000457763672,13.770000457763672,272
2024-01-23 10:05:00-05:00,13.710000038146973,13.710000038146973,13.710000038146973,13.710000038146973,13.710000038146973,442
2024-01-23 10:20:00-05:00,13.65999984741211,13.65999984741211,13.630000114440918,13.630000114440918,13.630000114440918,1074
2024-01-23 10:30:00-05:00,13.574999809265137,13.574999809265137,13.574999809265137,13.574999809265137,13.574999809265137,1447
2024-01-23 10:35:00-05:00,13.59000015258789,13.59000015258789,13.59000015258789,13.59000015258789,13.59000015258789,438
2024-01-23 10:45:00-05:00,13.550000190734863,13.59000015258789,13.550000190734863,13.59000015258789,13.59000015258789,1010
2024-01-23 10:50:00-05:00,13.569999694824219,13.569999694824219,13.569999694824219,13.569999694824219,13.569999694824219,601
2024-01-23 11:10:00-05:00,13.539999961853027,13.539999961853027,13.539999961853027,13.539999961853027,13.539999961853027,126
2024-01-23 11:15:00-05:00,13.59000015258789,13.59000015258789,13.59000015258789,13.59000015258789,13.59000015258789,177
2024-01-23 11:20:00-05:00,13.529999732971191,13.529999732971191,13.520000457763672,13.524999618530273,13.524999618530273,917
2024-01-23 11:30:00-05:00,13.520000457763672,13.520000457763672,13.520000457763672,13.520000457763672,13.520000457763672,0
2024-01-23 11:40:00-05:00,13.460000038146973,13.550000190734863,13.460000038146973,13.550000190734863,13.550000190734863,13670
2024-01-23 11:50:00-05:00,13.505000114440918,13.505000114440918,13.479999542236328,13.49120044708252,13.49120044708252,2724
2024-01-23 11:55:00-05:00,13.529999732971191,13.529999732971191,13.529999732971191,13.529999732971191,13.529999732971191,491
2024-01-23 12:00:00-05:00,13.550000190734863,13.550000190734863,13.550000190734863,13.550000190734863,13.550000190734863,517
2024-01-23 12:05:00-05:00,13.550000190734863,13.550000190734863,13.550000190734863,13.550000190734863,13.550000190734863,998
2024-01-23 12:15:00-05:00,13.5600004196167,13.569999694824219,13.5600004196167,13.5600004196167,13.5600004196167,1423
2024-01-23 12:30:00-05:00,13.5600004196167,13.5600004196167,13.5600004196167,13.5600004196167,13.5600004196167,552
2024-01-23 12:35:00-05:00,13.568099975585938,13.568099975585938,13.568099975585938,13.568099975585938,13.568099975585938,1508
2024-01-23 12:55:00-05:00,13.579999923706055,13.579999923706055,13.579999923706055,13.579999923706055,13.579999923706055,462
2024-01-23 13:10:00-05:00,13.600000381469727,13.600000381469727,13.600000381469727,13.600000381469727,13.600000381469727,276
2024-01-23 13:15:00-05:00,13.600000381469727,13.600000381469727,13.600000381469727,13.600000381469727,13.600000381469727,413
2024-01-23 13:30:00-05:00,13.59000015258789,13.600000381469727,13.59000015258789,13.600000381469727,13.600000381469727,1194
2024-01-23 13:35:00-05:00,13.614999771118164,13.630000114440918,13.614999771118164,13.630000114440918,13.630000114440918,371
2024-01-23 13:40:00-05:00,13.630000114440918,13.640000343322754,13.630000114440918,13.630000114440918,13.630000114440918,769
2024-01-23 13:45:00-05:00,13.640000343322754,13.654999732971191,13.640000343322754,13.654999732971191,13.654999732971191,620
2024-01-23 13:50:00-05:00,13.670000076293945,13.670000076293945,13.670000076293945,13.670000076293945,13.670000076293945,151
2024-01-23 13:55:00-05:00,13.649999618530273,13.650099754333496,13.640000343322754,13.645000457763672,13.645000457763672,1901
2024-01-23 14:10:00-05:00,13.670000076293945,13.670000076293945,13.65999984741211,13.670000076293945,13.670000076293945,1615
2024-01-23 14:20:00-05:00,13.670000076293945,13.670000076293945,13.670000076293945,13.670000076293945,13.670000076293945,377
2024-01-23 14:30:00-05:00,13.670000076293945,13.670000076293945,13.670000076293945,13.670000076293945,13.670000076293945,100
2024-01-23 14:35:00-05:00,13.65999984741211,13.65999984741211,13.65999984741211,13.65999984741211,13.65999984741211,381
2024-01-23 14:40:00-05:00,13.65999984741211,13.65999984741211,13.65999984741211,13.65999984741211,13.65999984741211,762
2024-01-23 14:45:00-05:00,13.6899995803833,13.694999694824219,13.6899995803833,13.694999694824219,13.694999694824219,857
2024-01-23 14:50:00-05:00,13.694999694824219,13.694999694824219,13.694999694824219,13.694999694824219,13.694999694824219,315
2024-01-23 14:55:00-05:00,13.694999694824219,13.694999694824219,13.694999694824219,13.694999694824219,13.694999694824219,129
2024-01-23 15:00:00-05:00,13.694999694824219,13.710000038146973,13.680000305175781,13.680000305175781,13.680000305175781,627
2024-01-23 15:05:00-05:00,13.6850004196167,13.6850004196167,13.6850004196167,13.6850004196167,13.6850004196167,483
2024-01-23 15:10:00-05:00,13.699999809265137,13.729999542236328,13.699999809265137,13.729999542236328,13.729999542236328,1232
2024-01-23 15:15:00-05:00,13.710000038146973,13.710000038146973,13.699999809265137,13.699999809265137,13.699999809265137,977
2024-01-23 15:20:00-05:00,13.720000267028809,13.720000267028809,13.640000343322754,13.640000343322754,13.640000343322754,1582
2024-01-23 15:25:00-05:00,13.65999984741211,13.65999984741211,13.65999984741211,13.65999984741211,13.65999984741211,556
2024-01-23 15:30:00-05:00,13.619999885559082,13.619999885559082,13.59000015258789,13.59000015258789,13.59000015258789,2045
2024-01-23 15:35:00-05:00,13.600000381469727,13.609999656677246,13.600000381469727,13.609999656677246,13.609999656677246,3221
2024-01-23 15:40:00-05:00,13.614999771118164,13.65999984741211,13.614999771118164,13.640000343322754,13.640000343322754,2406
2024-01-23 15:45:00-05:00,13.635000228881836,13.635000228881836,13.619999885559082,13.635000228881836,13.635000228881836,437
2024-01-23 15:50:00-05:00,13.619999885559082,13.670000076293945,13.619999885559082,13.65999984741211,13.65999984741211,4006
2024-01-23 15:55:00-05:00,13.640000343322754,13.65999984741211,13.630000114440918,13.65999984741211,13.65999984741211,7111
2024-01-24 09:30:00-05:00,14.0,14.100000381469727,13.949999809265137,14.100000381469727,14.100000381469727,5505
2024-01-24 09:35:00-05:00,14.34000015258789,14.40999984741211,14.34000015258789,14.40999984741211,14.40999984741211,1341
2024-01-24 09:40:00-05:00,14.380000114440918,14.4399995803833,14.329999923706055,14.329999923706055,14.329999923706055,1325
2024-01-24 09:45:00-05:00,14.300000190734863,14.390000343322754,14.300000190734863,14.380000114440918,14.380000114440918,696
2024-01-24 09:50:00-05:00,14.420000076293945,14.4350004196167,14.390000343322754,14.4350004196167,14.4350004196167,2266
2024-01-24 09:55:00-05:00,14.399999618530273,14.399999618530273,14.399999618530273,14.399999618530273,14.399999618530273,794
2024-01-24 10:00:00-05:00,14.399999618530273,14.399999618530273,14.399999618530273,14.399999618530273,14.399999618530273,843
2024-01-24 10:05:00-05:00,14.329999923706055,14.34000015258789,14.319999694824219,14.34000015258789,14.34000015258789,1197
2024-01-24 10:15:00-05:00,14.449999809265137,14.449999809265137,14.4399995803833,14.4399995803833,14.4399995803833,1107
2024-01-24 10:20:00-05:00,14.390000343322754,14.390000343322754,14.329999923706055,14.329999923706055,14.329999923706055,412
2024-01-24 10:25:00-05:00,14.3100004196167,14.3100004196167,14.25,14.289999961853027,14.289999961853027,2367
2024-01-24 10:30:00-05:00,14.270000457763672,14.300000190734863,14.270000457763672,14.29800033569336,14.29800033569336,683
2024-01-24 10:35:00-05:00,14.359999656677246,14.375,14.359999656677246,14.375,14.375,712
2024-01-24 10:45:00-05:00,14.470000267028809,14.470000267028809,14.470000267028809,14.470000267028809,14.470000267028809,423
2024-01-24 10:55:00-05:00,14.470000267028809,14.470000267028809,14.40999984741211,14.40999984741211,14.40999984741211,2199
2024-01-24 11:05:00-05:00,14.420100212097168,14.420100212097168,14.40999984741211,14.40999984741211,14.40999984741211,1598
2024-01-24 11:15:00-05:00,14.380000114440918,14.380000114440918,14.380000114440918,14.380000114440918,14.380000114440918,311
2024-01-24 11:20:00-05:00,14.399999618530273,14.449999809265137,14.399999618530273,14.449999809265137,14.449999809265137,2096
2024-01-24 11:25:00-05:00,14.430000305175781,14.430000305175781,14.430000305175781,14.430000305175781,14.430000305175781,154
2024-01-24 11:30:00-05:00,14.435999870300293,14.4399995803833,14.435999870300293,14.4399995803833,14.4399995803833,545
2024-01-24 11:40:00-05:00,14.470000267028809,14.470000267028809,14.470000267028809,14.470000267028809,14.470000267028809,208
2024-01-24 11:45:00-05:00,14.449999809265137,14.449999809265137,14.449999809265137,14.449999809265137,14.449999809265137,254
2024-01-24 11:55:00-05:00,14.430000305175781,14.430000305175781,14.430000305175781,14.430000305175781,14.430000305175781,501
2024-01-24 12:00:00-05:00,14.359999656677246,14.359999656677246,14.359999656677246,14.359999656677246,14.359999656677246,1185
2024-01-24 12:05:00-05:00,14.34000015258789,14.34000015258789,14.329999923706055,14.34000015258789,14.34000015258789,793
2024-01-24 12:10:00-05:00,14.350000381469727,14.350000381469727,14.319999694824219,14.319999694824219,14.319999694824219,604
2024-01-24 12:15:00-05:00,14.3100004196167,14.3100004196167,14.289999961853027,14.289999961853027,14.289999961853027,804
2024-01-24 12:20:00-05:00,14.25,14.25,14.239999771118164,14.239999771118164,14.239999771118164,958
2024-01-24 12:25:00-05:00,14.25,14.260000228881836,14.25,14.25,14.25,1692
2024-01-24 12:35:00-05:00,14.25,14.270000457763672,14.25,14.270000457763672,14.270000457763672,1401
2024-01-24 12:45:00-05:00,14.270000457763672,14.270000457763672,14.270000457763672,14.270000457763672,14.270000457763672,210
2024-01-24 12:50:00-05:00,14.260000228881836,14.260000228881836,14.220000267028809,14.260000228881836,14.260000228881836,2459
2024-01-24 12:55:00-05:00,14.270000457763672,14.270000457763672,14.260000228881836,14.260000228881836,14.260000228881836,574
2024-01-24 13:00:00-05:00,14.229999542236328,14.229999542236328,14.229999542236328,14.229999542236328,14.229999542236328,151
2024-01-24 13:05:00-05:00,14.220000267028809,14.220000267028809,14.220000267028809,14.220000267028809,14.220000267028809,289
2024-01-24 13:10:00-05:00,14.220000267028809,14.220000267028809,14.210000038146973,14.210000038146973,14.210000038146973,1081
2024-01-24 13:15:00-05:00,14.180000305175781,14.180000305175781,14.180000305175781,14.180000305175781,14.180000305175781,1131
2024-01-24 13:20:00-05:00,14.170000076293945,14.170000076293945,14.15999984741211,14.15999984741211,14.15999984741211,907
2024-01-24 13:25:00-05:00,14.180000305175781,14.1899995803833,14.180000305175781,14.1899995803833,14.1899995803833,813
2024-01-24 13:35:00-05:00,14.180000305175781,14.180000305175781,14.154999732971191,14.180000305175781,14.180000305175781,1986
2024-01-24 13:40:00-05:00,14.1899995803833,14.210000038146973,14.1899995803833,14.210000038146973,14.210000038146973,523
2024-01-24 13:45:00-05:00,14.229999542236328,14.25,14.199999809265137,14.25,14.25,4006
2024-01-24 13:50:00-05:00,14.274999618530273,14.274999618530273,14.274999618530273,14.274999618530273,14.274999618530273,120
2024-01-24 13:55:00-05:00,14.270000457763672,14.289999961853027,14.267000198364258,14.267000198364258,14.267000198364258,635
2024-01-24 14:00:00-05:00,14.25,14.270000457763672,14.239999771118164,14.239999771118164,14.239999771118164,2396
2024-01-24 14:05:00-05:00,14.229999542236328,14.234999656677246,14.220000267028809,14.234999656677246,14.234999656677246,2227
2024-01-24 14:10:00-05:00,14.229999542236328,14.25,14.220000267028809,14.220000267028809,14.220000267028809,3310
2024-01-24 14:15:00-05:00,14.21500015258789,14.239999771118164,14.21500015258789,14.239999771118164,14.239999771118164,786
2024-01-24 14:20:00-05:00,14.229999542236328,14.229999542236328,14.1899995803833,14.210000038146973,14.210000038146973,1363
2024-01-24 14:25:00-05:00,14.1899995803833,14.229999542236328,14.1899995803833,14.229999542236328,14.229999542236328,1162
2024-01-24 14:30:00-05:00,14.229999542236328,14.25,14.229999542236328,14.25,14.25,1502
2024-01-24 14:35:00-05:00,14.279999732971191,14.279999732971191,14.279999732971191,14.279999732971191,14.279999732971191,125
2024-01-24 14:40:00-05:00,14.289999961853027,14.3100004196167,14.289999961853027,14.3100004196167,14.3100004196167,1524
2024-01-24 14:45:00-05:00,14.329999923706055,14.350000381469727,14.329999923706055,14.350000381469727,14.350000381469727,1073
2024-01-24 14:50:00-05:00,14.350000381469727,14.359999656677246,14.350000381469727,14.359999656677246,14.359999656677246,1542
2024-01-24 14:55:00-05:00,14.350000381469727,14.350000381469727,14.335000038146973,14.34000015258789,14.34000015258789,1925
2024-01-24 15:00:00-05:00,14.350000381469727,14.350000381469727,14.34000015258789,14.34000015258789,14.34000015258789,515
2024-01-24 15:05:00-05:00,14.34000015258789,14.34000015258789,14.329999923706055,14.329999923706055,14.329999923706055,1489
2024-01-24 15:10:00-05:00,14.289999961853027,14.300000190734863,14.289999961853027,14.300000190734863,14.300000190734863,1258
2024-01-24 15:15:00-05:00,14.279999732971191,14.300000190734863,14.279999732971191,14.300000190734863,14.300000190734863,484
2024-01-24 15:20:00-05:00,14.279999732971191,14.289999961853027,14.270000457763672,14.289999961853027,14.289999961853027,2486
2024-01-24 15:25:00-05:00,14.289999961853027,14.289999961853027,14.220000267028809,14.220000267028809,14.220000267028809,3941
2024-01-24 15:30:00-05:00,14.229999542236328,14.229999542236328,14.199999809265137,14.21500015258789,14.21500015258789,2829
2024-01-24 15:35:00-05:00,14.21500015258789,14.255000114440918,14.21500015258789,14.234999656677246,14.234999656677246,4487
2024-01-24 15:40:00-05:00,14.229999542236328,14.255000114440918,14.229999542236328,14.25,14.25,1507
2024-01-24 15:45:00-05:00,14.255000114440918,14.265000343322754,14.25,14.265000343322754,14.265000343322754,3721
2024-01-24 15:50:00-05:00,14.260000228881836,14.279999732971191,14.229999542236328,14.279999732971191,14.279999732971191,5506
2024-01-24 15:55:00-05:00,14.279999732971191,14.34000015258789,14.279999732971191,14.3100004196167,14.3100004196167,12305
2024-01-25 09:30:00-05:00,14.5,14.5,14.3100004196167,14.3100004196167,14.3100004196167,1569
2024-01-25 09:35:00-05:00,14.5,14.579999923706055,14.489999771118164,14.489999771118164,14.489999771118164,2489
2024-01-25 09:40:00-05:00,14.489999771118164,14.489999771118164,14.470000267028809,14.470000267028809,14.470000267028809,1155
2024-01-25 09:55:00-05:00,14.279999732971191,14.279999732971191,14.279999732971191,14.279999732971191,14.279999732971191,155
2024-01-25 10:00:00-05:00,14.149999618530273,14.194999694824219,14.149999618530273,14.194999694824219,14.194999694824219,416
2024-01-25 10:05:00-05:00,14.170000076293945,14.170000076293945,14.170000076293945,14.170000076293945,14.170000076293945,206
2024-01-25 10:10:00-05:00,14.220000267028809,14.229999542236328,14.210000038146973,14.229999542236328,14.229999542236328,1794
2024-01-25 10:15:00-05:00,14.279999732971191,14.279999732971191,14.220000267028809,14.260000228881836,14.260000228881836,1197
2024-01-25 10:30:00-05:00,14.319999694824219,14.319999694824219,14.175000190734863,14.175000190734863,14.175000190734863,1072
2024-01-25 10:35:00-05:00,14.140000343322754,14.140000343322754,14.130000114440918,14.130000114440918,14.130000114440918,253
2024-01-25 10:45:00-05:00,14.199999809265137,14.199999809265137,14.199999809265137,14.199999809265137,14.199999809265137,529
2024-01-25 10:50:00-05:00,14.15999984741211,14.15999984741211,14.15999984741211,14.15999984741211,14.15999984741211,378
2024-01-25 11:05:00-05:00,14.180000305175781,14.180000305175781,14.180000305175781,14.180000305175781,14.180000305175781,712
2024-01-25 11:20:00-05:00,14.109999656677246,14.109999656677246,14.109999656677246,14.109999656677246,14.109999656677246,784
2024-01-25 11:25:00-05:00,14.170000076293945,14.170000076293945,14.170000076293945,14.170000076293945,14.170000076293945,563
2024-01-25 11:40:00-05:00,14.130000114440918,14.130000114440918,14.130000114440918,14.130000114440918,14.130000114440918,698
2024-01-25 11:50:00-05:00,14.149999618530273,14.149999618530273,14.119999885559082,14.119999885559082,14.119999885559082,375
2024-01-25 12:05:00-05:00,14.119999885559082,14.119999885559082,14.119999885559082,14.119999885559082,14.119999885559082,490
2024-01-25 12:10:00-05:00,14.0600004196167,14.0600004196167,14.0600004196167,14.0600004196167,14.0600004196167,193
2024-01-25 12:20:00-05:00,14.119999885559082,14.119999885559082,14.119999885559082,14.119999885559082,14.119999885559082,437
2024-01-25 12:30:00-05:00,14.100000381469727,14.100000381469727,14.100000381469727,14.100000381469727,14.100000381469727,429
2024-01-25 12:55:00-05:00,14.09000015258789,14.09000015258789,14.09000015258789,14.09000015258789,14.09000015258789,123
2024-01-25 13:00:00-05:00,14.130000114440918,14.170000076293945,14.130000114440918,14.149999618530273,14.149999618530273,1036
2024-01-25 13:05:00-05:00,14.1899995803833,14.1899995803833,14.1899995803833,14.1899995803833,14.1899995803833,119
2024-01-25 13:10:00-05:00,14.210000038146973,14.210000038146973,14.210000038146973,14.210000038146973,14.210000038146973,515
2024-01-25 13:15:00-05:00,14.1899995803833,14.1899995803833,14.1899995803833,14.1899995803833,14.1899995803833,234
2024-01-25 13:25:00-05:00,14.170000076293945,14.170000076293945,14.170000076293945,14.170000076293945,14.170000076293945,369
2024-01-25 13:30:00-05:00,14.170000076293945,14.170000076293945,14.15999984741211,14.15999984741211,14.15999984741211,581
2024-01-25 13:35:00-05:00,14.15999984741211,14.15999984741211,14.15999984741211,14.15999984741211,14.15999984741211,162
2024-01-25 13:40:00-05:00,14.180000305175781,14.180000305175781,14.180000305175781,14.180000305175781,14.180000305175781,365
2024-01-25 13:50:00-05:00,14.170000076293945,14.170000076293945,14.170000076293945,14.170000076293945,14.170000076293945,191
2024-01-25 13:55:00-05:00,14.170000076293945,14.170100212097168,14.170000076293945,14.170000076293945,14.170000076293945,1200
2024-01-25 14:00:00-05:00,14.170000076293945,14.170000076293945,14.149999618530273,14.149999618530273,14.149999618530273,1123
2024-01-25 14:05:00-05:00,14.149999618530273,14.149999618530273,14.100000381469727,14.100000381469727,14.100000381469727,2323
2024-01-25 14:10:00-05:00,14.15999984741211,14.180000305175781,14.149999618530273,14.180000305175781,14.180000305175781,630
2024-01-25 14:15:00-05:00,14.180000305175781,14.180000305175781,14.180000305175781,14.180000305175781,14.180000305175781,662
2024-01-25 14:25:00-05:00,14.180000305175781,14.180000305175781,14.180000305175781,14.180000305175781,14.180000305175781,910
2024-01-25 14:35:00-05:00,14.210000038146973,14.210000038146973,14.15999984741211,14.15999984741211,14.15999984741211,1778
2024-01-25 14:40:00-05:00,14.15999984741211,14.1899995803833,14.149999618530273,14.149999618530273,14.149999618530273,957
2024-01-25 14:45:00-05:00,14.150699615478516,14.150699615478516,14.149999618530273,14.149999618530273,14.149999618530273,433
2024-01-25 14:50:00-05:00,14.149999618530273,14.149999618530273,14.149999618530273,14.149999618530273,14.149999618530273,308
2024-01-25 14:55:00-05:00,14.149999618530273,14.149999618530273,14.149999618530273,14.149999618530273,14.149999618530273,390
2024-01-25 15:05:00-05:00,14.170000076293945,14.170000076293945,14.149999618530273,14.149999618530273,14.149999618530273,397
2024-01-25 15:10:00-05:00,14.170000076293945,14.170000076293945,14.149999618530273,14.149999618530273,14.149999618530273,1128
2024-01-25 15:20:00-05:00,14.149999618530273,14.15999984741211,14.149999618530273,14.15999984741211,14.15999984741211,1505
2024-01-25 15:30:00-05:00,14.220000267028809,14.239999771118164,14.199999809265137,14.199999809265137,14.199999809265137,2083
2024-01-25 15:35:00-05:00,14.180000305175781,14.180000305175781,14.175000190734863,14.175000190734863,14.175000190734863,1304
2024-01-25 15:40:00-05:00,14.175000190734863,14.175000190734863,14.175000190734863,14.175000190734863,14.175000190734863,228
2024-01-25 15:45:00-05:00,14.15999984741211,14.177499771118164,14.15999984741211,14.15999984741211,14.15999984741211,995
2024-01-25 15:50:00-05:00,14.1899995803833,14.220000267028809,14.149999618530273,14.15999984741211,14.15999984741211,5967
2024-01-25 15:55:00-05:00,14.149999618530273,14.199999809265137,14.140000343322754,14.199999809265137,14.199999809265137,10714
2024-01-26 09:30:00-05:00,14.329999923706055,14.329999923706055,14.270000457763672,14.270000457763672,14.270000457763672,1702
2024-01-26 09:40:00-05:00,14.380000114440918,14.380000114440918,14.380000114440918,14.380000114440918,14.380000114440918,209
2024-01-26 09:45:00-05:00,14.329999923706055,14.329999923706055,14.239999771118164,14.28499984741211,14.28499984741211,453
2024-01-26 10:00:00-05:00,14.260000228881836,14.300000190734863,14.260000228881836,14.300000190734863,14.300000190734863,465
2024-01-26 10:05:00-05:00,14.260000228881836,14.260000228881836,14.260000228881836,14.260000228881836,14.260000228881836,182
2024-01-26 10:10:00-05:00,14.229999542236328,14.229999542236328,14.229999542236328,14.229999542236328,14.229999542236328,461
2024-01-26 10:15:00-05:00,14.25,14.25,14.25,14.25,14.25,237
2024-01-26 10:25:00-05:00,14.25,14.25,14.25,14.25,14.25,118
2024-01-26 10:30:00-05:00,14.229999542236328,14.229999542236328,14.220000267028809,14.220000267028809,14.220000267028809,234
2024-01-26 10:35:00-05:00,14.25,14.25,14.25,14.25,14.25,1181
2024-01-26 10:40:00-05:00,14.329999923706055,14.329999923706055,14.329999923706055,14.329999923706055,14.329999923706055,432
2024-01-26 10:50:00-05:00,14.329999923706055,14.329999923706055,14.329999923706055,14.329999923706055,14.329999923706055,666
2024-01-26 11:00:00-05:00,14.300000190734863,14.300000190734863,14.300000190734863,14.300000190734863,14.300000190734863,250
2024-01-26 11:15:00-05:00,14.289999961853027,14.303199768066406,14.25,14.289999961853027,14.289999961853027,1868
2024-01-26 11:25:00-05:00,14.279999732971191,14.280099868774414,14.279999732971191,14.280099868774414,14.280099868774414,354
2024-01-26 11:30:00-05:00,14.3100004196167,14.313300132751465,14.3100004196167,14.313300132751465,14.313300132751465,310
2024-01-26 11:35:00-05:00,14.289999961853027,14.292699813842773,14.279999732971191,14.292699813842773,14.292699813842773,945
2024-01-26 11:40:00-05:00,14.289999961853027,14.3100004196167,14.289999961853027,14.3100004196167,14.3100004196167,719
2024-01-26 11:45:00-05:00,14.300000190734863,14.300000190734863,14.300000190734863,14.300000190734863,14.300000190734863,522
2024-01-26 12:00:00-05:00,14.300000190734863,14.300000190734863,14.300000190734863,14.300000190734863,14.300000190734863,167
2024-01-26 12:05:00-05:00,14.279999732971191,14.279999732971191,14.25,14.25,14.25,426
2024-01-26 12:15:00-05:00,14.295000076293945,14.295000076293945,14.289999961853027,14.289999961853027,14.289999961853027,390
2024-01-26 12:20:00-05:00,14.289999961853027,14.289999961853027,14.289999961853027,14.289999961853027,14.289999961853027,221
2024-01-26 12:30:00-05:00,14.28499984741211,14.28499984741211,14.28499984741211,14.28499984741211,14.28499984741211,232
2024-01-26 12:35:00-05:00,14.270000457763672,14.270000457763672,14.220000267028809,14.220000267028809,14.220000267028809,563
2024-01-26 12:45:00-05:00,14.199999809265137,14.199999809265137,14.199999809265137,14.199999809265137,14.199999809265137,333
2024-01-26 13:00:00-05:00,14.199999809265137,14.199999809265137,14.199999809265137,14.199999809265137,14.199999809265137,182
2024-01-26 13:05:00-05:00,14.1899995803833,14.239999771118164,14.1899995803833,14.239999771118164,14.239999771118164,814
2024-01-26 13:10:00-05:00,14.239999771118164,14.239999771118164,14.239999771118164,14.239999771118164,14.239999771118164,109
2024-01-26 13:20:00-05:00,14.239999771118164,14.239999771118164,14.239999771118164,14.239999771118164,14.239999771118164,158
2024-01-26 13:25:00-05:00,14.239999771118164,14.239999771118164,14.239999771118164,14.239999771118164,14.239999771118164,337
2024-01-26 13:40:00-05:00,14.220000267028809,14.220000267028809,14.210000038146973,14.210000038146973,14.210000038146973,621
2024-01-26 13:45:00-05:00,14.199999809265137,14.199999809265137,14.199999809265137,14.199999809265137,14.199999809265137,406
2024-01-26 14:05:00-05:00,14.22350025177002,14.25,14.22350025177002,14.25,14.25,2926
2024-01-26 14:10:00-05:00,14.260000228881836,14.279999732971191,14.25,14.279999732971191,14.279999732971191,738
2024-01-26 14:15:00-05:00,14.274999618530273,14.274999618530273,14.270000457763672,14.270000457763672,14.270000457763672,373
2024-01-26 14:20:00-05:00,14.270000457763672,14.270000457763672,14.25,14.25,14.25,1753
2024-01-26 14:25:00-05:00,14.279999732971191,14.279999732971191,14.279999732971191,14.279999732971191,14.279999732971191,168
2024-01-26 14:30:00-05:00,14.3100004196167,14.3100004196167,14.3100004196167,14.3100004196167,14.3100004196167,112
2024-01-26 14:40:00-05:00,14.300000190734863,14.300000190734863,14.279999732971191,14.300000190734863,14.300000190734863,1480
2024-01-26 14:55:00-05:00,14.270000457763672,14.300000190734863,14.270000457763672,14.274999618530273,14.274999618530273,644
2024-01-26 15:05:00-05:00,14.300000190734863,14.300000190734863,14.300000190734863,14.300000190734863,14.300000190734863,504
2024-01-26 15:10:00-05:00,14.28499984741211,14.300000190734863,14.270000457763672,14.270000457763672,14.270000457763672,732
2024-01-26 15:15:00-05:00,14.289999961853027,14.289999961853027,14.289999961853027,14.289999961853027,14.289999961853027,488
2024-01-26 15:25:00-05:00,14.260000228881836,14.260100364685059,14.210000038146973,14.210000038146973,14.210000038146973,11570
2024-01-26 15:30:00-05:00,14.220000267028809,14.25,14.220000267028809,14.25,14.25,494
2024-01-26 15:35:00-05:00,14.270000457763672,14.279999732971191,14.270000457763672,14.270000457763672,14.270000457763672,2197
2024-01-26 15:40:00-05:00,14.270000457763672,14.289999961853027,14.270000457763672,14.289999961853027,14.289999961853027,651
2024-01-26 15:45:00-05:00,14.300000190734863,14.300000190734863,14.270000457763672,14.270000457763672,14.270000457763672,2179
2024-01-26 15:50:00-05:00,14.270000457763672,14.300000190734863,14.260000228881836,14.289999961853027,14.289999961853027,2689
2024-01-26 15:55:00-05:00,14.289999961853027,14.300000190734863,14.25,14.270000457763672,14.270000457763672,8522
2024-01-29 09:30:00-05:00,14.210000038146973,14.244999885559082,14.150099754333496,14.150099754333496,14.150099754333496,6917
2024-01-29 09:35:00-05:00,14.1899995803833,14.1899995803833,14.1899995803833,14.1899995803833,14.1899995803833,105
2024-01-29 09:40:00-05:00,14.180000305175781,14.225000381469727,14.180000305175781,14.225000381469727,14.225000381469727,317
2024-01-29 09:45:00-05:00,14.270000457763672,14.270000457763672,14.1899995803833,14.1899995803833,14.1899995803833,1116
2024-01-29 09:50:00-05:00,14.180000305175781,14.180000305175781,14.180000305175781,14.180000305175781,14.180000305175781,103
2024-01-29 09:55:00-05:00,14.180000305175781,14.180000305175781,14.180000305175781,14.180000305175781,14.180000305175781,141
2024-01-29 10:00:00-05:00,14.170000076293945,14.170000076293945,14.170000076293945,14.170000076293945,14.170000076293945,219
2024-01-29 10:10:00-05:00,14.220000267028809,14.220000267028809,14.220000267028809,14.220000267028809,14.220000267028809,100
2024-01-29 10:15:00-05:00,14.220000267028809,14.279999732971191,14.210000038146973,14.279999732971191,14.279999732971191,925
2024-01-29 10:30:00-05:00,14.289999961853027,14.289999961853027,14.289999961853027,14.289999961853027,14.289999961853027,161
2024-01-29 10:35:00-05:00,14.3100004196167,14.3100004196167,14.3100004196167,14.3100004196167,14.3100004196167,268
2024-01-29 10:40:00-05:00,14.289999961853027,14.289999961853027,14.289999961853027,14.289999961853027,14.289999961853027,152
2024-01-29 10:55:00-05:00,14.270000457763672,14.270000457763672,14.270000457763672,14.270000457763672,14.270000457763672,690
2024-01-29 11:00:00-05:00,14.199999809265137,14.210000038146973,14.149999618530273,14.1899995803833,14.1899995803833,4443
2024-01-29 11:20:00-05:00,14.199999809265137,14.199999809265137,14.199999809265137,14.199999809265137,14.199999809265137,113
2024-01-29 11:25:00-05:00,14.199999809265137,14.199999809265137,14.199999809265137,14.199999809265137,14.199999809265137,357
2024-01-29 11:30:00-05:00,14.170000076293945,14.170000076293945,14.170000076293945,14.170000076293945,14.170000076293945,426
2024-01-29 11:35:00-05:00,14.1899995803833,14.1899995803833,14.1899995803833,14.1899995803833,14.1899995803833,541
2024-01-29 11:45:00-05:00,14.164299964904785,14.170000076293945,14.164299964904785,14.170000076293945,14.170000076293945,2833
2024-01-29 11:50:00-05:00,14.170000076293945,14.170000076293945,14.170000076293945,14.170000076293945,14.170000076293945,517
2024-01-29 11:55:00-05:00,14.15999984741211,14.15999984741211,14.15999984741211,14.15999984741211,14.15999984741211,512
2024-01-29 12:05:00-05:00,14.130000114440918,14.130000114440918,14.130000114440918,14.130000114440918,14.130000114440918,896
2024-01-29 12:25:00-05:00,14.140000343322754,14.140000343322754,14.140000343322754,14.140000343322754,14.140000343322754,549
2024-01-29 12:35:00-05:00,14.100000381469727,14.100000381469727,14.079999923706055,14.079999923706055,14.079999923706055,1737
2024-01-29 12:55:00-05:00,14.079999923706055,14.079999923706055,14.079999923706055,14.079999923706055,14.079999923706055,139
2024-01-29 13:00:00-05:00,14.0649995803833,14.0649995803833,14.050000190734863,14.050000190734863,14.050000190734863,298
2024-01-29 13:05:00-05:00,14.069999694824219,14.069999694824219,14.069999694824219,14.069999694824219,14.069999694824219,868
2024-01-29 13:20:00-05:00,14.079999923706055,14.079999923706055,14.079999923706055,14.079999923706055,14.079999923706055,493
2024-01-29 13:35:00-05:00,14.079999923706055,14.100000381469727,14.079999923706055,14.100000381469727,14.100000381469727,1231
2024-01-29 13:50:00-05:00,14.104999542236328,14.104999542236328,14.09000015258789,14.09000015258789,14.09000015258789,1130
2024-01-29 14:10:00-05:00,14.119999885559082,14.119999885559082,14.119999885559082,14.119999885559082,14.119999885559082,210
2024-01-29 14:15:00-05:00,14.09000015258789,14.09000015258789,14.09000015258789,14.09000015258789,14.09000015258789,223
2024-01-29 14:20:00-05:00,14.079999923706055,14.079999923706055,14.069999694824219,14.069999694824219,14.069999694824219,841
2024-01-29 14:25:00-05:00,14.069999694824219,14.09000015258789,14.069999694824219,14.09000015258789,14.09000015258789,1266
2024-01-29 14:35:00-05:00,14.100000381469727,14.109999656677246,14.069999694824219,14.109999656677246,14.109999656677246,3217
2024-01-29 14:40:00-05:00,14.130000114440918,14.130000114440918,14.130000114440918,14.130000114440918,14.130000114440918,354
2024-01-29 14:50:00-05:00,14.130000114440918,14.170000076293945,14.130000114440918,14.170000076293945,14.170000076293945,1223
2024-01-29 15:00:00-05:00,14.1899995803833,14.229999542236328,14.1899995803833,14.229999542236328,14.229999542236328,1203
2024-01-29 15:05:00-05:00,14.220000267028809,14.229999542236328,14.220000267028809,14.229999542236328,14.229999542236328,405
2024-01-29 15:10:00-05:00,14.25,14.25,14.220000267028809,14.220000267028809,14.220000267028809,1858
2024-01-29 15:15:00-05:00,14.25,14.270000457763672,14.25,14.270000457763672,14.270000457763672,1230
2024-01-29 15:20:00-05:00,14.304699897766113,14.304699897766113,14.29699993133545,14.300000190734863,14.300000190734863,607
2024-01-29 15:25:00-05:00,14.300000190734863,14.3100004196167,14.270000457763672,14.270000457763672,14.270000457763672,1572
2024-01-29 15:30:00-05:00,14.279999732971191,14.279999732971191,14.274999618530273,14.274999618530273,14.274999618530273,401
2024-01-29 15:35:00-05:00,14.260000228881836,14.260000228881836,14.25,14.25,14.25,437
2024-01-29 15:40:00-05:00,14.25,14.25,14.25,14.25,14.25,467
2024-01-29 15:45:00-05:00,14.239999771118164,14.25,14.210000038146973,14.25,14.25,1575
2024-01-29 15:50:00-05:00,14.25,14.260000228881836,14.25,14.260000228881836,14.260000228881836,1187
2024-01-29 15:55:00-05:00,14.25,14.289999961853027,14.210000038146973,14.210000038146973,14.210000038146973,21828
2024-01-30 09:30:00-05:00,14.170000076293945,14.170000076293945,14.130000114440918,14.130000114440918,14.130000114440918,818
2024-01-30 09:45:00-05:00,14.119999885559082,14.180000305175781,14.119999885559082,14.180000305175781,14.180000305175781,833
2024-01-30 10:00:00-05:00,14.15999984741211,14.15999984741211,14.15999984741211,14.15999984741211,14.15999984741211,663
2024-01-30 10:10:00-05:00,14.100000381469727,14.100000381469727,14.100000381469727,14.100000381469727,14.100000381469727,452
2024-01-30 10:20:00-05:00,14.079999923706055,14.079999923706055,14.079999923706055,14.079999923706055,14.079999923706055,294
2024-01-30 10:30:00-05:00,14.09000015258789,14.09000015258789,14.074999809265137,14.074999809265137,14.074999809265137,207
2024-01-30 10:35:00-05:00,14.050000190734863,14.050000190734863,14.050000190734863,14.050000190734863,14.050000190734863,110
2024-01-30 10:40:00-05:00,14.050000190734863,14.050000190734863,14.050000190734863,14.050000190734863,14.050000190734863,523
2024-01-30 10:50:00-05:00,14.050000190734863,14.050000190734863,14.050000190734863,14.050000190734863,14.050000190734863,324
2024-01-30 11:00:00-05:00,14.0600004196167,14.100000381469727,14.0600004196167,14.100000381469727,14.100000381469727,1381
2024-01-30 11:05:00-05:00,14.09000015258789,14.09000015258789,14.069999694824219,14.069999694824219,14.069999694824219,386
2024-01-30 11:20:00-05:00,14.050000190734863,14.050000190734863,14.050000190734863,14.050000190734863,14.050000190734863,110
2024-01-30 11:25:00-05:00,14.0600004196167,14.0600004196167,14.0600004196167,14.0600004196167,14.0600004196167,196
2024-01-30 11:30:00-05:00,14.085000038146973,14.085000038146973,14.085000038146973,14.085000038146973,14.085000038146973,106
2024-01-30 11:35:00-05:00,14.090700149536133,14.090700149536133,14.090700149536133,14.090700149536133,14.090700149536133,175
2024-01-30 11:40:00-05:00,14.100000381469727,14.100000381469727,14.100000381469727,14.100000381469727,14.100000381469727,402
2024-01-30 11:45:00-05:00,14.109999656677246,14.109999656677246,14.109999656677246,14.109999656677246,14.109999656677246,339
2024-01-30 11:50:00-05:00,14.100000381469727,14.100000381469727,14.09000015258789,14.09000015258789,14.09000015258789,667
2024-01-30 12:00:00-05:00,14.079999923706055,14.079999923706055,14.069999694824219,14.069999694824219,14.069999694824219,935
2024-01-30 12:05:00-05:00,14.069999694824219,14.09000015258789,14.069999694824219,14.09000015258789,14.09000015258789,795
2024-01-30 12:10:00-05:00,14.079999923706055,14.079999923706055,14.079999923706055,14.079999923706055,14.079999923706055,687
2024-01-30 12:20:00-05:00,14.109999656677246,14.140000343322754,14.109999656677246,14.140000343322754,14.140000343322754,878
2024-01-30 12:35:00-05:00,14.109999656677246,14.109999656677246,14.09000015258789,14.09000015258789,14.09000015258789,1655
2024-01-30 12:50:00-05:00,14.100000381469727,14.100000381469727,14.100000381469727,14.100000381469727,14.100000381469727,437
2024-01-30 12:55:00-05:00,14.100199699401855,14.100199699401855,14.100000381469727,14.100000381469727,14.100000381469727,849
2024-01-30 13:00:00-05:00,14.100000381469727,14.109999656677246,14.100000381469727,14.109999656677246,14.109999656677246,820
2024-01-30 13:05:00-05:00,14.119999885559082,14.130000114440918,14.119999885559082,14.130000114440918,14.130000114440918,519
2024-01-30 13:10:00-05:00,14.119999885559082,14.130000114440918,14.119999885559082,14.130000114440918,14.130000114440918,792
2024-01-30 13:20:00-05:00,14.15999984741211,14.15999984741211,14.15999984741211,14.15999984741211,14.15999984741211,136
2024-01-30 13:25:00-05:00,14.149999618530273,14.149999618530273,14.149999618530273,14.149999618530273,14.149999618530273,120
2024-01-30 13:30:00-05:00,14.149999618530273,14.15999984741211,14.140000343322754,14.15999984741211,14.15999984741211,1876
2024-01-30 13:35:00-05:00,14.149999618530273,14.149999618530273,14.149999618530273,14.149999618530273,14.149999618530273,162
2024-01-30 13:40:00-05:00,14.149999618530273,14.149999618530273,14.149999618530273,14.149999618530273,14.149999618530273,470
2024-01-30 13:45:00-05:00,14.15999984741211,14.15999984741211,14.15999984741211,14.15999984741211,14.15999984741211,107
2024-01-30 13:55:00-05:00,14.15999984741211,14.170000076293945,14.149999618530273,14.170000076293945,14.170000076293945,558
2024-01-30 14:00:00-05:00,14.170000076293945,14.180000305175781,14.170000076293945,14.175000190734863,14.175000190734863,982
2024-01-30 14:05:00-05:00,14.170000076293945,14.170000076293945,14.149999618530273,14.149999618530273,14.149999618530273,1476
2024-01-30 14:10:00-05:00,14.15999984741211,14.15999984741211,14.15999984741211,14.15999984741211,14.15999984741211,261
2024-01-30 14:15:00-05:00,14.180000305175781,14.180000305175781,14.180000305175781,14.180000305175781,14.180000305175781,950
2024-01-30 14:30:00-05:00,14.180000305175781,14.180000305175781,14.180000305175781,14.180000305175781,14.180000305175781,785
2024-01-30 14:35:00-05:00,14.180000305175781,14.180000305175781,14.170000076293945,14.170000076293945,14.170000076293945,436
2024-01-30 14:40:00-05:00,14.170000076293945,14.170000076293945,14.170000076293945,14.170000076293945,14.170000076293945,306
2024-01-30 14:45:00-05:00,14.170000076293945,14.170000076293945,14.170000076293945,14.170000076293945,14.170000076293945,802
2024-01-30 14:55:00-05:00,14.169099807739258,14.169300079345703,14.164999961853027,14.164999961853027,14.164999961853027,1225
2024-01-30 15:00:00-05:00,14.170000076293945,14.180000305175781,14.170000076293945,14.180000305175781,14.180000305175781,658
2024-01-30 15:05:00-05:00,14.170000076293945,14.170000076293945,14.170000076293945,14.170000076293945,14.170000076293945,610
2024-01-30 15:10:00-05:00,14.15999984741211,14.15999984741211,14.15999984741211,14.15999984741211,14.15999984741211,312
2024-01-30 15:20:00-05:00,14.170000076293945,14.180000305175781,14.170000076293945,14.180000305175781,14.180000305175781,410
2024-01-30 15:25:00-05:00,14.170000076293945,14.180000305175781,14.170000076293945,14.180000305175781,14.180000305175781,396
2024-01-30 15:30:00-05:00,14.1899995803833,14.1899995803833,14.175000190734863,14.180000305175781,14.180000305175781,1144
2024-01-30 15:35:00-05:00,14.175000190734863,14.175000190734863,14.170000076293945,14.170000076293945,14.170000076293945,997
2024-01-30 15:45:00-05:00,14.164999961853027,14.180000305175781,14.15999984741211,14.170100212097168,14.170100212097168,6107
2024-01-30 15:50:00-05:00,14.170000076293945,14.170000076293945,14.15999984741211,14.15999984741211,14.15999984741211,1421
2024-01-30 15:55:00-05:00,14.15999984741211,14.199999809265137,14.15999984741211,14.180000305175781,14.180000305175781,7413
2024-01-31 09:30:00-05:00,13.970000267028809,14.100000381469727,13.9399995803833,13.9399995803833,13.9399995803833,7697
2024-01-31 09:35:00-05:00,14.0600004196167,14.0600004196167,14.039999961853027,14.039999961853027,14.039999961853027,1158
2024-01-31 09:40:00-05:00,14.050000190734863,14.149999618530273,14.050000190734863,14.140000343322754,14.140000343322754,1903
2024-01-31 09:45:00-05:00,14.1899995803833,14.199999809265137,14.170000076293945,14.1899995803833,14.1899995803833,949
2024-01-31 09:50:00-05:00,14.199999809265137,14.210000038146973,14.1899995803833,14.1899995803833,14.1899995803833,3314
2024-01-31 09:55:00-05:00,14.135000228881836,14.135000228881836,14.135000228881836,14.135000228881836,14.135000228881836,282
2024-01-31 10:00:00-05:00,14.109999656677246,14.130000114440918,14.109999656677246,14.130000114440918,14.130000114440918,845
2024-01-31 10:10:00-05:00,14.039999961853027,14.039999961853027,14.039999961853027,14.039999961853027,14.039999961853027,118
2024-01-31 10:15:00-05:00,14.010000228881836,14.029999732971191,14.010000228881836,14.029999732971191,14.029999732971191,1780
2024-01-31 10:20:00-05:00,14.045000076293945,14.045000076293945,14.045000076293945,14.045000076293945,14.045000076293945,100
2024-01-31 10:25:00-05:00,14.045000076293945,14.045000076293945,14.045000076293945,14.045000076293945,14.045000076293945,400
2024-01-31 10:35:00-05:00,14.020000457763672,14.069999694824219,14.020000457763672,14.039999961853027,14.039999961853027,6689
2024-01-31 10:45:00-05:00,14.039999961853027,14.039999961853027,13.994999885559082,13.994999885559082,13.994999885559082,1888
2024-01-31 10:50:00-05:00,13.960000038146973,13.960000038146973,13.960000038146973,13.960000038146973,13.960000038146973,130
2024-01-31 10:55:00-05:00,14.0,14.010000228881836,14.0,14.0,14.0,2170
2024-01-31 11:10:00-05:00,14.029999732971191,14.069999694824219,14.029999732971191,14.050000190734863,14.050000190734863,3135
2024-01-31 11:15:00-05:00,14.050000190734863,14.050000190734863,14.039999961853027,14.039999961853027,14.039999961853027,1579
2024-01-31 11:25:00-05:00,14.029999732971191,14.029999732971191,14.010000228881836,14.020000457763672,14.020000457763672,1966
2024-01-31 11:35:00-05:00,14.020000457763672,14.020000457763672,14.010000228881836,14.010000228881836,14.010000228881836,454
2024-01-31 11:40:00-05:00,14.010000228881836,14.020000457763672,14.010000228881836,14.010000228881836,14.010000228881836,1244
2024-01-31 11:45:00-05:00,14.020000457763672,14.020000457763672,14.020000457763672,14.020000457763672,14.020000457763672,329
2024-01-31 11:50:00-05:00,14.010000228881836,14.010000228881836,14.010000228881836,14.010000228881836,14.010000228881836,361
2024-01-31 11:55:00-05:00,14.010000228881836,14.015399932861328,14.010000228881836,14.015399932861328,14.015399932861328,300
2024-01-31 12:00:00-05:00,14.010000228881836,14.039999961853027,14.0,14.039999961853027,14.039999961853027,6925
2024-01-31 12:05:00-05:00,14.039999961853027,14.039999961853027,14.039999961853027,14.039999961853027,14.039999961853027,592
2024-01-31 12:15:00-05:00,14.050000190734863,14.050000190734863,14.039999961853027,14.040200233459473,14.040200233459473,1393
2024-01-31 12:20:00-05:00,14.050000190734863,14.069999694824219,14.050000190734863,14.069999694824219,14.069999694824219,2932
2024-01-31 12:25:00-05:00,14.069999694824219,14.069999694824219,14.0649995803833,14.069999694824219,14.069999694824219,2425
2024-01-31 12:30:00-05:00,14.069999694824219,14.09000015258789,14.069999694824219,14.09000015258789,14.09000015258789,3126
2024-01-31 12:35:00-05:00,14.140000343322754,14.140000343322754,14.079999923706055,14.079999923706055,14.079999923706055,1195
2024-01-31 12:50:00-05:00,14.109999656677246,14.109999656677246,14.109999656677246,14.109999656677246,14.109999656677246,196
2024-01-31 13:00:00-05:00,14.100000381469727,14.100000381469727,14.100000381469727,14.100000381469727,14.100000381469727,179
2024-01-31 13:05:00-05:00,14.119999885559082,14.119999885559082,14.109999656677246,14.109999656677246,14.109999656677246,573
2024-01-31 13:20:00-05:00,14.130000114440918,14.130000114440918,14.119999885559082,14.119999885559082,14.119999885559082,525
2024-01-31 13:30:00-05:00,14.119999885559082,14.119999885559082,14.119999885559082,14.119999885559082,14.119999885559082,204
2024-01-31 13:35:00-05:00,14.130000114440918,14.130000114440918,14.130000114440918,14.130000114440918,14.130000114440918,380
2024-01-31 13:40:00-05:00,14.149999618530273,14.149999618530273,14.149999618530273,14.149999618530273,14.149999618530273,201
2024-01-31 13:45:00-05:00,14.160499572753906,14.160499572753906,14.160499572753906,14.160499572753906,14.160499572753906,1057
2024-01-31 13:50:00-05:00,14.149999618530273,14.149999618530273,14.145000457763672,14.145000457763672,14.145000457763672,1131
2024-01-31 14:00:00-05:00,14.109999656677246,14.109999656677246,14.0600004196167,14.0600004196167,14.0600004196167,1293
2024-01-31 14:05:00-05:00,14.085000038146973,14.085000038146973,14.085000038146973,14.085000038146973,14.085000038146973,463
2024-01-31 14:10:00-05:00,14.09000015258789,14.09000015258789,14.09000015258789,14.09000015258789,14.09000015258789,1019
2024-01-31 14:20:00-05:00,14.074999809265137,14.119999885559082,14.074999809265137,14.09000015258789,14.09000015258789,2365
2024-01-31 14:30:00-05:00,14.095000267028809,14.109999656677246,14.09000015258789,14.109999656677246,14.109999656677246,1528
2024-01-31 14:35:00-05:00,14.130000114440918,14.130000114440918,14.109999656677246,14.109999656677246,14.109999656677246,1279
2024-01-31 14:40:00-05:00,14.199999809265137,14.295499801635742,14.199999809265137,14.229999542236328,14.229999542236328,4789
2024-01-31 14:45:00-05:00,14.210000038146973,14.210000038146973,14.180000305175781,14.180000305175781,14.180000305175781,647
2024-01-31 14:50:00-05:00,14.170000076293945,14.220000267028809,14.170000076293945,14.220000267028809,14.220000267028809,435
2024-01-31 14:55:00-05:00,14.199999809265137,14.199999809265137,14.130000114440918,14.130000114440918,14.130000114440918,640
2024-01-31 15:00:00-05:00,14.109999656677246,14.109999656677246,13.970000267028809,13.979999542236328,13.979999542236328,2256
2024-01-31 15:05:00-05:00,13.960000038146973,13.960000038146973,13.960000038146973,13.960000038146973,13.960000038146973,535
2024-01-31 15:10:00-05:00,13.970000267028809,13.970000267028809,13.9399995803833,13.96500015258789,13.96500015258789,1681
2024-01-31 15:15:00-05:00,14.010000228881836,14.010000228881836,13.979999542236328,13.979999542236328,13.979999542236328,778
2024-01-31 15:20:00-05:00,13.979999542236328,14.010000228881836,13.960000038146973,13.960000038146973,13.960000038146973,2421
2024-01-31 15:25:00-05:00,13.970000267028809,13.979999542236328,13.949999809265137,13.949999809265137,13.949999809265137,2179
2024-01-31 15:30:00-05:00,13.920000076293945,13.930000305175781,13.90999984741211,13.920000076293945,13.920000076293945,2637
2024-01-31 15:35:00-05:00,13.90999984741211,13.920000076293945,13.890000343322754,13.895000457763672,13.895000457763672,2327
2024-01-31 15:40:00-05:00,13.895000457763672,13.895000457763672,13.850000381469727,13.850000381469727,13.850000381469727,2890
2024-01-31 15:45:00-05:00,13.835000038146973,13.835000038146973,13.760000228881836,13.760000228881836,13.760000228881836,2573
2024-01-31 15:50:00-05:00,13.760000228881836,13.800000190734863,13.739999771118164,13.739999771118164,13.739999771118164,8780
2024-01-31 15:55:00-05:00,13.75,13.75,13.720000267028809,13.720000267028809,13.720000267028809,7602
2024-02-01 09:30:00-05:00,13.6899995803833,13.803899765014648,13.6899995803833,13.803899765014648,13.803899765014648,2361
2024-02-01 09:35:00-05:00,13.710000038146973,13.710000038146973,13.710000038146973,13.710000038146973,13.710000038146973,204
2024-02-01 09:40:00-05:00,13.710000038146973,13.710000038146973,13.65999984741211,13.65999984741211,13.65999984741211,1995
2024-02-01 09:45:00-05:00,13.649999618530273,13.649999618530273,13.569999694824219,13.59000015258789,13.59000015258789,2698
2024-02-01 09:50:00-05:00,13.529999732971191,13.529999732971191,13.529999732971191,13.529999732971191,13.529999732971191,597
2024-02-01 09:55:00-05:00,13.510000228881836,13.510000228881836,13.5,13.5,13.5,1700
2024-02-01 10:00:00-05:00,13.5,13.5,13.5,13.5,13.5,131
2024-02-01 10:05:00-05:00,13.460000038146973,13.460000038146973,13.460000038146973,13.460000038146973,13.460000038146973,797
2024-02-01 10:10:00-05:00,13.460000038146973,13.460000038146973,13.460000038146973,13.460000038146973,13.460000038146973,350
2024-02-01 10:15:00-05:00,13.430000305175781,13.430000305175781,13.420000076293945,13.430000305175781,13.430000305175781,1146
2024-02-01 10:20:00-05:00,13.420000076293945,13.420000076293945,13.40999984741211,13.40999984741211,13.40999984741211,1617
2024-02-01 10:25:00-05:00,13.359999656677246,13.439599990844727,13.359999656677246,13.439599990844727,13.439599990844727,2510
2024-02-01 10:30:00-05:00,13.420000076293945,13.4399995803833,13.40999984741211,13.4399995803833,13.4399995803833,994
2024-02-01 10:40:00-05:00,13.380000114440918,13.380000114440918,13.359999656677246,13.359999656677246,13.359999656677246,3363
2024-02-01 10:45:00-05:00,13.3149995803833,13.364999771118164,13.3149995803833,13.350000381469727,13.350000381469727,2230
2024-02-01 10:50:00-05:00,13.350000381469727,13.350000381469727,13.350000381469727,13.350000381469727,13.350000381469727,494
2024-02-01 10:55:00-05:00,13.34000015258789,13.34000015258789,13.34000015258789,13.34000015258789,13.34000015258789,375
2024-02-01 11:00:00-05:00,13.319999694824219,13.319999694824219,13.319999694824219,13.319999694824219,13.319999694824219,216
2024-02-01 11:05:00-05:00,13.34000015258789,13.350000381469727,13.34000015258789,13.350000381469727,13.350000381469727,1197
2024-02-01 11:10:00-05:00,13.3100004196167,13.369999885559082,13.279999732971191,13.369999885559082,13.369999885559082,3779
2024-02-01 11:15:00-05:00,13.399999618530273,13.399999618530273,13.399999618530273,13.399999618530273,13.399999618530273,351
2024-02-01 11:20:00-05:00,13.399999618530273,13.40999984741211,13.399999618530273,13.40999984741211,13.40999984741211,1002
2024-02-01 11:30:00-05:00,13.4399995803833,13.4399995803833,13.4399995803833,13.4399995803833,13.4399995803833,135
2024-02-01 11:35:00-05:00,13.444999694824219,13.444999694824219,13.420000076293945,13.430000305175781,13.430000305175781,1175
2024-02-01 11:45:00-05:00,13.40999984741211,13.420000076293945,13.40999984741211,13.420000076293945,13.420000076293945,722
2024-02-01 11:55:00-05:00,13.40999984741211,13.40999984741211,13.40999984741211,13.40999984741211,13.40999984741211,203
2024-02-01 12:00:00-05:00,13.449999809265137,13.449999809265137,13.449999809265137,13.449999809265137,13.449999809265137,178
2024-02-01 12:05:00-05:00,13.470000267028809,13.5,13.470000267028809,13.5,13.5,1769
2024-02-01 12:25:00-05:00,13.550000190734863,13.600000381469727,13.550000190734863,13.5600004196167,13.5600004196167,1639
2024-02-01 12:30:00-05:00,13.569999694824219,13.569999694824219,13.569999694824219,13.569999694824219,13.569999694824219,143
2024-02-01 12:35:00-05:00,13.569999694824219,13.569999694824219,13.569999694824219,13.569999694824219,13.569999694824219,938
2024-02-01 12:40:00-05:00,13.569999694824219,13.569999694824219,13.569999694824219,13.569999694824219,13.569999694824219,278
2024-02-01 12:45:00-05:00,13.619999885559082,13.619999885559082,13.604999542236328,13.604999542236328,13.604999542236328,272
2024-02-01 12:50:00-05:00,13.630000114440918,13.699999809265137,13.630000114440918,13.699999809265137,13.699999809265137,938
2024-02-01 12:55:00-05:00,13.699999809265137,13.729999542236328,13.649999618530273,13.649999618530273,13.649999618530273,1981
2024-02-01 13:00:00-05:00,13.640000343322754,13.640000343322754,13.600000381469727,13.600000381469727,13.600000381469727,710
2024-02-01 13:15:00-05:00,13.60569953918457,13.630000114440918,13.60569953918457,13.619999885559082,13.619999885559082,1173
2024-02-01 13:20:00-05:00,13.640000343322754,13.640000343322754,13.609999656677246,13.625,13.625,653
2024-02-01 13:25:00-05:00,13.640000343322754,13.640000343322754,13.640000343322754,13.640000343322754,13.640000343322754,258
2024-02-01 13:35:00-05:00,13.65999984741211,13.670000076293945,13.65999984741211,13.670000076293945,13.670000076293945,903
2024-02-01 13:40:00-05:00,13.699999809265137,13.699999809265137,13.699999809265137,13.699999809265137,13.699999809265137,236
2024-02-01 13:45:00-05:00,13.699999809265137,13.699999809265137,13.699999809265137,13.699999809265137,13.699999809265137,249
2024-02-01 13:55:00-05:00,13.720000267028809,13.720000267028809,13.720000267028809,13.720000267028809,13.720000267028809,568
2024-02-01 14:05:00-05:00,13.739999771118164,13.739999771118164,13.729999542236328,13.739999771118164,13.739999771118164,1418
2024-02-01 14:10:00-05:00,13.739999771118164,13.739999771118164,13.739999771118164,13.739999771118164,13.739999771118164,568
2024-02-01 14:20:00-05:00,13.770000457763672,13.770000457763672,13.770000457763672,13.770000457763672,13.770000457763672,127
2024-02-01 14:25:00-05:00,13.770000457763672,13.770000457763672,13.770000457763672,13.770000457763672,13.770000457763672,955
2024-02-01 14:30:00-05:00,13.729999542236328,13.729999542236328,13.65999984741211,13.6850004196167,13.6850004196167,780
2024-02-01 14:35:00-05:00,13.720000267028809,13.720000267028809,13.720000267028809,13.720000267028809,13.720000267028809,277
2024-02-01 14:45:00-05:00,13.75,13.75,13.75,13.75,13.75,441
2024-02-01 14:50:00-05:00,13.760000228881836,13.760000228881836,13.739999771118164,13.760000228881836,13.760000228881836,1751
2024-02-01 14:55:00-05:00,13.779999732971191,13.779999732971191,13.769000053405762,13.769000053405762,13.769000053405762,976
2024-02-01 15:00:00-05:00,13.75,13.75,13.75,13.75,13.75,550
2024-02-01 15:05:00-05:00,13.729999542236328,13.729999542236328,13.720000267028809,13.720000267028809,13.720000267028809,1132
2024-02-01 15:10:00-05:00,13.710000038146973,13.710000038146973,13.699999809265137,13.699999809265137,13.699999809265137,433
2024-02-01 15:15:00-05:00,13.699999809265137,13.699999809265137,13.699999809265137,13.699999809265137,13.699999809265137,597
2024-02-01 15:20:00-05:00,13.699999809265137,13.699999809265137,13.65999984741211,13.65999984741211,13.65999984741211,1810
2024-02-01 15:25:00-05:00,13.680000305175781,13.680000305175781,13.680000305175781,13.680000305175781,13.680000305175781,687
2024-02-01 15:30:00-05:00,13.710000038146973,13.71500015258789,13.6899995803833,13.6899995803833,13.6899995803833,1045
2024-02-01 15:35:00-05:00,13.699999809265137,13.699999809265137,13.6899995803833,13.6899995803833,13.6899995803833,506
2024-02-01 15:40:00-05:00,13.710000038146973,13.729999542236328,13.699999809265137,13.699999809265137,13.699999809265137,2048
2024-02-01 15:45:00-05:00,13.699999809265137,13.710000038146973,13.699999809265137,13.710000038146973,13.710000038146973,1064
2024-02-01 15:50:00-05:00,13.701399803161621,13.701399803161621,13.65999984741211,13.680000305175781,13.680000305175781,3482
2024-02-01 15:55:00-05:00,13.6899995803833,13.760000228881836,13.6899995803833,13.760000228881836,13.760000228881836,5934
2024-02-02 09:30:00-05:00,13.5,13.5,13.5,13.5,13.5,821
2024-02-02 09:35:00-05:00,13.479999542236328,13.5,13.479999542236328,13.489999771118164,13.489999771118164,745
2024-02-02 09:40:00-05:00,13.510000228881836,13.529999732971191,13.489999771118164,13.489999771118164,13.489999771118164,2224
2024-02-02 09:45:00-05:00,13.479999542236328,13.479999542236328,13.479999542236328,13.479999542236328,13.479999542236328,4177
2024-02-02 09:50:00-05:00,13.479999542236328,13.510000228881836,13.479999542236328,13.479999542236328,13.479999542236328,1457
2024-02-02 09:55:00-05:00,13.489999771118164,13.539999961853027,13.479999542236328,13.491000175476074,13.491000175476074,21563
2024-02-02 10:00:00-05:00,13.510000228881836,13.515000343322754,13.489999771118164,13.510000228881836,13.510000228881836,7498
2024-02-02 10:05:00-05:00,13.510000228881836,13.545000076293945,13.501299858093262,13.501299858093262,13.501299858093262,2421
2024-02-02 10:10:00-05:00,13.524999618530273,13.550000190734863,13.510000228881836,13.510000228881836,13.510000228881836,2402
2024-02-02 10:15:00-05:00,13.520000457763672,13.550000190734863,13.510000228881836,13.520000457763672,13.520000457763672,2511
2024-02-02 10:20:00-05:00,13.520000457763672,13.539999961853027,13.510000228881836,13.520000457763672,13.520000457763672,16309
2024-02-02 10:25:00-05:00,13.539999961853027,13.550000190734863,13.520000457763672,13.539999961853027,13.539999961853027,12595
2024-02-02 10:30:00-05:00,13.5,13.510000228881836,13.482000350952148,13.5,13.5,1993
2024-02-02 10:35:00-05:00,13.5,13.5,13.5,13.5,13.5,182
2024-02-02 10:40:00-05:00,13.569999694824219,13.569999694824219,13.569999694824219,13.569999694824219,13.569999694824219,957
2024-02-02 11:10:00-05:00,13.600000381469727,13.600000381469727,13.59000015258789,13.59000015258789,13.59000015258789,899
2024-02-02 11:25:00-05:00,13.614999771118164,13.630000114440918,13.614999771118164,13.630000114440918,13.630000114440918,489
2024-02-02 11:30:00-05:00,13.630000114440918,13.630000114440918,13.630000114440918,13.630000114440918,13.630000114440918,512
2024-02-02 11:35:00-05:00,13.600000381469727,13.640000343322754,13.600000381469727,13.640000343322754,13.640000343322754,272
2024-02-02 11:40:00-05:00,13.640000343322754,13.649999618530273,13.640000343322754,13.649999618530273,13.649999618530273,937
2024-02-02 11:45:00-05:00,13.65999984741211,13.65999984741211,13.649999618530273,13.649999618530273,13.649999618530273,368
2024-02-02 11:55:00-05:00,13.680000305175781,13.710000038146973,13.680000305175781,13.710000038146973,13.710000038146973,241
2024-02-02 12:00:00-05:00,13.6899995803833,13.6899995803833,13.6899995803833,13.6899995803833,13.6899995803833,100
2024-02-02 12:05:00-05:00,13.670000076293945,13.670000076293945,13.649999618530273,13.649999618530273,13.649999618530273,1984
2024-02-02 12:25:00-05:00,13.609999656677246,13.640000343322754,13.609999656677246,13.640000343322754,13.640000343322754,747
2024-02-02 12:30:00-05:00,13.609999656677246,13.609999656677246,13.609999656677246,13.609999656677246,13.609999656677246,189
2024-02-02 12:35:00-05:00,13.609999656677246,13.630000114440918,13.609999656677246,13.630000114440918,13.630000114440918,1062
2024-02-02 12:40:00-05:00,13.600000381469727,13.600000381469727,13.539999961853027,13.569999694824219,13.569999694824219,4361
2024-02-02 12:45:00-05:00,13.5600004196167,13.5600004196167,13.524999618530273,13.550000190734863,13.550000190734863,2768
2024-02-02 12:55:00-05:00,13.59000015258789,13.59000015258789,13.59000015258789,13.59000015258789,13.59000015258789,210
2024-02-02 13:00:00-05:00,13.579999923706055,13.579999923706055,13.569999694824219,13.569999694824219,13.569999694824219,1332
2024-02-02 13:05:00-05:00,13.569999694824219,13.569999694824219,13.5600004196167,13.5600004196167,13.5600004196167,201
2024-02-02 13:15:00-05:00,13.579999923706055,13.579999923706055,13.579999923706055,13.579999923706055,13.579999923706055,707
2024-02-02 13:25:00-05:00,13.569999694824219,13.569999694824219,13.5600004196167,13.5600004196167,13.5600004196167,919
2024-02-02 13:35:00-05:00,13.5600004196167,13.5600004196167,13.539999961853027,13.539999961853027,13.539999961853027,789
2024-02-02 13:45:00-05:00,13.510000228881836,13.510000228881836,13.5,13.5,13.5,1009
2024-02-02 14:00:00-05:00,13.489999771118164,13.489999771118164,13.489999771118164,13.489999771118164,13.489999771118164,175
2024-02-02 14:05:00-05:00,13.494999885559082,13.508999824523926,13.479999542236328,13.479999542236328,13.479999542236328,1235
2024-02-02 14:10:00-05:00,13.510000228881836,13.510000228881836,13.510000228881836,13.510000228881836,13.510000228881836,145
2024-02-02 14:15:00-05:00,13.550000190734863,13.5600004196167,13.550000190734863,13.5600004196167,13.5600004196167,885
2024-02-02 14:20:00-05:00,13.539999961853027,13.539999961853027,13.539999961853027,13.539999961853027,13.539999961853027,606
2024-02-02 14:40:00-05:00,13.524999618530273,13.524999618530273,13.510000228881836,13.510000228881836,13.510000228881836,682
2024-02-02 14:55:00-05:00,13.470000267028809,13.505000114440918,13.470000267028809,13.505000114440918,13.505000114440918,2020
2024-02-02 15:00:00-05:00,13.5,13.5,13.5,13.5,13.5,2683
2024-02-02 15:05:00-05:00,13.5,13.529999732971191,13.5,13.529999732971191,13.529999732971191,1174
2024-02-02 15:10:00-05:00,13.529999732971191,13.529999732971191,13.520000457763672,13.520000457763672,13.520000457763672,718
2024-02-02 15:15:00-05:00,13.550000190734863,13.569999694824219,13.550000190734863,13.569999694824219,13.569999694824219,2455
2024-02-02 15:20:00-05:00,13.579999923706055,13.579999923706055,13.569999694824219,13.569999694824219,13.569999694824219,3786
2024-02-02 15:25:00-05:00,13.569999694824219,13.609999656677246,13.569999694824219,13.609999656677246,13.609999656677246,1016
2024-02-02 15:30:00-05:00,13.609999656677246,13.609999656677246,13.600000381469727,13.609999656677246,13.609999656677246,2643
2024-02-02 15:35:00-05:00,13.600000381469727,13.600000381469727,13.5600004196167,13.5600004196167,13.5600004196167,764
2024-02-02 15:40:00-05:00,13.5600004196167,13.5649995803833,13.550000190734863,13.550000190734863,13.550000190734863,1464
2024-02-02 15:45:00-05:00,13.550000190734863,13.604999542236328,13.550000190734863,13.600000381469727,13.600000381469727,5133
2024-02-02 15:50:00-05:00,13.600000381469727,13.604999542236328,13.569999694824219,13.569999694824219,13.569999694824219,3765
2024-02-02 15:55:00-05:00,13.569999694824219,13.574999809265137,13.510000228881836,13.529999732971191,13.529999732971191,9027
