Date,Open,High,Low,Close,Adj Close,Volume
2003-12-04,11.550000190734863,11.600000381469727,11.479999542236328,11.600000381469727,7.563746929168701,2021600
2003-12-05,11.600000381469727,11.619999885559082,11.422499656677246,11.432499885559082,7.454526901245117,3358000
2003-12-08,11.432499885559082,11.550000190734863,11.387499809265137,11.539999961853027,7.524623394012451,899600
2003-12-09,11.649999618530273,11.712499618530273,11.52750015258789,11.550000190734863,7.531141757965088,1770400
2003-12-10,11.637499809265137,11.637499809265137,11.297499656677246,11.317500114440918,7.379543304443359,1178800
2003-12-11,11.3100004196167,11.675000190734863,11.3100004196167,11.65250015258789,7.597979545593262,1762400
2003-12-12,11.682499885559082,11.774999618530273,11.6225004196167,11.774999618530273,7.677854537963867,1231600
2003-12-15,11.9375,11.944999694824219,11.795000076293945,11.8100004196167,7.700678825378418,2556800
2003-12-16,11.760000228881836,11.817500114440918,11.732500076293945,11.8125,7.702305793762207,1670000
2003-12-17,11.8125,12.022500038146973,11.75,12.010000228881836,7.831087112426758,1780400
2003-12-18,12.0625,12.470000267028809,12.03499984741211,12.4399995803833,8.111468315124512,3349600
2003-12-19,12.4399995803833,12.524999618530273,12.420000076293945,12.494999885559082,8.14732837677002,3240000
2003-12-22,12.462499618530273,12.475000381469727,12.3149995803833,12.392499923706055,8.080493927001953,1984800
2003-12-23,12.25,12.4399995803833,12.25,12.4399995803833,8.111468315124512,1086800
2003-12-24,12.412500381469727,12.412500381469727,12.302499771118164,12.352499961853027,8.054411888122559,397600
2003-12-26,12.3774995803833,12.444999694824219,12.322500228881836,12.362500190734863,8.060932159423828,340800
2003-12-29,12.364999771118164,12.442500114440918,12.359999656677246,12.425000190734863,8.101686477661133,1277600
2003-12-30,12.425000190734863,12.425000190734863,12.267499923706055,12.354999542236328,8.056041717529297,1434000
2003-12-31,12.329999923706055,12.385000228881836,12.227499961853027,12.234999656677246,7.977797031402588,1645200
2004-01-02,12.225000381469727,12.352499961853027,12.164999961853027,12.192500114440918,7.9500861167907715,1761200
2004-01-05,12.4375,12.762499809265137,12.399999618530273,12.737500190734863,8.305449485778809,3214000
2004-01-06,12.600000381469727,13.175000190734863,12.592499732971191,13.119999885559082,8.554859161376953,4423200
2004-01-07,13.117500305175781,13.305000305175781,13.0600004196167,13.305000305175781,8.675485610961914,2888000
2004-01-08,13.324999809265137,13.390000343322754,13.164999961853027,13.227499961853027,8.62495231628418,2704400
2004-01-09,13.227499961853027,13.227499961853027,12.954999923706055,12.97249984741211,8.458681106567383,1530800
2004-01-12,12.947500228881836,13.0625,12.729999542236328,12.899999618530273,8.411409378051758,1634000
2004-01-13,12.9375,13.085000038146973,12.817500114440918,12.907500267028809,8.416300773620605,781200
2004-01-14,12.925000190734863,13.162500381469727,12.899999618530273,13.117500305175781,8.553224563598633,1196000
2004-01-15,13.067500114440918,13.125,12.837499618530273,13.102499961853027,8.543448448181152,818800
2004-01-16,13.1875,13.272500038146973,13.130000114440918,13.267499923706055,8.651032447814941,838800
2004-01-20,13.0625,13.225000381469727,12.9375,12.954999923706055,8.447270393371582,1026000
2004-01-21,12.925000190734863,13.167499542236328,12.8725004196167,13.125,8.558119773864746,1482800
2004-01-22,13.1875,13.539999961853027,13.1875,13.449999809265137,8.77003288269043,3238800
2004-01-23,13.452500343322754,13.454999923706055,12.887499809265137,12.960000038146973,8.450530052185059,2366000
2004-01-26,12.949999809265137,13.2475004196167,12.867500305175781,13.212499618530273,8.615172386169434,1277200
2004-01-27,13.1875,13.734999656677246,13.175000190734863,13.447500228881836,8.768401145935059,4448000
2004-01-28,13.449999809265137,13.739999771118164,13.007499694824219,13.015000343322754,8.4863920211792,2856400
2004-01-29,13.077500343322754,13.162500381469727,12.569999694824219,12.6875,8.272847175598145,2876400
2004-01-30,12.6875,12.8125,12.479999542236328,12.682499885559082,8.269585609436035,3228000
2004-02-02,12.662500381469727,12.662500381469727,12.350000381469727,12.454999923706055,8.121246337890625,4332800
2004-02-03,12.454999923706055,12.5625,12.074999809265137,12.414999961853027,8.09516429901123,6558000
2004-02-04,12.352499961853027,12.420000076293945,12.119999885559082,12.175000190734863,7.93867301940918,3000800
2004-02-05,12.237500190734863,12.46500015258789,12.212499618530273,12.414999961853027,8.09516429901123,2069600
2004-02-06,12.352499961853027,12.632499694824219,12.3125,12.6274995803833,8.233723640441895,2668400
2004-02-09,12.625,12.625,12.492500305175781,12.547499656677246,8.181560516357422,1630800
2004-02-10,12.5625,12.737500190734863,12.53499984741211,12.662500381469727,8.256547927856445,1271200
2004-02-11,12.630000114440918,13.055000305175781,12.630000114440918,12.970000267028809,8.457053184509277,1799600
2004-02-12,12.899999618530273,13.104999542236328,12.899999618530273,13.029999732971191,8.496170043945312,1453600
2004-02-13,13.375,13.375,12.8774995803833,12.927499771118164,8.47813892364502,2552000
2004-02-17,13.100000381469727,13.255000114440918,13.079999923706055,13.182499885559082,8.64537525177002,1341600
2004-02-18,13.100000381469727,13.140000343322754,12.852499961853027,12.949999809265137,8.492894172668457,1453200
2004-02-19,12.9975004196167,13.079999923706055,12.779999732971191,12.84000015258789,8.420754432678223,1871200
2004-02-20,12.84000015258789,12.84000015258789,12.517499923706055,12.65999984741211,8.302706718444824,1769200
2004-02-23,12.65999984741211,12.65999984741211,12.332500457763672,12.345000267028809,8.096120834350586,2114800
2004-02-24,12.25,12.354999542236328,12.029999732971191,12.192500114440918,7.996113300323486,2902800
2004-02-25,12.274999618530273,12.354999542236328,12.149999618530273,12.324999809265137,8.08300495147705,1866000
2004-02-26,12.3125,12.5649995803833,12.3100004196167,12.524999618530273,8.214170455932617,2494000
2004-02-27,12.600000381469727,12.600000381469727,12.3125,12.350000381469727,8.09940242767334,3268800
2004-03-01,12.350000381469727,12.850000381469727,12.350000381469727,12.842499732971191,8.422394752502441,2254800
2004-03-02,12.885000228881836,13.387499809265137,12.880000114440918,13.239999771118164,8.683086395263672,4446000
2004-03-03,13.177499771118164,13.177499771118164,12.967499732971191,13.112500190734863,8.599467277526855,1548800
2004-03-04,13.087499618530273,13.199999809265137,12.944999694824219,13.132499694824219,8.612581253051758,1068400
2004-03-05,13.057499885559082,13.274999618530273,13.0,13.260000228881836,8.69620132446289,924800
2004-03-08,13.399999618530273,13.510000228881836,13.3100004196167,13.327500343322754,8.74046802520752,2552000
2004-03-09,13.324999809265137,13.470000267028809,13.095000267028809,13.117500305175781,8.602742195129395,1967600
2004-03-10,13.117500305175781,13.175000190734863,12.579999923706055,12.664999961853027,8.305984497070312,2839200
2004-03-11,12.664999961853027,12.779999732971191,12.529999732971191,12.567500114440918,8.242044448852539,2941200
2004-03-12,12.875,13.479999542236328,12.845000267028809,13.479999542236328,8.840483665466309,3376000
2004-03-15,13.417499542236328,13.487500190734863,13.130000114440918,13.130000114440918,8.610943794250488,3086400
2004-03-16,13.149999618530273,13.345000267028809,13.047499656677246,13.270000457763672,8.7027587890625,2139600
2004-03-17,13.274999618530273,13.789999961853027,13.262499809265137,13.725000381469727,9.001155853271484,2251200
2004-03-18,13.725000381469727,14.024999618530273,13.537500381469727,14.024999618530273,9.197903633117676,2470400
2004-03-19,14.015000343322754,14.180000305175781,13.899999618530273,13.899999618530273,9.115927696228027,2309600
2004-03-22,14.012499809265137,14.0600004196167,13.489999771118164,13.522500038146973,8.868353843688965,2667600
2004-03-23,13.637499809265137,13.84749984741211,13.595000267028809,13.734999656677246,9.007715225219727,1874400
2004-03-24,13.6850004196167,13.712499618530273,13.4975004196167,13.524999618530273,8.869993209838867,2555200
2004-03-25,13.537500381469727,13.774999618530273,13.512499809265137,13.692500114440918,8.979840278625488,2210400
2004-03-26,13.75,14.177499771118164,13.75,14.074999809265137,9.230696678161621,1638800
2004-03-29,14.225000381469727,14.582500457763672,14.217499732971191,14.397500038146973,9.442194938659668,2426000
2004-03-30,14.237500190734863,14.577500343322754,14.1850004196167,14.557499885559082,9.547127723693848,1163600
2004-03-31,14.522500038146973,14.710000038146973,14.484999656677246,14.612500190734863,9.583199501037598,1726400
2004-04-01,14.614999771118164,14.859999656677246,14.572500228881836,14.737500190734863,9.665178298950195,1605600
2004-04-02,14.875,14.989999771118164,14.770000457763672,14.932499885559082,9.793063163757324,2151200
2004-04-05,14.824999809265137,15.0,14.824999809265137,15.0,9.837327003479004,3019600
2004-04-06,15.6875,16.270000457763672,15.25,16.040000915527344,10.519388198852539,14474000
2004-04-07,16.0625,16.375,15.864999771118164,16.049999237060547,10.52593994140625,4614400
2004-04-08,16.030000686645508,16.1825008392334,15.77750015258789,15.930000305175781,10.447240829467773,2776800
2004-04-12,15.930000305175781,16.227500915527344,15.930000305175781,16.127500534057617,10.57676887512207,2128800
2004-04-13,16.127500534057617,16.21500015258789,15.842499732971191,15.920000076293945,10.440685272216797,3478400
2004-04-14,15.75,15.922499656677246,15.5,15.779999732971191,10.348869323730469,3889200
2004-04-15,15.779999732971191,16.049999237060547,15.779999732971191,15.907500267028809,10.432490348815918,2423600
2004-04-16,16.149999618530273,16.475000381469727,15.989999771118164,16.434999465942383,10.778430938720703,3440400
2004-04-19,16.434999465942383,16.607500076293945,16.274999618530273,16.487499237060547,10.812864303588867,2009200
2004-04-20,16.487499237060547,16.537500381469727,16.0049991607666,16.0049991607666,10.496429443359375,1892000
2004-04-21,16.00749969482422,16.262500762939453,15.744999885559082,16.22249984741211,10.639074325561523,2006400
2004-04-22,16.549999237060547,16.665000915527344,15.952500343322754,16.09749984741211,10.55709457397461,4513200
2004-04-23,16.100000381469727,16.172500610351562,15.71500015258789,15.7475004196167,10.327554702758789,4164000
2004-04-26,15.5625,15.774999618530273,15.5,15.682499885559082,10.284927368164062,3880000
2004-04-27,15.4375,15.869999885559082,15.4375,15.65999984741211,10.270174980163574,2958000
2004-04-28,15.59749984741211,15.614999771118164,15.199999809265137,15.300000190734863,10.034078598022461,2726400
2004-04-29,15.387499809265137,15.387499809265137,14.770000457763672,15.037500381469727,9.861922264099121,1857600
2004-04-30,15.037500381469727,15.130000114440918,14.774999618530273,14.952500343322754,9.80617904663086,2991200
2004-05-03,14.952500343322754,15.475000381469727,14.952500343322754,15.297499656677246,10.03243637084961,3388000
2004-05-04,15.25,15.457500457763672,15.167499542236328,15.332500457763672,10.055391311645508,2847200
2004-05-05,15.335000038146973,15.475000381469727,15.295000076293945,15.399999618530273,10.09965705871582,1957200
2004-05-06,15.337499618530273,15.337499618530273,14.857500076293945,14.912500381469727,9.779943466186523,2630400
2004-05-07,14.854999542236328,14.9975004196167,14.585000038146973,14.612500190734863,9.583199501037598,2676800
2004-05-10,14.1875,14.1899995803833,13.645000457763672,13.887499809265137,9.107728004455566,7223200
2004-05-11,13.885000228881836,13.917499542236328,13.699999809265137,13.807499885559082,9.055261611938477,5046400
2004-05-12,13.787500381469727,13.802499771118164,13.332500457763672,13.600000381469727,8.967888832092285,4595600
2004-05-13,13.600000381469727,14.022500038146973,13.524999618530273,13.90999984741211,9.172304153442383,3186800
2004-05-14,13.875,14.5,13.6875,14.420000076293945,9.508602142333984,8463200
2004-05-17,14.25,14.25,14.0,14.100000381469727,9.297592163085938,3602800
2004-05-18,14.100000381469727,14.470000267028809,14.095000267028809,14.354999542236328,9.465741157531738,3575200
2004-05-19,14.5625,14.975000381469727,14.3100004196167,14.335000038146973,9.452553749084473,5460800
2004-05-20,13.96500015258789,14.182499885559082,13.84749984741211,14.119999885559082,9.310782432556152,5443200
2004-05-21,14.119999885559082,14.119999885559082,13.444999694824219,13.670000076293945,9.01405143737793,7010000
2004-05-24,13.707500457763672,14.102499961853027,13.707500457763672,13.899999618530273,9.165711402893066,4979200
2004-05-25,13.90250015258789,14.274999618530273,13.805000305175781,14.25,9.396503448486328,2588800
2004-05-26,14.262499809265137,14.40999984741211,14.244999885559082,14.335000038146973,9.452553749084473,1804800
2004-05-27,14.397500038146973,14.734999656677246,14.397500038146973,14.59749984741211,9.625642776489258,3200400
2004-05-28,14.572500228881836,14.574999809265137,14.47249984741211,14.5600004196167,9.600918769836426,1744000
2004-06-01,14.537500381469727,14.822500228881836,14.53499984741211,14.75,9.726202964782715,2539600
2004-06-02,14.8125,14.975000381469727,14.702500343322754,14.90999984741211,9.831708908081055,2385600
2004-06-03,14.912500381469727,14.925000190734863,14.737500190734863,14.7524995803833,9.727850914001465,2114000
2004-06-04,14.8125,14.932499885559082,14.767499923706055,14.867500305175781,9.80368423461914,2477600
2004-06-07,14.930000305175781,15.422499656677246,14.930000305175781,15.327500343322754,10.107011795043945,3472400
2004-06-08,15.27750015258789,15.40250015258789,15.204999923706055,15.390000343322754,10.148222923278809,2308000
2004-06-09,15.390000343322754,15.475000381469727,15.342499732971191,15.362500190734863,10.130091667175293,3704800
2004-06-10,15.364999771118164,15.467499732971191,15.364999771118164,15.420000076293945,10.16800594329834,1932800
2004-06-14,15.387499809265137,15.387499809265137,15.069999694824219,15.147500038146973,9.98831558227539,1366800
2004-06-15,15.25,15.547499656677246,15.25,15.380000114440918,10.141629219055176,1422400
2004-06-16,15.382499694824219,15.382499694824219,15.137499809265137,15.237500190734863,10.047663688659668,1478400
2004-06-17,15.274999618530273,15.387499809265137,15.15250015258789,15.300000190734863,10.08888053894043,1958400
2004-06-18,15.375,15.467499732971191,15.3125,15.390000343322754,10.148222923278809,1533200
2004-06-21,15.375,15.524999618530273,15.3100004196167,15.337499618530273,10.113604545593262,975600
2004-06-22,15.3125,15.52750015258789,15.239999771118164,15.5024995803833,10.222408294677734,1823200
2004-06-23,15.5,15.717499732971191,15.5,15.702500343322754,10.354289054870605,1382000
2004-06-24,15.702500343322754,15.789999961853027,15.675000190734863,15.7475004196167,10.383959770202637,1332800
2004-06-25,15.7475004196167,15.925000190734863,15.7475004196167,15.8725004196167,10.466386795043945,1466000
2004-06-28,15.920000076293945,16.0,15.717499732971191,15.802499771118164,10.42022705078125,2035600
2004-06-29,15.802499771118164,15.8100004196167,15.677499771118164,15.732500076293945,10.374072074890137,1525200
2004-06-30,15.72249984741211,15.762499809265137,15.470000267028809,15.625,10.303182601928711,3516800
2004-07-01,15.625,15.702500343322754,15.397500038146973,15.425000190734863,10.171298027038574,4906400
2004-07-02,15.387499809265137,15.417499542236328,15.0649995803833,15.137499809265137,9.981725692749023,3144000
2004-07-06,15.137499809265137,15.137499809265137,14.867500305175781,14.899999618530273,9.825114250183105,2822000
2004-07-07,14.875,15.037500381469727,14.875,14.920000076293945,9.83830451965332,1676400
2004-07-08,14.922499656677246,15.042499542236328,14.770000457763672,14.807499885559082,9.76412296295166,1949200
2004-07-09,14.899999618530273,15.125,14.899999618530273,15.032500267028809,9.912487983703613,1963200
2004-07-12,15.052499771118164,15.3100004196167,15.015000343322754,15.234999656677246,10.04601764678955,2035600
2004-07-13,15.282500267028809,15.425000190734863,15.282500267028809,15.34000015258789,10.115254402160645,1613200
2004-07-14,15.4375,15.795000076293945,15.387499809265137,15.524999618530273,10.237244606018066,3014800
2004-07-15,15.649999618530273,16.25,15.649999618530273,16.06999969482422,10.596620559692383,4750400
2004-07-16,16.072500228881836,16.237499237060547,15.875,15.9375,10.509245872497559,2335200
2004-07-19,15.957500457763672,15.960000038146973,15.677499771118164,15.712499618530273,10.360880851745605,2612800
2004-07-20,15.699999809265137,15.819999694824219,15.654999732971191,15.75,10.385607719421387,2235200
2004-07-21,15.800000190734863,16.024999618530273,15.420000076293945,15.487500190734863,10.212517738342285,2389200
2004-07-22,15.274999618530273,15.505000114440918,14.9399995803833,15.5024995803833,10.222408294677734,3420800
2004-07-23,16.475000381469727,17.100000381469727,15.949999809265137,16.225000381469727,10.69882583618164,16719200
2004-07-26,16.287500381469727,17.110000610351562,16.287500381469727,16.854999542236328,11.114246368408203,7812400
2004-07-27,16.857500076293945,17.5,16.829999923706055,17.342500686645508,11.435708999633789,6497200
2004-07-28,16.875,17.327499389648438,16.875,17.207500457763672,11.346688270568848,5296000
2004-07-29,17.270000457763672,17.572500228881836,17.25749969482422,17.547500610351562,11.57088565826416,3584400
2004-07-30,17.475000381469727,17.524999618530273,17.227500915527344,17.357500076293945,11.445602416992188,2975600
2004-08-02,17.3125,17.5,17.127500534057617,17.46500015258789,11.516489028930664,2278000
2004-08-03,17.5,17.655000686645508,17.292499542236328,17.292499542236328,11.402740478515625,7098400
2004-08-04,17.292499542236328,17.375,17.125,17.239999771118164,11.368125915527344,3099200
2004-08-05,17.282499313354492,17.342500686645508,16.662500381469727,16.665000915527344,10.988961219787598,3668000
2004-08-06,16.665000915527344,16.8075008392334,16.290000915527344,16.422500610351562,10.829060554504395,4265600
2004-08-09,16.422500610351562,16.662500381469727,16.362499237060547,16.38249969482422,10.802681922912598,2110000
2004-08-10,16.575000762939453,17.127500534057617,16.537500381469727,17.049999237060547,11.242836952209473,3918400
2004-08-11,16.987499237060547,17.030000686645508,16.774999618530273,16.954999923706055,11.180191040039062,3521200
2004-08-12,16.9375,16.9375,16.674999237060547,16.725000381469727,11.028526306152344,2417200
2004-08-13,16.75,16.8700008392334,16.25749969482422,16.344999313354492,10.777957916259766,3882400
2004-08-16,16.332500457763672,16.782499313354492,16.325000762939453,16.737499237060547,11.087651252746582,2252000
2004-08-17,16.825000762939453,16.959999084472656,16.59749984741211,16.655000686645508,11.032994270324707,1987600
2004-08-18,16.635000228881836,16.815000534057617,16.514999389648438,16.774999618530273,11.112485885620117,2170000
2004-08-19,16.799999237060547,16.825000762939453,16.450000762939453,16.649999618530273,11.029681205749512,2461200
2004-08-20,16.655000686645508,17.049999237060547,16.655000686645508,16.967500686645508,11.240009307861328,2699600
2004-08-23,17.0,17.104999542236328,16.875,17.012500762939453,11.269818305969238,2480400
2004-08-24,17.079999923706055,17.170000076293945,16.9424991607666,17.045000076293945,11.291348457336426,1521200
2004-08-25,17.042499542236328,17.25,16.897499084472656,17.225000381469727,11.410592079162598,1395200
2004-08-26,17.0625,17.25,17.049999237060547,17.165000915527344,11.370842933654785,1071200
2004-08-27,17.155000686645508,17.2450008392334,17.06999969482422,17.174999237060547,11.377463340759277,915600
2004-08-30,17.125,17.147499084472656,16.842500686645508,16.844999313354492,11.158858299255371,1328800
2004-08-31,16.975000381469727,17.0674991607666,16.649999618530273,16.822500228881836,11.14395523071289,2271200
2004-09-01,16.822500228881836,17.217500686645508,16.822500228881836,17.190000534057617,11.387399673461914,1657600
2004-09-02,17.225000381469727,17.799999237060547,17.142499923706055,17.732500076293945,11.746779441833496,3261200
2004-09-03,17.6875,17.862499237060547,17.600000381469727,17.75,11.758368492126465,2855200
2004-09-07,17.8125,18.125,17.8125,18.112499237060547,11.998502731323242,3084800
2004-09-08,18.049999237060547,18.049999237060547,17.799999237060547,17.815000534057617,11.801431655883789,1510000
2004-09-09,17.877500534057617,18.042499542236328,17.857500076293945,17.897499084472656,11.856078147888184,2298000
2004-09-10,17.899999618530273,17.899999618530273,17.6875,17.822500228881836,11.806400299072266,1425600
2004-09-13,17.625,17.702499389648438,17.375,17.592500686645508,11.654034614562988,4558800
2004-09-14,17.592500686645508,17.697500228881836,17.477500915527344,17.565000534057617,11.635815620422363,1869600
2004-09-15,17.5674991607666,17.575000762939453,17.357500076293945,17.412500381469727,11.53479290008545,2089200
2004-09-16,17.412500381469727,17.622499465942383,17.412500381469727,17.565000534057617,11.635815620422363,1895200
2004-09-17,17.625,17.850000381469727,17.59749984741211,17.747499465942383,11.756711959838867,2230800
2004-09-20,17.75,18.09000015258789,17.75,17.895000457763672,11.854426383972168,2142000
2004-09-21,17.940000534057617,18.172500610351562,17.940000534057617,18.082500457763672,11.978632926940918,1670400
2004-09-22,18.0625,18.3125,17.875,18.217500686645508,12.068063735961914,3262800
2004-09-23,18.219999313354492,18.22249984741211,17.989999771118164,18.047500610351562,11.955446243286133,1353200
2004-09-24,18.03499984741211,18.049999237060547,17.704999923706055,17.927499771118164,11.875956535339355,1784000
2004-09-27,17.864999771118164,17.8799991607666,17.52750015258789,17.667499542236328,11.703721046447754,1398400
2004-09-28,17.6875,18.122499465942383,17.610000610351562,18.042499542236328,11.952138900756836,1591200
2004-09-29,18.112499237060547,18.420000076293945,18.075000762939453,18.267499923706055,12.101183891296387,2888800
2004-09-30,18.309999465942383,18.547500610351562,18.2549991607666,18.47249984741211,12.236985206604004,1607600
2004-10-01,18.420000076293945,18.892499923706055,18.375,18.825000762939453,12.470503807067871,2652000
2004-10-04,18.832500457763672,19.149999618530273,18.72249984741211,18.772499084472656,12.435721397399902,3024000
2004-10-05,18.77750015258789,18.78499984741211,18.6924991607666,18.747499465942383,12.419157981872559,1699200
2004-10-06,18.762500762939453,18.8700008392334,18.725000381469727,18.767499923706055,12.432404518127441,1260400
2004-10-07,18.774999618530273,18.815000534057617,18.407499313354492,18.467500686645508,12.233675956726074,1392000
2004-10-08,18.454999923706055,18.457500457763672,18.235000610351562,18.325000762939453,12.139280319213867,1183600
2004-10-11,18.4375,18.584999084472656,18.417499542236328,18.5,12.255203247070312,886000
2004-10-12,18.427499771118164,18.607500076293945,18.299999237060547,18.524999618530273,12.271770477294922,1956000
2004-10-13,18.5625,18.577499389648438,18.075000762939453,18.190000534057617,12.049845695495605,1980400
2004-10-14,18.149999618530273,18.15250015258789,17.75749969482422,17.905000686645508,11.861047744750977,2836000
2004-10-15,17.905000686645508,18.24250030517578,17.899999618530273,18.072500228881836,11.972006797790527,1822000
2004-10-18,18.087499618530273,18.252500534057617,17.850000381469727,18.225000381469727,12.073026657104492,1671200
2004-10-19,18.287500381469727,18.737499237060547,18.25,18.40999984741211,12.19558048248291,3264800
2004-10-20,19.024999618530273,19.237499237060547,17.950000762939453,18.184999465942383,12.046536445617676,9571600
2004-10-21,17.875,17.924999237060547,16.822500228881836,16.940000534057617,11.221795082092285,12011600
2004-10-22,17.0,17.212499618530273,16.52750015258789,16.5625,10.97171688079834,5526000
2004-10-25,16.584999084472656,16.97249984741211,16.434999465942383,16.897499084472656,11.193638801574707,4201200
2004-10-26,16.887500762939453,17.332500457763672,16.75,17.25,11.427145004272461,4836800
2004-10-27,17.25,17.545000076293945,16.975000381469727,17.450000762939453,11.559636116027832,4402800
2004-10-28,17.412500381469727,17.447500228881836,17.217500686645508,17.287500381469727,11.451991081237793,3368800
2004-10-29,17.290000915527344,17.662500381469727,17.107500076293945,17.520000457763672,11.606008529663086,3087200
2004-11-01,17.520000457763672,17.602500915527344,17.350000381469727,17.4950008392334,11.589447975158691,2686000
2004-11-02,17.587499618530273,17.7549991607666,17.125,17.412500381469727,11.53479290008545,6831200
2004-11-03,17.674999237060547,17.822500228881836,17.587499618530273,17.709999084472656,11.73187255859375,3287600
2004-11-04,17.75,18.612499237060547,17.737499237060547,18.532499313354492,12.276731491088867,5438000
2004-11-05,18.672500610351562,18.782499313354492,18.440000534057617,18.5674991607666,12.299917221069336,3386800
2004-11-08,18.61750030517578,18.6200008392334,18.354999542236328,18.387500762939453,12.18067455291748,2266400
2004-11-09,18.389999389648438,18.725000381469727,18.232500076293945,18.6875,12.379409790039062,2394400
2004-11-10,18.75,18.93000030517578,18.625,18.797500610351562,12.452279090881348,2401600
2004-11-11,18.825000762939453,19.059999465942383,18.774999618530273,18.997499465942383,12.58476448059082,1608400
2004-11-12,18.950000762939453,19.139999389648438,18.920000076293945,19.139999389648438,12.729421615600586,1671600
2004-11-15,19.0,19.34000015258789,19.0,19.142499923706055,12.731083869934082,2212800
2004-11-16,19.087499618530273,19.174999237060547,18.962499618530273,19.139999389648438,12.729421615600586,2415600
2004-11-17,19.274999618530273,19.712499618530273,19.237499237060547,19.545000076293945,12.998778343200684,2674400
2004-11-18,19.517499923706055,19.65999984741211,19.415000915527344,19.552499771118164,13.003764152526855,1446800
2004-11-19,19.552499771118164,19.5575008392334,19.225000381469727,19.237499237060547,12.794265747070312,1336000
2004-11-22,19.262500762939453,19.864999771118164,19.262500762939453,19.8174991607666,13.180000305175781,2485200
2004-11-23,19.940000534057617,19.940000534057617,19.405000686645508,19.6875,13.093548774719238,1932000
2004-11-24,19.6875,20.0,19.600000381469727,20.0,13.301389694213867,1460400
2004-11-26,19.975000381469727,19.975000381469727,19.815000534057617,19.912500381469727,13.24319076538086,748400
2004-11-29,19.975000381469727,19.9950008392334,19.5049991607666,19.9375,13.25981616973877,1796400
2004-11-30,19.987499237060547,20.0,19.850000381469727,19.905000686645508,13.23819637298584,2147200
2004-12-01,19.905000686645508,20.0,19.732500076293945,19.899999618530273,13.23487377166748,2341600
2004-12-02,19.90250015258789,20.427499771118164,19.75,19.770000457763672,13.148414611816406,4833600
2004-12-03,19.764999389648438,19.97249984741211,19.647499084472656,19.969999313354492,13.281426429748535,2012400
2004-12-06,19.875,19.875,19.354999542236328,19.424999237060547,12.918964385986328,4820000
2004-12-07,19.5625,19.649999618530273,19.127500534057617,19.1875,12.761015892028809,3415600
2004-12-08,19.25,19.362499237060547,19.1875,19.274999618530273,12.819210052490234,1696000
2004-12-09,19.1875,19.354999542236328,19.014999389648438,19.299999237060547,12.835835456848145,2513200
2004-12-10,19.252500534057617,19.46500015258789,19.227500915527344,19.375,12.885711669921875,1675200
2004-12-13,19.375,19.4950008392334,19.25749969482422,19.475000381469727,12.952218055725098,2472000
2004-12-14,19.5,19.84749984741211,19.46500015258789,19.762500762939453,13.14341926574707,3150000
2004-12-15,19.860000610351562,20.63249969482422,19.815000534057617,20.520000457763672,13.647217750549316,3806000
2004-12-16,20.457500457763672,20.625,20.329999923706055,20.415000915527344,13.577383995056152,5418400
2004-12-17,20.274999618530273,20.594999313354492,20.262500762939453,20.450000762939453,13.600663185119629,3016000
2004-12-20,20.450000762939453,20.667499542236328,20.327499389648438,20.587499618530273,13.692110061645508,2088000
2004-12-21,20.637500762939453,20.809999465942383,20.387500762939453,20.780000686645508,13.820137977600098,1674000
2004-12-22,20.674999237060547,20.985000610351562,20.674999237060547,20.934999465942383,13.923219680786133,1394800
2004-12-23,20.934999465942383,20.979999542236328,20.767499923706055,20.787500381469727,13.825113296508789,665600
2004-12-27,20.770000457763672,20.854999542236328,20.5049991607666,20.642499923706055,13.72868537902832,1660400
2004-12-28,20.642499923706055,21.125,20.642499923706055,21.104999542236328,14.036283493041992,951600
2004-12-29,21.0,21.1299991607666,20.907499313354492,21.087499618530273,14.024641990661621,779200
2004-12-30,21.09000015258789,21.167499542236328,20.8174991607666,20.954999923706055,13.936519622802734,1036800
2004-12-31,20.892499923706055,21.167499542236328,20.875,20.947500228881836,13.931535720825195,642800
2005-01-03,21.024999618530273,21.149999618530273,20.5,20.575000762939453,13.683791160583496,2045600
2005-01-04,20.637500762939453,20.822500228881836,19.922500610351562,20.092500686645508,13.362898826599121,3044400
2005-01-05,19.8125,19.850000381469727,19.100000381469727,19.217500686645508,12.780961990356445,7575200
2005-01-06,19.2450008392334,19.309999465942383,19.087499618530273,19.1299991607666,12.722768783569336,3963200
2005-01-07,19.127500534057617,19.127500534057617,18.592500686645508,18.762500762939453,12.478357315063477,7174000
2005-01-10,18.737499237060547,18.7450008392334,18.462499618530273,18.575000762939453,12.353659629821777,5370400
2005-01-11,18.577499389648438,18.927499771118164,18.5625,18.81999969482422,12.516599655151367,4512400
2005-01-12,18.987499237060547,19.024999618530273,18.787500381469727,18.885000228881836,12.55982780456543,4501600
2005-01-13,18.947500228881836,19.082500457763672,18.767499923706055,18.895000457763672,12.56648063659668,2865600
2005-01-14,18.957500457763672,19.157499313354492,18.9375,19.100000381469727,12.7028226852417,2137600
2005-01-18,19.100000381469727,19.350000381469727,18.815000534057617,19.302499771118164,12.837496757507324,2239600
2005-01-19,19.252500534057617,19.44499969482422,19.207500457763672,19.237499237060547,12.794265747070312,1478000
2005-01-20,19.19499969482422,19.19499969482422,18.84000015258789,18.917499542236328,12.581445693969727,2202400
2005-01-21,19.100000381469727,19.100000381469727,18.625,18.6924991607666,12.431805610656738,2164800
2005-01-24,18.702499389648438,18.797500610351562,18.422500610351562,18.475000381469727,12.287147521972656,2044400
2005-01-25,18.674999237060547,18.875,18.334999084472656,18.377500534057617,12.222305297851562,2801600
2005-01-26,18.399999618530273,18.497499465942383,18.297500610351562,18.469999313354492,12.283824920654297,3040400
2005-01-27,18.47249984741211,18.772499084472656,18.329999923706055,18.582500457763672,12.358650207519531,2099600
2005-01-28,18.627500534057617,18.700000762939453,18.49250030517578,18.690000534057617,12.430143356323242,1911200
2005-01-31,18.962499618530273,19.417499542236328,18.885000228881836,19.417499542236328,12.913976669311523,2614800
2005-02-01,19.524999618530273,19.837499618530273,19.375,19.760000228881836,13.14177131652832,2989200
2005-02-02,18.262500762939453,18.502500534057617,17.635000228881836,18.1875,12.095939636230469,20644800
2005-02-03,18.190000534057617,18.247499465942383,17.850000381469727,18.0625,12.01280689239502,5483200
2005-02-04,18.075000762939453,18.5,18.00749969482422,18.497499465942383,12.302112579345703,3868000
2005-02-07,18.512500762939453,18.907499313354492,18.475000381469727,18.725000381469727,12.453418731689453,2898800
2005-02-08,18.770000457763672,18.934999465942383,18.65250015258789,18.899999618530273,12.569807052612305,4080400
2005-02-09,18.90250015258789,18.90250015258789,18.424999237060547,18.427499771118164,12.2555570602417,3496400
2005-02-10,18.47249984741211,18.52750015258789,18.184999465942383,18.49250030517578,12.29879093170166,2673200
2005-02-11,18.5,18.725000381469727,18.350000381469727,18.627500534057617,12.388574600219727,1889200
2005-02-14,18.677499771118164,18.787500381469727,18.645000457763672,18.65999984741211,12.410188674926758,2096000
2005-02-15,18.649999618530273,18.649999618530273,18.325000762939453,18.4375,12.262208938598633,3585200
2005-02-16,18.4375,18.642499923706055,18.389999389648438,18.587499618530273,12.361971855163574,2789200
2005-02-17,18.514999389648438,18.649999618530273,18.19499969482422,18.202499389648438,12.154961585998535,3940000
2005-02-18,17.9375,18.0674991607666,17.647499084472656,18.012500762939453,12.028087615966797,6304800
2005-02-22,18.0,18.094999313354492,17.540000915527344,17.6299991607666,11.77266788482666,3868400
2005-02-23,17.684999465942383,18.235000610351562,17.672500610351562,18.049999237060547,12.053126335144043,5181200
2005-02-24,18.052499771118164,18.3125,17.825000762939453,18.25,12.186680793762207,2636000
2005-02-25,18.3125,18.677499771118164,18.162500381469727,18.549999237060547,12.387015342712402,3035200
2005-02-28,18.487499237060547,18.81999969482422,18.350000381469727,18.352500915527344,12.255132675170898,3836800
2005-03-01,18.415000915527344,18.762500762939453,18.40250015258789,18.72249984741211,12.502204895019531,3252000
2005-03-02,18.65999984741211,18.829999923706055,18.537500381469727,18.780000686645508,12.540597915649414,2516000
2005-03-03,18.795000076293945,18.822500228881836,18.489999771118164,18.575000762939453,12.403704643249512,3026400
2005-03-04,18.662500381469727,19.049999237060547,18.607500076293945,19.00749969482422,12.692512512207031,2527200
2005-03-07,18.94499969482422,19.274999618530273,18.912500381469727,19.162500381469727,12.796016693115234,2662800
2005-03-08,19.112499237060547,19.28499984741211,18.977500915527344,19.045000076293945,12.717550277709961,2031200
2005-03-09,19.012500762939453,19.092500686645508,18.719999313354492,18.719999313354492,12.500532150268555,2871600
2005-03-10,18.74250030517578,18.860000610351562,18.549999237060547,18.770000457763672,12.533921241760254,1797200
2005-03-11,18.8125,18.987499237060547,18.697500228881836,18.77750015258789,12.538924217224121,1497200
2005-03-14,18.797500610351562,18.924999237060547,18.747499465942383,18.90999984741211,12.627408027648926,1430800
2005-03-15,19.024999618530273,19.1825008392334,18.924999237060547,18.954999923706055,12.657459259033203,3268000
2005-03-16,18.860000610351562,18.862499237060547,18.422500610351562,18.497499465942383,12.351954460144043,3356400
2005-03-17,18.5,18.6875,18.462499618530273,18.532499313354492,12.375329971313477,2978000
2005-03-18,18.5575008392334,18.56999969482422,18.225000381469727,18.3174991607666,12.231755256652832,1994400
2005-03-21,18.299999237060547,18.510000228881836,18.162500381469727,18.420000076293945,12.300201416015625,1938800
2005-03-22,18.417499542236328,18.614999771118164,18.112499237060547,18.145000457763672,12.116573333740234,2685200
2005-03-23,18.0625,18.107500076293945,17.982500076293945,18.0049991607666,12.023080825805664,3547200
2005-03-24,18.05500030517578,18.34749984741211,18.05500030517578,18.21500015258789,12.163311004638672,1284400
2005-03-28,18.217500686645508,18.217500686645508,17.852500915527344,17.905000686645508,11.956306457519531,2553600
2005-03-29,17.88249969482422,17.952499389648438,17.147499084472656,17.227500915527344,11.50389289855957,4922800
2005-03-30,17.227500915527344,17.537500381469727,17.207500457763672,17.440000534057617,11.645795822143555,3134400
2005-03-31,17.440000534057617,17.752500534057617,17.397499084472656,17.587499618530273,11.744287490844727,2157200
2005-04-01,17.625,17.860000610351562,17.549999237060547,17.697500228881836,11.8177490234375,2799200
2005-04-04,17.68000030517578,17.69499969482422,17.264999389648438,17.512500762939453,11.694206237792969,4044000
2005-04-05,17.524999618530273,17.80500030517578,17.459999084472656,17.677499771118164,11.804388046264648,2141600
2005-04-06,17.6825008392334,17.684999465942383,17.392499923706055,17.399999618530273,11.619083404541016,3933600
2005-04-07,17.399999618530273,17.462499618530273,16.947500228881836,17.102500915527344,11.420425415039062,7270800
2005-04-08,17.125,17.237499237060547,16.707500457763672,16.725000381469727,11.168346405029297,4330000
2005-04-11,16.799999237060547,16.844999313354492,16.475000381469727,16.697500228881836,11.149979591369629,5077600
2005-04-12,16.700000762939453,17.25,16.672500610351562,17.157499313354492,11.457159042358398,4343200
2005-04-13,17.107500076293945,17.200000762939453,16.760000228881836,16.834999084472656,11.241798400878906,3980800
2005-04-14,16.912500381469727,17.049999237060547,16.434999465942383,16.542499542236328,11.04647445678711,6004000
2005-04-15,16.5,16.645000457763672,15.960000038146973,15.962499618530273,10.659175872802734,4630000
2005-04-18,16.002500534057617,16.450000762939453,15.897500038146973,16.28499984741211,10.874530792236328,3074400
2005-04-19,16.34749984741211,16.704999923706055,16.34749984741211,16.575000762939453,11.068182945251465,2218800
2005-04-20,16.875,17.002500534057617,16.49250030517578,16.4950008392334,11.01476001739502,6544800
2005-04-21,17.997499465942383,18.174999237060547,17.512500762939453,17.93000030517578,11.972997665405273,16090800
2005-04-22,17.99250030517578,18.012500762939453,17.71500015258789,17.822500228881836,11.901214599609375,4700000
2005-04-25,17.875,17.899999618530273,17.622499465942383,17.72249984741211,11.83443832397461,5924800
2005-04-26,17.725000381469727,17.93000030517578,17.477500915527344,17.512500762939453,11.694206237792969,5966000
2005-04-27,17.514999389648438,17.514999389648438,16.9424991607666,17.22249984741211,11.500556945800781,6063600
2005-04-28,17.22249984741211,17.280000686645508,17.030000686645508,17.032499313354492,11.37368392944336,2633600
2005-04-29,17.137500762939453,17.225000381469727,16.834999084472656,17.0,11.35197925567627,2670000
2005-05-02,17.049999237060547,17.4375,17.014999389648438,17.337499618530273,11.577348709106445,4002800
2005-05-03,16.875,17.299999237060547,16.497499465942383,16.540000915527344,11.044807434082031,11304800
2005-05-04,16.602500915527344,17.25,16.594999313354492,17.079999923706055,11.405399322509766,4954000
2005-05-05,16.975000381469727,17.19499969482422,16.802499771118164,16.950000762939453,11.31859016418457,2317600
2005-05-06,17.075000762939453,17.157499313354492,17.0049991607666,17.06999969482422,11.39871883392334,2911200
2005-05-09,17.13249969482422,17.13249969482422,16.795000076293945,16.940000534057617,11.311914443969727,2572000
2005-05-10,16.75,17.042499542236328,16.637500762939453,16.7549991607666,11.188371658325195,4684800
2005-05-11,16.7549991607666,16.815000534057617,16.392499923706055,16.770000457763672,11.198393821716309,4207200
2005-05-12,16.752500534057617,16.850000381469727,16.142499923706055,16.1875,10.809422492980957,4738800
2005-05-13,16.149999618530273,16.332500457763672,15.975000381469727,16.014999389648438,10.744010925292969,3635200
2005-05-16,16.075000762939453,16.4325008392334,16.0,16.375,10.985527992248535,3227200
2005-05-17,16.377500534057617,16.59000015258789,16.377500534057617,16.575000762939453,11.119699478149414,3337600
2005-05-18,16.625,17.200000762939453,16.61750030517578,16.950000762939453,11.371274948120117,2855600
2005-05-19,17.012500762939453,17.487499237060547,16.90999984741211,17.1924991607666,11.533965110778809,5002400
2005-05-20,17.225000381469727,17.225000381469727,17.0,17.100000381469727,11.471904754638672,2520000
2005-05-23,17.162500381469727,17.422500610351562,17.127500534057617,17.297500610351562,11.604405403137207,2906400
2005-05-24,17.25,17.292499542236328,17.037500381469727,17.165000915527344,11.515514373779297,2154400
2005-05-25,17.162500381469727,17.1875,16.940000534057617,17.002500534057617,11.406501770019531,1767200
2005-05-26,17.0575008392334,17.235000610351562,17.045000076293945,17.217500686645508,11.550740242004395,2497200
2005-05-27,17.174999237060547,17.295000076293945,17.162500381469727,17.227500915527344,11.557441711425781,801600
2005-05-31,17.1875,17.204999923706055,16.815000534057617,16.987499237060547,11.396434783935547,3289200
2005-06-01,16.924999237060547,17.377500534057617,16.809999465942383,17.282499313354492,11.594339370727539,3798000
2005-06-02,17.28499984741211,18.149999618530273,17.0575008392334,17.895000457763672,12.005252838134766,8940800
2005-06-03,17.895000457763672,17.90999984741211,17.7450008392334,17.842500686645508,11.970029830932617,3106800
2005-06-06,17.905000686645508,17.90999984741211,17.587499618530273,17.737499237060547,11.89958667755127,2623600
2005-06-07,17.8700008392334,18.125,17.84000015258789,17.872499465942383,11.990155220031738,3644000
2005-06-08,17.950000762939453,18.072500228881836,17.665000915527344,17.7450008392334,11.904621124267578,2374800
2005-06-09,17.787500381469727,17.80500030517578,17.49250030517578,17.732500076293945,11.896231651306152,4412800
2005-06-10,17.727500915527344,18.002500534057617,17.700000762939453,17.862499237060547,11.983444213867188,2156000
2005-06-13,17.862499237060547,18.212499618530273,17.799999237060547,18.00749969482422,12.080718994140625,1458400
2005-06-14,18.002500534057617,18.079999923706055,17.844999313354492,17.967500686645508,12.0538911819458,2487600
2005-06-15,18.030000686645508,18.087499618530273,17.6200008392334,17.8125,11.949902534484863,2131200
2005-06-16,17.924999237060547,18.142499923706055,17.899999618530273,18.09749984741211,12.141098976135254,3890000
2005-06-17,18.25,18.50749969482422,18.127500534057617,18.50749969482422,12.416163444519043,3402800
2005-06-20,18.44499969482422,18.579999923706055,18.34000015258789,18.5575008392334,12.449705123901367,2938000
2005-06-21,18.587499618530273,18.912500381469727,18.587499618530273,18.752500534057617,12.580519676208496,3885200
2005-06-22,18.799999237060547,18.875,18.642499923706055,18.719999313354492,12.55871868133545,1722400
2005-06-23,18.725000381469727,18.760000228881836,18.227500915527344,18.2450008392334,12.2400541305542,4405200
2005-06-24,18.25,18.342500686645508,18.014999389648438,18.075000762939453,12.126008033752441,4435200
2005-06-27,18.072500228881836,18.389999389648438,18.0674991607666,18.302499771118164,12.278631210327148,2811600
2005-06-28,18.364999771118164,19.0,18.364999771118164,18.88249969482422,12.66773796081543,3776800
2005-06-29,18.94499969482422,19.0,18.727500915527344,18.797500610351562,12.61070728302002,1187600
2005-06-30,18.860000610351562,18.907499313354492,18.577499389648438,18.65250015258789,12.513436317443848,3088400
2005-07-01,18.75,18.774999618530273,18.547500610351562,18.690000534057617,12.538596153259277,2197600
2005-07-05,18.587499618530273,18.872499465942383,18.40999984741211,18.712499618530273,12.553685188293457,3416800
2005-07-06,18.672500610351562,18.84749984741211,18.502500534057617,18.690000534057617,12.538596153259277,2990400
2005-07-07,18.540000915527344,18.642499923706055,18.389999389648438,18.625,12.494986534118652,2019200
2005-07-08,18.600000381469727,18.8125,18.542499542236328,18.7549991607666,12.582201957702637,1882400
2005-07-11,18.799999237060547,19.3125,18.795000076293945,19.25749969482422,12.919310569763184,2184400
2005-07-12,19.237499237060547,19.239999771118164,18.94499969482422,19.059999465942383,12.786820411682129,2620800
2005-07-13,19.0625,19.235000610351562,19.020000457763672,19.162500381469727,12.85558032989502,1045200
2005-07-14,19.162500381469727,19.77750015258789,19.162500381469727,19.7450008392334,13.246362686157227,3976000
2005-07-15,19.7450008392334,19.75,19.422500610351562,19.5625,13.12392520904541,2054800
2005-07-18,19.502500534057617,19.610000610351562,19.4375,19.524999618530273,13.098773002624512,1716000
2005-07-19,19.587499618530273,19.875,19.459999084472656,19.8125,13.291646003723145,1864400
2005-07-20,19.75,20.274999618530273,19.600000381469727,20.237499237060547,13.576765060424805,2378800
2005-07-21,20.299999237060547,20.9375,20.047500610351562,20.885000228881836,14.011157989501953,6096800
2005-07-22,21.737499237060547,22.002500534057617,21.072500228881836,21.52750015258789,14.442190170288086,11863200
2005-07-25,21.59000015258789,21.649999618530273,21.232500076293945,21.2450008392334,14.252671241760254,4707600
2005-07-26,21.270000457763672,21.537500381469727,21.21500015258789,21.315000534057617,14.299631118774414,2377600
2005-07-27,21.25,21.4375,20.94499969482422,20.989999771118164,14.0816011428833,4068400
2005-07-28,21.024999618530273,21.53499984741211,21.024999618530273,21.417499542236328,14.368403434753418,2761200
2005-07-29,21.469999313354492,21.59749984741211,21.299999237060547,21.360000610351562,14.329821586608887,1681600
2005-08-01,21.422500610351562,21.512500762939453,21.3125,21.452499389648438,14.391879081726074,1551200
2005-08-02,21.452499389648438,21.600000381469727,21.287500381469727,21.475000381469727,14.406972885131836,2420400
2005-08-03,21.4375,21.46500015258789,21.2450008392334,21.34749984741211,14.321435928344727,1881600
2005-08-04,21.34749984741211,21.46500015258789,21.19499969482422,21.337499618530273,14.314724922180176,2634400
2005-08-05,21.392499923706055,21.417499542236328,21.03499984741211,21.052499771118164,14.123527526855469,1640800
2005-08-08,21.174999237060547,21.362499237060547,21.100000381469727,21.167499542236328,14.200679779052734,1661600
2005-08-09,21.229999542236328,21.434999465942383,21.167499542236328,21.372499465942383,14.338208198547363,2843200
2005-08-10,21.5,21.940000534057617,21.5,21.829999923706055,14.645133018493652,4625600
2005-08-11,21.875,21.924999237060547,21.5674991607666,21.69499969482422,14.554557800292969,2067200
2005-08-12,21.662500381469727,21.662500381469727,21.292499542236328,21.40999984741211,14.363360404968262,1697600
2005-08-15,21.40999984741211,21.647499084472656,21.282499313354492,21.55500030517578,14.46064281463623,1502800
2005-08-16,21.454999923706055,21.454999923706055,20.924999237060547,21.020000457763672,14.150967597961426,2052800
2005-08-17,20.950000762939453,21.107500076293945,20.700000762939453,21.012500762939453,14.145915985107422,2118000
2005-08-18,20.975000381469727,21.15999984741211,20.877500534057617,21.104999542236328,14.2081937789917,1694800
2005-08-19,21.25,21.334999084472656,21.139999389648438,21.297500610351562,14.337780952453613,1672000
2005-08-22,21.360000610351562,21.549999237060547,21.02750015258789,21.145000457763672,14.235115051269531,1419200
2005-08-23,21.145000457763672,21.184999465942383,20.760000228881836,21.040000915527344,14.16442584991455,2144000
2005-08-24,21.042499542236328,21.372499465942383,20.907499313354492,20.975000381469727,14.1206693649292,1761200
2005-08-25,21.25,21.8075008392334,21.172500610351562,21.487499237060547,14.46568775177002,3592800
2005-08-26,21.540000915527344,21.582500457763672,21.104999542236328,21.177499771118164,14.25699234008789,1190800
2005-08-29,21.125,21.514999389648438,20.962499618530273,21.477500915527344,14.458958625793457,1268800
2005-08-30,21.475000381469727,21.475000381469727,21.065000534057617,21.227500915527344,14.290654182434082,1898800
2005-08-31,21.25749969482422,21.61750030517578,21.147499084472656,21.61750030517578,14.553208351135254,2500400
2005-09-01,21.614999771118164,21.65999984741211,21.475000381469727,21.610000610351562,14.548157691955566,1645600
2005-09-02,21.6825008392334,21.702499389648438,21.424999237060547,21.542499542236328,14.502717018127441,1423200
2005-09-06,21.587499618530273,21.9375,21.549999237060547,21.897499084472656,14.741711616516113,1516000
2005-09-07,21.924999237060547,22.40250015258789,21.764999389648438,22.389999389648438,15.073260307312012,2566000
2005-09-08,22.387500762939453,22.407499313354492,22.0674991607666,22.122499465942383,14.89318561553955,2543200
2005-09-09,22.122499465942383,22.207500457763672,21.905000686645508,22.170000076293945,14.925158500671387,1212800
2005-09-12,22.232500076293945,23.469999313354492,22.232500076293945,23.309999465942383,15.692619323730469,5896000
2005-09-13,23.417499542236328,23.417499542236328,22.625,23.052499771118164,15.519275665283203,2428400
2005-09-14,22.975000381469727,22.975000381469727,22.59749984741211,22.670000076293945,15.261770248413086,1560000
2005-09-15,22.697500228881836,22.802499771118164,22.5,22.549999237060547,15.180980682373047,979600
2005-09-16,22.700000762939453,23.02750015258789,22.665000915527344,23.0049991607666,15.487290382385254,2677200
2005-09-19,23.0575008392334,23.065000534057617,22.4424991607666,22.662500381469727,15.256715774536133,1740400
2005-09-20,22.662500381469727,22.75749969482422,22.235000610351562,22.350000381469727,15.046329498291016,2177600
2005-09-21,22.325000762939453,22.832500457763672,22.252500534057617,22.565000534057617,15.191072463989258,2630000
2005-09-22,22.5575008392334,22.610000610351562,22.157499313354492,22.392499923706055,15.074946403503418,1705600
2005-09-23,22.392499923706055,22.542499542236328,22.15250015258789,22.4375,15.105244636535645,1728400
2005-09-26,21.592500686645508,22.0575008392334,21.5,21.8700008392334,14.723191261291504,5850400
2005-09-27,21.852500915527344,22.017499923706055,21.74250030517578,21.889999389648438,14.736652374267578,2438000
2005-09-28,21.975000381469727,21.989999771118164,21.587499618530273,21.645000457763672,14.571722030639648,1795600
2005-09-29,21.645000457763672,21.760000228881836,21.4375,21.72249984741211,14.623888969421387,2640000
2005-09-30,21.674999237060547,22.082500457763672,21.674999237060547,21.997499465942383,14.80903148651123,1817600
2005-10-03,21.93000030517578,22.084999084472656,21.827499389648438,21.989999771118164,14.803973197937012,1620400
2005-10-04,22.045000076293945,22.052499771118164,21.524999618530273,21.5674991607666,14.519547462463379,2399200
2005-10-05,21.5049991607666,21.5049991607666,20.842500686645508,20.88249969482422,14.058392524719238,3462400
2005-10-06,20.8799991607666,20.885000228881836,20.420000076293945,20.71500015258789,13.94562816619873,2999600
2005-10-07,20.75,20.892499923706055,20.514999389648438,20.782499313354492,13.991080284118652,2097600
2005-10-10,20.75,20.782499313354492,20.462499618530273,20.497499465942383,13.799203872680664,2459200
2005-10-11,20.497499465942383,20.764999389648438,20.125,20.237499237060547,13.624168395996094,2848000
2005-10-12,20.2549991607666,20.452499389648438,20.020000457763672,20.107500076293945,13.536652565002441,2010400
2005-10-13,20.049999237060547,20.174999237060547,19.969999313354492,20.107500076293945,13.536652565002441,4152800
2005-10-14,20.1924991607666,20.46500015258789,20.149999618530273,20.354999542236328,13.703269004821777,2133200
2005-10-17,20.4375,20.575000762939453,20.25749969482422,20.36750030517578,13.711692810058594,1313600
2005-10-18,20.274999618530273,20.395000457763672,20.024999618530273,20.162500381469727,13.57367992401123,1839600
2005-10-19,20.162500381469727,20.452499389648438,19.877500534057617,20.440000534057617,13.760499000549316,1672800
2005-10-20,20.375,20.667499542236328,20.082500457763672,20.155000686645508,13.568633079528809,2664800
2005-10-21,20.0,20.127500534057617,19.450000762939453,19.552499771118164,13.16302490234375,5343200
2005-10-24,19.552499771118164,20.237499237060547,19.524999618530273,20.162500381469727,13.57367992401123,3496400
2005-10-25,20.037500381469727,20.405000686645508,19.962499618530273,20.262500762939453,13.641002655029297,1526400
2005-10-26,20.149999618530273,20.625,20.110000610351562,20.252500534057617,13.634275436401367,2002800
2005-10-27,21.125,21.202499389648438,20.1825008392334,20.25,13.632586479187012,3896400
2005-10-28,20.5,20.97249984741211,20.450000762939453,20.852500915527344,14.038200378417969,3416400
2005-10-31,21.037500381469727,21.524999618530273,20.9950008392334,21.342500686645508,14.368075370788574,3607200
2005-11-01,21.350000381469727,21.690000534057617,21.350000381469727,21.532499313354492,14.495986938476562,2254000
2005-11-02,21.5,21.8125,21.497499465942383,21.614999771118164,14.551521301269531,2872400
2005-11-03,21.774999618530273,22.0575008392334,21.5625,21.71500015258789,14.618849754333496,2407200
2005-11-04,21.697500228881836,21.86750030517578,21.594999313354492,21.627500534057617,14.559941291809082,1716800
2005-11-07,21.6299991607666,22.11750030517578,21.5575008392334,22.09749984741211,14.87634563446045,2517600
2005-11-08,22.0625,22.327499389648438,21.927499771118164,22.280000686645508,14.99921989440918,2842000
2005-11-09,21.899999618530273,22.3700008392334,21.899999618530273,22.087499618530273,14.86961841583252,3599200
2005-11-10,22.087499618530273,22.102500915527344,21.53499984741211,21.97249984741211,14.792198181152344,4352400
2005-11-11,22.03499984741211,22.15999984741211,21.6875,21.767499923706055,14.654183387756348,2054000
2005-11-14,21.702499389648438,21.889999389648438,21.59749984741211,21.71500015258789,14.669395446777344,1520000
2005-11-15,21.639999389648438,21.737499237060547,21.387500762939453,21.485000610351562,14.514019012451172,2585600
2005-11-16,21.524999618530273,21.677499771118164,21.3799991607666,21.482500076293945,14.51233196258545,2182400
2005-11-17,21.649999618530273,21.649999618530273,21.36750030517578,21.537500381469727,14.549481391906738,2908800
2005-11-18,21.600000381469727,21.825000762939453,21.5674991607666,21.822500228881836,14.742009162902832,2560800
2005-11-21,21.924999237060547,22.0,21.75,21.962499618530273,14.836586952209473,1312800
2005-11-22,21.899999618530273,22.235000610351562,21.84000015258789,22.235000610351562,15.020670890808105,1544000
2005-11-23,22.172500610351562,22.25,22.040000915527344,22.167499542236328,14.975069999694824,1032400
2005-11-25,22.1875,22.247499465942383,22.0575008392334,22.162500381469727,14.971698760986328,248800
2005-11-28,22.287500381469727,22.350000381469727,22.052499771118164,22.110000610351562,14.936227798461914,1554400
2005-11-29,22.157499313354492,22.225000381469727,22.047500610351562,22.075000762939453,14.912585258483887,1112800
2005-11-30,22.162500381469727,22.600000381469727,22.125,22.25,15.030799865722656,5064400
2005-12-01,22.399999618530273,22.895000457763672,22.397499084472656,22.829999923706055,15.42261028289795,2454800
2005-12-02,22.875,22.927499771118164,22.387500762939453,22.514999389648438,15.209827423095703,1465600
2005-12-05,22.5,22.747499465942383,22.225000381469727,22.707500457763672,15.339861869812012,2685200
2005-12-06,22.707500457763672,22.712499618530273,22.325000762939453,22.4375,15.157469749450684,3560800
2005-12-07,22.4375,22.4375,22.059999465942383,22.137500762939453,14.954802513122559,2022800
2005-12-08,22.1875,22.225000381469727,21.575000762939453,21.657499313354492,14.630555152893066,4013600
2005-12-09,21.707500457763672,22.020000457763672,21.707500457763672,21.899999618530273,14.794370651245117,2150800
2005-12-12,21.979999542236328,22.219999313354492,21.809999465942383,21.924999237060547,14.811250686645508,2410800
2005-12-13,21.899999618530273,22.13249969482422,21.862499237060547,21.977500915527344,14.846723556518555,3063600
2005-12-14,22.0,22.262500762939453,22.0,22.084999084472656,14.919337272644043,1413600
2005-12-15,22.147499084472656,22.200000762939453,21.952499389648438,22.100000381469727,14.929472923278809,4190000
2005-12-16,22.487499237060547,22.662500381469727,22.25,22.252500534057617,15.032490730285645,5813200
2005-12-19,22.337499618530273,22.350000381469727,21.917499542236328,21.962499618530273,14.836586952209473,7348800
2005-12-20,21.962499618530273,22.0,21.670000076293945,21.677499771118164,14.644057273864746,4258800
2005-12-21,21.739999771118164,22.25749969482422,21.704999923706055,22.107500076293945,14.93454360961914,4460400
2005-12-22,22.1200008392334,22.422500610351562,22.107500076293945,22.40250015258789,15.133831024169922,2639200
2005-12-23,22.649999618530273,22.857500076293945,22.524999618530273,22.75749969482422,15.373641014099121,2660000
2005-12-27,22.81999969482422,23.125,22.604999542236328,22.604999542236328,15.270623207092285,3246000
2005-12-28,22.667499542236328,22.9375,22.5625,22.895000457763672,15.466534614562988,1861200
2005-12-29,22.912500381469727,23.072500228881836,22.857500076293945,22.895000457763672,15.466534614562988,1694400
2005-12-30,22.725000381469727,22.727500915527344,22.3799991607666,22.4325008392334,15.154095649719238,2404800
2006-01-03,22.587499618530273,22.717500686645508,22.172500610351562,22.717500686645508,15.34661865234375,3357600
2006-01-04,22.717500686645508,24.2450008392334,22.65250015258789,23.885000228881836,16.135318756103516,8954400
2006-01-05,23.887500762939453,23.967500686645508,23.399999618530273,23.549999237060547,15.909008979797363,4472800
2006-01-06,23.875,24.1299991607666,23.610000610351562,23.825000762939453,16.09478187561035,2256000
2006-01-09,23.887500762939453,24.232500076293945,23.875,24.0625,16.255220413208008,3642000
2006-01-10,24.022499084472656,24.0625,23.72249984741211,23.997499465942383,16.211307525634766,4486000
2006-01-11,24.075000762939453,24.325000762939453,23.977500915527344,24.237499237060547,16.373443603515625,2821200
2006-01-12,24.237499237060547,24.457500457763672,24.237499237060547,24.3799991607666,16.469711303710938,2947600
2006-01-13,24.3799991607666,24.467500686645508,23.969999313354492,24.142499923706055,16.30927085876465,1940800
2006-01-17,24.079999923706055,24.087499618530273,23.667499542236328,23.767499923706055,16.055931091308594,2226800
2006-01-18,23.61750030517578,24.149999618530273,23.602500915527344,24.075000762939453,16.263669967651367,2014000
2006-01-19,24.087499618530273,24.15250015258789,23.844999313354492,23.9375,16.170780181884766,2120800
2006-01-20,23.9375,23.9375,23.34749984741211,23.427499771118164,15.826255798339844,2598800
2006-01-23,23.427499771118164,23.43000030517578,23.125,23.350000381469727,15.773898124694824,2731600
2006-01-24,23.450000762939453,23.6875,23.440000534057617,23.61750030517578,15.954607009887695,2451200
2006-01-25,23.797500610351562,23.84749984741211,23.399999618530273,23.5049991607666,15.87861156463623,2000000
2006-01-26,23.6875,23.924999237060547,23.19499969482422,23.479999542236328,15.861715316772461,3356000
2006-01-27,23.59000015258789,25.049999237060547,23.524999618530273,24.977500915527344,16.873342514038086,5935600
2006-01-30,24.747499465942383,25.104999542236328,24.40250015258789,24.610000610351562,16.625078201293945,6630000
2006-01-31,24.610000610351562,24.612499237060547,24.06999969482422,24.325000762939453,16.432552337646484,4533600
2006-02-01,24.512500762939453,25.049999237060547,24.40999984741211,24.979999542236328,16.87504005432129,3804400
2006-02-02,25.225000381469727,25.467500686645508,24.40999984741211,24.462499618530273,16.525434494018555,5309600
2006-02-03,24.462499618530273,25.079999923706055,24.25,25.024999618530273,16.90542984008789,4037600
2006-02-06,25.0,25.59749984741211,24.977500915527344,25.502500534057617,17.22800636291504,3840800
2006-02-07,25.287500381469727,25.524999618530273,24.832500457763672,24.864999771118164,16.797346115112305,4226800
2006-02-08,24.8125,25.112499237060547,24.637500762939453,24.924999237060547,16.837879180908203,2818800
2006-02-09,24.950000762939453,25.22249984741211,24.86750030517578,24.927499771118164,16.839561462402344,2127200
2006-02-10,25.0,25.227500915527344,24.674999237060547,24.969999313354492,16.868276596069336,3116800
2006-02-13,24.969999313354492,25.200000762939453,24.725000381469727,24.875,16.80410385131836,4133200
2006-02-14,24.872499465942383,25.25749969482422,24.637500762939453,25.15999984741211,16.996625900268555,2941200
2006-02-15,25.22249984741211,26.174999237060547,25.092500686645508,25.975000381469727,17.547195434570312,4198000
2006-02-16,25.975000381469727,26.360000610351562,25.790000915527344,26.100000381469727,17.63163948059082,2725600
2006-02-17,25.954999923706055,26.327499389648438,25.954999923706055,26.11750030517578,17.694303512573242,2700800
2006-02-21,26.1875,26.662500381469727,26.125,26.267499923706055,17.79592514038086,2406000
2006-02-22,26.329999923706055,26.90250015258789,26.329999923706055,26.88249969482422,18.212589263916016,9240800
2006-02-23,26.88249969482422,26.962499618530273,26.6299991607666,26.690000534057617,18.082162857055664,7288800
2006-02-24,26.737499237060547,26.9424991607666,26.537500381469727,26.885000228881836,18.214279174804688,1512800
2006-02-27,26.99250030517578,27.649999618530273,26.977500915527344,27.225000381469727,18.44462776184082,3421600
2006-02-28,27.227500915527344,27.229999542236328,26.8799991607666,27.06999969482422,18.339609146118164,2684800
2006-03-01,27.05500030517578,27.482500076293945,27.040000915527344,27.329999923706055,18.515769958496094,2417200
2006-03-02,27.155000686645508,27.197500228881836,26.88249969482422,27.024999618530273,18.30912971496582,2846400
2006-03-03,26.674999237060547,27.342500686645508,26.65999984741211,27.145000457763672,18.390424728393555,2253600
2006-03-06,27.049999237060547,27.079999923706055,26.362499237060547,26.450000762939453,17.91956901550293,4274800
2006-03-07,26.450000762939453,26.674999237060547,26.012500762939453,26.350000381469727,17.851816177368164,2661200
2006-03-08,26.174999237060547,26.280000686645508,25.770000457763672,26.15999984741211,17.723100662231445,3825600
2006-03-09,26.127500534057617,26.1875,25.844999313354492,25.854999542236328,17.516469955444336,2199600
2006-03-10,25.857500076293945,26.1875,25.637500762939453,26.165000915527344,17.726486206054688,3280800
2006-03-13,26.3125,26.5,26.09749984741211,26.149999618530273,17.716320037841797,2793600
2006-03-14,26.149999618530273,26.670000076293945,25.997499465942383,26.5,17.953447341918945,4019600
2006-03-15,26.602500915527344,27.045000076293945,26.417499542236328,27.042499542236328,18.32098388671875,2628000
2006-03-16,27.212499618530273,27.322500228881836,26.954999923706055,27.014999389648438,18.30235481262207,2506000
2006-03-17,27.022499084472656,27.09749984741211,26.825000762939453,26.950000762939453,18.258319854736328,2282400
2006-03-20,26.9375,27.114999771118164,26.8174991607666,27.042499542236328,18.32098388671875,1987200
2006-03-21,27.042499542236328,27.042499542236328,26.270000457763672,26.329999923706055,17.838268280029297,3130000
2006-03-22,26.377500534057617,26.799999237060547,26.377500534057617,26.75,18.12281608581543,3145200
2006-03-23,26.75,26.75,26.0,26.1924991607666,17.7451229095459,3321200
2006-03-24,26.21500015258789,26.399999618530273,25.954999923706055,26.282499313354492,17.806095123291016,2186400
2006-03-27,26.25,26.50749969482422,26.207500457763672,26.50749969482422,17.958528518676758,1569200
2006-03-28,26.450000762939453,26.452499389648438,26.012500762939453,26.162500381469727,17.724790573120117,2083200
2006-03-29,26.104999542236328,26.40250015258789,25.940000534057617,26.287500381469727,17.809478759765625,2728000
2006-03-30,26.274999618530273,26.485000610351562,25.877500534057617,26.014999389648438,17.624862670898438,3256000
2006-03-31,26.06999969482422,26.377500534057617,25.905000686645508,26.274999618530273,17.801010131835938,3221600
2006-04-03,26.325000762939453,26.565000534057617,25.997499465942383,26.200000762939453,17.750202178955078,3812000
2006-04-04,26.200000762939453,26.774999618530273,26.100000381469727,26.427499771118164,17.90432357788086,3839200
2006-04-05,26.625,26.737499237060547,26.350000381469727,26.6875,18.080474853515625,2053200
2006-04-06,26.690000534057617,26.770000457763672,26.1924991607666,26.227500915527344,17.76883316040039,2931600
2006-04-07,26.337499618530273,26.5575008392334,26.149999618530273,26.342500686645508,17.84674072265625,2915600
2006-04-10,26.549999237060547,27.049999237060547,26.422500610351562,26.9950008392334,18.28880500793457,4159600
2006-04-11,27.125,27.287500381469727,26.600000381469727,26.729999542236328,18.109262466430664,3092400
2006-04-12,26.725000381469727,26.727500915527344,26.4325008392334,26.522499084472656,17.968692779541016,2091600
2006-04-13,26.549999237060547,26.802499771118164,26.397499084472656,26.6875,18.080474853515625,1983200
2006-04-17,26.8125,27.032499313354492,26.707500457763672,26.772499084472656,18.138057708740234,2650400
2006-04-18,26.834999084472656,27.537500381469727,26.822500228881836,27.434999465942383,18.586902618408203,4555600
2006-04-19,27.447500228881836,28.0,27.434999465942383,27.9424991607666,18.930723190307617,3736800
2006-04-20,27.924999237060547,28.0,27.479999542236328,27.497499465942383,18.629241943359375,3062000
2006-04-21,27.625,27.6875,27.290000915527344,27.417499542236328,18.575037002563477,2433200
2006-04-24,27.420000076293945,27.729999542236328,27.299999237060547,27.674999237060547,18.74950408935547,2444800
2006-04-25,27.825000762939453,28.212499618530273,27.399999618530273,27.5575008392334,18.669893264770508,3097200
2006-04-26,27.649999618530273,28.227500915527344,27.649999618530273,28.11750030517578,19.049283981323242,2871600
2006-04-27,27.86750030517578,28.010000228881836,27.19499969482422,27.200000762939453,18.427692413330078,3845600
2006-04-28,27.202499389648438,27.204999923706055,25.5625,26.125,17.699390411376953,15042000
2006-05-01,26.375,27.25,26.299999237060547,26.934999465942383,18.248149871826172,9116000
2006-05-02,27.22249984741211,27.22249984741211,26.325000762939453,26.450000762939453,17.91956901550293,5659200
2006-05-03,26.325000762939453,26.61750030517578,25.97249984741211,26.600000381469727,18.021198272705078,6888800
2006-05-04,26.649999618530273,26.875,26.475000381469727,26.514999389648438,17.963605880737305,2480800
2006-05-05,26.762500762939453,27.092500686645508,26.625,27.0674991607666,18.337919235229492,3643600
2006-05-08,27.212499618530273,27.237499237060547,26.9375,27.0575008392334,18.331146240234375,2618800
2006-05-09,27.02750015258789,27.690000534057617,26.950000762939453,27.592500686645508,18.693605422973633,3531200
2006-05-10,27.655000686645508,29.075000762939453,27.65250015258789,28.719999313354492,19.457469940185547,20468000
2006-05-11,28.96500015258789,29.420000076293945,28.93000030517578,29.1825008392334,19.770811080932617,6534000
2006-05-12,29.167499542236328,29.170000076293945,28.207500457763672,28.450000762939453,19.274545669555664,7450000
2006-05-15,28.40250015258789,28.524999618530273,27.809999465942383,28.165000915527344,19.08146095275879,4689200
2006-05-16,28.09000015258789,28.732500076293945,27.975000381469727,28.100000381469727,19.088258743286133,4543200
2006-05-17,28.075000762939453,28.1299991607666,27.1875,27.264999389648438,18.52104377746582,6180400
2006-05-18,27.264999389648438,27.735000610351562,26.982500076293945,26.989999771118164,18.33423614501953,4987200
2006-05-19,27.200000762939453,27.962499618530273,27.002500534057617,27.43000030517578,18.63312339782715,7738400
2006-05-22,27.43000030517578,27.4325008392334,26.094999313354492,26.642499923706055,18.098186492919922,7265200
2006-05-23,27.25,27.717500686645508,26.8174991607666,26.922500610351562,18.28838348388672,5394800
2006-05-24,26.922500610351562,27.4325008392334,26.530000686645508,27.100000381469727,18.408958435058594,4494000
2006-05-25,27.3075008392334,27.4950008392334,26.84000015258789,27.225000381469727,18.49387550354004,4198800
2006-05-26,26.5,27.799999237060547,26.5,27.512500762939453,18.689167022705078,5666800
2006-05-30,27.514999389648438,27.514999389648438,26.762500762939453,26.8125,18.213659286499023,4624400
2006-05-31,27.037500381469727,27.59749984741211,26.950000762939453,27.552499771118164,18.71634292602539,7399600
2006-06-01,27.584999084472656,28.3125,27.475000381469727,28.172500610351562,19.137502670288086,5116000
2006-06-02,28.415000915527344,28.420000076293945,27.600000381469727,28.024999618530273,19.03730583190918,5791200
2006-06-05,28.02750015258789,28.0575008392334,27.239999771118164,27.287500381469727,18.536327362060547,3622400
2006-06-06,27.397499084472656,27.420000076293945,26.622499465942383,26.850000381469727,18.239139556884766,5175600
2006-06-07,26.924999237060547,27.3125,26.434999465942383,26.4424991607666,17.96232795715332,4002800
2006-06-08,26.3799991607666,26.3799991607666,25.274999618530273,26.012500762939453,17.67022132873535,9092000
2006-06-09,26.1299991607666,26.44499969482422,25.857500076293945,26.127500534057617,17.74834442138672,3822000
2006-06-12,26.0,26.100000381469727,25.247499465942383,25.299999237060547,17.186220169067383,3942400
2006-06-13,25.299999237060547,25.6875,25.0625,25.232500076293945,17.140369415283203,4951600
2006-06-14,25.332500457763672,26.177499771118164,25.327499389648438,26.170000076293945,17.777217864990234,6802400
2006-06-15,26.399999618530273,26.99250030517578,26.399999618530273,26.795000076293945,18.201780319213867,5708000
2006-06-16,26.75,27.094999313354492,26.482500076293945,26.582500457763672,18.05742835998535,3329200
2006-06-19,26.799999237060547,26.850000381469727,26.327499389648438,26.75,18.171199798583984,5279200
2006-06-20,26.770000457763672,27.412500381469727,26.642499923706055,27.237499237060547,18.502363204956055,5143600
2006-06-21,27.22249984741211,28.267499923706055,27.0625,27.7549991607666,18.853899002075195,5756800
2006-06-22,27.600000381469727,27.702499389648438,27.209999084472656,27.645000457763672,18.779184341430664,3610400
2006-06-23,27.5,28.02750015258789,27.40250015258789,27.65999984741211,18.789365768432617,2181600
2006-06-26,27.700000762939453,28.075000762939453,27.700000762939453,27.96500015258789,18.996557235717773,2295200
2006-06-27,28.112499237060547,28.325000762939453,27.702499389648438,27.717500686645508,18.82842254638672,4090000
2006-06-28,27.875,28.28499984741211,27.764999389648438,28.260000228881836,19.196945190429688,4312400
2006-06-29,28.524999618530273,29.875,28.462499618530273,29.762500762939453,20.217592239379883,7807200
2006-06-30,29.764999389648438,30.6875,29.764999389648438,30.5625,20.761030197143555,6188000
2006-07-03,30.872499465942383,30.872499465942383,30.3174991607666,30.407499313354492,20.655742645263672,1938800
2006-07-05,30.407499313354492,30.407499313354492,29.68000030517578,29.822500228881836,20.258342742919922,5841200
2006-07-06,30.112499237060547,30.30500030517578,29.727500915527344,29.84749984741211,20.275331497192383,3894800
2006-07-07,29.84749984741211,29.84749984741211,29.264999389648438,29.407499313354492,19.9764404296875,2923200
2006-07-10,29.649999618530273,29.950000762939453,29.385000228881836,29.579999923706055,20.0936222076416,2275200
2006-07-11,29.517499923706055,29.887500762939453,29.114999771118164,29.792499542236328,20.237964630126953,4207200
2006-07-12,29.792499542236328,30.0625,29.625,29.71500015258789,20.18531608581543,3407600
2006-07-13,29.399999618530273,29.52750015258789,28.787500381469727,28.885000228881836,19.621509552001953,5001600
2006-07-14,28.885000228881836,28.950000762939453,28.087499618530273,28.592500686645508,19.42280387878418,3605600
2006-07-17,28.475000381469727,28.537500381469727,28.012500762939453,28.100000381469727,19.088258743286133,3328000
2006-07-18,28.287500381469727,28.475000381469727,27.6924991607666,28.337499618530273,19.249589920043945,3954000
2006-07-19,28.549999237060547,29.462499618530273,28.549999237060547,29.075000762939453,19.750574111938477,4815600
2006-07-20,29.375,29.497499465942383,28.024999618530273,28.065000534057617,19.064483642578125,4481200
2006-07-21,28.290000915527344,28.315000534057617,27.125,27.337499618530273,18.57029914855957,5676400
2006-07-24,27.489999771118164,28.602500915527344,27.44499969482422,28.487499237060547,19.351486206054688,4291200
2006-07-25,28.350000381469727,28.702499389648438,28.012500762939453,28.387500762939453,19.283565521240234,3947600
2006-07-26,28.387500762939453,28.899999618530273,27.844999313354492,28.299999237060547,19.22410774230957,5336800
2006-07-27,29.75,29.75,27.454999923706055,27.920000076293945,18.965988159179688,9006800
2006-07-28,28.197500228881836,29.084999084472656,27.977500915527344,28.899999618530273,19.63170051574707,6411600
2006-07-31,28.887500762939453,29.40999984741211,28.672500610351562,29.25,19.869447708129883,3860400
2006-08-01,29.25,29.407499313354492,28.8174991607666,29.149999618530273,19.80152130126953,3506400
2006-08-02,29.25,29.459999084472656,28.862499237060547,29.197500228881836,19.833791732788086,2740000
2006-08-03,29.052499771118164,30.002500534057617,28.950000762939453,29.81999969482422,20.25665283203125,4250400
2006-08-04,30.125,30.584999084472656,29.537500381469727,30.072500228881836,20.42816925048828,7140800
2006-08-07,29.90250015258789,30.672500610351562,29.75,30.59000015258789,20.779712677001953,5313200
2006-08-08,30.674999237060547,30.797500610351562,29.887500762939453,29.9424991607666,20.339862823486328,5640400
2006-08-09,30.1924991607666,30.315000534057617,29.18000030517578,29.25,19.869447708129883,5955600
2006-08-10,29.25,29.572500228881836,28.975000381469727,29.530000686645508,20.05965805053711,3897200
2006-08-11,29.467500686645508,29.467500686645508,28.799999237060547,28.93000030517578,19.65207290649414,4180400
2006-08-14,29.18000030517578,29.457500457763672,28.739999771118164,28.875,19.61471939086914,4110000
2006-08-15,29.125,29.822500228881836,29.092500686645508,29.787500381469727,20.234577178955078,2807200
2006-08-16,29.924999237060547,30.272499084472656,29.592500686645508,30.11750030517578,20.52074432373047,6558400
2006-08-17,30.11750030517578,31.24250030517578,30.00749969482422,30.987499237060547,21.1135196685791,6293600
2006-08-18,30.875,30.96500015258789,30.137500762939453,30.524999618530273,20.798397064208984,4528000
2006-08-21,30.524999618530273,30.524999618530273,30.11750030517578,30.292499542236328,20.639978408813477,2907600
2006-08-22,30.292499542236328,30.457500457763672,29.957500457763672,30.072500228881836,20.490083694458008,2515600
2006-08-23,30.125,30.3700008392334,29.639999389648438,29.860000610351562,20.345294952392578,2568800
2006-08-24,29.927499771118164,29.934999465942383,29.315000534057617,29.399999618530273,20.0318660736084,2492800
2006-08-25,28.844999313354492,28.872499465942383,28.149999618530273,28.579999923706055,19.473155975341797,6928800
2006-08-28,28.4375,29.082500457763672,28.424999237060547,28.797500610351562,19.62134552001953,4011600
2006-08-29,28.780000686645508,28.780000686645508,28.229999542236328,28.747499465942383,19.587284088134766,4640800
2006-08-30,28.75,28.809999465942383,28.267499923706055,28.434999465942383,19.374357223510742,3014800
2006-08-31,28.612499237060547,28.897499084472656,28.327499389648438,28.704999923706055,19.558324813842773,3418800
2006-09-01,28.825000762939453,29.122499465942383,28.475000381469727,28.877500534057617,19.67586326599121,2555600
2006-09-05,29.0,29.75,28.5575008392334,29.475000381469727,20.08296775817871,6172000
2006-09-06,29.454999923706055,29.457500457763672,28.469999313354492,28.649999618530273,19.520854949951172,4820400
2006-09-07,28.375,28.712499618530273,28.112499237060547,28.44499969482422,19.38117218017578,3571200
2006-09-08,28.575000762939453,28.747499465942383,28.395000457763672,28.4375,19.376070022583008,2102400
2006-09-11,28.264999389648438,28.267499923706055,27.69499969482422,27.737499237060547,18.899106979370117,5171200
2006-09-12,27.799999237060547,28.297500610351562,27.704999923706055,28.217500686645508,19.226167678833008,3757200
2006-09-13,28.462499618530273,28.75,28.1200008392334,28.635000228881836,19.510631561279297,4281600
2006-09-14,28.5,28.662500381469727,28.032499313354492,28.15250015258789,19.1818790435791,3797600
2006-09-15,28.540000915527344,28.547500610351562,27.920000076293945,28.0575008392334,19.117149353027344,3875200
2006-09-18,28.024999618530273,28.447500228881836,27.912500381469727,28.11750030517578,19.158035278320312,2467200
2006-09-19,28.1200008392334,28.200000762939453,27.709999084472656,28.170000076293945,19.193798065185547,3810400
2006-09-20,28.225000381469727,28.512500762939453,27.997499465942383,28.462499618530273,19.393102645874023,4486000
2006-09-21,28.49250030517578,28.72249984741211,28.100000381469727,28.167499542236328,19.19210433959961,3541200
2006-09-22,28.167499542236328,28.167499542236328,27.600000381469727,27.875,18.992801666259766,4430000
2006-09-25,28.114999771118164,28.5049991607666,27.727500915527344,28.4375,19.376070022583008,3290800
2006-09-26,28.5,29.639999389648438,28.5,29.530000686645508,20.120441436767578,6283200
2006-09-27,29.350000381469727,29.72249984741211,29.207500457763672,29.3799991607666,20.01824188232422,3400400
2006-09-28,29.3799991607666,30.147499084472656,29.342500686645508,30.104999542236328,20.512235641479492,5989200
2006-09-29,30.104999542236328,30.174999237060547,29.665000915527344,29.8075008392334,20.30952262878418,2674000
2006-10-02,29.825000762939453,30.237499237060547,29.704999923706055,29.90250015258789,20.374258041381836,2071600
2006-10-03,29.88249969482422,30.375,29.747499465942383,29.917499542236328,20.384471893310547,4372000
2006-10-04,29.917499542236328,30.46500015258789,29.674999237060547,30.38249969482422,20.701305389404297,3902000
2006-10-05,30.38249969482422,32.599998474121094,30.297500610351562,32.4474983215332,22.10830307006836,11348400
2006-10-06,32.272499084472656,32.95750045776367,32.002498626708984,32.83250045776367,22.370622634887695,7884800
2006-10-09,32.834999084472656,34.1349983215332,32.65250015258789,33.662498474121094,22.936147689819336,7490400
2006-10-10,33.75,34.470001220703125,33.182498931884766,33.36000061035156,22.73004913330078,8381200
2006-10-11,32.875,33.07500076293945,32.595001220703125,32.977500915527344,22.469419479370117,5866800
2006-10-12,33.125,34.0099983215332,33.037498474121094,33.974998474121094,23.149063110351562,4808000
2006-10-13,33.974998474121094,34.10499954223633,33.66749954223633,33.78499984741211,23.019615173339844,2932000
2006-10-16,33.4375,34.60499954223633,33.337501525878906,34.48500061035156,23.496570587158203,4911200
2006-10-17,34.099998474121094,34.337501525878906,33.64500045776367,34.125,23.25127410888672,3647200
2006-10-18,34.400001525878906,34.79999923706055,34.00749969482422,34.45750045776367,23.47783088684082,5255200
2006-10-19,34.45750045776367,34.45750045776367,33.88249969482422,34.3224983215332,23.385841369628906,3300800
2006-10-20,34.3224983215332,34.3224983215332,32.79499816894531,33.102500915527344,22.55458641052246,8772000
2006-10-23,32.852500915527344,33.76250076293945,32.837501525878906,33.50749969482422,22.830537796020508,3427600
2006-10-24,33.50749969482422,33.709999084472656,33.33250045776367,33.68000030517578,22.94805908203125,2400800
2006-10-25,33.68000030517578,33.709999084472656,33.252498626708984,33.415000915527344,22.767515182495117,2332800
2006-10-26,33.49250030517578,33.81999969482422,33.209999084472656,33.529998779296875,22.845867156982422,2842000
2006-10-27,33.07500076293945,33.227500915527344,32.665000915527344,32.7400016784668,22.30760955810547,4344000
2006-10-30,32.9375,33.20000076293945,32.724998474121094,33.09749984741211,22.551189422607422,5174000
2006-10-31,32.15250015258789,32.599998474121094,31.350000381469727,31.7450008392334,21.629648208618164,14003600
2006-11-01,31.735000610351562,31.797500610351562,30.75,31.135000228881836,21.214017868041992,8282400
2006-11-02,30.8125,30.975000381469727,30.012500762939453,30.657499313354492,20.888675689697266,10536400
2006-11-03,30.594999313354492,30.712499618530273,29.84749984741211,30.2549991607666,20.614423751831055,6028000
2006-11-06,30.2549991607666,30.797500610351562,29.88249969482422,30.512500762939453,20.789880752563477,5040000
2006-11-07,30.5,30.5,30.0,30.047500610351562,20.473052978515625,4239200
2006-11-08,30.0049991607666,30.327499389648438,29.542499542236328,30.147499084472656,20.541187286376953,6232800
2006-11-09,30.200000762939453,30.22249984741211,29.627500534057617,29.6924991607666,20.231164932250977,4659200
2006-11-10,29.6299991607666,30.09749984741211,29.6299991607666,29.860000610351562,20.345294952392578,3526000
2006-11-13,29.825000762939453,30.155000686645508,29.59749984741211,29.825000762939453,20.321443557739258,3662400
2006-11-14,29.825000762939453,30.457500457763672,29.75,30.334999084472656,20.731494903564453,5989200
2006-11-15,30.40250015258789,30.889999389648438,30.362499237060547,30.74250030517578,21.009992599487305,5375200
2006-11-16,30.8125,30.985000610351562,30.5674991607666,30.74250030517578,21.009992599487305,3029200
2006-11-17,30.69499969482422,30.735000610351562,30.125,30.399999618530273,20.775922775268555,3209600
2006-11-20,30.40250015258789,30.587499618530273,30.170000076293945,30.197500228881836,20.637531280517578,3501200
2006-11-21,30.0049991607666,30.674999237060547,30.0,30.457500457763672,20.815214157104492,3029600
2006-11-22,30.520000457763672,31.13249969482422,30.5,30.967500686645508,21.16375160217285,3080400
2006-11-24,30.8125,31.1924991607666,30.657499313354492,31.037500381469727,21.211599349975586,852000
2006-11-27,30.912500381469727,31.202499389648438,30.104999542236328,30.212499618530273,20.647775650024414,3828000
2006-11-28,30.024999618530273,30.065000534057617,29.549999237060547,29.5575008392334,20.20014190673828,4910800
2006-11-29,29.825000762939453,30.0674991607666,29.752500534057617,29.997499465942383,20.5008487701416,3756400
2006-11-30,30.0,30.24250030517578,29.537500381469727,29.979999542236328,20.488887786865234,4822800
2006-12-01,29.954999923706055,30.072500228881836,29.387500762939453,29.657499313354492,20.268476486206055,4007600
2006-12-04,29.657499313354492,30.55500030517578,29.657499313354492,30.545000076293945,20.875017166137695,3775200
2006-12-05,30.532499313354492,30.829999923706055,30.19499969482422,30.8075008392334,21.054412841796875,3644800
2006-12-06,30.637500762939453,30.889999389648438,30.512500762939453,30.809999465942383,21.056121826171875,2100400
2006-12-07,30.872499465942383,31.0674991607666,30.604999542236328,30.700000762939453,20.98094367980957,2296400
2006-12-08,30.549999237060547,30.86750030517578,30.375,30.674999237060547,20.9638614654541,1995600
2006-12-11,30.545000076293945,30.545000076293945,30.25,30.387500762939453,20.76738166809082,2348400
2006-12-12,30.424999237060547,30.477500915527344,29.850000381469727,30.184999465942383,20.62898063659668,3258000
2006-12-13,30.407499313354492,30.479999542236328,30.252500534057617,30.30500030517578,20.71099281311035,2879200
2006-12-14,30.375,30.899999618530273,30.350000381469727,30.8125,21.05783462524414,2795200
2006-12-15,30.760000228881836,30.787500381469727,30.1200008392334,30.1200008392334,20.584566116333008,3190800
2006-12-18,30.247499465942383,30.399999618530273,30.0,30.0,20.50255012512207,2446000
2006-12-19,29.934999465942383,30.0049991607666,29.469999313354492,29.84749984741211,20.3983211517334,3807200
2006-12-20,29.850000381469727,30.295000076293945,29.795000076293945,30.0,20.50255012512207,2751600
2006-12-21,29.737499237060547,30.322500228881836,29.737499237060547,29.8174991607666,20.377826690673828,1551200
2006-12-22,29.729999542236328,29.834999084472656,29.459999084472656,29.5575008392334,20.20014190673828,1766800
2006-12-26,29.5,29.822500228881836,29.475000381469727,29.690000534057617,20.290695190429688,1378000
2006-12-27,29.842500686645508,30.11750030517578,29.834999084472656,30.042499542236328,20.531593322753906,2894800
2006-12-28,29.924999237060547,30.075000762939453,29.787500381469727,29.8075008392334,20.370994567871094,1125600
2006-12-29,29.7450008392334,29.889999389648438,29.479999542236328,29.545000076293945,20.191600799560547,1292000
2007-01-03,29.8075008392334,29.872499465942383,29.377500534057617,29.477500915527344,20.145471572875977,3274000
2007-01-04,29.450000762939453,29.520000457763672,29.125,29.510000228881836,20.167678833007812,3566400
2007-01-05,29.395000457763672,29.395000457763672,28.852500915527344,29.014999389648438,19.829387664794922,3021200
2007-01-08,29.200000762939453,29.24250030517578,28.842500686645508,29.0,19.819129943847656,4057600
2007-01-09,29.0,29.392499923706055,28.915000915527344,29.315000534057617,20.034412384033203,3143200
2007-01-10,29.125,29.125,28.15999984741211,28.575000762939453,19.52867889404297,6768800
2007-01-11,28.737499237060547,29.0575008392334,28.627500534057617,28.969999313354492,19.798629760742188,3179200
2007-01-12,28.97249984741211,29.4375,28.917499542236328,29.1875,19.947275161743164,2988400
2007-01-16,29.125,29.68000030517578,29.0625,29.68000030517578,20.283855438232422,2678000
2007-01-17,29.68000030517578,30.200000762939453,29.622499465942383,30.012500762939453,20.511096954345703,5058400
2007-01-18,30.024999618530273,30.344999313354492,29.834999084472656,29.9375,20.459842681884766,2945200
2007-01-19,30.0,30.3075008392334,29.977500915527344,30.184999465942383,20.62898063659668,2847200
2007-01-22,30.142499923706055,30.217500686645508,29.462499618530273,29.579999923706055,20.215526580810547,4064000
2007-01-23,29.5625,30.5674991607666,29.55500030517578,30.260000228881836,20.680240631103516,3443200
2007-01-24,30.274999618530273,30.6299991607666,30.09749984741211,30.56999969482422,20.892101287841797,2919200
2007-01-25,30.462499618530273,30.725000381469727,30.267499923706055,30.399999618530273,20.775922775268555,5599600
2007-01-26,30.5625,31.4375,30.350000381469727,31.267499923706055,21.36878776550293,5863200
2007-01-29,31.854999542236328,32.25,31.59749984741211,31.8125,21.741252899169922,9144800
2007-01-30,32.125,32.57500076293945,31.8125,32.4900016784668,22.204265594482422,5874000
2007-01-31,32.5,33.75,32.46500015258789,33.63999938964844,22.99020004272461,6255600
2007-02-01,33.657501220703125,34.255001068115234,33.435001373291016,34.18000030517578,23.359237670898438,5936400
2007-02-02,34.25,34.907501220703125,34.060001373291016,34.834999084472656,23.806888580322266,7251600
2007-02-05,34.834999084472656,35.0,34.599998474121094,34.915000915527344,23.86155128479004,3366400
2007-02-06,34.915000915527344,34.98749923706055,34.6150016784668,34.8650016784668,23.827375411987305,3830400
2007-02-07,35.0,35.022499084472656,34.744998931884766,35.01499938964844,23.92988395690918,2935600
2007-02-08,35.0,35.0,34.459999084472656,34.5099983215332,23.58477020263672,4517600
2007-02-09,34.650001525878906,34.6974983215332,33.8025016784668,33.875,23.150806427001953,3984800
2007-02-12,33.935001373291016,34.42499923706055,33.92250061035156,34.337501525878906,23.46688461303711,2660400
2007-02-13,34.48749923706055,34.73500061035156,34.22999954223633,34.67250061035156,23.695829391479492,2396000
2007-02-14,34.8125,36.70000076293945,34.64500045776367,36.18000030517578,24.790435791015625,7773200
2007-02-15,36.11750030517578,36.38999938964844,35.58250045776367,35.852500915527344,24.5660343170166,4796400
2007-02-16,35.852500915527344,36.162498474121094,35.60499954223633,36.11249923706055,24.74416732788086,2787600
2007-02-20,36.0625,36.095001220703125,35.532501220703125,35.8849983215332,24.588285446166992,2733600
2007-02-21,35.650001525878906,36.48749923706055,35.59000015258789,36.42250061035156,24.956579208374023,3064400
2007-02-22,36.599998474121094,36.64250183105469,35.8849983215332,36.060001373291016,24.708206176757812,3206000
2007-02-23,36.0,36.310001373291016,35.932498931884766,36.162498474121094,24.7784366607666,2127200
2007-02-26,36.32500076293945,36.435001373291016,35.685001373291016,35.712501525878906,24.47010040283203,2544400
2007-02-27,35.532501220703125,35.532501220703125,33.5,34.037498474121094,23.3223934173584,6710800
2007-02-28,34.037498474121094,34.20750045776367,33.255001068115234,33.650001525878906,23.056875228881836,5489200
2007-03-01,33.474998474121094,34.3125,32.96500015258789,34.025001525878906,23.313825607299805,5997600
2007-03-02,33.75,33.9375,33.375,33.45500183105469,22.923263549804688,4581200
2007-03-05,33.45500183105469,33.98749923706055,33.25,33.412498474121094,22.894142150878906,5867200
2007-03-06,33.9375,34.122501373291016,33.474998474121094,33.55500030517578,22.991785049438477,3428800
2007-03-07,33.55500030517578,34.10499954223633,33.51750183105469,33.650001525878906,23.056875228881836,3224400
2007-03-08,34.5,34.595001220703125,34.064998626708984,34.29999923706055,23.502256393432617,3486400
2007-03-09,34.56999969482422,35.252498626708984,34.51250076293945,34.98500061035156,23.97161102294922,4519600
2007-03-12,34.75,34.935001373291016,34.45000076293945,34.51499938964844,23.649572372436523,3082400
2007-03-13,34.3125,34.63750076293945,33.372501373291016,33.602500915527344,23.02433204650879,5794800
2007-03-14,33.61249923706055,34.16999816894531,33.42499923706055,34.10749816894531,23.37035369873047,4251200
2007-03-15,34.11000061035156,34.369998931884766,34.032501220703125,34.07500076293945,23.348085403442383,2059200
2007-03-16,34.212501525878906,34.70500183105469,33.98749923706055,34.61750030517578,23.719810485839844,4204400
2007-03-19,34.75,35.71500015258789,34.72999954223633,35.567501068115234,24.370744705200195,4065600
2007-03-20,35.567501068115234,36.084999084472656,35.342498779296875,35.95500183105469,24.63627052307129,3184800
2007-03-21,35.95500183105469,36.82500076293945,35.76750183105469,36.744998931884766,25.17755699157715,4024000
2007-03-22,36.77000045776367,37.18000030517578,36.63750076293945,37.002498626708984,25.353992462158203,3466800
2007-03-23,37.0625,37.98500061035156,36.942501068115234,37.54750061035156,25.72742462158203,4598400
2007-03-26,37.5,37.59749984741211,36.99250030517578,37.185001373291016,25.479063034057617,3743200
2007-03-27,37.150001525878906,37.150001525878906,36.35499954223633,36.467498779296875,24.9874210357666,5328400
2007-03-28,36.467498779296875,36.467498779296875,35.772499084472656,35.85749816894531,24.569456100463867,4436400
2007-03-29,36.247501373291016,36.47249984741211,35.912498474121094,36.22999954223633,24.82468032836914,2828400
2007-03-30,36.275001525878906,36.727500915527344,35.967498779296875,36.18000030517578,24.790435791015625,2604800
2007-04-02,36.18000030517578,36.52750015258789,36.01250076293945,36.317501068115234,24.884645462036133,2402400
2007-04-03,36.51750183105469,36.79999923706055,36.334999084472656,36.64250183105469,25.107330322265625,1762800
2007-04-04,36.662498474121094,36.662498474121094,36.185001373291016,36.3125,24.881223678588867,2443200
2007-04-05,36.51250076293945,37.03499984741211,36.432498931884766,36.92499923706055,25.300891876220703,2162000
2007-04-09,37.00749969482422,37.22249984741211,36.83250045776367,36.869998931884766,25.26321792602539,1839600
2007-04-10,36.65999984741211,36.959999084472656,36.400001525878906,36.724998474121094,25.16385841369629,2301800
2007-04-11,36.595001220703125,36.95500183105469,36.3650016784668,36.720001220703125,25.160429000854492,2762200
2007-04-12,36.69499969482422,36.814998626708984,36.314998626708984,36.665000915527344,25.12274932861328,2380400
2007-04-13,36.709999084472656,37.04999923706055,36.58000183105469,36.834999084472656,25.23922348022461,1602600
2007-04-16,37.34000015258789,37.47999954223633,37.04499816894531,37.47999954223633,25.681184768676758,1951400
2007-04-17,37.47999954223633,37.775001525878906,37.290000915527344,37.595001220703125,25.759973526000977,2249400
2007-04-18,37.43000030517578,37.5,36.959999084472656,37.099998474121094,25.420814514160156,1896400
2007-04-19,37.03499984741211,37.349998474121094,36.64500045776367,36.904998779296875,25.287187576293945,1754200
2007-04-20,37.5,38.779998779296875,37.5,38.709999084472656,26.52397346496582,5356400
2007-04-23,38.8650016784668,44.095001220703125,38.69499969482422,42.380001068115234,29.038646697998047,16471600
2007-04-24,43.375,45.724998474121094,42.7599983215332,42.775001525878906,29.309303283691406,14742800
2007-04-25,43.025001525878906,43.244998931884766,41.96500015258789,42.17499923706055,28.89818000793457,6294600
2007-04-26,42.54999923706055,43.85499954223633,42.47999954223633,42.994998931884766,29.46004867553711,4926400
2007-04-27,46.41999816894531,53.6150016784668,46.20000076293945,48.06999969482422,32.93742370605469,31219200
2007-04-30,47.654998779296875,48.06999969482422,46.0,46.08000183105469,31.573875427246094,9908200
2007-05-01,46.005001068115234,46.400001525878906,45.435001373291016,45.95500183105469,31.488216400146484,5905600
2007-05-02,45.91999816894531,46.23500061035156,45.52000045776367,45.69499969482422,31.310075759887695,5250800
2007-05-03,45.91999816894531,46.09000015258789,45.39500045776367,45.474998474121094,31.15932846069336,4477000
2007-05-04,45.90999984741211,45.935001373291016,45.01499938964844,45.1349983215332,30.926380157470703,3460600
2007-05-07,45.20000076293945,45.209999084472656,44.34000015258789,44.599998474121094,30.55979347229004,3851000
2007-05-08,44.505001068115234,44.65999984741211,43.685001373291016,44.334999084472656,30.378219604492188,5597000
2007-05-09,44.34000015258789,45.45000076293945,44.334999084472656,45.150001525878906,30.936649322509766,5010000
2007-05-10,44.689998626708984,45.09000015258789,44.45000076293945,44.59000015258789,30.552936553955078,3493800
2007-05-11,44.755001068115234,45.88999938964844,44.755001068115234,45.810001373291016,31.38888168334961,4583200
2007-05-14,45.564998626708984,46.08000183105469,44.83000183105469,44.95000076293945,30.79961585998535,3316600
2007-05-15,45.244998931884766,45.625,43.959999084472656,44.20000076293945,30.28569984436035,3426200
2007-05-16,45.349998474121094,45.349998474121094,43.92499923706055,44.47999954223633,30.53973388671875,3183000
2007-05-17,44.404998779296875,44.51499938964844,44.05500030517578,44.314998626708984,30.42646026611328,2656600
2007-05-18,44.47999954223633,44.95000076293945,43.54999923706055,43.709999084472656,30.011070251464844,2744800
2007-05-21,43.75,44.5,43.744998931884766,43.91999816894531,30.15525245666504,3292400
2007-05-22,43.92499923706055,44.275001525878906,43.70000076293945,43.779998779296875,30.059133529663086,2631400
2007-05-23,43.86000061035156,44.345001220703125,43.5,43.744998931884766,30.03508949279785,2281200
2007-05-24,43.994998931884766,44.25,42.9900016784668,43.04999923706055,29.55790901184082,3182000
2007-05-25,43.05500030517578,44.17499923706055,43.04999923706055,43.869998931884766,30.120922088623047,2212800
2007-05-29,43.95000076293945,44.94499969482422,43.95000076293945,44.20000076293945,30.347503662109375,2754000
2007-05-30,43.654998779296875,44.98500061035156,43.61000061035156,44.98500061035156,30.8864803314209,2625600
2007-05-31,46.650001525878906,47.73500061035156,45.7599983215332,47.1150016784668,32.34892272949219,6267600
2007-06-01,47.189998626708984,47.29499816894531,46.310001373291016,47.040000915527344,32.297420501708984,3716000
2007-06-04,47.04499816894531,47.5,46.599998474121094,47.30500030517578,32.4793815612793,2839400
2007-06-05,47.42499923706055,50.94499969482422,47.2599983215332,50.459999084472656,34.64558792114258,9445800
2007-06-06,50.05500030517578,50.17499923706055,47.380001068115234,47.724998474121094,32.76774597167969,6799400
2007-06-07,47.5099983215332,48.30500030517578,46.3650016784668,46.70000076293945,32.063987731933594,5136200
2007-06-08,46.55500030517578,47.10499954223633,45.75,46.900001525878906,32.20130920410156,3370400
2007-06-11,46.75,47.95500183105469,46.59000015258789,47.790000915527344,32.81236267089844,3299000
2007-06-12,47.974998474121094,48.650001525878906,47.665000915527344,47.67499923706055,32.73343276977539,3519400
2007-06-13,48.154998779296875,48.35499954223633,47.154998779296875,48.29999923706055,33.16254425048828,3043000
2007-06-14,48.30500030517578,49.39500045776367,48.20000076293945,48.78499984741211,33.49553680419922,2602200
2007-06-15,49.375,49.599998474121094,48.63999938964844,48.744998931884766,33.468082427978516,2395400
2007-06-18,48.880001068115234,49.290000915527344,48.25,48.2599983215332,33.13507843017578,1834800
2007-06-19,48.26499938964844,50.630001068115234,48.26499938964844,50.584999084472656,34.731414794921875,3869200
2007-06-20,50.70000076293945,53.5,50.630001068115234,52.0,35.70292663574219,8546000
2007-06-21,52.005001068115234,52.005001068115234,50.650001525878906,51.53499984741211,35.3836784362793,3876200
2007-06-22,51.59000015258789,52.81999969482422,50.89500045776367,51.06999969482422,35.06441116333008,3956000
2007-06-25,51.26499938964844,51.68000030517578,49.75,50.084999084472656,34.38811492919922,3401600
2007-06-26,50.54999923706055,50.92499923706055,49.20000076293945,49.23500061035156,33.804508209228516,3244200
2007-06-27,49.974998474121094,50.935001373291016,49.0,50.67499923706055,34.793212890625,3768600
2007-06-28,50.459999084472656,52.5,50.400001525878906,51.48500061035156,35.34934997558594,4178200
2007-06-29,51.375,51.4900016784668,50.0,50.60499954223633,34.74513626098633,3366800
2007-07-02,51.10499954223633,52.65999984741211,50.970001220703125,52.540000915527344,36.07371139526367,3226600
2007-07-03,53.35499954223633,54.0,52.8849983215332,53.25,36.56118392944336,1871000
2007-07-05,53.5,53.5,52.38999938964844,52.6349983215332,36.13892364501953,2234600
2007-07-06,52.5,53.71500015258789,52.380001068115234,53.244998931884766,36.557743072509766,1343400
2007-07-09,54.66999816894531,60.09000015258789,54.66999816894531,58.81999969482422,40.3855094909668,9804600
2007-07-10,57.755001068115234,58.5,55.44499969482422,55.81999969482422,38.325748443603516,7370400
2007-07-11,56.10499954223633,58.125,56.005001068115234,57.17499923706055,39.25606918334961,4977600
2007-07-12,58.0,58.095001220703125,57.0,57.720001220703125,39.63026809692383,3722800
2007-07-13,57.880001068115234,60.0,57.755001068115234,59.32500076293945,40.73225021362305,4924800
2007-07-16,59.5,60.42499923706055,58.619998931884766,58.97999954223633,40.49537658691406,4649400
2007-07-17,59.775001525878906,60.43000030517578,58.400001525878906,59.599998474121094,40.92106246948242,5587600
2007-07-18,59.064998626708984,60.10499954223633,58.5,59.25,40.68074417114258,4074400
2007-07-19,59.724998474121094,60.13999938964844,58.68000030517578,59.685001373291016,40.97941970825195,3079000
2007-07-20,58.0,59.334999084472656,57.6349983215332,58.03499984741211,39.8465461730957,5718600
2007-07-23,58.494998931884766,59.0,57.029998779296875,57.345001220703125,39.3727912902832,3882800
2007-07-24,57.125,57.19499969482422,55.53499984741211,55.91999816894531,38.394412994384766,4109000
2007-07-25,56.595001220703125,56.595001220703125,53.5,54.904998779296875,37.69749450683594,5448800
2007-07-26,58.5099983215332,61.75,56.35499954223633,58.07500076293945,39.874000549316406,15228800
2007-07-27,58.5,60.3849983215332,57.78499984741211,58.310001373291016,40.03535079956055,6909200
2007-07-30,58.36000061035156,60.1150016784668,58.0,59.79499816894531,41.0549430847168,4246200
2007-07-31,60.54999923706055,61.30500030517578,59.349998474121094,59.349998474121094,40.749412536621094,5593800
2007-08-01,58.95500183105469,63.345001220703125,58.30500030517578,60.029998779296875,41.2162971496582,5360800
2007-08-02,60.71500015258789,62.61000061035156,59.68000030517578,62.51499938964844,42.922489166259766,5646000
2007-08-03,61.875,62.994998931884766,59.92499923706055,59.92499923706055,41.14419174194336,4581800
2007-08-06,59.974998474121094,62.8650016784668,59.07500076293945,62.40999984741211,42.850406646728516,5150000
2007-08-07,62.040000915527344,62.994998931884766,61.400001525878906,62.345001220703125,42.80577850341797,4780000
2007-08-08,62.685001373291016,63.0,58.255001068115234,59.6150016784668,40.931365966796875,6224200
2007-08-09,59.189998626708984,59.19499969482422,54.380001068115234,54.380001068115234,37.33704376220703,8812200
2007-08-10,53.400001525878906,58.36000061035156,51.25,57.025001525878906,39.153079986572266,8746000
2007-08-13,58.52000045776367,60.494998931884766,57.65999984741211,59.474998474121094,40.83523941040039,5845400
2007-08-14,59.82500076293945,60.060001373291016,55.83000183105469,56.0099983215332,38.456172943115234,5919600
2007-08-15,55.584999084472656,57.63999938964844,53.57500076293945,54.02000045776367,37.17283248901367,3644600
2007-08-16,53.0,53.900001525878906,48.0,52.625,36.21287536621094,9384600
2007-08-17,54.834999084472656,57.375,52.41999816894531,53.05500030517578,36.50876998901367,7898200
2007-08-20,53.41999816894531,54.494998931884766,52.290000915527344,53.845001220703125,37.05240249633789,3247600
2007-08-21,53.56999969482422,56.45000076293945,53.25,55.435001373291016,38.14653778076172,4170000
2007-08-22,56.130001068115234,58.165000915527344,56.0,57.90999984741211,39.84964370727539,3224200
2007-08-23,58.29499816894531,58.400001525878906,56.09000015258789,56.29499816894531,38.73832321166992,3185600
2007-08-24,56.7400016784668,58.474998474121094,56.005001068115234,58.244998931884766,40.08016586303711,1856800
2007-08-27,58.125,59.0,57.375,57.51499938964844,39.577842712402344,1771600
2007-08-28,57.75,57.755001068115234,54.59000015258789,54.654998779296875,37.60978317260742,3082200
2007-08-29,55.125,55.89500045776367,54.040000915527344,55.83000183105469,38.41832733154297,3061200
2007-08-30,54.96500015258789,56.5,54.80500030517578,55.790000915527344,38.39081573486328,1920200
2007-08-31,56.525001525878906,59.935001373291016,56.525001525878906,59.209999084472656,40.74421310424805,4488800
2007-09-04,59.345001220703125,61.31999969482422,58.125,60.685001373291016,41.759212493896484,4204800
2007-09-05,59.744998931884766,60.19499969482422,58.310001373291016,59.0099983215332,40.60660171508789,3086600
2007-09-06,58.970001220703125,59.595001220703125,58.30500030517578,59.20000076293945,40.737335205078125,2355200
2007-09-07,57.7400016784668,58.220001220703125,56.76499938964844,57.17499923706055,39.3438835144043,2535800
2007-09-10,57.470001220703125,58.709999084472656,55.01499938964844,56.51499938964844,38.889713287353516,3334800
2007-09-11,57.04999923706055,58.86000061035156,56.810001373291016,58.6150016784668,40.33479690551758,3412400
2007-09-12,58.494998931884766,58.58000183105469,57.165000915527344,57.85499954223633,39.81180953979492,3225200
2007-09-13,58.35499954223633,59.974998474121094,57.790000915527344,59.88999938964844,41.2121467590332,3113800
2007-09-14,59.17499923706055,60.14500045776367,58.939998626708984,59.935001373291016,41.24311447143555,1644400
2007-09-17,59.994998931884766,61.02000045776367,59.5,60.875,41.889976501464844,2252600
2007-09-18,61.125,67.25499725341797,60.650001525878906,67.25499725341797,46.28023147583008,6609200
2007-09-19,68.5,70.12999725341797,65.1500015258789,65.94999694824219,45.382232666015625,5902000
2007-09-20,65.45999908447266,66.92500305175781,64.61499786376953,65.08000183105469,44.783546447753906,2588200
2007-09-21,65.50499725341797,66.06500244140625,65.05000305175781,65.7699966430664,45.25836181640625,2706400
2007-09-24,65.55000305175781,66.5999984741211,63.75,64.38500213623047,44.305294036865234,2983800
2007-09-25,63.505001068115234,67.37999725341797,63.20000076293945,66.92500305175781,46.05315017700195,3662200
2007-09-26,66.97000122070312,67.5250015258789,64.50499725341797,65.56500244140625,45.1172981262207,3433200
2007-09-27,65.62999725341797,67.25,65.01000213623047,65.42500305175781,45.02094650268555,2670200
2007-09-28,65.05500030517578,65.125,63.70000076293945,63.94499969482422,44.002506256103516,3567000
2007-10-01,63.994998931884766,66.49500274658203,63.75,66.29499816894531,45.61962890625,3383400
2007-10-02,66.4749984741211,68.125,65.15499877929688,67.52999877929688,46.4694938659668,3992000
2007-10-03,67.28500366210938,68.125,65.80500030517578,66.52999877929688,45.781349182128906,3653800
2007-10-04,66.62000274658203,68.8499984741211,66.23500061035156,68.22000122070312,46.94425964355469,3664800
2007-10-05,69.375,70.28500366210938,68.375,69.375,47.73906707763672,3049400
2007-10-08,68.63999938964844,69.41000366210938,67.06999969482422,68.41000366210938,47.07501983642578,2420400
2007-10-09,68.73500061035156,70.41000366210938,67.57499694824219,69.98999786376953,48.162269592285156,2661200
2007-10-10,69.94999694824219,70.09500122070312,68.9000015258789,69.5199966430664,47.83885192871094,2431200
2007-10-11,69.99500274658203,71.7249984741211,67.3499984741211,68.44499969482422,47.09910202026367,3885400
2007-10-12,68.5,70.01000213623047,68.5,70.01000213623047,48.17605972290039,1872200
2007-10-15,69.84500122070312,70.40499877929688,68.625,70.08000183105469,48.224220275878906,2416800
2007-10-16,69.83000183105469,70.125,67.86499786376953,68.44499969482422,47.09910202026367,2394800
2007-10-17,69.0250015258789,69.9749984741211,68.00499725341797,68.97000122070312,47.460384368896484,2342800
2007-10-18,68.7750015258789,69.68499755859375,67.95500183105469,68.88999938964844,47.405330657958984,1881200
2007-10-19,68.37000274658203,68.37000274658203,65.0,65.30500030517578,44.938377380371094,4122600
2007-10-22,63.709999084472656,67.48999786376953,63.5,66.83499908447266,45.99121856689453,3208200
2007-10-23,66.86000061035156,67.66500091552734,66.16000366210938,67.43499755859375,46.404109954833984,1900400
2007-10-24,67.66000366210938,67.94499969482422,65.51000213623047,66.86499786376953,46.011863708496094,3481800
2007-10-25,61.709999084472656,61.709999084472656,52.79999923706055,55.779998779296875,38.383934020996094,20864800
2007-10-26,57.51499938964844,59.3650016784668,56.66999816894531,58.470001220703125,40.23501205444336,10029000
2007-10-29,58.78499984741211,59.720001220703125,58.60499954223633,59.720001220703125,41.09516906738281,5085400
2007-10-30,59.45000076293945,59.98500061035156,58.939998626708984,59.42499923706055,40.89215850830078,3520600
2007-10-31,59.744998931884766,60.5,59.435001373291016,59.97999954223633,41.274078369140625,2573800
2007-11-01,59.564998626708984,61.689998626708984,59.13999938964844,60.720001220703125,41.783302307128906,4363600
2007-11-02,60.93000030517578,61.34000015258789,59.584999084472656,60.76499938964844,41.81427001953125,4157400
2007-11-05,59.625,61.625,59.625,61.0,41.97598648071289,3204800
2007-11-06,61.04999923706055,63.994998931884766,61.04999923706055,63.95000076293945,44.00596618652344,2789400
2007-11-07,62.5,64.22000122070312,62.16999816894531,62.42499923706055,42.95655822753906,3242200
2007-11-08,62.150001525878906,63.5099983215332,61.345001220703125,62.43000030517578,42.96000289916992,3251200
2007-11-09,58.845001220703125,61.5099983215332,58.845001220703125,60.279998779296875,41.48051834106445,3504800
2007-11-12,60.0,62.224998474121094,56.43000030517578,56.84000015258789,39.11335372924805,4640600
2007-11-13,57.779998779296875,59.654998779296875,57.165000915527344,59.375,40.857765197753906,3789400
2007-11-14,59.974998474121094,60.665000915527344,59.63999938964844,59.790000915527344,41.230133056640625,3198400
2007-11-15,59.435001373291016,59.54499816894531,56.125,56.310001373291016,38.83037185668945,4636800
2007-11-16,55.525001525878906,56.755001068115234,54.595001220703125,56.310001373291016,38.83037185668945,4049800
2007-11-19,55.845001220703125,56.5,51.84000015258789,52.89500045776367,36.475467681884766,4827800
2007-11-20,53.084999084472656,55.39500045776367,52.69499969482422,54.10499954223633,37.30985641479492,3408600
2007-11-21,53.0,54.369998931884766,52.404998779296875,53.71500015258789,37.04092788696289,2285400
2007-11-23,54.474998474121094,54.474998474121094,52.5,53.15999984741211,36.658199310302734,1222000
2007-11-26,53.15999984741211,55.095001220703125,52.689998626708984,52.78499984741211,36.39961624145508,2367600
2007-11-27,52.95500183105469,55.099998474121094,52.95500183105469,54.40999984741211,37.52019119262695,2296000
2007-11-28,55.0,57.53499984741211,55.0,57.15999984741211,39.416526794433594,3011400
2007-11-29,57.09000015258789,58.73500061035156,56.630001068115234,57.755001068115234,39.82683563232422,1993800
2007-11-30,59.5,60.099998474121094,57.755001068115234,58.45000076293945,40.306095123291016,3321400
2007-12-03,58.0,59.939998626708984,57.8849983215332,58.8849983215332,40.60606384277344,2643000
2007-12-04,58.650001525878906,60.22999954223633,57.904998779296875,58.7400016784668,40.506072998046875,2216800
2007-12-05,59.255001068115234,61.224998474121094,59.255001068115234,61.0,42.06452560424805,2869800
2007-12-06,61.400001525878906,63.9900016784668,60.435001373291016,63.68000030517578,43.912601470947266,3365400
2007-12-07,63.92499923706055,63.92499923706055,62.255001068115234,62.47999954223633,43.08510971069336,2488400
2007-12-10,61.8849983215332,63.209999084472656,61.39500045776367,61.8650016784668,42.66102981567383,3443600
2007-12-11,62.084999084472656,63.51499938964844,58.790000915527344,59.095001220703125,40.750892639160156,3767600
2007-12-12,61.6349983215332,63.79499816894531,61.5,62.349998474121094,42.99546813964844,4893600
2007-12-13,62.5,62.744998931884766,60.505001068115234,62.06999969482422,42.80238723754883,2166200
2007-12-14,62.224998474121094,63.51499938964844,60.93000030517578,60.959999084472656,42.03696060180664,2718200
2007-12-17,60.814998626708984,60.875,57.334999084472656,58.040000915527344,40.02337646484375,3114200
2007-12-18,58.56999969482422,59.099998474121094,56.81999969482422,58.21500015258789,40.14404296875,2118000
2007-12-19,58.34000015258789,58.994998931884766,56.775001525878906,56.92499923706055,39.25447463989258,3743200
2007-12-20,58.244998931884766,60.84000015258789,57.779998779296875,59.560001373291016,41.071533203125,5427400
2007-12-21,60.71500015258789,62.349998474121094,60.029998779296875,61.875,42.66790771484375,2958200
2007-12-24,62.6150016784668,63.415000915527344,61.540000915527344,63.26499938964844,43.62643814086914,676800
2007-12-26,63.349998474121094,64.94499969482422,62.505001068115234,64.76499938964844,44.66081237792969,1852600
2007-12-27,64.65499877929688,64.94999694824219,63.85499954223633,63.91999816894531,44.07810974121094,1630200
2007-12-28,64.83999633789062,64.87999725341797,63.93000030517578,64.38999938964844,44.402225494384766,1050600
2007-12-31,64.05000305175781,65.83999633789062,63.66999816894531,63.685001373291016,43.916072845458984,1661000
2008-01-02,63.7400016784668,64.16500091552734,60.869998931884766,61.779998779296875,42.6024055480957,2840400
2008-01-03,62.220001220703125,64.05999755859375,62.08000183105469,62.880001068115234,43.36094665527344,1712400
2008-01-04,62.459999084472656,62.810001373291016,58.97999954223633,59.18000030517578,40.80949401855469,2543400
2008-01-07,59.650001525878906,59.650001525878906,56.810001373291016,57.369998931884766,39.56135177612305,2816900
2008-01-08,58.439998626708984,58.5,54.2599983215332,54.58000183105469,37.63740921020508,4246400
2008-01-09,54.34000015258789,54.34000015258789,49.869998931884766,51.97999954223633,35.84449005126953,6871100
2008-01-10,51.5,53.61000061035156,49.18000030517578,52.68000030517578,36.327213287353516,5520200
2008-01-11,51.310001373291016,51.5,49.290000915527344,49.560001373291016,34.17570495605469,2911500
2008-01-14,50.15999984741211,52.0,50.15999984741211,51.709999084472656,35.65830612182617,2390300
2008-01-15,51.16999816894531,51.16999816894531,47.61000061035156,47.939998626708984,33.05858612060547,3167300
2008-01-16,46.380001068115234,48.08000183105469,44.849998474121094,46.029998779296875,31.74148178100586,4181700
2008-01-17,46.11000061035156,47.75,42.880001068115234,43.119998931884766,29.734785079956055,4437100
2008-01-18,43.439998626708984,44.83000183105469,41.02000045776367,42.91999816894531,29.596874237060547,4393100
2008-01-22,38.86000061035156,43.279998779296875,38.11000061035156,42.619998931884766,29.390005111694336,3100600
2008-01-23,41.290000915527344,45.689998626708984,39.970001220703125,45.33000183105469,31.258769989013672,5890500
2008-01-24,45.58000183105469,47.06999969482422,45.18000030517578,46.20000076293945,31.858720779418945,3168400
2008-01-25,46.86000061035156,51.0,46.86000061035156,49.02000045776367,33.80332565307617,4563200
2008-01-28,49.970001220703125,50.66999816894531,48.4900016784668,50.5099983215332,34.830810546875,2831600
2008-01-29,50.93000030517578,50.93000030517578,47.790000915527344,48.310001373291016,33.313724517822266,4039100
2008-01-30,48.20000076293945,50.68000030517578,47.18000030517578,48.52000045776367,33.45854187011719,3184500
2008-01-31,47.88999938964844,49.5,46.31999969482422,48.349998474121094,33.341312408447266,4731000
2008-02-01,46.0,49.47999954223633,45.029998779296875,46.939998626708984,32.36899185180664,7511500
2008-02-04,47.0,50.40999984741211,46.709999084472656,49.97999954223633,34.46532440185547,4339300
2008-02-05,49.189998626708984,49.65999984741211,47.619998931884766,47.619998931884766,32.83791732788086,4139500
2008-02-06,47.849998474121094,49.31999969482422,46.849998474121094,47.02000045776367,32.42417526245117,2887200
2008-02-07,46.849998474121094,48.689998626708984,46.400001525878906,48.13999938964844,33.19650650024414,2671000
2008-02-08,47.97999954223633,49.65999984741211,47.75,49.22999954223633,33.948150634765625,3691900
2008-02-11,49.91999816894531,51.130001068115234,48.93000030517578,50.959999084472656,35.1411247253418,2805200
2008-02-12,51.4900016784668,52.43000030517578,49.72999954223633,50.130001068115234,34.56877899169922,3436400
2008-02-13,50.61000061035156,52.900001525878906,50.61000061035156,52.38999938964844,36.127227783203125,2394500
2008-02-14,52.5099983215332,52.58000183105469,51.22999954223633,51.400001525878906,35.444549560546875,2950400
2008-02-15,51.560001373291016,51.560001373291016,49.599998474121094,51.18000030517578,35.2928352355957,2729400
2008-02-19,51.869998931884766,53.130001068115234,51.72999954223633,52.2400016784668,36.02378463745117,1955600
2008-02-20,51.349998474121094,53.11000061035156,50.90999984741211,52.77000045776367,36.47655487060547,1480400
2008-02-21,53.22999954223633,54.900001525878906,51.58000183105469,51.970001220703125,35.92355728149414,2284700
2008-02-22,52.290000915527344,53.58000183105469,51.279998779296875,53.439998626708984,36.93968200683594,2237400
2008-02-25,53.84000015258789,53.869998931884766,51.90999984741211,53.099998474121094,36.70466232299805,2726700
2008-02-26,52.88999938964844,53.720001220703125,51.59000015258789,53.400001525878906,36.91202163696289,2527300
2008-02-27,52.40999984741211,53.91999816894531,52.060001373291016,52.900001525878906,36.56642532348633,1647100
2008-02-28,52.619998931884766,52.849998474121094,51.5,52.810001373291016,36.50419235229492,2340500
2008-02-29,52.119998931884766,52.119998931884766,50.060001373291016,50.380001068115234,34.824485778808594,2540900
2008-03-03,50.220001220703125,51.58000183105469,50.0,51.0099983215332,35.259986877441406,2014500
2008-03-04,50.5,50.5,48.09000015258789,48.90999984741211,33.80837631225586,3354200
2008-03-05,48.400001525878906,50.31999969482422,48.400001525878906,49.560001373291016,34.25767517089844,2592500
2008-03-06,49.41999816894531,49.619998931884766,48.13999938964844,48.220001220703125,33.33143615722656,1595200
2008-03-07,47.91999816894531,47.91999816894531,45.47999954223633,46.13999938964844,31.893653869628906,4739200
2008-03-10,45.5099983215332,47.25,45.5099983215332,45.79999923706055,31.65863037109375,3502600
2008-03-11,47.150001525878906,49.529998779296875,46.84000015258789,49.529998779296875,34.2369499206543,2813200
2008-03-12,49.72999954223633,51.41999816894531,49.22999954223633,50.52000045776367,34.92127990722656,3039200
2008-03-13,49.40999984741211,51.349998474121094,48.2400016784668,51.04999923706055,35.28762435913086,2457200
2008-03-14,51.529998779296875,51.59000015258789,47.91999816894531,49.34000015258789,34.1056022644043,2720600
2008-03-17,48.060001373291016,49.040000915527344,46.529998779296875,48.150001525878906,33.283042907714844,2959700
2008-03-18,48.97999954223633,51.36000061035156,48.7599983215332,51.31999969482422,35.474246978759766,2471200
2008-03-19,51.060001373291016,52.40999984741211,49.209999084472656,49.209999084472656,34.015750885009766,2244300
2008-03-20,49.2599983215332,49.459999084472656,47.40999984741211,49.060001373291016,33.91206359863281,2853000
2008-03-24,49.369998931884766,51.5,49.279998779296875,51.09000015258789,35.315277099609375,1630800
2008-03-25,51.0099983215332,52.38999938964844,49.900001525878906,52.06999969482422,35.99267578125,1689400
2008-03-26,51.810001373291016,51.900001525878906,49.529998779296875,50.060001373291016,34.603294372558594,2239600
2008-03-27,50.25,50.25,47.650001525878906,47.869998931884766,33.08950424194336,2718600
2008-03-28,48.20000076293945,49.0,47.279998779296875,47.52000045776367,32.84755325317383,2079200
2008-03-31,47.25,47.349998474121094,46.099998474121094,46.81999969482422,32.36369323730469,3151300
2008-04-01,47.36000061035156,49.439998626708984,47.04999923706055,49.439998626708984,34.17473220825195,2687300
2008-04-02,49.2400016784668,51.25,49.060001373291016,50.380001068115234,34.824485778808594,2443700
2008-04-03,49.97999954223633,50.869998931884766,49.349998474121094,50.36000061035156,34.810665130615234,1666900
2008-04-04,50.5,52.31999969482422,50.36000061035156,51.66999816894531,35.716190338134766,2669200
2008-04-07,52.15999984741211,52.79999923706055,50.900001525878906,51.459999084472656,35.5710334777832,1275100
2008-04-08,50.83000183105469,51.5099983215332,50.380001068115234,51.22999954223633,35.412052154541016,1257400
2008-04-09,51.380001068115234,51.61000061035156,49.0,49.459999084472656,34.18856430053711,1825900
2008-04-10,49.369998931884766,50.84000015258789,48.90999984741211,50.5099983215332,34.91435623168945,1491700
2008-04-11,49.720001220703125,49.720001220703125,47.869998931884766,48.20000076293945,33.31760787963867,2327100
2008-04-14,48.5099983215332,48.54999923706055,47.09000015258789,47.459999084472656,32.80608367919922,2127300
2008-04-15,47.68000030517578,47.86000061035156,46.650001525878906,47.61000061035156,32.909786224365234,2776300
2008-04-16,47.91999816894531,49.97999954223633,47.91999816894531,49.209999084472656,34.015750885009766,3463100
2008-04-17,48.970001220703125,50.130001068115234,48.54999923706055,49.34000015258789,34.1056022644043,1689900
2008-04-18,50.97999954223633,56.15999984741211,50.97999954223633,55.22999954223633,38.17698669433594,6561900
2008-04-21,55.040000915527344,55.13999938964844,53.630001068115234,54.400001525878906,37.6032600402832,3785400
2008-04-22,54.060001373291016,54.79999923706055,53.34000015258789,54.0,37.326778411865234,2903400
2008-04-23,54.15999984741211,55.09000015258789,53.529998779296875,54.33000183105469,37.554866790771484,2138000
2008-04-24,54.349998474121094,55.150001525878906,53.150001525878906,54.540000915527344,37.70003890991211,1882400
2008-04-25,54.84000015258789,56.290000915527344,54.540000915527344,56.060001373291016,38.75071716308594,2548100
2008-04-28,58.779998779296875,59.459999084472656,57.5,58.02000045776367,40.10554885864258,4040000
2008-04-29,58.40999984741211,58.709999084472656,57.189998626708984,57.4900016784668,39.73918151855469,3369000
2008-04-30,58.5,64.16999816894531,57.4900016784668,62.650001525878906,43.305973052978516,8954800
2008-05-01,62.650001525878906,66.0,61.7400016784668,65.69999694824219,45.414222717285156,5375400
2008-05-02,66.5,67.26000213623047,65.5,67.12999725341797,46.402687072753906,4405100
2008-05-05,66.26000213623047,67.95999908447266,66.04000091552734,67.81999969482422,46.879661560058594,3762300
2008-05-06,67.81999969482422,70.30000305175781,67.18000030517578,69.43000030517578,47.99254608154297,5099100
2008-05-07,69.7300033569336,70.5,67.62000274658203,68.05999755859375,47.04555130004883,4357800
2008-05-08,68.18000030517578,68.87999725341797,67.33000183105469,68.12000274658203,47.08704376220703,2790800
2008-05-09,67.26000213623047,67.5199966430664,66.25,66.9800033569336,46.29902267456055,3633300
2008-05-12,67.02999877929688,68.26000213623047,66.22000122070312,68.01000213623047,47.0109977722168,3469500
2008-05-13,67.9800033569336,71.12000274658203,67.63999938964844,70.69999694824219,48.87043380737305,3763600
2008-05-14,70.69000244140625,73.41000366210938,69.87999725341797,71.9800033569336,49.75521469116211,3926700
2008-05-15,72.01000213623047,73.4800033569336,70.30999755859375,73.2699966430664,50.646888732910156,2224900
2008-05-16,73.54000091552734,73.9800033569336,71.41999816894531,73.1500015258789,50.56393814086914,3179500
2008-05-19,73.52999877929688,73.52999877929688,70.44999694824219,70.7300033569336,48.89116287231445,3471200
2008-05-20,70.69000244140625,70.8499984741211,69.25,69.80000305175781,48.24831008911133,3906500
2008-05-21,70.19999694824219,72.0,69.02999877929688,69.27999877929688,47.97478485107422,3511500
2008-05-22,68.61000061035156,70.26000213623047,67.5,69.3499984741211,48.02324676513672,1924300
2008-05-23,69.01000213623047,69.33999633789062,66.37000274658203,67.86000061035156,46.99147033691406,2321600
2008-05-27,67.76000213623047,67.7699966430664,65.9800033569336,67.55000305175781,46.776798248291016,2541300
2008-05-28,68.06999969482422,71.11000061035156,67.93000030517578,70.9000015258789,49.09657669067383,2666400
2008-05-29,70.93000030517578,70.93000030517578,68.91000366210938,69.8499984741211,48.36949157714844,1617400
2008-05-30,69.93000030517578,71.0999984741211,68.97000122070312,70.41999816894531,48.76419448852539,2072300
2008-06-02,69.7300033569336,71.31999969482422,68.91999816894531,70.76000213623047,48.99964141845703,2127200
2008-06-03,70.94999694824219,71.58999633789062,69.4000015258789,70.56999969482422,48.868072509765625,3028700
2008-06-04,70.2300033569336,71.47000122070312,69.25,70.29000091552734,48.67417907714844,1700300
2008-06-05,70.58000183105469,70.98999786376953,68.7300033569336,69.9800033569336,48.45952224731445,1872000
2008-06-06,69.41000366210938,69.51000213623047,66.9000015258789,67.08000183105469,46.45132827758789,3020500
2008-06-09,67.77999877929688,68.1500015258789,64.0999984741211,65.58999633789062,45.41954803466797,3977400
2008-06-10,64.98999786376953,66.70999908447266,64.54000091552734,65.5,45.35722351074219,2013000
2008-06-11,65.5,65.5,62.56999969482422,63.130001068115234,43.7160530090332,2562900
2008-06-12,67.27999877929688,72.88999938964844,67.27999877929688,69.37999725341797,48.04401397705078,7551400
2008-06-13,70.26000213623047,74.2300033569336,70.26000213623047,72.38999938964844,50.128379821777344,5458700
2008-06-16,72.44999694824219,75.08999633789062,72.4000015258789,73.87000274658203,51.15325164794922,3635500
2008-06-17,74.76000213623047,74.9000015258789,72.58000183105469,73.05000305175781,50.585418701171875,2231700
2008-06-18,72.37000274658203,72.95999908447266,70.47000122070312,71.87000274658203,49.7682991027832,2091500
2008-06-19,72.0,73.0,70.7300033569336,72.37000274658203,50.11454391479492,1616100
2008-06-20,72.47000122070312,72.4800033569336,70.08999633789062,70.66000366210938,48.93041229248047,2687000
2008-06-23,73.26000213623047,74.97000122070312,72.3499984741211,73.58000183105469,50.952430725097656,4210600
2008-06-24,73.30999755859375,73.55000305175781,70.22000122070312,70.8499984741211,49.061973571777344,2954600
2008-06-25,71.0,73.37000274658203,70.43000030517578,72.56999969482422,50.25302505493164,2682200
2008-06-26,71.88999938964844,71.88999938964844,66.45999908447266,66.69999694824219,46.18818664550781,5162200
2008-06-27,66.44000244140625,66.44000244140625,63.77000045776367,64.33999633789062,44.55394744873047,4458600
2008-06-30,64.31999969482422,66.55999755859375,62.959999084472656,65.5199966430664,45.37105941772461,3247400
2008-07-01,64.66000366210938,66.12000274658203,62.41999816894531,65.08999633789062,45.07330322265625,4708500
2008-07-02,65.37999725341797,67.08000183105469,61.59000015258789,61.77000045776367,42.77428436279297,4170100
2008-07-03,61.040000915527344,62.54999923706055,61.040000915527344,61.720001220703125,42.739662170410156,2474700
2008-07-07,61.75,64.68000030517578,61.5099983215332,64.05000305175781,44.353126525878906,5099100
2008-07-08,64.3499984741211,65.94000244140625,62.970001220703125,65.7300033569336,45.5164794921875,5407200
2008-07-09,66.5999984741211,66.9800033569336,65.0199966430664,65.12999725341797,45.10099411010742,3473700
2008-07-10,65.0,67.08000183105469,63.5,66.0999984741211,45.7726936340332,2986900
2008-07-11,65.20999908447266,67.94999694824219,63.779998779296875,65.94999694824219,45.6688346862793,3011500
2008-07-14,66.88999938964844,67.68000030517578,65.94999694824219,67.31999969482422,46.61753845214844,2880400
2008-07-15,65.66000366210938,65.69999694824219,61.63999938964844,63.470001220703125,43.951473236083984,5677300
2008-07-16,63.47999954223633,67.6500015258789,62.939998626708984,65.0199966430664,45.024845123291016,4844700
2008-07-17,65.9000015258789,68.0999984741211,65.30999755859375,67.31999969482422,46.61753845214844,2834800
2008-07-18,67.25,68.47000122070312,65.45999908447266,66.31999969482422,45.925048828125,1880400
2008-07-21,66.51000213623047,69.44000244140625,66.51000213623047,69.30999755859375,47.995548248291016,2881200
2008-07-22,68.5999984741211,70.45999908447266,68.30000305175781,70.05000305175781,48.50799560546875,3362500
2008-07-23,70.19000244140625,72.48999786376953,69.48999786376953,69.73999786376953,48.2933349609375,3673100
2008-07-24,69.75,69.75,65.16999816894531,65.37000274658203,45.26720428466797,3445400
2008-07-25,66.48999786376953,66.55999755859375,65.0,66.02999877929688,45.72422790527344,2017700
2008-07-28,66.69000244140625,67.5,64.08000183105469,64.41000366210938,44.60243606567383,2897400
2008-07-29,64.8499984741211,66.43000030517578,62.65999984741211,66.0199966430664,45.71730041503906,3442000
2008-07-30,71.7699966430664,75.9800033569336,69.87000274658203,70.5,48.8195915222168,7758500
2008-07-31,69.9000015258789,69.9000015258789,66.05999755859375,66.33999633789062,45.938899993896484,4901600
2008-08-01,67.19999694824219,68.30999755859375,65.76000213623047,67.63999938964844,46.83911895751953,3105200
2008-08-04,67.13999938964844,67.33000183105469,65.02999877929688,66.16999816894531,45.821189880371094,2782300
2008-08-05,66.9800033569336,68.36000061035156,66.80000305175781,67.66000366210938,46.85295486450195,2192400
2008-08-06,67.3499984741211,70.61000061035156,65.95999908447266,70.23999786376953,48.639564514160156,2813400
2008-08-07,69.2699966430664,69.83999633789062,68.2699966430664,68.55000305175781,47.469261169433594,2551800
2008-08-08,67.86000061035156,70.9800033569336,66.80999755859375,69.7699966430664,48.31407928466797,2438700
2008-08-11,69.7699966430664,74.0,68.44999694824219,73.22000122070312,50.70314407348633,2723700
2008-08-12,72.97000122070312,73.44999694824219,70.12999725341797,70.51000213623047,48.82652282714844,2537200
2008-08-13,70.0,71.52999877929688,68.8499984741211,70.8499984741211,49.061973571777344,2375900
2008-08-14,70.47000122070312,71.91999816894531,69.30999755859375,70.98999786376953,49.15889358520508,1850400
2008-08-15,70.37000274658203,71.11000061035156,69.51000213623047,70.0,48.473358154296875,1975500
2008-08-18,70.0,71.0,68.23999786376953,68.79000091552734,47.635467529296875,1403700
2008-08-19,68.26000213623047,68.73999786376953,65.94999694824219,66.62000274658203,46.132789611816406,2287000
2008-08-20,66.5999984741211,67.5999984741211,65.2699966430664,67.51000213623047,46.87223434448242,2405200
2008-08-21,66.56999969482422,66.69000244140625,64.70999908447266,65.44999694824219,45.44196701049805,1736900
2008-08-22,65.93000030517578,66.87000274658203,65.0,66.48999786376953,46.164039611816406,1905200
2008-08-25,66.7300033569336,67.6500015258789,65.80999755859375,65.94999694824219,45.789119720458984,1886100
2008-08-26,66.0199966430664,66.55000305175781,63.439998626708984,64.58000183105469,44.837921142578125,3051500
2008-08-27,64.80000305175781,65.13999938964844,63.31999969482422,64.7300033569336,44.94205856323242,2182900
2008-08-28,65.01000213623047,67.87000274658203,65.01000213623047,67.37000274658203,46.7750244140625,1883700
2008-08-29,66.91999816894531,67.0,65.08999633789062,65.16000366210938,45.24061584472656,1505100
2008-09-02,66.79000091552734,67.73999786376953,62.849998474121094,63.61000061035156,44.164451599121094,2692000
2008-09-03,63.560001373291016,64.2300033569336,61.02000045776367,61.720001220703125,42.852230072021484,3002600
2008-09-04,60.65999984741211,60.65999984741211,57.72999954223633,58.099998474121094,40.33885955810547,3603000
2008-09-05,57.38999938964844,59.68000030517578,56.77000045776367,59.459999084472656,41.283111572265625,3021200
2008-09-08,62.97999954223633,63.400001525878906,59.040000915527344,60.22999954223633,41.817718505859375,3024500
2008-09-09,59.95000076293945,60.709999084472656,53.41999816894531,53.4900016784668,37.138145446777344,3715700
2008-09-10,54.279998779296875,57.189998626708984,54.279998779296875,56.63999938964844,39.325157165527344,4269100
2008-09-11,55.849998474121094,58.04999923706055,54.470001220703125,58.04999923706055,40.304134368896484,2815500
2008-09-12,57.93000030517578,59.220001220703125,56.65999984741211,58.45000076293945,40.58185958862305,2054500
2008-09-15,56.18000030517578,58.45000076293945,53.08000183105469,54.2400016784668,37.65885543823242,4116200
2008-09-16,52.9900016784668,58.099998474121094,51.77000045776367,57.36000061035156,39.825069427490234,4471500
2008-09-17,56.84000015258789,56.84000015258789,53.099998474121094,53.43000030517578,37.096466064453125,3316000
2008-09-18,54.02000045776367,55.72999954223633,48.880001068115234,54.40999984741211,37.776878356933594,4103100
2008-09-19,57.58000183105469,60.400001525878906,55.939998626708984,58.68000030517578,40.74155044555664,4472600
2008-09-22,58.0,60.81999969482422,56.65999984741211,57.75,40.0958366394043,3888800
2008-09-23,56.880001068115234,59.65999984741211,56.439998626708984,57.63999938964844,40.01947784423828,2996600
2008-09-24,57.93000030517578,58.72999954223633,52.22999954223633,53.09000015258789,36.860408782958984,3491500
2008-09-25,53.29999923706055,53.47999954223633,47.59000015258789,48.650001525878906,33.777732849121094,6555700
2008-09-26,46.9900016784668,47.650001525878906,44.04999923706055,46.029998779296875,31.958650588989258,9265400
2008-09-29,45.040000915527344,45.040000915527344,40.060001373291016,41.689998626708984,28.945375442504883,10058100
2008-09-30,42.58000183105469,44.16999816894531,40.06999969482422,43.720001220703125,30.35482406616211,7678800
2008-10-01,44.0,45.630001068115234,42.189998626708984,42.77000045776367,29.695241928100586,5243700
2008-10-02,41.72999954223633,41.75,38.13999938964844,38.13999938964844,26.480621337890625,5973500
2008-10-03,38.0099983215332,40.04999923706055,36.7599983215332,37.09000015258789,25.751604080200195,6875700
2008-10-06,34.34000015258789,36.560001373291016,32.689998626708984,36.08000183105469,25.050350189208984,5505600
2008-10-07,36.61000061035156,38.81999969482422,34.849998474121094,34.939998626708984,24.25885581970215,5781600
2008-10-08,33.20000076293945,38.2400016784668,33.099998474121094,35.349998474121094,24.543516159057617,6738700
2008-10-09,36.58000183105469,37.439998626708984,32.58000183105469,32.650001525878906,22.66891860961914,4707200
2008-10-10,30.360000610351562,34.09000015258789,28.520000457763672,31.989999771118164,22.210668563842773,7206800
2008-10-13,33.93000030517578,39.04999923706055,33.439998626708984,39.04999923706055,27.112428665161133,4665000
2008-10-14,41.91999816894531,43.400001525878906,33.29999923706055,35.0,24.300514221191406,5397700
2008-10-15,34.5,34.79999923706055,29.950000762939453,30.06999969482422,20.87761116027832,4360500
2008-10-16,30.989999771118164,32.81999969482422,27.93000030517578,32.70000076293945,22.703624725341797,5556800
2008-10-17,32.0099983215332,33.9900016784668,30.0,32.209999084472656,22.363418579101562,4861000
2008-10-20,32.72999954223633,34.880001068115234,32.290000915527344,34.5,23.953359603881836,3030500
2008-10-21,33.7599983215332,33.970001220703125,31.559999465942383,32.61000061035156,22.641130447387695,5956700
2008-10-22,31.360000610351562,32.83000183105469,29.049999237060547,30.450000762939453,21.14145278930664,5642200
2008-10-23,30.739999771118164,31.239999771118164,27.079999923706055,28.75,19.96113395690918,5165900
2008-10-24,25.190000534057617,27.81999969482422,25.190000534057617,26.950000762939453,18.711395263671875,4819900
2008-10-27,26.3799991607666,29.059999465942383,25.780000686645508,26.75,18.57253074645996,3876000
2008-10-28,27.649999618530273,30.729999542236328,26.0,30.459999084472656,21.14838981628418,4025100
2008-10-29,30.399999618530273,33.5,29.459999084472656,31.139999389648438,21.62051773071289,4479400
2008-10-30,33.16999816894531,33.61000061035156,30.56999969482422,31.68000030517578,21.99544334411621,3757800
2008-10-31,30.020000457763672,30.530000686645508,25.850000381469727,26.149999618530273,18.155954360961914,11154100
2008-11-03,26.989999771118164,27.579999923706055,25.709999084472656,26.43000030517578,18.350366592407227,5426700
2008-11-04,27.75,29.399999618530273,27.0,28.8700008392334,20.044445037841797,4751500
2008-11-05,28.540000915527344,29.510000228881836,26.520000457763672,26.809999465942383,18.61418914794922,3748800
2008-11-06,27.18000030517578,27.18000030517578,22.969999313354492,23.06999969482422,16.01751708984375,6118600
2008-11-07,23.920000076293945,24.920000076293945,23.040000915527344,24.59000015258789,17.072847366333008,3454600
2008-11-10,25.850000381469727,26.5,21.899999618530273,22.440000534057617,15.580102920532227,5525000
2008-11-11,22.360000610351562,22.610000610351562,21.149999618530273,21.81999969482422,15.149640083312988,4279900
2008-11-12,21.899999618530273,22.81999969482422,19.610000610351562,19.809999465942383,13.75408935546875,4545200
2008-11-13,19.959999084472656,22.899999618530273,19.549999237060547,22.59000015258789,15.684248924255371,7099600
2008-11-14,22.389999389648438,23.049999237060547,21.040000915527344,21.59000015258789,14.989941596984863,5565900
2008-11-17,21.200000762939453,21.940000534057617,20.520000457763672,20.600000381469727,14.30258846282959,4011800
2008-11-18,20.329999923706055,21.239999771118164,20.0,21.049999237060547,14.61502742767334,5802800
2008-11-19,20.889999389648438,21.059999465942383,19.56999969482422,19.649999618530273,13.757379531860352,6397900
2008-11-20,19.34000015258789,20.440000534057617,17.700000762939453,17.780000686645508,12.448152542114258,6383100
2008-11-21,18.34000015258789,20.579999923706055,18.030000686645508,20.579999923706055,14.408489227294922,5300900
2008-11-24,21.139999389648438,23.139999389648438,20.59000015258789,22.489999771118164,15.745720863342285,5665300
2008-11-25,22.510000228881836,24.100000381469727,22.469999313354492,23.6200008392334,16.536849975585938,4892900
2008-11-26,21.510000228881836,25.200000762939453,21.510000228881836,24.559999465942383,17.194969177246094,4443500
2008-11-28,24.31999969482422,25.899999618530273,24.0,25.579999923706055,17.909099578857422,1411800
2008-12-01,24.549999237060547,25.0,22.5,22.510000228881836,15.759730339050293,4744000
2008-12-02,23.31999969482422,23.649999618530273,22.399999618530273,23.440000534057617,16.41084098815918,3585000
2008-12-03,22.6299991607666,24.829999923706055,22.350000381469727,24.56999969482422,17.20196533203125,4768600
2008-12-04,24.040000915527344,24.360000610351562,21.93000030517578,22.510000228881836,15.759730339050293,3946500
2008-12-05,22.030000686645508,23.299999237060547,21.0,23.190000534057617,16.23580551147461,3258500
2008-12-08,24.049999237060547,25.8700008392334,23.940000534057617,25.190000534057617,17.63603973388672,4169600
2008-12-09,24.530000686645508,27.920000076293945,24.520000457763672,26.8700008392334,18.81224822998047,5295100
2008-12-10,27.219999313354492,27.489999771118164,26.100000381469727,26.829999923706055,18.784242630004883,3633500
2008-12-11,25.3700008392334,26.729999542236328,24.6200008392334,24.920000076293945,17.44701385498047,5896000
2008-12-12,23.530000686645508,25.25,23.0,24.8700008392334,17.412006378173828,3514500
2008-12-15,25.219999313354492,25.690000534057617,23.5,24.030000686645508,16.823909759521484,2925000
2008-12-16,24.1299991607666,25.579999923706055,23.5,25.389999389648438,17.77606964111328,4927900
2008-12-17,24.8700008392334,26.360000610351562,24.68000030517578,26.049999237060547,18.238147735595703,3060300
2008-12-18,26.8700008392334,26.8700008392334,25.040000915527344,25.360000610351562,17.75506591796875,4150700
2008-12-19,25.729999542236328,26.940000534057617,25.200000762939453,26.510000228881836,18.560205459594727,4420700
2008-12-22,26.450000762939453,26.610000610351562,24.290000915527344,24.850000381469727,17.398008346557617,2744600
2008-12-23,24.940000534057617,25.690000534057617,24.479999542236328,24.84000015258789,17.39100456237793,2314400
2008-12-24,24.940000534057617,25.079999923706055,24.290000915527344,24.989999771118164,17.49602699279785,627600
2008-12-26,25.06999969482422,25.360000610351562,24.540000915527344,25.1200008392334,17.587039947509766,924700
2008-12-29,24.989999771118164,25.0,23.510000228881836,24.270000457763672,16.991933822631836,1693300
2008-12-30,24.479999542236328,25.549999237060547,24.459999084472656,25.530000686645508,17.87409019470215,2032900
2008-12-31,25.579999923706055,27.079999923706055,25.579999923706055,26.729999542236328,18.71422576904297,2218400
2009-01-02,26.81999969482422,29.3700008392334,26.389999389648438,29.239999771118164,20.471538543701172,2921000
2009-01-05,28.90999984741211,30.18000030517578,28.709999084472656,30.020000457763672,21.017621994018555,4435500
2009-01-06,29.84000015258789,31.770000457763672,29.309999465942383,31.610000610351562,22.13081932067871,5419900
2009-01-07,30.530000686645508,30.59000015258789,27.729999542236328,27.940000534057617,19.56138038635254,5049800
2009-01-08,27.690000534057617,29.829999923706055,27.1299991607666,29.579999923706055,20.70958137512207,5111200
2009-01-09,29.579999923706055,29.790000915527344,27.520000457763672,28.329999923706055,19.834430694580078,3947500
2009-01-12,28.280000686645508,28.479999542236328,25.790000915527344,26.18000030517578,18.32916259765625,3565300
2009-01-13,26.09000015258789,26.93000030517578,25.329999923706055,26.420000076293945,18.49720001220703,3432300
2009-01-14,25.600000381469727,25.81999969482422,24.0,24.520000457763672,17.166967391967773,4101100
2009-01-15,24.329999923706055,26.190000534057617,23.649999618530273,26.100000381469727,18.27315902709961,3747600
2009-01-16,26.469999313354492,26.809999465942383,24.979999542236328,26.31999969482422,18.42717742919922,3448900
2009-01-20,26.190000534057617,26.190000534057617,23.81999969482422,24.049999237060547,16.837909698486328,3055500
2009-01-21,24.5,26.25,24.040000915527344,26.139999389648438,18.301158905029297,3436900
2009-01-22,25.5,25.950000762939453,24.809999465942383,25.350000381469727,17.74806785583496,3499100
2009-01-23,24.3700008392334,26.530000686645508,24.0,25.559999465942383,17.89508819580078,2287600
2009-01-26,24.56999969482422,26.440000534057617,24.219999313354492,24.670000076293945,17.27198600769043,3162500
2009-01-27,24.989999771118164,25.8700008392334,24.399999618530273,24.690000534057617,17.28598403930664,3473800
2009-01-28,26.280000686645508,26.860000610351562,25.020000457763672,26.530000686645508,18.57421112060547,4143100
2009-01-29,26.06999969482422,26.260000228881836,24.979999542236328,25.15999984741211,17.61504364013672,3007600
2009-01-30,25.600000381469727,25.729999542236328,23.709999084472656,23.979999542236328,16.788894653320312,3529900
2009-02-02,23.540000915527344,24.579999923706055,22.799999237060547,24.299999237060547,17.0129337310791,5931200
2009-02-03,24.299999237060547,25.709999084472656,24.1200008392334,24.489999771118164,17.145957946777344,6116500
2009-02-04,25.479999542236328,26.100000381469727,24.18000030517578,25.520000457763672,17.867082595825195,3489800
2009-02-05,25.15999984741211,27.139999389648438,24.93000030517578,26.479999542236328,18.53919792175293,3792300
2009-02-06,27.110000610351562,28.899999618530273,26.610000610351562,28.25,19.77841567993164,3573500
2009-02-09,28.270000457763672,28.59000015258789,27.09000015258789,27.450000762939453,19.218318939208984,3746400
2009-02-10,27.1200008392334,27.989999771118164,25.280000686645508,25.549999237060547,17.88808822631836,4194300
2009-02-11,25.829999923706055,26.479999542236328,25.290000915527344,25.889999389648438,18.126127243041992,2503200
2009-02-12,25.260000228881836,25.719999313354492,23.690000534057617,24.920000076293945,17.44701385498047,4858200
2009-02-13,24.8799991607666,25.440000534057617,24.549999237060547,24.6200008392334,17.23697280883789,3162500
2009-02-17,23.059999465942383,23.489999771118164,21.709999084472656,22.170000076293945,15.521674156188965,4721800
2009-02-18,22.399999618530273,22.920000076293945,21.489999771118164,22.229999542236328,15.687517166137695,4915700
2009-02-19,22.610000610351562,23.049999237060547,21.219999313354492,21.34000015258789,15.05945110321045,3428500
2009-02-20,20.829999923706055,21.709999084472656,20.450000762939453,21.34000015258789,15.05945110321045,4190200
2009-02-23,21.780000686645508,21.950000762939453,20.309999465942383,20.399999618530273,14.396096229553223,4691300
2009-02-24,20.479999542236328,22.209999084472656,20.329999923706055,21.950000762939453,15.489925384521484,3572800
2009-02-25,20.81999969482422,21.829999923706055,20.329999923706055,20.510000228881836,14.473730087280273,5369000
2009-02-26,21.030000686645508,21.1299991607666,20.43000030517578,20.6299991607666,14.5584135055542,5130800
2009-02-27,20.1299991607666,21.350000381469727,19.850000381469727,20.799999237060547,14.678382873535156,5761400
2009-03-02,20.15999984741211,20.5,18.34000015258789,18.450000762939453,13.020004272460938,4741200
2009-03-03,18.6200008392334,21.389999389648438,18.6200008392334,19.799999237060547,13.972685813903809,9783100
2009-03-04,20.700000762939453,22.3799991607666,20.510000228881836,21.940000534057617,15.482865333557129,6544900
2009-03-05,21.1299991607666,21.1299991607666,19.06999969482422,19.479999542236328,13.746870994567871,4884700
2009-03-06,19.75,20.270000457763672,18.65999984741211,19.34000015258789,13.648067474365234,4263700
2009-03-09,18.969999313354492,20.149999618530273,18.81999969482422,19.610000610351562,13.838605880737305,3395800
2009-03-10,20.15999984741211,21.579999923706055,19.950000762939453,21.3700008392334,15.080623626708984,3232100
2009-03-11,21.56999969482422,22.700000762939453,21.309999465942383,22.260000228881836,15.708690643310547,3333300
2009-03-12,22.149999618530273,23.040000915527344,21.219999313354492,22.899999618530273,16.16033363342285,2982500
2009-03-13,23.040000915527344,23.469999313354492,21.770000457763672,22.520000457763672,15.892166137695312,3673400
2009-03-16,22.790000915527344,23.190000534057617,22.06999969482422,22.510000228881836,15.885108947753906,4019400
2009-03-17,22.5,23.280000686645508,21.389999389648438,23.280000686645508,16.428489685058594,3116100
2009-03-18,22.59000015258789,24.989999771118164,22.399999618530273,24.479999542236328,17.275318145751953,3930900
2009-03-19,24.739999771118164,25.31999969482422,24.200000762939453,24.25,17.113019943237305,3035700
2009-03-20,24.31999969482422,24.649999618530273,23.030000686645508,23.479999542236328,16.569631576538086,3249100
2009-03-23,24.389999389648438,27.299999237060547,24.049999237060547,27.280000686645508,19.25126075744629,4476900
2009-03-24,26.690000534057617,26.969999313354492,25.709999084472656,26.350000381469727,18.594966888427734,3574100
2009-03-25,26.350000381469727,27.5,24.719999313354492,25.850000381469727,18.242116928100586,3337700
2009-03-26,26.3799991607666,27.010000228881836,25.989999771118164,26.93000030517578,19.004268646240234,3622200
2009-03-27,26.399999618530273,26.739999771118164,26.0,26.239999771118164,18.51734161376953,2257000
2009-03-30,25.260000228881836,25.450000762939453,23.989999771118164,24.530000686645508,17.310609817504883,2347900
2009-03-31,24.940000534057617,25.940000534057617,24.530000686645508,25.450000762939453,17.9598388671875,3048800
2009-04-01,24.989999771118164,26.489999771118164,24.639999389648438,26.350000381469727,18.594966888427734,2754000
2009-04-02,27.139999389648438,29.780000686645508,27.020000457763672,28.920000076293945,20.408592224121094,4995800
2009-04-03,29.010000228881836,30.270000457763672,28.950000762939453,29.700000762939453,20.959030151367188,4265800
2009-04-06,29.360000610351562,29.489999771118164,28.579999923706055,29.389999389648438,20.740266799926758,3631400
2009-04-07,28.989999771118164,28.989999771118164,27.020000457763672,27.110000610351562,19.131290435791016,3256400
2009-04-08,27.34000015258789,27.68000030517578,26.049999237060547,26.690000534057617,18.834897994995117,2960700
2009-04-09,27.639999389648438,30.059999465942383,27.639999389648438,30.020000457763672,21.184860229492188,3595800
2009-04-13,29.65999984741211,30.329999923706055,28.43000030517578,30.15999984741211,21.28365135192871,2301400
2009-04-14,29.969999313354492,29.969999313354492,28.270000457763672,28.809999465942383,20.330965042114258,2501500
2009-04-15,28.719999313354492,29.09000015258789,28.040000915527344,28.649999618530273,20.218055725097656,2084100
2009-04-16,29.190000534057617,30.360000610351562,28.469999313354492,30.040000915527344,21.1989688873291,2494700
2009-04-17,30.1299991607666,30.469999313354492,29.18000030517578,29.790000915527344,21.022544860839844,2074600
2009-04-20,29.3799991607666,29.3799991607666,27.0,27.239999771118164,19.22303581237793,2954700
2009-04-21,26.969999313354492,28.15999984741211,26.360000610351562,28.030000686645508,19.780529022216797,3538300
2009-04-22,27.68000030517578,30.3799991607666,27.3799991607666,29.809999465942383,21.036659240722656,3602200
2009-04-23,30.010000228881836,31.649999618530273,29.31999969482422,31.5,22.229278564453125,4438200
2009-04-24,31.6299991607666,33.959999084472656,31.239999771118164,33.380001068115234,23.55597496032715,3611800
2009-04-27,32.43000030517578,33.459999084472656,31.610000610351562,31.8700008392334,22.490381240844727,4062700
2009-04-28,31.010000228881836,31.809999465942383,30.790000915527344,31.25,22.0528564453125,1848900
2009-04-29,31.6200008392334,34.060001373291016,31.6200008392334,33.4900016784668,23.633604049682617,3135600
2009-04-30,34.52000045776367,36.18000030517578,33.630001068115234,34.0,23.993499755859375,6483500
2009-05-01,33.900001525878906,34.59000015258789,33.22999954223633,34.0,23.993499755859375,5675000
2009-05-04,34.56999969482422,34.66999816894531,33.83000183105469,34.13999938964844,24.092304229736328,4274200
2009-05-05,33.900001525878906,34.5099983215332,33.2400016784668,34.0,23.993499755859375,3374000
2009-05-06,34.400001525878906,34.400001525878906,32.79999923706055,33.88999938964844,23.91587257385254,3496100
2009-05-07,34.29999923706055,34.33000183105469,30.350000381469727,30.549999237060547,21.558870315551758,6042400
2009-05-08,32.22999954223633,34.20000076293945,31.59000015258789,34.02000045776367,24.007619857788086,5781300
2009-05-11,33.130001068115234,33.560001373291016,32.29999923706055,32.52000045776367,22.949081420898438,2623000
2009-05-12,32.86000061035156,32.939998626708984,30.84000015258789,31.559999465942383,22.271615982055664,3400400
2009-05-13,30.639999389648438,30.90999984741211,29.3799991607666,29.40999984741211,20.754392623901367,3774500
2009-05-14,29.600000381469727,30.670000076293945,29.5,30.0,21.17073631286621,2438900
2009-05-15,29.920000076293945,30.790000915527344,29.1299991607666,29.549999237060547,20.853174209594727,2668200
2009-05-18,30.079999923706055,31.559999465942383,30.0,31.510000228881836,22.236337661743164,2166800
2009-05-19,31.600000381469727,32.86000061035156,31.139999389648438,32.720001220703125,23.09021759033203,3246000
2009-05-20,33.13999938964844,34.16999816894531,32.529998779296875,32.849998474121094,23.306615829467773,5264600
2009-05-21,32.099998474121094,32.56999969482422,31.530000686645508,32.209999084472656,22.8525390625,4461300
2009-05-22,32.38999938964844,32.5,31.6200008392334,32.060001373291016,22.746118545532227,3276200
2009-05-26,31.6200008392334,33.54999923706055,31.110000610351562,33.470001220703125,23.74649429321289,2888700
2009-05-27,33.529998779296875,33.93000030517578,32.31999969482422,32.72999954223633,23.221473693847656,2793700
2009-05-28,32.83000183105469,33.08000183105469,31.5,32.43000030517578,23.00862693786621,2572200
2009-05-29,32.9900016784668,33.380001068115234,32.380001068115234,32.43000030517578,23.00862693786621,5305200
2009-06-01,33.34000015258789,35.97999954223633,33.040000915527344,35.7400016784668,25.35702896118164,4685000
2009-06-02,35.709999084472656,37.04999923706055,34.9900016784668,36.45000076293945,25.86075782775879,3412500
2009-06-03,36.0099983215332,36.369998931884766,34.59000015258789,35.119998931884766,24.917142868041992,2811300
2009-06-04,35.38999938964844,36.349998474121094,35.2400016784668,36.22999954223633,25.70467758178711,1670100
2009-06-05,37.380001068115234,37.400001525878906,35.91999816894531,36.2400016784668,25.71177864074707,2690200
2009-06-08,35.56999969482422,36.27000045776367,35.0,35.939998626708984,25.498924255371094,1478000
2009-06-09,35.59000015258789,36.290000915527344,35.380001068115234,35.9900016784668,25.53440284729004,1833800
2009-06-10,36.709999084472656,37.0,35.06999969482422,35.810001373291016,25.406700134277344,1599800
2009-06-11,35.959999084472656,36.599998474121094,35.779998779296875,36.2599983215332,25.72595977783203,1678800
2009-06-12,35.68000030517578,35.790000915527344,34.68000030517578,35.4900016784668,25.179656982421875,1503600
2009-06-15,34.599998474121094,34.650001525878906,33.18000030517578,34.02000045776367,24.13671112060547,2265800
2009-06-16,34.939998626708984,34.939998626708984,33.52000045776367,33.560001373291016,23.810346603393555,2891500
2009-06-17,32.5,33.150001525878906,31.940000534057617,32.619998931884766,23.143430709838867,3435800
2009-06-18,32.470001220703125,32.68000030517578,31.610000610351562,32.0,22.703550338745117,2550200
2009-06-19,32.380001068115234,32.880001068115234,31.979999542236328,32.2400016784668,22.87383270263672,2009900
2009-06-22,31.760000228881836,31.81999969482422,30.549999237060547,30.59000015258789,21.703176498413086,1989800
2009-06-23,30.940000534057617,31.59000015258789,30.75,31.459999084472656,22.320425033569336,2584800
2009-06-24,31.90999984741211,33.349998474121094,31.889999389648438,32.4900016784668,23.05120086669922,2608000
2009-06-25,32.060001373291016,34.369998931884766,32.060001373291016,34.2599983215332,24.306983947753906,2809500
2009-06-26,34.08000183105469,34.970001220703125,34.06999969482422,34.900001525878906,24.761062622070312,4295600
2009-06-29,35.06999969482422,36.7599983215332,34.849998474121094,36.09000015258789,25.6053524017334,3013600
2009-06-30,35.88999938964844,36.33000183105469,34.47999954223633,35.209999084472656,24.980995178222656,2958500
2009-07-01,35.459999084472656,36.7400016784668,35.459999084472656,35.95000076293945,25.506013870239258,2219800
2009-07-02,34.7599983215332,35.0099983215332,34.25,34.25,24.299898147583008,1986600
2009-07-06,33.939998626708984,34.59000015258789,33.459999084472656,34.209999084472656,24.271520614624023,1556200
2009-07-07,34.150001525878906,34.20000076293945,32.22999954223633,32.25,22.880922317504883,1992700
2009-07-08,32.400001525878906,32.4900016784668,31.31999969482422,32.08000183105469,22.76030731201172,2584600
2009-07-09,32.279998779296875,33.06999969482422,32.279998779296875,32.54999923706055,23.093767166137695,1961700
2009-07-10,32.13999938964844,32.650001525878906,31.610000610351562,32.13999938964844,22.802873611450195,2015800
2009-07-13,32.25,33.209999084472656,31.43000030517578,33.18000030517578,23.540739059448242,2047300
2009-07-14,33.33000183105469,33.33000183105469,32.36000061035156,32.68000030517578,23.18600082397461,2802000
2009-07-15,33.349998474121094,35.369998931884766,33.189998626708984,35.220001220703125,24.988096237182617,3247200
2009-07-16,34.959999084472656,36.33000183105469,34.959999084472656,36.16999816894531,25.662105560302734,1526800
2009-07-17,35.810001373291016,36.7599983215332,35.75,36.41999816894531,25.8394832611084,2218200
2009-07-20,36.900001525878906,38.619998931884766,36.900001525878906,38.4900016784668,27.308116912841797,2614200
2009-07-21,40.790000915527344,42.11000061035156,39.16999816894531,39.77000045776367,28.216270446777344,5552200
2009-07-22,39.220001220703125,40.29999923706055,39.189998626708984,39.529998779296875,28.04596519470215,2744300
2009-07-23,39.65999984741211,41.31999969482422,39.22999954223633,41.2400016784668,29.259199142456055,2269900
2009-07-24,41.130001068115234,41.65999984741211,40.380001068115234,41.630001068115234,29.53589630126953,1908000
2009-07-27,42.0099983215332,42.34000015258789,40.58000183105469,41.130001068115234,29.1811580657959,2492700
2009-07-28,40.470001220703125,41.45000076293945,39.380001068115234,40.290000915527344,28.585193634033203,3537900
2009-07-29,39.77000045776367,40.09000015258789,38.720001220703125,39.72999954223633,28.187862396240234,2933000
2009-07-30,40.54999923706055,42.41999816894531,40.54999923706055,41.310001373291016,29.308860778808594,3852200
2009-07-31,40.720001220703125,43.56999969482422,40.720001220703125,43.0099983215332,30.51498031616211,3243900
2009-08-03,44.119998931884766,44.779998779296875,43.369998931884766,44.56999969482422,31.62179946899414,2707900
2009-08-04,44.15999984741211,45.38999938964844,43.470001220703125,44.84000015258789,31.813350677490234,2941900
2009-08-05,44.9900016784668,45.400001525878906,44.15999984741211,44.91999816894531,31.8701114654541,3403600
2009-08-06,44.810001373291016,46.18000030517578,44.720001220703125,45.04999923706055,31.962345123291016,3736400
2009-08-07,46.02000045776367,48.0,45.25,47.13999938964844,33.44515609741211,3340800
2009-08-10,46.709999084472656,47.68000030517578,46.369998931884766,47.31999969482422,33.572879791259766,2548600
2009-08-11,46.58000183105469,46.7599983215332,44.68000030517578,45.02000045776367,31.941059112548828,3476900
2009-08-12,45.439998626708984,46.7599983215332,44.81999969482422,46.41999816894531,32.934329986572266,2855800
2009-08-13,46.880001068115234,48.709999084472656,46.18000030517578,48.4900016784668,34.40296936035156,3224800
2009-08-14,48.70000076293945,48.70000076293945,46.22999954223633,46.83000183105469,33.2252311706543,2539800
2009-08-17,45.36000061035156,45.41999816894531,43.79999923706055,44.119998931884766,31.302509307861328,3467600
2009-08-18,44.380001068115234,45.45000076293945,44.34000015258789,44.91999816894531,31.8701114654541,3089900
2009-08-19,43.9900016784668,45.33000183105469,43.25,44.47999954223633,31.68135643005371,2589800
2009-08-20,44.849998474121094,45.63999938964844,44.310001373291016,45.41999816894531,32.35088348388672,2311600
2009-08-21,46.20000076293945,47.2400016784668,45.189998626708984,47.029998779296875,33.497615814208984,2413300
2009-08-24,47.5,47.970001220703125,46.63999938964844,46.7400016784668,33.291080474853516,1445200
2009-08-25,47.189998626708984,48.29999923706055,46.86000061035156,48.0,34.18850326538086,2076900
2009-08-26,47.5,47.7599983215332,45.88999938964844,46.119998931884766,32.84946060180664,2546400
2009-08-27,45.630001068115234,46.45000076293945,44.54999923706055,45.79999923706055,32.62154769897461,2547700
2009-08-28,46.36000061035156,47.0,45.279998779296875,45.58000183105469,32.464847564697266,1511400
2009-08-31,44.75,45.47999954223633,44.36000061035156,45.31999969482422,32.2796630859375,2569800
2009-09-01,45.04999923706055,46.7599983215332,43.93000030517578,44.08000183105469,31.39645004272461,3210600
2009-09-02,44.279998779296875,45.40999984741211,43.9900016784668,44.4900016784668,31.688474655151367,4364100
2009-09-03,44.88999938964844,46.06999969482422,44.66999816894531,46.0,32.763999938964844,2166900
2009-09-04,45.810001373291016,47.11000061035156,45.47999954223633,46.869998931884766,33.3836555480957,2542500
2009-09-08,47.689998626708984,48.25,46.400001525878906,46.54999923706055,33.15573501586914,3073600
2009-09-09,46.380001068115234,47.36000061035156,46.0,47.20000076293945,33.61870574951172,2650600
2009-09-10,46.45000076293945,47.0,46.16999816894531,46.90999984741211,33.412147521972656,2784200
2009-09-11,47.220001220703125,48.189998626708984,47.11000061035156,47.47999954223633,33.818138122558594,2535500
2009-09-14,47.0,47.70000076293945,46.220001220703125,47.459999084472656,33.803890228271484,1851900
2009-09-15,47.689998626708984,48.04999923706055,46.869998931884766,47.63999938964844,33.932098388671875,2789000
2009-09-16,47.81999969482422,48.290000915527344,47.08000183105469,47.869998931884766,34.0959358215332,2323200
2009-09-17,47.41999816894531,48.619998931884766,46.369998931884766,46.849998474121094,33.369415283203125,3346900
2009-09-18,47.150001525878906,47.369998931884766,45.93000030517578,46.060001373291016,32.80672836303711,1970700
2009-09-21,45.560001373291016,45.560001373291016,43.7599983215332,44.79999923706055,31.909284591674805,3622300
2009-09-22,45.2400016784668,46.11000061035156,45.2400016784668,45.650001525878906,32.51470184326172,2792000
2009-09-23,45.81999969482422,46.16999816894531,44.77000045776367,45.0,32.051734924316406,3189300
2009-09-24,45.04999923706055,45.4900016784668,43.099998474121094,43.939998626708984,31.29672622680664,3059500
2009-09-25,43.599998474121094,44.41999816894531,43.189998626708984,44.11000061035156,31.417821884155273,3068100
2009-09-28,44.47999954223633,45.119998931884766,43.7400016784668,44.529998779296875,31.716970443725586,2485600
2009-09-29,44.61000061035156,45.43000030517578,44.11000061035156,44.47999954223633,31.68135643005371,1693600
2009-09-30,44.790000915527344,45.220001220703125,43.619998931884766,44.810001373291016,31.916404724121094,3716500
2009-10-01,44.45000076293945,44.529998779296875,43.06999969482422,43.06999969482422,30.677066802978516,3227500
2009-10-02,42.34000015258789,43.25,41.5099983215332,42.540000915527344,30.29957389831543,2908600
2009-10-05,42.939998626708984,44.130001068115234,42.56999969482422,44.08000183105469,31.39645004272461,2261800
2009-10-06,44.70000076293945,45.380001068115234,44.349998474121094,44.869998931884766,31.959142684936523,2814400
2009-10-07,44.65999984741211,45.45000076293945,44.380001068115234,45.36000061035156,32.30813980102539,2381100
2009-10-08,45.869998931884766,47.599998474121094,45.72999954223633,47.13999938964844,33.575965881347656,3420400
2009-10-09,47.279998779296875,47.54999923706055,46.630001068115234,47.31999969482422,33.70418167114258,2324000
2009-10-12,47.540000915527344,48.150001525878906,47.279998779296875,47.720001220703125,33.98908996582031,2279800
2009-10-13,47.47999954223633,47.59000015258789,46.79999923706055,47.22999954223633,33.64008712768555,2237000
2009-10-14,47.81999969482422,49.08000183105469,47.689998626708984,48.9900016784668,34.893653869628906,2474600
2009-10-15,48.790000915527344,49.380001068115234,48.2599983215332,49.2599983215332,35.085975646972656,1970500
2009-10-16,48.75,49.09000015258789,48.060001373291016,48.720001220703125,34.701351165771484,1830900
2009-10-19,49.0099983215332,50.77000045776367,48.880001068115234,50.54999923706055,36.004783630371094,2504800
2009-10-20,51.54999923706055,51.650001525878906,50.09000015258789,50.5,35.969173431396484,2154200
2009-10-21,50.08000183105469,51.540000915527344,49.599998474121094,50.06999969482422,35.66290283203125,2302300
2009-10-22,50.06999969482422,50.2599983215332,48.7400016784668,50.0099983215332,35.620174407958984,3251100
2009-10-23,50.16999816894531,50.5099983215332,48.27000045776367,48.59000015258789,34.60874557495117,2975200
2009-10-26,48.59000015258789,50.349998474121094,47.939998626708984,48.40999984741211,34.480552673339844,2502200
2009-10-27,48.68000030517578,48.79999923706055,46.34000015258789,46.52000045776367,33.134376525878906,2910700
2009-10-28,46.470001220703125,46.61000061035156,44.599998474121094,44.70000076293945,31.838054656982422,2729800
2009-10-29,45.08000183105469,46.119998931884766,44.90999984741211,45.91999816894531,32.70701217651367,2893500
2009-10-30,47.7599983215332,48.900001525878906,42.099998474121094,43.060001373291016,30.669944763183594,10839400
2009-11-02,43.29999923706055,44.65999984741211,42.630001068115234,44.099998474121094,31.41069221496582,4007800
2009-11-03,43.0099983215332,45.15999984741211,43.0099983215332,44.77000045776367,31.887908935546875,3244800
2009-11-04,45.7400016784668,46.90999984741211,45.119998931884766,45.29999923706055,32.265411376953125,3376900
2009-11-05,46.0,47.09000015258789,45.54999923706055,47.06999969482422,33.526126861572266,2513100
2009-11-06,46.33000183105469,47.06999969482422,45.540000915527344,46.18000030517578,32.89219665527344,1856200
2009-11-09,46.77000045776367,47.189998626708984,45.880001068115234,47.0099983215332,33.48337173461914,1792300
2009-11-10,46.81999969482422,47.4900016784668,46.4900016784668,46.939998626708984,33.43351745605469,1348500
2009-11-11,47.060001373291016,47.72999954223633,46.720001220703125,47.38999938964844,33.754032135009766,1698400
2009-11-12,46.84000015258789,47.380001068115234,46.400001525878906,46.61000061035156,33.19849395751953,2143800
2009-11-13,46.7400016784668,47.099998474121094,46.20000076293945,46.970001220703125,33.454891204833984,2082600
2009-11-16,47.25,49.400001525878906,47.25,48.84000015258789,34.78682327270508,2358500
2009-11-17,48.779998779296875,48.779998779296875,47.75,48.5099983215332,34.55176544189453,1468700
2009-11-18,48.689998626708984,48.689998626708984,47.66999816894531,48.13999938964844,34.41236114501953,1334500
2009-11-19,47.68000030517578,47.79999923706055,46.65999984741211,47.18000030517578,33.726131439208984,1387800
2009-11-20,46.7599983215332,46.93000030517578,45.849998474121094,46.5,33.24003601074219,1644200
2009-11-23,47.43000030517578,47.939998626708984,46.630001068115234,46.790000915527344,33.44734573364258,1487800
2009-11-24,46.66999816894531,46.959999084472656,45.7400016784668,46.08000183105469,32.93980026245117,1985600
2009-11-25,46.18000030517578,46.66999816894531,45.65999984741211,46.34000015258789,33.12567138671875,1636600
2009-11-27,44.86000061035156,46.06999969482422,44.15999984741211,45.34000015258789,32.41082763671875,755800
2009-11-30,45.400001525878906,45.790000915527344,44.400001525878906,44.900001525878906,32.09629440307617,2483900
2009-12-01,45.540000915527344,47.56999969482422,45.41999816894531,47.15999984741211,33.711822509765625,3175000
2009-12-02,46.75,46.869998931884766,43.04999923706055,43.41999816894531,31.038330078125,8007600
2009-12-03,43.599998474121094,44.36000061035156,42.9900016784668,43.04999923706055,30.77385139465332,3393000
2009-12-04,43.689998626708984,44.290000915527344,42.61000061035156,43.70000076293945,31.23849105834961,2304500
2009-12-07,45.06999969482422,45.75,44.599998474121094,45.08000183105469,32.22495651245117,3173500
2009-12-08,44.61000061035156,45.189998626708984,44.22999954223633,44.959999084472656,32.13918685913086,2884000
2009-12-09,44.70000076293945,45.900001525878906,44.56999969482422,45.7400016784668,32.696746826171875,2555500
2009-12-10,45.810001373291016,46.630001068115234,45.68000030517578,46.349998474121094,33.132816314697266,2349300
2009-12-11,46.59000015258789,46.7400016784668,45.29999923706055,45.59000015258789,32.58953857421875,1841200
2009-12-14,46.0,46.709999084472656,45.45000076293945,46.560001373291016,33.282928466796875,1711800
2009-12-15,46.400001525878906,46.630001068115234,45.91999816894531,46.11000061035156,32.96125793457031,2244300
2009-12-16,46.2599983215332,47.099998474121094,46.119998931884766,46.77000045776367,33.43305587768555,1917500
2009-12-17,46.220001220703125,46.79999923706055,46.0099983215332,46.5,33.24003601074219,1333500
2009-12-18,46.86000061035156,47.13999938964844,46.65999984741211,47.11000061035156,33.67607879638672,1935700
2009-12-21,47.369998931884766,47.4900016784668,46.84000015258789,47.189998626708984,33.7332763671875,2205700
2009-12-22,47.0,47.099998474121094,46.439998626708984,46.7599983215332,33.42588806152344,2410800
2009-12-23,47.0,47.40999984741211,46.470001220703125,47.349998474121094,33.847652435302734,1079400
2009-12-24,47.2599983215332,47.709999084472656,47.119998931884766,47.529998779296875,33.976318359375,357200
2009-12-28,47.400001525878906,47.7400016784668,47.279998779296875,47.40999984741211,33.89054489135742,855200
2009-12-29,47.5,47.5,46.790000915527344,46.84000015258789,33.48308181762695,773000
2009-12-30,46.5,46.79999923706055,46.20000076293945,46.38999938964844,33.161415100097656,811300
2009-12-31,46.349998474121094,46.650001525878906,45.849998474121094,45.86000061035156,32.78254699707031,683500
2010-01-04,46.349998474121094,47.11000061035156,46.2599983215332,46.939998626708984,33.554561614990234,1148600
2010-01-05,47.25,48.18000030517578,46.959999084472656,48.04999923706055,34.3480339050293,1592300
2010-01-06,47.849998474121094,48.619998931884766,47.779998779296875,48.4900016784668,34.662567138671875,1745900
2010-01-07,48.2599983215332,51.04999923706055,48.25,50.95000076293945,36.42107009887695,3558600
2010-01-08,50.349998474121094,54.41999816894531,50.099998474121094,53.66999816894531,38.36543273925781,4848000
2010-01-11,53.61000061035156,55.40999984741211,53.5,55.0,39.316162109375,3159800
2010-01-12,53.65999984741211,53.95000076293945,52.84000015258789,53.349998474121094,38.136680603027344,3841800
2010-01-13,52.18000030517578,53.25,51.36000061035156,52.779998779296875,37.7292366027832,2413300
2010-01-14,51.790000915527344,53.209999084472656,51.27000045776367,52.88999938964844,37.807865142822266,1802900
2010-01-15,51.97999954223633,52.47999954223633,51.380001068115234,51.72999954223633,36.97865295410156,2039900
2010-01-19,50.84000015258789,52.939998626708984,50.59000015258789,52.939998626708984,37.843605041503906,1689400
2010-01-20,52.40999984741211,52.40999984741211,50.619998931884766,51.470001220703125,36.79279327392578,2002000
2010-01-21,51.310001373291016,51.63999938964844,48.97999954223633,49.470001220703125,35.36311340332031,2264300
2010-01-22,49.2400016784668,49.2400016784668,47.7400016784668,47.77000045776367,34.14788055419922,2049400
2010-01-25,48.70000076293945,49.189998626708984,47.279998779296875,47.630001068115234,34.04780960083008,1626500
2010-01-26,47.43000030517578,48.400001525878906,46.81999969482422,47.290000915527344,33.80476379394531,2935300
2010-01-27,47.060001373291016,47.209999084472656,44.84000015258789,46.40999984741211,33.17570495605469,3368300
2010-01-28,46.849998474121094,46.939998626708984,45.130001068115234,45.54999923706055,32.56093978881836,1538100
2010-01-29,46.08000183105469,46.77000045776367,44.97999954223633,45.15999984741211,32.28215789794922,2110900
2010-02-01,45.72999954223633,46.97999954223633,45.54999923706055,46.939998626708984,33.554561614990234,2299600
2010-02-02,50.150001525878906,52.2599983215332,49.119998931884766,51.09000015258789,36.52116775512695,8399900
2010-02-03,51.11000061035156,53.04999923706055,51.02000045776367,51.84000015258789,37.05729293823242,3425700
2010-02-04,51.0099983215332,51.209999084472656,49.81999969482422,50.099998474121094,35.813453674316406,2765300
2010-02-05,49.93000030517578,50.56999969482422,48.88999938964844,50.47999954223633,36.08509826660156,3215000
2010-02-08,50.2599983215332,51.52000045776367,49.93000030517578,50.11000061035156,35.82059097290039,2097900
2010-02-09,51.16999816894531,52.88999938964844,51.0,52.2400016784668,37.34321594238281,2641200
2010-02-10,52.0099983215332,52.47999954223633,51.459999084472656,51.97999954223633,37.1573371887207,2198500
2010-02-11,51.88999938964844,55.84000015258789,51.88999938964844,54.86000061035156,39.21609878540039,4053400
2010-02-12,53.75,56.439998626708984,53.08000183105469,54.95000076293945,39.28042984008789,4198100
2010-02-16,56.13999938964844,57.45000076293945,55.95000076293945,57.11000061035156,40.824485778808594,3499800
2010-02-17,57.5,57.5,55.959999084472656,56.459999084472656,40.48390197753906,2400800
2010-02-18,56.119998931884766,57.599998474121094,55.84000015258789,57.4900016784668,41.22244644165039,1744900
2010-02-19,57.11000061035156,58.630001068115234,56.88999938964844,57.93000030517578,41.53794479370117,1946700
2010-02-22,58.470001220703125,58.470001220703125,56.959999084472656,57.18000030517578,41.000160217285156,1993600
2010-02-23,57.029998779296875,57.63999938964844,55.27000045776367,55.63999938964844,39.895931243896484,2451500
2010-02-24,56.18000030517578,56.790000915527344,55.52000045776367,55.95000076293945,40.11821365356445,2428600
2010-02-25,54.47999954223633,56.209999084472656,53.86000061035156,56.029998779296875,40.17556381225586,2192600
2010-02-26,55.9900016784668,57.0099983215332,55.16999816894531,56.779998779296875,40.713348388671875,1675000
2010-03-01,57.20000076293945,59.029998779296875,57.20000076293945,58.959999084472656,42.27648162841797,2341300
2010-03-02,59.4900016784668,59.52000045776367,58.72999954223633,59.2400016784668,42.47726821899414,3112900
2010-03-03,59.58000183105469,60.470001220703125,58.880001068115234,59.18000030517578,42.43424606323242,2724700
2010-03-04,59.349998474121094,60.36000061035156,59.099998474121094,59.72999954223633,42.82859802246094,2610800
2010-03-05,60.029998779296875,60.9900016784668,59.75,60.70000076293945,43.52413558959961,2550300
2010-03-08,60.709999084472656,60.93000030517578,59.720001220703125,60.02000045776367,43.03654479980469,2069200
2010-03-09,59.75,61.470001220703125,59.5,61.130001068115234,43.83245849609375,2504200
2010-03-10,61.369998931884766,61.369998931884766,59.540000915527344,60.22999954223633,43.18710708618164,4113000
2010-03-11,59.880001068115234,59.93000030517578,58.560001373291016,59.439998626708984,42.620662689208984,2389100
2010-03-12,60.2400016784668,60.5,59.650001525878906,60.369998931884766,43.287513732910156,2220000
2010-03-15,59.88999938964844,60.2400016784668,58.939998626708984,60.220001220703125,43.179954528808594,2589700
2010-03-16,60.40999984741211,61.02000045776367,58.9900016784668,60.70000076293945,43.52413558959961,3562000
2010-03-17,61.650001525878906,61.650001525878906,59.959999084472656,60.16999816894531,43.14409637451172,3462400
2010-03-18,59.88999938964844,60.45000076293945,58.86000061035156,59.33000183105469,42.54179382324219,3887000
2010-03-19,58.15999984741211,60.18000030517578,58.060001373291016,58.15999984741211,41.70285415649414,3043300
2010-03-22,57.900001525878906,60.27000045776367,57.650001525878906,59.95000076293945,42.98634719848633,1820600
2010-03-23,60.09000015258789,62.689998626708984,60.09000015258789,62.349998474121094,44.707237243652344,3014900
2010-03-24,62.31999969482422,63.20000076293945,61.7599983215332,61.810001373291016,44.320037841796875,3131500
2010-03-25,62.540000915527344,63.439998626708984,61.52000045776367,61.560001373291016,44.14077377319336,2615600
2010-03-26,61.83000183105469,63.400001525878906,61.630001068115234,62.36000061035156,44.71440887451172,1880200
2010-03-29,62.900001525878906,63.18000030517578,62.43000030517578,63.08000183105469,45.230674743652344,2177000
2010-03-30,63.220001220703125,63.22999954223633,61.58000183105469,62.150001525878906,44.563838958740234,2284200
2010-03-31,61.93000030517578,62.4900016784668,61.61000061035156,61.95000076293945,44.42042922973633,2397000
2010-04-01,62.470001220703125,63.630001068115234,61.959999084472656,62.34000015258789,44.7000617980957,2262900
2010-04-05,62.81999969482422,65.9800033569336,62.81999969482422,65.62999725341797,47.059120178222656,3273700
2010-04-06,65.37000274658203,65.45999908447266,64.9000015258789,65.12000274658203,46.69343948364258,2415400
2010-04-07,64.73999786376953,65.3499984741211,64.20999908447266,64.70999908447266,46.39944839477539,2630300
2010-04-08,64.36000061035156,65.58999633789062,63.75,65.02999877929688,46.62889862060547,3117600
2010-04-09,66.7300033569336,66.7300033569336,65.61000061035156,66.06999969482422,47.37461853027344,3111300
2010-04-12,66.44999694824219,66.44999694824219,64.91999816894531,65.12999725341797,46.70060729980469,2838400
2010-04-13,65.16000366210938,66.12000274658203,65.02999877929688,66.05999755859375,47.36744689941406,1656600
2010-04-14,66.16000366210938,67.79000091552734,66.0999984741211,67.72000122070312,48.5577392578125,2047600
2010-04-15,67.54000091552734,67.9800033569336,66.44000244140625,67.01000213623047,48.04863357543945,2128500
2010-04-16,66.69999694824219,67.16999816894531,65.0,65.91000366210938,47.2598991394043,2088200
2010-04-19,65.7699966430664,66.62999725341797,64.55999755859375,65.93000030517578,47.27421951293945,1873700
2010-04-20,66.91000366210938,69.3499984741211,66.80999755859375,67.04000091552734,48.07014465332031,3173300
2010-04-21,67.44000244140625,67.91999816894531,65.94999694824219,66.73999786376953,47.855037689208984,2356100
2010-04-22,65.9800033569336,68.31999969482422,64.77999877929688,68.05999755859375,48.80152130126953,1881100
2010-04-23,68.26000213623047,69.83999633789062,67.56999969482422,69.76000213623047,50.020484924316406,2334100
2010-04-26,70.23999786376953,71.5,70.01000213623047,70.30999755859375,50.41484451293945,2942100
2010-04-27,74.44999694824219,76.3499984741211,71.98999786376953,72.4000015258789,51.91346740722656,9373000
2010-04-28,73.19999694824219,74.94999694824219,73.06999969482422,73.80999755859375,52.92449951171875,4623600
2010-04-29,74.70999908447266,76.94999694824219,74.22000122070312,75.79000091552734,54.34422302246094,4009900
2010-04-30,75.75,76.55999755859375,72.05000305175781,72.2300033569336,51.79157638549805,3565500
2010-05-03,72.66999816894531,74.25,72.5999984741211,73.25,52.52293395996094,2891000
2010-05-04,71.95999908447266,72.01000213623047,69.33000183105469,70.6500015258789,50.658660888671875,5014200
2010-05-05,68.81999969482422,71.80000305175781,67.30000305175781,70.41000366210938,50.486568450927734,4479100
2010-05-06,69.94999694824219,72.0,58.90999984741211,67.23999786376953,48.213565826416016,8957800
2010-05-07,64.8499984741211,68.48999786376953,64.56999969482422,65.30999755859375,46.82966995239258,6749900
2010-05-10,69.72000122070312,72.37999725341797,69.5999984741211,72.12999725341797,51.7198486328125,4854300
2010-05-11,70.7699966430664,72.94999694824219,70.5999984741211,71.76000213623047,51.45456314086914,2946800
2010-05-12,72.73999786376953,75.44999694824219,72.5199966430664,75.08999633789062,53.842288970947266,2981300
2010-05-13,75.18000030517578,76.2300033569336,73.6500015258789,74.04000091552734,53.08940505981445,2855100
2010-05-14,73.29000091552734,73.30999755859375,70.68000030517578,71.55000305175781,51.303977966308594,4568600
2010-05-17,71.75,72.44000244140625,68.70999908447266,71.2699966430664,51.10319900512695,4033200
2010-05-18,73.04000091552734,73.44999694824219,69.51000213623047,69.94999694824219,50.15672302246094,2625300
2010-05-19,68.04000091552734,69.7699966430664,66.51000213623047,68.47000122070312,49.21864318847656,3783300
2010-05-20,66.02999877929688,66.08000183105469,62.0,63.70000076293945,45.789794921875,7800300
2010-05-21,62.0,66.19999694824219,60.36000061035156,65.87000274658203,47.349693298339844,4074500
2010-05-24,66.0,66.80999755859375,64.06999969482422,64.2300033569336,46.17078399658203,2162600
2010-05-25,61.45000076293945,65.11000061035156,60.5,64.94000244140625,46.681156158447266,4194500
2010-05-26,66.41999816894531,68.62000274658203,65.54000091552734,65.9800033569336,47.42874526977539,3562400
2010-05-27,68.0999984741211,69.62000274658203,67.7300033569336,69.58999633789062,50.023738861083984,2377400
2010-05-28,69.77999877929688,70.19999694824219,67.0199966430664,67.9800033569336,48.866424560546875,3170300
2010-06-01,67.08000183105469,69.0999984741211,66.05000305175781,66.08999633789062,47.507816314697266,1911800
2010-06-02,67.16999816894531,69.88999938964844,66.16000366210938,69.77999877929688,50.160308837890625,2779600
2010-06-03,71.22000122070312,72.0,69.13999938964844,70.54000091552734,50.706634521484375,3427800
2010-06-04,69.0,70.0,65.5,66.3499984741211,47.69471740722656,4142600
2010-06-07,66.5199966430664,66.5199966430664,62.86000061035156,62.939998626708984,45.24348831176758,3060900
2010-06-08,63.5,65.5,62.79999923706055,65.19000244140625,46.86085891723633,2923400
2010-06-09,65.94999694824219,67.51000213623047,65.4000015258789,65.88999938964844,47.364044189453125,3417100
2010-06-10,67.56999969482422,70.83999633789062,67.56999969482422,70.4800033569336,50.663490295410156,3982600
2010-06-11,69.04000091552734,72.43000030517578,68.91999816894531,72.22000122070312,51.914268493652344,2585100
2010-06-14,73.69000244140625,74.33999633789062,72.08000183105469,72.41000366210938,52.05084991455078,2619200
2010-06-15,73.0,75.45999908447266,72.9800033569336,75.37000274658203,54.178585052490234,2652100
2010-06-16,74.62000274658203,75.04000091552734,74.04000091552734,74.51000213623047,53.56040573120117,3103900
2010-06-17,75.1500015258789,75.19999694824219,72.95999908447266,73.80999755859375,53.05722427368164,2259000
2010-06-18,74.05999755859375,74.94999694824219,73.3499984741211,74.30000305175781,53.40945816040039,2796500
2010-06-21,76.0,77.0999984741211,74.33000183105469,74.97000122070312,53.891075134277344,3687300
2010-06-22,75.01000213623047,75.56999969482422,72.01000213623047,72.20999908447266,51.9070930480957,3050500
2010-06-23,72.30000305175781,73.8499984741211,70.61000061035156,73.1500015258789,52.58280563354492,2393800
2010-06-24,72.08999633789062,72.8499984741211,70.75,71.36000061035156,51.29607009887695,2625000
2010-06-25,71.8499984741211,72.69000244140625,70.54000091552734,72.58999633789062,52.18025207519531,5343100
2010-06-28,72.56999969482422,72.76000213623047,70.4000015258789,70.45999908447266,50.64911651611328,3046100
2010-06-29,68.9800033569336,69.0199966430664,65.5,66.23999786376953,47.615638732910156,4498100
2010-06-30,66.19000244140625,67.36000061035156,65.0199966430664,65.12999725341797,46.81774139404297,3268500
2010-07-01,64.87000274658203,66.63999938964844,63.2400016784668,64.81999969482422,46.594886779785156,5136200
2010-07-02,65.01000213623047,65.66999816894531,63.709999084472656,64.23999786376953,46.17797088623047,3766900
2010-07-06,65.86000061035156,66.30000305175781,63.040000915527344,63.56999969482422,45.69633865356445,3913900
2010-07-07,63.689998626708984,67.58999633789062,63.58000183105469,67.41000366210938,48.45668411254883,4362500
2010-07-08,68.27999877929688,69.19999694824219,67.19000244140625,68.94000244140625,49.556488037109375,3937700
2010-07-09,69.0,71.63999938964844,68.37000274658203,71.52999877929688,51.41828536987305,3400900
2010-07-12,71.26000213623047,71.69999694824219,69.87000274658203,70.66000366210938,50.792903900146484,3155700
2010-07-13,72.3499984741211,74.23999786376953,71.95999908447266,73.7300033569336,52.99972915649414,4266500
2010-07-14,73.4800033569336,75.37999725341797,72.9000015258789,74.63999938964844,53.653846740722656,4053000
2010-07-15,74.94000244140625,74.94000244140625,72.05000305175781,72.69999694824219,52.25931930541992,4563000
2010-07-16,71.77999877929688,72.54000091552734,69.36000061035156,69.5,49.959041595458984,3625200
2010-07-19,70.43000030517578,71.01000213623047,68.5199966430664,70.66000366210938,50.792903900146484,1924400
2010-07-20,68.98999786376953,72.73999786376953,68.81999969482422,72.54000091552734,52.14430618286133,2450500
2010-07-21,73.5,75.23999786376953,72.7699966430664,73.1500015258789,52.58280563354492,3241200
2010-07-22,75.20999908447266,76.36000061035156,74.5999984741211,75.9000015258789,54.55959701538086,2723800
2010-07-23,75.5,77.9800033569336,74.5999984741211,76.97000122070312,55.32874298095703,3089100
2010-07-26,76.9000015258789,78.43000030517578,76.69999694824219,77.8499984741211,55.9613037109375,2917300
2010-07-27,82.18000030517578,82.33999633789062,78.62000274658203,79.43000030517578,57.09707260131836,6302100
2010-07-28,79.25,80.38999938964844,79.01000213623047,79.76000213623047,57.33426284790039,3043500
2010-07-29,80.93000030517578,81.08999633789062,78.2699966430664,79.13999938964844,56.88859939575195,2400000
2010-07-30,77.69999694824219,80.13999938964844,77.01000213623047,79.61000061035156,57.226478576660156,2580900
2010-08-02,81.4800033569336,82.12999725341797,80.77999877929688,81.41000366210938,58.52036666870117,2388000
2010-08-03,81.19999694824219,81.87000274658203,79.47000122070312,80.04000091552734,57.53555679321289,3143900
2010-08-04,80.5199966430664,81.63999938964844,79.47000122070312,81.48999786376953,58.57789611816406,2886500
2010-08-05,81.05000305175781,81.9800033569336,80.1500015258789,81.63999938964844,58.6856803894043,1940900
2010-08-06,80.94000244140625,82.20999908447266,79.6500015258789,81.12999725341797,58.319091796875,2542100
2010-08-09,82.04000091552734,82.45999908447266,80.76000213623047,81.12000274658203,58.311893463134766,1879800
2010-08-10,80.0,81.87999725341797,79.55999755859375,81.4800033569336,58.5706901550293,3047300
2010-08-11,79.26000213623047,80.12999725341797,77.16999816894531,77.80999755859375,55.93254089355469,4582600
2010-08-12,75.51000213623047,78.5199966430664,75.0,77.97000122070312,56.047569274902344,4736600
2010-08-13,77.69999694824219,78.41999816894531,77.0199966430664,77.75,55.88943862915039,2055400
2010-08-16,77.05999755859375,78.41999816894531,76.0,77.7699966430664,55.903812408447266,1508900
2010-08-17,78.86000061035156,81.23999786376953,78.69000244140625,80.56999969482422,57.91654586791992,2447000
2010-08-18,80.5999984741211,82.16999816894531,79.37000274658203,81.83000183105469,58.822288513183594,2484100
2010-08-19,81.23999786376953,82.69000244140625,80.38999938964844,81.23999786376953,58.58647537231445,3441900
2010-08-20,82.06999969482422,82.1500015258789,78.6500015258789,79.51000213623047,57.3388671875,2834100
2010-08-23,80.19000244140625,80.19000244140625,76.04000091552734,76.5,55.168216705322266,3334200
2010-08-24,75.0,76.23999786376953,73.76000213623047,74.7699966430664,53.92059326171875,3401100
2010-08-25,73.80000305175781,74.30000305175781,71.51000213623047,73.4800033569336,52.990333557128906,4159100
2010-08-26,74.2300033569336,75.62000274658203,72.4800033569336,72.56999969482422,52.334049224853516,3194400
2010-08-27,73.70999908447266,76.5,71.97000122070312,76.19000244140625,54.94465255737305,3183400
2010-08-30,75.31999969482422,76.0,73.66000366210938,73.81999969482422,53.23550033569336,1961500
2010-08-31,73.23999786376953,75.2300033569336,72.51000213623047,74.41000366210938,53.66098403930664,2664900
2010-09-01,77.06999969482422,81.20999908447266,77.0,79.87999725341797,57.60568618774414,5080100
2010-09-02,79.73999786376953,81.83999633789062,79.08999633789062,81.80000305175781,58.99031448364258,3320500
2010-09-03,82.91000366210938,84.69000244140625,82.16000366210938,83.16000366210938,59.971092224121094,3054500
2010-09-07,82.43000030517578,82.75,80.75,80.87999725341797,58.32683563232422,2242200
2010-09-08,81.0,82.41999816894531,80.33999633789062,81.95999908447266,59.105712890625,1915200
2010-09-09,83.33000183105469,83.48999786376953,80.8499984741211,81.44000244140625,58.73069381713867,1508400
2010-09-10,81.87999725341797,82.81999969482422,81.23999786376953,81.91999816894531,59.07685089111328,1734600
2010-09-13,84.27999877929688,84.93000030517578,83.33999633789062,84.80999755859375,61.16094970703125,2502600
2010-09-14,84.18000030517578,85.58000183105469,83.6500015258789,85.0199966430664,61.312435150146484,1744000
2010-09-15,84.1500015258789,84.48999786376953,82.30000305175781,83.31999969482422,60.08646774291992,3102000
2010-09-16,83.02999877929688,84.5,82.7699966430664,84.08000183105469,60.63452911376953,2203300
2010-09-17,84.73999786376953,85.56999969482422,83.0199966430664,85.13999938964844,61.398956298828125,2746500
2010-09-20,85.86000061035156,88.43000030517578,85.31999969482422,87.94999694824219,63.425411224365234,2676500
2010-09-21,88.5999984741211,90.47000122070312,87.8499984741211,89.12999725341797,64.27635192871094,3432300
2010-09-22,89.11000061035156,90.0,87.66999816894531,88.38999938964844,63.74271774291992,2249000
2010-09-23,87.16000366210938,89.62000274658203,86.75,88.30999755859375,63.68501281738281,3239800
2010-09-24,90.0,92.5,90.0,90.86000061035156,65.52394104003906,3285600
2010-09-27,90.86000061035156,90.86000061035156,89.33999633789062,89.5999984741211,64.61529541015625,1831200
2010-09-28,90.05999755859375,91.16999816894531,88.23999786376953,90.95999908447266,65.59605407714844,1971400
2010-09-29,90.7699966430664,91.9000015258789,90.3499984741211,91.30000305175781,65.84125518798828,1917100
2010-09-30,92.4000015258789,92.86000061035156,89.68000030517578,90.58000183105469,65.32205200195312,2607700
2010-10-01,91.37000274658203,91.69999694824219,89.66000366210938,91.30999755859375,65.84844970703125,2543500
2010-10-04,91.25,91.68000030517578,88.8499984741211,89.69000244140625,64.68020629882812,3094400
2010-10-05,91.3499984741211,92.97000122070312,90.62999725341797,92.23999786376953,66.51915740966797,2479800
2010-10-06,92.19000244140625,93.5999984741211,91.93000030517578,93.22000122070312,67.22588348388672,1873300
2010-10-07,93.69999694824219,93.80000305175781,90.83000183105469,92.27999877929688,66.5479965209961,2555200
2010-10-08,92.58999633789062,93.66000366210938,91.5199966430664,92.91000366210938,67.00232696533203,1812800
2010-10-11,93.19000244140625,94.19000244140625,92.5,93.05999755859375,67.1104965209961,1070000
2010-10-12,92.87999725341797,92.87999725341797,90.68000030517578,92.26000213623047,66.5335464477539,1774500
2010-10-13,93.0,93.75,92.55000305175781,92.81999969482422,66.93740844726562,1697500
2010-10-14,93.01000213623047,94.7699966430664,93.0,93.76000213623047,67.61530303955078,1900600
2010-10-15,94.37000274658203,94.87000274658203,92.41000366210938,93.63999938964844,67.52877044677734,1855300
2010-10-18,93.63999938964844,93.63999938964844,90.80000305175781,91.3499984741211,65.87730407714844,2866500
2010-10-19,89.73999786376953,91.58000183105469,88.80000305175781,90.16999816894531,65.0263671875,2494900
2010-10-20,90.58000183105469,93.13999938964844,90.36000061035156,92.05000305175781,66.38212585449219,1583100
2010-10-21,92.58000183105469,93.80999755859375,91.83000183105469,93.75,67.60807800292969,2588700
2010-10-22,94.08999633789062,94.08999633789062,92.5,93.62999725341797,67.52155303955078,1328200
2010-10-25,94.7699966430664,96.12999725341797,94.26000213623047,94.48999786376953,68.14173126220703,2034800
2010-10-26,87.41000366210938,91.55999755859375,87.0,89.0,64.1825942993164,10456900
2010-10-27,89.2699966430664,90.25,88.22000122070312,89.26000213623047,64.37010955810547,4038400
2010-10-28,90.2300033569336,90.2300033569336,88.23999786376953,89.01000213623047,64.1898422241211,3118400
2010-10-29,89.26000213623047,89.86000061035156,87.94000244140625,88.0999984741211,63.5335693359375,2839600
2010-11-01,87.9000015258789,89.5,87.51000213623047,88.19999694824219,63.60568618774414,2821900
2010-11-02,88.80000305175781,91.76000213623047,88.48999786376953,91.37000274658203,65.89173889160156,3400100
2010-11-03,91.4000015258789,91.68000030517578,89.87000274658203,91.47000122070312,65.96385955810547,1885200
2010-11-04,93.22000122070312,95.72000122070312,92.77999877929688,95.63999938964844,68.97105407714844,2937700
2010-11-05,95.63999938964844,96.62999725341797,95.26000213623047,96.38999938964844,69.5119400024414,1713800
2010-11-08,95.8499984741211,96.0999984741211,94.91000366210938,95.4000015258789,68.79798889160156,1828000
2010-11-09,95.19999694824219,95.51000213623047,92.8499984741211,93.30000305175781,67.28357696533203,2052700
2010-11-10,93.77999877929688,94.97000122070312,92.4800033569336,94.52999877929688,68.17057800292969,1619100
2010-11-11,93.94999694824219,95.0199966430664,93.31999969482422,95.01000213623047,68.51673126220703,1556800
2010-11-12,93.80999755859375,94.83000183105469,92.69000244140625,94.05999755859375,67.8316421508789,2082300
2010-11-15,94.62999725341797,94.70999908447266,93.29000091552734,93.9800033569336,67.77395629882812,2281400
2010-11-16,92.94999694824219,92.98999786376953,90.37000274658203,91.31999969482422,65.85568237304688,2696000
2010-11-17,91.38999938964844,92.70999908447266,90.41999816894531,92.0199966430664,66.36050415039062,1823500
2010-11-18,93.62000274658203,95.33999633789062,93.4000015258789,93.80999755859375,67.84528350830078,1671500
2010-11-19,93.33999633789062,94.44000244140625,92.55999755859375,94.30999755859375,68.20687866210938,1883100
2010-11-22,94.23999786376953,95.75,93.38999938964844,95.58999633789062,69.13260650634766,1516700
2010-11-23,93.62999725341797,95.19000244140625,93.55999755859375,94.91000366210938,68.64079284667969,1884400
2010-11-24,95.88999938964844,98.7300033569336,95.72000122070312,98.6500015258789,71.34565734863281,2012300
2010-11-26,97.56999969482422,98.63999938964844,97.4000015258789,98.19999694824219,71.02019500732422,618900
2010-11-29,97.26000213623047,97.61000061035156,95.5,97.2699966430664,70.34759521484375,1450200
2010-11-30,96.05999755859375,97.77999877929688,95.58999633789062,97.12000274658203,70.2391128540039,2463300
2010-12-01,99.73999786376953,101.19999694824219,99.25,100.5199966430664,72.69805145263672,2508100
2010-12-02,100.83999633789062,104.36000061035156,100.5199966430664,103.97000122070312,75.19316101074219,2367300
2010-12-03,102.72000122070312,103.94999694824219,102.26000213623047,102.83999633789062,74.3759536743164,1932300
2010-12-06,102.75,105.58000183105469,102.43000030517578,104.95999908447266,75.90916442871094,1465300
2010-12-07,106.48999786376953,107.62000274658203,105.5999984741211,105.9800033569336,76.6468505859375,2573800
2010-12-08,106.02999877929688,106.4800033569336,103.56999969482422,105.08000183105469,75.9959716796875,2215400
2010-12-09,106.11000061035156,106.19999694824219,104.0,104.25,75.3956527709961,1342100
2010-12-10,105.0,105.22000122070312,104.0,105.02999877929688,75.95978546142578,1006900
2010-12-13,106.4000015258789,107.26000213623047,105.69999694824219,106.69000244140625,77.16031646728516,2145800
2010-12-14,106.55000305175781,109.19000244140625,106.55000305175781,108.29000091552734,78.31748962402344,1924800
2010-12-15,108.41000366210938,110.83999633789062,108.04000091552734,108.62000274658203,78.55614471435547,2171200
2010-12-16,109.25,109.25,107.13999938964844,108.51000213623047,78.47660064697266,1221200
2010-12-17,108.47000122070312,109.0,107.80000305175781,107.95999908447266,78.07882690429688,2071900
2010-12-20,108.48999786376953,109.56999969482422,107.68000030517578,109.12000274658203,78.91777038574219,1241000
2010-12-21,109.72000122070312,111.58999633789062,109.25,111.19000244140625,80.41482543945312,1218500
2010-12-22,111.05000305175781,111.41000366210938,110.37999725341797,111.25,80.45819854736328,1223500
2010-12-23,110.87000274658203,111.77999877929688,110.45999908447266,110.91000366210938,80.21233367919922,937800
2010-12-27,110.18000030517578,110.2699966430664,108.87999725341797,109.81999969482422,79.42400360107422,908100
2010-12-28,109.88999938964844,110.51000213623047,108.87000274658203,110.05999755859375,79.59759521484375,845800
2010-12-29,110.19999694824219,110.69000244140625,109.80999755859375,110.12999725341797,79.6482162475586,734100
2010-12-30,110.19000244140625,110.88999938964844,109.91000366210938,110.16000366210938,79.66986083984375,590900
2010-12-31,109.8499984741211,111.87000274658203,109.08999633789062,110.01000213623047,79.56143188476562,1091000
2011-01-03,111.08000183105469,112.06999969482422,110.83000183105469,111.75,80.81981658935547,1585800
2011-01-04,112.2300033569336,112.25,109.0,111.5999984741211,80.71134185791016,1944000
2011-01-05,110.95999908447266,113.66000366210938,110.95999908447266,112.98999786376953,81.71662902832031,1454500
2011-01-06,113.47000122070312,113.87999725341797,109.9800033569336,110.16000366210938,79.66986083984375,2194700
2011-01-07,110.61000061035156,112.05999755859375,109.1500015258789,109.77999877929688,79.39508819580078,2097600
2011-01-10,109.01000213623047,111.7699966430664,108.87000274658203,111.04000091552734,80.30635070800781,1675700
2011-01-11,111.9000015258789,113.11000061035156,111.01000213623047,111.5199966430664,80.65349578857422,1255600
2011-01-12,112.9000015258789,112.9000015258789,111.69000244140625,111.83000183105469,80.8777084350586,1025100
2011-01-13,111.94999694824219,113.25,111.06999969482422,112.91000366210938,81.65876770019531,2321500
2011-01-14,112.77999877929688,113.23999786376953,111.47000122070312,112.55999755859375,81.40564727783203,1110000
2011-01-18,113.30999755859375,114.80999755859375,112.5999984741211,113.8499984741211,82.33859252929688,1203900
2011-01-19,113.75,113.91000366210938,111.16999816894531,111.43000030517578,80.58839416503906,1498500
2011-01-20,111.11000061035156,112.06999969482422,107.77999877929688,108.0199966430664,78.12222290039062,3149000
2011-01-21,109.18000030517578,110.19999694824219,103.72000122070312,105.05000305175781,75.97425842285156,3592600
2011-01-24,105.05000305175781,106.30999755859375,102.58000183105469,106.12999725341797,76.75531768798828,2972700
2011-01-25,106.02999877929688,107.19999694824219,104.69999694824219,107.06999969482422,77.43517303466797,2574500
2011-01-26,107.80000305175781,110.68000030517578,107.5999984741211,109.61000061035156,79.27213287353516,1974400
2011-01-27,110.6500015258789,111.91999816894531,109.18000030517578,109.91999816894531,79.496337890625,2059700
2011-01-28,110.2300033569336,110.33000183105469,104.95999908447266,105.37999725341797,76.21289825439453,2511900
2011-01-31,106.69999694824219,109.4800033569336,105.16000366210938,105.87999725341797,76.57451629638672,3892600
2011-02-01,106.9800033569336,108.31999969482422,101.8499984741211,107.41000366210938,77.68107604980469,6930700
2011-02-02,107.0,108.6500015258789,106.19000244140625,106.88999938964844,77.30498504638672,3369400
2011-02-03,107.4000015258789,107.94000244140625,105.5,107.6500015258789,77.85465240478516,3227300
2011-02-04,107.66999816894531,110.13999938964844,107.05000305175781,109.69000244140625,79.33000183105469,3489900
2011-02-07,110.2300033569336,112.13999938964844,109.69999694824219,111.80999755859375,80.86320495605469,3315800
2011-02-08,112.05000305175781,112.38999938964844,110.0,111.69999694824219,80.78365325927734,2496100
2011-02-09,111.16000366210938,112.29000091552734,110.22000122070312,111.80000305175781,80.85601043701172,2273200
2011-02-10,110.54000091552734,112.12999725341797,109.7699966430664,111.13999938964844,80.3786392211914,1678700
2011-02-11,110.63999938964844,112.25,110.63999938964844,111.69999694824219,80.78365325927734,1918900
2011-02-14,112.80999755859375,114.30000305175781,112.36000061035156,113.54000091552734,82.1143798828125,2569800
2011-02-15,113.5,113.52999877929688,111.37000274658203,112.6500015258789,81.47074127197266,1924600
2011-02-16,113.37999725341797,113.80000305175781,110.87999725341797,110.98999786376953,80.4580307006836,2085100
2011-02-17,110.94999694824219,112.19999694824219,110.33000183105469,111.81999969482422,81.05972290039062,1944300
2011-02-18,112.18000030517578,112.5,109.81999969482422,110.04000091552734,79.76937103271484,2374300
2011-02-22,107.9800033569336,108.18000030517578,102.76000213623047,103.08000183105469,74.72396087646484,4107200
2011-02-23,102.6500015258789,102.97000122070312,97.19999694824219,100.69000244140625,72.99140930175781,6356300
2011-02-24,100.7300033569336,103.55000305175781,99.51000213623047,100.87000274658203,73.12187957763672,2813800
2011-02-25,102.20999908447266,103.05000305175781,101.25,102.33000183105469,74.18031311035156,2518000
2011-02-28,102.95999908447266,103.80999755859375,100.80000305175781,101.12000274658203,73.30316925048828,2352200
2011-03-01,102.37999725341797,102.37999725341797,98.91999816894531,99.91999816894531,72.4332275390625,2032300
2011-03-02,99.87999725341797,101.93000030517578,99.06999969482422,100.30000305175781,72.70873260498047,3169300
2011-03-03,102.08999633789062,104.58000183105469,101.55999755859375,103.94000244140625,75.34736633300781,2738800
2011-03-04,104.19999694824219,104.33999633789062,101.5,102.5,74.30351257324219,2348900
2011-03-07,102.48999786376953,103.06999969482422,99.36000061035156,99.69999694824219,72.27373504638672,2511100
2011-03-08,100.20999908447266,101.16000366210938,98.62000274658203,100.08999633789062,72.55647277832031,2271500
2011-03-09,99.63999938964844,101.0,98.69999694824219,100.06999969482422,72.5419921875,1810700
2011-03-10,97.9800033569336,99.44000244140625,95.83000183105469,98.6500015258789,71.51262664794922,3450000
2011-03-11,97.19999694824219,99.30000305175781,96.9000015258789,98.7300033569336,71.57062530517578,3396800
2011-03-14,98.19000244140625,99.4800033569336,96.5999984741211,97.55000305175781,70.7152099609375,2270600
2011-03-15,94.16000366210938,100.5,93.5,99.93000030517578,72.44050598144531,4868800
2011-03-16,100.08999633789062,101.7699966430664,97.8499984741211,98.93000030517578,71.71558380126953,3181100
2011-03-17,101.25,101.94999694824219,99.30000305175781,99.97000122070312,72.46949005126953,2207200
2011-03-18,101.97000122070312,102.5,99.5,99.91999816894531,72.4332275390625,3387700
2011-03-21,102.02999877929688,103.36000061035156,101.29000091552734,102.56999969482422,74.3542709350586,2329400
2011-03-22,102.93000030517578,102.93000030517578,100.83000183105469,101.69999694824219,73.72360229492188,2202700
2011-03-23,101.44000244140625,103.16999816894531,100.01000213623047,102.68000030517578,74.4339828491211,1929800
2011-03-24,103.83999633789062,104.48999786376953,102.68000030517578,103.7699966430664,75.22415161132812,2545900
2011-03-25,104.0999984741211,105.80000305175781,104.06999969482422,104.54000091552734,75.78231048583984,2045300
2011-03-28,104.86000061035156,105.41000366210938,104.29000091552734,104.91999816894531,76.05777740478516,2228500
2011-03-29,104.76000213623047,108.05000305175781,104.5,107.62999725341797,78.02233123779297,2817600
2011-03-30,108.9000015258789,110.75,108.63999938964844,109.56999969482422,79.42863464355469,2567400
2011-03-31,109.23999786376953,110.33000183105469,108.58000183105469,109.62000274658203,79.46488952636719,1957000
2011-04-01,110.87999725341797,113.6500015258789,110.5199966430664,111.30000305175781,80.68275451660156,3433500
2011-04-04,112.04000091552734,112.19999694824219,110.45999908447266,110.83000183105469,80.34205627441406,1904000
2011-04-05,111.31999969482422,111.87000274658203,109.29000091552734,110.94999694824219,80.42901611328125,2443700
2011-04-06,111.16999816894531,111.9800033569336,109.6500015258789,110.26000213623047,79.9288330078125,1833900
2011-04-07,109.66000366210938,111.5999984741211,108.70999908447266,110.16999816894531,79.86358642578125,1533300
2011-04-08,111.0,111.22000122070312,107.41000366210938,108.88999938964844,78.93568420410156,1846800
2011-04-11,108.87000274658203,108.9800033569336,106.58999633789062,107.41999816894531,77.87007904052734,1735900
2011-04-12,106.16999816894531,106.66999816894531,104.1500015258789,105.72000122070312,76.63772583007812,2935000
2011-04-13,106.73999786376953,108.0,105.0,105.88999938964844,76.76095581054688,1948300
2011-04-14,104.87999725341797,105.47000122070312,103.30000305175781,105.31999969482422,76.34776306152344,2171900
2011-04-15,105.70999908447266,106.06999969482422,104.52999877929688,105.12999725341797,76.21001434326172,2163100
2011-04-18,103.47000122070312,103.5199966430664,101.16000366210938,102.81999969482422,74.53548431396484,2675200
2011-04-19,103.83000183105469,106.51000213623047,103.83000183105469,105.33000183105469,76.35503387451172,1896200
2011-04-20,107.1500015258789,108.31999969482422,106.25,108.1500015258789,78.39928436279297,2549900
2011-04-21,109.0,109.87000274658203,108.44999694824219,108.94000244140625,78.97196197509766,1912100
2011-04-25,109.41999816894531,109.79000091552734,108.02999877929688,108.19999694824219,78.43550872802734,1939600
2011-04-26,114.58999633789062,117.4000015258789,114.25,116.38999938964844,84.37255859375,6000000
2011-04-27,117.4000015258789,119.58000183105469,115.05000305175781,119.08000183105469,86.32257080078125,3333500
2011-04-28,118.68000030517578,119.83999633789062,117.1500015258789,117.75,85.35843658447266,2269700
2011-04-29,118.37999725341797,120.54000091552734,117.87999725341797,120.18000030517578,87.11997985839844,2836000
2011-05-02,121.31999969482422,121.48999786376953,118.05000305175781,118.29000091552734,85.74986267089844,2358400
2011-05-03,117.25,118.1500015258789,115.05999755859375,115.93000030517578,84.0390853881836,2181300
2011-05-04,116.4800033569336,116.8499984741211,112.5999984741211,112.66000366210938,81.66864013671875,3718200
2011-05-05,111.75,117.94999694824219,110.81999969482422,115.88999938964844,84.01011657714844,3723200
2011-05-06,118.3499984741211,119.51000213623047,116.79000091552734,117.23999786376953,84.98873138427734,2143400
2011-05-09,117.62000274658203,118.55000305175781,116.45999908447266,117.58999633789062,85.24242401123047,1225100
2011-05-10,118.06999969482422,118.72000122070312,117.19999694824219,118.41000366210938,85.83686065673828,1247500
2011-05-11,118.0999984741211,118.0999984741211,113.16999816894531,114.04000091552734,82.66900634765625,3017600
2011-05-12,113.66999816894531,114.69000244140625,111.08000183105469,113.12000274658203,82.00209045410156,2252200
2011-05-13,112.5,113.5,110.16999816894531,110.29000091552734,79.9505844116211,2444500
2011-05-16,109.73999786376953,112.5,109.26000213623047,110.12000274658203,79.82732391357422,2916700
2011-05-17,109.5199966430664,109.5999984741211,105.86000061035156,106.48999786376953,77.19593048095703,3819500
2011-05-18,106.80000305175781,108.52999877929688,105.62999725341797,108.19000244140625,78.62244415283203,3806200
2011-05-19,109.30999755859375,110.26000213623047,108.20999908447266,109.51000213623047,79.58165740966797,2391700
2011-05-20,108.9800033569336,109.23999786376953,106.13999938964844,106.41000366210938,77.32889556884766,2553100
2011-05-23,104.08000183105469,105.19000244140625,102.33000183105469,104.16000366210938,75.69380187988281,3052800
2011-05-24,104.94000244140625,105.5,102.25,102.68000030517578,74.6182861328125,3588600
2011-05-25,101.81999969482422,105.75,101.73999786376953,105.11000061035156,76.38417053222656,3517800
2011-05-26,104.7699966430664,106.33000183105469,104.0,105.8499984741211,76.92194366455078,2402700
2011-05-27,106.05999755859375,106.29000091552734,104.5199966430664,104.97000122070312,76.28245544433594,2372100
2011-05-31,106.7300033569336,106.87999725341797,103.93000030517578,105.23999786376953,76.47868347167969,2485800
2011-06-01,104.79000091552734,105.33000183105469,100.5,100.63999938964844,73.13583374023438,3153100
2011-06-02,101.3499984741211,103.91999816894531,101.0,103.08999633789062,74.91619873046875,3169000
2011-06-03,100.66999816894531,103.18000030517578,99.79000091552734,101.4000015258789,73.68812561035156,2341300
2011-06-06,101.20999908447266,101.83000183105469,99.25,99.94999694824219,72.63438415527344,2714400
2011-06-07,101.5999984741211,102.41000366210938,100.73999786376953,100.9800033569336,73.38292694091797,2452800
2011-06-08,100.6500015258789,100.93000030517578,95.8499984741211,96.2300033569336,69.93101501464844,5914800
2011-06-09,96.75,97.55000305175781,95.86000061035156,96.58000183105469,70.18537902832031,3500800
2011-06-10,96.16999816894531,96.16999816894531,92.68000030517578,92.87000274658203,67.48928833007812,4721600
2011-06-13,93.1500015258789,94.80999755859375,92.41000366210938,93.44999694824219,67.91075897216797,3392300
2011-06-14,94.9000015258789,97.0999984741211,94.77999877929688,95.87000274658203,69.6694107055664,2994300
2011-06-15,94.66000366210938,95.58000183105469,92.31999969482422,92.44000244140625,67.17681121826172,4774000
2011-06-16,92.69000244140625,94.76000213623047,91.12999725341797,92.93000030517578,67.53290557861328,3620400
2011-06-17,94.62999725341797,94.9000015258789,93.08999633789062,93.62000274658203,68.03433227539062,3126800
2011-06-20,93.38999938964844,94.16999816894531,92.76000213623047,93.4800033569336,67.93257904052734,2221000
2011-06-21,94.26000213623047,97.63999938964844,94.2300033569336,97.5199966430664,70.86849975585938,3399200
2011-06-22,97.25,99.44999694824219,95.9800033569336,96.08000183105469,69.82200622558594,3264800
2011-06-23,94.08999633789062,98.4000015258789,93.48999786376953,98.3499984741211,71.47164154052734,4328000
2011-06-24,99.08000183105469,100.0,96.26000213623047,96.66999816894531,70.25079345703125,5402200
2011-06-27,96.69000244140625,97.9000015258789,95.66000366210938,97.38999938964844,70.77397155761719,2302300
2011-06-28,98.29000091552734,100.69999694824219,98.02999877929688,100.69999694824219,73.17939758300781,2855000
2011-06-29,101.81999969482422,101.94000244140625,100.12000274658203,101.04000091552734,73.42646789550781,3343900
2011-06-30,101.37000274658203,104.16999816894531,100.56999969482422,103.48999786376953,75.20693969726562,3547100
2011-07-01,103.80000305175781,107.83999633789062,103.4800033569336,107.41999816894531,78.06287384033203,4286900
2011-07-05,106.5,107.19999694824219,105.25,105.6500015258789,76.77659606933594,2127800
2011-07-06,105.73999786376953,107.33999633789062,104.72000122070312,106.77999877929688,77.59781646728516,2448200
2011-07-07,108.79000091552734,110.1500015258789,108.66999816894531,108.81999969482422,79.08027648925781,3093300
2011-07-08,105.93000030517578,107.62000274658203,105.01000213623047,106.7699966430664,77.59053039550781,2715000
2011-07-11,104.97000122070312,106.45999908447266,103.16000366210938,103.6500015258789,75.32321166992188,3129100
2011-07-12,104.76000213623047,106.30999755859375,103.01000213623047,103.31999969482422,75.0833740234375,3755900
2011-07-13,104.6500015258789,107.61000061035156,104.6500015258789,105.70999908447266,76.8202133178711,2753900
2011-07-14,106.22000122070312,107.6500015258789,103.1500015258789,104.48999786376953,75.93364715576172,2787900
2011-07-15,105.48999786376953,105.76000213623047,103.2699966430664,104.68000030517578,76.07170104980469,2477000
2011-07-18,104.30000305175781,104.31999969482422,101.80000305175781,103.5,75.21417999267578,2605000
2011-07-19,104.5199966430664,106.79000091552734,104.5199966430664,106.58000183105469,77.45243835449219,2147600
2011-07-20,107.66000366210938,108.0,105.91999816894531,106.75,77.57599639892578,1636900
2011-07-21,107.44999694824219,109.13999938964844,106.43000030517578,107.56999969482422,78.17188262939453,2228500
2011-07-22,106.33999633789062,107.58000183105469,104.73999786376953,106.77999877929688,77.59781646728516,2360800
2011-07-25,104.63999938964844,107.62000274658203,104.4000015258789,106.66000366210938,77.51058959960938,2514600
2011-07-26,113.22000122070312,114.0,110.3499984741211,110.81999969482422,80.53367614746094,6299400
2011-07-27,109.37999725341797,110.19999694824219,105.87999725341797,106.48999786376953,77.38705444335938,4748300
2011-07-28,106.87000274658203,108.94000244140625,105.4000015258789,105.73999786376953,76.84201049804688,4265900
2011-07-29,104.0199966430664,105.8499984741211,102.05000305175781,104.87999725341797,76.217041015625,3723000
2011-08-01,108.5999984741211,108.75,102.5,103.79000091552734,75.4249267578125,4662800
2011-08-02,102.81999969482422,105.04000091552734,99.08000183105469,99.1500015258789,72.05299377441406,5740700
2011-08-03,99.73999786376953,101.80000305175781,95.73999786376953,101.54000091552734,73.78987121582031,5260800
2011-08-04,99.37999725341797,100.95999908447266,93.0,93.16000366210938,67.7000503540039,6496200
2011-08-05,95.95999908447266,96.5,88.01000213623047,92.26000213623047,67.04600524902344,6743600
2011-08-08,86.68000030517578,89.69000244140625,83.01000213623047,83.66999816894531,60.80358123779297,5757800
2011-08-09,86.04000091552734,91.29000091552734,83.83999633789062,91.11000061035156,66.21029663085938,6554500
2011-08-10,88.93000030517578,89.69000244140625,86.0,86.25,62.678504943847656,6459600
2011-08-11,87.51000213623047,93.38999938964844,87.1500015258789,91.87000274658203,66.76258087158203,4743900
2011-08-12,94.44999694824219,96.4000015258789,93.66999816894531,94.47000122070312,68.65201568603516,4313300
2011-08-15,95.45999908447266,96.94999694824219,94.69999694824219,96.18000030517578,69.89468383789062,3054000
2011-08-16,94.97000122070312,95.45999908447266,92.95999908447266,93.68000030517578,68.07791137695312,3440800
2011-08-17,94.72000122070312,94.75,90.66000366210938,91.93000030517578,66.80619812011719,3837100
2011-08-18,87.0999984741211,87.19000244140625,82.31999969482422,83.33999633789062,60.82844924926758,7744200
2011-08-19,81.77999877929688,84.45999908447266,79.62000274658203,79.91000366210938,58.32493209838867,4780800
2011-08-22,84.0199966430664,84.44999694824219,79.62999725341797,79.94999694824219,58.35413360595703,3751900
2011-08-23,80.95999908447266,84.1500015258789,79.87000274658203,84.1500015258789,61.41965103149414,3259000
2011-08-24,83.8499984741211,86.8499984741211,82.80000305175781,86.58000183105469,63.19327163696289,2844400
2011-08-25,87.66000366210938,88.26000213623047,84.54000091552734,85.12999725341797,62.134918212890625,2626500
2011-08-26,83.52999877929688,87.5199966430664,82.80000305175781,87.47000122070312,63.84286880493164,3101000
2011-08-29,89.76000213623047,90.52999877929688,88.44000244140625,90.45999908447266,66.02521514892578,2407500
2011-08-30,89.76000213623047,91.9000015258789,88.48999786376953,90.9800033569336,66.4047622680664,2675400
2011-08-31,92.20999908447266,94.95999908447266,91.68000030517578,92.91999816894531,67.82071685791016,3901300
2011-09-01,92.80000305175781,94.3499984741211,90.69000244140625,90.76000213623047,66.24417877197266,2718700
2011-09-02,86.54000091552734,88.79000091552734,86.12000274658203,86.81999969482422,63.36842346191406,3233200
2011-09-06,82.62000274658203,85.75,82.2699966430664,85.54000091552734,62.434181213378906,3279700
2011-09-07,88.13999938964844,91.0,88.0,90.5,66.05442810058594,3263900
2011-09-08,89.08000183105469,92.44999694824219,88.80000305175781,90.01000213623047,65.69672393798828,3874700
2011-09-09,88.43000030517578,89.9800033569336,86.48999786376953,88.16000366210938,64.34648132324219,4935300
2011-09-12,85.8499984741211,88.22000122070312,84.33000183105469,87.05999755859375,63.54359817504883,3585800
2011-09-13,89.55999755859375,93.73999786376953,89.0199966430664,92.19999694824219,67.29521179199219,6503700
2011-09-14,92.95999908447266,95.69999694824219,91.19999694824219,94.16999816894531,68.73308563232422,5000400
2011-09-15,96.83999633789062,98.0,95.37999725341797,97.86000061035156,71.42636108398438,4964800
2011-09-16,98.5,99.7300033569336,96.69000244140625,97.83999633789062,71.41175842285156,4421600
2011-09-19,95.0999984741211,97.8499984741211,94.30000305175781,97.02999877929688,70.82054138183594,3433800
2011-09-20,97.12999725341797,97.80000305175781,94.2300033569336,94.25,68.7914810180664,3543100
2011-09-21,94.0,95.58000183105469,91.51000213623047,91.61000061035156,66.86459350585938,4096700
2011-09-22,86.91999816894531,88.69999694824219,84.11000061035156,85.26000213623047,62.229835510253906,6833000
2011-09-23,84.83999633789062,87.91999816894531,84.44999694824219,86.26000213623047,62.959686279296875,4086500
2011-09-26,87.30000305175781,89.6500015258789,84.30000305175781,89.4800033569336,65.30992126464844,3702400
2011-09-27,92.41999816894531,94.94000244140625,91.31999969482422,91.91000366210938,67.08354187011719,4371600
2011-09-28,91.88999938964844,92.81999969482422,86.69999694824219,86.94999694824219,63.463294982910156,3918900
2011-09-29,89.87000274658203,90.08999633789062,83.61000061035156,86.44999694824219,63.09836959838867,4752900
2011-09-30,83.87999725341797,84.62000274658203,81.51000213623047,81.66000366210938,59.602210998535156,5810800
2011-10-03,80.9000015258789,83.66999816894531,80.41999816894531,81.01000213623047,59.1278190612793,4075800
2011-10-04,79.68000030517578,85.5,79.52999877929688,85.12000274658203,62.12763595581055,5200000
2011-10-05,85.16000366210938,88.7699966430664,84.5,88.31999969482422,64.4632568359375,3735400
2011-10-06,88.4800033569336,90.30000305175781,87.0,90.0199966430664,65.70406341552734,3003400
2011-10-07,91.2699966430664,91.56999969482422,89.25,90.16999816894531,65.81355285644531,3535600
2011-10-10,91.95999908447266,94.08000183105469,91.1500015258789,94.08000183105469,68.66739654541016,2836400
2011-10-11,93.1500015258789,96.37999725341797,92.73999786376953,95.75,69.88629913330078,2830000
2011-10-12,96.8499984741211,97.70999908447266,94.91999816894531,95.70999908447266,69.85709381103516,4635400
2011-10-13,95.04000091552734,95.72000122070312,92.75,95.4800033569336,69.689208984375,2631100
2011-10-14,97.27999877929688,98.26000213623047,95.5999984741211,97.5999984741211,71.23655700683594,2227100
2011-10-17,96.0999984741211,96.0999984741211,92.0,92.37000274658203,67.41927337646484,5025500
2011-10-18,92.81999969482422,94.75,90.94999694824219,93.76000213623047,68.43382263183594,4880900
2011-10-19,93.69000244140625,93.86000061035156,90.05999755859375,90.48999786376953,66.04713439941406,3813700
2011-10-20,91.26000213623047,92.5999984741211,89.9000015258789,91.83999633789062,67.03244018554688,2857100
2011-10-21,93.37000274658203,94.33000183105469,91.77999877929688,94.22000122070312,68.76959228515625,3207200
2011-10-24,96.18000030517578,99.20999908447266,96.0,98.81999969482422,72.12702941894531,4750500
2011-10-25,92.0999984741211,94.95999908447266,90.5,93.80999755859375,68.47029876708984,9556000
2011-10-26,95.4000015258789,96.86000061035156,92.75,94.87999725341797,69.25128936767578,4426700
2011-10-27,98.72000122070312,102.9000015258789,98.43000030517578,101.70999908447266,74.23639678955078,5730500
2011-10-28,100.97000122070312,103.54000091552734,100.54000091552734,102.75,74.99547576904297,2454900
2011-10-31,100.37000274658203,101.91999816894531,99.16999816894531,99.43000030517578,72.572265625,2931700
2011-11-01,94.20999908447266,97.41999816894531,93.9000015258789,96.02999877929688,70.09064483642578,4040400
2011-11-02,98.88999938964844,100.31999969482422,97.55000305175781,98.7699966430664,72.09053802490234,3239500
2011-11-03,100.5199966430664,103.94999694824219,100.0,103.23999786376953,75.3531265258789,3543900
2011-11-04,101.91999816894531,103.45999908447266,101.05000305175781,103.38999938964844,75.46260070800781,2659500
2011-11-07,102.94999694824219,103.69000244140625,99.58999633789062,101.0,73.71818542480469,2745800
2011-11-08,101.75,101.9800033569336,98.56999969482422,101.68000030517578,74.21446990966797,2590200
2011-11-09,98.2699966430664,99.22000122070312,96.02999877929688,96.3499984741211,70.32421875,3715400
2011-11-10,98.13999938964844,98.69999694824219,95.94999694824219,97.27999877929688,71.00301361083984,2583900
2011-11-11,98.73999786376953,99.79000091552734,98.30000305175781,98.72000122070312,72.05406951904297,2108600
2011-11-14,98.4000015258789,99.9800033569336,98.2300033569336,99.41000366210938,72.55764770507812,1974600
2011-11-15,99.0,100.0199966430664,98.0199966430664,99.2300033569336,72.42630767822266,1472100
2011-11-16,98.30999755859375,100.5,97.83999633789062,98.02999877929688,71.55042266845703,1923900
2011-11-17,97.7699966430664,98.37999725341797,94.0199966430664,94.77999877929688,69.46171569824219,2358700
2011-11-18,96.12000274658203,96.12000274658203,93.70999908447266,94.0199966430664,68.9047622680664,2136400
2011-11-21,92.36000061035156,92.79000091552734,90.16000366210938,91.0999984741211,66.7647933959961,2625200
2011-11-22,91.08999633789062,91.20999908447266,87.9000015258789,89.58000183105469,65.6507797241211,3629000
2011-11-23,88.41999816894531,88.69999694824219,86.4000015258789,86.83999633789062,63.642704010009766,2687800
2011-11-25,86.66999816894531,87.63999938964844,86.04000091552734,86.04000091552734,63.05641174316406,994400
2011-11-28,90.08999633789062,90.76000213623047,89.08000183105469,90.44999694824219,66.28839111328125,2991800
2011-11-29,90.83000183105469,91.08999633789062,88.3499984741211,88.47000122070312,64.8373031616211,2627300
2011-11-30,92.19999694824219,96.5,92.19999694824219,96.33000183105469,70.59769439697266,4384300
2011-12-01,96.05999755859375,97.33000183105469,95.19000244140625,96.31999969482422,70.59034729003906,2160500
2011-12-02,97.95999908447266,98.0,95.72000122070312,95.7300033569336,70.15797424316406,2782800
2011-12-05,97.55000305175781,97.6500015258789,94.87000274658203,95.70999908447266,70.143310546875,2467200
2011-12-06,95.44000244140625,97.54000091552734,94.87000274658203,96.69999694824219,70.86884307861328,2205000
2011-12-07,95.77999877929688,95.94999694824219,93.33000183105469,94.58000183105469,69.31515502929688,2712500
2011-12-08,93.66999816894531,94.41999816894531,91.51000213623047,91.88999938964844,67.3437271118164,2529200
2011-12-09,92.30000305175781,95.48999786376953,92.0,95.11000061035156,69.7035903930664,2255900
2011-12-12,93.75,93.87000274658203,91.26000213623047,92.37000274658203,67.69550323486328,1931000
2011-12-13,93.0199966430664,94.05000305175781,88.5,89.23999786376953,65.40160369873047,3302000
2011-12-14,87.73999786376953,88.51000213623047,86.2699966430664,87.51000213623047,64.13375854492188,3692600
2011-12-15,88.87999725341797,88.9800033569336,86.55000305175781,86.83000183105469,63.63540267944336,1942000
2011-12-16,87.80999755859375,90.0199966430664,86.80999755859375,87.30000305175781,63.97985076904297,3270200
2011-12-19,87.63999938964844,88.18000030517578,85.51000213623047,85.81999969482422,62.89517593383789,1883100
2011-12-20,87.81999969482422,90.18000030517578,87.5999984741211,90.0199966430664,65.97325134277344,2764500
2011-12-21,89.37000274658203,89.48999786376953,86.12999725341797,87.97000122070312,64.47087097167969,3500000
2011-12-22,88.55999755859375,88.87000274658203,87.13999938964844,88.1500015258789,64.60279083251953,2409400
2011-12-23,88.58000183105469,89.1500015258789,87.77999877929688,89.06999969482422,65.27703094482422,1007700
2011-12-27,88.81999969482422,89.54000091552734,87.91999816894531,88.83000183105469,65.10112762451172,1285600
2011-12-28,89.08000183105469,89.58000183105469,87.0,87.8499984741211,64.38289642333984,2463500
2011-12-29,88.0,89.27999877929688,87.94999694824219,88.9800033569336,65.2110595703125,1592700
2011-12-30,88.08999633789062,88.94000244140625,88.0199966430664,88.0199966430664,64.50749969482422,1149900
2012-01-03,90.44999694824219,92.75,90.37000274658203,91.05000305175781,66.7281265258789,2833000
2012-01-04,90.86000061035156,92.77999877929688,90.44999694824219,92.30000305175781,67.64420318603516,2663300
2012-01-05,92.66999816894531,94.86000061035156,91.58999633789062,94.69999694824219,69.40311431884766,3757700
2012-01-06,95.0,95.02999877929688,93.37000274658203,93.52999877929688,68.54564666748047,2743600
2012-01-09,93.7699966430664,96.56999969482422,93.61000061035156,96.20999908447266,70.50975036621094,2697000
2012-01-10,97.87999725341797,99.19999694824219,97.66999816894531,98.7300033569336,72.35658264160156,3207400
2012-01-11,98.3499984741211,99.25,98.0,98.56999969482422,72.23932647705078,1696100
2012-01-12,99.01000213623047,99.51000213623047,97.26000213623047,99.2300033569336,72.7230224609375,1859700
2012-01-13,97.80999755859375,99.04000091552734,96.80000305175781,97.76000213623047,71.64571380615234,2654000
2012-01-17,99.55999755859375,100.94999694824219,98.97000122070312,99.25,72.73767852783203,2210500
2012-01-18,98.95999908447266,101.75,98.66999816894531,101.31999969482422,74.25470733642578,1993500
2012-01-19,103.62999725341797,106.0999984741211,103.19000244140625,105.51000213623047,77.32547760009766,5075300
2012-01-20,105.12000274658203,105.5,104.0999984741211,104.77999877929688,76.79048156738281,3126200
2012-01-23,105.23999786376953,106.5,104.33999633789062,105.5,77.3181381225586,2470800
2012-01-24,104.37999725341797,107.2300033569336,103.79000091552734,106.80000305175781,78.2708740234375,2158700
2012-01-25,106.5,109.33999633789062,105.9000015258789,108.95999908447266,79.8538818359375,2537700
2012-01-26,110.94999694824219,110.94999694824219,106.61000061035156,107.25,78.60067749023438,3455300
2012-01-27,106.69999694824219,107.75,106.20999908447266,106.5,78.05101013183594,1905200
2012-01-30,104.66999816894531,105.88999938964844,102.5199966430664,105.3499984741211,77.20820617675781,2448200
2012-01-31,106.3499984741211,107.05999755859375,103.75,104.0,76.21883392333984,2827400
2012-02-01,105.33999633789062,107.91000366210938,104.25,105.81999969482422,77.55265808105469,3768400
2012-02-02,111.76000213623047,114.75,110.58000183105469,113.30999755859375,83.04188537597656,6282200
2012-02-03,115.45999908447266,120.66000366210938,114.76000213623047,120.08999633789062,88.01074981689453,6095700
2012-02-06,119.0199966430664,120.93000030517578,118.37000274658203,119.80000305175781,87.79823303222656,2452200
2012-02-07,119.4800033569336,120.05000305175781,118.13999938964844,119.55000305175781,87.61502075195312,2194900
2012-02-08,119.54000091552734,119.98999786376953,118.52999877929688,119.58000183105469,87.63700103759766,1934900
2012-02-09,119.52999877929688,121.7300033569336,119.16000366210938,121.23999786376953,88.85355377197266,2542200
2012-02-10,119.36000061035156,120.37000274658203,117.95999908447266,120.30000305175781,88.16466522216797,2143000
2012-02-13,121.73999786376953,122.91999816894531,120.05000305175781,122.87999725341797,90.05547332763672,2135600
2012-02-14,121.77999877929688,122.72000122070312,120.30000305175781,121.5,89.04412078857422,1874000
2012-02-15,121.93000030517578,123.18000030517578,120.41999816894531,121.06999969482422,88.72895812988281,2569500
2012-02-16,121.63999938964844,123.08000183105469,120.80000305175781,123.04000091552734,90.1727294921875,2038800
2012-02-17,123.19000244140625,123.80999755859375,121.30000305175781,122.06999969482422,89.46185302734375,1722400
2012-02-21,122.62000274658203,124.69000244140625,122.18000030517578,123.30000305175781,90.36327362060547,1952100
2012-02-22,122.7699966430664,123.06999969482422,121.0,122.37999725341797,89.98092651367188,1841600
2012-02-23,122.58999633789062,123.55999755859375,121.61000061035156,122.55999755859375,90.11328125,1665200
2012-02-24,122.70999908447266,123.55000305175781,121.51000213623047,121.77999877929688,89.539794921875,1446400
2012-02-27,121.33000183105469,122.01000213623047,119.43000030517578,121.4000015258789,89.26042175292969,1620200
2012-02-28,121.44000244140625,122.54000091552734,120.44000244140625,121.70999908447266,89.48831176757812,1256200
2012-02-29,121.91000366210938,122.77999877929688,120.2699966430664,120.56999969482422,88.65013122558594,1584900
2012-03-01,121.47000122070312,122.25,120.45999908447266,121.6500015258789,89.4441909790039,1471000
2012-03-02,121.19999694824219,121.44999694824219,118.83000183105469,119.45999908447266,87.83399200439453,1783500
2012-03-05,119.68000030517578,122.08000183105469,118.88999938964844,120.27999877929688,88.43689727783203,2716700
2012-03-06,117.2300033569336,117.87000274658203,114.87999725341797,115.37000274658203,84.8267822265625,3434600
2012-03-07,115.62999725341797,118.16999816894531,115.5999984741211,117.72000122070312,86.55464935302734,1946400
2012-03-08,118.75,120.33999633789062,117.30999755859375,119.9800033569336,88.21631622314453,2468400
2012-03-09,120.55999755859375,121.63999938964844,118.62999725341797,118.93000030517578,87.44432067871094,2066300
2012-03-12,119.1500015258789,119.33999633789062,117.37999725341797,117.55000305175781,86.4296646118164,3583300
2012-03-13,119.19000244140625,124.5,118.63999938964844,124.30999755859375,91.4000015258789,3302000
2012-03-14,124.08000183105469,124.29000091552734,122.69999694824219,123.87999725341797,91.08383178710938,2475400
2012-03-15,123.91999816894531,127.83000183105469,123.01000213623047,126.98999786376953,93.3705062866211,3051800
2012-03-16,127.75,129.50999450683594,127.31999969482422,127.54000091552734,93.77488708496094,2925500
2012-03-19,128.57000732421875,129.4499969482422,126.95999908447266,128.0,94.11312103271484,2087900
2012-03-20,126.66000366210938,126.86000061035156,121.83000183105469,123.41999816894531,90.7456283569336,4397200
2012-03-21,123.93000030517578,124.62999725341797,123.0,123.58999633789062,90.87062072753906,1685500
2012-03-22,120.97000122070312,121.63999938964844,118.94999694824219,120.12000274658203,88.31925964355469,2987600
2012-03-23,120.25,122.05000305175781,119.44999694824219,121.5199966430664,89.3486328125,1985400
2012-03-26,123.47000122070312,124.3499984741211,122.91000366210938,123.91000366210938,91.10589599609375,1810300
2012-03-27,124.30000305175781,124.44999694824219,122.38999938964844,122.51000213623047,90.07654571533203,1244400
2012-03-28,122.06999969482422,122.70999908447266,117.27999877929688,117.9800033569336,86.74581146240234,3617100
2012-03-29,116.93000030517578,119.81999969482422,116.2300033569336,119.66000366210938,87.98103332519531,2604900
2012-03-30,120.62000274658203,120.76000213623047,118.61000061035156,120.04000091552734,88.26044464111328,1767800
2012-04-02,120.62000274658203,122.25,118.30999755859375,121.70999908447266,89.48831176757812,2073700
2012-04-03,121.04000091552734,123.33999633789062,118.80000305175781,119.83999633789062,88.1133804321289,3454600
2012-04-04,117.48999786376953,117.48999786376953,114.86000061035156,115.62000274658203,85.01060485839844,4674500
2012-04-05,115.97000122070312,116.93000030517578,115.25,115.54000091552734,84.9517822265625,1672000
2012-04-09,113.37000274658203,116.83999633789062,112.76000213623047,115.54000091552734,84.9517822265625,2251200
2012-04-10,115.0,115.41000366210938,111.30999755859375,111.76000213623047,82.17249298095703,3123400
2012-04-11,114.0199966430664,114.25,110.0199966430664,111.80999755859375,82.20925903320312,3563700
2012-04-12,112.56999969482422,116.7699966430664,112.16000366210938,116.05000305175781,85.32675170898438,2525600
2012-04-13,115.41999816894531,115.9000015258789,113.7300033569336,114.0199966430664,83.83418273925781,1482900
2012-04-16,115.44000244140625,115.94999694824219,112.70999908447266,114.0999984741211,83.89299774169922,2014100
2012-04-17,115.87999725341797,116.97000122070312,114.27999877929688,116.06999969482422,85.3414535522461,2008900
2012-04-18,115.33999633789062,117.55000305175781,114.11000061035156,116.80999755859375,85.88552856445312,1488500
2012-04-19,116.87000274658203,117.18000030517578,113.41000366210938,114.80000305175781,84.4076919555664,1590600
2012-04-20,115.70999908447266,117.02999877929688,115.20999908447266,116.02999877929688,85.31204986572266,1678400
2012-04-23,113.91999816894531,115.37000274658203,113.5,114.66999816894531,84.31208801269531,1778100
2012-04-24,115.5,117.22000122070312,114.7300033569336,116.04000091552734,85.31938934326172,1511100
2012-04-25,115.16000366210938,116.47000122070312,113.80999755859375,115.0999984741211,84.62826538085938,2380300
2012-04-26,114.69000244140625,116.36000061035156,113.80999755859375,116.08000183105469,85.34880065917969,1535600
2012-04-27,116.69000244140625,119.0,116.69000244140625,118.29000091552734,86.97374725341797,1636500
2012-04-30,117.12000274658203,117.4000015258789,114.94000244140625,115.83000183105469,85.16500854492188,2225800
2012-05-01,113.98999786376953,114.47000122070312,110.5,111.13999938964844,81.71664428710938,5404300
2012-05-02,110.5,113.13999938964844,109.55000305175781,112.48999786376953,82.709228515625,2956900
2012-05-03,111.88999938964844,112.33999633789062,109.75,110.44000244140625,81.20196533203125,2814000
2012-05-04,109.4000015258789,109.86000061035156,105.43000030517578,107.11000061035156,78.75355529785156,3278900
2012-05-07,104.76000213623047,107.55999755859375,104.16999816894531,105.5,77.56980895996094,3223500
2012-05-08,104.93000030517578,107.25,103.0,106.88999938964844,78.59178924560547,3769700
2012-05-09,105.16000366210938,109.19999694824219,104.75,106.73999786376953,78.48151397705078,4158200
2012-05-10,108.94000244140625,109.18000030517578,105.37000274658203,105.87000274658203,77.8418197631836,2204600
2012-05-11,104.68000030517578,107.36000061035156,104.61000061035156,106.47000122070312,78.2829818725586,1767000
2012-05-14,104.83999633789062,105.44999694824219,103.5199966430664,103.66000366210938,76.2169189453125,2022200
2012-05-15,103.9000015258789,104.43000030517578,102.58000183105469,102.97000122070312,75.70956420898438,1793000
2012-05-16,103.73999786376953,104.01000213623047,100.5199966430664,100.61000061035156,74.2628402709961,2460600
2012-05-17,100.47000122070312,100.88999938964844,96.3499984741211,96.73999786376953,71.40629577636719,3435400
2012-05-18,97.55000305175781,99.06999969482422,96.56999969482422,97.19999694824219,71.745849609375,2505600
2012-05-21,97.93000030517578,99.9000015258789,97.75,99.48999786376953,73.43614959716797,2137500
2012-05-22,100.20999908447266,102.5,99.61000061035156,100.94000244140625,74.50646209716797,2594300
2012-05-23,99.7300033569336,101.54000091552734,98.44999694824219,101.5199966430664,74.93455505371094,2300000
2012-05-24,102.18000030517578,102.41999816894531,99.0,100.26000213623047,74.00450897216797,1552800
2012-05-25,99.9000015258789,100.48999786376953,98.54000091552734,98.94999694824219,73.03755950927734,1850300
2012-05-29,100.66999816894531,101.91999816894531,99.66999816894531,101.05999755859375,74.59501647949219,2289600
2012-05-30,99.33999633789062,99.87999725341797,97.81999969482422,99.0,73.07444763183594,1927500
2012-05-31,98.0,98.29000091552734,95.43000030517578,96.94999694824219,71.56128692626953,2961300
2012-06-01,94.69999694824219,95.11000061035156,93.2300033569336,93.55999755859375,69.0590591430664,2688800
2012-06-04,92.0,93.73999786376953,89.44000244140625,91.68000030517578,67.67138671875,3702800
2012-06-05,90.94000244140625,92.97000122070312,90.91000366210938,92.33000183105469,68.15116882324219,2313100
2012-06-06,93.55000305175781,95.75,93.04000091552734,95.75,70.67555236816406,2916900
2012-06-07,98.63999938964844,100.55000305175781,97.0999984741211,97.29000091552734,71.8122787475586,4496300
2012-06-08,95.70999908447266,97.08999633789062,95.16999816894531,96.80000305175781,71.45060729980469,2576100
2012-06-11,98.20999908447266,98.45999908447266,92.25,92.4800033569336,68.26187896728516,3498300
2012-06-12,93.0,96.87000274658203,92.54000091552734,96.7300033569336,71.39891815185547,3804000
2012-06-13,95.44999694824219,96.58999633789062,93.16999816894531,93.6500015258789,69.1255111694336,2610900
2012-06-14,94.0999984741211,94.0999984741211,91.87999725341797,93.1500015258789,68.7564468383789,2528500
2012-06-15,93.87000274658203,94.7300033569336,93.26000213623047,94.69000244140625,69.89314270019531,1983800
2012-06-18,93.80000305175781,95.08000183105469,93.18000030517578,94.36000061035156,69.64958953857422,1855300
2012-06-19,94.7699966430664,97.66000366210938,94.7699966430664,96.63999938964844,71.3324966430664,2718900
2012-06-20,97.08999633789062,97.08999633789062,94.33000183105469,95.4000015258789,70.41720581054688,3570700
2012-06-21,95.33000183105469,95.86000061035156,91.30000305175781,91.4800033569336,67.52374267578125,2405400
2012-06-22,92.11000061035156,92.2699966430664,89.83999633789062,90.38999938964844,66.71920013427734,3691700
2012-06-25,89.05999755859375,90.44000244140625,88.93000030517578,89.81999969482422,66.2984848022461,2143800
2012-06-26,89.98999786376953,90.27999877929688,88.30999755859375,89.6500015258789,66.1729736328125,1869300
2012-06-27,90.16999816894531,90.7699966430664,88.79000091552734,90.62999725341797,66.8963623046875,2854200
2012-06-28,89.66000366210938,92.27999877929688,89.66000366210938,92.26000213623047,68.09949493408203,2521800
2012-06-29,95.80000305175781,98.08999633789062,95.16000366210938,96.91000366210938,71.53178405761719,4166100
2012-07-02,97.25,97.52999877929688,94.68000030517578,96.08000183105469,70.91912841796875,2326000
2012-07-03,96.66000366210938,101.20999908447266,96.41999816894531,100.13999938964844,73.91593170166016,2504600
2012-07-05,99.0,100.66000366210938,98.5999984741211,99.30999755859375,73.30326843261719,2283300
2012-07-06,96.4800033569336,96.5199966430664,94.55000305175781,96.29000091552734,71.07415008544922,2586900
2012-07-09,95.94999694824219,96.56999969482422,94.75,95.44000244140625,70.4467544555664,1454600
2012-07-10,96.63999938964844,97.36000061035156,85.08000183105469,86.91000366210938,64.1505126953125,12228900
2012-07-11,86.01000213623047,86.30999755859375,83.29000091552734,83.52999877929688,61.65567398071289,8682300
2012-07-12,83.36000061035156,86.55000305175781,82.19999694824219,85.7699966430664,63.309078216552734,6015600
2012-07-13,86.30999755859375,88.81999969482422,85.5999984741211,88.62999725341797,65.42008209228516,4337300
2012-07-16,88.0,88.0,86.26000213623047,86.55999755859375,63.892189025878906,3569400
2012-07-17,87.05999755859375,87.08999633789062,85.01000213623047,86.52999877929688,63.870018005371094,2244700
2012-07-18,86.0999984741211,88.63999938964844,85.33000183105469,87.54000091552734,64.61556243896484,4040400
2012-07-19,87.55999755859375,89.31999969482422,87.36000061035156,88.69999694824219,65.47175598144531,2235700
2012-07-20,87.91999816894531,88.05999755859375,85.75,86.08999633789062,63.54524230957031,2789500
2012-07-23,84.3499984741211,88.5,84.3499984741211,87.45999908447266,64.5564956665039,2897400
2012-07-24,88.0,88.23999786376953,85.94999694824219,86.86000061035156,64.11363220214844,2018400
2012-07-25,88.41000366210938,88.98999786376953,86.0999984741211,87.08000183105469,64.2760009765625,1904700
2012-07-26,88.68000030517578,89.37999725341797,87.29000091552734,89.08999633789062,65.7596206665039,2209300
2012-07-27,89.7300033569336,93.12999725341797,89.6500015258789,92.62000274658203,68.36522674560547,2552500
2012-07-30,92.44999694824219,92.44999694824219,89.8499984741211,90.4800033569336,66.78565216064453,3088600
2012-07-31,94.0199966430664,97.87999725341797,93.33000183105469,95.9000015258789,70.78628540039062,5058600
2012-08-01,97.18000030517578,97.2300033569336,93.12000274658203,93.62000274658203,69.10334777832031,2622000
2012-08-02,95.8499984741211,97.80000305175781,93.0,95.33999633789062,70.37291717529297,4026000
2012-08-03,97.11000061035156,100.33000183105469,96.51000213623047,99.0,73.07444763183594,3302300
2012-08-06,99.45999908447266,100.2699966430664,98.08000183105469,98.27999877929688,72.54302215576172,1836400
2012-08-07,98.6500015258789,102.48999786376953,98.6500015258789,101.01000213623047,74.55812072753906,3553000
2012-08-08,99.9800033569336,101.3499984741211,99.9000015258789,101.0,74.55072784423828,1846300
2012-08-09,100.80000305175781,101.69000244140625,100.3499984741211,101.27999877929688,74.75739288330078,1898100
2012-08-10,100.44999694824219,101.44000244140625,100.33999633789062,101.30999755859375,74.77953338623047,1444800
2012-08-13,101.36000061035156,101.36000061035156,99.41000366210938,100.72000122070312,74.34406280517578,1393100
2012-08-14,101.48999786376953,101.7300033569336,100.43000030517578,100.9000015258789,74.47689056396484,1340900
2012-08-15,99.62000274658203,101.06999969482422,99.0999984741211,100.76000213623047,74.37358093261719,1855700
2012-08-16,100.5199966430664,103.72000122070312,100.3499984741211,102.81999969482422,75.89412689208984,2218600
2012-08-17,103.52999877929688,103.7300033569336,102.8499984741211,103.19000244140625,76.16720581054688,1771900
2012-08-20,102.5,102.94000244140625,101.44000244140625,102.70999908447266,76.18204498291016,1816300
2012-08-21,103.22000122070312,105.62999725341797,102.25,102.80999755859375,76.25621032714844,2447100
2012-08-22,102.55000305175781,102.61000061035156,100.12999725341797,101.52999877929688,75.30682373046875,2148000
2012-08-23,101.0,101.7699966430664,100.04000091552734,100.4000015258789,74.46870422363281,1483800
2012-08-24,100.05000305175781,100.77999877929688,99.2300033569336,100.08999633789062,74.23872375488281,1374600
2012-08-27,100.37000274658203,100.58000183105469,98.3499984741211,98.58000183105469,73.11873626708984,1514200
2012-08-28,98.27999877929688,98.37000274658203,96.8499984741211,96.94000244140625,71.90233612060547,2757200
2012-08-29,96.27999877929688,98.16000366210938,95.9000015258789,97.69999694824219,72.46602630615234,1905400
2012-08-30,95.91999816894531,97.80000305175781,95.5199966430664,95.73999786376953,71.01225280761719,2049400
2012-08-31,96.86000061035156,97.4000015258789,95.5,97.11000061035156,72.0284423828125,1946900
2012-09-04,97.08000183105469,97.08000183105469,94.83999633789062,95.29000091552734,70.67845916748047,1966000
2012-09-05,95.5,96.05999755859375,94.80999755859375,95.33000183105469,70.7081527709961,1806900
2012-09-06,96.5199966430664,99.6500015258789,96.5199966430664,98.43000030517578,73.00749206542969,2760200
2012-09-07,98.83999633789062,101.41000366210938,98.83999633789062,100.56999969482422,74.59477233886719,2097800
2012-09-10,99.19999694824219,99.97000122070312,97.16999816894531,97.38999938964844,72.236083984375,2446300
2012-09-11,97.79000091552734,99.19999694824219,97.79000091552734,98.25,72.87397003173828,1714100
2012-09-12,97.8499984741211,99.4800033569336,97.83999633789062,98.5,73.05940246582031,1353600
2012-09-13,98.88999938964844,100.5199966430664,97.30999755859375,100.19000244140625,74.31291961669922,2135300
2012-09-14,100.62999725341797,104.70999908447266,100.62999725341797,102.62000274658203,76.11528778076172,3438000
2012-09-17,102.41000366210938,102.41000366210938,99.5999984741211,99.97000122070312,74.14974212646484,1978100
2012-09-18,99.9000015258789,100.16999816894531,98.70999908447266,99.06999969482422,73.48219299316406,1594600
2012-09-19,99.3499984741211,100.29000091552734,98.69000244140625,99.19000244140625,73.5711898803711,2160700
2012-09-20,97.95999908447266,97.95999908447266,96.11000061035156,96.94999694824219,71.90972137451172,2936500
2012-09-21,98.0199966430664,98.0999984741211,96.0999984741211,96.16999816894531,71.33122253417969,3351700
2012-09-24,95.56999969482422,96.12000274658203,95.05000305175781,95.19000244140625,70.60430908203125,2130200
2012-09-25,95.11000061035156,95.13999938964844,92.33999633789062,92.41000366210938,68.54232788085938,3357200
2012-09-26,92.6500015258789,93.37999725341797,91.43000030517578,92.2699966430664,68.4384765625,2214600
2012-09-27,92.94999694824219,93.48999786376953,92.01000213623047,92.86000061035156,68.8761215209961,1666800
2012-09-28,92.12999725341797,92.69000244140625,91.16000366210938,92.20999908447266,68.39399719238281,1885000
2012-10-01,92.87000274658203,94.33999633789062,92.06999969482422,92.30999755859375,68.46817016601562,1747200
2012-10-02,92.1500015258789,92.87000274658203,91.33999633789062,91.75,68.05279541015625,2302700
2012-10-03,92.0199966430664,92.20999908447266,90.41999816894531,90.63999938964844,67.22948455810547,2313100
2012-10-04,90.79000091552734,92.45999908447266,90.0,92.01000213623047,68.24565124511719,2359200
2012-10-05,92.98999786376953,93.97000122070312,91.51000213623047,92.11000061035156,68.31981658935547,1966500
2012-10-08,91.25,92.91999816894531,91.20999908447266,92.13999938964844,68.34207916259766,2086000
2012-10-09,92.08999633789062,92.41000366210938,90.62000274658203,90.83999633789062,67.37783813476562,1977400
2012-10-10,86.58000183105469,89.5999984741211,86.5,87.79000091552734,65.11558532714844,8308800
2012-10-11,88.44000244140625,89.13999938964844,85.87999725341797,86.48999786376953,64.15135192871094,4691900
2012-10-12,86.97000122070312,87.80999755859375,86.0199966430664,87.48999786376953,64.89308166503906,3196400
2012-10-15,87.7699966430664,89.25,86.87000274658203,89.05999755859375,66.05755615234375,3461600
2012-10-16,89.87000274658203,91.5999984741211,89.66999816894531,91.37999725341797,67.77835845947266,2918200
2012-10-17,91.4000015258789,92.93000030517578,91.0,92.41000366210938,68.54232788085938,2232400
2012-10-18,92.0999984741211,94.25,91.87999725341797,93.12000274658203,69.06893920898438,2848500
2012-10-19,92.44000244140625,93.41000366210938,90.97000122070312,91.93000030517578,68.18628692626953,2973200
2012-10-22,91.3499984741211,94.87999725341797,90.44000244140625,93.5,69.3508071899414,2577300
2012-10-23,91.80000305175781,94.0,91.44999694824219,93.44999694824219,69.31372833251953,3522400
2012-10-24,94.0,94.2699966430664,92.05000305175781,92.2699966430664,68.4384765625,1968400
2012-10-25,93.6500015258789,94.12000274658203,92.04000091552734,94.05000305175781,69.75877380371094,2177700
2012-10-26,94.13999938964844,94.56999969482422,93.23999786376953,93.81999969482422,69.58814239501953,1600400
2012-10-31,94.0,94.9800033569336,92.9000015258789,93.58000183105469,69.41015625,2172500
2012-11-01,94.05999755859375,99.05000305175781,94.0,98.75,73.24484252929688,4105200
2012-11-02,99.88999938964844,101.41999816894531,99.04000091552734,100.02999877929688,74.19424438476562,4718200
2012-11-05,99.48999786376953,101.16000366210938,97.25,101.0,74.91371154785156,2193600
2012-11-06,101.16999816894531,101.98999786376953,100.20999908447266,101.91000366210938,75.58867645263672,1930000
2012-11-07,99.56999969482422,99.7300033569336,97.66999816894531,98.0999984741211,72.76272583007812,3043200
2012-11-08,99.05000305175781,99.37999725341797,96.47000122070312,96.55999755859375,71.6204833984375,2008200
2012-11-09,96.08999633789062,99.08999633789062,95.86000061035156,97.0999984741211,72.02098846435547,1955800
2012-11-12,97.5999984741211,99.44000244140625,97.08000183105469,98.69000244140625,73.2003402709961,1443300
2012-11-13,97.62999725341797,99.23999786376953,97.36000061035156,97.54000091552734,72.34736633300781,1638600
2012-11-14,98.27999877929688,98.41999816894531,94.05000305175781,94.37000274658203,69.9961166381836,2337200
2012-11-15,94.33999633789062,95.70999908447266,93.9800033569336,94.87000274658203,70.36697387695312,2075500
2012-11-16,94.94000244140625,96.30999755859375,94.3499984741211,95.77999877929688,71.04192352294922,1885700
2012-11-19,98.25,99.79000091552734,97.70999908447266,98.72000122070312,73.22261047363281,1852700
2012-11-20,98.1500015258789,99.1500015258789,97.20999908447266,98.08999633789062,73.12567138671875,1988600
2012-11-21,97.80999755859375,98.56999969482422,97.33999633789062,98.27999877929688,73.26730346679688,772900
2012-11-23,99.0999984741211,100.52999877929688,99.0999984741211,99.63999938964844,74.28118896484375,851200
2012-11-26,99.0999984741211,99.83999633789062,98.80999755859375,99.61000061035156,74.25882720947266,1025300
2012-11-27,99.37999725341797,101.69999694824219,99.01000213623047,99.72000122070312,74.34082794189453,2051700
2012-11-28,98.80999755859375,100.0999984741211,97.94999694824219,100.08000183105469,74.60917663574219,1526700
2012-11-29,100.75,101.19999694824219,98.87999725341797,99.8499984741211,74.4377670288086,1619800
2012-11-30,99.68000030517578,99.77999877929688,97.8499984741211,98.16000366210938,73.17784118652344,2139700
2012-12-03,98.86000061035156,99.04000091552734,97.33999633789062,97.37000274658203,72.58890533447266,1722100
2012-12-04,97.62999725341797,98.33999633789062,96.76000213623047,97.30999755859375,72.54418182373047,1640500
2012-12-05,98.0,102.30000305175781,98.0,101.30999755859375,75.52616119384766,3000300
2012-12-06,101.06999969482422,101.06999969482422,99.2300033569336,100.41000366210938,74.85521697998047,1553400
2012-12-07,101.25,102.80000305175781,101.08000183105469,101.69000244140625,75.80945587158203,1579000
2012-12-10,101.02999877929688,103.73999786376953,101.02999877929688,103.23999786376953,76.96498107910156,1540300
2012-12-11,103.81999969482422,106.5199966430664,103.33999633789062,105.4800033569336,78.6348876953125,2952800
2012-12-12,106.16000366210938,107.55999755859375,105.80000305175781,105.87999725341797,78.93307495117188,2369800
2012-12-13,105.54000091552734,106.75,104.5999984741211,105.4800033569336,78.6348876953125,2417900
2012-12-14,105.2699966430664,107.37999725341797,105.2699966430664,106.30000305175781,79.24616241455078,1755400
2012-12-17,107.11000061035156,107.16999816894531,104.97000122070312,105.75,78.83618927001953,2337100
2012-12-18,106.12000274658203,109.44999694824219,105.91999816894531,108.66999816894531,81.01303100585938,3770400
2012-12-19,108.79000091552734,109.77999877929688,107.87000274658203,107.94999694824219,80.47627258300781,1835600
2012-12-20,108.04000091552734,108.33000183105469,107.30000305175781,107.7699966430664,80.34207916259766,1627000
2012-12-21,106.3499984741211,108.16999816894531,105.75,108.06999969482422,80.56573486328125,2157400
2012-12-24,107.31999969482422,107.31999969482422,106.51000213623047,107.16000366210938,79.88731384277344,666500
2012-12-26,107.45999908447266,108.83999633789062,106.5999984741211,107.16000366210938,79.88731384277344,859000
2012-12-27,107.55000305175781,107.73999786376953,104.68000030517578,106.80000305175781,79.61894989013672,1093200
2012-12-28,106.08000183105469,106.62999725341797,105.51000213623047,105.81999969482422,78.88835906982422,890500
2012-12-31,105.37000274658203,108.54000091552734,105.23999786376953,108.3499984741211,80.77446746826172,1680500
2013-01-02,111.5,113.81999969482422,111.30000305175781,113.37000274658203,84.51683807373047,2674100
2013-01-03,113.16000366210938,114.93000030517578,112.77999877929688,114.16999816894531,85.11324310302734,2160300
2013-01-04,114.81999969482422,115.0,113.25,113.86000061035156,84.88215637207031,1741300
2013-01-07,113.26000213623047,113.62999725341797,111.55999755859375,112.52999877929688,83.890625,1654900
2013-01-08,111.91000366210938,112.38999938964844,110.69999694824219,111.16000366210938,82.86930084228516,1396300
2013-01-09,111.25,114.23999786376953,110.54000091552734,113.12000274658203,84.33048248291016,1880600
2013-01-10,113.97000122070312,114.08999633789062,111.22000122070312,112.44000244140625,83.82353210449219,1969000
2013-01-11,110.93000030517578,111.47000122070312,109.19000244140625,110.58999633789062,82.44437408447266,1870200
2013-01-14,110.16999816894531,111.63999938964844,110.16999816894531,111.55000305175781,83.16004943847656,1385100
2013-01-15,110.83000183105469,112.08000183105469,110.83000183105469,111.81999969482422,83.36134338378906,869900
2013-01-16,111.52999877929688,112.2300033569336,111.02999877929688,112.05999755859375,83.54026794433594,996000
2013-01-17,112.55999755859375,114.5,111.72000122070312,114.19999694824219,85.13561248779297,1465100
2013-01-18,114.08000183105469,115.80999755859375,113.3499984741211,115.58999633789062,86.17183685302734,1878700
2013-01-22,115.22000122070312,115.79000091552734,114.5,115.75,86.29115295410156,959800
2013-01-23,115.5199966430664,115.76000213623047,114.38999938964844,115.2699966430664,85.93328094482422,1124100
2013-01-24,113.5199966430664,117.61000061035156,112.61000061035156,115.45999908447266,86.07493591308594,2411600
2013-01-25,115.56999969482422,117.23999786376953,115.27999877929688,116.9800033569336,87.20809173583984,1248400
2013-01-28,117.38999938964844,117.94999694824219,114.75,115.91000366210938,86.41040802001953,1261200
2013-01-29,115.77999877929688,116.33999633789062,115.0,116.05000305175781,86.5147705078125,1495100
2013-01-30,116.12999725341797,116.36000061035156,114.83000183105469,115.5199966430664,86.11965942382812,1582100
2013-01-31,114.97000122070312,115.94999694824219,113.80999755859375,114.83000183105469,85.60528564453125,1410700
2013-02-01,115.55999755859375,116.91000366210938,113.79000091552734,116.33999633789062,86.73097229003906,1608100
2013-02-04,115.05000305175781,117.69999694824219,115.0,116.41999816894531,86.79061889648438,1907400
2013-02-05,117.19000244140625,117.9800033569336,116.2699966430664,117.38999938964844,87.51375579833984,1846900
2013-02-06,120.5,122.54000091552734,118.83000183105469,120.37999725341797,89.74276733398438,4058900
2013-02-07,119.8499984741211,120.4800033569336,117.41000366210938,118.95999908447266,88.68417358398438,1941100
2013-02-08,118.47000122070312,120.0,118.12000274658203,119.47000122070312,89.06438446044922,963300
2013-02-11,118.80000305175781,119.98999786376953,118.52999877929688,119.26000213623047,88.90780639648438,1055500
2013-02-12,119.41999816894531,119.93000030517578,118.94000244140625,119.19000244140625,88.8556137084961,1276000
2013-02-13,119.79000091552734,119.91999816894531,118.0,119.04000091552734,88.74381256103516,1438000
2013-02-14,118.54000091552734,119.33999633789062,117.88999938964844,118.7300033569336,88.5126953125,1233000
2013-02-15,119.31999969482422,119.79000091552734,118.48999786376953,119.20999908447266,88.87055969238281,1343300
2013-02-19,119.2300033569336,119.41000366210938,118.01000213623047,118.87000274658203,88.61705780029297,1394500
2013-02-20,118.01000213623047,118.19000244140625,114.5199966430664,114.83000183105469,85.96690368652344,2122300
2013-02-21,114.06999969482422,114.1500015258789,111.45999908447266,112.52999877929688,84.24498748779297,2488300
2013-02-22,113.44000244140625,114.0,112.44000244140625,112.79000091552734,84.43964385986328,1715700
2013-02-25,115.76000213623047,116.26000213623047,111.22000122070312,111.25,83.28672790527344,1963200
2013-02-26,111.87999725341797,113.76000213623047,110.87000274658203,113.37999725341797,84.88134002685547,1923700
2013-02-27,113.12000274658203,116.6500015258789,112.44999694824219,115.7699966430664,86.67061614990234,1635800
2013-02-28,115.87000274658203,117.33999633789062,115.5199966430664,115.87000274658203,86.74545288085938,1411600
2013-03-01,114.95999908447266,116.0,113.0199966430664,115.05000305175781,86.13158416748047,1453500
2013-03-04,114.30000305175781,114.63999938964844,112.33000183105469,114.12999725341797,85.44280242919922,1557500
2013-03-05,115.4800033569336,118.43000030517578,115.38999938964844,116.44999694824219,87.17964172363281,1702500
2013-03-06,117.06999969482422,117.79000091552734,115.55000305175781,116.87000274658203,87.49411010742188,1246000
2013-03-07,117.01000213623047,118.38999938964844,116.41000366210938,117.27999877929688,87.8010482788086,1297600
2013-03-08,118.3499984741211,119.7300033569336,118.23999786376953,119.62999725341797,89.56034088134766,1905700
2013-03-11,119.11000061035156,119.7699966430664,118.51000213623047,119.62000274658203,89.5528793334961,934200
2013-03-12,119.5999984741211,119.62000274658203,117.52999877929688,118.62999725341797,88.81169128417969,1022300
2013-03-13,118.29000091552734,118.48999786376953,117.30000305175781,117.7699966430664,88.16787719726562,1089700
2013-03-14,118.30000305175781,118.30999755859375,116.58000183105469,117.27999877929688,87.8010482788086,1759700
2013-03-15,116.7699966430664,117.83999633789062,116.45999908447266,117.36000061035156,87.8609390258789,1365000
2013-03-18,115.97000122070312,118.05000305175781,115.33999633789062,116.30999755859375,87.0748519897461,1652100
2013-03-19,116.41000366210938,116.81999969482422,114.0,115.08000183105469,86.15399932861328,1552300
2013-03-20,116.94999694824219,117.66000366210938,115.7300033569336,116.25,87.0299301147461,1851900
2013-03-21,115.73999786376953,116.01000213623047,113.8499984741211,114.01000213623047,85.3530044555664,1455900
2013-03-22,114.2300033569336,114.52999877929688,113.0199966430664,113.5,84.97115325927734,1730700
2013-03-25,113.91000366210938,114.12000274658203,111.58000183105469,112.30999755859375,84.08030700683594,2336800
2013-03-26,112.4000015258789,113.30000305175781,112.25,113.1500015258789,84.70915222167969,1911400
2013-03-27,112.36000061035156,114.7699966430664,111.87999725341797,113.91999816894531,85.28562927246094,2564100
2013-03-28,114.13999938964844,116.0,113.81999969482422,115.80999755859375,86.70055389404297,1773400
2013-04-01,115.80999755859375,115.97000122070312,112.37999725341797,112.70999908447266,84.37974548339844,1385100
2013-04-02,113.08000183105469,113.54000091552734,111.33000183105469,111.83999633789062,83.7284164428711,1346000
2013-04-03,111.86000061035156,112.91999816894531,111.30000305175781,112.54000091552734,84.25247955322266,2030900
2013-04-04,112.70999908447266,114.25,112.54000091552734,114.06999969482422,85.39789581298828,1630700
2013-04-05,111.8499984741211,113.20999908447266,110.25,112.94000244140625,84.55191802978516,1907600
2013-04-08,113.0,113.20999908447266,111.69999694824219,112.83000183105469,84.46957397460938,1072200
2013-04-09,113.11000061035156,115.31999969482422,113.0199966430664,114.9800033569336,86.07914733886719,1276000
2013-04-10,115.58000183105469,118.3499984741211,115.12999725341797,118.0999984741211,88.4149398803711,2080400
2013-04-11,118.27999877929688,118.69000244140625,116.94999694824219,118.18000030517578,88.4748306274414,1972200
2013-04-12,117.62000274658203,117.93000030517578,116.38999938964844,117.11000061035156,87.67378234863281,1281600
2013-04-15,116.0999984741211,116.12999725341797,109.72000122070312,109.75,82.16376495361328,3633900
2013-04-16,111.2699966430664,112.25,110.06999969482422,111.31999969482422,83.33912658691406,1547400
2013-04-17,110.0,110.5,107.5199966430664,108.01000213623047,80.86111450195312,2099200
2013-04-18,108.38999938964844,109.04000091552734,105.86000061035156,106.0199966430664,79.3713150024414,2250700
2013-04-19,106.11000061035156,107.5999984741211,106.0199966430664,107.05999755859375,80.14991760253906,2069400
2013-04-22,107.16999816894531,108.55000305175781,106.16000366210938,107.66999816894531,80.60655212402344,1352000
2013-04-23,108.56999969482422,109.37000274658203,107.0,107.48999786376953,80.47183227539062,1635800
2013-04-24,108.16999816894531,110.62000274658203,108.05999755859375,110.08000183105469,82.41078186035156,1602200
2013-04-25,110.76000213623047,114.04000091552734,110.5199966430664,112.16000366210938,83.9679946899414,1551400
2013-04-26,112.30000305175781,112.36000061035156,110.7699966430664,111.19999694824219,83.24927520751953,1272400
2013-04-29,112.1500015258789,113.7699966430664,111.51000213623047,113.25,84.78400421142578,1805100
2013-04-30,110.44000244140625,110.62999725341797,105.94999694824219,106.38999938964844,79.64830780029297,5944700
2013-05-01,105.25,106.19999694824219,103.41000366210938,103.66000366210938,77.6045150756836,4185000
2013-05-02,104.13999938964844,106.58000183105469,104.13999938964844,106.41000366210938,79.66328430175781,2358500
2013-05-03,108.44999694824219,111.8499984741211,107.80000305175781,110.5999984741211,82.80010986328125,2748400
2013-05-06,111.05999755859375,112.05999755859375,109.93000030517578,110.8499984741211,82.9872817993164,1977600
2013-05-07,111.13999938964844,113.08999633789062,111.13999938964844,112.9800033569336,84.58189392089844,1524100
2013-05-08,113.05000305175781,115.22000122070312,112.44000244140625,115.01000213623047,86.10162353515625,1782100
2013-05-09,114.70999908447266,114.94999694824219,113.63999938964844,114.23999786376953,85.5251693725586,1837400
2013-05-10,114.08000183105469,114.95999908447266,113.54000091552734,114.37999725341797,85.6299819946289,1853700
2013-05-13,114.2300033569336,114.38999938964844,113.05000305175781,113.4000015258789,84.89630889892578,1514200
2013-05-14,113.6500015258789,115.19000244140625,112.94999694824219,114.80000305175781,85.94441223144531,1543500
2013-05-15,113.9800033569336,115.13999938964844,113.06999969482422,114.68000030517578,85.85455322265625,1505300
2013-05-16,114.16000366210938,116.16000366210938,113.9000015258789,114.33000183105469,85.5925521850586,1318000
2013-05-17,115.05999755859375,116.66000366210938,114.69000244140625,116.43000030517578,87.1646957397461,1051400
2013-05-20,116.04000091552734,119.44000244140625,115.7300033569336,118.1500015258789,88.45235443115234,1716000
2013-05-21,118.13999938964844,119.51000213623047,117.72000122070312,118.83000183105469,88.96146392822266,1660300
2013-05-22,118.55000305175781,119.5,117.08999633789062,117.5,88.33744812011719,1869200
2013-05-23,115.47000122070312,118.18000030517578,115.33000183105469,116.94000244140625,87.91646575927734,1637300
2013-05-24,115.9000015258789,116.6500015258789,115.26000213623047,116.30999755859375,87.44280242919922,1670000
2013-05-28,118.01000213623047,119.11000061035156,116.91000366210938,117.2699966430664,88.16452026367188,1276100
2013-05-29,115.94999694824219,118.19999694824219,115.76000213623047,117.72000122070312,88.50286102294922,1277800
2013-05-30,117.86000061035156,118.87999725341797,117.01000213623047,117.69000244140625,88.48030090332031,1781400
2013-05-31,117.33000183105469,122.31999969482422,116.80000305175781,119.62999725341797,89.93877410888672,2956300
2013-06-03,119.75,120.70999908447266,116.72000122070312,118.44000244140625,89.04415893554688,2251700
2013-06-04,118.23999786376953,119.33000183105469,116.91999816894531,118.20999908447266,88.8712387084961,1522800
2013-06-05,117.6500015258789,117.83000183105469,115.70999908447266,116.0,87.20973205566406,1628800
2013-06-06,116.01000213623047,118.33000183105469,115.73999786376953,117.33999633789062,88.2171630859375,1764600
2013-06-07,118.25,119.62999725341797,117.3499984741211,118.54000091552734,89.11933898925781,1105000
2013-06-10,119.12999725341797,119.12999725341797,117.81999969482422,118.6500015258789,89.20203399658203,897500
2013-06-11,117.11000061035156,119.5,116.37999725341797,117.43000030517578,88.28482818603516,1756000
2013-06-12,118.55999755859375,118.62999725341797,115.56999969482422,115.73999786376953,87.0142593383789,1643300
2013-06-13,115.11000061035156,118.44999694824219,114.91000366210938,118.2699966430664,88.91634368896484,1557200
2013-06-14,117.12000274658203,118.69000244140625,115.93000030517578,116.12999725341797,87.3074722290039,1111300
2013-06-17,116.61000061035156,117.37000274658203,115.30000305175781,116.05999755859375,87.25483703613281,1446100
2013-06-18,116.36000061035156,117.6500015258789,115.70999908447266,117.37000274658203,88.2397232055664,865200
2013-06-19,117.37000274658203,117.61000061035156,115.58999633789062,115.5999984741211,86.90901947021484,1255200
2013-06-20,114.55999755859375,115.02999877929688,111.86000061035156,112.41999816894531,84.51826477050781,2850600
2013-06-21,113.0,113.36000061035156,110.83999633789062,111.12000274658203,83.54090881347656,2635100
2013-06-24,109.11000061035156,109.26000213623047,105.55000305175781,105.94000244140625,79.64656066894531,4270800
2013-06-25,107.2300033569336,109.02999877929688,106.75,107.44000244140625,80.77425384521484,2532900
2013-06-26,108.80999755859375,109.4000015258789,107.02999877929688,107.36000061035156,80.714111328125,2177000
2013-06-27,108.29000091552734,108.9800033569336,107.91000366210938,108.51000213623047,81.57870483398438,1868900
2013-06-28,108.2699966430664,109.7300033569336,107.80000305175781,108.45999908447266,81.54109954833984,2775000
2013-07-01,109.25,110.94000244140625,108.72000122070312,110.33000183105469,82.94699096679688,1605300
2013-07-02,110.01000213623047,111.72000122070312,109.8499984741211,110.19999694824219,82.8492431640625,1496600
2013-07-03,108.69000244140625,109.30000305175781,107.51000213623047,108.9000015258789,81.87189483642578,1552600
2013-07-05,109.91999816894531,110.83999633789062,108.73999786376953,110.79000091552734,83.29281616210938,908600
2013-07-08,111.16000366210938,111.54000091552734,110.5,110.83000183105469,83.32290649414062,1215200
2013-07-09,111.38999938964844,113.16999816894531,111.33000183105469,112.62000274658203,84.66861724853516,1357600
2013-07-10,112.94000244140625,114.95999908447266,112.9000015258789,113.69999694824219,85.4805679321289,1312500
2013-07-11,116.01000213623047,117.33000183105469,114.98999786376953,115.27999877929688,86.66841888427734,1892200
2013-07-12,115.27999877929688,115.86000061035156,114.18000030517578,115.4000015258789,86.75865173339844,1421300
2013-07-15,115.5,117.87000274658203,115.12000274658203,117.29000091552734,88.1795654296875,1397300
2013-07-16,117.61000061035156,118.04000091552734,115.25,115.98999786376953,87.20220947265625,1384900
2013-07-17,116.87000274658203,117.16000366210938,115.62999725341797,116.4800033569336,87.57059478759766,793700
2013-07-18,116.91999816894531,117.5,116.19000244140625,117.0199966430664,87.97659301757812,1476600
2013-07-19,116.7699966430664,118.31999969482422,116.23999786376953,118.13999938964844,88.818603515625,1561300
2013-07-22,118.29000091552734,119.0,117.68000030517578,118.01000213623047,88.72087860107422,871100
2013-07-23,118.56999969482422,119.38999938964844,117.43000030517578,117.66999816894531,88.46524810791016,1775000
2013-07-24,117.76000213623047,117.76000213623047,115.7300033569336,116.23999786376953,87.39017486572266,2243700
2013-07-25,115.6500015258789,117.0999984741211,115.30000305175781,116.58000183105469,87.64578247070312,1158900
2013-07-26,115.9000015258789,116.54000091552734,115.37000274658203,115.87999725341797,87.11949157714844,1459700
2013-07-29,115.88999938964844,117.05000305175781,115.5,116.44000244140625,87.54051208496094,1490000
2013-07-30,120.01000213623047,123.9000015258789,117.37999725341797,118.2300033569336,88.88628387451172,5301700
2013-07-31,119.18000030517578,121.91000366210938,119.0199966430664,121.19000244140625,91.11163330078125,2423200
2013-08-01,122.5999984741211,123.83000183105469,122.33999633789062,122.94000244140625,92.42727661132812,2229000
2013-08-02,122.23999786376953,123.18000030517578,121.0,123.05000305175781,92.50997161865234,1646800
2013-08-05,122.87999725341797,123.05000305175781,121.80999755859375,122.7300033569336,92.26941680908203,922000
2013-08-06,122.06999969482422,122.12000274658203,121.1500015258789,122.08999633789062,91.78823852539062,1196800
2013-08-07,121.69999694824219,122.44000244140625,120.70999908447266,122.19000244140625,91.86341857910156,1287100
2013-08-08,123.43000030517578,124.5,123.12999725341797,123.69999694824219,92.99866485595703,1250300
2013-08-09,123.47000122070312,124.4800033569336,123.05999755859375,124.0199966430664,93.2392349243164,1411900
2013-08-12,122.79000091552734,126.97000122070312,122.5199966430664,125.83999633789062,94.6075210571289,1676100
2013-08-13,126.79000091552734,128.1300048828125,125.83999633789062,127.5199966430664,95.87053680419922,1850000
2013-08-14,127.87999725341797,128.3000030517578,127.1500015258789,127.51000213623047,95.86305236816406,1711400
2013-08-15,125.88999938964844,125.88999938964844,124.13999938964844,124.72000122070312,93.7655029296875,1437400
2013-08-16,124.7300033569336,126.23999786376953,124.52999877929688,124.94000244140625,93.93091583251953,1156200
2013-08-19,125.0199966430664,125.81999969482422,123.63999938964844,123.83000183105469,93.09638977050781,1459500
2013-08-20,123.79000091552734,124.30000305175781,122.58000183105469,123.56999969482422,93.3721923828125,992800
2013-08-21,123.41000366210938,125.3499984741211,122.83999633789062,123.43000030517578,93.26641845703125,1738600
2013-08-22,124.13999938964844,127.58999633789062,124.13999938964844,126.55999755859375,95.6314926147461,1848100
2013-08-23,126.56999969482422,126.56999969482422,124.81999969482422,125.20999908447266,94.61139678955078,1176600
2013-08-26,125.2699966430664,126.25,124.51000213623047,124.56999969482422,94.12782287597656,891700
2013-08-27,122.81999969482422,124.05000305175781,121.91000366210938,122.02999877929688,92.20854949951172,1738400
2013-08-28,121.66000366210938,123.56999969482422,121.66000366210938,122.76000213623047,92.7601547241211,1263600
2013-08-29,122.08000183105469,124.73999786376953,122.06999969482422,123.44000244140625,93.27396392822266,1275500
2013-08-30,123.55000305175781,123.94000244140625,122.72000122070312,123.19999694824219,93.09262084960938,1025800
2013-09-03,125.0,126.0,123.45999908447266,124.12999725341797,93.79534912109375,974100
2013-09-04,124.4000015258789,127.5199966430664,124.01000213623047,127.0,95.96400451660156,1782500
2013-09-05,126.73999786376953,128.25,126.30000305175781,127.11000061035156,96.047119140625,1208500
2013-09-06,127.81999969482422,128.22999572753906,125.51000213623047,126.7699966430664,95.79017639160156,812500
2013-09-09,127.0999984741211,130.0,127.08000183105469,129.3800048828125,97.76238250732422,1345400
2013-09-10,130.07000732421875,132.39999389648438,130.02999877929688,131.75,99.55317687988281,1497000
2013-09-11,131.8000030517578,132.33999633789062,130.3699951171875,132.33999633789062,99.99898529052734,826000
2013-09-12,131.99000549316406,133.6699981689453,131.75999450683594,133.0500030517578,100.5355224609375,1725400
2013-09-13,133.4600067138672,134.2899932861328,132.24000549316406,133.67999267578125,101.01152038574219,1482800
2013-09-16,136.24000549316406,136.24000549316406,133.49000549316406,133.85000610351562,101.14002227783203,1285800
2013-09-17,133.22000122070312,133.47000122070312,131.74000549316406,131.9600067138672,99.71186828613281,1702500
2013-09-18,131.99000549316406,134.02999877929688,131.0500030517578,133.72000122070312,101.04175567626953,1830600
2013-09-19,134.0,135.5399932861328,133.5,135.25,102.19786071777344,1891900
2013-09-20,135.24000549316406,136.5,134.27999877929688,134.57000732421875,101.68404388427734,1745000
2013-09-23,134.52000427246094,134.5500030517578,132.88999938964844,133.61000061035156,100.95863342285156,917000
2013-09-24,133.16000366210938,135.19000244140625,132.6199951171875,133.92999267578125,101.20042419433594,1364700
2013-09-25,133.9199981689453,134.7100067138672,132.4600067138672,133.6999969482422,101.02662658691406,980500
2013-09-26,134.2100067138672,135.0800018310547,133.52999877929688,134.19000244140625,101.39689636230469,896300
2013-09-27,132.97999572753906,133.8000030517578,132.60000610351562,133.5399932861328,100.90573120117188,893000
2013-09-30,132.14999389648438,133.8699951171875,131.74000549316406,132.8699951171875,100.39949035644531,925100
2013-10-01,132.00999450683594,134.08999633789062,132.0,132.72999572753906,100.29371643066406,1222700
2013-10-02,131.97999572753906,134.77000427246094,131.82000732421875,134.63999938964844,101.73692321777344,1608900
2013-10-03,134.60000610351562,134.91000366210938,131.0,131.75999450683594,99.56072998046875,1247300
2013-10-04,131.9199981689453,133.67999267578125,131.39999389648438,133.2100067138672,100.65640258789062,787400
2013-10-07,131.83999633789062,132.47999572753906,131.11000061035156,131.14999389648438,99.09981536865234,957900
2013-10-08,131.2899932861328,132.6199951171875,129.33999633789062,129.47000122070312,97.83036041259766,1362500
2013-10-09,129.57000732421875,130.47000122070312,128.14999389648438,129.33999633789062,97.73213195800781,969600
2013-10-10,131.19000244140625,133.22000122070312,130.91000366210938,132.64999389648438,100.23323822021484,1033400
2013-10-11,131.9600067138672,132.6300048828125,131.1999969482422,132.30999755859375,99.9763412475586,938300
2013-10-14,131.4199981689453,134.5500030517578,131.13999938964844,134.07000732421875,101.3062515258789,1210800
2013-10-15,133.7100067138672,134.4199981689453,132.0,132.52000427246094,100.13501739501953,1913600
2013-10-16,133.1999969482422,133.41000366210938,131.57000732421875,133.2899932861328,100.71681213378906,1204300
2013-10-17,132.83999633789062,134.32000732421875,132.47999572753906,133.97999572753906,101.23820495605469,777100
2013-10-18,134.66000366210938,136.8699951171875,134.41000366210938,136.44000244140625,103.0970458984375,1045500
2013-10-21,136.67999267578125,137.42999267578125,136.1300048828125,136.91000366210938,103.45220947265625,597100
2013-10-22,137.60000610351562,139.1699981689453,137.4499969482422,138.17999267578125,104.41181945800781,1114100
2013-10-23,137.14999389648438,137.19000244140625,134.8000030517578,135.5399932861328,102.41700744628906,1734000
2013-10-24,136.19000244140625,137.89999389648438,135.5,137.86000061035156,104.1700439453125,1337500
2013-10-25,137.9199981689453,137.9199981689453,133.88999938964844,135.58999633789062,102.45476531982422,2242000
2013-10-28,135.6300048828125,136.30999755859375,134.58999633789062,134.91000366210938,101.94095611572266,1381500
2013-10-29,124.83999633789062,128.27000427246094,122.5199966430664,127.9000015258789,96.64405822753906,8651800
2013-10-30,127.55000305175781,128.1699981689453,124.98999786376953,125.44000244140625,94.78523254394531,3201900
2013-10-31,125.62999725341797,128.0800018310547,124.47000122070312,127.0199966430664,95.97908782958984,2277100
2013-11-01,127.41999816894531,129.14999389648438,127.0,128.85000610351562,97.36189270019531,2493500
2013-11-04,129.0800018310547,130.83999633789062,129.0500030517578,129.91000366210938,98.16284942626953,2250600
2013-11-05,129.85000610351562,132.5500030517578,128.39999389648438,131.72000122070312,99.530517578125,2123600
2013-11-06,132.05999755859375,132.75,130.7100067138672,132.47999572753906,100.10482025146484,1468000
2013-11-07,132.44000244140625,132.97999572753906,128.75999450683594,128.88999938964844,97.39210510253906,2206800
2013-11-08,129.3000030517578,130.94000244140625,129.3000030517578,130.6999969482422,98.75979614257812,1379300
2013-11-11,130.88999938964844,130.94000244140625,130.02000427246094,130.10000610351562,98.3064193725586,868500
2013-11-12,132.38999938964844,132.5500030517578,129.8000030517578,130.10000610351562,98.3064193725586,1066900
2013-11-13,129.2100067138672,131.69000244140625,128.60000610351562,131.5500030517578,99.40209197998047,1131900
2013-11-14,131.5500030517578,132.91000366210938,131.3800048828125,132.49000549316406,100.11233520507812,1092100
2013-11-15,132.27000427246094,132.86000061035156,131.10000610351562,132.0399932861328,99.77230834960938,1388800
2013-11-18,132.3800048828125,133.86000061035156,132.25999450683594,132.58999633789062,100.18791198730469,1425400
2013-11-19,131.86000061035156,132.49000549316406,129.5,130.0,98.69609069824219,926900
2013-11-20,130.63999938964844,131.0,128.3000030517578,128.74000549316406,97.7394790649414,908300
2013-11-21,128.99000549316406,129.88999938964844,128.86000061035156,129.25999450683594,98.13426208496094,687300
2013-11-22,129.00999450683594,130.39999389648438,128.6999969482422,130.3699951171875,98.97696685791016,695200
2013-11-25,130.89999389648438,131.61000061035156,130.5399932861328,130.8000030517578,99.30343627929688,872100
2013-11-26,130.8000030517578,131.41000366210938,130.5,130.97999572753906,99.44007873535156,750200
2013-11-27,131.50999450683594,132.7899932861328,131.0,132.6300048828125,100.69278717041016,708300
2013-11-29,132.99000549316406,133.30999755859375,132.1699981689453,132.36000061035156,100.48780822753906,377900
2013-12-02,132.5500030517578,134.0500030517578,131.61000061035156,132.97999572753906,100.95849609375,878400
2013-12-03,132.2899932861328,132.6699981689453,129.19000244140625,130.02999877929688,98.7188491821289,1673600
2013-12-04,129.5,130.13999938964844,127.80999755859375,129.02000427246094,97.9520492553711,1777200
2013-12-05,128.8699951171875,130.1300048828125,128.49000549316406,129.60000610351562,98.39241027832031,1135900
2013-12-06,131.38999938964844,131.72000122070312,130.1699981689453,130.47999572753906,99.06049346923828,1128700
2013-12-09,130.16000366210938,132.83999633789062,130.00999450683594,131.66000366210938,99.95635223388672,1253100
2013-12-10,131.42999267578125,133.47999572753906,131.25,132.86000061035156,100.86738586425781,1151500
2013-12-11,132.75,132.8000030517578,130.2899932861328,130.66000366210938,99.19717407226562,1121500
2013-12-12,130.3300018310547,131.00999450683594,129.0500030517578,129.5399932861328,98.34684753417969,1119700
2013-12-13,130.25999450683594,130.47000122070312,129.35000610351562,130.00999450683594,98.70366668701172,860500
2013-12-16,131.10000610351562,133.6199951171875,131.10000610351562,133.08999633789062,101.04203033447266,1647000
2013-12-17,132.86000061035156,133.88999938964844,132.6699981689453,133.25,101.16346740722656,1128000
2013-12-18,133.25999450683594,136.30999755859375,133.0,136.02999877929688,103.2740707397461,1515600
2013-12-19,137.1300048828125,138.0,136.27999877929688,137.1999969482422,104.16233825683594,2284000
2013-12-20,136.75,138.47000122070312,136.55999755859375,137.75,104.57988739013672,1856800
2013-12-23,138.75999450683594,139.5,138.16000366210938,138.66000366210938,105.27076721191406,1286400
2013-12-24,138.99000549316406,139.83999633789062,138.1300048828125,139.39999389648438,105.83256530761719,407400
2013-12-26,139.47999572753906,140.22000122070312,139.13999938964844,139.85000610351562,106.1742172241211,625000
2013-12-27,140.42999267578125,140.42999267578125,139.2899932861328,139.8300018310547,106.15902709960938,616000
2013-12-30,139.80999755859375,140.49000549316406,139.3000030517578,139.92999267578125,106.23493957519531,714000
2013-12-31,140.0,141.38999938964844,139.9600067138672,140.97000122070312,107.0245132446289,762700
2014-01-02,140.42999267578125,140.97999572753906,138.27999877929688,138.55999755859375,105.1948471069336,1533500
2014-01-03,138.77000427246094,140.0,138.33999633789062,139.16000366210938,105.6503677368164,1092300
2014-01-06,140.22000122070312,141.6699981689453,138.25,138.72000122070312,105.31633758544922,1353700
2014-01-07,138.8699951171875,140.25,138.8000030517578,139.88999938964844,106.20458221435547,879500
2014-01-08,139.58999633789062,140.22999572753906,138.8300018310547,139.35000610351562,105.79461669921875,976900
2014-01-09,140.14999389648438,140.6199951171875,137.94000244140625,138.6699981689453,105.27837371826172,866900
2014-01-10,139.36000061035156,139.5399932861328,137.8000030517578,138.10000610351562,104.8456039428711,1033600
2014-01-13,137.58999633789062,138.4199981689453,135.75999450683594,136.14999389648438,103.36515045166016,1400400
2014-01-14,137.0,137.49000549316406,136.3699951171875,137.1300048828125,104.10918426513672,1095800
2014-01-15,137.49000549316406,138.25,137.36000061035156,137.7899932861328,104.6102523803711,1105400
2014-01-16,137.0500030517578,138.5500030517578,137.0500030517578,137.83999633789062,104.64822387695312,931200
2014-01-17,138.9600067138672,139.07000732421875,137.50999450683594,137.74000549316406,104.57230377197266,1319100
2014-01-21,138.0399932861328,138.5,135.75999450683594,136.41000366210938,103.5625228881836,1625000
2014-01-22,136.5,136.5500030517578,134.8000030517578,134.8800048828125,102.40097045898438,1585800
2014-01-23,134.5,135.49000549316406,131.52000427246094,132.0800018310547,100.27522277832031,2392800
2014-01-24,131.10000610351562,131.22000122070312,126.05999755859375,126.30999755859375,95.89462280273438,3021900
2014-01-27,128.32000732421875,128.67999267578125,124.02999877929688,125.94999694824219,95.6213150024414,2528900
2014-01-28,126.61000061035156,128.7100067138672,126.52999877929688,128.6300048828125,97.6559829711914,1567700
2014-01-29,126.87000274658203,130.02000427246094,126.5,128.58999633789062,97.62560272216797,2103200
2014-01-30,129.64999389648438,129.9199981689453,128.0399932861328,128.47999572753906,97.54208374023438,1419300
2014-01-31,126.7300033569336,128.00999450683594,126.05999755859375,126.9800033569336,96.40330505371094,1886900
2014-02-03,127.12999725341797,127.91999816894531,123.1500015258789,123.69999694824219,93.9131088256836,2321800
2014-02-04,123.76000213623047,126.69999694824219,122.63999938964844,126.4000015258789,95.96294403076172,2494400
2014-02-05,126.23999786376953,127.13999938964844,125.4800033569336,126.66999816894531,96.16792297363281,2486900
2014-02-06,123.5,131.49000549316406,123.5,130.77999877929688,99.28826904296875,3444100
2014-02-07,132.5,135.57000732421875,131.94000244140625,134.3300018310547,101.98340606689453,2566900
2014-02-10,133.91000366210938,133.99000549316406,132.39999389648438,133.02000427246094,100.98887634277344,1505400
2014-02-11,133.1199951171875,136.4499969482422,132.89999389648438,135.52000427246094,102.8868637084961,2141600
2014-02-12,135.69000244140625,139.0500030517578,135.55999755859375,138.58999633789062,105.21762084960938,2335500
2014-02-13,136.94000244140625,141.22999572753906,136.88999938964844,140.9199981689453,106.98652648925781,2298100
2014-02-14,140.89999389648438,143.60000610351562,140.64999389648438,142.1199951171875,107.8975601196289,2220600
2014-02-18,142.4199981689453,143.1999969482422,141.5800018310547,143.10000610351562,108.6416015625,1582700
2014-02-19,141.38999938964844,143.02999877929688,139.75999450683594,139.97999572753906,106.73908233642578,2056400
2014-02-20,140.3800048828125,141.77000427246094,139.82000732421875,141.75,108.08877563476562,2298300
2014-02-21,142.4499969482422,143.8300018310547,141.83999633789062,142.8300018310547,108.91230773925781,1889800
2014-02-24,143.8699951171875,148.60000610351562,143.75999450683594,146.00999450683594,111.33715057373047,2489100
2014-02-25,144.69000244140625,146.5800018310547,143.07000732421875,145.6300048828125,111.04742431640625,1828200
2014-02-26,145.0,147.3300018310547,144.5500030517578,145.89999389648438,111.25326538085938,1365000
2014-02-27,145.3300018310547,145.57000732421875,143.49000549316406,145.3000030517578,110.7957992553711,1734100
2014-02-28,145.58999633789062,146.75999450683594,145.1199951171875,145.9199981689453,111.26849365234375,1193800
2014-03-03,144.1699981689453,144.1699981689453,142.08999633789062,143.0,109.04193878173828,1800900
2014-03-04,144.69000244140625,146.3300018310547,144.50999450683594,145.6999969482422,111.10079956054688,1596900
2014-03-05,146.08999633789062,147.0,144.8300018310547,145.25999450683594,110.76525115966797,1104800
2014-03-06,145.92999267578125,146.88999938964844,145.86000061035156,146.1199951171875,111.42105102539062,886800
2014-03-07,146.8000030517578,146.97999572753906,144.9499969482422,145.6199951171875,111.03976440429688,891100
2014-03-10,144.39999389648438,145.3300018310547,143.05999755859375,143.89999389648438,109.7281723022461,978400
2014-03-11,145.42999267578125,145.85000610351562,142.3699951171875,142.89999389648438,108.96566772460938,1355200
2014-03-12,141.8000030517578,143.11000061035156,140.5800018310547,143.07000732421875,109.09534454345703,1598200
2014-03-13,143.52000427246094,143.9600067138672,139.7899932861328,140.6199951171875,107.22713470458984,1077700
2014-03-14,140.24000549316406,141.24000549316406,139.16000366210938,139.36000061035156,106.2663345336914,1063100
2014-03-17,140.86000061035156,143.30999755859375,140.86000061035156,142.7899932861328,108.88179779052734,1197100
2014-03-18,142.5500030517578,143.74000549316406,142.1199951171875,142.67999267578125,108.79792785644531,879300
2014-03-19,142.4499969482422,143.3000030517578,141.5800018310547,142.75999450683594,108.85892486572266,1084600
2014-03-20,142.39999389648438,143.9600067138672,142.02999877929688,143.5500030517578,109.46131896972656,703100
2014-03-21,144.75999450683594,145.4499969482422,143.38999938964844,144.35000610351562,110.07135772705078,1374300
2014-03-24,144.50999450683594,145.1199951171875,141.47999572753906,142.36000061035156,108.55390167236328,1496400
2014-03-25,143.88999938964844,145.1999969482422,143.25999450683594,144.33999633789062,110.06373596191406,1318800
2014-03-26,145.47999572753906,147.47000122070312,143.9199981689453,143.99000549316406,109.79685974121094,1465400
2014-03-27,143.72000122070312,144.77999877929688,142.36000061035156,144.0800018310547,109.86546325683594,1152600
2014-03-28,144.22000122070312,147.77999877929688,144.22000122070312,146.0,111.32951354980469,1374600
2014-03-31,148.35000610351562,150.33999633789062,147.50999450683594,148.99000549316406,113.6095199584961,2115200
2014-04-01,149.38999938964844,149.97999572753906,147.77000427246094,148.9499969482422,113.57897186279297,1596900
2014-04-02,149.2899932861328,150.07000732421875,148.3800048828125,149.33999633789062,113.87641143798828,1181300
2014-04-03,149.4199981689453,150.27000427246094,148.6199951171875,149.42999267578125,113.94499206542969,1405000
2014-04-04,150.99000549316406,151.0,146.52000427246094,147.0800018310547,112.1530532836914,1405000
2014-04-07,146.82000732421875,147.6699981689453,143.7100067138672,144.69000244140625,110.33062744140625,1498800
2014-04-08,144.42999267578125,146.80999755859375,143.2100067138672,146.6999969482422,111.86331176757812,1428500
2014-04-09,146.9600067138672,148.5,146.36000061035156,147.9199981689453,112.79360961914062,1134400
2014-04-10,147.9199981689453,149.13999938964844,144.0,144.08999633789062,109.87313079833984,1464400
2014-04-11,143.02999877929688,144.36000061035156,141.64999389648438,142.0500030517578,108.31753540039062,1143800
2014-04-14,143.47999572753906,144.4600067138672,142.10000610351562,143.25999450683594,109.24016571044922,918400
2014-04-15,143.3800048828125,144.05999755859375,139.00999450683594,141.75999450683594,108.09639739990234,2153500
2014-04-16,143.5,145.32000732421875,142.44000244140625,145.3000030517578,110.7957992553711,1211000
2014-04-17,145.32000732421875,146.86000061035156,145.14999389648438,146.27999877929688,111.54303741455078,1020000
2014-04-21,146.1999969482422,146.8800048828125,144.85000610351562,146.57000732421875,111.76415252685547,539400
2014-04-22,146.75999450683594,147.8699951171875,146.00999450683594,146.8000030517578,111.93952941894531,924900
2014-04-23,146.92999267578125,148.1699981689453,146.52000427246094,147.35000610351562,112.35894012451172,982100
2014-04-24,148.38999938964844,149.6999969482422,147.3800048828125,149.05999755859375,113.66283416748047,1926700
2014-04-25,148.00999450683594,148.72000122070312,146.57000732421875,147.17999267578125,112.22930908203125,1664400
2014-04-28,147.57000732421875,148.07000732421875,142.86000061035156,145.1999969482422,110.71949768066406,1915900
2014-04-29,151.02000427246094,151.8000030517578,148.1699981689453,150.80999755859375,114.99732971191406,2621100
2014-04-30,150.36000061035156,151.38999938964844,149.72999572753906,150.85000610351562,115.02780151367188,1342100
2014-05-01,150.4600067138672,152.75999450683594,150.05999755859375,151.47999572753906,115.50820922851562,1130900
2014-05-02,151.22999572753906,152.75,150.47000122070312,150.8800048828125,115.05071258544922,1102600
2014-05-05,150.02000427246094,150.83999633789062,148.85000610351562,150.2899932861328,114.60079956054688,968900
2014-05-06,149.75,151.0500030517578,147.8699951171875,148.41000366210938,113.16722106933594,1336300
2014-05-07,149.00999450683594,150.25,148.16000366210938,149.55999755859375,114.04412841796875,1586500
2014-05-08,149.5800018310547,152.0800018310547,149.02999877929688,151.16000366210938,115.26419067382812,1376600
2014-05-09,150.83999633789062,150.83999633789062,148.83999633789062,149.94000244140625,114.33389282226562,803400
2014-05-12,150.52000427246094,153.49000549316406,150.52000427246094,153.32000732421875,116.91126251220703,897500
2014-05-13,153.32000732421875,154.8699951171875,152.8300018310547,153.42999267578125,116.99513244628906,902900
2014-05-14,153.5500030517578,153.9600067138672,151.5800018310547,151.6999969482422,115.67595672607422,670800
2014-05-15,151.5,151.57000732421875,148.1300048828125,149.63999938964844,114.10513305664062,1217600
2014-05-16,150.0,150.0,147.69000244140625,149.72000122070312,114.16614532470703,847400
2014-05-19,149.11000061035156,150.89999389648438,149.11000061035156,150.10000610351562,114.45588684082031,705500
2014-05-20,149.94000244140625,150.16000366210938,147.0,147.5500030517578,112.5114517211914,1076600
2014-05-21,147.8800048828125,149.02999877929688,147.07000732421875,148.99000549316406,114.09278869628906,728000
2014-05-22,148.36000061035156,149.91000366210938,148.3000030517578,148.49000549316406,113.70988464355469,785500
2014-05-23,148.2899932861328,150.3000030517578,148.2899932861328,150.0500030517578,114.90448760986328,662800
2014-05-27,151.17999267578125,153.60000610351562,150.77000427246094,152.0800018310547,116.45904541015625,1186700
2014-05-28,152.60000610351562,154.24000549316406,152.13999938964844,152.22999572753906,116.5738525390625,735500
2014-05-29,152.4199981689453,153.2899932861328,151.52999877929688,152.52000427246094,116.79597473144531,508100
2014-05-30,152.30999755859375,153.24000549316406,151.7899932861328,152.92999267578125,117.10990905761719,838500
2014-06-02,153.4499969482422,153.5800018310547,151.6999969482422,153.2899932861328,117.38560485839844,568500
2014-06-03,152.5399932861328,153.86000061035156,151.77000427246094,153.52999877929688,117.56940460205078,843100
2014-06-04,153.3800048828125,154.5399932861328,152.86000061035156,153.77999877929688,117.76083374023438,739900
2014-06-05,154.2899932861328,156.57000732421875,153.3300018310547,156.25,119.65231323242188,1044100
2014-06-06,156.25,159.1300048828125,156.00999450683594,159.05999755859375,121.8041000366211,1149900
2014-06-09,158.6199951171875,161.02999877929688,158.25,160.25,122.71539306640625,984500
2014-06-10,159.9199981689453,160.83999633789062,159.13999938964844,160.5500030517578,122.94512176513672,821400
2014-06-11,159.50999450683594,160.08999633789062,158.00999450683594,158.49000549316406,121.3676528930664,877100
2014-06-12,157.6699981689453,158.36000061035156,154.22000122070312,154.77000427246094,118.51900482177734,1411800
2014-06-13,155.02999877929688,156.85000610351562,154.74000549316406,156.02999877929688,119.48381042480469,1126500
2014-06-16,156.0,157.00999450683594,155.07000732421875,156.6699981689453,119.97393035888672,770000
2014-06-17,156.47999572753906,157.16000366210938,155.69000244140625,155.94000244140625,119.4149169921875,718800
2014-06-18,156.25,157.0399932861328,155.0,156.80999755859375,120.08113861083984,733400
2014-06-19,156.5,157.07000732421875,155.1699981689453,157.0,120.22664642333984,1691300
2014-06-20,157.5399932861328,158.82000732421875,157.02999877929688,158.5500030517578,121.4135971069336,1225000
2014-06-23,159.1699981689453,159.22999572753906,157.3699951171875,157.49000549316406,120.60186767578125,781100
2014-06-24,157.2100067138672,159.2899932861328,156.22999572753906,156.4600067138672,119.81314849853516,806400
2014-06-25,156.1199951171875,157.4199981689453,156.05999755859375,157.1199951171875,120.31854248046875,664500
2014-06-26,154.97999572753906,155.89999389648438,154.05999755859375,155.02000427246094,118.71039581298828,1112300
2014-06-27,154.99000549316406,155.41000366210938,154.13999938964844,154.64999389648438,118.42701721191406,1464400
2014-06-30,154.64999389648438,155.36000061035156,153.85000610351562,154.2899932861328,118.15138244628906,1056200
2014-07-01,153.3699951171875,155.89999389648438,153.32000732421875,154.35000610351562,118.19732666015625,1450000
2014-07-02,154.75999450683594,155.75,153.24000549316406,153.99000549316406,117.92166900634766,1158000
2014-07-03,156.22000122070312,158.25,155.60000610351562,157.75,120.80097961425781,1049300
2014-07-07,156.67999267578125,157.33999633789062,155.39999389648438,156.00999450683594,119.46851348876953,1129200
2014-07-08,155.75,157.42999267578125,154.44000244140625,155.9600067138672,119.43022918701172,1733500
2014-07-09,155.27999877929688,155.82000732421875,154.30999755859375,154.47000122070312,118.28921508789062,1303800
2014-07-10,152.9600067138672,153.1199951171875,151.5,152.0,116.39776611328125,1576400
2014-07-11,152.5399932861328,152.97999572753906,151.25,152.22999572753906,116.5738525390625,1346500
2014-07-14,153.7100067138672,154.19000244140625,152.33999633789062,152.55999755859375,116.82659149169922,1027600
2014-07-15,152.88999938964844,154.0800018310547,151.22999572753906,151.88999938964844,116.31355285644531,1353700
2014-07-16,152.77000427246094,154.57000732421875,151.8800048828125,154.1999969482422,118.08247375488281,917800
2014-07-17,153.02000427246094,154.60000610351562,151.3300018310547,151.5500030517578,116.05316162109375,985400
2014-07-18,152.08999633789062,153.0399932861328,151.47999572753906,152.74000549316406,116.96442413330078,669300
2014-07-21,151.92999267578125,153.10000610351562,151.66000366210938,153.0,117.1635513305664,814100
2014-07-22,153.9499969482422,155.02999877929688,153.6999969482422,154.00999450683594,117.93697357177734,755000
2014-07-23,154.02999877929688,154.44000244140625,152.52000427246094,153.2899932861328,117.38560485839844,650900
2014-07-24,153.1300048828125,154.0399932861328,150.5399932861328,150.8000030517578,115.4788589477539,1912600
2014-07-25,150.27999877929688,151.35000610351562,148.50999450683594,150.14999389648438,114.98104858398438,2219100
2014-07-28,148.00999450683594,148.58999633789062,144.33999633789062,145.35000610351562,111.30535888671875,3955200
2014-07-29,145.60000610351562,147.14999389648438,143.6699981689453,143.6999969482422,110.04181671142578,1977500
2014-07-30,144.19000244140625,144.47999572753906,141.75999450683594,142.9499969482422,109.46752166748047,2218600
2014-07-31,141.7100067138672,142.39999389648438,139.30999755859375,139.38999938964844,106.7413330078125,2102300
2014-08-01,139.22000122070312,139.86000061035156,137.08999633789062,138.99000549316406,106.43506622314453,1929100
2014-08-04,139.24000549316406,140.5800018310547,138.07000732421875,140.11000061035156,107.2927017211914,1725300
2014-08-05,143.1300048828125,143.92999267578125,138.94000244140625,140.0,107.20845031738281,2548100
2014-08-06,139.35000610351562,140.77999877929688,138.67999267578125,139.3699951171875,106.72601318359375,1828600
2014-08-07,140.75,141.6300048828125,139.0,139.3699951171875,106.72601318359375,1582500
2014-08-08,139.74000549316406,141.55999755859375,139.0,141.38999938964844,108.27286529541016,1134200
2014-08-11,142.47999572753906,143.25999450683594,141.47999572753906,141.8000030517578,108.58685302734375,1078400
2014-08-12,141.8000030517578,142.61000061035156,140.75999450683594,141.0399932861328,108.0048828125,825600
2014-08-13,141.1699981689453,142.33999633789062,140.9199981689453,141.97000122070312,108.71704864501953,637000
2014-08-14,142.0,142.32000732421875,141.4199981689453,141.9499969482422,108.70172119140625,745700
2014-08-15,142.66000366210938,142.77999877929688,140.39999389648438,140.92999267578125,107.92063903808594,1108700
2014-08-18,142.1300048828125,142.99000549316406,141.4600067138672,142.1699981689453,108.87020111083984,2509700
2014-08-19,142.38999938964844,144.50999450683594,142.22999572753906,144.39999389648438,110.57788848876953,1600000
2014-08-20,144.19000244140625,148.0399932861328,144.19000244140625,147.27999877929688,113.39582824707031,2307300
2014-08-21,147.36000061035156,147.5,145.75,146.2100067138672,112.57199096679688,1508300
2014-08-22,145.6300048828125,146.27999877929688,144.42999267578125,145.22000122070312,111.809814453125,1475800
2014-08-25,146.11000061035156,146.47000122070312,145.02000427246094,145.08999633789062,111.70967102050781,711100
2014-08-26,145.27000427246094,145.49000549316406,144.05999755859375,144.1699981689453,111.00135040283203,927400
2014-08-27,144.67999267578125,145.3699951171875,144.39999389648438,145.19000244140625,111.78667449951172,864000
2014-08-28,144.22000122070312,145.4499969482422,143.27000427246094,144.75,111.44789123535156,848500
2014-08-29,145.02999877929688,145.1300048828125,143.88999938964844,145.11000061035156,111.72511291503906,736500
2014-09-02,145.3699951171875,145.6300048828125,143.8000030517578,144.35000610351562,111.13992309570312,1216700
2014-09-03,145.4499969482422,145.49000549316406,143.35000610351562,144.13999938964844,110.97823333740234,833200
2014-09-04,144.1999969482422,144.9600067138672,143.0500030517578,143.5800018310547,110.54708862304688,1133200
2014-09-05,143.25999450683594,143.5,141.5,142.6199951171875,109.80792999267578,1854500
2014-09-08,142.5,142.57000732421875,141.5,141.97999572753906,109.31517028808594,1009100
2014-09-09,141.80999755859375,142.63999938964844,141.1699981689453,141.44000244140625,108.8993911743164,1076000
2014-09-10,140.6300048828125,141.3300018310547,140.11000061035156,140.39999389648438,108.09868621826172,1385600
2014-09-11,140.0,140.3800048828125,139.0399932861328,140.0,107.79070281982422,1478200
2014-09-12,140.05999755859375,140.08999633789062,138.05999755859375,138.57000732421875,106.68970489501953,1591300
2014-09-15,138.16000366210938,138.5,136.75,137.91000366210938,106.18155670166016,1220700
2014-09-16,136.3699951171875,138.02999877929688,134.77000427246094,137.4600067138672,105.8350830078125,2443500
2014-09-17,137.80999755859375,138.1699981689453,136.8000030517578,137.3000030517578,105.71190643310547,1402500
2014-09-18,137.35000610351562,138.94000244140625,136.9600067138672,138.7100067138672,106.79752349853516,1036500
2014-09-19,139.9499969482422,140.14999389648438,136.85000610351562,137.88999938964844,106.16615295410156,2158200
2014-09-22,137.42999267578125,137.61000061035156,135.60000610351562,136.0399932861328,104.74175262451172,1632100
2014-09-23,135.4199981689453,135.7100067138672,134.57000732421875,134.58999633789062,103.6253662109375,1576100
2014-09-24,134.83999633789062,134.86000061035156,133.42999267578125,134.2100067138672,103.33281707763672,1626800
2014-09-25,134.0,134.0,132.8000030517578,133.0399932861328,102.43196868896484,1277100
2014-09-26,133.67999267578125,134.1199951171875,132.6300048828125,133.77999877929688,103.001708984375,1158800
2014-09-29,132.5,133.4600067138672,131.5399932861328,132.85000610351562,102.28569793701172,1131900
2014-09-30,132.88999938964844,133.14999389648438,131.24000549316406,131.97999572753906,101.61583709716797,1472500
2014-10-01,131.39999389648438,131.5500030517578,129.89999389648438,131.05999755859375,100.9074935913086,1895700
2014-10-02,134.75999450683594,134.8699951171875,131.10000610351562,132.97999572753906,102.3857650756836,5184700
2014-10-03,134.4600067138672,135.6699981689453,133.55999755859375,135.10000610351562,104.01803588867188,2882500
2014-10-06,136.25,136.75999450683594,135.41000366210938,136.1300048828125,104.81107330322266,1801800
2014-10-07,134.3300018310547,134.3300018310547,129.5,129.57000732421875,99.76033020019531,4072000
2014-10-08,130.1300048828125,134.24000549316406,129.5800018310547,133.94000244140625,103.12488555908203,3083600
2014-10-09,133.91000366210938,134.2899932861328,130.19000244140625,130.86000061035156,100.75352478027344,1969400
2014-10-10,130.83999633789062,131.1300048828125,127.36000061035156,127.37000274658203,98.06645965576172,2587500
2014-10-13,127.61000061035156,128.52999877929688,124.73999786376953,124.94999694824219,96.20320129394531,2130000
2014-10-14,126.01000213623047,129.41000366210938,125.69000244140625,127.48999786376953,98.15885162353516,1820500
2014-10-15,126.04000091552734,129.22999572753906,124.30000305175781,128.4600067138672,98.90568542480469,2271000
2014-10-16,126.19000244140625,131.97999572753906,125.91000366210938,130.57000732421875,100.53025817871094,2215700
2014-10-17,132.00999450683594,132.99000549316406,130.07000732421875,130.52999877929688,100.49942016601562,2133700
2014-10-20,129.97000122070312,130.89999389648438,129.5800018310547,130.8800048828125,100.76892852783203,1220100
2014-10-21,132.49000549316406,134.9499969482422,132.4600067138672,134.8000030517578,103.78704833984375,1269000
2014-10-22,134.69000244140625,134.9199981689453,131.85000610351562,132.0,101.63127899169922,1556000
2014-10-23,134.2100067138672,137.3300018310547,134.2100067138672,136.36000061035156,104.98815155029297,1380600
2014-10-24,136.33999633789062,137.52000427246094,135.27999877929688,137.25,105.67337799072266,1232600
2014-10-27,136.02999877929688,136.38999938964844,134.30999755859375,135.3699951171875,104.22590637207031,1787500
2014-10-28,140.92999267578125,145.14999389648438,139.77999877929688,144.58999633789062,111.3246841430664,3787400
2014-10-29,144.25,145.17999267578125,143.13999938964844,144.50999450683594,111.2630844116211,1854600
2014-10-30,144.0399932861328,145.99000549316406,143.1300048828125,144.6199951171875,111.34780883789062,1731000
2014-10-31,146.80999755859375,147.13999938964844,145.50999450683594,146.17999267578125,112.54888916015625,2090800
2014-11-03,146.02000427246094,146.25,144.47999572753906,145.08999633789062,111.70967102050781,1720000
2014-11-04,143.49000549316406,144.39999389648438,141.25999450683594,141.77000427246094,109.15348815917969,4094100
2014-11-05,144.52999877929688,144.85000610351562,141.57000732421875,144.1199951171875,110.96284484863281,2785900
2014-11-06,144.99000549316406,146.72000122070312,144.22000122070312,146.63999938964844,112.90306854248047,1666600
2014-11-07,146.52999877929688,147.42999267578125,145.49000549316406,146.0399932861328,112.44112396240234,1346500
2014-11-10,146.38999938964844,147.25,145.72999572753906,146.5,112.7952651977539,1358000
2014-11-11,146.17999267578125,147.25,145.66000366210938,146.60000610351562,112.8722915649414,1024900
2014-11-12,146.4199981689453,147.22000122070312,145.52000427246094,146.49000549316406,112.78759002685547,960500
2014-11-13,146.47000122070312,146.61000061035156,143.8800048828125,144.52000427246094,111.27080535888672,1252100
2014-11-14,144.72999572753906,145.27000427246094,143.8000030517578,145.05999755859375,111.68655395507812,701200
2014-11-17,145.08999633789062,145.1999969482422,143.86000061035156,144.77999877929688,111.47100067138672,1001900
2014-11-18,144.27000427246094,145.6199951171875,144.27000427246094,144.83999633789062,112.1212387084961,1185800
2014-11-19,144.8000030517578,144.8000030517578,142.97000122070312,143.13999938964844,110.80525970458984,1220200
2014-11-20,142.17999267578125,144.36000061035156,142.0,143.9600067138672,111.44005584716797,869800
2014-11-21,146.99000549316406,149.7100067138672,146.5,148.4499969482422,114.9157485961914,2401000
2014-11-24,148.3000030517578,149.3000030517578,147.55999755859375,147.99000549316406,114.55967712402344,1481000
2014-11-25,148.61000061035156,149.47999572753906,147.75,149.22000122070312,115.51181030273438,1400800
2014-11-26,148.97999572753906,149.39999389648438,147.75,148.9199981689453,115.27957916259766,1438100
2014-11-28,148.02000427246094,148.05999755859375,145.0800018310547,145.6199951171875,112.72502899169922,1106100
2014-12-01,145.63999938964844,146.22000122070312,144.3699951171875,145.33999633789062,112.5082778930664,1563600
2014-12-02,145.27999877929688,146.3300018310547,144.6999969482422,146.19000244140625,113.16629028320312,1344900
2014-12-03,148.67999267578125,151.25,147.30999755859375,150.60000610351562,116.58006286621094,2060900
2014-12-04,149.9499969482422,150.60000610351562,149.10000610351562,149.9600067138672,116.08463287353516,1240700
2014-12-05,149.97000122070312,150.9199981689453,149.42999267578125,150.86000061035156,116.78133392333984,1248400
2014-12-08,150.6999969482422,150.80999755859375,146.16000366210938,147.6199951171875,114.27326202392578,1735800
2014-12-09,145.72000122070312,149.3300018310547,145.49000549316406,149.22000122070312,115.51181030273438,1334100
2014-12-10,148.39999389648438,148.39999389648438,143.1999969482422,143.97000122070312,111.4477767944336,1636900
2014-12-11,144.52999877929688,145.52000427246094,143.82000732421875,144.1999969482422,111.62582397460938,1121200
2014-12-12,143.0,143.38999938964844,140.89999389648438,140.89999389648438,109.07125091552734,1537300
2014-12-15,141.86000061035156,142.0500030517578,140.1699981689453,140.3000030517578,108.60681915283203,1639900
2014-12-16,139.2100067138672,142.50999450683594,138.3800048828125,138.47000122070312,107.190185546875,1920200
2014-12-17,138.5800018310547,140.9600067138672,137.97000122070312,140.4199981689453,108.69967651367188,2147800
2014-12-18,143.8300018310547,144.0399932861328,141.1999969482422,144.0,111.4709701538086,2397200
2014-12-19,144.7100067138672,144.77000427246094,143.05999755859375,143.05999755859375,110.74333190917969,2100400
2014-12-22,143.33999633789062,145.63999938964844,142.61000061035156,145.3000030517578,112.47737121582031,1238100
2014-12-23,146.25999450683594,147.22999572753906,145.6300048828125,145.72999572753906,112.81021118164062,761100
2014-12-24,145.89999389648438,146.27999877929688,145.14999389648438,145.82000732421875,112.87984466552734,409100
2014-12-26,146.1999969482422,147.2100067138672,146.05999755859375,146.52999877929688,113.42948913574219,445700
2014-12-29,146.24000549316406,147.30999755859375,145.66000366210938,146.88999938964844,113.70817565917969,916300
2014-12-30,146.74000549316406,147.2100067138672,145.24000549316406,146.16000366210938,113.14308166503906,773100
2014-12-31,146.16000366210938,146.82000732421875,144.1300048828125,144.1699981689453,111.60260772705078,751100
2015-01-02,145.22000122070312,146.9499969482422,143.60000610351562,146.4199981689453,113.34434509277344,1248300
2015-01-05,145.2100067138672,145.44000244140625,140.8699951171875,141.4600067138672,109.50479125976562,2443200
2015-01-06,141.88999938964844,143.6199951171875,139.6999969482422,142.25,110.11631774902344,2927000
2015-01-07,143.64999389648438,144.02000427246094,140.86000061035156,142.92999267578125,110.64271545410156,1698200
2015-01-08,145.39999389648438,146.75999450683594,144.00999450683594,145.82000732421875,112.87984466552734,1555800
2015-01-09,146.42999267578125,146.6199951171875,143.27999877929688,143.60000610351562,111.16138458251953,1172700
2015-01-12,143.27999877929688,143.27999877929688,141.02999877929688,142.55999755859375,110.35630798339844,956500
2015-01-13,143.72000122070312,144.44000244140625,140.25,141.33999633789062,109.4118881225586,1346100
2015-01-14,139.22000122070312,142.4499969482422,139.22000122070312,142.39999389648438,110.2324447631836,2239800
2015-01-15,143.8000030517578,144.1999969482422,141.36000061035156,141.52000427246094,109.55123138427734,1733100
2015-01-16,141.6999969482422,142.2100067138672,139.75999450683594,140.86000061035156,109.04031372070312,2251500
2015-01-20,141.55999755859375,142.5,140.52000427246094,142.02999877929688,109.94601440429688,1694600
2015-01-21,141.27000427246094,145.08999633789062,141.24000549316406,144.72999572753906,112.03609466552734,1726800
2015-01-22,146.47000122070312,148.0399932861328,144.72999572753906,147.3300018310547,114.04878234863281,1605700
2015-01-23,146.47999572753906,147.02999877929688,144.6999969482422,145.85000610351562,112.90312957763672,1240300
2015-01-26,146.5800018310547,147.99000549316406,145.5500030517578,147.85000610351562,114.4512710571289,1265400
2015-01-27,143.3300018310547,143.75999450683594,140.02999877929688,142.27000427246094,110.13180541992188,3628100
2015-01-28,143.27999877929688,144.17999267578125,141.47999572753906,141.6199951171875,109.62860870361328,1797600
2015-01-29,141.99000549316406,142.7899932861328,139.88999938964844,142.6999969482422,110.46466064453125,1630400
2015-01-30,141.10000610351562,141.61000061035156,139.30999755859375,139.4600067138672,107.95658111572266,2456500
2015-02-02,139.86000061035156,143.33999633789062,138.89999389648438,143.00999450683594,110.70462799072266,1886500
2015-02-03,143.75,145.58999633789062,143.74000549316406,145.5500030517578,112.6708755493164,2136400
2015-02-04,145.0500030517578,145.42999267578125,143.57000732421875,144.16000366210938,111.59485626220703,1990200
2015-02-05,138.41000366210938,139.8800048828125,135.35000610351562,138.11000061035156,106.91150665283203,4435300
2015-02-06,138.2100067138672,138.39999389648438,135.55999755859375,135.86000061035156,105.1697998046875,2976800
2015-02-09,135.08999633789062,136.35000610351562,134.07000732421875,134.39999389648438,104.03960418701172,3246300
2015-02-10,134.89999389648438,135.24000549316406,133.5,134.9600067138672,104.47307586669922,2189900
2015-02-11,134.99000549316406,135.41000366210938,134.24000549316406,135.1199951171875,104.5969467163086,1804600
2015-02-12,135.47999572753906,136.77999877929688,135.35000610351562,136.6300048828125,105.76585388183594,1752600
2015-02-13,136.75,139.36000061035156,136.64999389648438,139.0399932861328,108.24943542480469,1938800
2015-02-17,139.1199951171875,139.47999572753906,137.9600067138672,138.97999572753906,108.20270538330078,1241500
2015-02-18,138.61000061035156,141.08999633789062,138.4499969482422,140.17999267578125,109.13697814941406,1263400
2015-02-19,139.94000244140625,141.67999267578125,139.6199951171875,140.8000030517578,109.61966705322266,1595600
2015-02-20,140.6300048828125,142.8800048828125,139.6199951171875,142.5500030517578,110.98212432861328,1934700
2015-02-23,142.02000427246094,142.5,140.72999572753906,141.55999755859375,110.21136474609375,1315600
2015-02-24,141.55999755859375,142.49000549316406,141.42999267578125,141.7899932861328,110.39043426513672,1117100
2015-02-25,142.1199951171875,142.8000030517578,141.6999969482422,142.17999267578125,110.6940689086914,1260600
2015-02-26,142.5500030517578,143.02000427246094,141.8000030517578,142.22999572753906,110.73296356201172,1723500
2015-02-27,142.22999572753906,142.82000732421875,141.02999877929688,142.22999572753906,110.73296356201172,1906100
2015-03-02,142.22999572753906,143.4600067138672,141.6999969482422,143.42999267578125,111.667236328125,1894600
2015-03-03,144.60000610351562,146.1300048828125,144.25999450683594,145.36000061035156,113.16986083984375,6469800
2015-03-04,145.0500030517578,145.3300018310547,142.5800018310547,143.9499969482422,112.07211303710938,2853800
2015-03-05,143.52000427246094,143.9199981689453,142.1999969482422,142.27000427246094,110.76412963867188,2104900
2015-03-06,141.1999969482422,142.50999450683594,139.9199981689453,140.4199981689453,109.32381439208984,1736900
2015-03-09,140.3000030517578,141.17999267578125,139.8000030517578,140.9499969482422,109.73644256591797,1193200
2015-03-10,139.1999969482422,139.36000061035156,138.07000732421875,138.25999450683594,107.64213562011719,1453800
2015-03-11,138.6199951171875,138.63999938964844,136.8800048828125,137.3699951171875,106.94921112060547,996000
2015-03-12,138.75999450683594,140.1300048828125,137.85000610351562,140.0399932861328,109.0279541015625,1547000
2015-03-13,139.5500030517578,139.5800018310547,137.10000610351562,139.27000427246094,108.4284896850586,1390300
2015-03-16,140.25,141.02000427246094,139.8800048828125,140.5,109.38609313964844,1251300
2015-03-17,139.5,139.74000549316406,138.5,138.6999969482422,107.98471069335938,1339900
2015-03-18,137.89999389648438,140.16000366210938,136.5500030517578,139.8300018310547,108.86449432373047,1767000
2015-03-19,139.0399932861328,139.0399932861328,136.85000610351562,137.4499969482422,107.01153564453125,1239300
2015-03-20,137.89999389648438,138.82000732421875,137.57000732421875,138.39999389648438,107.75118255615234,1535000
2015-03-23,138.77000427246094,139.4499969482422,137.9600067138672,138.3800048828125,107.7356185913086,873900
2015-03-24,139.61000061035156,140.05999755859375,138.55999755859375,138.94000244140625,108.17156219482422,948300
2015-03-25,139.17999267578125,139.42999267578125,136.72000122070312,136.75999450683594,106.47432708740234,1072400
2015-03-26,136.4600067138672,137.8300018310547,136.19000244140625,136.77999877929688,106.4898910522461,1191600
2015-03-27,137.11000061035156,137.67999267578125,136.02999877929688,137.4600067138672,107.01932525634766,807400
2015-03-30,137.8800048828125,140.49000549316406,137.8800048828125,140.13999938964844,109.10582733154297,916100
2015-03-31,139.0,139.1199951171875,138.08999633789062,138.63999938964844,107.9380111694336,1099600
2015-04-01,138.42999267578125,138.4600067138672,136.82000732421875,137.02000427246094,106.67675018310547,1043500
2015-04-02,137.52000427246094,139.4199981689453,136.3000030517578,136.82000732421875,106.52106475830078,2380400
2015-04-06,136.75,138.60000610351562,136.08999633789062,137.8800048828125,107.34630584716797,1291100
2015-04-07,138.16000366210938,138.36000061035156,136.52999877929688,136.75999450683594,106.47432708740234,1427200
2015-04-08,135.8000030517578,136.47999572753906,134.5500030517578,135.0,105.10407257080078,2099500
2015-04-09,134.6199951171875,135.60000610351562,133.61000061035156,134.17999267578125,104.4656753540039,3031000
2015-04-10,134.77999877929688,136.6699981689453,134.67999267578125,136.5500030517578,106.31082153320312,1874100
2015-04-13,136.4199981689453,137.1199951171875,135.52999877929688,136.0,105.88263702392578,894000
2015-04-14,135.75,136.83999633789062,134.50999450683594,136.44000244140625,106.22517395019531,1265200
2015-04-15,134.9600067138672,137.75999450683594,134.9600067138672,137.24000549316406,106.8480224609375,1369200
2015-04-16,136.7100067138672,137.24000549316406,135.77000427246094,136.33999633789062,106.14733123779297,1475700
2015-04-17,135.14999389648438,135.5,133.3800048828125,133.83999633789062,104.2009506225586,1729200
2015-04-20,134.77000427246094,136.0,134.6699981689453,135.14999389648438,105.2208480834961,1653700
2015-04-21,135.85000610351562,136.57000732421875,134.6999969482422,136.02999877929688,105.90599822998047,1210200
2015-04-22,136.4600067138672,137.17999267578125,135.1699981689453,136.92999267578125,106.606689453125,1152000
2015-04-23,137.1199951171875,137.77999877929688,135.58999633789062,136.4499969482422,106.23298645019531,1461000
2015-04-24,136.39999389648438,137.0,135.2100067138672,136.5,106.27189636230469,1612100
2015-04-27,136.77000427246094,139.3800048828125,136.77000427246094,139.25,108.41291809082031,2156600
2015-04-28,136.50999450683594,137.5,135.1199951171875,137.25,106.85581970214844,2977700
2015-04-29,136.77999877929688,138.6199951171875,135.85000610351562,138.02999877929688,107.46310424804688,1837200
2015-04-30,137.57000732421875,138.92999267578125,136.64999389648438,138.25999450683594,107.64213562011719,1838000
2015-05-01,139.32000732421875,141.69000244140625,139.0,141.1300048828125,109.87661743164062,2364400
2015-05-04,141.05999755859375,142.27000427246094,140.75999450683594,141.08999633789062,109.845458984375,1950200
2015-05-05,140.8300018310547,141.83999633789062,139.22000122070312,139.27000427246094,108.4284896850586,2341900
2015-05-06,140.00999450683594,140.3800048828125,138.72000122070312,139.32000732421875,108.46743774414062,1616400
2015-05-07,138.9199981689453,140.25,138.38999938964844,139.91000366210938,108.92675018310547,1047400
2015-05-08,140.91000366210938,141.5,140.14999389648438,140.66000366210938,109.51067352294922,1302000
2015-05-11,140.75,142.27999877929688,140.47000122070312,141.75999450683594,110.36708068847656,1187900
2015-05-12,141.30999755859375,142.10000610351562,140.6199951171875,141.22999572753906,109.95442962646484,1108100
2015-05-13,141.86000061035156,142.86000061035156,141.6300048828125,142.30999755859375,110.79527282714844,1250400
2015-05-14,142.99000549316406,143.39999389648438,142.39999389648438,143.22000122070312,111.50377655029297,1054700
2015-05-15,143.13999938964844,143.2100067138672,141.47999572753906,142.77000427246094,111.1534194946289,1088800
2015-05-18,142.86000061035156,143.32000732421875,142.08999633789062,143.2100067138672,111.49595642089844,908900
2015-05-19,142.25,142.35000610351562,139.60000610351562,140.5500030517578,110.02430725097656,1404000
2015-05-20,140.64999389648438,141.44000244140625,140.22999572753906,140.97000122070312,110.35301971435547,826800
2015-05-21,141.0,142.38999938964844,140.8000030517578,141.92999267578125,111.10455322265625,846700
2015-05-22,141.74000549316406,142.4600067138672,141.3000030517578,141.8800048828125,111.0654296875,811200
2015-05-26,141.47000122070312,141.94000244140625,139.64999389648438,140.4199981689453,109.92251586914062,1495300
2015-05-27,141.0,141.6199951171875,140.35000610351562,140.47999572753906,109.96949768066406,1446900
2015-05-28,140.0,140.2899932861328,138.74000549316406,139.25,109.00663757324219,1163500
2015-05-29,138.97999572753906,139.0,135.49000549316406,135.5500030517578,106.11022186279297,2226900
2015-06-01,136.13999938964844,136.22999572753906,134.6300048828125,135.22000122070312,105.85186767578125,1418800
2015-06-02,135.00999450683594,136.85000610351562,134.97000122070312,135.75999450683594,106.27460479736328,1370300
2015-06-03,136.35000610351562,136.47000122070312,134.75,135.57000732421875,106.12586975097656,1425900
2015-06-04,134.5800018310547,136.1699981689453,134.08999633789062,136.1699981689453,106.59557342529297,2737300
2015-06-05,136.14999389648438,136.82000732421875,135.5500030517578,136.19000244140625,106.61122131347656,1555400
2015-06-08,135.8699951171875,136.25,135.41000366210938,135.47000122070312,106.04757690429688,1293700
2015-06-09,135.5800018310547,136.5800018310547,135.3300018310547,135.91000366210938,106.39205932617188,1040800
2015-06-10,136.77999877929688,137.7100067138672,135.8800048828125,137.16000366210938,107.37054443359375,955800
2015-06-11,137.07000732421875,137.99000549316406,136.85000610351562,137.85000610351562,107.91072845458984,992900
2015-06-12,137.41000366210938,137.85000610351562,136.74000549316406,137.1199951171875,107.33922576904297,684600
2015-06-15,136.02000427246094,136.57000732421875,135.17999267578125,135.85000610351562,106.34504699707031,1058500
2015-06-16,135.50999450683594,135.9199981689453,135.16000366210938,135.4199981689453,106.0084457397461,859500
2015-06-17,135.47999572753906,136.17999267578125,134.8699951171875,135.77999877929688,106.29026794433594,1005800
2015-06-18,136.5399932861328,137.4199981689453,136.02000427246094,136.4600067138672,106.82258605957031,1181700
2015-06-19,136.35000610351562,136.9600067138672,135.8000030517578,136.13999938964844,106.57206726074219,1341300
2015-06-22,136.8000030517578,136.88999938964844,135.11000061035156,135.6999969482422,106.22765350341797,987100
2015-06-23,135.8000030517578,136.0,135.2899932861328,135.66000366210938,106.19631958007812,1488900
2015-06-24,135.38999938964844,136.97999572753906,134.99000549316406,135.17999267578125,105.8205795288086,1581800
2015-06-25,135.6999969482422,136.13999938964844,134.08999633789062,134.08999633789062,104.96732330322266,1340200
2015-06-26,134.2899932861328,134.58999633789062,133.36000061035156,133.5399932861328,104.53677368164062,1663400
2015-06-29,132.72000122070312,132.9600067138672,130.77000427246094,131.13999938964844,102.65805053710938,1480900
2015-06-30,132.33999633789062,132.77999877929688,131.0399932861328,131.19000244140625,102.6971664428711,1424300
2015-07-01,132.33999633789062,132.6199951171875,130.5,131.08999633789062,102.61885833740234,1203800
2015-07-02,131.85000610351562,132.0,130.27999877929688,131.36000061035156,102.83023834228516,968600
2015-07-06,130.0,131.64999389648438,129.80999755859375,130.8300018310547,102.41536712646484,1174400
2015-07-07,130.8000030517578,131.61000061035156,129.60000610351562,131.49000549316406,102.93202209472656,1442800
2015-07-08,130.30999755859375,130.5500030517578,128.6199951171875,129.05999755859375,101.02978515625,1708100
2015-07-09,130.57000732421875,131.44000244140625,127.55999755859375,127.7699966430664,100.01995086669922,2232700
2015-07-10,128.9499969482422,129.35000610351562,127.80000305175781,128.74000549316406,100.77928161621094,974400
2015-07-13,129.5,130.4199981689453,128.8300018310547,130.19000244140625,101.91436004638672,944100
2015-07-14,130.1699981689453,130.89999389648438,129.52000427246094,129.8699951171875,101.66384887695312,921600
2015-07-15,130.47999572753906,130.91000366210938,129.5800018310547,129.91000366210938,101.6951675415039,1561500
2015-07-16,131.0,131.27999877929688,130.11000061035156,130.38999938964844,102.07091522216797,1025100
2015-07-17,130.0,130.10000610351562,126.79000091552734,128.19000244140625,100.3487319946289,1508600
2015-07-20,128.19000244140625,129.55999755859375,128.13999938964844,128.97000122070312,100.95932006835938,1575700
2015-07-21,128.5,130.17999267578125,128.0800018310547,128.6199951171875,100.68534851074219,1111000
2015-07-22,128.50999450683594,128.9199981689453,126.83999633789062,127.2300033569336,99.59724426269531,1395900
2015-07-23,126.51000213623047,127.83999633789062,126.5,126.97000122070312,99.39368438720703,1343500
2015-07-24,126.68000030517578,126.88999938964844,123.55999755859375,124.37000274658203,97.3583755493164,2381200
2015-07-27,123.77999877929688,125.18000030517578,123.13999938964844,123.77999877929688,96.89649963378906,3261100
2015-07-28,129.24000549316406,129.4600067138672,127.01000213623047,128.0,100.19998931884766,3073200
2015-07-29,127.94999694824219,130.47000122070312,127.80000305175781,130.27000427246094,101.97695922851562,2005300
2015-07-30,129.97000122070312,130.14999389648438,128.05999755859375,129.8000030517578,101.60904693603516,1922000
2015-07-31,130.35000610351562,130.47000122070312,129.19000244140625,129.52999877929688,101.3976821899414,1351800
2015-08-03,129.4199981689453,129.97000122070312,128.0399932861328,128.61000061035156,100.67752075195312,1848400
2015-08-04,127.5,127.98999786376953,125.58999633789062,126.0,98.63435363769531,2113400
2015-08-05,127.56999969482422,129.0,127.54000091552734,127.83999633789062,100.07476043701172,1315400
2015-08-06,127.86000061035156,128.2899932861328,126.66999816894531,127.18000030517578,99.5580825805664,1092200
2015-08-07,126.94999694824219,127.7300033569336,126.5999984741211,126.87999725341797,99.32322692871094,901100
2015-08-10,128.25,131.0800018310547,127.72000122070312,130.92999267578125,102.49362182617188,1682400
2015-08-11,129.3000030517578,129.52000427246094,127.23999786376953,127.9800033569336,100.18434143066406,1535500
2015-08-12,126.98999786376953,129.4199981689453,125.93000030517578,129.05999755859375,101.02978515625,2129900
2015-08-13,128.58999633789062,128.97000122070312,127.41000366210938,128.38999938964844,100.50527954101562,1206500
2015-08-14,127.94000244140625,128.8300018310547,127.72000122070312,128.0500030517578,100.23912811279297,1003100
2015-08-17,127.5199966430664,129.1699981689453,126.66999816894531,128.61000061035156,100.67752075195312,898700
2015-08-18,128.0399932861328,128.5500030517578,127.70999908447266,128.0399932861328,100.23129272460938,934200
2015-08-19,126.68000030517578,128.58999633789062,125.55000305175781,127.44000244140625,100.52709197998047,2466900
2015-08-20,126.66000366210938,127.0199966430664,124.04000091552734,124.08000183105469,97.87667083740234,1893700
2015-08-21,123.5199966430664,123.54000091552734,119.7300033569336,119.75,94.46109008789062,2733900
2015-08-24,113.01000213623047,120.31999969482422,112.0,116.83999633789062,92.1656265258789,3052700
2015-08-25,119.62000274658203,120.58000183105469,114.76000213623047,114.87000274658203,90.6116714477539,2391000
2015-08-26,117.2300033569336,118.77999877929688,114.87999725341797,118.7300033569336,93.656494140625,2706200
2015-08-27,119.83999633789062,123.66999816894531,119.7300033569336,122.5999984741211,96.709228515625,2401000
2015-08-28,122.04000091552734,123.51000213623047,121.41000366210938,122.2699966430664,96.44890594482422,1323600
2015-08-31,122.7699966430664,122.91999816894531,121.02999877929688,121.75,96.03874206542969,1406900
2015-09-01,119.13999938964844,121.43000030517578,118.9000015258789,120.30999755859375,94.90283966064453,3146400
2015-09-02,121.5,121.94999694824219,119.0,120.9000015258789,95.36824798583984,1329800
2015-09-03,121.30000305175781,121.33000183105469,119.61000061035156,120.02999877929688,94.68196105957031,1458700
2015-09-04,117.62999725341797,119.05999755859375,117.48999786376953,118.0,93.08063507080078,1162400
2015-09-08,119.87000274658203,120.0,119.2699966430664,119.81999969482422,94.51631164550781,1404000
2015-09-09,121.0,121.41000366210938,118.72000122070312,118.98999786376953,93.861572265625,1282500
2015-09-10,118.69999694824219,120.06999969482422,118.3499984741211,119.0199966430664,93.8852310180664,1106700
2015-09-11,118.9800033569336,120.5,118.47000122070312,120.48999786376953,95.04481506347656,1399700
2015-09-14,119.94999694824219,120.0199966430664,118.69000244140625,119.0199966430664,93.8852310180664,880800
2015-09-15,119.5,121.95999908447266,118.79000091552734,121.7300033569336,96.02296447753906,1115800
2015-09-16,121.72000122070312,123.05999755859375,121.04000091552734,122.83999633789062,96.8985595703125,1401000
2015-09-17,121.94999694824219,122.25,119.76000213623047,120.16999816894531,94.79239654541016,2048100
2015-09-18,118.58000183105469,118.58999633789062,115.16000366210938,115.23999786376953,90.90350341796875,3203900
2015-09-21,116.0,116.05000305175781,114.31999969482422,114.81999969482422,90.57221221923828,2505600
2015-09-22,112.33000183105469,113.37999725341797,110.86000061035156,113.2699966430664,89.34954071044922,2971100
2015-09-23,113.30000305175781,113.76000213623047,111.77999877929688,112.22000122070312,88.52128601074219,1789400
2015-09-24,109.88999938964844,111.94000244140625,108.2699966430664,111.16999816894531,87.69303131103516,2609800
2015-09-25,111.0999984741211,111.6500015258789,109.87999725341797,110.5199966430664,87.1802978515625,2485500
2015-09-28,108.97000122070312,109.36000061035156,106.70999908447266,106.83999633789062,84.27740478515625,2338000
2015-09-29,106.94999694824219,109.83999633789062,106.83999633789062,108.0999984741211,85.2713394165039,2254000
2015-09-30,109.0199966430664,109.37999725341797,106.69999694824219,108.58000183105469,85.64997863769531,2377800
2015-10-01,108.5,109.13999938964844,104.76000213623047,105.4000015258789,83.14154052734375,2456800
2015-10-02,104.22000122070312,108.54000091552734,103.02999877929688,107.95999908447266,85.16090393066406,3303000
2015-10-05,108.76000213623047,111.98999786376953,108.16000366210938,111.76000213623047,88.15841674804688,2199200
2015-10-06,110.94000244140625,113.2300033569336,110.52999877929688,112.16999816894531,88.48182678222656,1600300
2015-10-07,112.7300033569336,114.5999984741211,111.06999969482422,112.52999877929688,88.76580810546875,1753400
2015-10-08,112.58999633789062,114.86000061035156,112.04000091552734,114.2699966430664,90.13836669921875,1439200
2015-10-09,114.48999786376953,115.37000274658203,112.87999725341797,113.08999633789062,89.20755767822266,1784200
2015-10-12,113.31999969482422,113.70999908447266,111.79000091552734,111.9800033569336,88.33195495605469,1541200
2015-10-13,111.0999984741211,112.06999969482422,109.94999694824219,109.9800033569336,86.75433349609375,1796200
2015-10-14,110.08000183105469,110.29000091552734,108.62000274658203,109.37000274658203,86.27313995361328,1733700
2015-10-15,109.7699966430664,109.97000122070312,107.51000213623047,109.16000366210938,86.10747528076172,2621100
2015-10-16,109.26000213623047,109.5199966430664,107.41000366210938,108.70999908447266,85.75248718261719,2798600
2015-10-19,108.22000122070312,109.0,107.83999633789062,108.56999969482422,85.64209747314453,2267900
2015-10-20,107.2300033569336,110.45999908447266,107.1500015258789,109.48999786376953,86.3677978515625,2205500
2015-10-21,110.05999755859375,110.44000244140625,107.86000061035156,108.58999633789062,85.65786743164062,1653900
2015-10-22,108.86000061035156,112.7300033569336,108.5999984741211,111.81999969482422,88.20573425292969,2559000
2015-10-23,113.38999938964844,114.5199966430664,112.11000061035156,112.83999633789062,89.0103530883789,2090600
2015-10-26,112.83999633789062,113.48999786376953,111.87999725341797,112.0999984741211,88.42662048339844,1537400
2015-10-27,100.75,104.44000244140625,100.61000061035156,102.3499984741211,80.73562622070312,8068400
2015-10-28,101.0999984741211,103.7699966430664,99.76000213623047,103.2300033569336,81.4297866821289,4999900
2015-10-29,102.51000213623047,104.36000061035156,102.45999908447266,103.4000015258789,81.56387329101562,3038100
2015-10-30,103.55000305175781,104.18000030517578,102.5,103.51000213623047,81.65067291259766,3148600
2015-11-02,103.48999786376953,107.58000183105469,103.20999908447266,106.86000061035156,84.293212890625,2672500
2015-11-03,106.86000061035156,108.4000015258789,106.04000091552734,107.4000015258789,84.71916961669922,2527000
2015-11-04,107.05000305175781,108.5199966430664,105.0199966430664,106.76000213623047,84.21434020996094,2504600
2015-11-05,106.48999786376953,107.25,105.2699966430664,106.5,84.00923919677734,2480600
2015-11-06,105.86000061035156,106.68000030517578,105.05000305175781,106.4800033569336,83.99345397949219,1504000
2015-11-09,106.26000213623047,106.48999786376953,103.77999877929688,105.19999694824219,82.98375701904297,2514900
2015-11-10,104.88999938964844,105.88999938964844,102.25,103.7300033569336,81.82421112060547,3966700
2015-11-11,103.5199966430664,103.91000366210938,99.87000274658203,100.08000183105469,78.94500732421875,3850100
2015-11-12,99.66000366210938,100.19999694824219,97.7699966430664,97.83000183105469,77.170166015625,2681600
2015-11-13,97.68000030517578,99.52999877929688,97.41000366210938,98.66999816894531,77.83277130126953,1910700
2015-11-16,98.62000274658203,100.27999877929688,98.16999816894531,99.12999725341797,78.19564819335938,2297400
2015-11-17,99.4800033569336,99.81999969482422,97.69999694824219,97.9000015258789,77.22537994384766,2686600
2015-11-18,97.86000061035156,98.5999984741211,97.68000030517578,98.3499984741211,78.36075592041016,1816800
2015-11-19,98.1500015258789,98.86000061035156,97.73999786376953,98.56999969482422,78.53604888916016,1485300
2015-11-20,98.70999908447266,100.19999694824219,98.45999908447266,98.69999694824219,78.63963317871094,1936100
2015-11-23,98.80000305175781,99.75,97.80999755859375,98.13999938964844,78.19342803955078,1419000
2015-11-24,97.86000061035156,99.1500015258789,97.41000366210938,98.68000030517578,78.62368774414062,2055800
2015-11-25,99.55999755859375,100.30000305175781,98.9800033569336,99.56999969482422,79.33281707763672,1479300
2015-11-27,99.81999969482422,100.13999938964844,99.12999725341797,99.73999786376953,79.46826934814453,536400
2015-11-30,99.91999816894531,101.20999908447266,99.61000061035156,100.37000274658203,79.97019958496094,2341100
2015-12-01,96.58000183105469,96.87000274658203,91.91999816894531,92.41000366210938,73.6280746459961,13064100
2015-12-02,92.20999908447266,95.3499984741211,92.16999816894531,94.8499984741211,75.57211303710938,9087400
2015-12-03,93.95999908447266,93.9800033569336,91.80000305175781,92.4800033569336,73.68383026123047,5274800
2015-12-04,92.44999694824219,92.73999786376953,91.6500015258789,92.5,73.69976043701172,4127800
2015-12-07,91.83999633789062,92.47000122070312,91.1500015258789,91.41000366210938,72.83129119873047,2810000
2015-12-08,90.25,90.98999786376953,89.7300033569336,90.18000030517578,71.85128784179688,3664700
2015-12-09,89.69000244140625,91.0999984741211,89.44000244140625,89.91999816894531,71.64411163330078,3428200
2015-12-10,90.20999908447266,90.26000213623047,89.4800033569336,90.16000366210938,71.83535766601562,3224900
2015-12-11,88.81999969482422,89.16999816894531,87.3499984741211,87.61000061035156,69.80364227294922,3009600
2015-12-14,87.45999908447266,87.87999725341797,86.11000061035156,86.83000183105469,69.18215942382812,2796700
2015-12-15,87.05999755859375,87.54000091552734,86.58000183105469,87.0999984741211,69.39727020263672,3022800
2015-12-16,87.87999725341797,88.5199966430664,86.70999908447266,87.36000061035156,69.60444641113281,3638700
2015-12-17,87.01000213623047,87.56999969482422,85.93000030517578,85.95999908447266,68.48898315429688,2351600
2015-12-18,85.8499984741211,86.58999633789062,85.18000030517578,85.20999908447266,67.89140319824219,3604400
2015-12-21,85.97000122070312,86.41000366210938,84.98999786376953,85.38999938964844,68.0348129272461,1804000
2015-12-22,85.5999984741211,88.30999755859375,85.51000213623047,87.41000366210938,69.644287109375,2811500
2015-12-23,87.9000015258789,89.94000244140625,87.66999816894531,89.55999755859375,71.35729217529297,2707900
2015-12-24,89.55999755859375,89.95999908447266,89.16999816894531,89.30000305175781,71.15013885498047,565200
2015-12-28,89.12000274658203,89.5199966430664,88.29000091552734,89.2699966430664,71.12625885009766,1848200
2015-12-29,89.5999984741211,90.16000366210938,89.4000015258789,89.8499984741211,71.5883560180664,1765500
2015-12-30,89.23999786376953,90.12999725341797,89.18000030517578,89.18000030517578,71.0545425415039,1825300
2015-12-31,88.8499984741211,89.48999786376953,88.0,88.01000213623047,70.12232971191406,1458600
2016-01-04,86.75,90.1500015258789,86.0,89.97000122070312,71.6839599609375,3673900
2016-01-05,90.05000305175781,90.23999786376953,87.9800033569336,89.08999633789062,70.98279571533203,2660200
2016-01-06,88.33000183105469,90.23999786376953,87.94999694824219,88.68000030517578,70.65614318847656,2486000
2016-01-07,87.02999877929688,88.18000030517578,86.70999908447266,87.19000244140625,69.46900177001953,2772900
2016-01-08,87.87000274658203,88.16000366210938,85.55999755859375,86.0199966430664,68.53678894042969,3023800
2016-01-11,86.58999633789062,86.80999755859375,84.62999725341797,85.41999816894531,68.05874633789062,3362200
2016-01-12,86.3499984741211,86.8499984741211,85.22000122070312,86.62999725341797,69.02281188964844,2417800
2016-01-13,86.87000274658203,88.56999969482422,84.73999786376953,84.9000015258789,67.64441680908203,2468200
2016-01-14,85.22000122070312,87.38999938964844,84.0,86.68000030517578,69.06265258789062,2078600
2016-01-15,84.11000061035156,84.73999786376953,83.12000274658203,84.3499984741211,67.20621490478516,2838700
2016-01-19,85.44999694824219,85.69000244140625,82.73999786376953,83.5199966430664,66.54488372802734,2055200
2016-01-20,81.88999938964844,85.2300033569336,79.87999725341797,84.23999786376953,67.11859130859375,3587600
2016-01-21,84.58000183105469,87.29000091552734,84.29000091552734,86.0199966430664,68.53678894042969,2612300
2016-01-22,87.41999816894531,89.2300033569336,85.69000244140625,86.41000366210938,68.84751892089844,2296500
2016-01-25,85.0,86.08999633789062,84.0199966430664,84.05000305175781,66.96717071533203,1857900
2016-01-26,84.47000122070312,85.94000244140625,83.52999877929688,85.37999725341797,68.02686309814453,2569100
2016-01-27,85.30000305175781,86.44000244140625,84.16000366210938,85.20999908447266,67.89140319824219,1752300
2016-01-28,86.51000213623047,87.48999786376953,85.33000183105469,86.94999694824219,69.27774810791016,2089000
2016-01-29,87.04000091552734,89.94999694824219,87.04000091552734,89.88999938964844,71.62023162841797,2575700
2016-02-01,88.94000244140625,91.62999725341797,88.0199966430664,91.16999816894531,72.64007568359375,2446400
2016-02-02,89.55000305175781,90.4000015258789,88.31999969482422,88.97000122070312,70.88721466064453,2195100
2016-02-03,89.19999694824219,91.04000091552734,86.83000183105469,90.66000366210938,72.23371887207031,2924200
2016-02-04,91.18000030517578,97.97000122070312,90.83000183105469,97.56999969482422,77.7392807006836,5691400
2016-02-05,96.08000183105469,99.91999816894531,95.02999877929688,99.0,78.87864685058594,3902600
2016-02-08,97.91000366210938,100.2300033569336,96.81999969482422,98.43000030517578,78.42449188232422,3385600
2016-02-09,98.41000366210938,101.19000244140625,98.41000366210938,99.69999694824219,79.43638610839844,3516100
2016-02-10,100.58000183105469,100.79000091552734,95.70999908447266,96.33000183105469,76.7513198852539,4032600
2016-02-11,95.05000305175781,98.16000366210938,93.5,95.25,75.89083862304688,2729300
2016-02-12,96.44999694824219,98.37000274658203,94.95999908447266,97.01000213623047,77.29313659667969,2299500
2016-02-16,98.45999908447266,99.76000213623047,96.38999938964844,99.13999938964844,78.99018096923828,2228700
2016-02-17,99.0999984741211,100.38999938964844,97.16999816894531,97.52999877929688,78.47921752929688,3140400
2016-02-18,97.87999725341797,98.69999694824219,95.6500015258789,97.19999694824219,78.21369171142578,2624500
2016-02-19,96.47000122070312,97.12000274658203,95.01000213623047,96.58999633789062,77.72284698486328,2366700
2016-02-22,97.94999694824219,99.16999816894531,97.51000213623047,98.52999877929688,79.28390502929688,1885700
2016-02-23,98.4800033569336,98.91000366210938,96.73999786376953,97.52999877929688,78.47921752929688,2186500
2016-02-24,96.08000183105469,96.43000030517578,93.2699966430664,96.12999725341797,77.35270690917969,2676300
2016-02-25,96.48999786376953,97.73999786376953,95.58999633789062,97.69999694824219,78.61604309082031,1575700
2016-02-26,98.66999816894531,98.80000305175781,97.26000213623047,97.66000366210938,78.58384704589844,1567600
2016-02-29,97.80000305175781,98.72000122070312,97.48999786376953,97.56999969482422,78.51141357421875,1542400
2016-03-01,98.94000244140625,100.63999938964844,97.0999984741211,100.26000213623047,80.67596435546875,2177200
2016-03-02,99.80999755859375,100.16000366210938,98.06999969482422,99.45999908447266,80.03224182128906,2313100
2016-03-03,99.2300033569336,102.98999786376953,99.01000213623047,101.25,81.47258758544922,2768400
2016-03-04,101.7300033569336,103.66000366210938,100.30999755859375,102.23999786376953,82.26921081542969,3618100
2016-03-07,102.23999786376953,105.94000244140625,102.0,105.06999969482422,84.54643249511719,2359500
2016-03-08,104.0,104.0,99.30000305175781,101.77999877929688,81.89909362792969,3860000
2016-03-09,102.05999755859375,103.05000305175781,100.43000030517578,102.06999969482422,82.13243865966797,1675800
2016-03-10,102.11000061035156,103.11000061035156,100.75,102.79000091552734,82.71179962158203,2403800
2016-03-11,103.43000030517578,104.80999755859375,103.2300033569336,104.0,83.68543243408203,2113900
2016-03-14,103.55000305175781,105.4800033569336,103.30000305175781,105.12000274658203,84.586669921875,2359800
2016-03-15,104.0,104.62000274658203,103.29000091552734,104.58000183105469,84.15214538574219,1697500
2016-03-16,104.41999816894531,106.80000305175781,103.91999816894531,106.37999725341797,85.60054016113281,1998000
2016-03-17,105.75,110.38999938964844,105.5,109.58000183105469,88.17549133300781,2964900
2016-03-18,109.94000244140625,111.29000091552734,108.0999984741211,110.08999633789062,88.58586120605469,4658600
2016-03-21,109.83000183105469,110.98999786376953,109.41999816894531,110.61000061035156,89.00428009033203,1708300
2016-03-22,110.11000061035156,110.58999633789062,109.22000122070312,109.44999694824219,88.07089233398438,1542500
2016-03-23,108.94999694824219,109.31999969482422,107.66000366210938,107.73999786376953,86.69488525390625,2261400
2016-03-24,106.66999816894531,107.41999816894531,104.83999633789062,107.4000015258789,86.42131042480469,1729000
2016-03-28,107.83999633789062,108.7699966430664,106.5999984741211,108.44000244140625,87.25818634033203,1276900
2016-03-29,107.36000061035156,110.12999725341797,107.05000305175781,109.93000030517578,88.45710754394531,1465300
2016-03-30,110.83000183105469,111.16000366210938,108.37999725341797,109.30999755859375,87.95819854736328,1507800
2016-03-31,109.19999694824219,110.29000091552734,108.9000015258789,109.94000244140625,88.46515655517578,1752500
2016-04-01,108.4800033569336,110.38999938964844,106.97000122070312,110.12000274658203,88.61000061035156,1670800
2016-04-04,110.11000061035156,110.70999908447266,108.68000030517578,109.08999633789062,87.78119659423828,1347800
2016-04-05,107.48999786376953,109.36000061035156,106.62999725341797,108.0199966430664,86.92018127441406,1993100
2016-04-06,107.06999969482422,107.5,104.30000305175781,106.43000030517578,85.6407699584961,3396300
2016-04-07,105.51000213623047,106.4000015258789,104.83000183105469,105.08999633789062,84.56254577636719,2275100
2016-04-08,106.11000061035156,108.30000305175781,105.83999633789062,106.27999877929688,85.52010345458984,1328200
2016-04-11,106.83000183105469,108.13999938964844,106.20999908447266,106.26000213623047,85.50399780273438,1397500
2016-04-12,106.69000244140625,108.19000244140625,106.12999725341797,107.80000305175781,86.7431640625,1078500
2016-04-13,108.95999908447266,113.7699966430664,108.76000213623047,113.69999694824219,91.49070739746094,4132800
2016-04-14,113.51000213623047,115.16999816894531,112.73999786376953,114.56999969482422,92.19078063964844,2463200
2016-04-15,115.0,115.61000061035156,114.1500015258789,115.31999969482422,92.79426574707031,2056100
2016-04-18,115.33999633789062,117.68000030517578,114.55000305175781,116.66000366210938,93.87254333496094,2656300
2016-04-19,116.45999908447266,118.73999786376953,116.3499984741211,117.75,94.74962615966797,2515900
2016-04-20,117.75,118.0199966430664,116.12000274658203,116.61000061035156,93.83229064941406,1688900
2016-04-21,115.36000061035156,116.63999938964844,114.61000061035156,115.13999938964844,92.6494369506836,1744800
2016-04-22,114.66999816894531,116.61000061035156,114.61000061035156,116.11000061035156,93.42996215820312,2773500
2016-04-25,115.86000061035156,116.0,114.16999816894531,114.91000366210938,92.46437072753906,1544300
2016-04-26,115.69999694824219,116.48999786376953,115.1500015258789,116.18000030517578,93.4863052368164,2273200
2016-04-27,116.55999755859375,117.05000305175781,115.62999725341797,116.72000122070312,93.92082214355469,3115200
2016-04-28,116.5199966430664,118.47000122070312,115.83999633789062,116.61000061035156,93.83229064941406,1822000
2016-04-29,117.0199966430664,118.63999938964844,115.79000091552734,117.02999877929688,94.17028045654297,1784000
2016-05-02,117.38999938964844,117.87999725341797,115.66000366210938,116.52999877929688,93.76792907714844,2519200
2016-05-03,115.2699966430664,120.0,114.37999725341797,118.5999984741211,95.43358612060547,3673000
2016-05-04,118.54000091552734,118.55000305175781,112.94000244140625,114.44000244140625,92.08616638183594,3751300
2016-05-05,114.9000015258789,115.33000183105469,113.55999755859375,113.88999938964844,91.64360046386719,1253400
2016-05-06,113.19000244140625,115.05999755859375,112.86000061035156,114.98999786376953,92.52872467041016,1137800
2016-05-09,114.06999969482422,114.06999969482422,111.7699966430664,112.41999816894531,90.46074676513672,1943900
2016-05-10,112.94000244140625,114.94999694824219,112.33999633789062,114.77999877929688,92.35977935791016,2223400
2016-05-11,114.79000091552734,115.93000030517578,113.87999725341797,114.72000122070312,92.31147003173828,1927700
2016-05-12,115.3499984741211,116.0,113.80000305175781,114.38999938964844,92.0459213256836,1552400
2016-05-13,114.58999633789062,115.2699966430664,111.68000030517578,111.79000091552734,89.95381164550781,1916100
2016-05-16,112.0,114.80999755859375,112.0,114.19000244140625,91.88499450683594,1414200
2016-05-17,114.0,115.98999786376953,113.55999755859375,114.27999877929688,91.95745086669922,1471300
2016-05-18,112.44999694824219,113.30000305175781,110.05000305175781,110.66999816894531,89.81887817382812,2081000
2016-05-19,110.33000183105469,110.76000213623047,106.26000213623047,108.08000183105469,87.71687316894531,2951000
2016-05-20,108.48999786376953,109.5999984741211,108.05999755859375,108.20999908447266,87.82235717773438,1317600
2016-05-23,108.0999984741211,109.36000061035156,107.33000183105469,108.16000366210938,87.78177642822266,865300
2016-05-24,108.56999969482422,109.98999786376953,108.36000061035156,109.70999908447266,89.03972625732422,1190900
2016-05-25,110.55000305175781,113.44999694824219,110.16000366210938,113.16999816894531,91.84784698486328,2029100
2016-05-26,113.73999786376953,114.8499984741211,113.36000061035156,113.5,92.11567687988281,1756300
2016-05-27,113.41999816894531,114.48999786376953,112.83999633789062,113.23999786376953,91.90465545654297,1412200
2016-05-31,113.25,115.31999969482422,113.0199966430664,114.47000122070312,92.9029312133789,1936300
2016-06-01,113.98999786376953,114.1500015258789,112.19999694824219,114.12999725341797,92.62699127197266,1398000
2016-06-02,113.95999908447266,115.12999725341797,113.0999984741211,115.12999725341797,93.4385757446289,1620000
2016-06-03,114.93000030517578,114.93000030517578,112.70999908447266,113.63999938964844,92.22930145263672,1586000
2016-06-06,114.13999938964844,116.43000030517578,113.66999816894531,116.30000305175781,94.38815307617188,1459400
2016-06-07,116.5,117.81999969482422,116.0199966430664,117.1500015258789,95.0780029296875,974000
2016-06-08,118.0,119.91000366210938,118.0,118.87000274658203,96.47393035888672,1837800
2016-06-09,117.69999694824219,118.79000091552734,117.30000305175781,118.63999938964844,96.28726959228516,1072100
2016-06-10,117.38999938964844,117.56999969482422,115.45999908447266,116.0,94.1446533203125,1263800
2016-06-13,115.54000091552734,115.91999816894531,113.6500015258789,113.73999786376953,92.31045532226562,1594700
2016-06-14,113.76000213623047,114.23999786376953,111.94999694824219,112.94999694824219,91.66930389404297,1982500
2016-06-15,114.04000091552734,114.33000183105469,112.37999725341797,113.44000244140625,92.06700134277344,1444000
2016-06-16,112.77999877929688,113.66999816894531,110.55000305175781,113.3499984741211,91.99394226074219,1250300
2016-06-17,113.48999786376953,115.1500015258789,112.70999908447266,114.18000030517578,92.66754913330078,2229100
2016-06-20,115.91000366210938,117.56999969482422,115.76000213623047,115.97000122070312,94.12031555175781,1356300
2016-06-21,115.56999969482422,115.7699966430664,113.81999969482422,115.36000061035156,93.62522888183594,1216600
2016-06-22,115.5,116.33000183105469,115.44000244140625,115.77999877929688,93.96613311767578,1210800
2016-06-23,117.08999633789062,119.0,116.61000061035156,118.95999908447266,96.5469741821289,1573700
2016-06-24,114.25,115.05999755859375,110.44999694824219,110.5,89.68092346191406,5459700
2016-06-27,109.69000244140625,109.80000305175781,105.43000030517578,105.75,85.82585144042969,3437700
2016-06-28,106.80000305175781,108.4000015258789,105.33000183105469,106.94000244140625,86.7916488647461,2937000
2016-06-29,108.4000015258789,109.9800033569336,107.58000183105469,109.7300033569336,89.05597686767578,1748400
2016-06-30,109.97000122070312,112.44000244140625,109.45999908447266,112.44000244140625,91.2553939819336,1338300
2016-07-01,112.01000213623047,113.56999969482422,111.80999755859375,112.91999816894531,91.64495849609375,1458200
2016-07-05,112.12999725341797,112.79000091552734,109.44999694824219,110.18000030517578,89.42120361328125,1263100
2016-07-06,109.19999694824219,110.69000244140625,107.51000213623047,110.61000061035156,89.77017211914062,1705000
2016-07-07,110.87000274658203,112.4800033569336,110.30000305175781,111.26000213623047,90.2977294921875,937600
2016-07-08,112.26000213623047,114.8499984741211,111.76000213623047,114.69999694824219,93.08958435058594,1069600
2016-07-11,114.80000305175781,116.33999633789062,113.69999694824219,115.88999938964844,94.05538940429688,1077800
2016-07-12,116.7300033569336,119.18000030517578,116.2699966430664,118.9800033569336,96.56321716308594,1615500
2016-07-13,118.30000305175781,119.87000274658203,117.72000122070312,118.12999725341797,95.87337493896484,1636500
2016-07-14,119.33000183105469,120.18000030517578,118.9000015258789,119.47000122070312,96.96089935302734,1636500
2016-07-15,119.83999633789062,119.83999633789062,118.58000183105469,119.01000213623047,96.58757019042969,1110200
2016-07-18,118.37000274658203,119.05000305175781,117.04000091552734,118.19000244140625,95.92206573486328,1959800
2016-07-19,117.43000030517578,117.79000091552734,116.30999755859375,116.47000122070312,94.52610778808594,1545500
2016-07-20,116.77999877929688,118.19000244140625,116.0199966430664,117.55999755859375,95.41072845458984,2066500
2016-07-21,118.0,119.9800033569336,117.5,118.45999908447266,96.14118957519531,1739100
2016-07-22,118.31999969482422,118.44000244140625,117.44000244140625,118.20999908447266,95.93826293945312,1058900
2016-07-25,118.04000091552734,118.5999984741211,117.36000061035156,118.19000244140625,95.92206573486328,1108700
2016-07-26,118.13999938964844,122.08000183105469,117.5,122.05000305175781,99.0548095703125,2694500
2016-07-27,122.05000305175781,124.08999633789062,121.69999694824219,123.41999816894531,100.16665649414062,3574800
2016-07-28,122.70999908447266,122.70999908447266,121.2300033569336,122.16000366210938,99.1440658569336,1608100
2016-07-29,122.0,122.97000122070312,120.56999969482422,122.7699966430664,99.63914489746094,1688100
2016-08-01,122.5,122.93000030517578,120.69999694824219,121.80000305175781,98.85189056396484,2666600
2016-08-02,121.75,123.70999908447266,119.16000366210938,121.04000091552734,98.2350845336914,2177500
2016-08-03,120.75,123.26000213623047,120.44000244140625,122.27999877929688,99.2414779663086,1760800
2016-08-04,122.27999877929688,123.8499984741211,121.05999755859375,123.25,100.02869415283203,1240700
2016-08-05,123.30000305175781,125.33999633789062,123.30000305175781,125.33999633789062,101.72492218017578,1044200
2016-08-08,125.9800033569336,126.69999694824219,125.79000091552734,126.41000366210938,102.59334564208984,1293900
2016-08-09,126.4000015258789,127.08999633789062,125.5,125.87999725341797,102.16321563720703,1023100
2016-08-10,126.29000091552734,126.5199966430664,125.83000183105469,126.06999969482422,102.3174057006836,619900
2016-08-11,126.08000183105469,127.37000274658203,126.08000183105469,127.11000061035156,103.16144561767578,803400
2016-08-12,127.20999908447266,127.63999938964844,126.44999694824219,126.7300033569336,102.85305786132812,884800
2016-08-15,126.91000366210938,127.55000305175781,126.91000366210938,127.01000213623047,103.08029174804688,1188900
2016-08-16,126.7699966430664,127.58000183105469,126.20999908447266,126.87000274658203,102.9666748046875,1046600
2016-08-17,126.87000274658203,127.27999877929688,126.05000305175781,126.51000213623047,102.67449951171875,1466200
2016-08-18,125.4800033569336,126.81999969482422,125.16999816894531,126.22000122070312,103.2759017944336,1094300
2016-08-19,125.79000091552734,126.55999755859375,125.30000305175781,126.12999725341797,103.20223236083984,1064000
2016-08-22,125.7300033569336,125.91000366210938,125.12000274658203,125.3499984741211,102.56405639648438,919300
2016-08-23,126.08999633789062,126.30999755859375,125.58999633789062,125.66000366210938,102.81768035888672,997400
2016-08-24,125.5,126.05000305175781,124.6500015258789,124.94000244140625,102.22856140136719,864800
2016-08-25,124.7699966430664,125.43000030517578,124.16999816894531,125.33000183105469,102.54767608642578,727300
2016-08-26,125.54000091552734,127.2699966430664,124.18000030517578,124.51000213623047,101.87674713134766,1123100
2016-08-29,124.73999786376953,125.95999908447266,124.13999938964844,125.48999786376953,102.67858123779297,1087100
2016-08-30,125.48999786376953,126.12000274658203,124.87999725341797,126.05000305175781,103.13677978515625,939600
2016-08-31,125.55000305175781,125.91999816894531,124.58999633789062,125.61000061035156,102.77678680419922,1357500
2016-09-01,125.61000061035156,126.1500015258789,124.27999877929688,125.41000366210938,102.6131362915039,1507900
2016-09-02,126.12000274658203,126.55000305175781,125.63999938964844,126.16000366210938,103.22679138183594,1273500
2016-09-06,120.94000244140625,121.75,116.5999984741211,116.94000244140625,95.68278503417969,5679800
2016-09-07,116.73999786376953,120.93000030517578,116.02999877929688,119.75,97.98200988769531,3044400
2016-09-08,119.33999633789062,121.38999938964844,118.54000091552734,119.87999725341797,98.08834838867188,1738600
2016-09-09,118.80999755859375,119.26000213623047,116.80999755859375,116.80999755859375,95.5764389038086,1263200
2016-09-12,116.41000366210938,119.52999877929688,116.30000305175781,118.97000122070312,97.3437728881836,1085600
2016-09-13,117.87999725341797,118.94000244140625,116.87000274658203,117.30999755859375,95.98554992675781,1134600
2016-09-14,117.45999908447266,118.36000061035156,117.0999984741211,118.05000305175781,96.59101867675781,1033400
2016-09-15,118.22000122070312,119.94999694824219,117.69999694824219,119.51000213623047,97.7856216430664,1003400
2016-09-16,119.3499984741211,119.69000244140625,118.27999877929688,119.55999755859375,97.82653045654297,1803200
2016-09-19,120.44999694824219,120.69999694824219,119.06999969482422,119.29000091552734,97.60562896728516,911300
2016-09-20,119.7699966430664,120.26000213623047,119.04000091552734,119.16999816894531,97.50743103027344,636400
2016-09-21,119.58000183105469,121.0999984741211,119.41000366210938,120.91999816894531,98.9393081665039,886400
2016-09-22,121.72000122070312,122.62000274658203,121.37000274658203,121.91999816894531,99.75750732421875,849300
2016-09-23,121.26000213623047,121.62999725341797,120.18000030517578,120.62999725341797,98.7020263671875,934400
2016-09-26,120.33000183105469,121.4800033569336,120.12000274658203,120.2300033569336,98.37474822998047,813200
2016-09-27,120.12999725341797,120.54000091552734,119.41000366210938,120.47000122070312,98.57112121582031,1081100
2016-09-28,120.94999694824219,123.69999694824219,120.94000244140625,123.5999984741211,101.13214874267578,1217900
2016-09-29,123.31999969482422,125.41999816894531,123.22000122070312,124.26000213623047,101.67217254638672,1199400
2016-09-30,125.33000183105469,128.60000610351562,125.19000244140625,128.14999389648438,104.85504913330078,1761000
2016-10-03,127.4000015258789,128.69000244140625,127.26000213623047,127.86000061035156,104.61776733398438,1125600
2016-10-04,127.87000274658203,129.25999450683594,126.95999908447266,127.30999755859375,104.16776275634766,1104200
2016-10-05,128.27000427246094,130.9600067138672,127.79000091552734,130.25,106.57331085205078,1320900
2016-10-06,129.6999969482422,130.72999572753906,129.1999969482422,130.49000549316406,106.76969909667969,1199200
2016-10-07,130.11000061035156,130.42999267578125,127.08000183105469,128.44000244140625,105.09234619140625,1961600
2016-10-10,129.36000061035156,129.38999938964844,127.80999755859375,128.1699981689453,104.87141418457031,974200
2016-10-11,130.52000427246094,131.0399932861328,127.4800033569336,127.86000061035156,104.61776733398438,2442500
2016-10-12,127.95999908447266,128.39999389648438,127.36000061035156,127.7699966430664,104.54414367675781,1341000
2016-10-13,126.47000122070312,126.47000122070312,124.75,126.12999725341797,103.20223236083984,1336600
2016-10-14,126.4000015258789,128.42999267578125,125.76000213623047,125.76000213623047,102.8995132446289,1030700
2016-10-17,126.02999877929688,126.27999877929688,125.5,125.80000305175781,102.9322280883789,870500
2016-10-18,126.5999984741211,127.5999984741211,125.95999908447266,127.05000305175781,103.95501708984375,1335800
2016-10-19,127.0199966430664,128.74000549316406,126.37000274658203,128.3000030517578,104.97777557373047,1026100
2016-10-20,127.68000030517578,127.94000244140625,126.33000183105469,126.9800033569336,103.89773559570312,1543800
2016-10-21,125.98999786376953,126.86000061035156,124.86000061035156,126.63999938964844,103.61954498291016,1375900
2016-10-24,127.13999938964844,128.08999633789062,125.66999816894531,126.69000244140625,103.66046142578125,1149300
2016-10-25,125.8499984741211,127.26000213623047,125.2699966430664,125.56999969482422,102.7440414428711,1314500
2016-10-26,125.16999816894531,127.47000122070312,125.05999755859375,126.5199966430664,103.52135467529297,837700
2016-10-27,126.83000183105469,127.04000091552734,125.51000213623047,126.26000213623047,103.30862426757812,1002500
2016-10-28,126.55000305175781,127.98999786376953,126.33999633789062,126.62000274658203,103.6031723022461,1194700
2016-10-31,126.7300033569336,128.0,126.52999877929688,127.81999969482422,104.58504486083984,1927000
2016-11-01,123.33000183105469,126.04000091552734,121.58000183105469,122.29000091552734,100.0602798461914,3050300
2016-11-02,121.79000091552734,122.94999694824219,121.3499984741211,121.72000122070312,99.59388732910156,1421800
2016-11-03,121.83999633789062,123.58999633789062,121.22000122070312,121.75,99.61844635009766,1827100
2016-11-04,121.91999816894531,125.55999755859375,121.43000030517578,124.30999755859375,101.71310424804688,1544800
2016-11-07,127.0199966430664,130.49000549316406,126.94999694824219,130.33999633789062,106.64696502685547,2893800
2016-11-08,129.6999969482422,131.52000427246094,129.0800018310547,130.86000061035156,107.07243347167969,1700300
2016-11-09,132.41000366210938,138.38999938964844,130.86000061035156,136.85000610351562,111.97359466552734,3178300
2016-11-10,137.66000366210938,141.64999389648438,137.19000244140625,137.80999755859375,112.75907897949219,3990500
2016-11-11,137.0,138.1300048828125,135.75,136.99000549316406,112.08815002441406,1903900
2016-11-14,138.6699981689453,139.2899932861328,133.16000366210938,134.74000549316406,110.24713134765625,4128600
2016-11-15,134.8800048828125,137.8000030517578,134.14999389648438,137.77999877929688,112.73451232910156,1961900
2016-11-16,137.44000244140625,137.44000244140625,135.75,136.8699951171875,111.98992156982422,1118800
2016-11-17,136.1999969482422,136.57000732421875,135.00999450683594,135.42999267578125,111.64781951904297,1083400
2016-11-18,135.32000732421875,136.41000366210938,134.60000610351562,135.02999877929688,111.31804656982422,1281400
2016-11-21,136.07000732421875,137.30999755859375,135.50999450683594,136.8300018310547,112.80197143554688,1017800
2016-11-22,137.80999755859375,139.57000732421875,137.1999969482422,139.35000610351562,114.87944030761719,1725900
2016-11-23,140.0,141.57000732421875,139.85000610351562,140.8000030517578,116.0748062133789,1497900
2016-11-25,140.61000061035156,141.5,140.5500030517578,141.2899932861328,116.4787368774414,482900
2016-11-28,140.5399932861328,141.2100067138672,137.1199951171875,138.32000732421875,114.03031921386719,1693000
2016-11-29,137.6999969482422,138.85000610351562,136.63999938964844,138.22000122070312,113.94788360595703,1056000
2016-11-30,139.60000610351562,142.67999267578125,139.32000732421875,141.77999877929688,116.88272857666016,1967600
2016-12-01,140.75,146.47999572753906,139.82000732421875,142.6300048828125,117.58346557617188,2241000
2016-12-02,142.22000122070312,143.80999755859375,141.88999938964844,142.9499969482422,117.84727478027344,1028300
2016-12-05,143.99000549316406,144.9600067138672,142.22000122070312,142.86000061035156,117.7730941772461,1777000
2016-12-06,142.49000549316406,143.55999755859375,142.10000610351562,142.66000366210938,117.60816955566406,1451500
2016-12-07,142.83999633789062,147.10000610351562,142.19000244140625,146.4600067138672,120.74090576171875,2470100
2016-12-08,145.86000061035156,146.3300018310547,143.35000610351562,143.77999877929688,118.53154754638672,1946400
2016-12-09,144.0,144.0399932861328,141.77000427246094,142.25,117.27018737792969,1375100
2016-12-12,142.52000427246094,142.8699951171875,140.77999877929688,142.30999755859375,117.31966400146484,1297300
2016-12-13,142.41000366210938,143.1699981689453,141.5399932861328,142.6300048828125,117.58346557617188,1137700
2016-12-14,141.72000122070312,141.77999877929688,138.6699981689453,138.86000061035156,114.47547149658203,2446300
2016-12-15,138.8000030517578,140.11000061035156,138.1199951171875,138.83999633789062,114.458984375,1797000
2016-12-16,138.75,139.3800048828125,135.17999267578125,135.35000610351562,111.58185577392578,4913300
2016-12-19,135.72999572753906,138.11000061035156,135.5500030517578,137.41000366210938,113.28011322021484,2477200
2016-12-20,137.30999755859375,138.38999938964844,137.0,138.0,113.76649475097656,1200300
2016-12-21,138.0,139.27999877929688,137.5399932861328,138.6999969482422,114.34359741210938,1098000
2016-12-22,138.64999389648438,139.02999877929688,137.77000427246094,138.22999572753906,113.95613861083984,960600
2016-12-23,137.9499969482422,138.74000549316406,137.10000610351562,138.24000549316406,113.9643783569336,555900
2016-12-27,138.22999572753906,138.97999572753906,137.50999450683594,138.0800018310547,113.83246612548828,697800
2016-12-28,138.22000122070312,138.77999877929688,136.17999267578125,136.4600067138672,112.49695587158203,870700
2016-12-29,136.82000732421875,137.64999389648438,135.94000244140625,136.4199981689453,112.46397399902344,935900
2016-12-30,136.61000061035156,137.60000610351562,136.1300048828125,136.6699981689453,112.67005157470703,1203100
2017-01-03,138.25,139.80999755859375,137.9199981689453,139.7899932861328,115.24217224121094,1638800
2017-01-04,139.8800048828125,140.8000030517578,139.08999633789062,139.6300048828125,115.11028289794922,1178400
2017-01-05,139.16000366210938,140.19000244140625,136.83999633789062,137.75,113.5604019165039,1387300
2017-01-06,138.25999450683594,139.88999938964844,137.00999450683594,138.72000122070312,114.36006164550781,923500
2017-01-09,139.80999755859375,139.80999755859375,137.22999572753906,137.4199981689453,113.28836822509766,925000
2017-01-10,138.36000061035156,140.05999755859375,137.6999969482422,139.55999755859375,115.05256652832031,1574900
2017-01-11,139.9499969482422,141.0800018310547,139.0500030517578,140.7100067138672,116.00059509277344,837100
2017-01-12,140.4499969482422,140.6300048828125,134.05999755859375,138.55999755859375,114.22818756103516,2600300
2017-01-13,138.94000244140625,140.55999755859375,138.6300048828125,139.97999572753906,115.39881896972656,923300
2017-01-17,139.36000061035156,140.1699981689453,138.16000366210938,138.9199981689453,114.52495574951172,1190900
2017-01-18,138.92999267578125,139.92999267578125,138.47999572753906,139.89999389648438,115.3328628540039,819400
2017-01-19,141.0,141.9499969482422,140.3699951171875,140.97000122070312,116.21492767333984,1142700
2017-01-20,141.33999633789062,142.1300048828125,140.63999938964844,141.5800018310547,116.71784973144531,906100
2017-01-23,141.19000244140625,141.74000549316406,140.17999267578125,141.47000122070312,116.62715911865234,794500
2017-01-24,142.0399932861328,145.47000122070312,141.89999389648438,145.00999450683594,119.54551696777344,1107300
2017-01-25,146.27000427246094,148.25,145.97000122070312,147.86000061035156,121.89505004882812,1477300
2017-01-26,148.25,150.35000610351562,146.67999267578125,147.4499969482422,121.55706024169922,1507400
2017-01-27,147.47999572753906,147.99000549316406,146.6999969482422,147.13999938964844,121.301513671875,794900
2017-01-30,146.85000610351562,147.2899932861328,145.3300018310547,147.00999450683594,121.19429779052734,1051400
2017-01-31,146.0,147.25,144.25,147.00999450683594,121.19429779052734,1981800
2017-02-01,147.91000366210938,149.97000122070312,146.7100067138672,147.32000732421875,121.44988250732422,1301200
2017-02-02,146.66000366210938,147.8699951171875,145.85000610351562,146.3300018310547,120.63375091552734,871200
2017-02-03,146.92999267578125,147.44000244140625,146.1300048828125,146.86000061035156,121.0706558227539,946900
2017-02-06,146.38999938964844,146.97999572753906,145.6699981689453,146.3800048828125,120.67497253417969,1191100
2017-02-07,147.6300048828125,148.72999572753906,146.69000244140625,147.35000610351562,121.47461700439453,1510900
2017-02-08,146.7100067138672,147.1999969482422,144.8000030517578,145.67999267578125,120.09788513183594,2097300
2017-02-09,145.67999267578125,153.44000244140625,145.67999267578125,150.13999938964844,123.77465057373047,2815600
2017-02-10,150.5,151.02999877929688,149.67999267578125,150.55999755859375,124.12089538574219,1355300
2017-02-13,151.25999450683594,153.6199951171875,150.9600067138672,152.85000610351562,126.00878143310547,2200100
2017-02-14,152.1199951171875,152.5500030517578,150.75999450683594,151.9600067138672,125.27507019042969,1456600
2017-02-15,152.0,152.52999877929688,151.5500030517578,151.94000244140625,125.25861358642578,1641600
2017-02-16,152.0,152.36000061035156,151.25,152.17999267578125,125.45642852783203,1554700
2017-02-17,151.1699981689453,152.92999267578125,150.44000244140625,152.91000366210938,126.0582046508789,1263400
2017-02-21,152.97000122070312,154.6699981689453,152.85000610351562,154.50999450683594,127.37727355957031,1890100
2017-02-22,152.7100067138672,153.4600067138672,151.8000030517578,152.25,126.35233306884766,986100
2017-02-23,152.8699951171875,153.30999755859375,148.5500030517578,149.11000061035156,123.74644470214844,1252700
2017-02-24,148.5,149.94000244140625,147.92999267578125,149.94000244140625,124.43526458740234,869200
2017-02-27,149.74000549316406,150.7100067138672,149.02000427246094,149.91000366210938,124.41038513183594,728700
2017-02-28,149.60000610351562,149.88999938964844,148.1199951171875,148.49000549316406,123.23194122314453,1125400
2017-03-01,150.94000244140625,153.22999572753906,150.24000549316406,152.85000610351562,126.85028076171875,1071400
2017-03-02,152.6199951171875,152.6199951171875,150.6199951171875,150.83999633789062,125.18218231201172,1060600
2017-03-03,151.36000061035156,152.36000061035156,150.9199981689453,151.94000244140625,126.09510803222656,913300
2017-03-06,151.07000732421875,152.6999969482422,151.0399932861328,152.42999267578125,126.50170135498047,839900
2017-03-07,152.10000610351562,152.67999267578125,150.94000244140625,152.10000610351562,126.22787475585938,907500
2017-03-08,151.97000122070312,152.69000244140625,150.92999267578125,151.1699981689453,125.45603942871094,810400
2017-03-09,150.69000244140625,151.75,147.7899932861328,148.83999633789062,123.52239990234375,1829900
2017-03-10,150.1199951171875,151.6300048828125,149.5,151.5,125.72991180419922,1017700
2017-03-13,151.77999877929688,152.9199981689453,151.50999450683594,152.8000030517578,126.80879211425781,1082500
2017-03-14,151.38999938964844,151.66000366210938,149.24000549316406,150.8800048828125,125.21539306640625,760700
2017-03-15,151.88999938964844,155.27999877929688,151.4499969482422,154.35000610351562,128.0951385498047,1014300
2017-03-16,154.86000061035156,155.4600067138672,153.77999877929688,153.99000549316406,127.79637145996094,976800
2017-03-17,154.9499969482422,155.50999450683594,153.80999755859375,154.50999450683594,128.22793579101562,1779800
2017-03-20,154.50999450683594,155.22000122070312,153.9199981689453,154.2899932861328,128.0453643798828,945100
2017-03-21,154.6999969482422,155.19000244140625,150.36000061035156,150.7100067138672,125.07431030273438,1020200
2017-03-22,150.44000244140625,152.32000732421875,150.22000122070312,151.86000061035156,126.02867889404297,816100
2017-03-23,151.66000366210938,153.27000427246094,151.0500030517578,152.22000122070312,126.32746124267578,802500
2017-03-24,152.24000549316406,152.8699951171875,150.13999938964844,150.77000427246094,125.12407684326172,966700
2017-03-27,148.6699981689453,150.10000610351562,147.47000122070312,149.66000366210938,124.20288848876953,1214500
2017-03-28,149.6699981689453,152.17999267578125,149.1300048828125,151.69000244140625,125.88763427734375,1424700
2017-03-29,151.38999938964844,152.35000610351562,151.1699981689453,151.7100067138672,125.90420532226562,777200
2017-03-30,151.6699981689453,152.33999633789062,151.02000427246094,151.9600067138672,126.11168670654297,659500
2017-03-31,151.24000549316406,152.3800048828125,150.83999633789062,151.1999969482422,125.4809341430664,849400
2017-04-03,151.5500030517578,151.72000122070312,148.50999450683594,149.72000122070312,124.25273895263672,1022900
2017-04-04,149.72000122070312,150.38999938964844,148.8300018310547,150.11000061035156,124.57634735107422,987600
2017-04-05,151.3800048828125,153.02999877929688,149.36000061035156,149.82000732421875,124.3357162475586,1201400
2017-04-06,150.02999877929688,150.80999755859375,149.14999389648438,149.97999572753906,124.46847534179688,778600
2017-04-07,149.6199951171875,151.0399932861328,149.39999389648438,149.44000244140625,124.02029418945312,671100
2017-04-10,149.91000366210938,151.55999755859375,149.10000610351562,149.13999938964844,123.7713623046875,1234600
2017-04-11,149.10000610351562,150.63999938964844,146.52999877929688,150.47999572753906,124.88341522216797,1449400
2017-04-12,150.4600067138672,150.4600067138672,146.55999755859375,146.9199981689453,121.92899322509766,1536100
2017-04-13,147.5,148.50999450683594,144.5399932861328,144.57000732421875,119.97874450683594,1553700
2017-04-17,146.00999450683594,147.07000732421875,145.27999877929688,147.0,121.99534606933594,1097800
2017-04-18,145.22999572753906,146.32000732421875,144.02999877929688,145.07000732421875,120.39366912841797,1376800
2017-04-19,145.9199981689453,146.24000549316406,143.8300018310547,144.33999633789062,119.7878189086914,1610600
2017-04-20,145.33999633789062,146.83999633789062,144.97999572753906,146.13999938964844,121.28165435791016,1118500
2017-04-21,146.13999938964844,147.0,144.4600067138672,145.55999755859375,120.80033111572266,1337900
2017-04-24,148.0,149.4600067138672,147.9199981689453,149.10000610351562,123.73816680908203,1500200
2017-04-25,150.25999450683594,153.64999389648438,150.25999450683594,152.11000061035156,126.23614501953125,2131000
2017-04-26,151.83999633789062,153.1300048828125,151.0,152.07000732421875,126.20295715332031,1102100
2017-04-27,152.4600067138672,152.5800018310547,150.22000122070312,151.05999755859375,125.36475372314453,1002100
2017-04-28,151.4600067138672,152.22999572753906,150.3699951171875,150.94000244140625,125.26519012451172,1100900
2017-05-01,151.80999755859375,152.47000122070312,149.85000610351562,151.3300018310547,125.58885192871094,1998500
2017-05-02,162.75,163.36000061035156,159.4600067138672,160.55999755859375,133.2488250732422,4157200
2017-05-03,159.4499969482422,160.17999267578125,157.39999389648438,158.6300048828125,131.6471405029297,1896900
2017-05-04,159.16000366210938,159.6199951171875,155.41000366210938,156.0399932861328,129.49765014648438,2153300
2017-05-05,156.30999755859375,156.6199951171875,154.80999755859375,155.47999572753906,129.0328826904297,1342100
2017-05-08,155.3300018310547,156.2899932861328,154.7100067138672,156.2899932861328,129.7051239013672,1919200
2017-05-09,156.50999450683594,158.11000061035156,156.25,157.75,130.9168243408203,1351900
2017-05-10,157.75,159.69000244140625,157.3000030517578,159.24000549316406,132.15338134765625,2158600
2017-05-11,158.5800018310547,159.80999755859375,156.42999267578125,158.85000610351562,131.82968139648438,2162600
2017-05-12,158.27000427246094,159.14999389648438,156.4600067138672,156.97999572753906,130.27777099609375,1744900
2017-05-15,157.9499969482422,158.3699951171875,156.2899932861328,156.60000610351562,129.96241760253906,1665200
2017-05-16,156.75,157.49000549316406,155.3800048828125,157.4199981689453,130.6429443359375,1224200
2017-05-17,156.39999389648438,156.39999389648438,153.24000549316406,153.30999755859375,128.06588745117188,1272400
2017-05-18,152.27000427246094,152.7100067138672,150.07000732421875,151.83999633789062,126.83793640136719,1378800
2017-05-19,152.8300018310547,155.80999755859375,152.38999938964844,154.89999389648438,129.39410400390625,1689100
2017-05-22,155.64999389648438,156.88999938964844,155.0399932861328,155.38999938964844,129.8033905029297,1306100
2017-05-23,155.55999755859375,155.99000549316406,154.82000732421875,155.3000030517578,129.7282257080078,1158600
2017-05-24,155.16000366210938,155.97999572753906,154.10000610351562,155.0800018310547,129.54443359375,1195500
2017-05-25,155.7100067138672,156.6699981689453,155.25999450683594,155.86000061035156,130.19598388671875,1491300
2017-05-26,155.8000030517578,157.25,155.72999572753906,156.63999938964844,130.84762573242188,630000
2017-05-30,156.24000549316406,157.97000122070312,156.05999755859375,157.33999633789062,131.43234252929688,1231700
2017-05-31,157.38999938964844,158.1199951171875,155.86000061035156,157.6999969482422,131.73309326171875,1462800
2017-06-01,158.52999877929688,161.6300048828125,157.75,160.6300048828125,134.1806182861328,1413300
2017-06-02,160.3800048828125,161.8699951171875,157.97000122070312,158.13999938964844,132.1005859375,2053900
2017-06-05,158.0,158.17999267578125,155.92999267578125,156.10000610351562,130.396484375,1498400
2017-06-06,155.77999877929688,157.9199981689453,155.00999450683594,157.16000366210938,131.281982421875,1351800
2017-06-07,157.47999572753906,157.5,155.17999267578125,156.27999877929688,130.546875,1403600
2017-06-08,156.27999877929688,159.1199951171875,155.8000030517578,158.3699951171875,132.29273986816406,1066800
2017-06-09,158.14999389648438,160.3800048828125,158.08999633789062,159.22999572753906,133.0111541748047,972200
2017-06-12,159.22999572753906,160.7100067138672,158.2899932861328,160.4499969482422,134.03024291992188,1198800
2017-06-13,160.4600067138672,160.8699951171875,159.1699981689453,160.38999938964844,133.98013305664062,993300
2017-06-14,161.08999633789062,161.08999633789062,158.39999389648438,159.49000549316406,133.2283172607422,977600
2017-06-15,158.00999450683594,162.32000732421875,158.0,161.6999969482422,135.07440185546875,1508700
2017-06-16,161.77999877929688,162.19000244140625,160.72000122070312,161.55999755859375,134.9574737548828,1282000
2017-06-19,162.1300048828125,164.22999572753906,161.75,164.10000610351562,137.07923889160156,1598500
2017-06-20,163.08999633789062,163.85000610351562,161.4499969482422,162.49000549316406,135.73435974121094,1389400
2017-06-21,163.6199951171875,163.6199951171875,158.5399932861328,159.19000244140625,132.9777374267578,1194200
2017-06-22,160.1300048828125,160.14999389648438,158.75999450683594,158.9600067138672,132.7855987548828,716300
2017-06-23,158.85000610351562,159.8699951171875,158.5,159.13999938964844,132.93594360351562,2139700
2017-06-26,159.16000366210938,160.32000732421875,158.07000732421875,158.89999389648438,132.7354736328125,847300
2017-06-27,159.0399932861328,160.0399932861328,157.77999877929688,158.1999969482422,132.15072631835938,1278700
2017-06-28,159.60000610351562,161.8699951171875,158.7899932861328,161.57000732421875,134.96583557128906,1028400
2017-06-29,161.80999755859375,162.24000549316406,159.1999969482422,160.1199951171875,133.7545623779297,944800
2017-06-30,160.72000122070312,163.27999877929688,160.1300048828125,162.22000122070312,135.50877380371094,985300
2017-07-03,162.14999389648438,163.88999938964844,161.3699951171875,163.36000061035156,136.46107482910156,963900
2017-07-05,163.3800048828125,164.44000244140625,162.77999877929688,164.10000610351562,137.07923889160156,1162500
2017-07-06,163.97999572753906,165.9499969482422,163.22000122070312,164.2100067138672,137.17115783691406,1457100
2017-07-07,165.0,165.7100067138672,162.64999389648438,164.6999969482422,137.58042907714844,1037200
2017-07-10,164.4499969482422,166.3000030517578,164.22999572753906,165.0800018310547,137.89785766601562,991200
2017-07-11,165.02999877929688,165.2100067138672,163.86000061035156,164.77000427246094,137.638916015625,1006800
2017-07-12,165.97000122070312,166.83999633789062,165.19000244140625,165.32000732421875,138.09835815429688,907800
2017-07-13,165.8800048828125,166.2100067138672,164.64999389648438,165.1699981689453,137.9730224609375,1326900
2017-07-14,165.47999572753906,166.5399932861328,164.50999450683594,165.86000061035156,138.5493927001953,904700
2017-07-17,165.58999633789062,167.1699981689453,165.58999633789062,166.13999938964844,138.7833251953125,1046200
2017-07-18,165.6300048828125,166.1300048828125,163.75999450683594,164.82000732421875,137.68063354492188,876500
2017-07-19,164.8300018310547,165.0500030517578,164.0399932861328,164.63999938964844,137.5302734375,1261500
2017-07-20,164.9199981689453,165.58999633789062,163.85000610351562,164.42999267578125,137.3548583984375,1365500
2017-07-21,163.85000610351562,165.41000366210938,163.38999938964844,165.22000122070312,138.0148162841797,1181700
2017-07-24,165.36000061035156,166.91000366210938,164.9499969482422,166.47000122070312,139.05897521972656,1316000
2017-07-25,168.35000610351562,170.67999267578125,167.00999450683594,167.6999969482422,140.08645629882812,1574800
2017-07-26,168.3800048828125,168.3800048828125,165.83999633789062,165.97000122070312,138.64129638671875,1075300
2017-07-27,166.27000427246094,167.33999633789062,165.33999633789062,165.77999877929688,138.48257446289062,1210700
2017-07-28,165.55999755859375,167.52999877929688,165.17999267578125,167.22000122070312,139.68551635742188,858100
2017-07-31,168.11000061035156,169.74000549316406,167.47000122070312,167.89999389648438,140.2535400390625,1730700
2017-08-01,159.8800048828125,161.08999633789062,154.0,157.47999572753906,131.54928588867188,5480100
2017-08-02,157.67999267578125,158.8300018310547,156.4199981689453,157.77999877929688,131.79991149902344,2115500
2017-08-03,158.36000061035156,158.77000427246094,156.14999389648438,157.74000549316406,131.76646423339844,1514100
2017-08-04,158.27000427246094,160.58999633789062,157.8000030517578,160.16000366210938,133.7880096435547,1523500
2017-08-07,159.35000610351562,160.72000122070312,159.10000610351562,160.02999877929688,133.6793975830078,968600
2017-08-08,159.72999572753906,161.0500030517578,159.3300018310547,159.82000732421875,133.50396728515625,1294400
2017-08-09,159.32000732421875,160.33999633789062,158.55999755859375,159.39999389648438,133.1531524658203,1126800
2017-08-10,158.30999755859375,158.75999450683594,155.5500030517578,155.8300018310547,130.17095947265625,1728800
2017-08-11,155.10000610351562,155.89999389648438,154.6699981689453,155.64999389648438,130.02059936523438,1554800
2017-08-14,157.2100067138672,157.22999572753906,155.75,156.24000549316406,130.51341247558594,1672400
2017-08-15,156.47000122070312,156.6999969482422,155.22000122070312,155.58999633789062,129.97047424316406,1308400
2017-08-16,155.25,155.5,154.11000061035156,154.3800048828125,129.86114501953125,1184500
2017-08-17,154.0500030517578,154.42999267578125,151.1999969482422,151.27999877929688,127.25348663330078,2170200
2017-08-18,151.05999755859375,152.63999938964844,150.25,150.7899932861328,126.8412857055664,1467300
2017-08-21,151.0,152.5,150.6300048828125,152.05999755859375,127.90959930419922,1129400
2017-08-22,152.52000427246094,153.7100067138672,152.52000427246094,153.10000610351562,128.78445434570312,1220200
2017-08-23,152.47999572753906,153.27000427246094,151.7899932861328,152.3800048828125,128.17877197265625,957900
2017-08-24,152.50999450683594,152.77000427246094,150.88999938964844,151.8000030517578,127.69090270996094,1074800
2017-08-25,152.2899932861328,153.02999877929688,151.74000549316406,152.10000610351562,127.94325256347656,808800
2017-08-28,152.91000366210938,153.11000061035156,152.50999450683594,152.7100067138672,128.45635986328125,702500
2017-08-29,152.0,155.02999877929688,152.0,154.83999633789062,130.24803161621094,1601000
2017-08-30,155.0,157.97999572753906,154.47999572753906,157.7899932861328,132.72955322265625,1580100
2017-08-31,158.24000549316406,159.99000549316406,157.89999389648438,159.3800048828125,134.06703186035156,1405100
2017-09-01,159.27000427246094,160.4199981689453,159.1999969482422,159.36000061035156,134.05018615722656,756300
2017-09-05,159.41000366210938,160.60000610351562,158.4199981689453,159.07000732421875,133.80630493164062,1429600
2017-09-06,159.82000732421875,160.3699951171875,159.07000732421875,159.47999572753906,134.15115356445312,1358200
2017-09-07,160.0800018310547,162.10000610351562,159.1999969482422,161.85000610351562,136.1447296142578,1288400
2017-09-08,161.33999633789062,164.24000549316406,160.97999572753906,162.82000732421875,136.9606475830078,1007300
2017-09-11,161.5800018310547,164.97000122070312,161.57000732421875,164.6699981689453,138.5168914794922,1173400
2017-09-12,165.0,166.0800018310547,164.6699981689453,165.50999450683594,139.22341918945312,856000
2017-09-13,164.7100067138672,166.75999450683594,164.7100067138672,166.50999450683594,140.0646209716797,869900
2017-09-14,166.16000366210938,167.4199981689453,165.8000030517578,166.67999267578125,140.20761108398438,1045700
2017-09-15,164.08999633789062,165.7100067138672,163.75999450683594,165.22999572753906,138.98793029785156,2322100
2017-09-18,165.8300018310547,168.3800048828125,165.30999755859375,166.94000244140625,140.4263458251953,1462100
2017-09-19,167.44000244140625,167.82000732421875,166.8300018310547,167.5,140.89736938476562,1119900
2017-09-20,167.35000610351562,168.5,166.5500030517578,167.22000122070312,140.66189575195312,891200
2017-09-21,166.6300048828125,167.02999877929688,165.8699951171875,166.47999572753906,140.03939819335938,1021700
2017-09-22,166.88999938964844,168.66000366210938,166.6999969482422,167.97999572753906,141.3011474609375,925000
2017-09-25,168.0800018310547,168.39999389648438,165.7899932861328,167.77999877929688,141.13290405273438,987400
2017-09-26,168.1999969482422,169.27999877929688,167.64999389648438,167.8000030517578,141.14974975585938,774200
2017-09-27,168.69000244140625,169.00999450683594,167.00999450683594,168.35000610351562,141.61236572265625,771100
2017-09-28,167.82000732421875,168.89999389648438,167.7100067138672,168.3300018310547,141.59556579589844,731900
2017-09-29,168.27000427246094,169.3000030517578,167.80999755859375,168.02999877929688,141.3432159423828,755300
2017-10-02,168.4499969482422,169.36000061035156,167.39999389648438,169.3300018310547,142.43675231933594,953100
2017-10-03,169.3699951171875,170.8699951171875,169.35000610351562,170.82000732421875,143.69009399414062,1027600
2017-10-04,171.0,172.72000122070312,170.8300018310547,171.75,144.472412109375,1170100
2017-10-05,171.4600067138672,172.16000366210938,170.8000030517578,171.7100067138672,144.43881225585938,740600
2017-10-06,171.6199951171875,172.50999450683594,170.9199981689453,172.11000061035156,144.7752227783203,903000
2017-10-09,172.52000427246094,172.74000549316406,171.3699951171875,171.74000549316406,144.46397399902344,688700
2017-10-10,172.8000030517578,173.14999389648438,171.3699951171875,172.9600067138672,145.49021911621094,819200
2017-10-11,172.9600067138672,172.9600067138672,171.6999969482422,172.3300018310547,144.96031188964844,672000
2017-10-12,171.0,172.75999450683594,170.9499969482422,171.91000366210938,144.6070098876953,619300
2017-10-13,172.85000610351562,174.1699981689453,172.3800048828125,172.6199951171875,145.20423889160156,709800
2017-10-16,173.41000366210938,174.36000061035156,172.58999633789062,174.1300048828125,146.47439575195312,966600
2017-10-17,174.10000610351562,175.32000732421875,173.88999938964844,174.72000122070312,146.97067260742188,684100
2017-10-18,174.72000122070312,175.7100067138672,173.75999450683594,175.02000427246094,147.2230682373047,798200
2017-10-19,175.10000610351562,175.42999267578125,173.5500030517578,175.30999755859375,147.46697998046875,947500
2017-10-20,176.22999572753906,177.3000030517578,175.63999938964844,177.10000610351562,148.97271728515625,668900
2017-10-23,177.5,178.80999755859375,176.8800048828125,177.22999572753906,149.08206176757812,1075500
2017-10-24,178.89999389648438,180.32000732421875,177.4499969482422,178.39999389648438,150.06625366210938,1483700
2017-10-25,177.97000122070312,178.33999633789062,175.74000549316406,176.9199981689453,148.82131958007812,945300
2017-10-26,177.39999389648438,179.27000427246094,176.85000610351562,178.63999938964844,150.2681427001953,782300
2017-10-27,178.22999572753906,179.52999877929688,177.38999938964844,179.5,150.99151611328125,1001900
2017-10-30,178.82000732421875,180.86000061035156,178.52000427246094,180.35000610351562,151.7065887451172,1701100
2017-10-31,176.55999755859375,177.9499969482422,172.11000061035156,176.8800048828125,148.7876739501953,2881600
2017-11-01,179.25999450683594,181.7899932861328,172.57000732421875,172.8300018310547,145.3809051513672,2147400
2017-11-02,173.00999450683594,173.30999755859375,171.0399932861328,173.2899932861328,145.767822265625,2837700
2017-11-03,173.77999877929688,174.64999389648438,172.74000549316406,173.07000732421875,145.582763671875,1465000
2017-11-06,173.25,173.64999389648438,172.57000732421875,172.58999633789062,145.17901611328125,844500
2017-11-07,172.60000610351562,173.22000122070312,171.55999755859375,171.86000061035156,144.56497192382812,1139600
2017-11-08,171.86000061035156,172.07000732421875,170.5399932861328,171.3800048828125,144.16116333007812,1214700
2017-11-09,170.5500030517578,170.74000549316406,166.50999450683594,167.9600067138672,141.2843780517578,1867200
2017-11-10,167.2899932861328,169.0800018310547,166.8000030517578,168.9499969482422,142.11709594726562,1350900
2017-11-13,168.75,169.91000366210938,168.1199951171875,169.1999969482422,142.3273468017578,1602200
2017-11-14,168.8300018310547,170.39999389648438,168.6699981689453,169.1199951171875,142.2600860595703,1431000
2017-11-15,168.6300048828125,168.8000030517578,166.14999389648438,166.83999633789062,140.3421630859375,1808800
2017-11-16,167.42999267578125,168.69000244140625,165.75999450683594,167.1300048828125,141.5021209716797,2264200
2017-11-17,163.0,163.9600067138672,158.75,159.41000366210938,134.96592712402344,3529900
2017-11-20,160.47000122070312,161.6199951171875,159.1699981689453,159.8000030517578,135.296142578125,2484600
2017-11-21,161.1999969482422,161.66000366210938,160.05999755859375,160.63999938964844,136.00730895996094,1521800
2017-11-22,161.4499969482422,163.9499969482422,161.1300048828125,163.38999938964844,138.3356475830078,1803000
2017-11-24,163.4600067138672,163.85000610351562,160.07000732421875,160.66000366210938,136.02427673339844,942400
2017-11-27,160.66000366210938,162.10000610351562,160.64999389648438,161.16000366210938,136.44757080078125,1149200
2017-11-28,162.52999877929688,164.97999572753906,161.77999877929688,164.52000427246094,139.2923583984375,1474900
2017-11-29,164.5,165.22000122070312,163.02000427246094,164.52000427246094,139.2923583984375,1362600
2017-11-30,165.02999877929688,167.75,165.0,167.39999389648438,141.730712890625,1913000
2017-12-01,166.72999572753906,167.08999633789062,161.25,165.00999450683594,139.70721435546875,1912300
2017-12-04,166.16000366210938,168.4499969482422,164.9600067138672,164.9600067138672,139.66488647460938,1589600
2017-12-05,164.64999389648438,166.22000122070312,164.30999755859375,164.83999633789062,139.56329345703125,1147400
2017-12-06,164.9199981689453,166.3800048828125,164.0800018310547,165.3800048828125,140.0205078125,1333600
2017-12-07,166.08999633789062,169.82000732421875,166.0,169.3000030517578,143.33938598632812,1883800
2017-12-08,169.3800048828125,170.8800048828125,169.10000610351562,170.8800048828125,144.6770782470703,1115100
2017-12-11,170.9499969482422,171.55999755859375,170.0500030517578,170.77000427246094,144.583984375,1209600
2017-12-12,170.91000366210938,171.02000427246094,168.94000244140625,169.22000122070312,143.27166748046875,1854200
2017-12-13,169.0,170.8800048828125,168.2100067138672,169.5800018310547,143.57644653320312,1185400
2017-12-14,170.14999389648438,170.5,168.10000610351562,168.5500030517578,142.70440673828125,1136400
2017-12-15,169.64999389648438,171.0,169.00999450683594,169.6300048828125,143.6187744140625,1768400
2017-12-18,170.92999267578125,173.4600067138672,170.49000549316406,172.0399932861328,145.65924072265625,1184900
2017-12-19,173.24000549316406,174.3800048828125,172.33999633789062,174.0,147.31869506835938,1163900
2017-12-20,174.99000549316406,175.66000366210938,173.41000366210938,175.14999389648438,148.2923126220703,1072200
2017-12-21,174.99000549316406,175.13999938964844,172.55999755859375,174.66000366210938,147.8774871826172,1087500
2017-12-22,175.1199951171875,176.1699981689453,174.3699951171875,175.75999450683594,148.80882263183594,504400
2017-12-26,175.9499969482422,176.6300048828125,175.64999389648438,176.13999938964844,149.1305694580078,383400
2017-12-27,176.5,177.30999755859375,175.6300048828125,176.24000549316406,149.21522521972656,664000
2017-12-28,176.24000549316406,177.2899932861328,175.69000244140625,177.1999969482422,150.0279998779297,678200
2017-12-29,177.72999572753906,177.9199981689453,176.5,176.63999938964844,149.55386352539062,553300
2018-01-02,177.50999450683594,178.22000122070312,176.3000030517578,177.05999755859375,149.9094696044922,1047400
2018-01-03,177.33999633789062,179.1999969482422,176.8699951171875,179.00999450683594,151.56045532226562,932600
2018-01-04,179.6199951171875,181.85000610351562,179.22999572753906,181.75,153.8802947998047,1433800
2018-01-05,182.02000427246094,182.3000030517578,180.11000061035156,181.4600067138672,153.63475036621094,1123000
2018-01-08,181.1300048828125,182.3800048828125,180.25999450683594,182.1199951171875,154.19354248046875,1435000
2018-01-09,182.47999572753906,183.33999633789062,181.66000366210938,181.9600067138672,154.05812072753906,1610400
2018-01-10,181.86000061035156,182.17999267578125,180.07000732421875,180.55999755859375,152.87277221679688,910800
2018-01-11,181.24000549316406,184.50999450683594,180.64999389648438,183.89999389648438,155.70062255859375,1216900
2018-01-12,183.88999938964844,185.10000610351562,183.5,184.17999267578125,155.93768310546875,1469200
2018-01-16,184.80999755859375,184.91000366210938,181.38999938964844,182.5500030517578,154.5576171875,1449200
2018-01-17,182.74000549316406,184.33999633789062,182.39999389648438,183.69000244140625,155.52281188964844,1049400
2018-01-18,183.3699951171875,185.27999877929688,183.3000030517578,183.72000122070312,155.54820251464844,873700
2018-01-19,187.16000366210938,189.57000732421875,186.6699981689453,189.0800018310547,160.08633422851562,1807400
2018-01-22,188.8000030517578,189.60000610351562,187.60000610351562,189.5800018310547,160.5096435546875,1237600
2018-01-23,189.99000549316406,190.33999633789062,188.02000427246094,188.42999267578125,159.5360107421875,1031300
2018-01-24,189.22000122070312,191.02000427246094,188.05999755859375,188.35000610351562,159.46826171875,1352800
2018-01-25,189.97999572753906,189.97999572753906,186.64999389648438,189.39999389648438,160.35723876953125,1430300
2018-01-26,190.27999877929688,192.52999877929688,189.11000061035156,192.5,162.98190307617188,1120200
2018-01-29,192.0500030517578,194.17999267578125,190.07000732421875,190.80999755859375,161.55105590820312,1289500
2018-01-30,189.22000122070312,189.24000549316406,185.4600067138672,187.25,158.5369415283203,1427500
2018-01-31,188.89999389648438,191.2100067138672,187.32000732421875,188.0,159.1719512939453,1466800
2018-02-01,187.6699981689453,190.25,185.94000244140625,189.1699981689453,160.1625213623047,927600
2018-02-02,188.2899932861328,189.0,184.02000427246094,184.30999755859375,156.0477294921875,1574500
2018-02-05,183.24000549316406,187.36000061035156,179.00999450683594,179.00999450683594,151.56045532226562,2188500
2018-02-06,173.60000610351562,180.8699951171875,169.24000549316406,174.8300018310547,148.0214080810547,3500800
2018-02-07,175.89999389648438,179.6699981689453,172.57000732421875,172.74000549316406,146.25189208984375,2542200
2018-02-08,172.85000610351562,173.5,165.6999969482422,165.72999572753906,140.3168182373047,2393300
2018-02-09,168.8800048828125,168.8800048828125,159.36000061035156,164.0500030517578,138.89443969726562,2808700
2018-02-12,165.52999877929688,167.60000610351562,164.49000549316406,165.77000427246094,140.35067749023438,1912300
2018-02-13,165.4600067138672,166.02999877929688,164.10000610351562,165.6300048828125,140.232177734375,1176400
2018-02-14,164.22999572753906,166.8300018310547,163.10000610351562,166.0,140.54544067382812,1933000
2018-02-15,167.5500030517578,167.97999572753906,163.33999633789062,165.02000427246094,139.71568298339844,1881200
2018-02-16,164.92999267578125,167.55999755859375,164.38999938964844,165.60000610351562,140.2067413330078,1421100
2018-02-20,166.33999633789062,167.8300018310547,165.27000427246094,166.82000732421875,141.2397003173828,1540700
2018-02-21,167.50999450683594,169.2100067138672,166.24000549316406,166.27999877929688,140.782470703125,1602900
2018-02-22,166.22000122070312,168.72000122070312,166.0399932861328,167.02000427246094,142.3334503173828,1151500
2018-02-23,168.4499969482422,169.7899932861328,167.5500030517578,169.52999877929688,144.4724578857422,1775600
2018-02-26,170.47999572753906,172.1199951171875,169.22999572753906,171.63999938964844,146.27061462402344,1386400
2018-02-27,171.72000122070312,173.32000732421875,170.0399932861328,170.05999755859375,144.9241485595703,1528800
2018-02-28,171.0800018310547,172.00999450683594,167.60000610351562,168.1699981689453,143.31353759765625,1747500
2018-03-01,168.0,168.39999389648438,160.17999267578125,160.88999938964844,137.10951232910156,2848100
2018-03-02,159.94000244140625,160.13999938964844,154.5800018310547,158.94000244140625,135.44775390625,3080800
2018-03-05,158.0,161.13999938964844,157.39999389648438,160.94000244140625,137.15213012695312,1937100
2018-03-06,162.39999389648438,163.86000061035156,160.52999877929688,160.64999389648438,136.90499877929688,1609900
2018-03-07,158.33999633789062,160.66000366210938,157.1300048828125,159.25,135.71194458007812,2416700
2018-03-08,159.4600067138672,160.60000610351562,157.99000549316406,159.1999969482422,135.66929626464844,1987400
2018-03-09,160.50999450683594,163.52000427246094,159.8300018310547,162.3699951171875,138.3707733154297,1646700
2018-03-12,162.36000061035156,162.6999969482422,159.0800018310547,160.05999755859375,136.40223693847656,1694400
2018-03-13,161.0,162.97999572753906,159.9199981689453,160.35000610351562,136.6493682861328,1768400
2018-03-14,161.22000122070312,161.60000610351562,159.08999633789062,159.61000061035156,136.01870727539062,1185800
2018-03-15,159.92999267578125,160.97000122070312,159.14999389648438,160.16000366210938,136.48739624023438,1090200
2018-03-16,160.2100067138672,163.72999572753906,159.74000549316406,162.57000732421875,138.5412139892578,4145000
2018-03-19,162.85000610351562,163.22000122070312,158.4499969482422,159.61000061035156,136.01870727539062,2374900
2018-03-20,160.25999450683594,162.47999572753906,159.75999450683594,161.0,137.20327758789062,1189200
2018-03-21,160.92999267578125,163.07000732421875,160.25,161.47999572753906,137.61233520507812,1553600
2018-03-22,159.74000549316406,160.27999877929688,157.52999877929688,157.5500030517578,134.26321411132812,2015300
2018-03-23,158.1699981689453,159.19000244140625,155.27000427246094,155.4199981689453,132.44801330566406,1468100
2018-03-26,159.1300048828125,161.1199951171875,156.9499969482422,160.72000122070312,136.9646453857422,1550600
2018-03-27,161.1300048828125,162.22999572753906,158.36000061035156,158.75,135.28582763671875,1905900
2018-03-28,158.4499969482422,161.66000366210938,158.4499969482422,159.6699981689453,136.06983947753906,1554500
2018-03-29,160.77000427246094,163.7100067138672,160.77000427246094,162.08999633789062,138.13217163085938,1495700
2018-04-02,161.50999450683594,162.0,156.0,158.72999572753906,135.2687530517578,1300800
2018-04-03,159.47999572753906,160.6300048828125,157.5500030517578,160.10000610351562,136.436279296875,1475200
2018-04-04,155.5800018310547,161.2899932861328,155.5800018310547,160.9499969482422,137.16064453125,1476700
2018-04-05,162.14999389648438,163.63999938964844,161.52000427246094,162.4199981689453,138.4133758544922,1910000
2018-04-06,161.30999755859375,161.9499969482422,156.1999969482422,157.89999389648438,134.5614471435547,1397900
2018-04-09,158.02000427246094,159.61000061035156,156.27999877929688,156.5,133.36839294433594,1306900
2018-04-10,158.88999938964844,162.83999633789062,158.55999755859375,161.9199981689453,137.98727416992188,1697800
2018-04-11,160.47999572753906,161.72999572753906,158.4199981689453,158.86000061035156,135.37954711914062,1342000
2018-04-12,160.0,162.77000427246094,159.60000610351562,161.7899932861328,137.8765106201172,1464500
2018-04-13,162.99000549316406,163.85000610351562,161.8699951171875,162.38999938964844,138.38780212402344,1123900
2018-04-16,164.42999267578125,167.89999389648438,164.10000610351562,166.6699981689453,142.03521728515625,1774200
2018-04-17,168.44000244140625,169.27000427246094,167.16000366210938,167.47000122070312,142.7169647216797,1252400
2018-04-18,168.47999572753906,172.0800018310547,167.7100067138672,170.8300018310547,145.58033752441406,1719500
2018-04-19,170.61000061035156,171.27000427246094,168.19000244140625,169.52000427246094,144.46395874023438,1598300
2018-04-20,169.9199981689453,170.22999572753906,168.0,168.77000427246094,143.8248291015625,825700
2018-04-23,168.9499969482422,170.0399932861328,167.9499969482422,169.02000427246094,144.03785705566406,1070700
2018-04-24,170.47000122070312,171.89999389648438,157.2100067138672,161.3300018310547,137.48448181152344,2623300
2018-04-25,160.85000610351562,163.35000610351562,159.39999389648438,162.13999938964844,138.17477416992188,1672500
2018-04-26,162.25,163.33999633789062,160.2100067138672,161.99000549316406,138.04693603515625,1229300
2018-04-27,161.47999572753906,162.89999389648438,159.22000122070312,160.82000732421875,137.04986572265625,2119200
2018-04-30,161.72000122070312,163.4600067138672,159.07000732421875,159.86000061035156,136.2317657470703,1950100
2018-05-01,153.94000244140625,155.0,149.10000610351562,153.27999877929688,130.6243438720703,4037300
2018-05-02,150.27000427246094,151.5500030517578,145.47000122070312,146.1199951171875,124.5226058959961,3582600
2018-05-03,144.6300048828125,145.42999267578125,140.60000610351562,143.5500030517578,122.33247375488281,3231600
2018-05-04,142.42999267578125,145.47000122070312,142.0399932861328,144.5500030517578,123.18467712402344,2146900
2018-05-07,145.32000732421875,146.7100067138672,144.83999633789062,144.9600067138672,123.53408813476562,2078200
2018-05-08,145.42999267578125,147.74000549316406,144.5800018310547,145.99000549316406,124.4118423461914,1380300
2018-05-09,146.22999572753906,147.6300048828125,145.2100067138672,146.52000427246094,124.86348724365234,1291700
2018-05-10,146.8699951171875,147.27999877929688,145.3699951171875,146.1199951171875,124.5226058959961,1325800
2018-05-11,146.16000366210938,148.99000549316406,145.5,146.25,124.6333999633789,1516300
2018-05-14,146.3000030517578,147.1999969482422,144.36000061035156,144.8699951171875,123.45735931396484,1434700
2018-05-15,144.00999450683594,146.52000427246094,143.77999877929688,146.44000244140625,124.79533386230469,1498600
2018-05-16,146.52000427246094,147.97000122070312,146.52000427246094,147.17999267578125,125.42593383789062,1084900
2018-05-17,146.05999755859375,147.8000030517578,145.47999572753906,146.36000061035156,125.6491470336914,930300
2018-05-18,146.13999938964844,149.5399932861328,146.13999938964844,148.89999389648438,127.8297348022461,1643100
2018-05-21,150.0,151.5,149.8000030517578,151.0,129.632568359375,1278400
2018-05-22,151.02999877929688,151.4199981689453,149.0500030517578,149.05999755859375,127.96708679199219,653000
2018-05-23,148.5,149.25999450683594,147.07000732421875,149.05999755859375,127.96708679199219,1323100
2018-05-24,148.92999267578125,149.6999969482422,147.77999877929688,148.3800048828125,127.38328552246094,821800
2018-05-25,147.77000427246094,148.27999877929688,145.8000030517578,146.5399932861328,125.8037109375,1057300
2018-05-29,146.02000427246094,146.10000610351562,142.6300048828125,144.5,124.05236053466797,1873600
2018-05-30,145.0,146.00999450683594,143.66000366210938,145.47999572753906,124.89366149902344,1573500
2018-05-31,145.5,145.92999267578125,141.86000061035156,142.38999938964844,122.24092864990234,1382200
2018-06-01,143.58999633789062,144.80999755859375,142.85000610351562,143.5800018310547,123.26256561279297,1034000
2018-06-04,144.32000732421875,144.58999633789062,141.94000244140625,142.3000030517578,122.16362762451172,830500
2018-06-05,142.25,142.77000427246094,140.72999572753906,141.57000732421875,121.53695678710938,1751000
2018-06-06,142.02000427246094,143.6300048828125,141.42999267578125,143.5500030517578,123.23677825927734,1796000
2018-06-07,144.0,144.57000732421875,143.3800048828125,143.86000061035156,123.50288391113281,1152000
2018-06-08,143.47999572753906,144.5,142.2899932861328,143.67999267578125,123.34835815429688,1337700
2018-06-11,143.55999755859375,145.19000244140625,143.55999755859375,144.55999755859375,124.1038589477539,759600
2018-06-12,144.69000244140625,145.17999267578125,143.3800048828125,143.58999633789062,123.2710952758789,1230700
2018-06-13,143.33999633789062,143.47000122070312,141.25,141.55999755859375,121.52839660644531,1204000
2018-06-14,141.60000610351562,143.22999572753906,141.27999877929688,141.88999938964844,121.81169891357422,906500
2018-06-15,141.10000610351562,143.22999572753906,139.67999267578125,143.1300048828125,122.876220703125,1733500
2018-06-18,141.91000366210938,142.86000061035156,140.67999267578125,142.41000366210938,122.25807189941406,1194700
2018-06-19,140.97000122070312,141.69000244140625,139.1300048828125,139.77000427246094,119.9916763305664,1569200
2018-06-20,139.80999755859375,139.8800048828125,137.66000366210938,138.5800018310547,118.97004699707031,1366000
2018-06-21,137.80999755859375,138.00999450683594,135.02000427246094,135.24000549316406,116.10269165039062,1712600
2018-06-22,136.55999755859375,137.52000427246094,135.5500030517578,136.0500030517578,116.79804992675781,1666700
2018-06-25,134.7899932861328,135.6699981689453,132.8800048828125,134.14999389648438,115.16693878173828,1527600
2018-06-26,134.77000427246094,136.69000244140625,133.33999633789062,133.94000244140625,114.98664855957031,1555100
2018-06-27,134.1999969482422,136.57000732421875,132.25,132.32000732421875,113.59591674804688,1340800
2018-06-28,131.64999389648438,133.9499969482422,131.5800018310547,133.24000549316406,114.3857192993164,1002200
2018-06-29,133.72000122070312,134.97000122070312,132.89999389648438,133.0,114.17964935302734,1094100
2018-07-02,131.5800018310547,132.58999633789062,130.83999633789062,132.25,113.53579711914062,1177100
2018-07-03,132.91000366210938,133.3000030517578,130.9600067138672,131.0500030517578,112.5055923461914,715200
2018-07-05,131.83999633789062,131.9600067138672,130.60000610351562,131.4600067138672,112.85759735107422,1624700
2018-07-06,131.24000549316406,132.02999877929688,129.89999389648438,131.39999389648438,112.80607604980469,1543700
2018-07-09,132.1999969482422,135.47999572753906,132.0500030517578,135.14999389648438,116.02542877197266,2028000
2018-07-10,137.77000427246094,138.38999938964844,136.0,137.19000244140625,117.77674102783203,1719900
2018-07-11,135.80999755859375,135.9499969482422,133.9199981689453,134.08999633789062,115.11540222167969,1202900
2018-07-12,135.0500030517578,135.16000366210938,133.36000061035156,134.49000549316406,115.45883178710938,1150800
2018-07-13,134.75,137.5399932861328,134.7100067138672,136.86000061035156,117.49344635009766,963200
2018-07-16,136.86000061035156,136.86000061035156,134.47999572753906,134.67999267578125,115.62195587158203,781400
2018-07-17,134.17999267578125,136.07000732421875,134.1699981689453,135.8800048828125,116.65213775634766,824000
2018-07-18,135.99000549316406,138.6699981689453,135.58999633789062,137.72999572753906,118.24034881591797,931400
2018-07-19,136.52999877929688,138.3800048828125,136.0399932861328,137.82000732421875,118.3176040649414,988700
2018-07-20,136.72000122070312,136.89999389648438,135.00999450683594,135.80999755859375,116.5920181274414,1510000
2018-07-23,134.88999938964844,135.7100067138672,134.5,134.72000122070312,115.65630340576172,1206500
2018-07-24,136.0,137.5,135.02000427246094,135.58999633789062,116.40316009521484,2157900
2018-07-25,135.00999450683594,136.02999877929688,133.44000244140625,135.80999755859375,116.5920181274414,1167600
2018-07-26,136.25999450683594,138.9499969482422,136.05999755859375,137.60000610351562,118.12873840332031,1185600
2018-07-27,137.72999572753906,139.13999938964844,136.97999572753906,138.9600067138672,119.2962875366211,1426000
2018-07-30,140.5,141.69000244140625,136.89999389648438,137.2100067138672,117.7939224243164,1585900
2018-07-31,136.89999389648438,144.27000427246094,134.60000610351562,142.80999755859375,122.60144805908203,4313600
2018-08-01,141.3800048828125,142.57000732421875,138.94000244140625,139.72000122070312,119.94873046875,1915400
2018-08-02,138.8300018310547,140.61000061035156,137.33999633789062,139.7899932861328,120.00884246826172,1220000
2018-08-03,140.64999389648438,141.9199981689453,139.6199951171875,141.61000061035156,121.57128143310547,1649100
2018-08-06,141.6999969482422,142.47999572753906,140.75999450683594,141.85000610351562,121.77735137939453,1008800
2018-08-07,142.7100067138672,144.47000122070312,142.3699951171875,143.5800018310547,123.26256561279297,995800
2018-08-08,143.6199951171875,144.38999938964844,142.14999389648438,142.22999572753906,122.10354614257812,1121900
2018-08-09,142.41000366210938,142.75999450683594,141.5500030517578,142.02000427246094,121.92326354980469,861200
2018-08-10,141.36000061035156,141.75,139.82000732421875,140.2899932861328,120.43810272216797,876300
2018-08-13,140.6699981689453,141.22000122070312,138.69000244140625,139.6999969482422,119.93155670166016,1111000
2018-08-14,139.89999389648438,140.49000549316406,138.6999969482422,138.99000549316406,119.3220443725586,1280500
2018-08-15,138.1999969482422,138.4199981689453,135.6199951171875,138.0399932861328,118.5064697265625,1648100
2018-08-16,138.74000549316406,141.27999877929688,138.72000122070312,140.75999450683594,120.84156799316406,1141500
2018-08-17,140.57000732421875,143.85000610351562,140.57000732421875,143.35000610351562,123.06510925292969,987500
2018-08-20,144.0,145.9600067138672,144.0,145.38999938964844,124.81641387939453,1247800
2018-08-21,144.02999877929688,145.94000244140625,144.02999877929688,145.2899932861328,125.71630859375,1603100
2018-08-22,145.0,145.52999877929688,144.1999969482422,144.80999755859375,125.30096435546875,1435500
2018-08-23,144.5,144.80999755859375,141.1699981689453,141.42999267578125,122.37632751464844,1421200
2018-08-24,138.52999877929688,141.19000244140625,137.6300048828125,140.99000549316406,121.99559783935547,1265000
2018-08-27,141.8300018310547,144.74000549316406,141.82000732421875,144.02999877929688,124.62602233886719,1066200
2018-08-28,145.00999450683594,145.97999572753906,144.33999633789062,144.77000427246094,125.266357421875,1463400
2018-08-29,145.08999633789062,145.27000427246094,142.5,143.91000366210938,124.52222442626953,1110400
2018-08-30,143.69000244140625,143.94000244140625,141.22999572753906,141.55999755859375,122.48880004882812,1340500
2018-08-31,141.10000610351562,142.22000122070312,140.7899932861328,141.8000030517578,122.69647216796875,1285900
2018-09-04,141.17999267578125,141.97999572753906,139.0399932861328,139.99000549316406,121.13032531738281,1618500
2018-09-05,139.6699981689453,142.5800018310547,139.14999389648438,142.44000244140625,123.25022888183594,1994500
2018-09-06,141.61000061035156,143.5399932861328,140.1699981689453,140.91000366210938,121.92637634277344,1304000
2018-09-07,140.75999450683594,142.75999450683594,139.2899932861328,141.02999877929688,122.03018951416016,1322100
2018-09-10,141.22000122070312,144.0,141.1999969482422,142.41000366210938,123.22429656982422,890200
2018-09-11,141.49000549316406,143.5399932861328,140.3000030517578,143.0500030517578,123.7780532836914,1006800
2018-09-12,141.75,142.64999389648438,139.27999877929688,142.07000732421875,122.93009185791016,1557900
2018-09-13,143.14999389648438,144.0,141.22999572753906,142.25999450683594,123.09451293945312,1436100
2018-09-14,142.39999389648438,143.38999938964844,141.55999755859375,143.1999969482422,123.9078598022461,1026600
2018-09-17,143.1999969482422,145.6699981689453,143.1999969482422,144.49000549316406,125.02409362792969,1084800
2018-09-18,144.4499969482422,145.9199981689453,143.08999633789062,145.5800018310547,125.96721649169922,1240300
2018-09-19,145.8699951171875,149.4199981689453,145.33999633789062,148.3300018310547,128.34674072265625,1251900
2018-09-20,149.52999877929688,151.8699951171875,149.2899932861328,150.83999633789062,130.51858520507812,1547200
2018-09-21,151.27999877929688,151.8300018310547,150.0,151.02000427246094,130.6743621826172,2175000
2018-09-24,150.52000427246094,150.6699981689453,148.6199951171875,149.0800018310547,128.9956817626953,1922100
2018-09-25,149.07000732421875,149.72000122070312,147.69000244140625,148.22000122070312,128.25157165527344,1477800
2018-09-26,148.02000427246094,148.75,146.8300018310547,147.02999877929688,127.22185516357422,987200
2018-09-27,147.25,148.33999633789062,146.1300048828125,147.19000244140625,127.36030578613281,920800
2018-09-28,146.5,146.77999877929688,145.58999633789062,146.07000732421875,126.39120483398438,1880900
2018-10-01,147.77000427246094,149.02000427246094,147.25,147.99000549316406,128.0525665283203,1207200
2018-10-02,148.35000610351562,149.80999755859375,147.61000061035156,148.9499969482422,128.88319396972656,1025000
2018-10-03,149.1300048828125,151.86000061035156,148.66000366210938,150.58999633789062,130.30226135253906,1082700
2018-10-04,152.6699981689453,153.47000122070312,151.36000061035156,152.49000549316406,131.9463348388672,1578900
2018-10-05,152.32000732421875,152.94000244140625,150.22999572753906,151.27999877929688,130.8992919921875,1280500
2018-10-08,150.44000244140625,153.2899932861328,150.10000610351562,152.83999633789062,132.2491455078125,1821400
2018-10-09,153.27000427246094,153.94000244140625,149.61000061035156,150.8300018310547,130.50994873046875,1420200
2018-10-10,151.0,151.0,147.25999450683594,147.86000061035156,127.94007873535156,1802900
2018-10-11,147.25,149.22999572753906,144.5800018310547,145.47000122070312,125.87206268310547,1712900
2018-10-12,147.58999633789062,147.8300018310547,143.07000732421875,145.24000549316406,125.67301940917969,1795300
2018-10-15,145.41000366210938,147.77999877929688,145.2100067138672,146.05999755859375,126.38256072998047,963000
2018-10-16,147.3699951171875,147.6699981689453,145.75,147.41000366210938,127.5506820678711,1060900
2018-10-17,146.5800018310547,147.3000030517578,144.58999633789062,146.19000244140625,126.49506378173828,1133900
2018-10-18,145.83999633789062,145.83999633789062,140.60000610351562,141.1999969482422,122.17728424072266,2090700
2018-10-19,141.47999572753906,142.0,139.13999938964844,139.9600067138672,121.1043701171875,1743300
2018-10-22,140.64999389648438,140.64999389648438,138.1199951171875,139.92999267578125,121.07842254638672,1174500
2018-10-23,134.80999755859375,136.02000427246094,131.1199951171875,134.63999938964844,116.50106811523438,2746500
2018-10-24,134.67999267578125,135.44000244140625,127.81999969482422,128.07000732421875,110.81621551513672,2133500
2018-10-25,129.5800018310547,131.10000610351562,128.1199951171875,128.3699951171875,111.07579040527344,3334500
2018-10-26,126.80999755859375,129.5399932861328,124.87000274658203,128.77000427246094,111.42191314697266,2180300
2018-10-29,131.05999755859375,134.16000366210938,129.30999755859375,131.3800048828125,113.68026733398438,2336900
2018-10-30,129.72999572753906,134.99000549316406,124.72000122070312,134.39999389648438,116.2934341430664,3202900
2018-10-31,137.11000061035156,139.35000610351562,136.22999572753906,136.69000244140625,118.27489471435547,3325100
2018-11-01,137.69000244140625,144.24000549316406,137.52000427246094,142.19000244140625,123.0339584350586,1520300
2018-11-02,143.16000366210938,144.72000122070312,141.25,141.8300018310547,122.722412109375,1356000
2018-11-05,141.8000030517578,144.9600067138672,141.39999389648438,143.8300018310547,124.45298767089844,1425400
2018-11-06,142.89999389648438,145.8000030517578,142.47000122070312,145.11000061035156,125.56055450439453,855200
2018-11-07,146.75999450683594,146.8300018310547,143.19000244140625,146.72999572753906,126.96229553222656,1855800
2018-11-08,146.0800018310547,147.9199981689453,145.24000549316406,146.25,126.54695129394531,1176700
2018-11-09,144.92999267578125,145.85000610351562,141.94000244140625,143.07000732421875,123.79539489746094,2661700
2018-11-12,143.58999633789062,145.63999938964844,142.27999877929688,144.36000061035156,124.91158294677734,949700
2018-11-13,145.07000732421875,147.61000061035156,144.0399932861328,144.5,125.03276062011719,1593100
2018-11-14,144.8000030517578,147.50999450683594,144.19000244140625,145.83999633789062,127.19569396972656,1288400
2018-11-15,144.33999633789062,148.72999572753906,143.47999572753906,147.4600067138672,128.6085662841797,2057900
2018-11-16,147.3000030517578,149.02999877929688,146.9199981689453,147.11000061035156,128.30331420898438,1814700
2018-11-19,146.14999389648438,147.64999389648438,145.25999450683594,145.72000122070312,127.09101867675781,2223400
2018-11-20,144.6300048828125,145.0800018310547,141.1300048828125,143.1699981689453,124.86701202392578,1312400
2018-11-21,143.3300018310547,147.24000549316406,142.8300018310547,145.0,126.46308898925781,867700
2018-11-23,143.91000366210938,145.69000244140625,143.77999877929688,144.80999755859375,126.29735565185547,451700
2018-11-26,146.25999450683594,148.85000610351562,145.85000610351562,147.19000244140625,128.37310791015625,1119000
2018-11-27,146.4600067138672,147.3699951171875,144.3300018310547,145.17999267578125,126.62004852294922,1358700
2018-11-28,145.82000732421875,148.55999755859375,143.6699981689453,148.55999755859375,129.56797790527344,860400
2018-11-29,148.3699951171875,149.08999633789062,146.77999877929688,148.1999969482422,129.25396728515625,997500
2018-11-30,148.25999450683594,151.5800018310547,148.17999267578125,151.05999755859375,131.7483367919922,1415800
2018-12-03,154.86000061035156,156.49000549316406,151.3300018310547,152.47000122070312,132.97811889648438,1820400
2018-12-04,151.9199981689453,151.9199981689453,146.19000244140625,146.3699951171875,127.65790557861328,1674300
2018-12-06,142.9499969482422,143.3800048828125,137.55999755859375,142.2899932861328,124.09951782226562,1945700
2018-12-07,142.49000549316406,144.88999938964844,137.5800018310547,138.60000610351562,120.88126373291016,1329900
2018-12-10,137.49000549316406,138.41000366210938,133.61000061035156,136.2899932861328,118.86656188964844,1275200
2018-12-11,138.57000732421875,139.35000610351562,133.30999755859375,134.39999389648438,117.21818542480469,1173200
2018-12-12,136.36000061035156,138.3300018310547,135.8300018310547,135.97000122070312,118.58747863769531,1410200
2018-12-13,136.4499969482422,137.58999633789062,133.8300018310547,134.47000122070312,117.27922821044922,1426400
2018-12-14,132.86000061035156,135.6199951171875,132.3800048828125,133.83999633789062,116.72976684570312,1110600
2018-12-17,133.4499969482422,135.3800048828125,130.92999267578125,131.4499969482422,114.64530181884766,1539000
2018-12-18,132.85000610351562,134.25,129.94000244140625,131.33999633789062,114.54937744140625,1618400
2018-12-19,131.64999389648438,135.39999389648438,129.25,130.88999938964844,114.15692138671875,2176900
2018-12-20,129.88999938964844,133.02999877929688,128.5,130.11000061035156,113.47660827636719,1646900
2018-12-21,130.24000549316406,133.1999969482422,127.72000122070312,128.22000122070312,111.8282470703125,2362000
2018-12-24,127.95999908447266,128.00999450683594,125.41999816894531,125.48999786376953,109.44723510742188,904300
2018-12-26,125.66000366210938,131.1300048828125,124.4000015258789,131.07000732421875,114.31390380859375,1460600
2018-12-27,128.6300048828125,132.5800018310547,126.0199966430664,132.5800018310547,115.63084411621094,1138600
2018-12-28,133.07000732421875,134.42999267578125,130.75999450683594,131.66000366210938,114.82845306396484,1072000
2018-12-31,132.39999389648438,133.69000244140625,131.8699951171875,133.63999938964844,116.55535888671875,895900
2019-01-02,131.22000122070312,134.1300048828125,130.92999267578125,133.3800048828125,116.32856750488281,1172500
2019-01-03,132.41000366210938,132.8300018310547,130.02999877929688,130.74000549316406,114.02609252929688,1192400
2019-01-04,132.3300018310547,136.2899932861328,132.27000427246094,136.1699981689453,118.76189422607422,1244100
2019-01-07,136.13999938964844,138.72000122070312,135.2899932861328,136.83999633789062,119.34623718261719,1114200
2019-01-08,138.27999877929688,140.05999755859375,136.9199981689453,137.1999969482422,119.66024780273438,1314400
2019-01-09,138.38999938964844,139.13999938964844,136.77999877929688,137.47000122070312,119.89574432373047,1734800
2019-01-10,136.52999877929688,139.49000549316406,135.77999877929688,139.3300018310547,121.5179443359375,1432300
2019-01-11,139.02000427246094,140.10000610351562,138.2100067138672,139.5399932861328,121.70108032226562,1152600
2019-01-14,138.75999450683594,140.5399932861328,137.5800018310547,140.22999572753906,122.30288696289062,1547600
2019-01-15,140.42999267578125,140.64999389648438,138.10000610351562,138.89999389648438,121.14289093017578,1435400
2019-01-16,139.07000732421875,141.6999969482422,138.72999572753906,141.3699951171875,123.29715728759766,1191800
2019-01-17,140.50999450683594,145.61000061035156,140.50999450683594,145.10000610351562,126.55030059814453,1259400
2019-01-18,146.3300018310547,150.72999572753906,146.25,150.55999755859375,131.312255859375,1963100
2019-01-22,149.47000122070312,149.8800048828125,145.80999755859375,146.17999267578125,127.49224853515625,1869800
2019-01-23,146.72000122070312,147.1199951171875,143.39999389648438,143.4499969482422,125.11123657226562,1650300
2019-01-24,143.33999633789062,144.49000549316406,142.5800018310547,143.88999938964844,125.49495697021484,1480900
2019-01-25,145.97999572753906,147.39999389648438,145.8000030517578,146.83999633789062,128.06781005859375,1026600
2019-01-28,144.1300048828125,144.1300048828125,140.8800048828125,142.82000732421875,124.56178283691406,1294400
2019-01-29,144.08999633789062,146.61000061035156,143.63999938964844,146.3800048828125,127.66665649414062,1075300
2019-01-30,147.74000549316406,147.7899932861328,144.24000549316406,146.36000061035156,127.64920043945312,1158400
2019-01-31,146.1699981689453,147.32000732421875,144.75,147.11000061035156,128.30331420898438,1651600
2019-02-01,147.22000122070312,147.8000030517578,145.8000030517578,146.7100067138672,127.95442199707031,1502200
2019-02-04,146.8800048828125,148.82000732421875,145.91000366210938,148.75,129.73367309570312,1345700
2019-02-05,148.47999572753906,149.9199981689453,147.32000732421875,149.82000732421875,130.66690063476562,1674800
2019-02-06,147.47000122070312,150.97000122070312,146.24000549316406,149.35000610351562,130.2570037841797,2116500
2019-02-07,149.41000366210938,150.74000549316406,148.39999389648438,149.6199951171875,130.492431640625,1141600
2019-02-08,148.41000366210938,149.25999450683594,146.52999877929688,148.27999877929688,129.32374572753906,891200
2019-02-11,148.16000366210938,149.11000061035156,147.44000244140625,148.17999267578125,129.2365264892578,1272200
2019-02-12,149.11000061035156,152.16000366210938,148.97999572753906,151.7899932861328,132.385009765625,1129100
2019-02-13,152.44000244140625,153.47000122070312,151.4199981689453,152.7100067138672,133.1874237060547,1137300
2019-02-14,151.5800018310547,152.42999267578125,151.0,151.38999938964844,132.0361328125,810500
2019-02-15,152.32000732421875,155.5,151.74000549316406,155.47000122070312,135.59457397460938,1350200
2019-02-19,155.0800018310547,155.30999755859375,153.4600067138672,153.66000366210938,134.01597595214844,1820200
2019-02-20,154.11000061035156,155.8699951171875,152.7899932861328,155.38999938964844,135.5247802734375,1497900
2019-02-21,153.49000549316406,155.33999633789062,152.97000122070312,154.07000732421875,135.3666534423828,1163900
2019-02-22,154.55999755859375,156.22999572753906,154.1199951171875,155.44000244140625,136.57034301757812,1384300
2019-02-25,156.89999389648438,157.1699981689453,155.2100067138672,156.0800018310547,137.1326446533203,978800
2019-02-26,154.8300018310547,157.0399932861328,154.02999877929688,155.30999755859375,136.4561004638672,1664300
2019-02-27,155.72000122070312,156.17999267578125,154.0,155.36000061035156,136.50006103515625,1132400
2019-02-28,154.97999572753906,154.97999572753906,153.7100067138672,154.08999633789062,135.3842010498047,1002000
2019-03-01,155.22000122070312,155.91000366210938,153.75999450683594,154.41000366210938,135.66537475585938,1496100
2019-03-04,155.50999450683594,156.1300048828125,153.32000732421875,155.0399932861328,136.21888732910156,1142600
2019-03-05,154.4499969482422,156.17999267578125,154.4499969482422,154.49000549316406,135.7356719970703,1032600
2019-03-06,154.4499969482422,155.4199981689453,153.8300018310547,154.52000427246094,135.76202392578125,1070800
2019-03-07,153.89999389648438,155.0800018310547,151.8800048828125,154.2899932861328,135.5599365234375,1333700
2019-03-08,152.75999450683594,155.1999969482422,152.74000549316406,154.57000732421875,135.80593872070312,1402200
2019-03-11,154.58999633789062,158.24000549316406,154.11000061035156,158.0399932861328,138.85470581054688,1606100
2019-03-12,158.4499969482422,158.88999938964844,157.25,158.4199981689453,139.18858337402344,1924800
2019-03-13,159.0,159.0,156.64999389648438,156.9600067138672,137.9058380126953,1798200
2019-03-14,156.72999572753906,157.8300018310547,156.3000030517578,157.11000061035156,138.03759765625,1707500
2019-03-15,157.11000061035156,158.08999633789062,156.5500030517578,157.41000366210938,138.30120849609375,3532800
2019-03-18,157.6999969482422,160.61000061035156,157.58999633789062,160.5500030517578,141.05999755859375,1340100
2019-03-19,161.22000122070312,162.33999633789062,159.55999755859375,160.11000061035156,140.6734161376953,1498700
2019-03-20,159.47999572753906,159.77000427246094,156.3699951171875,157.75999450683594,138.60870361328125,1462000
2019-03-21,157.08999633789062,159.1999969482422,157.08999633789062,158.6199951171875,139.36427307128906,711900
2019-03-22,157.63999938964844,157.80999755859375,154.94000244140625,155.6300048828125,136.73728942871094,1348400
2019-03-25,155.5,156.74000549316406,155.38999938964844,156.4499969482422,137.45770263671875,898300
2019-03-26,157.58999633789062,158.33999633789062,155.7100067138672,156.27000427246094,137.299560546875,981300
2019-03-27,156.47000122070312,156.52999877929688,154.8699951171875,155.5500030517578,136.66696166992188,1371600
2019-03-28,155.89999389648438,156.85000610351562,155.24000549316406,155.99000549316406,137.0535888671875,1199900
2019-03-29,157.25,157.94000244140625,156.38999938964844,157.8699951171875,138.70535278320312,1379600
2019-04-01,159.67999267578125,162.60000610351562,159.35000610351562,162.3300018310547,142.6239013671875,1436600
2019-04-02,162.50999450683594,163.7899932861328,161.6300048828125,161.8300018310547,142.1846466064453,986400
2019-04-03,162.19000244140625,162.77000427246094,160.97000122070312,161.4499969482422,141.8507537841797,640700
2019-04-04,160.9499969482422,163.63999938964844,160.42999267578125,163.42999267578125,143.59039306640625,801600
2019-04-05,163.5,164.42999267578125,162.92999267578125,163.27000427246094,143.44985961914062,948600
2019-04-08,163.0,163.55999755859375,162.16000366210938,163.19000244140625,143.3795166015625,534300
2019-04-09,162.16000366210938,162.86000061035156,160.25999450683594,161.7100067138672,142.07919311523438,911300
2019-04-10,162.32000732421875,163.1999969482422,161.24000549316406,162.5399932861328,142.8083953857422,545800
2019-04-11,162.67999267578125,165.0,162.0800018310547,164.55999755859375,144.5832061767578,613800
2019-04-12,165.60000610351562,166.8000030517578,164.7100067138672,166.07000732421875,145.90994262695312,991000
2019-04-15,166.0800018310547,166.6699981689453,164.55999755859375,164.97000122070312,144.9434356689453,1587000
2019-04-16,166.6199951171875,167.75999450683594,165.10000610351562,167.22000122070312,146.92031860351562,970000
2019-04-17,168.1300048828125,169.3699951171875,165.75,165.9600067138672,145.813232421875,979600
2019-04-18,166.4499969482422,168.22000122070312,166.0,167.83999633789062,147.46505737304688,1511600
2019-04-22,167.0500030517578,167.05999755859375,165.4199981689453,165.9600067138672,145.813232421875,755600
2019-04-23,166.0,167.4199981689453,164.60000610351562,166.80999755859375,146.56005859375,1206000
2019-04-24,166.42999267578125,167.92999267578125,165.5,166.1699981689453,145.9977569580078,699100
2019-04-25,165.0399932861328,165.77000427246094,161.67999267578125,162.13999938964844,142.4569854736328,970500
2019-04-26,162.6999969482422,163.52999877929688,161.82000732421875,163.33999633789062,143.5113067626953,1223100
2019-04-29,163.64999389648438,164.3800048828125,162.72000122070312,164.13999938964844,144.2141876220703,1498600
2019-04-30,167.5399932861328,169.4499969482422,163.8300018310547,166.2899932861328,146.1032257080078,1885100
2019-05-01,166.50999450683594,168.4499969482422,164.97000122070312,165.47000122070312,145.38272094726562,1327000
2019-05-02,165.22999572753906,166.60000610351562,163.8000030517578,166.1699981689453,145.9977569580078,1208400
2019-05-03,166.52999877929688,169.27999877929688,166.17999267578125,169.19000244140625,148.6511688232422,1296700
2019-05-06,165.63999938964844,167.83999633789062,164.14999389648438,167.60000610351562,147.2541961669922,1165700
2019-05-07,165.97000122070312,166.85000610351562,163.97999572753906,165.61000061035156,145.5057373046875,1184000
2019-05-08,165.47000122070312,166.7899932861328,164.27000427246094,165.35000610351562,145.27732849121094,755400
2019-05-09,163.25999450683594,165.5,161.44000244140625,165.33999633789062,145.2685089111328,1373700
2019-05-10,164.60000610351562,165.75,161.2899932861328,165.38999938964844,145.3124542236328,928900
2019-05-13,162.41000366210938,162.41000366210938,158.05999755859375,158.88999938964844,139.6015167236328,1436500
2019-05-14,159.4499969482422,161.25999450683594,158.52000427246094,160.75999450683594,141.2445068359375,1232100
2019-05-15,159.8000030517578,161.9600067138672,157.9199981689453,161.4199981689453,141.82440185546875,1036500
2019-05-16,162.47000122070312,163.3300018310547,161.89999389648438,162.50999450683594,142.78207397460938,836900
2019-05-17,160.8000030517578,161.11000061035156,158.83999633789062,159.24000549316406,139.90904235839844,1109400
2019-05-20,158.55999755859375,161.33999633789062,158.55999755859375,161.17999267578125,141.61354064941406,1133500
2019-05-21,162.39999389648438,164.52999877929688,162.35000610351562,164.24000549316406,144.3020782470703,1098100
2019-05-22,163.89999389648438,164.4600067138672,162.63999938964844,163.5,143.65188598632812,1095200
2019-05-23,159.2100067138672,160.1999969482422,157.74000549316406,159.25,140.90025329589844,1283000
2019-05-24,160.47000122070312,161.52000427246094,159.2899932861328,159.9199981689453,141.49305725097656,935800
2019-05-28,160.33999633789062,161.6699981689453,158.67999267578125,158.6999969482422,140.41360473632812,1596100
2019-05-29,157.58999633789062,159.13999938964844,156.24000549316406,157.91000366210938,139.71466064453125,1076800
2019-05-30,158.82000732421875,159.97000122070312,157.86000061035156,158.52999877929688,140.2632293701172,1063500
2019-05-31,154.89999389648438,155.24000549316406,150.47999572753906,150.75999450683594,133.38853454589844,1640700
2019-06-03,150.89999389648438,153.94000244140625,150.77999877929688,152.36000061035156,134.80416870117188,1653100
2019-06-04,154.35000610351562,156.36000061035156,152.89999389648438,156.33999633789062,138.32554626464844,1743400
2019-06-05,157.7100067138672,159.66000366210938,154.97000122070312,159.5500030517578,141.16567993164062,1515400
2019-06-06,159.1199951171875,161.22000122070312,158.61000061035156,160.77000427246094,142.24510192871094,983800
2019-06-07,161.39999389648438,163.02000427246094,160.00999450683594,161.9499969482422,143.28912353515625,803400
2019-06-10,163.10000610351562,164.83999633789062,162.4499969482422,163.0800018310547,144.28892517089844,885100
2019-06-11,165.17999267578125,167.25999450683594,164.02000427246094,164.2100067138672,145.28875732421875,1062400
2019-06-12,164.0800018310547,164.16000366210938,162.1699981689453,163.07000732421875,144.28012084960938,1068900
2019-06-13,163.52000427246094,164.41000366210938,162.0,164.36000061035156,145.4214630126953,836700
2019-06-14,164.2100067138672,164.2100067138672,161.55999755859375,163.86000061035156,144.97906494140625,958600
2019-06-17,163.92999267578125,164.14999389648438,161.97000122070312,162.27999877929688,143.58111572265625,787100
2019-06-18,163.08999633789062,168.0,163.08999633789062,166.83999633789062,147.6156768798828,1031900
2019-06-19,166.77000427246094,168.17999267578125,165.97000122070312,167.9499969482422,148.59779357910156,1064300
2019-06-20,170.0,171.83999633789062,168.77999877929688,171.60000610351562,151.8272247314453,1556600
2019-06-21,171.4199981689453,171.60000610351562,169.5,169.9600067138672,150.3761749267578,1713600
2019-06-24,170.22000122070312,171.30999755859375,169.33999633789062,170.16000366210938,150.55313110351562,1163100
2019-06-25,170.6999969482422,170.6999969482422,167.92999267578125,168.85000610351562,149.3940887451172,1987500
2019-06-26,169.6999969482422,170.17999267578125,168.61000061035156,168.91000366210938,149.44717407226562,831600
2019-06-27,169.30999755859375,169.86000061035156,166.86000061035156,168.25,148.86318969726562,705600
2019-06-28,169.02999877929688,171.44000244140625,168.5399932861328,171.33999633789062,151.59716796875,2680500
2019-07-01,173.0,173.77000427246094,170.24000549316406,172.86000061035156,152.94200134277344,2381900
2019-07-02,171.05999755859375,171.6300048828125,169.25999450683594,170.1999969482422,150.58851623535156,1164900
2019-07-03,171.7100067138672,172.00999450683594,168.88999938964844,170.24000549316406,150.6239013671875,756700
2019-07-05,168.9600067138672,169.64999389648438,165.77000427246094,169.14999389648438,149.65951538085938,829200
2019-07-08,168.99000549316406,170.0,168.25999450683594,169.05999755859375,149.5798797607422,996300
2019-07-09,167.8300018310547,168.4600067138672,166.10000610351562,167.2899932861328,148.0138397216797,1231300
2019-07-10,168.0,169.10000610351562,167.02999877929688,167.39999389648438,148.1111602783203,827100
2019-07-11,168.39999389648438,168.89999389648438,166.08999633789062,168.86000061035156,149.4029083251953,951500
2019-07-12,169.67999267578125,172.08999633789062,169.64999389648438,171.08999633789062,151.37596130371094,1254200
2019-07-15,171.5800018310547,172.36000061035156,169.9199981689453,171.1199951171875,151.40252685546875,650500
2019-07-16,170.00999450683594,172.60000610351562,169.32000732421875,172.35000610351562,152.4907684326172,750200
2019-07-17,172.08999633789062,172.22000122070312,169.0399932861328,169.2899932861328,149.78338623046875,1075300
2019-07-18,169.11000061035156,169.6999969482422,166.64999389648438,167.94000244140625,148.58888244628906,959100
2019-07-19,168.97999572753906,175.17999267578125,168.6699981689453,172.8000030517578,152.8889617919922,1904600
2019-07-22,173.27000427246094,173.6699981689453,170.38999938964844,170.72999572753906,151.0574951171875,1038500
2019-07-23,171.49000549316406,173.5500030517578,170.69000244140625,173.3699951171875,153.3932342529297,1144500
2019-07-24,172.33999633789062,175.91000366210938,171.5500030517578,175.3699951171875,155.1627960205078,1026500
2019-07-25,175.02000427246094,175.5399932861328,172.9499969482422,174.9600067138672,154.80006408691406,940900
2019-07-26,174.1999969482422,175.27999877929688,173.13999938964844,174.74000549316406,154.60540771484375,855200
2019-07-29,174.86000061035156,175.42999267578125,173.3000030517578,173.97000122070312,153.9241180419922,1194100
2019-07-30,162.5,166.50999450683594,162.3300018310547,165.1699981689453,146.13807678222656,2352200
2019-07-31,164.75999450683594,166.8000030517578,162.05999755859375,164.0,145.10292053222656,1907100
2019-08-01,163.8800048828125,165.24000549316406,158.6699981689453,159.72999572753906,141.3249053955078,1435500
2019-08-02,158.60000610351562,159.60000610351562,157.0500030517578,158.67999267578125,140.39593505859375,1317100
2019-08-05,155.57000732421875,156.22000122070312,150.00999450683594,151.42999267578125,133.98130798339844,2317900
2019-08-06,152.50999450683594,154.4199981689453,151.2899932861328,154.39999389648438,136.60911560058594,1223500
2019-08-07,151.72999572753906,153.77999877929688,149.38999938964844,152.25999450683594,134.71563720703125,1478300
2019-08-08,152.86000061035156,154.3800048828125,152.3000030517578,153.72000122070312,136.00743103027344,1240600
2019-08-09,152.74000549316406,153.25,148.41000366210938,149.9600067138672,132.68069458007812,1396000
2019-08-12,149.41000366210938,150.1699981689453,147.1999969482422,148.16000366210938,131.08811950683594,1089000
2019-08-13,147.5,154.25999450683594,147.30999755859375,151.07000732421875,133.6627960205078,1413800
2019-08-14,148.27999877929688,148.99000549316406,144.1300048828125,144.49000549316406,127.84100341796875,1839000
2019-08-15,144.99000549316406,146.42999267578125,144.0500030517578,146.02999877929688,129.2035675048828,1505600
2019-08-16,147.0,150.25999450683594,147.0,149.25,132.05250549316406,1237800
2019-08-19,151.63999938964844,152.14999389648438,148.72000122070312,149.0399932861328,131.86668395996094,2291200
2019-08-20,147.63999938964844,147.85000610351562,145.77000427246094,146.2100067138672,130.5107879638672,1150500
2019-08-21,147.91000366210938,149.41000366210938,147.16000366210938,147.75999450683594,131.8943634033203,1014000
2019-08-22,148.27999877929688,149.4199981689453,145.64999389648438,146.67999267578125,130.93032836914062,1021300
2019-08-23,145.58999633789062,146.22999572753906,141.13999938964844,142.02000427246094,126.77070617675781,1533200
2019-08-26,143.66000366210938,143.91000366210938,141.52000427246094,143.13999938964844,127.77043151855469,1197800
2019-08-27,144.47000122070312,144.94000244140625,142.8000030517578,142.8000030517578,127.46692657470703,1171100
2019-08-28,142.6300048828125,145.8800048828125,141.52999877929688,145.60000610351562,129.96630859375,1169200
2019-08-29,147.33999633789062,149.75,147.07000732421875,149.10000610351562,133.0904998779297,1368300
2019-08-30,150.25,151.17999267578125,148.75,149.27000427246094,133.2422332763672,939500
2019-09-03,147.6199951171875,148.22000122070312,144.1199951171875,145.91000366210938,130.24302673339844,1268900
2019-09-04,148.0,149.14999389648438,147.5,148.97000122070312,132.9744415283203,975200
2019-09-05,151.05999755859375,156.16000366210938,150.5500030517578,154.66000366210938,138.0535430908203,1563600
2019-09-06,155.00999450683594,156.19000244140625,153.8699951171875,154.89999389648438,138.26773071289062,1124800
2019-09-09,155.32000732421875,160.99000549316406,155.10000610351562,160.82000732421875,143.55206298828125,1704800
2019-09-10,161.27000427246094,165.47000122070312,160.67999267578125,163.99000549316406,146.3816680908203,1836900
2019-09-11,163.5,165.5,160.60000610351562,165.49000549316406,147.7206268310547,1254700
2019-09-12,165.33999633789062,166.41000366210938,162.8699951171875,165.0500030517578,147.32789611816406,984500
2019-09-13,166.1699981689453,167.35000610351562,164.8800048828125,165.11000061035156,147.38148498535156,1058500
2019-09-16,163.8699951171875,165.39999389648438,163.4600067138672,163.6999969482422,146.12283325195312,1126800
2019-09-17,163.0,163.44000244140625,161.30999755859375,163.02000427246094,145.51585388183594,1330500
2019-09-18,162.19000244140625,162.80999755859375,160.11000061035156,162.35000610351562,144.9177703857422,1078300
2019-09-19,162.89999389648438,164.05999755859375,161.57000732421875,162.02000427246094,144.6232147216797,783700
2019-09-20,162.05999755859375,163.92999267578125,161.1300048828125,161.57000732421875,144.22152709960938,3617100
2019-09-23,160.42999267578125,163.50999450683594,160.1999969482422,162.19000244140625,144.77496337890625,1324800
2019-09-24,163.22000122070312,163.5500030517578,159.82000732421875,160.61000061035156,143.36463928222656,1428100
2019-09-25,160.1199951171875,162.5,159.08999633789062,161.3699951171875,144.04298400878906,1439200
2019-09-26,161.4199981689453,162.25,159.39999389648438,159.9499969482422,142.77545166015625,889200
2019-09-27,161.05999755859375,161.72999572753906,159.27000427246094,161.3000030517578,143.9805450439453,1002300
2019-09-30,161.1999969482422,163.72999572753906,160.64999389648438,162.6699981689453,145.20343017578125,990500
2019-10-01,164.02000427246094,165.35000610351562,157.02999877929688,157.5399932861328,140.62428283691406,1310200
2019-10-02,155.4499969482422,157.0,153.64999389648438,154.1199951171875,137.57144165039062,1250300
2019-10-03,153.64999389648438,155.0399932861328,151.14999389648438,154.99000549316406,138.34808349609375,1444500
2019-10-04,154.80999755859375,158.1300048828125,154.80999755859375,157.86000061035156,140.909912109375,944900
2019-10-07,157.07000732421875,158.33999633789062,155.86000061035156,156.5,139.69593811035156,831900
2019-10-08,154.49000549316406,155.22000122070312,152.5500030517578,153.13999938964844,136.6967010498047,1031400
2019-10-09,154.82000732421875,156.02000427246094,153.52000427246094,155.00999450683594,138.36590576171875,791800
2019-10-10,155.69000244140625,158.60000610351562,155.19000244140625,157.0500030517578,140.18682861328125,802100
2019-10-11,160.30999755859375,165.0,160.30999755859375,162.75999450683594,145.2837371826172,1342400
2019-10-14,159.89999389648438,163.89999389648438,157.85000610351562,163.75999450683594,146.17640686035156,870700
2019-10-15,163.13999938964844,167.44000244140625,162.2100067138672,166.35000610351562,148.48828125,1078000
2019-10-16,166.1999969482422,168.4499969482422,165.80999755859375,166.17999267578125,148.33651733398438,894400
2019-10-17,167.30999755859375,168.55999755859375,166.27000427246094,167.63999938964844,149.63978576660156,647700
2019-10-18,167.85000610351562,170.8800048828125,167.24000549316406,170.27999877929688,151.99632263183594,1223600
2019-10-21,171.63999938964844,172.86000061035156,170.6999969482422,171.32000732421875,152.92465209960938,962300
2019-10-22,172.33999633789062,175.5,170.11000061035156,175.10000610351562,156.2987518310547,1274000
2019-10-23,174.02999877929688,175.30999755859375,172.8800048828125,175.19000244140625,156.37911987304688,971300
2019-10-24,175.66000366210938,175.72000122070312,173.38999938964844,175.42999267578125,156.5933074951172,914300
2019-10-25,175.72000122070312,179.17999267578125,175.5800018310547,178.52000427246094,159.3515625,1303300
2019-10-28,180.00999450683594,180.55999755859375,178.07000732421875,180.02999877929688,160.6993865966797,1404500
2019-10-29,174.63999938964844,179.6300048828125,173.64999389648438,177.1199951171875,158.10183715820312,2666900
2019-10-30,177.24000549316406,177.77000427246094,172.75999450683594,174.58999633789062,155.84352111816406,1884600
2019-10-31,174.0800018310547,174.58999633789062,169.91000366210938,172.47999572753906,153.9600830078125,1391400
2019-11-01,173.67999267578125,176.57000732421875,172.32000732421875,176.57000732421875,157.6109161376953,1963600
2019-11-04,178.4499969482422,179.55999755859375,176.6699981689453,179.17999267578125,159.94070434570312,1357600
2019-11-05,179.30999755859375,181.52999877929688,179.0,179.92999267578125,160.6101531982422,1047300
2019-11-06,179.0800018310547,181.4199981689453,176.57000732421875,181.38999938964844,161.91339111328125,1217700
2019-11-07,182.82000732421875,184.52000427246094,182.08999633789062,182.52999877929688,162.93096923828125,1665700
2019-11-08,183.97999572753906,186.72999572753906,182.0,186.27000427246094,166.26937866210938,1249400
2019-11-11,185.02000427246094,186.6199951171875,184.8699951171875,186.44000244140625,166.42112731933594,906000
2019-11-12,186.2899932861328,186.5,183.74000549316406,184.08999633789062,164.32345581054688,1130200
2019-11-13,181.3000030517578,181.85000610351562,179.82000732421875,180.69000244140625,162.4453887939453,909500
2019-11-14,180.3800048828125,181.82000732421875,179.66000366210938,180.83999633789062,162.58026123046875,748700
2019-11-15,182.5,184.4499969482422,181.6300048828125,184.0,165.42117309570312,1088200
2019-11-18,182.1999969482422,183.67999267578125,180.77999877929688,183.4600067138672,164.93569946289062,838300
2019-11-19,184.25999450683594,184.3699951171875,181.27000427246094,182.9600067138672,164.4862060546875,1916600
2019-11-20,182.35000610351562,182.69000244140625,179.57000732421875,180.6199951171875,162.38247680664062,1036400
2019-11-21,180.10000610351562,182.3699951171875,179.57000732421875,180.82000732421875,162.5623016357422,937900
2019-11-22,181.24000549316406,181.39999389648438,178.74000549316406,180.14999389648438,161.9599151611328,1052000
2019-11-25,181.1999969482422,184.08999633789062,179.7100067138672,184.02000427246094,165.4391632080078,1412500
2019-11-26,184.0800018310547,185.13999938964844,182.92999267578125,185.0399932861328,166.35617065429688,917500
2019-11-27,185.0399932861328,185.19000244140625,182.88999938964844,184.80999755859375,166.1493682861328,896600
2019-11-29,183.6199951171875,184.0,182.4600067138672,182.86000061035156,164.39627075195312,455200
2019-12-02,183.38999938964844,184.6300048828125,181.10000610351562,181.25999450683594,162.95782470703125,940200
2019-12-03,178.6999969482422,178.6999969482422,175.38999938964844,178.10000610351562,160.11691284179688,1016500
2019-12-04,178.97000122070312,180.6699981689453,178.02000427246094,178.0399932861328,160.06298828125,957200
2019-12-05,178.44000244140625,179.36000061035156,177.60000610351562,178.72000122070312,160.67433166503906,899900
2019-12-06,181.13999938964844,182.19000244140625,180.32000732421875,180.41000366210938,162.19366455078125,713300
2019-12-09,180.3800048828125,181.3000030517578,179.36000061035156,181.0399932861328,162.76007080078125,683600
2019-12-10,180.36000061035156,181.00999450683594,178.72000122070312,179.64999389648438,161.51040649414062,936600
2019-12-11,181.7899932861328,182.49000549316406,180.35000610351562,182.11000061035156,163.72201538085938,959000
2019-12-12,181.5500030517578,185.63999938964844,180.50999450683594,184.8800048828125,166.21234130859375,1196000
2019-12-13,183.83999633789062,185.86000061035156,181.50999450683594,182.47999572753906,164.05467224121094,976800
2019-12-16,181.74000549316406,184.02000427246094,181.67999267578125,181.80999755859375,163.45230102539062,1104700
2019-12-17,181.92999267578125,182.91000366210938,181.24000549316406,182.27000427246094,163.8658447265625,819400
2019-12-18,182.6199951171875,182.6199951171875,179.4199981689453,180.8000030517578,162.54428100585938,1162300
2019-12-19,181.13999938964844,181.44000244140625,178.11000061035156,179.3000030517578,161.1957550048828,1058200
2019-12-20,181.10000610351562,181.9499969482422,179.24000549316406,181.11000061035156,162.82293701171875,2285900
2019-12-23,181.1300048828125,182.27000427246094,180.5,181.4199981689453,163.10166931152344,821500
2019-12-24,181.60000610351562,181.94000244140625,180.91000366210938,181.16000366210938,162.86795043945312,276700
2019-12-26,181.5500030517578,181.9499969482422,180.66000366210938,181.4199981689453,163.10166931152344,501700
2019-12-27,181.8800048828125,182.6199951171875,180.47000122070312,180.6999969482422,162.4543914794922,747900
2019-12-30,180.6300048828125,180.80999755859375,178.8300018310547,179.16000366210938,161.0698699951172,560100
2019-12-31,179.27999877929688,179.8300018310547,177.97999572753906,178.9600067138672,160.8900604248047,735800
2020-01-02,180.02000427246094,180.8800048828125,177.39999389648438,179.32000732421875,161.21372985839844,1272900
2020-01-03,177.17999267578125,177.17999267578125,174.3800048828125,176.80999755859375,158.95718383789062,1017600
2020-01-06,175.55999755859375,175.55999755859375,173.16000366210938,174.1300048828125,156.5478057861328,1253900
2020-01-07,174.0800018310547,174.83999633789062,171.64999389648438,174.25999450683594,156.66464233398438,1437200
2020-01-08,174.1699981689453,175.4199981689453,173.0800018310547,174.35000610351562,156.74557495117188,896800
2020-01-09,174.75999450683594,175.30999755859375,171.3699951171875,173.52000427246094,155.9993896484375,1199800
2020-01-10,174.24000549316406,174.30999755859375,171.32000732421875,171.42999267578125,154.1204071044922,1153600
2020-01-13,171.8800048828125,172.77000427246094,170.9199981689453,172.49000549316406,155.07337951660156,972200
2020-01-14,174.97000122070312,175.3000030517578,172.1699981689453,172.39999389648438,154.99246215820312,1133000
2020-01-15,171.0,172.75,170.69000244140625,172.61000061035156,155.18125915527344,997100
2020-01-16,173.52999877929688,175.44000244140625,172.97000122070312,175.25999450683594,157.56369018554688,1034000
2020-01-17,175.8800048828125,177.2899932861328,172.97999572753906,173.8000030517578,156.2510986328125,2181500
2020-01-21,173.11000061035156,173.22000122070312,170.5,171.07000732421875,153.79678344726562,1277400
2020-01-22,171.74000549316406,172.0500030517578,169.3699951171875,170.11000061035156,152.9336700439453,941200
2020-01-23,169.75999450683594,171.8800048828125,167.4199981689453,171.66000366210938,154.32717895507812,976400
2020-01-24,171.60000610351562,171.74000549316406,167.77000427246094,169.14999389648438,152.0706024169922,933800
2020-01-27,165.41000366210938,166.3800048828125,164.4499969482422,164.77000427246094,148.13282775878906,1184200
2020-01-28,166.2100067138672,166.9600067138672,164.99000549316406,166.0800018310547,149.31057739257812,920700
2020-01-29,167.27000427246094,167.38999938964844,165.63999938964844,165.69000244140625,148.95997619628906,1249600
2020-01-30,164.16000366210938,166.3300018310547,163.72999572753906,166.10000610351562,149.32858276367188,979800
2020-01-31,163.47000122070312,163.9600067138672,158.17999267578125,159.97000122070312,143.81752014160156,2721300
2020-02-03,161.30999755859375,164.47000122070312,160.3300018310547,162.88999938964844,146.4427032470703,2248600
2020-02-04,167.0,168.63999938964844,160.83999633789062,161.0,144.7435302734375,2826200
2020-02-05,162.6999969482422,166.58999633789062,162.0399932861328,166.42999267578125,149.62525939941406,1410900
2020-02-06,168.63999938964844,168.64999389648438,164.8800048828125,165.9499969482422,149.1937255859375,1127500
2020-02-07,164.44000244140625,164.9199981689453,160.39999389648438,160.8000030517578,144.56373596191406,1361100
2020-02-10,160.25,162.7100067138672,160.11000061035156,162.22999572753906,145.84933471679688,1057900
2020-02-11,163.10000610351562,165.22000122070312,163.10000610351562,164.3000030517578,147.71035766601562,864000
2020-02-12,165.5399932861328,168.4199981689453,164.9199981689453,168.0399932861328,151.0726776123047,1163900
2020-02-13,168.6999969482422,170.11000061035156,165.7899932861328,166.10000610351562,149.32858276367188,1266700
2020-02-14,166.1699981689453,166.89999389648438,164.8800048828125,166.77999877929688,149.93992614746094,976400
2020-02-18,165.92999267578125,167.10000610351562,164.3800048828125,166.05999755859375,149.2926025390625,1325000
2020-02-19,166.05999755859375,168.22000122070312,166.05999755859375,167.83999633789062,150.8928985595703,1560800
2020-02-20,166.10000610351562,169.7100067138672,165.05999755859375,167.1199951171875,151.42837524414062,1019400
2020-02-21,165.9600067138672,167.52999877929688,163.55999755859375,167.4600067138672,151.73646545410156,1139600
2020-02-24,162.3300018310547,163.80999755859375,161.2100067138672,162.77999877929688,147.4958953857422,1551500
2020-02-25,163.72000122070312,164.3300018310547,160.2899932861328,161.00999450683594,145.89207458496094,1995300
2020-02-26,162.7899932861328,163.89999389648438,157.63999938964844,157.97000122070312,143.1374969482422,1498900
2020-02-27,155.22000122070312,160.3699951171875,151.92999267578125,154.4600067138672,139.95712280273438,1855700
2020-02-28,149.67999267578125,152.0,146.97999572753906,151.2899932861328,137.084716796875,2158600
2020-03-02,151.55999755859375,155.94000244140625,149.00999450683594,155.66000366210938,141.04440307617188,1794400
2020-03-03,155.1699981689453,159.30999755859375,151.33999633789062,152.14999389648438,137.86399841308594,1744300
2020-03-04,154.5,157.33999633789062,153.5,156.44000244140625,141.75119018554688,1593500
2020-03-05,152.02000427246094,153.6300048828125,147.47000122070312,148.66000366210938,134.70169067382812,1537100
2020-03-06,144.67999267578125,149.1300048828125,144.1999969482422,148.60000610351562,134.64730834960938,1757900
2020-03-09,138.1999969482422,141.32000732421875,136.57000732421875,139.27000427246094,126.19334411621094,2356100
2020-03-10,144.17999267578125,145.8000030517578,137.99000549316406,145.6300048828125,131.9561767578125,2517800
2020-03-11,141.89999389648438,145.0800018310547,139.5,141.07000732421875,127.8243408203125,2210700
2020-03-12,132.5399932861328,135.3300018310547,127.06999969482422,129.08999633789062,116.96918487548828,2288700
2020-03-13,135.82000732421875,137.9199981689453,129.5,136.83999633789062,123.99148559570312,2252400
2020-03-16,124.91000366210938,136.24000549316406,122.94999694824219,131.4499969482422,119.10760498046875,1923000
2020-03-17,133.74000549316406,137.80999755859375,128.74000549316406,136.8000030517578,123.95525360107422,2616100
2020-03-18,127.44999694824219,131.9199981689453,117.79000091552734,123.47000122070312,111.87686920166016,1879500
2020-03-19,121.8499984741211,122.48999786376953,115.0,118.55000305175781,107.41883087158203,1756400
2020-03-20,120.91000366210938,122.16999816894531,115.16000366210938,116.4800033569336,105.543212890625,2114400
2020-03-23,114.3499984741211,114.9800033569336,101.02999877929688,102.76000213623047,93.1114273071289,2155100
2020-03-24,110.95999908447266,124.7699966430664,108.94000244140625,124.48999786376953,112.80109405517578,2491500
2020-03-25,126.05000305175781,132.1300048828125,121.81999969482422,127.7699966430664,115.77312469482422,2242400
2020-03-26,131.50999450683594,135.8699951171875,125.58999633789062,134.9600067138672,122.28804016113281,1534300
2020-03-27,127.55000305175781,135.44000244140625,127.55000305175781,131.66000366210938,119.29790496826172,1267800
2020-03-30,132.0,136.8699951171875,131.1999969482422,134.47999572753906,121.85310363769531,1234100
2020-03-31,133.52000427246094,138.41000366210938,131.38999938964844,135.32000732421875,122.61425018310547,1582000
2020-04-01,129.77000427246094,131.66000366210938,127.30000305175781,130.38999938964844,118.14714050292969,1160500
2020-04-02,128.88999938964844,134.22999572753906,127.61000061035156,132.75999450683594,120.29458618164062,1325600
2020-04-03,132.07000732421875,135.00999450683594,129.4600067138672,132.27000427246094,119.8506088256836,1588800
2020-04-06,138.6199951171875,144.74000549316406,137.72999572753906,142.1199951171875,128.77577209472656,2088100
2020-04-07,147.91000366210938,149.52999877929688,144.0,145.83999633789062,132.14646911621094,1580400
2020-04-08,147.27999877929688,150.58999633789062,144.52999877929688,149.55999755859375,135.51718139648438,1152300
2020-04-09,152.52000427246094,154.3000030517578,148.8300018310547,150.6999969482422,136.5501251220703,1133400
2020-04-13,150.0399932861328,150.69000244140625,144.33999633789062,146.4499969482422,132.69918823242188,933800
2020-04-14,149.39999389648438,150.75,145.3699951171875,148.13999938964844,134.23046875,1433900
2020-04-15,144.0,145.5500030517578,142.11000061035156,145.4600067138672,131.80213928222656,1530500
2020-04-16,146.0,146.17999267578125,143.07000732421875,145.0399932861328,131.4215850830078,1253500
2020-04-17,149.3000030517578,150.67999267578125,147.2899932861328,149.17999267578125,135.1728515625,1301000
2020-04-20,147.91000366210938,148.1999969482422,145.6999969482422,146.10000610351562,132.38204956054688,1576100
2020-04-21,144.0,144.0500030517578,140.92999267578125,142.3800048828125,129.0113525390625,1480100
2020-04-22,145.4499969482422,146.35000610351562,143.4499969482422,144.92999267578125,131.3218994140625,785400
2020-04-23,145.5500030517578,148.8800048828125,144.85000610351562,145.42999267578125,131.77499389648438,757000
2020-04-24,146.80999755859375,147.82000732421875,144.50999450683594,147.77000427246094,133.89524841308594,600900
2020-04-27,148.3300018310547,151.9499969482422,147.5,151.44000244140625,137.22067260742188,1049100
2020-04-28,161.8000030517578,167.55999755859375,159.1199951171875,161.0800018310547,145.9555206298828,2200900
2020-04-29,165.88999938964844,168.24000549316406,163.0800018310547,165.1999969482422,149.6886749267578,1502600
2020-04-30,159.16000366210938,164.16000366210938,159.1300048828125,163.5,148.14830017089844,1383200
2020-05-01,160.00999450683594,160.00999450683594,154.8300018310547,157.42999267578125,142.64820861816406,1194400
2020-05-04,155.67999267578125,156.69000244140625,152.6199951171875,153.9600067138672,139.50404357910156,955400
2020-05-05,155.8000030517578,158.58999633789062,153.75999450683594,153.8300018310547,139.38626098632812,783800
2020-05-06,154.50999450683594,155.35000610351562,152.7899932861328,153.64999389648438,139.22312927246094,730300
2020-05-07,156.60000610351562,157.97000122070312,154.91000366210938,155.72000122070312,141.09877014160156,977600
2020-05-08,158.02999877929688,162.0,158.02999877929688,161.2899932861328,146.14576721191406,896400
2020-05-11,158.72000122070312,162.36000061035156,158.02000427246094,161.80999755859375,146.616943359375,1123900
2020-05-12,159.10000610351562,161.0,153.52999877929688,153.61000061035156,139.18685913085938,1559000
2020-05-13,152.55999755859375,153.27000427246094,146.8800048828125,147.67999267578125,133.81369018554688,1387600
2020-05-14,145.32000732421875,155.82000732421875,143.32000732421875,155.50999450683594,140.9084930419922,1857300
2020-05-15,154.3800048828125,156.9199981689453,153.30999755859375,155.63999938964844,141.02630615234375,2119600
2020-05-18,160.92999267578125,164.8000030517578,160.67999267578125,162.02999877929688,146.8162841796875,1761400
2020-05-19,161.25,162.38999938964844,157.63999938964844,157.7899932861328,142.9744110107422,1277500
2020-05-20,159.63999938964844,163.5,158.75,161.83999633789062,146.64414978027344,1069300
2020-05-21,159.85000610351562,160.5399932861328,157.17999267578125,157.5500030517578,143.9228057861328,950900
2020-05-22,157.5800018310547,157.6300048828125,154.6699981689453,155.0399932861328,141.62991333007812,1209200
2020-05-26,159.49000549316406,168.38999938964844,158.9199981689453,167.11000061035156,152.65594482421875,2048400
2020-05-27,170.7100067138672,172.75,170.0500030517578,171.6300048828125,156.7849884033203,1659200
2020-05-28,173.02000427246094,173.25,169.14999389648438,169.7899932861328,155.10411071777344,1667400
2020-05-29,168.2100067138672,171.02000427246094,167.49000549316406,169.60000610351562,154.9305877685547,2755200
2020-06-01,169.49000549316406,173.32000732421875,168.6999969482422,169.8300018310547,155.1406707763672,1284000
2020-06-02,170.19000244140625,171.94000244140625,169.2899932861328,171.47000122070312,156.63880920410156,1156300
2020-06-03,173.77000427246094,176.80999755859375,173.02000427246094,174.9600067138672,159.82696533203125,1557800
2020-06-04,172.66000366210938,175.35000610351562,172.66000366210938,174.80999755859375,159.68994140625,906100
2020-06-05,179.47000122070312,181.50999450683594,176.83999633789062,180.00999450683594,164.44015502929688,1795500
2020-06-08,178.89999389648438,184.94000244140625,178.89999389648438,183.89999389648438,167.99368286132812,1353600
2020-06-09,180.9499969482422,183.47000122070312,179.36000061035156,181.75,166.02963256835938,1245500
2020-06-10,181.39999389648438,181.92999267578125,176.14999389648438,176.2100067138672,160.9688262939453,2189300
2020-06-11,170.02999877929688,170.50999450683594,166.1300048828125,166.3699951171875,151.97991943359375,1255600
2020-06-12,171.55999755859375,171.55999755859375,161.9199981689453,167.0800018310547,152.62852478027344,1430100
2020-06-15,161.72999572753906,169.5399932861328,160.61000061035156,169.13999938964844,154.51034545898438,967700
2020-06-16,175.75,176.3300018310547,168.80999755859375,171.35000610351562,156.52920532226562,1177800
2020-06-17,172.1999969482422,173.25999450683594,170.32000732421875,171.4199981689453,156.59315490722656,1084100
2020-06-18,171.1699981689453,172.97000122070312,169.8800048828125,171.22999572753906,156.41957092285156,859700
2020-06-19,174.14999389648438,174.80999755859375,169.85000610351562,174.2899932861328,159.21490478515625,2750900
2020-06-22,172.63999938964844,173.27000427246094,169.8300018310547,171.99000549316406,157.11383056640625,1032500
2020-06-23,174.35000610351562,174.63999938964844,171.77000427246094,172.42999267578125,157.51580810546875,826200
2020-06-24,170.4600067138672,170.47000122070312,165.67999267578125,166.61000061035156,152.19918823242188,1136500
2020-06-25,165.58999633789062,169.94000244140625,163.66000366210938,169.7100067138672,155.03102111816406,1245100
2020-06-26,168.9499969482422,169.3000030517578,167.0500030517578,168.75,154.15408325195312,1631600
2020-06-29,170.66000366210938,173.83999633789062,170.19000244140625,173.07000732421875,158.10044860839844,1214700
2020-06-30,171.8699951171875,174.5399932861328,170.77000427246094,173.25999450683594,158.2739715576172,1274800
2020-07-01,174.10000610351562,174.77999877929688,170.75,170.9499969482422,156.16380310058594,838900
2020-07-02,173.50999450683594,176.27999877929688,172.5399932861328,173.4499969482422,158.4475555419922,792900
2020-07-06,177.0399932861328,179.66000366210938,176.22000122070312,178.16000366210938,162.7501678466797,1046900
2020-07-07,176.27000427246094,178.42999267578125,175.10000610351562,175.57000732421875,160.3842010498047,2138400
2020-07-08,175.63999938964844,176.39999389648438,172.77000427246094,174.0399932861328,158.98651123046875,812100
2020-07-09,174.41000366210938,174.99000549316406,171.3000030517578,172.1699981689453,157.27828979492188,947000
2020-07-10,172.41000366210938,173.9600067138672,171.75999450683594,173.8000030517578,158.7672882080078,736200
2020-07-13,175.19000244140625,176.58999633789062,173.44000244140625,174.3800048828125,159.29713439941406,822400
2020-07-14,174.3800048828125,178.66000366210938,173.07000732421875,178.30999755859375,162.8871612548828,873500
2020-07-15,179.61000061035156,183.19000244140625,179.61000061035156,181.72000122070312,166.00222778320312,1209700
2020-07-16,181.22000122070312,184.85000610351562,180.4600067138672,183.72999572753906,167.83839416503906,923900
2020-07-17,184.35000610351562,184.85000610351562,182.39999389648438,183.11000061035156,167.27203369140625,853000
2020-07-20,182.3699951171875,182.47999572753906,179.16000366210938,180.3000030517578,164.70506286621094,832800
2020-07-21,181.4499969482422,187.1699981689453,181.27999877929688,186.17999267578125,170.07647705078125,1142500
2020-07-22,185.33999633789062,190.44000244140625,185.0500030517578,190.25999450683594,173.80357360839844,1202000
2020-07-23,190.25,192.30999755859375,189.2100067138672,189.94000244140625,173.51126098632812,949300
2020-07-24,190.27999877929688,190.7100067138672,187.1999969482422,188.24000549316406,171.95831298828125,902200
2020-07-27,188.19000244140625,191.86000061035156,186.9499969482422,190.9600067138672,174.4430389404297,1176700
2020-07-28,195.49000549316406,204.97999572753906,194.83999633789062,195.02000427246094,178.15188598632812,2560600
2020-07-29,198.0,199.9199981689453,194.24000549316406,198.8800048828125,181.6780242919922,1548900
2020-07-30,196.5500030517578,196.97000122070312,192.33999633789062,194.47999572753906,177.6585693359375,769800
2020-07-31,193.49000549316406,193.82000732421875,189.94000244140625,193.25999450683594,176.54409790039062,994700
2020-08-03,193.9600067138672,197.38999938964844,192.74000549316406,195.30999755859375,178.41680908203125,904000
2020-08-04,194.6999969482422,196.10000610351562,192.9199981689453,193.00999450683594,176.3157196044922,803200
2020-08-05,194.8699951171875,198.89999389648438,194.22999572753906,198.33999633789062,181.1846923828125,978800
2020-08-06,197.63999938964844,198.33999633789062,195.67999267578125,196.22000122070312,179.24807739257812,827400
2020-08-07,196.00999450683594,199.3000030517578,195.0,199.27000427246094,182.03427124023438,766800
2020-08-10,199.5,210.6699981689453,199.5,210.1699981689453,191.99147033691406,1424900
2020-08-11,211.49000549316406,215.0,211.11000061035156,212.0399932861328,193.6997528076172,1528400
2020-08-12,213.49000549316406,214.32000732421875,211.39999389648438,213.1999969482422,194.7593994140625,847500
2020-08-13,211.77999877929688,211.91000366210938,209.2899932861328,210.22999572753906,192.04627990722656,844600
2020-08-14,209.97999572753906,215.42999267578125,209.22000122070312,213.50999450683594,195.04257202148438,943000
2020-08-17,214.24000549316406,214.88999938964844,210.22000122070312,210.4600067138672,192.25640869140625,955800
2020-08-18,211.0,212.6300048828125,209.49000549316406,209.91000366210938,191.75399780273438,869800
2020-08-19,209.5399932861328,212.77000427246094,209.27000427246094,211.1699981689453,192.90499877929688,904500
2020-08-20,208.91000366210938,209.77000427246094,207.30999755859375,209.0,192.11537170410156,680400
2020-08-21,208.24000549316406,210.50999450683594,207.24000549316406,209.02999877929688,192.14295959472656,727000
2020-08-24,210.55999755859375,211.94000244140625,209.66000366210938,211.1199951171875,194.06410217285156,525800
2020-08-25,212.27000427246094,213.69000244140625,209.57000732421875,210.05999755859375,193.08975219726562,629400
2020-08-26,209.64999389648438,210.3800048828125,207.6999969482422,209.14999389648438,192.25326538085938,594800
2020-08-27,210.0,210.5500030517578,206.7100067138672,207.6699981689453,190.89285278320312,637600
2020-08-28,208.4499969482422,209.4199981689453,206.6300048828125,208.72000122070312,191.85800170898438,408800
2020-08-31,208.61000061035156,209.07000732421875,206.85000610351562,207.25,190.50677490234375,720700
2020-09-01,207.75,211.5,206.1199951171875,211.05999755859375,194.00897216796875,1026200
2020-09-02,211.52000427246094,213.6199951171875,211.52000427246094,212.83999633789062,195.64517211914062,1046000
2020-09-03,212.50999450683594,213.7100067138672,202.82000732421875,204.55999755859375,188.0340576171875,1041000
2020-09-04,206.66000366210938,208.4499969482422,202.8800048828125,204.36000061035156,187.8502655029297,927900
2020-09-08,205.6699981689453,207.39999389648438,202.22999572753906,204.05999755859375,187.57449340820312,1363100
2020-09-09,206.19000244140625,213.80999755859375,205.50999450683594,212.07000732421875,194.93734741210938,1085400
2020-09-10,211.4600067138672,211.4600067138672,204.85000610351562,207.16000366210938,190.42405700683594,1129200
2020-09-11,207.66000366210938,211.3300018310547,207.27999877929688,207.91000366210938,191.11343383789062,913300
2020-09-14,209.13999938964844,211.8800048828125,208.2100067138672,210.5800018310547,193.56773376464844,743100
2020-09-15,211.75999450683594,213.97999572753906,210.11000061035156,210.1300048828125,193.1540985107422,737700
2020-09-16,212.2899932861328,213.6999969482422,209.22999572753906,209.60000610351562,192.6669464111328,1020100
2020-09-17,207.47999572753906,214.8000030517578,206.35000610351562,210.44000244140625,193.43905639648438,1016500
2020-09-18,209.69000244140625,214.10000610351562,209.61000061035156,211.89999389648438,194.78109741210938,1904800
2020-09-21,208.10000610351562,209.0500030517578,202.0500030517578,203.8699951171875,187.39984130859375,888800
2020-09-22,203.77000427246094,206.22999572753906,202.25999450683594,204.27999877929688,187.7767333984375,876200
2020-09-23,206.0,207.88999938964844,202.4499969482422,203.00999450683594,186.6092987060547,840500
2020-09-24,202.52999877929688,208.4199981689453,199.6999969482422,205.4199981689453,188.82461547851562,730500
2020-09-25,205.07000732421875,210.1300048828125,204.63999938964844,208.6300048828125,191.77528381347656,979900
2020-09-28,211.0,214.39999389648438,210.55999755859375,212.7899932861328,195.5991973876953,874900
2020-09-29,213.47999572753906,214.19000244140625,210.61000061035156,212.89999389648438,195.7003173828125,735600
2020-09-30,213.86000061035156,217.25999450683594,209.49000549316406,211.16000366210938,194.10089111328125,1349300
2020-10-01,212.88999938964844,213.08999633789062,205.14999389648438,207.0399932861328,190.31373596191406,1095300
2020-10-02,203.6699981689453,212.61000061035156,203.50999450683594,210.33999633789062,193.3471221923828,1003700
2020-10-05,213.22000122070312,219.8000030517578,212.25,217.85000610351562,200.25038146972656,1258200
2020-10-06,218.3300018310547,220.82000732421875,215.64999389648438,216.3300018310547,198.85321044921875,1142900
2020-10-07,219.07000732421875,223.60000610351562,218.75999450683594,221.52000427246094,203.62393188476562,723000
2020-10-08,222.08999633789062,222.57000732421875,218.50999450683594,221.00999450683594,203.1551513671875,752300
2020-10-09,222.89999389648438,225.83999633789062,221.36000061035156,223.32000732421875,205.27850341796875,931200
2020-10-12,224.4600067138672,224.5,220.88999938964844,221.75,203.8353729248047,715900
2020-10-13,220.9499969482422,221.75,217.2100067138672,220.4499969482422,202.640380859375,621400
2020-10-14,222.0,224.30999755859375,220.80999755859375,221.77000427246094,203.85374450683594,851900
2020-10-15,219.25999450683594,223.4199981689453,218.30999755859375,222.4499969482422,204.4788055419922,737000
2020-10-16,224.38999938964844,227.14999389648438,222.10000610351562,222.8000030517578,204.800537109375,1227800
2020-10-19,223.35000610351562,224.8699951171875,220.35000610351562,221.14999389648438,203.28379821777344,679700
2020-10-20,222.8699951171875,224.77999877929688,221.52000427246094,222.27000427246094,204.31333923339844,850400
2020-10-21,223.16000366210938,226.6300048828125,221.94000244140625,222.25,204.2949676513672,835300
2020-10-22,222.75,225.75999450683594,222.47999572753906,223.58999633789062,205.52667236328125,862500
2020-10-23,224.77000427246094,227.50999450683594,223.97999572753906,226.27999877929688,207.9993896484375,1041300
2020-10-26,223.17999267578125,223.8000030517578,218.05999755859375,220.67999267578125,202.85177612304688,907800
2020-10-27,230.9199981689453,231.35000610351562,219.61000061035156,219.77999877929688,202.02450561523438,1755700
2020-10-28,214.8000030517578,218.91000366210938,213.1999969482422,213.58999633789062,196.33456420898438,1327900
2020-10-29,214.02999877929688,219.49000549316406,212.8000030517578,217.44000244140625,199.87353515625,1057200
2020-10-30,216.0500030517578,219.97999572753906,214.32000732421875,219.88999938964844,202.1256103515625,1092400
2020-11-02,223.07000732421875,228.19000244140625,222.39999389648438,227.67999267578125,209.2862548828125,1285400
2020-11-03,230.39999389648438,233.02000427246094,229.1300048828125,232.02999877929688,213.28485107421875,1077900
2020-11-04,229.86000061035156,230.75999450683594,221.1300048828125,222.8000030517578,204.800537109375,1154800
2020-11-05,226.16000366210938,232.60000610351562,225.67999267578125,229.57000732421875,211.02359008789062,757700
2020-11-06,230.14999389648438,232.74000549316406,228.57000732421875,229.0500030517578,210.54559326171875,724400
2020-11-09,240.0,244.6699981689453,228.9499969482422,228.97000122070312,210.4720458984375,1435400
2020-11-10,229.2899932861328,235.33999633789062,228.5500030517578,233.86000061035156,214.96702575683594,909600
2020-11-11,234.88999938964844,235.64999389648438,230.5,234.89999389648438,215.9229736328125,973300
2020-11-12,233.7100067138672,235.02000427246094,230.22999572753906,233.13999938964844,214.30519104003906,974200
2020-11-13,234.7899932861328,236.8699951171875,233.82000732421875,236.5500030517578,217.43966674804688,859200
2020-11-16,240.0,240.0,228.5800018310547,231.86000061035156,213.12857055664062,1313800
2020-11-17,230.92999267578125,232.0,227.35000610351562,231.0800018310547,212.41160583496094,952400
2020-11-18,231.67999267578125,235.77999877929688,231.25,233.4600067138672,214.5992889404297,987800
2020-11-19,229.77999877929688,233.7100067138672,227.64999389648438,233.13999938964844,215.55162048339844,872600
2020-11-20,232.0500030517578,232.9499969482422,228.60000610351562,230.64999389648438,213.2494659423828,1087400
2020-11-23,232.86000061035156,236.41000366210938,232.41000366210938,235.22000122070312,217.47471618652344,1091500
2020-11-24,236.5399932861328,237.4600067138672,233.41000366210938,234.66000366210938,216.95693969726562,1374200
2020-11-25,235.16000366210938,235.16000366210938,229.77999877929688,230.38999938964844,213.00906372070312,896400
2020-11-27,231.5,232.1999969482422,228.5399932861328,229.02999877929688,211.75167846679688,538300
2020-11-30,228.72000122070312,232.1999969482422,226.25,231.1699981689453,213.73025512695312,2608000
2020-12-01,234.64999389648438,235.85000610351562,229.75,230.36000061035156,212.9813690185547,1229600
2020-12-02,229.3800048828125,231.0,227.0800018310547,227.17999267578125,210.04122924804688,1067900
2020-12-03,227.50999450683594,228.3800048828125,219.3000030517578,220.33999633789062,203.71725463867188,1923100
2020-12-04,220.6999969482422,222.47000122070312,219.16000366210938,219.92999267578125,203.3381805419922,1544800
2020-12-07,220.0,220.6199951171875,216.5399932861328,219.08999633789062,202.5615692138672,1660900
2020-12-08,218.82000732421875,222.72000122070312,218.82000732421875,221.0399932861328,204.36444091796875,1159000
2020-12-09,221.32000732421875,224.86000061035156,219.8000030517578,224.19000244140625,207.27682495117188,1426300
2020-12-10,223.0399932861328,223.5,219.22000122070312,219.5500030517578,202.98687744140625,1166200
2020-12-11,218.38999938964844,220.3300018310547,217.39999389648438,218.66000366210938,202.1640167236328,1137500
2020-12-14,220.67999267578125,221.74000549316406,216.41000366210938,216.41000366210938,200.08377075195312,1033600
2020-12-15,218.5399932861328,225.5,218.5399932861328,224.0399932861328,207.13812255859375,1264400
2020-12-16,223.92999267578125,224.39999389648438,221.42999267578125,222.82000732421875,206.0101776123047,840300
2020-12-17,223.86000061035156,225.27999877929688,221.44000244140625,223.42999267578125,206.5741729736328,774000
2020-12-18,224.07000732421875,225.14999389648438,221.4499969482422,224.30999755859375,207.3877410888672,1791800
2020-12-21,220.22999572753906,226.02000427246094,219.60000610351562,224.72000122070312,207.76683044433594,655300
2020-12-22,224.47000122070312,225.5,222.64999389648438,223.5399932861328,206.67584228515625,944500
2020-12-23,223.22999572753906,225.72999572753906,222.0399932861328,224.22000122070312,207.30455017089844,561200
2020-12-24,225.2899932861328,226.6999969482422,224.0399932861328,226.52999877929688,209.44027709960938,197300
2020-12-28,227.91000366210938,228.67999267578125,223.9600067138672,224.13999938964844,207.2305908203125,407000
2020-12-29,224.41000366210938,225.27999877929688,220.77000427246094,222.69000244140625,205.88999938964844,563400
2020-12-30,223.8800048828125,225.8800048828125,223.47999572753906,224.99000549316406,208.0164794921875,390600
2020-12-31,224.91000366210938,227.2899932861328,223.85000610351562,227.10000610351562,209.96728515625,480400
2021-01-04,227.67999267578125,229.14999389648438,219.75,221.3699951171875,204.66952514648438,999200
2021-01-05,220.60000610351562,223.92999267578125,220.60000610351562,221.6300048828125,204.90994262695312,1297400
2021-01-06,223.83999633789062,236.25,223.75,233.58999633789062,215.96766662597656,1366000
2021-01-07,235.88999938964844,239.75999450683594,234.14999389648438,239.2100067138672,221.16366577148438,1351400
2021-01-08,240.16000366210938,241.25,231.3000030517578,234.30999755859375,216.63336181640625,1455800
2021-01-11,232.72999572753906,238.38999938964844,231.63999938964844,236.67999267578125,218.82455444335938,1083800
2021-01-12,236.75,242.69000244140625,236.5399932861328,242.02999877929688,223.7709503173828,1037600
2021-01-13,242.0800018310547,243.14999389648438,239.7899932861328,240.8699951171875,222.69845581054688,1032600
2021-01-14,241.57000732421875,244.0,241.10000610351562,241.3300018310547,223.12374877929688,781700
2021-01-15,239.30999755859375,239.30999755859375,233.27999877929688,237.24000549316406,219.34228515625,1823100
2021-01-19,240.27999877929688,241.44000244140625,236.94000244140625,238.36000061035156,220.37777709960938,1095400
2021-01-20,239.4600067138672,239.4600067138672,235.0,236.52999877929688,218.6858673095703,1172500
2021-01-21,237.58999633789062,254.1300048828125,236.11000061035156,248.02999877929688,229.31832885742188,2659100
2021-01-22,247.0800018310547,248.32000732421875,242.4499969482422,247.0,228.36599731445312,1098100
2021-01-25,246.22999572753906,250.16000366210938,244.75999450683594,246.5399932861328,227.9407196044922,1049500
2021-01-26,247.2899932861328,248.3699951171875,245.55999755859375,246.82000732421875,228.19960021972656,870000
2021-01-27,242.77000427246094,244.4600067138672,237.6699981689453,239.10000610351562,221.06198120117188,1480300
2021-01-28,240.94000244140625,247.5399932861328,240.00999450683594,242.1999969482422,223.9281005859375,906100
2021-01-29,240.89999389648438,241.82000732421875,232.5399932861328,234.4199981689453,216.7350616455078,1148100
2021-02-01,236.77999877929688,238.50999450683594,230.92999267578125,232.97000122070312,215.3944549560547,1070700
2021-02-02,233.80999755859375,237.44000244140625,230.5,233.89999389648438,216.2542724609375,1119700
2021-02-03,234.0,236.5,231.97999572753906,235.5399932861328,217.77053833007812,972700
2021-02-04,235.11000061035156,238.99000549316406,229.1199951171875,232.0800018310547,214.57159423828125,1346200
2021-02-05,233.41000366210938,234.1199951171875,228.2100067138672,229.6300048828125,212.3064422607422,1463100
2021-02-08,237.0500030517578,238.75999450683594,234.0,238.61000061035156,220.6089630126953,1349200
2021-02-09,239.22999572753906,246.11000061035156,237.49000549316406,244.97999572753906,226.49839782714844,1425000
2021-02-10,247.0399932861328,248.6300048828125,242.66000366210938,245.11000061035156,226.6185760498047,986400
2021-02-11,245.1199951171875,246.4600067138672,238.4499969482422,243.2100067138672,224.86192321777344,971000
2021-02-12,243.52999877929688,244.4499969482422,239.88999938964844,243.97000122070312,225.5645751953125,758800
2021-02-16,244.47000122070312,247.57000732421875,243.25999450683594,244.47999572753906,226.03611755371094,822800
2021-02-17,244.22999572753906,245.80999755859375,238.85000610351562,241.80999755859375,223.5675506591797,854100
2021-02-18,239.5,241.69000244140625,237.72000122070312,241.6699981689453,224.69253540039062,1068400
2021-02-19,243.24000549316406,248.5500030517578,242.33999633789062,246.75999450683594,229.42494201660156,1026900
2021-02-22,245.36000061035156,250.1699981689453,245.36000061035156,249.27000427246094,231.7586212158203,860500
2021-02-23,250.1199951171875,252.8800048828125,246.30999755859375,250.89999389648438,233.2741241455078,1095700
2021-02-24,252.30999755859375,260.260009765625,251.6199951171875,259.1199951171875,240.9166717529297,1120700
2021-02-25,258.260009765625,259.5400085449219,253.89999389648438,255.52999877929688,237.578857421875,957200
2021-02-26,255.74000549316406,256.6400146484375,251.80999755859375,253.1999969482422,235.4125518798828,852300
2021-03-01,256.25,265.1499938964844,256.25,262.9800109863281,244.50552368164062,1142700
2021-03-02,262.0199890136719,262.7099914550781,255.67999267578125,257.67999267578125,239.5778045654297,892500
2021-03-03,257.6000061035156,264.44000244140625,257.32000732421875,261.6700134277344,243.2875213623047,1210000
2021-03-04,268.2900085449219,268.2900085449219,254.85000610351562,258.6099853515625,240.44247436523438,1198800
2021-03-05,261.17999267578125,267.3299865722656,258.04998779296875,265.8599853515625,247.18313598632812,1305800
2021-03-08,268.989990234375,273.29998779296875,266.9200134277344,268.80999755859375,249.92591857910156,1139600
2021-03-09,269.8699951171875,273.0899963378906,266.510009765625,266.6700134277344,247.93630981445312,875100
2021-03-10,268.2699890136719,274.05999755859375,266.67999267578125,273.1300048828125,253.94244384765625,1017600
2021-03-11,272.80999755859375,273.80999755859375,269.42999267578125,269.79998779296875,250.84637451171875,888800
2021-03-12,270.3900146484375,274.4800109863281,269.9800109863281,273.9200134277344,254.67697143554688,796700
2021-03-15,273.3699951171875,276.0,271.94000244140625,275.989990234375,256.6015319824219,937500
2021-03-16,276.05999755859375,277.0899963378906,265.2699890136719,266.9200134277344,248.168701171875,1292800
2021-03-17,268.32000732421875,270.6700134277344,265.95001220703125,269.6400146484375,250.6976318359375,768000
2021-03-18,269.70001220703125,274.760009765625,267.25,268.260009765625,249.41458129882812,984000
2021-03-19,267.20001220703125,268.94000244140625,262.5400085449219,265.8999938964844,247.22035217285156,2544400
2021-03-22,266.4200134277344,266.7799987792969,261.0299987792969,263.4800109863281,244.9703826904297,1226800
2021-03-23,259.260009765625,262.4700012207031,254.63999938964844,255.5,237.55096435546875,1347200
2021-03-24,257.19000244140625,261.0,257.19000244140625,257.70001220703125,239.59640502929688,917500
2021-03-25,257.92999267578125,262.1300048828125,253.5399932861328,261.17999267578125,242.83193969726562,857600
2021-03-26,262.989990234375,263.4100036621094,259.489990234375,262.4200134277344,243.98483276367188,775300
2021-03-29,260.0,265.0,260.0,260.8399963378906,242.51580810546875,943200
2021-03-30,260.8699951171875,265.8999938964844,260.8699951171875,263.5199890136719,245.007568359375,869600
2021-03-31,264.6400146484375,265.9599914550781,259.0799865722656,259.1099853515625,240.90733337402344,1130300
2021-04-01,259.3999938964844,260.07000732421875,256.20001220703125,257.7200012207031,239.61502075195312,1248000
2021-04-05,260.2900085449219,262.1300048828125,258.79998779296875,261.5199890136719,243.14805603027344,939300
2021-04-06,261.82000732421875,265.9599914550781,259.69000244140625,260.1600036621094,241.88360595703125,901100
2021-04-07,260.2200012207031,261.7099914550781,256.3500061035156,258.1700134277344,240.0334014892578,772400
2021-04-08,257.5299987792969,258.44000244140625,255.22000122070312,256.94000244140625,238.8898162841797,1144400
2021-04-09,258.7799987792969,259.92999267578125,256.3399963378906,259.3800048828125,241.15843200683594,995200
2021-04-12,260.2200012207031,261.510009765625,258.1099853515625,261.2300109863281,242.87844848632812,849600
2021-04-13,261.2300109863281,261.2300109863281,256.95001220703125,260.4200134277344,242.12535095214844,1245900
2021-04-14,262.0,264.29998779296875,260.2900085449219,261.4200134277344,243.0550994873047,1045000
2021-04-15,262.3399963378906,264.4100036621094,260.3800048828125,261.9599914550781,243.55714416503906,934100
2021-04-16,264.6099853515625,266.04998779296875,261.57000732421875,264.3500061035156,245.779296875,1906600
2021-04-19,263.760009765625,264.42999267578125,260.45001220703125,262.80999755859375,244.34744262695312,989700
2021-04-20,262.80999755859375,262.80999755859375,258.3900146484375,259.9800109863281,241.71624755859375,870000
2021-04-21,259.1000061035156,263.6700134277344,257.1099853515625,263.07000732421875,244.5891876220703,897500
2021-04-22,264.2300109863281,264.6700134277344,260.9100036621094,261.1199951171875,242.77618408203125,643800
2021-04-23,261.3599853515625,263.95001220703125,261.3599853515625,262.4700012207031,244.03134155273438,680000
2021-04-26,263.25,264.80999755859375,258.92999267578125,259.04998779296875,240.8515625,1010300
2021-04-27,258.7099914550781,260.07000732421875,255.7100067138672,257.8299865722656,239.71726989746094,1140100
2021-04-28,257.8900146484375,259.0899963378906,254.3699951171875,255.3800048828125,237.4394073486328,1037000
2021-04-29,256.1300048828125,256.8599853515625,253.6199951171875,256.7799987792969,238.7410430908203,676900
2021-04-30,255.5500030517578,255.5500030517578,251.82000732421875,252.0399932861328,234.3340301513672,788100
2021-05-03,254.0,255.55999755859375,251.6999969482422,253.6199951171875,235.8030242919922,950400
2021-05-04,252.74000549316406,256.7699890136719,247.02999877929688,255.61000061035156,237.65325927734375,1422600
2021-05-05,256.25,262.4200134277344,253.86000061035156,260.9700012207031,242.63668823242188,1033700
2021-05-06,262.57000732421875,265.92999267578125,261.6199951171875,265.92999267578125,247.2482452392578,988500
2021-05-07,264.5899963378906,266.9599914550781,261.6099853515625,266.3900146484375,247.67593383789062,1005500
2021-05-10,268.6300048828125,273.6499938964844,268.04998779296875,270.739990234375,251.7203369140625,959800
2021-05-11,268.739990234375,269.0,261.7900085449219,264.7799987792969,246.1790771484375,922100
2021-05-12,265.8599853515625,266.79998779296875,257.1400146484375,257.6700134277344,239.56854248046875,1029800
2021-05-13,257.8599853515625,264.7799987792969,257.5899963378906,262.92999267578125,244.458984375,710900
2021-05-14,265.2799987792969,266.32000732421875,263.19000244140625,265.6700134277344,247.00648498535156,556800
2021-05-17,270.0,270.8399963378906,265.0799865722656,266.32000732421875,247.61087036132812,952700
2021-05-18,264.8599853515625,265.32000732421875,259.0,259.0899963378906,240.88876342773438,939400
2021-05-19,255.3000030517578,259.3399963378906,252.77999877929688,259.239990234375,241.0281982421875,1044000
2021-05-20,258.9800109863281,259.4700012207031,254.67999267578125,255.1699981689453,238.48606872558594,1104700
2021-05-21,256.1600036621094,258.760009765625,255.41000366210938,256.7900085449219,240.00018310546875,777300
2021-05-24,257.9100036621094,259.30999755859375,255.47999572753906,255.52999877929688,238.822509765625,629100
2021-05-25,256.5299987792969,257.2900085449219,253.88999938964844,254.35000610351562,237.71969604492188,885800
2021-05-26,254.39999389648438,255.69000244140625,252.85000610351562,255.10000610351562,238.42066955566406,906400
2021-05-27,258.510009765625,259.8999938964844,256.2200012207031,259.20001220703125,242.2526092529297,2363500
2021-05-28,259.95001220703125,260.0,256.3500061035156,257.2799987792969,240.45811462402344,867800
2021-06-01,261.489990234375,263.54998779296875,260.05999755859375,261.760009765625,244.6452178955078,1035900
2021-06-02,261.760009765625,262.260009765625,258.75,259.8500061035156,242.86007690429688,754500
2021-06-03,258.7799987792969,263.32000732421875,257.8699951171875,260.9700012207031,243.9068603515625,931000
2021-06-04,261.4800109863281,265.0899963378906,261.19000244140625,264.2200012207031,246.94436645507812,660500
2021-06-07,264.510009765625,264.6400146484375,257.79998779296875,259.2200012207031,242.27127075195312,1094500
2021-06-08,259.010009765625,260.3599853515625,256.07000732421875,259.9200134277344,242.9254913330078,735500
2021-06-09,258.6600036621094,260.0199890136719,256.67999267578125,256.7699890136719,239.9814453125,656500
2021-06-10,258.20001220703125,259.1300048828125,251.4499969482422,252.24000549316406,235.74765014648438,1168400
2021-06-11,253.25,254.5800018310547,249.08999633789062,250.0,233.65411376953125,1682800
2021-06-14,249.27999877929688,250.17999267578125,246.8699951171875,248.44000244140625,232.19610595703125,1109600
2021-06-15,249.22000122070312,250.4199981689453,247.8800048828125,250.10000610351562,233.74758911132812,720600
2021-06-16,248.88999938964844,249.72000122070312,245.4600067138672,246.0,229.91563415527344,929100
2021-06-17,246.22999572753906,247.74000549316406,234.8800048828125,237.3300018310547,221.8125,2095900
2021-06-18,232.8300018310547,236.4199981689453,230.85000610351562,233.0,217.765625,2973900
2021-06-21,235.55999755859375,239.24000549316406,235.4600067138672,235.88999938964844,220.46665954589844,991500
2021-06-22,237.2899932861328,238.47000122070312,235.47999572753906,237.00999450683594,221.513427734375,899600
2021-06-23,237.60000610351562,239.19000244140625,235.24000549316406,238.0,222.43873596191406,855900
2021-06-24,239.0,240.89999389648438,237.52000427246094,239.11000061035156,223.4761199951172,997300
2021-06-25,240.6699981689453,242.72000122070312,239.9600067138672,240.85000610351562,225.10235595703125,1055500
2021-06-28,240.85000610351562,241.47999572753906,238.75999450683594,241.27000427246094,225.49490356445312,1131200
2021-06-29,243.38999938964844,244.02000427246094,238.94000244140625,239.61000061035156,223.9434356689453,643800
2021-06-30,240.49000549316406,244.55999755859375,240.42999267578125,243.80999755859375,227.86880493164062,1010500
2021-07-01,244.99000549316406,245.67999267578125,240.91000366210938,242.1300048828125,226.2987060546875,1111500
2021-07-02,242.86000061035156,242.89999389648438,240.80999755859375,241.83999633789062,226.02764892578125,780700
2021-07-06,241.11000061035156,241.41000366210938,233.11000061035156,236.3300018310547,220.87789916992188,1037400
2021-07-07,234.61000061035156,239.27999877929688,234.61000061035156,238.9199981689453,223.29855346679688,768800
2021-07-08,235.2899932861328,239.27000427246094,234.4199981689453,237.47999572753906,221.9527130126953,826900
2021-07-09,241.13999938964844,243.38999938964844,241.07000732421875,242.6999969482422,226.83140563964844,789100
2021-07-12,241.1999969482422,243.94000244140625,239.6999969482422,243.27999877929688,227.37347412109375,980600
2021-07-13,243.33999633789062,245.44000244140625,241.30999755859375,241.49000549316406,225.70054626464844,823500
2021-07-14,242.39999389648438,242.39999389648438,237.77999877929688,239.00999450683594,223.38267517089844,871500
2021-07-15,238.35000610351562,241.50999450683594,238.35000610351562,240.1199951171875,224.42010498046875,730900
2021-07-16,243.0800018310547,243.33999633789062,238.22000122070312,238.6199951171875,223.0181884765625,632700
2021-07-19,234.1300048828125,235.17999267578125,230.25999450683594,233.1300048828125,217.88714599609375,918900
2021-07-20,234.38999938964844,238.72000122070312,232.44000244140625,237.94000244140625,222.3826446533203,1101800
2021-07-21,239.32000732421875,241.5800018310547,238.27999877929688,239.3800048828125,223.72850036621094,678600
2021-07-22,239.63999938964844,239.63999938964844,236.4600067138672,237.44000244140625,221.91529846191406,484500
2021-07-23,239.25999450683594,239.25999450683594,236.80999755859375,237.44000244140625,221.91529846191406,622500
2021-07-26,237.2100067138672,238.69000244140625,235.69000244140625,236.5,221.0367889404297,762500
2021-07-27,236.50999450683594,236.9199981689453,231.92999267578125,233.8000030517578,218.51332092285156,1262400
2021-07-28,233.36000061035156,234.57000732421875,230.1999969482422,232.02000427246094,216.84970092773438,2063900
2021-07-29,234.33999633789062,234.75,231.02999877929688,233.14999389648438,217.9058380126953,1522500
2021-07-30,232.8300018310547,233.47000122070312,231.38999938964844,232.10000610351562,216.9245147705078,1061600
2021-08-02,232.80999755859375,234.14999389648438,228.85000610351562,229.05999755859375,214.08322143554688,1220200
2021-08-03,229.0,235.1199951171875,227.1999969482422,233.0500030517578,217.81236267089844,1864500
2021-08-04,231.9199981689453,235.38999938964844,230.94000244140625,231.07000732421875,215.96185302734375,1154500
2021-08-05,232.8699951171875,234.25,227.3800048828125,228.27000427246094,213.3449249267578,1525300
2021-08-06,229.85000610351562,231.08999633789062,228.85000610351562,229.0800018310547,214.1019287109375,943000
2021-08-09,228.66000366210938,231.42999267578125,227.6999969482422,230.64999389648438,215.5692901611328,774800
2021-08-10,231.4499969482422,235.52999877929688,230.22000122070312,233.77000427246094,218.4853057861328,918500
2021-08-11,234.8800048828125,242.1300048828125,233.75,241.8000030517578,225.99026489257812,1224300
2021-08-12,242.32000732421875,242.8000030517578,237.49000549316406,239.1300048828125,223.49481201171875,952700
2021-08-13,239.50999450683594,239.7899932861328,236.82000732421875,237.72000122070312,222.17701721191406,868300
2021-08-16,237.0,239.82000732421875,235.58999633789062,239.2899932861328,223.6443634033203,810700
2021-08-17,237.94000244140625,238.05999755859375,233.64999389648438,235.83999633789062,220.41993713378906,936100
2021-08-18,234.52999877929688,236.5,233.3699951171875,233.5800018310547,218.30770874023438,1085800
2021-08-19,230.6300048828125,232.94000244140625,229.72999572753906,231.5,217.7152099609375,1187400
2021-08-20,231.0500030517578,232.6699981689453,230.11000061035156,231.6699981689453,217.8750762939453,997900
2021-08-23,233.25,236.22999572753906,232.36000061035156,235.25,221.24192810058594,1453200
2021-08-24,233.1999969482422,237.08999633789062,233.1999969482422,236.13999938964844,222.07891845703125,1226200
2021-08-25,236.0800018310547,239.69000244140625,235.69000244140625,238.47000122070312,224.27015686035156,1016800
2021-08-26,238.39999389648438,240.33999633789062,236.63999938964844,236.97999572753906,222.86891174316406,1118100
2021-08-27,238.1199951171875,241.72999572753906,237.00999450683594,240.3000030517578,225.99122619628906,1253900
2021-08-30,241.08999633789062,241.6199951171875,237.22000122070312,238.69000244140625,224.4770965576172,925700
2021-08-31,238.69000244140625,238.86000061035156,235.11000061035156,235.97999572753906,221.92845153808594,959100
2021-09-01,236.00999450683594,237.02999877929688,231.1999969482422,234.8699951171875,220.88453674316406,975500
2021-09-02,235.7899932861328,237.77000427246094,234.6699981689453,236.97000122070312,222.85952758789062,789600
2021-09-03,237.11000061035156,241.35000610351562,236.9600067138672,238.57000732421875,224.36424255371094,991800
2021-09-07,238.00999450683594,238.24000549316406,232.6999969482422,233.85000610351562,219.92529296875,1109200
2021-09-08,233.07000732421875,234.22000122070312,231.4499969482422,233.67999267578125,219.76539611816406,763600
2021-09-09,234.25,235.5,232.30999755859375,232.97999572753906,219.10707092285156,783400
2021-09-10,234.14999389648438,235.36000061035156,231.7100067138672,233.32000732421875,219.42684936523438,739100
2021-09-13,235.7899932861328,237.0800018310547,233.4199981689453,235.61000061035156,221.58047485351562,756200
2021-09-14,236.97000122070312,236.97000122070312,230.7899932861328,231.82000732421875,218.0161590576172,784900
2021-09-15,231.58999633789062,236.4199981689453,231.5,234.44000244140625,220.4801483154297,860900
2021-09-16,234.6199951171875,235.60000610351562,229.4199981689453,229.7100067138672,216.03182983398438,1081400
2021-09-17,227.8699951171875,228.83999633789062,226.33999633789062,227.69000244140625,214.13206481933594,1986600
2021-09-20,223.5500030517578,224.77000427246094,218.27999877929688,221.47000122070312,208.28248596191406,1693500
2021-09-21,221.83999633789062,222.52000427246094,217.5,219.5399932861328,206.4673614501953,1031000
2021-09-22,221.89999389648438,225.50999450683594,221.3699951171875,221.6199951171875,208.42352294921875,869600
2021-09-23,223.72000122070312,229.14999389648438,222.75999450683594,228.3300018310547,214.73397827148438,1207500
2021-09-24,228.0,229.97000122070312,227.5,227.66000366210938,214.1038818359375,755400
2021-09-27,227.55999755859375,233.0800018310547,227.55999755859375,230.25,216.53964233398438,802100
2021-09-28,230.25,232.3000030517578,228.3800048828125,229.4600067138672,215.79669189453125,643200
2021-09-29,230.3300018310547,232.0399932861328,228.27000427246094,230.6699981689453,216.93460083007812,686600
2021-09-30,231.3000030517578,232.32000732421875,224.52000427246094,224.55999755859375,211.18849182128906,1094300
2021-10-01,225.32000732421875,229.91000366210938,223.75,227.9600067138672,214.38600158691406,772700
2021-10-04,228.3300018310547,229.1999969482422,226.1999969482422,227.52000427246094,213.97222900390625,924800
2021-10-05,225.6300048828125,236.2100067138672,223.5800018310547,234.6699981689453,220.69644165039062,1586600
2021-10-06,231.86000061035156,235.00999450683594,228.11000061035156,234.58999633789062,220.62123107910156,1062400
2021-10-07,236.8699951171875,238.47999572753906,234.5,234.86000061035156,220.87513732910156,908800
2021-10-08,234.42999267578125,237.9600067138672,233.52000427246094,236.0,221.947265625,623700
2021-10-11,237.10000610351562,237.75999450683594,232.2899932861328,232.44000244140625,218.5992431640625,979000
2021-10-12,232.5,234.1199951171875,229.52000427246094,230.13999938964844,216.43618774414062,865800
2021-10-13,231.07000732421875,232.3300018310547,227.24000549316406,231.5399932861328,217.75282287597656,731800
2021-10-14,232.58999633789062,239.5800018310547,231.57000732421875,238.8300018310547,224.60874938964844,815100
2021-10-15,241.41000366210938,241.5,238.02999877929688,238.27999877929688,224.09152221679688,673100
2021-10-18,235.88999938964844,237.80999755859375,235.5399932861328,237.0399932861328,222.92532348632812,745800
2021-10-19,239.08999633789062,240.64999389648438,237.44000244140625,240.1199951171875,225.82192993164062,772600
2021-10-20,240.1199951171875,243.22000122070312,239.22000122070312,242.8300018310547,228.37054443359375,907800
2021-10-21,242.0,242.1300048828125,238.97999572753906,240.7100067138672,226.3768310546875,522200
2021-10-22,241.0,242.35000610351562,239.1699981689453,240.7100067138672,226.3768310546875,660000
2021-10-25,239.6999969482422,242.97999572753906,238.75,241.36000061035156,226.9880828857422,663700
2021-10-26,242.0399932861328,242.0399932861328,238.89999389648438,238.89999389648438,224.67459106445312,750800
2021-10-27,238.64999389648438,238.64999389648438,234.24000549316406,234.85000610351562,220.86573791503906,789300
2021-10-28,235.07000732421875,242.82000732421875,235.0,242.74000549316406,228.28591918945312,759400
2021-10-29,243.0,243.25999450683594,238.5500030517578,239.83999633789062,225.55862426757812,1070300
2021-11-01,240.89999389648438,247.47999572753906,240.0,245.3300018310547,230.72171020507812,914200
2021-11-02,245.72999572753906,245.72999572753906,238.55999755859375,242.27999877929688,227.8533172607422,1115600
2021-11-03,239.50999450683594,240.33999633789062,233.5,235.47999572753906,221.45822143554688,1236400
2021-11-04,235.8699951171875,238.17999267578125,234.52999877929688,235.16000366210938,221.1573028564453,739500
2021-11-05,236.0500030517578,238.57000732421875,235.13999938964844,237.07000732421875,222.95355224609375,683300
2021-11-08,238.0,239.8000030517578,235.89999389648438,238.05999755859375,223.8845977783203,619300
2021-11-09,237.66000366210938,238.83999633789062,233.74000549316406,236.1999969482422,222.13536071777344,882400
2021-11-10,235.85000610351562,241.58999633789062,234.8699951171875,237.7100067138672,223.55545043945312,921600
2021-11-11,238.0,238.61000061035156,233.77000427246094,236.3000030517578,222.22938537597656,656200
2021-11-12,236.8300018310547,237.52999877929688,234.0399932861328,236.33999633789062,222.26699829101562,754300
2021-11-15,237.0,237.69000244140625,234.44000244140625,236.02999877929688,221.9755096435547,546600
2021-11-16,236.75,238.58999633789062,235.27999877929688,235.4199981689453,221.4018096923828,1002800
2021-11-17,235.67999267578125,235.67999267578125,230.27000427246094,231.88999938964844,218.0819854736328,1196400
2021-11-18,231.05999755859375,231.16000366210938,226.8800048828125,228.10000610351562,215.86749267578125,914200
2021-11-19,227.33999633789062,227.47999572753906,223.82000732421875,223.88999938964844,211.8832550048828,1412900
2021-11-22,224.83999633789062,230.72999572753906,222.33999633789062,227.97999572753906,215.75392150878906,1327000
2021-11-23,228.7100067138672,229.8000030517578,225.94000244140625,227.83999633789062,215.6214141845703,1249300
2021-11-24,227.6199951171875,228.9499969482422,225.1199951171875,225.86000061035156,213.74758911132812,1143800
2021-11-26,220.0,221.0,216.72999572753906,219.67999267578125,207.89903259277344,696300
2021-11-29,221.0,221.0,216.19000244140625,217.27000427246094,205.61825561523438,1114400
2021-11-30,215.50999450683594,216.4199981689453,209.08999633789062,209.75,198.50152587890625,2436300
2021-12-01,213.27000427246094,215.89999389648438,209.08999633789062,209.1199951171875,197.90533447265625,1447200
2021-12-02,210.3800048828125,216.9499969482422,209.1199951171875,215.88999938964844,204.31227111816406,1589100
2021-12-03,216.80999755859375,219.52999877929688,215.39999389648438,217.02999877929688,205.3911590576172,1231100
2021-12-06,218.77000427246094,222.57000732421875,217.22000122070312,219.27000427246094,207.51101684570312,1187000
2021-12-07,220.94000244140625,222.38999938964844,219.44000244140625,219.77000427246094,207.9842071533203,768200
2021-12-08,220.0,221.4499969482422,219.14999389648438,220.80999755859375,208.96844482421875,651100
2021-12-09,219.38999938964844,220.4199981689453,217.41000366210938,219.5800018310547,207.80441284179688,859400
2021-12-10,221.17999267578125,221.5,217.47999572753906,218.10000610351562,206.40379333496094,756700
2021-12-13,217.19000244140625,217.9600067138672,215.02999877929688,216.1199951171875,204.52992248535156,1008500
2021-12-14,215.36000061035156,219.05999755859375,215.0,216.5800018310547,204.9652862548828,975700
2021-12-15,218.97000122070312,219.58999633789062,216.77999877929688,218.60000610351562,206.87693786621094,988000
2021-12-16,220.0,220.75999450683594,217.25,218.2899932861328,206.58355712890625,945200
2021-12-17,217.41000366210938,217.41000366210938,210.16000366210938,211.02999877929688,199.71290588378906,2441600
2021-12-20,208.32000732421875,209.08999633789062,203.3800048828125,206.99000549316406,195.88955688476562,1318300
2021-12-21,208.6199951171875,212.77999877929688,208.2100067138672,211.75999450683594,200.4037628173828,1038100
2021-12-22,212.19000244140625,212.58999633789062,210.44000244140625,210.9199981689453,199.60882568359375,755200
2021-12-23,212.3699951171875,214.57000732421875,211.2899932861328,213.97000122070312,202.49522399902344,649100
2021-12-27,213.41000366210938,216.3300018310547,213.17999267578125,216.2100067138672,204.61514282226562,480700
2021-12-28,215.47999572753906,218.85000610351562,215.47999572753906,217.52999877929688,205.8643341064453,539400
2021-12-29,217.4499969482422,219.67999267578125,217.0,218.72000122070312,206.9905242919922,559500
2021-12-30,219.32000732421875,220.57000732421875,217.66000366210938,217.83999633789062,206.15768432617188,444200
2021-12-31,217.02000427246094,219.1199951171875,217.02000427246094,218.13999938964844,206.44161987304688,668100
2022-01-03,218.7100067138672,220.77999877929688,218.27000427246094,219.52999877929688,207.757080078125,864000
2022-01-04,221.52999877929688,228.63999938964844,220.75999450683594,227.91000366210938,215.6876678466797,1020700
2022-01-05,228.25,232.32000732421875,226.9199981689453,226.9499969482422,214.77914428710938,1494800
2022-01-06,229.0399932861328,233.0,227.75999450683594,230.19000244140625,217.8453826904297,1062000
2022-01-07,230.0,235.0,229.49000549316406,234.35000610351562,221.78231811523438,1311900
2022-01-10,235.50999450683594,236.39999389648438,229.39999389648438,231.3800048828125,218.9715576171875,1040300
2022-01-11,232.0,233.2100067138672,228.50999450683594,232.38999938964844,219.92742919921875,1026000
2022-01-12,232.52000427246094,233.83999633789062,230.0800018310547,231.66000366210938,219.236572265625,762300
2022-01-13,232.1999969482422,238.0500030517578,232.1999969482422,235.97999572753906,223.32489013671875,782100
2022-01-14,234.1999969482422,237.72999572753906,232.97000122070312,237.5399932861328,224.80120849609375,999800
2022-01-18,235.7899932861328,237.14999389648438,232.5500030517578,236.0,223.3438262939453,1176000
2022-01-19,236.88999938964844,237.02000427246094,230.30999755859375,231.10000610351562,218.7066192626953,1253100
2022-01-20,231.27999877929688,232.5,225.94000244140625,226.72000122070312,214.5614776611328,1156500
2022-01-21,226.83999633789062,227.5,222.75,223.36000061035156,211.3816680908203,983800
2022-01-24,219.88999938964844,224.97000122070312,216.92999267578125,224.0,211.98736572265625,1584000
2022-01-25,221.1999969482422,229.1199951171875,215.24000549316406,226.66000366210938,214.50469970703125,1347800
2022-01-26,228.16000366210938,232.9499969482422,224.32000732421875,225.85000610351562,213.7381591796875,1564700
2022-01-27,227.75,230.10000610351562,222.25999450683594,224.0800018310547,212.0630645751953,794000
2022-01-28,222.2100067138672,222.86000061035156,214.2899932861328,220.99000549316406,209.1387939453125,1083300
2022-01-31,219.2100067138672,221.02000427246094,215.8000030517578,220.8800048828125,209.03466796875,1108000
2022-02-01,220.3300018310547,226.47000122070312,219.97999572753906,225.52999877929688,213.43528747558594,933700
2022-02-02,225.39999389648438,226.57000732421875,221.8800048828125,226.47000122070312,214.32489013671875,1836100
2022-02-03,219.0,234.1999969482422,218.8000030517578,227.25,215.0630645751953,1838500
2022-02-04,226.16000366210938,230.85000610351562,222.69000244140625,228.60000610351562,216.34068298339844,1235900
2022-02-07,229.1199951171875,229.39999389648438,225.72999572753906,226.5399932861328,214.39114379882812,1267800
2022-02-08,228.1300048828125,229.3699951171875,220.44000244140625,223.50999450683594,211.5236358642578,1358200
2022-02-09,223.80999755859375,226.77999877929688,223.1199951171875,225.5,213.4069061279297,1051200
2022-02-10,223.2899932861328,228.60000610351562,222.19000244140625,223.22000122070312,211.2491912841797,1007200
2022-02-11,222.97000122070312,226.4199981689453,220.64999389648438,222.1699981689453,210.25547790527344,883600
2022-02-14,223.8699951171875,224.0,218.0,219.44000244140625,207.67190551757812,1008300
2022-02-15,220.97999572753906,224.25999450683594,220.5800018310547,222.3800048828125,210.4542236328125,898700
2022-02-16,221.47000122070312,226.33999633789062,220.75,223.30999755859375,211.33436584472656,1291100
2022-02-17,220.47999572753906,223.5,217.5800018310547,218.69000244140625,208.31475830078125,973600
2022-02-18,217.3699951171875,221.9199981689453,217.0,218.0500030517578,207.70510864257812,830300
2022-02-22,220.72000122070312,220.72000122070312,213.47000122070312,214.08999633789062,203.93296813964844,1556600
2022-02-23,214.50999450683594,215.27000427246094,204.97000122070312,205.8300018310547,196.0648956298828,1857500
2022-02-24,202.0800018310547,204.0,198.1300048828125,203.27000427246094,193.62631225585938,1519200
2022-02-25,203.91000366210938,206.6699981689453,202.55999755859375,203.85000610351562,194.17880249023438,1545500
2022-02-28,201.10000610351562,206.1300048828125,200.72999572753906,204.1199951171875,194.43597412109375,1956300
2022-03-01,203.67999267578125,205.0,192.02000427246094,196.07000732421875,186.76791381835938,2213000
2022-03-02,198.02999877929688,209.25999450683594,197.8000030517578,207.0800018310547,197.25558471679688,2224000
2022-03-03,208.24000549316406,212.10000610351562,205.88999938964844,208.99000549316406,199.074951171875,1264600
2022-03-04,204.16000366210938,205.9199981689453,199.25,202.0399932861328,192.45465087890625,1830200
2022-03-07,201.50999450683594,202.16000366210938,189.5,189.60000610351562,180.6048583984375,2686900
2022-03-08,191.47000122070312,201.00999450683594,189.6199951171875,193.00999450683594,183.8530731201172,1676800
2022-03-09,196.69000244140625,200.8800048828125,196.47000122070312,198.44000244140625,189.02548217773438,1407800
2022-03-10,195.75,198.1199951171875,193.67999267578125,197.1999969482422,187.84429931640625,1008000
2022-03-11,198.80999755859375,199.52999877929688,195.05999755859375,195.2899932861328,186.02490234375,1186300
2022-03-14,197.39999389648438,201.19000244140625,196.22999572753906,197.77000427246094,188.38726806640625,1114300
2022-03-15,199.24000549316406,200.58999633789062,196.42999267578125,198.47000122070312,189.0540313720703,940400
2022-03-16,199.57000732421875,205.47000122070312,198.4199981689453,205.25999450683594,195.52191162109375,1314100
2022-03-17,202.25999450683594,206.50999450683594,202.11000061035156,205.41000366210938,195.664794921875,732600
2022-03-18,202.47000122070312,207.0800018310547,199.27999877929688,206.75,196.94122314453125,3453600
2022-03-21,205.61000061035156,209.3699951171875,204.44000244140625,206.14999389648438,196.36965942382812,972000
2022-03-22,208.19000244140625,211.0399932861328,207.72999572753906,209.6699981689453,199.72267150878906,1096600
2022-03-23,207.55999755859375,210.5,206.57000732421875,208.02999877929688,198.16050720214844,1060800
2022-03-24,209.22999572753906,211.83999633789062,207.50999450683594,209.24000549316406,199.31309509277344,804200
2022-03-25,209.24000549316406,210.1999969482422,207.5800018310547,209.66000366210938,199.71316528320312,557800
2022-03-28,208.85000610351562,208.85000610351562,204.7100067138672,207.72000122070312,197.86520385742188,642900
2022-03-29,209.22000122070312,213.00999450683594,208.9499969482422,212.3800048828125,202.30413818359375,709600
2022-03-30,212.1199951171875,212.1199951171875,208.1300048828125,209.57000732421875,199.62744140625,716100
2022-03-31,208.41000366210938,209.5399932861328,205.0,205.11000061035156,195.37901306152344,1112000
2022-04-01,206.8699951171875,207.1199951171875,198.41000366210938,201.02999877929688,191.49258422851562,1346600
2022-04-04,200.1300048828125,202.86000061035156,194.0,202.2899932861328,192.6927947998047,1916400
2022-04-05,201.8300018310547,203.02999877929688,197.8000030517578,200.08999633789062,190.59718322753906,1180900
2022-04-06,198.0500030517578,198.85000610351562,195.1300048828125,198.50999450683594,189.09213256835938,1221200
2022-04-07,197.6199951171875,197.7899932861328,194.41000366210938,196.11000061035156,186.80599975585938,881900
2022-04-08,195.67999267578125,197.80999755859375,193.33999633789062,194.69000244140625,185.45335388183594,1259300
2022-04-11,194.69000244140625,198.35000610351562,192.74000549316406,192.92999267578125,183.77684020996094,1119600
2022-04-12,193.13999938964844,197.22999572753906,192.1699981689453,192.5800018310547,183.4434814453125,1012000
2022-04-13,191.75999450683594,195.3800048828125,191.5500030517578,194.60000610351562,185.36764526367188,848400
2022-04-14,195.1199951171875,197.02000427246094,193.92999267578125,195.94000244140625,186.64407348632812,995700
2022-04-18,195.63999938964844,198.63999938964844,195.63999938964844,196.7100067138672,187.37753295898438,585400
2022-04-19,197.38999938964844,201.94000244140625,197.38999938964844,201.27999877929688,191.73072814941406,1174900
2022-04-20,203.5,205.75,202.86000061035156,204.80999755859375,195.09326171875,883900
2022-04-21,207.1999969482422,209.6199951171875,206.11000061035156,206.86000061035156,197.0460205078125,971200
2022-04-22,204.85000610351562,205.61000061035156,198.86000061035156,199.1999969482422,189.7493896484375,855200
2022-04-25,198.0,198.0,191.3699951171875,196.14999389648438,186.84410095214844,1415600
2022-04-26,194.86000061035156,197.92999267578125,190.4499969482422,190.58999633789062,181.54786682128906,936900
2022-04-27,190.52999877929688,197.1300048828125,190.4199981689453,194.8699951171875,185.62484741210938,927300
2022-04-28,196.0800018310547,196.77000427246094,192.52999877929688,194.47999572753906,185.25331115722656,915000
2022-04-29,193.42999267578125,195.85000610351562,188.4199981689453,189.19000244140625,180.2143096923828,854300
2022-05-02,189.27999877929688,195.50999450683594,187.72000122070312,194.92999267578125,185.68199157714844,1276500
2022-05-03,195.0,205.66000366210938,195.0,202.1300048828125,192.5404052734375,1532400
2022-05-04,200.83999633789062,209.0399932861328,199.58999633789062,208.75,198.8463134765625,1175800
2022-05-05,205.61000061035156,207.33999633789062,202.0800018310547,204.02999877929688,194.3502655029297,808000
2022-05-06,204.33999633789062,204.33999633789062,198.1199951171875,201.72000122070312,192.14984130859375,886200
2022-05-09,198.88999938964844,204.5,198.55999755859375,202.7100067138672,193.09291076660156,1047600
2022-05-10,204.92999267578125,205.0800018310547,194.30999755859375,197.41000366210938,188.04432678222656,1029700
2022-05-11,198.5,200.39999389648438,194.58999633789062,196.17999267578125,186.87266540527344,1094000
2022-05-12,195.0,199.6199951171875,194.5500030517578,199.44000244140625,189.97802734375,1064000
2022-05-13,200.58999633789062,203.05999755859375,198.25999450683594,201.1199951171875,191.5782928466797,1043300
2022-05-16,200.7100067138672,204.24000549316406,198.27999877929688,202.69000244140625,193.07383728027344,750800
2022-05-17,206.47999572753906,208.6699981689453,203.69000244140625,208.1999969482422,198.32241821289062,825400
2022-05-18,207.77000427246094,209.9600067138672,203.57000732421875,204.16000366210938,194.47410583496094,1436000
2022-05-19,200.02999877929688,204.91000366210938,196.89999389648438,201.8800048828125,193.67782592773438,931600
2022-05-20,201.9499969482422,202.33999633789062,193.67999267578125,197.30999755859375,189.29348754882812,819100
2022-05-23,200.5500030517578,202.83999633789062,197.97000122070312,198.74000549316406,190.66539001464844,640600
2022-05-24,198.33999633789062,198.42999267578125,192.57000732421875,196.50999450683594,188.52598571777344,875700
2022-05-25,196.61000061035156,203.50999450683594,195.8699951171875,202.6199951171875,194.3877410888672,1135100
2022-05-26,205.0,207.64999389648438,202.9199981689453,203.5500030517578,195.27996826171875,691300
2022-05-27,206.52999877929688,208.8800048828125,206.1699981689453,207.97000122070312,199.52037048339844,642900
2022-05-31,205.75999450683594,210.33999633789062,204.07000732421875,209.1199951171875,200.62364196777344,1246900
2022-06-01,211.10000610351562,211.16000366210938,204.35000610351562,207.85000610351562,199.4052734375,669300
2022-06-02,209.39999389648438,211.7899932861328,207.6699981689453,211.63999938964844,203.041259765625,565700
2022-06-03,209.88999938964844,211.9199981689453,209.2899932861328,211.02000427246094,202.4464569091797,648400
2022-06-06,212.0,214.17999267578125,211.02999877929688,212.64999389648438,204.01022338867188,787500
2022-06-07,210.8300018310547,215.47000122070312,208.32000732421875,215.25999450683594,206.51419067382812,676200
2022-06-08,214.63999938964844,216.89999389648438,212.89999389648438,213.77999877929688,205.0943145751953,658800
2022-06-09,212.2899932861328,214.2899932861328,211.07000732421875,211.5,202.90695190429688,771400
2022-06-10,207.72000122070312,208.25999450683594,204.42999267578125,205.5,197.15074157714844,694800
2022-06-13,200.91000366210938,201.2899932861328,194.88999938964844,196.1999969482422,188.2285919189453,1193300
2022-06-14,196.05999755859375,199.14999389648438,194.99000549316406,196.61000061035156,188.62191772460938,844400
2022-06-15,197.61000061035156,201.89999389648438,197.19000244140625,199.16000366210938,191.06832885742188,707100
2022-06-16,195.17999267578125,196.19000244140625,186.1699981689453,189.14999389648438,181.4650115966797,1420400
2022-06-17,188.10000610351562,192.55999755859375,186.7100067138672,191.5500030517578,183.76751708984375,2027800
2022-06-21,195.5,197.1199951171875,192.61000061035156,196.19000244140625,188.218994140625,727000
2022-06-22,191.75999450683594,195.67999267578125,191.5800018310547,193.8699951171875,185.9932403564453,749900
2022-06-23,192.69000244140625,194.4600067138672,184.27999877929688,185.88999938964844,178.3374481201172,1227200
2022-06-24,188.02000427246094,195.10000610351562,187.92999267578125,195.02000427246094,187.09652709960938,1130400
2022-06-27,196.9499969482422,198.88999938964844,193.2100067138672,195.3800048828125,187.44189453125,583500
2022-06-28,197.3300018310547,201.25,195.5,196.05999755859375,188.09426879882812,731700
2022-06-29,196.3699951171875,196.3699951171875,192.74000549316406,193.75,185.8781280517578,689700
2022-06-30,191.19000244140625,194.41000366210938,189.10000610351562,193.52999877929688,185.66705322265625,715300
2022-07-01,194.17999267578125,196.97999572753906,190.75,194.11000061035156,186.2235107421875,760000
2022-07-05,189.8000030517578,194.1999969482422,187.9199981689453,194.0800018310547,186.1947021484375,764100
2022-07-06,193.5800018310547,196.1300048828125,191.52000427246094,194.52000427246094,186.61683654785156,678900
2022-07-07,201.1699981689453,203.61000061035156,199.9199981689453,201.27999877929688,193.1021728515625,1093300
2022-07-08,201.33999633789062,202.19000244140625,198.0,200.52999877929688,192.38265991210938,1020900
2022-07-11,199.4499969482422,201.3699951171875,196.36000061035156,196.7899932861328,188.7946014404297,672800
2022-07-12,196.69000244140625,203.92999267578125,196.36000061035156,201.1699981689453,192.99667358398438,1083100
2022-07-13,198.52999877929688,202.86000061035156,197.5800018310547,199.58999633789062,191.48085021972656,1030400
2022-07-14,195.9499969482422,196.0800018310547,191.60000610351562,194.8300018310547,186.9142303466797,1037100
2022-07-15,198.10000610351562,198.8800048828125,195.3000030517578,196.36000061035156,188.382080078125,2874400
2022-07-18,198.5,199.42999267578125,195.83999633789062,197.6199951171875,189.59088134765625,911800
2022-07-19,199.94000244140625,205.72999572753906,199.57000732421875,205.0500030517578,196.71902465820312,1321500
2022-07-20,201.3800048828125,206.77999877929688,200.33999633789062,205.67999267578125,197.3234100341797,994400
2022-07-21,204.1699981689453,206.22999572753906,203.2899932861328,206.1300048828125,197.75515747070312,649500
2022-07-22,206.82000732421875,207.42999267578125,203.57000732421875,205.1999969482422,196.8629150390625,696200
2022-07-25,206.3300018310547,207.61000061035156,204.22000122070312,206.2899932861328,197.9086456298828,702600
2022-07-26,205.4600067138672,208.1300048828125,202.88999938964844,204.4499969482422,196.1433868408203,647400
2022-07-27,205.00999450683594,210.52999877929688,203.4600067138672,209.1699981689453,200.671630859375,977500
2022-07-28,210.47000122070312,216.0500030517578,210.0399932861328,215.19000244140625,206.44703674316406,1250800
2022-07-29,216.44000244140625,221.5399932861328,215.6300048828125,221.30999755859375,212.31838989257812,1073400
2022-08-01,218.27999877929688,220.3000030517578,216.27999877929688,217.83999633789062,208.98936462402344,1053300
2022-08-02,218.99000549316406,223.94000244140625,215.6999969482422,218.61000061035156,209.72808837890625,1385200
2022-08-03,219.6199951171875,220.0,217.0,217.77000427246094,208.9222412109375,895300
2022-08-04,216.49000549316406,221.25999450683594,216.3000030517578,219.5399932861328,210.6202850341797,672200
2022-08-05,217.9600067138672,220.4499969482422,217.4499969482422,220.02000427246094,211.080810546875,658300
2022-08-08,222.80999755859375,223.1999969482422,218.55999755859375,219.50999450683594,210.5915069580078,749600
2022-08-09,219.27000427246094,219.47999572753906,216.9600067138672,218.1199951171875,209.25799560546875,591500
2022-08-10,221.74000549316406,222.9499969482422,221.13999938964844,221.88999938964844,212.8748321533203,649800
2022-08-11,224.16000366210938,225.61000061035156,222.94000244140625,223.8800048828125,214.78396606445312,909200
2022-08-12,224.1300048828125,227.86000061035156,223.25,227.75999450683594,218.50633239746094,719700
2022-08-15,225.82000732421875,231.10000610351562,225.5,230.74000549316406,221.36526489257812,826400
2022-08-16,230.1699981689453,233.85000610351562,230.1699981689453,232.39999389648438,222.9578094482422,818200
2022-08-17,229.24000549316406,232.6300048828125,228.52999877929688,230.27000427246094,220.91436767578125,920700
2022-08-18,229.5800018310547,230.72999572753906,228.60000610351562,230.1999969482422,222.36328125,479000
2022-08-19,229.30999755859375,229.58999633789062,227.42999267578125,228.5800018310547,220.79843139648438,597100
2022-08-22,225.11000061035156,225.82000732421875,223.4600067138672,224.39999389648438,216.76072692871094,684800
2022-08-23,224.72999572753906,227.50999450683594,223.4600067138672,225.02000427246094,217.359619140625,857800
2022-08-24,224.60000610351562,225.6300048828125,223.4600067138672,225.2899932861328,217.6204376220703,640400
2022-08-25,226.75,229.1300048828125,226.0500030517578,228.97000122070312,221.1751708984375,636500
2022-08-26,230.19000244140625,230.32000732421875,222.35000610351562,222.5,214.92539978027344,863400
2022-08-29,220.5500030517578,222.5500030517578,219.83999633789062,221.2899932861328,213.756591796875,747300
2022-08-30,221.89999389648438,222.08999633789062,216.72999572753906,218.16000366210938,210.73316955566406,727000
2022-08-31,217.75,218.0800018310547,213.92999267578125,215.3699951171875,208.0381317138672,1146400
2022-09-01,213.8800048828125,215.1999969482422,212.1199951171875,214.9199981689453,207.60345458984375,664600
2022-09-02,217.82000732421875,218.5500030517578,211.9499969482422,212.8699951171875,205.6232452392578,565200
2022-09-06,214.14999389648438,215.67999267578125,211.25999450683594,212.44000244140625,205.2078857421875,640400
2022-09-07,212.13999938964844,216.66000366210938,211.19000244140625,216.0,208.6466827392578,684800
2022-09-08,213.9199981689453,215.02999877929688,211.25,214.8000030517578,207.487548828125,586400
2022-09-09,217.80999755859375,219.33999633789062,216.52999877929688,218.47000122070312,211.03262329101562,594400
2022-09-12,219.80999755859375,221.77999877929688,218.74000549316406,219.61000061035156,212.1337890625,637800
2022-09-13,215.0399932861328,216.99000549316406,211.55999755859375,212.67999267578125,205.43971252441406,840200
2022-09-14,212.88999938964844,214.22999572753906,210.8300018310547,213.25999450683594,205.99998474121094,642500
2022-09-15,212.5399932861328,214.55999755859375,210.6999969482422,211.50999450683594,204.30955505371094,629600
2022-09-16,209.75999450683594,212.07000732421875,208.44000244140625,211.19000244140625,204.00042724609375,1290900
2022-09-19,209.1199951171875,215.44000244140625,208.83999633789062,215.11000061035156,207.7869873046875,507400
2022-09-20,213.5,213.8300018310547,211.2899932861328,212.69000244140625,205.4493865966797,571900
2022-09-21,214.25,216.22000122070312,210.74000549316406,210.75999450683594,203.58506774902344,877400
2022-09-22,210.8000030517578,212.0,207.0399932861328,207.0399932861328,199.99171447753906,780200
2022-09-23,204.42999267578125,204.44000244140625,200.74000549316406,204.0,197.05520629882812,771900
2022-09-26,203.22000122070312,206.6199951171875,202.4499969482422,202.67999267578125,195.78013610839844,648000
2022-09-27,204.8000030517578,207.2899932861328,200.39999389648438,203.1699981689453,196.2534637451172,1005200
2022-09-28,204.72000122070312,209.08999633789062,203.36000061035156,207.57000732421875,200.50367736816406,618300
2022-09-29,205.7899932861328,206.42999267578125,201.33999633789062,204.58999633789062,197.6251220703125,944100
2022-09-30,204.94000244140625,208.0,201.3800048828125,203.50999450683594,196.58189392089844,978300
2022-10-03,206.32000732421875,211.8000030517578,205.4499969482422,209.58999633789062,202.4549102783203,911000
2022-10-04,213.22000122070312,221.69000244140625,212.61000061035156,221.52999877929688,213.98843383789062,1396600
2022-10-05,219.6300048828125,225.27000427246094,217.35000610351562,224.36000061035156,216.72207641601562,1275600
2022-10-06,223.69000244140625,226.00999450683594,220.6199951171875,220.77999877929688,213.26397705078125,1288400
2022-10-07,218.99000549316406,219.6300048828125,216.0,218.0399932861328,210.6172332763672,1028400
2022-10-10,218.38999938964844,220.75999450683594,217.0,219.24000549316406,211.7764129638672,600300
2022-10-11,218.5399932861328,223.2100067138672,216.4199981689453,220.07000732421875,212.578125,727900
2022-10-12,220.3000030517578,220.9199981689453,218.10000610351562,218.10000610351562,210.6752166748047,884500
2022-10-13,215.0,226.24000549316406,212.4499969482422,224.33999633789062,216.70277404785156,924600
2022-10-14,224.97000122070312,226.4499969482422,218.80999755859375,219.25,211.78607177734375,740700
2022-10-17,222.9499969482422,224.72000122070312,219.8000030517578,220.11000061035156,212.61679077148438,647900
2022-10-18,224.7899932861328,225.97000122070312,221.11000061035156,223.94000244140625,216.31639099121094,590100
2022-10-19,223.14999389648438,225.8800048828125,221.72000122070312,224.75999450683594,217.1084747314453,729600
2022-10-20,224.75,225.63999938964844,218.8800048828125,220.27999877929688,212.78099060058594,653900
2022-10-21,222.8300018310547,234.97999572753906,221.99000549316406,232.7899932861328,224.86509704589844,1873100
2022-10-24,233.5,235.75,231.0,233.55999755859375,225.60888671875,881400
2022-10-25,234.0,237.64999389648438,231.4199981689453,234.67999267578125,226.6907501220703,778000
2022-10-26,236.33999633789062,238.7100067138672,233.80999755859375,236.97000122070312,228.90283203125,835900
2022-10-27,240.0399932861328,242.07000732421875,237.22999572753906,238.92999267578125,230.79608154296875,911600
2022-10-28,239.3699951171875,246.25,238.92999267578125,244.77999877929688,236.44692993164062,851800
2022-10-31,243.17999267578125,246.07000732421875,241.4499969482422,244.50999450683594,236.18609619140625,820300
2022-11-01,246.97999572753906,248.39999389648438,243.83999633789062,246.6999969482422,238.30157470703125,1034900
2022-11-02,244.97999572753906,249.85000610351562,240.58999633789062,241.25,233.037109375,1355400
2022-11-03,222.3000030517578,234.75999450683594,217.75,232.75999450683594,224.8361358642578,2438900
2022-11-04,236.55999755859375,239.86000061035156,234.33999633789062,238.3699951171875,230.25515747070312,1238200
2022-11-07,239.39999389648438,240.0,233.16000366210938,236.5500030517578,228.49710083007812,1362600
2022-11-08,236.0,241.30999755859375,235.63999938964844,239.1699981689453,231.02792358398438,1095400
2022-11-09,237.47999572753906,239.67999267578125,236.82000732421875,237.69000244140625,229.59829711914062,945700
2022-11-10,243.3699951171875,243.52999877929688,238.5500030517578,242.1300048828125,233.8871612548828,1475000
2022-11-11,242.1199951171875,250.14999389648438,241.77999877929688,248.1699981689453,239.7215118408203,1432300
2022-11-14,248.4199981689453,252.60000610351562,248.0,249.07000732421875,240.5908966064453,1067400
2022-11-15,250.3699951171875,254.08999633789062,249.69000244140625,250.7100067138672,242.175048828125,1128700
2022-11-16,249.0500030517578,251.9600067138672,248.47000122070312,249.97000122070312,241.4602508544922,872100
2022-11-17,244.99000549316406,248.5800018310547,241.6199951171875,248.3800048828125,241.44082641601562,886700
2022-11-18,251.25,251.6300048828125,247.6199951171875,250.30999755859375,243.31689453125,788100
2022-11-21,250.00999450683594,251.3699951171875,246.72999572753906,246.85000610351562,239.95355224609375,1064700
2022-11-22,248.36000061035156,250.89999389648438,247.8300018310547,250.27000427246094,243.2779998779297,1057100
2022-11-23,251.02999877929688,253.52999877929688,249.9199981689453,250.86000061035156,243.85153198242188,858200
2022-11-25,251.11000061035156,251.77999877929688,249.69000244140625,250.4199981689453,243.42381286621094,253400
2022-11-28,248.5,249.6699981689453,244.5,245.63999938964844,238.77737426757812,870200
2022-11-29,246.25,249.32000732421875,244.50999450683594,246.4199981689453,239.5355682373047,946100
2022-11-30,245.9600067138672,252.74000549316406,243.80999755859375,251.16000366210938,244.14315795898438,1786000
2022-12-01,251.94000244140625,252.52000427246094,247.69000244140625,249.25999450683594,242.29623413085938,1018700
2022-12-02,246.72000122070312,250.8300018310547,246.27999877929688,249.75,242.7725372314453,551900
2022-12-05,247.25999450683594,248.05999755859375,244.19000244140625,245.35000610351562,238.49545288085938,662600
2022-12-06,246.27000427246094,247.8300018310547,244.27000427246094,245.77999877929688,238.91346740722656,676600
2022-12-07,244.94000244140625,246.8000030517578,243.82000732421875,243.94000244140625,237.12486267089844,689700
2022-12-08,245.61000061035156,246.07000732421875,241.63999938964844,243.5800018310547,236.77491760253906,750100
2022-12-09,243.9199981689453,244.41000366210938,237.3300018310547,238.13999938964844,231.4868927001953,841000
2022-12-12,237.6699981689453,242.17999267578125,236.50999450683594,242.1199951171875,235.35569763183594,835400
2022-12-13,246.9600067138672,246.9600067138672,239.7899932861328,242.75,235.9680938720703,909600
2022-12-14,244.19000244140625,248.02999877929688,240.80999755859375,241.83999633789062,235.08352661132812,967200
2022-12-15,239.55999755859375,239.83999633789062,233.58999633789062,235.9199981689453,229.32891845703125,935000
2022-12-16,232.72999572753906,235.8000030517578,231.57000732421875,235.60000610351562,229.0178680419922,2596000
2022-12-19,236.3000030517578,241.27999877929688,236.11000061035156,237.19000244140625,230.56344604492188,1097000
2022-12-20,237.80999755859375,240.89999389648438,237.24000549316406,237.4600067138672,230.82591247558594,591400
2022-12-21,239.4600067138672,243.6999969482422,238.77999877929688,242.22000122070312,235.45291137695312,794900
2022-12-22,240.39999389648438,241.9199981689453,237.10000610351562,240.67999267578125,233.9559326171875,573200
2022-12-23,240.99000549316406,243.80999755859375,239.86000061035156,241.25999450683594,234.51974487304688,409300
2022-12-27,242.02999877929688,246.4199981689453,241.8699951171875,244.08999633789062,237.27066040039062,805100
2022-12-28,244.94000244140625,245.4600067138672,239.67999267578125,241.3000030517578,234.55860900878906,504800
2022-12-29,242.80999755859375,243.4600067138672,239.14999389648438,241.72999572753906,234.97659301757812,681100
2022-12-30,240.72000122070312,242.38999938964844,239.36000061035156,242.2899932861328,235.52096557617188,480400
2023-01-03,243.13999938964844,243.6199951171875,238.8699951171875,241.0399932861328,234.3058624267578,609900
2023-01-04,241.58999633789062,242.50999450683594,236.94000244140625,240.4600067138672,233.74209594726562,1135200
2023-01-05,238.55999755859375,240.24000549316406,235.57000732421875,236.72000122070312,230.1065673828125,1039300
2023-01-06,238.64999389648438,245.05999755859375,238.64999389648438,243.89999389648438,237.08596801757812,733600
2023-01-09,243.63999938964844,247.5,243.0,244.2899932861328,237.465087890625,977600
2023-01-10,243.4199981689453,247.89999389648438,242.74000549316406,247.72000122070312,240.7992401123047,526000
2023-01-11,249.16000366210938,250.1699981689453,247.02000427246094,250.1699981689453,243.18080139160156,743800
2023-01-12,250.1699981689453,252.36000061035156,249.1300048828125,250.11000061035156,243.1224822998047,534600
2023-01-13,248.67999267578125,252.80999755859375,247.0800018310547,252.64999389648438,245.59152221679688,775300
2023-01-17,253.0,254.47000122070312,248.80999755859375,249.13999938964844,242.17958068847656,769000
2023-01-18,249.91000366210938,250.22999572753906,240.97999572753906,241.3699951171875,234.62664794921875,1037700
2023-01-19,240.0,240.97999572753906,233.47999572753906,235.47999572753906,228.9011993408203,785500
2023-01-20,236.27999877929688,237.94000244140625,234.57000732421875,235.5500030517578,228.96926879882812,982000
2023-01-23,235.9499969482422,242.97000122070312,235.7899932861328,242.8699951171875,236.08474731445312,1023400
2023-01-24,244.0,251.11000061035156,240.0,247.86000061035156,240.9353485107422,1676300
2023-01-25,245.6199951171875,246.49000549316406,241.9499969482422,246.25999450683594,239.38003540039062,767600
2023-01-26,247.7899932861328,249.47000122070312,245.4600067138672,247.77999877929688,240.85757446289062,521900
2023-01-27,248.19000244140625,250.32000732421875,247.6199951171875,248.69000244140625,241.7421417236328,457700
2023-01-30,247.2899932861328,249.77000427246094,246.6199951171875,246.82000732421875,239.92440795898438,398100
2023-01-31,247.38999938964844,249.5500030517578,244.69000244140625,249.5399932861328,242.56838989257812,584800
2023-02-01,247.25,252.5399932861328,246.0,250.91000366210938,243.900146484375,772100
2023-02-02,251.6699981689453,257.5400085449219,248.77000427246094,256.510009765625,249.34368896484375,1510400
2023-02-03,254.86000061035156,258.2699890136719,254.86000061035156,256.1099853515625,248.95484924316406,924900
2023-02-06,257.69000244140625,257.69000244140625,249.25,250.89999389648438,243.89041137695312,1267700
2023-02-07,250.3699951171875,252.38999938964844,247.75,251.66000366210938,244.62918090820312,784500
2023-02-08,250.0800018310547,251.6300048828125,246.1699981689453,247.11000061035156,240.20628356933594,796600
2023-02-09,248.89999389648438,250.77999877929688,245.22000122070312,246.16000366210938,239.2828369140625,577700
2023-02-10,245.8000030517578,246.97000122070312,243.66000366210938,246.9199981689453,240.02159118652344,837100
2023-02-13,247.42999267578125,248.88999938964844,246.22999572753906,248.83999633789062,241.887939453125,623300
2023-02-14,248.05999755859375,249.36000061035156,242.88999938964844,248.41000366210938,241.469970703125,640200
2023-02-15,247.97000122070312,254.0800018310547,246.5500030517578,253.83999633789062,246.74827575683594,793300
2023-02-16,250.5500030517578,256.54998779296875,249.83999633789062,253.97000122070312,246.8746337890625,920900
2023-02-17,254.36000061035156,259.5199890136719,252.50999450683594,257.4700012207031,250.27687072753906,1317000
2023-02-21,255.75999450683594,256.5199890136719,250.4600067138672,251.3000030517578,244.2792205810547,839300
2023-02-22,251.52000427246094,253.9499969482422,248.92999267578125,250.0399932861328,243.054443359375,854300
2023-02-23,249.9600067138672,251.88999938964844,245.99000549316406,247.66000366210938,242.26210021972656,714600
2023-02-24,245.61000061035156,245.61000061035156,240.89999389648438,244.11000061035156,238.7894744873047,940600
2023-02-27,246.10000610351562,246.86000061035156,242.1999969482422,243.1999969482422,237.8992919921875,765200
2023-02-28,243.5500030517578,244.3800048828125,242.27000427246094,243.0800018310547,237.78192138671875,1677400
2023-03-01,243.61000061035156,250.75,242.99000549316406,249.2100067138672,243.7783203125,1441400
2023-03-02,248.17999267578125,254.5500030517578,247.52000427246094,252.8699951171875,247.35853576660156,1043700
2023-03-03,253.3800048828125,258.5,252.3300018310547,258.05999755859375,252.43540954589844,1042900
2023-03-06,257.8800048828125,259.4700012207031,256.7799987792969,257.8599853515625,252.23976135253906,934900
2023-03-07,257.79998779296875,261.9100036621094,255.69000244140625,256.2900085449219,250.70399475097656,1468000
2023-03-08,256.82000732421875,257.4800109863281,254.41000366210938,256.489990234375,250.89962768554688,1041200
2023-03-09,257.07000732421875,258.2699890136719,249.58999633789062,250.5800018310547,245.11843872070312,1567500
2023-03-10,249.83999633789062,251.42999267578125,241.19000244140625,241.82000732421875,236.54937744140625,1049700
2023-03-13,238.0,238.9600067138672,232.92999267578125,236.25999450683594,231.11056518554688,2043100
2023-03-14,239.8699951171875,241.42999267578125,234.9600067138672,237.7899932861328,232.60720825195312,1413000
2023-03-15,232.85000610351562,234.08999633789062,225.75999450683594,230.49000549316406,225.46633911132812,1391500
2023-03-16,228.89999389648438,232.74000549316406,226.6699981689453,231.83999633789062,226.78689575195312,1355800
2023-03-17,230.0,230.44000244140625,223.80999755859375,225.2100067138672,220.30140686035156,6126600
2023-03-20,227.52000427246094,232.0,225.82000732421875,229.97000122070312,224.95765686035156,1064600
2023-03-21,233.42999267578125,234.9199981689453,232.6199951171875,234.3699951171875,229.26174926757812,1040300
2023-03-22,234.1699981689453,236.1199951171875,229.3300018310547,229.42999267578125,224.42942810058594,811900
2023-03-23,229.30999755859375,231.80999755859375,224.47999572753906,226.19000244140625,221.26004028320312,989400
2023-03-24,223.83999633789062,224.67999267578125,220.58999633789062,223.89999389648438,219.0199432373047,1366100
2023-03-27,226.0,227.47999572753906,223.6300048828125,226.94000244140625,221.9936981201172,685800
2023-03-28,226.9199981689453,229.97999572753906,225.74000549316406,229.4600067138672,224.4587860107422,1065700
2023-03-29,232.3300018310547,232.8800048828125,230.22000122070312,232.7100067138672,227.637939453125,659700
2023-03-30,234.5399932861328,235.57000732421875,233.5500030517578,234.08999633789062,228.9878692626953,818200
2023-03-31,235.1699981689453,239.3300018310547,234.41000366210938,238.8800048828125,233.6734619140625,1158400
2023-04-03,238.8300018310547,241.50999450683594,236.64999389648438,238.63999938964844,233.4386749267578,698600
2023-04-04,238.8800048828125,239.0399932861328,229.85000610351562,231.89999389648438,226.8455810546875,879800
2023-04-05,229.63999938964844,231.00999450683594,217.30999755859375,220.35000610351562,215.54734802246094,1843700
2023-04-06,220.4199981689453,221.74000549316406,218.4199981689453,220.3300018310547,215.52777099609375,861200
2023-04-10,220.38999938964844,225.94000244140625,220.22000122070312,225.6999969482422,220.78073120117188,1145500
2023-04-11,227.0,231.7100067138672,226.5,229.85000610351562,224.8402862548828,956100
2023-04-12,231.00999450683594,236.50999450683594,230.89999389648438,232.82000732421875,227.7455596923828,1969500
2023-04-13,232.2100067138672,233.22999572753906,228.2899932861328,231.0800018310547,226.04345703125,644200
2023-04-14,231.33999633789062,235.4499969482422,231.33999633789062,233.61000061035156,228.518310546875,571800
2023-04-17,234.69000244140625,236.1699981689453,232.6699981689453,234.52000427246094,229.40850830078125,607800
2023-04-18,235.82000732421875,237.77999877929688,234.1199951171875,235.9600067138672,230.81710815429688,645600
2023-04-19,235.42999267578125,235.42999267578125,233.4199981689453,234.4499969482422,229.33999633789062,458000
2023-04-20,233.4199981689453,235.77999877929688,232.2100067138672,234.47999572753906,229.3693389892578,665000
2023-04-21,233.97000122070312,234.99000549316406,231.25999450683594,232.8800048828125,227.80422973632812,448900
2023-04-24,233.6300048828125,236.0800018310547,233.32000732421875,234.91000366210938,229.78997802734375,555000
2023-04-25,233.86000061035156,235.8800048828125,232.69000244140625,233.4600067138672,228.37159729003906,517800
2023-04-26,231.77000427246094,233.60000610351562,227.5,227.8300018310547,222.8643035888672,1099500
2023-04-27,227.27999877929688,231.10000610351562,224.89999389648438,230.88999938964844,225.8576202392578,922800
2023-04-28,230.77000427246094,235.2100067138672,230.64999389648438,235.0399932861328,229.91714477539062,756100
2023-05-01,235.27000427246094,238.1199951171875,233.89999389648438,234.5800018310547,229.4671630859375,1026700
2023-05-02,237.42999267578125,238.99000549316406,225.24000549316406,227.63999938964844,222.67843627929688,1598500
2023-05-03,229.94000244140625,230.60000610351562,223.00999450683594,224.4499969482422,219.55796813964844,1074700
2023-05-04,223.9499969482422,224.5800018310547,218.92999267578125,221.4499969482422,216.62335205078125,875400
2023-05-05,224.4499969482422,227.35000610351562,223.6300048828125,226.3800048828125,221.44590759277344,866000
2023-05-08,228.07000732421875,228.1999969482422,222.05999755859375,223.74000549316406,218.8634490966797,712300
2023-05-09,219.25,221.0800018310547,217.42999267578125,221.0399932861328,216.2222900390625,1330100
2023-05-10,223.1699981689453,223.75,213.9600067138672,215.5500030517578,210.85195922851562,1581100
2023-05-11,213.3300018310547,217.0500030517578,212.05999755859375,216.9499969482422,212.221435546875,1115200
2023-05-12,218.3699951171875,218.86000061035156,214.82000732421875,217.25,212.51490783691406,650500
2023-05-15,217.5800018310547,219.74000549316406,215.72999572753906,218.75,213.98220825195312,597100
2023-05-16,217.08999633789062,217.49000549316406,212.16000366210938,212.6300048828125,207.99559020996094,914500
2023-05-17,213.72000122070312,217.8800048828125,212.13999938964844,215.7100067138672,211.0084686279297,978900
2023-05-18,213.0399932861328,215.8000030517578,210.32000732421875,214.64999389648438,211.51100158691406,828500
2023-05-19,216.88999938964844,217.36000061035156,212.6999969482422,216.67999267578125,213.5113067626953,788200
2023-05-22,216.35000610351562,219.86000061035156,215.3000030517578,218.02999877929688,214.84156799316406,743800
2023-05-23,216.5399932861328,218.75,215.00999450683594,215.97999572753906,212.82154846191406,513900
2023-05-24,214.85000610351562,214.89999389648438,210.07000732421875,210.52999877929688,207.4512481689453,790500
2023-05-25,210.0,212.77000427246094,208.63999938964844,210.9600067138672,207.87496948242188,774200
2023-05-26,212.30999755859375,213.6699981689453,210.52999877929688,212.63999938964844,209.5303955078125,733000
2023-05-30,212.8699951171875,213.89999389648438,207.0800018310547,209.05999755859375,206.00274658203125,998700
2023-05-31,207.77000427246094,208.49000549316406,203.17999267578125,204.41000366210938,201.42074584960938,1775700
2023-06-01,204.7899932861328,208.6999969482422,203.92999267578125,206.86000061035156,203.8349151611328,1056700
2023-06-02,210.0800018310547,218.89999389648438,209.0,217.8000030517578,214.61492919921875,1513700
2023-06-05,216.67999267578125,218.69000244140625,214.77999877929688,218.25999450683594,215.06820678710938,897300
2023-06-06,218.5,224.55999755859375,217.39999389648438,222.85000610351562,219.59109497070312,1106800
2023-06-07,223.38999938964844,228.13999938964844,221.75999450683594,226.72999572753906,223.4143524169922,1122000
2023-06-08,227.07000732421875,228.75999450683594,225.52000427246094,226.89999389648438,223.5818634033203,1064900
2023-06-09,227.60000610351562,227.60000610351562,224.36000061035156,226.6300048828125,223.31581115722656,941800
2023-06-12,227.0500030517578,231.82000732421875,225.27999877929688,229.72999572753906,226.37046813964844,917100
2023-06-13,231.42999267578125,239.3699951171875,231.10000610351562,238.63999938964844,235.15016174316406,1371700
2023-06-14,240.02999877929688,241.52999877929688,233.8699951171875,234.30999755859375,230.88348388671875,1649900
2023-06-15,233.97999572753906,238.77999877929688,233.91000366210938,237.19000244140625,233.7213897705078,1260700
2023-06-16,238.08999633789062,238.3699951171875,234.80999755859375,235.80999755859375,232.36155700683594,1789400
2023-06-20,232.55999755859375,234.8699951171875,229.63999938964844,233.1300048828125,229.72076416015625,1297400
2023-06-21,231.0,234.82000732421875,229.75999450683594,233.25,229.8389892578125,1287400
2023-06-22,232.3699951171875,232.3699951171875,228.7899932861328,230.94000244140625,227.56277465820312,558700
2023-06-23,228.22000122070312,232.60000610351562,227.22999572753906,232.02000427246094,228.62698364257812,1459600
2023-06-26,232.9499969482422,236.11000061035156,232.5,234.22999572753906,230.80465698242188,731300
2023-06-27,234.82000732421875,239.8300018310547,232.8800048828125,239.6199951171875,236.1158447265625,1168800
2023-06-28,238.61000061035156,239.4199981689453,236.38999938964844,239.1300048828125,235.6330108642578,1033700
2023-06-29,239.8300018310547,246.35000610351562,238.82000732421875,242.0,238.46102905273438,987200
2023-06-30,243.80999755859375,246.8699951171875,242.6699981689453,245.16000366210938,241.5748291015625,849900
2023-07-03,245.41000366210938,249.22999572753906,244.6300048828125,248.39999389648438,244.76744079589844,622400
2023-07-05,246.0,246.8800048828125,243.11000061035156,243.3000030517578,239.7420196533203,859400
2023-07-06,241.16000366210938,242.8300018310547,239.75999450683594,242.1999969482422,238.65811157226562,583800
2023-07-07,241.10000610351562,248.19000244140625,241.10000610351562,245.8000030517578,242.20547485351562,814400
2023-07-10,246.11000061035156,253.5,246.07000732421875,253.00999450683594,249.31002807617188,1478800
2023-07-11,254.33999633789062,257.7099914550781,254.25,256.5899963378906,252.83767700195312,1153000
2023-07-12,259.6499938964844,260.3299865722656,256.2300109863281,257.0299987792969,253.271240234375,803800
2023-07-13,257.0199890136719,257.739990234375,253.89999389648438,254.49000549316406,250.76840209960938,834900
2023-07-14,254.19000244140625,255.1999969482422,249.8000030517578,252.1699981689453,248.48231506347656,529200
2023-07-17,251.91000366210938,255.52000427246094,249.88999938964844,255.1199951171875,251.38917541503906,748000
2023-07-18,255.57000732421875,259.5299987792969,255.1199951171875,259.1499938964844,255.36024475097656,611300
2023-07-19,256.8999938964844,259.6700134277344,256.19000244140625,258.8500061035156,255.0646209716797,645100
2023-07-20,259.6499938964844,260.0,257.2099914550781,259.9700012207031,256.1682434082031,685100
2023-07-21,260.75,261.0,257.70001220703125,258.75,254.96609497070312,2764800
2023-07-24,259.07000732421875,260.55999755859375,257.5400085449219,257.8900146484375,254.11868286132812,962500
2023-07-25,255.85000610351562,258.30999755859375,255.0,257.80999755859375,254.03982543945312,628800
2023-07-26,256.44000244140625,258.5799865722656,254.4499969482422,256.2200012207031,252.4730987548828,653800
2023-07-27,257.3699951171875,260.0400085449219,254.39999389648438,258.55999755859375,254.7788543701172,802900
2023-07-28,260.6199951171875,260.6199951171875,256.75,258.75,254.96609497070312,783700
2023-07-31,259.2900085449219,260.92999267578125,259.010009765625,260.79998779296875,256.986083984375,542200
2023-08-01,260.7699890136719,265.2799987792969,260.29998779296875,264.989990234375,261.1148376464844,837400
2023-08-02,263.80999755859375,265.19000244140625,261.17999267578125,262.2200012207031,258.3853454589844,1186600
2023-08-03,237.13999938964844,248.3800048828125,237.13999938964844,242.63999938964844,239.09169006347656,2049600
2023-08-04,243.0,244.5,235.3699951171875,236.50999450683594,233.0513153076172,1290500
2023-08-07,236.88999938964844,239.4199981689453,236.02999877929688,237.24000549316406,233.77064514160156,647200
2023-08-08,234.0,239.1999969482422,232.39999389648438,238.3300018310547,234.84471130371094,612000
2023-08-09,237.77999877929688,240.9600067138672,237.4199981689453,238.58999633789062,235.1009063720703,679800
2023-08-10,238.67999267578125,240.72000122070312,235.64999389648438,237.22000122070312,233.75094604492188,650300
2023-08-11,237.02999877929688,239.8800048828125,236.02999877929688,238.72000122070312,235.22900390625,627000
2023-08-14,238.00999450683594,238.72000122070312,236.63999938964844,237.08999633789062,233.62283325195312,395300
2023-08-15,235.94000244140625,235.94000244140625,231.92999267578125,232.57000732421875,229.1689453125,822400
2023-08-16,232.1699981689453,235.36000061035156,232.1699981689453,232.33999633789062,228.94229125976562,705700
2023-08-17,233.1300048828125,235.0500030517578,232.39999389648438,232.89999389648438,229.49411010742188,486900
2023-08-18,230.97000122070312,236.57000732421875,230.30999755859375,233.6199951171875,230.20358276367188,616200
2023-08-21,234.13999938964844,235.0,232.0500030517578,233.60000610351562,230.1838836669922,538600
2023-08-22,234.4499969482422,235.5500030517578,233.52999877929688,234.58999633789062,231.15939331054688,421500
2023-08-23,234.4600067138672,236.66000366210938,233.69000244140625,234.27999877929688,230.8539276123047,543600
2023-08-24,230.8800048828125,234.1699981689453,230.36000061035156,230.75,229.017822265625,601500
2023-08-25,232.0800018310547,233.44000244140625,228.85000610351562,232.0500030517578,230.3080596923828,614700
2023-08-28,233.5,234.74000549316406,231.55999755859375,232.6199951171875,230.873779296875,639000
2023-08-29,232.1999969482422,233.64999389648438,224.33999633789062,230.1300048828125,228.40248107910156,1122000
2023-08-30,230.4499969482422,232.5,230.08999633789062,232.02999877929688,230.2882080078125,776100
2023-08-31,232.3800048828125,232.86000061035156,229.60000610351562,230.0399932861328,228.31314086914062,1087600
2023-09-01,231.77000427246094,237.08999633789062,231.77000427246094,236.63999938964844,234.8636016845703,809300
2023-09-05,236.5,236.5,231.8000030517578,231.83999633789062,230.09963989257812,826600
2023-09-06,231.13999938964844,236.66000366210938,230.97999572753906,235.69000244140625,233.92074584960938,862300
2023-09-07,234.08999633789062,235.6199951171875,231.19000244140625,232.5500030517578,230.80430603027344,802300
2023-09-08,232.42999267578125,236.08999633789062,231.67999267578125,234.8699951171875,233.1068878173828,748200
2023-09-11,236.4499969482422,236.8300018310547,233.39999389648438,233.5800018310547,231.8265838623047,633200
2023-09-12,232.91000366210938,236.83999633789062,232.72999572753906,235.39999389648438,233.63290405273438,529600
2023-09-13,235.00999450683594,236.97999572753906,231.5500030517578,233.57000732421875,231.81666564941406,1366000
2023-09-14,235.14999389648438,238.10000610351562,234.63999938964844,237.0399932861328,235.26060485839844,1195100
2023-09-15,237.25,237.25,234.25,235.3699951171875,233.60313415527344,1185000
2023-09-18,235.17999267578125,238.5500030517578,234.55999755859375,238.33999633789062,236.55084228515625,1128400
2023-09-19,237.9199981689453,239.38999938964844,234.4499969482422,234.67999267578125,232.91831970214844,1211600
2023-09-20,235.8699951171875,239.24000549316406,232.5800018310547,232.8000030517578,231.05242919921875,884000
2023-09-21,231.9499969482422,231.9499969482422,228.74000549316406,228.80999755859375,227.09237670898438,639900
2023-09-22,229.17999267578125,232.25,229.0399932861328,230.77999877929688,229.04759216308594,575100
2023-09-25,229.41000366210938,232.75999450683594,229.41000366210938,231.50999450683594,229.77210998535156,486200
2023-09-26,229.27000427246094,231.8000030517578,228.52999877929688,229.0500030517578,227.33058166503906,614400
2023-09-27,230.82000732421875,231.77000427246094,228.7899932861328,229.9499969482422,228.2238311767578,554800
2023-09-28,228.72000122070312,233.8300018310547,228.3300018310547,231.30999755859375,229.57362365722656,659600
2023-09-29,232.63999938964844,233.07000732421875,227.27000427246094,228.4600067138672,226.74502563476562,815900
2023-10-02,227.9199981689453,228.3300018310547,224.97000122070312,225.5500030517578,223.8568572998047,660600
2023-10-03,224.33999633789062,226.47000122070312,222.89999389648438,223.89999389648438,222.21923828125,543000
2023-10-04,223.49000549316406,227.9199981689453,222.6199951171875,227.66000366210938,225.95101928710938,767900
2023-10-05,225.67999267578125,227.39999389648438,223.66000366210938,225.4199981689453,223.7278289794922,581000
2023-10-06,225.35000610351562,230.4600067138672,224.4199981689453,227.6199951171875,225.91131591796875,767400
2023-10-09,226.6999969482422,228.8300018310547,224.9199981689453,228.08999633789062,226.37779235839844,478500
2023-10-10,229.67999267578125,231.33999633789062,227.94000244140625,229.1999969482422,227.47946166992188,632100
2023-10-11,229.19000244140625,230.55999755859375,227.30999755859375,230.0500030517578,228.3230743408203,529100
2023-10-12,230.58999633789062,230.58999633789062,225.35000610351562,227.5399932861328,225.8319091796875,560700
2023-10-13,227.47000122070312,229.61000061035156,225.35000610351562,227.72000122070312,226.0105743408203,581300
2023-10-16,227.1300048828125,229.58999633789062,226.97000122070312,228.25,226.53659057617188,484200
2023-10-17,224.3699951171875,230.27000427246094,223.9499969482422,228.8000030517578,227.08245849609375,562900
2023-10-18,227.32000732421875,227.32000732421875,223.2899932861328,223.91000366210938,222.2291717529297,592700
2023-10-19,223.97000122070312,225.8300018310547,221.0500030517578,221.6999969482422,220.03575134277344,635000
2023-10-20,223.27999877929688,223.27999877929688,218.94000244140625,219.19000244140625,217.5446014404297,863600
2023-10-23,218.5800018310547,220.47000122070312,216.22999572753906,216.3000030517578,214.67630004882812,575700
2023-10-24,218.00999450683594,219.8300018310547,216.16000366210938,219.1999969482422,217.5545196533203,1049100
2023-10-25,219.60000610351562,221.7899932861328,217.92999267578125,218.5800018310547,216.93917846679688,660500
2023-10-26,218.52000427246094,220.50999450683594,217.77000427246094,218.10000610351562,216.46278381347656,634500
2023-10-27,217.6300048828125,218.66000366210938,214.7899932861328,215.24000549316406,213.62425231933594,638300
2023-10-30,217.0399932861328,218.0500030517578,214.94000244140625,217.66000366210938,216.02609252929688,643900
2023-10-31,215.94000244140625,217.39999389648438,214.30999755859375,216.3000030517578,214.67630004882812,1198800
2023-11-01,217.16000366210938,218.72000122070312,215.13999938964844,218.0500030517578,216.4131622314453,1369400
2023-11-02,223.75,225.07000732421875,212.8000030517578,217.94000244140625,216.30398559570312,1612500
2023-11-03,220.24000549316406,227.52999877929688,220.1199951171875,225.8800048828125,224.18438720703125,1167800
2023-11-06,226.47000122070312,227.30999755859375,219.94000244140625,220.0,218.34852600097656,881900
2023-11-07,218.89999389648438,220.8800048828125,217.07000732421875,219.63999938964844,217.99122619628906,835400
2023-11-08,219.82000732421875,220.0500030517578,217.3300018310547,217.49000549316406,215.85736083984375,789300
2023-11-09,219.0399932861328,219.38999938964844,214.6699981689453,215.44000244140625,213.82275390625,857000
2023-11-10,216.67999267578125,219.2899932861328,214.5800018310547,219.02000427246094,217.37588500976562,999400
2023-11-13,217.0800018310547,219.17999267578125,216.9199981689453,217.42999267578125,215.7978057861328,711100
2023-11-14,220.74000549316406,224.75999450683594,220.33999633789062,222.97999572753906,221.30615234375,964600
2023-11-15,223.60000610351562,225.0800018310547,223.08999633789062,223.75,222.07037353515625,840800
2023-11-16,223.22000122070312,225.4600067138672,222.80999755859375,223.4199981689453,221.7428436279297,522100
2023-11-17,225.0399932861328,225.63999938964844,223.75,225.5,223.80723571777344,523500
2023-11-20,225.0,225.6699981689453,223.22000122070312,224.16000366210938,222.477294921875,683800
2023-11-21,224.00999450683594,224.5399932861328,222.1300048828125,223.8000030517578,222.1199951171875,463300
2023-11-22,221.39999389648438,224.99000549316406,220.02000427246094,224.50999450683594,224.50999450683594,881800
2023-11-24,224.02000427246094,226.2899932861328,223.52000427246094,225.49000549316406,225.49000549316406,283900
2023-11-27,224.3699951171875,225.0500030517578,222.0399932861328,224.41000366210938,224.41000366210938,448800
2023-11-28,223.8800048828125,225.22000122070312,222.75,223.75,223.75,584100
2023-11-29,225.74000549316406,226.47999572753906,224.35499572753906,224.94500732421875,224.94500732421875,99632
2023-11-29,225.74000549316406,226.47999572753906,223.4199981689453,223.9499969482422,223.9499969482422,540496
2023-11-30,225.1199951171875,226.0,223.35000610351562,224.16000366210938,224.16000366210938,1158200
2023-12-01,225.0500030517578,227.27999877929688,223.50999450683594,226.30999755859375,226.30999755859375,894300
2023-12-01,225.0500030517578,227.27999877929688,223.50999450683594,226.30999755859375,226.30999755859375,867014
