Date,Open,High,Low,Close,Adj Close,Volume
2003-12-04,73.04000091552734,73.83000183105469,72.9000015258789,73.58000183105469,41.8780632019043,2027500
2003-12-05,73.58999633789062,73.79000091552734,73.05999755859375,73.22000122070312,41.673160552978516,1939700
2003-12-08,73.05000305175781,73.52999877929688,72.81999969482422,73.41000366210938,41.78131103515625,1201300
2003-12-09,73.6500015258789,73.69000244140625,72.93000030517578,73.12999725341797,41.62193298339844,1384800
2003-12-10,73.08000183105469,73.2300033569336,72.5199966430664,72.83000183105469,41.45117950439453,1143800
2003-12-11,73.05999755859375,73.1500015258789,72.43000030517578,72.94999694824219,41.519493103027344,1910600
2003-12-12,72.93000030517578,73.58999633789062,72.81999969482422,73.38999938964844,41.769920349121094,1493000
2003-12-15,73.63999938964844,73.94999694824219,73.30000305175781,73.30000305175781,41.71870422363281,2210300
2003-12-16,73.4800033569336,73.79000091552734,73.33999633789062,73.63999938964844,41.912193298339844,1316900
2003-12-17,73.5,73.55000305175781,72.63999938964844,73.54000091552734,41.855308532714844,2846700
2003-12-18,73.54000091552734,73.62000274658203,72.95999908447266,73.54000091552734,41.855308532714844,2617100
2003-12-19,73.63999938964844,73.75,73.30999755859375,73.73999786376953,41.96913146972656,2210400
2003-12-22,73.79000091552734,74.30999755859375,73.7699966430664,74.26000213623047,42.26509475708008,2027700
2003-12-23,74.25,74.81999969482422,74.04000091552734,74.44000244140625,42.3675422668457,1852900
2003-12-24,74.4000015258789,74.44999694824219,74.05999755859375,74.44999694824219,42.373207092285156,623300
2003-12-26,74.44000244140625,74.73999786376953,74.44000244140625,74.66000366210938,42.49275588989258,446500
2003-12-29,74.7300033569336,74.87000274658203,74.16999816894531,74.80999755859375,42.57813262939453,1355300
2003-12-30,74.80999755859375,74.83999633789062,73.91999816894531,74.1500015258789,42.20248794555664,1748300
2003-12-31,74.11000061035156,74.75,73.98999786376953,74.55000305175781,42.43014907836914,1933100
2004-01-02,73.19999694824219,74.80000305175781,73.1500015258789,73.6500015258789,41.91789627075195,2802800
2004-01-05,73.8499984741211,74.0,73.4000015258789,73.93000030517578,42.077274322509766,2118300
2004-01-06,73.93000030517578,73.93000030517578,72.95999908447266,73.4800033569336,41.821136474609375,1895900
2004-01-07,73.30000305175781,73.3499984741211,72.81999969482422,73.23999786376953,41.6845588684082,2484500
2004-01-08,73.31999969482422,73.37999725341797,72.41000366210938,72.63999938964844,41.34306335449219,2748300
2004-01-09,72.43000030517578,72.58000183105469,71.55999755859375,71.87999725341797,40.91050338745117,3285200
2004-01-12,72.0,72.54000091552734,71.94999694824219,72.22000122070312,41.10402297973633,2727300
2004-01-13,72.22000122070312,72.38999938964844,71.52999877929688,71.91000366210938,40.92757797241211,1957200
2004-01-14,72.04000091552734,72.66000366210938,72.04000091552734,72.45999908447266,41.2406005859375,2421100
2004-01-15,72.5,72.6500015258789,72.04000091552734,72.33999633789062,41.172306060791016,1934900
2004-01-16,72.48999786376953,73.0,72.4000015258789,73.0,41.547943115234375,2076200
2004-01-20,72.80000305175781,72.81999969482422,71.97000122070312,72.0999984741211,41.035728454589844,2289300
2004-01-21,72.11000061035156,72.48999786376953,72.0999984741211,72.30000305175781,41.14954376220703,2413400
2004-01-22,72.30000305175781,72.4000015258789,71.8499984741211,72.33000183105469,41.166622161865234,2260600
2004-01-23,72.33000183105469,72.54000091552734,72.0,72.27999877929688,41.13815689086914,1860300
2004-01-26,72.27999877929688,73.13999938964844,72.16999816894531,73.05999755859375,41.58210372924805,2033400
2004-01-27,73.05999755859375,73.33000183105469,72.5,72.79000091552734,41.42843246459961,2184800
2004-01-28,72.87000274658203,73.01000213623047,72.11000061035156,72.44000244140625,41.22922897338867,2091800
2004-01-29,72.44000244140625,72.62999725341797,71.7300033569336,72.51000213623047,41.26906204223633,2910200
2004-01-30,72.05000305175781,72.1500015258789,71.2699966430664,71.2699966430664,40.563323974609375,2303000
2004-02-02,71.4000015258789,71.80999755859375,70.68000030517578,71.08999633789062,40.46087646484375,2544900
2004-02-03,71.08999633789062,71.5,70.77999877929688,71.0,40.409664154052734,1897200
2004-02-04,71.0999984741211,71.43000030517578,70.58999633789062,71.08999633789062,40.46087646484375,2128400
2004-02-05,71.12999725341797,71.19000244140625,70.66000366210938,70.80000305175781,40.29582214355469,1915100
2004-02-06,70.79000091552734,71.73999786376953,70.72000122070312,71.3499984741211,40.60884475708008,1853800
2004-02-09,71.33999633789062,71.33999633789062,70.8499984741211,71.04000091552734,40.43242645263672,1202200
2004-02-10,71.04000091552734,71.0999984741211,70.6500015258789,71.05999755859375,40.443790435791016,1665700
2004-02-11,71.0,71.97000122070312,70.38999938964844,71.79000091552734,40.85927963256836,2328900
2004-02-12,71.54000091552734,71.69000244140625,71.05999755859375,71.11000061035156,40.472267150878906,1475800
2004-02-13,71.20999908447266,71.47000122070312,70.69999694824219,70.81999969482422,40.30722427368164,1695900
2004-02-17,71.22000122070312,71.4800033569336,70.83999633789062,71.23999786376953,40.5462532043457,1196100
2004-02-18,71.1500015258789,71.44999694824219,71.0,71.19000244140625,40.51780319213867,1041300
2004-02-19,71.11000061035156,71.37999725341797,70.33000183105469,70.41999816894531,40.237796783447266,2197000
2004-02-20,70.5999984741211,70.62000274658203,70.02999877929688,70.16000366210938,40.08925247192383,2380100
2004-02-23,70.18000030517578,70.18000030517578,69.30000305175781,69.63999938964844,39.79212188720703,2626500
2004-02-24,69.63999938964844,70.22000122070312,69.51000213623047,69.94999694824219,39.96924591064453,1934100
2004-02-25,69.87000274658203,69.97000122070312,69.58000183105469,69.8499984741211,39.912105560302734,1993400
2004-02-26,70.5,70.9800033569336,70.37000274658203,70.83000183105469,40.47208786010742,2165500
2004-02-27,70.4000015258789,71.27999877929688,70.4000015258789,70.62999725341797,40.35780715942383,2077300
2004-03-01,70.4000015258789,70.45999908447266,69.5999984741211,69.8499984741211,39.912105560302734,2760300
2004-03-02,70.0,70.0199966430664,69.29000091552734,69.47000122070312,39.69497299194336,2244000
2004-03-03,69.3499984741211,69.36000061035156,68.75,68.94999694824219,39.39785385131836,2957800
2004-03-04,68.94999694824219,69.41000366210938,68.75,69.37000274658203,39.63784408569336,1623300
2004-03-05,68.9000015258789,69.69999694824219,68.81999969482422,69.63999938964844,39.79212188720703,2559900
2004-03-08,69.5,69.58999633789062,69.01000213623047,69.08999633789062,39.477848052978516,1646600
2004-03-09,69.13999938964844,69.27999877929688,68.69999694824219,68.9000015258789,39.36928939819336,1926200
2004-03-10,68.8499984741211,69.38999938964844,68.41000366210938,68.55000305175781,39.16929626464844,2181200
2004-03-11,68.26000213623047,68.95999908447266,67.9000015258789,68.12999725341797,38.929298400878906,2405600
2004-03-12,68.19999694824219,69.08999633789062,68.0,68.94999694824219,39.39785385131836,1789600
2004-03-15,68.75,68.75,67.91999816894531,67.9800033569336,38.843605041503906,1966500
2004-03-16,68.2300033569336,68.54000091552734,67.51000213623047,68.06999969482422,38.895015716552734,2353000
2004-03-17,69.0,69.70999908447266,68.47000122070312,69.47000122070312,39.69497299194336,3175700
2004-03-18,69.30000305175781,69.8499984741211,69.06999969482422,69.73999786376953,39.8492546081543,2004400
2004-03-19,69.73999786376953,69.73999786376953,68.91000366210938,68.91999816894531,39.38072204589844,2293500
2004-03-22,68.44999694824219,68.8499984741211,68.13999938964844,68.33999633789062,39.049293518066406,1839000
2004-03-23,68.5999984741211,68.94000244140625,68.2300033569336,68.31999969482422,39.03786087036133,1699800
2004-03-24,68.36000061035156,68.66000366210938,67.94000244140625,68.36000061035156,39.060733795166016,1677900
2004-03-25,69.0999984741211,69.62000274658203,68.68000030517578,69.52999877929688,39.729248046875,2416900
2004-03-26,69.3499984741211,69.66999816894531,69.0,69.06999969482422,39.4664192199707,1977900
2004-03-29,69.30000305175781,69.94000244140625,69.19999694824219,69.79000091552734,39.87783432006836,2293800
2004-03-30,69.79000091552734,69.94000244140625,69.37000274658203,69.83999633789062,39.906394958496094,1805400
2004-03-31,69.69999694824219,69.91999816894531,69.25,69.83999633789062,39.906394958496094,2273600
2004-04-01,69.83999633789062,70.1500015258789,69.69000244140625,70.04000091552734,40.020668029785156,2038700
2004-04-02,70.9000015258789,70.9000015258789,70.05000305175781,70.47000122070312,40.266387939453125,2116600
2004-04-05,70.47000122070312,70.47000122070312,70.0,70.30000305175781,40.16925048828125,1621300
2004-04-06,70.31999969482422,70.7300033569336,70.23999786376953,70.69000244140625,40.39209747314453,2201500
2004-04-07,70.69999694824219,70.80000305175781,70.11000061035156,70.31999969482422,40.180660247802734,1900600
2004-04-08,70.72000122070312,70.75,70.0,70.47000122070312,40.266387939453125,1967800
2004-04-12,70.5,70.73999786376953,70.31999969482422,70.43000030517578,40.24352264404297,1304600
2004-04-13,70.62000274658203,70.66999816894531,70.02999877929688,70.13999938964844,40.07781982421875,1856000
2004-04-14,70.13999938964844,71.0,70.05000305175781,70.83999633789062,40.477783203125,2558400
2004-04-15,70.94000244140625,71.4000015258789,70.80000305175781,71.33000183105469,40.757774353027344,2789900
2004-04-16,71.5999984741211,71.72000122070312,71.20999908447266,71.62000274658203,40.92347717285156,1687000
2004-04-19,71.38999938964844,71.5199966430664,70.94999694824219,71.08000183105469,40.61492919921875,1797300
2004-04-20,71.19999694824219,71.26000213623047,70.3499984741211,70.41999816894531,40.237796783447266,1673200
2004-04-21,70.41999816894531,71.3499984741211,70.05999755859375,71.19999694824219,40.68348693847656,3141400
2004-04-22,71.30000305175781,72.0,70.66999816894531,71.94000244140625,41.10633087158203,3045200
2004-04-23,72.0999984741211,72.20999908447266,71.38999938964844,71.80000305175781,41.02634048461914,1908000
2004-04-26,71.91999816894531,71.98999786376953,71.2300033569336,71.54000091552734,40.877777099609375,2248200
2004-04-27,71.75,71.94999694824219,71.41999816894531,71.55999755859375,40.88920974731445,2194900
2004-04-28,71.56999969482422,71.56999969482422,70.86000061035156,70.86000061035156,40.489227294921875,2335400
2004-04-29,70.9800033569336,71.38999938964844,70.19999694824219,70.3499984741211,40.197792053222656,2093900
2004-04-30,70.5,70.86000061035156,70.0199966430664,70.1500015258789,40.083526611328125,2100600
2004-05-03,70.19999694824219,70.70999908447266,70.0999984741211,70.69999694824219,40.397804260253906,1855400
2004-05-04,70.62000274658203,70.7300033569336,69.83999633789062,70.23999786376953,40.134952545166016,2109200
2004-05-05,70.6500015258789,70.6500015258789,70.11000061035156,70.44999694824219,40.25495529174805,1764200
2004-05-06,70.1500015258789,70.54000091552734,69.69999694824219,70.3499984741211,40.197792053222656,1820300
2004-05-07,70.02999877929688,70.44000244140625,69.3499984741211,69.69000244140625,39.82068634033203,2318900
2004-05-10,69.69000244140625,69.69000244140625,68.88999938964844,69.27999877929688,39.58639907836914,2487500
2004-05-11,69.36000061035156,69.8499984741211,68.94999694824219,69.8499984741211,39.912105560302734,1689900
2004-05-12,69.36000061035156,69.83999633789062,68.5999984741211,69.80999755859375,39.889244079589844,2114600
2004-05-13,69.2699966430664,69.55000305175781,68.87999725341797,69.2699966430664,39.74007034301758,1829100
2004-05-14,69.05000305175781,69.66000366210938,68.9000015258789,69.37000274658203,39.79747009277344,1419200
2004-05-17,68.8499984741211,69.55000305175781,68.55000305175781,69.36000061035156,39.79172897338867,1741400
2004-05-18,69.55999755859375,69.80000305175781,69.2699966430664,69.44999694824219,39.84335708618164,1646300
2004-05-19,69.69999694824219,69.87999725341797,69.01000213623047,69.13999938964844,39.66551208496094,2358100
2004-05-20,69.13999938964844,69.16999816894531,68.61000061035156,68.95999908447266,39.562232971191406,2280400
2004-05-21,69.25,69.5,68.80999755859375,69.12000274658203,39.654048919677734,1518700
2004-05-24,69.4800033569336,69.66000366210938,69.2300033569336,69.5,39.87202835083008,1826600
2004-05-25,69.51000213623047,70.87999725341797,69.27999877929688,70.75,40.58917999267578,2431700
2004-05-26,70.54000091552734,70.9800033569336,70.20999908447266,70.97000122070312,40.71538543701172,1665700
2004-05-27,71.0,71.86000061035156,70.94999694824219,71.51000213623047,41.02516555786133,2156800
2004-05-28,71.58000183105469,71.87999725341797,71.18000030517578,71.72000122070312,41.14565658569336,1320000
2004-06-01,71.62000274658203,71.69999694824219,71.11000061035156,71.52999877929688,41.03664779663086,1968000
2004-06-02,71.77999877929688,72.0,71.70999908447266,71.97000122070312,41.28907775878906,1724200
2004-06-03,71.93000030517578,71.94000244140625,71.54000091552734,71.76000213623047,41.16860580444336,1799800
2004-06-04,71.77999877929688,71.98999786376953,71.43000030517578,71.73999786376953,41.1571159362793,1678600
2004-06-07,71.98999786376953,72.75,71.91000366210938,72.75,41.73659133911133,1947900
2004-06-08,72.5199966430664,73.1500015258789,72.44000244140625,73.1500015258789,41.96604537963867,1793500
2004-06-09,73.08000183105469,73.25,72.72000122070312,72.73999786376953,41.730831146240234,1463400
2004-06-10,72.80000305175781,73.41999816894531,72.80000305175781,73.19000244140625,41.98899459838867,1662100
2004-06-14,72.62999725341797,73.20999908447266,72.61000061035156,72.87000274658203,41.80541229248047,1530600
2004-06-15,73.05000305175781,73.5,72.83000183105469,73.13999938964844,41.96031188964844,2211600
2004-06-16,73.2300033569336,73.29000091552734,72.66000366210938,73.13999938964844,41.96031188964844,1564200
2004-06-17,73.13999938964844,73.13999938964844,72.44999694824219,72.88999938964844,41.816871643066406,1585500
2004-06-18,72.51000213623047,73.48999786376953,72.51000213623047,73.41999816894531,42.12095260620117,1941900
2004-06-21,73.41999816894531,73.76000213623047,73.02999877929688,73.63999938964844,42.24714279174805,1594700
2004-06-22,73.5999984741211,74.11000061035156,73.33000183105469,74.11000061035156,42.51679611206055,2016600
2004-06-23,74.4000015258789,74.73999786376953,74.1500015258789,74.58000183105469,42.78643798828125,2496900
2004-06-24,74.33000183105469,74.5999984741211,74.27999877929688,74.37000274658203,42.66595458984375,1733900
2004-06-25,74.48999786376953,74.94000244140625,74.25,74.7699966430664,42.89543151855469,2738800
2004-06-28,74.86000061035156,75.25,74.7699966430664,74.91999816894531,42.98149871826172,2986700
2004-06-29,75.02999877929688,75.26000213623047,74.9000015258789,74.98999786376953,43.02164077758789,1912700
2004-06-30,75.0,75.23999786376953,74.25,75.16999816894531,43.124916076660156,2301400
2004-07-01,75.08000183105469,75.29000091552734,74.08000183105469,74.77999877929688,42.90117645263672,2100200
2004-07-02,74.43000030517578,74.5,73.80000305175781,74.2699966430664,42.60857391357422,1696100
2004-07-06,74.13999938964844,74.13999938964844,73.43000030517578,73.76000213623047,42.31598663330078,1883100
2004-07-07,73.56999969482422,74.12999725341797,73.5199966430664,73.63999938964844,42.24714279174805,1899700
2004-07-08,73.66999816894531,73.83999633789062,72.69000244140625,72.69999694824219,41.707881927490234,2538000
2004-07-09,73.11000061035156,73.11000061035156,72.52999877929688,73.05999755859375,41.91442108154297,1950600
2004-07-12,72.94000244140625,73.08000183105469,72.5,72.97000122070312,41.86277389526367,1623000
2004-07-13,72.97000122070312,73.45999908447266,72.80999755859375,73.23999786376953,42.01768112182617,1918800
2004-07-14,72.87999725341797,73.8499984741211,72.7300033569336,73.22000122070312,42.006202697753906,1711400
2004-07-15,73.43000030517578,74.75,73.26000213623047,74.05000305175781,42.48237228393555,2486700
2004-07-16,74.83999633789062,74.83999633789062,73.5199966430664,73.79000091552734,42.33320617675781,2069100
2004-07-19,73.94999694824219,73.95999908447266,73.45999908447266,73.48999786376953,42.16108322143555,1409900
2004-07-20,73.69000244140625,74.20999908447266,73.69000244140625,74.0999984741211,42.51106262207031,1660500
2004-07-21,74.44999694824219,74.5,73.01000213623047,73.05999755859375,41.91442108154297,2038200
2004-07-22,72.0,72.94000244140625,71.5999984741211,72.62999725341797,41.6677131652832,3682300
2004-07-23,72.25,72.93000030517578,71.23999786376953,71.41000366210938,40.967811584472656,3010700
2004-07-26,71.44999694824219,71.73999786376953,71.0999984741211,71.30000305175781,40.90468978881836,2190200
2004-07-27,71.36000061035156,71.58000183105469,71.01000213623047,71.01000213623047,40.73833084106445,1864900
2004-07-28,71.0,71.47000122070312,70.51000213623047,71.0999984741211,40.78995895385742,2104900
2004-07-29,71.8499984741211,72.52999877929688,71.52999877929688,72.12999725341797,41.3808708190918,2342800
2004-07-30,71.88999938964844,71.95999908447266,71.5,71.95999908447266,41.28333282470703,1641700
2004-08-02,71.95999908447266,72.58999633789062,71.54000091552734,72.54000091552734,41.6160888671875,1445400
2004-08-03,72.36000061035156,72.68000030517578,72.12999725341797,72.66000366210938,41.6849365234375,1748800
2004-08-04,72.33000183105469,72.87999725341797,72.05000305175781,72.80999755859375,41.77098083496094,1567100
2004-08-05,72.61000061035156,72.73999786376953,71.12999725341797,71.12999725341797,40.80717468261719,2046000
2004-08-06,70.5999984741211,70.7300033569336,70.16999816894531,70.26000213623047,40.308067321777344,2687000
2004-08-09,70.2699966430664,70.75,70.26000213623047,70.51000213623047,40.45148849487305,1951700
2004-08-10,70.69999694824219,71.2300033569336,70.41999816894531,71.1500015258789,40.81865310668945,1179300
2004-08-11,70.73999786376953,70.94999694824219,70.30000305175781,70.41000366210938,40.39411544799805,2854600
2004-08-12,70.4000015258789,70.43000030517578,69.5,69.70999908447266,39.992523193359375,2422500
2004-08-13,69.6500015258789,70.2300033569336,69.1500015258789,69.25,39.72862243652344,2485600
2004-08-16,69.23999786376953,70.62999725341797,69.23999786376953,70.62999725341797,40.520320892333984,1821500
2004-08-17,70.68000030517578,70.9000015258789,70.25,70.5,40.44573211669922,1431400
2004-08-18,70.4800033569336,71.33999633789062,70.33000183105469,71.25,40.87601852416992,1600000
2004-08-19,70.87999725341797,71.0,70.06999969482422,70.75,40.74932098388672,1754400
2004-08-20,70.75,71.55000305175781,70.5,71.30999755859375,41.071842193603516,1776800
2004-08-23,71.77999877929688,72.19999694824219,71.41000366210938,71.54000091552734,41.204315185546875,2042100
2004-08-24,71.93000030517578,72.19999694824219,71.5999984741211,72.18000030517578,41.57292938232422,2258000
2004-08-25,72.18000030517578,72.80999755859375,71.86000061035156,72.69999694824219,41.87242126464844,2368100
2004-08-26,72.5999984741211,73.16000366210938,72.54000091552734,72.77999877929688,41.91850280761719,1751700
2004-08-27,72.79000091552734,73.12000274658203,72.61000061035156,72.7699966430664,41.912757873535156,1460900
2004-08-30,72.30000305175781,72.91000366210938,72.26000213623047,72.5999984741211,41.814823150634766,981200
2004-08-31,72.77999877929688,73.08999633789062,72.54000091552734,73.05000305175781,42.074031829833984,1311500
2004-09-01,72.91999816894531,73.38999938964844,72.31999969482422,72.87000274658203,41.9703483581543,1496100
2004-09-02,72.9000015258789,73.47000122070312,72.70999908447266,73.29000091552734,42.212257385253906,1547900
2004-09-03,73.38999938964844,73.43000030517578,72.86000061035156,73.04000091552734,42.068260192871094,1130100
2004-09-07,73.4800033569336,73.98999786376953,73.33999633789062,73.66999816894531,42.43111038208008,2192100
2004-09-08,73.9000015258789,73.93000030517578,73.58999633789062,73.72000122070312,42.45991897583008,2062500
2004-09-09,73.9000015258789,73.91999816894531,73.13999938964844,73.22000122070312,42.17191696166992,1660700
2004-09-10,73.16000366210938,73.88999938964844,72.80999755859375,73.7699966430664,42.48870086669922,2125200
2004-09-13,73.58999633789062,73.79000091552734,73.31999969482422,73.55000305175781,42.36199951171875,1515600
2004-09-14,73.4800033569336,74.0999984741211,73.36000061035156,74.0,42.62117385864258,1530100
2004-09-15,74.0,74.05999755859375,73.61000061035156,73.8499984741211,42.5347785949707,1758900
2004-09-16,73.8499984741211,74.25,73.7699966430664,74.0199966430664,42.632694244384766,1241700
2004-09-17,74.44999694824219,75.08000183105469,74.38999938964844,75.04000091552734,43.22019577026367,3817600
2004-09-20,75.04000091552734,75.30000305175781,74.80999755859375,75.05999755859375,43.23170471191406,2045000
2004-09-21,75.05999755859375,75.2699966430664,74.79000091552734,75.02999877929688,43.21442413330078,1749700
2004-09-22,74.44999694824219,74.44999694824219,73.25,73.38999938964844,42.26984405517578,3242400
2004-09-23,73.38999938964844,73.41999816894531,72.62000274658203,72.83000183105469,41.947296142578125,2390900
2004-09-24,72.9000015258789,73.75,72.87999725341797,73.5999984741211,42.390804290771484,1677100
2004-09-27,73.5999984741211,74.3499984741211,73.4000015258789,74.12000274658203,42.69029235839844,2030900
2004-09-28,74.44999694824219,74.58000183105469,73.9800033569336,74.52999877929688,42.92645263671875,1575300
2004-09-29,75.23999786376953,75.9800033569336,75.06999969482422,75.55999755859375,43.519683837890625,4564700
2004-09-30,75.56999969482422,76.0,75.16000366210938,75.91999816894531,43.72700881958008,2822700
2004-10-01,75.9800033569336,76.88999938964844,75.81999969482422,76.76000213623047,44.210838317871094,3240000
2004-10-04,76.94999694824219,77.5999984741211,76.9000015258789,77.2699966430664,44.504581451416016,3627500
2004-10-05,77.2699966430664,77.2699966430664,76.66999816894531,76.97000122070312,44.331783294677734,1806300
2004-10-06,77.19999694824219,77.58999633789062,76.66999816894531,77.18000030517578,44.452735900878906,2225000
2004-10-07,76.9800033569336,76.9800033569336,76.27999877929688,76.43000030517578,44.02075958251953,1745500
2004-10-08,76.43000030517578,76.6500015258789,75.76000213623047,76.02999877929688,43.79038619995117,1522800
2004-10-11,76.45999908447266,76.5,75.98999786376953,76.30000305175781,43.94588851928711,1131200
2004-10-12,76.0,76.91000366210938,75.76000213623047,76.69000244140625,44.17051696777344,2914100
2004-10-13,76.83000183105469,77.33999633789062,76.0999984741211,76.4000015258789,44.00348663330078,3465400
2004-10-14,76.1500015258789,76.81999969482422,76.1500015258789,76.19999694824219,43.8882942199707,1958200
2004-10-15,76.5999984741211,77.80000305175781,76.45999908447266,77.73999786376953,44.7752685546875,3104700
2004-10-18,77.4000015258789,78.58000183105469,77.4000015258789,78.44999694824219,45.18422317504883,2609300
2004-10-19,78.45999908447266,78.5999984741211,77.3499984741211,77.70999908447266,44.75800323486328,2099900
2004-10-20,77.55000305175781,78.16999816894531,77.05000305175781,77.80000305175781,44.809837341308594,2441000
2004-10-21,76.9000015258789,78.5,76.75,78.05000305175781,44.95381164550781,3596800
2004-10-22,78.05000305175781,78.27999877929688,76.19000244140625,76.48999786376953,44.055328369140625,2379200
2004-10-25,76.38999938964844,77.33999633789062,76.1500015258789,77.19999694824219,44.4642448425293,2043800
2004-10-26,77.5,78.41000366210938,76.86000061035156,78.41000366210938,45.161155700683594,2478400
2004-10-27,78.08000183105469,79.06999969482422,77.70999908447266,78.94999694824219,45.472198486328125,2741900
2004-10-28,78.8499984741211,79.06999969482422,78.23999786376953,78.93000030517578,45.46067810058594,1726600
2004-10-29,78.9800033569336,79.30000305175781,78.7699966430664,79.18000030517578,45.60466766357422,2563400
2004-11-01,79.16000366210938,79.25,78.51000213623047,78.69999694824219,45.32817840576172,1944900
2004-11-02,78.25,79.6500015258789,78.0999984741211,79.01000213623047,45.50674057006836,3675200
2004-11-03,79.95999908447266,80.0,79.4000015258789,79.80000305175781,45.96173858642578,2814500
2004-11-04,79.9000015258789,81.7300033569336,79.76000213623047,81.55000305175781,46.96968460083008,3550100
2004-11-05,81.94999694824219,81.94999694824219,81.12999725341797,81.76000213623047,47.09066390991211,2373800
2004-11-08,81.94000244140625,82.33999633789062,81.72000122070312,82.30000305175781,47.40166091918945,2588000
2004-11-09,82.9000015258789,82.9000015258789,81.66000366210938,82.23999786376953,47.36711120605469,1771600
2004-11-10,82.79000091552734,82.95999908447266,81.91999816894531,82.66999816894531,47.614784240722656,2773200
2004-11-11,82.9800033569336,84.05000305175781,82.87000274658203,83.87000274658203,48.305938720703125,2386700
2004-11-12,83.9000015258789,84.63999938964844,83.52999877929688,84.55000305175781,48.69755935668945,2755200
2004-11-15,84.55000305175781,84.55999755859375,83.48999786376953,83.73999786376953,48.23103332519531,2088600
2004-11-16,83.73999786376953,83.73999786376953,82.52999877929688,82.75,47.66086959838867,2279100
2004-11-17,82.88999938964844,83.9000015258789,82.88999938964844,83.3499984741211,48.006404876708984,1739800
2004-11-18,83.5999984741211,83.77999877929688,83.0,83.56999969482422,48.133140563964844,1515500
2004-11-19,83.5999984741211,83.7699966430664,82.30000305175781,83.08000183105469,47.85091018676758,2244000
2004-11-22,83.08000183105469,84.02999877929688,83.0,83.9000015258789,48.32320022583008,1648200
2004-11-23,83.9000015258789,84.05999755859375,83.16000366210938,83.80000305175781,48.26561737060547,2377200
2004-11-24,83.69999694824219,83.79000091552734,83.3499984741211,83.51000213623047,48.25982666015625,1930700
2004-11-26,83.69999694824219,83.87999725341797,83.25,83.63999938964844,48.33494186401367,540400
2004-11-29,84.1500015258789,84.69000244140625,83.20999908447266,84.01000213623047,48.548789978027344,2961600
2004-11-30,84.01000213623047,84.37999725341797,83.9000015258789,84.1500015258789,48.62968444824219,2592200
2004-12-01,84.37000274658203,85.3499984741211,84.0,85.3499984741211,49.32313919067383,3448000
2004-12-02,85.0,85.94999694824219,84.93000030517578,85.58999633789062,49.461830139160156,2850900
2004-12-03,85.58999633789062,86.02999877929688,85.12999725341797,85.62999725341797,49.484962463378906,2555800
2004-12-06,85.62999725341797,86.08999633789062,85.5,85.88999938964844,49.635223388671875,2435700
2004-12-07,86.0,86.72000122070312,85.73999786376953,85.88999938964844,49.635223388671875,2332700
2004-12-08,86.4000015258789,87.08999633789062,86.2699966430664,87.02999877929688,50.29402160644531,2949400
2004-12-09,87.0199966430664,87.69999694824219,86.68000030517578,87.52999877929688,50.58295822143555,2775900
2004-12-10,89.11000061035156,89.11000061035156,86.58999633789062,86.61000061035156,50.051292419433594,2468100
2004-12-13,87.25,87.43000030517578,86.80000305175781,87.3499984741211,50.47895050048828,2000700
2004-12-14,87.30000305175781,87.30999755859375,86.3499984741211,86.76000213623047,50.13797378540039,2147400
2004-12-15,86.41000366210938,86.73999786376953,85.75,86.25,49.84326171875,2790700
2004-12-16,85.80000305175781,86.2699966430664,85.51000213623047,85.9000015258789,49.6409912109375,3009500
2004-12-17,85.1500015258789,86.4000015258789,85.1500015258789,85.9000015258789,49.6409912109375,3944500
2004-12-20,86.22000122070312,86.72000122070312,85.4000015258789,85.58000183105469,49.4560661315918,2632500
2004-12-21,86.0,86.63999938964844,85.7699966430664,86.4800033569336,49.976192474365234,1917800
2004-12-22,86.58000183105469,86.94999694824219,86.36000061035156,86.69999694824219,50.103309631347656,1878200
2004-12-23,86.9000015258789,87.08999633789062,86.5,86.68000030517578,50.091739654541016,1743800
2004-12-27,86.69000244140625,86.87000274658203,85.27999877929688,85.27999877929688,49.28269958496094,2008600
2004-12-28,85.37999725341797,85.9800033569336,85.3499984741211,85.87000274658203,49.62367248535156,1512600
2004-12-29,85.9800033569336,86.02999877929688,85.69000244140625,85.72000122070312,49.536949157714844,1019100
2004-12-30,85.83999633789062,86.05000305175781,85.5199966430664,85.5199966430664,49.42139434814453,870200
2004-12-31,85.66999816894531,85.80000305175781,85.27999877929688,85.45999908447266,49.38671875,1196800
2005-01-03,85.33999633789062,85.83999633789062,84.75,85.0,49.12089157104492,2176500
2005-01-04,85.27999877929688,85.51000213623047,83.45999908447266,83.91999816894531,48.49675369262695,3127400
2005-01-05,83.86000061035156,84.37000274658203,83.66000366210938,83.75,48.39854431152344,2130700
2005-01-06,83.86000061035156,84.4800033569336,83.58999633789062,83.66000366210938,48.346500396728516,1773600
2005-01-07,84.05000305175781,84.87999725341797,83.3499984741211,83.5,48.254058837890625,2396900
2005-01-10,83.44999694824219,84.19000244140625,83.30000305175781,83.62000274658203,48.32340621948242,2170200
2005-01-11,83.5999984741211,83.69999694824219,83.19999694824219,83.30000305175781,48.13848876953125,1897000
2005-01-12,79.37999725341797,79.37999725341797,76.5,77.18000030517578,44.601768493652344,22627900
2005-01-13,76.93000030517578,77.4800033569336,75.80000305175781,76.0999984741211,43.97764205932617,9028300
2005-01-14,76.1500015258789,76.6500015258789,75.83999633789062,75.94999694824219,43.89095687866211,5439000
2005-01-18,75.94000244140625,76.01000213623047,74.9000015258789,75.30000305175781,43.51533889770508,6923300
2005-01-19,75.37000274658203,76.19000244140625,75.1500015258789,75.56999969482422,43.67135238647461,4839700
2005-01-20,75.56999969482422,76.0,75.11000061035156,75.22000122070312,43.469093322753906,4441100
2005-01-21,75.25,76.0999984741211,74.75,74.98999786376953,43.336181640625,5409300
2005-01-24,75.58999633789062,76.02999877929688,74.81999969482422,75.4000015258789,43.573123931884766,5181300
2005-01-25,75.77999877929688,76.4000015258789,75.43000030517578,76.08999633789062,43.97187805175781,4594400
2005-01-26,76.0999984741211,76.20999908447266,75.0,75.5,43.630897521972656,4253900
2005-01-27,75.4000015258789,75.4000015258789,72.0,74.01000213623047,42.769859313964844,15411900
2005-01-28,73.94999694824219,74.0999984741211,73.36000061035156,74.0999984741211,42.82186508178711,7152900
2005-01-31,74.19999694824219,74.93000030517578,74.1500015258789,74.68000030517578,43.15704345703125,4107700
2005-02-01,74.8499984741211,75.3499984741211,74.5199966430664,75.2300033569336,43.47486877441406,3326100
2005-02-02,75.36000061035156,75.4800033569336,75.01000213623047,75.19999694824219,43.457515716552734,2229900
2005-02-03,75.23999786376953,75.5,74.5999984741211,74.81999969482422,43.23793029785156,2292400
2005-02-04,74.87999725341797,75.0,74.0,74.0999984741211,42.82186508178711,3524200
2005-02-07,74.05000305175781,74.66999816894531,73.66000366210938,74.13999938964844,42.84497833251953,2192200
2005-02-08,74.0,74.08999633789062,72.86000061035156,74.08000183105469,42.810306549072266,5812100
2005-02-09,74.08000183105469,74.6500015258789,73.80000305175781,73.80000305175781,42.64850616455078,2807500
2005-02-10,74.3499984741211,75.0,74.19999694824219,74.51000213623047,43.05878448486328,2584900
2005-02-11,74.77999877929688,75.55000305175781,74.5,75.19999694824219,43.457515716552734,3065900
2005-02-14,75.31999969482422,75.51000213623047,74.9800033569336,75.0,43.34194564819336,1861600
2005-02-15,75.1500015258789,77.04000091552734,74.77999877929688,77.0199966430664,44.50932312011719,5191000
2005-02-16,77.2699966430664,78.98999786376953,77.0999984741211,78.87000274658203,45.57841873168945,6306600
2005-02-17,78.55000305175781,78.63999938964844,77.37000274658203,77.66999816894531,45.07352828979492,4064500
2005-02-18,77.69999694824219,77.80000305175781,77.22000122070312,77.22000122070312,44.812400817871094,1969200
2005-02-22,77.0199966430664,77.13999938964844,75.97000122070312,76.2300033569336,44.23786544799805,3311800
2005-02-23,76.3499984741211,77.18000030517578,76.3499984741211,76.6500015258789,44.481605529785156,2079500
2005-02-24,76.55000305175781,77.45999908447266,76.30000305175781,77.4000015258789,44.91683578491211,2313300
2005-02-25,77.0,77.44999694824219,76.77999877929688,77.19000244140625,44.79497528076172,2079300
2005-02-28,77.04000091552734,77.9800033569336,76.61000061035156,77.48999786376953,44.96907424926758,2508300
2005-03-01,77.61000061035156,77.95999908447266,77.25,77.41999816894531,44.92843246459961,2085300
2005-03-02,77.30000305175781,77.30999755859375,76.5,76.91000366210938,44.632484436035156,2334400
2005-03-03,77.30000305175781,77.6500015258789,76.55000305175781,77.25,44.82980728149414,2171600
2005-03-04,77.63999938964844,78.25,77.27999877929688,77.91000366210938,45.212806701660156,1935200
2005-03-07,78.05000305175781,78.7300033569336,77.66000366210938,78.37999725341797,45.48556137084961,1726800
2005-03-08,78.37999725341797,78.80000305175781,78.05999755859375,78.55000305175781,45.584228515625,1846400
2005-03-09,78.30000305175781,78.30999755859375,77.0,77.11000061035156,44.74855422973633,2357600
2005-03-10,77.5,77.55000305175781,76.69000244140625,76.95999908447266,44.6614875793457,2293300
2005-03-11,76.91999816894531,77.19999694824219,75.80000305175781,76.05999755859375,44.13922119140625,2442600
2005-03-14,76.25,76.55000305175781,75.63999938964844,76.54000091552734,44.417755126953125,2910400
2005-03-15,76.80000305175781,77.30000305175781,75.37999725341797,75.37999725341797,43.744606018066406,5342600
2005-03-16,75.37999725341797,75.37999725341797,74.06999969482422,74.41000366210938,43.181678771972656,3516500
2005-03-17,74.41000366210938,75.56999969482422,74.04000091552734,74.52999877929688,43.25133514404297,2636700
2005-03-18,74.31999969482422,74.33000183105469,72.5199966430664,73.5,42.65359115600586,7292800
2005-03-21,73.56999969482422,73.77999877929688,72.66999816894531,73.4800033569336,42.641971588134766,2869900
2005-03-22,73.62000274658203,74.2300033569336,72.95999908447266,73.0,42.363426208496094,2467500
2005-03-23,73.0,73.16999816894531,72.06999969482422,72.26000213623047,41.9339714050293,3327600
2005-03-24,72.30000305175781,72.9800033569336,72.19999694824219,72.19999694824219,41.89918518066406,1921100
2005-03-28,72.44999694824219,73.1500015258789,72.11000061035156,72.41999816894531,42.0268440246582,2610400
2005-03-29,72.43000030517578,72.69999694824219,71.58999633789062,71.86000061035156,41.701873779296875,2592800
2005-03-30,71.87999725341797,73.5,71.81999969482422,73.36000061035156,42.572330474853516,2352400
2005-03-31,73.5,73.55000305175781,72.5999984741211,72.73999786376953,42.21253204345703,2149500
2005-04-01,73.0,73.25,71.75,71.9000015258789,41.7250862121582,2429400
2005-04-04,71.86000061035156,72.5,71.55999755859375,72.3499984741211,41.986202239990234,2065600
2005-04-05,72.47000122070312,73.0,72.1500015258789,73.0,42.363426208496094,1739600
2005-04-06,73.47000122070312,73.97000122070312,72.94000244140625,73.04000091552734,42.38665008544922,2007700
2005-04-07,73.08000183105469,73.23999786376953,72.68000030517578,72.91999816894531,42.31699752807617,2348500
2005-04-08,72.9800033569336,72.9800033569336,71.5199966430664,71.69999694824219,41.6090202331543,3540100
2005-04-11,71.91000366210938,72.08000183105469,71.26000213623047,72.0,41.78311538696289,2179100
2005-04-12,71.6500015258789,73.0,70.70999908447266,72.6500015258789,42.16032791137695,2862400
2005-04-13,72.25,72.54000091552734,70.38999938964844,71.02999877929688,41.22018814086914,2726800
2005-04-14,71.18000030517578,71.27999877929688,69.30999755859375,69.91999816894531,40.5760383605957,4016400
2005-04-15,69.8499984741211,70.80999755859375,68.66999816894531,68.75,39.89706039428711,4670200
2005-04-18,68.80000305175781,69.94000244140625,67.5999984741211,68.87000274658203,39.96670913696289,3454900
2005-04-19,68.0,68.63999938964844,67.95999908447266,68.16999816894531,39.56047439575195,4291300
2005-04-20,68.25,68.30999755859375,67.0999984741211,67.26000213623047,39.032386779785156,4665000
2005-04-21,70.63999938964844,70.75,69.6500015258789,70.55999755859375,40.947452545166016,8920800
2005-04-22,70.1500015258789,70.55000305175781,66.6500015258789,67.9000015258789,39.4038200378418,7900500
2005-04-25,68.5,69.5,68.08999633789062,69.0,40.04214096069336,3958400
2005-04-26,68.98999786376953,69.0999984741211,68.2300033569336,68.48999786376953,39.746185302734375,6063500
2005-04-27,68.45999908447266,70.05000305175781,68.19999694824219,69.91000366210938,40.57024383544922,3453900
2005-04-28,69.81999969482422,70.6500015258789,69.5199966430664,69.7699966430664,40.489009857177734,3501400
2005-04-29,70.12000274658203,71.44000244140625,69.68000030517578,71.30999755859375,41.382694244384766,5046200
2005-05-02,71.30000305175781,72.0999984741211,71.25,71.9800033569336,41.77151870727539,3367300
2005-05-03,71.9000015258789,72.12000274658203,71.16999816894531,71.6500015258789,41.58000183105469,3087300
2005-05-04,71.66000366210938,71.9000015258789,71.04000091552734,71.61000061035156,41.556785583496094,2417500
2005-05-05,71.5,71.94999694824219,71.37999725341797,71.6500015258789,41.58000183105469,2251500
2005-05-06,71.80000305175781,72.19999694824219,71.22000122070312,71.5199966430664,41.504554748535156,2303900
2005-05-09,71.25,72.19000244140625,71.12000274658203,72.06999969482422,41.8237419128418,2271700
2005-05-10,71.86000061035156,71.94000244140625,71.26000213623047,71.62999725341797,41.568382263183594,2419600
2005-05-11,73.37999725341797,73.9800033569336,73.0199966430664,73.8499984741211,42.856689453125,5247100
2005-05-12,73.52999877929688,73.6500015258789,72.16999816894531,72.54000091552734,42.28542709350586,3693400
2005-05-13,72.73999786376953,73.37000274658203,71.80000305175781,72.1500015258789,42.05809783935547,2513900
2005-05-16,72.1500015258789,73.37000274658203,72.02999877929688,73.18000030517578,42.658512115478516,2544700
2005-05-17,73.19000244140625,73.94999694824219,72.58000183105469,73.91999816894531,43.089874267578125,3136800
2005-05-18,74.0,75.37999725341797,74.0,74.9000015258789,43.66114044189453,2698200
2005-05-19,75.3499984741211,75.37000274658203,74.5,75.16000366210938,43.81269836425781,2125100
2005-05-20,75.16000366210938,75.37999725341797,74.72000122070312,74.98999786376953,43.71359634399414,1940800
2005-05-23,75.0999984741211,75.87999725341797,74.98999786376953,75.30999755859375,43.900142669677734,1948300
2005-05-24,74.94000244140625,75.43000030517578,74.56999969482422,75.41000366210938,43.958438873291016,1699200
2005-05-25,75.22000122070312,75.22000122070312,74.4000015258789,74.9000015258789,43.66114044189453,1565600
2005-05-26,75.3499984741211,75.5999984741211,74.76000213623047,74.94999694824219,43.690277099609375,1952100
2005-05-27,75.05000305175781,75.06999969482422,74.44000244140625,74.69000244140625,43.5387077331543,1200900
2005-05-31,74.54000091552734,74.54000091552734,73.5,73.6500015258789,42.93247604370117,2600800
2005-06-01,73.66000366210938,74.4000015258789,73.30999755859375,73.6500015258789,42.93247604370117,2416000
2005-06-02,73.75,73.80999755859375,73.1500015258789,73.63999938964844,42.926639556884766,2131700
2005-06-03,73.25,73.5,72.52999877929688,72.81999969482422,42.44865798950195,2294000
2005-06-06,72.9800033569336,73.05000305175781,72.30000305175781,72.86000061035156,42.471981048583984,1758000
2005-06-07,73.06999969482422,73.87000274658203,73.0199966430664,73.0199966430664,42.56523895263672,2200800
2005-06-08,73.1500015258789,73.1500015258789,72.0999984741211,72.36000061035156,42.180511474609375,2144400
2005-06-09,71.0,71.5,70.5,71.19999694824219,41.504310607910156,6074900
2005-06-10,70.94999694824219,71.2300033569336,70.20999908447266,70.95999908447266,41.364402770996094,2554100
2005-06-13,70.80000305175781,70.80999755859375,70.04000091552734,70.16999816894531,40.90391159057617,2872100
2005-06-14,70.16999816894531,70.4800033569336,69.80000305175781,70.04000091552734,40.828128814697266,2791000
2005-06-15,70.20999908447266,70.44000244140625,69.62999725341797,69.8499984741211,40.71736526489258,2593400
2005-06-16,70.30999755859375,70.58999633789062,69.9000015258789,70.48999786376953,41.09043884277344,2460100
2005-06-17,71.1500015258789,71.19000244140625,70.48999786376953,70.9800033569336,41.37608337402344,3466300
2005-06-20,70.83000183105469,70.87999725341797,70.5,70.69999694824219,41.21285629272461,2306200
2005-06-21,70.69999694824219,70.95999908447266,70.33000183105469,70.55999755859375,41.13124465942383,1848400
2005-06-22,71.05000305175781,71.19999694824219,70.05000305175781,70.2300033569336,40.938873291015625,2903000
2005-06-23,68.5,69.76000213623047,67.69999694824219,68.91000366210938,40.16941833496094,8818600
2005-06-24,69.05000305175781,69.30000305175781,68.58999633789062,68.5999984741211,39.988712310791016,3297100
2005-06-27,68.5999984741211,68.77999877929688,68.38999938964844,68.4000015258789,39.87211990356445,2110800
2005-06-28,68.75,69.8499984741211,68.51000213623047,69.81999969482422,40.69987106323242,2945100
2005-06-29,70.48999786376953,70.52999877929688,69.3499984741211,69.37999725341797,40.443389892578125,3182300
2005-06-30,69.9000015258789,70.0999984741211,69.0,69.16000366210938,40.315128326416016,3061100
2005-07-01,69.44999694824219,69.98999786376953,69.0199966430664,69.20999908447266,40.34428787231445,1607400
2005-07-05,69.05000305175781,69.4800033569336,68.51000213623047,68.91999816894531,40.17525100708008,2077600
2005-07-06,68.75,68.91000366210938,67.69999694824219,67.70999908447266,39.469913482666016,3266000
2005-07-07,67.25,68.98999786376953,66.0999984741211,68.69999694824219,40.0469970703125,4042600
2005-07-08,68.80000305175781,70.25,68.25,69.94999694824219,40.77566146850586,3207200
2005-07-11,70.02999877929688,70.30000305175781,69.72000122070312,69.79000091552734,40.68239212036133,2487200
2005-07-12,69.69000244140625,70.0999984741211,69.31999969482422,69.79000091552734,40.68239212036133,2009800
2005-07-13,69.41999816894531,70.02999877929688,69.31999969482422,69.95999908447266,40.78147506713867,1770900
2005-07-14,70.8499984741211,71.0199966430664,70.02999877929688,70.66999816894531,41.19535827636719,2616600
2005-07-15,70.66999816894531,71.01000213623047,70.05999755859375,70.1500015258789,40.89224624633789,2305700
2005-07-18,70.05999755859375,70.69000244140625,69.97000122070312,69.97000122070312,40.78731918334961,1789600
2005-07-19,70.12000274658203,70.7300033569336,70.05999755859375,70.1500015258789,40.89224624633789,2365000
2005-07-20,69.91999816894531,73.11000061035156,69.77999877929688,72.81999969482422,42.44865798950195,4937200
2005-07-21,73.69999694824219,74.0,71.80999755859375,72.33999633789062,42.168853759765625,6498900
2005-07-22,73.0999984741211,73.44999694824219,72.47000122070312,72.91999816894531,42.50693893432617,2382400
2005-07-25,73.25,73.41999816894531,72.55999755859375,72.69999694824219,42.378700256347656,2155400
2005-07-26,73.1500015258789,73.68000030517578,72.75,73.41999816894531,42.79841613769531,2746100
2005-07-27,73.56999969482422,73.97000122070312,73.19000244140625,73.19999694824219,42.670162200927734,2280900
2005-07-28,73.62000274658203,73.9800033569336,73.2699966430664,73.7300033569336,42.979129791259766,1460600
2005-07-29,73.75,73.75,72.94999694824219,72.97000122070312,42.53608322143555,1799700
2005-08-01,72.9800033569336,73.55000305175781,72.91000366210938,73.02999877929688,42.57107925415039,1705700
2005-08-02,73.02999877929688,73.5,72.77999877929688,73.41999816894531,42.79841613769531,2570700
2005-08-03,73.0199966430664,74.1500015258789,73.01000213623047,74.12999725341797,43.212284088134766,2064000
2005-08-04,73.69999694824219,74.22000122070312,73.44000244140625,73.7300033569336,42.979129791259766,1453600
2005-08-05,73.44999694824219,73.76000213623047,73.36000061035156,73.44000244140625,42.81006622314453,1551100
2005-08-08,73.5999984741211,73.91999816894531,72.94999694824219,73.05000305175781,42.582733154296875,1685500
2005-08-09,73.62999725341797,73.80999755859375,73.0199966430664,73.16000366210938,42.64685821533203,1463100
2005-08-10,73.30999755859375,74.0999984741211,72.80000305175781,73.05999755859375,42.58856201171875,1840500
2005-08-11,72.80000305175781,73.51000213623047,72.5999984741211,73.22000122070312,42.68180847167969,1500500
2005-08-12,73.22000122070312,73.55000305175781,72.76000213623047,73.05999755859375,42.58856201171875,1411600
2005-08-15,72.87000274658203,73.30999755859375,72.5,73.0,42.5535774230957,1728900
2005-08-16,73.05000305175781,73.37999725341797,72.13999938964844,72.13999938964844,42.05226516723633,2059600
2005-08-17,72.19999694824219,72.5199966430664,71.5,72.30999755859375,42.151371002197266,2469000
2005-08-18,71.9000015258789,72.33000183105469,71.5,71.77999877929688,42.03424072265625,1629700
2005-08-19,72.12999725341797,72.30000305175781,71.4800033569336,71.4800033569336,41.85858154296875,1430600
2005-08-22,72.19999694824219,72.4000015258789,71.56999969482422,72.3499984741211,42.368019104003906,1920200
2005-08-23,72.36000061035156,72.5,71.86000061035156,72.11000061035156,42.22748565673828,3814900
2005-08-24,72.11000061035156,73.30000305175781,71.93000030517578,71.94999694824219,42.133792877197266,2382900
2005-08-25,71.94000244140625,72.18000030517578,71.52999877929688,71.91000366210938,42.11037063598633,1556800
2005-08-26,71.91000366210938,71.91000366210938,71.05999755859375,71.33000183105469,41.77072525024414,2358900
2005-08-29,70.83999633789062,71.3499984741211,70.5,71.19999694824219,41.6945915222168,1797300
2005-08-30,70.94999694824219,71.0,69.81999969482422,70.41999816894531,41.23780822753906,2988900
2005-08-31,70.41999816894531,70.88999938964844,69.75,70.88999938964844,41.51306915283203,3143700
2005-09-01,70.5199966430664,70.70999908447266,69.54000091552734,69.6500015258789,40.786903381347656,2655700
2005-09-02,69.9000015258789,70.30999755859375,68.9800033569336,68.9800033569336,40.39456558227539,2315900
2005-09-06,69.69999694824219,70.30000305175781,69.58000183105469,70.05000305175781,41.02115249633789,2026500
2005-09-07,70.0,70.0999984741211,69.51000213623047,69.7300033569336,40.83376693725586,1997200
2005-09-08,70.1500015258789,70.1500015258789,68.69999694824219,68.83000183105469,40.306732177734375,2111700
2005-09-09,68.98999786376953,68.98999786376953,68.30000305175781,68.5,40.11349105834961,2862000
2005-09-12,68.31999969482422,68.81999969482422,67.93000030517578,68.51000213623047,40.11932373046875,2525500
2005-09-13,68.69999694824219,69.0199966430664,68.4000015258789,68.43000030517578,40.07249450683594,2825600
2005-09-14,68.75,68.87000274658203,68.12000274658203,68.30000305175781,39.99634552001953,2226400
2005-09-15,68.4800033569336,68.8499984741211,68.25,68.45999908447266,40.090057373046875,1745900
2005-09-16,68.5,69.0,67.76000213623047,68.9800033569336,40.39456558227539,4465500
2005-09-19,68.5,68.75,67.0999984741211,67.26000213623047,39.387332916259766,2711000
2005-09-20,67.47000122070312,67.87999725341797,66.75,66.86000061035156,39.15309143066406,3184600
2005-09-21,68.3499984741211,69.5999984741211,67.26000213623047,67.91999816894531,39.77383041381836,3985000
2005-09-22,67.69999694824219,68.80000305175781,67.25,68.5999984741211,40.17203140258789,2511100
2005-09-23,68.5999984741211,68.80000305175781,67.68000030517578,68.37000274658203,40.0373649597168,2078200
2005-09-26,68.69999694824219,69.0999984741211,67.97000122070312,68.27999877929688,39.984642028808594,2049300
2005-09-27,68.55999755859375,68.9000015258789,67.91000366210938,68.5,40.11349105834961,2074500
2005-09-28,68.9000015258789,69.12999725341797,68.19000244140625,68.94000244140625,40.371131896972656,2282300
2005-09-29,68.73999786376953,70.44000244140625,68.27999877929688,70.37000274658203,41.20854187011719,2697700
2005-09-30,69.98999786376953,70.0,68.94999694824219,69.12999725341797,40.48240280151367,2310300
2005-10-03,69.30000305175781,69.75,68.4800033569336,69.31999969482422,40.59366226196289,2633800
2005-10-04,69.55000305175781,69.63999938964844,68.1500015258789,68.3499984741211,40.02564239501953,2605500
2005-10-05,68.02999877929688,68.37000274658203,66.9000015258789,66.9000015258789,39.1765251159668,4191800
2005-10-06,67.1500015258789,69.55000305175781,67.1500015258789,68.30000305175781,39.99634552001953,4047600
2005-10-07,68.55000305175781,69.22000122070312,67.87999725341797,68.44000244140625,40.078338623046875,1926000
2005-10-10,68.66999816894531,69.19999694824219,68.44999694824219,68.83000183105469,40.306732177734375,1822800
2005-10-11,68.83000183105469,69.98999786376953,68.80999755859375,69.45999908447266,40.67565155029297,2737400
2005-10-12,69.05000305175781,70.0,68.2300033569336,68.72000122070312,40.24231719970703,2479900
2005-10-13,68.25,68.66999816894531,67.80000305175781,68.12999725341797,39.89681625366211,2403600
2005-10-14,68.95999908447266,70.25,68.69999694824219,70.01000213623047,40.99774169921875,3023600
2005-10-17,70.4000015258789,70.95999908447266,69.61000061035156,70.4000015258789,41.22611999511719,2221800
2005-10-18,70.58000183105469,70.8499984741211,69.38999938964844,69.4800033569336,40.687374114990234,2230700
2005-10-19,69.3499984741211,71.25,69.0199966430664,70.83000183105469,41.477928161621094,2931700
2005-10-20,72.0,72.69999694824219,71.0199966430664,72.44000244140625,42.420745849609375,4549700
2005-10-21,73.0,73.44999694824219,71.63999938964844,71.68000030517578,41.975685119628906,5054900
2005-10-24,72.2699966430664,73.91999816894531,71.93000030517578,73.88999938964844,43.26984405517578,3291800
2005-10-25,73.69999694824219,73.98999786376953,72.91000366210938,73.5199966430664,43.053184509277344,2413700
2005-10-26,73.52999877929688,73.98999786376953,72.80000305175781,72.80000305175781,42.63154602050781,1969100
2005-10-27,72.83999633789062,72.88999938964844,71.95999908447266,71.97000122070312,42.145511627197266,2043200
2005-10-28,72.58000183105469,72.87000274658203,72.18000030517578,72.81999969482422,42.64327621459961,2057000
2005-10-31,73.5,73.54000091552734,72.86000061035156,72.94000244140625,42.71353530883789,2378100
2005-11-01,72.9800033569336,73.4000015258789,72.61000061035156,72.80000305175781,42.63154602050781,2133000
2005-11-02,72.80000305175781,74.08000183105469,72.48999786376953,73.87999725341797,43.264007568359375,2572300
2005-11-03,74.0,74.9000015258789,73.94999694824219,74.26000213623047,43.48653030395508,3571900
2005-11-04,74.26000213623047,74.26000213623047,73.5,74.0999984741211,43.39283752441406,1721000
2005-11-07,74.30000305175781,74.87999725341797,74.06999969482422,74.80999755859375,43.80862808227539,2185900
2005-11-08,74.30000305175781,74.94999694824219,74.30000305175781,74.69000244140625,43.73831558227539,1346000
2005-11-09,74.70999908447266,75.0,74.30000305175781,74.69999694824219,43.74417495727539,2436100
2005-11-10,74.94000244140625,75.69000244140625,74.51000213623047,75.69000244140625,44.323944091796875,2500300
2005-11-11,75.7300033569336,76.37000274658203,75.52999877929688,76.26000213623047,44.65774154663086,2705700
2005-11-14,76.73999786376953,77.38999938964844,76.55000305175781,77.18000030517578,45.196475982666016,2922600
2005-11-15,77.18000030517578,77.25,75.51000213623047,75.55999755859375,44.24781036376953,3682600
2005-11-16,75.80999755859375,75.98999786376953,74.94000244140625,75.44000244140625,44.177547454833984,2507900
2005-11-17,75.80999755859375,76.81999969482422,75.63999938964844,76.81999969482422,44.98567199707031,3645200
2005-11-18,77.94999694824219,78.20999908447266,77.0,78.1500015258789,45.76450729370117,4662600
2005-11-21,78.2300033569336,78.44999694824219,77.7699966430664,78.19000244140625,45.78792190551758,3068500
2005-11-22,78.9000015258789,79.97000122070312,78.70999908447266,79.77999877929688,46.71904754638672,5292000
2005-11-23,79.69999694824219,79.75,79.12999725341797,79.22000122070312,46.58378982543945,2192400
2005-11-25,79.6500015258789,79.8499984741211,79.5,79.54000091552734,46.77195739746094,1254800
2005-11-28,79.79000091552734,79.81999969482422,78.41999816894531,78.7699966430664,46.31917190551758,1992300
2005-11-29,79.4000015258789,79.41999816894531,78.31999969482422,78.48999786376953,46.15452194213867,2584700
2005-11-30,78.69999694824219,79.12000274658203,77.9000015258789,77.9000015258789,45.807586669921875,2253400
2005-12-01,78.25,78.6500015258789,77.94000244140625,78.06999969482422,45.90754318237305,1943700
2005-12-02,77.69999694824219,77.80000305175781,77.12000274658203,77.44999694824219,45.54297637939453,2798300
2005-12-05,76.95999908447266,77.0999984741211,75.5,76.04000091552734,44.713844299316406,3440100
2005-12-06,76.5,78.04000091552734,76.48999786376953,77.16000366210938,45.37246322631836,3174200
2005-12-07,77.25,77.69999694824219,76.69999694824219,77.19999694824219,45.39594268798828,2245800
2005-12-08,76.8499984741211,76.94999694824219,74.5,75.0199966430664,44.11408233642578,4403000
2005-12-09,75.37000274658203,75.91999816894531,75.30999755859375,75.79000091552734,44.56683349609375,2191800
2005-12-12,76.08000183105469,76.13999938964844,75.0199966430664,75.58999633789062,44.44922637939453,1977900
2005-12-13,76.4000015258789,76.4000015258789,74.70999908447266,75.4000015258789,44.33751678466797,2714400
2005-12-14,75.5,76.2699966430664,75.5,76.12999725341797,44.766780853271484,1984100
2005-12-15,76.0999984741211,76.61000061035156,75.52999877929688,76.2699966430664,44.849090576171875,2150400
2005-12-16,76.62000274658203,76.81999969482422,75.87999725341797,76.0199966430664,44.70207977294922,2998100
2005-12-19,76.19999694824219,76.38999938964844,74.9800033569336,75.06999969482422,44.14345169067383,1774400
2005-12-20,75.4000015258789,75.80000305175781,74.86000061035156,75.2300033569336,44.237545013427734,2220300
2005-12-21,76.19000244140625,77.86000061035156,75.9800033569336,76.62000274658203,45.05490493774414,5418800
2005-12-22,77.0,77.27999877929688,76.7300033569336,76.83999633789062,45.18428421020508,2769700
2005-12-23,76.9800033569336,77.37999725341797,76.76000213623047,77.13999938964844,45.36066818237305,1575700
2005-12-27,77.3499984741211,77.5199966430664,76.52999877929688,76.5999984741211,45.043148040771484,1635900
2005-12-28,76.69000244140625,76.69000244140625,75.97000122070312,76.4000015258789,44.925537109375,1469300
2005-12-29,76.3499984741211,76.98999786376953,75.8499984741211,75.86000061035156,44.60798645019531,1485300
2005-12-30,74.80000305175781,75.6500015258789,74.80000305175781,75.1500015258789,44.190494537353516,1872600
2006-01-03,76.13999938964844,76.13999938964844,73.69999694824219,75.55000305175781,44.425697326660156,3555000
2006-01-04,75.6500015258789,76.0999984741211,75.3499984741211,75.6500015258789,44.48451614379883,2958500
2006-01-05,75.6500015258789,76.05999755859375,75.47000122070312,75.68000030517578,44.502159118652344,2298600
2006-01-06,75.93000030517578,76.0,74.56999969482422,75.2300033569336,44.237545013427734,2995700
2006-01-09,75.20999908447266,76.33999633789062,75.0999984741211,76.1500015258789,44.77853012084961,2999100
2006-01-10,76.1500015258789,76.1500015258789,75.51000213623047,75.73999786376953,44.53742599487305,2118700
2006-01-11,75.95999908447266,75.95999908447266,75.12000274658203,75.3499984741211,44.308109283447266,1837800
2006-01-12,74.93000030517578,75.02999877929688,74.27999877929688,74.66999816894531,43.90824508666992,2774200
2006-01-13,74.9800033569336,75.2300033569336,74.25,74.5,43.80827713012695,1747000
2006-01-17,75.0,75.48999786376953,74.69000244140625,74.91999816894531,44.05524826049805,2863100
2006-01-18,74.93000030517578,75.91000366210938,74.66999816894531,75.58999633789062,44.44922637939453,2377200
2006-01-19,75.79000091552734,76.98999786376953,75.5,76.58000183105469,45.0313835144043,2527000
2006-01-20,76.69000244140625,76.9800033569336,75.0,75.23999786376953,44.24342346191406,4267100
2006-01-23,75.68000030517578,75.70999908447266,74.62999725341797,75.20999908447266,44.22576904296875,2405500
2006-01-24,75.48999786376953,76.5,75.26000213623047,76.1500015258789,44.77853012084961,3234300
2006-01-25,76.55000305175781,76.94000244140625,75.80000305175781,76.76000213623047,45.13722229003906,3627600
2006-01-26,76.69999694824219,76.69999694824219,74.26000213623047,75.55000305175781,44.425697326660156,6852000
2006-01-27,75.80000305175781,75.83999633789062,74.98999786376953,75.4000015258789,44.33751678466797,4092600
2006-01-30,75.55000305175781,75.70999908447266,74.9000015258789,74.9000015258789,44.043495178222656,2288500
2006-01-31,74.91000366210938,75.44999694824219,74.62000274658203,74.91000366210938,44.04936599731445,2570800
2006-02-01,74.93000030517578,74.95999908447266,74.2699966430664,74.76000213623047,43.96116638183594,2350500
2006-02-02,74.73999786376953,75.0999984741211,73.69999694824219,73.70999908447266,43.34374237060547,2363600
2006-02-03,73.0,73.30000305175781,72.75,73.05999755859375,42.96152114868164,2547200
2006-02-06,73.05999755859375,73.79000091552734,72.94999694824219,73.48999786376953,43.21437454223633,1779700
2006-02-07,73.62000274658203,73.8499984741211,72.73999786376953,72.79000091552734,42.802734375,2514800
2006-02-08,72.80000305175781,74.0,72.80000305175781,73.87999725341797,43.44369888305664,2091200
2006-02-09,73.9000015258789,73.9000015258789,73.41999816894531,73.7699966430664,43.37902069091797,2206000
2006-02-10,73.9000015258789,75.26000213623047,73.77999877929688,74.77999877929688,43.97293472290039,2860700
2006-02-13,74.4000015258789,75.27999877929688,74.36000061035156,75.02999877929688,44.11994934082031,1659300
2006-02-14,75.25,76.27999877929688,75.0199966430664,75.91999816894531,44.64326477050781,3490900
2006-02-15,75.93000030517578,76.3499984741211,75.27999877929688,76.30000305175781,44.866737365722656,2140500
2006-02-16,75.9000015258789,76.19000244140625,75.5,76.0999984741211,44.97310256958008,2119300
2006-02-17,76.30000305175781,76.31999969482422,75.80999755859375,76.25,45.06174850463867,2228700
2006-02-21,76.16000366210938,76.18000030517578,74.86000061035156,75.25,44.47077941894531,2432200
2006-02-22,75.7300033569336,76.12000274658203,75.55000305175781,75.87000274658203,44.83719253540039,1987000
2006-02-23,75.3499984741211,75.9000015258789,75.20999908447266,75.2699966430664,44.48260498046875,1841900
2006-02-24,75.37999725341797,75.80999755859375,75.01000213623047,75.31999969482422,44.512142181396484,2007400
2006-02-27,75.31999969482422,76.0,75.31999969482422,75.94999694824219,44.88444137573242,1466700
2006-02-28,75.80000305175781,75.91000366210938,74.62999725341797,74.70999908447266,44.15166091918945,2858600
2006-03-01,75.0999984741211,75.5,74.87999725341797,75.31999969482422,44.512142181396484,2283600
2006-03-02,75.06999969482422,75.16999816894531,74.5199966430664,74.94999694824219,44.29350280761719,2122500
2006-03-03,74.43000030517578,76.0,74.41999816894531,75.51000213623047,44.624420166015625,3008700
2006-03-06,75.4000015258789,76.33000183105469,75.1500015258789,76.0999984741211,44.97310256958008,2521300
2006-03-07,76.16999816894531,76.97000122070312,75.94000244140625,76.9000015258789,45.445899963378906,2742100
2006-03-08,76.75,77.0,76.01000213623047,77.0,45.50498962402344,2975600
2006-03-09,76.9000015258789,77.2300033569336,76.41999816894531,76.69999694824219,45.327693939208984,2462100
2006-03-10,76.69999694824219,77.51000213623047,76.43000030517578,77.36000061035156,45.717750549316406,2747300
2006-03-13,77.69000244140625,77.69999694824219,76.69999694824219,76.88999938964844,45.440006256103516,1810100
2006-03-14,76.88999938964844,78.18000030517578,76.83000183105469,78.0999984741211,46.15506362915039,3244400
2006-03-15,77.94000244140625,78.38999938964844,77.66000366210938,78.2300033569336,46.23188018798828,2676000
2006-03-16,78.0,78.16999816894531,77.55999755859375,78.0,46.09595489501953,3310100
2006-03-17,78.30000305175781,78.31999969482422,77.88999938964844,78.13999938964844,46.17869186401367,3406800
2006-03-20,78.0999984741211,78.4000015258789,77.80999755859375,78.22000122070312,46.22597885131836,1974300
2006-03-21,78.47000122070312,78.48999786376953,77.95999908447266,78.04000091552734,46.119598388671875,2429200
2006-03-22,78.04000091552734,78.91000366210938,77.8499984741211,78.8499984741211,46.598289489746094,2283200
2006-03-23,78.86000061035156,78.95999908447266,78.36000061035156,78.86000061035156,46.60419845581055,2461900
2006-03-24,78.08000183105469,78.9000015258789,78.08000183105469,78.81999969482422,46.58057403564453,1854900
2006-03-27,78.81999969482422,79.06999969482422,78.55999755859375,78.88999938964844,46.6219367980957,1779300
2006-03-28,78.06999969482422,79.1500015258789,78.06999969482422,78.87000274658203,46.6100959777832,1996300
2006-03-29,79.12000274658203,79.87999725341797,78.91000366210938,79.5999984741211,47.04150390625,3219100
2006-03-30,79.44999694824219,80.18000030517578,79.26000213623047,79.5199966430664,46.994232177734375,3355100
2006-03-31,79.66999816894531,79.9800033569336,79.36000061035156,79.37999725341797,46.91149139404297,3190300
2006-04-03,79.80000305175781,80.02999877929688,79.25,79.58000183105469,47.02970886230469,2992900
2006-04-04,79.80000305175781,80.88999938964844,79.66999816894531,80.6500015258789,47.662052154541016,3416000
2006-04-05,80.63999938964844,81.11000061035156,80.54000091552734,80.91000366210938,47.815704345703125,2824800
2006-04-06,80.83999633789062,81.47000122070312,80.1500015258789,81.3499984741211,48.07572937011719,2663300
2006-04-07,81.3499984741211,81.83000183105469,81.02999877929688,81.73999786376953,48.306209564208984,3766300
2006-04-10,81.80000305175781,81.95999908447266,81.0199966430664,81.56999969482422,48.20574188232422,2064300
2006-04-11,81.69999694824219,81.75,80.7699966430664,81.2699966430664,48.02842712402344,2730900
2006-04-12,81.5999984741211,81.69999694824219,81.26000213623047,81.45999908447266,48.14073944091797,2121000
2006-04-13,81.47000122070312,81.62999725341797,81.22000122070312,81.5999984741211,48.22348403930664,1609600
2006-04-17,81.4800033569336,81.75,80.91000366210938,81.04000091552734,47.89253234863281,2488100
2006-04-18,81.83999633789062,82.56999969482422,81.2300033569336,82.4000015258789,48.69624710083008,3651000
2006-04-19,82.8499984741211,82.87000274658203,82.18000030517578,82.5199966430664,48.767147064208984,2328400
2006-04-20,81.5,82.56999969482422,81.5,82.05000305175781,48.489402770996094,3574900
2006-04-21,82.45999908447266,82.63999938964844,81.56999969482422,82.02999877929688,48.47758483886719,2716900
2006-04-24,82.02999877929688,82.41999816894531,81.7699966430664,81.98999786376953,48.45393753051758,2210200
2006-04-25,82.0,82.01000213623047,80.68000030517578,80.9000015258789,47.80976867675781,3041500
2006-04-26,80.93000030517578,81.4000015258789,80.5,80.9800033569336,47.85706329345703,1786000
2006-04-27,80.91000366210938,81.66999816894531,80.5199966430664,81.44999694824219,48.13481903076172,3009900
2006-04-28,81.38999938964844,81.38999938964844,80.80000305175781,81.06999969482422,47.910247802734375,2682700
2006-05-01,81.31999969482422,81.41999816894531,80.5999984741211,80.87999725341797,47.797943115234375,2336400
2006-05-02,81.41999816894531,81.94999694824219,80.69000244140625,81.62999725341797,48.24119186401367,2220000
2006-05-03,81.62999725341797,82.1500015258789,81.33000183105469,81.6500015258789,48.25300598144531,2148400
2006-05-04,82.0,82.86000061035156,81.98999786376953,82.4000015258789,48.69624710083008,2551600
2006-05-05,83.0,83.91000366210938,82.73999786376953,83.3499984741211,49.25764465332031,3585500
2006-05-08,83.9800033569336,83.98999786376953,83.04000091552734,83.11000061035156,49.115840911865234,2061600
2006-05-09,83.12000274658203,83.44000244140625,82.51000213623047,83.0999984741211,49.10992431640625,2107300
2006-05-10,82.75,83.0,82.47000122070312,82.8499984741211,48.96218490600586,2226200
2006-05-11,82.47000122070312,82.55000305175781,81.37000274658203,81.83000183105469,48.582218170166016,2348200
2006-05-12,81.83000183105469,81.83999633789062,80.75,80.86000061035156,48.006324768066406,2332700
2006-05-15,80.5,81.66999816894531,80.30000305175781,81.31999969482422,48.279415130615234,2408800
2006-05-16,81.31999969482422,81.4000015258789,80.76000213623047,80.76000213623047,47.94695281982422,1805900
2006-05-17,80.26000213623047,80.5199966430664,79.37999725341797,79.7300033569336,47.33544921875,3031400
2006-05-18,80.0,80.30000305175781,79.4800033569336,79.5,47.19889450073242,3292100
2006-05-19,79.5999984741211,80.2300033569336,79.30999755859375,79.94000244140625,47.46011734008789,2810000
2006-05-22,80.30000305175781,80.94000244140625,79.5199966430664,80.30000305175781,47.673851013183594,3239600
2006-05-23,80.55000305175781,81.4000015258789,80.41000366210938,80.5,47.7926025390625,3188300
2006-05-24,80.19999694824219,80.7699966430664,79.5999984741211,80.0,47.49571990966797,3691100
2006-05-25,80.5999984741211,81.16999816894531,80.37000274658203,80.55000305175781,47.82230758666992,1986300
2006-05-26,80.87999725341797,81.06999969482422,80.5,81.02999877929688,48.10721969604492,1389000
2006-05-30,80.77999877929688,80.79000091552734,79.69999694824219,79.80000305175781,47.377010345458984,1807600
2006-05-31,80.05000305175781,80.55000305175781,79.7699966430664,80.55000305175781,47.82230758666992,2632100
2006-06-01,80.87000274658203,81.1500015258789,80.31999969482422,81.01000213623047,48.09539794921875,1871700
2006-06-02,81.01000213623047,81.25,80.66999816894531,81.05000305175781,48.11912536621094,2190200
2006-06-05,81.0199966430664,81.11000061035156,79.48999786376953,79.61000061035156,47.26418685913086,2053400
2006-06-06,79.75,80.18000030517578,78.91000366210938,80.04000091552734,47.51949691772461,2042900
2006-06-07,80.0999984741211,80.87999725341797,79.58000183105469,79.62999725341797,47.27607727050781,2332300
2006-06-08,79.66000366210938,79.8499984741211,78.25,79.58000183105469,47.24639892578125,3121200
2006-06-09,79.58000183105469,80.30999755859375,78.95999908447266,78.98999786376953,46.8961067199707,2006700
2006-06-12,79.19999694824219,79.54000091552734,78.66000366210938,78.66000366210938,46.70021057128906,1624400
2006-06-13,78.80000305175781,79.5999984741211,78.5199966430664,78.72000122070312,46.73581314086914,2440600
2006-06-14,78.47000122070312,78.94999694824219,77.55000305175781,78.19999694824219,46.427101135253906,2917000
2006-06-15,78.18000030517578,79.69000244140625,78.0,79.55999755859375,47.23453140258789,3273700
2006-06-16,79.55999755859375,79.94999694824219,79.22000122070312,79.27999877929688,47.06828689575195,3510700
2006-06-19,79.8499984741211,79.94999694824219,79.05000305175781,79.29000091552734,47.074214935302734,2440400
2006-06-20,79.4000015258789,80.19000244140625,79.37999725341797,79.70999908447266,47.32359313964844,2393200
2006-06-21,80.26000213623047,80.86000061035156,80.11000061035156,80.30000305175781,47.673851013183594,3397700
2006-06-22,80.25,80.69000244140625,79.83999633789062,80.5,47.7926025390625,1927800
2006-06-23,80.04000091552734,80.98999786376953,79.86000061035156,80.4000015258789,47.733211517333984,1579100
2006-06-26,80.12000274658203,80.68000030517578,80.02999877929688,80.68000030517578,47.89948654174805,1166700
2006-06-27,80.55000305175781,81.05999755859375,80.43000030517578,80.5,47.7926025390625,1890500
2006-06-28,80.56999969482422,81.31999969482422,80.5,81.19999694824219,48.20819091796875,2652600
2006-06-29,81.8499984741211,82.83999633789062,81.5,82.7699966430664,49.14029312133789,3161500
2006-06-30,82.95999908447266,83.12999725341797,82.33000183105469,82.33000183105469,48.87907409667969,2656700
2006-07-03,82.9800033569336,83.0,82.54000091552734,82.93000030517578,49.23528289794922,757600
2006-07-05,82.94000244140625,82.94000244140625,81.8499984741211,82.47000122070312,48.962158203125,1970100
2006-07-06,82.47000122070312,82.58999633789062,81.41000366210938,81.95999908447266,48.65938949584961,1955500
2006-07-07,81.86000061035156,81.87000274658203,80.87999725341797,81.08999633789062,48.14286804199219,1586300
2006-07-10,81.13999938964844,81.61000061035156,80.97000122070312,81.37999725341797,48.3150520324707,966100
2006-07-11,81.2300033569336,81.7300033569336,80.44000244140625,81.6500015258789,48.47535705566406,1620400
2006-07-12,81.8499984741211,81.86000061035156,80.27999877929688,80.69000244140625,47.9053955078125,1865600
2006-07-13,80.3499984741211,80.3499984741211,79.02999877929688,79.33000183105469,47.097984313964844,3462000
2006-07-14,79.33000183105469,79.36000061035156,77.22000122070312,78.56999969482422,46.646766662597656,3273600
2006-07-17,78.58999633789062,79.16999816894531,78.26000213623047,78.58000183105469,46.6526985168457,1709900
2006-07-18,78.36000061035156,79.13999938964844,77.9800033569336,78.97000122070312,46.88424301147461,2092400
2006-07-19,79.54000091552734,80.87999725341797,79.41999816894531,80.44999694824219,47.762901306152344,3679400
2006-07-20,80.2699966430664,80.83999633789062,78.91999816894531,78.97000122070312,46.88424301147461,2612400
2006-07-21,79.44999694824219,79.44999694824219,77.91999816894531,78.7300033569336,46.74174499511719,3569400
2006-07-24,78.80000305175781,80.30999755859375,78.80000305175781,80.0,47.49571990966797,2378500
2006-07-25,71.8499984741211,71.87999725341797,67.25,71.80000305175781,42.62742614746094,46443200
2006-07-26,71.0999984741211,71.19999694824219,67.77999877929688,67.83000183105469,40.270450592041016,19921900
2006-07-27,67.58999633789062,68.6500015258789,66.80000305175781,68.44999694824219,40.6385498046875,12591300
2006-07-28,68.5,70.1500015258789,68.1500015258789,70.01000213623047,41.56472396850586,7975900
2006-07-31,69.5999984741211,69.6500015258789,68.75,68.91000366210938,40.91165542602539,4932700
2006-08-01,68.66000366210938,69.0199966430664,68.0199966430664,68.80999755859375,40.85226821899414,3991900
2006-08-02,68.76000213623047,68.95999908447266,67.9000015258789,68.08999633789062,40.424808502197266,6407200
2006-08-03,67.83999633789062,68.88999938964844,67.48999786376953,68.5999984741211,40.72761535644531,5710700
2006-08-04,69.9800033569336,70.9000015258789,67.5,67.73999786376953,40.21702575683594,7276400
2006-08-07,68.55000305175781,68.55000305175781,66.5,66.51000213623047,39.48677444458008,4752300
2006-08-08,66.76000213623047,66.87000274658203,65.75,66.19000244140625,39.29678726196289,5283500
2006-08-09,66.66000366210938,66.79000091552734,65.51000213623047,65.91999816894531,39.1364860534668,5758100
2006-08-10,65.5,66.5999984741211,65.5,66.4800033569336,39.46896743774414,4155300
2006-08-11,66.72000122070312,66.79000091552734,66.12000274658203,66.51000213623047,39.48677444458008,3543200
2006-08-14,67.19000244140625,67.98999786376953,67.05000305175781,67.30000305175781,39.95580291748047,5040800
2006-08-15,68.19000244140625,69.0999984741211,68.01000213623047,69.0,40.965087890625,4489300
2006-08-16,69.72000122070312,72.18000030517578,69.55000305175781,72.12999725341797,42.8233642578125,10158300
2006-08-17,71.5,72.12999725341797,71.22000122070312,71.6500015258789,42.763671875,4311500
2006-08-18,71.6500015258789,71.75,70.69999694824219,71.08000183105469,42.42346954345703,3609400
2006-08-21,70.87999725341797,70.88999938964844,69.94999694824219,69.97000122070312,41.760982513427734,3191200
2006-08-22,70.22000122070312,71.16000366210938,69.73999786376953,70.94000244140625,42.33991241455078,3276000
2006-08-23,71.19000244140625,71.5999984741211,70.08000183105469,70.5199966430664,42.08924102783203,3185400
2006-08-24,71.0999984741211,71.25,69.7699966430664,70.0,41.77889633178711,2733700
2006-08-25,70.0,70.70999908447266,69.93000030517578,70.56999969482422,42.119083404541016,2055400
2006-08-28,70.91999816894531,71.5199966430664,70.27999877929688,70.52999877929688,42.095211029052734,3185200
2006-08-29,70.9800033569336,70.9800033569336,70.01000213623047,70.33999633789062,41.9818115234375,4225600
2006-08-30,70.5999984741211,70.72000122070312,70.18000030517578,70.54000091552734,42.10118103027344,2156800
2006-08-31,70.9000015258789,71.12000274658203,69.48999786376953,70.05000305175781,41.8087272644043,4597300
2006-09-01,70.9000015258789,71.19000244140625,70.51000213623047,71.08000183105469,42.42346954345703,2704700
2006-09-05,71.47000122070312,71.63999938964844,70.5,71.05999755859375,42.41154479980469,2328800
2006-09-06,71.02999877929688,71.02999877929688,70.04000091552734,70.30000305175781,41.957923889160156,3697100
2006-09-07,70.0999984741211,70.5999984741211,69.66999816894531,69.72000122070312,41.61176681518555,2387700
2006-09-08,69.79000091552734,70.19000244140625,69.37999725341797,69.55999755859375,41.51626968383789,2202500
2006-09-11,69.20999908447266,71.01000213623047,69.0,70.94999694824219,42.345882415771484,3029100
2006-09-12,71.25,72.55999755859375,70.80000305175781,72.55999755859375,43.30678176879883,4427800
2006-09-13,72.4800033569336,73.56999969482422,71.9000015258789,72.98999786376953,43.56345748901367,3367700
2006-09-14,72.79000091552734,72.94000244140625,71.7300033569336,71.75,42.823360443115234,2676800
2006-09-15,71.75,72.66000366210938,71.75,72.51000213623047,43.276954650878906,4449200
2006-09-18,72.54000091552734,72.98999786376953,72.37999725341797,72.62000274658203,43.34259033203125,2479000
2006-09-19,72.93000030517578,72.93000030517578,71.91000366210938,72.19999694824219,43.09192657470703,2748300
2006-09-20,72.79000091552734,73.19999694824219,72.41999816894531,72.61000061035156,43.33661651611328,2666900
2006-09-21,72.79000091552734,72.91000366210938,70.87999725341797,71.01000213623047,42.3817024230957,3703200
2006-09-22,71.0199966430664,71.4800033569336,70.68000030517578,70.88999938964844,42.31007766723633,2340500
2006-09-25,71.98999786376953,72.04000091552734,70.69999694824219,71.80999755859375,42.85917282104492,3374200
2006-09-26,72.05999755859375,72.83999633789062,71.81999969482422,72.70999908447266,43.39633560180664,2796900
2006-09-27,72.37999725341797,72.97000122070312,72.0199966430664,72.4000015258789,43.21132278442383,2587600
2006-09-28,72.4000015258789,72.80999755859375,72.0999984741211,72.52999877929688,43.28889465332031,2256900
2006-09-29,72.66000366210938,72.66999816894531,71.37000274658203,71.94000244140625,42.936771392822266,3164500
2006-10-02,72.44000244140625,72.75,71.91999816894531,72.4000015258789,43.21132278442383,2554400
2006-10-03,72.48999786376953,74.13999938964844,72.06999969482422,73.61000061035156,43.9334831237793,3340600
2006-10-04,73.5,74.68000030517578,72.5999984741211,74.48999786376953,44.45869827270508,3515000
2006-10-05,74.29000091552734,75.72000122070312,74.19999694824219,75.43000030517578,45.01973342895508,4414600
2006-10-06,74.94999694824219,74.95999908447266,73.97000122070312,74.2699966430664,44.32738494873047,2669500
2006-10-09,73.87000274658203,74.2300033569336,73.5199966430664,74.0,44.16625213623047,2012400
2006-10-10,74.0,74.2300033569336,73.70999908447266,73.87999725341797,44.09463119506836,2135700
2006-10-11,73.4000015258789,74.12000274658203,73.31999969482422,73.70999908447266,43.9931640625,2625200
2006-10-12,74.13999938964844,74.19999694824219,73.61000061035156,73.7699966430664,44.02898406982422,2120200
2006-10-13,73.73999786376953,73.94999694824219,73.30999755859375,73.4000015258789,43.80815124511719,2180200
2006-10-16,73.08000183105469,74.5999984741211,73.0199966430664,74.12000274658203,44.237876892089844,2855900
2006-10-17,73.62999725341797,74.4800033569336,73.11000061035156,73.69999694824219,43.9871711730957,3075500
2006-10-18,74.0,74.2300033569336,72.08999633789062,72.41000366210938,43.21726989746094,4499300
2006-10-19,73.9800033569336,76.08000183105469,73.6500015258789,75.25,44.91229248046875,10637100
2006-10-20,75.16999816894531,76.25,74.4000015258789,76.0999984741211,45.41961669921875,5014600
2006-10-23,76.0,76.94999694824219,75.5999984741211,76.05000305175781,45.3897705078125,3199600
2006-10-24,75.80000305175781,76.31999969482422,75.75,76.05999755859375,45.395729064941406,2595500
2006-10-25,75.94000244140625,76.41000366210938,75.12999725341797,75.68000030517578,45.1689453125,2574500
2006-10-26,75.61000061035156,75.83000183105469,75.2699966430664,75.44999694824219,45.03167724609375,1577000
2006-10-27,75.37999725341797,75.38999938964844,74.75,74.87000274658203,44.68550491333008,2379300
2006-10-30,74.87999725341797,76.0,74.87999725341797,75.9000015258789,45.30025863647461,2796100
2006-10-31,76.0,76.44000244140625,75.01000213623047,75.3499984741211,44.97198486328125,3017100
2006-11-01,75.88999938964844,76.08000183105469,73.94999694824219,74.19999694824219,44.28561782836914,3311100
2006-11-02,74.12999725341797,74.5,73.79000091552734,74.0,44.16625213623047,1929600
2006-11-03,74.37000274658203,74.5,73.19999694824219,73.19999694824219,43.68878173828125,2163200
2006-11-06,73.73999786376953,74.91000366210938,73.7300033569336,74.5999984741211,44.52434158325195,3422100
2006-11-07,74.5999984741211,75.45999908447266,74.31999969482422,75.30999755859375,44.94810485839844,3622200
2006-11-08,75.19000244140625,75.19000244140625,74.41000366210938,74.93000030517578,44.721317291259766,1992000
2006-11-09,74.77999877929688,74.88999938964844,74.1500015258789,74.38999938964844,44.39901351928711,3089100
2006-11-10,74.73999786376953,75.73999786376953,74.5999984741211,75.55999755859375,45.09731674194336,2191000
2006-11-13,75.55999755859375,76.37999725341797,75.44000244140625,76.26000213623047,45.515098571777344,3737600
2006-11-14,76.38999938964844,77.7699966430664,76.36000061035156,77.61000061035156,46.320838928222656,5348400
2006-11-15,77.5,78.05999755859375,77.30999755859375,77.91000366210938,46.499900817871094,3493800
2006-11-16,77.91999816894531,78.88999938964844,77.9000015258789,78.58000183105469,46.899776458740234,3287200
2006-11-17,79.0,79.48999786376953,78.66999816894531,79.12999725341797,47.22802734375,5244800
2006-11-20,79.12999725341797,79.72000122070312,78.69000244140625,79.27999877929688,47.317569732666016,2749900
2006-11-21,79.27999877929688,79.68000030517578,78.79000091552734,79.5199966430664,47.4608039855957,3900700
2006-11-22,79.19999694824219,79.3499984741211,78.76000213623047,79.0199966430664,47.38884353637695,2108100
2006-11-24,79.12000274658203,79.27999877929688,78.76000213623047,78.83999633789062,47.280906677246094,1024800
2006-11-27,78.76000213623047,79.5,78.19999694824219,78.2699966430664,46.93907165527344,3739600
2006-11-28,78.1500015258789,78.30999755859375,77.44000244140625,78.12999725341797,46.85511779785156,2901100
2006-11-29,78.23999786376953,78.70999908447266,77.95999908447266,78.58000183105469,47.12497329711914,2849000
2006-11-30,78.12000274658203,78.68000030517578,77.4000015258789,77.91999816894531,46.72917175292969,4187900
2006-12-01,77.91999816894531,78.0999984741211,76.66000366210938,77.30999755859375,46.36333465576172,2973700
2006-12-04,77.44000244140625,78.41000366210938,77.43000030517578,78.02999877929688,46.795135498046875,2980000
2006-12-05,78.25,78.5,77.6500015258789,78.19000244140625,46.89109420776367,2757800
2006-12-06,78.19000244140625,78.30000305175781,77.69000244140625,78.04000091552734,46.80113983154297,1888800
2006-12-07,78.48999786376953,78.7699966430664,77.87000274658203,78.01000213623047,46.78314208984375,2830400
2006-12-08,77.80999755859375,78.37999725341797,77.36000061035156,78.11000061035156,46.843116760253906,2136800
2006-12-11,78.05000305175781,78.38999938964844,77.37000274658203,77.7699966430664,46.639198303222656,1523900
2006-12-12,77.55000305175781,77.76000213623047,76.5,76.9000015258789,46.11747741699219,3439500
2006-12-13,77.30000305175781,77.3499984741211,76.20999908447266,76.51000213623047,45.88356399536133,2430200
2006-12-14,76.25,76.91999816894531,75.8499984741211,76.83999633789062,46.08149719238281,2146100
2006-12-15,76.83999633789062,77.26000213623047,76.4000015258789,76.66999816894531,45.97953796386719,3352200
2006-12-18,76.91999816894531,77.12999725341797,76.47000122070312,76.69999694824219,45.997535705566406,1785600
2006-12-19,76.36000061035156,76.45999908447266,75.55000305175781,75.75,45.427818298339844,2881600
2006-12-20,74.9000015258789,75.20999908447266,74.44999694824219,74.7699966430664,44.84008026123047,3888700
2006-12-21,74.9800033569336,75.3499984741211,73.83999633789062,74.55000305175781,44.70816421508789,2968700
2006-12-22,74.4000015258789,74.4000015258789,73.63999938964844,73.87000274658203,44.300350189208984,2950800
2006-12-26,73.62000274658203,74.33000183105469,73.62000274658203,74.22000122070312,44.510257720947266,1374600
2006-12-27,74.75,75.45999908447266,74.66000366210938,75.12000274658203,45.04999923706055,2750800
2006-12-28,75.0999984741211,75.29000091552734,74.5,74.95999908447266,44.95403289794922,1925600
2006-12-29,74.7699966430664,75.41000366210938,74.5,74.9800033569336,44.96601867675781,2752600
2007-01-03,75.44999694824219,75.9800033569336,74.4000015258789,74.97000122070312,44.96003723144531,3955300
2007-01-04,75.25,75.5,74.5199966430664,75.08999633789062,45.03200912475586,2306000
2007-01-05,75.04000091552734,75.04000091552734,73.62000274658203,74.1500015258789,44.468265533447266,3602400
2007-01-08,74.16000366210938,74.58999633789062,73.73999786376953,74.37999725341797,44.606204986572266,2354800
2007-01-09,74.9800033569336,75.0,73.91000366210938,74.08000183105469,44.426307678222656,3322200
2007-01-10,73.75,73.8499984741211,73.25,73.62999725341797,44.156429290771484,2895100
2007-01-11,73.62999725341797,73.87999725341797,73.55000305175781,73.6500015258789,44.16841125488281,3060900
2007-01-12,73.6500015258789,74.47000122070312,73.3499984741211,74.44000244140625,44.64218521118164,3027600
2007-01-16,74.80000305175781,75.3499984741211,74.61000061035156,74.87999725341797,44.906070709228516,3693000
2007-01-17,74.94999694824219,75.22000122070312,74.68000030517578,75.0,44.978023529052734,2737600
2007-01-18,75.12000274658203,75.4000015258789,74.62000274658203,74.80999755859375,44.864078521728516,2895700
2007-01-19,75.30000305175781,75.30000305175781,74.75,75.0199966430664,44.9900016784668,4242100
2007-01-22,75.05000305175781,75.16999816894531,73.72000122070312,74.27999877929688,44.54623794555664,3972600
2007-01-23,74.29000091552734,74.29000091552734,73.41999816894531,73.62000274658203,44.15041732788086,2702800
2007-01-24,73.9000015258789,74.81999969482422,73.62000274658203,74.44999694824219,44.6481819152832,3481600
2007-01-25,74.44000244140625,74.44999694824219,73.43000030517578,73.61000061035156,44.14444351196289,2706500
2007-01-26,73.80000305175781,73.80000305175781,72.20999908447266,72.48999786376953,43.472774505615234,4726200
2007-01-29,72.5,73.81999969482422,72.47000122070312,73.6500015258789,44.16841125488281,3937400
2007-01-30,71.16999816894531,72.69999694824219,70.37999725341797,72.69999694824219,43.59870529174805,12995800
2007-01-31,72.30000305175781,72.61000061035156,71.5,72.27999877929688,43.34681701660156,6078800
2007-02-01,72.8499984741211,73.73999786376953,72.73999786376953,73.63999938964844,44.16240692138672,4495700
2007-02-02,73.56999969482422,74.4800033569336,73.5,74.16999816894531,44.480262756347656,5510000
2007-02-05,74.18000030517578,74.33000183105469,73.6500015258789,73.68000030517578,44.18640899658203,2751500
2007-02-06,73.69999694824219,74.0,73.66000366210938,73.93000030517578,44.336341857910156,2259700
2007-02-07,74.16000366210938,74.16000366210938,73.45999908447266,73.91999816894531,44.33033752441406,2461100
2007-02-08,73.91999816894531,73.93000030517578,73.20999908447266,73.33000183105469,43.97651290893555,2348500
2007-02-09,74.12000274658203,74.23999786376953,73.27999877929688,73.55999755859375,44.114437103271484,3573800
2007-02-12,73.94999694824219,74.08999633789062,73.68000030517578,73.87000274658203,44.300350189208984,2636700
2007-02-13,73.9000015258789,74.44999694824219,73.56999969482422,74.38999938964844,44.61220169067383,3617300
2007-02-14,74.51000213623047,75.31999969482422,74.51000213623047,75.0199966430664,44.9900016784668,4576900
2007-02-15,75.0,75.19000244140625,74.38999938964844,74.4800033569336,44.91765213012695,3738800
2007-02-16,74.19999694824219,74.5999984741211,73.83000183105469,74.04000091552734,44.65229034423828,3249700
2007-02-20,74.0,74.23999786376953,73.69999694824219,73.9000015258789,44.567867279052734,2550200
2007-02-21,73.7699966430664,74.0999984741211,73.44999694824219,73.80000305175781,44.50755310058594,2891300
2007-02-22,73.7699966430664,74.18000030517578,73.26000213623047,73.4000015258789,44.266319274902344,2760600
2007-02-23,73.4000015258789,73.4000015258789,72.75,73.33999633789062,44.23011016845703,3844700
2007-02-26,73.4800033569336,73.73999786376953,72.69000244140625,72.79000091552734,43.8984489440918,3836400
2007-02-27,72.5999984741211,72.5999984741211,70.0,70.2300033569336,42.354549407958984,6281200
2007-02-28,70.4000015258789,70.93000030517578,69.93000030517578,70.19000244140625,42.33041000366211,7900600
2007-03-01,69.4000015258789,70.30000305175781,68.66000366210938,70.12000274658203,42.28820037841797,4972800
2007-03-02,69.94999694824219,70.0999984741211,69.33999633789062,69.47000122070312,41.89619064331055,3676800
2007-03-05,69.2699966430664,70.11000061035156,68.75,69.69999694824219,42.03490447998047,7667000
2007-03-06,70.0,70.23999786376953,69.41999816894531,69.91000366210938,42.161563873291016,4800800
2007-03-07,69.91000366210938,70.3499984741211,69.77999877929688,70.0,42.21583938598633,4024800
2007-03-08,70.08999633789062,70.5,69.75,69.87000274658203,42.13744354248047,3170600
2007-03-09,70.94999694824219,70.98999786376953,70.37000274658203,70.62999725341797,42.59577178955078,3071500
2007-03-12,70.87999725341797,71.38999938964844,70.62000274658203,71.1500015258789,42.90937423706055,3238800
2007-03-13,70.5,70.9800033569336,69.76000213623047,69.91000366210938,42.161563873291016,4159900
2007-03-14,70.12000274658203,70.31999969482422,68.75,70.2300033569336,42.354549407958984,5049200
2007-03-15,70.30000305175781,70.63999938964844,69.33000183105469,69.41000366210938,41.860015869140625,4343700
2007-03-16,69.69999694824219,69.81999969482422,68.80999755859375,69.26000213623047,41.76954650878906,6065400
2007-03-19,69.6500015258789,69.8499984741211,69.06999969482422,69.4800033569336,41.902244567871094,3494000
2007-03-20,69.27999877929688,70.37999725341797,69.26000213623047,70.25,42.36660385131836,2839400
2007-03-21,69.69999694824219,71.31999969482422,69.33999633789062,71.27999877929688,42.98777770996094,5350600
2007-03-22,70.70999908447266,71.37999725341797,70.56999969482422,71.08999633789062,42.87318420410156,3341600
2007-03-23,71.12999725341797,71.62999725341797,70.79000091552734,71.47000122070312,43.10237503051758,3123600
2007-03-26,71.25,71.3499984741211,70.5,71.30999755859375,43.005859375,2782100
2007-03-27,71.02999877929688,71.16000366210938,70.63999938964844,70.9000015258789,42.758609771728516,2160000
2007-03-28,70.5999984741211,70.9000015258789,70.04000091552734,70.4000015258789,42.45706558227539,3141600
2007-03-29,71.48999786376953,71.48999786376953,69.62000274658203,70.16000366210938,42.31233215332031,3389300
2007-03-30,70.16000366210938,70.7300033569336,69.58999633789062,70.0999984741211,42.27613830566406,3216900
2007-04-02,70.08999633789062,70.13999938964844,69.52999877929688,69.86000061035156,42.13140106201172,3251700
2007-04-03,70.0,70.41000366210938,69.75,69.95999908447266,42.191715240478516,3802800
2007-04-04,69.80000305175781,69.9800033569336,69.56999969482422,69.87999725341797,42.143463134765625,3278500
2007-04-05,69.75,70.38999938964844,69.6500015258789,70.26000213623047,42.37263870239258,3813900
2007-04-09,70.23999786376953,70.98999786376953,70.0,70.08999633789062,42.27011489868164,2729500
2007-04-10,70.06999969482422,70.9000015258789,70.0,70.79000091552734,42.692264556884766,3257200
2007-04-11,70.62000274658203,70.76000213623047,70.19000244140625,70.47000122070312,42.499290466308594,3452100
2007-04-12,70.29000091552734,70.5999984741211,69.80999755859375,70.37999725341797,42.445011138916016,2920400
2007-04-13,70.80999755859375,70.80999755859375,69.70999908447266,70.30999755859375,42.40277862548828,2679100
2007-04-16,70.41000366210938,71.16999816894531,70.19000244140625,71.08000183105469,42.86716842651367,2963900
2007-04-17,71.25,71.87999725341797,70.86000061035156,71.63999938964844,43.204898834228516,2762800
2007-04-18,71.1500015258789,71.58000183105469,71.08999633789062,71.4000015258789,43.060157775878906,2788500
2007-04-19,71.75,72.05000305175781,71.0,71.98999786376953,43.41596984863281,3236000
2007-04-20,71.98999786376953,73.19999694824219,71.98999786376953,72.81999969482422,43.916542053222656,5555800
2007-04-23,72.6500015258789,73.0,71.9000015258789,71.94000244140625,43.38581848144531,2575200
2007-04-24,71.80999755859375,72.1500015258789,71.44000244140625,71.93000030517578,43.37978744506836,3482200
2007-04-25,71.4800033569336,73.05000305175781,71.11000061035156,73.0,44.02508544921875,4411100
2007-04-26,72.4000015258789,72.75,71.6500015258789,71.91000366210938,43.36772918701172,5186400
2007-04-27,71.87000274658203,71.9000015258789,71.08999633789062,71.5,43.12046813964844,3895900
2007-04-30,71.38999938964844,71.5199966430664,70.37000274658203,70.43000030517578,42.47515869140625,4423100
2007-05-01,70.5999984741211,70.68000030517578,69.70999908447266,69.94000244140625,42.17965316772461,5320900
2007-05-02,70.0,70.87999725341797,70.0,70.73999786376953,42.66210174560547,4514300
2007-05-03,70.97000122070312,71.4000015258789,70.66000366210938,70.88999938964844,42.75258255004883,3284000
2007-05-04,70.98999786376953,71.33999633789062,70.83000183105469,71.08999633789062,42.87318420410156,2524900
2007-05-07,71.33999633789062,71.4800033569336,70.75,70.77999877929688,42.68623733520508,2178900
2007-05-08,70.62000274658203,70.88999938964844,70.25,70.83999633789062,42.722442626953125,2739200
2007-05-09,70.83999633789062,71.0999984741211,70.58000183105469,70.9000015258789,42.758609771728516,2854400
2007-05-10,70.5,71.05999755859375,69.75,69.83000183105469,42.113304138183594,4801800
2007-05-11,69.98999786376953,71.41999816894531,69.91999816894531,71.2699966430664,42.981746673583984,4383200
2007-05-14,71.05000305175781,71.43000030517578,70.44000244140625,70.68000030517578,42.625919342041016,2577400
2007-05-15,70.80000305175781,71.27999877929688,70.4000015258789,70.4800033569336,42.50532531738281,3706300
2007-05-16,70.5999984741211,71.36000061035156,70.27999877929688,71.33999633789062,43.02397918701172,2932600
2007-05-17,70.91999816894531,70.91999816894531,70.08999633789062,70.1500015258789,42.556854248046875,2761000
2007-05-18,70.25,70.36000061035156,70.0,70.05000305175781,42.49618148803711,3364000
2007-05-21,70.0199966430664,70.5,69.9000015258789,70.30999755859375,42.6539192199707,3340400
2007-05-22,70.5,70.5,69.91000366210938,70.0999984741211,42.52650451660156,2839600
2007-05-23,70.0999984741211,70.44999694824219,69.8499984741211,69.9800033569336,42.45370101928711,3491300
2007-05-24,70.25,70.91000366210938,70.11000061035156,70.6500015258789,42.86017608642578,4341300
2007-05-25,70.7300033569336,71.23999786376953,70.68000030517578,71.08000183105469,43.12102508544922,2920700
2007-05-29,71.0999984741211,71.5,70.91000366210938,71.33999633789062,43.27877426147461,2906300
2007-05-30,71.16999816894531,71.55999755859375,70.9000015258789,71.55999755859375,43.41221618652344,3048700
2007-05-31,71.55999755859375,72.19999694824219,71.3499984741211,71.97000122070312,43.660945892333984,3332100
2007-06-01,72.0999984741211,72.47000122070312,71.97000122070312,72.36000061035156,43.897544860839844,3521200
2007-06-04,72.36000061035156,72.36000061035156,71.79000091552734,72.2699966430664,43.84295654296875,2285600
2007-06-05,72.5,72.5,71.62999725341797,71.72000122070312,43.5092887878418,3407300
2007-06-06,71.62999725341797,71.62999725341797,71.0,71.62000274658203,43.44862365722656,3409800
2007-06-07,71.62000274658203,72.30000305175781,70.93000030517578,71.25,43.22416687011719,5872900
2007-06-08,71.25,72.44000244140625,71.25,72.31999969482422,43.87328338623047,4188800
2007-06-11,72.06999969482422,72.87999725341797,71.75,72.4800033569336,43.97035217285156,3589700
2007-06-12,72.05000305175781,72.4000015258789,71.19999694824219,71.25,43.22416687011719,3650700
2007-06-13,71.6500015258789,72.26000213623047,70.95999908447266,72.13999938964844,43.76408767700195,3435500
2007-06-14,72.13999938964844,74.04000091552734,72.13999938964844,73.94999694824219,44.86214065551758,6573000
2007-06-15,74.26000213623047,74.4800033569336,74.0,74.05000305175781,44.92280578613281,5461300
2007-06-18,74.0,74.13999938964844,73.25,73.31999969482422,44.479957580566406,3545500
2007-06-19,73.0,73.19999694824219,72.45999908447266,73.0,44.28580856323242,3702300
2007-06-20,72.23999786376953,74.08999633789062,72.23999786376953,72.91000366210938,44.23122024536133,4110000
2007-06-21,73.08999633789062,73.58999633789062,72.66000366210938,73.37000274658203,44.510276794433594,2782400
2007-06-22,73.0,73.0999984741211,72.33999633789062,72.8499984741211,44.19480895996094,3625300
2007-06-25,72.68000030517578,73.91000366210938,72.68000030517578,73.29000091552734,44.46174621582031,3951900
2007-06-26,73.43000030517578,73.75,72.83000183105469,73.1500015258789,44.37681579589844,2990400
2007-06-27,72.58000183105469,73.66000366210938,72.4800033569336,73.55999755859375,44.62553405761719,3532700
2007-06-28,73.83000183105469,73.9000015258789,73.11000061035156,73.62000274658203,44.66193389892578,2633700
2007-06-29,73.58000183105469,73.7300033569336,72.56999969482422,73.0,44.28580856323242,4397400
2007-07-02,73.4800033569336,73.8499984741211,72.88999938964844,73.33000183105469,44.48601150512695,3063500
2007-07-03,73.3499984741211,73.4800033569336,73.04000091552734,73.19999694824219,44.40714645385742,1444700
2007-07-05,73.0999984741211,73.80000305175781,72.69999694824219,73.75,44.74079895019531,2994900
2007-07-06,73.76000213623047,73.83999633789062,73.37999725341797,73.69999694824219,44.71046829223633,2325900
2007-07-09,73.80000305175781,74.56999969482422,73.58000183105469,74.4000015258789,45.1351432800293,3806300
2007-07-10,73.72000122070312,74.5,73.62999725341797,74.04000091552734,44.91673278808594,4503400
2007-07-11,73.81999969482422,74.48999786376953,73.58000183105469,74.33000183105469,45.0926628112793,2224600
2007-07-12,73.76000213623047,74.80999755859375,73.55000305175781,74.76000213623047,45.35350799560547,2926700
2007-07-13,74.58000183105469,75.41999816894531,74.33999633789062,75.1500015258789,45.590110778808594,4441100
2007-07-16,75.9800033569336,76.0,74.76000213623047,75.52999877929688,45.82064437866211,3712200
2007-07-17,75.26000213623047,75.9000015258789,74.80999755859375,75.5199966430664,45.814579010009766,3057000
2007-07-18,75.56999969482422,75.87999725341797,74.63999938964844,75.19999694824219,45.62045669555664,4200500
2007-07-19,75.26000213623047,75.9800033569336,75.0999984741211,75.83999633789062,46.00871658325195,3588200
2007-07-20,75.62000274658203,75.62000274658203,74.75,75.01000213623047,45.50519943237305,5094400
2007-07-23,74.9800033569336,75.55000305175781,74.29000091552734,74.54000091552734,45.22006607055664,4390100
2007-07-24,74.05000305175781,76.1500015258789,74.05000305175781,74.68000030517578,45.304988861083984,7001100
2007-07-25,75.4800033569336,78.4000015258789,74.91000366210938,76.20999908447266,46.23317337036133,5703200
2007-07-26,75.5999984741211,76.52999877929688,75.22000122070312,75.69999694824219,45.92378234863281,8206100
2007-07-27,75.69999694824219,76.88999938964844,75.51000213623047,75.66999816894531,45.90556716918945,7603500
2007-07-30,75.66999816894531,77.0,75.5,76.81999969482422,46.603248596191406,6635200
2007-07-31,77.0,77.1500015258789,75.63999938964844,75.72000122070312,45.93592071533203,7073500
2007-08-01,75.51000213623047,77.06999969482422,75.16000366210938,76.93000030517578,46.669979095458984,6828700
2007-08-02,76.95999908447266,77.4000015258789,76.0199966430664,76.58000183105469,46.45765686035156,5554100
2007-08-03,76.44000244140625,76.91000366210938,75.12999725341797,75.16999816894531,45.602237701416016,5924300
2007-08-06,75.43000030517578,77.83000183105469,75.3499984741211,77.83000183105469,47.2159538269043,7055700
2007-08-07,77.01000213623047,78.5,77.01000213623047,77.73999786376953,47.16135025024414,7464400
2007-08-08,77.55999755859375,78.61000061035156,77.0999984741211,78.37000274658203,47.543540954589844,5706300
2007-08-09,77.5,78.98999786376953,77.4000015258789,78.0999984741211,47.37975311279297,7435200
2007-08-10,76.83999633789062,78.01000213623047,76.31999969482422,76.75,46.5607795715332,10144000
2007-08-13,76.80000305175781,77.63999938964844,76.51000213623047,76.70999908447266,46.536502838134766,4634200
2007-08-14,76.81999969482422,76.9000015258789,75.66999816894531,75.70999908447266,45.92983627319336,5010800
2007-08-15,75.70999908447266,75.75,74.06999969482422,74.2300033569336,45.032005310058594,6679200
2007-08-16,73.0,75.51000213623047,72.87000274658203,74.81999969482422,45.38991165161133,8968000
2007-08-17,76.06999969482422,76.77999877929688,75.02999877929688,76.31999969482422,46.29988479614258,7609000
2007-08-20,76.12999725341797,76.72000122070312,75.55999755859375,75.94000244140625,46.069400787353516,3671800
2007-08-21,75.5999984741211,76.33999633789062,75.16999816894531,75.5199966430664,45.814579010009766,3257700
2007-08-22,75.76000213623047,76.23999786376953,75.4800033569336,76.04000091552734,46.130035400390625,3334000
2007-08-23,76.27999877929688,76.63999938964844,75.69000244140625,76.41999816894531,46.360557556152344,3655800
2007-08-24,76.29000091552734,77.13999938964844,76.2699966430664,77.02999877929688,46.73062515258789,3733300
2007-08-27,76.62999725341797,77.11000061035156,76.11000061035156,76.41999816894531,46.360557556152344,2788600
2007-08-28,76.11000061035156,76.75,75.30000305175781,75.33999633789062,45.70537567138672,3936400
2007-08-29,75.56999969482422,76.1500015258789,75.2699966430664,76.08000183105469,46.1543083190918,3459400
2007-08-30,75.51000213623047,76.12000274658203,75.02999877929688,75.4800033569336,45.790340423583984,3425700
2007-08-31,75.91000366210938,76.18000030517578,75.25,75.86000061035156,46.02083969116211,3196800
2007-09-04,75.54000091552734,76.31999969482422,75.12000274658203,76.1500015258789,46.19676971435547,3009200
2007-09-05,75.77999877929688,75.95999908447266,75.05000305175781,75.36000061035156,45.71751403808594,3993400
2007-09-06,75.30000305175781,75.38999938964844,74.16999816894531,75.08999633789062,45.80902862548828,2779400
2007-09-07,74.4000015258789,74.66000366210938,73.62000274658203,74.12999725341797,45.223388671875,5186900
2007-09-10,74.38999938964844,74.58999633789062,73.3499984741211,73.79000091552734,45.015960693359375,3354000
2007-09-11,73.80999755859375,74.43000030517578,73.30999755859375,74.1500015258789,45.235557556152344,4538000
2007-09-12,74.08999633789062,74.79000091552734,73.88999938964844,74.16999816894531,45.24777603149414,3060800
2007-09-13,74.44000244140625,75.08999633789062,74.0999984741211,74.37999725341797,45.37587356567383,3138500
2007-09-14,74.0999984741211,74.69999694824219,73.55999755859375,74.37999725341797,45.37587356567383,2980000
2007-09-17,74.27999877929688,74.88999938964844,74.11000061035156,74.33000183105469,45.34538650512695,1984300
2007-09-18,74.83000183105469,75.91999816894531,74.11000061035156,75.77999877929688,46.229957580566406,4172600
2007-09-19,76.4000015258789,76.41999816894531,75.31999969482422,75.97000122070312,46.345863342285156,3911700
2007-09-20,75.37000274658203,75.72000122070312,75.05000305175781,75.2699966430664,45.91883087158203,4061500
2007-09-21,75.33000183105469,76.30000305175781,75.2699966430664,75.75,46.21166229248047,4322900
2007-09-24,75.66000366210938,76.22000122070312,75.30999755859375,75.45999908447266,46.03474426269531,2816300
2007-09-25,75.18000030517578,75.7300033569336,74.55999755859375,75.4000015258789,45.99814987182617,3649600
2007-09-26,75.45999908447266,75.7300033569336,74.52999877929688,74.83999633789062,45.656517028808594,3963400
2007-09-27,75.1500015258789,75.29000091552734,74.47000122070312,74.81999969482422,45.64430236816406,3848600
2007-09-28,75.1500015258789,75.33000183105469,74.81999969482422,75.0999984741211,45.81512451171875,3267700
2007-10-01,75.54000091552734,76.52999877929688,75.54000091552734,75.9000015258789,46.30318832397461,4193500
2007-10-02,75.77999877929688,76.29000091552734,75.37000274658203,75.6500015258789,46.15065002441406,2958000
2007-10-03,75.70999908447266,76.19000244140625,75.2300033569336,75.58999633789062,46.11405563354492,2277000
2007-10-04,75.62000274658203,75.80999755859375,75.47000122070312,75.5999984741211,46.12016677856445,1820900
2007-10-05,76.0,76.87000274658203,75.70999908447266,76.41000366210938,46.61428451538086,2971400
2007-10-08,76.36000061035156,76.69000244140625,76.11000061035156,76.44999694824219,46.63871383666992,1351500
2007-10-09,76.44000244140625,77.0,76.13999938964844,76.87999725341797,46.901031494140625,2803000
2007-10-10,76.70999908447266,76.87999725341797,76.01000213623047,76.33000183105469,46.565486907958984,3245600
2007-10-11,76.4000015258789,77.76000213623047,76.08999633789062,76.51000213623047,46.67530059814453,3293700
2007-10-12,76.51000213623047,76.87999725341797,76.16000366210938,76.62000274658203,46.74241638183594,2613600
2007-10-15,76.56999969482422,76.86000061035156,76.16999816894531,76.54000091552734,46.69359588623047,2674900
2007-10-16,76.5,76.55000305175781,75.62999725341797,75.80999755859375,46.24826431274414,3063800
2007-10-17,76.2300033569336,76.3499984741211,75.5199966430664,76.0,46.36417007446289,2782900
2007-10-18,75.95999908447266,76.41999816894531,75.63999938964844,76.0199966430664,46.376380920410156,3049200
2007-10-19,75.51000213623047,75.94999694824219,74.98999786376953,75.02999877929688,45.772422790527344,5153900
2007-10-22,74.66999816894531,75.5999984741211,74.36000061035156,75.08999633789062,45.80902862548828,5263300
2007-10-23,76.4000015258789,76.47000122070312,74.6500015258789,75.63999938964844,46.144561767578125,4293300
2007-10-24,75.3499984741211,75.9000015258789,74.0,75.45999908447266,46.03474426269531,4424800
2007-10-25,75.62999725341797,75.8499984741211,74.33999633789062,74.97000122070312,45.735801696777344,2980800
2007-10-26,75.18000030517578,75.31999969482422,74.4000015258789,74.97000122070312,45.735801696777344,2802500
2007-10-29,74.58000183105469,75.44000244140625,74.4000015258789,75.0999984741211,45.81512451171875,2115600
2007-10-30,75.0,75.2699966430664,74.30999755859375,74.75,45.60160827636719,2216100
2007-10-31,75.04000091552734,75.61000061035156,74.69000244140625,75.0999984741211,45.81512451171875,3741800
2007-11-01,74.7300033569336,75.0999984741211,73.38999938964844,73.58999633789062,44.8939323425293,3984300
2007-11-02,73.69999694824219,74.56999969482422,73.45999908447266,74.02999877929688,45.162353515625,3720200
2007-11-05,73.13999938964844,74.93000030517578,73.13999938964844,74.4800033569336,45.4369010925293,3292300
2007-11-06,74.41999816894531,74.80000305175781,73.38999938964844,74.2300033569336,45.28437042236328,4689700
2007-11-07,73.5,73.95999908447266,71.62999725341797,71.68000030517578,43.72873306274414,5568900
2007-11-08,71.75,72.44999694824219,71.05000305175781,72.05999755859375,43.96055221557617,6771400
2007-11-09,71.25,71.91999816894531,70.62999725341797,70.70999908447266,43.136985778808594,5231500
2007-11-12,71.13999938964844,73.66999816894531,70.9000015258789,72.6500015258789,44.32049560546875,5669700
2007-11-13,73.11000061035156,74.08000183105469,72.54000091552734,74.0,45.14407730102539,4405900
2007-11-14,74.30000305175781,74.47000122070312,73.18000030517578,73.33000183105469,44.735328674316406,3292100
2007-11-15,73.0,73.66999816894531,72.54000091552734,73.0999984741211,44.851905822753906,3390300
2007-11-16,71.0,72.30000305175781,70.88999938964844,72.01000213623047,44.18312454223633,6782100
2007-11-19,71.41000366210938,72.23999786376953,70.86000061035156,71.95999908447266,44.15244674682617,5405300
2007-11-20,71.93000030517578,72.87000274658203,71.13999938964844,71.6500015258789,43.96223068237305,5461200
2007-11-21,71.0,71.66999816894531,70.0,70.13999938964844,43.0357551574707,6158200
2007-11-23,70.45999908447266,70.94000244140625,70.37999725341797,70.91999816894531,43.51433181762695,1726900
2007-11-26,70.9800033569336,71.9800033569336,70.06999969482422,70.36000061035156,43.17071533203125,4704700
2007-11-27,70.58000183105469,71.54000091552734,70.5,71.44000244140625,43.83338928222656,4511400
2007-11-28,71.83000183105469,73.7300033569336,71.38999938964844,73.56999969482422,45.1402587890625,5644900
2007-11-29,73.19000244140625,73.66000366210938,72.79000091552734,73.30000305175781,44.9746208190918,3295300
2007-11-30,73.91000366210938,74.31999969482422,73.31999969482422,73.68000030517578,45.207759857177734,4507900
2007-12-03,73.0,73.68000030517578,72.66999816894531,72.9000015258789,44.729190826416016,3981400
2007-12-04,72.61000061035156,73.23999786376953,72.16000366210938,72.62999725341797,44.563533782958984,2525700
2007-12-05,73.44999694824219,73.54000091552734,72.8499984741211,73.33999633789062,44.99916458129883,2321800
2007-12-06,74.0,74.0,73.0,73.83000183105469,45.29981231689453,2361400
2007-12-07,73.81999969482422,74.80999755859375,73.81999969482422,74.16999816894531,45.5084342956543,3431400
2007-12-10,74.52999877929688,75.44000244140625,74.16000366210938,75.13999938964844,46.10360336303711,4582400
2007-12-11,75.41000366210938,75.79000091552734,73.88999938964844,74.02999877929688,45.42253112792969,5334200
2007-12-12,75.81999969482422,75.81999969482422,73.23999786376953,74.04000091552734,45.42865753173828,5685800
2007-12-13,73.52999877929688,74.0,72.88999938964844,73.91999816894531,45.35502243041992,4957000
2007-12-14,73.0999984741211,73.36000061035156,72.58999633789062,72.61000061035156,44.55125427246094,3901800
2007-12-17,72.1500015258789,72.9000015258789,71.66000366210938,72.0199966430664,44.189247131347656,5147300
2007-12-18,72.55000305175781,72.63999938964844,71.79000091552734,72.4800033569336,44.471492767333984,3780600
2007-12-19,72.3499984741211,72.55000305175781,71.16999816894531,71.30000305175781,43.74748611450195,4293600
2007-12-20,70.72000122070312,71.63999938964844,70.25,71.5999984741211,43.931541442871094,4802400
2007-12-21,71.95999908447266,73.30000305175781,71.95999908447266,72.4000015258789,44.42241668701172,7099700
2007-12-24,72.5,73.5999984741211,72.0999984741211,73.45999908447266,45.07280349731445,1554000
2007-12-26,73.16999816894531,73.5,72.48999786376953,73.19999694824219,44.91326904296875,2556600
2007-12-27,73.18000030517578,73.19000244140625,71.8499984741211,71.9000015258789,44.11561965942383,2768500
2007-12-28,72.25,72.52999877929688,71.26000213623047,71.55999755859375,43.907020568847656,2860000
2007-12-31,71.19000244140625,71.33000183105469,70.61000061035156,70.72000122070312,43.39161682128906,3319200
2008-01-02,70.55000305175781,70.55000305175781,68.8499984741211,69.16000366210938,42.43443298339844,6506100
2008-01-03,69.25,69.88999938964844,68.91999816894531,69.2300033569336,42.477386474609375,3842500
2008-01-04,68.51000213623047,69.08999633789062,67.80000305175781,68.01000213623047,41.728843688964844,5501300
2008-01-07,68.29000091552734,68.79000091552734,67.31999969482422,67.83999633789062,41.62452697753906,6548000
2008-01-08,67.88999938964844,68.18000030517578,66.45999908447266,66.66999816894531,40.90665054321289,5459700
2008-01-09,66.58999633789062,67.16000366210938,65.73999786376953,66.70999908447266,40.93120574951172,5093900
2008-01-10,68.77999877929688,70.48999786376953,68.30999755859375,69.66000366210938,42.74123001098633,12525400
2008-01-11,69.55000305175781,70.55000305175781,69.25,69.58999633789062,42.69828414916992,7260800
2008-01-14,70.01000213623047,70.05999755859375,69.29000091552734,69.91999816894531,42.900753021240234,5293900
2008-01-15,69.19000244140625,69.80000305175781,68.54000091552734,68.95999908447266,42.31174087524414,6674600
2008-01-16,68.72000122070312,69.5,68.1500015258789,68.62999725341797,42.1092529296875,6663600
2008-01-17,68.69999694824219,69.13999938964844,67.08999633789062,67.16999816894531,41.213436126708984,9622500
2008-01-18,67.22000122070312,68.18000030517578,66.7699966430664,67.16000366210938,41.20731735229492,7247800
2008-01-22,64.01000213623047,67.97000122070312,64.01000213623047,67.54000091552734,41.44047927856445,8553400
2008-01-23,67.2300033569336,71.9800033569336,66.0,71.62999725341797,43.94995880126953,10772500
2008-01-24,70.83999633789062,71.79000091552734,70.41000366210938,71.22000122070312,43.69839859008789,6769800
2008-01-25,71.76000213623047,71.88999938964844,69.69000244140625,69.97000122070312,42.93143844604492,5934900
2008-01-28,69.93000030517578,71.11000061035156,69.18000030517578,71.05000305175781,43.59409713745117,6135700
2008-01-29,70.95999908447266,71.95999908447266,70.37000274658203,70.91999816894531,43.51433181762695,6929800
2008-01-30,69.30999755859375,73.4000015258789,69.30999755859375,72.0199966430664,44.189247131347656,8812400
2008-01-31,71.4800033569336,73.5199966430664,70.30000305175781,72.97000122070312,44.772151947021484,8450400
2008-02-01,73.02999877929688,73.94999694824219,71.80000305175781,73.77999877929688,45.26911544799805,4694100
2008-02-04,73.77999877929688,73.94999694824219,72.63999938964844,72.72000122070312,44.618751525878906,3495000
2008-02-05,72.45999908447266,72.97000122070312,71.52999877929688,71.75,44.023582458496094,5139100
2008-02-06,72.36000061035156,72.62000274658203,71.66999816894531,71.76000213623047,44.02971267700195,3559900
2008-02-07,71.22000122070312,72.56999969482422,70.55000305175781,71.73999786376953,44.29521942138672,5950800
2008-02-08,71.48999786376953,71.70999908447266,70.37000274658203,70.58000183105469,43.578983306884766,4583200
2008-02-11,70.4800033569336,71.79000091552734,69.93000030517578,71.41000366210938,44.09146499633789,5447800
2008-02-12,71.70999908447266,72.8499984741211,71.44999694824219,72.47000122070312,44.74595260620117,5182300
2008-02-13,72.55999755859375,73.73999786376953,72.4800033569336,73.51000213623047,45.38809585571289,6273400
2008-02-14,73.38999938964844,73.69000244140625,72.33999633789062,72.33999633789062,44.665687561035156,3570900
2008-02-15,72.19999694824219,72.68000030517578,71.87000274658203,72.41999816894531,44.71506118774414,3398600
2008-02-19,73.0999984741211,73.0999984741211,71.61000061035156,72.2300033569336,44.5977783203125,4156700
2008-02-20,71.55999755859375,72.87000274658203,71.55999755859375,72.63999938964844,44.85093307495117,3046100
2008-02-21,72.5,73.0,71.8499984741211,71.9000015258789,44.394004821777344,3115700
2008-02-22,72.05000305175781,72.30000305175781,70.69000244140625,71.88999938964844,44.387847900390625,4738100
2008-02-25,72.2300033569336,72.66000366210938,71.44000244140625,72.4800033569336,44.75212478637695,4584600
2008-02-26,72.2699966430664,72.87000274658203,71.72000122070312,72.52999877929688,44.78300094604492,3655200
2008-02-27,72.04000091552734,73.0,72.02999877929688,72.30999755859375,44.647159576416016,2618600
2008-02-28,72.0,72.06999969482422,71.41000366210938,71.75,44.301395416259766,3109100
2008-02-29,71.0,71.41000366210938,70.12999725341797,70.23999786376953,43.36907196044922,6565100
2008-03-03,70.01000213623047,70.80000305175781,69.41000366210938,70.61000061035156,43.597511291503906,4747600
2008-03-04,70.0999984741211,71.22000122070312,70.0,71.05000305175781,43.86919403076172,5142500
2008-03-05,70.88999938964844,72.33999633789062,70.88999938964844,72.30000305175781,44.6410026550293,7372100
2008-03-06,72.08999633789062,72.6500015258789,71.55999755859375,72.04000091552734,44.4804573059082,5347200
2008-03-07,71.33999633789062,72.54000091552734,71.33999633789062,71.95999908447266,44.43106460571289,5511100
2008-03-10,71.87999725341797,72.33999633789062,70.9000015258789,71.19000244140625,43.955631256103516,5227000
2008-03-11,71.5,72.86000061035156,71.30000305175781,72.79000091552734,44.943538665771484,6412000
2008-03-12,71.02999877929688,72.76000213623047,71.02999877929688,71.94000244140625,44.418731689453125,5195200
2008-03-13,70.81999969482422,71.66999816894531,70.01000213623047,70.7300033569336,43.67161178588867,8300800
2008-03-14,70.58999633789062,71.0,68.91999816894531,69.61000061035156,42.9800910949707,8540100
2008-03-17,68.55000305175781,70.27999877929688,68.36000061035156,69.61000061035156,42.9800910949707,6428300
2008-03-18,70.4000015258789,71.9000015258789,69.88999938964844,71.9000015258789,44.394004821777344,8871300
2008-03-19,71.9000015258789,72.5199966430664,70.5999984741211,70.63999938964844,43.616031646728516,6768700
2008-03-20,70.01000213623047,71.83000183105469,70.01000213623047,71.66000366210938,44.245819091796875,9024500
2008-03-24,71.80000305175781,73.72000122070312,71.1500015258789,73.36000061035156,45.29548645019531,6906800
2008-03-25,73.5,73.73999786376953,72.52999877929688,73.33999633789062,45.28312683105469,5154600
2008-03-26,73.02999877929688,73.19000244140625,72.48999786376953,72.7300033569336,44.90647888183594,4439700
2008-03-27,72.75,73.44999694824219,72.41999816894531,72.83000183105469,44.96823501586914,4169300
2008-03-28,73.04000091552734,73.30999755859375,72.20999908447266,72.26000213623047,44.616302490234375,3279700
2008-03-31,72.19000244140625,73.38999938964844,72.0,73.0199966430664,45.08554458618164,4543200
2008-04-01,73.16999816894531,74.75,73.16999816894531,74.7300033569336,46.141380310058594,7955900
2008-04-02,74.66000366210938,75.08000183105469,74.0999984741211,74.51000213623047,46.00552749633789,6149300
2008-04-03,74.20999908447266,74.7300033569336,73.6500015258789,74.58000183105469,46.04874038696289,3954100
2008-04-04,74.63999938964844,74.9000015258789,74.16999816894531,74.41000366210938,45.94379425048828,3793200
2008-04-07,74.44999694824219,74.62000274658203,73.51000213623047,73.77999877929688,45.55480194091797,5374200
2008-04-08,73.80000305175781,73.86000061035156,73.0999984741211,73.30999755859375,45.264617919921875,6779900
2008-04-09,71.05000305175781,71.61000061035156,70.43000030517578,70.56999969482422,43.572811126708984,14156500
2008-04-10,70.70999908447266,71.73999786376953,70.45999908447266,71.33000183105469,44.042083740234375,4672700
2008-04-11,70.62000274658203,71.9800033569336,70.51000213623047,70.88999938964844,43.770408630371094,5579300
2008-04-14,70.41999816894531,71.12000274658203,70.0199966430664,70.25,43.37522506713867,5526500
2008-04-15,70.58000183105469,71.47000122070312,70.19999694824219,71.02999877929688,43.85683822631836,3495800
2008-04-16,71.48999786376953,72.95999908447266,71.18000030517578,72.79000091552734,44.943538665771484,4895000
2008-04-17,72.43000030517578,72.62000274658203,71.6500015258789,72.19999694824219,44.579246520996094,3794800
2008-04-18,73.0,73.33999633789062,72.58999633789062,73.19000244140625,45.19050979614258,5709200
2008-04-21,72.66000366210938,73.04000091552734,72.36000061035156,72.5199966430664,44.776817321777344,4238000
2008-04-22,72.0,72.30000305175781,71.41999816894531,71.9000015258789,44.394004821777344,4410400
2008-04-23,71.37000274658203,72.9000015258789,70.94999694824219,71.66999816894531,44.25199508666992,4960600
2008-04-24,71.2699966430664,73.13999938964844,71.2699966430664,72.7699966430664,44.931190490722656,4795600
2008-04-25,72.9800033569336,73.16999816894531,71.51000213623047,72.72000122070312,44.90031814575195,3254200
2008-04-28,72.9800033569336,73.12000274658203,72.31999969482422,72.76000213623047,44.92502212524414,2809300
2008-04-29,72.5199966430664,73.44999694824219,72.5199966430664,73.19000244140625,45.19050979614258,3222800
2008-04-30,73.47000122070312,73.63999938964844,72.30000305175781,72.41000366210938,44.70890808105469,5178100
2008-05-01,72.16999816894531,74.0,72.16999816894531,73.58000183105469,45.431304931640625,4325300
2008-05-02,74.13999938964844,74.13999938964844,72.55000305175781,73.27999877929688,45.246070861816406,4061100
2008-05-05,72.6500015258789,72.87999725341797,72.16999816894531,72.73999786376953,44.91264343261719,3412100
2008-05-06,72.25,73.4000015258789,72.08000183105469,73.33000183105469,45.27694320678711,3316500
2008-05-07,73.5,73.5,71.44999694824219,71.58000183105469,44.19643783569336,4912200
2008-05-08,71.98999786376953,72.30000305175781,70.66000366210938,71.06999969482422,43.881526947021484,4633000
2008-05-09,70.51000213623047,70.80000305175781,70.05000305175781,70.29000091552734,43.39994430541992,4179600
2008-05-12,69.80000305175781,70.68000030517578,69.5999984741211,70.41999816894531,43.480201721191406,4075500
2008-05-13,70.63999938964844,71.12999725341797,70.29000091552734,70.80000305175781,43.71483612060547,3876600
2008-05-14,70.9800033569336,72.04000091552734,70.80000305175781,71.5999984741211,44.208778381347656,3553400
2008-05-15,71.48999786376953,71.48999786376953,70.2699966430664,71.36000061035156,44.33926010131836,4504400
2008-05-16,71.33000183105469,71.33000183105469,70.05000305175781,70.7699966430664,43.97265625,4228900
2008-05-19,70.94000244140625,71.8499984741211,70.5999984741211,70.91999816894531,44.06588363647461,3536000
2008-05-20,70.5,70.9000015258789,69.9800033569336,70.19999694824219,43.618492126464844,3336000
2008-05-21,70.45999908447266,70.80999755859375,69.1500015258789,69.37999725341797,43.108985900878906,6819800
2008-05-22,69.61000061035156,69.77999877929688,69.0999984741211,69.3499984741211,43.090362548828125,4198100
2008-05-23,69.16000366210938,69.4800033569336,66.80000305175781,67.0199966430664,41.64262390136719,11591500
2008-05-27,66.91999816894531,68.56999969482422,66.91999816894531,68.4000015258789,42.50007629394531,6319700
2008-05-28,70.2699966430664,70.9800033569336,69.5,70.54000091552734,43.82976150512695,9399900
2008-05-29,70.88999938964844,71.9000015258789,70.37000274658203,71.5999984741211,44.48838806152344,6796400
2008-05-30,71.66999816894531,71.72000122070312,70.86000061035156,71.0199966430664,44.12799835205078,4534500
2008-06-02,71.0199966430664,71.37999725341797,70.5199966430664,70.98999786376953,44.10935592651367,4275100
2008-06-03,71.0999984741211,71.73999786376953,70.41000366210938,70.83000183105469,44.00995635986328,4314300
2008-06-04,70.5,71.1500015258789,70.26000213623047,70.73999786376953,43.954036712646484,3499700
2008-06-05,70.72000122070312,71.22000122070312,70.43000030517578,71.05000305175781,44.146644592285156,3028100
2008-06-06,70.4800033569336,70.4800033569336,68.54000091552734,68.58999633789062,42.61813735961914,5946200
2008-06-09,69.20999908447266,69.68000030517578,68.76000213623047,69.47000122070312,43.1649284362793,3328100
2008-06-10,69.08999633789062,70.22000122070312,68.54000091552734,69.98999786376953,43.488014221191406,5522400
2008-06-11,69.18000030517578,69.4000015258789,67.93000030517578,68.05999755859375,42.288818359375,5124200
2008-06-12,68.5,69.56999969482422,67.68000030517578,68.29000091552734,42.43171310424805,4015600
2008-06-13,68.77999877929688,69.13999938964844,67.5,68.30999755859375,42.44416046142578,6231100
2008-06-16,67.98999786376953,68.44999694824219,67.88999938964844,68.08000183105469,42.30125045776367,3431900
2008-06-17,68.29000091552734,68.31999969482422,67.2300033569336,67.33999633789062,41.841453552246094,3534600
2008-06-18,65.5,66.44000244140625,65.01000213623047,65.80000305175781,40.88457489013672,8196400
2008-06-19,65.62999725341797,67.08000183105469,65.27999877929688,66.83999633789062,41.53077697753906,5741400
2008-06-20,65.8499984741211,67.08000183105469,65.8499984741211,66.37000274658203,41.238746643066406,8470500
2008-06-23,66.87999725341797,66.9000015258789,66.16999816894531,66.26000213623047,41.1703987121582,4323500
2008-06-24,63.68000030517578,64.72000122070312,62.18000030517578,62.2599983215332,38.68500900268555,14626600
2008-06-25,62.43000030517578,62.54999923706055,61.18000030517578,61.400001525878906,38.1506462097168,9857600
2008-06-26,61.150001525878906,61.41999816894531,59.83000183105469,59.880001068115234,37.20620346069336,10591600
2008-06-27,59.83000183105469,60.439998626708984,59.29999923706055,60.36000061035156,37.504451751708984,9467000
2008-06-30,60.33000183105469,62.130001068115234,59.939998626708984,61.470001220703125,38.194156646728516,9080500
2008-07-01,60.41999816894531,61.0,59.5,60.5,37.5914421081543,9432700
2008-07-02,60.7599983215332,60.959999084472656,58.540000915527344,58.540000915527344,36.37360763549805,8839400
2008-07-03,58.369998931884766,60.02000045776367,58.2599983215332,59.470001220703125,36.951446533203125,5184400
2008-07-07,59.83000183105469,60.5,57.619998931884766,57.900001525878906,35.9759521484375,8549200
2008-07-08,58.939998626708984,60.45000076293945,58.77000045776367,60.400001525878906,37.52931213378906,10272100
2008-07-09,60.349998474121094,61.0,59.220001220703125,59.290000915527344,36.83961868286133,6207200
2008-07-10,59.40999984741211,59.900001525878906,58.630001068115234,59.29999923706055,36.84583282470703,5098300
2008-07-11,58.5099983215332,58.93000030517578,57.150001525878906,57.9900016784668,36.03187561035156,7010000
2008-07-14,58.58000183105469,58.77000045776367,57.0,57.189998626708984,35.534786224365234,5187000
2008-07-15,57.04999923706055,57.650001525878906,56.099998474121094,56.439998626708984,35.06877517700195,6206400
2008-07-16,56.61000061035156,59.209999084472656,56.40999984741211,59.13999938964844,36.74641418457031,6108600
2008-07-17,59.5,60.040000915527344,58.41999816894531,59.77000045776367,37.13786315917969,7337600
2008-07-18,59.709999084472656,61.02000045776367,59.0099983215332,60.810001373291016,37.78404998779297,9593800
2008-07-21,61.52000045776367,61.52000045776367,59.060001373291016,59.459999084472656,36.94523620605469,5252500
2008-07-22,59.029998779296875,62.20000076293945,59.029998779296875,62.11000061035156,38.59182357788086,7114100
2008-07-23,62.93000030517578,63.56999969482422,61.5099983215332,63.400001525878906,39.39335250854492,7172800
2008-07-24,63.529998779296875,63.650001525878906,62.45000076293945,62.5099983215332,38.84033966064453,7029700
2008-07-25,62.84000015258789,63.38999938964844,62.130001068115234,62.54999923706055,38.865203857421875,4292000
2008-07-28,62.4900016784668,62.7400016784668,61.59000015258789,61.59000015258789,38.268714904785156,4613100
2008-07-29,62.099998474121094,63.77000045776367,61.709999084472656,63.61000061035156,39.523841857910156,5923700
2008-07-30,64.0,64.8499984741211,62.20000076293945,62.939998626708984,39.1075325012207,6184700
2008-07-31,62.560001373291016,63.52000045776367,62.47999954223633,63.08000183105469,39.19451904296875,5922700
2008-08-01,62.66999816894531,63.20000076293945,61.380001068115234,62.2599983215332,38.68500900268555,4805900
2008-08-04,62.11000061035156,63.25,61.97999954223633,62.56999969482422,38.877620697021484,3443500
2008-08-05,62.970001220703125,65.43000030517578,62.970001220703125,65.25,40.5428581237793,7080400
2008-08-06,65.12999725341797,65.12999725341797,63.7400016784668,64.30000305175781,39.95256423950195,4251300
2008-08-07,63.31999969482422,64.22000122070312,63.0099983215332,63.2599983215332,39.306358337402344,4446000
2008-08-08,63.59000015258789,66.0199966430664,63.59000015258789,65.69999694824219,40.82243347167969,6374000
2008-08-11,65.44999694824219,66.33000183105469,64.54000091552734,65.51000213623047,40.704383850097656,5256800
2008-08-12,64.88999938964844,65.63999938964844,64.58000183105469,64.93000030517578,40.34401321411133,3594200
2008-08-13,64.58999633789062,65.01000213623047,63.5,64.5999984741211,40.13896942138672,3971200
2008-08-14,64.2699966430664,66.08000183105469,63.75,65.58999633789062,40.75409698486328,4744300
2008-08-15,66.0,66.86000061035156,65.63999938964844,66.13999938964844,41.0958366394043,5080800
2008-08-18,66.26000213623047,66.41000366210938,64.91999816894531,65.30000305175781,40.57391357421875,4029000
2008-08-19,64.91000366210938,65.12000274658203,63.900001525878906,64.0,39.766151428222656,5559700
2008-08-20,64.08000183105469,64.7699966430664,62.34000015258789,63.06999969482422,39.18830490112305,5139200
2008-08-21,62.11000061035156,62.369998931884766,60.9900016784668,62.189998626708984,38.91919708251953,3702700
2008-08-22,62.40999984741211,63.7400016784668,62.40999984741211,63.52000045776367,39.751529693603516,3655700
2008-08-25,63.060001373291016,63.52000045776367,62.470001220703125,62.869998931884766,39.344757080078125,3795400
2008-08-26,62.400001525878906,62.95000076293945,62.06999969482422,62.79999923706055,39.30093765258789,3934300
2008-08-27,62.7599983215332,64.0,62.150001525878906,63.52000045776367,39.751529693603516,3561900
2008-08-28,63.81999969482422,65.08000183105469,63.599998474121094,64.69999694824219,40.48999786376953,3203100
2008-08-29,64.5,65.16000366210938,64.04000091552734,64.12000274658203,40.12702178955078,3243700
2008-09-02,64.98999786376953,66.98999786376953,64.8499984741211,65.01000213623047,40.683982849121094,5300500
2008-09-03,65.05000305175781,65.80999755859375,64.55000305175781,65.6500015258789,41.08449935913086,5342000
2008-09-04,65.5,65.94999694824219,63.650001525878906,64.16000366210938,40.152061462402344,5090000
2008-09-05,63.77000045776367,64.06999969482422,62.650001525878906,63.88999938964844,39.983070373535156,4067500
2008-09-08,64.87999725341797,66.26000213623047,64.76000213623047,65.98999786376953,41.297298431396484,5804300
2008-09-09,65.25,66.94000244140625,65.16000366210938,65.16000366210938,40.777862548828125,5907500
2008-09-10,66.68000030517578,67.47000122070312,66.05000305175781,66.69000244140625,41.735355377197266,6493000
2008-09-11,66.18000030517578,68.25,65.83999633789062,68.12000274658203,42.6302604675293,7220200
2008-09-12,67.86000061035156,69.05000305175781,67.2699966430664,68.5999984741211,42.930660247802734,7063000
2008-09-15,66.87000274658203,69.2699966430664,66.87000274658203,67.6500015258789,42.33613204956055,6421200
2008-09-16,66.05999755859375,69.04000091552734,65.77999877929688,68.81999969482422,43.06833267211914,7931000
2008-09-17,67.26000213623047,67.47000122070312,64.58000183105469,65.55999755859375,41.02819061279297,9927500
2008-09-18,65.76000213623047,67.18000030517578,64.7300033569336,66.4800033569336,41.60392761230469,10911800
2008-09-19,67.01000213623047,70.0,64.12999725341797,67.69999694824219,42.3674201965332,9194700
2008-09-22,66.9800033569336,67.5999984741211,65.41000366210938,65.87999725341797,41.22845458984375,5135600
2008-09-23,65.94000244140625,67.16000366210938,64.55999755859375,64.79000091552734,40.54631042480469,4756400
2008-09-24,64.33999633789062,65.47000122070312,62.709999084472656,63.38999938964844,39.67017364501953,6116800
2008-09-25,63.88999938964844,64.54000091552734,63.41999816894531,63.77000045776367,39.90797805786133,5241300
2008-09-26,62.72999954223633,64.80000305175781,62.72999954223633,64.38999938964844,40.295982360839844,4972900
2008-09-29,63.47999954223633,65.18000030517578,61.58000183105469,63.560001373291016,39.77656173706055,8223700
2008-09-30,63.560001373291016,65.04000091552734,62.59000015258789,62.88999938964844,39.357276916503906,7289400
2008-10-01,62.5,64.44000244140625,61.650001525878906,63.79999923706055,39.92676544189453,6013000
2008-10-02,63.43000030517578,63.43000030517578,60.470001220703125,61.08000183105469,38.22455978393555,7295900
2008-10-03,61.72999954223633,63.380001068115234,60.400001525878906,60.7599983215332,38.0242919921875,7101600
2008-10-06,60.029998779296875,61.75,57.31999969482422,60.0,37.54868698120117,9678900
2008-10-07,60.880001068115234,61.630001068115234,58.790000915527344,59.189998626708984,37.04176330566406,7611400
2008-10-08,57.900001525878906,60.18000030517578,56.72999954223633,57.900001525878906,36.234474182128906,11890900
2008-10-09,57.959999084472656,58.900001525878906,52.66999816894531,53.0,33.16799545288086,9971600
2008-10-10,50.4900016784668,53.400001525878906,43.31999969482422,51.70000076293945,32.354434967041016,18956000
2008-10-13,53.2599983215332,56.470001220703125,51.7599983215332,55.650001525878906,34.826393127441406,8526100
2008-10-14,56.91999816894531,58.61000061035156,53.06999969482422,54.900001525878906,34.357051849365234,8139100
2008-10-15,53.790000915527344,54.369998931884766,51.15999984741211,51.29999923706055,32.10411071777344,7453800
2008-10-16,52.04999923706055,52.369998931884766,48.400001525878906,51.63999938964844,32.31690216064453,11270300
2008-10-17,50.06999969482422,52.63999938964844,49.09000015258789,50.540000915527344,31.62851333618164,8691800
2008-10-20,51.08000183105469,52.91999816894531,50.540000915527344,52.16999816894531,32.64857482910156,5513100
2008-10-21,51.5,52.529998779296875,50.40999984741211,50.70000076293945,31.72863006591797,4953500
2008-10-22,50.2400016784668,50.2400016784668,44.77000045776367,46.38999938964844,29.031381607055664,9101300
2008-10-23,47.68000030517578,48.650001525878906,46.29999923706055,48.130001068115234,30.120290756225586,11372700
2008-10-24,45.150001525878906,48.400001525878906,45.0,46.54999923706055,29.131519317626953,6456400
2008-10-27,45.9900016784668,46.779998779296875,44.619998931884766,44.68000030517578,27.961254119873047,5727900
2008-10-28,46.0,48.900001525878906,44.849998474121094,48.86000061035156,30.577129364013672,7761500
2008-10-29,48.79999923706055,50.36000061035156,47.400001525878906,47.70000076293945,29.8512020111084,6438400
2008-10-30,49.130001068115234,51.400001525878906,48.790000915527344,51.130001068115234,31.997724533081055,9270500
2008-10-31,50.81999969482422,53.650001525878906,50.4900016784668,52.779998779296875,33.03031921386719,7466200
2008-11-03,52.52000045776367,53.77000045776367,52.0099983215332,53.02000045776367,33.180519104003906,4174400
2008-11-04,53.959999084472656,55.279998779296875,53.369998931884766,55.18000030517578,34.532264709472656,6101800
2008-11-05,54.52000045776367,55.81999969482422,52.08000183105469,52.439998626708984,32.817543029785156,5750400
2008-11-06,52.130001068115234,52.75,49.779998779296875,49.869998931884766,31.209211349487305,7734100
2008-11-07,50.029998779296875,52.459999084472656,49.900001525878906,51.91999816894531,32.49211502075195,5418900
2008-11-10,53.97999954223633,55.0099983215332,52.79999923706055,53.599998474121094,33.543479919433594,6979900
2008-11-11,52.95000076293945,54.709999084472656,52.31999969482422,53.380001068115234,33.40580749511719,5379300
2008-11-12,52.439998626708984,53.33000183105469,50.56999969482422,51.20000076293945,32.041534423828125,6524700
2008-11-13,51.58000183105469,55.220001220703125,49.31999969482422,55.09000015258789,34.781639099121094,11316600
2008-11-14,54.040000915527344,55.0099983215332,51.439998626708984,53.13999938964844,33.55049514770508,8083600
2008-11-17,52.540000915527344,54.56999969482422,51.5,53.279998779296875,33.63888931274414,7915400
2008-11-18,53.060001373291016,55.150001525878906,52.41999816894531,54.310001373291016,34.28919219970703,7778000
2008-11-19,54.2400016784668,55.349998474121094,50.75,51.36000061035156,32.426673889160156,8231100
2008-11-20,50.77000045776367,52.95000076293945,48.36000061035156,49.209999084472656,31.069238662719727,10811900
2008-11-21,49.36000061035156,52.38999938964844,48.310001373291016,52.310001373291016,33.026458740234375,10213300
2008-11-24,53.150001525878906,55.459999084472656,52.40999984741211,54.61000061035156,34.47859191894531,10863800
2008-11-25,55.5,56.540000915527344,55.119998931884766,56.43000030517578,35.627662658691406,9228400
2008-11-26,55.20000076293945,57.689998626708984,54.599998474121094,57.38999938964844,36.23377227783203,6360600
2008-11-28,57.0,57.7400016784668,56.119998931884766,57.599998474121094,36.366363525390625,3165900
2008-12-01,56.15999984741211,56.849998474121094,53.59000015258789,53.720001220703125,33.91667556762695,6513500
2008-12-02,54.689998626708984,55.45000076293945,53.189998626708984,55.189998626708984,34.84477615356445,5380400
2008-12-03,54.150001525878906,57.0,53.619998931884766,56.72999954223633,35.81706619262695,6825600
2008-12-04,56.099998474121094,58.63999938964844,55.7599983215332,56.83000183105469,35.88022232055664,8714100
2008-12-05,56.16999816894531,57.9900016784668,54.2400016784668,57.83000183105469,36.511566162109375,6155400
2008-12-08,58.900001525878906,59.47999954223633,57.209999084472656,58.619998931884766,37.01033020019531,8454400
2008-12-09,54.4900016784668,55.939998626708984,53.599998474121094,54.5099983215332,34.415443420410156,10479700
2008-12-10,54.43000030517578,55.27000045776367,53.20000076293945,54.15999984741211,34.194480895996094,5862800
2008-12-11,53.709999084472656,53.880001068115234,51.2599983215332,51.83000183105469,32.723411560058594,6600800
2008-12-12,51.0099983215332,52.689998626708984,50.529998779296875,52.029998779296875,32.849674224853516,5783600
2008-12-15,52.369998931884766,52.91999816894531,51.099998474121094,51.849998474121094,32.73603820800781,4521400
2008-12-16,50.65999984741211,53.02000045776367,50.060001373291016,52.63999938964844,33.23480987548828,7827700
2008-12-17,51.86000061035156,53.099998474121094,51.45000076293945,52.459999084472656,33.121150970458984,5613200
2008-12-18,53.0,54.38999938964844,52.060001373291016,52.779998779296875,33.32319641113281,7177900
2008-12-19,54.0,54.25,53.060001373291016,53.33000183105469,33.67043685913086,6949300
2008-12-22,53.27000045776367,53.540000915527344,52.529998779296875,53.189998626708984,33.58204650878906,4197800
2008-12-23,52.849998474121094,53.880001068115234,52.310001373291016,52.65999984741211,33.247432708740234,3815700
2008-12-24,52.83000183105469,53.0,52.52000045776367,52.88999938964844,33.39265060424805,1204600
2008-12-26,53.0,53.279998779296875,52.619998931884766,53.15999984741211,33.5631217956543,1281300
2008-12-29,52.970001220703125,53.150001525878906,51.880001068115234,53.119998931884766,33.537864685058594,3167600
2008-12-30,53.31999969482422,54.31999969482422,52.31999969482422,54.18000030517578,34.20710372924805,3410000
2008-12-31,54.189998626708984,55.650001525878906,54.189998626708984,55.15999984741211,34.82583236694336,3977400
2009-01-02,55.31999969482422,56.380001068115234,54.369998931884766,56.11000061035156,35.425636291503906,4233200
2009-01-05,55.939998626708984,56.029998779296875,54.65999984741211,55.18000030517578,34.838462829589844,3593500
2009-01-06,55.439998626708984,56.209999084472656,54.349998474121094,55.41999816894531,34.989986419677734,4578400
2009-01-07,54.869998931884766,55.0,53.20000076293945,53.40999984741211,33.72095489501953,5222100
2009-01-08,53.27000045776367,53.70000076293945,51.689998626708984,52.209999084472656,32.963321685791016,5726800
2009-01-09,52.20000076293945,52.7400016784668,50.91999816894531,50.93000030517578,32.15517807006836,4417500
2009-01-12,51.18000030517578,51.5,50.369998931884766,50.650001525878906,31.978404998779297,4044500
2009-01-13,50.65999984741211,50.790000915527344,49.400001525878906,49.7400016784668,31.40387535095215,4530700
2009-01-14,49.38999938964844,49.38999938964844,47.77000045776367,48.150001525878906,30.40000343322754,5578500
2009-01-15,48.150001525878906,48.56999969482422,47.04999923706055,48.29999923706055,30.494699478149414,6495800
2009-01-16,48.90999984741211,49.08000183105469,47.2400016784668,48.20000076293945,30.43156623840332,5857200
2009-01-20,48.0,48.060001373291016,45.849998474121094,45.93000030517578,28.998376846313477,5306200
2009-01-21,46.689998626708984,47.900001525878906,46.22999954223633,47.720001220703125,30.128520965576172,5867900
2009-01-22,46.959999084472656,48.29999923706055,46.70000076293945,47.630001068115234,30.071693420410156,5012900
2009-01-23,47.08000183105469,47.779998779296875,46.59000015258789,46.91999816894531,29.62342643737793,5856900
2009-01-26,47.209999084472656,47.90999984741211,46.5,46.970001220703125,29.654985427856445,4972200
2009-01-27,47.33000183105469,47.599998474121094,46.43000030517578,47.11000061035156,29.743385314941406,3864500
2009-01-28,47.439998626708984,47.66999816894531,46.04999923706055,46.849998474121094,29.57923126220703,6525700
2009-01-29,46.380001068115234,46.77000045776367,44.63999938964844,44.84000015258789,28.310190200805664,6384100
2009-01-30,45.04999923706055,45.810001373291016,42.2400016784668,42.4900016784668,26.826507568359375,11081500
2009-02-02,42.189998626708984,42.95000076293945,41.400001525878906,42.41999816894531,26.782304763793945,7534900
2009-02-03,42.70000076293945,45.56999969482422,42.400001525878906,45.0,28.41122055053711,12611900
2009-02-04,45.599998474121094,45.81999969482422,44.56999969482422,45.029998779296875,28.430160522460938,7367900
2009-02-05,44.77000045776367,46.25,44.41999816894531,45.90999984741211,28.985750198364258,6893900
2009-02-06,45.880001068115234,47.400001525878906,45.81999969482422,47.06999969482422,29.718137741088867,5884300
2009-02-09,47.630001068115234,47.630001068115234,46.439998626708984,47.2599983215332,29.83808135986328,4769900
2009-02-10,46.939998626708984,47.2599983215332,44.310001373291016,44.720001220703125,28.23443031311035,7184700
2009-02-11,45.060001373291016,45.439998626708984,44.29999923706055,45.29999923706055,28.600616455078125,5426700
2009-02-12,44.34000015258789,44.95000076293945,43.290000915527344,44.900001525878906,28.348072052001953,6390000
2009-02-13,44.84000015258789,45.880001068115234,44.66999816894531,44.84000015258789,28.310190200805664,4030900
2009-02-17,43.900001525878906,43.900001525878906,42.189998626708984,42.95000076293945,27.116928100585938,6473700
2009-02-18,43.18000030517578,43.33000183105469,42.25,42.72999954223633,26.978029251098633,5958900
2009-02-19,42.970001220703125,43.58000183105469,42.290000915527344,42.93000030517578,27.392780303955078,6161500
2009-02-20,42.720001220703125,43.5,41.75,42.79999923706055,27.30982780456543,7247800
2009-02-23,43.16999816894531,43.5099983215332,40.81999969482422,40.91999816894531,26.1102294921875,5575100
2009-02-24,41.20000076293945,43.400001525878906,41.04999923706055,43.16999816894531,27.54591178894043,6988000
2009-02-25,42.59000015258789,42.880001068115234,41.58000183105469,42.029998779296875,26.818511962890625,7472600
2009-02-26,42.54999923706055,42.77000045776367,41.060001373291016,41.189998626708984,26.28251838684082,5721200
2009-02-27,40.45000076293945,41.7599983215332,39.459999084472656,41.18000030517578,26.276138305664062,8382200
2009-03-02,40.4900016784668,40.869998931884766,38.5,38.91999816894531,24.834089279174805,9002400
2009-03-03,39.38999938964844,39.56999969482422,38.22999954223633,38.4900016784668,24.559717178344727,6553700
2009-03-04,39.0099983215332,41.15999984741211,38.720001220703125,40.70000076293945,25.969863891601562,8823800
2009-03-05,40.06999969482422,40.06999969482422,38.970001220703125,39.970001220703125,25.504058837890625,13430600
2009-03-06,40.27000045776367,41.2599983215332,38.439998626708984,39.380001068115234,25.127593994140625,9498700
2009-03-09,39.029998779296875,39.38999938964844,37.9900016784668,38.29999923706055,24.438461303710938,7429700
2009-03-10,39.0,41.38999938964844,38.790000915527344,41.220001220703125,26.30167007446289,10005100
2009-03-11,41.4900016784668,43.119998931884766,41.09000015258789,42.709999084472656,27.252397537231445,9720700
2009-03-12,42.54999923706055,43.34000015258789,41.75,43.27000045776367,27.609725952148438,6623100
2009-03-13,43.630001068115234,43.689998626708984,42.58000183105469,43.09000015258789,27.494876861572266,5570900
2009-03-16,43.560001373291016,45.650001525878906,43.54999923706055,44.72999954223633,28.541311264038086,9306900
2009-03-17,44.68000030517578,46.279998779296875,44.189998626708984,46.2400016784668,29.50482177734375,6448300
2009-03-18,45.66999816894531,47.34000015258789,44.54999923706055,46.52000045776367,29.68348503112793,8582500
2009-03-19,46.939998626708984,47.20000076293945,45.810001373291016,45.9900016784668,29.34530258178711,7202100
2009-03-20,46.04999923706055,46.38999938964844,44.58000183105469,44.709999084472656,28.528560638427734,8956500
2009-03-23,45.36000061035156,47.63999938964844,45.029998779296875,47.540000915527344,30.334327697753906,6403800
2009-03-24,47.38999938964844,48.459999084472656,46.869998931884766,47.2400016784668,30.142898559570312,5976100
2009-03-25,47.70000076293945,49.189998626708984,46.93000030517578,48.06999969482422,30.672500610351562,9207600
2009-03-26,48.2599983215332,50.540000915527344,48.2599983215332,50.459999084472656,32.19752502441406,9107300
2009-03-27,50.349998474121094,50.9900016784668,49.650001525878906,50.11000061035156,31.974197387695312,8372700
2009-03-30,49.18000030517578,49.43000030517578,48.0099983215332,48.61000061035156,31.01708221435547,6402500
2009-03-31,48.959999084472656,49.91999816894531,47.79999923706055,49.220001220703125,31.406312942504883,7949200
2009-04-01,48.689998626708984,50.34000015258789,48.689998626708984,50.06999969482422,31.94867515563965,6245700
2009-04-02,51.029998779296875,53.619998931884766,50.5099983215332,52.369998931884766,33.416263580322266,10843900
2009-04-03,51.93000030517578,52.81999969482422,51.75,52.75,33.65872573852539,6790900
2009-04-06,52.16999816894531,52.72999954223633,51.560001373291016,52.58000183105469,33.550254821777344,5649400
2009-04-07,51.790000915527344,51.939998626708984,51.02000045776367,51.279998779296875,32.720741271972656,5166500
2009-04-08,51.59000015258789,52.2599983215332,50.91999816894531,52.20000076293945,33.307777404785156,4206900
2009-04-09,53.119998931884766,54.290000915527344,52.70000076293945,53.4900016784668,34.13090133666992,6553100
2009-04-13,52.939998626708984,53.95000076293945,52.75,53.43000030517578,34.09261703491211,3567200
2009-04-14,52.95000076293945,53.97999954223633,52.529998779296875,53.43000030517578,34.09261703491211,4690100
2009-04-15,53.06999969482422,54.310001373291016,53.02000045776367,54.25,34.615848541259766,4834300
2009-04-16,54.56999969482422,56.130001068115234,53.79999923706055,55.91999816894531,35.68144226074219,5854300
2009-04-17,55.88999938964844,56.130001068115234,53.81999969482422,54.650001525878906,34.8710823059082,8297600
2009-04-20,53.849998474121094,53.849998474121094,52.689998626708984,53.15999984741211,33.920345306396484,5956900
2009-04-21,52.779998779296875,55.619998931884766,52.75,55.349998474121094,35.317726135253906,6243600
2009-04-22,54.75,57.25,54.459999084472656,54.75,34.93488311767578,7635100
2009-04-23,52.900001525878906,53.720001220703125,50.61000061035156,53.33000183105469,34.02880859375,12637600
2009-04-24,53.0099983215332,54.040000915527344,52.529998779296875,53.279998779296875,33.99691390991211,6055600
2009-04-27,52.58000183105469,52.58000183105469,50.900001525878906,51.209999084472656,32.67608642578125,5839300
2009-04-28,50.970001220703125,51.65999984741211,50.619998931884766,51.040000915527344,32.567604064941406,4366500
2009-04-29,51.310001373291016,52.41999816894531,51.2400016784668,51.790000915527344,33.046180725097656,4456600
2009-04-30,52.380001068115234,52.91999816894531,52.0099983215332,52.34000015258789,33.39710998535156,4972300
2009-05-01,52.099998474121094,52.599998474121094,51.209999084472656,51.65999984741211,32.96322250366211,3775900
2009-05-04,51.810001373291016,54.279998779296875,51.38999938964844,54.119998931884766,34.53290939331055,4982000
2009-05-05,54.0099983215332,55.15999984741211,54.0099983215332,55.150001525878906,35.19012451171875,4698900
2009-05-06,55.5099983215332,55.83000183105469,54.59000015258789,55.83000183105469,35.62401580810547,4875100
2009-05-07,56.18000030517578,56.91999816894531,55.2400016784668,55.83000183105469,35.62401580810547,7717400
2009-05-08,56.529998779296875,57.88999938964844,56.400001525878906,57.619998931884766,36.76618576049805,7036100
2009-05-11,56.619998931884766,56.86000061035156,55.59000015258789,55.83000183105469,35.62401580810547,4451100
2009-05-12,56.0099983215332,56.2400016784668,53.86000061035156,54.63999938964844,34.86470031738281,6669500
2009-05-13,53.83000183105469,53.83000183105469,51.93000030517578,52.40999984741211,33.44178771972656,6810200
2009-05-14,52.310001373291016,52.970001220703125,51.869998931884766,52.2599983215332,33.63486099243164,4387400
2009-05-15,52.04999923706055,53.5,51.79999923706055,51.9900016784668,33.46108627319336,5344800
2009-05-18,52.04999923706055,53.16999816894531,52.04999923706055,52.79999923706055,33.98240280151367,5103700
2009-05-19,52.88999938964844,53.400001525878906,51.7599983215332,51.81999969482422,33.35165786743164,5819900
2009-05-20,52.5099983215332,53.13999938964844,51.779998779296875,51.86000061035156,33.37742233276367,5133300
2009-05-21,51.459999084472656,51.459999084472656,49.34000015258789,49.4900016784668,31.852073669433594,7131700
2009-05-22,49.790000915527344,50.27000045776367,48.59000015258789,49.650001525878906,31.955045700073242,6093900
2009-05-26,49.220001220703125,51.400001525878906,49.150001525878906,51.13999938964844,32.914031982421875,4902400
2009-05-27,51.22999954223633,51.4900016784668,49.56999969482422,49.75,32.0194091796875,4487400
2009-05-28,49.900001525878906,50.470001220703125,48.849998474121094,49.0099983215332,31.543149948120117,5929800
2009-05-29,49.16999816894531,51.13999938964844,49.13999938964844,51.13999938964844,32.914031982421875,5962100
2009-06-01,52.20000076293945,53.0,51.5099983215332,52.560001373291016,33.82795715332031,6763300
2009-06-02,52.369998931884766,54.119998931884766,51.900001525878906,52.560001373291016,33.82795715332031,5131700
2009-06-03,51.720001220703125,52.02000045776367,50.630001068115234,51.02000045776367,32.836788177490234,6510600
2009-06-04,51.099998474121094,51.43000030517578,50.2599983215332,51.0,32.823909759521484,4668500
2009-06-05,51.900001525878906,52.27000045776367,51.209999084472656,51.52000045776367,33.15858459472656,4023000
2009-06-08,51.310001373291016,51.7400016784668,50.20000076293945,51.43000030517578,33.10065841674805,4225600
2009-06-09,51.36000061035156,52.18000030517578,51.04999923706055,51.880001068115234,33.39029312133789,3064600
2009-06-10,52.18000030517578,52.33000183105469,50.79999923706055,51.650001525878906,33.24225616455078,4698300
2009-06-11,51.619998931884766,52.31999969482422,51.54999923706055,51.779998779296875,33.325927734375,3692600
2009-06-12,51.599998474121094,51.7400016784668,50.08000183105469,50.529998779296875,32.52143096923828,5606500
2009-06-15,49.91999816894531,50.0,48.70000076293945,49.0,31.536718368530273,6316900
2009-06-16,49.279998779296875,49.599998474121094,48.380001068115234,48.439998626708984,31.17627716064453,4237500
2009-06-17,47.970001220703125,48.599998474121094,47.529998779296875,48.119998931884766,30.970333099365234,6353900
2009-06-18,48.2599983215332,48.689998626708984,47.65999984741211,48.29999923706055,31.086183547973633,3756800
2009-06-19,48.72999954223633,48.7400016784668,47.689998626708984,48.13999938964844,30.983198165893555,6419200
2009-06-22,47.91999816894531,47.970001220703125,46.40999984741211,46.84000015258789,30.146501541137695,7168200
2009-06-23,47.20000076293945,47.7599983215332,46.939998626708984,47.20000076293945,30.37822151184082,5780900
2009-06-24,47.65999984741211,48.4900016784668,47.380001068115234,47.63999938964844,30.661409378051758,4696600
2009-06-25,47.369998931884766,49.45000076293945,47.369998931884766,49.369998931884766,31.774837493896484,5046500
2009-06-26,49.11000061035156,50.099998474121094,49.0,49.86000061035156,32.0901985168457,5543700
2009-06-29,49.939998626708984,50.86000061035156,49.400001525878906,50.31999969482422,32.386268615722656,4090000
2009-06-30,50.25,50.72999954223633,49.5,49.9900016784668,32.173866271972656,4541400
2009-07-01,49.95000076293945,51.2400016784668,49.95000076293945,50.849998474121094,32.72737121582031,3703300
2009-07-02,50.130001068115234,50.27000045776367,48.599998474121094,48.599998474121094,31.279266357421875,4427300
2009-07-06,48.25,49.18000030517578,48.13999938964844,49.13999938964844,31.626811981201172,4400800
2009-07-07,49.130001068115234,49.16999816894531,47.59000015258789,47.720001220703125,30.712888717651367,4574500
2009-07-08,48.0099983215332,48.22999954223633,46.779998779296875,47.880001068115234,30.815858840942383,7529600
2009-07-09,48.220001220703125,48.59000015258789,47.79999923706055,48.02000045776367,30.905969619750977,3978200
2009-07-10,47.630001068115234,48.779998779296875,47.529998779296875,48.56999969482422,31.259963989257812,3783300
2009-07-13,48.58000183105469,49.439998626708984,47.90999984741211,49.41999816894531,31.807016372680664,3829400
2009-07-14,49.11000061035156,49.66999816894531,48.70000076293945,49.58000183105469,31.909988403320312,3559800
2009-07-15,50.13999938964844,50.63999938964844,49.709999084472656,50.529998779296875,32.52143096923828,4497200
2009-07-16,50.459999084472656,53.40999984741211,50.290000915527344,52.93000030517578,34.06607437133789,7806700
2009-07-17,52.58000183105469,52.93000030517578,51.90999984741211,52.16999816894531,33.576942443847656,5167500
2009-07-20,52.33000183105469,52.91999816894531,52.16999816894531,52.75,33.95022964477539,3884700
2009-07-21,52.900001525878906,53.27000045776367,51.709999084472656,52.290000915527344,33.6541748046875,3768000
2009-07-22,51.900001525878906,53.540000915527344,51.900001525878906,52.29999923706055,33.66060256958008,5073200
2009-07-23,51.20000076293945,54.0,50.79999923706055,53.5099983215332,34.43937683105469,7732600
2009-07-24,53.31999969482422,53.70000076293945,52.61000061035156,53.400001525878906,34.36857223510742,3424100
2009-07-27,53.439998626708984,54.25,53.06999969482422,54.20000076293945,34.88345718383789,3574800
2009-07-28,53.79999923706055,53.900001525878906,52.810001373291016,53.47999954223633,34.42005920410156,3442000
2009-07-29,53.22999954223633,53.58000183105469,52.59000015258789,52.939998626708984,34.072505950927734,3920200
2009-07-30,53.650001525878906,54.04999923706055,53.04999923706055,53.619998931884766,34.510169982910156,4325600
2009-07-31,53.650001525878906,54.0,53.380001068115234,53.72999954223633,34.580970764160156,3444100
2009-08-03,54.220001220703125,54.619998931884766,53.18000030517578,54.380001068115234,34.99931716918945,3473100
2009-08-04,54.16999816894531,54.58000183105469,53.720001220703125,54.08000183105469,34.806217193603516,2698900
2009-08-05,54.27000045776367,54.29999923706055,52.939998626708984,53.68000030517578,34.54877853393555,3264100
2009-08-06,53.779998779296875,53.900001525878906,53.02000045776367,53.2400016784668,34.265594482421875,2817300
2009-08-07,53.70000076293945,54.5,53.54999923706055,54.11000061035156,34.825523376464844,3875400
2009-08-10,53.779998779296875,54.06999969482422,53.43000030517578,53.720001220703125,34.574520111083984,2315400
2009-08-11,53.66999816894531,53.95000076293945,53.099998474121094,53.65999984741211,34.5359001159668,2886900
2009-08-12,53.709999084472656,55.040000915527344,53.2400016784668,54.529998779296875,35.09585189819336,3987200
2009-08-13,54.79999923706055,54.970001220703125,53.72999954223633,54.119998931884766,34.83198165893555,3602000
2009-08-14,54.15999984741211,54.380001068115234,53.0099983215332,53.529998779296875,34.452232360839844,3386200
2009-08-17,53.09000015258789,53.20000076293945,51.93000030517578,52.11000061035156,33.538330078125,4219500
2009-08-18,52.18000030517578,52.7599983215332,51.900001525878906,52.59000015258789,33.847259521484375,3419000
2009-08-19,52.11000061035156,53.369998931884766,52.11000061035156,52.779998779296875,33.96952438354492,3439800
2009-08-20,52.68000030517578,52.90999984741211,52.2400016784668,52.77000045776367,34.255165100097656,3194800
2009-08-21,53.209999084472656,53.720001220703125,53.0,53.619998931884766,34.80693054199219,5157700
2009-08-24,53.59000015258789,53.95000076293945,53.2400016784668,53.52000045776367,34.742008209228516,2565000
2009-08-25,53.77000045776367,54.52000045776367,53.650001525878906,54.369998931884766,35.293792724609375,4165900
2009-08-26,54.310001373291016,54.459999084472656,53.63999938964844,54.0099983215332,35.060089111328125,3316800
2009-08-27,53.810001373291016,54.349998474121094,53.150001525878906,53.95000076293945,35.02113342285156,2900500
2009-08-28,54.20000076293945,54.5,53.36000061035156,53.709999084472656,34.8653564453125,3064200
2009-08-31,53.45000076293945,53.68000030517578,52.880001068115234,53.459999084472656,34.703060150146484,3474100
2009-09-01,53.38999938964844,54.22999954223633,52.43000030517578,52.58000183105469,34.13182067871094,4098800
2009-09-02,52.439998626708984,53.0099983215332,52.060001373291016,52.75,34.242164611816406,3802000
2009-09-03,52.880001068115234,53.15999984741211,52.16999816894531,52.83000183105469,34.294097900390625,4018900
2009-09-04,52.91999816894531,53.86000061035156,52.75,53.810001373291016,34.93026351928711,2914900
2009-09-08,53.900001525878906,54.29999923706055,53.380001068115234,54.099998474121094,35.118507385253906,3716100
2009-09-09,55.150001525878906,55.7400016784668,54.7599983215332,55.43000030517578,35.98187255859375,6638300
2009-09-10,55.66999816894531,56.560001373291016,55.540000915527344,56.29999923706055,36.54661178588867,5785900
2009-09-11,57.84000015258789,58.91999816894531,57.470001220703125,58.79999923706055,38.16947555541992,12311500
2009-09-14,58.540000915527344,59.27000045776367,58.22999954223633,59.189998626708984,38.422637939453125,4696400
2009-09-15,59.279998779296875,59.5,58.86000061035156,59.290000915527344,38.48753356933594,4690600
2009-09-16,59.630001068115234,59.630001068115234,58.68000030517578,59.20000076293945,38.42911911010742,4489000
2009-09-17,58.70000076293945,59.59000015258789,58.290000915527344,58.84000015258789,38.1954460144043,4127900
2009-09-18,59.02000045776367,59.27000045776367,58.5099983215332,58.77000045776367,38.15000534057617,5066100
2009-09-21,58.630001068115234,58.86000061035156,57.90999984741211,58.52000045776367,37.98772430419922,2943100
2009-09-22,58.95000076293945,58.95000076293945,58.29999923706055,58.630001068115234,38.05911636352539,3619400
2009-09-23,58.63999938964844,59.41999816894531,58.150001525878906,58.2400016784668,37.80595779418945,3128800
2009-09-24,58.20000076293945,58.599998474121094,57.54999923706055,58.04999923706055,37.6826286315918,3565800
2009-09-25,58.0,58.11000061035156,56.31999969482422,56.810001373291016,36.877689361572266,4016900
2009-09-28,57.060001373291016,57.91999816894531,56.709999084472656,57.630001068115234,37.40998840332031,2729300
2009-09-29,57.84000015258789,57.880001068115234,56.68000030517578,56.779998779296875,36.858211517333984,3178400
2009-09-30,56.88999938964844,57.099998474121094,55.790000915527344,56.470001220703125,36.656982421875,5314500
2009-10-01,56.369998931884766,56.619998931884766,55.09000015258789,55.20000076293945,35.83256530761719,5132900
2009-10-02,54.779998779296875,55.470001220703125,54.59000015258789,54.939998626708984,35.663787841796875,4673900
2009-10-05,55.040000915527344,55.709999084472656,54.56999969482422,55.61000061035156,36.09872055053711,3542500
2009-10-06,55.849998474121094,56.4900016784668,55.34000015258789,55.59000015258789,36.08574295043945,4088500
2009-10-07,55.5,55.79999923706055,55.150001525878906,55.630001068115234,36.11168670654297,2349600
2009-10-08,55.75,56.68000030517578,55.720001220703125,56.33000183105469,36.56610107421875,7005400
2009-10-09,56.29999923706055,56.459999084472656,55.63999938964844,55.970001220703125,36.33241653442383,3299800
2009-10-12,56.04999923706055,56.43000030517578,55.56999969482422,55.93000030517578,36.30644989013672,2179200
2009-10-13,55.939998626708984,55.939998626708984,55.130001068115234,55.72999954223633,36.176612854003906,3435600
2009-10-14,56.11000061035156,57.279998779296875,56.040000915527344,57.209999084472656,37.13734436035156,4870400
2009-10-15,57.06999969482422,57.79999923706055,56.70000076293945,57.709999084472656,37.461910247802734,4223900
2009-10-16,57.15999984741211,57.36000061035156,56.70000076293945,57.119998931884766,37.078922271728516,4499400
2009-10-19,57.29999923706055,57.7599983215332,57.119998931884766,57.619998931884766,37.40348815917969,2738900
2009-10-20,57.790000915527344,57.90999984741211,57.099998474121094,57.72999954223633,37.47488784790039,3331000
2009-10-21,57.4900016784668,58.27000045776367,56.689998626708984,57.099998474121094,37.06593704223633,4453400
2009-10-22,56.959999084472656,57.38999938964844,55.810001373291016,57.099998474121094,37.06593704223633,5528400
2009-10-23,57.09000015258789,57.09000015258789,55.310001373291016,55.70000076293945,36.157135009765625,6065400
2009-10-26,55.66999816894531,56.380001068115234,54.2599983215332,54.52000045776367,35.39116287231445,8866100
2009-10-27,54.599998474121094,54.790000915527344,54.0,54.5,35.378177642822266,5855800
2009-10-28,54.400001525878906,55.08000183105469,54.2400016784668,54.369998931884766,35.293792724609375,4765700
2009-10-29,54.61000061035156,55.16999816894531,54.310001373291016,54.939998626708984,35.663787841796875,3260600
2009-10-30,54.61000061035156,54.88999938964844,53.599998474121094,53.68000030517578,34.845890045166016,5477300
2009-11-02,53.77000045776367,54.18000030517578,53.16999816894531,54.0099983215332,35.060089111328125,4203400
2009-11-03,54.060001373291016,54.560001373291016,53.86000061035156,54.20000076293945,35.18343734741211,4269200
2009-11-04,54.63999938964844,55.02000045776367,53.470001220703125,53.5,34.72904968261719,4113800
2009-11-05,53.650001525878906,54.54999923706055,53.63999938964844,54.459999084472656,35.35219955444336,2954300
2009-11-06,54.38999938964844,55.029998779296875,54.04999923706055,54.86000061035156,35.611854553222656,3276200
2009-11-09,55.099998474121094,56.31999969482422,55.0,56.20000076293945,36.481719970703125,5100600
2009-11-10,56.130001068115234,57.08000183105469,56.0099983215332,56.849998474121094,36.90365982055664,5075400
2009-11-11,57.220001220703125,58.47999954223633,57.0099983215332,58.06999969482422,37.69560623168945,6085800
2009-11-12,57.9900016784668,57.9900016784668,56.58000183105469,56.83000183105469,37.178775787353516,5330900
2009-11-13,57.02000045776367,57.040000915527344,56.54999923706055,56.689998626708984,37.087188720703125,4447300
2009-11-16,57.060001373291016,58.22999954223633,57.0,57.7400016784668,37.774105072021484,4234200
2009-11-17,57.459999084472656,57.630001068115234,56.900001525878906,57.06999969482422,37.335792541503906,3745900
2009-11-18,57.0099983215332,57.470001220703125,56.59000015258789,57.369998931884766,37.53205871582031,4308600
2009-11-19,56.97999954223633,57.27000045776367,56.5,57.15999984741211,37.39466857910156,3981200
2009-11-20,56.83000183105469,57.63999938964844,56.83000183105469,57.5099983215332,37.62363815307617,4227500
2009-11-23,57.9900016784668,58.79999923706055,57.81999969482422,58.15999984741211,38.04888916015625,4056800
2009-11-24,58.20000076293945,58.41999816894531,57.68000030517578,57.91999816894531,37.89186096191406,3624300
2009-11-25,58.02000045776367,58.45000076293945,57.939998626708984,58.20000076293945,38.07505416870117,3004700
2009-11-27,57.130001068115234,57.72999954223633,56.5099983215332,57.43000030517578,37.5713005065918,2082700
2009-11-30,57.25,57.970001220703125,57.0,57.470001220703125,37.59747314453125,4321400
2009-12-01,57.900001525878906,58.15999984741211,57.689998626708984,57.880001068115234,37.865699768066406,3998700
2009-12-02,57.91999816894531,58.25,57.66999816894531,57.900001525878906,37.8787841796875,4060600
2009-12-03,57.88999938964844,58.13999938964844,57.5099983215332,57.56999969482422,37.662899017333984,5309200
2009-12-04,58.290000915527344,58.5,57.34000015258789,57.869998931884766,37.8591423034668,4978700
2009-12-07,57.970001220703125,57.970001220703125,57.599998474121094,57.869998931884766,37.8591423034668,4357500
2009-12-08,58.65999984741211,58.65999984741211,57.459999084472656,57.7400016784668,37.774105072021484,6394000
2009-12-09,58.02000045776367,58.18000030517578,57.400001525878906,57.7599983215332,37.78718566894531,4119700
2009-12-10,58.09000015258789,58.43000030517578,57.25,57.630001068115234,37.7021484375,4972000
2009-12-11,57.86000061035156,58.72999954223633,57.65999984741211,58.0099983215332,37.95075225830078,4969800
2009-12-14,58.470001220703125,59.0,58.22999954223633,58.9900016784668,38.59186553955078,3614900
2009-12-15,58.869998931884766,59.65999984741211,58.720001220703125,59.25,38.761962890625,4683300
2009-12-16,59.36000061035156,59.75,58.869998931884766,59.0,38.598419189453125,4451300
2009-12-17,58.220001220703125,58.47999954223633,57.470001220703125,58.22999954223633,38.09466552734375,4150800
2009-12-18,58.529998779296875,58.72999954223633,57.68000030517578,57.97999954223633,37.931121826171875,5633600
2009-12-21,58.099998474121094,58.68000030517578,58.099998474121094,58.619998931884766,38.349830627441406,3192700
2009-12-22,58.81999969482422,59.06999969482422,58.439998626708984,58.58000183105469,38.323631286621094,3125400
2009-12-23,58.38999938964844,58.72999954223633,57.849998474121094,58.0,37.9442138671875,2667100
2009-12-24,58.189998626708984,58.349998474121094,58.040000915527344,58.119998931884766,38.02271270751953,684800
2009-12-28,58.36000061035156,58.36000061035156,57.72999954223633,57.959999084472656,37.91803741455078,1788400
2009-12-29,57.9900016784668,58.70000076293945,57.9900016784668,58.54999923706055,38.30401611328125,2576800
2009-12-30,58.2400016784668,58.540000915527344,57.849998474121094,58.18000030517578,38.06196594238281,2596900
2009-12-31,57.9900016784668,58.02000045776367,57.310001373291016,57.369998931884766,37.53205871582031,2357500
2010-01-04,58.18000030517578,58.81999969482422,57.97999954223633,58.18000030517578,38.06196594238281,3897200
2010-01-05,58.25,59.0,58.119998931884766,58.279998779296875,38.127384185791016,5966300
2010-01-06,58.209999084472656,58.27000045776367,57.810001373291016,57.849998474121094,37.846073150634766,5770200
2010-01-07,57.959999084472656,57.959999084472656,57.189998626708984,57.40999984741211,37.558223724365234,5747000
2010-01-08,59.77000045776367,61.130001068115234,59.52000045776367,60.16999816894531,39.363853454589844,13779300
2010-01-11,60.54999923706055,63.380001068115234,60.5,62.81999969482422,41.097511291503906,13744900
2010-01-12,62.52000045776367,62.939998626708984,62.099998474121094,62.400001525878906,40.822731018066406,5662500
2010-01-13,63.130001068115234,63.220001220703125,61.93000030517578,62.06999969482422,40.606834411621094,5822600
2010-01-14,61.86000061035156,62.36000061035156,61.83000183105469,62.20000076293945,40.69190216064453,4698000
2010-01-15,62.20000076293945,62.400001525878906,61.720001220703125,61.93000030517578,40.51525115966797,6066300
2010-01-19,62.0099983215332,62.779998779296875,62.0,62.25,40.72459411621094,3525000
2010-01-20,62.15999984741211,62.209999084472656,60.66999816894531,61.15999984741211,40.011505126953125,5261100
2010-01-21,61.06999969482422,61.31999969482422,59.529998779296875,59.70000076293945,39.05636215209961,6344200
2010-01-22,59.4900016784668,59.54999923706055,58.599998474121094,58.75,38.43486022949219,5623300
2010-01-25,59.11000061035156,59.52000045776367,58.2599983215332,58.75,38.43486022949219,3520500
2010-01-26,58.4900016784668,59.20000076293945,57.88999938964844,58.63999938964844,38.36289596557617,3285800
2010-01-27,58.650001525878906,59.5,58.119998931884766,59.34000015258789,38.820838928222656,5247300
2010-01-28,59.5099983215332,59.650001525878906,58.060001373291016,58.959999084472656,38.572242736816406,5711600
2010-01-29,59.130001068115234,59.790000915527344,57.709999084472656,57.77000045776367,37.79373550415039,6565200
2010-02-01,57.95000076293945,58.529998779296875,57.45000076293945,58.38999938964844,38.199344635009766,6331100
2010-02-02,59.7400016784668,59.95000076293945,58.29999923706055,58.619998931884766,38.349830627441406,7843800
2010-02-03,58.72999954223633,59.29999923706055,58.25,58.869998931884766,38.51337432861328,4745400
2010-02-04,58.43000030517578,58.630001068115234,57.2400016784668,57.290000915527344,37.4797248840332,7259900
2010-02-05,57.18000030517578,57.72999954223633,56.22999954223633,57.20000076293945,37.420833587646484,5799400
2010-02-08,57.16999816894531,57.400001525878906,56.4900016784668,56.619998931884766,37.0413932800293,3485100
2010-02-09,57.349998474121094,58.18000030517578,56.900001525878906,57.40999984741211,37.558223724365234,5253000
2010-02-10,57.45000076293945,57.45000076293945,56.56999969482422,57.06999969482422,37.335792541503906,4704000
2010-02-11,56.810001373291016,57.150001525878906,56.36000061035156,56.720001220703125,37.414947509765625,6647300
2010-02-12,56.2599983215332,56.41999816894531,55.77000045776367,56.150001525878906,37.0389518737793,6148400
2010-02-16,56.939998626708984,57.4900016784668,56.470001220703125,57.33000183105469,37.81733703613281,5065200
2010-02-17,57.5099983215332,57.599998474121094,57.13999938964844,57.5099983215332,37.936058044433594,4489000
2010-02-18,57.310001373291016,57.61000061035156,56.93000030517578,57.16999816894531,37.7117919921875,4332500
2010-02-19,56.95000076293945,58.15999984741211,56.779998779296875,57.810001373291016,38.133949279785156,4886100
2010-02-22,58.06999969482422,58.220001220703125,57.66999816894531,57.95000076293945,38.2263069152832,2916300
2010-02-23,57.95000076293945,58.52000045776367,57.5,58.400001525878906,38.52313995361328,5622400
2010-02-24,58.43000030517578,58.95000076293945,58.2599983215332,58.7599983215332,38.76061248779297,4748300
2010-02-25,57.97999954223633,58.41999816894531,57.45000076293945,58.41999816894531,38.53635025024414,4441400
2010-02-26,58.41999816894531,58.95000076293945,57.900001525878906,58.7400016784668,38.74741744995117,3895100
2010-03-01,58.79999923706055,59.540000915527344,58.72999954223633,58.849998474121094,38.81997299194336,3944600
2010-03-02,59.18000030517578,59.59000015258789,59.0099983215332,59.15999984741211,39.02446746826172,6304900
2010-03-03,59.939998626708984,60.0,59.130001068115234,59.18000030517578,39.03765869140625,6077200
2010-03-04,59.33000183105469,59.68000030517578,58.90999984741211,59.20000076293945,39.05085372924805,4370400
2010-03-05,59.560001373291016,59.709999084472656,59.220001220703125,59.4900016784668,39.242156982421875,5400400
2010-03-08,59.66999816894531,59.88999938964844,59.459999084472656,59.79999923706055,39.446651458740234,4076700
2010-03-09,59.68000030517578,60.43000030517578,59.43000030517578,60.290000915527344,39.76987075805664,5471000
2010-03-10,60.22999954223633,61.029998779296875,60.08000183105469,60.72999954223633,40.06011199951172,6309500
2010-03-11,60.59000015258789,62.4900016784668,60.45000076293945,62.470001220703125,41.20790100097656,10353600
2010-03-12,62.5,62.529998779296875,62.0,62.31999969482422,41.108943939208984,5878800
2010-03-15,62.22999954223633,62.79999923706055,62.02000045776367,62.70000076293945,41.35961151123047,4937900
2010-03-16,62.7599983215332,62.95000076293945,62.29999923706055,62.47999954223633,41.2144889831543,5827100
2010-03-17,62.5,63.220001220703125,62.5,62.880001068115234,41.478328704833984,5771400
2010-03-18,62.959999084472656,64.48999786376953,62.5,64.41999816894531,42.49420928955078,7749200
2010-03-19,64.33000183105469,64.94000244140625,64.0199966430664,64.33000183105469,42.4348258972168,7976500
2010-03-22,64.01000213623047,64.6500015258789,63.849998474121094,63.959999084472656,42.19075012207031,3829600
2010-03-23,64.08000183105469,64.70999908447266,63.70000076293945,64.62000274658203,42.62611770629883,4073400
2010-03-24,64.54000091552734,64.5999984741211,63.540000915527344,63.77000045776367,42.0654296875,4127800
2010-03-25,64.04000091552734,64.48999786376953,63.540000915527344,63.650001525878906,41.986270904541016,4120000
2010-03-26,63.720001220703125,64.2699966430664,63.45000076293945,63.66999816894531,41.99946975708008,2906000
2010-03-29,63.79999923706055,64.56999969482422,63.720001220703125,64.12999725341797,42.30289840698242,3226100
2010-03-30,64.30000305175781,64.94999694824219,64.16000366210938,64.52999877929688,42.56676483154297,3493100
2010-03-31,64.36000061035156,64.5999984741211,63.86000061035156,64.41000366210938,42.487606048583984,3177900
2010-04-01,64.70999908447266,64.94000244140625,63.709999084472656,64.1500015258789,42.31608963012695,3573900
2010-04-05,64.41999816894531,64.62000274658203,64.01000213623047,64.18000030517578,42.33589172363281,3827300
2010-04-06,63.959999084472656,64.44999694824219,63.77000045776367,64.22000122070312,42.36227798461914,3543000
2010-04-07,64.0199966430664,64.0999984741211,63.25,63.66999816894531,41.99946975708008,4836600
2010-04-08,63.63999938964844,64.38999938964844,63.029998779296875,64.2699966430664,42.395240783691406,4319600
2010-04-09,64.27999877929688,64.5999984741211,63.9900016784668,64.44000244140625,42.50738525390625,2790700
2010-04-12,64.80999755859375,64.98999786376953,64.66000366210938,64.76000213623047,42.71848678588867,3687800
2010-04-13,64.38999938964844,65.16999816894531,64.23999786376953,64.87999725341797,42.7976188659668,4793600
2010-04-14,64.9000015258789,65.5199966430664,64.7699966430664,65.44999694824219,43.17362594604492,6098900
2010-04-15,68.5,69.73999786376953,68.37999725341797,68.88999938964844,45.44279098510742,15257900
2010-04-16,68.9000015258789,69.54000091552734,68.0,68.20999908447266,44.99424743652344,8515500
2010-04-19,68.11000061035156,68.55000305175781,67.7300033569336,68.29000091552734,45.0470085144043,5006500
2010-04-20,68.80000305175781,69.05999755859375,67.61000061035156,68.05999755859375,44.89529800415039,5222600
2010-04-21,68.25,68.87000274658203,68.08000183105469,68.12000274658203,44.93489074707031,3890900
2010-04-22,67.93000030517578,68.36000061035156,67.13999938964844,68.26000213623047,45.0272331237793,4666300
2010-04-23,68.44000244140625,68.9000015258789,67.75,68.86000061035156,45.42300033569336,4269300
2010-04-26,68.95999908447266,69.44999694824219,68.47000122070312,68.5199966430664,45.198734283447266,6395400
2010-04-27,68.41000366210938,68.47000122070312,65.7300033569336,66.22000122070312,43.681549072265625,8133600
2010-04-28,66.93000030517578,68.37999725341797,66.62000274658203,68.30999755859375,45.06020736694336,7691300
2010-04-29,68.69999694824219,69.94999694824219,68.55000305175781,69.69999694824219,45.97711181640625,5838400
2010-04-30,69.75,70.30999755859375,68.95999908447266,69.13999938964844,45.60771179199219,7025900
2010-05-03,69.48999786376953,70.88999938964844,69.1500015258789,70.69999694824219,46.636749267578125,5424700
2010-05-04,69.9800033569336,69.9800033569336,68.11000061035156,68.94000244140625,45.47578430175781,6279200
2010-05-05,67.93000030517578,68.29000091552734,66.66000366210938,67.18000030517578,44.314815521240234,8384200
2010-05-06,66.83999633789062,67.44000244140625,61.25,65.0,42.87678146362305,11149400
2010-05-07,64.6500015258789,65.12999725341797,62.959999084472656,63.93000030517578,42.17096710205078,8678000
2010-05-10,66.0,67.9000015258789,65.7300033569336,67.4800033569336,44.51271057128906,7940600
2010-05-11,66.87999725341797,68.04000091552734,66.51000213623047,66.98999786376953,44.189483642578125,4941200
2010-05-12,67.29000091552734,68.69000244140625,66.93000030517578,68.2300033569336,45.0074348449707,4184400
2010-05-13,67.73999786376953,67.98999786376953,66.69999694824219,66.79000091552734,44.3631477355957,3586500
2010-05-14,66.27999877929688,66.68000030517578,65.18000030517578,65.75,43.67235565185547,4656400
2010-05-17,65.91000366210938,66.4800033569336,64.48999786376953,65.55000305175781,43.539520263671875,4882700
2010-05-18,66.1500015258789,66.63999938964844,64.87000274658203,65.29000091552734,43.36680603027344,4282200
2010-05-19,64.72000122070312,65.4800033569336,64.13999938964844,65.12999725341797,43.260536193847656,5304000
2010-05-20,64.12000274658203,64.91999816894531,63.220001220703125,63.43000030517578,42.131370544433594,7218400
2010-05-21,62.529998779296875,63.45000076293945,61.5,62.380001068115234,41.4339485168457,13071700
2010-05-24,62.04999923706055,63.0,61.630001068115234,61.650001525878906,40.949058532714844,6607100
2010-05-25,60.25,62.04999923706055,59.529998779296875,61.970001220703125,41.1616096496582,7427100
2010-05-26,62.5,62.970001220703125,61.560001373291016,61.959999084472656,41.15497589111328,5863000
2010-05-27,63.08000183105469,63.619998931884766,62.13999938964844,63.56999969482422,42.22435760498047,4861100
2010-05-28,63.25,63.40999984741211,62.029998779296875,62.7599983215332,41.68635177612305,4276800
2010-06-01,62.11000061035156,62.5099983215332,61.099998474121094,61.16999816894531,40.63022232055664,5406500
2010-06-02,61.56999969482422,62.650001525878906,60.91999816894531,62.59000015258789,41.57341003417969,4652600
2010-06-03,62.75,63.349998474121094,62.2599983215332,63.0099983215332,41.85239028930664,3619700
2010-06-04,61.81999969482422,62.040000915527344,60.09000015258789,60.560001373291016,40.22506332397461,5186400
2010-06-07,60.560001373291016,60.58000183105469,58.33000183105469,58.45000076293945,38.82356262207031,7057100
2010-06-08,58.41999816894531,59.09000015258789,57.5099983215332,58.970001220703125,39.1689567565918,7424300
2010-06-09,59.209999084472656,59.97999954223633,58.380001068115234,58.619998931884766,38.93647766113281,5420700
2010-06-10,59.79999923706055,61.0,59.5,60.84000015258789,40.41103744506836,6315700
2010-06-11,60.43000030517578,61.349998474121094,60.13999938964844,61.20000076293945,40.6501579284668,4411200
2010-06-14,61.70000076293945,62.5099983215332,61.029998779296875,61.08000183105469,40.57045364379883,3873300
2010-06-15,61.599998474121094,62.7599983215332,61.400001525878906,62.65999984741211,41.61992263793945,4834900
2010-06-16,62.31999969482422,63.4900016784668,62.20000076293945,62.40999984741211,41.45387649536133,8791700
2010-06-17,62.91999816894531,62.91999816894531,61.38999938964844,62.20000076293945,41.31437683105469,5598500
2010-06-18,62.2599983215332,62.529998779296875,62.0,62.5,41.51365280151367,5100000
2010-06-21,63.029998779296875,63.439998626708984,61.84000015258789,62.16999816894531,41.29444885253906,5075400
2010-06-22,62.099998474121094,62.290000915527344,60.11000061035156,60.400001525878906,40.11879348754883,6483100
2010-06-23,60.400001525878906,60.88999938964844,59.63999938964844,60.380001068115234,40.105499267578125,3502600
2010-06-24,60.16999816894531,61.02000045776367,59.779998779296875,60.09000015258789,39.912872314453125,4603500
2010-06-25,60.13999938964844,60.400001525878906,59.5,60.349998474121094,40.0855827331543,4359700
2010-06-28,60.349998474121094,60.58000183105469,59.5099983215332,59.630001068115234,39.60734176635742,2573100
2010-06-29,59.0,59.0,57.029998779296875,57.540000915527344,38.219120025634766,6077500
2010-06-30,57.34000015258789,58.2599983215332,56.70000076293945,56.88999938964844,37.78738021850586,4703900
2010-07-01,57.459999084472656,58.13999938964844,56.869998931884766,58.0,38.524662017822266,6305900
2010-07-02,57.9900016784668,58.25,56.470001220703125,56.7599983215332,37.7010383605957,4630300
2010-07-06,57.34000015258789,58.220001220703125,56.61000061035156,57.20000076293945,37.993282318115234,4749400
2010-07-07,57.279998779296875,59.619998931884766,57.279998779296875,59.470001220703125,39.50105667114258,6372400
2010-07-08,59.83000183105469,60.380001068115234,59.2599983215332,59.959999084472656,39.8265266418457,4122500
2010-07-09,60.0,60.290000915527344,59.54999923706055,60.060001373291016,39.8929557800293,2700000
2010-07-12,60.38999938964844,60.5,59.439998626708984,60.02000045776367,39.866390228271484,3555100
2010-07-13,60.689998626708984,61.650001525878906,60.65999984741211,61.29999923706055,40.716590881347656,5123400
2010-07-14,61.25,62.34000015258789,61.25,61.7599983215332,41.022125244140625,4290000
2010-07-15,61.810001373291016,61.849998474121094,60.41999816894531,61.34000015258789,40.74314880371094,3607000
2010-07-16,60.9900016784668,61.290000915527344,59.45000076293945,59.68000030517578,39.64055252075195,6274700
2010-07-19,59.849998474121094,60.63999938964844,59.22999954223633,60.459999084472656,40.158626556396484,4435000
2010-07-20,59.86000061035156,60.95000076293945,59.27000045776367,60.880001068115234,40.437618255615234,3071100
2010-07-21,61.439998626708984,61.439998626708984,59.369998931884766,60.0099983215332,39.8597412109375,4417600
2010-07-22,63.0,64.30999755859375,62.599998474121094,63.150001525878906,41.94538879394531,11500700
2010-07-23,63.36000061035156,64.0,62.900001525878906,63.66999816894531,42.29077911376953,4716200
2010-07-26,64.72000122070312,65.0,64.16999816894531,64.87999725341797,43.094486236572266,4998000
2010-07-27,65.05999755859375,65.25,64.55000305175781,64.66000366210938,42.9483528137207,4474000
2010-07-28,64.5999984741211,65.29000091552734,64.27999877929688,64.80000305175781,43.04135513305664,4010300
2010-07-29,65.0999984741211,65.31999969482422,64.1500015258789,64.38999938964844,42.769012451171875,3781200
2010-07-30,63.95000076293945,65.3499984741211,63.63999938964844,65.0,43.1741828918457,5191500
2010-08-02,65.7300033569336,66.6500015258789,65.22000122070312,66.5999984741211,44.236942291259766,5489500
2010-08-03,66.4800033569336,66.76000213623047,65.80999755859375,66.5999984741211,44.236942291259766,5170600
2010-08-04,66.68000030517578,67.69999694824219,66.56999969482422,67.37999725341797,44.755027770996094,4940100
2010-08-05,66.87000274658203,67.72000122070312,66.62000274658203,67.41999816894531,44.78160858154297,4357700
2010-08-06,66.66999816894531,67.48999786376953,66.0,66.69999694824219,44.30336380004883,4663600
2010-08-09,67.08000183105469,67.72000122070312,66.94999694824219,67.41999816894531,44.78160858154297,2623300
2010-08-10,66.98999786376953,67.54000091552734,66.68000030517578,67.20999908447266,44.64210891723633,4724800
2010-08-11,66.31999969482422,66.62000274658203,64.79000091552734,65.20999908447266,43.31367492675781,5524900
2010-08-12,63.97999954223633,64.7300033569336,63.560001373291016,64.4800033569336,43.13972473144531,3950500
2010-08-13,64.22000122070312,64.80000305175781,64.12000274658203,64.44000244140625,43.112972259521484,3299900
2010-08-16,64.02999877929688,64.94000244140625,63.72999954223633,64.6500015258789,43.253475189208984,2895800
2010-08-17,65.11000061035156,66.55000305175781,65.04000091552734,66.0199966430664,44.170040130615234,4400400
2010-08-18,65.93000030517578,66.5999984741211,65.37999725341797,66.16999816894531,44.27040481567383,3845400
2010-08-19,65.81999969482422,66.18000030517578,64.83000183105469,65.41999816894531,43.76862716674805,5560200
2010-08-20,64.91000366210938,65.16999816894531,64.37999725341797,65.0999984741211,43.55453872680664,4976900
2010-08-23,65.69000244140625,66.18000030517578,65.19000244140625,65.22000122070312,43.63481140136719,3380500
2010-08-24,64.44000244140625,64.80000305175781,63.709999084472656,63.849998474121094,42.718223571777344,6716100
2010-08-25,63.34000015258789,63.650001525878906,62.61000061035156,63.349998474121094,42.38372039794922,4544700
2010-08-26,63.54999923706055,64.26000213623047,63.31999969482422,63.43000030517578,42.43723678588867,3493900
2010-08-27,63.91999816894531,64.69000244140625,63.31999969482422,64.47000122070312,43.13302993774414,3802800
2010-08-30,64.19999694824219,64.87000274658203,63.88999938964844,63.939998626708984,42.77845764160156,3007100
2010-08-31,63.61000061035156,64.26000213623047,63.279998779296875,63.79999923706055,42.68477249145508,3966400
2010-09-01,64.83999633789062,66.5,64.4000015258789,66.19000244140625,44.283790588378906,6207400
2010-09-02,66.5199966430664,67.44999694824219,66.5199966430664,67.12000274658203,44.906005859375,4991400
2010-09-03,67.5,68.33999633789062,67.30999755859375,67.63999938964844,45.25389862060547,4317900
2010-09-07,67.22000122070312,67.4800033569336,66.7300033569336,67.08000183105469,44.87923049926758,3024600
2010-09-08,67.0999984741211,68.33000183105469,67.0999984741211,67.55999755859375,45.200374603271484,3622200
2010-09-09,68.41999816894531,68.63999938964844,67.47000122070312,67.6500015258789,45.26057052612305,3312000
2010-09-10,67.8499984741211,68.08999633789062,67.55000305175781,67.76000213623047,45.33418273925781,3600200
2010-09-13,68.38999938964844,69.5,67.2699966430664,67.52999877929688,45.1803092956543,4532000
2010-09-14,67.54000091552734,67.81999969482422,67.4000015258789,67.44999694824219,45.12678146362305,3912000
2010-09-15,67.30999755859375,67.7699966430664,66.97000122070312,67.66000366210938,45.267276763916016,4227300
2010-09-16,66.87000274658203,66.98999786376953,66.22000122070312,66.72000122070312,44.638370513916016,5561000
2010-09-17,66.8499984741211,67.04000091552734,66.0999984741211,66.68000030517578,44.61162185668945,5438000
2010-09-20,67.05999755859375,67.30000305175781,66.56999969482422,66.9000015258789,44.75880432128906,3417500
2010-09-21,67.44999694824219,67.44999694824219,66.79000091552734,66.98999786376953,44.81902313232422,3937400
2010-09-22,66.97000122070312,67.9800033569336,66.97000122070312,67.5199966430664,45.17361831665039,6831000
2010-09-23,66.87999725341797,67.23999786376953,66.04000091552734,66.38999938964844,44.4175910949707,4042800
2010-09-24,66.93000030517578,67.54000091552734,66.93000030517578,67.2699966430664,45.0063591003418,4637500
2010-09-27,67.41999816894531,67.68000030517578,67.08000183105469,67.08000183105469,44.87923049926758,3187800
2010-09-28,67.33999633789062,67.52999877929688,66.37999725341797,67.18000030517578,44.946144104003906,3699700
2010-09-29,66.83000183105469,67.06999969482422,66.23999786376953,66.73999786376953,44.65176010131836,4560200
2010-09-30,67.11000061035156,68.0,66.6500015258789,66.69000244140625,44.618309020996094,4538900
2010-10-01,67.16000366210938,67.43000030517578,66.16999816894531,66.44000244140625,44.45104217529297,3910900
2010-10-04,66.25,66.62999725341797,65.44000244140625,66.12000274658203,44.23695755004883,3936300
2010-10-05,66.87999725341797,68.27999877929688,66.51000213623047,67.87999725341797,45.41445541381836,7262300
2010-10-06,68.0,68.1500015258789,67.69999694824219,67.80999755859375,45.36762237548828,3600600
2010-10-07,68.19000244140625,68.27999877929688,67.0199966430664,67.37000274658203,45.07325744628906,3442600
2010-10-08,67.55999755859375,67.75,66.91999816894531,67.52999877929688,45.1803092956543,4287200
2010-10-11,67.44999694824219,67.5999984741211,66.95999908447266,67.3499984741211,45.059879302978516,2811700
2010-10-12,67.0999984741211,67.44999694824219,66.26000213623047,67.23999786376953,44.986270904541016,3010600
2010-10-13,67.91000366210938,69.44999694824219,67.7300033569336,68.66000366210938,45.93632507324219,8406100
2010-10-14,68.55000305175781,69.4000015258789,68.52999877929688,69.4000015258789,46.431427001953125,5099000
2010-10-15,69.70999908447266,69.91000366210938,69.0,69.30999755859375,46.37119674682617,5733000
2010-10-18,69.44000244140625,69.75,68.7300033569336,69.5,46.49831008911133,3982700
2010-10-19,68.83000183105469,69.08999633789062,67.69000244140625,68.73999786376953,45.98984146118164,4388600
2010-10-20,68.73999786376953,69.88999938964844,68.73999786376953,69.6500015258789,46.59867858886719,4773000
2010-10-21,69.94999694824219,70.0,68.61000061035156,69.58999633789062,46.558528900146484,6172200
2010-10-22,69.61000061035156,69.94999694824219,69.12000274658203,69.83000183105469,46.719093322753906,2969600
2010-10-25,69.94000244140625,69.98999786376953,69.25,69.31999969482422,46.37788772583008,4036000
2010-10-26,69.04000091552734,69.62999725341797,68.66999816894531,69.41999816894531,46.444786071777344,2869300
2010-10-27,68.94000244140625,69.0999984741211,67.44999694824219,67.9800033569336,45.481380462646484,5400400
2010-10-28,68.25,68.4000015258789,66.97000122070312,67.66000366210938,45.267276763916016,5237100
2010-10-29,67.45999908447266,67.54000091552734,67.0,67.33999633789062,45.05318832397461,4329100
2010-11-01,67.37999725341797,68.02999877929688,66.93000030517578,67.33999633789062,45.05318832397461,2841000
2010-11-02,67.9800033569336,68.54000091552734,67.91000366210938,68.30000305175781,45.69546890258789,3069000
2010-11-03,68.30999755859375,68.69999694824219,67.69999694824219,68.62999725341797,45.91624450683594,2704500
2010-11-04,69.08999633789062,69.63999938964844,68.68000030517578,69.37000274658203,46.411338806152344,4203400
2010-11-05,69.33999633789062,69.95999908447266,69.27999877929688,69.79000091552734,46.69234848022461,3685200
2010-11-08,69.61000061035156,69.61000061035156,68.94999694824219,69.4800033569336,46.48493194580078,3304700
2010-11-09,69.83000183105469,69.87999725341797,68.73999786376953,68.98999786376953,46.157108306884766,4615200
2010-11-10,68.26000213623047,68.51000213623047,67.61000061035156,68.06999969482422,45.85396194458008,4962500
2010-11-11,67.7699966430664,68.33999633789062,67.4800033569336,68.27999877929688,45.99543762207031,2770800
2010-11-12,68.08999633789062,68.36000061035156,67.76000213623047,68.12000274658203,45.88766860961914,2802100
2010-11-15,68.2300033569336,68.7300033569336,67.94000244140625,68.06999969482422,45.85396194458008,2456100
2010-11-16,67.69999694824219,67.91000366210938,66.9000015258789,67.51000213623047,45.476749420166016,4070300
2010-11-17,67.4000015258789,67.62000274658203,66.97000122070312,67.23999786376953,45.29484558105469,2560500
2010-11-18,67.93000030517578,68.62999725341797,67.75,68.16999816894531,45.92134094238281,2885300
2010-11-19,68.20999908447266,69.11000061035156,67.87000274658203,69.11000061035156,46.55454635620117,4166400
2010-11-22,68.7699966430664,69.08000183105469,68.1500015258789,68.79000091552734,46.33898162841797,3441300
2010-11-23,68.01000213623047,68.26000213623047,67.43000030517578,68.16000366210938,45.91460037231445,3775400
2010-11-24,68.55000305175781,69.87000274658203,68.55000305175781,69.58999633789062,46.87788772583008,4635100
2010-11-26,69.08999633789062,69.4800033569336,68.94999694824219,69.0999984741211,46.54779815673828,1842200
2010-11-29,68.95999908447266,69.9800033569336,68.58999633789062,69.87999725341797,47.073238372802734,5209100
2010-11-30,69.26000213623047,70.6500015258789,69.05999755859375,70.12999725341797,47.24164962768555,7606600
2010-12-01,70.97000122070312,71.9000015258789,70.87000274658203,71.44000244140625,48.124114990234375,5762100
2010-12-02,71.44999694824219,72.19999694824219,71.43000030517578,71.86000061035156,48.407012939453125,4513800
2010-12-03,71.44000244140625,71.87999725341797,70.87000274658203,71.80000305175781,48.366607666015625,3859200
2010-12-06,71.66999816894531,72.0199966430664,71.22000122070312,71.69000244140625,48.29249954223633,3498500
2010-12-07,72.1500015258789,72.41999816894531,71.5999984741211,71.69000244140625,48.29249954223633,4994600
2010-12-08,71.73999786376953,72.16999816894531,71.38999938964844,72.01000213623047,48.50806427001953,2932200
2010-12-09,72.30999755859375,73.58999633789062,72.30000305175781,73.04000091552734,49.201900482177734,6291600
2010-12-10,73.3499984741211,73.56999969482422,72.3499984741211,72.88999938964844,49.10087203979492,3404000
2010-12-13,73.23999786376953,73.23999786376953,72.70999908447266,72.7699966430664,49.02003479003906,2979200
2010-12-14,73.04000091552734,73.08000183105469,72.13999938964844,72.5999984741211,48.905513763427734,3857900
2010-12-15,72.16000366210938,72.80000305175781,72.0199966430664,72.25,48.66973114013672,3520800
2010-12-16,72.25,73.94000244140625,71.56999969482422,73.76000213623047,49.68692398071289,7250500
2010-12-17,73.73999786376953,73.87999725341797,72.87999725341797,73.05999755859375,49.21536636352539,6813000
2010-12-20,73.43000030517578,73.54000091552734,72.33000183105469,72.73999786376953,48.999813079833984,3515200
2010-12-21,73.0,73.18000030517578,72.86000061035156,72.87999725341797,49.09412384033203,2127400
2010-12-22,73.05999755859375,73.18000030517578,72.66999816894531,72.86000061035156,49.08066177368164,1531600
2010-12-23,72.87999725341797,72.97000122070312,72.5,72.7300033569336,48.99308776855469,1540500
2010-12-27,72.5,73.1500015258789,72.37000274658203,72.80999755859375,49.04697036743164,1612800
2010-12-28,72.94999694824219,73.12999725341797,72.68000030517578,72.80999755859375,49.04697036743164,1632900
2010-12-29,72.79000091552734,72.9800033569336,72.54000091552734,72.68000030517578,48.95941162109375,1484700
2010-12-30,72.66999816894531,73.0999984741211,72.5199966430664,72.68000030517578,48.95941162109375,1443000
2010-12-31,72.6500015258789,73.05999755859375,72.5,72.58000183105469,48.892032623291016,2054500
2011-01-03,73.18000030517578,73.88999938964844,72.86000061035156,72.94999694824219,49.14128112792969,4232600
2011-01-04,72.88999938964844,73.13999938964844,72.33999633789062,72.79000091552734,49.03350830078125,3834900
2011-01-05,72.16000366210938,73.20999908447266,72.13999938964844,72.9000015258789,49.10760498046875,3391300
2011-01-06,72.87999725341797,72.98999786376953,72.20999908447266,72.48999786376953,48.8314094543457,3354100
2011-01-07,72.80999755859375,72.91999816894531,71.0,72.1500015258789,48.60239028930664,7145200
2011-01-10,71.73999786376953,72.52999877929688,71.47000122070312,72.13999938964844,48.595645904541016,2783300
2011-01-11,72.30000305175781,72.33000183105469,71.27999877929688,71.75,48.33290481567383,3020900
2011-01-12,72.23999786376953,72.4000015258789,71.76000213623047,71.94999694824219,48.46767044067383,2498300
2011-01-13,71.8499984741211,72.47000122070312,71.55999755859375,72.25,48.66973114013672,2397900
2011-01-14,72.05999755859375,72.87000274658203,72.02999877929688,72.4800033569336,48.824676513671875,2422900
2011-01-18,72.69999694824219,73.19999694824219,72.6500015258789,73.0199966430664,49.18843460083008,4370800
2011-01-19,72.9000015258789,73.08999633789062,71.79000091552734,72.18000030517578,48.622596740722656,3354500
2011-01-20,72.38999938964844,72.8499984741211,71.9800033569336,72.66000366210938,48.94593811035156,4188200
2011-01-21,73.0199966430664,73.08999633789062,72.44999694824219,72.88999938964844,49.10087203979492,4601400
2011-01-24,72.7699966430664,73.25,72.44000244140625,73.20999908447266,49.316444396972656,3255700
2011-01-25,73.18000030517578,73.4000015258789,72.45999908447266,72.83000183105469,49.06045913696289,3820100
2011-01-26,73.02999877929688,73.30000305175781,72.4800033569336,72.87000274658203,49.08739471435547,2825700
2011-01-27,73.1500015258789,73.4000015258789,72.44999694824219,72.91000366210938,49.114341735839844,3096100
2011-01-28,72.93000030517578,72.95999908447266,70.63999938964844,70.7300033569336,47.645835876464844,5646400
2011-01-31,70.80999755859375,71.66000366210938,70.3499984741211,71.62000274658203,48.24534606933594,5369500
2011-02-01,74.0,75.19000244140625,73.77999877929688,74.58999633789062,50.246036529541016,12457000
2011-02-02,74.77999877929688,74.83999633789062,73.9000015258789,74.04000091552734,49.875545501708984,4992300
2011-02-03,74.0199966430664,74.55999755859375,73.9000015258789,74.29000091552734,50.04395294189453,4063600
2011-02-04,74.45999908447266,74.5999984741211,73.5999984741211,74.33999633789062,50.07761001586914,2959000
2011-02-07,74.25,74.44000244140625,73.55000305175781,74.25,50.01699447631836,4781300
2011-02-08,74.11000061035156,74.58000183105469,73.83999633789062,74.47000122070312,50.16520690917969,2959400
2011-02-09,74.19000244140625,74.58000183105469,73.45999908447266,74.58000183105469,50.23929977416992,3056400
2011-02-10,73.69000244140625,75.0,73.55999755859375,74.7699966430664,50.72093963623047,5216900
2011-02-11,74.6500015258789,75.62999725341797,74.38999938964844,75.31999969482422,51.094017028808594,4248300
2011-02-14,75.0999984741211,75.31999969482422,74.58999633789062,74.80000305175781,50.741294860839844,3273900
2011-02-15,74.77999877929688,75.19000244140625,74.19000244140625,74.80000305175781,50.741294860839844,3874900
2011-02-16,74.86000061035156,75.80000305175781,74.86000061035156,75.66000366210938,51.32468795776367,4256300
2011-02-17,75.33000183105469,76.38999938964844,75.16999816894531,76.33000183105469,51.779197692871094,3835700
2011-02-18,76.47000122070312,77.0,76.08999633789062,76.47000122070312,51.87413787841797,5038700
2011-02-22,75.58000183105469,75.87000274658203,74.30999755859375,74.61000061035156,50.612388610839844,5887000
2011-02-23,74.75,75.30000305175781,72.83000183105469,73.47000122070312,49.83905792236328,7181200
2011-02-24,73.2300033569336,74.16999816894531,73.0199966430664,73.68000030517578,49.98153305053711,5193800
2011-02-25,73.9800033569336,74.05000305175781,73.30000305175781,73.45999908447266,49.83228302001953,3729300
2011-02-28,73.77999877929688,74.37999725341797,73.45999908447266,73.80000305175781,50.06292724609375,3680100
2011-03-01,73.76000213623047,73.94999694824219,71.95999908447266,72.3499984741211,49.07929229736328,6660100
2011-03-02,72.1500015258789,72.9000015258789,71.2699966430664,72.2699966430664,49.02503204345703,6457400
2011-03-03,72.75,73.72000122070312,72.52999877929688,73.45999908447266,49.83228302001953,3913700
2011-03-04,73.55999755859375,73.6500015258789,71.62999725341797,72.44000244140625,49.14035415649414,4913300
2011-03-07,72.66999816894531,72.94000244140625,71.27999877929688,71.80000305175781,48.70621109008789,3597400
2011-03-08,72.16999816894531,73.27999877929688,71.87000274658203,72.81999969482422,49.39813232421875,3889800
2011-03-09,72.47000122070312,73.54000091552734,72.02999877929688,73.25,49.68982696533203,4058300
2011-03-10,72.36000061035156,73.7699966430664,72.25,73.11000061035156,49.5948486328125,4873500
2011-03-11,73.0,74.5199966430664,73.0,74.08999633789062,50.25965118408203,4736900
2011-03-14,73.33999633789062,73.61000061035156,72.30000305175781,73.19000244140625,49.64912414550781,4789700
2011-03-15,71.9000015258789,72.27999877929688,71.43000030517578,71.80999755859375,48.712974548339844,5519100
2011-03-16,71.76000213623047,71.77999877929688,70.20999908447266,70.37999725341797,47.74293899536133,7607300
2011-03-17,72.61000061035156,72.80000305175781,71.16000366210938,71.61000061035156,48.57732009887695,8259800
2011-03-18,72.58000183105469,72.5999984741211,71.27999877929688,71.5999984741211,48.57052993774414,5949600
2011-03-21,72.56999969482422,73.4000015258789,72.33999633789062,72.83999633789062,49.41169738769531,3825300
2011-03-22,72.79000091552734,72.91999816894531,71.8499984741211,72.05000305175781,48.875797271728516,3932800
2011-03-23,71.66000366210938,71.91000366210938,71.33999633789062,71.62000274658203,48.58409118652344,4445500
2011-03-24,71.80999755859375,72.13999938964844,71.5999984741211,72.0999984741211,48.90971374511719,3982600
2011-03-25,72.13999938964844,72.58999633789062,71.98999786376953,72.04000091552734,48.869022369384766,3459600
2011-03-28,72.26000213623047,74.05999755859375,72.26000213623047,73.5199966430664,49.87298583984375,4499600
2011-03-29,73.29000091552734,73.9000015258789,73.08999633789062,73.8499984741211,50.09683609008789,2472600
2011-03-30,74.16000366210938,74.9000015258789,73.94999694824219,74.5,50.53776931762695,3960700
2011-03-31,74.36000061035156,74.94999694824219,74.23999786376953,74.31999969482422,50.41567611694336,3307900
2011-04-01,74.98999786376953,75.13999938964844,74.27999877929688,74.4800033569336,50.524208068847656,3620300
2011-04-04,74.58999633789062,74.8499984741211,74.4000015258789,74.73999786376953,50.70060729980469,2306900
2011-04-05,74.43000030517578,74.87999725341797,74.06999969482422,74.1500015258789,50.300350189208984,2842400
2011-04-06,74.30000305175781,74.61000061035156,73.94999694824219,74.47000122070312,50.517433166503906,2703900
2011-04-07,74.23999786376953,74.41000366210938,73.69000244140625,74.0,50.19860076904297,2652000
2011-04-08,74.11000061035156,74.12999725341797,72.83999633789062,73.25,49.68982696533203,4208900
2011-04-11,73.12999725341797,73.30000305175781,72.55000305175781,73.20999908447266,49.662696838378906,3487800
2011-04-12,72.76000213623047,73.8499984741211,72.76000213623047,73.2300033569336,49.67626953125,3184300
2011-04-13,73.45999908447266,73.5199966430664,72.31999969482422,72.61000061035156,49.25568771362305,3639300
2011-04-14,72.29000091552734,72.97000122070312,72.12000274658203,72.41000366210938,49.12000274658203,3412500
2011-04-15,72.5999984741211,72.95999908447266,72.3499984741211,72.70999908447266,49.323516845703125,3606700
2011-04-18,71.80999755859375,72.04000091552734,71.4800033569336,71.91999816894531,48.787620544433594,3448700
2011-04-19,71.8499984741211,72.1500015258789,71.69000244140625,71.9800033569336,48.82831954956055,2705300
2011-04-20,72.75,73.41999816894531,72.38999938964844,72.70999908447266,49.323516845703125,3003300
2011-04-21,72.9800033569336,73.5,72.77999877929688,73.16999816894531,49.63553237915039,2613600
2011-04-25,73.08000183105469,74.08999633789062,72.81999969482422,73.63999938964844,49.95439147949219,3831100
2011-04-26,74.91999816894531,75.0,74.04000091552734,74.30000305175781,50.40209197998047,4294800
2011-04-27,74.63999938964844,74.6500015258789,73.68000030517578,74.2699966430664,50.38174819946289,3410700
2011-04-28,73.98999786376953,74.98999786376953,73.98999786376953,74.80999755859375,50.74806594848633,2885200
2011-04-29,74.8499984741211,75.33999633789062,74.62000274658203,74.97000122070312,50.856597900390625,4400000
2011-05-02,75.33999633789062,75.58000183105469,74.5,74.87000274658203,50.78874969482422,2452700
2011-05-03,74.66000366210938,75.23999786376953,74.5,75.08999633789062,50.937992095947266,3481700
2011-05-04,74.97000122070312,75.23999786376953,73.73999786376953,74.25,50.36817169189453,4214700
2011-05-05,73.75,74.93000030517578,73.58000183105469,73.95999908447266,50.17145538330078,5406300
2011-05-06,74.9000015258789,74.94999694824219,74.0,74.0999984741211,50.266441345214844,3976200
2011-05-09,74.01000213623047,74.05999755859375,73.58000183105469,73.69999694824219,49.99508285522461,3403200
2011-05-10,73.86000061035156,74.70999908447266,73.86000061035156,74.37000274658203,50.44959259033203,2871700
2011-05-11,74.5,74.94999694824219,74.22000122070312,74.6500015258789,50.6395378112793,4816300
2011-05-12,74.27999877929688,74.43000030517578,73.69000244140625,74.33999633789062,50.7829704284668,3793500
2011-05-13,74.43000030517578,74.70999908447266,73.79000091552734,74.13999938964844,50.64633560180664,3773000
2011-05-16,74.0,74.30000305175781,73.62999725341797,73.80000305175781,50.414100646972656,3810400
2011-05-17,73.58999633789062,73.73999786376953,73.0199966430664,73.41999816894531,50.154510498046875,4723300
2011-05-18,73.41000366210938,74.05999755859375,72.93000030517578,73.83999633789062,50.44141387939453,3114300
2011-05-19,74.0,74.6500015258789,73.95999908447266,74.30000305175781,50.755653381347656,3354900
2011-05-20,74.06999969482422,74.38999938964844,73.94999694824219,74.05000305175781,50.58489227294922,4704800
2011-05-23,73.37000274658203,73.6500015258789,72.69999694824219,73.5,50.209171295166016,4397400
2011-05-24,73.55000305175781,73.58000183105469,72.70999908447266,72.91000366210938,49.80613327026367,3790300
2011-05-25,72.68000030517578,73.04000091552734,72.58999633789062,72.80000305175781,49.730987548828125,4145200
2011-05-26,72.5999984741211,73.30000305175781,72.29000091552734,72.97000122070312,49.84711837768555,4098800
2011-05-27,73.33999633789062,73.41999816894531,72.73999786376953,72.95999908447266,49.84029006958008,2702200
2011-05-31,73.2699966430664,73.83000183105469,73.13999938964844,73.48999786376953,50.202327728271484,4642000
2011-06-01,73.51000213623047,73.68000030517578,72.26000213623047,72.30000305175781,49.38942337036133,6098900
2011-06-02,72.5999984741211,72.98999786376953,71.87000274658203,72.31999969482422,49.403079986572266,4694800
2011-06-03,71.76000213623047,71.76000213623047,70.83999633789062,71.1500015258789,48.603843688964844,5370200
2011-06-06,70.94000244140625,71.16999816894531,70.12000274658203,70.36000061035156,48.06415939331055,3988800
2011-06-07,70.3499984741211,70.54000091552734,69.69000244140625,69.75,47.64747619628906,4596400
2011-06-08,69.45999908447266,69.80999755859375,69.0199966430664,69.26000213623047,47.312747955322266,4896600
2011-06-09,69.55999755859375,69.70999908447266,69.25,69.29000091552734,47.33324432373047,4299600
2011-06-10,69.05000305175781,69.29000091552734,68.12999725341797,68.5,46.793575286865234,4866900
2011-06-13,68.41999816894531,68.87999725341797,68.2699966430664,68.45999908447266,46.766239166259766,4534800
2011-06-14,69.23999786376953,69.58999633789062,68.80000305175781,69.20999908447266,47.278587341308594,4270600
2011-06-15,68.79000091552734,69.30000305175781,68.4800033569336,69.11000061035156,47.21028137207031,5497300
2011-06-16,69.01000213623047,69.58000183105469,68.62000274658203,69.05000305175781,47.16927719116211,4450200
2011-06-17,69.63999938964844,69.83000183105469,69.16999816894531,69.16999816894531,47.25125503540039,5584200
2011-06-20,68.94999694824219,69.7699966430664,68.80000305175781,69.30000305175781,47.34007263183594,3058400
2011-06-21,69.77999877929688,70.87000274658203,69.69999694824219,70.6500015258789,48.26228332519531,4478600
2011-06-22,71.18000030517578,71.75,71.08000183105469,71.11000061035156,48.57651138305664,5037100
2011-06-23,70.19000244140625,71.52999877929688,70.11000061035156,71.31999969482422,48.71996307373047,5557400
2011-06-24,71.25,71.48999786376953,70.51000213623047,71.12000274658203,48.58335494995117,4743900
2011-06-27,71.1500015258789,71.61000061035156,70.86000061035156,71.44000244140625,48.80195999145508,2932700
2011-06-28,71.62000274658203,72.29000091552734,71.47000122070312,72.05000305175781,49.218658447265625,3440200
2011-06-29,72.36000061035156,72.4800033569336,71.55999755859375,71.9800033569336,49.17082977294922,3857200
2011-06-30,72.30000305175781,73.18000030517578,72.16000366210938,72.93000030517578,49.81977844238281,4070000
2011-07-01,73.08999633789062,74.12000274658203,72.9000015258789,73.95999908447266,50.523399353027344,3674300
2011-07-05,74.0,74.0,73.36000061035156,73.77999877929688,50.40043640136719,2834400
2011-07-06,73.75,74.9800033569336,73.7300033569336,74.5,50.89227294921875,4803500
2011-07-07,74.91999816894531,75.80000305175781,74.5999984741211,75.37000274658203,51.4865837097168,4707200
2011-07-08,74.79000091552734,74.94999694824219,74.12999725341797,74.56999969482422,50.94009780883789,4053100
2011-07-11,74.1500015258789,74.16000366210938,73.20999908447266,73.73999786376953,50.37311553955078,3704100
2011-07-12,73.5,74.06999969482422,73.16999816894531,73.25,50.03838348388672,3836900
2011-07-13,73.6500015258789,74.1500015258789,73.20999908447266,73.41999816894531,50.154510498046875,2704700
2011-07-14,73.41000366210938,74.0199966430664,72.95999908447266,73.36000061035156,50.113525390625,3552200
2011-07-15,73.6500015258789,73.6500015258789,72.33000183105469,73.08000183105469,49.922264099121094,4210000
2011-07-18,72.91000366210938,73.0,72.13999938964844,72.41999816894531,49.471405029296875,3337600
2011-07-19,72.83999633789062,73.5199966430664,72.70999908447266,73.4000015258789,50.140838623046875,3096000
2011-07-20,73.47000122070312,73.73999786376953,73.1500015258789,73.5199966430664,50.22283172607422,2692300
2011-07-21,73.83999633789062,74.98999786376953,73.7699966430664,74.4000015258789,50.823978424072266,4600800
2011-07-22,74.23999786376953,74.66999816894531,73.95999908447266,74.16000366210938,50.66002655029297,2886800
2011-07-25,73.55999755859375,74.38999938964844,73.2300033569336,74.05000305175781,50.58489227294922,3452300
2011-07-26,72.33999633789062,72.38999938964844,69.62000274658203,71.58999633789062,48.904396057128906,12590500
2011-07-27,71.13999938964844,71.18000030517578,69.91000366210938,70.20999908447266,47.961700439453125,7097100
2011-07-28,70.20999908447266,70.5999984741211,68.97000122070312,69.13999938964844,47.23076629638672,7355600
2011-07-29,68.63999938964844,69.68000030517578,68.36000061035156,69.22000122070312,47.28541564941406,6237100
2011-08-01,69.86000061035156,69.86000061035156,67.0,67.62000274658203,46.19242858886719,8837400
2011-08-02,67.18000030517578,67.4000015258789,66.20999908447266,66.27999877929688,45.27705383300781,7928900
2011-08-03,66.4000015258789,67.48999786376953,66.05000305175781,67.26000213623047,45.946502685546875,6849000
2011-08-04,66.4800033569336,66.80999755859375,65.19999694824219,65.2300033569336,44.55978012084961,8060900
2011-08-05,66.16999816894531,66.97000122070312,64.4000015258789,65.69000244140625,44.8740119934082,10325100
2011-08-08,64.18000030517578,65.75,61.95000076293945,62.400001525878906,42.62656021118164,13977300
2011-08-09,62.130001068115234,64.20999908447266,60.7400016784668,64.0999984741211,43.78784942626953,13460000
2011-08-10,63.43000030517578,63.970001220703125,61.689998626708984,61.9900016784668,42.346473693847656,10562000
2011-08-11,62.5099983215332,65.94999694824219,62.029998779296875,64.72000122070312,44.211395263671875,11682900
2011-08-12,65.04000091552734,65.73999786376953,64.4000015258789,65.19999694824219,44.53927993774414,5740100
2011-08-15,65.8499984741211,65.95999908447266,64.94999694824219,65.87999725341797,45.00380325317383,4226200
2011-08-16,65.12000274658203,65.61000061035156,64.5,65.19999694824219,44.53927993774414,5874000
2011-08-17,65.41999816894531,66.05999755859375,64.52999877929688,65.08000183105469,44.457305908203125,5166600
2011-08-18,63.25,63.310001373291016,61.2400016784668,62.279998779296875,42.88725280761719,8434100
2011-08-19,61.540000915527344,63.08000183105469,61.529998779296875,61.70000076293945,42.487857818603516,6606800
2011-08-22,62.970001220703125,63.15999984741211,61.619998931884766,62.0,42.69444274902344,4648300
2011-08-23,62.20000076293945,63.93000030517578,61.869998931884766,63.84000015258789,43.96149826049805,5478800
2011-08-24,63.709999084472656,65.06999969482422,63.58000183105469,64.81999969482422,44.6363410949707,4596900
2011-08-25,64.95999908447266,65.19000244140625,63.369998931884766,63.65999984741211,43.837554931640625,5316800
2011-08-26,63.25,64.94000244140625,62.209999084472656,64.69999694824219,44.55371856689453,4754900
2011-08-29,65.37000274658203,66.94999694824219,65.37000274658203,66.7300033569336,45.95161437988281,4593200
2011-08-30,66.48999786376953,67.69999694824219,66.2699966430664,67.2300033569336,46.295936584472656,4477700
2011-08-31,67.73999786376953,68.54000091552734,67.0,67.38999938964844,46.40610885620117,5617100
2011-09-01,67.33000183105469,68.41999816894531,66.5,66.66999816894531,45.91029739379883,6335100
2011-09-02,66.0,66.19999694824219,65.27999877929688,65.61000061035156,45.18035888671875,5252000
2011-09-06,64.27999877929688,64.69999694824219,63.33000183105469,64.3499984741211,44.31270217895508,7391900
2011-09-07,65.2699966430664,65.41000366210938,64.37999725341797,64.98999786376953,44.75342559814453,7151300
2011-09-08,64.69999694824219,65.7699966430664,64.54000091552734,64.9000015258789,44.691444396972656,4822100
2011-09-09,64.25,64.77999877929688,63.61000061035156,64.22000122070312,44.22319030761719,6722200
2011-09-12,63.130001068115234,63.939998626708984,62.38999938964844,63.869998931884766,43.98215866088867,6720300
2011-09-13,63.93000030517578,65.26000213623047,63.900001525878906,64.66999816894531,44.533058166503906,6061100
2011-09-14,65.33999633789062,67.44999694824219,64.7699966430664,66.16000366210938,45.559112548828125,8365100
2011-09-15,67.02999877929688,67.48999786376953,65.69000244140625,66.18000030517578,45.5728645324707,7860700
2011-09-16,66.31999969482422,66.7699966430664,65.19999694824219,66.58999633789062,45.8552131652832,8253100
2011-09-19,65.55000305175781,66.0,64.70999908447266,65.80000305175781,45.31120300292969,6386200
2011-09-20,66.1500015258789,67.30000305175781,65.33000183105469,66.20999908447266,45.593544006347656,5804200
2011-09-21,66.0999984741211,66.0999984741211,64.30999755859375,64.33999633789062,44.30582046508789,6587200
2011-09-22,62.59000015258789,63.36000061035156,61.369998931884766,62.16999816894531,42.81150817871094,12778100
2011-09-23,61.88999938964844,62.529998779296875,61.119998931884766,62.0,42.69444274902344,9247700
2011-09-26,62.459999084472656,63.31999969482422,61.84000015258789,63.209999084472656,43.527679443359375,5466600
2011-09-27,64.76000213623047,65.19000244140625,63.68000030517578,64.01000213623047,44.07857131958008,5103800
2011-09-28,64.2699966430664,64.5,63.060001373291016,63.150001525878906,43.48636245727539,4261600
2011-09-29,64.16999816894531,64.68000030517578,63.5099983215332,64.66999816894531,44.533058166503906,5197500
2011-09-30,64.0199966430664,64.69000244140625,63.119998931884766,63.150001525878906,43.48636245727539,6157000
2011-10-03,63.11000061035156,64.16000366210938,62.209999084472656,62.220001220703125,42.845951080322266,6140400
2011-10-04,61.630001068115234,64.16999816894531,61.27000045776367,64.05999755859375,44.11301040649414,8300000
2011-10-05,64.11000061035156,65.87000274658203,63.95000076293945,65.56999969482422,45.1528205871582,6314100
2011-10-06,65.29000091552734,66.62999725341797,64.86000061035156,66.5199966430664,45.8070068359375,4255600
2011-10-07,66.94999694824219,67.0,65.51000213623047,66.26000213623047,45.62797164916992,5511000
2011-10-10,67.5,67.86000061035156,67.11000061035156,67.86000061035156,46.72976303100586,3491000
2011-10-11,67.43000030517578,68.1500015258789,67.26000213623047,67.94999694824219,46.791725158691406,2737400
2011-10-12,68.25,69.31999969482422,68.23999786376953,68.55999755859375,47.211788177490234,4852400
2011-10-13,68.01000213623047,68.4000015258789,67.75,68.08999633789062,46.88814163208008,3312000
2011-10-14,68.94000244140625,69.29000091552734,68.30000305175781,68.95999908447266,47.48722457885742,3865700
2011-10-17,68.54000091552734,69.19999694824219,67.79000091552734,68.01000213623047,46.83304977416992,3773300
2011-10-18,67.95999908447266,69.93000030517578,67.61000061035156,69.25,47.68693923950195,4269500
2011-10-19,69.30000305175781,69.70999908447266,68.51000213623047,68.81999969482422,47.390846252441406,3320800
2011-10-20,68.95999908447266,69.76000213623047,68.1500015258789,69.19999694824219,47.65252685546875,3581700
2011-10-21,69.86000061035156,70.70999908447266,69.51000213623047,70.05999755859375,48.24473190307617,7502600
2011-10-24,70.33999633789062,71.63999938964844,70.20999908447266,70.87000274658203,48.802513122558594,6009000
2011-10-25,69.30000305175781,70.0,68.22000122070312,69.3499984741211,47.75580596923828,6197000
2011-10-26,69.5,70.19999694824219,68.25,69.37999725341797,47.77647018432617,5992600
2011-10-27,70.7699966430664,72.0,70.33999633789062,71.55000305175781,49.27075958251953,5827200
2011-10-28,71.16999816894531,72.04000091552734,71.12000274658203,71.48999786376953,49.22946548461914,3817900
2011-10-31,70.7300033569336,71.20999908447266,70.22000122070312,70.23999786376953,48.3686637878418,3634400
2011-11-01,69.19999694824219,69.69999694824219,68.33999633789062,68.5999984741211,47.239341735839844,5585000
2011-11-02,69.47000122070312,70.0,68.7300033569336,69.3499984741211,47.75580596923828,3443700
2011-11-03,69.87999725341797,70.80000305175781,69.18000030517578,70.55999755859375,48.589027404785156,3802200
2011-11-04,70.05999755859375,70.19000244140625,69.0199966430664,69.98999786376953,48.19651412963867,4583400
2011-11-07,69.87999725341797,70.73999786376953,69.36000061035156,70.45999908447266,48.520179748535156,3150800
2011-11-08,70.6500015258789,71.66999816894531,70.37000274658203,71.55000305175781,49.27075958251953,4106500
2011-11-09,69.97000122070312,70.18000030517578,68.5999984741211,68.98999786376953,47.85568618774414,5680200
2011-11-10,69.93000030517578,70.33000183105469,69.41999816894531,69.87999725341797,48.473060607910156,4910100
2011-11-11,70.72000122070312,71.30000305175781,70.6500015258789,70.77999877929688,49.09733200073242,3051700
2011-11-14,70.43000030517578,70.77999877929688,69.88999938964844,70.25,48.72971725463867,3116100
2011-11-15,70.06999969482422,71.05000305175781,70.06999969482422,70.56999969482422,48.95167922973633,4446400
2011-11-16,70.05999755859375,70.22000122070312,69.13999938964844,69.30999755859375,48.077674865722656,4903900
2011-11-17,69.01000213623047,69.80999755859375,68.48999786376953,68.93000030517578,47.81406784057617,4913400
2011-11-18,69.30000305175781,69.47000122070312,68.80000305175781,69.13999938964844,47.959747314453125,3691500
2011-11-21,68.12000274658203,68.37999725341797,67.61000061035156,68.22000122070312,47.32158660888672,4399200
2011-11-22,68.19999694824219,68.75,67.83999633789062,68.04000091552734,47.196712493896484,3331300
2011-11-23,67.54000091552734,67.56999969482422,66.9000015258789,66.9000015258789,46.405941009521484,5294900
2011-11-25,66.5199966430664,67.1500015258789,66.45999908447266,66.45999908447266,46.100746154785156,1690700
2011-11-28,68.19000244140625,68.77999877929688,67.73999786376953,68.23999786376953,47.33544921875,4618600
2011-11-29,68.5999984741211,69.12000274658203,68.33999633789062,68.41000366210938,47.453365325927734,3121300
2011-11-30,70.0199966430664,71.80000305175781,69.94999694824219,71.75,49.77018356323242,6995600
2011-12-01,71.56999969482422,71.7300033569336,71.0,71.12999725341797,49.340118408203125,3766300
2011-12-02,71.76000213623047,72.08999633789062,71.0,71.06999969482422,49.298500061035156,4107400
2011-12-05,71.94000244140625,72.44000244140625,71.51000213623047,71.94999694824219,49.908939361572266,4760000
2011-12-06,72.19000244140625,72.25,71.48999786376953,71.80000305175781,49.80488586425781,3468500
2011-12-07,71.72000122070312,73.66000366210938,71.5,73.30999755859375,50.852317810058594,7583000
2011-12-08,72.88999938964844,73.30000305175781,71.80000305175781,72.0199966430664,49.957489013671875,5756800
2011-12-09,72.37999725341797,72.63999938964844,71.76000213623047,72.44999694824219,50.25577163696289,3741900
2011-12-12,71.83000183105469,71.88999938964844,71.02999877929688,71.83999633789062,49.832618713378906,4156600
2011-12-13,72.05000305175781,72.45999908447266,70.66000366210938,71.05000305175781,49.284645080566406,5511200
2011-12-14,70.77999877929688,71.4000015258789,70.37999725341797,70.63999938964844,49.0002326965332,4714700
2011-12-15,71.72000122070312,72.23999786376953,71.37999725341797,71.55000305175781,49.6314582824707,6363900
2011-12-16,72.08999633789062,72.4000015258789,71.36000061035156,71.76000213623047,49.77715301513672,6937500
2011-12-19,71.98999786376953,72.30999755859375,70.55000305175781,70.80000305175781,49.11122131347656,3735400
2011-12-20,71.80999755859375,72.77999877929688,71.62000274658203,72.55999755859375,50.33206558227539,3615300
2011-12-21,72.75,72.91999816894531,71.91000366210938,72.47000122070312,50.269649505615234,3105800
2011-12-22,72.7300033569336,73.43000030517578,72.63999938964844,73.0,50.63729476928711,3819000
2011-12-23,73.1500015258789,73.4800033569336,72.91000366210938,73.47000122070312,50.963287353515625,1870500
2011-12-27,73.4000015258789,73.80999755859375,73.12999725341797,73.48999786376953,50.977169036865234,1337000
2011-12-28,73.4800033569336,73.54000091552734,72.5,72.7300033569336,50.44999694824219,2098500
2011-12-29,72.83000183105469,73.62999725341797,72.81999969482422,73.52999877929688,51.00491714477539,1926900
2011-12-30,73.55000305175781,73.75,73.11000061035156,73.19000244140625,50.769081115722656,1774600
2012-01-03,74.01000213623047,74.91999816894531,73.83000183105469,74.16000366210938,51.441925048828125,5152300
2012-01-04,73.93000030517578,74.37000274658203,73.5199966430664,73.83999633789062,51.21994400024414,3698900
2012-01-05,73.45999908447266,73.5,72.1500015258789,73.12000274658203,50.72053909301758,5064700
2012-01-06,73.12999725341797,73.94000244140625,73.05000305175781,73.4800033569336,50.9702262878418,3177500
2012-01-09,73.25,73.5,72.83000183105469,73.44999694824219,50.949424743652344,3959000
2012-01-10,73.97000122070312,74.73999786376953,73.30000305175781,74.19000244140625,51.462745666503906,3803700
2012-01-11,73.9800033569336,74.76000213623047,73.77999877929688,74.61000061035156,51.754066467285156,4047500
2012-01-12,74.41000366210938,74.95999908447266,74.41000366210938,74.73999786376953,51.84427261352539,2777700
2012-01-13,73.19000244140625,74.2699966430664,73.0,74.16000366210938,51.441925048828125,5020600
2012-01-17,74.63999938964844,74.75,73.9000015258789,74.19999694824219,51.46967697143555,4093200
2012-01-18,74.2699966430664,75.13999938964844,74.08999633789062,74.93000030517578,51.976043701171875,4578400
2012-01-19,74.97000122070312,75.58000183105469,74.97000122070312,75.30999755859375,52.239620208740234,4714100
2012-01-20,75.30999755859375,75.61000061035156,75.0,75.41999816894531,52.31594467163086,5051000
2012-01-23,75.44999694824219,75.48999786376953,74.68000030517578,75.12999725341797,52.11478805541992,3198600
2012-01-24,74.66999816894531,75.08999633789062,74.45999908447266,75.0,52.024600982666016,3577700
2012-01-25,74.76000213623047,75.75,74.5999984741211,75.62000274658203,52.454689025878906,4219800
2012-01-26,75.69000244140625,76.38999938964844,75.55999755859375,75.83999633789062,52.60727310180664,4011600
2012-01-27,75.88999938964844,76.51000213623047,75.62000274658203,76.04000091552734,52.74601364135742,4284000
2012-01-30,75.55000305175781,76.41000366210938,75.5,76.1500015258789,52.82230758666992,4318400
2012-01-31,76.54000091552734,76.93000030517578,74.83999633789062,75.6500015258789,52.4754753112793,6997700
2012-02-01,76.37000274658203,77.18000030517578,75.75,76.77999877929688,53.25932693481445,7305600
2012-02-02,76.9800033569336,77.16000366210938,76.2699966430664,76.37999725341797,52.98186111450195,3043100
2012-02-03,77.08000183105469,77.33999633789062,76.63999938964844,76.69999694824219,53.20381546020508,4149200
2012-02-06,76.52999877929688,77.04000091552734,76.52999877929688,76.91999816894531,53.356441497802734,3922300
2012-02-07,76.55999755859375,77.55000305175781,76.33999633789062,77.29000091552734,53.61308670043945,5027900
2012-02-08,77.18000030517578,77.30000305175781,76.75,76.91999816894531,53.356441497802734,3262300
2012-02-09,76.8499984741211,77.02999877929688,76.25,76.56999969482422,53.113651275634766,3848700
2012-02-10,76.0999984741211,76.76000213623047,75.97000122070312,76.69000244140625,53.19689178466797,3620600
2012-02-13,76.95999908447266,77.26000213623047,76.5199966430664,77.16000366210938,53.52291488647461,3115800
2012-02-14,77.02999877929688,77.22000122070312,76.6500015258789,77.11000061035156,53.48823928833008,2918600
2012-02-15,77.33000183105469,77.33000183105469,76.36000061035156,76.7300033569336,53.224632263183594,3424300
2012-02-16,76.19999694824219,76.86000061035156,76.05999755859375,76.76000213623047,53.64395523071289,3692400
2012-02-17,77.08999633789062,77.29000091552734,75.45999908447266,76.76000213623047,53.64395523071289,7105100
2012-02-21,76.95999908447266,77.08999633789062,76.05999755859375,76.4000015258789,53.39237976074219,3652400
2012-02-22,76.29000091552734,76.56999969482422,75.80999755859375,75.9000015258789,53.04293441772461,3284900
2012-02-23,76.0,76.79000091552734,75.79000091552734,76.63999938964844,53.56009292602539,3018200
2012-02-24,76.58999633789062,76.77999877929688,76.2699966430664,76.5,53.462249755859375,3575300
2012-02-27,76.33999633789062,77.13999938964844,75.83999633789062,76.7699966430664,53.65093994140625,3439000
2012-02-28,76.66000366210938,77.08999633789062,76.44999694824219,76.86000061035156,53.713836669921875,3209000
2012-02-29,76.86000061035156,77.0999984741211,76.33000183105469,76.98999786376953,53.8046760559082,4314300
2012-03-01,77.1500015258789,77.26000213623047,76.58999633789062,76.88999938964844,53.73479080200195,3659700
2012-03-02,76.08999633789062,77.0,76.08999633789062,76.54000091552734,53.49020004272461,1992900
2012-03-05,76.54000091552734,76.56999969482422,75.93000030517578,76.31999969482422,53.33646011352539,2102500
2012-03-06,75.69000244140625,76.22000122070312,75.37999725341797,75.61000061035156,52.84026336669922,3290300
2012-03-07,75.58999633789062,76.16000366210938,75.56999969482422,76.0,53.11282730102539,2552500
2012-03-08,76.27999877929688,76.88999938964844,76.04000091552734,76.72000122070312,53.61598587036133,3405400
2012-03-09,76.91999816894531,77.41999816894531,76.44000244140625,77.16000366210938,53.923492431640625,2954900
2012-03-12,77.38999938964844,77.79000091552734,77.12000274658203,77.69000244140625,54.293880462646484,3243400
2012-03-13,77.7699966430664,78.43000030517578,77.55999755859375,78.37000274658203,54.76911163330078,4442600
2012-03-14,78.33000183105469,78.44999694824219,78.01000213623047,78.23999786376953,54.678253173828125,3453000
2012-03-15,78.25,78.9800033569336,77.9000015258789,78.94000244140625,55.167457580566406,3956700
2012-03-16,78.93000030517578,79.12999725341797,78.4000015258789,78.41000366210938,54.79705810546875,4612000
2012-03-19,79.62999725341797,81.79000091552734,79.37999725341797,81.11000061035156,56.683963775634766,11886200
2012-03-20,80.3499984741211,80.72000122070312,79.94999694824219,80.38999938964844,56.18077850341797,5137500
2012-03-21,80.4000015258789,80.73999786376953,79.95999908447266,80.51000213623047,56.26463317871094,3846800
2012-03-22,79.72000122070312,80.44000244140625,79.4800033569336,80.27999877929688,56.10392761230469,3711800
2012-03-23,80.19000244140625,80.25,79.30000305175781,79.70999908447266,55.70557403564453,4198300
2012-03-26,80.26000213623047,80.83999633789062,80.26000213623047,80.56999969482422,56.30657958984375,3218600
2012-03-27,80.94000244140625,81.0,80.33999633789062,80.38999938964844,56.18077850341797,3059400
2012-03-28,80.20999908447266,80.41999816894531,79.44999694824219,80.04000091552734,55.936187744140625,3656600
2012-03-29,79.73999786376953,80.04000091552734,78.8499984741211,79.8499984741211,55.80342102050781,3231500
2012-03-30,80.2300033569336,80.80000305175781,80.01000213623047,80.72000122070312,56.41140365600586,3470100
2012-04-02,80.30999755859375,80.97000122070312,80.12000274658203,80.66999816894531,56.376468658447266,2979300
2012-04-03,80.79000091552734,80.79000091552734,79.94000244140625,80.5199966430664,56.27165222167969,2947100
2012-04-04,80.19000244140625,80.37000274658203,79.62999725341797,79.86000061035156,55.810394287109375,2629600
2012-04-05,79.5,80.25,79.31999969482422,80.18000030517578,56.03401565551758,2389200
2012-04-09,79.3499984741211,79.56999969482422,78.94999694824219,79.19000244140625,55.3421516418457,2386200
2012-04-10,78.93000030517578,79.05000305175781,78.02999877929688,78.33000183105469,54.74116134643555,4226800
2012-04-11,78.93000030517578,79.48999786376953,78.72000122070312,78.79000091552734,55.06261444091797,3998400
2012-04-12,78.94000244140625,79.61000061035156,78.73999786376953,79.41999816894531,55.50289535522461,4016100
2012-04-13,79.29000091552734,79.69999694824219,78.62000274658203,79.55999755859375,55.600738525390625,3945000
2012-04-16,79.77999877929688,79.87999725341797,79.0999984741211,79.55999755859375,55.600738525390625,3212400
2012-04-17,79.83000183105469,80.6500015258789,79.7699966430664,80.30000305175781,56.11790084838867,3541700
2012-04-18,80.0999984741211,80.97000122070312,79.94000244140625,80.48999786376953,56.25066375732422,3696500
2012-04-19,80.58000183105469,80.63999938964844,79.41000366210938,79.86000061035156,55.810394287109375,3471400
2012-04-20,79.98999786376953,80.52999877929688,79.29000091552734,80.2699966430664,56.09693145751953,4216000
2012-04-23,80.05999755859375,80.05999755859375,78.47000122070312,79.02999877929688,55.230350494384766,4307900
2012-04-24,79.30000305175781,80.13999938964844,79.16000366210938,79.45999908447266,55.530845642089844,2874800
2012-04-25,79.94000244140625,80.08999633789062,79.43000030517578,79.6500015258789,55.66364669799805,3318200
2012-04-26,77.58000183105469,78.29000091552734,76.55999755859375,78.25,54.68522644042969,8120500
2012-04-27,78.41000366210938,78.98999786376953,77.97000122070312,78.44000244140625,54.81801223754883,3788600
2012-04-30,78.25,78.75,77.9000015258789,78.13999938964844,54.6083869934082,2405100
2012-05-01,78.13999938964844,78.91000366210938,77.95999908447266,78.47000122070312,54.838985443115234,3313400
2012-05-02,78.2699966430664,78.62000274658203,78.05999755859375,78.41999816894531,54.80403137207031,4227400
2012-05-03,78.4800033569336,78.63999938964844,78.05999755859375,78.06999969482422,54.559444427490234,3025300
2012-05-04,77.9000015258789,78.25,77.23999786376953,77.7300033569336,54.32183837890625,3991500
2012-05-07,77.3499984741211,78.37000274658203,77.2300033569336,77.80000305175781,54.37076950073242,2953900
2012-05-08,77.52999877929688,77.94000244140625,77.41000366210938,77.66000366210938,54.27291488647461,6463400
2012-05-09,77.19999694824219,77.56999969482422,76.70999908447266,77.1500015258789,53.91651153564453,3984600
2012-05-10,77.47000122070312,77.72000122070312,76.48999786376953,76.61000061035156,53.9376220703125,2984900
2012-05-11,76.37000274658203,77.08000183105469,76.29000091552734,76.43000030517578,53.810882568359375,2529800
2012-05-14,75.94000244140625,76.8499984741211,75.66000366210938,76.20999908447266,53.6560173034668,2629700
2012-05-15,76.01000213623047,76.77999877929688,75.86000061035156,76.08000183105469,53.564483642578125,3022100
2012-05-16,76.33000183105469,76.94999694824219,75.9000015258789,75.91999816894531,53.45182800292969,3047700
2012-05-17,75.94000244140625,76.12999725341797,74.77999877929688,74.80999755859375,52.67030715942383,3099300
2012-05-18,75.16000366210938,75.33999633789062,73.86000061035156,74.02999877929688,52.12117004394531,4986700
2012-05-21,74.29000091552734,74.81999969482422,74.02999877929688,74.63999938964844,52.55064010620117,3667900
2012-05-22,74.58999633789062,75.30000305175781,74.29000091552734,74.76000213623047,52.63511657714844,3662500
2012-05-23,74.2699966430664,75.19999694824219,73.55999755859375,75.0,52.80408477783203,4455500
2012-05-24,75.22000122070312,75.7699966430664,74.56999969482422,75.18000030517578,52.930843353271484,3607100
2012-05-25,75.66999816894531,75.66999816894531,74.72000122070312,74.94000244140625,52.76185607910156,1998600
2012-05-29,75.38999938964844,76.06999969482422,75.11000061035156,75.51000213623047,53.16316223144531,2342900
2012-05-30,75.18000030517578,75.47000122070312,74.5199966430664,74.61000061035156,52.52952194213867,3140700
2012-05-31,74.63999938964844,75.26000213623047,73.61000061035156,74.94000244140625,52.76185607910156,4673900
2012-06-01,74.0,74.20999908447266,73.12999725341797,73.25,51.5720100402832,4813300
2012-06-04,73.36000061035156,73.55999755859375,72.55999755859375,72.98999786376953,51.38893508911133,3605000
2012-06-05,72.69999694824219,73.05000305175781,72.1500015258789,72.80000305175781,51.255184173583984,2762400
2012-06-06,73.05000305175781,74.9800033569336,73.05000305175781,74.9800033569336,52.79003143310547,4085800
2012-06-07,75.47000122070312,76.0999984741211,75.23999786376953,75.47000122070312,53.1349983215332,3997000
2012-06-08,75.41999816894531,76.6500015258789,75.41999816894531,76.62999725341797,53.951690673828125,3562900
2012-06-11,77.01000213623047,77.12000274658203,75.70999908447266,75.83000183105469,53.38848114013672,2316800
2012-06-12,76.1500015258789,76.30999755859375,75.44999694824219,76.19000244140625,53.64192199707031,3416900
2012-06-13,76.08999633789062,76.80999755859375,75.7300033569336,76.2699966430664,53.69824981689453,2298500
2012-06-14,76.44999694824219,77.83000183105469,76.33999633789062,77.37000274658203,54.472694396972656,3693200
2012-06-15,77.98999786376953,78.05000305175781,77.18000030517578,77.52999877929688,54.5853385925293,4579600
2012-06-18,77.41000366210938,78.12000274658203,77.06999969482422,77.79000091552734,54.768409729003906,3083500
2012-06-19,77.6500015258789,78.5,77.6500015258789,78.16000366210938,55.02890396118164,2814500
2012-06-20,78.30999755859375,78.45999908447266,77.5,78.16999816894531,55.03594970703125,2577100
2012-06-21,78.48999786376953,78.5999984741211,77.0199966430664,77.0999984741211,54.2826042175293,3709400
2012-06-22,77.2699966430664,77.94000244140625,76.79000091552734,77.70999908447266,54.712093353271484,3830200
2012-06-25,77.04000091552734,77.12999725341797,76.0999984741211,76.44000244140625,53.81793975830078,2557400
2012-06-26,76.43000030517578,76.72000122070312,75.62000274658203,76.36000061035156,53.761619567871094,2309900
2012-06-27,76.30000305175781,76.93000030517578,76.30000305175781,76.79000091552734,54.06434631347656,1942600
2012-06-28,76.55999755859375,77.27999877929688,75.87999725341797,77.11000061035156,54.289642333984375,2512300
2012-06-29,77.41999816894531,78.76000213623047,77.27999877929688,78.76000213623047,55.45133972167969,4822400
2012-07-02,78.2300033569336,78.77999877929688,77.61000061035156,78.69000244140625,55.402061462402344,3584100
2012-07-03,78.51000213623047,79.7300033569336,78.18000030517578,79.47000122070312,55.95123291015625,2817400
2012-07-05,79.30000305175781,80.20999908447266,78.98999786376953,79.91000366210938,56.260990142822266,3660800
2012-07-06,79.41999816894531,79.87999725341797,78.93000030517578,79.37000274658203,55.88083267211914,3014400
2012-07-09,79.27999877929688,79.56999969482422,78.91999816894531,79.19999694824219,55.76112747192383,2357600
2012-07-10,79.63999938964844,79.66999816894531,78.16000366210938,78.58000183105469,55.324615478515625,3230600
2012-07-11,78.66999816894531,79.11000061035156,78.31999969482422,78.87999725341797,55.53581237792969,3768800
2012-07-12,78.5999984741211,79.0999984741211,77.87999725341797,78.58999633789062,55.3316650390625,3637000
2012-07-13,78.5,79.73999786376953,78.5,79.44000244140625,55.93011474609375,3462400
2012-07-16,79.62000274658203,79.62000274658203,78.94999694824219,79.16999816894531,55.740013122558594,2634100
2012-07-17,79.44000244140625,79.5,78.36000061035156,79.33000183105469,55.852638244628906,2981500
2012-07-18,79.01000213623047,80.52999877929688,79.0,80.20999908447266,56.47222137451172,3722000
2012-07-19,80.0999984741211,80.4000015258789,79.66999816894531,79.97000122070312,56.30325698852539,3199200
2012-07-20,79.80000305175781,79.80000305175781,78.33999633789062,78.44999694824219,55.23307800292969,4664000
2012-07-23,77.81999969482422,78.1500015258789,76.38999938964844,77.94999694824219,54.88106918334961,4214400
2012-07-24,75.23999786376953,76.75,73.51000213623047,74.33999633789062,52.33941650390625,12643000
2012-07-25,74.2699966430664,74.94999694824219,73.7699966430664,74.2699966430664,52.290122985839844,4243700
2012-07-26,75.22000122070312,75.70999908447266,74.52999877929688,74.87000274658203,52.71256637573242,4626400
2012-07-27,75.2300033569336,76.45999908447266,75.0999984741211,76.0,53.50815963745117,3446900
2012-07-30,75.93000030517578,76.36000061035156,75.58999633789062,76.2300033569336,53.67009353637695,2770100
2012-07-31,76.08999633789062,76.23999786376953,75.54000091552734,75.61000061035156,53.233558654785156,2815200
2012-08-01,75.80999755859375,76.0,74.77999877929688,75.1500015258789,52.90971374511719,3493000
2012-08-02,74.94000244140625,75.30000305175781,74.06999969482422,75.0,52.80408477783203,3111800
2012-08-03,75.83000183105469,76.5,75.69000244140625,75.76000213623047,53.339176177978516,2844400
2012-08-06,75.98999786376953,76.4000015258789,75.58999633789062,75.62000274658203,53.240623474121094,2104600
2012-08-07,76.02999877929688,76.25,75.79000091552734,76.08999633789062,53.5715217590332,2156600
2012-08-08,76.0,76.11000061035156,75.56999969482422,75.77999877929688,53.353248596191406,2261400
2012-08-09,75.68000030517578,76.13999938964844,75.31999969482422,76.02999877929688,53.52927017211914,2868400
2012-08-10,75.95999908447266,76.3499984741211,75.61000061035156,76.30000305175781,53.719364166259766,2222600
2012-08-13,76.0,76.16999816894531,75.63999938964844,76.1500015258789,53.61375427246094,1624000
2012-08-14,76.44999694824219,76.52999877929688,75.98999786376953,76.18000030517578,53.63486099243164,2197300
2012-08-15,76.13999938964844,76.80999755859375,75.98999786376953,76.58000183105469,53.916507720947266,2349200
2012-08-16,76.16999816894531,76.69000244140625,76.04000091552734,76.37000274658203,54.17186737060547,2153200
2012-08-17,76.69000244140625,76.69000244140625,76.33000183105469,76.48999786376953,54.25698471069336,1746300
2012-08-20,76.4000015258789,76.72000122070312,76.22000122070312,76.44000244140625,54.22151565551758,2186100
2012-08-21,76.43000030517578,76.87999725341797,75.83000183105469,75.9000015258789,53.83847427368164,2732700
2012-08-22,75.98999786376953,76.45999908447266,75.70999908447266,76.13999938964844,54.00872039794922,2142500
2012-08-23,75.9800033569336,76.2699966430664,75.2699966430664,75.68000030517578,53.68240737915039,2312100
2012-08-24,75.52999877929688,75.87000274658203,75.27999877929688,75.72000122070312,53.71080017089844,2253000
2012-08-27,75.77999877929688,75.94999694824219,75.12999725341797,75.26000213623047,53.3845100402832,1893300
2012-08-28,75.06999969482422,75.19000244140625,74.5,74.58999633789062,52.90924835205078,2954300
2012-08-29,74.63999938964844,74.72000122070312,74.2300033569336,74.30000305175781,52.703556060791016,2829800
2012-08-30,73.97000122070312,74.16000366210938,73.73999786376953,73.81999969482422,52.36305236816406,2587000
2012-08-31,74.06999969482422,74.3499984741211,73.56999969482422,73.80999755859375,52.3559684753418,2717800
2012-09-04,73.56999969482422,73.91999816894531,73.30000305175781,73.69999694824219,52.277950286865234,4513400
2012-09-05,72.5,72.7699966430664,71.79000091552734,71.94000244140625,51.029510498046875,10182200
2012-09-06,72.13999938964844,73.05999755859375,71.62000274658203,71.94000244140625,51.029510498046875,8389000
2012-09-07,72.01000213623047,72.61000061035156,71.87999725341797,72.5999984741211,51.4976806640625,4799000
2012-09-10,72.23999786376953,73.30999755859375,72.23999786376953,73.05000305175781,51.816871643066406,4762600
2012-09-11,72.93000030517578,73.7699966430664,72.58999633789062,73.54000091552734,52.164451599121094,3914900
2012-09-12,73.83000183105469,73.93000030517578,72.91999816894531,73.63999938964844,52.23538589477539,3917800
2012-09-13,73.37000274658203,75.25,73.0999984741211,74.7300033569336,53.00856018066406,4915600
2012-09-14,74.5999984741211,74.63999938964844,73.55000305175781,73.68000030517578,52.26374435424805,6255200
2012-09-17,73.51000213623047,74.5,73.44000244140625,74.2300033569336,52.65387725830078,4361200
2012-09-18,73.87000274658203,74.2699966430664,73.31999969482422,73.51000213623047,52.143165588378906,3774600
2012-09-19,74.12000274658203,74.87000274658203,73.4000015258789,74.2699966430664,52.6822509765625,4477700
2012-09-20,73.79000091552734,74.0999984741211,72.36000061035156,72.61000061035156,51.50476837158203,8127000
2012-09-21,72.33000183105469,72.94000244140625,71.18000030517578,71.87999725341797,50.986961364746094,29326400
2012-09-24,71.77999877929688,72.33000183105469,71.5,72.02999877929688,51.09333801269531,5919700
2012-09-25,72.25,73.52999877929688,72.02999877929688,72.06999969482422,51.12171936035156,7047400
2012-09-26,72.0999984741211,72.26000213623047,71.69000244140625,71.77999877929688,50.916019439697266,3928100
2012-09-27,71.91999816894531,72.23999786376953,71.58000183105469,72.0199966430664,51.08625411987305,2651100
2012-09-28,71.87000274658203,71.88999938964844,71.25,71.56999969482422,50.76706314086914,3350900
2012-10-01,72.08999633789062,72.91000366210938,71.70999908447266,72.01000213623047,51.079166412353516,3788900
2012-10-02,72.2699966430664,72.5,71.69000244140625,72.0199966430664,51.08625411987305,2791300
2012-10-03,72.2699966430664,73.45999908447266,72.02999877929688,73.38999938964844,52.05803680419922,5109300
2012-10-04,73.08000183105469,73.63999938964844,72.81999969482422,72.97000122070312,51.76012420654297,3868100
2012-10-05,73.30999755859375,73.87999725341797,72.9800033569336,73.0999984741211,51.852352142333984,3964000
2012-10-08,73.06999969482422,73.87999725341797,72.75,73.76000213623047,52.320499420166016,2949500
2012-10-09,73.87999725341797,74.0,72.91999816894531,73.0199966430664,51.795570373535156,2328800
2012-10-10,73.83000183105469,73.87999725341797,72.23999786376953,72.26000213623047,51.256500244140625,4014900
2012-10-11,72.91000366210938,73.08000183105469,72.26000213623047,72.30000305175781,51.28487014770508,3006700
2012-10-12,72.56999969482422,72.8499984741211,71.9800033569336,72.11000061035156,51.15009689331055,2335800
2012-10-15,72.19999694824219,72.81999969482422,72.1500015258789,72.58999633789062,51.49056625366211,2407000
2012-10-16,72.41999816894531,73.38999938964844,72.30000305175781,73.11000061035156,51.859432220458984,2755500
2012-10-17,73.31999969482422,73.44000244140625,72.91999816894531,73.29000091552734,51.98713302612305,2913500
2012-10-18,73.30999755859375,73.87999725341797,73.11000061035156,73.61000061035156,52.21409606933594,3003900
2012-10-19,73.02999877929688,73.45999908447266,71.91000366210938,72.30000305175781,51.28487014770508,5469900
2012-10-22,72.04000091552734,72.12999725341797,71.0199966430664,71.55999755859375,50.75996398925781,6481900
2012-10-23,73.20999908447266,74.13999938964844,72.76000213623047,73.7300033569336,52.299217224121094,8209600
2012-10-24,73.97000122070312,74.05999755859375,72.98999786376953,73.12000274658203,51.866539001464844,3894200
2012-10-25,73.41000366210938,73.44000244140625,72.87999725341797,73.19999694824219,51.92327880859375,3080100
2012-10-26,73.38999938964844,73.56999969482422,72.75,73.0199966430664,51.795570373535156,3044500
2012-10-31,73.44999694824219,74.0999984741211,73.0,73.25,51.958736419677734,3002000
2012-11-01,73.37999725341797,74.12000274658203,73.05000305175781,73.9000015258789,52.419795989990234,3674900
2012-11-02,74.2300033569336,74.5,73.38999938964844,73.4800033569336,52.12189483642578,3158800
2012-11-05,73.55000305175781,73.62000274658203,73.2300033569336,73.44999694824219,52.100616455078125,3312700
2012-11-06,73.66999816894531,74.18000030517578,73.19999694824219,73.56999969482422,52.18571472167969,3832500
2012-11-07,73.81999969482422,73.81999969482422,72.30000305175781,73.0,51.781402587890625,3866200
2012-11-08,72.55999755859375,73.4000015258789,72.5,72.58999633789062,51.49056625366211,3695100
2012-11-09,72.26000213623047,72.87000274658203,71.94000244140625,72.25,51.2494010925293,3607300
2012-11-12,72.23999786376953,72.62999725341797,71.87000274658203,72.30000305175781,51.28487014770508,1835300
2012-11-13,71.9000015258789,72.69000244140625,71.81999969482422,71.86000061035156,50.97277069091797,2194100
2012-11-14,71.83000183105469,72.1500015258789,70.06999969482422,70.30000305175781,49.866214752197266,4037100
2012-11-15,70.0,70.38999938964844,69.55999755859375,70.33000183105469,50.29528045654297,4172200
2012-11-16,70.83999633789062,70.83999633789062,69.72000122070312,70.0199966430664,50.073585510253906,4610300
2012-11-19,70.69999694824219,71.44000244140625,70.33000183105469,71.44000244140625,51.08909225463867,4126100
2012-11-20,71.2699966430664,71.4800033569336,70.91000366210938,71.33999633789062,51.01755905151367,3226400
2012-11-21,71.45999908447266,71.69000244140625,71.2300033569336,71.4000015258789,51.06047439575195,2157100
2012-11-23,71.5199966430664,72.08000183105469,71.37999725341797,71.9800033569336,51.475257873535156,1594600
2012-11-26,71.83000183105469,72.61000061035156,71.83000183105469,72.58000183105469,51.90434265136719,3433900
2012-11-27,72.66999816894531,72.8499984741211,72.11000061035156,72.16000366210938,51.60398483276367,2355900
2012-11-28,72.0199966430664,72.73999786376953,71.76000213623047,72.70999908447266,51.9973030090332,2523200
2012-11-29,73.0,73.83000183105469,72.97000122070312,73.55999755859375,52.60514831542969,4449100
2012-11-30,73.44999694824219,73.5,72.69000244140625,73.11000061035156,52.28335952758789,3520000
2012-12-03,73.5,73.5,72.19999694824219,72.2699966430664,51.682640075683594,2703800
2012-12-04,72.2699966430664,73.37000274658203,71.95999908447266,73.04000091552734,52.23329544067383,3832800
2012-12-05,73.1500015258789,73.68000030517578,72.69000244140625,73.5,52.5622673034668,3216100
2012-12-06,73.75,73.83000183105469,72.63999938964844,72.93000030517578,52.154624938964844,4269300
2012-12-07,73.08999633789062,73.4800033569336,72.75,73.16999816894531,52.32624435424805,4098100
2012-12-10,73.12000274658203,73.94999694824219,73.08999633789062,73.68000030517578,52.69097900390625,3018600
2012-12-11,73.7300033569336,74.26000213623047,73.33999633789062,73.76000213623047,52.74818420410156,3021900
2012-12-12,73.87000274658203,74.05000305175781,73.33000183105469,73.43000030517578,52.51219177246094,2749500
2012-12-13,73.5,73.83999633789062,73.0199966430664,73.3499984741211,52.454986572265625,2753300
2012-12-14,73.23999786376953,73.55999755859375,72.72000122070312,72.8499984741211,52.0974235534668,2874800
2012-12-17,73.1500015258789,73.4000015258789,72.95999908447266,73.36000061035156,52.462120056152344,2950300
2012-12-18,73.30999755859375,75.05999755859375,73.0,75.05000305175781,53.67071533203125,6385800
2012-12-19,75.31999969482422,76.19999694824219,75.11000061035156,75.61000061035156,54.07117462158203,6184000
2012-12-20,75.4000015258789,75.55999755859375,74.63999938964844,75.12999725341797,53.727909088134766,3631700
2012-12-21,74.5999984741211,75.05000305175781,74.27999877929688,74.83999633789062,53.52052307128906,5567400
2012-12-24,74.73999786376953,74.93000030517578,74.38999938964844,74.63999938964844,53.377498626708984,1451400
2012-12-26,74.6500015258789,74.83999633789062,74.05000305175781,74.26000213623047,53.10575866699219,1917000
2012-12-27,74.16000366210938,74.30999755859375,73.19999694824219,73.91000366210938,52.855445861816406,3355100
2012-12-28,73.55000305175781,73.94999694824219,72.80999755859375,72.83000183105469,52.083106994628906,2599500
2012-12-31,72.80000305175781,73.83000183105469,72.58000183105469,73.7300033569336,52.726722717285156,4700000
2013-01-02,75.08999633789062,76.30999755859375,75.0199966430664,76.30999755859375,54.57178497314453,4810800
2013-01-03,76.25,76.5199966430664,75.9800033569336,76.37999725341797,54.6218376159668,4528900
2013-01-04,76.51000213623047,76.95999908447266,76.41000366210938,76.56999969482422,54.75769805908203,2632000
2013-01-07,76.44999694824219,76.69999694824219,76.22000122070312,76.3499984741211,54.60037612915039,2955900
2013-01-08,76.16000366210938,76.43000030517578,75.80999755859375,76.13999938964844,54.45021438598633,2653300
2013-01-09,76.30000305175781,77.0999984741211,76.25,77.0,55.06521224975586,3123900
2013-01-10,77.16000366210938,78.22000122070312,77.0,78.19999694824219,55.92336654663086,4761000
2013-01-11,78.36000061035156,78.43000030517578,77.7699966430664,77.91999816894531,55.72313690185547,2323800
2013-01-14,78.66000366210938,79.81999969482422,78.54000091552734,79.23999786376953,56.66709899902344,7255400
2013-01-15,78.73999786376953,79.4000015258789,78.58000183105469,79.33000183105469,56.73147964477539,3562200
2013-01-16,79.05000305175781,79.70999908447266,79.0,79.66000366210938,56.96746063232422,3018700
2013-01-17,79.80999755859375,80.05000305175781,79.5999984741211,79.79000091552734,57.060447692871094,3076500
2013-01-18,79.94999694824219,80.30999755859375,79.30999755859375,80.25,57.3893928527832,5850000
2013-01-22,79.94999694824219,80.69000244140625,79.9000015258789,80.68000030517578,57.69690704345703,3310000
2013-01-23,80.36000061035156,80.87999725341797,80.22000122070312,80.33999633789062,57.453758239746094,3029500
2013-01-24,80.95999908447266,82.48999786376953,80.80000305175781,82.13999938964844,58.74101638793945,6434300
2013-01-25,82.38999938964844,82.76000213623047,81.83999633789062,82.44999694824219,58.962684631347656,4211300
2013-01-28,82.62000274658203,82.75,81.86000061035156,82.51000213623047,59.005615234375,3083800
2013-01-29,82.41999816894531,82.5,82.04000091552734,82.20999908447266,58.79106140136719,4021600
2013-01-30,81.94000244140625,82.16999816894531,81.19999694824219,81.2300033569336,58.090206146240234,3877000
2013-01-31,79.75,80.83000183105469,79.25,79.29000091552734,56.702880859375,9502800
2013-02-01,79.19999694824219,80.0,79.0,79.97000122070312,57.189151763916016,5220500
2013-02-04,79.61000061035156,80.25,79.51000213623047,79.91000366210938,57.14625549316406,4074200
2013-02-05,80.23999786376953,80.95999908447266,80.04000091552734,80.80000305175781,57.78273391723633,3394100
2013-02-06,80.41999816894531,80.95999908447266,80.27999877929688,80.91000366210938,57.86138916015625,3733500
2013-02-07,80.86000061035156,81.80999755859375,80.66999816894531,81.80000305175781,58.49787139892578,4602400
2013-02-08,81.75,82.45999908447266,81.66000366210938,82.37999725341797,58.91262435913086,3805400
2013-02-11,82.11000061035156,82.7300033569336,82.11000061035156,82.69000244140625,59.13430404663086,3063900
2013-02-12,83.06999969482422,83.08000183105469,82.2300033569336,82.30999755859375,58.86256790161133,3941800
2013-02-13,82.44000244140625,82.69000244140625,82.38999938964844,82.5,58.998470306396484,2926400
2013-02-14,82.19000244140625,82.83000183105469,81.88999938964844,82.69000244140625,59.13430404663086,3761400
2013-02-15,83.13999938964844,84.11000061035156,82.79000091552734,83.4800033569336,59.69926071166992,4983000
2013-02-19,83.5,84.87000274658203,83.4800033569336,84.76000213623047,60.61465072631836,5442400
2013-02-20,84.63999938964844,84.69000244140625,83.80999755859375,83.80999755859375,59.93527603149414,4456000
2013-02-21,82.87000274658203,83.13999938964844,82.2699966430664,82.61000061035156,59.51740264892578,5027400
2013-02-22,82.98999786376953,83.19000244140625,82.66999816894531,82.94000244140625,59.75516128540039,2394500
2013-02-25,83.27999877929688,83.66999816894531,81.94000244140625,81.94000244140625,59.034698486328125,3996800
2013-02-26,82.33000183105469,82.51000213623047,81.51000213623047,81.94000244140625,59.034698486328125,3806400
2013-02-27,81.83999633789062,83.08999633789062,81.77999877929688,82.83000183105469,59.6759147644043,4015400
2013-02-28,82.98999786376953,83.19999694824219,82.6500015258789,82.6500015258789,59.546234130859375,3744700
2013-03-01,82.55000305175781,82.98999786376953,82.27999877929688,82.87000274658203,59.70472717285156,2722800
2013-03-04,82.8499984741211,82.94999694824219,82.4000015258789,82.93000030517578,59.74795913696289,2737600
2013-03-05,83.2300033569336,84.45999908447266,83.12000274658203,84.06999969482422,60.56928253173828,3581100
2013-03-06,84.5199966430664,84.73999786376953,84.20999908447266,84.43000030517578,60.82863235473633,3221500
2013-03-07,84.44000244140625,84.6500015258789,83.9800033569336,84.30000305175781,60.734989166259766,2404600
2013-03-08,84.69999694824219,84.75,84.23999786376953,84.44000244140625,60.83586120605469,2225800
2013-03-11,84.33000183105469,84.94999694824219,84.33000183105469,84.68000030517578,61.008766174316406,2793400
2013-03-12,84.80000305175781,84.94999694824219,84.12000274658203,84.52999877929688,60.90068817138672,2503500
2013-03-13,84.52999877929688,85.31999969482422,84.4800033569336,85.18000030517578,61.368980407714844,2885700
2013-03-14,85.22000122070312,85.69999694824219,85.18000030517578,85.62999725341797,61.693206787109375,3410800
2013-03-15,85.1500015258789,85.66000366210938,84.9800033569336,85.47000122070312,61.57793045043945,5015600
2013-03-18,84.80999755859375,85.62000274658203,84.58999633789062,85.43000030517578,61.549095153808594,3374300
2013-03-19,85.55999755859375,85.8499984741211,84.81999969482422,85.08000183105469,61.29692840576172,3640300
2013-03-20,84.16999816894531,84.95999908447266,83.83000183105469,84.02999877929688,60.54045486450195,5285400
2013-03-21,83.79000091552734,84.1500015258789,82.66999816894531,83.0,59.79838943481445,5824100
2013-03-22,83.30000305175781,84.86000061035156,83.2699966430664,84.76000213623047,61.06640625,4667000
2013-03-25,84.9800033569336,85.02999877929688,84.11000061035156,84.61000061035156,60.95832443237305,4080300
2013-03-26,84.8499984741211,85.08000183105469,84.5199966430664,85.04000091552734,61.268123626708984,3184600
2013-03-27,84.83999633789062,85.54000091552734,84.6500015258789,85.43000030517578,61.549095153808594,2611500
2013-03-28,85.16000366210938,85.93000030517578,85.01000213623047,85.9000015258789,61.88772964477539,3498300
2013-04-01,85.80999755859375,85.94999694824219,84.33000183105469,84.47000122070312,60.857444763183594,2959800
2013-04-02,83.83999633789062,84.3499984741211,83.6500015258789,83.91999816894531,60.461185455322266,4133000
2013-04-03,84.01000213623047,84.08000183105469,83.11000061035156,83.33000183105469,60.03611755371094,4010900
2013-04-04,83.45999908447266,83.86000061035156,83.2699966430664,83.66999816894531,60.281097412109375,2730700
2013-04-05,82.80999755859375,83.63999938964844,82.33000183105469,83.54000091552734,60.18742370605469,3031000
2013-04-08,83.55000305175781,83.69999694824219,82.8499984741211,83.2300033569336,59.9641227722168,3057900
2013-04-09,83.5,83.81999969482422,82.97000122070312,83.55000305175781,60.194644927978516,3164600
2013-04-10,83.7300033569336,84.81999969482422,83.66999816894531,84.55999755859375,60.92229461669922,3446100
2013-04-11,84.66000366210938,84.77999877929688,84.16999816894531,84.31999969482422,60.7493896484375,3788200
2013-04-12,84.1500015258789,84.37999725341797,83.87999725341797,84.13999938964844,60.61970901489258,2491500
2013-04-15,83.97000122070312,84.08999633789062,82.37000274658203,82.41000366210938,59.37332534790039,3678000
2013-04-16,82.87000274658203,83.2300033569336,82.5,83.22000122070312,59.95689010620117,2365500
2013-04-17,82.88999938964844,83.0,82.08999633789062,82.5199966430664,59.45258331298828,3113900
2013-04-18,83.05000305175781,83.19000244140625,81.94999694824219,82.37000274658203,59.344478607177734,4188900
2013-04-19,82.68000030517578,83.43000030517578,82.41000366210938,82.98999786376953,59.79119110107422,3115200
2013-04-22,83.01000213623047,83.43000030517578,82.23999786376953,83.26000213623047,59.9857177734375,3410400
2013-04-23,83.37999725341797,83.98999786376953,83.01000213623047,83.73999786376953,60.331539154052734,3729400
2013-04-24,83.80000305175781,83.94000244140625,83.12000274658203,83.5,60.158626556396484,4387400
2013-04-25,84.55000305175781,85.87999725341797,84.18000030517578,85.41999816894531,61.541900634765625,4825000
2013-04-26,85.36000061035156,85.9800033569336,85.12999725341797,85.70999908447266,61.75083923339844,3266300
2013-04-29,85.7699966430664,86.45999908447266,85.5999984741211,86.2699966430664,62.154300689697266,3000300
2013-04-30,86.38999938964844,86.38999938964844,85.61000061035156,85.83999633789062,61.84450149536133,4296400
2013-05-01,85.81999969482422,85.9000015258789,84.6500015258789,84.81999969482422,61.1096076965332,3372200
2013-05-02,84.83000183105469,85.44999694824219,84.80000305175781,85.33000183105469,61.477046966552734,3566400
2013-05-03,85.93000030517578,86.4800033569336,85.80000305175781,86.08999633789062,62.02462387084961,3471700
2013-05-06,86.12999725341797,87.55000305175781,86.06999969482422,87.04000091552734,62.709049224853516,3259000
2013-05-07,87.43000030517578,88.94999694824219,87.30999755859375,88.66000366210938,63.87620544433594,4853800
2013-05-08,88.38999938964844,89.95999908447266,87.83999633789062,89.02999877929688,64.14279174804688,6309100
2013-05-09,88.5,89.0,88.02999877929688,88.2300033569336,64.0121841430664,4937000
2013-05-10,88.16000366210938,88.83000183105469,88.11000061035156,88.33999633789062,64.09197235107422,2604900
2013-05-13,88.13999938964844,88.37999725341797,87.80000305175781,88.04000091552734,63.87432861328125,1858700
2013-05-14,88.26000213623047,88.72000122070312,88.16000366210938,88.4000015258789,64.135498046875,3233400
2013-05-15,88.33999633789062,88.69000244140625,88.0999984741211,88.5999984741211,64.28063201904297,3534400
2013-05-16,88.38999938964844,88.6500015258789,87.69999694824219,87.8499984741211,63.73646545410156,3115400
2013-05-17,87.95999908447266,88.73999786376953,87.87000274658203,88.69999694824219,64.35316467285156,3440500
2013-05-20,88.62000274658203,88.8499984741211,88.3499984741211,88.55000305175781,64.2443618774414,2640000
2013-05-21,88.55000305175781,89.41999816894531,88.51000213623047,88.77999877929688,64.41121673583984,2907300
2013-05-22,88.7300033569336,89.54000091552734,87.7699966430664,88.13999938964844,63.9468879699707,4191600
2013-05-23,87.5999984741211,87.80999755859375,87.0,87.30999755859375,63.34469223022461,5157400
2013-05-24,86.72000122070312,86.9000015258789,86.37999725341797,86.83000183105469,62.996456146240234,3587400
2013-05-28,87.2300033569336,87.5,86.36000061035156,86.75,62.93842315673828,4191300
2013-05-29,86.3499984741211,86.61000061035156,86.05999755859375,86.33999633789062,62.64097595214844,3306300
2013-05-30,86.41000366210938,86.7699966430664,86.30999755859375,86.36000061035156,62.65546798706055,2882600
2013-05-31,86.31999969482422,86.77999877929688,85.87000274658203,85.9000015258789,62.32172393798828,4082000
2013-06-03,85.87000274658203,86.41999816894531,85.62000274658203,86.25,62.57565689086914,4186800
2013-06-04,86.25,86.83999633789062,85.77999877929688,85.95999908447266,62.36526870727539,3454900
2013-06-05,85.7699966430664,85.91000366210938,84.68000030517578,84.95999908447266,61.639747619628906,4156200
2013-06-06,84.70999908447266,85.05000305175781,84.19999694824219,84.76000213623047,61.494651794433594,3918000
2013-06-07,85.20999908447266,86.5,85.0999984741211,86.37000274658203,62.6627197265625,4231900
2013-06-10,86.54000091552734,86.56999969482422,85.94000244140625,86.3499984741211,62.64820861816406,2101600
2013-06-11,85.73999786376953,86.25,85.5,85.6500015258789,62.14033126831055,2478600
2013-06-12,86.22000122070312,86.41999816894531,85.13999938964844,85.51000213623047,62.038780212402344,2771200
2013-06-13,85.51000213623047,86.4800033569336,85.11000061035156,86.31999969482422,62.626461029052734,2282000
2013-06-14,86.2300033569336,86.80999755859375,85.58999633789062,85.91000366210938,62.328983306884766,2505600
2013-06-17,86.44000244140625,86.80000305175781,85.95999908447266,86.54000091552734,62.786033630371094,3198600
2013-06-18,86.80000305175781,87.81999969482422,86.7699966430664,87.43000030517578,63.43177032470703,2916200
2013-06-19,87.5199966430664,87.66000366210938,86.30999755859375,86.37000274658203,62.6627197265625,3027000
2013-06-20,85.81999969482422,85.83999633789062,84.37999725341797,84.88999938964844,61.588951110839844,4213900
2013-06-21,85.58999633789062,85.86000061035156,84.91000366210938,85.41000366210938,61.966224670410156,4676900
2013-06-24,84.9800033569336,86.29000091552734,84.69999694824219,85.2699966430664,61.864654541015625,3472300
2013-06-25,85.81999969482422,86.04000091552734,85.29000091552734,85.72000122070312,62.1911506652832,2661300
2013-06-26,86.30999755859375,86.91999816894531,86.20999908447266,86.41999816894531,62.69900131225586,2291800
2013-06-27,87.0199966430664,87.30000305175781,86.62000274658203,87.08999633789062,63.18507385253906,3002700
2013-06-28,86.97000122070312,87.45999908447266,86.47000122070312,86.4800033569336,62.74252700805664,3271100
2013-07-01,86.91999816894531,87.6500015258789,86.87000274658203,87.05000305175781,63.15607833862305,2556200
2013-07-02,86.87999725341797,87.4800033569336,86.2699966430664,86.61000061035156,62.836856842041016,2127800
2013-07-03,86.33999633789062,86.4800033569336,85.83999633789062,86.16000366210938,62.51036071777344,1223300
2013-07-05,86.68000030517578,87.72000122070312,86.62999725341797,87.54000091552734,63.51157760620117,1994800
2013-07-08,88.0,88.77999877929688,87.8499984741211,88.3499984741211,64.09925842285156,2852500
2013-07-09,88.63999938964844,91.04000091552734,88.63999938964844,89.7300033569336,65.10044860839844,5645300
2013-07-10,89.62999725341797,91.02999877929688,89.41999816894531,90.23999786376953,65.47045135498047,3625400
2013-07-11,91.25,91.77999877929688,91.05999755859375,91.44999694824219,66.34834289550781,3446700
2013-07-12,86.58999633789062,87.5,85.48999786376953,86.12000274658203,62.481361389160156,15335100
2013-07-15,85.62999725341797,86.30999755859375,85.44999694824219,85.4800033569336,62.017024993896484,6194200
2013-07-16,85.5,86.05999755859375,85.25,85.9800033569336,62.37979507446289,4152400
2013-07-17,86.41999816894531,86.79000091552734,86.25,86.6500015258789,62.86587142944336,3185700
2013-07-18,86.72000122070312,88.30999755859375,86.62000274658203,87.8499984741211,63.73646545410156,4752400
2013-07-19,87.91000366210938,88.08999633789062,87.38999938964844,88.08000183105469,63.903343200683594,3172000
2013-07-22,87.81999969482422,88.12999725341797,87.41000366210938,87.61000061035156,63.562374114990234,2946200
2013-07-23,87.70999908447266,88.0,86.6500015258789,87.51000213623047,63.48981475830078,3141600
2013-07-24,87.8499984741211,88.05999755859375,86.9000015258789,86.9800033569336,63.10528564453125,3720300
2013-07-25,86.91000366210938,87.19000244140625,86.30000305175781,86.83000183105469,62.996456146240234,3190500
2013-07-26,86.44000244140625,87.11000061035156,86.25,86.98999786376953,63.112548828125,2820600
2013-07-29,86.75,87.05000305175781,86.62999725341797,86.80999755859375,62.981956481933594,2786000
2013-07-30,86.93000030517578,87.22000122070312,86.30000305175781,86.41000366210938,62.691734313964844,3191400
2013-07-31,86.37999725341797,87.63999938964844,86.37999725341797,86.80000305175781,62.97468566894531,3386300
2013-08-01,87.37000274658203,88.48999786376953,87.36000061035156,88.04000091552734,63.87432861328125,2942300
2013-08-02,87.6500015258789,87.98999786376953,87.38999938964844,87.91999816894531,63.787288665771484,2253200
2013-08-05,87.62999725341797,88.2699966430664,87.5999984741211,87.86000061035156,63.743736267089844,2086500
2013-08-06,87.81999969482422,88.69000244140625,87.7300033569336,87.94999694824219,63.80903244018555,2700700
2013-08-07,87.68000030517578,87.9800033569336,87.36000061035156,87.87999725341797,63.75822067260742,2039900
2013-08-08,88.18000030517578,88.4800033569336,87.80999755859375,88.12000274658203,63.93235778808594,2029200
2013-08-09,88.12000274658203,88.27999877929688,87.55999755859375,87.80999755859375,63.707462310791016,1828100
2013-08-12,87.4800033569336,87.93000030517578,87.4000015258789,87.7699966430664,63.67843246459961,2160900
2013-08-13,87.86000061035156,88.0,87.37000274658203,87.70999908447266,63.634918212890625,2384900
2013-08-14,87.4800033569336,87.79000091552734,87.33999633789062,87.44999694824219,63.44627380371094,2435400
2013-08-15,86.29000091552734,86.31999969482422,85.38999938964844,85.95999908447266,62.81058120727539,4775800
2013-08-16,85.83999633789062,86.4800033569336,85.83000183105469,86.05000305175781,62.876346588134766,2822900
2013-08-19,85.80999755859375,86.25,85.73999786376953,86.08000183105469,62.89826583862305,2682500
2013-08-20,86.0999984741211,86.75,85.91000366210938,86.30000305175781,63.05900955200195,2205300
2013-08-21,86.26000213623047,86.5999984741211,85.9000015258789,86.08999633789062,62.90555953979492,4179700
2013-08-22,86.0999984741211,87.30000305175781,85.98999786376953,86.95999908447266,63.54126739501953,2872900
2013-08-23,86.91999816894531,87.44000244140625,86.87000274658203,87.16999816894531,63.6946907043457,1805000
2013-08-26,87.1500015258789,87.94000244140625,87.1500015258789,87.19999694824219,63.71662902832031,2208100
2013-08-27,86.47000122070312,86.56999969482422,85.5999984741211,85.83999633789062,62.7228889465332,3425100
2013-08-28,85.80999755859375,86.08000183105469,85.58999633789062,85.63999938964844,62.57674789428711,1964400
2013-08-29,85.4800033569336,86.56999969482422,85.33999633789062,85.70999908447266,62.627891540527344,1571600
2013-08-30,85.76000213623047,85.93000030517578,85.18000030517578,85.58000183105469,62.53292465209961,2471100
2013-09-03,86.2300033569336,86.5,85.69999694824219,85.95999908447266,62.81058120727539,2006800
2013-09-04,86.06999969482422,87.0,85.87999725341797,86.55000305175781,63.241676330566406,2187600
2013-09-05,86.54000091552734,87.26000213623047,86.44999694824219,86.80999755859375,63.431671142578125,1429700
2013-09-06,87.05999755859375,87.37999725341797,86.05999755859375,86.76000213623047,63.39512634277344,1861500
2013-09-09,86.91999816894531,87.2699966430664,86.83999633789062,87.12999725341797,63.66549301147461,2099100
2013-09-10,87.58000183105469,88.19999694824219,87.45999908447266,88.06999969482422,64.35233306884766,2828000
2013-09-11,88.08999633789062,88.91000366210938,87.93000030517578,88.75,64.8492202758789,2763900
2013-09-12,88.86000061035156,89.2699966430664,88.5,88.58999633789062,64.73229217529297,2187900
2013-09-13,88.7699966430664,88.98999786376953,88.44000244140625,88.66000366210938,64.78346252441406,1553100
2013-09-16,89.91999816894531,90.41000366210938,89.5199966430664,89.58999633789062,65.46299743652344,3454700
2013-09-17,89.62000274658203,90.19999694824219,89.25,89.88999938964844,65.68221282958984,2355900
2013-09-18,89.98999786376953,91.0999984741211,89.75,90.97000122070312,66.47136688232422,4019200
2013-09-19,90.94999694824219,92.05000305175781,90.80999755859375,91.69999694824219,67.00474548339844,3140800
2013-09-20,91.72000122070312,92.12000274658203,91.43000030517578,91.55000305175781,66.8951644897461,5317500
2013-09-23,91.5199966430664,91.58999633789062,90.36000061035156,91.29000091552734,66.7052001953125,3229200
2013-09-24,91.19999694824219,91.98999786376953,91.04000091552734,91.26000213623047,66.68324279785156,2931200
2013-09-25,91.19000244140625,91.54000091552734,90.66000366210938,91.0,66.4932632446289,2544100
2013-09-26,91.18000030517578,91.80000305175781,91.06999969482422,91.80000305175781,67.07785034179688,2734300
2013-09-27,91.5,91.69999694824219,90.75,91.25,66.67594909667969,2390500
2013-09-30,90.69000244140625,91.87000274658203,90.44999694824219,91.37000274658203,66.76363372802734,2436600
2013-10-01,91.43000030517578,91.8499984741211,91.37000274658203,91.80000305175781,67.07785034179688,1800900
2013-10-02,91.26000213623047,91.44000244140625,90.81999969482422,91.27999877929688,66.6978530883789,2558900
2013-10-03,91.08999633789062,91.1500015258789,89.80000305175781,90.0999984741211,65.83565521240234,3168000
2013-10-04,90.16000366210938,91.08000183105469,89.63999938964844,91.0,66.4932632446289,2253700
2013-10-07,90.20999908447266,90.54000091552734,89.52999877929688,90.02999877929688,65.78450775146484,1707200
2013-10-08,89.87999725341797,90.16000366210938,88.9000015258789,88.93000030517578,64.98075866699219,2149200
2013-10-09,89.18000030517578,89.25,88.44999694824219,88.69999694824219,64.81266021728516,2455300
2013-10-10,89.37999725341797,90.31999969482422,88.91000366210938,90.27999877929688,65.96717071533203,2540900
2013-10-11,90.20999908447266,90.80000305175781,90.20999908447266,90.7699966430664,66.3252182006836,1825800
2013-10-14,90.33999633789062,90.68000030517578,90.1500015258789,90.36000061035156,66.02561950683594,2283200
2013-10-15,90.37999725341797,91.55999755859375,90.18000030517578,90.27999877929688,65.96717071533203,3144200
2013-10-16,90.55999755859375,91.47000122070312,90.5,91.33000183105469,66.73438262939453,2607500
2013-10-17,91.20999908447266,92.01000213623047,91.02999877929688,91.91999816894531,67.16552734375,1954900
2013-10-18,92.30999755859375,93.01000213623047,91.94000244140625,93.0,67.95467376708984,3168500
2013-10-21,93.0999984741211,93.94000244140625,92.93000030517578,93.77999877929688,68.52461242675781,3778800
2013-10-22,93.95999908447266,94.83999633789062,93.6500015258789,93.7699966430664,68.5173110961914,3000900
2013-10-23,93.5199966430664,94.02999877929688,93.22000122070312,93.94999694824219,68.64884185791016,2654400
2013-10-24,94.18000030517578,95.4000015258789,94.18000030517578,94.48999786376953,69.04338073730469,4802700
2013-10-25,96.66999816894531,97.0,94.16000366210938,95.61000061035156,69.86178588867188,5203400
2013-10-28,95.44999694824219,98.77999877929688,95.44999694824219,97.7699966430664,71.4400863647461,5926700
2013-10-29,97.81999969482422,98.41000366210938,96.66000366210938,98.30999755859375,71.83465576171875,6452700
2013-10-30,98.20999908447266,98.79000091552734,98.01000213623047,98.27999877929688,71.81273651123047,3975200
2013-10-31,97.8499984741211,98.98999786376953,97.33999633789062,98.23999786376953,71.78350830078125,4213200
2013-11-01,98.27999877929688,98.81999969482422,97.75,98.22000122070312,71.76892852783203,2944500
2013-11-04,98.7699966430664,99.9000015258789,98.63999938964844,99.87999725341797,72.98184967041016,3009600
2013-11-05,99.36000061035156,100.66999816894531,99.01000213623047,100.30000305175781,73.28875732421875,3912700
2013-11-06,100.30999755859375,100.58999633789062,98.77999877929688,99.0999984741211,72.4118881225586,4088400
2013-11-07,99.5199966430664,99.93000030517578,98.54000091552734,98.58999633789062,72.03924560546875,2961400
2013-11-08,98.4800033569336,99.87000274658203,98.47000122070312,99.62000274658203,72.7918930053711,3886000
2013-11-11,99.51000213623047,99.80000305175781,99.08999633789062,99.27999877929688,72.54344177246094,4214600
2013-11-12,98.94000244140625,100.08000183105469,98.76000213623047,99.81999969482422,72.93800354003906,3549900
2013-11-13,99.23999786376953,101.05999755859375,99.1500015258789,101.04000091552734,73.82946014404297,3862700
2013-11-14,100.7699966430664,101.55999755859375,100.2699966430664,100.97000122070312,74.23381805419922,6082800
2013-11-15,101.0999984741211,101.37000274658203,100.3499984741211,100.94000244140625,74.21177673339844,4083600
2013-11-18,101.20999908447266,101.75,100.97000122070312,101.27999877929688,74.46174621582031,2448900
2013-11-19,101.18000030517578,101.36000061035156,100.5,100.72000122070312,74.05001831054688,2447200
2013-11-20,100.83999633789062,100.94000244140625,100.11000061035156,100.12999725341797,73.61626434326172,2128400
2013-11-21,100.36000061035156,101.2699966430664,100.19999694824219,101.12999725341797,74.3514633178711,2262600
2013-11-22,101.44000244140625,102.0,100.86000061035156,101.9800033569336,74.97640991210938,2014300
2013-11-25,102.19999694824219,102.2300033569336,101.19000244140625,101.22000122070312,74.4176254272461,2219000
2013-11-26,101.31999969482422,102.3499984741211,101.31999969482422,102.29000091552734,75.20430755615234,3997300
2013-11-27,102.30000305175781,102.81999969482422,102.0199966430664,102.54000091552734,75.38810729980469,1879700
2013-11-29,102.69999694824219,103.04000091552734,102.37000274658203,102.37999725341797,75.27046203613281,1281700
2013-12-02,102.13999938964844,102.9000015258789,102.12999725341797,102.33000183105469,75.23372650146484,2336900
2013-12-03,102.44999694824219,102.77999877929688,101.48999786376953,101.9000015258789,74.91757202148438,2600100
2013-12-04,101.87000274658203,102.23999786376953,100.75,101.72000122070312,74.78522491455078,2249300
2013-12-05,101.45999908447266,102.08000183105469,101.45999908447266,101.62999725341797,74.71905517578125,2230900
2013-12-06,102.37999725341797,102.91999816894531,101.94000244140625,102.43000030517578,75.3072280883789,3723900
2013-12-09,103.0199966430664,103.04000091552734,101.97000122070312,102.33999633789062,75.2410659790039,2373400
2013-12-10,102.1500015258789,102.41000366210938,101.55000305175781,101.7300033569336,74.79257202148438,2199300
2013-12-11,101.94999694824219,102.08000183105469,100.66999816894531,100.87000274658203,74.16031646728516,3010000
2013-12-12,100.76000213623047,101.48999786376953,100.76000213623047,100.94999694824219,74.2190933227539,2303200
2013-12-13,101.05000305175781,101.7699966430664,100.6500015258789,101.37999725341797,74.53524017333984,2712600
2013-12-16,101.63999938964844,102.4000015258789,101.62999725341797,102.12999725341797,75.086669921875,3116600
2013-12-17,102.2300033569336,102.5999984741211,101.69000244140625,101.9800033569336,74.97640991210938,3190600
2013-12-18,102.12999725341797,103.04000091552734,101.23999786376953,102.9800033569336,75.71158599853516,4224900
2013-12-19,102.7300033569336,103.23999786376953,102.4000015258789,103.18000030517578,75.8586196899414,2508600
2013-12-20,103.2300033569336,104.55999755859375,103.0,103.33000183105469,75.96891784667969,8363500
2013-12-23,103.80000305175781,104.06999969482422,103.44999694824219,103.95999908447266,76.43209838867188,2155500
2013-12-24,104.12999725341797,104.5,103.91999816894531,104.45999908447266,76.79969024658203,904500
2013-12-26,104.3499984741211,104.9000015258789,104.04000091552734,104.66999816894531,76.95407104492188,2108300
2013-12-27,105.0,105.08999633789062,104.58000183105469,104.72000122070312,76.99085235595703,3433500
2013-12-30,104.94999694824219,105.05999755859375,104.58999633789062,104.91999816894531,77.13789367675781,1479800
2013-12-31,104.94000244140625,105.37000274658203,104.66999816894531,105.08000183105469,77.25554656982422,1778400
2014-01-02,104.62999725341797,104.91000366210938,102.81999969482422,103.31999969482422,75.96156311035156,2799700
2014-01-03,103.4800033569336,103.94000244140625,103.05000305175781,103.08999633789062,75.79246520996094,3719600
2014-01-06,103.52999877929688,103.66999816894531,101.2300033569336,101.75,74.80728912353516,3884800
2014-01-07,101.83999633789062,102.88999938964844,101.80000305175781,102.08000183105469,75.0499038696289,3385700
2014-01-08,102.12000274658203,102.27999877929688,101.41000366210938,102.0,74.99107360839844,3024400
2014-01-09,102.2699966430664,102.54000091552734,101.52999877929688,102.12000274658203,75.07931518554688,2352000
2014-01-10,102.2699966430664,102.63999938964844,101.33000183105469,102.5199966430664,75.37338256835938,3499500
2014-01-13,101.63999938964844,102.52999877929688,100.02999877929688,100.2300033569336,73.68977355957031,3510100
2014-01-14,100.36000061035156,100.98999786376953,99.62999725341797,100.93000030517578,74.20442199707031,3620300
2014-01-15,101.22000122070312,101.44000244140625,100.70999908447266,101.05000305175781,74.29264068603516,2027700
2014-01-16,100.77999877929688,101.06999969482422,100.0999984741211,100.48999786376953,73.88091278076172,2603900
2014-01-17,97.51000213623047,100.30999755859375,97.0,99.91000366210938,73.45452117919922,10135500
2014-01-21,100.45999908447266,100.58999633789062,97.54000091552734,98.56999969482422,72.4693603515625,5783200
2014-01-22,99.26000213623047,99.36000061035156,98.5,98.98999786376953,72.77812194824219,3234100
2014-01-23,98.38999938964844,98.54000091552734,97.61000061035156,97.94000244140625,72.00614166259766,4255100
2014-01-24,97.58000183105469,97.69000244140625,96.27999877929688,96.33000183105469,70.82246398925781,5251600
2014-01-27,96.13999938964844,96.62000274658203,95.01000213623047,95.16999816894531,69.9696273803711,4973700
2014-01-28,95.30999755859375,95.80999755859375,95.16999816894531,95.80999755859375,70.44012451171875,3881700
2014-01-29,95.5199966430664,96.0,94.94999694824219,95.33000183105469,70.08727264404297,4554500
2014-01-30,96.72000122070312,97.0,95.6500015258789,95.77999877929688,70.41809844970703,4010000
2014-01-31,94.47000122070312,95.97000122070312,94.0199966430664,95.2300033569336,70.01374816894531,4082600
2014-02-03,95.0999984741211,95.91999816894531,93.5199966430664,93.62000274658203,68.83003997802734,5448600
2014-02-04,94.13999938964844,94.2300033569336,93.19000244140625,93.88999938964844,69.02857208251953,3537300
2014-02-05,93.8499984741211,94.33000183105469,93.5,93.76000213623047,68.93299102783203,4591300
2014-02-06,94.1500015258789,94.93000030517578,94.01000213623047,94.73999786376953,69.65348052978516,4195600
2014-02-07,95.30000305175781,95.5999984741211,94.56999969482422,95.37000274658203,70.11668395996094,2889700
2014-02-10,95.25,95.45999908447266,94.45999908447266,94.7300033569336,69.6461410522461,4233800
2014-02-11,94.70999908447266,96.47000122070312,94.70999908447266,96.16000366210938,70.69746398925781,3264600
2014-02-12,96.1500015258789,96.76000213623047,95.87000274658203,96.02999877929688,70.6019058227539,2471300
2014-02-13,95.69000244140625,96.73999786376953,95.44000244140625,96.55999755859375,70.9915542602539,2376400
2014-02-14,96.44999694824219,97.37000274658203,96.29000091552734,97.23999786376953,71.49150085449219,3304300
2014-02-18,97.1500015258789,97.91000366210938,96.18000030517578,96.48999786376953,70.9400863647461,3037500
2014-02-19,96.02999877929688,96.37000274658203,95.02999877929688,95.18000030517578,69.97698211669922,4445200
2014-02-20,94.8499984741211,96.23999786376953,94.12000274658203,95.66999816894531,70.83586883544922,4908700
2014-02-21,95.94999694824219,96.7300033569336,95.79000091552734,96.11000061035156,71.1616439819336,3422600
2014-02-24,96.20999908447266,97.0,95.91999816894531,95.94999694824219,71.04316711425781,2762600
2014-02-25,95.98999786376953,96.19000244140625,95.25,95.44999694824219,70.67298889160156,3291400
2014-02-26,95.5,95.8499984741211,94.91000366210938,95.19999694824219,70.48786926269531,2915700
2014-02-27,95.06999969482422,95.63999938964844,94.9000015258789,95.55000305175781,70.74703216552734,2681600
2014-02-28,95.41999816894531,96.33999633789062,95.05000305175781,95.7699966430664,70.90989685058594,4097100
2014-03-03,95.26000213623047,95.80000305175781,94.80999755859375,95.77999877929688,70.91729736328125,3013500
2014-03-04,96.44999694824219,97.19999694824219,96.43000030517578,96.9800033569336,71.80582427978516,3310100
2014-03-05,97.0,97.37999725341797,96.80000305175781,97.08000183105469,71.87985229492188,2444900
2014-03-06,97.37000274658203,97.98999786376953,97.16000366210938,97.86000061035156,72.45738983154297,3229100
2014-03-07,98.26000213623047,98.80000305175781,98.0,98.22000122070312,72.72393035888672,2741400
2014-03-10,98.19999694824219,98.75,98.0,98.73999786376953,73.10893249511719,2630100
2014-03-11,99.0,99.06999969482422,98.12000274658203,98.30999755859375,72.79059600830078,2583500
2014-03-12,98.0,98.58999633789062,97.48999786376953,98.5199966430664,72.9460678100586,2625300
2014-03-13,98.81999969482422,98.93000030517578,96.58000183105469,97.0999984741211,71.89466857910156,4769500
2014-03-14,97.08000183105469,97.2300033569336,96.08000183105469,96.2699966430664,71.2801284790039,4129300
2014-03-17,96.80000305175781,97.3499984741211,96.75,96.98999786376953,71.81321716308594,2130500
2014-03-18,96.8499984741211,97.81999969482422,96.8499984741211,97.41000366210938,72.12419128417969,2023100
2014-03-19,97.54000091552734,97.98999786376953,96.37999725341797,96.94999694824219,71.7835922241211,2511300
2014-03-20,96.79000091552734,96.94999694824219,96.2300033569336,96.91000366210938,71.75398254394531,1941700
2014-03-21,97.72000122070312,98.05000305175781,96.63999938964844,96.86000061035156,71.71697235107422,4303700
2014-03-24,97.06999969482422,97.45999908447266,96.33000183105469,97.33999633789062,72.07237243652344,3500000
2014-03-25,97.5999984741211,98.01000213623047,97.31999969482422,97.6500015258789,72.3018798828125,2308300
2014-03-26,98.0,98.23999786376953,96.72000122070312,96.75,71.63551330566406,3253100
2014-03-27,96.8499984741211,97.08999633789062,96.25,97.05000305175781,71.85763549804688,2846100
2014-03-28,97.1500015258789,97.77999877929688,97.08000183105469,97.33999633789062,72.07237243652344,1937100
2014-03-31,97.58999633789062,97.76000213623047,97.08000183105469,97.37999725341797,72.10197448730469,2397600
2014-04-01,97.73999786376953,97.80000305175781,97.08999633789062,97.33999633789062,72.07237243652344,2552200
2014-04-02,97.45999908447266,98.25,97.4000015258789,97.97000122070312,72.53882598876953,3117400
2014-04-03,98.06999969482422,98.81999969482422,97.9800033569336,98.5199966430664,72.9460678100586,2182600
2014-04-04,98.88999938964844,99.41000366210938,97.73999786376953,98.0999984741211,72.63510131835938,2958400
2014-04-07,98.3499984741211,98.43000030517578,97.33999633789062,97.36000061035156,72.0871810913086,2899300
2014-04-08,97.11000061035156,97.80999755859375,96.81999969482422,97.41999816894531,72.13159942626953,3315400
2014-04-09,97.51000213623047,98.11000061035156,97.16000366210938,97.8499984741211,72.4499740600586,2984800
2014-04-10,97.94999694824219,98.12999725341797,96.43000030517578,96.62999725341797,71.5466537475586,3962800
2014-04-11,96.41999816894531,96.9000015258789,96.19000244140625,96.2699966430664,71.2801284790039,2899400
2014-04-14,96.8499984741211,97.08999633789062,95.73999786376953,96.08999633789062,71.14684295654297,3179700
2014-04-15,96.4000015258789,96.58000183105469,95.44999694824219,95.77999877929688,70.91729736328125,6511200
2014-04-16,96.4000015258789,97.37000274658203,95.9000015258789,97.3499984741211,72.07977294921875,3636500
2014-04-17,97.05000305175781,98.12000274658203,96.80000305175781,98.0,72.56103515625,3261200
2014-04-21,98.23999786376953,98.9800033569336,97.91999816894531,98.9000015258789,73.22744750976562,2660400
2014-04-22,99.1500015258789,99.38999938964844,98.80000305175781,99.0,73.30145263671875,2156400
2014-04-23,98.98999786376953,99.8499984741211,98.77999877929688,99.23999786376953,73.47916412353516,3132800
2014-04-24,99.0999984741211,99.79000091552734,98.5,98.63999938964844,73.03490447998047,3568400
2014-04-25,98.33999633789062,98.73999786376953,97.19999694824219,97.4000015258789,72.11678314208984,2708900
2014-04-28,97.80000305175781,98.4800033569336,97.44000244140625,98.26000213623047,72.75352478027344,3387400
2014-04-29,98.31999969482422,98.70999908447266,97.94000244140625,98.01000213623047,72.56846618652344,2803100
2014-04-30,98.16999816894531,98.80000305175781,97.91999816894531,98.5,72.93124389648438,2546500
2014-05-01,98.5,98.5999984741211,97.8499984741211,98.11000061035156,72.64250183105469,2383600
2014-05-02,98.08000183105469,99.18000030517578,98.0199966430664,98.55999755859375,72.97567749023438,2280300
2014-05-05,98.2699966430664,98.29000091552734,97.5999984741211,97.94999694824219,72.52400207519531,2390200
2014-05-06,97.69999694824219,97.93000030517578,97.33999633789062,97.37999725341797,72.10197448730469,1876200
2014-05-07,97.80999755859375,98.87999725341797,97.5999984741211,98.83000183105469,73.17557525634766,1922900
2014-05-08,98.80000305175781,99.44999694824219,98.6500015258789,98.98999786376953,73.29405975341797,2246500
2014-05-09,99.06999969482422,99.98999786376953,98.87000274658203,99.76000213623047,73.86417388916016,2340500
2014-05-12,100.0,101.51000213623047,99.94000244140625,101.51000213623047,75.15990447998047,2861300
2014-05-13,101.75,102.72000122070312,101.66000366210938,102.51000213623047,75.90033721923828,3687500
2014-05-14,102.38999938964844,102.38999938964844,101.43000030517578,102.04000091552734,75.55236053466797,3410500
2014-05-15,101.33999633789062,101.5999984741211,100.19999694824219,100.45999908447266,74.87408447265625,4405800
2014-05-16,100.62000274658203,101.4000015258789,100.4800033569336,101.33000183105469,75.52252960205078,2278100
2014-05-19,101.05999755859375,101.61000061035156,101.05000305175781,101.38999938964844,75.56724548339844,1455500
2014-05-20,101.33000183105469,101.58000183105469,100.20999908447266,100.52999877929688,74.92626953125,2090000
2014-05-21,100.69000244140625,101.7699966430664,100.69000244140625,101.73999786376953,75.8281021118164,2017500
2014-05-22,101.62999725341797,101.77999877929688,101.33000183105469,101.66000366210938,75.76847839355469,2316600
2014-05-23,101.63999938964844,102.94000244140625,101.55999755859375,102.7300033569336,76.56596374511719,1867600
2014-05-27,102.95999908447266,103.4800033569336,102.93000030517578,103.16999816894531,76.89388275146484,1982500
2014-05-28,103.47000122070312,103.7699966430664,103.23999786376953,103.41000366210938,77.07275390625,1866200
2014-05-29,103.93000030517578,104.18000030517578,103.43000030517578,104.05999755859375,77.55722045898438,1890700
2014-05-30,104.0,104.1500015258789,103.72000122070312,103.87999725341797,77.42306518554688,2627800
2014-06-02,104.12999725341797,104.30000305175781,103.5999984741211,104.08000183105469,77.5721435546875,2914100
2014-06-03,103.91000366210938,104.16000366210938,103.06999969482422,103.43000030517578,77.08767700195312,2319200
2014-06-04,103.38999938964844,103.5,102.5999984741211,102.97000122070312,76.74483489990234,2822100
2014-06-05,103.33000183105469,103.63999938964844,102.97000122070312,103.62000274658203,77.22929382324219,2514900
2014-06-06,103.73999786376953,103.8499984741211,103.43000030517578,103.58999633789062,77.2069320678711,2103700
2014-06-09,103.4000015258789,104.02999877929688,103.33999633789062,103.48999786376953,77.13237762451172,3199000
2014-06-10,103.1500015258789,103.3499984741211,102.5999984741211,102.91000366210938,76.70011901855469,2578100
2014-06-11,102.58000183105469,103.02999877929688,102.30000305175781,102.5,76.39453125,2106000
2014-06-12,102.44000244140625,102.52999877929688,100.83999633789062,100.88999938964844,75.19459533691406,3116800
2014-06-13,100.98999786376953,101.51000213623047,100.80000305175781,101.02999877929688,75.29893493652344,1942300
2014-06-16,100.9000015258789,101.31999969482422,100.52999877929688,101.18000030517578,75.41072082519531,1918400
2014-06-17,101.01000213623047,101.69999694824219,100.5199966430664,101.61000061035156,75.7312240600586,2057800
2014-06-18,102.62000274658203,102.9800033569336,101.69999694824219,102.79000091552734,76.61067199707031,4459900
2014-06-19,102.70999908447266,102.97000122070312,102.13999938964844,102.37000274658203,76.29767608642578,2159300
2014-06-20,102.41999816894531,102.83000183105469,102.33999633789062,102.5,76.39453125,3193900
2014-06-23,102.7300033569336,102.87999725341797,101.63999938964844,102.45999908447266,76.36473846435547,1768300
2014-06-24,102.12000274658203,102.79000091552734,101.70999908447266,101.7300033569336,75.82067108154297,1685000
2014-06-25,101.68000030517578,102.56999969482422,101.51000213623047,102.41000366210938,76.32744598388672,1575500
2014-06-26,102.29000091552734,102.75,101.62999725341797,102.63999938964844,76.49888610839844,1557900
2014-06-27,102.55999755859375,102.9000015258789,102.30000305175781,102.70999908447266,76.55104064941406,2370200
2014-06-30,102.55999755859375,102.88999938964844,102.12999725341797,102.66000366210938,76.5137939453125,2069400
2014-07-01,103.4000015258789,103.5,102.6500015258789,102.8499984741211,76.65541076660156,1496700
2014-07-02,102.69999694824219,103.55999755859375,102.69999694824219,103.55000305175781,77.1771011352539,2175100
2014-07-03,103.72000122070312,103.95999908447266,103.55000305175781,103.87999725341797,77.42306518554688,1269200
2014-07-07,103.94000244140625,103.94999694824219,102.94999694824219,103.23999786376953,76.94605255126953,1700200
2014-07-08,103.12000274658203,103.12000274658203,102.06999969482422,102.9000015258789,76.69265747070312,2299300
2014-07-09,103.27999877929688,103.31999969482422,102.5199966430664,102.9800033569336,76.75228118896484,1188800
2014-07-10,102.16000366210938,102.44999694824219,101.94000244140625,102.08999633789062,76.08894348144531,1597300
2014-07-11,102.11000061035156,102.9000015258789,102.05000305175781,102.52999877929688,76.41690063476562,1559100
2014-07-14,102.9000015258789,103.72000122070312,102.83999633789062,103.44999694824219,77.10257720947266,2054900
2014-07-15,103.47000122070312,104.37000274658203,103.2300033569336,104.29000091552734,77.72864532470703,2201800
2014-07-16,104.44999694824219,105.08999633789062,104.25,104.5199966430664,77.90006256103516,2309200
2014-07-17,103.9800033569336,104.2300033569336,102.52999877929688,102.6500015258789,76.50634765625,2842600
2014-07-18,102.98999786376953,103.81999969482422,102.83999633789062,103.81999969482422,77.37836456298828,1943700
2014-07-21,103.55000305175781,104.47000122070312,103.4000015258789,104.05999755859375,77.55722045898438,1766800
2014-07-22,104.2699966430664,105.04000091552734,104.20999908447266,104.4800033569336,77.8702392578125,1471600
2014-07-23,104.52999877929688,104.79000091552734,104.26000213623047,104.33999633789062,77.76591491699219,1138300
2014-07-24,104.19999694824219,104.55999755859375,103.8499984741211,104.08999633789062,77.57957458496094,1274500
2014-07-25,103.76000213623047,104.25,103.44000244140625,103.56999969482422,77.19203186035156,1192100
2014-07-28,103.41000366210938,103.44000244140625,102.0,102.66000366210938,76.5137939453125,2521000
2014-07-29,99.58000183105469,99.75,98.8499984741211,98.86000061035156,73.68159484863281,8905800
2014-07-30,99.25,99.76000213623047,98.19000244140625,99.3499984741211,74.04681396484375,3948900
2014-07-31,98.41999816894531,98.86000061035156,97.0199966430664,97.08999633789062,72.36239624023438,3853400
2014-08-01,96.66999816894531,97.38999938964844,96.12000274658203,97.02999877929688,72.31767272949219,3345700
2014-08-04,97.25,97.61000061035156,96.4000015258789,97.18000030517578,72.42947387695312,2882900
2014-08-05,96.86000061035156,97.5,96.12999725341797,96.51000213623047,71.93008422851562,2973200
2014-08-06,95.91000366210938,96.0,95.2300033569336,95.7300033569336,71.34876251220703,4037300
2014-08-07,95.80999755859375,96.4000015258789,94.91999816894531,95.05000305175781,70.84196472167969,3779000
2014-08-08,95.3499984741211,96.05000305175781,94.87000274658203,95.94000244140625,71.50527954101562,3450800
2014-08-11,96.41000366210938,96.56999969482422,95.98999786376953,96.06999969482422,71.60218048095703,2971100
2014-08-12,96.06999969482422,96.73999786376953,95.98999786376953,96.41000366210938,71.8555908203125,2356800
2014-08-13,96.55000305175781,97.05000305175781,96.4000015258789,96.62000274658203,72.01209259033203,2930400
2014-08-14,96.27999877929688,96.30999755859375,95.72000122070312,96.06999969482422,72.10215759277344,2277700
2014-08-15,96.76000213623047,97.02999877929688,96.05999755859375,96.8499984741211,72.68755340576172,4873500
2014-08-18,97.30000305175781,97.79000091552734,97.16999816894531,97.62000274658203,73.26544952392578,2913200
2014-08-19,98.0199966430664,98.55999755859375,97.80000305175781,98.2699966430664,73.75330352783203,2640100
2014-08-20,98.13999938964844,99.08000183105469,98.13999938964844,98.80000305175781,74.15108489990234,2629700
2014-08-21,98.86000061035156,99.16000366210938,98.30000305175781,98.41000366210938,73.85840606689453,2411400
2014-08-22,98.30999755859375,98.48999786376953,97.52999877929688,97.7699966430664,73.37801361083984,2569600
2014-08-25,98.27999877929688,98.30999755859375,97.72000122070312,97.9000015258789,73.47560119628906,1785500
2014-08-26,97.91999816894531,97.97000122070312,97.37999725341797,97.41999816894531,73.11534881591797,2053200
2014-08-27,97.38999938964844,97.69999694824219,96.98999786376953,97.37999725341797,73.0853500366211,2690800
2014-08-28,96.98999786376953,97.52999877929688,96.94000244140625,97.44000244140625,73.13037872314453,1946200
2014-08-29,97.76000213623047,97.93000030517578,97.11000061035156,97.33000183105469,73.04780578613281,2339100
2014-09-02,97.62999725341797,98.29000091552734,97.5,97.94999694824219,73.51313018798828,3278100
2014-09-03,98.08000183105469,98.4800033569336,97.75,97.97000122070312,73.52816009521484,1967100
2014-09-04,97.95999908447266,99.06999969482422,97.93000030517578,98.47000122070312,73.90340423583984,3352700
2014-09-05,98.44999694824219,98.91000366210938,98.05999755859375,98.86000061035156,74.19611358642578,2155100
2014-09-08,98.66999816894531,98.94999694824219,98.13999938964844,98.41999816894531,73.86588287353516,2159300
2014-09-09,98.2699966430664,98.33999633789062,97.5,97.70999908447266,73.33300018310547,2617400
2014-09-10,97.55999755859375,97.80000305175781,97.25,97.62000274658203,73.26544952392578,1772500
2014-09-11,96.9000015258789,98.29000091552734,96.9000015258789,97.94000244140625,73.5056381225586,2088800
2014-09-12,98.0999984741211,98.41000366210938,97.79000091552734,98.05000305175781,73.58818817138672,2650900
2014-09-15,98.02999877929688,98.02999877929688,97.1500015258789,97.62000274658203,73.26544952392578,2296200
2014-09-16,98.08999633789062,98.41000366210938,97.4000015258789,97.95999908447266,73.5206527709961,2789700
2014-09-17,98.76000213623047,99.87999725341797,98.6500015258789,99.38999938964844,74.5938720703125,3795600
2014-09-18,99.58000183105469,99.9800033569336,99.4800033569336,99.62999725341797,74.77400970458984,2337700
2014-09-19,100.04000091552734,100.38999938964844,99.44000244140625,99.44000244140625,74.63140869140625,3901600
2014-09-22,99.16000366210938,99.25,98.0,98.13999938964844,73.65572357177734,2944800
2014-09-23,98.02999877929688,98.43000030517578,97.25,97.31999969482422,73.04029083251953,3636700
2014-09-24,97.16000366210938,98.20999908447266,97.13999938964844,98.08000183105469,73.61070251464844,2925200
2014-09-25,97.95999908447266,97.95999908447266,96.51000213623047,96.52999877929688,72.4474105834961,3310000
2014-09-26,96.91999816894531,97.66000366210938,96.52999877929688,97.4800033569336,73.16039276123047,2418400
2014-09-29,96.73999786376953,97.38999938964844,96.54000091552734,97.33999633789062,73.0553207397461,2541800
2014-09-30,97.33000183105469,98.95999908447266,97.25,98.29000091552734,73.76832580566406,4283200
2014-10-01,98.44000244140625,98.4800033569336,96.75,96.91999816894531,72.74010467529297,3485900
2014-10-02,97.02999877929688,97.37999725341797,96.18000030517578,97.13999938964844,72.90522003173828,3549800
2014-10-03,97.68000030517578,99.08000183105469,97.58000183105469,98.79000091552734,74.14356994628906,3285200
2014-10-06,99.2699966430664,99.91999816894531,98.41000366210938,98.55999755859375,73.97095489501953,2497900
2014-10-07,97.97000122070312,97.97000122070312,96.41000366210938,96.43000030517578,72.37236022949219,2962900
2014-10-08,96.7300033569336,98.19999694824219,96.05000305175781,98.13999938964844,73.65572357177734,3253600
2014-10-09,98.23999786376953,98.23999786376953,96.37000274658203,96.52999877929688,72.4474105834961,3100200
2014-10-10,96.44999694824219,97.22000122070312,95.61000061035156,95.77999877929688,71.884521484375,3595900
2014-10-13,95.86000061035156,96.56999969482422,94.62000274658203,94.66999816894531,71.05143737792969,3094700
2014-10-14,95.44999694824219,96.55999755859375,95.05999755859375,95.80000305175781,71.89952087402344,3283400
2014-10-15,95.01000213623047,96.83000183105469,94.05000305175781,96.44999694824219,72.38736724853516,4864000
2014-10-16,95.3499984741211,96.68000030517578,95.0199966430664,95.62999725341797,71.77194213867188,5222600
2014-10-17,96.4000015258789,97.54000091552734,96.20999908447266,97.26000213623047,72.99528503417969,3617900
2014-10-20,96.87000274658203,98.08000183105469,96.87000274658203,98.08000183105469,73.61070251464844,3014700
2014-10-21,98.88999938964844,100.91000366210938,98.69000244140625,100.75,75.61457824707031,3629800
2014-10-22,100.7300033569336,100.75,99.01000213623047,99.05999755859375,74.34624481201172,3564900
2014-10-23,100.02999877929688,101.23999786376953,100.02999877929688,100.4800033569336,75.4119644165039,4168000
2014-10-24,102.94999694824219,103.23999786376953,100.4000015258789,100.58999633789062,75.4945068359375,4249700
2014-10-27,100.52999877929688,102.38999938964844,100.22000122070312,102.25,76.74034118652344,4172900
2014-10-28,102.5,103.01000213623047,102.30999755859375,102.9000015258789,77.22819519042969,3530500
2014-10-29,102.93000030517578,103.44999694824219,101.51000213623047,102.62000274658203,77.01805877685547,2727200
2014-10-30,102.01000213623047,103.79000091552734,101.91000366210938,103.29000091552734,77.52088165283203,3020000
2014-10-31,104.5999984741211,105.83999633789062,104.55999755859375,104.91000366210938,78.73674011230469,5470400
2014-11-03,104.91000366210938,105.72000122070312,104.66000366210938,105.63999938964844,79.28460693359375,3592400
2014-11-04,105.7300033569336,108.0,105.72000122070312,107.08000183105469,80.3653564453125,4777300
2014-11-05,107.94000244140625,108.06999969482422,106.81999969482422,107.54000091552734,80.71060180664062,3124900
2014-11-06,107.77999877929688,108.38999938964844,107.33000183105469,108.29000091552734,81.2734603881836,2990400
2014-11-07,108.5,108.5999984741211,107.7699966430664,108.33000183105469,81.3034896850586,3172300
2014-11-10,108.33000183105469,109.30000305175781,107.93000030517578,109.05000305175781,81.84387969970703,3635600
2014-11-11,109.23999786376953,109.4000015258789,108.37999725341797,108.76000213623047,81.62623596191406,2746900
2014-11-12,108.44000244140625,108.73999786376953,107.76000213623047,108.62000274658203,81.52116394042969,3569500
2014-11-13,108.61000061035156,108.8499984741211,106.18000030517578,107.79000091552734,81.40032196044922,5920600
2014-11-14,107.93000030517578,107.9800033569336,106.4800033569336,106.83000183105469,80.67536163330078,4476100
2014-11-17,106.75,106.9800033569336,106.23999786376953,106.47000122070312,80.40350341796875,2918400
2014-11-18,106.81999969482422,106.91000366210938,105.97000122070312,106.02999877929688,80.07120513916016,3360700
2014-11-19,105.83000183105469,106.18000030517578,105.37999725341797,105.63999938964844,79.77667999267578,3621400
2014-11-20,105.33999633789062,107.33999633789062,105.16000366210938,106.70999908447266,80.58474731445312,6990400
2014-11-21,107.61000061035156,108.55000305175781,107.16999816894531,107.3499984741211,81.06803131103516,3807100
2014-11-24,107.6500015258789,107.9800033569336,107.23999786376953,107.26000213623047,81.00007629394531,2689100
2014-11-25,107.2300033569336,107.68000030517578,106.95999908447266,107.12000274658203,80.89436340332031,2735900
2014-11-26,107.12999725341797,107.38999938964844,106.72000122070312,106.9800033569336,80.78865051269531,1783900
2014-11-28,109.19999694824219,111.08999633789062,108.80000305175781,109.91999816894531,83.00885009765625,3988800
2014-12-01,110.30000305175781,111.31999969482422,109.05999755859375,109.79000091552734,82.91068267822266,4819000
2014-12-02,110.33000183105469,111.16000366210938,110.04000091552734,110.41000366210938,83.3788833618164,3354000
2014-12-03,110.77999877929688,111.22000122070312,110.30999755859375,110.9000015258789,83.74893188476562,3428900
2014-12-04,110.77999877929688,110.77999877929688,109.69999694824219,110.43000030517578,83.39398193359375,2402200
2014-12-05,110.62999725341797,111.25,110.37000274658203,110.9800033569336,83.80935668945312,1912400
2014-12-08,111.0999984741211,111.0999984741211,110.01000213623047,110.20999908447266,83.22785949707031,3085400
2014-12-09,109.2699966430664,110.08999633789062,108.62000274658203,110.02999877929688,83.09192657470703,2961300
2014-12-10,110.19000244140625,111.23999786376953,109.3499984741211,110.05999755859375,83.11457824707031,4480700
2014-12-11,110.44000244140625,111.56999969482422,110.12999725341797,110.62999725341797,83.54502868652344,3574800
2014-12-12,110.3499984741211,111.22000122070312,109.94999694824219,110.0,83.06925201416016,4212900
2014-12-15,110.16999816894531,111.5,110.05999755859375,110.75,83.6356201171875,4275700
2014-12-16,110.2699966430664,111.4000015258789,109.83000183105469,109.83000183105469,82.94090270996094,4884300
2014-12-17,108.81999969482422,109.0,106.47000122070312,108.55000305175781,81.97425079345703,6501500
2014-12-18,109.7300033569336,111.0999984741211,109.30999755859375,110.93000030517578,83.77157592773438,3766100
2014-12-19,110.80000305175781,111.98999786376953,110.37000274658203,110.95999908447266,83.79422760009766,5581100
2014-12-22,111.37000274658203,112.0,111.01000213623047,112.0,84.57963562011719,2349800
2014-12-23,112.08999633789062,113.0999984741211,112.08999633789062,112.44999694824219,84.91940307617188,2664400
2014-12-24,112.81999969482422,113.06999969482422,112.41000366210938,112.41000366210938,84.88922119140625,1283300
2014-12-26,112.44000244140625,112.58000183105469,111.80000305175781,111.93000030517578,84.52674102783203,1289600
2014-12-29,111.77999877929688,112.66000366210938,111.4800033569336,112.44999694824219,84.91940307617188,1760600
2014-12-30,112.30000305175781,112.91000366210938,111.73999786376953,112.13999938964844,84.68533325195312,2346100
2014-12-31,112.44999694824219,112.69999694824219,111.06999969482422,111.16999816894531,83.95281219482422,1393800
2015-01-02,111.2699966430664,111.6500015258789,109.4000015258789,110.37999725341797,83.35620880126953,2662900
2015-01-05,109.98999786376953,109.98999786376953,107.95999908447266,108.16999816894531,81.68728637695312,3519600
2015-01-06,108.16999816894531,108.87000274658203,106.5199966430664,107.45999908447266,81.15110778808594,3808900
2015-01-07,108.26000213623047,108.7699966430664,107.58999633789062,108.45999908447266,81.90630340576172,1949500
2015-01-08,109.29000091552734,110.62999725341797,109.29000091552734,110.41000366210938,83.3788833618164,2876100
2015-01-09,110.43000030517578,110.6500015258789,109.12000274658203,109.5999984741211,82.76720428466797,2060200
2015-01-12,109.91999816894531,110.5999984741211,109.0999984741211,109.63999938964844,82.79740905761719,2198200
2015-01-13,110.48999786376953,111.87000274658203,109.43000030517578,110.11000061035156,83.15231323242188,3233600
2015-01-14,109.0199966430664,109.68000030517578,108.44000244140625,109.37000274658203,82.593505859375,2981000
2015-01-15,109.8499984741211,110.36000061035156,109.04000091552734,109.29000091552734,82.5330810546875,2847300
2015-01-16,109.30000305175781,110.33999633789062,108.45999908447266,110.30000305175781,83.29582214355469,4495200
2015-01-20,110.87000274658203,111.62000274658203,109.83999633789062,111.30999755859375,84.05854797363281,4124800
2015-01-21,111.12000274658203,112.31999969482422,110.79000091552734,111.68000030517578,84.33796691894531,2144300
2015-01-22,112.45999908447266,114.4000015258789,111.9000015258789,114.25,86.27874755859375,3008100
2015-01-23,103.69999694824219,104.9800033569336,102.69999694824219,102.93000030517578,77.73017120361328,19275400
2015-01-26,101.69999694824219,102.5,99.5999984741211,102.3499984741211,77.29218292236328,10903700
2015-01-27,100.55999755859375,101.94000244140625,100.55999755859375,100.8499984741211,76.15938568115234,4766300
2015-01-28,101.16000366210938,101.91000366210938,99.19999694824219,99.30000305175781,74.9888916015625,5481400
2015-01-29,99.26000213623047,100.69999694824219,98.29000091552734,100.41999816894531,75.83467864990234,4648300
2015-01-30,99.54000091552734,101.2699966430664,98.80999755859375,98.83999633789062,74.6414794921875,5916300
2015-02-02,99.0,100.26000213623047,98.33999633789062,100.12999725341797,75.61566162109375,3811800
2015-02-03,100.88999938964844,101.63999938964844,99.23999786376953,100.56999969482422,75.94794464111328,5581600
2015-02-04,100.06999969482422,101.26000213623047,99.83999633789062,100.52999877929688,75.91775512695312,4278600
2015-02-05,100.98999786376953,102.23999786376953,100.69999694824219,101.45999908447266,76.62007141113281,4026400
2015-02-06,101.12999725341797,101.55999755859375,100.31999969482422,100.66999816894531,76.0234603881836,2965400
2015-02-09,100.31999969482422,100.9800033569336,99.87000274658203,100.45999908447266,75.8648910522461,2626200
2015-02-10,100.83999633789062,101.30999755859375,100.1500015258789,101.08000183105469,76.33309173583984,2750900
2015-02-11,101.0999984741211,101.7699966430664,100.5199966430664,100.91000366210938,76.20472717285156,2826100
2015-02-12,100.87000274658203,101.68000030517578,100.55999755859375,101.41000366210938,76.58232116699219,2981600
2015-02-13,101.16999816894531,101.97000122070312,101.0999984741211,101.79000091552734,76.86927795410156,2106000
2015-02-17,101.9000015258789,102.81999969482422,101.66000366210938,102.51000213623047,77.41297912597656,3814800
2015-02-18,102.51000213623047,102.80000305175781,102.05000305175781,102.62000274658203,77.49607849121094,2348400
2015-02-19,102.05999755859375,102.45999908447266,101.63999938964844,101.69999694824219,77.3515396118164,2435200
2015-02-20,101.48999786376953,102.05000305175781,100.94999694824219,101.95999908447266,77.5492935180664,3411700
2015-02-23,102.08999633789062,102.08999633789062,101.44999694824219,101.7699966430664,77.40480041503906,1728100
2015-02-24,101.75,102.41999816894531,101.63999938964844,102.31999969482422,77.82311248779297,2715800
2015-02-25,102.44999694824219,102.58000183105469,101.75,101.95999908447266,77.5492935180664,2215100
2015-02-26,101.68000030517578,102.18000030517578,101.5,101.86000061035156,77.47325134277344,2125500
2015-02-27,101.80999755859375,102.44000244140625,101.69999694824219,101.7300033569336,77.37437438964844,2130900
2015-03-02,101.7300033569336,102.37000274658203,101.4800033569336,101.93000030517578,77.5264892578125,2315600
2015-03-03,101.37999725341797,101.91000366210938,101.19000244140625,101.5,77.19944763183594,2767400
2015-03-04,101.0,101.3499984741211,100.30000305175781,100.41999816894531,76.37801361083984,4511700
2015-03-05,100.66999816894531,100.94999694824219,100.31999969482422,100.72000122070312,76.60618591308594,2589300
2015-03-06,100.37999725341797,101.22000122070312,100.16999816894531,100.62000274658203,76.53011322021484,3008500
2015-03-09,100.77999877929688,101.45999908447266,100.5,100.55000305175781,76.47687530517578,3602000
2015-03-10,100.0,100.41999816894531,99.45999908447266,99.47000122070312,75.65545654296875,3579600
2015-03-11,99.51000213623047,99.93000030517578,98.69999694824219,98.72000122070312,75.08501434326172,3079300
2015-03-12,99.26000213623047,99.75,99.06999969482422,99.66999816894531,75.8075942993164,1951700
2015-03-13,99.45999908447266,99.7300033569336,97.8499984741211,98.52999877929688,74.94051361083984,3449500
2015-03-16,98.70999908447266,100.4000015258789,98.62000274658203,100.26000213623047,76.2563247680664,2714200
2015-03-17,99.7699966430664,100.19999694824219,99.55999755859375,99.5999984741211,75.7542953491211,1987000
2015-03-18,98.91000366210938,100.56999969482422,98.4000015258789,100.26000213623047,76.2563247680664,3016000
2015-03-19,100.08999633789062,100.58999633789062,99.87999725341797,99.91000366210938,75.9901123046875,2128400
2015-03-20,100.29000091552734,100.69000244140625,99.95999908447266,100.25,76.24871063232422,4137400
2015-03-23,100.16999816894531,100.47000122070312,99.87999725341797,99.87999725341797,75.96728515625,2670900
2015-03-24,99.73999786376953,100.08000183105469,99.0999984741211,99.26000213623047,75.49573516845703,2656000
2015-03-25,99.3499984741211,99.52999877929688,97.38999938964844,97.45999908447266,74.12667083740234,3483600
2015-03-26,97.16999816894531,97.19000244140625,96.4000015258789,96.63999938964844,73.50299072265625,3278700
2015-03-27,96.73999786376953,96.87999725341797,96.31999969482422,96.58999633789062,73.4649658203125,2506900
2015-03-30,97.08000183105469,97.72000122070312,96.95999908447266,97.2699966430664,73.98216247558594,2488000
2015-03-31,97.08999633789062,97.51000213623047,96.77999877929688,96.94000244140625,73.7311782836914,2718100
2015-04-01,96.48999786376953,97.01000213623047,95.66999816894531,96.54000091552734,73.42691802978516,3394700
2015-04-02,97.0,97.0,96.2300033569336,96.47000122070312,73.37370300292969,3010600
2015-04-06,96.0,97.11000061035156,95.81999969482422,96.83999633789062,73.65510559082031,2513600
2015-04-07,97.30000305175781,97.9000015258789,96.55999755859375,96.68000030517578,73.53340911865234,2518300
2015-04-08,96.6500015258789,96.76000213623047,96.0199966430664,96.66999816894531,73.52580261230469,2992000
2015-04-09,96.41999816894531,96.95999908447266,95.91999816894531,96.69999694824219,73.54866027832031,3378400
2015-04-10,96.80000305175781,97.12000274658203,96.41999816894531,96.79000091552734,73.6170883178711,3173700
2015-04-13,96.4800033569336,97.13999938964844,96.12999725341797,96.1500015258789,73.13031005859375,3192000
2015-04-14,96.0999984741211,96.80000305175781,95.80000305175781,96.55000305175781,73.43453979492188,3221200
2015-04-15,96.66000366210938,96.91999816894531,96.19999694824219,96.62000274658203,73.48777770996094,2705000
2015-04-16,96.29000091552734,96.73999786376953,96.08000183105469,96.13999938964844,73.12268829345703,2520800
2015-04-17,95.51000213623047,95.86000061035156,94.87999725341797,95.37999725341797,72.54463958740234,3699300
2015-04-20,95.80999755859375,98.02999877929688,95.80999755859375,97.45999908447266,74.12667083740234,5021400
2015-04-21,97.62999725341797,97.9800033569336,97.16000366210938,97.61000061035156,74.24075317382812,3277600
2015-04-22,97.61000061035156,98.2699966430664,97.12999725341797,98.13999938964844,74.64385986328125,2904900
2015-04-23,97.55999755859375,98.5999984741211,97.5,98.22000122070312,74.7047348022461,2420200
2015-04-24,98.48999786376953,98.51000213623047,97.75,98.0999984741211,74.61344146728516,2253000
2015-04-27,98.04000091552734,98.36000061035156,97.23999786376953,97.43000030517578,74.1038589477539,3906300
2015-04-28,99.19999694824219,101.7699966430664,98.70999908447266,100.7699966430664,76.64421081542969,8282700
2015-04-29,101.41000366210938,101.9800033569336,100.80000305175781,101.25,77.00928497314453,5454500
2015-04-30,100.94000244140625,101.30000305175781,100.08000183105469,100.52999877929688,76.46167755126953,4045700
2015-05-01,100.94999694824219,101.41999816894531,100.29000091552734,101.37999725341797,77.10816192626953,2846100
2015-05-04,101.31999969482422,101.95999908447266,101.12999725341797,101.43000030517578,77.14618682861328,2993000
2015-05-05,101.01000213623047,101.33999633789062,99.91999816894531,100.11000061035156,76.14222717285156,2845200
2015-05-06,100.4000015258789,100.66000366210938,98.58000183105469,99.22000122070312,75.4653091430664,3403200
2015-05-07,99.30000305175781,100.2300033569336,99.27999877929688,99.63999938964844,75.78474426269531,3151700
2015-05-08,100.41999816894531,101.3499984741211,100.2699966430664,100.36000061035156,76.33236694335938,2964400
2015-05-11,100.36000061035156,100.87000274658203,100.2300033569336,100.52999877929688,76.46167755126953,4080400
2015-05-12,100.2300033569336,100.37000274658203,99.68000030517578,99.97000122070312,76.0357437133789,2438400
2015-05-13,99.62999725341797,100.13999938964844,99.16000366210938,99.43000030517578,75.6250228881836,3205100
2015-05-14,99.41000366210938,101.31999969482422,99.4000015258789,100.66999816894531,77.13445281982422,5966400
2015-05-15,102.02999877929688,102.56999969482422,101.68000030517578,102.12999725341797,78.25312042236328,5347800
2015-05-18,101.75,102.23999786376953,101.33000183105469,101.91000366210938,78.08455657958984,2769300
2015-05-19,102.1500015258789,102.83999633789062,101.69999694824219,102.08000183105469,78.21481323242188,3198300
2015-05-20,102.19999694824219,102.5,101.63999938964844,101.95999908447266,78.12286376953125,2627600
2015-05-21,101.91999816894531,102.44999694824219,101.62000274658203,102.05000305175781,78.19184112548828,2159500
2015-05-22,102.2699966430664,102.2699966430664,101.18000030517578,101.43000030517578,77.7167739868164,2200500
2015-05-26,101.4000015258789,101.41999816894531,100.19000244140625,100.5199966430664,77.01952362060547,2364900
2015-05-27,100.5199966430664,101.13999938964844,99.9800033569336,100.91999816894531,77.32601165771484,2068600
2015-05-28,100.5999984741211,100.93000030517578,99.76000213623047,99.87000274658203,76.52149200439453,2722100
2015-05-29,99.75,99.76000213623047,98.77999877929688,99.22000122070312,76.0234375,4231800
2015-06-01,99.7699966430664,100.12000274658203,98.88999938964844,99.4800033569336,76.2226791381836,2857600
2015-06-02,98.94000244140625,100.0,98.56999969482422,99.43000030517578,76.1843490600586,2324900
2015-06-03,99.8499984741211,101.4000015258789,99.5,100.5999984741211,77.08082580566406,3611600
2015-06-04,100.05000305175781,100.68000030517578,99.9000015258789,100.0999984741211,76.6977310180664,3125800
2015-06-05,100.1500015258789,100.69999694824219,99.7699966430664,100.51000213623047,77.01188659667969,2692100
2015-06-08,100.5199966430664,100.58000183105469,99.20999908447266,99.2699966430664,76.06177520751953,2819900
2015-06-09,99.16000366210938,100.19000244140625,99.0199966430664,99.62000274658203,76.32996368408203,2348300
2015-06-10,99.94000244140625,100.81999969482422,99.5999984741211,100.45999908447266,76.97355651855469,2682400
2015-06-11,100.80999755859375,101.16000366210938,100.45999908447266,101.0,77.38731384277344,1899000
2015-06-12,100.48999786376953,100.97000122070312,99.69000244140625,100.05999755859375,76.6670913696289,2420400
2015-06-15,99.62000274658203,100.16999816894531,99.0,99.95999908447266,76.59044647216797,2152500
2015-06-16,99.93000030517578,100.47000122070312,98.81999969482422,100.3499984741211,76.8893051147461,3061900
2015-06-17,99.91000366210938,100.69999694824219,99.5,100.41999816894531,76.94290924072266,2846600
2015-06-18,100.48999786376953,101.68000030517578,100.48999786376953,101.4000015258789,77.69380950927734,2948900
2015-06-19,101.08000183105469,101.36000061035156,100.45999908447266,100.83999633789062,77.26472473144531,3600600
2015-06-22,101.16000366210938,101.68000030517578,101.02999877929688,101.38999938964844,77.68612670898438,3236200
2015-06-23,101.29000091552734,101.68000030517578,100.58999633789062,100.75,77.19573211669922,1493300
2015-06-24,100.69999694824219,100.80000305175781,99.01000213623047,99.38999938964844,76.15369415283203,2565500
2015-06-25,99.37000274658203,99.76000213623047,98.86000061035156,98.94000244140625,75.80892181396484,2227900
2015-06-26,99.43000030517578,99.70999908447266,99.02999877929688,99.3499984741211,76.12306213378906,2782500
2015-06-29,98.70999908447266,99.0,97.23999786376953,97.30999755859375,74.55997467041016,3507600
2015-06-30,98.26000213623047,98.26000213623047,96.80999755859375,96.91000366210938,74.25353240966797,3059400
2015-07-01,97.5199966430664,97.94000244140625,96.5199966430664,96.94000244140625,74.2764892578125,2893300
2015-07-02,97.22000122070312,97.36000061035156,96.80000305175781,97.19999694824219,74.47570037841797,1836000
2015-07-06,96.58000183105469,97.41999816894531,96.1500015258789,96.66000366210938,74.06196594238281,2721000
2015-07-07,96.95999908447266,97.52999877929688,96.0999984741211,97.5,74.70559692382812,3755900
2015-07-08,96.81999969482422,96.91000366210938,95.27999877929688,95.48999786376953,73.16548156738281,2782300
2015-07-09,96.58000183105469,96.81999969482422,95.72000122070312,95.75,73.3647232055664,2042100
2015-07-10,97.01000213623047,97.31999969482422,96.62999725341797,96.95999908447266,74.29183197021484,1951700
2015-07-13,97.62000274658203,97.94000244140625,97.05999755859375,97.76000213623047,74.90477752685547,2489900
2015-07-14,97.9000015258789,98.11000061035156,97.2699966430664,97.87000274658203,74.98907470703125,2419200
2015-07-15,97.91000366210938,97.95999908447266,96.98999786376953,97.18000030517578,74.46039581298828,2092900
2015-07-16,97.87000274658203,97.9800033569336,97.37000274658203,97.4800033569336,74.69025421142578,1548400
2015-07-17,97.16999816894531,98.12000274658203,97.05999755859375,97.5999984741211,74.78218841552734,2653400
2015-07-20,97.5999984741211,97.87000274658203,97.30000305175781,97.58999633789062,74.7745361328125,1777000
2015-07-21,97.62999725341797,98.63999938964844,97.56999969482422,97.95999908447266,75.05802154541016,2178900
2015-07-22,98.43000030517578,98.62999725341797,96.83000183105469,97.2300033569336,74.49870300292969,2691000
2015-07-23,97.6500015258789,97.6500015258789,95.81999969482422,96.11000061035156,73.64053344726562,1940400
2015-07-24,96.06999969482422,96.06999969482422,94.5199966430664,94.75,72.59847259521484,2959700
2015-07-27,94.5,95.2300033569336,94.1500015258789,95.12000274658203,72.88201904296875,3628300
2015-07-28,97.88999938964844,100.47000122070312,97.83000183105469,99.94000244140625,76.57512664794922,7592900
2015-07-29,100.36000061035156,101.94999694824219,100.20999908447266,100.88999938964844,77.30305480957031,5563700
2015-07-30,100.4000015258789,101.54000091552734,100.2699966430664,101.4000015258789,77.69380950927734,2871000
2015-07-31,101.91000366210938,102.76000213623047,101.56999969482422,102.36000061035156,78.4293441772461,4222900
2015-08-03,102.48999786376953,103.1500015258789,101.9000015258789,102.75,78.72818756103516,2756900
2015-08-04,102.91999816894531,103.12000274658203,102.2300033569336,102.63999938964844,78.64389038085938,2431500
2015-08-05,103.05000305175781,104.06999969482422,102.94000244140625,102.94000244140625,78.87376403808594,3196700
2015-08-06,103.12000274658203,103.22000122070312,102.19999694824219,102.43000030517578,78.48297119140625,2043100
2015-08-07,102.33000183105469,102.4000015258789,101.5,102.13999938964844,78.26080322265625,2982900
2015-08-10,102.7699966430664,103.4800033569336,102.7699966430664,103.43000030517578,79.24919891357422,2690800
2015-08-11,102.62999725341797,103.47000122070312,102.52999877929688,102.98999786376953,78.91206359863281,3465200
2015-08-12,102.55999755859375,103.12000274658203,101.55000305175781,102.81999969482422,78.78181457519531,3762500
2015-08-13,101.94999694824219,102.38999938964844,101.5,101.83999633789062,78.58888244628906,1829900
2015-08-14,101.73999786376953,102.76000213623047,101.37999725341797,102.7300033569336,79.27570343017578,2278800
2015-08-17,102.23999786376953,102.91999816894531,101.54000091552734,102.9000015258789,79.40687561035156,2181600
2015-08-18,102.9800033569336,102.9800033569336,102.33999633789062,102.76000213623047,79.2988510131836,2080900
2015-08-19,102.36000061035156,103.0,101.69999694824219,102.30999755859375,78.95158386230469,2119900
2015-08-20,101.37999725341797,101.95999908447266,101.05000305175781,101.05000305175781,77.97926330566406,3779400
2015-08-21,100.16000366210938,100.87999725341797,98.72000122070312,99.13999938964844,76.50534057617188,6566500
2015-08-24,94.72000122070312,97.44999694824219,94.0,95.51000213623047,73.70409393310547,7929500
2015-08-25,97.55000305175781,97.91000366210938,94.41000366210938,94.45999908447266,72.8938217163086,6023000
2015-08-26,95.61000061035156,96.7699966430664,93.63999938964844,96.62999725341797,74.5683822631836,5886900
2015-08-27,97.48999786376953,99.23999786376953,97.4000015258789,99.1500015258789,76.51306915283203,4739800
2015-08-28,98.62999725341797,99.08999633789062,97.88999938964844,98.63999938964844,76.11947631835938,2778400
2015-08-31,98.27999877929688,98.30000305175781,97.5,97.6500015258789,75.35551452636719,2892700
2015-09-01,95.80999755859375,96.76000213623047,94.80000305175781,95.19999694824219,73.46487426757812,5168600
2015-09-02,96.29000091552734,96.7300033569336,95.18000030517578,96.70999908447266,74.630126953125,3578900
2015-09-03,97.19000244140625,97.44999694824219,96.41999816894531,96.7699966430664,74.67642974853516,3320200
2015-09-04,95.19000244140625,95.91000366210938,94.6500015258789,95.30000305175781,73.54205322265625,3334000
2015-09-08,96.83000183105469,97.9800033569336,96.33999633789062,97.93000030517578,75.57158660888672,2857800
2015-09-09,98.6500015258789,98.86000061035156,96.88999938964844,97.05000305175781,74.89250946044922,2773200
2015-09-10,97.05000305175781,97.54000091552734,96.4800033569336,96.81999969482422,74.71501922607422,2928200
2015-09-11,96.47000122070312,97.19000244140625,96.19000244140625,97.18000030517578,74.9928207397461,2129000
2015-09-14,97.26000213623047,97.38999938964844,96.5199966430664,97.01000213623047,74.86163330078125,1788100
2015-09-15,97.9000015258789,100.80000305175781,97.66000366210938,100.5199966430664,77.57025909423828,5206700
2015-09-16,99.94999694824219,100.30999755859375,98.94999694824219,100.08000183105469,77.23072052001953,3237200
2015-09-17,100.37000274658203,101.79000091552734,99.86000061035156,100.62000274658203,77.64743041992188,3879700
2015-09-18,99.91000366210938,99.94999694824219,98.08000183105469,98.31999969482422,75.87254333496094,5127500
2015-09-21,98.48999786376953,99.72000122070312,98.23999786376953,99.6500015258789,76.89888763427734,3044700
2015-09-22,98.48999786376953,99.27999877929688,98.05000305175781,98.51000213623047,76.01917266845703,3606800
2015-09-23,98.3499984741211,98.48999786376953,97.56999969482422,97.56999969482422,75.29378509521484,3395600
2015-09-24,97.19000244140625,97.94000244140625,96.55999755859375,97.5,75.23977661132812,3826000
2015-09-25,98.08000183105469,99.52999877929688,97.68000030517578,98.76000213623047,76.21208190917969,3294200
2015-09-28,97.91999816894531,98.4800033569336,97.19000244140625,97.2699966430664,75.06229400634766,2499000
2015-09-29,97.23999786376953,98.30999755859375,96.93000030517578,98.13999938964844,75.733642578125,2616000
2015-09-30,98.94999694824219,99.30000305175781,97.9800033569336,98.69000244140625,76.1580581665039,2985000
2015-10-01,99.0,99.11000061035156,97.81999969482422,98.58000183105469,76.07318878173828,3053300
2015-10-02,97.05999755859375,99.37999725341797,96.95999908447266,99.37999725341797,76.6905517578125,3554600
2015-10-05,99.75,101.98999786376953,99.75,101.52999877929688,78.34967803955078,3088100
2015-10-06,101.9000015258789,101.94000244140625,100.80999755859375,101.43000030517578,78.27249908447266,2339000
2015-10-07,101.98999786376953,102.9800033569336,101.44000244140625,102.23999786376953,78.8975830078125,2901800
2015-10-08,102.20999908447266,103.54000091552734,102.06999969482422,103.37999725341797,79.77728271484375,2689600
2015-10-09,103.37999725341797,104.18000030517578,103.29000091552734,103.68000030517578,80.00879669189453,2418200
2015-10-12,103.58000183105469,104.41000366210938,103.3499984741211,104.41000366210938,80.57215118408203,1792500
2015-10-13,103.6500015258789,104.58999633789062,103.27999877929688,103.30000305175781,79.715576171875,3060800
2015-10-14,103.3499984741211,103.63999938964844,102.55000305175781,102.86000061035156,79.37602233886719,2227500
2015-10-15,103.3499984741211,103.9800033569336,102.91999816894531,103.80000305175781,80.10140991210938,2847400
2015-10-16,104.05999755859375,104.19000244140625,103.33999633789062,103.94999694824219,80.21717071533203,2083200
2015-10-19,103.55000305175781,104.31999969482422,103.55000305175781,104.26000213623047,80.45638275146484,2296800
2015-10-20,103.98999786376953,104.7699966430664,103.8499984741211,104.55999755859375,80.68789672851562,2248700
2015-10-21,104.81999969482422,106.41999816894531,104.81999969482422,105.26000213623047,81.22807312011719,3286500
2015-10-22,105.80999755859375,106.62000274658203,105.6500015258789,106.43000030517578,82.13096618652344,3570200
2015-10-23,107.25,107.25,105.47000122070312,106.80000305175781,82.4164810180664,4060200
2015-10-26,106.94000244140625,107.31999969482422,105.95999908447266,106.18000030517578,81.93804168701172,3486800
2015-10-27,102.79000091552734,104.55999755859375,101.95999908447266,103.0999984741211,79.56122589111328,5144600
2015-10-28,103.19000244140625,103.4000015258789,101.7699966430664,102.62999725341797,79.19851684570312,3542700
2015-10-29,102.7699966430664,103.62000274658203,102.38999938964844,103.47000122070312,79.84674835205078,2762500
2015-10-30,103.47000122070312,103.7699966430664,102.93000030517578,103.0199966430664,79.49948120117188,3232500
2015-11-02,103.01000213623047,104.7300033569336,103.0,104.56999969482422,80.69562530517578,2648200
2015-11-03,104.27999877929688,105.02999877929688,103.7300033569336,104.4800033569336,80.62618255615234,2785900
2015-11-04,104.63999938964844,104.76000213623047,103.72000122070312,104.0,80.2557601928711,2817500
2015-11-05,104.12000274658203,104.6500015258789,103.70999908447266,104.2300033569336,80.43324279785156,2540900
2015-11-06,103.7699966430664,105.02999877929688,103.37000274658203,104.98999786376953,81.01972198486328,2877700
2015-11-09,104.5,104.7699966430664,103.5,104.01000213623047,80.26348114013672,3416800
2015-11-10,103.9800033569336,104.91999816894531,103.58999633789062,104.33999633789062,80.51814270019531,2148900
2015-11-11,104.58999633789062,105.37000274658203,103.94999694824219,104.80000305175781,80.87309265136719,2581000
2015-11-12,103.48999786376953,103.6500015258789,102.44999694824219,102.5999984741211,79.73077392578125,3296100
2015-11-13,103.13999938964844,103.13999938964844,101.43000030517578,101.77999877929688,79.0935287475586,3114400
2015-11-16,101.70999908447266,103.18000030517578,101.63999938964844,103.13999938964844,80.15039825439453,2226500
2015-11-17,103.3499984741211,104.23999786376953,102.81999969482422,103.13999938964844,80.15039825439453,2098200
2015-11-18,103.22000122070312,103.86000061035156,102.5999984741211,103.68000030517578,80.57002258300781,2141600
2015-11-19,104.0,104.69000244140625,103.63999938964844,104.0999984741211,80.8963851928711,1552700
2015-11-20,104.58000183105469,105.0,103.94000244140625,104.0999984741211,80.8963851928711,2646800
2015-11-23,104.12999725341797,104.58999633789062,103.2699966430664,103.58999633789062,80.5000991821289,2290400
2015-11-24,103.06999969482422,103.73999786376953,102.66999816894531,103.4000015258789,80.35245513916016,1557700
2015-11-25,103.36000061035156,103.6500015258789,103.04000091552734,103.48999786376953,80.42237091064453,1354700
2015-11-27,103.79000091552734,104.41000366210938,103.70999908447266,104.18000030517578,80.95858764648438,954100
2015-11-30,104.05000305175781,104.4000015258789,103.0,103.01000213623047,80.04938507080078,3998700
2015-12-01,103.45999908447266,104.5,103.1500015258789,104.37999725341797,81.11400604248047,3424200
2015-12-02,103.7300033569336,103.93000030517578,103.04000091552734,103.30000305175781,80.27473449707031,3577100
2015-12-03,103.44000244140625,103.7300033569336,101.9000015258789,102.29000091552734,79.4898452758789,3927900
2015-12-04,102.44000244140625,103.38999938964844,102.20999908447266,103.26000213623047,80.24364471435547,3560900
2015-12-07,103.0,103.26000213623047,101.91999816894531,102.44999694824219,79.61418914794922,2521500
2015-12-08,101.70999908447266,101.98999786376953,100.80000305175781,101.16000366210938,78.61172485351562,3738100
2015-12-09,101.12000274658203,101.94000244140625,100.08999633789062,100.45999908447266,78.0677490234375,3118900
2015-12-10,100.55000305175781,101.41000366210938,100.37000274658203,100.44999694824219,78.05998992919922,3232400
2015-12-11,98.80000305175781,99.0,97.26000213623047,97.45999908447266,75.73644256591797,5746600
2015-12-14,97.45999908447266,97.91000366210938,95.81999969482422,97.87000274658203,76.05506896972656,4132600
2015-12-15,98.54000091552734,99.56999969482422,98.12000274658203,98.9000015258789,76.85547637939453,3434200
2015-12-16,99.58999633789062,100.86000061035156,99.18000030517578,100.51000213623047,78.10661315917969,3483100
2015-12-17,102.4000015258789,102.45999908447266,99.9800033569336,100.0,77.71029663085938,4792100
2015-12-18,98.91999816894531,99.08999633789062,96.9000015258789,98.0,76.15607452392578,7053500
2015-12-21,98.51000213623047,98.80000305175781,96.33999633789062,96.88999938964844,75.29348754882812,3311100
2015-12-22,97.55000305175781,98.30000305175781,96.61000061035156,98.0,76.15607452392578,2458600
2015-12-23,97.4800033569336,97.69000244140625,96.87999725341797,97.23999786376953,75.56547546386719,4812200
2015-12-24,96.98999786376953,97.70999908447266,96.69000244140625,97.33999633789062,75.6432113647461,1497600
2015-12-28,97.1500015258789,97.2699966430664,96.30000305175781,97.0,75.37897491455078,2274600
2015-12-29,97.30999755859375,97.86000061035156,97.16000366210938,97.72000122070312,75.93850708007812,1688900
2015-12-30,97.5,97.70999908447266,97.02999877929688,97.08999633789062,75.44891357421875,1727300
2015-12-31,96.9000015258789,97.05999755859375,96.01000213623047,96.2300033569336,74.78062438964844,2178600
2016-01-04,95.33999633789062,95.4000015258789,94.05999755859375,94.83999633789062,73.70043182373047,3730800
2016-01-05,94.83999633789062,96.0999984741211,94.5199966430664,95.77999877929688,74.43094635009766,2839600
2016-01-06,94.88999938964844,95.54000091552734,94.0999984741211,94.41999816894531,73.37405395507812,2443000
2016-01-07,93.02999877929688,93.97000122070312,92.2699966430664,92.5999984741211,71.95973205566406,3790800
2016-01-08,92.83999633789062,93.0,91.20999908447266,91.38999938964844,71.01943969726562,3941100
2016-01-11,91.77999877929688,91.94000244140625,90.70999908447266,91.66000366210938,71.22926330566406,3484000
2016-01-12,91.66000366210938,93.0999984741211,91.66000366210938,93.0,72.27056884765625,4436200
2016-01-13,93.31999969482422,93.7699966430664,90.0999984741211,90.61000061035156,70.4133071899414,4274500
2016-01-14,90.80999755859375,91.88999938964844,89.5999984741211,91.1500015258789,70.83294677734375,4001900
2016-01-15,89.56999969482422,90.11000061035156,88.41999816894531,90.04000091552734,69.9703598022461,5459500
2016-01-19,90.83999633789062,91.44999694824219,89.58000183105469,90.3499984741211,70.21125793457031,3772000
2016-01-20,89.05999755859375,89.4000015258789,87.30000305175781,88.69999694824219,68.92903900146484,4836900
2016-01-21,88.80999755859375,90.19000244140625,87.91999816894531,89.06999969482422,69.21656799316406,3467600
2016-01-22,90.2699966430664,90.69000244140625,89.30999755859375,89.9000015258789,69.86155700683594,2866000
2016-01-25,89.97000122070312,90.26000213623047,89.16000366210938,89.41999816894531,69.48854064941406,2069800
2016-01-26,89.91999816894531,91.31999969482422,89.87999725341797,90.93000030517578,70.6619644165039,2307700
2016-01-27,91.01000213623047,92.13999938964844,90.37000274658203,90.87000274658203,70.6153335571289,3333900
2016-01-28,90.97000122070312,91.61000061035156,90.26000213623047,91.0,70.71635437011719,2286100
2016-01-29,91.62999725341797,93.25,91.62999725341797,93.19999694824219,72.42598724365234,5220900
2016-02-01,92.04000091552734,94.5,92.04000091552734,94.08000183105469,73.10983276367188,5521800
2016-02-02,95.11000061035156,96.0,94.01000213623047,94.69000244140625,73.58386993408203,7634600
2016-02-03,95.2300033569336,95.7300033569336,93.97000122070312,95.33000183105469,74.08122253417969,4857500
2016-02-04,95.33000183105469,97.0,95.16999816894531,96.25,74.79615020751953,5545600
2016-02-05,95.87000274658203,96.68000030517578,95.08000183105469,95.37000274658203,74.1123046875,4273300
2016-02-08,94.38999938964844,97.41999816894531,94.31999969482422,97.30000305175781,75.61212921142578,4545100
2016-02-09,96.3499984741211,98.91000366210938,96.30999755859375,97.52999877929688,75.79084777832031,5427500
2016-02-10,97.54000091552734,98.0,95.88999938964844,96.12000274658203,74.69514465332031,3634400
2016-02-11,94.5999984741211,95.69999694824219,94.22000122070312,95.08999633789062,73.89468383789062,3897000
2016-02-12,96.25,97.31999969482422,95.91000366210938,97.25,75.5732650756836,3266700
2016-02-16,97.91000366210938,99.0199966430664,97.51000213623047,98.55999755859375,76.59127044677734,3205700
2016-02-17,98.80999755859375,99.5,98.27999877929688,98.30000305175781,76.38921356201172,3004300
2016-02-18,97.81999969482422,98.05000305175781,97.23999786376953,97.45999908447266,76.34220886230469,2654700
2016-02-19,97.22000122070312,97.48999786376953,96.48999786376953,97.37000274658203,76.27171325683594,2313000
2016-02-22,97.37000274658203,98.91000366210938,97.37000274658203,98.0199966430664,76.78087615966797,2574300
2016-02-23,97.11000061035156,97.22000122070312,96.01000213623047,96.97000122070312,75.95838928222656,3699700
2016-02-24,96.19000244140625,97.02999877929688,95.33000183105469,96.87000274658203,75.88005828857422,2366700
2016-02-25,97.16000366210938,97.8499984741211,96.4800033569336,97.72000122070312,76.54589080810547,2146400
2016-02-26,97.97000122070312,98.5199966430664,97.41000366210938,97.44000244140625,76.32654571533203,2372900
2016-02-29,97.44000244140625,97.70999908447266,96.51000213623047,96.55000305175781,75.62937927246094,3124000
2016-03-01,97.43000030517578,98.44999694824219,97.02999877929688,98.36000061035156,77.0472183227539,2666900
2016-03-02,98.08999633789062,98.97000122070312,98.06999969482422,98.7699966430664,77.3683853149414,2605000
2016-03-03,98.44000244140625,99.7699966430664,98.3499984741211,99.62000274658203,78.03419494628906,2541400
2016-03-04,99.55000305175781,101.22000122070312,99.51000213623047,100.4000015258789,78.64517974853516,3789700
2016-03-07,99.95999908447266,101.37000274658203,99.7699966430664,101.30000305175781,79.35015106201172,3349700
2016-03-08,100.54000091552734,101.63999938964844,100.37000274658203,100.62000274658203,78.81749725341797,2985100
2016-03-09,99.5,100.1500015258789,98.88999938964844,99.55999755859375,77.98719024658203,3442800
2016-03-10,100.05999755859375,100.05999755859375,98.8499984741211,99.87000274658203,78.23001098632812,2455200
2016-03-11,100.16999816894531,101.0999984741211,100.16999816894531,100.81999969482422,78.97415161132812,2315100
2016-03-14,100.55999755859375,101.5999984741211,100.4800033569336,101.29000091552734,79.34233093261719,2097100
2016-03-15,100.97000122070312,101.54000091552734,100.58999633789062,101.41999816894531,79.44415283203125,1796300
2016-03-16,101.19999694824219,102.12999725341797,100.69999694824219,101.66999816894531,79.6399917602539,2252200
2016-03-17,103.12999725341797,104.37999725341797,102.5999984741211,103.75,81.26927185058594,4641200
2016-03-18,103.9000015258789,105.41000366210938,103.83000183105469,104.98999786376953,82.2406005859375,4963700
2016-03-21,104.62000274658203,105.47000122070312,104.43000030517578,105.1500015258789,82.36592102050781,2789700
2016-03-22,104.45999908447266,105.31999969482422,104.30999755859375,104.86000061035156,82.13875579833984,2482600
2016-03-23,104.73999786376953,105.20999908447266,104.55999755859375,104.87999725341797,82.1544189453125,2210400
2016-03-24,104.33000183105469,105.48999786376953,104.30999755859375,105.43000030517578,82.58525848388672,1996700
2016-03-28,105.37999725341797,105.56999969482422,104.87999725341797,105.05999755859375,82.2954330444336,1930900
2016-03-29,104.91999816894531,106.30000305175781,104.62000274658203,106.0999984741211,83.11007690429688,1988400
2016-03-30,106.36000061035156,106.61000061035156,105.66999816894531,105.7300033569336,82.82024383544922,2277700
2016-03-31,105.6500015258789,105.9000015258789,105.26000213623047,105.47000122070312,82.61659240722656,3303900
2016-04-01,104.91999816894531,105.31999969482422,104.41000366210938,104.94999694824219,82.20925903320312,2764400
2016-04-04,105.04000091552734,105.73999786376953,104.6500015258789,104.87999725341797,82.1544189453125,2796200
2016-04-05,104.4000015258789,104.73999786376953,103.73999786376953,103.91999816894531,81.40245056152344,2178700
2016-04-06,104.0199966430664,104.83000183105469,103.47000122070312,104.66999816894531,81.98992919921875,2411100
2016-04-07,103.88999938964844,104.44999694824219,103.41000366210938,103.98999786376953,81.45729064941406,2107700
2016-04-08,104.4800033569336,105.31999969482422,104.04000091552734,104.30999755859375,81.70792388916016,1735100
2016-04-11,104.61000061035156,105.30999755859375,103.80000305175781,103.86000061035156,81.3554458618164,1922500
2016-04-12,104.06999969482422,105.62999725341797,104.0,105.2300033569336,82.4286117553711,2555700
2016-04-13,105.56999969482422,106.16000366210938,105.47000122070312,105.54000091552734,82.67142486572266,2000900
2016-04-14,105.62000274658203,105.9800033569336,104.80000305175781,105.08000183105469,82.31109619140625,2092000
2016-04-15,105.27999877929688,105.9800033569336,105.12999725341797,105.54000091552734,82.67142486572266,2668400
2016-04-18,105.51000213623047,106.26000213623047,105.08000183105469,106.18000030517578,83.17276763916016,1333400
2016-04-19,106.26000213623047,107.01000213623047,106.16999816894531,106.83999633789062,83.68974304199219,2032000
2016-04-20,106.94999694824219,107.20999908447266,106.13999938964844,106.16999816894531,83.16490173339844,1952800
2016-04-21,105.80000305175781,106.06999969482422,104.93000030517578,104.98999786376953,82.2406005859375,2187300
2016-04-22,105.4000015258789,106.0,105.19000244140625,105.5199966430664,82.65577697753906,2166400
2016-04-25,105.08999633789062,105.30999755859375,104.41999816894531,105.06999969482422,82.30325317382812,1732100
2016-04-26,105.33000183105469,106.3499984741211,105.30999755859375,106.2300033569336,83.21192169189453,2216300
2016-04-27,106.27999877929688,106.83000183105469,105.44999694824219,106.45999908447266,83.3920669555664,2871900
2016-04-28,105.0999984741211,106.54000091552734,104.05999755859375,104.91000366210938,82.17794036865234,4210000
2016-04-29,104.62999725341797,105.44000244140625,104.37000274658203,105.06999969482422,82.30325317382812,2516700
2016-05-02,105.31999969482422,105.5999984741211,104.58000183105469,104.76000213623047,82.06041717529297,2905300
2016-05-03,104.18000030517578,104.58000183105469,103.16000366210938,104.37999725341797,81.76277923583984,2171900
2016-05-04,103.63999938964844,104.0,103.0,103.11000061035156,80.76798248291016,2524800
2016-05-05,103.30000305175781,103.43000030517578,101.98999786376953,102.13999938964844,80.00814819335938,3945400
2016-05-06,102.37999725341797,102.66000366210938,100.63999938964844,102.11000061035156,79.98465728759766,3658500
2016-05-09,102.27999877929688,102.87999725341797,102.0,102.69000244140625,80.43896484375,2476200
2016-05-10,102.69000244140625,103.66999816894531,102.69000244140625,103.6500015258789,81.19095611572266,2346300
2016-05-11,103.83000183105469,104.06999969482422,102.44999694824219,102.44999694824219,80.25096893310547,2646500
2016-05-12,102.12000274658203,102.37000274658203,100.72000122070312,101.79000091552734,80.34569549560547,3391700
2016-05-13,101.66999816894531,102.1500015258789,100.12999725341797,100.66000366210938,79.4537582397461,2838500
2016-05-16,100.81999969482422,101.94999694824219,100.68000030517578,101.6500015258789,80.23519134521484,2113900
2016-05-17,101.58000183105469,102.3499984741211,100.72000122070312,101.08999633789062,79.79315948486328,2465100
2016-05-18,100.83999633789062,101.83000183105469,100.05000305175781,101.30000305175781,79.95891571044922,3444600
2016-05-19,100.75,101.86000061035156,100.45999908447266,101.29000091552734,79.95103454589844,2475700
2016-05-20,101.62999725341797,102.4000015258789,101.33999633789062,101.51000213623047,80.12468719482422,2917000
2016-05-23,101.77999877929688,101.80000305175781,101.01000213623047,101.08999633789062,79.79315948486328,2562500
2016-05-24,101.5,102.3499984741211,101.4800033569336,101.9800033569336,80.49568176269531,2444600
2016-05-25,102.1500015258789,102.66999816894531,102.1500015258789,102.30000305175781,80.7482681274414,1650500
2016-05-26,102.55000305175781,102.80000305175781,102.19999694824219,102.44999694824219,80.86663055419922,1835500
2016-05-27,102.80999755859375,103.31999969482422,102.61000061035156,102.9800033569336,81.28500366210938,1987700
2016-05-31,103.37999725341797,103.62000274658203,102.83999633789062,103.08999633789062,81.37179565429688,3200100
2016-06-01,103.08000183105469,103.0999984741211,102.33000183105469,102.88999938964844,81.2139663696289,1765400
2016-06-02,102.73999786376953,103.19999694824219,102.69000244140625,103.05000305175781,81.34024047851562,2229400
2016-06-03,102.62000274658203,103.25,101.94999694824219,103.12000274658203,81.39550018310547,2001900
2016-06-06,103.0,103.91999816894531,102.80999755859375,103.11000061035156,81.38761138916016,2172300
2016-06-07,103.25,104.47000122070312,103.11000061035156,103.87000274658203,81.98750305175781,1921000
2016-06-08,103.9000015258789,104.94999694824219,103.80999755859375,104.69000244140625,82.63475036621094,1908400
2016-06-09,104.18000030517578,105.0999984741211,104.11000061035156,104.97000122070312,82.85574340820312,1610900
2016-06-10,104.33000183105469,104.54000091552734,103.81999969482422,104.5199966430664,82.50054931640625,2640800
2016-06-13,104.44999694824219,104.73999786376953,103.61000061035156,103.63999938964844,81.80594635009766,2593700
2016-06-14,103.63999938964844,104.02999877929688,103.08999633789062,103.7300033569336,81.87699890136719,1916700
2016-06-15,104.13999938964844,104.66999816894531,103.86000061035156,103.88999938964844,82.0032730102539,2829300
2016-06-16,103.44999694824219,104.33999633789062,102.91000366210938,104.20999908447266,82.25585174560547,2653000
2016-06-17,104.25,105.05999755859375,104.0999984741211,105.0199966430664,82.89523315429688,3417200
2016-06-20,105.31999969482422,106.69999694824219,105.30999755859375,106.0999984741211,83.74768829345703,3223800
2016-06-21,106.33000183105469,106.94999694824219,105.93000030517578,106.66999816894531,84.19762420654297,3688100
2016-06-22,106.52999877929688,106.7699966430664,105.47000122070312,105.94999694824219,83.62928771972656,3590700
2016-06-23,106.7699966430664,107.58000183105469,106.63999938964844,107.22000122070312,84.63172912597656,3040500
2016-06-24,104.62000274658203,105.56999969482422,103.79000091552734,104.41000366210938,82.41372680664062,3627400
2016-06-27,103.4000015258789,103.87999725341797,102.52999877929688,103.7699966430664,81.9085693359375,3609400
2016-06-28,104.44999694824219,105.05000305175781,103.69999694824219,104.69000244140625,82.63475036621094,3198400
2016-06-29,105.51000213623047,106.68000030517578,105.30999755859375,106.33999633789062,83.9371337890625,2728600
2016-06-30,106.73999786376953,107.73999786376953,106.12999725341797,107.72000122070312,85.02642059326172,2673000
2016-07-01,107.5999984741211,108.55999755859375,107.33999633789062,108.36000061035156,85.53157043457031,2793400
2016-07-05,108.19999694824219,108.51000213623047,107.54000091552734,108.44999694824219,85.60261535644531,2823100
2016-07-06,108.30999755859375,108.48999786376953,106.68000030517578,107.72000122070312,85.02642059326172,3267500
2016-07-07,107.69000244140625,108.20999908447266,107.52999877929688,107.8499984741211,85.12903594970703,2343800
2016-07-08,108.44999694824219,109.8499984741211,108.44000244140625,109.5199966430664,86.44721221923828,2445700
2016-07-11,109.08999633789062,110.30999755859375,109.06999969482422,110.01000213623047,86.833984375,2239500
2016-07-12,110.5,110.73999786376953,109.87000274658203,110.29000091552734,87.05497741699219,2370400
2016-07-13,110.33000183105469,110.9000015258789,109.9800033569336,110.79000091552734,87.44963073730469,1792800
2016-07-14,111.37000274658203,111.83000183105469,110.98999786376953,111.5,88.01006317138672,2514500
2016-07-15,111.80000305175781,111.80000305175781,110.70999908447266,111.02999877929688,87.63909149169922,2280500
2016-07-18,111.02999877929688,111.37999725341797,110.62000274658203,110.9000015258789,87.53648376464844,1964400
2016-07-19,110.5999984741211,110.79000091552734,110.27999877929688,110.63999938964844,87.33125305175781,1431900
2016-07-20,110.69999694824219,110.94999694824219,110.33000183105469,110.58999633789062,87.2917709350586,1329300
2016-07-21,110.37000274658203,110.5,109.58999633789062,109.88999938964844,86.73924255371094,1198600
2016-07-22,109.7699966430664,110.47000122070312,109.56999969482422,110.36000061035156,87.1102294921875,2012400
2016-07-25,110.19999694824219,110.41999816894531,109.91000366210938,110.0999984741211,86.9050064086914,1323600
2016-07-26,110.25,110.43000030517578,109.81999969482422,110.37000274658203,87.11813354492188,1404100
2016-07-27,110.11000061035156,110.4800033569336,108.66000366210938,108.80000305175781,85.87887573242188,4763800
2016-07-28,108.2699966430664,109.01000213623047,108.20999908447266,108.7300033569336,85.82362365722656,4481700
2016-07-29,107.0,108.44000244140625,105.95999908447266,108.0999984741211,85.32635498046875,3993900
2016-08-01,108.13999938964844,108.55999755859375,107.62999725341797,108.01000213623047,85.25531005859375,2834700
2016-08-02,107.91000366210938,108.12999725341797,106.91999816894531,107.45999908447266,84.82117462158203,2440300
2016-08-03,107.4000015258789,108.37000274658203,107.4000015258789,108.29000091552734,85.47632598876953,2335000
2016-08-04,108.38999938964844,109.0,107.77999877929688,107.83999633789062,85.12113189697266,2196000
2016-08-05,108.06999969482422,108.91000366210938,107.94000244140625,108.79000091552734,85.87100219726562,2413000
2016-08-08,109.08999633789062,109.41000366210938,108.55999755859375,108.95999908447266,86.00516510009766,2037000
2016-08-09,109.06999969482422,110.0,109.0,109.6500015258789,86.5498046875,1790400
2016-08-10,109.62000274658203,110.0,109.38999938964844,109.87999725341797,86.73135375976562,1519500
2016-08-11,109.94000244140625,111.02999877929688,109.9000015258789,110.9000015258789,87.53648376464844,2786800
2016-08-12,109.97000122070312,110.05999755859375,109.62000274658203,109.91000366210938,87.36953735351562,1700600
2016-08-15,110.04000091552734,110.75,109.80999755859375,109.8499984741211,87.32184600830078,1548800
2016-08-16,109.33999633789062,109.97000122070312,109.33999633789062,109.80999755859375,87.29005432128906,1267300
2016-08-17,109.80999755859375,110.30999755859375,109.5199966430664,110.23999786376953,87.63185119628906,1542700
2016-08-18,110.02999877929688,110.5199966430664,109.97000122070312,110.48999786376953,87.83059692382812,1833400
2016-08-19,110.41999816894531,110.73999786376953,110.08000183105469,110.56999969482422,87.89415740966797,1613300
2016-08-22,110.37999725341797,110.37999725341797,109.66999816894531,109.83000183105469,87.30595397949219,2061500
2016-08-23,109.83000183105469,110.23999786376953,109.4000015258789,109.44000244140625,86.99593353271484,2150000
2016-08-24,109.45999908447266,109.7699966430664,109.05999755859375,109.63999938964844,87.15492248535156,2774100
2016-08-25,109.69000244140625,109.69000244140625,109.0199966430664,109.33000183105469,86.90848541259766,1845000
2016-08-26,109.22000122070312,109.81999969482422,108.58999633789062,108.94999694824219,86.60641479492188,1922900
2016-08-29,109.25,109.37000274658203,108.91000366210938,109.12000274658203,86.74154663085938,1924600
2016-08-30,109.29000091552734,109.58000183105469,109.04000091552734,109.37999725341797,86.9482192993164,1360100
2016-08-31,109.05999755859375,109.41000366210938,108.68000030517578,109.22000122070312,86.8210220336914,2272800
2016-09-01,109.51000213623047,110.0,109.13999938964844,109.5,87.04361724853516,2739200
2016-09-02,110.29000091552734,110.41999816894531,109.19000244140625,109.58999633789062,87.11515808105469,1920300
2016-09-06,109.5199966430664,109.52999877929688,108.76000213623047,109.5,87.04361724853516,1789600
2016-09-07,109.37999725341797,109.66000366210938,109.02999877929688,109.4800033569336,87.02772521972656,1517800
2016-09-08,109.2300033569336,109.45999908447266,108.94000244140625,108.94000244140625,86.59846496582031,2524900
2016-09-09,108.44000244140625,109.0,107.61000061035156,107.62999725341797,85.55709838867188,3533700
2016-09-12,107.3499984741211,108.9000015258789,107.11000061035156,108.55000305175781,86.28845977783203,2718400
2016-09-13,107.73999786376953,107.7699966430664,106.52999877929688,106.86000061035156,84.94505310058594,3023600
2016-09-14,106.06999969482422,107.33999633789062,106.06999969482422,106.86000061035156,84.94505310058594,1955300
2016-09-15,106.62999725341797,107.31999969482422,106.41000366210938,107.08000183105469,85.11991882324219,2134200
2016-09-16,106.62000274658203,107.19999694824219,106.16000366210938,106.86000061035156,84.94505310058594,3618600
2016-09-19,107.16000366210938,107.72000122070312,106.94999694824219,107.12000274658203,85.15171813964844,2168900
2016-09-20,107.58999633789062,108.72000122070312,107.58999633789062,108.3499984741211,86.12945556640625,3242400
2016-09-21,109.16000366210938,109.9000015258789,108.66999816894531,109.66000366210938,87.17082214355469,2937500
2016-09-22,110.0199966430664,110.72000122070312,109.51000213623047,109.66999816894531,87.17875671386719,2693800
2016-09-23,109.52999877929688,109.93000030517578,109.19999694824219,109.20999908447266,86.8130874633789,1651600
2016-09-26,109.08999633789062,109.27999877929688,108.62999725341797,108.83999633789062,86.51896667480469,2360800
2016-09-27,108.86000061035156,110.2300033569336,108.51000213623047,110.01000213623047,87.44904327392578,2466000
2016-09-28,109.76000213623047,109.79000091552734,108.66000366210938,109.25,86.84487915039062,2752700
2016-09-29,109.36000061035156,109.54000091552734,108.19999694824219,108.20999908447266,86.01817321777344,2473400
2016-09-30,108.81999969482422,109.79000091552734,108.62999725341797,109.36000061035156,86.93235778808594,2952500
2016-10-03,109.36000061035156,109.36000061035156,108.30999755859375,109.18000030517578,86.78924560546875,1445300
2016-10-04,109.19000244140625,109.41000366210938,108.22000122070312,108.5199966430664,86.26459503173828,1742000
2016-10-05,108.5199966430664,109.52999877929688,108.38999938964844,109.16000366210938,86.77335357666016,3019100
2016-10-06,108.91000366210938,109.45999908447266,108.6500015258789,109.12000274658203,86.74154663085938,1861600
2016-10-07,109.04000091552734,109.36000061035156,108.4800033569336,108.80000305175781,86.48716735839844,1443000
2016-10-10,109.27999877929688,109.61000061035156,108.95999908447266,109.05000305175781,86.68592071533203,1307700
2016-10-11,108.9000015258789,109.43000030517578,108.30000305175781,108.69999694824219,86.4076919555664,1944400
2016-10-12,109.02999877929688,109.05999755859375,108.44000244140625,108.73999786376953,86.43949890136719,1483900
2016-10-13,108.19000244140625,108.72000122070312,107.36000061035156,108.30000305175781,86.08971405029297,2088600
2016-10-14,108.70999908447266,109.05999755859375,108.41000366210938,108.41999816894531,86.18511199951172,1566000
2016-10-17,108.30999755859375,108.7699966430664,107.91000366210938,108.02999877929688,85.87508392333984,1759900
2016-10-18,108.44999694824219,108.97000122070312,108.05000305175781,108.12999725341797,85.95460510253906,1692300
2016-10-19,108.2300033569336,108.52999877929688,107.80000305175781,108.05000305175781,85.89098358154297,1991400
2016-10-20,107.91000366210938,107.91000366210938,107.19000244140625,107.4000015258789,85.37429809570312,1946100
2016-10-21,106.73999786376953,107.22000122070312,106.38999938964844,107.16000366210938,85.18350982666016,2816400
2016-10-24,107.81999969482422,108.5199966430664,107.75,108.44999694824219,86.20895385742188,1808300
2016-10-25,108.41000366210938,108.7300033569336,107.77999877929688,107.83999633789062,85.72406005859375,2242500
2016-10-26,107.5999984741211,109.04000091552734,107.58999633789062,108.61000061035156,86.33613586425781,3310100
2016-10-27,109.25,109.25,105.87000274658203,108.08000183105469,85.91484832763672,3532000
2016-10-28,108.30000305175781,108.45999908447266,106.98999786376953,107.69999694824219,85.61277770996094,2397500
2016-10-31,108.08000183105469,108.19999694824219,107.52999877929688,107.76000213623047,85.66046142578125,2328700
2016-11-01,108.0199966430664,108.02999877929688,106.16000366210938,106.83999633789062,84.92915344238281,2906600
2016-11-02,106.91999816894531,107.41999816894531,106.5999984741211,106.9000015258789,84.97683715820312,2568900
2016-11-03,107.22000122070312,108.16999816894531,106.68000030517578,107.4800033569336,85.4378662109375,2245500
2016-11-04,107.38999938964844,108.05000305175781,106.88999938964844,106.94000244140625,85.0086441040039,2559300
2016-11-07,107.95999908447266,109.80000305175781,107.95999908447266,109.80000305175781,87.2820816040039,3615400
2016-11-08,109.61000061035156,112.87999725341797,109.51000213623047,112.02999877929688,89.05477142333984,5834300
2016-11-09,110.33000183105469,112.69999694824219,110.23999786376953,112.69999694824219,90.21548461914062,6744000
2016-11-10,112.91000366210938,114.11000061035156,112.81999969482422,113.30999755859375,90.70378112792969,4532600
2016-11-11,113.12999725341797,114.30999755859375,113.0,114.2300033569336,91.44023895263672,3092600
2016-11-14,114.51000213623047,114.75,112.83999633789062,112.91000366210938,90.38359069824219,3396800
2016-11-15,113.0199966430664,113.33000183105469,112.1500015258789,113.18000030517578,90.59972381591797,3690800
2016-11-16,113.18000030517578,113.38999938964844,112.36000061035156,112.80999755859375,90.30354309082031,2297800
2016-11-17,112.91999816894531,113.55999755859375,112.51000213623047,113.48999786376953,90.84785461425781,1621400
2016-11-18,113.7300033569336,114.30999755859375,113.25,114.08999633789062,91.32816314697266,1992400
2016-11-21,114.08999633789062,114.7300033569336,113.62000274658203,114.69999694824219,91.81645965576172,1942500
2016-11-22,114.94000244140625,115.0,114.4000015258789,114.62999725341797,91.76044464111328,1987300
2016-11-23,114.8499984741211,115.75,114.8499984741211,115.68000030517578,92.60094451904297,1855400
2016-11-25,115.79000091552734,116.38999938964844,115.7699966430664,116.26000213623047,93.06524658203125,1077600
2016-11-28,116.26000213623047,116.47000122070312,115.44999694824219,115.69000244140625,92.60895538330078,2659100
2016-11-29,115.94000244140625,116.4800033569336,115.7699966430664,116.27999877929688,93.08123779296875,2772400
2016-11-30,116.45999908447266,116.95999908447266,115.91999816894531,115.91999816894531,92.79306030273438,3353600
2016-12-01,116.04000091552734,116.76000213623047,115.87999725341797,116.43000030517578,93.20130920410156,2485200
2016-12-02,116.69000244140625,117.01000213623047,116.0,116.3499984741211,93.13726806640625,2088700
2016-12-05,116.91000366210938,116.94999694824219,116.36000061035156,116.55999755859375,93.30538177490234,2310000
2016-12-06,116.5,116.72000122070312,116.02999877929688,116.54000091552734,93.28938293457031,1755400
2016-12-07,116.2699966430664,118.79000091552734,116.2699966430664,118.62000274658203,94.95438385009766,2539300
2016-12-08,119.0,119.2699966430664,118.1500015258789,118.9800033569336,95.24256896972656,2157800
2016-12-09,118.91000366210938,119.79000091552734,118.44000244140625,119.5999984741211,95.73886108398438,3196800
2016-12-12,119.41000366210938,120.44000244140625,119.33000183105469,120.12999725341797,96.16314697265625,2760200
2016-12-13,120.33000183105469,120.43000030517578,119.36000061035156,120.16000366210938,96.1871337890625,3123400
2016-12-14,119.8499984741211,119.91999816894531,116.93000030517578,117.26000213623047,93.86573028564453,4983900
2016-12-15,117.20999908447266,117.87999725341797,116.44000244140625,117.27999877929688,93.88172149658203,3045700
2016-12-16,117.37999725341797,117.52999877929688,115.08999633789062,115.80999755859375,92.70500946044922,5543300
2016-12-19,116.26000213623047,117.30000305175781,116.05999755859375,116.9800033569336,93.64156341552734,2209900
2016-12-20,117.19000244140625,117.7699966430664,117.11000061035156,117.5199966430664,94.0738525390625,2074900
2016-12-21,117.04000091552734,117.41999816894531,116.0199966430664,116.0999984741211,92.93714904785156,3028400
2016-12-22,116.63999938964844,116.73999786376953,115.79000091552734,116.30000305175781,93.09721374511719,1969700
2016-12-23,116.31999969482422,116.54000091552734,115.87999725341797,115.97000122070312,92.83309936523438,1229800
2016-12-27,116.30000305175781,116.77999877929688,116.06999969482422,116.12999725341797,92.9611587524414,990800
2016-12-28,116.18000030517578,116.27999877929688,115.12999725341797,115.19999694824219,92.21671295166016,1541700
2016-12-29,115.2300033569336,115.5,114.52999877929688,114.9800033569336,92.04058074951172,1412300
2016-12-30,115.23999786376953,115.43000030517578,114.36000061035156,114.63999938964844,91.76844024658203,1734000
2017-01-03,115.5199966430664,116.06999969482422,114.63999938964844,115.08000183105469,92.12065124511719,2390700
2017-01-04,115.30000305175781,115.8499984741211,114.95999908447266,115.11000061035156,92.14466094970703,1830800
2017-01-05,115.0,115.9800033569336,114.8499984741211,115.16999816894531,92.19268035888672,1856200
2017-01-06,115.0,115.66000366210938,114.5199966430664,115.4000015258789,92.37682342529297,1767000
2017-01-09,115.0,115.19000244140625,114.5,114.7699966430664,91.87249755859375,1965200
2017-01-10,114.62999725341797,114.80999755859375,113.41000366210938,113.91999816894531,91.19207763671875,2892600
2017-01-11,113.63999938964844,114.47000122070312,113.63999938964844,114.18000030517578,91.40021514892578,2302700
2017-01-12,114.20999908447266,114.20999908447266,113.30000305175781,113.91000366210938,91.18406677246094,1917000
2017-01-13,114.19999694824219,114.5999984741211,114.02999877929688,114.23999786376953,91.44824981689453,1788000
2017-01-17,113.69000244140625,114.11000061035156,113.41000366210938,114.06999969482422,91.31214141845703,2474700
2017-01-18,114.37000274658203,115.44999694824219,114.0199966430664,114.95999908447266,92.02457427978516,2040000
2017-01-19,114.97000122070312,115.1500015258789,114.01000213623047,114.2699966430664,91.47227478027344,1848000
2017-01-20,114.44000244140625,115.0,114.31999969482422,114.95999908447266,92.02457427978516,2372900
2017-01-23,114.98999786376953,115.04000091552734,114.13999938964844,114.45999908447266,91.62435150146484,1689500
2017-01-24,114.5999984741211,116.26000213623047,114.1500015258789,116.05000305175781,92.8971176147461,2157200
2017-01-25,116.2300033569336,117.12999725341797,115.87000274658203,116.98999786376953,93.64958953857422,2045000
2017-01-26,116.97000122070312,117.36000061035156,116.54000091552734,116.93000030517578,93.60157012939453,1796400
2017-01-27,117.0,118.19000244140625,116.58999633789062,118.08999633789062,94.53012084960938,2283800
2017-01-30,117.91000366210938,117.91999816894531,116.26000213623047,117.02999877929688,93.6816177368164,2910300
2017-01-31,111.80999755859375,111.80999755859375,108.68000030517578,109.12999725341797,87.35772705078125,12755500
2017-02-01,107.79000091552734,108.55000305175781,103.2300033569336,105.3499984741211,84.33184814453125,14684600
2017-02-02,105.29000091552734,105.69999694824219,104.41000366210938,105.0999984741211,84.13174438476562,4353400
2017-02-03,105.69999694824219,107.19999694824219,105.33000183105469,106.94999694824219,85.61264038085938,4859700
2017-02-06,106.62000274658203,107.0,105.75,106.05999755859375,84.90019989013672,3444300
2017-02-07,106.37999725341797,106.48999786376953,105.30999755859375,105.69000244140625,84.60401916503906,3589500
2017-02-08,105.80999755859375,106.4000015258789,105.51000213623047,106.16000366210938,84.98026275634766,3398500
2017-02-09,106.16000366210938,107.01000213623047,106.0199966430664,106.45999908447266,85.22039794921875,2416000
2017-02-10,106.5,107.5,106.26000213623047,107.33999633789062,85.92483520507812,4012800
2017-02-13,107.66000366210938,108.52999877929688,107.52999877929688,108.5,86.85340118408203,3877700
2017-02-14,108.68000030517578,109.33999633789062,107.62000274658203,108.98999786376953,87.24565887451172,5878800
2017-02-15,108.87000274658203,109.16999816894531,108.27999877929688,109.0199966430664,87.26966094970703,2843000
2017-02-16,108.0999984741211,108.12999725341797,106.66000366210938,107.22000122070312,86.48722076416016,5150000
2017-02-17,106.95999908447266,107.05000305175781,106.41000366210938,106.9000015258789,86.2291259765625,2919000
2017-02-21,106.9000015258789,107.87000274658203,106.5999984741211,107.72000122070312,86.89057159423828,3822500
2017-02-22,105.44000244140625,106.83000183105469,105.23999786376953,105.62000274658203,85.1966323852539,5234400
2017-02-23,106.0,106.08999633789062,104.88999938964844,105.08999633789062,84.76909637451172,3976300
2017-02-24,104.86000061035156,106.19000244140625,104.7699966430664,106.18000030517578,85.64835357666016,2717400
2017-02-27,106.13999938964844,106.7699966430664,105.75,106.7300033569336,86.09197998046875,2776200
2017-02-28,106.68000030517578,106.98999786376953,105.4800033569336,105.76000213623047,85.3095474243164,3793900
2017-03-01,106.97000122070312,107.37999725341797,106.69000244140625,106.87000274658203,86.20491027832031,3386200
2017-03-02,106.98999786376953,106.98999786376953,105.86000061035156,105.94999694824219,85.46279907226562,2490900
2017-03-03,106.12999725341797,106.5999984741211,105.76000213623047,105.93000030517578,85.4466552734375,2732500
2017-03-06,105.5199966430664,106.37000274658203,105.2300033569336,106.0999984741211,85.58380126953125,2481900
2017-03-07,106.0,106.38999938964844,105.51000213623047,105.63999938964844,85.2127456665039,2186500
2017-03-08,105.63999938964844,106.11000061035156,105.23999786376953,105.7300033569336,85.28534698486328,2269800
2017-03-09,106.12999725341797,106.23999786376953,105.62000274658203,105.9000015258789,85.42247772216797,2301000
2017-03-10,106.2699966430664,106.8499984741211,105.75,106.7300033569336,86.09197998046875,2957100
2017-03-13,106.52999877929688,107.5,106.30999755859375,107.48999786376953,86.70502471923828,2644500
2017-03-14,107.19000244140625,107.41999816894531,106.44000244140625,106.83000183105469,86.17264556884766,2748900
2017-03-15,107.29000091552734,108.29000091552734,106.8499984741211,107.73999786376953,86.90666198730469,3253800
2017-03-16,107.80000305175781,107.91999816894531,107.29000091552734,107.80000305175781,86.95508575439453,2409400
2017-03-17,107.91000366210938,108.97000122070312,107.6500015258789,108.1500015258789,87.23739624023438,4412200
2017-03-20,108.05000305175781,108.19999694824219,106.93000030517578,107.12000274658203,86.40657043457031,2370900
2017-03-21,107.51000213623047,108.13999938964844,106.37000274658203,106.51000213623047,85.91451263427734,3088500
2017-03-22,106.95999908447266,107.16999816894531,105.87999725341797,106.5199966430664,85.92262268066406,2282200
2017-03-23,106.52999877929688,106.88999938964844,105.37000274658203,105.6500015258789,85.2208251953125,2414200
2017-03-24,105.69000244140625,105.83999633789062,104.80000305175781,105.05000305175781,84.7368392944336,2526900
2017-03-27,104.4800033569336,104.9800033569336,103.75,104.77999877929688,84.51904296875,2148400
2017-03-28,104.72000122070312,106.5199966430664,104.5,106.19000244140625,85.65640258789062,3191600
2017-03-29,105.6500015258789,106.3499984741211,105.45999908447266,106.02999877929688,85.52734375,1889300
2017-03-30,105.80999755859375,106.83999633789062,105.3499984741211,106.66000366210938,86.03550720214844,1721600
2017-03-31,106.4800033569336,107.69999694824219,106.4800033569336,107.30000305175781,86.5517578125,2478100
2017-04-03,107.66000366210938,107.7300033569336,106.08000183105469,106.4000015258789,85.82577514648438,2645900
2017-04-04,106.30000305175781,106.69999694824219,105.69999694824219,106.62999725341797,86.01131439208984,2138600
2017-04-05,106.94000244140625,107.77999877929688,106.54000091552734,106.73999786376953,86.10004425048828,2622900
2017-04-06,106.7699966430664,106.94000244140625,106.51000213623047,106.66999816894531,86.04358673095703,2824600
2017-04-07,106.30999755859375,106.5999984741211,104.91000366210938,104.98999786376953,84.68844604492188,3212200
2017-04-10,105.44999694824219,106.87999725341797,105.37000274658203,106.41999816894531,85.8419418334961,3687700
2017-04-11,106.1500015258789,106.16000366210938,105.2300033569336,105.75,85.30147552490234,3029400
2017-04-12,105.05999755859375,105.33999633789062,104.18000030517578,104.2300033569336,84.07539367675781,3036000
2017-04-13,104.18000030517578,104.55999755859375,103.69999694824219,103.73999786376953,83.68016815185547,2840900
2017-04-17,104.05999755859375,104.87000274658203,103.91999816894531,104.87000274658203,84.59163665771484,1723800
2017-04-18,104.5199966430664,104.73999786376953,103.55999755859375,104.0999984741211,83.97052001953125,3042300
2017-04-19,104.58000183105469,105.08999633789062,104.33000183105469,104.45999908447266,84.26092529296875,2047100
2017-04-20,104.75,105.73999786376953,104.56999969482422,105.52999877929688,85.12400817871094,2424700
2017-04-21,105.70999908447266,106.12999725341797,105.44999694824219,105.7699966430664,85.31761169433594,3040600
2017-04-24,106.75,107.2300033569336,106.27999877929688,106.97000122070312,86.28556823730469,2441500
2017-04-25,107.08999633789062,107.81999969482422,107.08000183105469,107.36000061035156,86.60015106201172,2626100
2017-04-26,107.2300033569336,108.58999633789062,106.95999908447266,107.62000274658203,86.80989837646484,4565600
2017-04-27,107.80000305175781,109.27999877929688,105.58000183105469,108.83000183105469,87.78590393066406,4672800
2017-04-28,109.0,109.30000305175781,107.08000183105469,107.45999908447266,86.68081665039062,3112000
2017-05-01,107.41999816894531,107.41999816894531,106.51000213623047,106.54000091552734,85.93872833251953,1976600
2017-05-02,106.61000061035156,107.12000274658203,106.55999755859375,106.91999816894531,86.24523162841797,1908800
2017-05-03,106.88999938964844,107.47000122070312,106.58999633789062,107.3499984741211,86.59210205078125,1909000
2017-05-04,107.41000366210938,107.83000183105469,106.5999984741211,107.05000305175781,86.35011291503906,1744300
2017-05-05,107.31999969482422,107.55999755859375,107.0199966430664,107.43000030517578,86.65664672851562,2221500
2017-05-08,107.36000061035156,107.58999633789062,106.7300033569336,107.5199966430664,86.72921752929688,2508200
2017-05-09,107.55999755859375,107.66000366210938,106.08999633789062,106.51000213623047,85.91451263427734,2336500
2017-05-10,106.06999969482422,106.12999725341797,104.7699966430664,105.0999984741211,84.77717590332031,3713100
2017-05-11,104.12999725341797,104.25,102.9800033569336,104.1500015258789,84.67961120605469,3076700
2017-05-12,103.80000305175781,104.30999755859375,103.6500015258789,104.12999725341797,84.66334533691406,2052300
2017-05-15,104.55000305175781,105.4800033569336,104.22000122070312,105.29000091552734,85.60649871826172,2592900
2017-05-16,105.29000091552734,105.36000061035156,103.93000030517578,104.5,84.96416473388672,2458300
2017-05-17,104.5,104.5,102.77999877929688,102.87000274658203,83.63890838623047,3073100
2017-05-18,102.94000244140625,103.63999938964844,102.12000274658203,103.19000244140625,83.8990707397461,2890800
2017-05-19,103.23999786376953,103.88999938964844,103.01000213623047,103.41999816894531,84.0860595703125,2361200
2017-05-22,103.3499984741211,104.04000091552734,103.11000061035156,103.77999877929688,84.3787841796875,1916000
2017-05-23,103.66999816894531,104.31999969482422,103.38999938964844,104.19999694824219,84.72026062011719,2099600
2017-05-24,103.81999969482422,104.80999755859375,103.7300033569336,104.72000122070312,85.1430435180664,1865300
2017-05-25,105.18000030517578,105.98999786376953,105.02999877929688,105.94000244140625,86.13496398925781,2391800
2017-05-26,105.80999755859375,106.08999633789062,105.52999877929688,105.87000274658203,86.07807922363281,1826000
2017-05-30,105.51000213623047,107.41000366210938,105.2699966430664,106.80999755859375,86.84233093261719,2400800
2017-05-31,107.0999984741211,107.19000244140625,105.33000183105469,105.97000122070312,86.15937042236328,5007300
2017-06-01,106.48999786376953,108.0999984741211,105.69999694824219,107.66000366210938,87.5334243774414,4832300
2017-06-02,107.73999786376953,108.87999725341797,106.97000122070312,107.66999816894531,87.54155731201172,4182800
2017-06-05,107.48999786376953,108.4800033569336,107.25,107.94999694824219,87.76920318603516,2619900
2017-06-06,107.83000183105469,107.94000244140625,107.3499984741211,107.43000030517578,87.34644317626953,2593900
2017-06-07,107.41000366210938,107.48999786376953,106.27999877929688,106.68000030517578,86.73663330078125,2442300
2017-06-08,106.68000030517578,107.18000030517578,106.22000122070312,106.75,86.7935562133789,2322100
2017-06-09,106.51000213623047,107.05999755859375,105.93000030517578,107.02999877929688,87.02120971679688,2834200
2017-06-12,107.02999877929688,108.94999694824219,107.02999877929688,108.94000244140625,88.57414245605469,3337500
2017-06-13,109.05999755859375,109.98999786376953,108.94999694824219,109.8499984741211,89.31401824951172,2507300
2017-06-14,109.93000030517578,110.2300033569336,109.05999755859375,109.38999938964844,88.94001007080078,2434300
2017-06-15,108.81999969482422,110.33000183105469,108.81999969482422,110.26000213623047,89.6473617553711,2311600
2017-06-16,110.55999755859375,111.08000183105469,110.02999877929688,110.58999633789062,89.91566467285156,4107600
2017-06-19,110.79000091552734,111.18000030517578,110.22000122070312,110.87000274658203,90.14334869384766,2150900
2017-06-20,110.8499984741211,110.87000274658203,109.58999633789062,109.61000061035156,89.11888122558594,2081000
2017-06-21,109.81999969482422,109.86000061035156,108.87000274658203,109.19000244140625,88.77740478515625,2796900
2017-06-22,108.76000213623047,109.55000305175781,108.68000030517578,109.06999969482422,88.67984008789062,1613600
2017-06-23,109.22000122070312,111.30000305175781,108.95999908447266,110.2699966430664,89.6554946899414,4352100
2017-06-26,110.66000366210938,111.55000305175781,110.51000213623047,111.01000213623047,90.25714874267578,2199700
2017-06-27,110.72000122070312,111.44000244140625,109.66999816894531,109.66999816894531,89.16766357421875,2154600
2017-06-28,110.38999938964844,110.87999725341797,109.5999984741211,110.08000183105469,89.50103759765625,2996400
2017-06-29,109.72000122070312,110.23999786376953,109.41999816894531,109.77999877929688,89.25709533691406,2208800
2017-06-30,110.20999908447266,111.01000213623047,109.75,110.58999633789062,89.91566467285156,2178100
2017-07-03,110.9000015258789,111.62999725341797,110.58000183105469,110.61000061035156,89.93195343017578,1288200
2017-07-05,110.56999969482422,111.1500015258789,110.23999786376953,110.5199966430664,89.85875701904297,1628700
2017-07-06,110.11000061035156,110.3499984741211,109.08999633789062,109.23999786376953,88.81804656982422,1637200
2017-07-07,109.44000244140625,110.62000274658203,109.16000366210938,110.36000061035156,89.72866821289062,1742700
2017-07-10,110.08999633789062,110.58999633789062,109.79000091552734,110.20999908447266,89.60673522949219,1698700
2017-07-11,110.25,110.37000274658203,109.55999755859375,110.06999969482422,89.49288940429688,1785900
2017-07-12,110.62999725341797,111.11000061035156,110.13999938964844,110.56999969482422,89.89939880371094,2196000
2017-07-13,110.41999816894531,111.58000183105469,110.18000030517578,111.16000366210938,90.37911224365234,2285900
2017-07-14,111.02999877929688,112.61000061035156,110.8499984741211,112.41000366210938,91.39544677734375,3275700
2017-07-17,111.87999725341797,112.26000213623047,111.37999725341797,112.02999877929688,91.08648681640625,2615100
2017-07-18,111.95999908447266,112.1500015258789,111.52999877929688,111.83000183105469,90.92385864257812,2142400
2017-07-19,111.72000122070312,112.98999786376953,111.26000213623047,112.98999786376953,91.86701202392578,2541800
2017-07-20,113.20999908447266,113.20999908447266,112.43000030517578,112.58000183105469,91.53365325927734,2237100
2017-07-21,112.3499984741211,113.0999984741211,112.1500015258789,112.68000030517578,91.61493682861328,1772900
2017-07-24,112.4800033569336,112.58000183105469,111.9800033569336,112.1500015258789,91.18405151367188,2296000
2017-07-25,112.83000183105469,113.76000213623047,112.41999816894531,113.22000122070312,92.05400085449219,2219400
2017-07-26,113.54000091552734,113.63999938964844,112.18000030517578,112.29000091552734,91.2978515625,2978400
2017-07-27,111.0,111.0,106.9800033569336,107.79000091552734,87.63912200927734,7446500
2017-07-28,108.37999725341797,109.91000366210938,107.93000030517578,109.66000366210938,89.1595458984375,4274800
2017-07-31,110.04000091552734,111.0,109.95999908447266,110.29000091552734,89.6717529296875,3564200
2017-08-01,110.80000305175781,110.80000305175781,109.6500015258789,110.16999816894531,89.5741958618164,2663500
2017-08-02,109.87000274658203,111.44999694824219,109.8499984741211,111.26000213623047,90.46041870117188,2256100
2017-08-03,110.97000122070312,111.77999877929688,110.83000183105469,111.5199966430664,90.67181396484375,2515300
2017-08-04,111.62000274658203,112.08999633789062,111.12000274658203,112.05000305175781,91.10273742675781,2185400
2017-08-07,112.0,112.02999877929688,111.41999816894531,111.86000061035156,90.94824981689453,1696000
2017-08-08,113.0,113.19999694824219,111.80000305175781,111.88999938964844,90.97264099121094,2809500
2017-08-09,111.97000122070312,112.5,111.72000122070312,112.41000366210938,91.39544677734375,1888700
2017-08-10,111.54000091552734,111.81999969482422,110.88999938964844,110.91999816894531,90.85484313964844,2058200
2017-08-11,111.48999786376953,112.4800033569336,111.29000091552734,111.44000244140625,91.28076171875,2077900
2017-08-14,112.18000030517578,113.79000091552734,112.08999633789062,113.69000244140625,93.12374114990234,2424900
2017-08-15,113.68000030517578,114.43000030517578,113.5,114.18000030517578,93.52510833740234,1985800
2017-08-16,114.2699966430664,115.33999633789062,114.22000122070312,114.76000213623047,94.00017547607422,2196300
2017-08-17,114.5999984741211,114.80999755859375,112.91000366210938,112.91999816894531,92.49304962158203,2439900
2017-08-18,112.93000030517578,114.19999694824219,112.68000030517578,113.33999633789062,92.8370361328125,2249300
2017-08-21,113.33999633789062,114.19999694824219,113.18000030517578,113.83000183105469,93.23843383789062,1455200
2017-08-22,114.0,114.83999633789062,113.83999633789062,114.5999984741211,93.86913299560547,1594100
2017-08-23,114.12000274658203,114.12000274658203,113.26000213623047,113.55000305175781,93.0090560913086,1528400
2017-08-24,113.83999633789062,113.95999908447266,113.23999786376953,113.3499984741211,92.84523010253906,1147500
2017-08-25,113.73999786376953,114.11000061035156,113.33000183105469,113.4000015258789,92.88621520996094,2015100
2017-08-28,113.79000091552734,114.05999755859375,113.58000183105469,113.79000091552734,93.20564270019531,1928000
2017-08-29,113.55000305175781,115.01000213623047,112.95999908447266,114.88999938964844,94.1066665649414,2083100
2017-08-30,114.87999725341797,115.63999938964844,114.87000274658203,114.97000122070312,94.17218780517578,1968500
2017-08-31,115.47000122070312,115.47000122070312,113.88999938964844,114.36000061035156,93.67254638671875,3262200
2017-09-01,114.72000122070312,115.04000091552734,114.38999938964844,114.38999938964844,93.6971206665039,1548400
2017-09-05,114.11000061035156,114.37000274658203,113.54000091552734,113.91999816894531,93.31212615966797,1771500
2017-09-06,114.25,114.55999755859375,113.7300033569336,113.80999755859375,93.22203063964844,2144400
2017-09-07,113.87999725341797,114.77999877929688,113.87999725341797,114.66999816894531,93.92647552490234,1616300
2017-09-08,114.61000061035156,115.41000366210938,114.05999755859375,115.05000305175781,94.23772430419922,1645400
2017-09-11,115.5,116.37000274658203,115.30999755859375,116.19999694824219,95.17969512939453,2021500
2017-09-12,116.2300033569336,117.52999877929688,115.9800033569336,117.1500015258789,95.95784759521484,2151700
2017-09-13,116.83999633789062,117.6500015258789,116.66000366210938,117.05999755859375,95.88411712646484,2302600
2017-09-14,116.69999694824219,117.4800033569336,116.5,117.37999725341797,96.1462173461914,2102800
2017-09-15,117.36000061035156,118.0,117.0999984741211,117.9000015258789,96.57217407226562,3411300
2017-09-18,117.93000030517578,118.36000061035156,117.4000015258789,117.58999633789062,96.3182373046875,2292400
2017-09-19,117.58999633789062,117.9800033569336,116.88999938964844,116.97000122070312,95.81037139892578,2002700
2017-09-20,116.95999908447266,118.38999938964844,116.6500015258789,117.83000183105469,96.51483154296875,3481800
2017-09-21,117.83000183105469,118.0,117.08000183105469,117.26000213623047,96.04792785644531,1765700
2017-09-22,117.38999938964844,118.05000305175781,117.13999938964844,117.66999816894531,96.38377380371094,1883300
2017-09-25,118.06999969482422,118.29000091552734,117.16000366210938,118.22000122070312,96.83427429199219,2361100
2017-09-26,118.0199966430664,119.0,116.98999786376953,118.91999816894531,97.40763854980469,2870700
2017-09-27,118.69000244140625,119.16999816894531,118.37999725341797,118.62000274658203,97.16193389892578,2302400
2017-09-28,118.55999755859375,119.72000122070312,118.31999969482422,119.61000061035156,97.97283172607422,1629300
2017-09-29,119.55999755859375,120.41999816894531,119.43000030517578,120.08999633789062,98.36599731445312,2445800
2017-10-02,120.0,120.80000305175781,119.86000061035156,120.79000091552734,98.93938446044922,1989900
2017-10-03,120.33000183105469,120.56999969482422,119.51000213623047,119.70999908447266,98.05473327636719,1857000
2017-10-04,119.51000213623047,119.62000274658203,118.68000030517578,119.0,97.47317504882812,2309700
2017-10-05,116.77999877929688,118.19999694824219,116.5199966430664,118.19999694824219,96.8178939819336,4480300
2017-10-06,117.98999786376953,118.7300033569336,117.4000015258789,117.69999694824219,96.4083480834961,2828300
2017-10-09,118.13999938964844,118.62000274658203,116.91999816894531,117.1500015258789,95.95784759521484,1839200
2017-10-10,117.62999725341797,118.5999984741211,117.2699966430664,118.12000274658203,96.75237274169922,2064200
2017-10-11,118.12000274658203,118.91999816894531,117.94999694824219,118.91999816894531,97.40763854980469,1810000
2017-10-12,118.80000305175781,120.0199966430664,118.6500015258789,119.56999969482422,97.9400634765625,2290300
2017-10-13,120.04000091552734,120.11000061035156,118.23999786376953,118.36000061035156,96.9489517211914,1665500
2017-10-16,118.61000061035156,118.69000244140625,117.45999908447266,118.33999633789062,96.93257904052734,1247300
2017-10-17,118.0,118.2300033569336,117.4000015258789,117.68000030517578,96.3919677734375,1484400
2017-10-18,117.41000366210938,118.7699966430664,117.41000366210938,118.1500015258789,96.77693939208984,2089300
2017-10-19,117.68000030517578,119.52999877929688,117.68000030517578,119.41999816894531,97.81720733642578,2119600
2017-10-20,119.58999633789062,120.43000030517578,119.51000213623047,119.76000213623047,98.09568786621094,2427600
2017-10-23,120.23999786376953,120.41000366210938,119.62999725341797,119.68000030517578,98.03018188476562,2052200
2017-10-24,120.18000030517578,120.41999816894531,119.62000274658203,119.69999694824219,98.04654693603516,1845600
2017-10-25,119.58000183105469,119.73999786376953,118.44000244140625,118.55000305175781,97.10458374023438,3397000
2017-10-26,118.29000091552734,120.79000091552734,117.0,119.33000183105469,97.74347686767578,4104500
2017-10-27,119.30999755859375,121.75,119.30999755859375,120.75,98.9066162109375,3638300
2017-10-30,120.5199966430664,120.5199966430664,117.83999633789062,118.08999633789062,96.7278060913086,3442000
2017-10-31,118.5,118.79000091552734,117.44999694824219,117.52999877929688,96.26910400390625,2499000
2017-11-01,117.94000244140625,118.16999816894531,117.18000030517578,117.45999908447266,96.21176147460938,2088600
2017-11-02,117.62000274658203,117.75,115.04000091552734,116.87000274658203,95.72850799560547,3522300
2017-11-03,116.87000274658203,116.87000274658203,115.16999816894531,115.45999908447266,94.57354736328125,2957600
2017-11-06,115.58000183105469,116.0,113.5999984741211,113.91999816894531,93.31212615966797,3351100
2017-11-07,113.83000183105469,114.86000061035156,113.62999725341797,113.94999694824219,93.33670043945312,2730400
2017-11-08,113.66000366210938,113.69999694824219,112.6500015258789,113.12999725341797,92.66505432128906,2371900
2017-11-09,112.83000183105469,113.0,111.72000122070312,112.55000305175781,92.18997192382812,2713900
2017-11-10,111.56999969482422,113.2699966430664,111.30000305175781,113.2300033569336,93.4360122680664,2840000
2017-11-13,114.06999969482422,114.86000061035156,113.52999877929688,114.80999755859375,94.73981475830078,3301300
2017-11-14,114.30000305175781,114.5,113.66999816894531,114.06999969482422,94.1291732788086,3238200
2017-11-15,113.75,114.29000091552734,112.66000366210938,112.88999938964844,93.15542602539062,2153400
2017-11-16,113.69000244140625,114.20999908447266,112.97000122070312,113.69999694824219,93.82384490966797,2518400
2017-11-17,113.33000183105469,113.5,112.55999755859375,112.94000244140625,93.1966781616211,2155400
2017-11-20,113.18000030517578,113.51000213623047,112.81999969482422,113.19999694824219,93.4112548828125,2811100
2017-11-21,113.05000305175781,114.13999938964844,112.80000305175781,113.91999816894531,94.00537872314453,2205400
2017-11-22,113.93000030517578,114.19000244140625,113.58999633789062,113.7699966430664,93.88160705566406,1846200
2017-11-24,114.0,114.19000244140625,112.95999908447266,113.13999938964844,93.36172485351562,891700
2017-11-27,113.41999816894531,114.66000366210938,113.37000274658203,114.54000091552734,94.5169906616211,3060500
2017-11-28,115.11000061035156,115.43000030517578,114.38999938964844,115.19000244140625,95.0533676147461,2025800
2017-11-29,118.33999633789062,119.26000213623047,115.33000183105469,119.04000091552734,98.23033142089844,4122100
2017-11-30,119.04000091552734,122.0,119.02999877929688,121.44999694824219,100.21903991699219,5654200
2017-12-01,121.88999938964844,121.88999938964844,119.0999984741211,120.30999755859375,99.27831268310547,3141900
2017-12-04,122.0999984741211,125.16000366210938,122.0999984741211,123.72000122070312,102.09221649169922,4535000
2017-12-05,123.83000183105469,124.0,120.27999877929688,120.37000274658203,99.32783508300781,3690900
2017-12-06,118.44000244140625,119.94999694824219,117.97000122070312,118.29000091552734,97.61145782470703,3347000
2017-12-07,118.36000061035156,120.0199966430664,117.8499984741211,119.7300033569336,98.79972076416016,3280000
2017-12-08,120.05999755859375,120.12999725341797,117.88999938964844,119.55999755859375,98.65943145751953,3030400
2017-12-11,118.08000183105469,119.41000366210938,117.55999755859375,118.05000305175781,97.41341400146484,2765500
2017-12-12,117.91000366210938,118.87999725341797,117.61000061035156,118.16000366210938,97.50418853759766,2541000
2017-12-13,118.4800033569336,119.33000183105469,118.04000091552734,118.4000015258789,97.70222473144531,2738500
2017-12-14,118.33999633789062,118.33999633789062,116.33000183105469,116.83999633789062,96.4149169921875,2817400
2017-12-15,117.44999694824219,118.5999984741211,117.30999755859375,118.0,97.37214660644531,4997200
2017-12-18,118.77999877929688,119.91999816894531,118.61000061035156,118.80999755859375,98.04054260253906,2581000
2017-12-19,119.16000366210938,119.48999786376953,118.55000305175781,119.0,98.19731903076172,2111200
2017-12-20,120.68000030517578,120.7300033569336,118.22000122070312,118.33000183105469,97.64446258544922,3420000
2017-12-21,118.8499984741211,118.8499984741211,117.5,118.58000183105469,97.85074615478516,3377700
2017-12-22,119.0,119.0,118.20999908447266,118.63999938964844,97.90026092529297,1933400
2017-12-26,118.94000244140625,119.08000183105469,118.08999633789062,118.26000213623047,97.58670806884766,1309100
2017-12-27,118.19999694824219,119.12999725341797,118.05000305175781,119.08000183105469,98.26335144042969,1508000
2017-12-28,119.48999786376953,119.55999755859375,118.51000213623047,119.05000305175781,98.23860931396484,1367300
2017-12-29,119.05000305175781,120.31999969482422,119.0,119.1500015258789,98.32110595703125,2614400
2018-01-02,120.04000091552734,123.70999908447266,119.61000061035156,123.66999816894531,102.05097198486328,5413000
2018-01-03,124.1500015258789,126.69000244140625,123.9000015258789,126.41000366210938,104.3119888305664,5655600
2018-01-04,127.01000213623047,128.9499969482422,126.70999908447266,127.2300033569336,104.9886245727539,5473100
2018-01-05,127.81999969482422,128.66000366210938,125.7699966430664,127.62000274658203,105.31046295166016,3699200
2018-01-08,128.11000061035156,129.52000427246094,127.73999786376953,129.1699981689453,106.5895004272461,3243000
2018-01-09,129.22999572753906,130.0,128.86000061035156,129.11000061035156,106.53997039794922,2957700
2018-01-10,128.52000427246094,130.4600067138672,128.49000549316406,129.7899932861328,107.10111236572266,2927900
2018-01-11,130.36000061035156,133.77000427246094,130.02000427246094,133.4600067138672,110.12956237792969,4252300
2018-01-12,133.4499969482422,134.3300018310547,133.0,134.08999633789062,110.64940643310547,4212500
2018-01-16,134.41000366210938,134.7100067138672,131.75999450683594,132.8800048828125,109.65094757080078,4126500
2018-01-17,133.52999877929688,134.3000030517578,132.38999938964844,134.00999450683594,110.58340454101562,3508800
2018-01-18,134.64999389648438,135.52999877929688,133.52999877929688,133.58999633789062,110.23681640625,3371100
2018-01-19,133.86000061035156,134.02000427246094,131.9199981689453,133.0800018310547,109.81595611572266,3891700
2018-01-22,132.52000427246094,132.99000549316406,131.13999938964844,132.86000061035156,109.63443756103516,3100000
2018-01-23,132.8699951171875,132.8699951171875,130.91000366210938,132.07000732421875,108.9825439453125,2952700
2018-01-24,132.50999450683594,132.9600067138672,130.14999389648438,131.69000244140625,108.66895294189453,2862900
2018-01-25,131.9600067138672,131.97000122070312,129.7100067138672,131.2899932861328,108.33888244628906,3166800
2018-01-26,131.2100067138672,132.72000122070312,131.0399932861328,132.72000122070312,109.51891326904297,2044500
2018-01-29,132.75999450683594,133.55999755859375,130.61000061035156,130.63999938964844,107.80250549316406,2753800
2018-01-30,130.3699951171875,130.74000549316406,128.10000610351562,128.11000061035156,105.71478271484375,4124900
2018-01-31,128.5,128.97000122070312,126.25,127.31999969482422,105.06290435791016,5788300
2018-02-01,119.22000122070312,121.0,118.06999969482422,119.51000213623047,98.61820220947266,14405900
2018-02-02,118.98999786376953,119.13999938964844,115.5199966430664,116.47000122070312,96.1095962524414,9235600
2018-02-05,115.88999938964844,116.30999755859375,113.20999908447266,113.30000305175781,93.4937744140625,8119600
2018-02-06,112.62000274658203,115.88999938964844,109.68000030517578,112.70999908447266,93.00691223144531,11749100
2018-02-07,112.38999938964844,113.26000213623047,111.62000274658203,111.91000366210938,92.34674835205078,7219700
2018-02-08,111.76000213623047,112.5,109.2300033569336,109.27999877929688,90.17650604248047,6999100
2018-02-09,108.0999984741211,108.11000061035156,103.80999755859375,106.38999938964844,87.7917251586914,11369600
2018-02-12,107.0,107.08000183105469,105.41000366210938,106.30999755859375,87.7257080078125,6677300
2018-02-13,105.98999786376953,108.7699966430664,105.5,107.55999755859375,88.75718688964844,7557900
2018-02-14,106.69000244140625,107.0999984741211,105.08999633789062,106.5999984741211,87.96500396728516,6504000
2018-02-15,107.1500015258789,108.33000183105469,105.5199966430664,108.30999755859375,89.37608337402344,5535100
2018-02-16,107.11000061035156,107.66000366210938,105.9000015258789,106.4000015258789,88.54390716552734,6119600
2018-02-20,106.25,106.6500015258789,104.33000183105469,104.70999908447266,87.13751220703125,5228600
2018-02-21,104.73999786376953,107.05000305175781,104.51000213623047,104.69999694824219,87.12918090820312,5516000
2018-02-22,105.3499984741211,106.4800033569336,104.6500015258789,105.08000183105469,87.44542694091797,3357000
2018-02-23,104.4000015258789,105.62000274658203,104.33999633789062,105.61000061035156,87.886474609375,4417000
2018-02-26,106.69999694824219,108.44000244140625,106.01000213623047,108.06999969482422,89.93363952636719,4092400
2018-02-27,108.23999786376953,108.55999755859375,105.68000030517578,105.69000244140625,87.95304107666016,3605100
2018-02-28,106.4000015258789,106.5999984741211,104.37999725341797,104.41000366210938,86.88787078857422,3729200
2018-03-01,104.95999908447266,109.29000091552734,103.94999694824219,106.43000030517578,88.56886291503906,8701900
2018-03-02,105.76000213623047,106.30000305175781,104.37000274658203,105.37000274658203,87.68675994873047,4670600
2018-03-05,105.33999633789062,106.16999816894531,104.62999725341797,105.80999755859375,88.05289459228516,4997400
2018-03-06,107.48999786376953,110.04000091552734,106.30999755859375,109.80000305175781,91.37332153320312,8590500
2018-03-07,109.0199966430664,109.55000305175781,107.83000183105469,109.20999908447266,90.88233947753906,7097600
2018-03-08,109.41000366210938,110.54000091552734,106.97000122070312,108.80000305175781,90.54115295410156,6079000
2018-03-09,109.52999877929688,110.41999816894531,108.91000366210938,110.37999725341797,91.85597229003906,3201900
2018-03-12,110.22000122070312,110.75,108.88999938964844,108.91000366210938,90.6326904296875,3124800
2018-03-13,109.69999694824219,110.55999755859375,109.12000274658203,109.33000183105469,90.98219299316406,3517900
2018-03-14,110.02999877929688,110.16999816894531,108.5199966430664,108.76000213623047,90.5078353881836,2310900
2018-03-15,109.04000091552734,110.01000213623047,108.91000366210938,109.72000122070312,91.30674743652344,2718300
2018-03-16,109.56999969482422,111.19999694824219,109.56999969482422,110.91000366210938,92.2970199584961,5679200
2018-03-19,110.30000305175781,110.88999938964844,107.44000244140625,108.45999908447266,90.25818634033203,3351200
2018-03-20,108.63999938964844,109.33000183105469,107.5199966430664,108.02999877929688,89.90034484863281,2513000
2018-03-21,108.19000244140625,109.58000183105469,107.63999938964844,107.6500015258789,89.5841293334961,2805100
2018-03-22,106.7300033569336,107.12000274658203,104.26000213623047,104.44999694824219,86.92115783691406,4150000
2018-03-23,104.88999938964844,105.0,101.44999694824219,101.66000366210938,84.59935760498047,4278800
2018-03-26,103.05999755859375,103.91999816894531,101.9000015258789,103.69999694824219,86.29700469970703,3836100
2018-03-27,103.7699966430664,104.66000366210938,101.69000244140625,102.16999816894531,85.0237808227539,3850200
2018-03-28,102.31999969482422,103.68000030517578,101.69999694824219,102.68000030517578,85.44820404052734,3811400
2018-03-29,103.23999786376953,105.83000183105469,103.1500015258789,104.66000366210938,87.09590911865234,3813400
2018-04-02,104.33000183105469,105.43000030517578,102.4000015258789,103.83999633789062,86.41352081298828,4594400
2018-04-03,104.41000366210938,105.62000274658203,103.76000213623047,105.54000091552734,87.8282241821289,4453200
2018-04-04,103.80999755859375,106.47000122070312,103.33000183105469,106.41000366210938,88.5522232055664,3832800
2018-04-05,106.61000061035156,107.37000274658203,105.3499984741211,107.18000030517578,89.19300842285156,3154700
2018-04-06,106.4800033569336,106.62999725341797,104.38999938964844,105.33000183105469,87.65345764160156,4397200
2018-04-09,105.55999755859375,106.26000213623047,104.36000061035156,104.5999984741211,87.04596710205078,3938500
2018-04-10,105.55999755859375,106.8499984741211,105.55999755859375,106.0199966430664,88.2276611328125,2751100
2018-04-11,105.23999786376953,106.75,105.05000305175781,106.08999633789062,88.2859115600586,1623900
2018-04-12,106.58999633789062,107.63999938964844,106.52999877929688,106.98999786376953,89.03486633300781,2000000
2018-04-13,107.4800033569336,108.33999633789062,106.5999984741211,107.25,89.25125122070312,3970800
2018-04-16,108.30000305175781,109.38999938964844,108.16000366210938,109.25,90.91560363769531,4595600
2018-04-17,109.54000091552734,109.8499984741211,108.66000366210938,109.5199966430664,91.14029693603516,2832900
2018-04-18,109.87000274658203,111.02999877929688,108.61000061035156,110.9000015258789,92.28870391845703,3559500
2018-04-19,110.69999694824219,110.69999694824219,108.98999786376953,109.68000030517578,91.27344512939453,2737200
2018-04-20,109.91000366210938,109.91000366210938,107.98999786376953,108.55000305175781,90.33309173583984,3632400
2018-04-23,108.69999694824219,109.22000122070312,108.41999816894531,109.11000061035156,90.79911041259766,2246600
2018-04-24,109.1500015258789,109.56999969482422,107.30000305175781,108.22000122070312,90.05847930908203,3626100
2018-04-25,107.9800033569336,108.87999725341797,107.41000366210938,108.66000366210938,90.42462921142578,3195100
2018-04-26,108.05000305175781,114.27999877929688,107.70999908447266,113.27999877929688,94.26929473876953,7309000
2018-04-27,113.06999969482422,114.0,112.7300033569336,113.98999786376953,94.86014556884766,4557400
2018-04-30,114.18000030517578,114.45999908447266,112.86000061035156,113.5,94.45237731933594,4479400
2018-05-01,113.55000305175781,113.9000015258789,111.4800033569336,112.44999694824219,93.57856750488281,4376200
2018-05-02,112.08000183105469,112.25,110.58000183105469,111.1500015258789,92.49675750732422,3563800
2018-05-03,110.77999877929688,110.97000122070312,108.16000366210938,109.80999755859375,91.38160705566406,4079400
2018-05-04,109.19000244140625,111.80999755859375,108.80999755859375,111.30999755859375,92.62991333007812,2412800
2018-05-07,111.79000091552734,112.75,111.47000122070312,112.12000274658203,93.30397033691406,2583800
2018-05-08,112.0,113.20999908447266,110.62999725341797,111.2699966430664,92.59660339355469,2848700
2018-05-09,111.33999633789062,111.69000244140625,110.31999969482422,111.4000015258789,92.70480346679688,3205400
2018-05-10,111.93000030517578,114.12000274658203,111.54000091552734,113.98999786376953,94.86014556884766,2477900
2018-05-11,113.94000244140625,115.98999786376953,113.72000122070312,115.44999694824219,96.07511901855469,3388100
2018-05-14,117.94999694824219,118.7699966430664,116.12000274658203,116.33999633789062,96.81575012207031,4618600
2018-05-15,115.77999877929688,116.47000122070312,114.8499984741211,115.61000061035156,96.20828247070312,3480400
2018-05-16,115.54000091552734,116.66999816894531,115.52999877929688,116.31999969482422,96.79911804199219,1970000
2018-05-17,116.58999633789062,117.44000244140625,116.4000015258789,116.58999633789062,97.0238037109375,3697200
2018-05-18,115.66999816894531,115.93000030517578,115.0999984741211,115.37999725341797,96.77218627929688,2450900
2018-05-21,116.0,117.27999877929688,115.5,117.08000183105469,98.19801330566406,3333300
2018-05-22,117.01000213623047,117.13999938964844,115.29000091552734,115.36000061035156,96.75540924072266,2027100
2018-05-23,114.8499984741211,115.41999816894531,113.77999877929688,115.27999877929688,96.68830871582031,2013600
2018-05-24,115.37999725341797,115.80999755859375,114.41000366210938,115.62999725341797,96.98185729980469,2303400
2018-05-25,115.48999786376953,115.9000015258789,115.19999694824219,115.48999786376953,96.86444854736328,1583600
2018-05-29,114.87000274658203,114.94999694824219,113.01000213623047,113.83000183105469,95.47216796875,2724100
2018-05-30,114.12000274658203,116.75,113.91000366210938,116.69000244140625,97.87091064453125,2911700
2018-05-31,116.45999908447266,116.83000183105469,115.91000366210938,116.12000274658203,97.39286041259766,5893000
2018-06-01,116.69000244140625,117.29000091552734,116.31999969482422,117.25,98.3405990600586,2237800
2018-06-04,117.61000061035156,118.2699966430664,116.91999816894531,116.97000122070312,98.10577392578125,2248500
2018-06-05,116.80000305175781,117.77999877929688,116.55000305175781,116.80999755859375,97.9715576171875,3341000
2018-06-06,117.0,117.51000213623047,115.9000015258789,117.0199966430664,98.147705078125,2783700
2018-06-07,117.16999816894531,117.33999633789062,115.80000305175781,116.19000244140625,97.45154571533203,3106400
2018-06-08,116.1500015258789,116.6500015258789,115.73999786376953,116.5999984741211,97.79541778564453,2879800
2018-06-11,116.5999984741211,117.75,116.55999755859375,116.8499984741211,98.005126953125,2004700
2018-06-12,117.61000061035156,119.16999816894531,117.31999969482422,118.33999633789062,99.25481414794922,3414600
2018-06-13,118.48999786376953,118.5999984741211,117.11000061035156,117.33000183105469,98.40770721435547,1668400
2018-06-14,117.44000244140625,117.7300033569336,116.55000305175781,117.19000244140625,98.29027557373047,1869300
2018-06-15,116.61000061035156,117.36000061035156,116.05000305175781,116.7699966430664,97.93801879882812,4286900
2018-06-18,116.19000244140625,117.30000305175781,115.80000305175781,116.7699966430664,97.93801879882812,2177100
2018-06-19,116.0,116.0,114.11000061035156,114.81999969482422,96.302490234375,2739000
2018-06-20,114.75,114.77999877929688,113.52999877929688,113.6500015258789,95.32118225097656,3112600
2018-06-21,113.66000366210938,114.06999969482422,112.31999969482422,113.41999816894531,95.1282958984375,2721900
2018-06-22,114.9000015258789,115.79000091552734,113.62999725341797,113.69999694824219,95.3631362915039,3536300
2018-06-25,113.04000091552734,113.04000091552734,109.38999938964844,110.19999694824219,92.4275894165039,4044300
2018-06-26,110.38999938964844,110.69999694824219,109.19999694824219,109.56999969482422,91.8991928100586,2332300
2018-06-27,109.66999816894531,110.16000366210938,108.25,108.37999725341797,90.9011001586914,2940800
2018-06-28,106.75,106.94999694824219,105.0999984741211,105.87999725341797,88.80426788330078,6173000
2018-06-29,106.30000305175781,107.25,106.1500015258789,106.2300033569336,89.09786224365234,3409300
2018-07-02,105.87000274658203,106.47000122070312,105.41999816894531,105.87999725341797,88.80426788330078,2252300
2018-07-03,106.26000213623047,106.8499984741211,105.45999908447266,105.76000213623047,88.7036361694336,1145700
2018-07-05,105.98999786376953,106.33999633789062,104.94000244140625,106.29000091552734,89.14816284179688,2866800
2018-07-06,106.4800033569336,106.69000244140625,105.12000274658203,106.02999877929688,88.93009948730469,2022400
2018-07-09,106.30000305175781,108.72000122070312,106.2699966430664,108.58999633789062,91.07723999023438,2103600
2018-07-10,108.69999694824219,108.97000122070312,107.97000122070312,108.51000213623047,91.01013946533203,1503900
2018-07-11,107.69999694824219,108.16999816894531,107.04000091552734,107.33000183105469,90.02043914794922,1765000
2018-07-12,108.08000183105469,109.02999877929688,107.80999755859375,108.52999877929688,91.02690124511719,1920100
2018-07-13,108.37000274658203,109.41000366210938,107.93000030517578,108.97000122070312,91.39595031738281,1997900
2018-07-16,111.12999725341797,111.56999969482422,109.83999633789062,110.6500015258789,92.80500793457031,4288800
2018-07-17,110.66000366210938,111.18000030517578,109.66000366210938,111.06999969482422,93.15727996826172,2102400
2018-07-18,110.95999908447266,112.62999725341797,110.80999755859375,112.16000366210938,94.07150268554688,2798600
2018-07-19,111.88999938964844,112.9000015258789,111.44999694824219,112.83999633789062,94.6418228149414,2457900
2018-07-20,112.0199966430664,112.55000305175781,111.75,112.06999969482422,93.9959945678711,1776000
2018-07-23,112.47000122070312,113.0,112.19999694824219,112.70999908447266,94.53279113769531,1871000
2018-07-24,113.33999633789062,113.66999816894531,111.94999694824219,112.44000244140625,94.30633544921875,2646000
2018-07-25,112.25,120.44000244140625,112.25,120.19999694824219,100.81484985351562,6725700
2018-07-26,119.98999786376953,120.68000030517578,118.05000305175781,118.87000274658203,99.69933319091797,3630300
2018-07-27,119.23999786376953,119.23999786376953,118.1500015258789,118.66000366210938,99.5232162475586,2094700
2018-07-30,118.80999755859375,119.94000244140625,118.54000091552734,118.70999908447266,99.56514739990234,2020400
2018-07-31,119.62000274658203,121.36000061035156,119.30999755859375,119.88999938964844,100.55482482910156,2395100
2018-08-01,119.88999938964844,120.0,117.80000305175781,119.36000061035156,100.11032104492188,1913000
2018-08-02,119.0,119.19999694824219,118.02999877929688,118.5999984741211,99.47289276123047,1653500
2018-08-03,118.62000274658203,119.33999633789062,118.19999694824219,119.1500015258789,99.9341812133789,1912900
2018-08-06,118.8499984741211,119.93000030517578,118.8499984741211,119.54000091552734,100.26129913330078,1603400
2018-08-07,119.5199966430664,120.13999938964844,118.63999938964844,120.01000213623047,100.65546417236328,1957400
2018-08-08,120.01000213623047,120.79000091552734,119.80999755859375,120.58000183105469,101.13355255126953,1603100
2018-08-09,120.2300033569336,121.8499984741211,120.12999725341797,120.87000274658203,101.37678527832031,2050100
2018-08-10,120.5199966430664,120.79000091552734,119.0,119.2699966430664,100.03483581542969,2341400
2018-08-13,119.22000122070312,119.4800033569336,117.72000122070312,118.16000366210938,99.1038589477539,2339100
2018-08-14,118.26000213623047,120.1500015258789,118.26000213623047,118.9800033569336,99.7916030883789,1914800
2018-08-15,118.4800033569336,120.4800033569336,117.86000061035156,120.05000305175781,100.68903350830078,2619100
2018-08-16,120.4800033569336,121.5999984741211,119.88999938964844,121.11000061035156,101.57809448242188,2126800
2018-08-17,120.44999694824219,121.87999725341797,119.9800033569336,121.80000305175781,102.93020629882812,2384200
2018-08-20,121.80000305175781,122.94000244140625,121.69999694824219,122.55000305175781,103.56401824951172,2272500
2018-08-21,122.5,123.22000122070312,122.20999908447266,123.01000213623047,103.95274353027344,2594900
2018-08-22,123.01000213623047,123.01000213623047,121.69999694824219,121.87000274658203,102.98937225341797,2272200
2018-08-23,121.8499984741211,122.2300033569336,121.13999938964844,121.70999908447266,102.8541488647461,1263600
2018-08-24,122.0999984741211,122.94999694824219,121.83000183105469,122.73999786376953,103.7245864868164,1969600
2018-08-27,122.9000015258789,124.06999969482422,122.8499984741211,123.8499984741211,104.66259765625,2641100
2018-08-28,124.06999969482422,124.44000244140625,122.5999984741211,122.75,103.73303985595703,2126400
2018-08-29,122.95999908447266,123.51000213623047,122.4000015258789,123.47000122070312,104.34150695800781,1528000
2018-08-30,123.26000213623047,123.62000274658203,122.43000030517578,122.8499984741211,103.81754302978516,1314400
2018-08-31,122.87000274658203,123.12999725341797,121.86000061035156,122.87999725341797,103.8428726196289,2188500
2018-09-04,123.79000091552734,124.4000015258789,123.0999984741211,124.33999633789062,105.0766830444336,2396900
2018-09-05,124.0,124.98999786376953,123.48999786376953,124.66000366210938,105.34711456298828,2368300
2018-09-06,124.55999755859375,124.83000183105469,123.45999908447266,123.69999694824219,104.53585052490234,2282200
2018-09-07,123.38999938964844,124.38999938964844,122.16999816894531,122.98999786376953,103.93585205078125,2530000
2018-09-10,123.69000244140625,125.08999633789062,123.44999694824219,124.33999633789062,105.0766830444336,2458000
2018-09-11,123.8499984741211,124.30000305175781,122.8499984741211,123.06999969482422,104.00347137451172,2260400
2018-09-12,122.91000366210938,123.95999908447266,122.5999984741211,123.30000305175781,104.19783020019531,3243100
2018-09-13,123.08999633789062,124.94999694824219,119.05999755859375,119.69999694824219,101.15554809570312,5029200
2018-09-14,120.30000305175781,120.86000061035156,119.01000213623047,120.38999938964844,101.73865509033203,3730600
2018-09-17,120.58000183105469,121.0199966430664,118.63999938964844,119.08999633789062,100.6400375366211,2945200
2018-09-18,118.69999694824219,119.68000030517578,117.3499984741211,118.23999786376953,99.9217300415039,2851300
2018-09-19,118.30000305175781,118.79000091552734,117.87000274658203,118.25,99.93017578125,1944800
2018-09-20,118.93000030517578,119.5999984741211,118.55000305175781,119.12000274658203,100.66542053222656,1905500
2018-09-21,119.41000366210938,120.05000305175781,118.43000030517578,118.48999786376953,100.13301849365234,4348400
2018-09-24,118.30000305175781,118.68000030517578,117.05999755859375,117.33000183105469,99.1527099609375,1889400
2018-09-25,117.63999938964844,117.75,115.97000122070312,116.26000213623047,98.24849700927734,2108700
2018-09-26,116.26000213623047,117.3499984741211,116.25,116.69999694824219,98.62030792236328,2220600
2018-09-27,116.5,117.33999633789062,116.19000244140625,116.7300033569336,98.64569091796875,1599800
2018-09-28,116.45999908447266,116.86000061035156,115.7300033569336,116.75,98.66256713867188,2641800
2018-10-01,118.55000305175781,118.86000061035156,117.19000244140625,117.45999908447266,99.2625732421875,1820200
2018-10-02,117.4800033569336,117.55000305175781,116.63999938964844,116.98999786376953,98.8653793334961,1336100
2018-10-03,117.5,118.54000091552734,117.41000366210938,117.77999877929688,99.53300476074219,1802900
2018-10-04,117.4800033569336,118.33999633789062,116.30000305175781,117.30999755859375,99.13581085205078,1799800
2018-10-05,117.45999908447266,118.13999938964844,116.23999786376953,117.23999786376953,99.07666778564453,2039200
2018-10-08,117.11000061035156,119.22000122070312,116.95999908447266,118.77999877929688,100.37808227539062,2867100
2018-10-09,118.26000213623047,118.69999694824219,117.43000030517578,117.91999816894531,99.65131378173828,4652400
2018-10-10,117.33999633789062,118.25,116.31999969482422,116.6500015258789,98.57806396484375,4669000
2018-10-11,117.33000183105469,117.80999755859375,113.16999816894531,113.76000213623047,96.13580322265625,5239800
2018-10-12,115.55000305175781,116.56999969482422,113.69000244140625,115.63999938964844,97.72455596923828,2993000
2018-10-15,115.37000274658203,116.62999725341797,115.26000213623047,115.7699966430664,97.83439636230469,2648300
2018-10-16,116.5,117.69999694824219,115.75,117.4800033569336,99.27947998046875,2681100
2018-10-17,117.33000183105469,118.05000305175781,115.93000030517578,118.01000213623047,99.72736358642578,2104400
2018-10-18,117.58999633789062,117.75,114.18000030517578,114.7300033569336,96.95551300048828,2270000
2018-10-19,114.7300033569336,116.77999877929688,114.0,116.48999786376953,98.44286346435547,2460000
2018-10-22,116.19000244140625,116.33999633789062,114.7300033569336,115.63999938964844,97.72455596923828,2358900
2018-10-23,114.27999877929688,115.68000030517578,112.94999694824219,114.23999786376953,96.54141998291016,3120200
2018-10-24,111.06999969482422,112.13999938964844,107.45999908447266,107.93000030517578,91.2090072631836,5794600
2018-10-25,107.05000305175781,109.23999786376953,105.61000061035156,107.81999969482422,91.11604309082031,4269800
2018-10-26,106.5,107.13999938964844,104.44000244140625,105.30999755859375,88.99491119384766,3965200
2018-10-29,106.55999755859375,107.43000030517578,103.83000183105469,105.12999725341797,88.8427963256836,3355100
2018-10-30,105.44999694824219,107.55000305175781,104.70999908447266,107.06999969482422,90.48225402832031,3047400
2018-10-31,108.25,109.0199966430664,106.45999908447266,106.54000091552734,90.03435516357422,3620800
2018-11-01,106.88999938964844,108.16000366210938,105.94000244140625,107.5199966430664,90.8625259399414,2897800
2018-11-02,107.0999984741211,107.66999816894531,105.4800033569336,105.98999786376953,89.56957244873047,2854000
2018-11-05,106.41999816894531,107.44999694824219,106.02999877929688,106.81999969482422,90.2709732055664,2445600
2018-11-06,106.76000213623047,108.88999938964844,106.45999908447266,108.6500015258789,91.81746673583984,2582900
2018-11-07,109.23999786376953,111.31999969482422,108.01000213623047,111.12999725341797,93.9132308959961,3720900
2018-11-08,110.83999633789062,111.94999694824219,110.75,111.5,94.2259292602539,2566400
2018-11-09,111.88999938964844,112.12999725341797,109.22000122070312,109.51000213623047,92.54421997070312,3377000
2018-11-12,109.75,110.44999694824219,107.4800033569336,107.72000122070312,91.03153991699219,1810300
2018-11-13,108.06999969482422,110.5199966430664,108.0,109.4000015258789,92.45126342773438,3578300
2018-11-14,110.45999908447266,112.06999969482422,108.37000274658203,109.5,92.53577423095703,2964400
2018-11-15,108.97000122070312,110.98999786376953,107.4000015258789,110.44999694824219,93.33860778808594,3303700
2018-11-16,109.44000244140625,110.79000091552734,108.80999755859375,110.08999633789062,93.80725860595703,2583900
2018-11-19,110.11000061035156,111.91000366210938,109.88999938964844,111.29000091552734,94.82977294921875,2932500
2018-11-20,110.29000091552734,110.80000305175781,108.02999877929688,108.51000213623047,92.46095275878906,3485400
2018-11-21,109.0,109.70999908447266,108.48999786376953,108.7699966430664,92.68247985839844,1660600
2018-11-23,108.83000183105469,109.9800033569336,108.25,108.69000244140625,92.61431884765625,835900
2018-11-26,109.91000366210938,110.91999816894531,109.04000091552734,110.63999938964844,94.2759017944336,3400000
2018-11-27,110.11000061035156,111.55999755859375,109.62999725341797,111.51000213623047,95.01721954345703,1933800
2018-11-28,111.63999938964844,113.62000274658203,110.93000030517578,113.55000305175781,96.75550079345703,2322000
2018-11-29,113.11000061035156,113.93000030517578,112.36000061035156,113.26000213623047,96.50839233398438,1998400
2018-11-30,113.73999786376953,115.44000244140625,113.19000244140625,115.29000091552734,98.23814392089844,3564200
2018-12-03,116.62000274658203,117.29000091552734,113.77999877929688,115.2699966430664,98.2210922241211,3529800
2018-12-04,113.5999984741211,113.77999877929688,105.8499984741211,106.7699966430664,90.97830200195312,6865900
2018-12-06,106.13999938964844,108.0999984741211,105.37999725341797,108.04000091552734,92.06045532226562,4269600
2018-12-07,108.02999877929688,109.33999633789062,104.47000122070312,105.31999969482422,89.74275970458984,3172100
2018-12-10,104.66000366210938,105.48999786376953,100.88999938964844,104.4000015258789,88.95880889892578,3993400
2018-12-11,105.77999877929688,106.4000015258789,102.27999877929688,103.58000183105469,88.26010131835938,2382600
2018-12-12,104.66999816894531,104.9000015258789,101.16999816894531,101.20999908447266,86.24063110351562,4453700
2018-12-13,101.33000183105469,101.8499984741211,99.75,100.77999877929688,85.8742446899414,3490500
2018-12-14,99.87000274658203,100.04000091552734,97.54000091552734,98.66000366210938,84.06779479980469,4532200
2018-12-17,98.4000015258789,98.83000183105469,96.36000061035156,96.87000274658203,82.54257202148438,4649200
2018-12-18,97.87999725341797,99.06999969482422,96.69999694824219,97.27999877929688,82.89189910888672,3404700
2018-12-19,93.70999908447266,98.55000305175781,93.26000213623047,94.31999969482422,80.36969757080078,6326000
2018-12-20,94.4800033569336,95.77999877929688,92.69000244140625,93.94000244140625,80.04590606689453,5200000
2018-12-21,93.55000305175781,95.27999877929688,93.16000366210938,93.5,79.67097473144531,7889200
2018-12-24,93.02999877929688,93.3499984741211,89.88999938964844,89.88999938964844,76.59490966796875,2728300
2018-12-26,90.83000183105469,96.77999877929688,89.94000244140625,96.61000061035156,82.32099151611328,6259400
2018-12-27,95.23999786376953,97.77999877929688,94.08000183105469,97.77999877929688,83.31795501708984,4335500
2018-12-28,98.18000030517578,98.81999969482422,96.13999938964844,96.52999877929688,82.2528305053711,2972200
2018-12-31,96.86000061035156,97.55999755859375,96.44000244140625,97.52999877929688,83.10492706298828,2656700
2019-01-02,96.12000274658203,97.36000061035156,95.77999877929688,97.20999908447266,82.83224487304688,3297300
2019-01-03,96.47000122070312,96.6500015258789,94.19000244140625,94.44999694824219,80.48047637939453,2705000
2019-01-04,96.19000244140625,97.93000030517578,95.83000183105469,97.73999786376953,83.28384399414062,3347300
2019-01-07,97.4800033569336,98.1500015258789,96.18000030517578,97.41000366210938,83.002685546875,3795700
2019-01-08,98.45999908447266,99.11000061035156,96.52999877929688,97.41999816894531,83.01119995117188,3034300
2019-01-09,97.58999633789062,98.33000183105469,97.16000366210938,97.91999816894531,83.437255859375,3678200
2019-01-10,97.4000015258789,99.13999938964844,96.8499984741211,98.91000366210938,84.28082275390625,2432200
2019-01-11,98.29000091552734,98.95999908447266,97.30999755859375,97.91000366210938,83.42874908447266,5282800
2019-01-14,97.33000183105469,99.6500015258789,96.62999725341797,99.13999938964844,84.47681427001953,4731000
2019-01-15,99.13999938964844,99.13999938964844,96.81999969482422,97.55999755859375,83.13048553466797,4777100
2019-01-16,97.9000015258789,98.94999694824219,96.87000274658203,96.98999786376953,82.64480590820312,4463400
2019-01-17,96.94999694824219,99.6500015258789,96.80000305175781,99.58000183105469,84.85171508789062,4004300
2019-01-18,100.43000030517578,101.87000274658203,100.11000061035156,101.5999984741211,86.57295227050781,4249100
2019-01-22,101.5,103.0,101.1500015258789,102.68000030517578,87.49322509765625,5593900
2019-01-23,103.04000091552734,103.12999725341797,99.23999786376953,100.91999816894531,85.9935302734375,4573100
2019-01-24,100.36000061035156,100.63999938964844,98.83000183105469,99.69999694824219,84.95397186279297,2807000
2019-01-25,100.69999694824219,101.73999786376953,100.0,100.83000183105469,85.91683959960938,3445500
2019-01-28,99.87000274658203,100.62000274658203,98.91000366210938,100.33000183105469,85.49078369140625,3126200
2019-01-29,100.37000274658203,101.33000183105469,99.77999877929688,101.30000305175781,86.31732940673828,2209000
2019-01-30,101.88999938964844,102.05000305175781,100.25,101.19000244140625,86.22360229492188,4013000
2019-01-31,105.5,108.0,102.75,105.4000015258789,89.81092834472656,7327400
2019-02-01,105.72000122070312,106.5,105.26000213623047,106.08999633789062,90.39885711669922,3526100
2019-02-04,106.0,106.58999633789062,105.41999816894531,106.58000183105469,90.81640625,3184700
2019-02-05,106.80999755859375,107.70999908447266,106.04000091552734,107.66000366210938,91.73667907714844,3690400
2019-02-06,107.44999694824219,108.83999633789062,107.16999816894531,108.81999969482422,92.72509765625,4490600
2019-02-07,108.3499984741211,108.94999694824219,107.38999938964844,107.94000244140625,91.97525024414062,3395700
2019-02-08,107.38999938964844,108.12000274658203,106.73999786376953,108.0999984741211,92.11160278320312,2951000
2019-02-11,108.20999908447266,109.0199966430664,107.88999938964844,108.93000030517578,92.81881713867188,2765300
2019-02-12,109.55999755859375,110.79000091552734,109.55999755859375,110.66000366210938,94.2929458618164,2881600
2019-02-13,111.0,112.05999755859375,110.4800033569336,112.01000213623047,95.44329071044922,2731500
2019-02-14,111.41000366210938,112.16999816894531,110.61000061035156,111.80000305175781,95.26433563232422,2359400
2019-02-15,110.93000030517578,111.94999694824219,109.62000274658203,110.87000274658203,94.47189331054688,4273400
2019-02-19,110.9000015258789,111.75,110.16999816894531,110.7699966430664,94.38667297363281,2658700
2019-02-20,110.93000030517578,111.16000366210938,110.4000015258789,111.06999969482422,94.6423110961914,3346700
2019-02-21,110.7699966430664,112.27999877929688,110.70999908447266,111.76000213623047,95.23026275634766,2260100
2019-02-22,111.88999938964844,111.88999938964844,107.8499984741211,110.36000061035156,94.03732299804688,4085000
2019-02-25,109.9000015258789,111.2300033569336,109.6500015258789,110.86000061035156,95.29229736328125,3112700
2019-02-26,110.72000122070312,111.9000015258789,110.66999816894531,111.04000091552734,95.44701385498047,2927600
2019-02-27,110.93000030517578,111.19999694824219,110.41999816894531,111.12999725341797,95.52436828613281,2620800
2019-02-28,110.73999786376953,111.08999633789062,109.98999786376953,110.19999694824219,94.72496795654297,2843600
2019-03-01,110.94000244140625,112.37000274658203,110.3499984741211,112.12999725341797,96.38395690917969,3904100
2019-03-04,112.72000122070312,112.9000015258789,109.80999755859375,110.4800033569336,94.96565246582031,2730700
2019-03-05,109.88999938964844,110.8499984741211,109.01000213623047,109.97000122070312,94.52726745605469,3150900
2019-03-06,109.83000183105469,110.01000213623047,108.33000183105469,108.8499984741211,93.5645523071289,2679500
2019-03-07,108.6500015258789,109.02999877929688,106.22000122070312,106.86000061035156,91.85400390625,3979700
2019-03-08,106.19000244140625,106.7300033569336,104.94000244140625,106.68000030517578,91.69928741455078,2648600
2019-03-11,106.87000274658203,108.91999816894531,106.79000091552734,108.83000183105469,93.54736328125,2963400
2019-03-12,109.08000183105469,109.83999633789062,108.62000274658203,109.01000213623047,93.70210266113281,2549600
2019-03-13,109.72000122070312,111.7300033569336,109.58000183105469,110.86000061035156,95.29229736328125,3323800
2019-03-14,111.16000366210938,111.18000030517578,110.08000183105469,110.87999725341797,95.30947875976562,2539600
2019-03-15,110.8499984741211,111.25,109.41999816894531,109.5199966430664,94.14047241210938,4874400
2019-03-18,109.55000305175781,110.87000274658203,109.5,110.69000244140625,95.14617919921875,2394600
2019-03-19,110.80000305175781,111.0199966430664,110.11000061035156,110.3499984741211,94.85392761230469,2940800
2019-03-20,108.33000183105469,109.0,106.5,107.91999816894531,92.76515197753906,4199100
2019-03-21,107.2699966430664,109.97000122070312,106.93000030517578,109.80000305175781,94.38114929199219,1819900
2019-03-22,109.2699966430664,109.58999633789062,107.30000305175781,107.3499984741211,92.27519226074219,2727900
2019-03-25,107.06999969482422,107.45999908447266,106.33999633789062,106.9000015258789,91.88838958740234,2088200
2019-03-26,107.69000244140625,108.79000091552734,107.27999877929688,108.41000366210938,93.18634796142578,2204400
2019-03-27,108.5,109.13999938964844,108.16000366210938,108.9800033569336,93.67630767822266,1911300
2019-03-28,109.30999755859375,110.41000366210938,109.0199966430664,110.30000305175781,94.81095123291016,1621000
2019-03-29,111.0,112.02999877929688,110.93000030517578,111.73999786376953,96.04872131347656,3428600
2019-04-01,113.19000244140625,114.77999877929688,112.9000015258789,114.43000030517578,98.36099243164062,3721700
2019-04-02,114.37999725341797,114.55000305175781,113.11000061035156,113.68000030517578,97.71629333496094,2456400
2019-04-03,114.5,115.02999877929688,113.87999725341797,114.3499984741211,98.2922134399414,2556500
2019-04-04,114.30000305175781,114.56999969482422,113.48999786376953,113.97000122070312,97.965576171875,2889400
2019-04-05,114.16000366210938,114.91000366210938,114.04000091552734,114.33000183105469,98.27503204345703,2487300
2019-04-08,113.7300033569336,114.05999755859375,113.31999969482422,113.97000122070312,97.965576171875,1854500
2019-04-09,113.06999969482422,113.2699966430664,112.41000366210938,112.91000366210938,97.0544204711914,2230000
2019-04-10,113.16999816894531,113.2699966430664,112.30999755859375,113.08000183105469,97.20054626464844,1767700
2019-04-11,113.19999694824219,113.7300033569336,112.87999725341797,113.48999786376953,97.55298614501953,2384800
2019-04-12,113.94000244140625,114.87999725341797,113.45999908447266,114.45999908447266,98.38676452636719,2853700
2019-04-15,114.72000122070312,114.91000366210938,113.22000122070312,113.63999938964844,97.68189239501953,1768300
2019-04-16,113.69000244140625,114.1500015258789,113.38999938964844,113.94000244140625,97.93978118896484,2072500
2019-04-17,114.41999816894531,114.72000122070312,113.80999755859375,114.48999786376953,98.41253662109375,2108400
2019-04-18,114.52999877929688,114.72000122070312,114.06999969482422,114.1500015258789,98.12028503417969,1859700
2019-04-22,113.58000183105469,113.86000061035156,112.86000061035156,113.62000274658203,97.66472625732422,2585500
2019-04-23,113.33999633789062,114.05000305175781,112.81999969482422,113.5999984741211,97.64752960205078,2851300
2019-04-24,113.5999984741211,114.9800033569336,113.44999694824219,114.43000030517578,98.36099243164062,3570600
2019-04-25,109.58999633789062,109.87999725341797,104.19999694824219,105.12999725341797,90.36692810058594,10116600
2019-04-26,104.91000366210938,105.0199966430664,103.19999694824219,103.94999694824219,89.35264587402344,5421700
2019-04-29,104.01000213623047,104.97000122070312,103.0199966430664,104.83999633789062,90.11766815185547,4551000
2019-04-30,104.68000030517578,106.41999816894531,103.30999755859375,106.22000122070312,91.30387115478516,5101400
2019-05-01,106.05999755859375,106.5,104.26000213623047,104.62000274658203,89.92858123779297,2615100
2019-05-02,104.62000274658203,106.02999877929688,104.0999984741211,105.51000213623047,90.6935806274414,2589800
2019-05-03,106.13999938964844,106.94999694824219,105.31999969482422,106.6500015258789,91.6734848022461,3107500
2019-05-06,104.55000305175781,105.88999938964844,104.01000213623047,104.62000274658203,89.92858123779297,2704900
2019-05-07,103.87999725341797,104.08000183105469,101.0999984741211,102.08999633789062,87.75382232666016,4221600
2019-05-08,102.23999786376953,103.13999938964844,101.75,101.8499984741211,87.54753875732422,2497800
2019-05-09,101.08000183105469,101.08000183105469,99.7699966430664,100.75,86.60202026367188,3998700
2019-05-10,100.20999908447266,101.0,98.43000030517578,100.62999725341797,86.49885559082031,3071200
2019-05-13,98.62000274658203,99.4800033569336,97.87000274658203,99.3499984741211,85.39859771728516,3766300
2019-05-14,99.6500015258789,100.93000030517578,99.55999755859375,99.76000213623047,85.75102996826172,2889100
2019-05-15,99.41000366210938,102.01000213623047,98.87000274658203,101.54000091552734,87.28106689453125,3818300
2019-05-16,101.5999984741211,102.9000015258789,100.9800033569336,101.30999755859375,87.08336639404297,3337900
2019-05-17,99.54000091552734,100.6500015258789,99.0,99.4000015258789,86.25897979736328,2587000
2019-05-20,98.5999984741211,98.83999633789062,97.87999725341797,98.5199966430664,85.49532318115234,2088500
2019-05-21,99.3499984741211,99.75,98.54000091552734,99.41000366210938,86.26763916015625,1762100
2019-05-22,98.72000122070312,98.81999969482422,97.44000244140625,97.5,84.61014556884766,2580700
2019-05-23,96.91999816894531,97.0,95.1500015258789,96.16999816894531,83.45597839355469,3111900
2019-05-24,96.41000366210938,96.81999969482422,95.33999633789062,95.8499984741211,83.17829132080078,2401700
2019-05-28,95.87999725341797,95.94999694824219,94.06999969482422,94.06999969482422,81.63362121582031,3357400
2019-05-29,93.95999908447266,95.12000274658203,93.04000091552734,94.7699966430664,82.24105834960938,3388100
2019-05-30,95.4000015258789,96.12999725341797,95.0199966430664,95.75,83.09150695800781,2518800
2019-05-31,94.37999725341797,95.0,92.6500015258789,92.91999816894531,80.6356430053711,4192400
2019-06-03,92.83999633789062,95.06999969482422,92.83000183105469,94.12999725341797,81.68566131591797,4971400
2019-06-04,95.4800033569336,97.68000030517578,94.69000244140625,97.66000366210938,84.74900817871094,5096000
2019-06-05,98.33000183105469,98.6500015258789,97.58000183105469,98.20999908447266,85.2262954711914,2766900
2019-06-06,98.22000122070312,98.44999694824219,97.43000030517578,98.0,85.0440444946289,2643200
2019-06-07,98.69000244140625,98.94000244140625,98.05000305175781,98.2300033569336,85.24363708496094,2803200
2019-06-10,99.1500015258789,100.43000030517578,98.91999816894531,100.08999633789062,86.85775756835938,3327200
2019-06-11,100.98999786376953,101.33999633789062,99.86000061035156,100.01000213623047,86.78832244873047,3229200
2019-06-12,99.58000183105469,100.43000030517578,99.37000274658203,100.4000015258789,87.12676239013672,2261700
2019-06-13,101.0,102.29000091552734,100.95999908447266,102.0199966430664,88.53260040283203,2943100
2019-06-14,101.8499984741211,101.88999938964844,100.6500015258789,101.62000274658203,88.18547058105469,1829500
2019-06-17,101.6500015258789,101.93000030517578,100.97000122070312,101.4000015258789,87.99456024169922,2317800
2019-06-18,101.88999938964844,103.58999633789062,101.63999938964844,102.1500015258789,88.64540100097656,2524200
2019-06-19,102.26000213623047,102.5199966430664,100.97000122070312,101.55999755859375,88.13341522216797,2056500
2019-06-20,102.75,103.69000244140625,102.41000366210938,103.4000015258789,89.73016357421875,2622900
2019-06-21,103.41000366210938,103.63999938964844,102.13999938964844,102.16999816894531,88.66275787353516,5283100
2019-06-24,101.6500015258789,101.98999786376953,99.66000366210938,99.72000122070312,86.53666687011719,3704600
2019-06-25,99.72000122070312,99.72000122070312,96.98999786376953,97.12999725341797,84.28907775878906,5339400
2019-06-26,97.61000061035156,100.37999725341797,97.13999938964844,99.97000122070312,86.75360870361328,4624000
2019-06-27,100.33999633789062,102.08999633789062,100.16999816894531,101.69999694824219,88.2549057006836,2613600
2019-06-28,102.23999786376953,103.47000122070312,102.23999786376953,103.2699966430664,89.61734008789062,3130400
2019-07-01,104.58000183105469,105.12000274658203,102.37999725341797,102.97000122070312,89.35700225830078,2627600
2019-07-02,103.12999725341797,103.12999725341797,101.31999969482422,102.0,88.51524353027344,2020200
2019-07-03,102.22000122070312,103.20999908447266,101.86000061035156,103.19999694824219,89.55659484863281,1193300
2019-07-05,102.79000091552734,102.79000091552734,101.25,102.41999816894531,88.87969970703125,1572000
2019-07-08,101.70999908447266,102.68000030517578,101.70999908447266,101.91999816894531,88.44580841064453,1675300
2019-07-09,101.62999725341797,101.76000213623047,101.16000366210938,101.7300033569336,88.28093719482422,1952300
2019-07-10,102.43000030517578,102.44999694824219,101.26000213623047,101.62000274658203,88.18547058105469,1992400
2019-07-11,101.63999938964844,103.38999938964844,101.45999908447266,103.33000183105469,89.66940307617188,1820000
2019-07-12,103.69999694824219,106.20999908447266,103.69999694824219,105.91000366210938,91.9083251953125,3541300
2019-07-15,105.72000122070312,106.25,104.55000305175781,105.79000091552734,91.8041763305664,2288200
2019-07-16,106.25,107.52999877929688,105.55999755859375,105.61000061035156,91.64797973632812,2958400
2019-07-17,105.08000183105469,105.08000183105469,102.08999633789062,102.2300033569336,88.71483612060547,3672300
2019-07-18,101.91000366210938,102.95999908447266,101.81999969482422,102.80000305175781,89.20948028564453,2359000
2019-07-19,103.20999908447266,104.83000183105469,103.16000366210938,103.30999755859375,89.65205383300781,3011800
2019-07-22,103.91000366210938,104.45999908447266,103.63999938964844,104.01000213623047,90.2594985961914,2495400
2019-07-23,104.4800033569336,105.30999755859375,104.01000213623047,105.2699966430664,91.3529281616211,3362300
2019-07-24,110.06999969482422,115.05000305175781,109.61000061035156,114.38999938964844,99.26724243164062,12086000
2019-07-25,115.30000305175781,118.29000091552734,114.87999725341797,118.25,102.61692810058594,8941300
2019-07-26,117.4800033569336,121.30000305175781,117.44000244140625,120.58000183105469,104.63890075683594,8526500
2019-07-29,119.37999725341797,119.80000305175781,118.0999984741211,118.75,103.05081939697266,4171100
2019-07-30,117.68000030517578,120.58000183105469,117.16000366210938,119.80999755859375,103.97068786621094,3265900
2019-07-31,119.6500015258789,121.19999694824219,118.19000244140625,119.47000122070312,103.67564392089844,4859500
2019-08-01,118.87000274658203,120.7699966430664,116.56999969482422,116.9800033569336,101.51483917236328,5106700
2019-08-02,116.6500015258789,118.08999633789062,116.30000305175781,117.19999694824219,101.70574188232422,3669300
2019-08-05,115.4800033569336,115.72000122070312,113.62999725341797,114.8499984741211,99.66642761230469,4332900
2019-08-06,115.61000061035156,115.93000030517578,113.58999633789062,115.0,99.79660034179688,4875200
2019-08-07,113.63999938964844,115.55999755859375,112.22000122070312,115.41000366210938,100.15240478515625,3529400
2019-08-08,116.54000091552734,117.80000305175781,116.25,117.55000305175781,102.00947570800781,2349100
2019-08-09,117.25,117.44000244140625,115.44000244140625,115.75,100.44744110107422,2113800
2019-08-12,115.12999725341797,115.94000244140625,114.45999908447266,114.88999938964844,99.70113372802734,1724000
2019-08-13,114.4000015258789,117.93000030517578,114.25,115.83000183105469,100.51685333251953,2804800
2019-08-14,114.76000213623047,115.3499984741211,113.9000015258789,114.04000091552734,98.9635009765625,3775700
2019-08-15,114.69999694824219,114.83000183105469,112.70999908447266,113.9000015258789,98.84203338623047,3698000
2019-08-16,113.9000015258789,115.43000030517578,113.9000015258789,115.30000305175781,100.90741729736328,2723300
2019-08-19,116.68000030517578,117.5,116.26000213623047,116.79000091552734,102.21142578125,2382600
2019-08-20,116.25,116.4800033569336,114.95999908447266,115.04000091552734,100.67989349365234,2599100
2019-08-21,116.31999969482422,116.5999984741211,115.30999755859375,115.93000030517578,101.45878601074219,1906900
2019-08-22,116.33999633789062,116.94000244140625,114.11000061035156,115.22000122070312,100.83741760253906,3005000
2019-08-23,114.33000183105469,114.6500015258789,110.51000213623047,111.27999877929688,97.38922882080078,4375800
2019-08-26,113.04000091552734,114.75,112.54000091552734,114.36000061035156,100.08475494384766,3215800
2019-08-27,114.66999816894531,115.0,113.45999908447266,114.12999725341797,99.88346862792969,2883900
2019-08-28,113.87000274658203,116.79000091552734,113.33999633789062,116.33000183105469,101.8088607788086,2609900
2019-08-29,117.80999755859375,119.51000213623047,117.33999633789062,118.37000274658203,103.5942153930664,2708100
2019-08-30,119.58999633789062,119.8499984741211,118.54000091552734,118.66000366210938,103.84800720214844,2209700
2019-09-03,117.66000366210938,118.37999725341797,116.19000244140625,117.33000183105469,102.68402862548828,1981800
2019-09-04,118.56999969482422,119.94000244140625,118.44000244140625,119.47000122070312,104.556884765625,2732900
2019-09-05,120.12000274658203,122.54000091552734,120.0,121.19999694824219,106.07093811035156,2854900
2019-09-06,121.5199966430664,121.88999938964844,119.76000213623047,120.08000183105469,105.09075164794922,2116500
2019-09-09,121.0,122.19000244140625,120.27999877929688,121.66000366210938,106.4735107421875,2882300
2019-09-10,121.19999694824219,122.47000122070312,120.7699966430664,122.4000015258789,107.12116241455078,3070200
2019-09-11,122.43000030517578,122.9000015258789,121.20999908447266,122.8499984741211,107.51499938964844,2437000
2019-09-12,122.81999969482422,123.62999725341797,121.81999969482422,122.55999755859375,107.26117706298828,2224400
2019-09-13,123.19000244140625,123.44999694824219,122.33000183105469,122.66999816894531,107.35742950439453,3107300
2019-09-16,122.05999755859375,122.95999908447266,121.4000015258789,122.56999969482422,107.26992797851562,2294400
2019-09-17,121.72000122070312,122.5199966430664,121.05999755859375,122.38999938964844,107.11241149902344,2007500
2019-09-18,119.12000274658203,121.30000305175781,118.72000122070312,121.04000091552734,105.93091583251953,4116500
2019-09-19,120.61000061035156,120.76000213623047,118.9000015258789,119.12000274658203,104.2505874633789,3733700
2019-09-20,119.83000183105469,120.91999816894531,119.2699966430664,120.69999694824219,105.63333892822266,5308400
2019-09-23,119.80000305175781,120.88999938964844,118.91000366210938,119.05000305175781,104.18932342529297,2999900
2019-09-24,119.22000122070312,119.97000122070312,117.43000030517578,117.98999786376953,103.26165008544922,3160500
2019-09-25,118.2300033569336,119.9000015258789,117.94999694824219,119.05000305175781,104.18932342529297,3203000
2019-09-26,119.0,119.0,117.66000366210938,118.44999694824219,103.66421508789062,1999400
2019-09-27,119.0,119.5,118.33000183105469,118.94999694824219,104.10181427001953,2456000
2019-09-30,119.30999755859375,120.0,118.98999786376953,119.81999969482422,104.86321258544922,2639000
2019-10-01,120.25,120.69999694824219,114.8499984741211,115.80999755859375,101.35376739501953,4295800
2019-10-02,114.88999938964844,115.9800033569336,114.33999633789062,115.23999786376953,100.85492706298828,3903400
2019-10-03,115.4000015258789,116.47000122070312,114.01000213623047,115.9000015258789,101.43253326416016,2936300
2019-10-04,116.13999938964844,117.5999984741211,115.93000030517578,117.48999786376953,102.82405853271484,2321800
2019-10-07,116.69999694824219,117.02999877929688,115.43000030517578,115.56999969482422,101.14373016357422,2775800
2019-10-08,114.41000366210938,114.41000366210938,112.44000244140625,112.73999786376953,98.66698455810547,3373900
2019-10-09,114.0,114.5,113.1500015258789,113.86000061035156,99.64717864990234,2553200
2019-10-10,114.04000091552734,115.43000030517578,113.81999969482422,115.27999877929688,100.88992309570312,2209500
2019-10-11,116.87999725341797,117.9800033569336,115.88999938964844,116.0199966430664,101.53753662109375,3083300
2019-10-14,115.94000244140625,116.66999816894531,115.51000213623047,115.87000274658203,101.40628051757812,1960300
2019-10-15,116.08999633789062,118.16000366210938,115.83000183105469,116.4800033569336,101.94013214111328,2616300
2019-10-16,116.1500015258789,117.54000091552734,116.1500015258789,117.5,102.83280944824219,2260600
2019-10-17,117.80999755859375,118.91999816894531,117.66999816894531,118.38999938964844,103.61170196533203,2197500
2019-10-18,118.44000244140625,118.63999938964844,117.02999877929688,117.3499984741211,102.70152282714844,2720600
2019-10-21,117.69999694824219,119.25,117.5999984741211,118.5199966430664,103.72547912597656,3251100
2019-10-22,115.83000183105469,116.55999755859375,111.77999877929688,116.0999984741211,101.6075668334961,8275700
2019-10-23,115.4000015258789,116.06999969482422,114.66000366210938,115.1500015258789,100.77616119384766,3644200
2019-10-24,114.80000305175781,115.5,113.41999816894531,114.01000213623047,99.77845001220703,2969600
2019-10-25,114.0,115.97000122070312,113.87000274658203,115.72000122070312,101.2750015258789,2704400
2019-10-28,116.08000183105469,117.27999877929688,115.9800033569336,116.25,101.73883819580078,1730400
2019-10-29,116.63999938964844,117.63999938964844,116.30000305175781,116.91000366210938,102.31644439697266,2867300
2019-10-30,116.87000274658203,117.0,115.08000183105469,116.87999725341797,102.29019165039062,2417300
2019-10-31,116.04000091552734,116.87999725341797,114.51000213623047,115.16999816894531,100.79364776611328,2954200
2019-11-01,116.45999908447266,119.58000183105469,116.11000061035156,119.51000213623047,104.59190368652344,4171900
2019-11-04,120.0,123.0999984741211,120.0,123.0199966430664,107.66375732421875,4230700
2019-11-05,123.31999969482422,123.77999877929688,121.27999877929688,121.38999938964844,106.23722839355469,3117800
2019-11-06,121.37999725341797,121.94999694824219,120.73999786376953,121.94999694824219,106.72732543945312,2820200
2019-11-07,122.3499984741211,124.66000366210938,122.0199966430664,123.48999786376953,108.07508087158203,3156200
2019-11-08,123.5199966430664,125.30999755859375,123.51000213623047,124.30000305175781,108.78400421142578,2310700
2019-11-11,123.41000366210938,123.76000213623047,122.73999786376953,123.13999938964844,107.76878356933594,1318700
2019-11-12,123.0,123.68000030517578,122.62000274658203,123.01000213623047,107.65501403808594,1555800
2019-11-13,122.62000274658203,123.45999908447266,122.02999877929688,123.0199966430664,107.66375732421875,1613600
2019-11-14,122.73999786376953,124.2300033569336,122.73999786376953,124.08000183105469,108.59143829345703,1580400
2019-11-15,123.54000091552734,124.0199966430664,123.05000305175781,123.7300033569336,109.12947845458984,1891000
2019-11-18,123.52999877929688,123.75,122.55999755859375,122.7699966430664,108.2827377319336,1772700
2019-11-19,123.45999908447266,123.54000091552734,120.2300033569336,120.54000091552734,106.31587982177734,3642600
2019-11-20,120.19999694824219,120.31999969482422,118.83000183105469,119.01000213623047,104.96644592285156,2904600
2019-11-21,118.79000091552734,119.70999908447266,118.69999694824219,119.5199966430664,105.41622924804688,1994700
2019-11-22,119.95999908447266,121.11000061035156,119.05999755859375,119.31999969482422,105.23983764648438,2597800
2019-11-25,119.83999633789062,120.4000015258789,119.25,120.30000305175781,106.10421752929688,2460400
2019-11-26,120.37000274658203,121.68000030517578,119.91000366210938,121.19999694824219,106.89800262451172,2872800
2019-11-27,121.44000244140625,121.69999694824219,119.75,119.87000274658203,105.72496032714844,1862700
2019-11-29,120.0199966430664,120.25,119.62000274658203,119.7300033569336,105.6014633178711,1372000
2019-12-02,120.08999633789062,120.66000366210938,118.1500015258789,118.22000122070312,104.2696533203125,2438300
2019-12-03,116.83000183105469,117.4000015258789,115.72000122070312,116.93000030517578,103.13188171386719,2037000
2019-12-04,117.22000122070312,118.2300033569336,116.37999725341797,116.47000122070312,102.72615814208984,2202200
2019-12-05,116.08000183105469,116.4000015258789,114.25,115.01000213623047,101.4384536743164,4889400
2019-12-06,116.0,117.8499984741211,116.0,117.52999877929688,103.66109466552734,2762700
2019-12-09,117.0,118.36000061035156,116.55999755859375,118.13999938964844,104.19908905029297,1974100
2019-12-10,118.12999725341797,119.37000274658203,117.81999969482422,118.54000091552734,104.55189514160156,2438800
2019-12-11,118.54000091552734,118.54000091552734,116.76000213623047,116.79000091552734,103.0083999633789,3354200
2019-12-12,115.18000030517578,117.55000305175781,114.77999877929688,116.94999694824219,103.14952850341797,4320600
2019-12-13,118.02999877929688,119.62999725341797,117.80000305175781,118.62000274658203,104.62245178222656,2968100
2019-12-16,119.12000274658203,119.93000030517578,118.73999786376953,119.12000274658203,105.0634536743164,2978200
2019-12-17,120.02999877929688,121.31999969482422,119.55000305175781,120.29000091552734,106.09539031982422,2804800
2019-12-18,118.54000091552734,118.75,117.05000305175781,117.94999694824219,104.03150939941406,4957500
2019-12-19,118.36000061035156,119.55999755859375,118.2699966430664,118.55999755859375,104.56953430175781,3201000
2019-12-20,119.88999938964844,119.88999938964844,117.33000183105469,117.4000015258789,103.54642486572266,6945000
2019-12-23,118.2300033569336,119.41999816894531,117.55999755859375,118.94000244140625,104.90469360351562,2047500
2019-12-24,117.43000030517578,118.36000061035156,117.33999633789062,118.33000183105469,104.3666763305664,872000
2019-12-26,119.08999633789062,119.2300033569336,118.5999984741211,119.04000091552734,104.9928970336914,1274600
2019-12-27,119.44999694824219,119.48999786376953,118.56999969482422,118.94000244140625,104.90469360351562,1419500
2019-12-30,119.22000122070312,119.22000122070312,116.25,116.44000244140625,102.69970703125,2430700
2019-12-31,116.04000091552734,117.08999633789062,115.56999969482422,117.05999755859375,103.24654388427734,2875100
2020-01-02,117.68000030517578,117.97000122070312,115.2300033569336,116.79000091552734,103.0083999633789,4158100
2020-01-03,114.97000122070312,116.86000061035156,114.83999633789062,116.72000122070312,102.94664764404297,2477800
2020-01-06,115.44999694824219,116.2300033569336,114.37000274658203,116.19999694824219,102.48802185058594,3381600
2020-01-07,115.86000061035156,116.44000244140625,115.06999969482422,116.0,102.31163024902344,1952300
2020-01-08,115.37999725341797,117.55999755859375,115.31999969482422,116.66000366210938,102.89375305175781,2016000
2020-01-09,117.02999877929688,117.83000183105469,116.37999725341797,116.93000030517578,103.13188171386719,2151500
2020-01-10,117.06999969482422,117.06999969482422,115.5999984741211,115.87000274658203,102.19697570800781,2545000
2020-01-13,116.12000274658203,117.22000122070312,115.9000015258789,116.75,102.9731216430664,1826200
2020-01-14,116.75,118.18000030517578,116.69000244140625,117.2699966430664,103.4317626953125,2598600
2020-01-15,117.51000213623047,118.69999694824219,117.2699966430664,117.93000030517578,104.01387786865234,3168400
2020-01-16,118.51000213623047,119.11000061035156,118.0999984741211,118.61000061035156,104.61363220214844,2426800
2020-01-17,118.73999786376953,119.23999786376953,118.16999816894531,118.5999984741211,104.60482025146484,3403400
2020-01-21,118.20999908447266,118.54000091552734,116.75,117.38999938964844,103.53759765625,2960700
2020-01-22,117.79000091552734,119.23999786376953,117.25,117.26000213623047,103.42293548583984,2425300
2020-01-23,117.02999877929688,117.12000274658203,115.55000305175781,116.93000030517578,103.13188171386719,2493700
2020-01-24,117.04000091552734,117.11000061035156,115.93000030517578,116.66000366210938,102.89375305175781,2015400
2020-01-27,114.94999694824219,115.44999694824219,113.3499984741211,114.91999816894531,101.35906982421875,2903800
2020-01-28,115.44999694824219,116.36000061035156,114.44000244140625,115.37000274658203,101.75596618652344,2039600
2020-01-29,115.76000213623047,116.98999786376953,115.33000183105469,115.76000213623047,102.09993743896484,2845400
2020-01-30,112.26000213623047,113.06999969482422,107.33999633789062,108.0,95.25565338134766,9473000
2020-01-31,107.83999633789062,107.9000015258789,103.08999633789062,103.5199966430664,91.30431365966797,7234300
2020-02-03,104.16000366210938,104.4800033569336,101.66000366210938,102.02999877929688,89.99012756347656,5627100
2020-02-04,103.33999633789062,103.86000061035156,102.62000274658203,103.37999725341797,91.18081665039062,4858700
2020-02-05,104.62999725341797,106.58999633789062,104.33999633789062,106.04000091552734,93.52693176269531,4439900
2020-02-06,106.5999984741211,107.79000091552734,105.5,106.51000213623047,93.94147491455078,3861800
2020-02-07,106.05000305175781,106.37000274658203,103.0,103.12000274658203,90.95149230957031,5754400
2020-02-10,103.4000015258789,103.75,101.62999725341797,103.06999969482422,90.90740966796875,4669400
2020-02-11,103.41999816894531,105.44999694824219,103.22000122070312,104.87000274658203,92.49498748779297,2806300
2020-02-12,105.7699966430664,106.7699966430664,105.48999786376953,105.54000091552734,93.0859375,2493300
2020-02-13,104.98999786376953,106.12999725341797,104.37000274658203,105.23999786376953,92.82132720947266,2768300
2020-02-14,104.98999786376953,106.19000244140625,104.68000030517578,105.94999694824219,93.44754791259766,2694600
2020-02-18,105.94999694824219,106.91999816894531,105.69999694824219,106.41999816894531,93.86209106445312,3371600
2020-02-19,106.9800033569336,106.9800033569336,105.94999694824219,106.76000213623047,94.16197967529297,2663200
2020-02-20,106.4800033569336,107.61000061035156,105.94999694824219,106.4800033569336,93.9150161743164,3171200
2020-02-21,105.62000274658203,105.7300033569336,102.75,102.94000244140625,90.79273986816406,6034600
2020-02-24,99.76000213623047,100.13999938964844,97.62000274658203,98.48999786376953,87.7286148071289,7300400
2020-02-25,99.06999969482422,99.22000122070312,93.22000122070312,93.9000015258789,83.64012908935547,7609100
2020-02-26,95.08000183105469,95.38999938964844,93.18000030517578,93.7300033569336,83.48871612548828,7411700
2020-02-27,91.51000213623047,93.13999938964844,89.88999938964844,90.23999786376953,80.38003540039062,9143800
2020-02-28,88.62999725341797,91.3499984741211,87.66999816894531,90.48999786376953,80.60272216796875,11498000
2020-03-02,92.05000305175781,93.13999938964844,89.41000366210938,92.75,82.61578369140625,8738800
2020-03-03,94.86000061035156,96.0,90.56999969482422,91.30000305175781,81.32421875,9263400
2020-03-04,92.29000091552734,95.87999725341797,91.43000030517578,95.81999969482422,85.35033416748047,6644800
2020-03-05,92.77999877929688,94.25,91.94000244140625,92.98999786376953,82.82955169677734,5277200
2020-03-06,90.2699966430664,94.4800033569336,90.13999938964844,94.0,83.72919464111328,5598400
2020-03-09,88.44000244140625,92.0,87.0999984741211,87.18000030517578,77.65438842773438,8648300
2020-03-10,90.4800033569336,92.94999694824219,87.19000244140625,92.81999969482422,82.67814636230469,8914200
2020-03-11,89.81999969482422,91.16999816894531,87.30999755859375,87.98999786376953,78.37588500976562,5557200
2020-03-12,82.22000122070312,92.44000244140625,82.0,86.16999816894531,76.75473022460938,9412800
2020-03-13,91.0,94.5999984741211,87.51000213623047,94.2300033569336,83.93408203125,10918900
2020-03-16,85.86000061035156,94.20999908447266,85.5,87.05999755859375,77.5474853515625,9006300
2020-03-17,89.05000305175781,97.20999908447266,87.79000091552734,96.79000091552734,86.21436309814453,10476100
2020-03-18,91.0,101.8499984741211,90.30999755859375,99.26000213623047,88.41447448730469,11152100
2020-03-19,98.66999816894531,103.80000305175781,95.45999908447266,96.25,85.73336791992188,7690300
2020-03-20,96.1500015258789,97.7300033569336,90.91000366210938,93.45999908447266,83.24820709228516,7355300
2020-03-23,94.18000030517578,96.12999725341797,90.25,91.9000015258789,81.85865783691406,7117800
2020-03-24,93.93000030517578,96.69000244140625,92.16000366210938,95.26000213623047,84.85153198242188,6067100
2020-03-25,95.62999725341797,97.79000091552734,91.05000305175781,94.5,84.174560546875,5682000
2020-03-26,94.5,100.02999877929688,93.52999877929688,99.77999877929688,88.8776626586914,6373900
2020-03-27,95.5999984741211,99.55000305175781,95.0,97.5199966430664,86.86459350585938,4671100
2020-03-30,98.12999725341797,98.80999755859375,95.91000366210938,97.83999633789062,87.14962768554688,3994200
2020-03-31,96.91000366210938,97.30999755859375,93.16000366210938,93.41999816894531,83.21257781982422,5391300
2020-04-01,90.91000366210938,92.87999725341797,89.08000183105469,90.38999938964844,80.51364135742188,5762800
2020-04-02,89.76000213623047,93.55999755859375,88.3499984741211,93.04000091552734,82.87409210205078,4039900
2020-04-03,92.16999816894531,93.4000015258789,88.81999969482422,90.0,80.16625213623047,4471900
2020-04-06,93.20999908447266,96.4800033569336,92.41999816894531,95.68000030517578,85.22566223144531,5642700
2020-04-07,96.25,97.44999694824219,92.69000244140625,92.91000366210938,82.75830841064453,5113900
2020-04-08,97.0,99.5,93.76000213623047,98.79000091552734,87.99583435058594,6628400
2020-04-09,98.58000183105469,100.02999877929688,96.12000274658203,98.69000244140625,87.9067611694336,5588500
2020-04-13,98.58000183105469,100.25,98.19000244140625,98.41999816894531,87.666259765625,3355100
2020-04-14,100.55999755859375,101.83000183105469,99.55999755859375,101.4000015258789,90.32064819335938,4093100
2020-04-15,99.94000244140625,99.9800033569336,97.94000244140625,99.91999816894531,89.00235748291016,3721200
2020-04-16,100.18000030517578,102.48999786376953,99.5999984741211,102.22000122070312,91.05106353759766,4303400
2020-04-17,102.16000366210938,103.75,99.83000183105469,102.75,91.52313995361328,5850100
2020-04-20,101.73999786376953,103.0,101.05000305175781,101.19999694824219,90.14250183105469,4359500
2020-04-21,100.36000061035156,102.11000061035156,100.25,100.62000274658203,89.62588500976562,3793800
2020-04-22,101.5,101.7699966430664,97.37999725341797,97.61000061035156,86.94475555419922,5099500
2020-04-23,98.36000061035156,100.23999786376953,98.05999755859375,99.44999694824219,88.58370971679688,4061800
2020-04-24,100.19000244140625,100.44999694824219,98.58999633789062,100.18000030517578,89.23397827148438,2792400
2020-04-27,101.0,103.48999786376953,99.80000305175781,102.55000305175781,91.34500885009766,4362300
2020-04-28,99.25,99.31999969482422,96.18000030517578,96.43000030517578,85.89368438720703,10400900
2020-04-29,96.0999984741211,97.1500015258789,94.11000061035156,96.11000061035156,85.60865783691406,9974000
2020-04-30,95.5999984741211,95.73999786376953,92.81999969482422,94.66000366210938,84.31708526611328,6262500
2020-05-01,93.2300033569336,93.70999908447266,91.25,91.9000015258789,81.85865783691406,5415600
2020-05-04,91.61000061035156,91.80000305175781,89.5999984741211,90.44000244140625,80.5582046508789,4784400
2020-05-05,91.52999877929688,93.8499984741211,91.4000015258789,92.70999908447266,82.58015441894531,5001000
2020-05-06,93.13999938964844,94.43000030517578,92.69999694824219,92.93000030517578,82.77611541748047,3630300
2020-05-07,93.98999786376953,94.2699966430664,92.44999694824219,92.83000183105469,82.6870346069336,3309800
2020-05-08,93.54000091552734,94.9800033569336,93.30999755859375,94.83000183105469,84.4685287475586,3418000
2020-05-11,94.20999908447266,94.86000061035156,93.0999984741211,93.91000366210938,83.64904022216797,3118400
2020-05-12,94.76000213623047,95.16000366210938,92.83000183105469,92.8499984741211,82.70484924316406,3504600
2020-05-13,92.55999755859375,93.2300033569336,90.37999725341797,90.73999786376953,80.82540893554688,3690800
2020-05-14,90.0,91.80000305175781,88.8499984741211,91.69000244140625,81.67161560058594,4031700
2020-05-15,90.83999633789062,91.88999938964844,90.63999938964844,91.02999877929688,81.08372497558594,3990600
2020-05-18,93.33000183105469,97.05000305175781,93.05999755859375,96.0999984741211,85.5997543334961,5509500
2020-05-19,95.93000030517578,97.47000122070312,95.41000366210938,96.43000030517578,85.89368438720703,3674300
2020-05-20,97.5,98.45999908447266,96.47000122070312,97.18000030517578,86.56175231933594,3291700
2020-05-21,96.7300033569336,97.98999786376953,96.5999984741211,97.30999755859375,86.67754364013672,5452100
2020-05-22,96.79000091552734,97.56999969482422,95.69999694824219,96.72000122070312,87.05558013916016,2406600
2020-05-26,98.1500015258789,98.94000244140625,96.77999877929688,97.06999969482422,87.37059783935547,5563700
2020-05-27,97.77999877929688,99.73999786376953,96.91999816894531,99.62000274658203,89.66581726074219,4436400
2020-05-28,100.0,101.0999984741211,98.33000183105469,99.72000122070312,89.75581359863281,5460800
2020-05-29,99.33000183105469,100.41000366210938,98.3499984741211,99.70999908447266,89.7468032836914,5962400
2020-06-01,99.4800033569336,99.68000030517578,98.36000061035156,99.27999877929688,89.35977172851562,2510300
2020-06-02,99.75,101.18000030517578,98.9800033569336,101.16999816894531,91.06092834472656,2860500
2020-06-03,102.5999984741211,104.22000122070312,102.08000183105469,103.6500015258789,93.2931137084961,3633800
2020-06-04,103.30000305175781,103.81999969482422,102.29000091552734,103.19999694824219,92.88806915283203,2768400
2020-06-05,104.9800033569336,107.16999816894531,104.66999816894531,106.6500015258789,95.99333953857422,5026800
2020-06-08,106.66999816894531,110.48999786376953,106.66999816894531,110.44999694824219,99.41364288330078,4561100
2020-06-09,109.08000183105469,109.19999694824219,106.52999877929688,107.83000183105469,97.05543518066406,4567900
2020-06-10,107.88999938964844,108.08999633789062,105.62000274658203,106.62999725341797,95.97534942626953,3793300
2020-06-11,103.47000122070312,103.70999908447266,100.44999694824219,100.47000122070312,90.43087005615234,5306100
2020-06-12,102.91000366210938,102.97000122070312,99.95999908447266,101.4800033569336,91.33995056152344,3334400
2020-06-15,99.91999816894531,106.18000030517578,99.58999633789062,105.63999938964844,95.08427429199219,6440200
2020-06-16,107.83999633789062,108.81999969482422,103.77999877929688,105.83000183105469,95.25528717041016,4283300
2020-06-17,106.51000213623047,108.54000091552734,106.16999816894531,106.98999786376953,96.29936981201172,4413500
2020-06-18,106.54000091552734,108.5199966430664,106.22000122070312,107.58000183105469,96.83042907714844,3204500
2020-06-19,108.30999755859375,109.04000091552734,106.37000274658203,107.7699966430664,97.00144958496094,9027100
2020-06-22,107.08999633789062,107.55000305175781,105.4800033569336,106.9000015258789,96.21836853027344,4385700
2020-06-23,108.20999908447266,110.87000274658203,108.01000213623047,110.61000061035156,99.55766296386719,5565900
2020-06-24,109.91999816894531,111.5199966430664,108.47000122070312,109.5,98.55856323242188,5471300
2020-06-25,109.2699966430664,110.6500015258789,108.36000061035156,110.5199966430664,99.47665405273438,2987000
2020-06-26,110.63999938964844,110.9000015258789,107.16000366210938,107.31999969482422,96.5964126586914,5489000
2020-06-29,108.97000122070312,110.13999938964844,107.83999633789062,109.4800033569336,98.54057312011719,3395200
2020-06-30,109.51000213623047,112.0199966430664,108.62000274658203,111.18000030517578,100.07070922851562,3954900
2020-07-01,117.86000061035156,119.91000366210938,114.25,114.41999816894531,102.98696899414062,8982100
2020-07-02,115.61000061035156,115.87999725341797,114.25,114.36000061035156,102.93296813964844,3442900
2020-07-06,115.66999816894531,115.79000091552734,114.61000061035156,115.36000061035156,103.8330307006836,3445900
2020-07-07,114.16000366210938,115.44999694824219,113.87000274658203,114.44999694824219,103.01396942138672,2194700
2020-07-08,114.5199966430664,115.2699966430664,113.9800033569336,114.47000122070312,103.03197479248047,3051600
2020-07-09,114.5,115.04000091552734,113.70999908447266,114.44999694824219,103.01396942138672,2366200
2020-07-10,114.69999694824219,115.66000366210938,113.98999786376953,115.06999969482422,103.572021484375,2281800
2020-07-13,115.62000274658203,115.76000213623047,113.72000122070312,113.76000213623047,102.39290618896484,2301700
2020-07-14,113.56999969482422,115.6500015258789,113.05000305175781,115.33000183105469,103.80603790283203,2538000
2020-07-15,116.72000122070312,119.70999908447266,116.11000061035156,119.20999908447266,107.29833984375,4841800
2020-07-16,118.80000305175781,119.8499984741211,118.16999816894531,119.73999786376953,107.77536010742188,2528200
2020-07-17,120.0,120.68000030517578,118.45999908447266,118.55000305175781,106.70429229736328,2782400
2020-07-20,118.41999816894531,118.72000122070312,117.05999755859375,118.3499984741211,106.5242691040039,2365900
2020-07-21,119.0,120.30000305175781,118.81999969482422,119.04000091552734,107.14531707763672,2054400
2020-07-22,118.75,119.25,117.9000015258789,118.72000122070312,106.85730743408203,3508200
2020-07-23,118.70999908447266,119.4000015258789,117.94999694824219,118.13999938964844,106.33524322509766,2349200
2020-07-24,118.16000366210938,119.4800033569336,117.55999755859375,118.3499984741211,106.5242691040039,2539000
2020-07-27,118.12000274658203,121.77999877929688,117.54000091552734,121.01000213623047,108.91849517822266,4446000
2020-07-28,120.22000122070312,120.73999786376953,119.2300033569336,119.62000274658203,107.66736602783203,2497600
2020-07-29,120.58000183105469,124.30000305175781,120.43000030517578,123.68000030517578,111.32168579101562,6769600
2020-07-30,137.66000366210938,145.5,135.14999389648438,141.4600067138672,127.3250732421875,30970900
2020-07-31,141.82000732421875,144.1300048828125,139.6999969482422,142.75999450683594,128.4951934814453,7429900
2020-08-03,143.47000122070312,143.5,140.5399932861328,142.17999267578125,127.97313690185547,4317200
2020-08-04,141.6300048828125,145.94000244140625,141.33999633789062,144.72000122070312,130.2593231201172,4841700
2020-08-05,145.35000610351562,146.0,143.27999877929688,145.0800018310547,130.5833740234375,3939300
2020-08-06,144.97000122070312,145.66000366210938,144.44000244140625,145.47000122070312,130.93438720703125,2420900
2020-08-07,145.67999267578125,156.89999389648438,145.58999633789062,156.89999389648438,141.22230529785156,10074200
2020-08-10,157.47000122070312,162.6999969482422,157.0,159.58999633789062,143.64349365234375,7396400
2020-08-11,160.66000366210938,161.25999450683594,154.8800048828125,155.85000610351562,140.2771759033203,6071900
2020-08-12,157.25,160.25,156.39999389648438,157.7899932861328,142.0233612060547,4247200
2020-08-13,156.77000427246094,159.72000122070312,156.47999572753906,159.2899932861328,143.37344360351562,2848200
2020-08-14,158.72999572753906,162.42999267578125,158.3800048828125,160.74000549316406,144.67860412597656,3479000
2020-08-17,161.11000061035156,162.13999938964844,159.75,160.3000030517578,144.28256225585938,2408900
2020-08-18,160.38999938964844,161.35000610351562,159.0500030517578,159.99000549316406,144.0035400390625,2606600
2020-08-19,160.5500030517578,161.88999938964844,159.86000061035156,160.33999633789062,144.31854248046875,2691600
2020-08-20,159.16000366210938,160.25999450683594,157.30999755859375,159.5500030517578,143.60748291015625,2296700
2020-08-21,158.75999450683594,160.24000549316406,157.52000427246094,159.02999877929688,144.05133056640625,4420700
2020-08-24,159.72000122070312,161.05999755859375,159.07000732421875,160.35000610351562,145.24700927734375,4084000
2020-08-25,161.55999755859375,162.39999389648438,158.0500030517578,159.0399932861328,144.06036376953125,2931500
2020-08-26,159.00999450683594,159.97000122070312,157.86000061035156,158.89999389648438,143.93357849121094,2761700
2020-08-27,159.74000549316406,160.97000122070312,158.72000122070312,160.2100067138672,145.12020874023438,2913400
2020-08-28,160.52000427246094,162.61000061035156,159.33999633789062,162.36000061035156,147.0676727294922,2979800
2020-08-31,161.72999572753906,165.22000122070312,161.25999450683594,163.6199951171875,148.20901489257812,3960900
2020-09-01,163.1300048828125,164.13999938964844,161.5500030517578,162.64999389648438,147.3303680419922,3097000
2020-09-02,163.25,166.1999969482422,162.1999969482422,165.77999877929688,150.16555786132812,3778000
2020-09-03,162.27000427246094,163.4499969482422,156.9499969482422,158.02000427246094,143.136474609375,4759900
2020-09-04,160.24000549316406,161.85000610351562,154.6300048828125,160.77999877929688,145.6365203857422,3601300
2020-09-08,160.02999877929688,160.05999755859375,155.9600067138672,156.4499969482422,141.71432495117188,3176400
2020-09-09,158.0500030517578,160.9600067138672,158.0500030517578,159.8000030517578,144.74884033203125,2317600
2020-09-10,160.99000549316406,161.25999450683594,157.0800018310547,157.88999938964844,143.0187225341797,2450900
2020-09-11,158.49000549316406,160.61000061035156,157.42999267578125,158.8699951171875,143.9063720703125,2466800
2020-09-14,160.89999389648438,162.16000366210938,159.02999877929688,160.13999938964844,145.05679321289062,3617900
2020-09-15,160.5800018310547,161.77000427246094,158.3699951171875,161.52999877929688,146.31588745117188,3238500
2020-09-16,166.8000030517578,167.36000061035156,159.52999877929688,159.8699951171875,144.8122100830078,5736800
2020-09-17,157.0399932861328,160.27000427246094,156.97000122070312,159.75,144.7035369873047,3002200
2020-09-18,160.13999938964844,163.75,159.4199981689453,159.66000366210938,144.62200927734375,7274000
2020-09-21,161.4199981689453,162.9499969482422,157.3800048828125,161.05999755859375,145.89013671875,3894400
2020-09-22,160.33999633789062,162.13999938964844,159.57000732421875,161.88999938964844,146.64195251464844,3051900
2020-09-23,162.5,165.75999450683594,161.33999633789062,161.5500030517578,146.333984375,3842400
2020-09-24,161.1199951171875,162.57000732421875,157.99000549316406,160.41000366210938,145.30137634277344,2975100
2020-09-25,159.27000427246094,167.0,159.27000427246094,166.1199951171875,150.4735565185547,4399300
2020-09-28,169.91000366210938,171.97999572753906,168.49000549316406,168.89999389648438,152.99171447753906,4338400
2020-09-29,168.80999755859375,170.47000122070312,167.1199951171875,168.5,152.62937927246094,3113700
2020-09-30,169.2899932861328,169.6699981689453,165.5,166.6300048828125,150.935546875,5426700
2020-10-01,169.0399932861328,170.8000030517578,166.8800048828125,167.64999389648438,151.85943603515625,4934100
2020-10-02,166.66000366210938,168.5,165.75,166.9600067138672,151.23443603515625,4482700
2020-10-05,168.16000366210938,169.9600067138672,167.44000244140625,169.16000366210938,153.2272491455078,2739000
2020-10-06,169.27999877929688,172.0500030517578,168.72000122070312,169.35000610351562,153.3993377685547,3671400
2020-10-07,170.61000061035156,175.44000244140625,170.30999755859375,174.99000549316406,158.5081329345703,3847000
2020-10-08,175.5500030517578,175.97999572753906,173.4499969482422,174.2100067138672,157.80157470703125,2797500
2020-10-09,174.50999450683594,175.3800048828125,172.86000061035156,174.69000244140625,158.23638916015625,2861100
2020-10-12,174.86000061035156,176.8000030517578,174.2100067138672,176.5399932861328,159.91212463378906,2274000
2020-10-13,175.5,177.14999389648438,174.88999938964844,175.3300018310547,158.81610107421875,3018000
2020-10-14,175.72000122070312,175.9600067138672,173.8000030517578,174.3800048828125,157.95556640625,3156900
2020-10-15,172.6699981689453,174.05999755859375,172.00999450683594,174.0399932861328,157.64756774902344,3059700
2020-10-16,175.07000732421875,176.19000244140625,174.25999450683594,174.44000244140625,158.0098876953125,3446000
2020-10-19,174.75999450683594,176.1999969482422,171.11000061035156,172.10000610351562,155.89028930664062,2884600
2020-10-20,173.13999938964844,177.35000610351562,172.36000061035156,174.8800048828125,158.40846252441406,2784700
2020-10-21,176.42999267578125,178.00999450683594,172.64999389648438,172.72999572753906,156.4609832763672,4428700
2020-10-22,174.36000061035156,174.72000122070312,171.64999389648438,172.99000549316406,156.6964874267578,3897700
2020-10-23,172.4199981689453,173.75,171.30999755859375,171.89999389648438,155.7091522216797,2763100
2020-10-26,170.9199981689453,170.9199981689453,166.17999267578125,168.0,152.17649841308594,4053900
2020-10-27,170.88999938964844,171.6699981689453,168.61000061035156,170.83999633789062,154.74899291992188,5753900
2020-10-28,163.16000366210938,163.8699951171875,155.60000610351562,155.77999877929688,141.1074981689453,11120900
2020-10-29,158.07000732421875,164.02000427246094,157.74000549316406,161.36000061035156,146.16188049316406,5849600
2020-10-30,160.00999450683594,160.4600067138672,155.25,157.11000061035156,142.3122100830078,5240500
2020-11-02,158.8800048828125,161.19000244140625,156.97000122070312,159.5500030517578,144.52235412597656,3924000
2020-11-03,161.25,164.64999389648438,160.35000610351562,163.47999572753906,148.0822296142578,3142200
2020-11-04,163.72999572753906,165.33999633789062,160.55999755859375,162.5800018310547,147.26699829101562,3530000
2020-11-05,165.60000610351562,165.85000610351562,162.2100067138672,163.55999755859375,148.1546630859375,3998300
2020-11-06,164.0800018310547,168.3000030517578,163.07000732421875,167.67999267578125,151.88661193847656,2960000
2020-11-09,164.10000610351562,167.52999877929688,158.7100067138672,163.22000122070312,147.84671020507812,9453000
2020-11-10,163.72999572753906,165.25999450683594,161.02999877929688,164.72999572753906,149.21446228027344,3329800
2020-11-11,166.3699951171875,168.22000122070312,165.17999267578125,166.63999938964844,150.944580078125,3240200
2020-11-12,165.33999633789062,165.5,161.6699981689453,163.11000061035156,148.6480255126953,4070000
2020-11-13,164.1999969482422,165.10000610351562,163.16000366210938,163.6699981689453,149.15835571289062,2628500
2020-11-16,163.16000366210938,168.47999572753906,161.25,168.44000244140625,153.50543212890625,4406300
2020-11-17,168.6300048828125,169.39999389648438,165.5,168.8800048828125,153.9064178466797,3627800
2020-11-18,168.9499969482422,171.57000732421875,168.4499969482422,168.4499969482422,153.51454162597656,3393500
2020-11-19,168.0,168.0,165.6999969482422,166.47999572753906,151.7191925048828,3143600
2020-11-20,166.3300018310547,166.8000030517578,163.7100067138672,163.75999450683594,149.24038696289062,3988100
2020-11-23,165.5,166.72999572753906,163.91000366210938,166.60000610351562,151.8285675048828,3770900
2020-11-24,167.9600067138672,173.11000061035156,167.57000732421875,172.69000244140625,157.3785858154297,5371700
2020-11-25,172.11000061035156,172.99000549316406,169.3800048828125,170.5,155.38275146484375,3497700
2020-11-27,170.9600067138672,171.42999267578125,167.88999938964844,168.88999938964844,153.91554260253906,2216600
2020-11-30,169.57000732421875,171.22999572753906,168.11000061035156,171.07000732421875,155.90225219726562,4708600
2020-12-01,173.50999450683594,174.1999969482422,167.89999389648438,167.9600067138672,153.0679931640625,5371500
2020-12-02,167.9199981689453,168.9600067138672,166.5,168.8300018310547,153.86085510253906,3853300
2020-12-03,169.1199951171875,170.22999572753906,167.4199981689453,167.8300018310547,152.94952392578125,2844200
2020-12-04,168.07000732421875,168.60000610351562,166.33999633789062,167.25,152.42091369628906,2766200
2020-12-07,168.1300048828125,168.2899932861328,166.10000610351562,167.47000122070312,152.62144470214844,3117200
2020-12-08,167.5500030517578,168.24000549316406,165.9199981689453,166.38999938964844,151.63719177246094,3885000
2020-12-09,167.5399932861328,169.85000610351562,167.00999450683594,169.17999267578125,154.1798095703125,3327300
2020-12-10,167.0500030517578,167.4600067138672,163.6300048828125,164.24000549316406,149.67782592773438,4708600
2020-12-11,165.5,169.02000427246094,165.35000610351562,168.39999389648438,153.46896362304688,4777500
2020-12-14,171.77999877929688,171.77999877929688,166.58999633789062,166.6199951171875,151.8468017578125,3388700
2020-12-15,167.10000610351562,168.38999938964844,166.13999938964844,167.1699981689453,152.3480224609375,2555300
2020-12-16,167.39999389648438,171.66000366210938,167.39999389648438,170.1300048828125,155.04559326171875,3421600
2020-12-17,170.74000549316406,175.32000732421875,170.0399932861328,174.49000549316406,159.0189971923828,4386900
2020-12-18,173.0500030517578,175.49000549316406,171.13999938964844,175.17999267578125,159.64781188964844,8581300
2020-12-21,172.44000244140625,174.44000244140625,171.02999877929688,172.58999633789062,157.28750610351562,3180000
2020-12-22,172.3300018310547,175.25,172.02000427246094,174.55999755859375,159.0828094482422,2489200
2020-12-23,174.3800048828125,175.94000244140625,172.6199951171875,172.63999938964844,157.33302307128906,2553800
2020-12-24,173.00999450683594,173.35000610351562,171.47000122070312,172.19000244140625,156.9229278564453,1006100
2020-12-28,172.60000610351562,173.1999969482422,170.89999389648438,171.36000061035156,156.1665496826172,1861700
2020-12-29,171.75,172.00999450683594,168.39999389648438,169.02999877929688,154.04310607910156,2864600
2020-12-30,169.82000732421875,169.82000732421875,166.14999389648438,166.22999572753906,151.4914093017578,3107100
2020-12-31,166.7899932861328,168.47999572753906,165.44000244140625,168.39999389648438,153.46896362304688,2349400
2021-01-04,168.39999389648438,168.5399932861328,161.8800048828125,163.8000030517578,149.27684020996094,4304000
2021-01-05,162.67999267578125,164.00999450683594,161.22999572753906,161.52000427246094,147.19898986816406,3967000
2021-01-06,160.27999877929688,163.1300048828125,160.00999450683594,161.0399932861328,146.7615509033203,5061400
2021-01-07,161.6199951171875,161.8699951171875,158.13999938964844,159.0,144.90240478515625,6024300
2021-01-08,159.11000061035156,159.89999389648438,157.47000122070312,158.38999938964844,144.3465118408203,4844800
2021-01-11,158.8699951171875,161.94000244140625,157.74000549316406,161.86000061035156,147.5088348388672,6127800
2021-01-12,162.3699951171875,164.4499969482422,159.92999267578125,163.91000366210938,149.37709045410156,4612100
2021-01-13,163.5500030517578,164.4499969482422,161.9499969482422,163.11000061035156,148.6480255126953,2643000
2021-01-14,163.6999969482422,165.58999633789062,163.22000122070312,163.47000122070312,148.97608947753906,2625000
2021-01-15,162.72999572753906,162.97000122070312,158.2100067138672,158.89999389648438,144.81126403808594,4816300
2021-01-19,159.6999969482422,159.8000030517578,156.0500030517578,156.27999877929688,142.42356872558594,4537400
2021-01-20,156.91000366210938,160.2899932861328,156.02999877929688,159.83999633789062,145.66790771484375,3029800
2021-01-21,159.33999633789062,161.6999969482422,159.22000122070312,160.10000610351562,145.90489196777344,2002800
2021-01-22,158.39999389648438,160.4499969482422,157.39999389648438,158.99000549316406,144.89328002929688,3131600
2021-01-25,159.7100067138672,164.13999938964844,159.11000061035156,161.75,147.40858459472656,3938100
2021-01-26,162.3800048828125,162.75999450683594,160.49000549316406,161.42999267578125,147.11697387695312,2962400
2021-01-27,159.5,159.60000610351562,156.99000549316406,157.64999389648438,143.67205810546875,2821500
2021-01-28,159.07000732421875,159.3800048828125,157.1999969482422,157.27000427246094,143.32582092285156,2565100
2021-01-29,157.02000427246094,157.6999969482422,154.75999450683594,155.0,141.257080078125,5007900
2021-02-01,156.1999969482422,157.14999389648438,154.91000366210938,156.25999450683594,142.40538024902344,4783000
2021-02-02,163.1999969482422,164.1999969482422,156.92999267578125,160.2899932861328,146.07806396484375,10758300
2021-02-03,160.69000244140625,161.47000122070312,156.85000610351562,159.7100067138672,145.54945373535156,4559200
2021-02-04,159.22999572753906,162.41000366210938,157.82000732421875,162.25999450683594,147.87339782714844,2811100
2021-02-05,163.0,164.5399932861328,161.72000122070312,164.3800048828125,149.805419921875,2560300
2021-02-08,164.44000244140625,165.47000122070312,162.80999755859375,163.4499969482422,148.9578399658203,2242200
2021-02-09,163.5,167.60000610351562,162.77999877929688,166.9199981689453,152.12017822265625,3073600
2021-02-10,167.94000244140625,168.22999572753906,164.5399932861328,165.66000366210938,150.97195434570312,2943700
2021-02-11,166.0,166.27999877929688,161.19000244140625,162.3699951171875,147.97361755371094,3188400
2021-02-12,162.47000122070312,163.8300018310547,162.0399932861328,163.38999938964844,148.9031982421875,2563800
2021-02-16,163.9499969482422,163.97000122070312,161.0800018310547,161.75,147.40858459472656,2867700
2021-02-17,161.08999633789062,161.91000366210938,159.89999389648438,161.0,146.72509765625,2845400
2021-02-18,159.8000030517578,162.6199951171875,158.6199951171875,162.1199951171875,147.7457733154297,3595900
2021-02-19,161.3300018310547,162.27999877929688,160.32000732421875,160.5399932861328,147.23219299316406,3081700
2021-02-22,159.72000122070312,162.50999450683594,158.00999450683594,161.60000610351562,148.20433044433594,3894800
2021-02-23,159.97000122070312,161.4199981689453,157.77000427246094,160.80999755859375,147.47982788085938,4385800
2021-02-24,160.27999877929688,161.89999389648438,159.0800018310547,160.07000732421875,146.8011932373047,2963400
2021-02-25,159.0,160.3000030517578,157.02999877929688,157.50999450683594,144.45335388183594,2617100
2021-02-26,158.5800018310547,159.22999572753906,156.58999633789062,157.8300018310547,144.74684143066406,3492800
2021-03-01,159.5500030517578,162.66000366210938,158.5800018310547,161.47000122070312,148.08511352539062,3271500
2021-03-02,161.77000427246094,163.1699981689453,159.88999938964844,161.3699951171875,147.99339294433594,2653600
2021-03-03,160.58999633789062,162.1699981689453,159.8800048828125,160.42999267578125,147.13133239746094,2635100
2021-03-04,160.05999755859375,161.2899932861328,157.5500030517578,159.4499969482422,146.23257446289062,3710400
2021-03-05,160.50999450683594,165.17999267578125,159.0800018310547,164.39999389648438,150.77220153808594,3671700
2021-03-08,165.22999572753906,166.22999572753906,160.75999450683594,160.8699951171875,147.5348358154297,3176400
2021-03-09,161.2100067138672,165.14999389648438,161.2100067138672,163.27000427246094,149.7359161376953,2551000
2021-03-10,164.35000610351562,166.17999267578125,163.72999572753906,165.22999572753906,151.53343200683594,2511700
2021-03-11,166.10000610351562,168.67999267578125,165.38999938964844,167.24000549316406,153.37681579589844,2906700
2021-03-12,166.61000061035156,168.1300048828125,165.94000244140625,167.69000244140625,153.7895050048828,1914800
2021-03-15,167.89999389648438,167.92999267578125,161.02000427246094,162.63999938964844,149.15814208984375,4535900
2021-03-16,162.77999877929688,164.16000366210938,161.42999267578125,162.82000732421875,149.32318115234375,2397800
2021-03-17,160.77999877929688,161.75,159.55999755859375,160.64999389648438,147.3330535888672,3644100
2021-03-18,160.4499969482422,161.13999938964844,158.94000244140625,160.1999969482422,146.92039489746094,2964900
2021-03-19,161.42999267578125,165.24000549316406,158.69000244140625,159.2899932861328,146.0858154296875,14934200
2021-03-22,159.69000244140625,161.72000122070312,158.5399932861328,161.05999755859375,147.70912170410156,3893900
2021-03-23,159.8000030517578,162.16000366210938,159.22999572753906,159.86000061035156,146.60855102539062,2920800
2021-03-24,160.05999755859375,162.27000427246094,159.6999969482422,159.91000366210938,146.6544189453125,2285300
2021-03-25,159.5,163.64999389648438,158.6999969482422,163.25,149.71759033203125,2944500
2021-03-26,164.5,168.10000610351562,163.7899932861328,167.97999572753906,154.0554656982422,3135500
2021-03-29,167.61000061035156,168.97000122070312,166.66000366210938,168.13999938964844,154.2022247314453,2702600
2021-03-30,167.55999755859375,169.99000549316406,167.39999389648438,168.63999938964844,154.66075134277344,2401100
2021-03-31,169.22999572753906,171.0,167.60000610351562,169.99000549316406,155.8988494873047,3688400
2021-04-01,170.17999267578125,172.13999938964844,168.8300018310547,171.27999877929688,157.08192443847656,3615000
2021-04-05,172.10000610351562,173.0399932861328,171.11000061035156,171.9499969482422,157.69635009765625,2315900
2021-04-06,172.08999633789062,174.02999877929688,171.22999572753906,172.97000122070312,158.63186645507812,2465600
2021-04-07,172.92999267578125,173.35000610351562,171.1999969482422,171.9499969482422,157.69635009765625,2079700
2021-04-08,172.5399932861328,173.24000549316406,171.25999450683594,173.02000427246094,158.67771911621094,2029100
2021-04-09,173.27000427246094,175.9499969482422,172.82000732421875,175.94000244140625,161.35565185546875,2579800
2021-04-12,175.44000244140625,179.3300018310547,174.75,178.5800018310547,163.77682495117188,3024000
2021-04-13,177.9499969482422,179.9199981689453,176.67999267578125,179.4199981689453,164.54718017578125,2465400
2021-04-14,178.82000732421875,179.39999389648438,175.88999938964844,176.2100067138672,161.603271484375,2591900
2021-04-15,178.85000610351562,180.85000610351562,176.50999450683594,179.63999938964844,164.74893188476562,3139200
2021-04-16,180.72999572753906,181.19000244140625,178.94000244140625,179.7100067138672,164.81314086914062,2820500
2021-04-19,179.91000366210938,179.91000366210938,177.66000366210938,178.05999755859375,163.29991149902344,2614200
2021-04-20,177.89999389648438,179.85000610351562,176.83999633789062,179.69000244140625,164.7947998046875,2642500
2021-04-21,179.38999938964844,179.5399932861328,177.57000732421875,178.57000732421875,163.7676239013672,3204400
2021-04-22,177.8000030517578,180.7899932861328,177.2100067138672,177.50999450683594,162.79550170898438,3077900
2021-04-23,177.85000610351562,180.30999755859375,177.3300018310547,178.9600067138672,164.12530517578125,2407100
2021-04-26,179.77999877929688,179.85000610351562,174.6999969482422,175.80999755859375,161.23638916015625,3972900
2021-04-27,190.25999450683594,197.27999877929688,189.7100067138672,194.1300048828125,178.03781127929688,14666500
2021-04-28,195.38999938964844,198.42999267578125,194.10000610351562,198.3699951171875,181.92633056640625,6308800
2021-04-29,199.88999938964844,204.5,197.6699981689453,203.72000122070312,186.8328399658203,6950000
2021-04-30,201.69000244140625,205.77000427246094,199.82000732421875,203.86000061035156,186.9612274169922,5931200
2021-05-03,207.4199981689453,213.3800048828125,207.1199951171875,212.1999969482422,194.60989379882812,7286100
2021-05-04,211.60000610351562,215.3000030517578,210.86000061035156,214.30999755859375,196.5449981689453,5775400
2021-05-05,214.92999267578125,215.75,212.75999450683594,214.52000427246094,196.7375946044922,4187000
2021-05-06,214.9199981689453,215.0,212.07000732421875,214.77999877929688,196.97604370117188,4470100
2021-05-07,214.6699981689453,218.33999633789062,213.8000030517578,217.5,199.47056579589844,2644100
2021-05-10,217.5,219.58999633789062,215.75999450683594,216.1300048828125,198.21412658691406,3566300
2021-05-11,213.92999267578125,215.0,211.60000610351562,214.3300018310547,196.56332397460938,3088500
2021-05-12,212.0,213.85000610351562,210.36000061035156,210.6999969482422,193.23423767089844,2667100
2021-05-13,211.17999267578125,216.89999389648438,211.1300048828125,215.6699981689453,197.79226684570312,3208000
2021-05-14,216.80999755859375,217.75999450683594,215.11000061035156,216.3800048828125,198.44342041015625,2333700
2021-05-17,215.50999450683594,216.9499969482422,215.0,216.2899932861328,198.36085510253906,2071200
2021-05-18,217.02000427246094,217.02000427246094,213.97000122070312,213.99000549316406,196.2515106201172,2041500
2021-05-19,212.0,214.4499969482422,210.63999938964844,214.35000610351562,196.58168029785156,2141100
2021-05-20,214.33999633789062,215.67999267578125,212.74000549316406,213.94000244140625,196.20567321777344,2716600
2021-05-21,214.17999267578125,214.88999938964844,211.77999877929688,211.8699951171875,195.2380828857422,3927700
2021-05-24,214.0800018310547,214.52999877929688,212.55999755859375,213.42999267578125,196.67562866210938,1981300
2021-05-25,213.36000061035156,215.14999389648438,211.1699981689453,211.49000549316406,194.887939453125,2414300
2021-05-26,212.9600067138672,214.2100067138672,211.83999633789062,213.80999755859375,197.0258026123047,2376300
2021-05-27,214.3000030517578,216.86000061035156,212.0,212.8000030517578,196.09510803222656,5110200
2021-05-28,213.8300018310547,215.8699951171875,213.02999877929688,214.60000610351562,197.75379943847656,2128000
2021-06-01,215.58999633789062,216.5500030517578,213.2100067138672,213.2899932861328,196.54661560058594,1865300
2021-06-02,214.2899932861328,214.2899932861328,211.0,211.91000366210938,195.27496337890625,2486000
2021-06-03,211.0500030517578,213.17999267578125,210.1300048828125,211.97999572753906,195.33944702148438,2172400
2021-06-04,212.41000366210938,213.39999389648438,208.6300048828125,210.6300048828125,194.09542846679688,2943900
2021-06-07,210.58999633789062,215.41000366210938,210.30999755859375,212.9199981689453,196.20567321777344,3444300
2021-06-08,212.85000610351562,213.3000030517578,209.55999755859375,209.75999450683594,193.2937469482422,3402000
2021-06-09,208.05999755859375,208.91000366210938,197.0,201.05999755859375,185.2766876220703,10560600
2021-06-10,204.1699981689453,204.33999633789062,201.25999450683594,203.1999969482422,187.2487030029297,4880000
2021-06-11,203.66000366210938,205.24000549316406,201.8300018310547,203.1999969482422,187.2487030029297,2699200
2021-06-14,202.9499969482422,203.77000427246094,200.11000061035156,201.08999633789062,185.30430603027344,2157500
2021-06-15,201.4499969482422,203.86000061035156,199.27000427246094,202.33999633789062,186.45620727539062,2414900
2021-06-16,201.6699981689453,202.47999572753906,199.30999755859375,200.4199981689453,184.68692016601562,2102900
2021-06-17,200.5,200.5,195.47000122070312,198.0500030517578,182.50299072265625,3068700
2021-06-18,196.27000427246094,199.60000610351562,195.50999450683594,197.77000427246094,182.24493408203125,8170500
2021-06-21,199.36000061035156,204.58999633789062,198.97999572753906,203.32000732421875,187.3592529296875,3638000
2021-06-22,202.22000122070312,206.1199951171875,202.13999938964844,205.39999389648438,189.27597045898438,3460700
2021-06-23,205.25,206.2899932861328,203.5800018310547,204.02000427246094,188.0043182373047,2504500
2021-06-24,206.5399932861328,206.63999938964844,205.25,206.10000610351562,189.92105102539062,2602500
2021-06-25,202.5399932861328,206.35000610351562,202.1999969482422,205.61000061035156,189.4695281982422,6618600
2021-06-28,205.69000244140625,206.02000427246094,202.75,205.22999572753906,189.1193389892578,2288100
2021-06-29,205.27999877929688,207.97000122070312,204.25,207.61000061035156,191.3125,2291100
2021-06-30,206.49000549316406,208.1300048828125,205.92999267578125,207.97000122070312,191.64425659179688,2744800
2021-07-01,209.38999938964844,210.3800048828125,208.0,210.22000122070312,193.71763610839844,2746100
2021-07-02,209.58999633789062,212.10000610351562,209.27999877929688,211.52999877929688,194.92477416992188,2172300
2021-07-06,210.4600067138672,211.61000061035156,208.19000244140625,211.2899932861328,194.70361328125,2421300
2021-07-07,211.30999755859375,214.92999267578125,210.32000732421875,214.25999450683594,197.4404754638672,2553700
2021-07-08,210.32000732421875,212.6999969482422,209.89999389648438,212.07000732421875,195.42239379882812,2354300
2021-07-09,213.88999938964844,214.5,212.6699981689453,213.9199981689453,197.12718200683594,2050500
2021-07-12,211.0,214.0800018310547,210.41000366210938,213.3300018310547,196.58348083496094,2216100
2021-07-13,213.3300018310547,214.19000244140625,210.75,211.27000427246094,194.68516540527344,1852200
2021-07-14,211.33999633789062,212.39999389648438,209.6300048828125,211.52999877929688,194.92477416992188,2867500
2021-07-15,211.10000610351562,213.75999450683594,210.61000061035156,212.86000061035156,196.150390625,1663200
2021-07-16,213.1199951171875,213.52999877929688,210.11000061035156,210.57000732421875,194.04013061523438,3805300
2021-07-19,208.4600067138672,211.4600067138672,206.6699981689453,211.41000366210938,194.81422424316406,2910700
2021-07-20,212.05999755859375,214.2899932861328,210.7100067138672,212.4600067138672,195.7818145751953,2257000
2021-07-21,212.66000366210938,214.7100067138672,212.1699981689453,212.4499969482422,195.77256774902344,1770900
2021-07-22,212.36000061035156,213.72999572753906,211.86000061035156,213.22999572753906,196.49131774902344,1629700
2021-07-23,212.99000549316406,213.25,210.94000244140625,211.63999938964844,195.02615356445312,2188900
2021-07-26,211.1999969482422,212.25,209.35000610351562,209.86000061035156,193.38584899902344,2673700
2021-07-27,198.07000732421875,198.07000732421875,190.25999450683594,195.19000244140625,179.8674774169922,13741500
2021-07-28,195.08999633789062,195.8699951171875,190.50999450683594,192.0399932861328,176.9647674560547,6295500
2021-07-29,193.02999877929688,194.49000549316406,191.58999633789062,191.80999755859375,176.7528076171875,3150300
2021-07-30,190.0,192.63999938964844,188.32000732421875,191.36000061035156,176.33816528320312,3741600
2021-08-02,192.35000610351562,193.72999572753906,191.0399932861328,191.94000244140625,176.87261962890625,2782500
2021-08-03,191.25,194.25,190.57000732421875,194.14999389648438,178.90914916992188,2726600
2021-08-04,192.9199981689453,193.8000030517578,190.5800018310547,190.7899932861328,175.81288146972656,2341700
2021-08-05,191.4499969482422,192.3000030517578,190.10000610351562,190.4199981689453,175.471923828125,2045200
2021-08-06,191.77000427246094,193.9499969482422,191.27999877929688,192.60000610351562,177.48081970214844,2340100
2021-08-09,191.07000732421875,192.16000366210938,190.85000610351562,190.97999572753906,175.98797607421875,2150100
2021-08-10,191.17999267578125,192.1199951171875,190.39999389648438,190.61000061035156,175.64700317382812,1668000
2021-08-11,191.30999755859375,192.52000427246094,190.72000122070312,192.39999389648438,177.29649353027344,2131100
2021-08-12,192.67999267578125,194.55999755859375,192.27000427246094,193.63999938964844,178.4391632080078,2457900
2021-08-13,193.02999877929688,194.89999389648438,192.94000244140625,193.97999572753906,178.75245666503906,2432200
2021-08-16,194.02000427246094,197.32000732421875,193.5800018310547,197.07000732421875,181.5998992919922,3091700
2021-08-17,195.69000244140625,198.3000030517578,194.5500030517578,197.75999450683594,182.2357635498047,2957700
2021-08-18,197.02000427246094,199.50999450683594,194.6999969482422,194.8000030517578,179.50808715820312,2605800
2021-08-19,193.6300048828125,196.19000244140625,192.5,194.05999755859375,178.82618713378906,2858800
2021-08-20,192.4499969482422,194.27000427246094,192.10000610351562,193.24000549316406,179.01145935058594,2222800
2021-08-23,194.24000549316406,195.3300018310547,192.88999938964844,193.0,178.78915405273438,2248700
2021-08-24,193.25,194.67999267578125,192.8800048828125,193.27000427246094,179.03927612304688,1667500
2021-08-25,193.1199951171875,193.97000122070312,192.2100067138672,192.8699951171875,178.66871643066406,1593900
2021-08-26,193.38999938964844,193.47999572753906,192.07000732421875,192.36000061035156,178.19625854492188,1969700
2021-08-27,192.32000732421875,193.8800048828125,192.13999938964844,193.3000030517578,179.0670623779297,1947800
2021-08-30,193.8800048828125,195.61000061035156,192.86000061035156,194.00999450683594,179.72476196289062,1507700
2021-08-31,194.6999969482422,196.11000061035156,192.89999389648438,195.6300048828125,181.2255096435547,2782000
2021-09-01,195.72000122070312,197.2899932861328,193.42999267578125,196.39999389648438,181.93878173828125,2381100
2021-09-02,196.91000366210938,199.25,196.55999755859375,198.19000244140625,183.5970001220703,2021200
2021-09-03,197.2100067138672,198.50999450683594,196.92999267578125,197.33999633789062,182.80955505371094,1491800
2021-09-07,197.64999389648438,197.9499969482422,195.27999877929688,195.55999755859375,181.16064453125,2266200
2021-09-08,195.5399932861328,195.5399932861328,193.47999572753906,194.57000732421875,180.24356079101562,2455300
2021-09-09,193.22999572753906,194.36000061035156,188.0500030517578,189.00999450683594,175.0929412841797,3636700
2021-09-10,190.47999572753906,193.69000244140625,190.00999450683594,193.25999450683594,179.0299835205078,3094100
2021-09-13,194.7100067138672,195.3300018310547,192.60000610351562,194.38999938964844,180.07679748535156,2136200
2021-09-14,195.24000549316406,195.8800048828125,190.82000732421875,191.00999450683594,176.9456787109375,1895300
2021-09-15,191.60000610351562,193.8300018310547,190.85000610351562,193.35000610351562,179.11338806152344,1769200
2021-09-16,193.36000061035156,194.2100067138672,191.41000366210938,192.97000122070312,178.76133728027344,1657200
2021-09-17,192.55999755859375,196.25,189.6699981689453,190.02999877929688,176.03782653808594,4504200
2021-09-20,188.35000610351562,189.5800018310547,186.8300018310547,189.38999938964844,175.4449462890625,2439500
2021-09-21,190.10000610351562,190.72000122070312,188.00999450683594,189.72999572753906,175.75990295410156,2496400
2021-09-22,183.85000610351562,187.30999755859375,182.1199951171875,185.3000030517578,171.65609741210938,4229800
2021-09-23,186.0,187.83999633789062,185.66000366210938,186.7899932861328,173.03639221191406,2527500
2021-09-24,186.5,188.6999969482422,185.8000030517578,188.02000427246094,174.17581176757812,2312900
2021-09-27,187.3699951171875,188.60000610351562,186.64999389648438,186.83999633789062,173.08270263671875,1847600
2021-09-28,186.67999267578125,187.80999755859375,186.10000610351562,186.75999450683594,173.0085906982422,3093900
2021-09-29,187.02000427246094,187.9499969482422,184.44000244140625,184.74000549316406,171.13734436035156,2467400
2021-09-30,185.25,187.24000549316406,182.0,182.10000610351562,168.69171142578125,2902800
2021-10-01,182.88999938964844,182.91000366210938,178.8300018310547,181.49000549316406,168.12661743164062,3014500
2021-10-04,180.5,181.6999969482422,177.1300048828125,178.4199981689453,165.28268432617188,3512500
2021-10-05,178.47999572753906,181.0399932861328,177.6300048828125,179.6699981689453,166.4406280517578,2491800
2021-10-06,178.39999389648438,181.1699981689453,177.8300018310547,180.6999969482422,167.39479064941406,2119200
2021-10-07,182.97999572753906,184.02000427246094,181.1699981689453,181.60000610351562,168.22853088378906,2518400
2021-10-08,180.6999969482422,184.5,179.67999267578125,183.49000549316406,169.97935485839844,2781700
2021-10-11,184.3000030517578,184.32000732421875,181.52999877929688,181.74000549316406,168.3582305908203,1780200
2021-10-12,182.02000427246094,182.75,180.6300048828125,181.99000549316406,168.58985900878906,2615700
2021-10-13,182.17999267578125,184.92999267578125,180.6699981689453,184.05999755859375,170.50738525390625,3780400
2021-10-14,187.63999938964844,191.77999877929688,187.25999450683594,191.4199981689453,177.3254852294922,4106400
2021-10-15,191.9600067138672,194.00999450683594,190.7100067138672,193.75,179.48390197753906,3153400
2021-10-18,193.47000122070312,195.61000061035156,193.07000732421875,193.38999938964844,179.1504364013672,2305000
2021-10-19,193.89999389648438,194.91000366210938,193.0500030517578,193.7899932861328,179.52096557617188,1974500
2021-10-20,194.80999755859375,195.5500030517578,193.1999969482422,195.27000427246094,180.8920135498047,1952000
2021-10-21,195.61000061035156,200.0,195.42999267578125,199.44000244140625,184.75494384765625,2997300
2021-10-22,198.8699951171875,204.16000366210938,198.75,203.80999755859375,188.80319213867188,3735900
2021-10-25,203.02000427246094,205.55999755859375,201.83999633789062,203.89999389648438,188.88656616210938,4829700
2021-10-26,214.00999450683594,220.24000549316406,213.66000366210938,218.07000732421875,202.01321411132812,6596500
2021-10-27,217.1199951171875,217.47999572753906,210.49000549316406,212.2100067138672,196.5846710205078,3309000
2021-10-28,213.2899932861328,214.0399932861328,210.9499969482422,213.89999389648438,198.1502227783203,2236400
2021-10-29,212.74000549316406,216.07000732421875,212.25,213.47000122070312,197.7519073486328,2362000
2021-11-01,214.86000061035156,214.86000061035156,209.89999389648438,210.89999389648438,195.3711395263672,1868400
2021-11-02,210.89999389648438,210.89999389648438,208.44000244140625,209.13999938964844,193.74070739746094,2206700
2021-11-03,208.8000030517578,212.86000061035156,207.38999938964844,212.74000549316406,197.07566833496094,1765800
2021-11-04,213.14999389648438,213.52999877929688,209.80999755859375,210.72000122070312,195.20437622070312,2451900
2021-11-05,211.52000427246094,211.7100067138672,207.05999755859375,208.22000122070312,192.8884735107422,2117800
2021-11-08,208.75999450683594,209.88999938964844,207.27000427246094,209.3000030517578,193.8889617919922,2166100
2021-11-09,209.58999633789062,210.1300048828125,208.00999450683594,209.9600067138672,194.50033569335938,1552900
2021-11-10,209.88999938964844,212.9499969482422,209.4499969482422,211.63999938964844,196.05662536621094,2415500
2021-11-11,213.60000610351562,216.49000549316406,212.27999877929688,213.2899932861328,197.5851287841797,2113700
2021-11-12,212.6699981689453,215.0800018310547,212.0,213.19000244140625,197.49252319335938,1600300
2021-11-15,212.86000061035156,213.39999389648438,210.8300018310547,211.52000427246094,195.94546508789062,1378300
2021-11-16,211.5800018310547,213.91000366210938,211.50999450683594,211.8699951171875,196.26971435546875,2302800
2021-11-17,211.99000549316406,212.25999450683594,207.49000549316406,207.85000610351562,192.54571533203125,2542300
2021-11-18,208.25999450683594,208.47000122070312,205.4499969482422,207.47000122070312,192.19369506835938,3919400
2021-11-19,207.72999572753906,210.6699981689453,206.3000030517578,208.47000122070312,194.07420349121094,2677600
2021-11-22,208.52000427246094,212.3000030517578,207.64999389648438,210.8800048828125,196.31777954101562,2220500
2021-11-23,211.02999877929688,213.3699951171875,208.52000427246094,211.80999755859375,197.1835479736328,2345300
2021-11-24,210.60000610351562,212.0,208.25999450683594,208.47000122070312,194.07420349121094,2518700
2021-11-26,206.14999389648438,209.52999877929688,204.77999877929688,205.3000030517578,191.12310791015625,1941000
2021-11-29,204.16000366210938,206.0,201.5,204.63999938964844,190.50868225097656,3435100
2021-11-30,203.5,203.5,198.10000610351562,198.3699951171875,184.67164611816406,6267600
2021-12-01,200.8800048828125,202.14999389648438,194.0,194.14999389648438,180.74307250976562,2938400
2021-12-02,195.27999877929688,200.6300048828125,193.82000732421875,199.89999389648438,186.09597778320312,2423400
2021-12-03,201.0399932861328,202.6300048828125,197.75999450683594,200.72999572753906,186.86866760253906,2606400
2021-12-06,201.99000549316406,204.61000061035156,201.3800048828125,202.05999755859375,188.10682678222656,3006700
2021-12-07,204.3300018310547,205.88999938964844,203.3800048828125,205.38999938964844,191.20689392089844,2250600
2021-12-08,206.02000427246094,207.49000549316406,203.38999938964844,204.72000122070312,190.58316040039062,1615500
2021-12-09,204.0500030517578,207.88999938964844,203.75999450683594,206.5399932861328,192.2774658203125,1931500
2021-12-10,208.0,209.86000061035156,207.33999633789062,209.11000061035156,194.67002868652344,1887900
2021-12-13,206.9499969482422,209.32000732421875,205.6199951171875,206.30999755859375,192.06336975097656,1909700
2021-12-14,205.1999969482422,207.14999389648438,203.0800018310547,203.74000549316406,189.6708221435547,1930500
2021-12-15,206.64999389648438,208.44000244140625,204.52000427246094,205.77000427246094,191.56065368652344,3703400
2021-12-16,207.85000610351562,211.8300018310547,207.82000732421875,207.97000122070312,193.60874938964844,2932600
2021-12-17,210.8000030517578,212.52999877929688,206.39999389648438,206.58999633789062,192.32400512695312,5625800
2021-12-20,205.02999877929688,205.99000549316406,201.4199981689453,202.42999267578125,188.45126342773438,2936400
2021-12-21,204.25999450683594,208.07000732421875,203.7100067138672,207.10000610351562,192.798828125,2317000
2021-12-22,207.32000732421875,208.57000732421875,206.5399932861328,208.44000244140625,194.04627990722656,1716500
2021-12-23,209.2100067138672,213.22000122070312,209.2100067138672,212.19000244140625,197.53732299804688,2573900
2021-12-27,212.88999938964844,215.61000061035156,212.60000610351562,215.11000061035156,200.25567626953125,1807200
2021-12-28,214.55999755859375,216.14999389648438,213.72999572753906,214.67999267578125,199.85536193847656,1375400
2021-12-29,214.52999877929688,216.33999633789062,213.80999755859375,214.60000610351562,199.78091430664062,1154900
2021-12-30,214.72000122070312,216.0,213.02999877929688,213.89999389648438,199.1292266845703,1207000
2021-12-31,213.13999938964844,215.4199981689453,211.74000549316406,214.33999633789062,199.53883361816406,1579900
2022-01-03,214.64999389648438,215.64999389648438,210.8699951171875,213.5,198.75686645507812,2319600
2022-01-04,214.39999389648438,218.66000366210938,213.60000610351562,217.2899932861328,202.28514099121094,2741200
2022-01-05,216.8000030517578,217.97999572753906,214.22000122070312,214.55999755859375,199.74365234375,2710800
2022-01-06,215.05999755859375,217.1300048828125,213.3300018310547,216.63999938964844,201.68002319335938,2102200
2022-01-07,217.35000610351562,219.4499969482422,215.17999267578125,218.16000366210938,203.09506225585938,3014000
2022-01-10,217.0500030517578,217.22999572753906,210.61000061035156,211.72999572753906,197.10910034179688,2853800
2022-01-11,211.5,211.5,208.0399932861328,211.27000427246094,196.68084716796875,1771700
2022-01-12,211.9199981689453,213.4600067138672,210.10000610351562,211.22000122070312,196.6343231201172,1865700
2022-01-13,211.55999755859375,213.63999938964844,209.92999267578125,210.47000122070312,195.93609619140625,1828500
2022-01-14,208.22999572753906,209.16000366210938,205.5,206.5399932861328,192.2774658203125,1921600
2022-01-18,204.52000427246094,206.0399932861328,201.50999450683594,205.58999633789062,191.39306640625,2339700
2022-01-19,205.0500030517578,207.25,203.4600067138672,203.75999450683594,189.68943786621094,1701700
2022-01-20,205.7100067138672,206.99000549316406,202.11000061035156,202.2899932861328,188.3209686279297,1706800
2022-01-21,202.57000732421875,204.5399932861328,200.39999389648438,201.9499969482422,188.00442504882812,2570400
2022-01-24,199.00999450683594,204.82000732421875,196.2899932861328,204.1300048828125,190.03390502929688,3660900
2022-01-25,200.0500030517578,203.5399932861328,197.17999267578125,201.94000244140625,187.99514770507812,3817200
2022-01-26,203.32000732421875,206.0399932861328,197.22000122070312,199.0,185.25814819335938,3074700
2022-01-27,200.60000610351562,201.74000549316406,193.9199981689453,194.8300018310547,181.37611389160156,3371000
2022-01-28,195.8000030517578,198.35000610351562,192.74000549316406,198.25,184.5599365234375,3066200
2022-01-31,198.1699981689453,202.49000549316406,196.88999938964844,202.2100067138672,188.24649047851562,4626700
2022-02-01,225.00999450683594,233.72000122070312,222.00999450683594,230.69000244140625,214.7598419189453,19125300
2022-02-02,230.64999389648438,232.30999755859375,225.6999969482422,232.11000061035156,216.08172607421875,5474000
2022-02-03,229.83999633789062,232.19000244140625,227.22999572753906,228.69000244140625,212.89791870117188,3503300
2022-02-04,227.2899932861328,227.82000732421875,222.9199981689453,224.7899932861328,209.26722717285156,3623100
2022-02-07,225.49000549316406,227.5500030517578,221.5399932861328,225.05999755859375,209.5186004638672,3295900
2022-02-08,224.74000549316406,226.5399932861328,223.16000366210938,225.1999969482422,209.64892578125,2759600
2022-02-09,227.8699951171875,230.35000610351562,224.60000610351562,225.07000732421875,209.52792358398438,2130300
2022-02-10,222.61000061035156,224.10000610351562,219.27000427246094,220.67999267578125,205.4410400390625,3379500
2022-02-11,220.25999450683594,221.27000427246094,212.11000061035156,213.49000549316406,198.74757385253906,3821000
2022-02-14,213.69000244140625,214.92999267578125,211.72000122070312,213.99000549316406,199.21299743652344,3641400
2022-02-15,215.97000122070312,219.47000122070312,215.6999969482422,217.25999450683594,202.25721740722656,3149000
2022-02-16,215.85000610351562,217.99000549316406,213.5,215.30999755859375,200.44187927246094,2226700
2022-02-17,214.07000732421875,214.33999633789062,209.72000122070312,210.7100067138672,196.15953063964844,2815600
2022-02-18,208.1999969482422,210.91000366210938,207.5500030517578,209.36000061035156,196.3189239501953,2823900
2022-02-22,208.72999572753906,210.5500030517578,206.6699981689453,208.97000122070312,195.95321655273438,3558300
2022-02-23,209.47000122070312,210.9600067138672,204.1699981689453,204.47999572753906,191.74288940429688,2836000
2022-02-24,200.11000061035156,207.4199981689453,199.0500030517578,207.19000244140625,194.28411865234375,3347000
2022-02-25,207.24000549316406,211.58999633789062,206.8699951171875,209.9499969482422,196.87217712402344,2657100
2022-02-28,206.1699981689453,210.92999267578125,204.5399932861328,210.4199981689453,197.31289672851562,3536700
2022-03-01,209.47000122070312,210.61000061035156,203.7899932861328,205.5800018310547,192.77438354492188,2986100
2022-03-02,205.89999389648438,213.3699951171875,205.74000549316406,211.4600067138672,198.28811645507812,2854200
2022-03-03,213.8800048828125,216.24000549316406,211.82000732421875,212.42999267578125,199.1977081298828,3019500
2022-03-04,211.0800018310547,211.1999969482422,207.05999755859375,210.38999938964844,197.2847900390625,2442900
2022-03-07,207.4499969482422,208.99000549316406,200.13999938964844,201.17999267578125,188.64846801757812,4043100
2022-03-08,202.08999633789062,208.4600067138672,198.52999877929688,203.41000366210938,190.73956298828125,4001000
2022-03-09,209.0,209.27999877929688,206.30999755859375,206.77999877929688,193.89962768554688,3097600
2022-03-10,204.5,207.3699951171875,203.86000061035156,207.17999267578125,194.27471923828125,2284100
2022-03-11,207.9199981689453,209.1699981689453,203.7100067138672,203.89999389648438,191.19903564453125,2006600
2022-03-14,205.58999633789062,208.91000366210938,203.25,204.3000030517578,191.57412719726562,2237200
2022-03-15,207.49000549316406,211.22999572753906,206.5500030517578,210.52999877929688,197.41603088378906,2865400
2022-03-16,212.60000610351562,218.00999450683594,212.50999450683594,217.89999389648438,204.3269500732422,3022000
2022-03-17,216.0,222.57000732421875,214.75999450683594,222.32000732421875,208.47164916992188,3520200
2022-03-18,220.97999572753906,221.1999969482422,216.83999633789062,219.77999877929688,206.08985900878906,6278200
2022-03-21,218.19000244140625,221.8000030517578,216.9499969482422,218.55999755859375,204.9458770751953,2244600
2022-03-22,219.5800018310547,220.39999389648438,217.27999877929688,218.4199981689453,204.81459045410156,2182100
2022-03-23,217.47999572753906,217.72000122070312,214.22000122070312,214.5800018310547,201.21377563476562,1939300
2022-03-24,214.75,215.4600067138672,213.32000732421875,214.66000366210938,201.28878784179688,1882500
2022-03-25,214.5,215.5399932861328,212.07000732421875,215.35000610351562,201.93582153320312,1754200
2022-03-28,216.36000061035156,219.83999633789062,216.07000732421875,219.5500030517578,205.8741912841797,2353200
2022-03-29,221.9600067138672,223.97000122070312,220.49000549316406,222.4499969482422,208.59353637695312,3034800
2022-03-30,222.0,222.3000030517578,218.57000732421875,220.1999969482422,206.48370361328125,2200200
2022-03-31,219.14999389648438,220.8300018310547,214.4600067138672,214.4600067138672,201.1012725830078,2858600
2022-04-01,214.89999389648438,215.2100067138672,203.72000122070312,206.63999938964844,193.76837158203125,3993600
2022-04-04,204.7899932861328,206.27000427246094,202.58999633789062,205.2100067138672,192.42742919921875,3204600
2022-04-05,200.25,202.1999969482422,196.00999450683594,197.2100067138672,184.92578125,6270700
2022-04-06,195.5800018310547,196.9199981689453,193.25,194.38999938964844,182.2814178466797,3911700
2022-04-07,194.44000244140625,194.44000244140625,189.52000427246094,192.6999969482422,180.6966552734375,3627900
2022-04-08,188.72999572753906,191.85000610351562,186.0500030517578,190.97000122070312,179.074462890625,5465800
2022-04-11,189.75,194.1999969482422,188.63999938964844,190.83999633789062,178.9525604248047,2787300
2022-04-12,190.97999572753906,192.1300048828125,186.8000030517578,187.88999938964844,176.18629455566406,3428800
2022-04-13,187.4600067138672,190.0399932861328,186.6699981689453,188.8699951171875,177.10523986816406,2296000
2022-04-14,191.1199951171875,191.2899932861328,187.83999633789062,188.02000427246094,176.30819702148438,2624300
2022-04-18,187.6999969482422,188.8000030517578,185.6699981689453,187.16000366210938,175.50177001953125,2552600
2022-04-19,188.25,191.5,187.66000366210938,190.69000244140625,178.8118896484375,2448800
2022-04-20,191.97999572753906,192.72999572753906,190.25,190.42999267578125,178.5680694580078,2526000
2022-04-21,191.52999877929688,191.52999877929688,187.80999755859375,188.8000030517578,177.03961181640625,2618200
2022-04-22,188.25999450683594,190.94000244140625,186.94000244140625,187.14999389648438,175.49240112304688,3964200
2022-04-25,186.6300048828125,190.33999633789062,183.17999267578125,189.63999938964844,177.82730102539062,5354900
2022-04-26,186.69000244140625,187.4199981689453,180.8300018310547,183.0500030517578,171.6477813720703,7811800
2022-04-27,182.57000732421875,187.33999633789062,181.94000244140625,186.39999389648438,174.7891082763672,3978600
2022-04-28,188.24000549316406,190.83999633789062,186.1199951171875,190.16000366210938,178.3148956298828,3176700
2022-04-29,186.14999389648438,188.5399932861328,179.55999755859375,179.97999572753906,168.76901245117188,4853500
2022-05-02,180.27999877929688,180.99000549316406,175.22000122070312,178.5800018310547,167.4562225341797,5026600
2022-05-03,179.24000549316406,179.9600067138672,176.5500030517578,178.1199951171875,167.0248565673828,3266300
2022-05-04,178.05999755859375,184.2100067138672,177.00999450683594,183.8000030517578,172.35107421875,3920500
2022-05-05,181.64999389648438,183.33999633789062,177.82000732421875,179.7899932861328,168.59083557128906,3249700
2022-05-06,179.13999938964844,181.0500030517578,175.66000366210938,179.9199981689453,168.71275329589844,2826600
2022-05-09,177.7100067138672,183.61000061035156,176.83999633789062,181.42999267578125,170.12869262695312,3925400
2022-05-10,183.1999969482422,184.5,179.69000244140625,182.00999450683594,170.67254638671875,3510200
2022-05-11,181.27999877929688,182.6999969482422,176.91000366210938,177.4600067138672,166.40599060058594,4934100
2022-05-12,176.13999938964844,178.75999450683594,173.19000244140625,178.64999389648438,167.5218505859375,5352400
2022-05-13,176.86000061035156,179.07000732421875,175.75,178.0399932861328,168.38250732421875,3598100
2022-05-16,177.82000732421875,181.9600067138672,176.83999633789062,179.77000427246094,170.01866149902344,3003600
2022-05-17,183.0,183.77000427246094,180.35000610351562,183.13999938964844,173.20587158203125,2640900
2022-05-18,179.47999572753906,180.13999938964844,171.52000427246094,172.22999572753906,162.88766479492188,4275300
2022-05-19,170.16000366210938,171.2100067138672,165.33999633789062,167.38999938964844,158.31019592285156,4382900
2022-05-20,169.19000244140625,171.2100067138672,166.55999755859375,171.0399932861328,161.76222229003906,3483300
2022-05-23,172.69000244140625,174.66000366210938,171.4499969482422,174.38999938964844,164.93048095703125,2837700
2022-05-24,172.7899932861328,174.72999572753906,170.3699951171875,174.11000061035156,164.66567993164062,2865100
2022-05-25,171.8699951171875,175.05999755859375,171.11000061035156,173.86000061035156,164.42926025390625,3370100
2022-05-26,175.49000549316406,180.02999877929688,175.49000549316406,178.3800048828125,168.70407104492188,2628400
2022-05-27,178.64999389648438,182.5500030517578,178.5800018310547,182.52999877929688,172.6289520263672,2959800
2022-05-31,180.1699981689453,184.61000061035156,178.69000244140625,182.25,172.3641357421875,8734300
2022-06-01,182.24000549316406,183.99000549316406,179.35000610351562,180.22999572753906,170.45370483398438,3253800
2022-06-02,182.19000244140625,184.08999633789062,180.2100067138672,184.07000732421875,174.08543395996094,2317800
2022-06-03,182.3699951171875,185.5399932861328,182.07000732421875,185.49000549316406,175.4283905029297,3802200
2022-06-06,186.8800048828125,188.8800048828125,186.5399932861328,187.11000061035156,176.96051025390625,2649200
2022-06-07,184.85000610351562,186.00999450683594,182.2100067138672,185.50999450683594,175.44728088378906,2984000
2022-06-08,182.5399932861328,183.25,177.99000549316406,179.44000244140625,169.70657348632812,3592200
2022-06-09,179.0,181.39999389648438,176.49000549316406,176.5500030517578,166.9733428955078,2891600
2022-06-10,173.3000030517578,175.0,171.83999633789062,173.0500030517578,163.66319274902344,3220600
2022-06-13,170.8300018310547,174.8800048828125,169.5,172.72000122070312,163.35107421875,4302900
2022-06-14,174.0500030517578,177.97000122070312,172.0399932861328,174.16000366210938,164.71298217773438,3925500
2022-06-15,175.10000610351562,180.0800018310547,173.44000244140625,175.8800048828125,166.3396759033203,3465100
2022-06-16,171.13999938964844,173.2899932861328,170.74000549316406,172.19000244140625,162.84982299804688,3355500
2022-06-17,171.4600067138672,173.7100067138672,169.4600067138672,171.07000732421875,161.7905731201172,7578300
2022-06-21,172.63999938964844,175.0,172.4199981689453,174.5,165.03451538085938,2845800
2022-06-22,172.8699951171875,176.80999755859375,172.3699951171875,176.14999389648438,166.59500122070312,2671000
2022-06-23,177.3699951171875,179.00999450683594,175.24000549316406,178.6300048828125,168.9405059814453,2923600
2022-06-24,180.77000427246094,184.6199951171875,180.77000427246094,183.3000030517578,173.35719299316406,4826400
2022-06-27,184.85000610351562,184.9600067138672,181.0500030517578,181.80999755859375,171.947998046875,1902300
2022-06-28,182.75999450683594,185.27999877929688,179.50999450683594,179.9199981689453,170.1605224609375,2380800
2022-06-29,180.3300018310547,181.6199951171875,177.6699981689453,181.1300048828125,171.3048858642578,2101000
2022-06-30,178.91000366210938,183.88999938964844,177.57000732421875,182.5399932861328,172.63839721679688,3728200
2022-07-01,181.77999877929688,186.11000061035156,181.50999450683594,184.99000549316406,174.95550537109375,2962500
2022-07-05,182.2899932861328,184.97000122070312,181.72999572753906,184.6300048828125,174.61505126953125,2471800
2022-07-06,184.77999877929688,185.9600067138672,182.7100067138672,185.1699981689453,175.125732421875,2005000
2022-07-07,185.92999267578125,187.00999450683594,183.02999877929688,186.19000244140625,176.09043884277344,2961800
2022-07-08,185.7100067138672,186.3000030517578,183.08999633789062,185.39999389648438,175.34326171875,1938200
2022-07-11,183.72000122070312,186.82000732421875,183.72000122070312,184.63999938964844,174.62449645996094,2275900
2022-07-12,181.52999877929688,182.49000549316406,178.05999755859375,179.3699951171875,169.64035034179688,4207600
2022-07-13,178.42999267578125,181.0,176.22999572753906,177.9199981689453,168.2689971923828,2414400
2022-07-14,176.92999267578125,178.47999572753906,175.1300048828125,178.27999877929688,168.6094970703125,2487000
2022-07-15,180.57000732421875,182.80999755859375,180.57000732421875,182.58999633789062,172.68569946289062,5014100
2022-07-18,182.3300018310547,183.89999389648438,179.72999572753906,180.0800018310547,170.3118438720703,2289200
2022-07-19,181.25,185.9499969482422,181.24000549316406,185.80999755859375,175.7310333251953,2710800
2022-07-20,185.85000610351562,187.5,184.27000427246094,186.85000610351562,176.71461486816406,1754800
2022-07-21,186.9499969482422,188.13999938964844,185.8300018310547,187.00999450683594,176.86593627929688,2320100
2022-07-22,188.63999938964844,189.2899932861328,185.66000366210938,187.97999572753906,177.7833251953125,2255200
2022-07-25,188.9600067138672,189.92999267578125,186.9600067138672,187.91000366210938,177.71713256835938,2816100
2022-07-26,179.25,183.83999633789062,178.66000366210938,181.52999877929688,171.68319702148438,4961000
2022-07-27,182.88999938964844,185.02999877929688,180.05999755859375,183.89999389648438,173.9246368408203,2739300
2022-07-28,184.66000366210938,189.07000732421875,183.8000030517578,188.24000549316406,178.02923583984375,2452500
2022-07-29,188.5500030517578,195.72999572753906,187.97999572753906,194.88999938964844,184.3184814453125,4093100
2022-08-01,193.0800018310547,195.82000732421875,192.9199981689453,195.33999633789062,184.74407958984375,2086100
2022-08-02,194.52000427246094,194.97000122070312,191.94000244140625,193.52999877929688,183.03228759765625,2075100
2022-08-03,194.69000244140625,195.33999633789062,192.75999450683594,193.4199981689453,182.92823791503906,1916700
2022-08-04,192.6999969482422,194.63999938964844,191.60000610351562,194.52000427246094,183.96856689453125,1627300
2022-08-05,193.4499969482422,196.91000366210938,193.4499969482422,196.75999450683594,186.0870819091797,1785900
2022-08-08,197.86000061035156,199.0399932861328,195.61000061035156,196.08999633789062,185.45339965820312,2102500
2022-08-09,196.47000122070312,197.52999877929688,195.22000122070312,196.64999389648438,185.9830322265625,2022400
2022-08-10,199.77000427246094,202.6699981689453,199.00999450683594,202.3699951171875,191.3927459716797,2791400
2022-08-11,203.36000061035156,205.89999389648438,201.75,204.42999267578125,193.34100341796875,2730600
2022-08-12,202.5399932861328,204.99000549316406,201.6300048828125,204.88999938964844,195.22764587402344,1883100
2022-08-15,203.83999633789062,206.11000061035156,203.2899932861328,205.8800048828125,196.1709747314453,1618200
2022-08-16,204.25999450683594,207.6999969482422,203.77999877929688,206.35000610351562,196.61880493164062,2296000
2022-08-17,202.49000549316406,206.1199951171875,202.35000610351562,204.97999572753906,195.31338500976562,1767300
2022-08-18,204.38999938964844,208.22000122070312,204.00999450683594,208.0500030517578,198.23863220214844,1913900
2022-08-19,208.91000366210938,209.38999938964844,206.74000549316406,208.42999267578125,198.6007080078125,2704300
2022-08-22,205.5,207.63999938964844,205.1699981689453,206.39999389648438,196.66644287109375,3593500
2022-08-23,206.58999633789062,207.64999389648438,204.44000244140625,205.27000427246094,195.5897216796875,2088000
2022-08-24,203.89999389648438,205.08999633789062,202.8699951171875,203.0399932861328,193.4648895263672,2024000
2022-08-25,203.67999267578125,205.0399932861328,202.50999450683594,205.0,195.3324737548828,1984400
2022-08-26,204.8800048828125,205.6999969482422,198.8699951171875,198.92999267578125,189.54869079589844,2203900
2022-08-29,198.27999877929688,199.52999877929688,197.19000244140625,197.27000427246094,187.96697998046875,1928000
2022-08-30,197.6699981689453,198.41000366210938,194.6199951171875,195.0500030517578,185.85169982910156,2238000
2022-08-31,195.22000122070312,196.17999267578125,194.02000427246094,194.50999450683594,185.33714294433594,2627700
2022-09-01,194.3800048828125,197.08999633789062,193.11000061035156,196.61000061035156,187.33810424804688,2343300
2022-09-02,199.4199981689453,199.97000122070312,194.33999633789062,196.0500030517578,186.80450439453125,2665100
2022-09-06,194.7899932861328,196.1999969482422,191.30999755859375,195.9600067138672,186.71878051757812,3760600
2022-09-07,194.89999389648438,197.10000610351562,192.9199981689453,196.2899932861328,187.03318786621094,2902300
2022-09-08,195.24000549316406,196.5500030517578,193.5800018310547,196.1300048828125,186.88075256347656,2166300
2022-09-09,197.57000732421875,199.41000366210938,197.13999938964844,198.69000244140625,189.32003784179688,1748000
2022-09-12,199.5500030517578,200.9600067138672,199.5,200.1699981689453,190.73023986816406,2382600
2022-09-13,196.16000366210938,197.67999267578125,192.13999938964844,192.7100067138672,183.62205505371094,2382500
2022-09-14,192.83999633789062,193.36000061035156,189.60000610351562,190.9600067138672,181.95457458496094,2608300
2022-09-15,190.72999572753906,191.1699981689453,184.5800018310547,185.0,176.275634765625,4041800
2022-09-16,177.6699981689453,178.74000549316406,173.1999969482422,176.7100067138672,168.3765869140625,12562000
2022-09-19,176.30999755859375,180.39999389648438,175.64999389648438,180.02999877929688,171.54000854492188,3018000
2022-09-20,178.36000061035156,178.72000122070312,174.64999389648438,175.67999267578125,167.39515686035156,2827400
2022-09-21,177.0800018310547,179.5800018310547,173.77000427246094,173.8300018310547,165.6324005126953,3162900
2022-09-22,171.8300018310547,171.85000610351562,167.72000122070312,167.86000061035156,159.94395446777344,5238500
2022-09-23,164.8800048828125,165.66000366210938,161.89999389648438,164.3300018310547,156.5803985595703,4252800
2022-09-26,163.33999633789062,163.9499969482422,160.11000061035156,161.75,154.1220703125,4163600
2022-09-27,163.5399932861328,166.08999633789062,162.5,164.77000427246094,156.99964904785156,3371200
2022-09-28,165.27999877929688,168.17999267578125,164.39999389648438,167.1199951171875,159.23883056640625,2958100
2022-09-29,166.32000732421875,166.7100067138672,163.75,165.32000732421875,157.5237274169922,2494900
2022-09-30,164.9600067138672,165.32000732421875,161.52000427246094,161.5399932861328,153.92196655273438,2823300
2022-10-03,160.6300048828125,164.55999755859375,159.4199981689453,163.08999633789062,155.3988800048828,3494500
2022-10-04,165.60000610351562,169.13999938964844,164.97000122070312,168.88999938964844,160.92535400390625,3414500
2022-10-05,167.0500030517578,169.8800048828125,166.69000244140625,167.92999267578125,160.0106201171875,2811400
2022-10-06,167.3699951171875,168.42999267578125,164.72000122070312,165.60000610351562,157.79052734375,2375000
2022-10-07,163.9600067138672,164.00999450683594,158.33999633789062,159.13999938964844,151.6351776123047,3491000
2022-10-10,161.0399932861328,161.8000030517578,158.39999389648438,159.74000549316406,152.20687866210938,3141700
2022-10-11,159.3800048828125,161.22999572753906,158.4600067138672,159.41000366210938,151.89244079589844,2164600
2022-10-12,159.89999389648438,161.72999572753906,158.99000549316406,159.47999572753906,151.95912170410156,2229200
2022-10-13,156.11000061035156,164.82000732421875,154.8699951171875,163.66000366210938,155.9420166015625,2574100
2022-10-14,164.57000732421875,165.55999755859375,161.47999572753906,161.67999267578125,154.0553741455078,1936400
2022-10-17,164.22999572753906,166.1199951171875,163.72999572753906,164.72000122070312,156.9520263671875,2274700
2022-10-18,167.47999572753906,168.75,164.6199951171875,166.99000549316406,159.11497497558594,2282500
2022-10-19,166.77999877929688,167.22999572753906,164.66000366210938,165.7899932861328,157.97154235839844,2129900
2022-10-20,164.66000366210938,165.22000122070312,160.32000732421875,160.97999572753906,153.3883819580078,2832600
2022-10-21,161.6300048828125,166.0399932861328,161.02999877929688,165.5500030517578,157.7428741455078,3161000
2022-10-24,167.0500030517578,170.22999572753906,166.57000732421875,167.5500030517578,159.6485595703125,4471300
2022-10-25,172.27999877929688,174.8000030517578,166.52000427246094,167.0,159.12451171875,7698800
2022-10-26,167.5,170.50999450683594,165.50999450683594,168.99000549316406,161.02066040039062,4819800
2022-10-27,169.92999267578125,170.64999389648438,166.08999633789062,166.49000549316406,158.6385498046875,3325300
2022-10-28,165.36000061035156,167.52000427246094,162.49000549316406,167.1699981689453,159.28646850585938,4771600
2022-10-31,166.1300048828125,169.7899932861328,165.4199981689453,167.77000427246094,159.8582000732422,2908900
2022-11-01,168.9600067138672,169.67999267578125,164.8000030517578,167.39999389648438,159.505615234375,2454500
2022-11-02,166.14999389648438,170.61000061035156,164.5500030517578,164.5800018310547,156.818603515625,2824000
2022-11-03,162.3300018310547,165.9199981689453,160.07000732421875,164.00999450683594,156.27549743652344,2671800
2022-11-04,166.00999450683594,166.4600067138672,162.61000061035156,165.69000244140625,157.8762664794922,2400900
2022-11-07,165.88999938964844,169.5800018310547,165.3800048828125,169.1300048828125,161.154052734375,2624400
2022-11-08,169.8000030517578,171.32000732421875,167.64999389648438,168.7899932861328,160.83004760742188,2715600
2022-11-09,168.19000244140625,169.08999633789062,163.8800048828125,164.00999450683594,156.27549743652344,2687100
2022-11-10,167.5,172.35000610351562,167.5,172.32000732421875,165.72955322265625,3338900
2022-11-11,172.7100067138672,178.99000549316406,172.50999450683594,178.19000244140625,171.3750457763672,3851400
2022-11-14,178.11000061035156,181.49000549316406,177.72000122070312,177.7899932861328,170.99034118652344,3082500
2022-11-15,178.47000122070312,181.55999755859375,178.05999755859375,181.47000122070312,174.5295867919922,3105000
2022-11-16,180.36000061035156,180.4499969482422,175.89999389648438,177.05999755859375,170.28826904296875,2713500
2022-11-17,175.0,176.08999633789062,171.61000061035156,176.05999755859375,169.32650756835938,2517400
2022-11-18,178.50999450683594,179.22999572753906,176.75999450683594,178.97000122070312,172.1251983642578,3003000
2022-11-21,178.14999389648438,180.74000549316406,177.89999389648438,180.61000061035156,173.70249938964844,2465600
2022-11-22,181.47000122070312,182.88999938964844,180.47000122070312,182.74000549316406,175.75103759765625,2210300
2022-11-23,183.36000061035156,183.92999267578125,182.7100067138672,182.83999633789062,175.84719848632812,1583500
2022-11-25,183.64999389648438,183.88999938964844,182.2100067138672,182.52000427246094,175.53945922851562,912400
2022-11-28,180.97000122070312,182.27999877929688,178.44000244140625,179.91000366210938,173.0292510986328,2043000
2022-11-29,183.99000549316406,185.19000244140625,182.25,184.88999938964844,177.8188018798828,3671400
2022-11-30,184.75,189.72999572753906,183.92999267578125,189.72999572753906,182.47369384765625,7146900
2022-12-01,189.5800018310547,191.60000610351562,188.38999938964844,190.19000244140625,182.91610717773438,3934700
2022-12-02,187.2899932861328,190.4600067138672,186.58999633789062,189.38999938964844,182.14669799804688,3661500
2022-12-05,188.0500030517578,188.08999633789062,180.58999633789062,181.16000366210938,174.23146057128906,5004700
2022-12-06,179.02000427246094,179.49000549316406,173.8800048828125,175.10000610351562,168.40322875976562,5598200
2022-12-07,174.39999389648438,177.0500030517578,173.99000549316406,174.6699981689453,167.98965454101562,5124300
2022-12-08,175.1300048828125,180.5500030517578,174.85000610351562,179.6300048828125,172.75997924804688,3109600
2022-12-09,179.25999450683594,180.13999938964844,177.3699951171875,177.63999938964844,170.8460693359375,3487100
2022-12-12,178.67999267578125,183.32000732421875,178.02000427246094,182.52999877929688,175.54905700683594,3214500
2022-12-13,187.99000549316406,188.58999633789062,181.92999267578125,183.85000610351562,176.81857299804688,3863700
2022-12-14,183.41000366210938,187.25,182.8000030517578,184.30999755859375,177.260986328125,3188900
2022-12-15,181.5,182.3000030517578,179.41000366210938,181.2100067138672,174.27955627441406,3478300
2022-12-16,180.36000061035156,181.88999938964844,177.6199951171875,178.1999969482422,171.38465881347656,8241400
2022-12-19,178.00999450683594,179.9600067138672,176.55999755859375,178.42999267578125,171.60585021972656,3690200
2022-12-20,177.3300018310547,177.57000732421875,173.47000122070312,173.6300048828125,166.9894561767578,3062200
2022-12-21,176.35000610351562,176.97000122070312,174.27999877929688,176.67999267578125,169.92279052734375,2833000
2022-12-22,174.8000030517578,175.66000366210938,172.72000122070312,175.61000061035156,168.8937225341797,2626400
2022-12-23,175.9199981689453,177.19000244140625,174.16000366210938,177.00999450683594,170.24017333984375,1897600
2022-12-27,177.08999633789062,177.82000732421875,175.6199951171875,176.92999267578125,170.16322326660156,1294200
2022-12-28,177.0,177.47000122070312,173.3699951171875,173.61000061035156,166.97019958496094,1455900
2022-12-29,174.7899932861328,176.41000366210938,174.4199981689453,175.75,169.0283660888672,1369200
2022-12-30,174.25999450683594,174.85000610351562,171.88999938964844,173.83999633789062,167.19140625,1670900
2023-01-03,174.27000427246094,175.8300018310547,173.64999389648438,175.27999877929688,168.5763397216797,2206500
2023-01-04,176.4499969482422,177.8699951171875,175.1999969482422,177.11000061035156,170.3363494873047,1965100
2023-01-05,174.8800048828125,175.91000366210938,173.3300018310547,173.83999633789062,167.19140625,2736800
2023-01-06,175.6300048828125,179.5399932861328,174.2899932861328,178.9499969482422,172.10597229003906,3690100
2023-01-09,179.22000122070312,183.63999938964844,178.97999572753906,181.69000244140625,174.74119567871094,3214600
2023-01-10,181.30999755859375,181.55999755859375,177.25999450683594,178.77000427246094,171.932861328125,2324200
2023-01-11,179.52999877929688,182.4600067138672,178.99000549316406,182.22999572753906,175.2605438232422,2674700
2023-01-12,183.47000122070312,183.6999969482422,180.67999267578125,182.9499969482422,175.95298767089844,1832200
2023-01-13,182.17999267578125,183.25,180.77000427246094,182.14999389648438,175.18359375,2078100
2023-01-17,181.6199951171875,182.3800048828125,178.8699951171875,179.0,172.15408325195312,2703300
2023-01-18,178.8000030517578,180.5500030517578,176.4600067138672,176.72000122070312,169.96127319335938,3085100
2023-01-19,176.16000366210938,177.22000122070312,173.66000366210938,176.14999389648438,169.41305541992188,2711600
2023-01-20,176.74000549316406,178.19000244140625,175.1199951171875,178.1300048828125,171.31735229492188,2296400
2023-01-23,178.50999450683594,181.7100067138672,177.2100067138672,180.47999572753906,173.5774688720703,2240100
2023-01-24,177.5399932861328,181.3800048828125,177.47999572753906,179.99000549316406,173.10621643066406,1958400
2023-01-25,178.00999450683594,178.02000427246094,174.91000366210938,177.4600067138672,170.6729736328125,1722000
2023-01-26,178.6300048828125,179.77999877929688,176.0500030517578,179.6999969482422,172.82728576660156,1627000
2023-01-27,179.60000610351562,183.8300018310547,178.8000030517578,182.08999633789062,175.12588500976562,2831600
2023-01-30,180.7100067138672,181.85000610351562,176.38999938964844,176.97000122070312,170.2017059326172,4593300
2023-01-31,178.77000427246094,186.0800018310547,178.77000427246094,185.22999572753906,178.1457977294922,6872100
2023-02-01,184.67999267578125,185.8300018310547,180.8000030517578,184.97999572753906,177.90536499023438,4005200
2023-02-02,186.02999877929688,193.7100067138672,186.02000427246094,191.2899932861328,183.97402954101562,4995900
2023-02-03,189.05999755859375,192.25,187.25,191.66000366210938,184.3298797607422,2766300
2023-02-06,190.0,190.5800018310547,188.17999267578125,188.75999450683594,181.540771484375,2243300
2023-02-07,187.8699951171875,189.2100067138672,185.7899932861328,188.2899932861328,181.08876037597656,2037800
2023-02-08,186.72999572753906,188.1999969482422,186.0,186.36000061035156,179.2325897216797,1970000
2023-02-09,186.0399932861328,187.52000427246094,184.55999755859375,184.75,177.6841583251953,2135600
2023-02-10,183.4499969482422,185.58999633789062,182.55999755859375,185.22000122070312,178.1361846923828,2533900
2023-02-13,184.75,187.4600067138672,183.22000122070312,187.41000366210938,180.242431640625,2481400
2023-02-14,186.1999969482422,187.83999633789062,184.97000122070312,186.77000427246094,179.6269073486328,1876400
2023-02-15,185.6199951171875,187.0399932861328,185.02999877929688,186.83999633789062,179.6942138671875,1750000
2023-02-16,185.14999389648438,186.77999877929688,183.1199951171875,185.5500030517578,178.45355224609375,2633000
2023-02-17,183.11000061035156,184.00999450683594,181.35000610351562,183.2100067138672,177.75502014160156,2510100
2023-02-21,179.17999267578125,179.57000732421875,176.1300048828125,178.4600067138672,173.1464385986328,3994800
2023-02-22,178.3699951171875,179.44000244140625,176.08999633789062,176.61000061035156,171.3515167236328,2376900
2023-02-23,177.94000244140625,180.27999877929688,177.85000610351562,179.94000244140625,174.58238220214844,2341200
2023-02-24,178.77999877929688,181.13999938964844,177.75,180.14999389648438,174.78610229492188,2674400
2023-02-27,181.8800048828125,183.49000549316406,181.02999877929688,182.22999572753906,176.80418395996094,2925400
2023-02-28,181.1999969482422,183.80999755859375,181.1300048828125,182.49000549316406,177.05645751953125,3703000
2023-03-01,181.92999267578125,184.75,181.5500030517578,183.0800018310547,177.62887573242188,2307500
2023-03-02,182.82000732421875,185.1199951171875,181.77999877929688,184.67999267578125,179.1812286376953,2334500
2023-03-03,186.25,186.69000244140625,184.6199951171875,185.67999267578125,180.1514434814453,2499600
2023-03-06,185.4499969482422,187.6699981689453,185.36000061035156,186.50999450683594,180.9567413330078,2419500
2023-03-07,185.19000244140625,185.99000549316406,182.6999969482422,183.27000427246094,177.81321716308594,2822300
2023-03-08,183.17999267578125,184.5800018310547,182.27999877929688,184.3000030517578,178.8125457763672,2277900
2023-03-09,185.6300048828125,187.6300048828125,182.5,182.8800048828125,177.43484497070312,2497400
2023-03-10,182.69000244140625,184.32000732421875,179.52999877929688,181.5399932861328,176.1347198486328,3442600
2023-03-13,179.07000732421875,183.86000061035156,178.2100067138672,182.22999572753906,176.80418395996094,4435900
2023-03-14,185.14999389648438,187.8300018310547,182.25999450683594,185.05999755859375,179.54991149902344,4892100
2023-03-15,181.4199981689453,184.9499969482422,180.97000122070312,184.36000061035156,178.87075805664062,4306700
2023-03-16,183.5500030517578,188.77000427246094,183.5500030517578,187.9199981689453,182.3247528076172,4710200
2023-03-17,189.9499969482422,191.94000244140625,185.4600067138672,186.7899932861328,181.22840881347656,20535900
2023-03-20,186.25999450683594,186.82000732421875,181.57000732421875,183.49000549316406,178.02667236328125,3974300
2023-03-21,184.6199951171875,186.83999633789062,183.8000030517578,186.7899932861328,181.22840881347656,2965600
2023-03-22,186.5,189.6199951171875,185.32000732421875,185.5399932861328,180.01560974121094,2758400
2023-03-23,184.77999877929688,188.58999633789062,183.4499969482422,185.2899932861328,179.7730712890625,2901700
2023-03-24,185.08999633789062,186.41000366210938,183.72000122070312,186.07000732421875,180.5298614501953,2586700
2023-03-27,187.38999938964844,187.9600067138672,185.52999877929688,187.32000732421875,181.7426300048828,2283400
2023-03-28,187.4199981689453,189.16000366210938,186.35000610351562,187.72999572753906,182.14041137695312,1850100
2023-03-29,189.52000427246094,191.5,188.86000061035156,191.47000122070312,185.76905822753906,2546100
2023-03-30,191.88999938964844,192.1999969482422,189.19000244140625,191.08999633789062,185.40037536621094,2075300
2023-03-31,191.92999267578125,194.1199951171875,190.92999267578125,193.99000549316406,188.2140350341797,2571200
2023-04-03,192.8300018310547,193.75,191.32000732421875,193.72000122070312,187.95208740234375,2735200
2023-04-04,194.6699981689453,194.8800048828125,189.92999267578125,190.61000061035156,184.93466186523438,2498700
2023-04-05,189.83999633789062,191.88999938964844,189.35000610351562,189.39999389648438,183.7606964111328,2718300
2023-04-06,188.3300018310547,189.55999755859375,186.52999877929688,188.5800018310547,182.96511840820312,2206100
2023-04-10,187.4199981689453,190.5500030517578,186.77999877929688,190.25999450683594,184.59507751464844,2157900
2023-04-11,190.5,193.10000610351562,189.58999633789062,192.4499969482422,186.71987915039062,2844400
2023-04-12,192.5,194.0399932861328,189.02000427246094,189.85000610351562,184.1973114013672,3729000
2023-04-13,190.9199981689453,191.60000610351562,188.5399932861328,191.0,185.3130645751953,2355600
2023-04-14,191.0,193.02000427246094,190.25,192.8699951171875,187.1273651123047,2034900
2023-04-17,193.22000122070312,194.3800048828125,192.5800018310547,193.2899932861328,187.5348663330078,1920500
2023-04-18,193.5800018310547,194.6699981689453,192.8800048828125,194.1199951171875,188.34014892578125,2461400
2023-04-19,194.27999877929688,196.22000122070312,194.11000061035156,196.02999877929688,190.1932830810547,2652200
2023-04-20,195.8699951171875,197.8000030517578,194.1199951171875,194.97999572753906,189.17454528808594,3336300
2023-04-21,194.8699951171875,196.5,193.61000061035156,195.2100067138672,189.39772033691406,3371700
2023-04-24,195.36000061035156,197.30999755859375,194.72999572753906,195.85000610351562,190.01864624023438,3689100
2023-04-25,182.6699981689453,183.0,176.22000122070312,176.2899932861328,171.04104614257812,12474900
2023-04-26,175.22999572753906,177.05999755859375,172.1300048828125,172.57000732421875,167.4318084716797,5845600
2023-04-27,172.75999450683594,178.16000366210938,172.19000244140625,177.75999450683594,172.46726989746094,4679000
2023-04-28,176.83999633789062,180.47999572753906,176.50999450683594,179.80999755859375,174.45623779296875,3439900
2023-05-01,179.9499969482422,182.69000244140625,179.6699981689453,182.1999969482422,176.7750701904297,2807800
2023-05-02,180.6999969482422,180.77000427246094,177.67999267578125,177.83999633789062,172.54490661621094,3527800
2023-05-03,177.5,178.0,175.5,175.8300018310547,170.59474182128906,3825200
2023-05-04,174.5500030517578,174.94000244140625,172.86000061035156,173.2899932861328,168.13037109375,3495100
2023-05-05,175.17999267578125,176.2899932861328,173.8000030517578,175.74000549316406,170.50743103027344,2775300
2023-05-08,175.91000366210938,176.36000061035156,173.60000610351562,174.38999938964844,169.19761657714844,2589100
2023-05-09,172.8699951171875,173.8000030517578,172.14999389648438,173.00999450683594,167.8586883544922,2180600
2023-05-10,173.72999572753906,173.97999572753906,169.85000610351562,171.57000732421875,166.46157836914062,3233300
2023-05-11,171.52999877929688,171.75,169.17999267578125,170.22999572753906,165.16146850585938,3136500
2023-05-12,169.11000061035156,169.86000061035156,166.8800048828125,168.5,165.05372619628906,3346600
2023-05-15,167.55999755859375,168.9199981689453,166.25999450683594,168.85000610351562,165.39657592773438,3048400
2023-05-16,167.49000549316406,167.8300018310547,166.14999389648438,166.61000061035156,163.20237731933594,3458900
2023-05-17,167.69000244140625,171.77000427246094,166.7100067138672,171.36000061035156,167.85523986816406,3882200
2023-05-18,171.63999938964844,173.4199981689453,169.75999450683594,171.0399932861328,167.54176330566406,2747200
2023-05-19,171.1300048828125,171.4600067138672,169.3699951171875,170.92999267578125,167.43402099609375,2350100
2023-05-22,171.61000061035156,171.85000610351562,169.32000732421875,171.50999450683594,168.0021514892578,2675400
2023-05-23,170.58999633789062,172.25999450683594,169.25,169.7899932861328,166.3173370361328,2660500
2023-05-24,168.85000610351562,169.66000366210938,167.4499969482422,167.72000122070312,164.2896728515625,2410500
2023-05-25,168.5800018310547,172.0800018310547,168.1699981689453,171.22999572753906,167.72789001464844,2976900
2023-05-26,171.72999572753906,172.91000366210938,171.17999267578125,171.57000732421875,168.06094360351562,2291800
2023-05-30,171.69000244140625,171.83999633789062,168.9199981689453,169.75999450683594,166.28794860839844,2542200
2023-05-31,169.05999755859375,169.22000122070312,166.3000030517578,167.0,163.58441162109375,5106100
2023-06-01,167.50999450683594,168.9199981689453,166.2100067138672,167.8300018310547,164.39743041992188,2524800
2023-06-02,168.75999450683594,170.94000244140625,167.92999267578125,170.13999938964844,166.66018676757812,2750400
2023-06-05,169.9499969482422,169.9499969482422,167.6199951171875,167.85000610351562,164.4170379638672,2314100
2023-06-06,166.50999450683594,168.66000366210938,166.17999267578125,167.58999633789062,164.16233825683594,2521900
2023-06-07,167.35000610351562,171.6699981689453,166.89999389648438,171.5,167.99237060546875,3435600
2023-06-08,171.47999572753906,171.6199951171875,169.6300048828125,171.47999572753906,167.9727783203125,3676000
2023-06-09,171.0,171.3800048828125,169.55999755859375,170.49000549316406,167.00303649902344,2838500
2023-06-12,170.83999633789062,171.82000732421875,170.02999877929688,171.5,167.99237060546875,2795100
2023-06-13,171.30999755859375,173.3800048828125,171.11000061035156,172.88999938964844,169.35394287109375,3528000
2023-06-14,173.66000366210938,176.6999969482422,173.08999633789062,174.8800048828125,171.30325317382812,4476000
2023-06-15,175.4600067138672,179.3000030517578,175.4199981689453,179.0,175.33897399902344,4162900
2023-06-16,179.99000549316406,180.27000427246094,176.10000610351562,178.5800018310547,174.9275665283203,8468900
2023-06-20,176.4600067138672,178.67999267578125,176.4600067138672,177.27000427246094,173.6443634033203,3088200
2023-06-21,174.1300048828125,176.58999633789062,172.8699951171875,173.6300048828125,170.07879638671875,4935300
2023-06-22,172.16000366210938,173.5,170.9600067138672,171.3800048828125,167.8748321533203,4192700
2023-06-23,169.60000610351562,171.16000366210938,168.7100067138672,169.2899932861328,165.8275604248047,11277900
2023-06-26,169.22000122070312,173.0399932861328,169.22000122070312,172.75,169.216796875,3763100
2023-06-27,173.38999938964844,175.49000549316406,172.47000122070312,174.6699981689453,171.09751892089844,2711600
2023-06-28,174.1199951171875,176.0800018310547,173.66000366210938,175.66000366210938,172.06729125976562,2746400
2023-06-29,175.4199981689453,176.19000244140625,174.7899932861328,176.0500030517578,172.44931030273438,2301600
2023-06-30,176.58999633789062,179.64999389648438,175.55999755859375,179.25,175.5838623046875,4891700
2023-07-03,178.25999450683594,184.16000366210938,178.17999267578125,183.77000427246094,180.01141357421875,3330000
2023-07-05,179.3699951171875,181.6999969482422,178.7899932861328,179.97000122070312,176.2891387939453,4820200
2023-07-06,178.66000366210938,179.39999389648438,177.58999633789062,179.27999877929688,175.61325073242188,3011100
2023-07-07,178.11000061035156,181.72000122070312,178.0399932861328,179.75999450683594,176.0834197998047,3145300
2023-07-10,179.67999267578125,182.42999267578125,179.67999267578125,181.3300018310547,177.62130737304688,2372700
2023-07-11,181.92999267578125,185.5,181.36000061035156,185.24000549316406,181.45135498046875,2896600
2023-07-12,187.07000732421875,187.6699981689453,185.47000122070312,186.49000549316406,182.67578125,2586000
2023-07-13,186.63999938964844,187.82000732421875,185.3300018310547,185.36000061035156,181.5688934326172,2857200
2023-07-14,184.77999877929688,185.6699981689453,183.89999389648438,185.25999450683594,181.47093200683594,2213500
2023-07-17,184.47999572753906,184.5,182.4199981689453,182.74000549316406,179.0024871826172,2556000
2023-07-18,182.82000732421875,184.89999389648438,182.82000732421875,184.57000732421875,180.79505920410156,2387500
2023-07-19,184.60000610351562,186.47000122070312,184.60000610351562,186.02000427246094,182.21539306640625,3018900
2023-07-20,186.6300048828125,188.2100067138672,185.60000610351562,186.94000244140625,183.1165771484375,2703600
2023-07-21,186.91000366210938,189.47999572753906,186.74000549316406,187.3000030517578,183.46922302246094,5071200
2023-07-24,185.86000061035156,189.35000610351562,185.72000122070312,188.33999633789062,184.48793029785156,2460200
2023-07-25,187.80999755859375,192.97999572753906,182.13999938964844,184.69000244140625,180.91259765625,10006600
2023-07-26,183.25,185.1300048828125,181.72000122070312,184.38999938964844,180.6187286376953,4189100
2023-07-27,185.1199951171875,187.22999572753906,184.0500030517578,186.52000427246094,182.70518493652344,3251400
2023-07-28,188.38999938964844,189.64999389648438,187.69000244140625,187.88999938964844,184.04714965820312,2299000
2023-07-31,187.80999755859375,188.32000732421875,186.1999969482422,187.1300048828125,183.30270385742188,2323100
2023-08-01,186.86000061035156,187.0,183.77000427246094,185.5,181.70602416992188,2823500
2023-08-02,183.9499969482422,185.36000061035156,182.83999633789062,183.35000610351562,179.60000610351562,2008500
2023-08-03,182.33999633789062,184.55999755859375,181.25999450683594,181.5,177.787841796875,3692800
2023-08-04,182.1300048828125,182.60000610351562,180.47000122070312,180.94000244140625,177.2393035888672,4437100
2023-08-07,182.0,183.24000549316406,180.74000549316406,182.14999389648438,178.42454528808594,4411700
2023-08-08,183.05999755859375,184.3300018310547,176.02000427246094,180.5500030517578,176.85728454589844,6433400
2023-08-09,179.1199951171875,181.3699951171875,178.55999755859375,179.3699951171875,175.70140075683594,3249400
2023-08-10,180.0800018310547,182.25,179.92999267578125,180.3800048828125,176.69076538085938,3964800
2023-08-11,178.27000427246094,179.02999877929688,175.89999389648438,176.6199951171875,174.5755157470703,3557500
2023-08-14,176.1199951171875,176.44000244140625,174.55999755859375,175.50999450683594,173.47836303710938,2980700
2023-08-15,174.4499969482422,174.55999755859375,172.75999450683594,173.25999450683594,171.25440979003906,2269300
2023-08-16,172.10000610351562,173.5800018310547,170.5800018310547,170.74000549316406,168.7635955810547,2500300
2023-08-17,171.36000061035156,171.5500030517578,170.0500030517578,170.74000549316406,168.7635955810547,2986500
2023-08-18,169.80999755859375,172.16000366210938,169.80999755859375,171.24000549316406,169.25779724121094,2868300
2023-08-21,170.91000366210938,171.72999572753906,167.07000732421875,168.49000549316406,166.53964233398438,3512000
2023-08-22,169.0,170.36000061035156,166.39999389648438,166.86000061035156,164.92849731445312,2702200
2023-08-23,167.7100067138672,169.32000732421875,167.33999633789062,168.8800048828125,166.9251251220703,2375200
2023-08-24,168.02999877929688,168.82000732421875,166.97000122070312,167.0,165.06687927246094,2207400
2023-08-25,167.42999267578125,169.35000610351562,166.85000610351562,168.8699951171875,166.91522216796875,2506900
2023-08-28,169.6999969482422,170.66000366210938,167.9600067138672,168.83999633789062,166.8855743408203,1967800
2023-08-29,169.33999633789062,171.92999267578125,169.0,171.75,169.7618865966797,3261200
2023-08-30,172.0500030517578,172.75,170.99000549316406,172.00999450683594,170.0188751220703,2713300
2023-08-31,172.02999877929688,172.69000244140625,169.3000030517578,169.39999389648438,167.4390869140625,3549800
2023-09-01,170.52000427246094,170.67999267578125,167.33999633789062,168.0,166.0552978515625,3286100
2023-09-05,167.5,168.02000427246094,163.61000061035156,163.97000122070312,162.07196044921875,4897500
2023-09-06,163.8800048828125,164.25,161.4499969482422,162.30999755859375,160.43116760253906,3883500
2023-09-07,161.99000549316406,162.64999389648438,160.52000427246094,162.24000549316406,160.3619842529297,3013200
2023-09-08,162.4199981689453,162.4199981689453,160.60000610351562,161.0399932861328,159.1758575439453,3561500
2023-09-11,161.60000610351562,162.27999877929688,160.33999633789062,160.88999938964844,159.02760314941406,3638000
2023-09-12,157.3699951171875,158.0,155.10000610351562,156.57000732421875,154.7576141357422,6232500
2023-09-13,156.55999755859375,158.0500030517578,155.86000061035156,157.83999633789062,156.01290893554688,4071900
2023-09-14,159.75999450683594,160.8800048828125,159.02999877929688,160.72999572753906,158.86944580078125,2796400
2023-09-15,160.72999572753906,161.47000122070312,159.64999389648438,160.49000549316406,158.6322479248047,4382000
2023-09-18,159.91000366210938,160.14999389648438,158.0800018310547,158.44000244140625,156.60597229003906,2729200
2023-09-19,158.3000030517578,158.67999267578125,156.50999450683594,158.00999450683594,156.18093872070312,2348900
2023-09-20,158.60000610351562,159.4199981689453,157.35000610351562,157.63999938964844,155.8152313232422,2300300
2023-09-21,157.0,157.77999877929688,155.22999572753906,155.42999267578125,153.63079833984375,3801200
2023-09-22,155.4199981689453,155.83999633789062,153.50999450683594,153.77999877929688,151.99990844726562,3206200
2023-09-25,152.92999267578125,155.38999938964844,152.82000732421875,154.30999755859375,152.52377319335938,2900500
2023-09-26,153.0,154.00999450683594,151.8000030517578,151.89999389648438,150.14166259765625,3461800
2023-09-27,152.47999572753906,152.8000030517578,150.5399932861328,152.41000366210938,150.64576721191406,3419500
2023-09-28,152.6300048828125,155.55999755859375,152.42999267578125,155.5,153.6999969482422,5571600
2023-09-29,156.5,157.3300018310547,155.05999755859375,155.8699951171875,154.06570434570312,5034600
2023-10-02,155.14999389648438,155.4199981689453,153.63999938964844,155.0800018310547,153.2848663330078,3243600
2023-10-03,154.25999450683594,156.36000061035156,153.02000427246094,153.75,151.9702606201172,3687600
2023-10-04,154.39999389648438,155.3800048828125,152.4499969482422,153.72000122070312,151.9405975341797,2600400
2023-10-05,153.0399932861328,153.97999572753906,152.60000610351562,153.3800048828125,151.6045379638672,2922100
2023-10-06,152.8800048828125,155.14999389648438,152.3000030517578,154.27000427246094,152.48423767089844,2383500
2023-10-09,153.4499969482422,154.8000030517578,152.5399932861328,154.33999633789062,152.5534210205078,1765800
2023-10-10,154.50999450683594,156.4499969482422,154.27999877929688,155.5500030517578,153.74942016601562,2083400
2023-10-11,155.77999877929688,156.24000549316406,153.47000122070312,155.3000030517578,153.5023193359375,2209800
2023-10-12,155.5,155.5500030517578,153.55999755859375,155.3800048828125,153.58139038085938,2340300
2023-10-13,156.1199951171875,157.3699951171875,154.5800018310547,155.0800018310547,153.2848663330078,2759600
2023-10-16,156.74000549316406,158.49000549316406,156.1199951171875,156.64999389648438,154.83668518066406,3349700
2023-10-17,155.19000244140625,157.66000366210938,155.02000427246094,157.17999267578125,155.3605499267578,2937000
2023-10-18,155.5,155.7899932861328,153.63999938964844,153.82000732421875,152.03944396972656,2974700
2023-10-19,154.47000122070312,155.13999938964844,151.77999877929688,152.05999755859375,150.29981994628906,3035100
2023-10-20,152.33999633789062,153.33999633789062,151.94000244140625,151.9600067138672,150.20098876953125,5006400
2023-10-23,151.25,151.5800018310547,147.88999938964844,148.16000366210938,146.44496154785156,4552700
2023-10-24,148.74000549316406,150.2100067138672,148.33999633789062,149.32000732421875,147.59153747558594,2802300
2023-10-25,148.74000549316406,148.89999389648438,146.00999450683594,146.92999267578125,145.22918701171875,3565800
2023-10-26,142.5,146.2899932861328,137.92999267578125,138.2100067138672,136.6101531982422,10581400
2023-10-27,138.42999267578125,139.7899932861328,133.67999267578125,134.8300018310547,133.26927185058594,6594600
2023-10-30,135.91000366210938,139.22999572753906,134.30999755859375,138.77999877929688,137.1735382080078,5665500
2023-10-31,138.6199951171875,141.32000732421875,138.22000122070312,141.25,139.6149444580078,3996900
2023-11-01,141.3800048828125,142.13999938964844,138.0500030517578,139.8000030517578,138.18173217773438,3566800
2023-11-02,141.89999389648438,143.3800048828125,141.72000122070312,141.99000549316406,140.3463897705078,3904600
2023-11-03,143.22999572753906,144.80999755859375,142.80999755859375,142.86000061035156,141.20631408691406,3272000
2023-11-06,143.22000122070312,143.49000549316406,141.2899932861328,142.27000427246094,140.62315368652344,2931300
2023-11-07,141.47999572753906,142.10000610351562,140.60000610351562,141.85000610351562,140.2080078125,2952600
2023-11-08,142.1300048828125,143.4199981689453,141.4600067138672,141.9499969482422,140.3068389892578,2896600
2023-11-09,142.94000244140625,142.94000244140625,139.8699951171875,139.9499969482422,138.3300018310547,3411100
2023-11-10,138.7100067138672,138.82000732421875,136.52000427246094,138.11000061035156,138.11000061035156,5683900
2023-11-13,137.6699981689453,138.5500030517578,137.00999450683594,138.1699981689453,138.1699981689453,3211500
2023-11-14,140.0399932861328,143.77000427246094,139.91000366210938,143.1699981689453,143.1699981689453,4258800
2023-11-15,144.0,147.89999389648438,143.9499969482422,147.1699981689453,147.1699981689453,4766700
2023-11-16,147.27000427246094,148.1999969482422,145.63999938964844,146.91000366210938,146.91000366210938,3729300
2023-11-17,147.67999267578125,148.0500030517578,146.1999969482422,147.97999572753906,147.97999572753906,3320200
2023-11-20,147.85000610351562,150.27999877929688,146.8699951171875,149.57000732421875,149.57000732421875,4733300
2023-11-21,149.5,150.11000061035156,148.5,149.77000427246094,149.77000427246094,3080700
2023-11-22,150.9600067138672,151.24000549316406,149.94000244140625,150.75,150.75,2640200
2023-11-24,151.1699981689453,152.0399932861328,150.75,152.02999877929688,152.02999877929688,1644400
2023-11-27,151.0399932861328,151.44000244140625,149.57000732421875,149.58999633789062,149.58999633789062,3320000
2023-11-28,149.6999969482422,151.0800018310547,148.97999572753906,150.74000549316406,150.74000549316406,3073900
2023-11-29,151.52000427246094,153.27000427246094,151.44000244140625,153.22000122070312,153.22000122070312,477086
2023-11-29,151.52000427246094,153.4600067138672,151.4512939453125,152.2899932861328,152.2899932861328,2980671
2023-11-30,152.85000610351562,153.07000732421875,150.75999450683594,151.61000061035156,151.61000061035156,4664400
2023-12-01,151.99000549316406,154.97000122070312,151.02000427246094,154.91000366210938,154.91000366210938,3945000
2023-12-01,151.99000549316406,154.97000122070312,151.02000427246094,154.91000366210938,154.91000366210938,3939535
