date,open,high,low,close,volume,average,barCount
2023-03-13 09:30:00-04:00,52.16,52.32,51.86,51.86,30819.0,52.165,98
2023-03-13 09:35:00-04:00,51.91,52.03,51.74,51.97,15427.0,51.87,103
2023-03-13 09:40:00-04:00,52.1,52.19,51.92,52.05,16504.0,52.048,116
2023-03-13 09:45:00-04:00,52.05,52.83,51.97,52.74,17424.0,52.329,136
2023-03-13 09:50:00-04:00,52.7,52.88,52.21,52.45,16964.0,52.47,145
2023-03-13 09:55:00-04:00,52.44,52.68,52.42,52.58,13559.0,52.565,117
2023-03-13 10:00:00-04:00,52.58,52.64,52.33,52.58,14696.0,52.484,128
2023-03-13 10:05:00-04:00,52.54,52.77,52.32,52.65,16020.0,52.585,133
2023-03-13 10:10:00-04:00,52.69,52.81,52.55,52.65,27388.0,52.729,194
2023-03-13 10:15:00-04:00,52.64,52.64,52.3,52.37,17632.0,52.462,139
2023-03-13 10:20:00-04:00,52.36,52.52,52.29,52.31,11781.0,52.37,103
2023-03-13 10:25:00-04:00,52.35,52.41,52.19,52.23,12056.0,52.287,100
2023-03-13 10:30:00-04:00,52.25,52.62,52.25,52.54,15573.0,52.415,123
2023-03-13 10:35:00-04:00,52.56,52.57,52.25,52.39,11660.0,52.409,95
2023-03-13 10:40:00-04:00,52.42,52.42,52.06,52.35,13766.0,52.265,117
2023-03-13 10:45:00-04:00,52.37,52.48,52.31,52.37,12474.0,52.402,101
2023-03-13 10:50:00-04:00,52.37,52.42,52.05,52.2,19108.0,52.181,152
2023-03-13 10:55:00-04:00,52.23,52.58,52.23,52.5,17630.0,52.483,115
2023-03-13 11:00:00-04:00,52.5,52.78,52.39,52.61,17194.0,52.532,144
2023-03-13 11:05:00-04:00,52.58,52.92,52.58,52.85,17199.0,52.776,132
2023-03-13 11:10:00-04:00,52.84,53.01,52.82,52.87,10310.0,52.904,87
2023-03-13 11:15:00-04:00,52.9,52.99,52.84,52.94,15646.0,52.907,133
2023-03-13 11:20:00-04:00,52.95,53.03,52.79,52.91,12571.0,52.946,106
2023-03-13 11:25:00-04:00,52.93,53.3,52.9,53.29,10388.0,53.052,92
2023-03-13 11:30:00-04:00,53.27,53.37,53.09,53.15,13894.0,53.246,114
2023-03-13 11:35:00-04:00,53.12,53.13,52.89,52.94,9728.0,52.99,79
2023-03-13 11:40:00-04:00,52.96,53.28,52.94,53.19,14664.0,53.132,112
2023-03-13 11:45:00-04:00,53.16,53.35,53.06,53.33,13616.0,53.196,116
2023-03-13 11:50:00-04:00,53.31,53.32,52.91,52.91,9439.0,53.177,79
2023-03-13 11:55:00-04:00,52.87,53.05,52.85,53.05,11557.0,52.926,91
2023-03-13 12:00:00-04:00,53.08,53.34,52.87,52.93,16051.0,53.077,121
2023-03-13 12:05:00-04:00,52.94,53.12,52.94,53.01,6717.0,53.027,58
2023-03-13 12:10:00-04:00,52.98,52.99,52.68,52.79,12988.0,52.869,97
2023-03-13 12:15:00-04:00,52.78,52.92,52.73,52.77,8660.0,52.828,56
2023-03-13 12:20:00-04:00,52.73,52.81,52.66,52.66,8873.0,52.761,76
2023-03-13 12:25:00-04:00,52.67,52.79,52.61,52.79,9436.0,52.7,74
2023-03-13 12:30:00-04:00,52.77,52.77,52.44,52.47,14165.0,52.563,123
2023-03-13 12:35:00-04:00,52.49,52.7,52.45,52.59,17579.0,52.547,97
2023-03-13 12:40:00-04:00,52.6,52.8,52.6,52.68,7474.0,52.692,62
2023-03-13 12:45:00-04:00,52.65,52.7,52.39,52.45,8771.0,52.546,73
2023-03-13 12:50:00-04:00,52.45,52.51,52.35,52.45,9357.0,52.415,69
2023-03-13 12:55:00-04:00,52.46,52.47,52.32,52.39,9465.0,52.391,71
2023-03-13 13:00:00-04:00,52.39,52.41,52.18,52.24,8740.0,52.26,71
2023-03-13 13:05:00-04:00,52.22,52.35,52.1,52.35,6291.0,52.214,53
2023-03-13 13:10:00-04:00,52.37,52.41,52.32,52.36,7289.0,52.355,61
2023-03-13 13:15:00-04:00,52.35,52.47,52.29,52.37,26906.0,52.327,131
2023-03-13 13:20:00-04:00,52.36,52.38,52.28,52.3,6570.0,52.322,55
2023-03-13 13:25:00-04:00,52.3,52.36,52.23,52.33,13691.0,52.294,121
2023-03-13 13:30:00-04:00,52.34,52.39,52.26,52.28,8481.0,52.32,70
2023-03-13 13:35:00-04:00,52.26,52.55,52.24,52.52,10734.0,52.417,92
2023-03-13 13:40:00-04:00,52.53,52.7,52.5,52.7,12652.0,52.592,102
2023-03-13 13:45:00-04:00,52.7,52.71,52.52,52.55,12757.0,52.62,84
2023-03-13 13:50:00-04:00,52.54,52.7,52.53,52.64,12202.0,52.582,94
2023-03-13 13:55:00-04:00,52.65,52.8,52.65,52.75,9565.0,52.743,82
2023-03-13 14:00:00-04:00,52.75,52.9,52.75,52.83,12050.0,52.812,103
2023-03-13 14:05:00-04:00,52.81,52.87,52.8,52.84,11172.0,52.836,82
2023-03-13 14:10:00-04:00,52.85,52.94,52.81,52.87,11334.0,52.861,100
2023-03-13 14:15:00-04:00,52.96,53.09,52.91,52.95,38382.0,53.029,196
2023-03-13 14:20:00-04:00,52.91,53.13,52.91,53.13,10065.0,53.04,83
2023-03-13 14:25:00-04:00,53.18,53.18,52.98,53.05,11044.0,53.062,88
2023-03-13 14:30:00-04:00,53.06,53.26,53.06,53.21,11887.0,53.167,91
2023-03-13 14:35:00-04:00,53.19,53.19,52.94,52.96,11665.0,53.05,90
2023-03-13 14:40:00-04:00,52.99,53.15,52.94,53.05,9205.0,53.032,75
2023-03-13 14:45:00-04:00,53.03,53.03,52.94,52.97,8469.0,52.983,72
2023-03-13 14:50:00-04:00,52.95,53.01,52.91,52.96,8821.0,52.946,73
2023-03-13 14:55:00-04:00,52.98,53.02,52.92,53.0,9703.0,52.966,79
2023-03-13 15:00:00-04:00,53.02,53.07,52.85,52.85,13412.0,52.982,113
2023-03-13 15:05:00-04:00,52.83,52.95,52.77,52.78,15877.0,52.85,123
2023-03-13 15:10:00-04:00,52.79,52.97,52.78,52.96,11755.0,52.87,106
2023-03-13 15:15:00-04:00,52.96,52.98,52.72,52.72,22240.0,52.834,170
2023-03-13 15:20:00-04:00,52.7,52.7,52.53,52.55,22604.0,52.594,177
2023-03-13 15:25:00-04:00,52.56,52.56,52.44,52.54,21218.0,52.485,156
2023-03-13 15:30:00-04:00,52.55,52.65,52.52,52.65,22285.0,52.59,194
2023-03-13 15:35:00-04:00,52.65,52.73,52.59,52.72,30338.0,52.666,256
2023-03-13 15:40:00-04:00,52.71,52.78,52.65,52.75,49262.0,52.72,358
2023-03-13 15:45:00-04:00,52.77,52.83,52.63,52.63,42156.0,52.732,342
2023-03-13 15:50:00-04:00,52.63,52.66,52.49,52.57,55850.0,52.577,386
2023-03-13 15:55:00-04:00,52.57,52.57,52.37,52.42,72924.0,52.422,547
2023-03-14 09:30:00-04:00,53.19,53.55,53.05,53.05,22176.0,53.192,46
2023-03-14 09:35:00-04:00,53.15,53.25,53.07,53.11,5238.0,53.173,46
2023-03-14 09:40:00-04:00,53.09,53.18,52.87,53.0,7210.0,53.051,57
2023-03-14 09:45:00-04:00,52.98,53.14,52.91,53.1,3520.0,53.06,27
2023-03-14 09:50:00-04:00,52.95,53.11,52.9,53.01,123832.0,52.984,77
2023-03-14 09:55:00-04:00,53.05,53.25,52.96,53.21,11479.0,53.15,73
2023-03-14 10:00:00-04:00,53.18,53.3,53.09,53.28,5787.0,53.223,43
2023-03-14 10:05:00-04:00,53.32,53.35,53.14,53.14,10142.0,53.262,67
2023-03-14 10:10:00-04:00,53.14,53.23,53.06,53.23,2479.0,53.151,19
2023-03-14 10:15:00-04:00,53.26,53.31,53.13,53.13,8473.0,53.216,57
2023-03-14 10:20:00-04:00,53.13,53.33,53.11,53.33,2050.0,53.229,20
2023-03-14 10:25:00-04:00,53.3,53.3,53.23,53.25,3375.0,53.261,26
2023-03-14 10:30:00-04:00,53.28,53.42,53.25,53.41,11064.0,53.301,67
2023-03-14 10:35:00-04:00,53.4,53.42,53.33,53.39,11365.0,53.366,85
2023-03-14 10:40:00-04:00,53.37,53.43,53.37,53.41,2304.0,53.408,21
2023-03-14 10:45:00-04:00,53.41,53.58,53.4,53.57,111785.0,53.447,85
2023-03-14 10:50:00-04:00,53.59,53.63,53.51,53.51,11049.0,53.559,85
2023-03-14 10:55:00-04:00,53.51,53.54,53.37,53.37,32836.0,53.454,133
2023-03-14 11:00:00-04:00,53.35,53.44,53.3,53.34,8031.0,53.362,54
2023-03-14 11:05:00-04:00,53.37,53.61,53.37,53.54,7778.0,53.472,51
2023-03-14 11:10:00-04:00,53.52,53.54,53.49,53.52,23442.0,53.524,66
2023-03-14 11:15:00-04:00,53.52,53.56,53.51,53.56,7650.0,53.536,55
2023-03-14 11:20:00-04:00,53.54,53.68,53.54,53.66,6417.0,53.6,58
2023-03-14 11:25:00-04:00,53.66,53.68,53.54,53.59,10522.0,53.628,74
2023-03-14 11:30:00-04:00,53.58,53.58,53.49,53.49,4718.0,53.529,41
2023-03-14 11:35:00-04:00,53.49,53.54,53.44,53.45,6793.0,53.475,49
2023-03-14 11:40:00-04:00,53.46,53.49,53.35,53.39,6077.0,53.421,48
2023-03-14 11:45:00-04:00,53.41,53.41,53.24,53.26,9231.0,53.305,70
2023-03-14 11:50:00-04:00,53.27,53.33,53.26,53.3,4564.0,53.308,34
2023-03-14 11:55:00-04:00,53.29,53.31,53.21,53.29,83435.0,53.221,72
2023-03-14 12:00:00-04:00,53.29,53.4,53.28,53.39,13909.0,53.358,112
2023-03-14 12:05:00-04:00,53.36,53.4,53.22,53.23,4260.0,53.322,39
2023-03-14 12:10:00-04:00,53.23,53.27,53.22,53.23,3667.0,53.246,30
2023-03-14 12:15:00-04:00,53.22,53.27,53.13,53.21,3856.0,53.177,34
2023-03-14 12:20:00-04:00,53.2,53.3,53.13,53.21,8400.0,53.196,72
2023-03-14 12:25:00-04:00,53.19,53.22,53.14,53.15,6953.0,53.178,60
2023-03-14 12:30:00-04:00,53.13,53.22,53.13,53.2,7134.0,53.184,67
2023-03-14 12:35:00-04:00,53.2,53.26,53.18,53.23,6142.0,53.218,49
2023-03-14 12:40:00-04:00,53.22,53.22,53.11,53.13,8444.0,53.155,76
2023-03-14 12:45:00-04:00,53.12,53.24,53.1,53.23,7605.0,53.164,69
2023-03-14 12:50:00-04:00,53.23,53.23,53.08,53.12,8435.0,53.153,78
2023-03-14 12:55:00-04:00,53.12,53.12,52.99,53.05,6032.0,53.051,52
2023-03-14 13:00:00-04:00,53.04,53.07,52.92,52.95,6521.0,53.003,52
2023-03-14 13:05:00-04:00,52.9,52.9,52.78,52.82,10581.0,52.847,84
2023-03-14 13:10:00-04:00,52.77,52.83,52.73,52.73,5400.0,52.782,46
2023-03-14 13:15:00-04:00,52.71,52.76,52.56,52.71,7197.0,52.654,66
2023-03-14 13:20:00-04:00,52.74,52.74,52.61,52.66,5263.0,52.685,47
2023-03-14 13:25:00-04:00,52.68,52.82,52.66,52.77,8374.0,52.745,68
2023-03-14 13:30:00-04:00,52.77,52.81,52.71,52.76,7811.0,52.759,65
2023-03-14 13:35:00-04:00,52.75,52.85,52.75,52.82,12782.0,52.812,82
2023-03-14 13:40:00-04:00,52.82,52.85,52.71,52.74,8648.0,52.793,78
2023-03-14 13:45:00-04:00,52.7,52.79,52.69,52.73,7958.0,52.739,70
2023-03-14 13:50:00-04:00,52.75,52.8,52.71,52.77,6628.0,52.758,58
2023-03-14 13:55:00-04:00,52.77,52.79,52.71,52.75,27357.0,52.753,77
2023-03-14 14:00:00-04:00,52.76,52.77,52.46,52.5,7758.0,52.58,67
2023-03-14 14:05:00-04:00,52.5,52.6,52.44,52.59,10964.0,52.521,94
2023-03-14 14:10:00-04:00,52.59,52.65,52.56,52.61,7225.0,52.595,63
2023-03-14 14:15:00-04:00,52.58,52.61,52.52,52.58,6699.0,52.57,62
2023-03-14 14:20:00-04:00,52.58,52.58,52.48,52.54,8512.0,52.532,64
2023-03-14 14:25:00-04:00,52.55,52.73,52.55,52.67,8147.0,52.646,64
2023-03-14 14:30:00-04:00,52.65,52.79,52.63,52.79,8895.0,52.705,60
2023-03-14 14:35:00-04:00,52.79,52.85,52.77,52.81,7406.0,52.797,57
2023-03-14 14:40:00-04:00,52.82,52.85,52.74,52.82,8537.0,52.804,72
2023-03-14 14:45:00-04:00,52.8,52.9,52.78,52.84,5510.0,52.83,48
2023-03-14 14:50:00-04:00,52.83,52.91,52.81,52.86,6657.0,52.868,61
2023-03-14 14:55:00-04:00,52.86,52.89,52.76,52.78,12149.0,52.816,103
2023-03-14 15:00:00-04:00,52.8,52.81,52.65,52.67,13578.0,52.729,106
2023-03-14 15:05:00-04:00,52.68,52.68,52.5,52.55,9524.0,52.603,86
2023-03-14 15:10:00-04:00,52.53,52.54,52.33,52.34,9114.0,52.391,68
2023-03-14 15:15:00-04:00,52.33,52.52,52.32,52.51,11279.0,52.402,100
2023-03-14 15:20:00-04:00,52.52,52.55,52.36,52.38,12185.0,52.46,104
2023-03-14 15:25:00-04:00,52.39,52.57,52.38,52.55,13499.0,52.47,110
2023-03-14 15:30:00-04:00,52.55,52.64,52.49,52.62,17265.0,52.574,141
2023-03-14 15:35:00-04:00,52.63,52.73,52.62,52.62,13427.0,52.668,103
2023-03-14 15:40:00-04:00,52.59,52.65,52.54,52.64,19413.0,52.601,148
2023-03-14 15:45:00-04:00,52.64,52.79,52.62,52.78,30727.0,52.696,240
2023-03-14 15:50:00-04:00,52.78,52.9,52.78,52.84,54447.0,52.848,376
2023-03-14 15:55:00-04:00,52.84,53.16,52.83,52.97,155562.0,52.963,845
2023-03-15 09:30:00-04:00,52.12,52.12,51.65,51.77,31106.0,52.046,66
2023-03-15 09:35:00-04:00,51.77,52.06,51.61,52.06,11993.0,51.733,89
2023-03-15 09:40:00-04:00,52.01,52.3,51.95,52.26,7007.0,52.107,51
2023-03-15 09:45:00-04:00,52.22,52.43,52.12,52.43,8380.0,52.267,68
2023-03-15 09:50:00-04:00,52.41,52.54,52.24,52.32,9241.0,52.425,77
2023-03-15 09:55:00-04:00,52.36,52.36,52.01,52.03,11450.0,52.128,94
2023-03-15 10:00:00-04:00,52.05,52.15,51.96,52.12,8714.0,52.053,75
2023-03-15 10:05:00-04:00,52.12,52.42,52.08,52.29,13471.0,52.257,97
2023-03-15 10:10:00-04:00,52.31,52.41,52.21,52.21,5399.0,52.31,49
2023-03-15 10:15:00-04:00,52.25,52.45,52.19,52.37,10469.0,52.299,78
2023-03-15 10:20:00-04:00,52.59,52.65,52.3,52.35,9151.0,52.531,64
2023-03-15 10:25:00-04:00,52.35,52.46,52.2,52.36,12498.0,52.301,96
2023-03-15 10:30:00-04:00,52.39,52.48,52.31,52.31,9808.0,52.4,77
2023-03-15 10:35:00-04:00,52.3,52.42,52.26,52.34,8491.0,52.353,57
2023-03-15 10:40:00-04:00,52.33,52.42,52.32,52.38,8658.0,52.353,65
2023-03-15 10:45:00-04:00,52.37,52.39,52.23,52.24,5331.0,52.323,46
2023-03-15 10:50:00-04:00,52.24,52.46,52.21,52.46,7076.0,52.314,56
2023-03-15 10:55:00-04:00,52.43,52.51,52.3,52.45,37427.0,52.41,215
2023-03-15 11:00:00-04:00,52.47,52.51,52.36,52.44,17999.0,52.44,128
2023-03-15 11:05:00-04:00,52.4,52.51,52.3,52.39,6242.0,52.404,44
2023-03-15 11:10:00-04:00,52.37,52.43,52.26,52.32,5687.0,52.375,51
2023-03-15 11:15:00-04:00,52.3,52.38,52.22,52.37,20571.0,52.283,85
2023-03-15 11:20:00-04:00,52.35,52.36,52.14,52.18,19532.0,52.25,72
2023-03-15 11:25:00-04:00,52.19,52.19,52.04,52.08,5464.0,52.127,43
2023-03-15 11:30:00-04:00,52.09,52.26,52.08,52.13,27608.0,52.213,123
2023-03-15 11:35:00-04:00,52.13,52.13,51.96,51.96,6360.0,52.041,55
2023-03-15 11:40:00-04:00,51.96,52.1,51.95,51.95,8485.0,52.024,63
2023-03-15 11:45:00-04:00,51.92,52.01,51.87,51.9,10454.0,51.932,91
2023-03-15 11:50:00-04:00,51.89,51.92,51.67,51.7,11481.0,51.747,97
2023-03-15 11:55:00-04:00,51.72,51.72,51.6,51.6,9580.0,51.647,80
2023-03-15 12:00:00-04:00,51.63,51.67,51.48,51.5,7443.0,51.594,69
2023-03-15 12:05:00-04:00,51.43,51.49,51.38,51.48,5722.0,51.424,48
2023-03-15 12:10:00-04:00,51.45,51.57,51.38,51.57,26849.0,51.483,59
2023-03-15 12:15:00-04:00,51.58,51.66,51.48,51.51,4313.0,51.582,40
2023-03-15 12:20:00-04:00,51.5,51.68,51.5,51.66,13283.0,51.624,115
2023-03-15 12:25:00-04:00,51.64,51.78,51.61,51.76,15418.0,51.658,115
2023-03-15 12:30:00-04:00,51.77,51.81,51.65,51.68,5921.0,51.727,51
2023-03-15 12:35:00-04:00,51.65,51.72,51.57,51.63,11713.0,51.658,84
2023-03-15 12:40:00-04:00,51.66,51.67,51.59,51.64,5124.0,51.635,39
2023-03-15 12:45:00-04:00,51.67,51.72,51.66,51.69,3866.0,51.695,37
2023-03-15 12:50:00-04:00,51.7,51.7,51.59,51.66,5945.0,51.64,48
2023-03-15 12:55:00-04:00,51.65,51.74,51.58,51.72,6340.0,51.641,54
2023-03-15 13:00:00-04:00,51.7,51.71,51.61,51.64,5877.0,51.669,54
2023-03-15 13:05:00-04:00,51.66,51.76,51.64,51.67,8280.0,51.686,66
2023-03-15 13:10:00-04:00,51.69,51.79,51.69,51.77,3714.0,51.745,37
2023-03-15 13:15:00-04:00,51.75,51.88,51.72,51.79,5212.0,51.797,35
2023-03-15 13:20:00-04:00,51.79,51.87,51.77,51.83,12628.0,51.798,61
2023-03-15 13:25:00-04:00,51.84,51.85,51.77,51.85,5532.0,51.817,45
2023-03-15 13:30:00-04:00,51.86,51.86,51.69,51.79,6166.0,51.772,53
2023-03-15 13:35:00-04:00,51.8,51.87,51.79,51.79,6607.0,51.817,54
2023-03-15 13:40:00-04:00,51.77,51.79,51.61,51.66,9575.0,51.675,85
2023-03-15 13:45:00-04:00,51.66,51.71,51.6,51.68,6301.0,51.663,54
2023-03-15 13:50:00-04:00,51.7,51.88,51.7,51.88,11057.0,51.81,98
2023-03-15 13:55:00-04:00,51.85,51.99,51.85,51.98,5175.0,51.928,48
2023-03-15 14:00:00-04:00,52.0,52.0,51.89,51.94,6596.0,51.946,58
2023-03-15 14:05:00-04:00,51.93,51.93,51.83,51.86,5076.0,51.874,44
2023-03-15 14:10:00-04:00,51.86,51.93,51.85,51.89,6022.0,51.89,51
2023-03-15 14:15:00-04:00,51.89,51.93,51.77,51.93,10526.0,51.834,80
2023-03-15 14:20:00-04:00,51.91,52.21,51.8,52.18,34865.0,51.907,181
2023-03-15 14:25:00-04:00,52.15,52.42,52.12,52.23,14501.0,52.249,118
2023-03-15 14:30:00-04:00,52.28,52.38,52.17,52.26,13749.0,52.263,116
2023-03-15 14:35:00-04:00,52.23,52.25,52.11,52.14,7505.0,52.186,67
2023-03-15 14:40:00-04:00,52.14,52.21,52.0,52.0,6871.0,52.123,63
2023-03-15 14:45:00-04:00,52.02,52.08,51.97,51.99,10283.0,52.029,86
2023-03-15 14:50:00-04:00,52.02,52.05,51.94,52.04,6264.0,52.006,58
2023-03-15 14:55:00-04:00,52.02,52.17,52.02,52.16,13726.0,52.104,125
2023-03-15 15:00:00-04:00,52.16,52.32,52.16,52.18,22567.0,52.251,182
2023-03-15 15:05:00-04:00,52.18,52.35,52.14,52.15,33510.0,52.216,258
2023-03-15 15:10:00-04:00,52.16,52.37,52.12,52.21,11953.0,52.251,101
2023-03-15 15:15:00-04:00,52.22,52.3,52.15,52.16,12804.0,52.223,116
2023-03-15 15:20:00-04:00,52.16,52.26,52.13,52.25,17493.0,52.177,103
2023-03-15 15:25:00-04:00,52.25,52.37,52.16,52.29,14809.0,52.26,129
2023-03-15 15:30:00-04:00,52.29,52.35,52.16,52.17,14016.0,52.243,130
2023-03-15 15:35:00-04:00,52.17,52.17,51.94,52.0,12718.0,52.051,102
2023-03-15 15:40:00-04:00,51.98,52.01,51.84,51.95,14970.0,51.922,133
2023-03-15 15:45:00-04:00,51.91,51.99,51.87,51.91,25271.0,51.929,215
2023-03-15 15:50:00-04:00,51.89,51.95,51.78,51.83,41883.0,51.844,347
2023-03-15 15:55:00-04:00,51.85,52.12,51.84,52.12,86950.0,51.992,615
2023-03-16 09:30:00-04:00,51.85,51.85,51.46,51.57,26883.0,51.733,117
2023-03-16 09:35:00-04:00,51.69,51.88,51.45,51.84,14237.0,51.696,112
2023-03-16 09:40:00-04:00,51.86,51.99,51.74,51.8,13309.0,51.834,96
2023-03-16 09:45:00-04:00,51.75,51.82,51.47,51.55,12239.0,51.685,98
2023-03-16 09:50:00-04:00,51.54,51.61,51.36,51.37,9175.0,51.471,67
2023-03-16 09:55:00-04:00,51.31,51.65,51.31,51.51,15703.0,51.496,134
2023-03-16 10:00:00-04:00,51.57,51.61,51.35,51.4,12236.0,51.509,72
2023-03-16 10:05:00-04:00,51.36,51.44,51.13,51.3,26968.0,51.301,142
2023-03-16 10:10:00-04:00,51.29,51.29,51.08,51.17,4922.0,51.153,39
2023-03-16 10:15:00-04:00,51.11,51.2,51.03,51.13,17778.0,51.124,101
2023-03-16 10:20:00-04:00,51.13,51.38,51.08,51.28,12475.0,51.169,79
2023-03-16 10:25:00-04:00,51.32,51.46,51.32,51.43,5095.0,51.398,41
2023-03-16 10:30:00-04:00,51.42,51.61,51.42,51.5,11518.0,51.515,83
2023-03-16 10:35:00-04:00,51.5,51.58,51.46,51.57,13161.0,51.512,74
2023-03-16 10:40:00-04:00,51.56,51.62,51.52,51.53,4419.0,51.572,37
2023-03-16 10:45:00-04:00,51.54,51.79,51.5,51.79,18386.0,51.664,146
2023-03-16 10:50:00-04:00,51.81,51.97,51.71,51.94,18124.0,51.869,129
2023-03-16 10:55:00-04:00,51.95,52.05,51.9,52.0,37507.0,51.968,216
2023-03-16 11:00:00-04:00,51.99,52.07,51.76,51.91,23913.0,51.903,169
2023-03-16 11:05:00-04:00,51.88,52.09,51.81,51.96,24284.0,51.966,114
2023-03-16 11:10:00-04:00,52.01,52.07,51.89,52.03,15761.0,51.965,110
2023-03-16 11:15:00-04:00,52.05,52.07,51.97,52.03,9621.0,52.024,67
2023-03-16 11:20:00-04:00,52.04,52.16,52.03,52.14,9397.0,52.093,67
2023-03-16 11:25:00-04:00,52.17,52.39,52.16,52.21,7099.0,52.242,54
2023-03-16 11:30:00-04:00,52.24,52.28,52.14,52.16,6967.0,52.197,60
2023-03-16 11:35:00-04:00,52.14,52.24,52.1,52.22,5957.0,52.175,51
2023-03-16 11:40:00-04:00,52.18,52.28,52.17,52.23,4132.0,52.227,38
2023-03-16 11:45:00-04:00,52.23,52.28,52.18,52.27,7354.0,52.217,63
2023-03-16 11:50:00-04:00,52.23,52.31,52.21,52.29,6828.0,52.254,59
2023-03-16 11:55:00-04:00,52.28,52.37,52.26,52.26,6943.0,52.302,57
2023-03-16 12:00:00-04:00,52.25,52.33,52.16,52.18,6170.0,52.25,47
2023-03-16 12:05:00-04:00,52.16,52.26,52.15,52.19,7769.0,52.199,66
2023-03-16 12:10:00-04:00,52.18,52.22,52.05,52.16,7712.0,52.148,61
2023-03-16 12:15:00-04:00,52.16,52.27,52.14,52.26,8089.0,52.213,64
2023-03-16 12:20:00-04:00,52.28,52.29,52.19,52.21,5826.0,52.247,43
2023-03-16 12:25:00-04:00,52.2,52.27,52.16,52.2,12481.0,52.206,100
2023-03-16 12:30:00-04:00,52.2,52.2,52.06,52.14,20359.0,52.167,169
2023-03-16 12:35:00-04:00,52.11,52.13,52.0,52.04,8203.0,52.055,62
2023-03-16 12:40:00-04:00,52.04,52.05,51.99,52.03,6811.0,52.023,46
2023-03-16 12:45:00-04:00,52.01,52.13,51.98,52.13,7460.0,52.04,64
2023-03-16 12:50:00-04:00,52.1,52.5,52.1,52.36,15006.0,52.331,110
2023-03-16 12:55:00-04:00,52.36,52.45,52.33,52.43,6040.0,52.413,48
2023-03-16 13:00:00-04:00,52.45,52.51,52.44,52.51,6951.0,52.476,53
2023-03-16 13:05:00-04:00,52.56,52.66,52.51,52.56,6961.0,52.574,53
2023-03-16 13:10:00-04:00,52.56,52.56,52.51,52.51,5751.0,52.539,44
2023-03-16 13:15:00-04:00,52.51,52.54,52.34,52.38,15382.0,52.419,118
2023-03-16 13:20:00-04:00,52.38,52.46,52.36,52.46,6929.0,52.404,61
2023-03-16 13:25:00-04:00,52.47,52.49,52.43,52.44,6238.0,52.462,51
2023-03-16 13:30:00-04:00,52.45,52.45,52.26,52.31,7239.0,52.305,59
2023-03-16 13:35:00-04:00,52.3,52.3,52.22,52.29,6660.0,52.252,55
2023-03-16 13:40:00-04:00,52.3,52.34,52.21,52.25,7598.0,52.263,59
2023-03-16 13:45:00-04:00,52.25,52.27,52.21,52.21,5656.0,52.241,40
2023-03-16 13:50:00-04:00,52.21,52.22,52.13,52.22,9718.0,52.178,71
2023-03-16 13:55:00-04:00,52.22,52.22,52.16,52.17,8624.0,52.186,62
2023-03-16 14:00:00-04:00,52.16,52.19,52.03,52.05,14126.0,52.081,77
2023-03-16 14:05:00-04:00,52.05,52.11,51.98,52.06,9620.0,52.034,74
2023-03-16 14:10:00-04:00,52.09,52.12,52.03,52.03,18312.0,52.068,83
2023-03-16 14:15:00-04:00,52.02,52.03,51.93,51.93,12726.0,51.983,95
2023-03-16 14:20:00-04:00,51.91,51.95,51.83,51.92,12388.0,51.873,96
2023-03-16 14:25:00-04:00,51.91,52.03,51.89,52.02,22828.0,51.974,177
2023-03-16 14:30:00-04:00,52.01,52.03,51.88,51.91,27896.0,51.976,221
2023-03-16 14:35:00-04:00,51.92,51.99,51.92,51.94,18365.0,51.954,118
2023-03-16 14:40:00-04:00,51.94,51.99,51.93,51.98,11313.0,51.958,81
2023-03-16 14:45:00-04:00,51.98,51.99,51.93,51.95,16270.0,51.961,109
2023-03-16 14:50:00-04:00,51.92,51.92,51.82,51.9,17694.0,51.867,119
2023-03-16 14:55:00-04:00,51.91,51.99,51.9,51.99,15415.0,51.928,119
2023-03-16 15:00:00-04:00,52.02,52.02,51.99,52.0,17487.0,52.003,145
2023-03-16 15:05:00-04:00,52.0,52.01,51.96,51.98,37729.0,51.994,211
2023-03-16 15:10:00-04:00,52.0,52.15,51.99,52.1,28926.0,52.094,205
2023-03-16 15:15:00-04:00,52.1,52.15,52.04,52.09,21111.0,52.091,148
2023-03-16 15:20:00-04:00,52.1,52.14,52.05,52.1,23578.0,52.099,190
2023-03-16 15:25:00-04:00,52.1,52.12,52.05,52.1,23316.0,52.088,165
2023-03-16 15:30:00-04:00,52.12,52.13,52.0,52.05,41723.0,52.083,302
2023-03-16 15:35:00-04:00,52.05,52.06,51.93,51.94,33024.0,52.041,258
2023-03-16 15:40:00-04:00,51.93,52.07,51.88,52.06,30128.0,51.987,243
2023-03-16 15:45:00-04:00,52.05,52.07,52.0,52.05,61253.0,52.039,456
2023-03-16 15:50:00-04:00,52.04,52.11,52.02,52.08,54971.0,52.067,438
2023-03-16 15:55:00-04:00,52.1,52.14,51.98,52.13,137392.0,52.094,831
2023-03-17 09:30:00-04:00,51.96,52.17,51.67,51.73,318076.0,51.958,33
2023-03-17 09:35:00-04:00,51.74,51.86,51.66,51.73,11810.0,51.744,67
2023-03-17 09:40:00-04:00,51.76,51.88,51.57,51.88,19886.0,51.701,154
2023-03-17 09:45:00-04:00,51.78,51.78,51.42,51.43,11648.0,51.66,85
2023-03-17 09:50:00-04:00,51.47,51.7,51.47,51.57,8180.0,51.576,61
2023-03-17 09:55:00-04:00,51.54,51.65,51.54,51.6,6248.0,51.609,51
2023-03-17 10:00:00-04:00,51.64,51.94,51.64,51.86,30349.0,51.856,170
2023-03-17 10:05:00-04:00,51.85,51.85,51.71,51.77,16664.0,51.781,142
2023-03-17 10:10:00-04:00,51.71,51.71,51.37,51.53,15680.0,51.495,137
2023-03-17 10:15:00-04:00,51.53,51.59,51.35,51.35,12170.0,51.455,84
2023-03-17 10:20:00-04:00,51.37,51.38,51.26,51.26,5467.0,51.332,50
2023-03-17 10:25:00-04:00,51.23,51.31,51.1,51.31,15472.0,51.168,125
2023-03-17 10:30:00-04:00,51.32,51.42,51.15,51.15,22108.0,51.324,209
2023-03-17 10:35:00-04:00,51.15,51.24,51.09,51.11,10344.0,51.173,81
2023-03-17 10:40:00-04:00,51.06,51.18,51.03,51.12,26417.0,51.122,233
2023-03-17 10:45:00-04:00,51.11,51.14,50.99,51.11,29478.0,51.092,239
2023-03-17 10:50:00-04:00,51.09,51.09,50.9,50.95,22828.0,50.955,164
2023-03-17 10:55:00-04:00,50.92,51.05,50.9,51.01,5418.0,50.983,45
2023-03-17 11:00:00-04:00,51.02,51.1,50.98,51.05,4620.0,51.04,41
2023-03-17 11:05:00-04:00,51.02,51.18,50.98,51.16,6675.0,51.075,45
2023-03-17 11:10:00-04:00,51.14,51.19,51.1,51.14,4870.0,51.139,38
2023-03-17 11:15:00-04:00,51.15,51.29,51.14,51.21,4230.0,51.23,39
2023-03-17 11:20:00-04:00,51.17,51.21,51.04,51.04,4757.0,51.108,41
2023-03-17 11:25:00-04:00,51.02,51.08,50.95,51.07,7046.0,51.04,58
2023-03-17 11:30:00-04:00,51.06,51.14,51.03,51.11,5179.0,51.077,39
2023-03-17 11:35:00-04:00,51.11,51.11,50.97,50.99,7066.0,51.044,55
2023-03-17 11:40:00-04:00,50.99,51.02,50.87,50.88,7361.0,50.969,53
2023-03-17 11:45:00-04:00,50.88,50.94,50.86,50.94,6016.0,50.909,51
2023-03-17 11:50:00-04:00,50.93,51.02,50.91,51.0,14640.0,50.985,123
2023-03-17 11:55:00-04:00,51.0,51.05,50.95,51.05,23981.0,50.996,185
2023-03-17 12:00:00-04:00,51.07,51.15,51.07,51.09,2519.0,51.102,23
2023-03-17 12:05:00-04:00,51.06,51.16,50.99,51.16,10762.0,51.046,46
2023-03-17 12:10:00-04:00,51.15,51.22,51.14,51.2,3168.0,51.183,26
2023-03-17 12:15:00-04:00,51.15,51.2,51.11,51.14,5322.0,51.144,39
2023-03-17 12:20:00-04:00,51.12,51.12,51.05,51.06,5440.0,51.08,43
2023-03-17 12:25:00-04:00,51.05,51.23,51.04,51.23,13930.0,51.081,80
2023-03-17 12:30:00-04:00,51.23,51.37,51.17,51.18,8228.0,51.285,73
2023-03-17 12:35:00-04:00,51.17,51.28,51.17,51.25,3944.0,51.228,38
2023-03-17 12:40:00-04:00,51.23,51.27,51.2,51.2,4888.0,51.229,45
2023-03-17 12:45:00-04:00,51.16,51.2,51.1,51.14,5969.0,51.155,38
2023-03-17 12:50:00-04:00,51.13,51.19,51.13,51.15,3766.0,51.156,30
2023-03-17 12:55:00-04:00,51.13,51.24,51.13,51.2,4057.0,51.186,37
2023-03-17 13:00:00-04:00,51.2,51.24,51.15,51.19,4631.0,51.201,40
2023-03-17 13:05:00-04:00,51.2,51.26,51.17,51.18,2105.0,51.204,20
2023-03-17 13:10:00-04:00,51.18,51.24,51.18,51.21,3927.0,51.217,36
2023-03-17 13:15:00-04:00,51.23,51.27,51.18,51.22,4944.0,51.221,46
2023-03-17 13:20:00-04:00,51.25,51.32,51.23,51.24,4601.0,51.263,42
2023-03-17 13:25:00-04:00,51.26,51.26,51.19,51.19,2591.0,51.23,21
2023-03-17 13:30:00-04:00,51.19,51.29,51.18,51.18,5905.0,51.241,52
2023-03-17 13:35:00-04:00,51.18,51.26,51.13,51.25,6232.0,51.183,53
2023-03-17 13:40:00-04:00,51.26,51.26,51.18,51.25,7118.0,51.221,63
2023-03-17 13:45:00-04:00,51.24,51.25,51.18,51.18,8578.0,51.222,57
2023-03-17 13:50:00-04:00,51.18,51.19,51.08,51.09,6308.0,51.143,50
2023-03-17 13:55:00-04:00,51.09,51.22,51.07,51.22,8188.0,51.133,68
2023-03-17 14:00:00-04:00,51.26,51.37,51.26,51.28,3063.0,51.308,27
2023-03-17 14:05:00-04:00,51.3,51.31,51.19,51.2,8472.0,51.239,76
2023-03-17 14:10:00-04:00,51.19,51.22,51.15,51.15,5236.0,51.184,47
2023-03-17 14:15:00-04:00,51.14,51.25,51.13,51.22,5588.0,51.205,39
2023-03-17 14:20:00-04:00,51.2,51.23,51.13,51.15,4311.0,51.185,39
2023-03-17 14:25:00-04:00,51.13,51.13,51.07,51.1,5722.0,51.097,48
2023-03-17 14:30:00-04:00,51.09,51.18,51.08,51.15,5847.0,51.135,56
2023-03-17 14:35:00-04:00,51.15,51.21,51.11,51.19,5536.0,51.165,42
2023-03-17 14:40:00-04:00,51.18,51.18,51.13,51.18,6913.0,51.163,55
2023-03-17 14:45:00-04:00,51.17,51.27,51.14,51.23,9891.0,51.191,70
2023-03-17 14:50:00-04:00,51.23,51.33,51.13,51.33,4660.0,51.213,45
2023-03-17 14:55:00-04:00,51.34,51.35,51.28,51.31,8342.0,51.319,73
2023-03-17 15:00:00-04:00,51.32,51.34,51.27,51.32,8704.0,51.308,76
2023-03-17 15:05:00-04:00,51.32,51.37,51.23,51.25,12019.0,51.306,94
2023-03-17 15:10:00-04:00,51.25,51.32,51.22,51.27,8800.0,51.27,78
2023-03-17 15:15:00-04:00,51.27,51.43,51.25,51.37,12981.0,51.335,109
2023-03-17 15:20:00-04:00,51.37,51.47,51.31,51.43,10541.0,51.383,89
2023-03-17 15:25:00-04:00,51.43,51.44,51.38,51.4,13502.0,51.408,117
2023-03-17 15:30:00-04:00,51.39,51.4,51.24,51.34,15125.0,51.328,129
2023-03-17 15:35:00-04:00,51.33,51.33,51.2,51.21,15434.0,51.268,143
2023-03-17 15:40:00-04:00,51.22,51.36,51.22,51.33,18993.0,51.289,160
2023-03-17 15:45:00-04:00,51.33,51.33,51.21,51.24,21545.0,51.253,197
2023-03-17 15:50:00-04:00,51.23,51.47,51.23,51.47,60649.0,51.395,426
2023-03-17 15:55:00-04:00,51.46,51.58,51.43,51.48,146451.0,51.511,825
2023-03-20 09:30:00-04:00,51.82,52.01,51.77,51.95,15025.0,51.828,24
2023-03-20 09:35:00-04:00,52.0,52.0,51.7,51.91,6822.0,51.909,38
2023-03-20 09:40:00-04:00,51.91,52.0,51.86,51.92,16022.0,51.919,64
2023-03-20 09:45:00-04:00,51.94,51.98,51.79,51.95,4531.0,51.885,37
2023-03-20 09:50:00-04:00,51.98,52.13,51.97,52.03,15480.0,52.062,91
2023-03-20 09:55:00-04:00,51.99,52.1,51.95,51.96,4892.0,52.034,35
2023-03-20 10:00:00-04:00,51.96,52.05,51.88,51.88,3519.0,51.967,33
2023-03-20 10:05:00-04:00,51.86,51.86,51.56,51.61,5994.0,51.656,50
2023-03-20 10:10:00-04:00,51.66,51.73,51.6,51.64,4509.0,51.653,40
2023-03-20 10:15:00-04:00,51.65,51.68,51.43,51.46,3637.0,51.562,33
2023-03-20 10:20:00-04:00,51.45,51.67,51.44,51.67,4936.0,51.537,44
2023-03-20 10:25:00-04:00,51.66,51.73,51.58,51.58,10606.0,51.672,79
2023-03-20 10:30:00-04:00,51.6,51.68,51.6,51.66,13224.0,51.633,79
2023-03-20 10:35:00-04:00,51.72,51.81,51.71,51.73,9364.0,51.771,60
2023-03-20 10:40:00-04:00,51.73,51.76,51.66,51.69,3214.0,51.701,29
2023-03-20 10:45:00-04:00,51.69,51.77,51.66,51.75,10528.0,51.714,78
2023-03-20 10:50:00-04:00,51.76,51.77,51.57,51.59,9863.0,51.677,62
2023-03-20 10:55:00-04:00,51.57,51.67,51.54,51.67,11913.0,51.589,96
2023-03-20 11:00:00-04:00,51.71,51.76,51.66,51.76,7485.0,51.717,54
2023-03-20 11:05:00-04:00,51.75,51.75,51.66,51.66,4225.0,51.687,36
2023-03-20 11:10:00-04:00,51.65,51.67,51.59,51.64,7345.0,51.64,59
2023-03-20 11:15:00-04:00,51.64,51.7,51.57,51.68,7470.0,51.629,65
2023-03-20 11:20:00-04:00,51.71,51.75,51.65,51.67,6500.0,51.709,54
2023-03-20 11:25:00-04:00,51.67,51.79,51.67,51.77,6758.0,51.72,60
2023-03-20 11:30:00-04:00,51.76,51.77,51.69,51.69,3342.0,51.731,28
2023-03-20 11:35:00-04:00,51.7,51.75,51.64,51.67,9258.0,51.713,67
2023-03-20 11:40:00-04:00,51.65,51.66,51.57,51.57,3698.0,51.628,29
2023-03-20 11:45:00-04:00,51.56,51.59,51.5,51.53,17113.0,51.529,88
2023-03-20 11:50:00-04:00,51.52,51.59,51.45,51.46,8782.0,51.51,79
2023-03-20 11:55:00-04:00,51.45,51.46,51.35,51.37,6071.0,51.387,46
2023-03-20 12:00:00-04:00,51.37,51.38,51.29,51.3,10779.0,51.337,73
2023-03-20 12:05:00-04:00,51.29,51.3,51.12,51.13,10367.0,51.246,77
2023-03-20 12:10:00-04:00,51.12,51.12,50.98,51.03,15691.0,51.048,86
2023-03-20 12:15:00-04:00,51.05,51.08,51.0,51.03,5838.0,51.046,47
2023-03-20 12:20:00-04:00,51.05,51.15,51.05,51.11,8680.0,51.11,65
2023-03-20 12:25:00-04:00,51.1,51.21,51.1,51.16,7420.0,51.158,70
2023-03-20 12:30:00-04:00,51.16,51.18,51.11,51.15,6820.0,51.14,50
2023-03-20 12:35:00-04:00,51.14,51.15,51.1,51.15,4486.0,51.126,36
2023-03-20 12:40:00-04:00,51.12,51.17,51.1,51.12,2932.0,51.14,25
2023-03-20 12:45:00-04:00,51.11,51.2,51.11,51.2,4468.0,51.153,41
2023-03-20 12:50:00-04:00,51.2,51.32,51.2,51.32,4742.0,51.275,38
2023-03-20 12:55:00-04:00,51.32,51.37,51.28,51.34,7243.0,51.329,54
2023-03-20 13:00:00-04:00,51.35,51.41,51.33,51.4,6653.0,51.37,51
2023-03-20 13:05:00-04:00,51.41,51.52,51.41,51.5,3930.0,51.482,30
2023-03-20 13:10:00-04:00,51.51,51.56,51.51,51.54,2010.0,51.531,16
2023-03-20 13:15:00-04:00,51.54,51.61,51.52,51.53,5588.0,51.558,51
2023-03-20 13:20:00-04:00,51.54,51.6,51.5,51.57,3109.0,51.544,28
2023-03-20 13:25:00-04:00,51.55,51.56,51.48,51.49,2950.0,51.511,24
2023-03-20 13:30:00-04:00,51.49,51.5,51.44,51.44,4120.0,51.483,40
2023-03-20 13:35:00-04:00,51.45,51.45,51.41,51.44,4625.0,51.434,42
2023-03-20 13:40:00-04:00,51.44,51.5,51.42,51.45,5881.0,51.453,54
2023-03-20 13:45:00-04:00,51.44,51.44,51.38,51.44,7052.0,51.405,44
2023-03-20 13:50:00-04:00,51.43,51.44,51.36,51.38,6351.0,51.402,41
2023-03-20 13:55:00-04:00,51.36,51.44,51.36,51.41,4943.0,51.405,35
2023-03-20 14:00:00-04:00,51.42,51.43,51.39,51.4,5550.0,51.41,43
2023-03-20 14:05:00-04:00,51.4,51.4,51.29,51.3,4599.0,51.34,34
2023-03-20 14:10:00-04:00,51.31,51.39,51.31,51.33,8295.0,51.339,63
2023-03-20 14:15:00-04:00,51.36,51.38,51.33,51.38,5621.0,51.36,47
2023-03-20 14:20:00-04:00,51.38,51.47,51.37,51.45,5348.0,51.425,42
2023-03-20 14:25:00-04:00,51.45,51.46,51.4,51.4,9546.0,51.446,63
2023-03-20 14:30:00-04:00,51.42,51.47,51.31,51.36,9108.0,51.381,74
2023-03-20 14:35:00-04:00,51.36,51.36,51.28,51.28,9764.0,51.33,78
2023-03-20 14:40:00-04:00,51.27,51.36,51.24,51.35,8511.0,51.283,70
2023-03-20 14:45:00-04:00,51.34,51.38,51.32,51.36,6607.0,51.358,47
2023-03-20 14:50:00-04:00,51.36,51.45,51.35,51.38,9807.0,51.405,74
2023-03-20 14:55:00-04:00,51.4,51.41,51.32,51.34,7546.0,51.367,61
2023-03-20 15:00:00-04:00,51.32,51.38,51.3,51.36,6272.0,51.346,52
2023-03-20 15:05:00-04:00,51.35,51.37,51.29,51.3,7240.0,51.334,66
2023-03-20 15:10:00-04:00,51.29,51.36,51.27,51.35,25969.0,51.307,144
2023-03-20 15:15:00-04:00,51.36,51.41,51.28,51.4,31156.0,51.337,192
2023-03-20 15:20:00-04:00,51.4,51.42,51.31,51.36,15494.0,51.355,105
2023-03-20 15:25:00-04:00,51.37,51.46,51.35,51.45,30303.0,51.406,177
2023-03-20 15:30:00-04:00,51.46,51.57,51.42,51.52,32400.0,51.5,225
2023-03-20 15:35:00-04:00,51.52,51.63,51.51,51.63,13485.0,51.593,115
2023-03-20 15:40:00-04:00,51.6,51.66,51.57,51.64,25985.0,51.634,211
2023-03-20 15:45:00-04:00,51.63,51.7,51.59,51.66,28556.0,51.649,236
2023-03-20 15:50:00-04:00,51.67,51.78,51.67,51.77,35529.0,51.743,286
2023-03-20 15:55:00-04:00,51.76,51.81,51.72,51.72,66698.0,51.758,494
2023-03-21 09:30:00-04:00,52.51,52.63,52.43,52.59,26780.0,52.514,53
2023-03-21 09:35:00-04:00,52.59,52.78,52.48,52.49,6372.0,52.608,51
2023-03-21 09:40:00-04:00,52.55,52.56,52.4,52.4,5585.0,52.45,50
2023-03-21 09:45:00-04:00,52.41,52.48,52.39,52.43,6762.0,52.443,62
2023-03-21 09:50:00-04:00,52.45,52.46,52.33,52.38,3091.0,52.408,25
2023-03-21 09:55:00-04:00,52.41,52.48,52.4,52.43,3293.0,52.429,26
2023-03-21 10:00:00-04:00,52.44,52.49,52.38,52.43,5522.0,52.434,44
2023-03-21 10:05:00-04:00,52.47,52.5,52.38,52.43,5214.0,52.447,41
2023-03-21 10:10:00-04:00,52.47,52.55,52.46,52.52,4611.0,52.493,42
2023-03-21 10:15:00-04:00,52.52,52.52,52.43,52.43,4925.0,52.474,36
2023-03-21 10:20:00-04:00,52.41,52.41,52.21,52.21,5402.0,52.305,45
2023-03-21 10:25:00-04:00,52.2,52.28,52.2,52.28,3971.0,52.243,36
2023-03-21 10:30:00-04:00,52.27,52.34,52.26,52.29,4264.0,52.303,37
2023-03-21 10:35:00-04:00,52.27,52.36,52.24,52.36,3850.0,52.288,35
2023-03-21 10:40:00-04:00,52.35,52.37,52.28,52.28,3329.0,52.327,30
2023-03-21 10:45:00-04:00,52.27,52.31,52.26,52.31,4895.0,52.289,35
2023-03-21 10:50:00-04:00,52.32,52.32,52.13,52.14,2987.0,52.205,26
2023-03-21 10:55:00-04:00,52.14,52.21,52.11,52.16,5884.0,52.146,47
2023-03-21 11:00:00-04:00,52.15,52.22,52.15,52.2,3473.0,52.197,30
2023-03-21 11:05:00-04:00,52.21,52.37,52.21,52.34,4551.0,52.283,37
2023-03-21 11:10:00-04:00,52.34,52.43,52.34,52.41,4254.0,52.389,38
2023-03-21 11:15:00-04:00,52.41,52.44,52.36,52.4,3850.0,52.392,32
2023-03-21 11:20:00-04:00,52.37,52.38,52.36,52.36,2603.0,52.37,22
2023-03-21 11:25:00-04:00,52.38,52.41,52.31,52.37,9992.0,52.374,50
2023-03-21 11:30:00-04:00,52.37,52.38,52.31,52.32,2608.0,52.353,19
2023-03-21 11:35:00-04:00,52.31,52.31,52.09,52.13,5403.0,52.217,51
2023-03-21 11:40:00-04:00,52.14,52.15,52.06,52.09,6637.0,52.113,54
2023-03-21 11:45:00-04:00,52.07,52.1,52.01,52.01,4364.0,52.053,41
2023-03-21 11:50:00-04:00,52.01,52.03,51.98,52.01,6516.0,52.012,50
2023-03-21 11:55:00-04:00,52.03,52.03,51.98,51.98,5646.0,52.003,45
2023-03-21 12:00:00-04:00,51.97,52.03,51.95,52.01,5187.0,51.98,44
2023-03-21 12:05:00-04:00,52.01,52.04,52.0,52.02,4723.0,52.017,38
2023-03-21 12:10:00-04:00,52.02,52.13,51.99,51.99,4685.0,52.058,36
2023-03-21 12:15:00-04:00,51.98,52.05,51.98,51.99,3213.0,52.014,28
2023-03-21 12:20:00-04:00,51.98,52.06,51.98,52.02,3955.0,52.021,36
2023-03-21 12:25:00-04:00,52.02,52.1,52.01,52.06,5817.0,52.041,42
2023-03-21 12:30:00-04:00,52.05,52.09,52.04,52.05,4890.0,52.059,40
2023-03-21 12:35:00-04:00,52.05,52.05,51.92,51.95,4024.0,52.005,31
2023-03-21 12:40:00-04:00,51.91,51.93,51.88,51.9,4991.0,51.905,38
2023-03-21 12:45:00-04:00,51.88,51.89,51.82,51.86,6835.0,51.858,53
2023-03-21 12:50:00-04:00,51.91,51.94,51.86,51.89,4762.0,51.894,39
2023-03-21 12:55:00-04:00,51.87,51.89,51.82,51.84,4795.0,51.862,32
2023-03-21 13:00:00-04:00,51.81,51.81,51.77,51.79,3174.0,51.787,27
2023-03-21 13:05:00-04:00,51.77,51.79,51.74,51.77,4865.0,51.758,36
2023-03-21 13:10:00-04:00,51.77,51.86,51.77,51.84,7879.0,51.824,58
2023-03-21 13:15:00-04:00,51.83,52.09,51.82,52.09,10608.0,51.941,85
2023-03-21 13:20:00-04:00,52.08,52.21,52.07,52.2,7861.0,52.134,65
2023-03-21 13:25:00-04:00,52.2,52.28,52.15,52.28,5780.0,52.203,53
2023-03-21 13:30:00-04:00,52.27,52.33,52.25,52.33,6619.0,52.286,46
2023-03-21 13:35:00-04:00,52.31,52.31,52.18,52.23,5210.0,52.249,41
2023-03-21 13:40:00-04:00,52.21,52.23,52.09,52.18,5361.0,52.156,44
2023-03-21 13:45:00-04:00,52.17,52.21,52.15,52.16,5133.0,52.165,40
2023-03-21 13:50:00-04:00,52.15,52.19,52.14,52.17,8293.0,52.158,66
2023-03-21 13:55:00-04:00,52.17,52.17,52.14,52.16,9939.0,52.154,82
2023-03-21 14:00:00-04:00,52.16,52.19,52.15,52.18,4033.0,52.171,35
2023-03-21 14:05:00-04:00,52.19,52.22,52.16,52.22,7013.0,52.187,56
2023-03-21 14:10:00-04:00,52.22,52.24,52.2,52.2,4847.0,52.215,45
2023-03-21 14:15:00-04:00,52.21,52.26,52.19,52.23,7497.0,52.234,68
2023-03-21 14:20:00-04:00,52.25,52.31,52.24,52.29,10748.0,52.275,78
2023-03-21 14:25:00-04:00,52.29,52.38,52.29,52.38,4959.0,52.336,43
2023-03-21 14:30:00-04:00,52.37,52.41,52.33,52.38,13076.0,52.373,99
2023-03-21 14:35:00-04:00,52.38,52.39,52.24,52.26,10436.0,52.32,81
2023-03-21 14:40:00-04:00,52.25,52.32,52.24,52.29,8511.0,52.283,69
2023-03-21 14:45:00-04:00,52.3,52.35,52.29,52.35,12340.0,52.309,82
2023-03-21 14:50:00-04:00,52.36,52.36,52.25,52.26,8738.0,52.305,62
2023-03-21 14:55:00-04:00,52.26,52.37,52.23,52.28,11022.0,52.307,93
2023-03-21 15:00:00-04:00,52.29,52.41,52.28,52.41,27903.0,52.34,73
2023-03-21 15:05:00-04:00,52.41,52.54,52.41,52.53,35400.0,52.486,206
2023-03-21 15:10:00-04:00,52.54,52.57,52.4,52.41,17123.0,52.53,112
2023-03-21 15:15:00-04:00,52.42,52.44,52.38,52.44,9302.0,52.41,81
2023-03-21 15:20:00-04:00,52.44,52.52,52.42,52.5,32395.0,52.487,115
2023-03-21 15:25:00-04:00,52.49,52.52,52.47,52.51,18133.0,52.5,125
2023-03-21 15:30:00-04:00,52.51,52.63,52.5,52.58,27820.0,52.58,194
2023-03-21 15:35:00-04:00,52.59,52.71,52.56,52.71,24547.0,52.625,183
2023-03-21 15:40:00-04:00,52.71,52.87,52.71,52.86,42280.0,52.785,312
2023-03-21 15:45:00-04:00,52.86,52.88,52.8,52.84,36015.0,52.834,277
2023-03-21 15:50:00-04:00,52.83,52.94,52.79,52.91,86152.0,52.895,603
2023-03-21 15:55:00-04:00,52.9,52.93,52.64,52.71,125514.0,52.765,934
2023-03-22 09:30:00-04:00,52.67,52.99,52.56,52.57,64077.0,52.675,77
2023-03-22 09:35:00-04:00,52.53,52.67,52.47,52.55,3700.0,52.598,35
2023-03-22 09:40:00-04:00,52.56,52.56,52.4,52.41,8445.0,52.462,68
2023-03-22 09:45:00-04:00,52.42,52.55,52.39,52.52,13901.0,52.466,89
2023-03-22 09:50:00-04:00,52.54,52.76,52.54,52.64,6383.0,52.681,50
2023-03-22 09:55:00-04:00,52.66,52.88,52.66,52.82,13238.0,52.748,57
2023-03-22 10:00:00-04:00,52.86,52.95,52.84,52.87,11392.0,52.88,73
2023-03-22 10:05:00-04:00,52.87,52.92,52.74,52.89,34825.0,52.781,81
2023-03-22 10:10:00-04:00,52.9,52.9,52.56,52.64,3551.0,52.668,28
2023-03-22 10:15:00-04:00,52.63,52.68,52.58,52.67,12145.0,52.645,45
2023-03-22 10:20:00-04:00,52.73,52.88,52.73,52.84,7172.0,52.819,46
2023-03-22 10:25:00-04:00,52.76,52.81,52.73,52.8,4641.0,52.773,31
2023-03-22 10:30:00-04:00,52.89,52.89,52.79,52.81,5978.0,52.833,52
2023-03-22 10:35:00-04:00,52.8,52.89,52.77,52.85,7869.0,52.834,68
2023-03-22 10:40:00-04:00,52.83,52.85,52.79,52.83,5086.0,52.819,46
2023-03-22 10:45:00-04:00,52.83,52.89,52.82,52.88,17773.0,52.855,76
2023-03-22 10:50:00-04:00,52.88,52.88,52.81,52.82,10169.0,52.83,87
2023-03-22 10:55:00-04:00,52.82,52.87,52.79,52.86,8403.0,52.83,61
2023-03-22 11:00:00-04:00,52.87,52.9,52.86,52.86,2986.0,52.875,28
2023-03-22 11:05:00-04:00,52.87,52.88,52.83,52.85,5924.0,52.856,43
2023-03-22 11:10:00-04:00,52.85,52.93,52.83,52.86,4976.0,52.884,47
2023-03-22 11:15:00-04:00,52.9,52.91,52.88,52.88,4755.0,52.891,39
2023-03-22 11:20:00-04:00,52.88,52.98,52.88,52.98,5462.0,52.922,48
2023-03-22 11:25:00-04:00,52.96,53.01,52.95,52.98,9606.0,52.981,75
2023-03-22 11:30:00-04:00,52.99,53.07,52.98,53.03,11182.0,53.024,89
2023-03-22 11:35:00-04:00,53.03,53.03,52.89,52.89,11779.0,52.941,74
2023-03-22 11:40:00-04:00,52.91,52.99,52.9,52.96,10478.0,52.95,75
2023-03-22 11:45:00-04:00,52.96,52.99,52.93,52.98,4384.0,52.961,38
2023-03-22 11:50:00-04:00,52.99,53.05,52.95,52.98,54114.0,52.974,93
2023-03-22 11:55:00-04:00,52.98,52.98,52.92,52.94,2564.0,52.941,22
2023-03-22 12:00:00-04:00,52.94,53.04,52.94,53.02,11543.0,52.974,53
2023-03-22 12:05:00-04:00,53.02,53.04,53.0,53.0,3666.0,53.019,26
2023-03-22 12:10:00-04:00,52.99,53.01,52.96,52.96,14744.0,52.988,46
2023-03-22 12:15:00-04:00,52.96,52.96,52.9,52.96,3185.0,52.936,24
2023-03-22 12:20:00-04:00,52.97,53.05,52.94,53.01,8663.0,52.987,53
2023-03-22 12:25:00-04:00,52.97,52.99,52.95,52.95,1801.0,52.97,13
2023-03-22 12:30:00-04:00,52.94,52.98,52.92,52.93,3023.0,52.939,28
2023-03-22 12:35:00-04:00,52.93,52.93,52.85,52.86,1902.0,52.87,18
2023-03-22 12:40:00-04:00,52.87,52.97,52.87,52.97,7958.0,52.933,37
2023-03-22 12:45:00-04:00,52.98,53.02,52.95,52.95,1894.0,52.997,15
2023-03-22 12:50:00-04:00,52.94,52.94,52.9,52.91,2109.0,52.916,20
2023-03-22 12:55:00-04:00,52.92,52.94,52.89,52.92,3667.0,52.912,28
2023-03-22 13:00:00-04:00,52.91,52.92,52.84,52.85,4333.0,52.868,24
2023-03-22 13:05:00-04:00,52.86,52.91,52.83,52.9,6876.0,52.871,40
2023-03-22 13:10:00-04:00,52.91,52.93,52.88,52.9,3994.0,52.908,29
2023-03-22 13:15:00-04:00,52.91,53.03,52.91,53.03,9994.0,52.979,68
2023-03-22 13:20:00-04:00,53.04,53.17,53.04,53.15,18980.0,53.122,120
2023-03-22 13:25:00-04:00,53.14,53.27,53.11,53.26,25043.0,53.161,103
2023-03-22 13:30:00-04:00,53.26,53.31,53.24,53.27,7889.0,53.276,60
2023-03-22 13:35:00-04:00,53.27,53.37,53.23,53.36,21404.0,53.305,123
2023-03-22 13:40:00-04:00,53.34,53.38,53.3,53.38,7758.0,53.337,35
2023-03-22 13:45:00-04:00,53.38,53.39,53.24,53.33,9680.0,53.327,50
2023-03-22 13:50:00-04:00,53.34,53.38,53.34,53.35,13943.0,53.358,65
2023-03-22 13:55:00-04:00,53.35,53.39,53.31,53.39,8782.0,53.352,40
2023-03-22 14:00:00-04:00,53.42,53.56,53.39,53.46,27555.0,53.499,219
2023-03-22 14:05:00-04:00,53.49,53.62,53.36,53.41,29831.0,53.526,193
2023-03-22 14:10:00-04:00,53.5,53.52,53.25,53.27,10639.0,53.368,75
2023-03-22 14:15:00-04:00,53.31,53.37,53.18,53.3,5324.0,53.26,45
2023-03-22 14:20:00-04:00,53.3,53.37,53.19,53.27,32481.0,53.328,72
2023-03-22 14:25:00-04:00,53.27,53.33,53.22,53.32,5730.0,53.274,50
2023-03-22 14:30:00-04:00,53.32,53.4,53.22,53.33,11906.0,53.317,100
2023-03-22 14:35:00-04:00,53.32,53.42,53.01,53.28,12535.0,53.221,96
2023-03-22 14:40:00-04:00,53.34,53.57,53.34,53.53,12028.0,53.502,107
2023-03-22 14:45:00-04:00,53.5,53.75,53.48,53.64,9888.0,53.619,83
2023-03-22 14:50:00-04:00,53.65,53.68,53.43,53.44,6169.0,53.583,47
2023-03-22 14:55:00-04:00,53.48,53.48,53.24,53.27,9189.0,53.315,65
2023-03-22 15:00:00-04:00,53.25,53.48,53.0,53.03,66097.0,53.319,235
2023-03-22 15:05:00-04:00,53.03,53.11,52.97,53.03,27791.0,53.053,231
2023-03-22 15:10:00-04:00,53.05,53.18,52.99,53.17,20887.0,53.067,180
2023-03-22 15:15:00-04:00,53.21,53.31,53.16,53.26,7978.0,53.234,63
2023-03-22 15:20:00-04:00,53.26,53.54,53.25,53.42,7563.0,53.419,54
2023-03-22 15:25:00-04:00,53.37,53.46,53.28,53.4,9127.0,53.355,80
2023-03-22 15:30:00-04:00,53.4,53.4,53.15,53.2,15086.0,53.238,132
2023-03-22 15:35:00-04:00,53.22,53.24,53.07,53.14,15130.0,53.139,125
2023-03-22 15:40:00-04:00,53.15,53.22,53.08,53.09,30207.0,53.157,232
2023-03-22 15:45:00-04:00,53.04,53.07,52.88,52.98,35138.0,52.986,267
2023-03-22 15:50:00-04:00,52.96,53.01,52.81,52.81,103569.0,52.955,795
2023-03-22 15:55:00-04:00,52.82,52.86,52.65,52.65,170307.0,52.781,1075
2023-03-23 09:30:00-04:00,52.62,52.77,52.17,52.17,22593.0,52.581,41
2023-03-23 09:35:00-04:00,52.27,52.49,52.2,52.35,8696.0,52.344,76
2023-03-23 09:40:00-04:00,52.29,52.55,52.28,52.51,3528.0,52.419,34
2023-03-23 09:45:00-04:00,52.49,52.5,52.28,52.34,8394.0,52.36,65
2023-03-23 09:50:00-04:00,52.35,52.39,52.2,52.29,6726.0,52.266,61
2023-03-23 09:55:00-04:00,52.27,52.46,52.27,52.42,5141.0,52.373,47
2023-03-23 10:00:00-04:00,52.5,52.54,52.37,52.44,9590.0,52.438,88
2023-03-23 10:05:00-04:00,52.46,52.56,52.43,52.55,5379.0,52.488,49
2023-03-23 10:10:00-04:00,52.55,52.65,52.55,52.58,5986.0,52.596,50
2023-03-23 10:15:00-04:00,52.6,52.66,52.59,52.66,5520.0,52.627,49
2023-03-23 10:20:00-04:00,52.64,52.65,52.46,52.53,4957.0,52.571,42
2023-03-23 10:25:00-04:00,52.52,52.66,52.52,52.52,5097.0,52.597,44
2023-03-23 10:30:00-04:00,52.53,52.63,52.53,52.6,5640.0,52.59,44
2023-03-23 10:35:00-04:00,52.61,52.69,52.53,52.66,5656.0,52.611,51
2023-03-23 10:40:00-04:00,52.66,52.75,52.66,52.75,5810.0,52.705,48
2023-03-23 10:45:00-04:00,52.75,52.86,52.73,52.8,4723.0,52.792,35
2023-03-23 10:50:00-04:00,52.8,52.97,52.8,52.92,5410.0,52.908,47
2023-03-23 10:55:00-04:00,52.93,52.96,52.84,52.92,4279.0,52.898,36
2023-03-23 11:00:00-04:00,52.92,53.04,52.92,53.04,13431.0,52.99,48
2023-03-23 11:05:00-04:00,53.04,53.17,53.02,53.05,10124.0,53.112,91
2023-03-23 11:10:00-04:00,53.06,53.18,53.06,53.15,5792.0,53.128,49
2023-03-23 11:15:00-04:00,53.16,53.17,53.04,53.08,5848.0,53.112,43
2023-03-23 11:20:00-04:00,53.1,53.13,53.07,53.11,4135.0,53.099,36
2023-03-23 11:25:00-04:00,53.08,53.1,53.02,53.05,5704.0,53.058,52
2023-03-23 11:30:00-04:00,53.09,53.15,53.05,53.12,68205.0,53.082,48
2023-03-23 11:35:00-04:00,53.13,53.19,53.12,53.12,2565.0,53.155,23
2023-03-23 11:40:00-04:00,53.13,53.17,53.08,53.09,3926.0,53.127,35
2023-03-23 11:45:00-04:00,53.09,53.28,53.09,53.27,6566.0,53.215,50
2023-03-23 11:50:00-04:00,53.28,53.35,53.28,53.35,5668.0,53.319,52
2023-03-23 11:55:00-04:00,53.36,53.42,53.33,53.34,3935.0,53.369,36
2023-03-23 12:00:00-04:00,53.33,53.4,53.31,53.4,5185.0,53.357,42
2023-03-23 12:05:00-04:00,53.43,53.44,53.35,53.35,15079.0,53.419,43
2023-03-23 12:10:00-04:00,53.33,53.33,53.21,53.26,4595.0,53.247,37
2023-03-23 12:15:00-04:00,53.27,53.29,53.2,53.2,5894.0,53.242,50
2023-03-23 12:20:00-04:00,53.21,53.21,53.11,53.21,4892.0,53.148,39
2023-03-23 12:25:00-04:00,53.21,53.29,53.2,53.24,7876.0,53.252,58
2023-03-23 12:30:00-04:00,53.26,53.32,53.24,53.24,6189.0,53.272,27
2023-03-23 12:35:00-04:00,53.27,53.29,53.19,53.2,4867.0,53.24,29
2023-03-23 12:40:00-04:00,53.18,53.2,53.13,53.19,4217.0,53.174,34
2023-03-23 12:45:00-04:00,53.18,53.18,53.08,53.1,3528.0,53.12,29
2023-03-23 12:50:00-04:00,53.09,53.09,53.03,53.06,3804.0,53.058,33
2023-03-23 12:55:00-04:00,53.06,53.07,52.96,52.98,4380.0,53.005,34
2023-03-23 13:00:00-04:00,52.97,53.1,52.96,53.1,4617.0,53.009,38
2023-03-23 13:05:00-04:00,53.1,53.13,53.04,53.07,6027.0,53.08,49
2023-03-23 13:10:00-04:00,53.09,53.09,52.92,52.93,5528.0,52.967,36
2023-03-23 13:15:00-04:00,52.94,52.94,52.88,52.91,6210.0,52.901,48
2023-03-23 13:20:00-04:00,52.93,52.97,52.9,52.91,5842.0,52.945,50
2023-03-23 13:25:00-04:00,52.92,52.92,52.74,52.82,5408.0,52.806,39
2023-03-23 13:30:00-04:00,52.83,52.88,52.82,52.82,2559.0,52.851,24
2023-03-23 13:35:00-04:00,52.81,52.89,52.78,52.89,3904.0,52.844,33
2023-03-23 13:40:00-04:00,52.9,52.95,52.87,52.95,4378.0,52.918,39
2023-03-23 13:45:00-04:00,52.94,52.95,52.85,52.89,5004.0,52.89,40
2023-03-23 13:50:00-04:00,52.88,52.88,52.8,52.81,4119.0,52.82,35
2023-03-23 13:55:00-04:00,52.8,52.81,52.74,52.79,20850.0,52.775,78
2023-03-23 14:00:00-04:00,52.8,52.89,52.8,52.85,8162.0,52.837,46
2023-03-23 14:05:00-04:00,52.86,52.9,52.86,52.88,3691.0,52.882,30
2023-03-23 14:10:00-04:00,52.9,52.94,52.86,52.93,5035.0,52.901,37
2023-03-23 14:15:00-04:00,52.94,52.94,52.81,52.81,9189.0,52.872,75
2023-03-23 14:20:00-04:00,52.78,52.78,52.57,52.58,5659.0,52.672,52
2023-03-23 14:25:00-04:00,52.58,52.58,52.4,52.4,5501.0,52.487,48
2023-03-23 14:30:00-04:00,52.41,52.46,52.35,52.41,6480.0,52.396,56
2023-03-23 14:35:00-04:00,52.43,52.52,52.36,52.38,4880.0,52.446,45
2023-03-23 14:40:00-04:00,52.37,52.37,52.19,52.2,14020.0,52.273,53
2023-03-23 14:45:00-04:00,52.24,52.34,52.11,52.21,25309.0,52.223,160
2023-03-23 14:50:00-04:00,52.2,52.21,52.06,52.09,12319.0,52.131,104
2023-03-23 14:55:00-04:00,52.06,52.27,51.98,52.25,19289.0,52.076,140
2023-03-23 15:00:00-04:00,52.29,52.65,52.26,52.4,21155.0,52.463,167
2023-03-23 15:05:00-04:00,52.41,52.44,52.28,52.44,5350.0,52.371,47
2023-03-23 15:10:00-04:00,52.46,52.5,52.32,52.34,8602.0,52.397,59
2023-03-23 15:15:00-04:00,52.41,52.41,52.2,52.2,7973.0,52.344,70
2023-03-23 15:20:00-04:00,52.2,52.31,52.07,52.26,8226.0,52.166,60
2023-03-23 15:25:00-04:00,52.29,52.37,52.26,52.29,8582.0,52.317,59
2023-03-23 15:30:00-04:00,52.27,52.35,52.19,52.35,13942.0,52.284,109
2023-03-23 15:35:00-04:00,52.37,52.47,52.36,52.44,16447.0,52.424,123
2023-03-23 15:40:00-04:00,52.41,52.52,52.4,52.5,13634.0,52.461,108
2023-03-23 15:45:00-04:00,52.49,52.65,52.48,52.55,21804.0,52.582,179
2023-03-23 15:50:00-04:00,52.56,52.78,52.56,52.62,44799.0,52.661,342
2023-03-23 15:55:00-04:00,52.65,52.65,52.49,52.5,88252.0,52.58,635
2023-03-24 09:30:00-04:00,52.16,52.23,51.61,51.61,23446.0,52.079,54
2023-03-24 09:35:00-04:00,51.64,51.93,51.64,51.88,6460.0,51.816,57
2023-03-24 09:40:00-04:00,51.87,51.92,51.54,51.61,19515.0,51.672,129
2023-03-24 09:45:00-04:00,51.61,51.69,51.48,51.65,9656.0,51.567,78
2023-03-24 09:50:00-04:00,51.62,51.88,51.62,51.82,5459.0,51.742,44
2023-03-24 09:55:00-04:00,51.82,51.93,51.79,51.91,7201.0,51.874,62
2023-03-24 10:00:00-04:00,51.91,52.12,51.89,52.08,12318.0,52.04,99
2023-03-24 10:05:00-04:00,52.07,52.2,52.05,52.2,9971.0,52.091,93
2023-03-24 10:10:00-04:00,52.17,52.33,52.1,52.21,8333.0,52.176,70
2023-03-24 10:15:00-04:00,52.19,52.19,52.08,52.14,25377.0,52.126,164
2023-03-24 10:20:00-04:00,52.15,52.15,52.05,52.05,18916.0,52.108,157
2023-03-24 10:25:00-04:00,52.09,52.41,52.05,52.39,8347.0,52.201,64
2023-03-24 10:30:00-04:00,52.37,52.51,52.36,52.47,19276.0,52.466,127
2023-03-24 10:35:00-04:00,52.49,52.52,52.28,52.34,26940.0,52.447,203
2023-03-24 10:40:00-04:00,52.33,52.33,52.23,52.23,4271.0,52.287,34
2023-03-24 10:45:00-04:00,52.23,52.26,52.14,52.23,6842.0,52.198,53
2023-03-24 10:50:00-04:00,52.18,52.27,52.17,52.27,5806.0,52.21,47
2023-03-24 10:55:00-04:00,52.23,52.36,52.19,52.36,4632.0,52.296,42
2023-03-24 11:00:00-04:00,52.39,52.49,52.34,52.44,7099.0,52.382,66
2023-03-24 11:05:00-04:00,52.46,52.49,52.24,52.25,11128.0,52.371,62
2023-03-24 11:10:00-04:00,52.23,52.23,52.17,52.18,5771.0,52.195,54
2023-03-24 11:15:00-04:00,52.16,52.28,52.16,52.26,7157.0,52.241,60
2023-03-24 11:20:00-04:00,52.26,52.36,52.25,52.28,7103.0,52.306,62
2023-03-24 11:25:00-04:00,52.3,52.4,52.3,52.35,6416.0,52.354,57
2023-03-24 11:30:00-04:00,52.36,52.38,52.32,52.38,5691.0,52.355,39
2023-03-24 11:35:00-04:00,52.41,52.47,52.34,52.37,5468.0,52.407,44
2023-03-24 11:40:00-04:00,52.39,52.48,52.38,52.47,5630.0,52.434,51
2023-03-24 11:45:00-04:00,52.5,52.73,52.5,52.66,8781.0,52.657,68
2023-03-24 11:50:00-04:00,52.67,52.67,52.56,52.58,10749.0,52.595,85
2023-03-24 11:55:00-04:00,52.58,52.67,52.57,52.62,9163.0,52.615,68
2023-03-24 12:00:00-04:00,52.63,52.82,52.62,52.65,9822.0,52.693,70
2023-03-24 12:05:00-04:00,52.65,52.65,52.5,52.5,3142.0,52.598,27
2023-03-24 12:10:00-04:00,52.51,52.56,52.47,52.47,5401.0,52.509,48
2023-03-24 12:15:00-04:00,52.47,52.5,52.41,52.49,4812.0,52.454,44
2023-03-24 12:20:00-04:00,52.5,52.52,52.47,52.5,3966.0,52.505,26
2023-03-24 12:25:00-04:00,52.51,52.56,52.48,52.48,5578.0,52.51,41
2023-03-24 12:30:00-04:00,52.51,52.52,52.48,52.52,4250.0,52.5,37
2023-03-24 12:35:00-04:00,52.55,52.62,52.53,52.56,5234.0,52.569,37
2023-03-24 12:40:00-04:00,52.56,52.61,52.52,52.57,4370.0,52.57,36
2023-03-24 12:45:00-04:00,52.57,52.66,52.57,52.62,4963.0,52.625,39
2023-03-24 12:50:00-04:00,52.66,52.68,52.58,52.65,4429.0,52.631,31
2023-03-24 12:55:00-04:00,52.7,52.74,52.67,52.67,3137.0,52.699,28
2023-03-24 13:00:00-04:00,52.68,52.72,52.57,52.58,4423.0,52.643,36
2023-03-24 13:05:00-04:00,52.59,52.63,52.49,52.54,3822.0,52.565,33
2023-03-24 13:10:00-04:00,52.55,52.55,52.47,52.54,11496.0,52.507,69
2023-03-24 13:15:00-04:00,52.54,52.57,52.44,52.45,6656.0,52.488,49
2023-03-24 13:20:00-04:00,52.46,52.53,52.41,52.47,4948.0,52.471,38
2023-03-24 13:25:00-04:00,52.48,52.57,52.45,52.48,17382.0,52.528,147
2023-03-24 13:30:00-04:00,52.49,52.54,52.46,52.48,7856.0,52.489,51
2023-03-24 13:35:00-04:00,52.47,52.6,52.46,52.55,5446.0,52.555,46
2023-03-24 13:40:00-04:00,52.57,52.59,52.47,52.49,7128.0,52.546,52
2023-03-24 13:45:00-04:00,52.48,52.49,52.4,52.4,7796.0,52.459,62
2023-03-24 13:50:00-04:00,52.4,52.43,52.35,52.37,2893.0,52.385,24
2023-03-24 13:55:00-04:00,52.38,52.44,52.35,52.43,5705.0,52.399,48
2023-03-24 14:00:00-04:00,52.43,52.5,52.43,52.49,6473.0,52.457,40
2023-03-24 14:05:00-04:00,52.48,52.53,52.42,52.51,6872.0,52.469,55
2023-03-24 14:10:00-04:00,52.5,52.64,52.5,52.64,3851.0,52.599,33
2023-03-24 14:15:00-04:00,52.64,52.69,52.58,52.63,3957.0,52.625,34
2023-03-24 14:20:00-04:00,52.63,52.72,52.62,52.63,11006.0,52.676,86
2023-03-24 14:25:00-04:00,52.61,52.66,52.56,52.58,23783.0,52.6,164
2023-03-24 14:30:00-04:00,52.58,52.65,52.55,52.6,9214.0,52.586,66
2023-03-24 14:35:00-04:00,52.61,52.61,52.52,52.58,10237.0,52.556,61
2023-03-24 14:40:00-04:00,52.56,52.6,52.51,52.54,10078.0,52.536,83
2023-03-24 14:45:00-04:00,52.58,52.58,52.47,52.5,8320.0,52.512,63
2023-03-24 14:50:00-04:00,52.51,52.53,52.49,52.49,8436.0,52.51,61
2023-03-24 14:55:00-04:00,52.5,52.6,52.5,52.58,14619.0,52.556,107
2023-03-24 15:00:00-04:00,52.57,52.62,52.54,52.56,11102.0,52.581,89
2023-03-24 15:05:00-04:00,52.55,52.63,52.52,52.55,10421.0,52.574,77
2023-03-24 15:10:00-04:00,52.55,52.69,52.54,52.63,12908.0,52.634,103
2023-03-24 15:15:00-04:00,52.63,52.77,52.63,52.76,12150.0,52.703,93
2023-03-24 15:20:00-04:00,52.75,52.86,52.74,52.83,17063.0,52.798,128
2023-03-24 15:25:00-04:00,52.79,52.83,52.76,52.8,18316.0,52.801,143
2023-03-24 15:30:00-04:00,52.82,52.96,52.82,52.87,22787.0,52.882,157
2023-03-24 15:35:00-04:00,52.87,52.97,52.85,52.91,28686.0,52.906,190
2023-03-24 15:40:00-04:00,52.91,52.97,52.89,52.92,23792.0,52.921,175
2023-03-24 15:45:00-04:00,52.93,52.94,52.78,52.84,37230.0,52.835,268
2023-03-24 15:50:00-04:00,52.83,52.9,52.82,52.83,37171.0,52.855,258
2023-03-24 15:55:00-04:00,52.84,52.98,52.81,52.98,94295.0,52.91,684
2023-03-27 09:30:00-04:00,53.33,53.49,52.49,52.49,29813.0,53.161,60
2023-03-27 09:35:00-04:00,52.5,52.81,52.5,52.71,16775.0,52.671,87
2023-03-27 09:40:00-04:00,52.74,52.89,52.71,52.88,17505.0,52.821,129
2023-03-27 09:45:00-04:00,52.91,53.06,52.77,52.77,13796.0,52.928,88
2023-03-27 09:50:00-04:00,52.77,52.81,52.54,52.54,6163.0,52.732,52
2023-03-27 09:55:00-04:00,52.56,52.68,52.46,52.59,5038.0,52.575,44
2023-03-27 10:00:00-04:00,52.55,52.55,52.42,52.48,6049.0,52.471,44
2023-03-27 10:05:00-04:00,52.45,52.49,52.36,52.45,7261.0,52.432,59
2023-03-27 10:10:00-04:00,52.46,52.62,52.46,52.62,6248.0,52.569,58
2023-03-27 10:15:00-04:00,52.65,52.76,52.52,52.56,5837.0,52.609,54
2023-03-27 10:20:00-04:00,52.61,52.68,52.6,52.6,3713.0,52.644,33
2023-03-27 10:25:00-04:00,52.6,52.64,52.59,52.6,5189.0,52.61,47
2023-03-27 10:30:00-04:00,52.6,52.7,52.55,52.59,9318.0,52.626,79
2023-03-27 10:35:00-04:00,52.59,52.67,52.55,52.65,7179.0,52.607,63
2023-03-27 10:40:00-04:00,52.65,52.66,52.57,52.63,14553.0,52.632,115
2023-03-27 10:45:00-04:00,52.6,52.69,52.55,52.61,6744.0,52.629,56
2023-03-27 10:50:00-04:00,52.6,52.74,52.6,52.74,10467.0,52.698,63
2023-03-27 10:55:00-04:00,52.76,52.8,52.62,52.63,14586.0,52.721,87
2023-03-27 11:00:00-04:00,52.62,52.64,52.49,52.5,8148.0,52.564,54
2023-03-27 11:05:00-04:00,52.5,52.5,52.38,52.38,6685.0,52.448,53
2023-03-27 11:10:00-04:00,52.38,52.45,52.36,52.42,4233.0,52.399,38
2023-03-27 11:15:00-04:00,52.42,52.42,52.2,52.23,14901.0,52.303,121
2023-03-27 11:20:00-04:00,52.25,52.28,52.19,52.24,19451.0,52.234,128
2023-03-27 11:25:00-04:00,52.25,52.27,52.22,52.26,7793.0,52.247,72
2023-03-27 11:30:00-04:00,52.26,52.33,52.24,52.26,11995.0,52.27,62
2023-03-27 11:35:00-04:00,52.26,52.26,52.22,52.24,8086.0,52.237,68
2023-03-27 11:40:00-04:00,52.26,52.31,52.22,52.24,8692.0,52.264,76
2023-03-27 11:45:00-04:00,52.24,52.31,52.24,52.31,7949.0,52.273,59
2023-03-27 11:50:00-04:00,52.29,52.36,52.23,52.27,8325.0,52.292,66
2023-03-27 11:55:00-04:00,52.26,52.34,52.24,52.28,8636.0,52.28,57
2023-03-27 12:00:00-04:00,52.29,52.46,52.29,52.46,4612.0,52.365,38
2023-03-27 12:05:00-04:00,52.44,52.45,52.36,52.44,7519.0,52.401,49
2023-03-27 12:10:00-04:00,52.45,52.48,52.45,52.48,2000.0,52.457,15
2023-03-27 12:15:00-04:00,52.49,52.63,52.49,52.63,6341.0,52.579,42
2023-03-27 12:20:00-04:00,52.64,52.69,52.64,52.68,5201.0,52.671,43
2023-03-27 12:25:00-04:00,52.67,52.67,52.62,52.66,5104.0,52.647,42
2023-03-27 12:30:00-04:00,52.67,52.72,52.64,52.65,5206.0,52.681,43
2023-03-27 12:35:00-04:00,52.65,52.68,52.62,52.64,5879.0,52.642,51
2023-03-27 12:40:00-04:00,52.65,52.68,52.62,52.65,5792.0,52.644,47
2023-03-27 12:45:00-04:00,52.66,52.73,52.65,52.73,6612.0,52.69,50
2023-03-27 12:50:00-04:00,52.76,52.81,52.72,52.74,5465.0,52.779,41
2023-03-27 12:55:00-04:00,52.76,52.81,52.75,52.8,3634.0,52.793,24
2023-03-27 13:00:00-04:00,52.8,52.83,52.74,52.77,4244.0,52.781,37
2023-03-27 13:05:00-04:00,52.75,52.75,52.65,52.65,6589.0,52.704,56
2023-03-27 13:10:00-04:00,52.64,52.68,52.6,52.68,5434.0,52.643,47
2023-03-27 13:15:00-04:00,52.7,52.76,52.69,52.7,11410.0,52.729,77
2023-03-27 13:20:00-04:00,52.7,52.83,52.69,52.81,3502.0,52.782,30
2023-03-27 13:25:00-04:00,52.81,52.84,52.8,52.82,3959.0,52.819,35
2023-03-27 13:30:00-04:00,52.82,52.84,52.75,52.8,9071.0,52.802,65
2023-03-27 13:35:00-04:00,52.8,52.81,52.73,52.78,13370.0,52.782,100
2023-03-27 13:40:00-04:00,52.79,52.84,52.78,52.83,6394.0,52.814,50
2023-03-27 13:45:00-04:00,52.82,52.83,52.79,52.79,5670.0,52.803,45
2023-03-27 13:50:00-04:00,52.79,52.8,52.73,52.75,15576.0,52.753,82
2023-03-27 13:55:00-04:00,52.77,52.79,52.75,52.76,3876.0,52.766,37
2023-03-27 14:00:00-04:00,52.77,52.77,52.68,52.68,5314.0,52.715,43
2023-03-27 14:05:00-04:00,52.67,52.67,52.62,52.64,2909.0,52.639,28
2023-03-27 14:10:00-04:00,52.62,52.78,52.62,52.74,14602.0,52.678,57
2023-03-27 14:15:00-04:00,52.75,52.77,52.71,52.73,5049.0,52.743,41
2023-03-27 14:20:00-04:00,52.74,52.79,52.74,52.78,5562.0,52.765,45
2023-03-27 14:25:00-04:00,52.79,52.84,52.79,52.81,5805.0,52.811,43
2023-03-27 14:30:00-04:00,52.82,52.87,52.81,52.87,14086.0,52.827,53
2023-03-27 14:35:00-04:00,52.86,52.9,52.85,52.88,10539.0,52.883,53
2023-03-27 14:40:00-04:00,52.87,52.9,52.85,52.9,3307.0,52.872,27
2023-03-27 14:45:00-04:00,52.89,52.93,52.84,52.93,7950.0,52.892,61
2023-03-27 14:50:00-04:00,52.92,52.94,52.89,52.9,7938.0,52.911,56
2023-03-27 14:55:00-04:00,52.9,52.93,52.88,52.91,6129.0,52.906,56
2023-03-27 15:00:00-04:00,52.92,52.95,52.83,52.84,6643.0,52.901,46
2023-03-27 15:05:00-04:00,52.83,52.85,52.79,52.82,19187.0,52.823,139
2023-03-27 15:10:00-04:00,52.81,52.89,52.79,52.88,7657.0,52.838,58
2023-03-27 15:15:00-04:00,52.87,52.87,52.82,52.83,10390.0,52.844,72
2023-03-27 15:20:00-04:00,52.83,52.83,52.77,52.83,7656.0,52.798,65
2023-03-27 15:25:00-04:00,52.81,52.88,52.81,52.85,9774.0,52.844,83
2023-03-27 15:30:00-04:00,52.86,52.88,52.77,52.77,16288.0,52.849,112
2023-03-27 15:35:00-04:00,52.77,52.81,52.7,52.77,13937.0,52.745,125
2023-03-27 15:40:00-04:00,52.78,52.81,52.75,52.75,18447.0,52.775,149
2023-03-27 15:45:00-04:00,52.76,52.78,52.74,52.75,61164.0,52.752,448
2023-03-27 15:50:00-04:00,52.75,52.81,52.69,52.74,48424.0,52.742,363
2023-03-27 15:55:00-04:00,52.74,52.75,52.6,52.66,89544.0,52.661,562
2023-03-28 09:30:00-04:00,52.47,52.85,52.39,52.58,22834.0,52.503,44
2023-03-28 09:35:00-04:00,52.66,52.88,52.59,52.88,2192.0,52.716,20
2023-03-28 09:40:00-04:00,52.95,52.96,52.86,52.89,3345.0,52.917,22
2023-03-28 09:45:00-04:00,52.94,53.01,52.87,53.0,6797.0,52.953,53
2023-03-28 09:50:00-04:00,53.03,53.21,52.97,53.14,10368.0,53.099,90
2023-03-28 09:55:00-04:00,53.14,53.18,52.97,52.97,9936.0,53.13,65
2023-03-28 10:00:00-04:00,52.98,52.99,52.82,52.82,9415.0,52.897,69
2023-03-28 10:05:00-04:00,52.84,52.92,52.82,52.89,14840.0,52.895,112
2023-03-28 10:10:00-04:00,52.89,53.11,52.89,53.01,19974.0,52.989,103
2023-03-28 10:15:00-04:00,53.0,53.0,52.82,52.87,6902.0,52.927,53
2023-03-28 10:20:00-04:00,52.88,52.88,52.73,52.83,7045.0,52.817,52
2023-03-28 10:25:00-04:00,52.82,52.89,52.8,52.86,8746.0,52.845,53
2023-03-28 10:30:00-04:00,52.88,52.88,52.58,52.62,7443.0,52.656,47
2023-03-28 10:35:00-04:00,52.62,52.71,52.62,52.69,4249.0,52.663,30
2023-03-28 10:40:00-04:00,52.69,52.72,52.61,52.65,10947.0,52.664,63
2023-03-28 10:45:00-04:00,52.66,52.69,52.64,52.68,9873.0,52.664,68
2023-03-28 10:50:00-04:00,52.71,52.73,52.65,52.65,5800.0,52.693,37
2023-03-28 10:55:00-04:00,52.64,52.69,52.63,52.64,8841.0,52.663,52
2023-03-28 11:00:00-04:00,52.62,52.76,52.62,52.7,3336.0,52.696,25
2023-03-28 11:05:00-04:00,52.71,52.74,52.66,52.66,4142.0,52.714,33
2023-03-28 11:10:00-04:00,52.65,52.71,52.61,52.71,19663.0,52.646,56
2023-03-28 11:15:00-04:00,52.73,52.8,52.72,52.78,6766.0,52.759,60
2023-03-28 11:20:00-04:00,52.79,52.92,52.79,52.89,7600.0,52.88,54
2023-03-28 11:25:00-04:00,52.9,52.91,52.83,52.84,3855.0,52.86,26
2023-03-28 11:30:00-04:00,52.85,52.94,52.85,52.87,5117.0,52.898,46
2023-03-28 11:35:00-04:00,52.87,52.99,52.86,52.96,13333.0,52.928,97
2023-03-28 11:40:00-04:00,52.97,53.0,52.92,52.99,4844.0,52.96,32
2023-03-28 11:45:00-04:00,52.99,53.11,52.98,53.1,20791.0,53.045,76
2023-03-28 11:50:00-04:00,53.1,53.15,53.08,53.09,2630.0,53.105,23
2023-03-28 11:55:00-04:00,53.09,53.09,53.06,53.09,4824.0,53.077,38
2023-03-28 12:00:00-04:00,53.12,53.17,53.11,53.17,2398.0,53.137,19
2023-03-28 12:05:00-04:00,53.16,53.16,53.1,53.14,4934.0,53.131,37
2023-03-28 12:10:00-04:00,53.13,53.19,53.13,53.19,6549.0,53.163,54
2023-03-28 12:15:00-04:00,53.19,53.2,53.14,53.15,2926.0,53.165,28
2023-03-28 12:20:00-04:00,53.15,53.16,53.11,53.12,2617.0,53.13,19
2023-03-28 12:25:00-04:00,53.16,53.18,53.14,53.18,2792.0,53.168,26
2023-03-28 12:30:00-04:00,53.17,53.21,53.15,53.2,5839.0,53.17,46
2023-03-28 12:35:00-04:00,53.21,53.29,53.2,53.21,13473.0,53.241,109
2023-03-28 12:40:00-04:00,53.2,53.2,53.1,53.14,2448.0,53.151,22
2023-03-28 12:45:00-04:00,53.13,53.13,53.07,53.08,4371.0,53.105,39
2023-03-28 12:50:00-04:00,53.07,53.12,53.05,53.12,3208.0,53.091,29
2023-03-28 12:55:00-04:00,53.09,53.11,53.03,53.06,2947.0,53.073,25
2023-03-28 13:00:00-04:00,53.06,53.08,53.04,53.06,5291.0,53.06,46
2023-03-28 13:05:00-04:00,53.04,53.09,53.02,53.05,4074.0,53.054,36
2023-03-28 13:10:00-04:00,53.07,53.09,53.0,53.0,3194.0,53.049,30
2023-03-28 13:15:00-04:00,53.0,53.03,52.98,53.03,4765.0,53.007,41
2023-03-28 13:20:00-04:00,53.05,53.05,53.03,53.05,2564.0,53.044,23
2023-03-28 13:25:00-04:00,53.05,53.1,53.03,53.09,3195.0,53.055,30
2023-03-28 13:30:00-04:00,53.09,53.13,53.05,53.06,6169.0,53.08,52
2023-03-28 13:35:00-04:00,53.07,53.07,52.99,53.04,6229.0,53.028,52
2023-03-28 13:40:00-04:00,53.04,53.04,52.97,52.99,2131.0,52.995,21
2023-03-28 13:45:00-04:00,52.98,52.98,52.93,52.94,2910.0,52.953,25
2023-03-28 13:50:00-04:00,52.95,52.97,52.93,52.96,4941.0,52.949,29
2023-03-28 13:55:00-04:00,52.96,52.96,52.88,52.92,4667.0,52.91,42
2023-03-28 14:00:00-04:00,52.91,52.98,52.91,52.96,4699.0,52.95,43
2023-03-28 14:05:00-04:00,52.95,53.03,52.94,53.02,4735.0,52.983,32
2023-03-28 14:10:00-04:00,53.01,53.01,52.96,53.0,5506.0,52.987,32
2023-03-28 14:15:00-04:00,53.01,53.04,52.97,52.98,4466.0,53.0,40
2023-03-28 14:20:00-04:00,52.97,52.99,52.95,52.95,3310.0,52.976,32
2023-03-28 14:25:00-04:00,52.96,53.03,52.95,53.01,4096.0,52.991,29
2023-03-28 14:30:00-04:00,53.0,53.01,52.94,52.95,6096.0,52.98,53
2023-03-28 14:35:00-04:00,52.94,53.04,52.94,53.04,6334.0,52.996,51
2023-03-28 14:40:00-04:00,53.04,53.12,53.04,53.11,5097.0,53.082,46
2023-03-28 14:45:00-04:00,53.12,53.16,53.08,53.08,3364.0,53.12,33
2023-03-28 14:50:00-04:00,53.08,53.11,53.08,53.08,4000.0,53.092,39
2023-03-28 14:55:00-04:00,53.09,53.14,53.08,53.12,5518.0,53.108,46
2023-03-28 15:00:00-04:00,53.13,53.21,53.13,53.15,4548.0,53.172,42
2023-03-28 15:05:00-04:00,53.15,53.19,53.14,53.18,3982.0,53.163,32
2023-03-28 15:10:00-04:00,53.18,53.2,53.13,53.16,5181.0,53.153,43
2023-03-28 15:15:00-04:00,53.16,53.16,53.11,53.11,6723.0,53.129,49
2023-03-28 15:20:00-04:00,53.11,53.14,53.09,53.13,6465.0,53.114,57
2023-03-28 15:25:00-04:00,53.12,53.14,53.04,53.07,6086.0,53.076,54
2023-03-28 15:30:00-04:00,53.07,53.18,53.05,53.17,9486.0,53.085,79
2023-03-28 15:35:00-04:00,53.17,53.21,53.11,53.16,9486.0,53.172,86
2023-03-28 15:40:00-04:00,53.18,53.18,53.13,53.17,6266.0,53.161,54
2023-03-28 15:45:00-04:00,53.17,53.2,53.13,53.17,11965.0,53.171,102
2023-03-28 15:50:00-04:00,53.18,53.32,53.18,53.29,22645.0,53.274,195
2023-03-28 15:55:00-04:00,53.29,53.33,53.26,53.28,49493.0,53.296,367
2023-03-29 09:30:00-04:00,53.75,53.85,53.62,53.71,20429.0,53.746,8
2023-03-29 09:35:00-04:00,53.68,53.8,53.66,53.75,3878.0,53.74,21
2023-03-29 09:40:00-04:00,53.74,54.0,53.71,53.94,7766.0,53.818,53
2023-03-29 09:45:00-04:00,53.99,54.27,53.97,54.1,6492.0,54.084,47
2023-03-29 09:50:00-04:00,54.11,54.24,54.03,54.04,6056.0,54.144,56
2023-03-29 09:55:00-04:00,54.12,54.13,54.05,54.12,1253.0,54.088,12
2023-03-29 10:00:00-04:00,54.1,54.26,54.09,54.26,7997.0,54.156,62
2023-03-29 10:05:00-04:00,54.28,54.29,54.15,54.2,11289.0,54.238,90
2023-03-29 10:10:00-04:00,54.19,54.33,54.17,54.19,4851.0,54.252,40
2023-03-29 10:15:00-04:00,54.17,54.19,54.13,54.15,2745.0,54.159,25
2023-03-29 10:20:00-04:00,54.16,54.18,54.12,54.12,4999.0,54.161,44
2023-03-29 10:25:00-04:00,54.12,54.13,54.02,54.05,2102.0,54.079,20
2023-03-29 10:30:00-04:00,54.06,54.09,54.04,54.06,5645.0,54.062,48
2023-03-29 10:35:00-04:00,54.05,54.1,54.0,54.06,5980.0,54.059,54
2023-03-29 10:40:00-04:00,54.07,54.22,54.03,54.21,3744.0,54.148,32
2023-03-29 10:45:00-04:00,54.19,54.28,54.18,54.27,23832.0,54.229,150
2023-03-29 10:50:00-04:00,54.3,54.3,54.21,54.22,5497.0,54.23,41
2023-03-29 10:55:00-04:00,54.25,54.26,54.08,54.09,11970.0,54.198,98
2023-03-29 11:00:00-04:00,54.08,54.17,54.07,54.12,5019.0,54.129,40
2023-03-29 11:05:00-04:00,54.12,54.12,54.05,54.1,7980.0,54.079,53
2023-03-29 11:10:00-04:00,54.07,54.1,54.05,54.07,6865.0,54.08,56
2023-03-29 11:15:00-04:00,54.08,54.17,54.08,54.11,8318.0,54.132,52
2023-03-29 11:20:00-04:00,54.12,54.16,54.04,54.06,4843.0,54.127,43
2023-03-29 11:25:00-04:00,54.05,54.08,54.04,54.07,4387.0,54.059,36
2023-03-29 11:30:00-04:00,54.06,54.1,54.05,54.07,7831.0,54.078,61
2023-03-29 11:35:00-04:00,54.08,54.13,54.08,54.12,4659.0,54.108,35
2023-03-29 11:40:00-04:00,54.12,54.16,54.08,54.16,5049.0,54.117,46
2023-03-29 11:45:00-04:00,54.16,54.16,54.11,54.14,5298.0,54.135,42
2023-03-29 11:50:00-04:00,54.14,54.19,54.11,54.18,5775.0,54.135,49
2023-03-29 11:55:00-04:00,54.19,54.21,54.12,54.15,4357.0,54.173,29
2023-03-29 12:00:00-04:00,54.15,54.21,54.13,54.18,10172.0,54.173,77
2023-03-29 12:05:00-04:00,54.2,54.2,54.08,54.13,17225.0,54.158,77
2023-03-29 12:10:00-04:00,54.13,54.17,54.11,54.15,3235.0,54.137,30
2023-03-29 12:15:00-04:00,54.14,54.18,54.13,54.16,3838.0,54.151,34
2023-03-29 12:20:00-04:00,54.17,54.2,54.15,54.15,2739.0,54.178,20
2023-03-29 12:25:00-04:00,54.14,54.14,54.1,54.12,1932.0,54.118,19
2023-03-29 12:30:00-04:00,54.12,54.13,54.09,54.1,2321.0,54.115,23
2023-03-29 12:35:00-04:00,54.1,54.13,54.09,54.09,5079.0,54.106,31
2023-03-29 12:40:00-04:00,54.1,54.1,54.0,54.0,3947.0,54.046,31
2023-03-29 12:45:00-04:00,53.99,54.01,53.97,53.97,2845.0,53.991,24
2023-03-29 12:50:00-04:00,53.97,54.03,53.96,53.98,3171.0,53.991,28
2023-03-29 12:55:00-04:00,53.98,54.02,53.93,53.96,10811.0,53.975,58
2023-03-29 13:00:00-04:00,53.96,54.0,53.95,53.98,3092.0,53.974,27
2023-03-29 13:05:00-04:00,54.01,54.06,54.01,54.03,1454.0,54.036,13
2023-03-29 13:10:00-04:00,54.04,54.05,54.03,54.03,2203.0,54.04,22
2023-03-29 13:15:00-04:00,54.03,54.06,54.0,54.04,3917.0,54.024,35
2023-03-29 13:20:00-04:00,54.05,54.05,54.0,54.01,1625.0,54.023,14
2023-03-29 13:25:00-04:00,54.0,54.06,53.99,54.04,3142.0,54.035,27
2023-03-29 13:30:00-04:00,54.03,54.13,53.98,54.07,29634.0,54.049,136
2023-03-29 13:35:00-04:00,54.04,54.1,53.99,54.07,46403.0,54.028,130
2023-03-29 13:40:00-04:00,54.08,54.1,54.03,54.06,2025.0,54.065,18
2023-03-29 13:45:00-04:00,54.05,54.08,53.99,54.01,16427.0,54.033,53
2023-03-29 13:50:00-04:00,53.95,53.99,53.94,53.98,7868.0,53.963,33
2023-03-29 13:55:00-04:00,53.98,54.0,53.96,53.98,3608.0,53.976,25
2023-03-29 14:00:00-04:00,54.0,54.02,53.95,53.96,5023.0,53.987,36
2023-03-29 14:05:00-04:00,53.96,54.06,53.95,54.06,7014.0,54.006,55
2023-03-29 14:10:00-04:00,54.08,54.11,54.06,54.09,6990.0,54.091,51
2023-03-29 14:15:00-04:00,54.08,54.09,54.01,54.02,8305.0,54.063,57
2023-03-29 14:20:00-04:00,54.02,54.02,53.98,53.99,4059.0,54.001,25
2023-03-29 14:25:00-04:00,53.98,54.04,53.96,53.99,11294.0,54.003,68
2023-03-29 14:30:00-04:00,53.98,53.99,53.92,53.96,6921.0,53.943,54
2023-03-29 14:35:00-04:00,53.95,53.95,53.87,53.9,9140.0,53.91,77
2023-03-29 14:40:00-04:00,53.89,53.91,53.87,53.9,5434.0,53.887,50
2023-03-29 14:45:00-04:00,53.91,53.97,53.88,53.95,9501.0,53.926,76
2023-03-29 14:50:00-04:00,53.96,53.96,53.86,53.91,9937.0,53.912,84
2023-03-29 14:55:00-04:00,53.91,53.93,53.9,53.9,5550.0,53.918,43
2023-03-29 15:00:00-04:00,53.9,53.93,53.81,53.83,17303.0,53.877,147
2023-03-29 15:05:00-04:00,53.82,53.82,53.74,53.77,6705.0,53.772,62
2023-03-29 15:10:00-04:00,53.79,53.83,53.77,53.79,4990.0,53.794,47
2023-03-29 15:15:00-04:00,53.79,53.9,53.79,53.88,8868.0,53.86,79
2023-03-29 15:20:00-04:00,53.88,53.94,53.86,53.87,11495.0,53.892,94
2023-03-29 15:25:00-04:00,53.86,53.87,53.82,53.86,13496.0,53.851,108
2023-03-29 15:30:00-04:00,53.84,53.87,53.82,53.85,14138.0,53.841,106
2023-03-29 15:35:00-04:00,53.85,53.85,53.75,53.78,12545.0,53.811,108
2023-03-29 15:40:00-04:00,53.77,53.83,53.74,53.82,16319.0,53.781,138
2023-03-29 15:45:00-04:00,53.82,53.86,53.8,53.81,21662.0,53.825,171
2023-03-29 15:50:00-04:00,53.81,53.82,53.74,53.77,29539.0,53.781,205
2023-03-29 15:55:00-04:00,53.77,53.91,53.75,53.9,66596.0,53.837,442
2023-03-30 09:30:00-04:00,54.47,54.47,54.17,54.19,19926.0,54.437,39
2023-03-30 09:35:00-04:00,54.25,54.25,54.13,54.2,13942.0,54.223,60
2023-03-30 09:40:00-04:00,54.17,54.35,54.15,54.33,4098.0,54.266,33
2023-03-30 09:45:00-04:00,54.31,54.51,54.25,54.46,7748.0,54.368,56
2023-03-30 09:50:00-04:00,54.45,54.46,54.38,54.46,5735.0,54.406,47
2023-03-30 09:55:00-04:00,54.5,54.53,54.45,54.5,3886.0,54.482,34
2023-03-30 10:00:00-04:00,54.5,54.54,54.35,54.38,6566.0,54.447,54
2023-03-30 10:05:00-04:00,54.37,54.45,54.34,54.38,8259.0,54.387,67
2023-03-30 10:10:00-04:00,54.37,54.42,54.3,54.32,11208.0,54.359,71
2023-03-30 10:15:00-04:00,54.31,54.43,54.31,54.43,5188.0,54.348,42
2023-03-30 10:20:00-04:00,54.45,54.47,54.4,54.42,5410.0,54.43,51
2023-03-30 10:25:00-04:00,54.4,54.48,54.38,54.44,7124.0,54.448,50
2023-03-30 10:30:00-04:00,54.44,54.48,54.43,54.43,7982.0,54.455,61
2023-03-30 10:35:00-04:00,54.42,54.48,54.39,54.45,7116.0,54.421,54
2023-03-30 10:40:00-04:00,54.46,54.55,54.46,54.54,5035.0,54.507,37
2023-03-30 10:45:00-04:00,54.55,54.56,54.52,54.55,4752.0,54.541,43
2023-03-30 10:50:00-04:00,54.55,54.59,54.53,54.56,5147.0,54.551,41
2023-03-30 10:55:00-04:00,54.56,54.57,54.47,54.49,6426.0,54.535,56
2023-03-30 11:00:00-04:00,54.5,54.51,54.4,54.42,4283.0,54.438,35
2023-03-30 11:05:00-04:00,54.42,54.42,54.35,54.37,4190.0,54.381,37
2023-03-30 11:10:00-04:00,54.39,54.44,54.3,54.32,5446.0,54.375,45
2023-03-30 11:15:00-04:00,54.33,54.36,54.28,54.36,6439.0,54.317,50
2023-03-30 11:20:00-04:00,54.36,54.38,54.31,54.31,5127.0,54.352,42
2023-03-30 11:25:00-04:00,54.31,54.32,54.26,54.3,4493.0,54.291,40
2023-03-30 11:30:00-04:00,54.29,54.3,54.17,54.19,5502.0,54.236,45
2023-03-30 11:35:00-04:00,54.2,54.21,54.16,54.19,3901.0,54.187,34
2023-03-30 11:40:00-04:00,54.17,54.18,54.13,54.16,5101.0,54.161,45
2023-03-30 11:45:00-04:00,54.15,54.15,53.94,53.94,6370.0,54.05,51
2023-03-30 11:50:00-04:00,53.97,54.09,53.97,54.08,6242.0,54.042,39
2023-03-30 11:55:00-04:00,54.11,54.15,54.08,54.08,3192.0,54.118,27
2023-03-30 12:00:00-04:00,54.07,54.1,54.04,54.08,4157.0,54.069,31
2023-03-30 12:05:00-04:00,54.06,54.15,54.01,54.15,9224.0,54.082,33
2023-03-30 12:10:00-04:00,54.15,54.16,54.08,54.08,4001.0,54.118,33
2023-03-30 12:15:00-04:00,54.05,54.06,54.0,54.04,4367.0,54.022,41
2023-03-30 12:20:00-04:00,54.05,54.07,54.02,54.05,2739.0,54.038,24
2023-03-30 12:25:00-04:00,54.05,54.08,54.04,54.05,5069.0,54.061,30
2023-03-30 12:30:00-04:00,54.05,54.05,53.94,53.96,6236.0,53.976,49
2023-03-30 12:35:00-04:00,53.95,53.97,53.91,53.91,3034.0,53.935,26
2023-03-30 12:40:00-04:00,53.91,53.98,53.87,53.9,4217.0,53.912,40
2023-03-30 12:45:00-04:00,53.92,53.92,53.86,53.86,3730.0,53.891,34
2023-03-30 12:50:00-04:00,53.89,53.96,53.88,53.96,3770.0,53.91,22
2023-03-30 12:55:00-04:00,53.97,53.97,53.89,53.9,3825.0,53.926,23
2023-03-30 13:00:00-04:00,53.89,53.95,53.85,53.93,5659.0,53.898,45
2023-03-30 13:05:00-04:00,53.93,53.95,53.88,53.88,3601.0,53.929,23
2023-03-30 13:10:00-04:00,53.88,53.88,53.84,53.85,4729.0,53.855,30
2023-03-30 13:15:00-04:00,53.88,53.9,53.86,53.89,6845.0,53.88,41
2023-03-30 13:20:00-04:00,53.9,53.93,53.84,53.84,4917.0,53.887,43
2023-03-30 13:25:00-04:00,53.84,53.87,53.81,53.83,4218.0,53.832,29
2023-03-30 13:30:00-04:00,53.86,53.88,53.82,53.88,7208.0,53.848,62
2023-03-30 13:35:00-04:00,53.89,53.91,53.85,53.9,5087.0,53.888,44
2023-03-30 13:40:00-04:00,53.89,53.93,53.87,53.93,6266.0,53.893,51
2023-03-30 13:45:00-04:00,53.94,53.99,53.91,53.97,7502.0,53.952,59
2023-03-30 13:50:00-04:00,53.99,54.07,53.99,54.07,4395.0,54.022,34
2023-03-30 13:55:00-04:00,54.06,54.08,54.03,54.03,4960.0,54.055,42
2023-03-30 14:00:00-04:00,54.03,54.11,54.03,54.06,9892.0,54.079,44
2023-03-30 14:05:00-04:00,54.06,54.08,54.04,54.08,5949.0,54.055,30
2023-03-30 14:10:00-04:00,54.08,54.08,54.02,54.06,4971.0,54.054,38
2023-03-30 14:15:00-04:00,54.05,54.16,54.04,54.13,5472.0,54.088,48
2023-03-30 14:20:00-04:00,54.12,54.18,54.09,54.18,7002.0,54.148,53
2023-03-30 14:25:00-04:00,54.17,54.19,54.15,54.18,5801.0,54.167,46
2023-03-30 14:30:00-04:00,54.21,54.25,54.2,54.24,5175.0,54.217,41
2023-03-30 14:35:00-04:00,54.24,54.26,54.16,54.19,9269.0,54.225,75
2023-03-30 14:40:00-04:00,54.2,54.2,54.17,54.19,4561.0,54.191,32
2023-03-30 14:45:00-04:00,54.18,54.24,54.13,54.23,7328.0,54.167,64
2023-03-30 14:50:00-04:00,54.22,54.23,54.19,54.21,6139.0,54.208,55
2023-03-30 14:55:00-04:00,54.22,54.23,54.17,54.17,4300.0,54.189,36
2023-03-30 15:00:00-04:00,54.18,54.2,54.14,54.2,3331.0,54.167,26
2023-03-30 15:05:00-04:00,54.2,54.2,54.06,54.07,5984.0,54.139,53
2023-03-30 15:10:00-04:00,54.06,54.06,54.01,54.03,5403.0,54.035,45
2023-03-30 15:15:00-04:00,54.02,54.05,54.01,54.04,2219.0,54.023,18
2023-03-30 15:20:00-04:00,54.04,54.08,54.04,54.08,6881.0,54.056,52
2023-03-30 15:25:00-04:00,54.08,54.09,54.04,54.05,6794.0,54.068,59
2023-03-30 15:30:00-04:00,54.06,54.12,54.06,54.09,7992.0,54.099,68
2023-03-30 15:35:00-04:00,54.08,54.19,54.06,54.14,6274.0,54.118,55
2023-03-30 15:40:00-04:00,54.15,54.16,54.1,54.11,14221.0,54.133,72
2023-03-30 15:45:00-04:00,54.1,54.12,54.08,54.09,8048.0,54.101,66
2023-03-30 15:50:00-04:00,54.08,54.24,54.08,54.19,29649.0,54.188,251
2023-03-30 15:55:00-04:00,54.19,54.28,54.17,54.28,65431.0,54.248,413
2023-03-31 09:30:00-04:00,54.62,54.62,54.49,54.54,18119.0,54.614,13
2023-03-31 09:35:00-04:00,54.41,54.67,54.4,54.53,6986.0,54.515,46
2023-03-31 09:40:00-04:00,54.55,54.62,54.5,54.5,10027.0,54.569,69
2023-03-31 09:45:00-04:00,54.53,54.55,54.45,54.52,8176.0,54.5,54
2023-03-31 09:50:00-04:00,54.55,54.56,54.38,54.41,6336.0,54.439,44
2023-03-31 09:55:00-04:00,54.44,54.5,54.44,54.45,5721.0,54.466,40
2023-03-31 10:00:00-04:00,54.46,54.6,54.46,54.58,3442.0,54.536,25
2023-03-31 10:05:00-04:00,54.59,54.65,54.55,54.65,8603.0,54.596,50
2023-03-31 10:10:00-04:00,54.6,54.67,54.57,54.57,2839.0,54.621,22
2023-03-31 10:15:00-04:00,54.57,54.61,54.55,54.55,9072.0,54.578,61
2023-03-31 10:20:00-04:00,54.56,54.62,54.56,54.61,7204.0,54.584,54
2023-03-31 10:25:00-04:00,54.6,54.84,54.6,54.72,14956.0,54.706,49
2023-03-31 10:30:00-04:00,54.74,54.77,54.71,54.75,10065.0,54.733,78
2023-03-31 10:35:00-04:00,54.76,54.76,54.6,54.62,11762.0,54.675,91
2023-03-31 10:40:00-04:00,54.62,54.65,54.61,54.62,9943.0,54.628,53
2023-03-31 10:45:00-04:00,54.63,54.72,54.63,54.72,7598.0,54.663,38
2023-03-31 10:50:00-04:00,54.71,54.71,54.62,54.65,3696.0,54.659,28
2023-03-31 10:55:00-04:00,54.66,54.7,54.61,54.7,3300.0,54.646,32
2023-03-31 11:00:00-04:00,54.69,54.69,54.58,54.58,3080.0,54.634,28
2023-03-31 11:05:00-04:00,54.58,54.58,54.54,54.56,2013.0,54.558,16
2023-03-31 11:10:00-04:00,54.56,54.65,54.56,54.62,5093.0,54.616,42
2023-03-31 11:15:00-04:00,54.63,54.72,54.63,54.71,2291.0,54.699,22
2023-03-31 11:20:00-04:00,54.69,54.72,54.69,54.72,2468.0,54.706,21
2023-03-31 11:25:00-04:00,54.73,54.76,54.71,54.75,4086.0,54.739,30
2023-03-31 11:30:00-04:00,54.76,54.79,54.76,54.79,1497.0,54.774,11
2023-03-31 11:35:00-04:00,54.8,54.85,54.8,54.84,3564.0,54.834,25
2023-03-31 11:40:00-04:00,54.85,54.93,54.84,54.93,5675.0,54.863,20
2023-03-31 11:45:00-04:00,54.93,54.93,54.89,54.91,2251.0,54.909,21
2023-03-31 11:50:00-04:00,54.92,54.97,54.9,54.91,2674.0,54.933,17
2023-03-31 11:55:00-04:00,54.91,54.94,54.9,54.9,2708.0,54.92,14
2023-03-31 12:00:00-04:00,54.9,54.94,54.9,54.9,1555.0,54.912,13
2023-03-31 12:05:00-04:00,54.87,54.87,54.73,54.75,2609.0,54.788,22
2023-03-31 12:10:00-04:00,54.78,54.78,54.72,54.73,1653.0,54.759,16
2023-03-31 12:15:00-04:00,54.73,54.81,54.72,54.81,2842.0,54.777,24
2023-03-31 12:20:00-04:00,54.81,54.83,54.79,54.79,2008.0,54.806,11
2023-03-31 12:25:00-04:00,54.8,54.82,54.75,54.75,3161.0,54.783,26
2023-03-31 12:30:00-04:00,54.74,54.74,54.58,54.58,3290.0,54.651,29
2023-03-31 12:35:00-04:00,54.56,54.66,54.56,54.66,3216.0,54.611,24
2023-03-31 12:40:00-04:00,54.68,54.75,54.67,54.7,2191.0,54.726,14
2023-03-31 12:45:00-04:00,54.67,54.71,54.67,54.68,1774.0,54.683,15
2023-03-31 12:50:00-04:00,54.68,54.72,54.62,54.62,7944.0,54.658,61
2023-03-31 12:55:00-04:00,54.64,54.75,54.63,54.74,14562.0,54.703,68
2023-03-31 13:00:00-04:00,54.75,54.75,54.72,54.75,5931.0,54.74,28
2023-03-31 13:05:00-04:00,54.74,54.76,54.71,54.74,3823.0,54.738,35
2023-03-31 13:10:00-04:00,54.72,54.72,54.66,54.66,3056.0,54.702,18
2023-03-31 13:15:00-04:00,54.68,54.69,54.62,54.68,8421.0,54.665,50
2023-03-31 13:20:00-04:00,54.65,54.65,54.61,54.62,2200.0,54.623,21
2023-03-31 13:25:00-04:00,54.62,54.62,54.57,54.57,1700.0,54.599,17
2023-03-31 13:30:00-04:00,54.58,54.6,54.54,54.55,2447.0,54.568,24
2023-03-31 13:35:00-04:00,54.55,54.57,54.55,54.56,3497.0,54.558,26
2023-03-31 13:40:00-04:00,54.59,54.59,54.51,54.52,1808.0,54.554,15
2023-03-31 13:45:00-04:00,54.53,54.53,54.47,54.47,2043.0,54.496,16
2023-03-31 13:50:00-04:00,54.48,54.53,54.46,54.53,3852.0,54.48,31
2023-03-31 13:55:00-04:00,54.52,54.61,54.52,54.6,5484.0,54.568,35
2023-03-31 14:00:00-04:00,54.59,54.62,54.56,54.59,10957.0,54.588,42
2023-03-31 14:05:00-04:00,54.57,54.68,54.57,54.66,3154.0,54.636,27
2023-03-31 14:10:00-04:00,54.66,54.67,54.58,54.59,3422.0,54.637,31
2023-03-31 14:15:00-04:00,54.58,54.61,54.54,54.55,4099.0,54.577,26
2023-03-31 14:20:00-04:00,54.56,54.6,54.53,54.53,5540.0,54.561,34
2023-03-31 14:25:00-04:00,54.52,54.53,54.5,54.51,8949.0,54.519,35
2023-03-31 14:30:00-04:00,54.52,54.56,54.5,54.55,7066.0,54.528,20
2023-03-31 14:35:00-04:00,54.56,54.57,54.54,54.55,4178.0,54.556,27
2023-03-31 14:40:00-04:00,54.56,54.61,54.54,54.58,4051.0,54.57,31
2023-03-31 14:45:00-04:00,54.57,54.58,54.55,54.57,3767.0,54.566,32
2023-03-31 14:50:00-04:00,54.57,54.59,54.57,54.59,2920.0,54.582,22
2023-03-31 14:55:00-04:00,54.59,54.6,54.54,54.58,4731.0,54.574,34
2023-03-31 15:00:00-04:00,54.58,54.74,54.58,54.74,4313.0,54.684,38
2023-03-31 15:05:00-04:00,54.73,54.73,54.66,54.72,7738.0,54.705,50
2023-03-31 15:10:00-04:00,54.72,54.73,54.67,54.7,5627.0,54.702,38
2023-03-31 15:15:00-04:00,54.7,54.87,54.7,54.86,7997.0,54.809,57
2023-03-31 15:20:00-04:00,54.87,54.93,54.87,54.92,8503.0,54.897,62
2023-03-31 15:25:00-04:00,54.93,54.96,54.91,54.95,3087.0,54.943,27
2023-03-31 15:30:00-04:00,54.95,54.99,54.88,54.91,7018.0,54.935,56
2023-03-31 15:35:00-04:00,54.9,54.9,54.81,54.83,8506.0,54.846,76
2023-03-31 15:40:00-04:00,54.83,54.88,54.82,54.86,5018.0,54.847,41
2023-03-31 15:45:00-04:00,54.85,54.9,54.82,54.88,11382.0,54.86,71
2023-03-31 15:50:00-04:00,54.91,54.98,54.87,54.98,19081.0,54.929,124
2023-03-31 15:55:00-04:00,54.99,55.15,54.99,55.1,67493.0,55.104,351
2023-04-03 09:30:00-04:00,54.92,55.09,54.92,55.09,8886.0,54.925,4
2023-04-03 09:35:00-04:00,55.09,55.12,54.94,54.96,4752.0,55.051,31
2023-04-03 09:40:00-04:00,54.94,54.97,54.85,54.9,7791.0,54.927,51
2023-04-03 09:45:00-04:00,54.93,55.07,54.93,55.05,6422.0,55.026,49
2023-04-03 09:50:00-04:00,55.1,55.17,55.09,55.16,4447.0,55.125,34
2023-04-03 09:55:00-04:00,55.14,55.17,55.11,55.14,5006.0,55.138,37
2023-04-03 10:00:00-04:00,55.16,55.25,55.08,55.1,9179.0,55.177,58
2023-04-03 10:05:00-04:00,55.14,55.17,55.02,55.15,8608.0,55.117,56
2023-04-03 10:10:00-04:00,55.13,55.28,55.12,55.28,1300.0,55.205,12
2023-04-03 10:15:00-04:00,55.35,55.44,55.34,55.44,7147.0,55.384,32
2023-04-03 10:20:00-04:00,55.48,55.5,55.43,55.43,4644.0,55.471,26
2023-04-03 10:25:00-04:00,55.45,55.48,55.38,55.43,5049.0,55.435,38
2023-04-03 10:30:00-04:00,55.45,55.48,55.36,55.36,9794.0,55.434,49
2023-04-03 10:35:00-04:00,55.38,55.39,55.22,55.25,4129.0,55.295,38
2023-04-03 10:40:00-04:00,55.26,55.26,55.21,55.21,3543.0,55.234,29
2023-04-03 10:45:00-04:00,55.2,55.2,55.03,55.08,4228.0,55.08,34
2023-04-03 10:50:00-04:00,55.09,55.13,55.03,55.07,8707.0,55.06,48
2023-04-03 10:55:00-04:00,55.08,55.08,55.0,55.0,8830.0,55.035,69
2023-04-03 11:00:00-04:00,55.01,55.08,55.01,55.06,5485.0,55.04,46
2023-04-03 11:05:00-04:00,55.06,55.08,54.99,55.01,4767.0,55.035,43
2023-04-03 11:10:00-04:00,55.01,55.01,54.94,54.94,3453.0,54.986,32
2023-04-03 11:15:00-04:00,54.95,55.09,54.95,55.08,5762.0,55.034,35
2023-04-03 11:20:00-04:00,55.09,55.11,54.99,55.05,5045.0,55.057,43
2023-04-03 11:25:00-04:00,55.04,55.04,54.99,55.02,3935.0,55.014,34
2023-04-03 11:30:00-04:00,55.02,55.05,55.01,55.04,3559.0,55.035,31
2023-04-03 11:35:00-04:00,55.05,55.05,55.02,55.04,3394.0,55.039,25
2023-04-03 11:40:00-04:00,55.03,55.09,55.01,55.08,3373.0,55.053,30
2023-04-03 11:45:00-04:00,55.08,55.19,55.04,55.19,4329.0,55.091,32
2023-04-03 11:50:00-04:00,55.18,55.18,55.15,55.18,3574.0,55.163,30
2023-04-03 11:55:00-04:00,55.2,55.23,55.2,55.23,2926.0,55.21,27
2023-04-03 12:00:00-04:00,55.24,55.33,55.23,55.3,8263.0,55.292,52
2023-04-03 12:05:00-04:00,55.3,55.31,55.2,55.24,8034.0,55.24,58
2023-04-03 12:10:00-04:00,55.24,55.33,55.24,55.33,2270.0,55.278,22
2023-04-03 12:15:00-04:00,55.35,55.37,55.33,55.36,3519.0,55.349,29
2023-04-03 12:20:00-04:00,55.36,55.36,55.26,55.31,6738.0,55.31,46
2023-04-03 12:25:00-04:00,55.33,55.39,55.33,55.37,4407.0,55.355,33
2023-04-03 12:30:00-04:00,55.37,55.38,55.34,55.37,2558.0,55.363,20
2023-04-03 12:35:00-04:00,55.37,55.39,55.31,55.31,11082.0,55.367,45
2023-04-03 12:40:00-04:00,55.31,55.32,55.27,55.27,5137.0,55.284,37
2023-04-03 12:45:00-04:00,55.26,55.27,55.24,55.25,4382.0,55.253,30
2023-04-03 12:50:00-04:00,55.27,55.31,55.24,55.24,4777.0,55.285,34
2023-04-03 12:55:00-04:00,55.2,55.2,55.16,55.18,5081.0,55.184,34
2023-04-03 13:00:00-04:00,55.17,55.17,55.12,55.15,2411.0,55.145,22
2023-04-03 13:05:00-04:00,55.16,55.23,55.13,55.22,20011.0,55.147,64
2023-04-03 13:10:00-04:00,55.23,55.27,55.21,55.21,4408.0,55.238,28
2023-04-03 13:15:00-04:00,55.21,55.25,55.2,55.24,4112.0,55.224,32
2023-04-03 13:20:00-04:00,55.24,55.25,55.19,55.21,2589.0,55.215,22
2023-04-03 13:25:00-04:00,55.21,55.21,55.12,55.14,6310.0,55.166,42
2023-04-03 13:30:00-04:00,55.13,55.17,55.13,55.17,5883.0,55.155,37
2023-04-03 13:35:00-04:00,55.16,55.16,55.08,55.09,7090.0,55.102,47
2023-04-03 13:40:00-04:00,55.07,55.07,55.04,55.04,2370.0,55.057,23
2023-04-03 13:45:00-04:00,55.05,55.05,54.97,55.0,27429.0,54.998,157
2023-04-03 13:50:00-04:00,54.99,54.99,54.88,54.89,5258.0,54.931,48
2023-04-03 13:55:00-04:00,54.89,54.89,54.82,54.86,9930.0,54.857,83
2023-04-03 14:00:00-04:00,54.86,54.88,54.82,54.84,8495.0,54.849,65
2023-04-03 14:05:00-04:00,54.84,54.93,54.83,54.92,4067.0,54.87,34
2023-04-03 14:10:00-04:00,54.91,54.93,54.87,54.87,5460.0,54.903,45
2023-04-03 14:15:00-04:00,54.88,54.88,54.78,54.79,2400.0,54.802,20
2023-04-03 14:20:00-04:00,54.79,54.84,54.77,54.83,5126.0,54.796,37
2023-04-03 14:25:00-04:00,54.84,54.87,54.82,54.82,4421.0,54.84,37
2023-04-03 14:30:00-04:00,54.81,54.87,54.8,54.84,4862.0,54.841,36
2023-04-03 14:35:00-04:00,54.85,54.88,54.82,54.83,4860.0,54.857,37
2023-04-03 14:40:00-04:00,54.84,54.87,54.8,54.83,7121.0,54.837,56
2023-04-03 14:45:00-04:00,54.84,54.85,54.82,54.84,3160.0,54.835,27
2023-04-03 14:50:00-04:00,54.84,54.88,54.83,54.84,2595.0,54.853,24
2023-04-03 14:55:00-04:00,54.83,54.88,54.83,54.86,4143.0,54.859,35
2023-04-03 15:00:00-04:00,54.87,54.94,54.86,54.91,7422.0,54.905,58
2023-04-03 15:05:00-04:00,54.92,54.92,54.86,54.87,6828.0,54.895,59
2023-04-03 15:10:00-04:00,54.89,54.97,54.88,54.89,12038.0,54.928,94
2023-04-03 15:15:00-04:00,54.89,54.93,54.89,54.91,6999.0,54.903,57
2023-04-03 15:20:00-04:00,54.91,54.93,54.9,54.91,9894.0,54.914,64
2023-04-03 15:25:00-04:00,54.91,54.98,54.91,54.98,5269.0,54.951,44
2023-04-03 15:30:00-04:00,54.98,55.07,54.96,55.05,10549.0,55.023,83
2023-04-03 15:35:00-04:00,55.07,55.11,55.05,55.08,12950.0,55.085,102
2023-04-03 15:40:00-04:00,55.08,55.1,55.03,55.06,18516.0,55.067,152
2023-04-03 15:45:00-04:00,55.07,55.09,55.03,55.07,18734.0,55.068,153
2023-04-03 15:50:00-04:00,55.08,55.15,55.06,55.09,25960.0,55.107,191
2023-04-03 15:55:00-04:00,55.09,55.12,55.0,55.08,90475.0,55.059,487
2023-04-04 09:30:00-04:00,55.04,55.04,54.6,54.73,30378.0,54.853,52
2023-04-04 09:35:00-04:00,54.78,54.78,54.53,54.72,6807.0,54.634,63
2023-04-04 09:40:00-04:00,54.71,54.73,54.58,54.65,5871.0,54.652,50
2023-04-04 09:45:00-04:00,54.63,54.72,54.44,54.67,22796.0,54.578,137
2023-04-04 09:50:00-04:00,54.66,54.71,54.57,54.57,8011.0,54.619,56
2023-04-04 09:55:00-04:00,54.53,54.63,54.52,54.62,9840.0,54.577,66
2023-04-04 10:00:00-04:00,54.63,54.83,54.63,54.8,9276.0,54.755,68
2023-04-04 10:05:00-04:00,54.83,54.83,54.75,54.77,10721.0,54.781,79
2023-04-04 10:10:00-04:00,54.77,54.99,54.76,54.94,7390.0,54.895,60
2023-04-04 10:15:00-04:00,54.99,55.01,54.79,54.79,13463.0,54.913,95
2023-04-04 10:20:00-04:00,54.79,54.79,54.56,54.58,9195.0,54.672,76
2023-04-04 10:25:00-04:00,54.59,54.7,54.59,54.65,8198.0,54.637,71
2023-04-04 10:30:00-04:00,54.66,54.72,54.62,54.63,7568.0,54.685,60
2023-04-04 10:35:00-04:00,54.64,54.64,54.5,54.51,5519.0,54.564,48
2023-04-04 10:40:00-04:00,54.49,54.5,54.36,54.41,8066.0,54.417,66
2023-04-04 10:45:00-04:00,54.45,54.46,54.36,54.39,7296.0,54.402,62
2023-04-04 10:50:00-04:00,54.39,54.45,54.39,54.43,6641.0,54.414,51
2023-04-04 10:55:00-04:00,54.43,54.45,54.26,54.29,10678.0,54.357,92
2023-04-04 11:00:00-04:00,54.26,54.26,54.19,54.21,6935.0,54.211,56
2023-04-04 11:05:00-04:00,54.22,54.23,54.07,54.08,6668.0,54.162,57
2023-04-04 11:10:00-04:00,54.09,54.14,54.06,54.12,11841.0,54.105,88
2023-04-04 11:15:00-04:00,54.11,54.12,54.0,54.04,10727.0,54.051,101
2023-04-04 11:20:00-04:00,54.04,54.17,54.04,54.17,11974.0,54.105,92
2023-04-04 11:25:00-04:00,54.17,54.24,54.1,54.18,11317.0,54.161,91
2023-04-04 11:30:00-04:00,54.17,54.21,54.02,54.04,7740.0,54.121,57
2023-04-04 11:35:00-04:00,54.04,54.09,54.03,54.06,13928.0,54.055,101
2023-04-04 11:40:00-04:00,54.07,54.16,54.06,54.11,12040.0,54.117,95
2023-04-04 11:45:00-04:00,54.1,54.12,54.07,54.09,11600.0,54.091,88
2023-04-04 11:50:00-04:00,54.08,54.23,54.05,54.2,13371.0,54.144,94
2023-04-04 11:55:00-04:00,54.2,54.2,54.04,54.04,14366.0,54.109,100
2023-04-04 12:00:00-04:00,54.05,54.07,54.0,54.01,8699.0,54.042,76
2023-04-04 12:05:00-04:00,54.01,54.05,53.95,53.98,13785.0,54.012,110
2023-04-04 12:10:00-04:00,53.98,54.07,53.93,54.05,12078.0,54.01,100
2023-04-04 12:15:00-04:00,54.06,54.06,53.95,53.96,5605.0,53.993,46
2023-04-04 12:20:00-04:00,53.95,54.0,53.89,54.0,5343.0,53.945,43
2023-04-04 12:25:00-04:00,54.0,54.04,53.98,54.04,7109.0,54.006,65
2023-04-04 12:30:00-04:00,54.04,54.15,54.03,54.07,27104.0,54.11,111
2023-04-04 12:35:00-04:00,54.05,54.08,54.01,54.07,10065.0,54.037,91
2023-04-04 12:40:00-04:00,54.12,54.14,54.07,54.07,10692.0,54.104,89
2023-04-04 12:45:00-04:00,54.08,54.08,54.02,54.06,4576.0,54.05,43
2023-04-04 12:50:00-04:00,54.06,54.07,53.88,53.89,4401.0,53.98,41
2023-04-04 12:55:00-04:00,53.89,53.94,53.89,53.92,3679.0,53.919,34
2023-04-04 13:00:00-04:00,53.91,53.95,53.87,53.93,5001.0,53.91,46
2023-04-04 13:05:00-04:00,53.94,53.98,53.94,53.96,5220.0,53.963,43
2023-04-04 13:10:00-04:00,53.94,53.94,53.85,53.89,7535.0,53.883,60
2023-04-04 13:15:00-04:00,53.9,53.96,53.9,53.95,5578.0,53.944,44
2023-04-04 13:20:00-04:00,53.95,53.99,53.92,53.98,7194.0,53.953,60
2023-04-04 13:25:00-04:00,53.97,54.07,53.97,54.06,5589.0,54.008,37
2023-04-04 13:30:00-04:00,54.07,54.12,54.04,54.07,10358.0,54.075,87
2023-04-04 13:35:00-04:00,54.09,54.1,53.98,54.06,15707.0,54.027,112
2023-04-04 13:40:00-04:00,54.05,54.1,54.01,54.04,7676.0,54.055,56
2023-04-04 13:45:00-04:00,54.04,54.09,53.98,54.09,7535.0,54.007,56
2023-04-04 13:50:00-04:00,54.08,54.1,54.06,54.08,5772.0,54.083,48
2023-04-04 13:55:00-04:00,54.08,54.1,54.04,54.04,6300.0,54.068,57
2023-04-04 14:00:00-04:00,54.03,54.1,53.99,54.07,7058.0,54.042,68
2023-04-04 14:05:00-04:00,54.07,54.12,54.05,54.07,11273.0,54.084,92
2023-04-04 14:10:00-04:00,54.07,54.09,54.06,54.07,10424.0,54.076,83
2023-04-04 14:15:00-04:00,54.08,54.08,53.94,53.95,16140.0,54.02,130
2023-04-04 14:20:00-04:00,53.95,54.02,53.88,53.88,9126.0,53.953,79
2023-04-04 14:25:00-04:00,53.88,53.92,53.85,53.88,37093.0,53.883,126
2023-04-04 14:30:00-04:00,53.88,53.88,53.83,53.87,19418.0,53.863,130
2023-04-04 14:35:00-04:00,53.89,53.96,53.87,53.95,14980.0,53.902,109
2023-04-04 14:40:00-04:00,53.96,53.98,53.92,53.95,21261.0,53.948,144
2023-04-04 14:45:00-04:00,53.95,53.96,53.92,53.95,11065.0,53.941,83
2023-04-04 14:50:00-04:00,53.95,53.97,53.9,53.91,10312.0,53.941,84
2023-04-04 14:55:00-04:00,53.91,53.93,53.83,53.83,15107.0,53.88,125
2023-04-04 15:00:00-04:00,53.83,53.97,53.8,53.97,14769.0,53.871,128
2023-04-04 15:05:00-04:00,53.97,54.06,53.91,54.02,18015.0,53.971,142
2023-04-04 15:10:00-04:00,54.02,54.11,53.93,54.02,12282.0,54.025,103
2023-04-04 15:15:00-04:00,54.05,54.16,54.03,54.14,11848.0,54.107,99
2023-04-04 15:20:00-04:00,54.14,54.21,54.13,54.18,16057.0,54.174,133
2023-04-04 15:25:00-04:00,54.18,54.24,54.14,54.21,19413.0,54.185,159
2023-04-04 15:30:00-04:00,54.21,54.22,54.14,54.16,19331.0,54.183,146
2023-04-04 15:35:00-04:00,54.16,54.24,54.15,54.24,23916.0,54.186,194
2023-04-04 15:40:00-04:00,54.25,54.3,54.24,54.28,30496.0,54.268,242
2023-04-04 15:45:00-04:00,54.28,54.29,54.21,54.22,38003.0,54.231,308
2023-04-04 15:50:00-04:00,54.23,54.31,54.22,54.23,60338.0,54.252,466
2023-04-04 15:55:00-04:00,54.23,54.27,54.23,54.25,133689.0,54.242,767
2023-04-05 09:30:00-04:00,54.17,54.17,53.74,53.88,14306.0,54.045,43
2023-04-05 09:35:00-04:00,53.87,54.21,53.87,54.21,3828.0,54.04,32
2023-04-05 09:40:00-04:00,54.25,54.32,54.1,54.24,4967.0,54.209,43
2023-04-05 09:45:00-04:00,54.21,54.38,54.19,54.38,4984.0,54.287,42
2023-04-05 09:50:00-04:00,54.45,54.46,54.4,54.44,14390.0,54.435,39
2023-04-05 09:55:00-04:00,54.45,54.52,54.44,54.52,2741.0,54.473,25
2023-04-05 10:00:00-04:00,54.54,54.58,54.25,54.25,5321.0,54.4,44
2023-04-05 10:05:00-04:00,54.25,54.32,54.14,54.14,6760.0,54.224,52
2023-04-05 10:10:00-04:00,54.13,54.2,54.12,54.16,4828.0,54.166,39
2023-04-05 10:15:00-04:00,54.15,54.2,54.13,54.19,4746.0,54.161,39
2023-04-05 10:20:00-04:00,54.21,54.22,54.16,54.21,4503.0,54.197,34
2023-04-05 10:25:00-04:00,54.21,54.22,54.04,54.08,6576.0,54.143,53
2023-04-05 10:30:00-04:00,54.07,54.22,54.06,54.13,6288.0,54.143,52
2023-04-05 10:35:00-04:00,54.12,54.16,54.06,54.06,6112.0,54.118,55
2023-04-05 10:40:00-04:00,54.05,54.07,53.88,53.88,7829.0,54.004,66
2023-04-05 10:45:00-04:00,53.89,53.9,53.77,53.79,11515.0,53.853,93
2023-04-05 10:50:00-04:00,53.82,53.82,53.67,53.69,11939.0,53.745,97
2023-04-05 10:55:00-04:00,53.69,53.81,53.67,53.81,12880.0,53.723,105
2023-04-05 11:00:00-04:00,53.79,53.81,53.72,53.75,5367.0,53.757,47
2023-04-05 11:05:00-04:00,53.73,53.77,53.71,53.73,6936.0,53.742,55
2023-04-05 11:10:00-04:00,53.74,53.8,53.69,53.76,7167.0,53.754,57
2023-04-05 11:15:00-04:00,53.76,53.8,53.72,53.78,6771.0,53.764,51
2023-04-05 11:20:00-04:00,53.78,53.78,53.71,53.73,6336.0,53.741,53
2023-04-05 11:25:00-04:00,53.73,53.75,53.63,53.66,8727.0,53.7,68
2023-04-05 11:30:00-04:00,53.67,53.88,53.67,53.82,6108.0,53.789,48
2023-04-05 11:35:00-04:00,53.81,53.91,53.8,53.87,10375.0,53.835,89
2023-04-05 11:40:00-04:00,53.88,53.89,53.85,53.88,4057.0,53.877,34
2023-04-05 11:45:00-04:00,53.88,53.91,53.82,53.85,9808.0,53.869,64
2023-04-05 11:50:00-04:00,53.82,53.83,53.73,53.73,5591.0,53.792,50
2023-04-05 11:55:00-04:00,53.72,53.78,53.7,53.77,6431.0,53.746,56
2023-04-05 12:00:00-04:00,53.77,53.77,53.7,53.71,5004.0,53.737,42
2023-04-05 12:05:00-04:00,53.72,53.73,53.57,53.57,7026.0,53.634,57
2023-04-05 12:10:00-04:00,53.58,53.63,53.58,53.61,8955.0,53.601,67
2023-04-05 12:15:00-04:00,53.61,53.69,53.56,53.69,6667.0,53.594,54
2023-04-05 12:20:00-04:00,53.71,53.72,53.69,53.71,4084.0,53.707,34
2023-04-05 12:25:00-04:00,53.69,53.7,53.55,53.6,9053.0,53.604,76
2023-04-05 12:30:00-04:00,53.6,53.64,53.55,53.61,5725.0,53.591,47
2023-04-05 12:35:00-04:00,53.62,53.69,53.62,53.64,7216.0,53.657,39
2023-04-05 12:40:00-04:00,53.66,53.66,53.57,53.62,6499.0,53.622,57
2023-04-05 12:45:00-04:00,53.62,53.65,53.59,53.59,3364.0,53.62,30
2023-04-05 12:50:00-04:00,53.57,53.57,53.51,53.53,5616.0,53.538,50
2023-04-05 12:55:00-04:00,53.52,53.54,53.51,53.52,3861.0,53.53,33
2023-04-05 13:00:00-04:00,53.53,53.56,53.51,53.56,5948.0,53.537,49
2023-04-05 13:05:00-04:00,53.56,53.61,53.52,53.56,5453.0,53.568,44
2023-04-05 13:10:00-04:00,53.53,53.59,53.53,53.55,6893.0,53.556,59
2023-04-05 13:15:00-04:00,53.55,53.6,53.55,53.6,7041.0,53.583,60
2023-04-05 13:20:00-04:00,53.6,53.6,53.54,53.58,6170.0,53.576,50
2023-04-05 13:25:00-04:00,53.57,53.62,53.57,53.59,4727.0,53.599,40
2023-04-05 13:30:00-04:00,53.59,53.6,53.52,53.53,5421.0,53.572,43
2023-04-05 13:35:00-04:00,53.52,53.53,53.4,53.4,13961.0,53.473,107
2023-04-05 13:40:00-04:00,53.41,53.42,53.27,53.28,13287.0,53.341,104
2023-04-05 13:45:00-04:00,53.28,53.3,53.24,53.24,7196.0,53.271,58
2023-04-05 13:50:00-04:00,53.26,53.37,53.25,53.33,12159.0,53.321,80
2023-04-05 13:55:00-04:00,53.32,53.36,53.31,53.35,4768.0,53.344,39
2023-04-05 14:00:00-04:00,53.35,53.42,53.33,53.4,11366.0,53.374,80
2023-04-05 14:05:00-04:00,53.4,53.5,53.39,53.43,10307.0,53.46,70
2023-04-05 14:10:00-04:00,53.43,53.44,53.4,53.42,9688.0,53.422,75
2023-04-05 14:15:00-04:00,53.42,53.43,53.39,53.4,7046.0,53.417,61
2023-04-05 14:20:00-04:00,53.39,53.39,53.31,53.32,5646.0,53.345,50
2023-04-05 14:25:00-04:00,53.32,53.32,53.22,53.22,4957.0,53.266,42
2023-04-05 14:30:00-04:00,53.22,53.24,53.21,53.23,7738.0,53.228,62
2023-04-05 14:35:00-04:00,53.23,53.28,53.17,53.19,10429.0,53.235,92
2023-04-05 14:40:00-04:00,53.2,53.2,53.13,53.2,12495.0,53.168,103
2023-04-05 14:45:00-04:00,53.2,53.24,53.18,53.21,6172.0,53.212,49
2023-04-05 14:50:00-04:00,53.21,53.22,53.15,53.16,7431.0,53.193,61
2023-04-05 14:55:00-04:00,53.14,53.16,53.11,53.11,8394.0,53.135,67
2023-04-05 15:00:00-04:00,53.1,53.11,53.05,53.05,11308.0,53.08,79
2023-04-05 15:05:00-04:00,53.03,53.07,52.95,52.95,9207.0,53.017,81
2023-04-05 15:10:00-04:00,52.96,53.01,52.93,52.96,14974.0,52.971,126
2023-04-05 15:15:00-04:00,52.96,53.0,52.94,52.95,12805.0,52.969,106
2023-04-05 15:20:00-04:00,52.95,53.01,52.95,52.97,12861.0,52.989,110
2023-04-05 15:25:00-04:00,52.96,53.07,52.95,53.05,20680.0,52.991,166
2023-04-05 15:30:00-04:00,53.05,53.11,53.05,53.1,14224.0,53.085,120
2023-04-05 15:35:00-04:00,53.1,53.14,53.09,53.12,15351.0,53.109,127
2023-04-05 15:40:00-04:00,53.12,53.19,53.09,53.19,11868.0,53.15,88
2023-04-05 15:45:00-04:00,53.18,53.21,53.11,53.11,30427.0,53.166,247
2023-04-05 15:50:00-04:00,53.12,53.17,53.07,53.11,65186.0,53.114,468
2023-04-05 15:55:00-04:00,53.11,53.2,53.05,53.17,186428.0,53.122,977
2023-04-06 09:30:00-04:00,52.89,53.07,52.32,52.42,33431.0,52.705,136
2023-04-06 09:35:00-04:00,52.49,52.69,52.42,52.61,6319.0,52.555,57
2023-04-06 09:40:00-04:00,52.55,52.58,52.2,52.35,8556.0,52.412,70
2023-04-06 09:45:00-04:00,52.35,52.41,51.99,52.17,20788.0,52.153,158
2023-04-06 09:50:00-04:00,52.18,52.45,52.18,52.22,14682.0,52.337,122
2023-04-06 09:55:00-04:00,52.24,52.37,52.19,52.34,7417.0,52.277,68
2023-04-06 10:00:00-04:00,52.33,52.53,52.33,52.45,12011.0,52.433,99
2023-04-06 10:05:00-04:00,52.46,52.49,52.34,52.37,13737.0,52.415,107
2023-04-06 10:10:00-04:00,52.38,52.46,52.36,52.39,14923.0,52.404,115
2023-04-06 10:15:00-04:00,52.4,52.46,52.37,52.46,13054.0,52.419,102
2023-04-06 10:20:00-04:00,52.44,52.45,52.33,52.33,8511.0,52.396,74
2023-04-06 10:25:00-04:00,52.33,52.34,52.25,52.32,19838.0,52.292,126
2023-04-06 10:30:00-04:00,52.32,52.41,52.3,52.37,13807.0,52.354,97
2023-04-06 10:35:00-04:00,52.38,52.39,52.24,52.29,14716.0,52.3,99
2023-04-06 10:40:00-04:00,52.3,52.32,52.19,52.28,23608.0,52.242,178
2023-04-06 10:45:00-04:00,52.29,52.31,52.24,52.25,12986.0,52.271,105
2023-04-06 10:50:00-04:00,52.25,52.29,52.23,52.23,18901.0,52.255,149
2023-04-06 10:55:00-04:00,52.23,52.25,52.1,52.13,33387.0,52.185,257
2023-04-06 11:00:00-04:00,52.14,52.35,52.08,52.35,13133.0,52.188,111
2023-04-06 11:05:00-04:00,52.35,52.48,52.35,52.46,7645.0,52.421,65
2023-04-06 11:10:00-04:00,52.45,52.68,52.43,52.65,5175.0,52.551,43
2023-04-06 11:15:00-04:00,52.65,52.66,52.56,52.56,9190.0,52.618,78
2023-04-06 11:20:00-04:00,52.55,52.62,52.54,52.55,5675.0,52.58,51
2023-04-06 11:25:00-04:00,52.55,52.58,52.47,52.56,6912.0,52.521,53
2023-04-06 11:30:00-04:00,52.55,52.56,52.49,52.56,9135.0,52.534,75
2023-04-06 11:35:00-04:00,52.54,52.6,52.53,52.55,3663.0,52.564,31
2023-04-06 11:40:00-04:00,52.55,52.57,52.51,52.55,6594.0,52.55,58
2023-04-06 11:45:00-04:00,52.55,52.61,52.52,52.57,6189.0,52.562,57
2023-04-06 11:50:00-04:00,52.56,52.65,52.54,52.65,3768.0,52.597,33
2023-04-06 11:55:00-04:00,52.63,52.67,52.63,52.64,6042.0,52.647,49
2023-04-06 12:00:00-04:00,52.65,52.72,52.64,52.66,6617.0,52.672,55
2023-04-06 12:05:00-04:00,52.68,52.71,52.59,52.65,28128.0,52.616,155
2023-04-06 12:10:00-04:00,52.65,52.71,52.64,52.7,4388.0,52.679,41
2023-04-06 12:15:00-04:00,52.7,52.73,52.6,52.61,7775.0,52.659,72
2023-04-06 12:20:00-04:00,52.58,52.63,52.58,52.62,3725.0,52.609,29
2023-04-06 12:25:00-04:00,52.61,52.64,52.6,52.62,6176.0,52.619,53
2023-04-06 12:30:00-04:00,52.62,52.69,52.61,52.63,5864.0,52.645,49
2023-04-06 12:35:00-04:00,52.62,52.67,52.62,52.67,5054.0,52.644,46
2023-04-06 12:40:00-04:00,52.68,52.71,52.66,52.71,4466.0,52.683,41
2023-04-06 12:45:00-04:00,52.72,52.72,52.68,52.68,5136.0,52.701,48
2023-04-06 12:50:00-04:00,52.68,52.72,52.65,52.65,6549.0,52.675,54
2023-04-06 12:55:00-04:00,52.65,52.66,52.61,52.62,8010.0,52.629,47
2023-04-06 13:00:00-04:00,52.62,52.62,52.57,52.6,15186.0,52.596,117
2023-04-06 13:05:00-04:00,52.6,52.68,52.58,52.65,13549.0,52.599,68
2023-04-06 13:10:00-04:00,52.69,52.7,52.64,52.64,3427.0,52.674,33
2023-04-06 13:15:00-04:00,52.64,52.67,52.62,52.63,6485.0,52.638,55
2023-04-06 13:20:00-04:00,52.64,52.71,52.64,52.66,5875.0,52.677,49
2023-04-06 13:25:00-04:00,52.65,52.71,52.65,52.68,3518.0,52.677,31
2023-04-06 13:30:00-04:00,52.68,52.68,52.54,52.55,7159.0,52.612,62
2023-04-06 13:35:00-04:00,52.55,52.57,52.5,52.54,4314.0,52.535,39
2023-04-06 13:40:00-04:00,52.54,52.54,52.47,52.52,7124.0,52.51,53
2023-04-06 13:45:00-04:00,52.52,52.52,52.43,52.43,5564.0,52.468,46
2023-04-06 13:50:00-04:00,52.43,52.46,52.4,52.43,6300.0,52.424,56
2023-04-06 13:55:00-04:00,52.42,52.42,52.32,52.32,6765.0,52.377,50
2023-04-06 14:00:00-04:00,52.32,52.36,52.3,52.34,8330.0,52.332,65
2023-04-06 14:05:00-04:00,52.32,52.34,52.3,52.33,4917.0,52.32,39
2023-04-06 14:10:00-04:00,52.34,52.34,52.28,52.29,7571.0,52.304,64
2023-04-06 14:15:00-04:00,52.29,52.43,52.29,52.43,8706.0,52.351,67
2023-04-06 14:20:00-04:00,52.43,52.47,52.41,52.46,7172.0,52.435,55
2023-04-06 14:25:00-04:00,52.47,52.47,52.38,52.4,13104.0,52.408,113
2023-04-06 14:30:00-04:00,52.4,52.46,52.39,52.43,11193.0,52.415,85
2023-04-06 14:35:00-04:00,52.45,52.55,52.45,52.47,7747.0,52.501,67
2023-04-06 14:40:00-04:00,52.48,52.51,52.44,52.47,12820.0,52.476,99
2023-04-06 14:45:00-04:00,52.46,52.48,52.42,52.43,8240.0,52.453,71
2023-04-06 14:50:00-04:00,52.43,52.46,52.41,52.44,7474.0,52.439,69
2023-04-06 14:55:00-04:00,52.44,52.44,52.32,52.36,9843.0,52.375,81
2023-04-06 15:00:00-04:00,52.36,52.41,52.35,52.37,6268.0,52.38,60
2023-04-06 15:05:00-04:00,52.37,52.41,52.33,52.4,15307.0,52.367,122
2023-04-06 15:10:00-04:00,52.4,52.42,52.33,52.37,9568.0,52.372,87
2023-04-06 15:15:00-04:00,52.36,52.37,52.34,52.37,5661.0,52.353,45
2023-04-06 15:20:00-04:00,52.36,52.47,52.33,52.46,16238.0,52.396,125
2023-04-06 15:25:00-04:00,52.45,52.52,52.41,52.52,11695.0,52.452,96
2023-04-06 15:30:00-04:00,52.53,52.58,52.53,52.56,11261.0,52.556,90
2023-04-06 15:35:00-04:00,52.58,52.62,52.54,52.62,11131.0,52.581,90
2023-04-06 15:40:00-04:00,52.62,52.63,52.53,52.59,24624.0,52.579,197
2023-04-06 15:45:00-04:00,52.57,52.57,52.48,52.48,29977.0,52.522,235
2023-04-06 15:50:00-04:00,52.49,52.57,52.47,52.52,70992.0,52.518,501
2023-04-06 15:55:00-04:00,52.52,52.64,52.5,52.62,130431.0,52.569,783
2023-04-10 09:30:00-04:00,52.19,52.37,51.94,52.05,14949.0,52.124,57
2023-04-10 09:35:00-04:00,52.06,52.06,51.68,51.86,13493.0,51.834,82
2023-04-10 09:40:00-04:00,51.84,52.31,51.84,52.17,6469.0,52.08,36
2023-04-10 09:45:00-04:00,52.17,52.38,52.17,52.26,8740.0,52.273,70
2023-04-10 09:50:00-04:00,52.22,52.25,52.1,52.18,8495.0,52.16,54
2023-04-10 09:55:00-04:00,52.19,52.23,52.09,52.17,8414.0,52.133,32
2023-04-10 10:00:00-04:00,52.19,52.37,52.19,52.37,3112.0,52.289,28
2023-04-10 10:05:00-04:00,52.36,52.36,52.2,52.27,5853.0,52.26,53
2023-04-10 10:10:00-04:00,52.25,52.25,52.17,52.21,3847.0,52.214,37
2023-04-10 10:15:00-04:00,52.22,52.29,52.2,52.2,5595.0,52.251,42
2023-04-10 10:20:00-04:00,52.2,52.32,52.18,52.23,5670.0,52.247,47
2023-04-10 10:25:00-04:00,52.23,52.25,52.13,52.13,5087.0,52.201,45
2023-04-10 10:30:00-04:00,52.15,52.31,52.15,52.28,5537.0,52.271,45
2023-04-10 10:35:00-04:00,52.28,52.37,52.28,52.33,6099.0,52.322,54
2023-04-10 10:40:00-04:00,52.32,52.34,52.22,52.31,6260.0,52.281,57
2023-04-10 10:45:00-04:00,52.29,52.29,52.19,52.23,7526.0,52.245,59
2023-04-10 10:50:00-04:00,52.24,52.24,52.15,52.16,6271.0,52.192,55
2023-04-10 10:55:00-04:00,52.16,52.21,52.07,52.07,4491.0,52.16,37
2023-04-10 11:00:00-04:00,52.06,52.14,52.06,52.08,8831.0,52.1,74
2023-04-10 11:05:00-04:00,52.08,52.11,52.03,52.06,5884.0,52.077,46
2023-04-10 11:10:00-04:00,52.06,52.12,52.01,52.04,5182.0,52.066,48
2023-04-10 11:15:00-04:00,52.04,52.08,52.0,52.07,16556.0,52.019,123
2023-04-10 11:20:00-04:00,52.09,52.13,52.02,52.03,5174.0,52.089,46
2023-04-10 11:25:00-04:00,52.03,52.06,52.0,52.06,21357.0,52.012,111
2023-04-10 11:30:00-04:00,52.05,52.07,51.99,52.01,17725.0,52.008,131
2023-04-10 11:35:00-04:00,52.0,52.04,51.99,52.03,18586.0,52.004,143
2023-04-10 11:40:00-04:00,52.0,52.03,51.82,51.82,17912.0,51.968,136
2023-04-10 11:45:00-04:00,51.83,51.89,51.82,51.84,8551.0,51.849,72
2023-04-10 11:50:00-04:00,51.83,51.83,51.7,51.7,8396.0,51.75,67
2023-04-10 11:55:00-04:00,51.69,51.69,51.58,51.62,18680.0,51.611,77
2023-04-10 12:00:00-04:00,51.61,51.63,51.51,51.52,8997.0,51.586,70
2023-04-10 12:05:00-04:00,51.5,51.56,51.47,51.56,7500.0,51.503,57
2023-04-10 12:10:00-04:00,51.57,51.58,51.48,51.48,6097.0,51.533,57
2023-04-10 12:15:00-04:00,51.48,51.52,51.48,51.48,3193.0,51.503,29
2023-04-10 12:20:00-04:00,51.5,51.57,51.45,51.5,14926.0,51.515,101
2023-04-10 12:25:00-04:00,51.49,51.49,51.46,51.46,2393.0,51.468,21
2023-04-10 12:30:00-04:00,51.45,51.54,51.45,51.48,5136.0,51.503,46
2023-04-10 12:35:00-04:00,51.49,51.67,51.48,51.61,8647.0,51.567,71
2023-04-10 12:40:00-04:00,51.62,51.62,51.57,51.58,5065.0,51.593,45
2023-04-10 12:45:00-04:00,51.58,51.59,51.53,51.58,4370.0,51.56,31
2023-04-10 12:50:00-04:00,51.58,51.61,51.57,51.58,4390.0,51.593,30
2023-04-10 12:55:00-04:00,51.58,51.64,51.58,51.63,4992.0,51.601,40
2023-04-10 13:00:00-04:00,51.66,51.69,51.63,51.67,5173.0,51.65,47
2023-04-10 13:05:00-04:00,51.67,51.72,51.64,51.72,4616.0,51.668,39
2023-04-10 13:10:00-04:00,51.72,51.76,51.71,51.76,7121.0,51.73,57
2023-04-10 13:15:00-04:00,51.76,51.8,51.75,51.76,6696.0,51.77,57
2023-04-10 13:20:00-04:00,51.76,51.78,51.71,51.71,5447.0,51.751,44
2023-04-10 13:25:00-04:00,51.72,51.79,51.72,51.77,8478.0,51.751,54
2023-04-10 13:30:00-04:00,51.77,51.82,51.76,51.81,7097.0,51.791,52
2023-04-10 13:35:00-04:00,51.82,51.82,51.77,51.79,8425.0,51.793,58
2023-04-10 13:40:00-04:00,51.79,51.79,51.69,51.71,6962.0,51.726,49
2023-04-10 13:45:00-04:00,51.71,51.82,51.7,51.79,6975.0,51.763,59
2023-04-10 13:50:00-04:00,51.79,51.8,51.77,51.78,7210.0,51.783,60
2023-04-10 13:55:00-04:00,51.78,51.8,51.75,51.77,5393.0,51.771,48
2023-04-10 14:00:00-04:00,51.78,51.79,51.75,51.77,9242.0,51.772,78
2023-04-10 14:05:00-04:00,51.78,51.83,51.78,51.79,7032.0,51.805,56
2023-04-10 14:10:00-04:00,51.78,51.84,51.78,51.81,3884.0,51.813,33
2023-04-10 14:15:00-04:00,51.81,51.89,51.81,51.85,7338.0,51.856,63
2023-04-10 14:20:00-04:00,51.85,51.87,51.83,51.84,7150.0,51.846,55
2023-04-10 14:25:00-04:00,51.84,51.87,51.82,51.87,5567.0,51.837,38
2023-04-10 14:30:00-04:00,51.85,51.89,51.84,51.86,5843.0,51.867,42
2023-04-10 14:35:00-04:00,51.87,51.87,51.84,51.85,9618.0,51.854,75
2023-04-10 14:40:00-04:00,51.84,51.84,51.79,51.8,7601.0,51.817,59
2023-04-10 14:45:00-04:00,51.8,51.82,51.79,51.82,5044.0,51.806,46
2023-04-10 14:50:00-04:00,51.83,51.87,51.83,51.84,7124.0,51.852,59
2023-04-10 14:55:00-04:00,51.85,51.89,51.83,51.87,6746.0,51.859,53
2023-04-10 15:00:00-04:00,51.87,51.93,51.85,51.92,7670.0,51.895,69
2023-04-10 15:05:00-04:00,51.92,52.0,51.92,52.0,6182.0,51.966,54
2023-04-10 15:10:00-04:00,52.01,52.02,51.93,51.93,15481.0,51.974,122
2023-04-10 15:15:00-04:00,51.94,51.96,51.9,51.92,7837.0,51.932,70
2023-04-10 15:20:00-04:00,51.93,51.98,51.9,51.94,7166.0,51.935,65
2023-04-10 15:25:00-04:00,51.94,52.05,51.92,52.03,14549.0,51.968,112
2023-04-10 15:30:00-04:00,52.04,52.05,51.97,51.97,16319.0,52.012,125
2023-04-10 15:35:00-04:00,51.97,52.01,51.94,51.98,16963.0,51.981,128
2023-04-10 15:40:00-04:00,51.98,52.02,51.93,51.99,16197.0,51.973,132
2023-04-10 15:45:00-04:00,51.99,52.01,51.94,51.97,26066.0,51.981,226
2023-04-10 15:50:00-04:00,51.98,52.05,51.96,51.99,44571.0,52.007,341
2023-04-10 15:55:00-04:00,51.98,52.05,51.94,52.04,107774.0,51.997,698
2023-04-11 09:30:00-04:00,52.34,52.34,51.92,52.15,23384.0,52.209,88
2023-04-11 09:35:00-04:00,52.21,52.22,52.13,52.17,18998.0,52.187,120
2023-04-11 09:40:00-04:00,52.2,52.33,52.04,52.33,27151.0,52.207,231
2023-04-11 09:45:00-04:00,52.35,52.66,52.29,52.64,14505.0,52.499,75
2023-04-11 09:50:00-04:00,52.69,52.8,52.65,52.65,5656.0,52.725,47
2023-04-11 09:55:00-04:00,52.67,52.68,52.48,52.48,4668.0,52.57,39
2023-04-11 10:00:00-04:00,52.5,52.5,52.35,52.48,7276.0,52.408,50
2023-04-11 10:05:00-04:00,52.49,52.68,52.46,52.68,4065.0,52.585,27
2023-04-11 10:10:00-04:00,52.7,52.71,52.59,52.66,4471.0,52.67,35
2023-04-11 10:15:00-04:00,52.69,52.69,52.61,52.66,4013.0,52.645,35
2023-04-11 10:20:00-04:00,52.63,52.68,52.55,52.68,7384.0,52.59,37
2023-04-11 10:25:00-04:00,52.71,52.71,52.62,52.64,3707.0,52.676,30
2023-04-11 10:30:00-04:00,52.65,52.67,52.56,52.57,4471.0,52.61,40
2023-04-11 10:35:00-04:00,52.55,52.61,52.53,52.61,5512.0,52.575,42
2023-04-11 10:40:00-04:00,52.59,52.59,52.53,52.58,5546.0,52.559,50
2023-04-11 10:45:00-04:00,52.56,52.62,52.51,52.62,4860.0,52.544,43
2023-04-11 10:50:00-04:00,52.66,52.67,52.63,52.63,6336.0,52.649,49
2023-04-11 10:55:00-04:00,52.62,52.65,52.6,52.6,2718.0,52.62,24
2023-04-12 09:30:00-04:00,52.7,52.75,52.31,52.31,25930.0,52.6,81
2023-04-12 09:35:00-04:00,52.24,52.37,52.12,52.13,19481.0,52.248,112
2023-04-12 09:40:00-04:00,52.11,52.12,51.82,51.9,19678.0,51.939,151
2023-04-12 09:45:00-04:00,51.89,52.04,51.86,51.86,13530.0,51.948,110
2023-04-12 09:50:00-04:00,51.85,51.85,51.65,51.72,11819.0,51.75,95
2023-04-12 09:55:00-04:00,51.73,51.77,51.51,51.61,9414.0,51.621,84
2023-04-12 10:00:00-04:00,51.6,51.71,51.56,51.69,9401.0,51.643,85
2023-04-12 10:05:00-04:00,51.66,51.66,51.57,51.61,7526.0,51.616,71
2023-04-12 10:10:00-04:00,51.61,51.68,51.56,51.57,7330.0,51.622,66
2023-04-12 10:15:00-04:00,51.57,51.66,51.53,51.54,13443.0,51.588,103
2023-04-12 10:20:00-04:00,51.56,51.69,51.56,51.63,9260.0,51.637,86
2023-04-12 10:25:00-04:00,51.62,51.81,51.53,51.79,21883.0,51.745,100
2023-04-12 10:30:00-04:00,51.8,51.83,51.71,51.77,22108.0,51.766,142
2023-04-12 10:35:00-04:00,51.79,51.96,51.73,51.84,17839.0,51.818,145
2023-04-12 10:40:00-04:00,51.83,51.96,51.81,51.83,20305.0,51.87,138
2023-04-12 10:45:00-04:00,51.82,51.88,51.78,51.84,31265.0,51.84,206
2023-04-12 10:50:00-04:00,51.82,51.88,51.72,51.72,36609.0,51.805,212
2023-04-12 10:55:00-04:00,51.68,51.7,51.54,51.55,24342.0,51.648,116
2023-04-12 11:00:00-04:00,51.6,51.66,51.44,51.48,7144.0,51.538,57
2023-04-12 11:05:00-04:00,51.43,51.45,51.28,51.36,8772.0,51.349,75
2023-04-12 11:10:00-04:00,51.36,51.36,51.24,51.36,11824.0,51.276,88
2023-04-12 11:15:00-04:00,51.35,51.4,51.29,51.38,8001.0,51.367,74
2023-04-12 11:20:00-04:00,51.39,51.47,51.39,51.47,11264.0,51.424,89
2023-04-12 11:25:00-04:00,51.46,51.62,51.46,51.62,8274.0,51.548,57
2023-04-12 11:30:00-04:00,51.62,51.64,51.58,51.62,9216.0,51.608,73
2023-04-12 11:35:00-04:00,51.64,51.66,51.57,51.61,7310.0,51.606,69
2023-04-12 11:40:00-04:00,51.61,51.65,51.58,51.65,7552.0,51.61,61
2023-04-12 11:45:00-04:00,51.64,51.72,51.64,51.72,7616.0,51.671,53
2023-04-12 11:50:00-04:00,51.71,51.73,51.62,51.62,4066.0,51.679,40
2023-04-12 11:55:00-04:00,51.63,51.72,51.63,51.7,6395.0,51.671,51
2023-04-12 12:00:00-04:00,51.72,51.77,51.69,51.75,6321.0,51.74,51
2023-04-12 12:05:00-04:00,51.75,51.87,51.75,51.75,27924.0,51.819,135
2023-04-12 12:10:00-04:00,51.73,51.8,51.7,51.72,6613.0,51.742,37
2023-04-12 12:15:00-04:00,51.74,51.74,51.57,51.61,3615.0,51.635,32
2023-04-12 12:20:00-04:00,51.59,51.6,51.53,51.54,8628.0,51.569,61
2023-04-12 12:25:00-04:00,51.55,51.61,51.52,51.52,10345.0,51.566,69
2023-04-12 12:30:00-04:00,51.5,51.57,51.5,51.54,4115.0,51.536,32
2023-04-12 12:35:00-04:00,51.52,51.52,51.4,51.42,7043.0,51.467,58
2023-04-12 12:40:00-04:00,51.42,51.42,51.37,51.39,4356.0,51.39,32
2023-04-12 12:45:00-04:00,51.37,51.42,51.33,51.36,4606.0,51.372,41
2023-04-12 12:50:00-04:00,51.36,51.41,51.32,51.41,6738.0,51.367,60
2023-04-12 12:55:00-04:00,51.42,51.44,51.37,51.38,2923.0,51.398,26
2023-04-12 13:00:00-04:00,51.39,51.41,51.33,51.41,7111.0,51.379,53
2023-04-12 13:05:00-04:00,51.42,51.57,51.41,51.54,4490.0,51.465,29
2023-04-12 13:10:00-04:00,51.56,51.61,51.55,51.61,3961.0,51.578,31
2023-04-12 13:15:00-04:00,51.61,51.62,51.55,51.6,5570.0,51.583,45
2023-04-12 13:20:00-04:00,51.61,51.67,51.61,51.67,5002.0,51.642,30
2023-04-12 13:25:00-04:00,51.67,51.71,51.67,51.68,5324.0,51.693,36
2023-04-12 13:30:00-04:00,51.69,51.72,51.68,51.69,3802.0,51.697,32
2023-04-12 13:35:00-04:00,51.69,51.72,51.64,51.66,7541.0,51.685,43
2023-04-12 13:40:00-04:00,51.67,51.69,51.64,51.64,3913.0,51.666,26
2023-04-12 13:45:00-04:00,51.62,51.65,51.58,51.62,5308.0,51.625,42
2023-04-12 13:50:00-04:00,51.63,51.65,51.61,51.65,4201.0,51.635,29
2023-04-12 13:55:00-04:00,51.63,51.71,51.61,51.68,8823.0,51.658,40
2023-04-12 14:00:00-04:00,51.67,51.71,51.61,51.67,9433.0,51.67,77
2023-04-12 14:05:00-04:00,51.66,51.81,51.66,51.72,12394.0,51.73,77
2023-04-12 14:10:00-04:00,51.69,51.92,51.69,51.88,27521.0,51.874,158
2023-04-12 14:15:00-04:00,51.88,51.88,51.73,51.73,7360.0,51.801,60
2023-04-12 14:20:00-04:00,51.75,51.76,51.66,51.68,8475.0,51.71,52
2023-04-12 14:25:00-04:00,51.68,51.69,51.44,51.46,33823.0,51.509,139
2023-04-12 14:30:00-04:00,51.46,51.49,51.41,51.46,11763.0,51.445,82
2023-04-12 14:35:00-04:00,51.46,51.47,51.4,51.4,12740.0,51.439,96
2023-04-12 14:40:00-04:00,51.4,51.41,51.35,51.4,14318.0,51.388,113
2023-04-12 14:45:00-04:00,51.41,51.42,51.22,51.22,11926.0,51.315,85
2023-04-12 14:50:00-04:00,51.24,51.24,51.15,51.19,6742.0,51.194,53
2023-04-12 14:55:00-04:00,51.17,51.24,51.15,51.16,6639.0,51.181,60
2023-04-12 15:00:00-04:00,51.15,51.23,51.1,51.1,9297.0,51.182,86
2023-04-12 15:05:00-04:00,51.12,51.14,51.08,51.09,8569.0,51.112,64
2023-04-12 15:10:00-04:00,51.09,51.09,50.96,50.97,12629.0,50.999,88
2023-04-12 15:15:00-04:00,50.97,50.97,50.88,50.9,21801.0,50.91,98
2023-04-12 15:20:00-04:00,50.9,50.95,50.85,50.86,21507.0,50.911,122
2023-04-12 15:25:00-04:00,50.86,50.9,50.82,50.83,14055.0,50.849,115
2023-04-12 15:30:00-04:00,50.83,50.91,50.79,50.8,13057.0,50.862,113
2023-04-12 15:35:00-04:00,50.78,50.85,50.76,50.82,13944.0,50.798,110
2023-04-12 15:40:00-04:00,50.81,50.82,50.72,50.74,21026.0,50.76,158
2023-04-12 15:45:00-04:00,50.73,50.8,50.65,50.66,30796.0,50.735,225
2023-04-12 15:50:00-04:00,50.65,50.71,50.62,50.63,51225.0,50.655,402
2023-04-12 15:55:00-04:00,50.63,50.81,50.56,50.78,144256.0,50.698,890
2023-04-13 09:30:00-04:00,50.86,51.01,50.86,50.95,11808.0,50.883,21
2023-04-13 09:35:00-04:00,50.91,50.98,50.82,50.9,7885.0,50.903,39
2023-04-13 09:40:00-04:00,50.9,51.05,50.89,51.03,8780.0,50.976,69
2023-04-13 09:45:00-04:00,50.98,51.09,50.96,51.07,1801.0,51.014,18
2023-04-13 09:50:00-04:00,51.15,51.18,51.07,51.13,5811.0,51.124,46
2023-04-13 09:55:00-04:00,51.18,51.28,51.1,51.17,7639.0,51.198,58
2023-04-13 10:00:00-04:00,51.19,51.25,51.16,51.19,10278.0,51.22,78
2023-04-13 10:05:00-04:00,51.2,51.26,51.2,51.23,9305.0,51.238,79
2023-04-13 10:10:00-04:00,51.23,51.37,51.19,51.36,12829.0,51.261,103
2023-04-13 10:15:00-04:00,51.37,51.51,51.37,51.43,13189.0,51.452,99
2023-04-13 10:20:00-04:00,51.4,51.42,51.31,51.31,10154.0,51.352,88
2023-04-13 10:25:00-04:00,51.32,51.46,51.32,51.44,17132.0,51.397,146
2023-04-13 10:30:00-04:00,51.45,51.5,51.3,51.35,12249.0,51.384,96
2023-04-13 10:35:00-04:00,51.35,51.35,51.24,51.33,11444.0,51.296,92
2023-04-13 10:40:00-04:00,51.31,51.33,51.21,51.28,5862.0,51.267,51
2023-04-13 10:45:00-04:00,51.27,51.3,51.2,51.26,5037.0,51.247,41
2023-04-13 10:50:00-04:00,51.24,51.28,51.21,51.23,9134.0,51.249,82
2023-04-13 10:55:00-04:00,51.21,51.25,51.14,51.14,8966.0,51.203,60
2023-04-13 11:00:00-04:00,51.14,51.21,51.11,51.14,6160.0,51.154,58
2023-04-13 11:05:00-04:00,51.15,51.16,51.06,51.09,7257.0,51.122,59
2023-04-13 11:10:00-04:00,51.09,51.14,51.07,51.09,9421.0,51.105,64
2023-04-13 11:15:00-04:00,51.08,51.12,51.07,51.11,6414.0,51.099,44
2023-04-13 11:20:00-04:00,51.11,51.14,51.05,51.12,9043.0,51.094,72
2023-04-13 11:25:00-04:00,51.15,51.26,51.15,51.26,5099.0,51.204,44
2023-04-13 11:30:00-04:00,51.25,51.37,51.25,51.35,5342.0,51.33,48
2023-04-13 11:35:00-04:00,51.35,51.42,51.32,51.38,10162.0,51.36,67
2023-04-13 11:40:00-04:00,51.39,51.46,51.38,51.46,4000.0,51.421,38
2023-04-13 11:45:00-04:00,51.47,51.49,51.4,51.46,10797.0,51.451,92
2023-04-13 11:50:00-04:00,51.44,51.51,51.41,51.42,7888.0,51.467,65
2023-04-13 11:55:00-04:00,51.44,51.52,51.43,51.5,5338.0,51.483,48
2023-04-13 12:00:00-04:00,51.5,51.51,51.48,51.49,7225.0,51.496,60
2023-04-13 12:05:00-04:00,51.48,51.52,51.46,51.46,9579.0,51.498,88
2023-04-13 12:10:00-04:00,51.45,51.47,51.41,51.41,3993.0,51.435,34
2023-04-13 12:15:00-04:00,51.4,51.47,51.4,51.41,4976.0,51.429,40
2023-04-13 12:20:00-04:00,51.41,51.48,51.4,51.46,4072.0,51.429,36
2023-04-13 12:25:00-04:00,51.47,51.49,51.46,51.49,4100.0,51.477,33
2023-04-13 12:30:00-04:00,51.5,51.51,51.46,51.49,6357.0,51.49,52
2023-04-13 12:35:00-04:00,51.49,51.5,51.46,51.46,4518.0,51.475,38
2023-04-13 12:40:00-04:00,51.46,51.51,51.45,51.49,4350.0,51.482,38
2023-04-13 12:45:00-04:00,51.5,51.52,51.48,51.52,6766.0,51.499,62
2023-04-13 12:50:00-04:00,51.52,51.52,51.48,51.48,5855.0,51.497,45
2023-04-13 12:55:00-04:00,51.48,51.54,51.48,51.54,4752.0,51.509,47
2023-04-13 13:00:00-04:00,51.54,51.56,51.47,51.52,6781.0,51.513,59
2023-04-13 13:05:00-04:00,51.53,51.63,51.53,51.63,3402.0,51.604,29
2023-04-13 13:10:00-04:00,51.65,51.7,51.64,51.64,8276.0,51.668,68
2023-04-13 13:15:00-04:00,51.64,51.74,51.62,51.69,18046.0,51.689,87
2023-04-13 13:20:00-04:00,51.7,51.78,51.7,51.75,4054.0,51.749,36
2023-04-13 13:25:00-04:00,51.76,51.81,51.76,51.8,3700.0,51.779,29
2023-04-13 13:30:00-04:00,51.8,51.81,51.71,51.76,9687.0,51.761,83
2023-04-13 13:35:00-04:00,51.75,51.79,51.72,51.75,9511.0,51.761,71
2023-04-13 13:40:00-04:00,51.76,51.79,51.74,51.76,6412.0,51.766,60
2023-04-13 13:45:00-04:00,51.77,51.79,51.76,51.77,6113.0,51.776,53
2023-04-13 13:50:00-04:00,51.77,51.84,51.76,51.84,3300.0,51.787,33
2023-04-13 13:55:00-04:00,51.84,51.86,51.76,51.78,11599.0,51.809,89
2023-04-13 14:00:00-04:00,51.78,51.78,51.71,51.75,8513.0,51.743,74
2023-04-13 14:05:00-04:00,51.76,51.81,51.75,51.81,4234.0,51.78,38
2023-04-13 14:10:00-04:00,51.81,51.83,51.78,51.81,6461.0,51.808,54
2023-04-13 14:15:00-04:00,51.82,51.86,51.8,51.82,8258.0,51.828,65
2023-04-13 14:20:00-04:00,51.82,51.84,51.8,51.81,7453.0,51.817,56
2023-04-13 14:25:00-04:00,51.81,51.85,51.8,51.84,4579.0,51.822,41
2023-04-13 14:30:00-04:00,51.84,51.85,51.82,51.82,8506.0,51.833,72
2023-04-13 14:35:00-04:00,51.82,51.85,51.81,51.84,6819.0,51.832,51
2023-04-13 14:40:00-04:00,51.83,51.89,51.82,51.88,9970.0,51.861,68
2023-04-13 14:45:00-04:00,51.88,51.94,51.86,51.94,5425.0,51.893,42
2023-04-13 14:50:00-04:00,51.94,51.95,51.91,51.95,10221.0,51.928,75
2023-04-13 14:55:00-04:00,51.96,51.99,51.94,51.97,11094.0,51.973,72
2023-04-13 15:00:00-04:00,51.97,51.99,51.95,51.99,5546.0,51.971,43
2023-04-13 15:05:00-04:00,51.98,51.99,51.9,51.9,13460.0,51.942,96
2023-04-13 15:10:00-04:00,51.9,51.92,51.84,51.85,10643.0,51.872,91
2023-04-13 15:15:00-04:00,51.84,51.88,51.8,51.85,12424.0,51.827,92
2023-04-13 15:20:00-04:00,51.84,51.88,51.79,51.85,10925.0,51.846,83
2023-04-13 15:25:00-04:00,51.85,51.88,51.8,51.84,14299.0,51.853,95
2023-04-13 15:30:00-04:00,51.83,51.84,51.79,51.8,16458.0,51.811,131
2023-04-13 15:35:00-04:00,51.8,51.85,51.79,51.83,18701.0,51.828,145
2023-04-13 15:40:00-04:00,51.84,51.91,51.82,51.91,20368.0,51.859,149
2023-04-13 15:45:00-04:00,51.9,51.91,51.78,51.82,35472.0,51.854,299
2023-04-13 15:50:00-04:00,51.81,51.86,51.8,51.83,38148.0,51.829,293
2023-04-13 15:55:00-04:00,51.81,51.86,51.75,51.77,98021.0,51.804,652
2023-04-14 09:30:00-04:00,51.46,51.46,51.14,51.15,14086.0,51.427,21
2023-04-14 09:35:00-04:00,51.27,51.33,51.03,51.21,7687.0,51.185,67
2023-04-14 09:40:00-04:00,51.14,51.23,51.07,51.21,7677.0,51.153,67
2023-04-14 09:45:00-04:00,51.22,51.41,51.22,51.35,9744.0,51.309,75
2023-04-14 09:50:00-04:00,51.35,51.38,51.31,51.31,9277.0,51.343,79
2023-04-14 09:55:00-04:00,51.31,51.4,51.28,51.4,5900.0,51.338,53
2023-04-14 10:00:00-04:00,51.35,51.43,51.22,51.34,27878.0,51.343,181
2023-04-14 10:05:00-04:00,51.36,51.36,51.16,51.18,24574.0,51.263,199
2023-04-14 10:10:00-04:00,51.19,51.25,51.1,51.14,15922.0,51.155,125
2023-04-14 10:15:00-04:00,51.14,51.17,51.0,51.01,20506.0,51.073,156
2023-04-14 10:20:00-04:00,51.01,51.05,50.92,50.93,5427.0,50.99,40
2023-04-14 10:25:00-04:00,50.96,51.01,50.95,50.98,11981.0,50.985,88
2023-04-14 10:30:00-04:00,50.99,51.0,50.9,50.91,3036.0,50.952,24
2023-04-14 10:35:00-04:00,50.89,50.96,50.87,50.94,4235.0,50.906,33
2023-04-14 10:40:00-04:00,50.99,50.99,50.85,50.91,3510.0,50.912,32
2023-04-14 10:45:00-04:00,50.93,50.93,50.83,50.88,7975.0,50.874,51
2023-04-14 10:50:00-04:00,50.87,50.91,50.82,50.82,4635.0,50.879,36
2023-04-14 10:55:00-04:00,50.8,50.85,50.79,50.8,5431.0,50.822,23
2023-04-14 11:00:00-04:00,50.82,50.83,50.76,50.77,2559.0,50.804,20
2023-04-14 11:05:00-04:00,50.76,50.82,50.73,50.76,8235.0,50.783,48
2023-04-14 11:10:00-04:00,50.76,50.84,50.75,50.79,5270.0,50.792,46
2023-04-14 11:15:00-04:00,50.81,50.82,50.75,50.8,7185.0,50.79,65
2023-04-14 11:20:00-04:00,50.84,50.84,50.73,50.75,14715.0,50.773,78
2023-04-14 11:25:00-04:00,50.73,50.75,50.68,50.75,1900.0,50.718,19
2023-04-14 11:30:00-04:00,50.73,50.76,50.68,50.75,7244.0,50.713,58
2023-04-14 11:35:00-04:00,50.77,50.79,50.7,50.7,6099.0,50.751,50
2023-04-14 11:40:00-04:00,50.69,50.7,50.48,50.53,24240.0,50.586,134
2023-04-14 11:45:00-04:00,50.51,50.53,50.42,50.43,8267.0,50.499,69
2023-04-14 11:50:00-04:00,50.43,50.53,50.43,50.51,5016.0,50.462,48
2023-04-14 11:55:00-04:00,50.53,50.55,50.5,50.53,9711.0,50.518,85
2023-04-14 12:00:00-04:00,50.53,50.53,50.46,50.47,10489.0,50.491,93
2023-04-14 12:05:00-04:00,50.47,50.49,50.35,50.41,10685.0,50.418,81
2023-04-14 12:10:00-04:00,50.41,50.42,50.38,50.41,7223.0,50.402,51
2023-04-14 12:15:00-04:00,50.41,50.43,50.39,50.41,6609.0,50.411,57
2023-04-14 12:20:00-04:00,50.4,50.42,50.37,50.39,11524.0,50.4,82
2023-04-14 12:25:00-04:00,50.41,50.45,50.35,50.36,12962.0,50.426,110
2023-04-14 12:30:00-04:00,50.36,50.37,50.28,50.3,17096.0,50.326,105
2023-04-14 12:35:00-04:00,50.31,50.35,50.24,50.26,6799.0,50.295,60
2023-04-14 12:40:00-04:00,50.26,50.27,50.2,50.2,5923.0,50.225,44
2023-04-14 12:45:00-04:00,50.16,50.16,50.1,50.13,6962.0,50.134,66
2023-04-14 12:50:00-04:00,50.13,50.14,50.08,50.09,4874.0,50.121,43
2023-04-14 12:55:00-04:00,50.09,50.11,50.07,50.07,4542.0,50.082,38
2023-04-14 13:00:00-04:00,50.07,50.16,50.07,50.16,5375.0,50.12,47
2023-04-14 13:05:00-04:00,50.17,50.19,50.12,50.14,8793.0,50.161,66
2023-04-14 13:10:00-04:00,50.16,50.21,50.15,50.15,15282.0,50.182,70
2023-04-14 13:15:00-04:00,50.13,50.35,50.13,50.3,34827.0,50.244,137
2023-04-14 13:20:00-04:00,50.31,50.34,50.31,50.33,7552.0,50.323,67
2023-04-14 13:25:00-04:00,50.34,50.37,50.24,50.25,8807.0,50.3,75
2023-04-14 13:30:00-04:00,50.24,50.24,50.1,50.13,13448.0,50.146,113
2023-04-14 13:35:00-04:00,50.12,50.12,50.01,50.05,10217.0,50.063,83
2023-04-14 13:40:00-04:00,50.06,50.14,50.05,50.05,12016.0,50.098,97
2023-04-14 13:45:00-04:00,50.07,50.07,50.03,50.03,11380.0,50.052,98
2023-04-14 13:50:00-04:00,50.05,50.06,50.02,50.05,6050.0,50.041,60
2023-04-14 13:55:00-04:00,50.07,50.14,50.07,50.09,5422.0,50.103,43
2023-04-14 14:00:00-04:00,50.09,50.13,50.03,50.04,5321.0,50.085,39
2023-04-14 14:05:00-04:00,50.05,50.24,50.03,50.21,50721.0,50.097,87
2023-04-14 14:10:00-04:00,50.22,50.22,50.09,50.13,18120.0,50.13,115
2023-04-14 14:15:00-04:00,50.13,50.16,50.1,50.1,20339.0,50.123,124
2023-04-14 14:20:00-04:00,50.1,50.13,50.09,50.11,13742.0,50.111,95
2023-04-14 14:25:00-04:00,50.12,50.15,50.09,50.14,8337.0,50.122,67
2023-04-14 14:30:00-04:00,50.14,50.19,50.12,50.14,13443.0,50.148,88
2023-04-14 14:35:00-04:00,50.15,50.17,50.09,50.09,16419.0,50.136,124
2023-04-14 14:40:00-04:00,50.09,50.1,50.02,50.09,6536.0,50.053,57
2023-04-14 14:45:00-04:00,50.09,50.09,50.03,50.07,7267.0,50.059,60
2023-04-14 14:50:00-04:00,50.07,50.08,49.99,50.01,23141.0,50.02,107
2023-04-14 14:55:00-04:00,50.0,50.05,50.0,50.03,12024.0,50.022,86
2023-04-14 15:00:00-04:00,50.03,50.05,50.01,50.04,8727.0,50.031,69
2023-04-14 15:05:00-04:00,50.04,50.05,50.0,50.04,12169.0,50.029,71
2023-04-14 15:10:00-04:00,50.05,50.07,50.02,50.04,10219.0,50.044,87
2023-04-14 15:15:00-04:00,50.04,50.04,49.94,50.0,14352.0,49.983,119
2023-04-14 15:20:00-04:00,50.0,50.04,49.95,50.02,11117.0,49.997,96
2023-04-14 15:25:00-04:00,50.02,50.09,50.02,50.02,12133.0,50.062,109
2023-04-14 15:30:00-04:00,50.04,50.04,49.98,50.0,17268.0,50.005,129
2023-04-14 15:35:00-04:00,50.0,50.03,49.98,50.03,13819.0,50.008,123
2023-04-14 15:40:00-04:00,50.03,50.11,50.01,50.09,18064.0,50.057,164
2023-04-14 15:45:00-04:00,50.09,50.11,50.02,50.07,42178.0,50.059,324
2023-04-14 15:50:00-04:00,50.05,50.06,49.98,50.0,48629.0,50.008,406
2023-04-14 15:55:00-04:00,50.01,50.06,50.0,50.03,114339.0,50.032,778
2023-04-17 09:30:00-04:00,50.25,50.5,50.1,50.1,16141.0,50.239,35
2023-04-17 09:35:00-04:00,50.11,50.14,50.0,50.11,24019.0,50.036,194
2023-04-17 09:40:00-04:00,50.11,50.23,50.09,50.17,20623.0,50.161,174
2023-04-17 09:45:00-04:00,50.22,50.27,50.11,50.17,15171.0,50.189,106
2023-04-17 09:50:00-04:00,50.15,50.24,50.13,50.2,11330.0,50.194,103
2023-04-17 09:55:00-04:00,50.2,50.22,50.12,50.15,8772.0,50.175,77
2023-04-17 10:00:00-04:00,50.17,50.29,50.13,50.28,9445.0,50.188,78
2023-04-17 10:05:00-04:00,50.28,50.39,50.28,50.39,26423.0,50.308,207
2023-04-17 10:10:00-04:00,50.41,50.42,50.21,50.23,19323.0,50.302,160
2023-04-17 10:15:00-04:00,50.26,50.26,50.15,50.15,15135.0,50.197,120
2023-04-17 10:20:00-04:00,50.16,50.22,50.13,50.16,9452.0,50.175,80
2023-04-17 10:25:00-04:00,50.16,50.22,50.14,50.16,13619.0,50.168,100
2023-04-17 10:30:00-04:00,50.16,50.19,50.09,50.13,15067.0,50.145,124
2023-04-17 10:35:00-04:00,50.11,50.13,49.93,49.94,15033.0,50.063,110
2023-04-17 10:40:00-04:00,50.01,50.02,49.85,49.89,13582.0,49.916,96
2023-04-17 10:45:00-04:00,49.86,49.87,49.7,49.75,46882.0,49.783,291
2023-04-17 10:50:00-04:00,49.77,49.82,49.72,49.76,30731.0,49.779,209
2023-04-17 10:55:00-04:00,49.75,50.01,49.72,49.98,22874.0,49.896,103
2023-04-17 11:00:00-04:00,50.0,50.04,49.96,50.01,7638.0,50.0,57
2023-04-17 11:05:00-04:00,50.01,50.04,49.98,50.0,13717.0,50.008,87
2023-04-17 11:10:00-04:00,50.0,50.02,49.95,50.0,8749.0,49.976,51
2023-04-17 11:15:00-04:00,50.0,50.04,49.97,50.0,8566.0,50.003,63
2023-04-17 11:20:00-04:00,49.99,50.15,49.93,50.15,32796.0,50.021,135
2023-04-17 11:25:00-04:00,50.18,50.35,50.18,50.22,12421.0,50.271,62
2023-04-17 11:30:00-04:00,50.2,50.3,50.16,50.19,7774.0,50.213,63
2023-04-17 11:35:00-04:00,50.16,50.17,50.12,50.17,6723.0,50.15,64
2023-04-17 11:40:00-04:00,50.17,50.2,50.1,50.13,25407.0,50.148,99
2023-04-17 11:45:00-04:00,50.12,50.12,50.03,50.08,5006.0,50.071,46
2023-04-17 11:50:00-04:00,50.07,50.08,50.03,50.07,9167.0,50.056,71
2023-04-17 11:55:00-04:00,50.08,50.2,50.05,50.2,5573.0,50.088,46
2023-04-17 12:00:00-04:00,50.23,50.39,50.18,50.33,7790.0,50.287,54
2023-04-17 12:05:00-04:00,50.32,50.36,50.31,50.34,4282.0,50.326,32
2023-04-17 12:10:00-04:00,50.34,50.35,50.3,50.31,5561.0,50.318,46
2023-04-17 12:15:00-04:00,50.33,50.37,50.32,50.36,7248.0,50.346,54
2023-04-17 12:20:00-04:00,50.34,50.4,50.3,50.39,5165.0,50.346,40
2023-04-17 12:25:00-04:00,50.42,50.53,50.42,50.52,8841.0,50.462,47
2023-04-17 12:30:00-04:00,50.53,50.55,50.51,50.54,3429.0,50.53,30
2023-04-17 12:35:00-04:00,50.56,50.7,50.56,50.66,9904.0,50.614,44
2023-04-17 12:40:00-04:00,50.67,50.69,50.63,50.64,5438.0,50.655,45
2023-04-17 12:45:00-04:00,50.65,50.67,50.62,50.64,2836.0,50.642,26
2023-04-17 12:50:00-04:00,50.64,50.69,50.63,50.64,11063.0,50.657,67
2023-04-17 12:55:00-04:00,50.64,50.64,50.5,50.56,8289.0,50.57,50
2023-04-17 13:00:00-04:00,50.55,50.62,50.5,50.52,16695.0,50.546,103
2023-04-17 13:05:00-04:00,50.54,50.58,50.44,50.47,14158.0,50.511,107
2023-04-17 13:10:00-04:00,50.48,50.5,50.45,50.5,12581.0,50.483,90
2023-04-17 13:15:00-04:00,50.5,50.59,50.49,50.58,36258.0,50.522,96
2023-04-17 13:20:00-04:00,50.57,50.69,50.56,50.67,3452.0,50.614,30
2023-04-17 13:25:00-04:00,50.67,50.67,50.59,50.6,8730.0,50.621,65
2023-04-17 13:30:00-04:00,50.59,50.65,50.56,50.63,8797.0,50.609,64
2023-04-17 13:35:00-04:00,50.62,50.66,50.57,50.58,11968.0,50.62,72
2023-04-17 13:40:00-04:00,50.57,50.58,50.51,50.52,4531.0,50.534,42
2023-04-17 13:45:00-04:00,50.52,50.54,50.5,50.54,5864.0,50.517,50
2023-04-17 13:50:00-04:00,50.53,50.54,50.49,50.53,6838.0,50.518,58
2023-04-17 13:55:00-04:00,50.51,50.51,50.43,50.44,8102.0,50.457,63
2023-04-17 14:00:00-04:00,50.45,50.47,50.41,50.47,5554.0,50.432,50
2023-04-17 14:05:00-04:00,50.46,50.5,50.43,50.48,6835.0,50.451,51
2023-04-17 14:10:00-04:00,50.47,50.51,50.45,50.51,6194.0,50.471,47
2023-04-17 14:15:00-04:00,50.5,50.59,50.5,50.59,6702.0,50.535,54
2023-04-17 14:20:00-04:00,50.6,50.68,50.59,50.66,1994.0,50.637,16
2023-04-17 14:25:00-04:00,50.68,50.71,50.63,50.66,10184.0,50.663,85
2023-04-17 14:30:00-04:00,50.71,50.78,50.7,50.76,9727.0,50.756,53
2023-04-17 14:35:00-04:00,50.75,50.83,50.75,50.79,10543.0,50.8,66
2023-04-17 14:40:00-04:00,50.8,50.91,50.77,50.88,7749.0,50.85,60
2023-04-17 14:45:00-04:00,50.89,50.93,50.87,50.92,7397.0,50.896,56
2023-04-17 14:50:00-04:00,50.9,50.94,50.9,50.94,8149.0,50.918,63
2023-04-17 14:55:00-04:00,50.95,51.0,50.92,50.98,14040.0,50.975,118
2023-04-17 15:00:00-04:00,50.98,51.07,50.98,51.05,11173.0,51.035,89
2023-04-17 15:05:00-04:00,51.05,51.09,51.05,51.08,5816.0,51.066,48
2023-04-17 15:10:00-04:00,51.09,51.12,51.07,51.08,12088.0,51.091,81
2023-04-17 15:15:00-04:00,51.09,51.11,51.06,51.07,11107.0,51.09,95
2023-04-17 15:20:00-04:00,51.07,51.12,51.06,51.11,14284.0,51.093,81
2023-04-17 15:25:00-04:00,51.1,51.18,51.08,51.15,9931.0,51.134,75
2023-04-17 15:30:00-04:00,51.14,51.15,51.07,51.08,17257.0,51.118,135
2023-04-17 15:35:00-04:00,51.07,51.07,50.96,50.99,23725.0,51.004,177
2023-04-17 15:40:00-04:00,50.98,51.06,50.98,51.05,20666.0,51.034,160
2023-04-17 15:45:00-04:00,51.05,51.18,51.03,51.16,39869.0,51.081,205
2023-04-17 15:50:00-04:00,51.17,51.21,51.14,51.15,75100.0,51.172,491
2023-04-17 15:55:00-04:00,51.15,51.24,51.12,51.19,128828.0,51.18,786
2023-04-18 09:30:00-04:00,51.15,51.37,50.97,51.14,28596.0,51.136,29
2023-04-18 09:35:00-04:00,51.16,51.4,51.15,51.38,26276.0,51.277,185
2023-04-18 09:40:00-04:00,51.37,51.72,51.36,51.68,50134.0,51.516,250
2023-04-18 09:45:00-04:00,51.65,51.65,51.36,51.36,19005.0,51.56,138
2023-04-18 09:50:00-04:00,51.25,51.3,50.95,50.95,12258.0,51.082,102
2023-04-18 09:55:00-04:00,50.92,50.92,50.75,50.83,3151.0,50.848,26
2023-04-18 10:00:00-04:00,50.81,50.98,50.81,50.96,12687.0,50.932,80
2023-04-18 10:05:00-04:00,50.96,51.01,50.85,50.85,12804.0,50.937,100
2023-04-18 10:10:00-04:00,50.86,50.87,50.76,50.83,8460.0,50.829,71
2023-04-18 10:15:00-04:00,50.85,50.91,50.83,50.91,9977.0,50.887,78
2023-04-18 10:20:00-04:00,50.91,51.14,50.9,51.1,9487.0,51.029,73
2023-04-18 10:25:00-04:00,51.09,51.09,50.95,51.0,8354.0,51.002,65
2023-04-18 10:30:00-04:00,51.02,51.03,50.86,50.96,6401.0,50.967,56
2023-04-18 10:35:00-04:00,50.96,51.11,50.96,51.11,8205.0,51.034,65
2023-04-18 10:40:00-04:00,51.12,51.19,51.12,51.14,5070.0,51.168,44
2023-04-18 10:45:00-04:00,51.14,51.25,51.13,51.13,11979.0,51.186,76
2023-04-18 10:50:00-04:00,51.1,51.15,51.05,51.09,9475.0,51.09,68
2023-04-18 10:55:00-04:00,51.09,51.2,51.05,51.2,3265.0,51.107,29
2023-04-18 11:00:00-04:00,51.2,51.22,51.11,51.11,5001.0,51.178,45
2023-04-18 11:05:00-04:00,51.11,51.16,51.08,51.1,7742.0,51.124,58
2023-04-18 11:10:00-04:00,51.12,51.14,51.07,51.14,5418.0,51.103,43
2023-04-18 11:15:00-04:00,51.13,51.16,51.07,51.15,8588.0,51.116,73
2023-04-18 11:20:00-04:00,51.15,51.16,51.09,51.1,6277.0,51.119,51
2023-04-18 11:25:00-04:00,51.09,51.22,51.07,51.22,10526.0,51.131,67
2023-04-18 11:30:00-04:00,51.22,51.46,51.19,51.41,38319.0,51.339,182
2023-04-18 11:35:00-04:00,51.41,51.44,51.35,51.38,41511.0,51.401,112
2023-04-18 11:40:00-04:00,51.37,51.44,51.25,51.38,8710.0,51.375,77
2023-04-18 11:45:00-04:00,51.4,51.42,51.29,51.37,7309.0,51.37,64
2023-04-18 11:50:00-04:00,51.36,51.36,51.26,51.34,7386.0,51.302,56
2023-04-18 11:55:00-04:00,51.32,51.32,51.24,51.26,4482.0,51.275,42
2023-04-18 12:00:00-04:00,51.26,51.3,51.25,51.28,7011.0,51.279,58
2023-04-18 12:05:00-04:00,51.29,51.31,51.21,51.22,8103.0,51.27,66
2023-04-18 12:10:00-04:00,51.2,51.25,51.16,51.21,8504.0,51.195,65
2023-04-18 12:15:00-04:00,51.22,51.22,51.13,51.17,6799.0,51.185,53
2023-04-18 12:20:00-04:00,51.15,51.25,51.11,51.23,11106.0,51.194,81
2023-04-18 12:25:00-04:00,51.27,51.34,51.27,51.34,6261.0,51.298,55
2023-04-18 12:30:00-04:00,51.34,51.34,51.28,51.3,5599.0,51.303,44
2023-04-18 12:35:00-04:00,51.29,51.31,51.24,51.24,4244.0,51.277,36
2023-04-18 12:40:00-04:00,51.22,51.24,51.18,51.19,3662.0,51.224,34
2023-04-18 12:45:00-04:00,51.19,51.21,51.14,51.16,4581.0,51.18,41
2023-04-18 12:50:00-04:00,51.16,51.19,51.01,51.02,3661.0,51.088,30
2023-04-18 12:55:00-04:00,51.03,51.04,50.96,50.97,4335.0,50.995,32
2023-04-18 13:00:00-04:00,50.98,50.98,50.94,50.97,2454.0,50.959,19
2023-04-18 13:05:00-04:00,50.98,51.01,50.94,50.98,6175.0,50.975,47
2023-04-18 13:10:00-04:00,51.01,51.06,50.95,50.95,6254.0,51.012,53
2023-04-18 13:15:00-04:00,50.93,50.93,50.83,50.83,2524.0,50.886,24
2023-04-18 13:20:00-04:00,50.86,50.89,50.8,50.89,4662.0,50.843,34
2023-04-18 13:25:00-04:00,50.87,50.89,50.83,50.88,5984.0,50.864,47
2023-04-18 13:30:00-04:00,50.87,51.13,50.84,51.06,83457.0,51.053,330
2023-04-18 13:35:00-04:00,51.08,51.11,50.98,51.11,4666.0,51.049,40
2023-04-18 13:40:00-04:00,51.12,51.19,51.12,51.18,9982.0,51.149,78
2023-04-18 13:45:00-04:00,51.17,51.33,51.17,51.33,20641.0,51.255,131
2023-04-18 13:50:00-04:00,51.32,51.38,51.28,51.37,15682.0,51.324,78
2023-04-18 13:55:00-04:00,51.38,51.38,51.29,51.3,13016.0,51.322,96
2023-04-18 14:00:00-04:00,51.32,51.39,51.31,51.39,5385.0,51.351,49
2023-04-18 14:05:00-04:00,51.41,51.45,51.36,51.45,11664.0,51.387,107
2023-04-18 14:10:00-04:00,51.45,51.49,51.4,51.48,15761.0,51.441,97
2023-04-18 14:15:00-04:00,51.47,51.47,51.39,51.42,12201.0,51.433,94
2023-04-18 14:20:00-04:00,51.44,51.57,51.44,51.57,3955.0,51.505,30
2023-04-18 14:25:00-04:00,51.57,51.67,51.57,51.66,8914.0,51.611,74
2023-04-18 14:30:00-04:00,51.67,51.73,51.65,51.7,5711.0,51.696,49
2023-04-18 14:35:00-04:00,51.71,51.71,51.68,51.69,4020.0,51.691,37
2023-04-18 14:40:00-04:00,51.69,51.71,51.64,51.71,8274.0,51.675,74
2023-04-18 14:45:00-04:00,51.71,51.72,51.61,51.64,20557.0,51.671,178
2023-04-18 14:50:00-04:00,51.65,51.71,51.61,51.7,5610.0,51.657,49
2023-04-18 14:55:00-04:00,51.74,51.84,51.73,51.83,30920.0,51.793,134
2023-04-18 15:00:00-04:00,51.84,51.87,51.8,51.83,7692.0,51.832,70
2023-04-18 15:05:00-04:00,51.82,51.83,51.76,51.77,7910.0,51.795,64
2023-04-18 15:10:00-04:00,51.79,51.86,51.78,51.86,9088.0,51.821,74
2023-04-18 15:15:00-04:00,51.86,51.88,51.84,51.88,9742.0,51.861,82
2023-04-18 15:20:00-04:00,51.88,51.91,51.86,51.86,12483.0,51.891,112
2023-04-18 15:25:00-04:00,51.86,51.91,51.82,51.87,17686.0,51.868,118
2023-04-18 15:30:00-04:00,51.87,51.9,51.83,51.86,11414.0,51.861,95
2023-04-18 15:35:00-04:00,51.86,51.91,51.85,51.89,33951.0,51.884,240
2023-04-18 15:40:00-04:00,51.9,52.04,51.89,52.04,97975.0,51.985,290
2023-04-18 15:45:00-04:00,52.03,52.05,51.82,51.86,148848.0,51.859,332
2023-04-18 15:50:00-04:00,51.87,51.92,51.84,51.89,60603.0,51.889,463
2023-04-18 15:55:00-04:00,51.9,51.95,51.88,51.92,115478.0,51.908,755
2023-04-19 09:30:00-04:00,51.89,52.48,51.84,52.25,30311.0,52.043,72
2023-04-19 09:35:00-04:00,52.25,52.37,52.16,52.31,5520.0,52.295,39
2023-04-19 09:40:00-04:00,52.23,52.23,51.93,52.07,7892.0,52.067,54
2023-04-19 09:45:00-04:00,52.06,52.11,51.91,51.91,3542.0,52.016,26
2023-04-19 09:50:00-04:00,51.94,52.01,51.85,51.88,3307.0,51.921,27
2023-04-19 09:55:00-04:00,51.86,51.93,51.84,51.9,4785.0,51.885,44
2023-04-19 10:00:00-04:00,51.93,51.93,51.86,51.89,2476.0,51.891,23
2023-04-19 10:05:00-04:00,51.89,51.96,51.72,51.96,4108.0,51.849,37
2023-04-19 10:10:00-04:00,51.97,52.01,51.92,52.01,8963.0,51.969,67
2023-04-19 10:15:00-04:00,51.99,52.01,51.92,51.92,10555.0,51.956,78
2023-04-19 10:20:00-04:00,51.95,52.01,51.94,51.94,7548.0,51.981,57
2023-04-19 10:25:00-04:00,51.97,52.09,51.95,52.06,6476.0,52.025,54
2023-04-19 10:30:00-04:00,52.05,52.05,51.97,51.98,8552.0,52.008,68
2023-04-19 10:35:00-04:00,51.98,52.02,51.91,51.98,4144.0,51.981,36
2023-04-19 10:40:00-04:00,51.97,51.97,51.89,51.95,4316.0,51.938,37
2023-04-19 10:45:00-04:00,51.96,51.96,51.84,51.89,6360.0,51.891,49
2023-04-19 10:50:00-04:00,51.91,51.92,51.85,51.89,4881.0,51.894,38
2023-04-19 10:55:00-04:00,51.91,51.96,51.91,51.94,6704.0,51.932,43
2023-04-19 11:00:00-04:00,51.93,52.0,51.9,51.98,8462.0,51.957,72
2023-04-19 11:05:00-04:00,51.97,52.01,51.93,51.93,4893.0,51.975,37
2023-04-19 11:10:00-04:00,51.94,51.97,51.94,51.96,3338.0,51.954,26
2023-04-19 11:15:00-04:00,51.97,51.97,51.9,51.95,5094.0,51.936,42
2023-04-19 11:20:00-04:00,51.9,51.92,51.84,51.85,6443.0,51.881,36
2023-04-19 11:25:00-04:00,51.85,51.93,51.84,51.93,6041.0,51.869,24
2023-04-19 11:30:00-04:00,51.94,51.94,51.89,51.94,3455.0,51.912,27
2023-04-19 11:35:00-04:00,51.95,51.99,51.95,51.99,2799.0,51.97,20
2023-04-19 11:40:00-04:00,52.0,52.03,51.97,51.97,4495.0,52.003,36
2023-04-19 11:45:00-04:00,51.97,51.98,51.95,51.98,3086.0,51.964,24
2023-04-19 11:50:00-04:00,51.99,52.0,51.96,51.99,3213.0,51.974,18
2023-04-19 11:55:00-04:00,52.0,52.02,51.97,51.99,6610.0,51.995,36
2023-04-19 12:00:00-04:00,52.0,52.0,51.96,51.98,6087.0,51.992,41
2023-04-19 12:05:00-04:00,51.97,51.99,51.93,51.95,2368.0,51.965,20
2023-04-19 12:10:00-04:00,51.95,51.98,51.95,51.95,1875.0,51.964,15
2023-04-19 12:15:00-04:00,51.95,51.99,51.94,51.94,2828.0,51.964,25
2023-04-19 12:20:00-04:00,51.94,52.03,51.94,52.0,14468.0,51.994,93
2023-04-19 12:25:00-04:00,52.0,52.03,51.97,51.97,7744.0,51.998,58
2023-04-19 12:30:00-04:00,51.96,52.0,51.95,51.98,4990.0,51.982,38
2023-04-19 12:35:00-04:00,51.99,51.99,51.96,51.97,4904.0,51.977,42
2023-04-19 12:40:00-04:00,51.96,51.98,51.92,51.93,2515.0,51.962,24
2023-04-19 12:45:00-04:00,51.93,51.98,51.93,51.96,3712.0,51.961,27
2023-04-19 12:50:00-04:00,51.96,51.99,51.96,51.99,2613.0,51.972,19
2023-04-19 12:55:00-04:00,52.0,52.0,51.95,51.98,2101.0,51.97,19
2023-04-19 13:00:00-04:00,51.98,52.01,51.97,52.01,3384.0,51.997,25
2023-04-19 13:05:00-04:00,52.01,52.07,51.99,52.03,12988.0,52.032,73
2023-04-19 13:10:00-04:00,52.04,52.1,52.04,52.08,3942.0,52.075,27
2023-04-19 13:15:00-04:00,52.06,52.11,51.97,51.98,5926.0,52.04,48
2023-04-19 13:20:00-04:00,51.99,51.99,51.97,51.99,2040.0,51.982,18
2023-04-19 13:25:00-04:00,51.98,52.02,51.98,52.01,3281.0,52.005,29
2023-04-19 13:30:00-04:00,52.02,52.04,52.01,52.02,4405.0,52.023,35
2023-04-19 13:35:00-04:00,52.02,52.02,51.98,51.98,3771.0,51.994,26
2023-04-19 13:40:00-04:00,51.98,51.99,51.92,51.95,5761.0,51.961,37
2023-04-19 13:45:00-04:00,51.94,51.94,51.9,51.93,2475.0,51.919,21
2023-04-19 13:50:00-04:00,51.92,52.01,51.92,52.01,3638.0,51.958,22
2023-04-19 13:55:00-04:00,52.0,52.05,52.0,52.05,4587.0,52.011,37
2023-04-19 14:00:00-04:00,52.05,52.15,52.03,52.04,7438.0,52.084,42
2023-04-19 14:05:00-04:00,52.04,52.06,52.03,52.04,2011.0,52.044,18
2023-04-19 14:10:00-04:00,52.04,52.06,52.03,52.05,2850.0,52.041,26
2023-04-19 14:15:00-04:00,52.06,52.06,52.02,52.03,2155.0,52.04,17
2023-04-19 14:20:00-04:00,52.03,52.11,52.03,52.1,4317.0,52.075,35
2023-04-19 14:25:00-04:00,52.12,52.14,52.12,52.13,1564.0,52.127,11
2023-04-19 14:30:00-04:00,52.13,52.14,52.09,52.11,5736.0,52.114,41
2023-04-19 14:35:00-04:00,52.11,52.15,52.11,52.12,3588.0,52.122,29
2023-04-19 14:40:00-04:00,52.13,52.14,52.08,52.09,2009.0,52.122,19
2023-04-19 14:45:00-04:00,52.09,52.11,52.06,52.11,3075.0,52.082,23
2023-04-19 14:50:00-04:00,52.1,52.12,52.08,52.12,2744.0,52.097,20
2023-04-19 14:55:00-04:00,52.1,52.11,52.08,52.11,1806.0,52.097,15
2023-04-19 15:00:00-04:00,52.11,52.11,52.04,52.06,2895.0,52.074,27
2023-04-19 15:05:00-04:00,52.06,52.08,52.01,52.05,5014.0,52.043,42
2023-04-19 15:10:00-04:00,52.04,52.07,52.03,52.07,3133.0,52.051,24
2023-04-19 15:15:00-04:00,52.06,52.09,52.04,52.04,4478.0,52.063,37
2023-04-19 15:20:00-04:00,52.03,52.09,52.03,52.09,6142.0,52.057,46
2023-04-19 15:25:00-04:00,52.09,52.12,52.07,52.1,9317.0,52.094,59
2023-04-19 15:30:00-04:00,52.1,52.15,52.09,52.14,8806.0,52.129,75
2023-04-19 15:35:00-04:00,52.14,52.14,52.03,52.06,8234.0,52.056,72
2023-04-19 15:40:00-04:00,52.06,52.08,52.01,52.03,17706.0,52.055,149
2023-04-19 15:45:00-04:00,52.02,52.02,51.94,52.0,20306.0,51.973,158
2023-04-19 15:50:00-04:00,51.99,52.11,51.96,52.11,36062.0,52.034,276
2023-04-19 15:55:00-04:00,52.1,52.22,52.1,52.21,142410.0,52.174,713
2023-04-20 09:30:00-04:00,51.64,51.79,51.64,51.77,24102.0,51.648,14
2023-04-20 09:35:00-04:00,51.76,51.76,51.54,51.64,5886.0,51.661,40
2023-04-20 09:40:00-04:00,51.58,51.69,51.56,51.56,8155.0,51.634,55
2023-04-20 09:45:00-04:00,51.61,51.61,51.47,51.48,6772.0,51.542,56
2023-04-20 09:50:00-04:00,51.39,51.48,51.35,51.43,4696.0,51.421,38
2023-04-20 09:55:00-04:00,51.41,51.43,51.35,51.35,4366.0,51.404,33
2023-04-20 10:00:00-04:00,51.32,51.36,51.3,51.36,2596.0,51.326,24
2023-04-20 10:05:00-04:00,51.37,51.37,51.3,51.31,6647.0,51.34,58
2023-04-20 10:10:00-04:00,51.33,51.59,51.33,51.57,7191.0,51.477,56
2023-04-20 10:15:00-04:00,51.55,51.63,51.55,51.63,3286.0,51.597,26
2023-04-20 10:20:00-04:00,51.63,51.63,51.58,51.61,1626.0,51.597,14
2023-04-20 10:25:00-04:00,51.62,51.69,51.62,51.63,3091.0,51.654,24
2023-04-20 10:30:00-04:00,51.64,51.7,51.62,51.7,3776.0,51.662,33
2023-04-20 10:35:00-04:00,51.7,51.7,51.64,51.64,3563.0,51.659,16
2023-04-20 10:40:00-04:00,51.64,51.68,51.63,51.68,1204.0,51.647,9
2023-04-20 10:45:00-04:00,51.73,51.75,51.7,51.72,2051.0,51.721,20
2023-04-20 10:50:00-04:00,51.74,51.79,51.73,51.75,1600.0,51.762,15
2023-04-20 10:55:00-04:00,51.76,51.88,51.74,51.87,2748.0,51.806,21
2023-04-20 11:00:00-04:00,51.86,51.88,51.83,51.84,1552.0,51.853,13
2023-04-20 11:05:00-04:00,51.81,51.81,51.69,51.75,2583.0,51.761,20
2023-04-20 11:10:00-04:00,51.77,51.87,51.77,51.87,4231.0,51.823,35
2023-04-20 11:15:00-04:00,51.89,51.94,51.82,51.91,8216.0,51.886,60
2023-04-20 11:20:00-04:00,51.91,51.92,51.83,51.87,6696.0,51.884,53
2023-04-20 11:25:00-04:00,51.87,51.91,51.82,51.84,4104.0,51.868,33
2023-04-20 11:30:00-04:00,51.8,51.83,51.76,51.78,2919.0,51.791,27
2023-04-20 11:35:00-04:00,51.77,51.84,51.76,51.81,4007.0,51.811,36
2023-04-20 11:40:00-04:00,51.82,51.86,51.82,51.86,7533.0,51.846,35
2023-04-20 11:45:00-04:00,51.86,51.88,51.77,51.82,3976.0,51.831,38
2023-04-20 11:50:00-04:00,51.81,51.87,51.81,51.84,3542.0,51.842,33
2023-04-20 11:55:00-04:00,51.83,51.89,51.81,51.81,1795.0,51.843,15
2023-04-20 12:00:00-04:00,51.82,51.85,51.77,51.79,4333.0,51.814,25
2023-04-20 12:05:00-04:00,51.73,51.75,51.71,51.75,2665.0,51.729,25
2023-04-20 12:10:00-04:00,51.75,51.8,51.75,51.79,3999.0,51.775,28
2023-04-20 12:15:00-04:00,51.8,51.8,51.72,51.73,3069.0,51.744,27
2023-04-20 12:20:00-04:00,51.73,51.75,51.71,51.71,3505.0,51.726,17
2023-04-20 12:25:00-04:00,51.69,51.74,51.69,51.7,3006.0,51.716,22
2023-04-20 12:30:00-04:00,51.7,51.8,51.7,51.79,5203.0,51.749,32
2023-04-20 12:35:00-04:00,51.76,51.8,51.76,51.78,1337.0,51.782,13
2023-04-20 12:40:00-04:00,51.77,51.82,51.76,51.81,3056.0,51.786,26
2023-04-20 12:45:00-04:00,51.81,51.86,51.79,51.79,2323.0,51.832,16
2023-04-20 12:50:00-04:00,51.81,51.82,51.79,51.81,1906.0,51.801,17
2023-04-20 12:55:00-04:00,51.81,51.84,51.81,51.83,2151.0,51.821,21
2023-04-20 13:00:00-04:00,51.83,51.84,51.79,51.79,2496.0,51.811,19
2023-04-20 13:05:00-04:00,51.81,51.82,51.79,51.79,2836.0,51.805,22
2023-04-20 13:10:00-04:00,51.79,51.81,51.76,51.78,3278.0,51.782,25
2023-04-20 13:15:00-04:00,51.79,51.81,51.78,51.81,2525.0,51.797,19
2023-04-20 13:20:00-04:00,51.82,51.82,51.75,51.77,11802.0,51.755,33
2023-04-20 13:25:00-04:00,51.76,51.83,51.76,51.81,5241.0,51.798,32
2023-04-20 13:30:00-04:00,51.81,51.86,51.81,51.85,4580.0,51.832,31
2023-04-20 13:35:00-04:00,51.86,51.88,51.83,51.88,2535.0,51.861,21
2023-04-20 13:40:00-04:00,51.85,51.86,51.83,51.84,1150.0,51.846,10
2023-04-20 13:45:00-04:00,51.83,51.85,51.83,51.84,1088.0,51.839,8
2023-04-20 13:50:00-04:00,51.82,51.85,51.79,51.84,4534.0,51.819,38
2023-04-20 13:55:00-04:00,51.84,51.85,51.81,51.81,1100.0,51.825,9
2023-04-20 14:00:00-04:00,51.78,51.79,51.76,51.79,4223.0,51.779,39
2023-04-20 14:05:00-04:00,51.79,51.83,51.76,51.8,3901.0,51.79,33
2023-04-20 14:10:00-04:00,51.81,51.85,51.81,51.84,2583.0,51.828,24
2023-04-20 14:15:00-04:00,51.83,51.87,51.82,51.84,2975.0,51.846,23
2023-04-20 14:20:00-04:00,51.81,51.88,51.78,51.84,3334.0,51.835,27
2023-04-20 14:25:00-04:00,51.83,51.86,51.8,51.81,3302.0,51.828,28
2023-04-20 14:30:00-04:00,51.82,51.83,51.76,51.78,2687.0,51.789,22
2023-04-20 14:35:00-04:00,51.77,51.78,51.67,51.7,11917.0,51.742,39
2023-04-20 14:40:00-04:00,51.69,51.69,51.63,51.65,5066.0,51.649,36
2023-04-20 14:45:00-04:00,51.66,51.71,51.65,51.65,2342.0,51.674,17
2023-04-20 14:50:00-04:00,51.64,51.68,51.64,51.66,1531.0,51.657,15
2023-04-20 14:55:00-04:00,51.64,51.66,51.62,51.65,5427.0,51.636,47
2023-04-20 15:00:00-04:00,51.65,51.67,51.6,51.6,4091.0,51.634,37
2023-04-20 15:05:00-04:00,51.6,51.61,51.57,51.59,3412.0,51.593,27
2023-04-20 15:10:00-04:00,51.59,51.59,51.52,51.53,3586.0,51.564,26
2023-04-20 15:15:00-04:00,51.52,51.52,51.42,51.42,10556.0,51.464,88
2023-04-20 15:20:00-04:00,51.41,51.45,51.38,51.44,27575.0,51.428,224
2023-04-20 15:25:00-04:00,51.45,51.49,51.38,51.39,21957.0,51.421,177
2023-04-20 15:30:00-04:00,51.4,51.45,51.39,51.44,24687.0,51.419,172
2023-04-20 15:35:00-04:00,51.44,51.48,51.37,51.48,17558.0,51.415,144
2023-04-20 15:40:00-04:00,51.48,51.56,51.47,51.53,17497.0,51.517,140
2023-04-20 15:45:00-04:00,51.53,51.67,51.52,51.67,21458.0,51.593,161
2023-04-20 15:50:00-04:00,51.66,51.66,51.54,51.56,63651.0,51.57,488
2023-04-20 15:55:00-04:00,51.57,51.74,51.56,51.61,111462.0,51.643,731
2023-04-21 09:30:00-04:00,51.85,51.85,51.73,51.84,36701.0,51.847,17
2023-04-21 09:35:00-04:00,51.77,51.77,51.62,51.63,1841.0,51.728,12
2023-04-21 09:40:00-04:00,51.59,51.59,51.52,51.52,1014.0,51.535,4
2023-04-21 09:45:00-04:00,51.52,51.68,51.49,51.68,5110.0,51.559,36
2023-04-21 09:50:00-04:00,51.68,51.68,51.59,51.59,725.0,51.629,7
2023-04-21 09:55:00-04:00,51.61,51.61,51.53,51.55,2126.0,51.569,18
2023-04-21 10:00:00-04:00,51.49,51.49,51.36,51.47,4663.0,51.416,42
2023-04-21 10:05:00-04:00,51.47,51.5,51.43,51.44,3220.0,51.468,27
2023-04-21 10:10:00-04:00,51.45,51.51,51.43,51.48,2427.0,51.469,19
2023-04-21 10:15:00-04:00,51.48,51.5,51.44,51.5,1527.0,51.468,13
2023-04-21 10:20:00-04:00,51.52,51.66,51.51,51.66,3337.0,51.592,27
2023-04-21 10:25:00-04:00,51.64,51.68,51.61,51.61,4615.0,51.643,28
2023-04-21 10:30:00-04:00,51.63,51.68,51.58,51.62,2444.0,51.647,22
2023-04-21 10:35:00-04:00,51.66,51.67,51.56,51.57,4583.0,51.612,31
2023-04-21 10:40:00-04:00,51.57,51.57,51.35,51.35,7351.0,51.484,38
2023-04-21 10:45:00-04:00,51.29,51.42,51.26,51.42,4267.0,51.35,32
2023-04-21 10:50:00-04:00,51.43,51.45,51.37,51.41,3836.0,51.415,26
2023-04-21 10:55:00-04:00,51.42,51.5,51.42,51.5,6904.0,51.462,56
2023-04-21 11:00:00-04:00,51.49,51.63,51.46,51.63,3504.0,51.58,31
2023-04-21 11:05:00-04:00,51.64,51.65,51.59,51.63,4771.0,51.627,46
2023-04-21 11:10:00-04:00,51.62,51.64,51.59,51.62,2025.0,51.616,17
2023-04-21 11:15:00-04:00,51.63,51.64,51.6,51.64,3775.0,51.623,34
2023-04-21 11:20:00-04:00,51.63,51.67,51.63,51.66,3254.0,51.65,28
2023-04-21 11:25:00-04:00,51.66,51.66,51.59,51.61,2125.0,51.618,20
2023-04-21 11:30:00-04:00,51.6,51.61,51.58,51.59,3844.0,51.596,34
2023-04-21 11:35:00-04:00,51.6,51.6,51.42,51.44,3042.0,51.529,26
2023-04-21 11:40:00-04:00,51.44,51.52,51.43,51.5,3490.0,51.469,28
2023-04-21 11:45:00-04:00,51.51,51.53,51.46,51.46,4060.0,51.497,28
2023-04-21 11:50:00-04:00,51.4,51.42,51.39,51.41,2126.0,51.4,14
2023-04-21 11:55:00-04:00,51.42,51.49,51.4,51.48,4321.0,51.442,32
2023-04-21 12:00:00-04:00,51.48,51.52,51.47,51.5,2361.0,51.492,22
2023-04-21 12:05:00-04:00,51.53,51.63,51.52,51.6,11046.0,51.585,101
2023-04-21 12:10:00-04:00,51.6,51.66,51.59,51.66,4548.0,51.603,42
2023-04-21 12:15:00-04:00,51.64,51.67,51.61,51.63,3632.0,51.64,30
2023-04-21 12:20:00-04:00,51.64,51.66,51.61,51.66,4183.0,51.625,40
2023-04-21 12:25:00-04:00,51.65,51.67,51.62,51.64,3268.0,51.644,28
2023-04-21 12:30:00-04:00,51.64,51.64,51.59,51.63,3020.0,51.611,21
2023-04-21 12:35:00-04:00,51.62,51.64,51.58,51.64,4261.0,51.611,34
2023-04-21 12:40:00-04:00,51.65,51.75,51.65,51.72,6674.0,51.702,47
2023-04-21 12:45:00-04:00,51.73,51.76,51.73,51.73,5027.0,51.741,39
2023-04-21 12:50:00-04:00,51.72,51.74,51.7,51.7,2535.0,51.72,22
2023-04-21 12:55:00-04:00,51.7,51.73,51.7,51.71,2931.0,51.711,19
2023-04-21 13:00:00-04:00,51.72,51.77,51.72,51.75,2217.0,51.757,18
2023-04-21 13:05:00-04:00,51.72,51.77,51.72,51.76,3326.0,51.744,26
2023-04-21 13:10:00-04:00,51.77,51.78,51.75,51.75,3049.0,51.758,25
2023-04-21 13:15:00-04:00,51.74,51.74,51.67,51.68,2368.0,51.686,22
2023-04-21 13:20:00-04:00,51.67,51.71,51.67,51.68,2589.0,51.683,20
2023-04-21 13:25:00-04:00,51.69,51.69,51.63,51.64,3397.0,51.669,29
2023-04-21 13:30:00-04:00,51.64,51.71,51.64,51.7,1897.0,51.678,16
2023-04-21 13:35:00-04:00,51.71,51.75,51.7,51.75,4902.0,51.725,40
2023-04-21 13:40:00-04:00,51.76,51.79,51.75,51.75,3932.0,51.766,36
2023-04-21 13:45:00-04:00,51.76,51.81,51.74,51.79,5998.0,51.767,32
2023-04-21 13:50:00-04:00,51.8,51.82,51.79,51.81,2820.0,51.801,21
2023-04-21 13:55:00-04:00,51.81,51.86,51.81,51.86,4917.0,51.831,40
2023-04-21 14:00:00-04:00,51.89,51.98,51.88,51.97,3226.0,51.931,24
2023-04-21 14:05:00-04:00,51.97,51.98,51.93,51.96,5317.0,51.957,40
2023-04-21 14:10:00-04:00,51.96,51.96,51.93,51.95,3474.0,51.948,34
2023-04-21 14:15:00-04:00,51.95,52.0,51.93,51.98,4461.0,51.964,37
2023-04-21 14:20:00-04:00,51.98,52.0,51.96,51.96,2729.0,51.975,24
2023-04-21 14:25:00-04:00,51.95,51.99,51.94,51.95,6284.0,51.968,40
2023-04-21 14:30:00-04:00,51.94,51.97,51.92,51.97,4559.0,51.947,33
2023-04-21 14:35:00-04:00,51.95,52.0,51.94,52.0,6558.0,51.966,54
2023-04-21 14:40:00-04:00,52.01,52.02,51.97,51.98,4768.0,51.992,34
2023-04-21 14:45:00-04:00,51.97,51.98,51.92,51.96,8059.0,51.952,41
2023-04-21 14:50:00-04:00,51.96,52.0,51.95,51.98,5159.0,51.972,41
2023-04-21 14:55:00-04:00,51.98,51.98,51.94,51.97,3901.0,51.958,30
2023-04-21 15:00:00-04:00,51.95,51.97,51.91,51.93,4657.0,51.94,40
2023-04-21 15:05:00-04:00,51.93,51.93,51.87,51.89,4286.0,51.898,31
2023-04-21 15:10:00-04:00,51.89,51.89,51.84,51.84,3868.0,51.856,38
2023-04-21 15:15:00-04:00,51.85,51.86,51.79,51.79,5185.0,51.823,43
2023-04-21 15:20:00-04:00,51.8,51.83,51.79,51.83,6378.0,51.813,56
2023-04-21 15:25:00-04:00,51.83,51.86,51.78,51.81,6580.0,51.823,52
2023-04-21 15:30:00-04:00,51.81,51.89,51.8,51.88,5620.0,51.846,46
2023-04-21 15:35:00-04:00,51.89,51.98,51.87,51.93,9784.0,51.921,79
2023-04-21 15:40:00-04:00,51.94,51.99,51.91,51.96,14517.0,51.947,123
2023-04-21 15:45:00-04:00,51.95,52.02,51.94,52.01,24056.0,51.984,177
2023-04-21 15:50:00-04:00,52.02,52.09,51.96,52.08,35910.0,52.02,266
2023-04-21 15:55:00-04:00,52.07,52.14,52.04,52.08,75451.0,52.103,498
2023-04-24 09:30:00-04:00,52.49,52.62,52.26,52.46,34561.0,52.476,62
2023-04-24 09:35:00-04:00,52.46,52.56,52.29,52.29,9782.0,52.422,47
2023-04-24 09:40:00-04:00,52.38,52.53,52.32,52.46,44447.0,52.424,161
2023-04-24 09:45:00-04:00,52.47,52.52,52.43,52.48,7555.0,52.476,58
2023-04-24 09:50:00-04:00,52.47,52.58,52.42,52.49,55411.0,52.463,58
2023-04-24 09:55:00-04:00,52.48,52.51,52.38,52.38,9289.0,52.455,64
2023-04-24 10:00:00-04:00,52.39,52.43,52.17,52.21,12108.0,52.29,69
2023-04-24 10:05:00-04:00,52.21,52.27,52.19,52.19,8742.0,52.222,61
2023-04-24 10:10:00-04:00,52.15,52.26,52.15,52.25,6724.0,52.207,53
2023-04-24 10:15:00-04:00,52.22,52.25,52.18,52.23,5036.0,52.207,44
2023-04-24 10:20:00-04:00,52.22,52.29,52.22,52.29,3014.0,52.255,27
2023-04-24 10:25:00-04:00,52.28,52.29,52.21,52.28,8046.0,52.258,61
2023-04-24 10:30:00-04:00,52.3,52.39,52.29,52.35,7650.0,52.349,44
2023-04-24 10:35:00-04:00,52.32,52.32,52.21,52.23,3338.0,52.24,26
2023-04-24 10:40:00-04:00,52.22,52.23,52.09,52.12,4231.0,52.188,32
2023-04-24 10:45:00-04:00,52.1,52.15,52.08,52.1,4191.0,52.112,29
2023-04-24 10:50:00-04:00,52.11,52.12,52.07,52.11,3137.0,52.092,24
2023-04-24 10:55:00-04:00,52.1,52.13,52.05,52.08,6797.0,52.091,40
2023-04-24 11:00:00-04:00,52.08,52.09,52.03,52.05,3268.0,52.058,27
2023-04-24 11:05:00-04:00,52.05,52.07,51.98,51.98,1462.0,52.04,14
2023-04-24 11:10:00-04:00,51.97,52.0,51.93,51.94,3453.0,51.977,23
2023-04-24 11:15:00-04:00,51.91,51.93,51.85,51.89,4922.0,51.899,35
2023-04-24 11:20:00-04:00,51.88,51.9,51.85,51.89,4611.0,51.88,29
2023-04-24 11:25:00-04:00,51.91,52.01,51.9,52.01,4665.0,51.93,35
2023-04-24 11:30:00-04:00,51.98,52.06,51.97,52.04,5185.0,52.024,44
2023-04-24 11:35:00-04:00,52.05,52.13,52.05,52.07,2927.0,52.093,25
2023-04-24 11:40:00-04:00,52.05,52.06,51.99,52.02,2189.0,52.026,16
2023-04-24 11:45:00-04:00,52.02,52.08,52.01,52.06,6426.0,52.037,50
2023-04-24 11:50:00-04:00,52.07,52.07,52.03,52.03,4965.0,52.042,40
2023-04-24 11:55:00-04:00,52.02,52.08,52.02,52.08,3010.0,52.048,27
2023-04-24 12:00:00-04:00,52.1,52.13,52.1,52.11,3395.0,52.121,18
2023-04-24 12:05:00-04:00,52.1,52.12,52.06,52.06,2885.0,52.099,22
2023-04-24 12:10:00-04:00,52.05,52.07,51.99,52.07,6134.0,52.03,45
2023-04-24 12:15:00-04:00,52.05,52.05,52.0,52.02,6878.0,52.015,31
2023-04-24 12:20:00-04:00,52.02,52.04,52.0,52.04,5157.0,52.015,27
2023-04-24 12:25:00-04:00,52.05,52.06,52.02,52.06,1100.0,52.046,11
2023-04-24 12:30:00-04:00,52.06,52.1,52.04,52.09,3146.0,52.077,25
2023-04-24 12:35:00-04:00,52.1,52.13,52.09,52.13,3165.0,52.104,27
2023-04-24 12:40:00-04:00,52.1,52.11,52.06,52.08,1795.0,52.087,14
2023-04-24 12:45:00-04:00,52.09,52.1,52.02,52.05,3304.0,52.06,26
2023-04-24 12:50:00-04:00,52.06,52.08,52.02,52.06,2018.0,52.051,15
2023-04-24 12:55:00-04:00,52.07,52.11,52.06,52.11,3071.0,52.072,27
2023-04-24 13:00:00-04:00,52.1,52.12,52.09,52.1,932.0,52.103,7
2023-04-24 13:05:00-04:00,52.08,52.1,52.07,52.08,3290.0,52.085,23
2023-04-24 13:10:00-04:00,52.08,52.1,52.06,52.07,2452.0,52.08,17
2023-04-24 13:15:00-04:00,52.07,52.07,52.01,52.02,1113.0,52.036,8
2023-04-24 13:20:00-04:00,52.01,52.02,51.99,51.99,2392.0,52.014,21
2023-04-24 13:25:00-04:00,52.0,52.06,52.0,52.05,1915.0,52.033,13
2023-04-24 13:30:00-04:00,52.04,52.09,52.04,52.04,2330.0,52.052,17
2023-04-24 13:35:00-04:00,52.02,52.08,52.02,52.04,3938.0,52.049,33
2023-04-24 13:40:00-04:00,52.05,52.08,52.05,52.08,2359.0,52.066,19
2023-04-24 13:45:00-04:00,52.09,52.1,52.04,52.08,2800.0,52.068,22
2023-04-24 13:50:00-04:00,52.09,52.12,52.08,52.11,3349.0,52.1,21
2023-04-24 13:55:00-04:00,52.13,52.15,52.11,52.14,6469.0,52.137,39
2023-04-24 14:00:00-04:00,52.15,52.17,52.13,52.13,2036.0,52.149,17
2023-04-24 14:05:00-04:00,52.13,52.13,52.07,52.09,3587.0,52.102,29
2023-04-24 14:10:00-04:00,52.08,52.1,52.08,52.09,4944.0,52.09,30
2023-04-24 14:15:00-04:00,52.09,52.1,52.06,52.09,6645.0,52.081,43
2023-04-24 14:20:00-04:00,52.08,52.08,52.03,52.03,2008.0,52.068,18
2023-04-24 14:25:00-04:00,52.02,52.05,52.02,52.04,4742.0,52.037,26
2023-04-24 14:30:00-04:00,52.05,52.06,51.99,52.03,4869.0,52.029,37
2023-04-24 14:35:00-04:00,52.04,52.04,51.98,51.99,2470.0,52.0,24
2023-04-24 14:40:00-04:00,51.98,51.99,51.97,51.99,1835.0,51.984,15
2023-04-24 14:45:00-04:00,51.98,52.03,51.96,52.02,5887.0,51.981,38
2023-04-24 14:50:00-04:00,52.02,52.02,51.97,51.98,2242.0,52.001,17
2023-04-24 14:55:00-04:00,51.99,51.99,51.97,51.98,2055.0,51.975,18
2023-04-24 15:00:00-04:00,51.99,52.02,51.99,52.01,4713.0,51.999,35
2023-04-24 15:05:00-04:00,52.01,52.03,51.98,52.03,3332.0,52.001,32
2023-04-24 15:10:00-04:00,52.05,52.08,52.03,52.08,2845.0,52.051,25
2023-04-24 15:15:00-04:00,52.08,52.08,52.0,52.02,5263.0,52.029,40
2023-04-24 15:20:00-04:00,52.03,52.07,52.03,52.03,5425.0,52.041,41
2023-04-24 15:25:00-04:00,52.03,52.06,52.02,52.05,9176.0,52.039,71
2023-04-24 15:30:00-04:00,52.05,52.13,52.05,52.1,9919.0,52.101,90
2023-04-24 15:35:00-04:00,52.1,52.12,52.07,52.08,7118.0,52.091,62
2023-04-24 15:40:00-04:00,52.08,52.13,52.08,52.13,10948.0,52.105,70
2023-04-24 15:45:00-04:00,52.13,52.26,52.12,52.24,20471.0,52.206,128
2023-04-24 15:50:00-04:00,52.23,52.24,52.13,52.18,33951.0,52.171,212
2023-04-24 15:55:00-04:00,52.18,52.3,52.15,52.28,69794.0,52.247,468
2023-04-25 09:30:00-04:00,52.23,52.71,51.93,52.71,31519.0,52.298,65
2023-04-25 09:35:00-04:00,52.68,52.85,52.6,52.83,13661.0,52.759,103
2023-04-25 09:40:00-04:00,52.79,53.03,52.76,53.0,11889.0,52.834,95
2023-04-25 09:45:00-04:00,52.91,53.17,52.89,53.14,19270.0,52.971,152
2023-04-25 09:50:00-04:00,53.17,53.45,53.03,53.23,43503.0,53.271,349
2023-04-25 09:55:00-04:00,53.22,53.31,53.16,53.18,34436.0,53.22,289
2023-04-25 10:00:00-04:00,53.18,53.36,53.16,53.17,22525.0,53.262,141
2023-04-25 10:05:00-04:00,53.18,53.22,52.92,53.02,18944.0,53.052,144
2023-04-25 10:10:00-04:00,53.0,53.0,52.73,52.8,12767.0,52.843,103
2023-04-25 10:15:00-04:00,52.79,52.79,52.6,52.67,19499.0,52.661,153
2023-04-25 10:20:00-04:00,52.67,52.67,52.41,52.55,41836.0,52.516,172
2023-04-25 10:25:00-04:00,52.56,52.66,52.48,52.51,10274.0,52.566,71
2023-04-25 10:30:00-04:00,52.51,52.55,52.43,52.46,7038.0,52.497,58
2023-04-25 10:35:00-04:00,52.46,52.49,52.39,52.41,5712.0,52.442,41
2023-04-25 10:40:00-04:00,52.4,52.45,52.34,52.45,9355.0,52.392,79
2023-04-25 10:45:00-04:00,52.46,52.58,52.36,52.56,14951.0,52.465,92
2023-04-25 10:50:00-04:00,52.58,52.6,52.54,52.55,5594.0,52.569,49
2023-04-25 10:55:00-04:00,52.54,52.57,52.51,52.51,5669.0,52.545,47
2023-04-25 11:00:00-04:00,52.55,52.56,52.36,52.41,2382.0,52.472,23
2023-04-25 11:05:00-04:00,52.41,52.46,52.39,52.42,1732.0,52.421,16
2023-04-25 11:10:00-04:00,52.41,52.56,52.41,52.53,30501.0,52.497,41
2023-04-25 11:15:00-04:00,52.51,52.54,52.48,52.52,4281.0,52.505,38
2023-04-25 11:20:00-04:00,52.51,52.54,52.46,52.48,4296.0,52.498,38
2023-04-25 11:25:00-04:00,52.48,52.5,52.46,52.47,5248.0,52.482,45
2023-04-25 11:30:00-04:00,52.4,52.4,52.34,52.34,4064.0,52.36,36
2023-04-25 11:35:00-04:00,52.33,52.33,52.25,52.27,3194.0,52.297,27
2023-04-25 11:40:00-04:00,52.27,52.34,52.27,52.33,4585.0,52.308,39
2023-04-25 11:45:00-04:00,52.35,52.38,52.31,52.34,2438.0,52.344,24
2023-04-25 11:50:00-04:00,52.35,52.36,52.3,52.31,3235.0,52.331,30
2023-04-25 11:55:00-04:00,52.32,52.35,52.28,52.29,2937.0,52.321,26
2023-04-25 12:00:00-04:00,52.28,52.32,52.25,52.26,2568.0,52.293,19
2023-04-25 12:05:00-04:00,52.25,52.27,52.22,52.26,11068.0,52.236,30
2023-04-25 12:10:00-04:00,52.26,52.26,52.16,52.16,2667.0,52.201,25
2023-04-25 12:15:00-04:00,52.17,52.24,52.16,52.2,4811.0,52.205,37
2023-04-25 12:20:00-04:00,52.2,52.28,52.2,52.25,6161.0,52.252,52
2023-04-25 12:25:00-04:00,52.24,52.28,52.22,52.23,3016.0,52.244,25
2023-04-25 12:30:00-04:00,52.22,52.25,52.21,52.22,2826.0,52.234,25
2023-04-25 12:35:00-04:00,52.22,52.27,52.21,52.26,3970.0,52.247,20
2023-04-25 12:40:00-04:00,52.28,52.31,52.27,52.3,2757.0,52.289,26
2023-04-25 12:45:00-04:00,52.29,52.31,52.26,52.26,2427.0,52.288,22
2023-04-25 12:50:00-04:00,52.27,52.3,52.16,52.16,9063.0,52.268,41
2023-04-25 12:55:00-04:00,52.16,52.16,52.12,52.14,1741.0,52.139,16
2023-04-25 13:00:00-04:00,52.13,52.21,52.13,52.2,3096.0,52.182,25
2023-04-25 13:05:00-04:00,52.18,52.18,52.07,52.08,2451.0,52.127,22
2023-04-25 13:10:00-04:00,52.08,52.11,52.01,52.01,2791.0,52.08,22
2023-04-25 13:15:00-04:00,51.97,52.01,51.85,51.88,13224.0,51.883,87
2023-04-25 13:20:00-04:00,51.88,51.9,51.83,51.87,5280.0,51.874,49
2023-04-25 13:25:00-04:00,51.88,51.95,51.85,51.95,6199.0,51.89,46
2023-04-25 13:30:00-04:00,51.94,51.94,51.89,51.93,4144.0,51.919,30
2023-04-25 13:35:00-04:00,51.91,51.98,51.91,51.96,2495.0,51.947,23
2023-04-25 13:40:00-04:00,51.95,52.0,51.94,51.96,3680.0,51.968,31
2023-04-25 13:45:00-04:00,51.97,51.97,51.9,51.94,3512.0,51.927,28
2023-04-25 13:50:00-04:00,51.94,51.95,51.92,51.94,3655.0,51.934,32
2023-04-25 13:55:00-04:00,51.96,51.97,51.91,51.92,8166.0,51.942,61
2023-04-25 14:00:00-04:00,51.92,51.95,51.88,51.88,7372.0,51.921,48
2023-04-25 14:05:00-04:00,51.89,51.96,51.88,51.95,3620.0,51.932,32
2023-04-25 14:10:00-04:00,51.95,52.04,51.94,52.04,5424.0,51.995,45
2023-04-25 14:15:00-04:00,52.03,52.05,51.96,51.96,13152.0,51.992,72
2023-04-25 14:20:00-04:00,51.98,52.03,51.98,51.98,7732.0,51.997,61
2023-04-25 14:25:00-04:00,51.96,52.02,51.96,52.02,4476.0,51.974,42
2023-04-25 14:30:00-04:00,52.01,52.05,51.99,51.99,6948.0,52.019,56
2023-04-25 14:35:00-04:00,51.99,52.04,51.99,52.01,6098.0,52.018,51
2023-04-25 14:40:00-04:00,52.01,52.01,51.91,51.94,7686.0,51.947,54
2023-04-25 14:45:00-04:00,51.92,52.0,51.92,52.0,6879.0,51.957,60
2023-04-25 14:50:00-04:00,52.02,52.03,51.95,51.96,7898.0,51.993,67
2023-04-25 14:55:00-04:00,51.93,51.99,51.93,51.98,7984.0,51.964,50
2023-04-25 15:00:00-04:00,51.97,52.07,51.95,52.04,12445.0,51.997,92
2023-04-25 15:05:00-04:00,52.04,52.12,52.04,52.05,8628.0,52.08,76
2023-04-25 15:10:00-04:00,52.05,52.09,52.04,52.06,8767.0,52.07,79
2023-04-25 15:15:00-04:00,52.06,52.12,52.05,52.09,8862.0,52.083,80
2023-04-25 15:20:00-04:00,52.09,52.12,52.08,52.12,10712.0,52.099,93
2023-04-25 15:25:00-04:00,52.12,52.12,52.01,52.02,11971.0,52.055,95
2023-04-25 15:30:00-04:00,52.02,52.03,51.98,51.99,12326.0,52.008,109
2023-04-25 15:35:00-04:00,51.99,52.01,51.92,51.96,14201.0,51.964,109
2023-04-25 15:40:00-04:00,51.96,52.0,51.88,51.88,19628.0,51.939,153
2023-04-25 15:45:00-04:00,51.88,51.94,51.84,51.85,20330.0,51.88,182
2023-04-25 15:50:00-04:00,51.85,51.89,51.76,51.88,54256.0,51.847,390
2023-04-25 15:55:00-04:00,51.87,51.87,51.74,51.74,115542.0,51.788,616
2023-04-26 09:30:00-04:00,51.44,51.7,51.43,51.43,11566.0,51.46,5
2023-04-26 09:35:00-04:00,51.5,51.57,51.36,51.39,3985.0,51.448,22
2023-04-26 09:40:00-04:00,51.38,51.44,51.31,51.43,3226.0,51.389,25
2023-04-26 09:45:00-04:00,51.39,51.4,51.19,51.32,18963.0,51.269,83
2023-04-26 09:50:00-04:00,51.29,51.37,51.24,51.25,7678.0,51.285,58
2023-04-26 09:55:00-04:00,51.25,51.33,51.17,51.33,9612.0,51.224,76
2023-04-26 10:00:00-04:00,51.3,51.47,51.29,51.45,5239.0,51.357,40
2023-04-26 10:05:00-04:00,51.47,51.52,51.38,51.39,4185.0,51.441,39
2023-04-26 10:10:00-04:00,51.39,51.41,51.23,51.25,5130.0,51.288,48
2023-04-26 10:15:00-04:00,51.25,51.29,51.19,51.21,5273.0,51.25,33
2023-04-26 10:20:00-04:00,51.21,51.31,51.2,51.29,5052.0,51.248,43
2023-04-26 10:25:00-04:00,51.29,51.29,51.15,51.26,4923.0,51.228,41
2023-04-26 10:30:00-04:00,51.28,51.35,51.28,51.33,3298.0,51.325,28
2023-04-26 10:35:00-04:00,51.33,51.39,51.33,51.37,3718.0,51.364,35
2023-04-26 10:40:00-04:00,51.38,51.46,51.36,51.46,3827.0,51.422,29
2023-04-26 10:45:00-04:00,51.46,51.46,51.41,51.44,4202.0,51.441,35
2023-04-26 10:50:00-04:00,51.42,51.45,51.36,51.42,6334.0,51.395,47
2023-04-26 10:55:00-04:00,51.44,51.54,51.44,51.54,3430.0,51.48,26
2023-04-26 11:00:00-04:00,51.52,51.56,51.51,51.55,3384.0,51.527,18
2023-04-26 11:05:00-04:00,51.57,51.67,51.57,51.65,2207.0,51.63,21
2023-04-26 11:10:00-04:00,51.66,51.69,51.62,51.67,3713.0,51.662,22
2023-04-26 11:15:00-04:00,51.68,51.74,51.67,51.74,4708.0,51.684,10
2023-04-26 11:20:00-04:00,51.72,51.74,51.63,51.63,3459.0,51.691,21
2023-04-26 11:25:00-04:00,51.63,51.63,51.55,51.57,4523.0,51.597,32
2023-04-26 11:30:00-04:00,51.6,51.62,51.55,51.55,2115.0,51.573,12
2023-04-26 11:35:00-04:00,51.48,51.49,51.41,51.43,3206.0,51.452,28
2023-04-26 11:40:00-04:00,51.44,51.48,51.39,51.48,3171.0,51.453,23
2023-04-26 11:45:00-04:00,51.5,51.56,51.49,51.53,3469.0,51.532,31
2023-04-26 11:50:00-04:00,51.53,51.62,51.51,51.62,6313.0,51.566,59
2023-04-26 11:55:00-04:00,51.62,51.65,51.59,51.61,2984.0,51.618,21
2023-04-26 12:00:00-04:00,51.65,51.68,51.64,51.65,1004.0,51.661,9
2023-04-26 12:05:00-04:00,51.64,51.67,51.61,51.61,3850.0,51.646,36
2023-04-26 12:10:00-04:00,51.6,51.62,51.58,51.61,6788.0,51.596,45
2023-04-26 12:15:00-04:00,51.62,51.65,51.55,51.55,4213.0,51.592,40
2023-04-26 12:20:00-04:00,51.55,51.58,51.51,51.53,6998.0,51.563,60
2023-04-26 12:25:00-04:00,51.54,51.56,51.52,51.54,5221.0,51.544,48
2023-04-26 12:30:00-04:00,51.54,51.59,51.53,51.53,4370.0,51.558,41
2023-04-26 12:35:00-04:00,51.53,51.63,51.52,51.63,11734.0,51.547,96
2023-04-26 12:40:00-04:00,51.61,51.62,51.55,51.59,2198.0,51.583,21
2023-04-26 12:45:00-04:00,51.61,51.67,51.59,51.67,5710.0,51.621,38
2023-04-26 12:50:00-04:00,51.66,51.66,51.6,51.64,3310.0,51.631,26
2023-04-26 12:55:00-04:00,51.65,51.66,51.6,51.62,4984.0,51.627,35
2023-04-26 13:00:00-04:00,51.65,51.71,51.64,51.7,5250.0,51.673,44
2023-04-26 13:05:00-04:00,51.71,51.72,51.65,51.67,4752.0,51.688,38
2023-04-26 13:10:00-04:00,51.67,51.7,51.66,51.69,2101.0,51.677,21
2023-04-26 13:15:00-04:00,51.7,51.74,51.7,51.73,4935.0,51.719,42
2023-04-26 13:20:00-04:00,51.71,51.71,51.65,51.65,3843.0,51.677,32
2023-04-26 13:25:00-04:00,51.62,51.62,51.57,51.6,2059.0,51.594,18
2023-04-26 13:30:00-04:00,51.62,51.64,51.59,51.63,2766.0,51.614,23
2023-04-26 13:35:00-04:00,51.62,51.62,51.58,51.61,4263.0,51.603,35
2023-04-26 13:40:00-04:00,51.6,51.64,51.6,51.61,1897.0,51.625,18
2023-04-26 13:45:00-04:00,51.6,51.61,51.56,51.57,4170.0,51.596,33
2023-04-26 13:50:00-04:00,51.55,51.6,51.54,51.6,6027.0,51.561,47
2023-04-26 13:55:00-04:00,51.6,51.63,51.56,51.62,8104.0,51.594,73
2023-04-26 14:00:00-04:00,51.62,51.65,51.57,51.6,4620.0,51.606,40
2023-04-26 14:05:00-04:00,51.6,51.6,51.54,51.54,5591.0,51.565,48
2023-04-26 14:10:00-04:00,51.51,51.51,51.38,51.46,5009.0,51.421,44
2023-04-26 14:15:00-04:00,51.46,51.46,51.37,51.39,4567.0,51.405,36
2023-04-26 14:20:00-04:00,51.4,51.41,51.3,51.4,4975.0,51.348,32
2023-04-26 14:25:00-04:00,51.41,51.46,51.41,51.45,2880.0,51.429,25
2023-04-26 14:30:00-04:00,51.44,51.45,51.4,51.4,3056.0,51.43,27
2023-04-26 14:35:00-04:00,51.38,51.38,51.31,51.33,4596.0,51.348,37
2023-04-26 14:40:00-04:00,51.31,51.33,51.22,51.24,2867.0,51.292,26
2023-04-26 14:45:00-04:00,51.22,51.26,51.21,51.23,4026.0,51.232,29
2023-04-26 14:50:00-04:00,51.21,51.22,51.14,51.14,2699.0,51.189,22
2023-04-26 14:55:00-04:00,51.13,51.21,51.09,51.16,7242.0,51.156,60
2023-04-26 15:00:00-04:00,51.14,51.17,51.12,51.16,5961.0,51.143,48
2023-04-26 15:05:00-04:00,51.17,51.23,51.17,51.22,3813.0,51.19,35
2023-04-26 15:10:00-04:00,51.23,51.28,51.22,51.27,6331.0,51.256,49
2023-04-26 15:15:00-04:00,51.28,51.28,51.22,51.23,5779.0,51.24,48
2023-04-26 15:20:00-04:00,51.22,51.22,51.16,51.18,6517.0,51.196,58
2023-04-26 15:25:00-04:00,51.19,51.27,51.18,51.26,7563.0,51.234,61
2023-04-26 15:30:00-04:00,51.27,51.31,51.26,51.3,8377.0,51.287,72
2023-04-26 15:35:00-04:00,51.29,51.3,51.25,51.27,9476.0,51.277,75
2023-04-26 15:40:00-04:00,51.3,51.3,51.2,51.21,5734.0,51.244,54
2023-04-26 15:45:00-04:00,51.21,51.26,51.19,51.23,18556.0,51.218,146
2023-04-26 15:50:00-04:00,51.23,51.25,51.15,51.22,24683.0,51.203,193
2023-04-26 15:55:00-04:00,51.23,51.31,51.23,51.23,102758.0,51.273,613
2023-04-27 09:30:00-04:00,51.68,51.84,51.66,51.81,11863.0,51.692,6
2023-04-27 09:35:00-04:00,51.81,51.9,51.65,51.86,9463.0,51.764,66
2023-04-27 09:40:00-04:00,51.82,51.86,51.72,51.73,16833.0,51.79,122
2023-04-27 09:45:00-04:00,51.7,51.71,51.58,51.58,23347.0,51.676,113
2023-04-27 09:50:00-04:00,51.62,51.62,51.47,51.59,8293.0,51.538,61
2023-04-27 09:55:00-04:00,51.63,51.75,51.58,51.69,7915.0,51.671,71
2023-04-27 10:00:00-04:00,51.72,51.84,51.71,51.84,12095.0,51.78,99
2023-04-27 10:05:00-04:00,51.85,51.89,51.78,51.84,7166.0,51.848,48
2023-04-27 10:10:00-04:00,51.85,52.2,51.85,52.2,4592.0,52.012,39
2023-04-27 10:15:00-04:00,52.19,52.26,52.15,52.19,5063.0,52.213,47
2023-04-27 10:20:00-04:00,52.17,52.17,52.0,52.02,18521.0,52.081,64
2023-04-27 10:25:00-04:00,52.03,52.07,51.99,52.05,10958.0,52.032,89
2023-04-27 10:30:00-04:00,52.08,52.1,51.97,51.98,7064.0,52.038,58
2023-04-27 10:35:00-04:00,51.97,52.06,51.93,51.94,5471.0,52.0,52
2023-04-27 10:40:00-04:00,51.95,51.95,51.8,51.84,8553.0,51.867,71
2023-04-27 10:45:00-04:00,51.85,51.85,51.73,51.77,8469.0,51.787,71
2023-04-27 10:50:00-04:00,51.79,51.79,51.67,51.68,5366.0,51.711,48
2023-04-27 10:55:00-04:00,51.67,51.7,51.63,51.64,13620.0,51.671,118
2023-04-27 11:00:00-04:00,51.64,51.64,51.45,51.47,7423.0,51.527,65
2023-04-27 11:05:00-04:00,51.47,51.54,51.47,51.5,10679.0,51.511,87
2023-04-27 11:10:00-04:00,51.51,51.53,51.41,51.51,4282.0,51.481,42
2023-04-27 11:15:00-04:00,51.51,51.52,51.46,51.52,5802.0,51.481,54
2023-04-27 11:20:00-04:00,51.53,51.72,51.53,51.72,4155.0,51.591,36
2023-04-27 11:25:00-04:00,51.71,51.77,51.68,51.72,3198.0,51.727,26
2023-04-27 11:30:00-04:00,51.74,51.81,51.74,51.77,2878.0,51.769,24
2023-04-27 11:35:00-04:00,51.76,51.76,51.63,51.66,8193.0,51.66,43
2023-04-27 11:40:00-04:00,51.65,51.76,51.64,51.7,4695.0,51.704,40
2023-04-27 11:45:00-04:00,51.66,51.69,51.64,51.69,3236.0,51.665,28
2023-04-27 11:50:00-04:00,51.68,51.76,51.68,51.75,3281.0,51.707,29
2023-04-27 11:55:00-04:00,51.76,51.94,51.75,51.92,4509.0,51.848,40
2023-04-27 12:00:00-04:00,51.95,52.06,51.95,52.05,3497.0,52.001,28
2023-04-27 12:05:00-04:00,52.05,52.05,51.9,51.94,3707.0,51.975,32
2023-04-27 12:10:00-04:00,51.95,51.98,51.93,51.98,2199.0,51.958,19
2023-04-27 12:15:00-04:00,52.0,52.11,52.0,52.08,2741.0,52.055,26
2023-04-27 12:20:00-04:00,52.07,52.18,52.04,52.18,4846.0,52.108,34
2023-04-27 12:25:00-04:00,52.17,52.21,52.13,52.16,5799.0,52.161,44
2023-04-27 12:30:00-04:00,52.18,52.18,52.09,52.1,3331.0,52.13,24
2023-04-27 12:35:00-04:00,52.12,52.12,52.0,52.0,1810.0,52.067,16
2023-04-27 12:40:00-04:00,52.0,52.05,51.98,52.04,5497.0,52.025,45
2023-04-27 12:45:00-04:00,52.05,52.1,52.05,52.09,1692.0,52.074,14
2023-04-27 12:50:00-04:00,52.11,52.22,52.11,52.21,2432.0,52.156,21
2023-04-27 12:55:00-04:00,52.22,52.25,52.22,52.25,1226.0,52.24,12
2023-04-27 13:00:00-04:00,52.26,52.32,52.23,52.32,3100.0,52.271,31
2023-04-27 13:05:00-04:00,52.3,52.3,52.24,52.27,2298.0,52.269,19
2023-04-27 13:10:00-04:00,52.28,52.3,52.26,52.29,2108.0,52.282,17
2023-04-27 13:15:00-04:00,52.29,52.33,52.28,52.29,3851.0,52.311,37
2023-04-27 13:20:00-04:00,52.3,52.36,52.3,52.33,2789.0,52.336,24
2023-04-27 13:25:00-04:00,52.34,52.42,52.34,52.42,4014.0,52.369,34
2023-04-27 13:30:00-04:00,52.42,52.46,52.41,52.44,3133.0,52.436,26
2023-04-27 13:35:00-04:00,52.45,52.45,52.41,52.43,5845.0,52.431,52
2023-04-27 13:40:00-04:00,52.43,52.43,52.38,52.4,3386.0,52.403,31
2023-04-27 13:45:00-04:00,52.41,52.48,52.4,52.48,15956.0,52.427,58
2023-04-27 13:50:00-04:00,52.49,52.52,52.48,52.49,5836.0,52.5,44
2023-04-27 13:55:00-04:00,52.45,52.45,52.34,52.37,4639.0,52.391,38
2023-04-27 14:00:00-04:00,52.32,52.32,52.28,52.29,1096.0,52.292,10
2023-04-27 14:05:00-04:00,52.28,52.28,52.2,52.25,3633.0,52.24,31
2023-04-27 14:10:00-04:00,52.26,52.3,52.26,52.29,4246.0,52.281,33
2023-04-27 14:15:00-04:00,52.29,52.43,52.29,52.43,3192.0,52.373,29
2023-04-27 14:20:00-04:00,52.44,52.45,52.41,52.45,5422.0,52.433,46
2023-04-27 14:25:00-04:00,52.45,52.56,52.44,52.56,3278.0,52.496,26
2023-04-27 14:30:00-04:00,52.55,52.6,52.54,52.59,5023.0,52.581,40
2023-04-27 14:35:00-04:00,52.6,52.62,52.55,52.59,7094.0,52.589,56
2023-04-27 14:40:00-04:00,52.6,52.6,52.55,52.6,5899.0,52.584,52
2023-04-27 14:45:00-04:00,52.61,52.62,52.57,52.58,5103.0,52.592,45
2023-04-27 14:50:00-04:00,52.59,52.65,52.59,52.62,3100.0,52.628,30
2023-04-27 14:55:00-04:00,52.61,52.69,52.61,52.69,4689.0,52.65,44
2023-04-27 15:00:00-04:00,52.69,52.71,52.65,52.7,6196.0,52.68,54
2023-04-27 15:05:00-04:00,52.7,52.7,52.53,52.55,8639.0,52.622,81
2023-04-27 15:10:00-04:00,52.54,52.56,52.5,52.55,5488.0,52.531,48
2023-04-27 15:15:00-04:00,52.55,52.64,52.55,52.6,12107.0,52.596,92
2023-04-27 15:20:00-04:00,52.6,52.6,52.53,52.58,6852.0,52.562,60
2023-04-27 15:25:00-04:00,52.59,52.63,52.53,52.53,8208.0,52.571,73
2023-04-27 15:30:00-04:00,52.54,52.6,52.54,52.56,13299.0,52.563,106
2023-04-27 15:35:00-04:00,52.55,52.66,52.55,52.62,8396.0,52.606,68
2023-04-27 15:40:00-04:00,52.63,52.67,52.62,52.65,23477.0,52.645,166
2023-04-27 15:45:00-04:00,52.65,52.78,52.63,52.75,23275.0,52.706,175
2023-04-27 15:50:00-04:00,52.74,52.74,52.65,52.7,42768.0,52.703,321
2023-04-27 15:55:00-04:00,52.69,52.74,52.61,52.73,101925.0,52.668,687
2023-04-28 09:30:00-04:00,52.85,53.04,52.76,53.04,20336.0,52.881,65
2023-04-28 09:35:00-04:00,52.98,53.15,52.93,52.99,10364.0,53.043,70
2023-04-28 09:40:00-04:00,52.95,53.01,52.92,52.97,9873.0,52.969,76
2023-04-28 09:45:00-04:00,52.98,53.1,52.91,52.91,6893.0,53.023,62
2023-04-28 09:50:00-04:00,52.94,53.04,52.93,52.98,4208.0,52.978,32
2023-04-28 09:55:00-04:00,52.98,53.04,52.91,52.91,5634.0,52.975,46
2023-04-28 10:00:00-04:00,52.87,52.99,52.83,52.99,4568.0,52.895,41
2023-04-28 10:05:00-04:00,52.98,53.18,52.96,53.16,5492.0,53.054,46
2023-04-28 10:10:00-04:00,53.19,53.32,53.19,53.3,4944.0,53.263,38
2023-04-28 10:15:00-04:00,53.28,53.36,53.28,53.29,3052.0,53.318,26
2023-04-28 10:20:00-04:00,53.27,53.43,53.26,53.43,5171.0,53.322,47
2023-04-28 10:25:00-04:00,53.46,53.49,53.39,53.49,8530.0,53.452,71
2023-04-28 10:30:00-04:00,53.5,53.57,53.41,53.5,10516.0,53.487,70
2023-04-28 10:35:00-04:00,53.5,53.5,53.18,53.28,4869.0,53.338,40
2023-04-28 10:40:00-04:00,53.33,53.33,53.24,53.33,2639.0,53.283,21
2023-04-28 10:45:00-04:00,53.29,53.46,53.28,53.44,4354.0,53.362,34
2023-04-28 10:50:00-04:00,53.43,53.51,53.43,53.47,10608.0,53.489,84
2023-04-28 10:55:00-04:00,53.49,53.5,53.25,53.31,9186.0,53.343,75
2023-04-28 11:00:00-04:00,53.29,53.29,53.09,53.09,5081.0,53.147,38
2023-04-28 11:05:00-04:00,53.1,53.31,53.09,53.31,3873.0,53.196,26
2023-04-28 11:10:00-04:00,53.32,53.38,53.32,53.36,2334.0,53.353,19
2023-04-28 11:15:00-04:00,53.35,53.44,53.35,53.43,3106.0,53.395,26
2023-04-28 11:20:00-04:00,53.45,53.46,53.39,53.39,2274.0,53.43,19
2023-04-28 11:25:00-04:00,53.41,53.46,53.4,53.41,5092.0,53.434,44
2023-04-28 11:30:00-04:00,53.44,53.5,53.4,53.4,4385.0,53.467,38
2023-04-28 11:35:00-04:00,53.42,53.45,53.38,53.38,2785.0,53.405,21
2023-04-28 11:40:00-04:00,53.36,53.38,53.35,53.38,1779.0,53.369,15
2023-04-28 11:45:00-04:00,53.4,53.45,53.35,53.45,4570.0,53.385,36
2023-04-28 11:50:00-04:00,53.45,53.45,53.36,53.36,3879.0,53.397,27
2023-04-28 11:55:00-04:00,53.34,53.44,53.33,53.42,4431.0,53.387,37
2023-04-28 12:00:00-04:00,53.43,53.43,53.36,53.38,3470.0,53.39,26
2023-04-28 12:05:00-04:00,53.41,53.44,53.4,53.43,5252.0,53.422,41
2023-04-28 12:10:00-04:00,53.44,53.48,53.44,53.46,1672.0,53.462,11
2023-04-28 12:15:00-04:00,53.44,53.45,53.37,53.38,3311.0,53.417,25
2023-04-28 12:20:00-04:00,53.36,53.49,53.35,53.49,3074.0,53.404,25
2023-04-28 12:25:00-04:00,53.47,53.5,53.43,53.5,4687.0,53.462,37
2023-04-28 12:30:00-04:00,53.5,53.5,53.4,53.45,7550.0,53.44,46
2023-04-28 12:35:00-04:00,53.45,53.46,53.42,53.43,1570.0,53.438,13
2023-04-28 12:40:00-04:00,53.44,53.5,53.44,53.5,10152.0,53.491,78
2023-04-28 12:45:00-04:00,53.5,53.5,53.45,53.46,2463.0,53.487,23
2023-04-28 12:50:00-04:00,53.45,53.45,53.41,53.44,2716.0,53.433,23
2023-04-28 12:55:00-04:00,53.44,53.48,53.43,53.47,5231.0,53.461,33
2023-04-28 13:00:00-04:00,53.44,53.44,53.31,53.38,4006.0,53.365,38
2023-04-28 13:05:00-04:00,53.4,53.4,53.34,53.35,5042.0,53.37,32
2023-04-28 13:10:00-04:00,53.32,53.39,53.31,53.35,3913.0,53.356,22
2023-04-28 13:15:00-04:00,53.34,53.36,53.28,53.31,3626.0,53.312,31
2023-04-28 13:20:00-04:00,53.31,53.31,53.26,53.29,1533.0,53.289,14
2023-04-28 13:25:00-04:00,53.3,53.33,53.27,53.31,3773.0,53.308,26
2023-04-28 13:30:00-04:00,53.32,53.37,53.32,53.33,3205.0,53.349,20
2023-04-28 13:35:00-04:00,53.33,53.34,53.24,53.3,7836.0,53.294,61
2023-04-28 13:40:00-04:00,53.3,53.32,53.23,53.23,3343.0,53.286,31
2023-04-28 13:45:00-04:00,53.23,53.26,53.2,53.21,2963.0,53.237,17
2023-04-28 13:50:00-04:00,53.22,53.22,53.15,53.16,3636.0,53.187,32
2023-04-28 13:55:00-04:00,53.15,53.18,53.14,53.15,2498.0,53.156,23
2023-04-28 14:00:00-04:00,53.17,53.24,53.17,53.24,3462.0,53.203,25
2023-04-28 14:05:00-04:00,53.24,53.24,53.17,53.18,4691.0,53.209,41
2023-04-28 14:10:00-04:00,53.17,53.17,53.05,53.09,4839.0,53.106,39
2023-04-28 14:15:00-04:00,53.08,53.13,53.08,53.1,4956.0,53.104,42
2023-04-28 14:20:00-04:00,53.1,53.12,53.01,53.02,5313.0,53.048,42
2023-04-28 14:25:00-04:00,52.99,52.99,52.91,52.96,3853.0,52.958,33
2023-04-28 14:30:00-04:00,52.97,52.98,52.92,52.95,5073.0,52.948,43
2023-04-28 14:35:00-04:00,52.91,52.91,52.87,52.88,4158.0,52.895,36
2023-04-28 14:40:00-04:00,52.91,52.99,52.89,52.93,6125.0,52.928,40
2023-04-28 14:45:00-04:00,52.91,52.93,52.81,52.86,5335.0,52.866,41
2023-04-28 14:50:00-04:00,52.87,52.88,52.85,52.88,2538.0,52.87,16
2023-04-28 14:55:00-04:00,52.86,52.94,52.86,52.94,4695.0,52.912,39
2023-04-28 15:00:00-04:00,52.95,53.02,52.95,52.98,2483.0,52.99,19
2023-04-28 15:05:00-04:00,52.99,53.0,52.94,52.97,4521.0,52.98,41
2023-04-28 15:10:00-04:00,52.96,52.97,52.92,52.94,3503.0,52.947,26
2023-04-28 15:15:00-04:00,52.96,53.06,52.95,53.06,5404.0,53.007,45
2023-04-28 15:20:00-04:00,53.04,53.05,52.95,52.97,8271.0,53.006,69
2023-04-28 15:25:00-04:00,52.97,52.98,52.92,52.92,7385.0,52.946,55
2023-04-28 15:30:00-04:00,52.92,52.98,52.89,52.9,8430.0,52.927,69
2023-04-28 15:35:00-04:00,52.9,52.94,52.87,52.93,7838.0,52.904,68
2023-04-28 15:40:00-04:00,52.92,53.0,52.92,52.98,13286.0,52.943,106
2023-04-28 15:45:00-04:00,53.0,53.02,52.94,53.0,18833.0,52.983,145
2023-04-28 15:50:00-04:00,53.02,53.1,52.98,53.04,36758.0,53.035,254
2023-04-28 15:55:00-04:00,53.03,53.19,53.02,53.18,103616.0,53.134,594
2023-05-01 09:30:00-04:00,53.18,53.33,53.18,53.33,11238.0,53.19,11
2023-05-01 09:35:00-04:00,53.3,53.67,53.29,53.61,6268.0,53.542,45
2023-05-01 09:40:00-04:00,53.61,53.75,53.55,53.56,8021.0,53.651,43
2023-05-01 09:45:00-04:00,53.55,53.59,53.36,53.56,3269.0,53.5,27
2023-05-01 09:50:00-04:00,53.57,53.6,53.5,53.52,6608.0,53.545,49
2023-05-01 09:55:00-04:00,53.47,53.54,53.46,53.5,2877.0,53.51,25
2023-05-01 10:00:00-04:00,53.48,53.48,53.34,53.36,5154.0,53.375,44
2023-05-01 10:05:00-04:00,53.36,53.43,53.34,53.36,4844.0,53.385,45
2023-05-01 10:10:00-04:00,53.38,53.42,53.35,53.41,5363.0,53.382,45
2023-05-01 10:15:00-04:00,53.42,53.58,53.42,53.48,6242.0,53.493,55
2023-05-01 10:20:00-04:00,53.46,53.47,53.32,53.35,3491.0,53.392,32
2023-05-01 10:25:00-04:00,53.32,53.36,53.31,53.32,3189.0,53.342,22
2023-05-01 10:30:00-04:00,53.33,53.46,53.33,53.46,5718.0,53.4,46
2023-05-01 10:35:00-04:00,53.46,53.52,53.46,53.5,7171.0,53.478,51
2023-05-01 10:40:00-04:00,53.48,53.59,53.43,53.53,13194.0,53.502,65
2023-05-01 10:45:00-04:00,53.55,53.69,53.54,53.69,6449.0,53.637,40
2023-05-01 10:50:00-04:00,53.69,53.71,53.62,53.62,4435.0,53.679,36
2023-05-01 10:55:00-04:00,53.65,53.67,53.61,53.62,5587.0,53.649,41
2023-05-01 11:00:00-04:00,53.59,53.61,53.53,53.54,5255.0,53.573,43
2023-05-01 11:05:00-04:00,53.56,53.67,53.55,53.65,13770.0,53.588,106
2023-05-01 11:10:00-04:00,53.66,53.69,53.63,53.64,5848.0,53.664,37
2023-05-01 11:15:00-04:00,53.66,53.7,53.61,53.66,13679.0,53.661,102
2023-05-01 11:20:00-04:00,53.65,53.75,53.6,53.7,29018.0,53.665,204
2023-05-01 11:25:00-04:00,53.68,53.75,53.64,53.75,10003.0,53.681,68
2023-05-01 11:30:00-04:00,53.73,53.75,53.68,53.7,4326.0,53.707,42
2023-05-01 11:35:00-04:00,53.7,53.76,53.7,53.73,9555.0,53.747,41
2023-05-01 11:40:00-04:00,53.74,53.76,53.72,53.76,8101.0,53.738,66
2023-05-01 11:45:00-04:00,53.75,53.8,53.75,53.78,6009.0,53.772,54
2023-05-01 11:50:00-04:00,53.76,53.79,53.71,53.77,6576.0,53.753,58
2023-05-01 11:55:00-04:00,53.75,53.82,53.72,53.82,4413.0,53.752,42
2023-05-01 12:00:00-04:00,53.82,53.85,53.79,53.84,11150.0,53.827,35
2023-05-01 12:05:00-04:00,53.84,53.87,53.81,53.87,4207.0,53.835,39
2023-05-01 12:10:00-04:00,53.9,53.9,53.8,53.82,3767.0,53.851,32
2023-05-01 12:15:00-04:00,53.83,53.87,53.82,53.86,4696.0,53.847,46
2023-05-01 12:20:00-04:00,53.86,53.88,53.85,53.88,2101.0,53.871,20
2023-05-01 12:25:00-04:00,53.88,53.9,53.84,53.85,8500.0,53.872,70
2023-05-01 12:30:00-04:00,53.86,53.9,53.83,53.88,7935.0,53.868,70
2023-05-01 12:35:00-04:00,53.88,53.92,53.84,53.9,4201.0,53.886,38
2023-05-01 12:40:00-04:00,53.88,53.9,53.81,53.81,1802.0,53.857,16
2023-05-01 12:45:00-04:00,53.83,53.84,53.7,53.7,2252.0,53.795,21
2023-05-01 12:50:00-04:00,53.71,53.77,53.71,53.74,9004.0,53.733,36
2023-05-01 12:55:00-04:00,53.74,53.77,53.73,53.77,4689.0,53.747,34
2023-05-01 13:00:00-04:00,53.75,53.79,53.71,53.75,10115.0,53.747,50
2023-05-01 13:05:00-04:00,53.76,53.77,53.7,53.7,3008.0,53.748,26
2023-05-01 13:10:00-04:00,53.7,53.71,53.65,53.66,8083.0,53.685,52
2023-05-01 13:15:00-04:00,53.64,53.66,53.58,53.58,2102.0,53.626,19
2023-05-01 13:20:00-04:00,53.61,53.68,53.61,53.67,4055.0,53.64,33
2023-05-01 13:25:00-04:00,53.68,53.68,53.6,53.61,5974.0,53.634,45
2023-05-01 13:30:00-04:00,53.58,53.62,53.57,53.61,8393.0,53.601,43
2023-05-01 13:35:00-04:00,53.62,53.64,53.55,53.58,3905.0,53.604,36
2023-05-01 13:40:00-04:00,53.59,53.64,53.55,53.58,6206.0,53.602,50
2023-05-01 13:45:00-04:00,53.58,53.59,53.55,53.59,3751.0,53.575,29
2023-05-01 13:50:00-04:00,53.58,53.59,53.55,53.56,4853.0,53.578,24
2023-05-01 13:55:00-04:00,53.54,53.57,53.53,53.56,3758.0,53.552,32
2023-05-01 14:00:00-04:00,53.57,53.61,53.56,53.58,5508.0,53.581,49
2023-05-01 14:05:00-04:00,53.59,53.59,53.54,53.58,5187.0,53.563,50
2023-05-01 14:10:00-04:00,53.59,53.61,53.55,53.61,3603.0,53.586,30
2023-05-01 14:15:00-04:00,53.59,53.6,53.56,53.59,7916.0,53.588,56
2023-05-01 14:20:00-04:00,53.59,53.63,53.57,53.58,6300.0,53.601,58
2023-05-01 14:25:00-04:00,53.58,53.62,53.56,53.62,7978.0,53.595,59
2023-05-01 14:30:00-04:00,53.61,53.63,53.47,53.48,4710.0,53.552,36
2023-05-01 14:35:00-04:00,53.47,53.55,53.47,53.55,12106.0,53.509,98
2023-05-01 14:40:00-04:00,53.56,53.66,53.51,53.66,6579.0,53.558,52
2023-05-01 14:45:00-04:00,53.65,53.66,53.58,53.61,3187.0,53.621,29
2023-05-01 14:50:00-04:00,53.62,53.62,53.58,53.61,5583.0,53.606,49
2023-05-01 14:55:00-04:00,53.61,53.65,53.58,53.63,6076.0,53.614,53
2023-05-01 15:00:00-04:00,53.64,53.66,53.6,53.6,5290.0,53.633,40
2023-05-01 15:05:00-04:00,53.61,53.63,53.59,53.6,6512.0,53.612,63
2023-05-01 15:10:00-04:00,53.61,53.63,53.58,53.61,7141.0,53.61,61
2023-05-01 15:15:00-04:00,53.6,53.62,53.56,53.58,14325.0,53.595,121
2023-05-01 15:20:00-04:00,53.57,53.63,53.57,53.61,8870.0,53.609,81
2023-05-01 15:25:00-04:00,53.62,53.66,53.6,53.66,8200.0,53.628,71
2023-05-01 15:30:00-04:00,53.66,53.69,53.63,53.68,12818.0,53.664,100
2023-05-01 15:35:00-04:00,53.68,53.68,53.64,53.66,10372.0,53.66,88
2023-05-01 15:40:00-04:00,53.68,53.75,53.65,53.73,22675.0,53.706,156
2023-05-01 15:45:00-04:00,53.74,53.82,53.74,53.8,20937.0,53.781,177
2023-05-01 15:50:00-04:00,53.8,53.83,53.76,53.77,52733.0,53.803,414
2023-05-01 15:55:00-04:00,53.77,53.78,53.62,53.63,118263.0,53.7,663
2023-05-02 09:30:00-04:00,53.34,53.4,52.78,52.78,19388.0,53.12,76
2023-05-02 09:35:00-04:00,52.8,52.82,52.41,52.48,12413.0,52.549,74
2023-05-02 09:40:00-04:00,52.53,52.59,52.42,52.44,15152.0,52.501,118
2023-05-02 09:45:00-04:00,52.43,52.54,52.37,52.44,6373.0,52.466,52
2023-05-02 09:50:00-04:00,52.47,52.53,52.4,52.45,4791.0,52.473,35
2023-05-02 09:55:00-04:00,52.52,52.92,52.49,52.87,10188.0,52.648,79
2023-05-02 10:00:00-04:00,52.82,52.82,52.58,52.63,3508.0,52.681,28
2023-05-02 10:05:00-04:00,52.67,52.71,52.57,52.64,2871.0,52.671,21
2023-05-02 10:10:00-04:00,52.68,52.68,52.39,52.39,2571.0,52.518,20
2023-05-02 10:15:00-04:00,52.43,52.57,52.43,52.54,1578.0,52.528,12
2023-05-02 10:20:00-04:00,52.54,52.6,52.45,52.6,5175.0,52.513,40
2023-05-02 10:25:00-04:00,52.59,52.61,52.51,52.6,3529.0,52.566,21
2023-05-02 10:30:00-04:00,52.59,52.59,52.41,52.41,5732.0,52.539,53
2023-05-02 10:35:00-04:00,52.42,52.46,52.34,52.36,5579.0,52.401,45
2023-05-02 10:40:00-04:00,52.35,52.48,52.34,52.45,4164.0,52.434,25
2023-05-02 10:45:00-04:00,52.45,52.45,52.29,52.38,4605.0,52.366,39
2023-05-02 10:50:00-04:00,52.38,52.39,52.25,52.32,5667.0,52.336,33
2023-05-02 10:55:00-04:00,52.28,52.29,52.24,52.24,3821.0,52.263,35
2023-05-02 11:00:00-04:00,52.22,52.25,52.03,52.19,4400.0,52.119,39
2023-05-02 11:05:00-04:00,52.15,52.15,52.02,52.07,1102.0,52.077,11
2023-05-02 11:10:00-04:00,52.07,52.09,51.96,52.06,24177.0,52.003,133
2023-05-02 11:15:00-04:00,52.07,52.08,51.97,51.97,2576.0,52.031,23
2023-05-02 11:20:00-04:00,51.99,52.05,51.98,52.0,3768.0,52.019,32
2023-05-02 11:25:00-04:00,51.97,52.07,51.94,52.04,3672.0,52.033,26
2023-05-02 11:30:00-04:00,52.05,52.06,51.91,51.95,9644.0,51.969,65
2023-05-02 11:35:00-04:00,51.93,52.07,51.93,52.05,3640.0,52.007,33
2023-05-02 11:40:00-04:00,52.04,52.19,52.04,52.18,6902.0,52.099,54
2023-05-02 11:45:00-04:00,52.19,52.33,52.19,52.28,7535.0,52.239,54
2023-05-02 11:50:00-04:00,52.29,52.3,52.14,52.22,5468.0,52.223,50
2023-05-02 11:55:00-04:00,52.24,52.24,52.12,52.18,6947.0,52.187,49
2023-05-02 12:00:00-04:00,52.18,52.21,52.04,52.09,6172.0,52.11,41
2023-05-02 12:05:00-04:00,52.08,52.14,51.97,51.97,9271.0,52.086,49
2023-05-02 12:10:00-04:00,51.98,51.99,51.92,51.98,10043.0,51.953,94
2023-05-02 12:15:00-04:00,52.0,52.11,51.97,52.11,7427.0,52.036,53
2023-05-02 12:20:00-04:00,52.07,52.13,52.02,52.13,4692.0,52.093,41
2023-05-02 12:25:00-04:00,52.14,52.19,52.09,52.19,7426.0,52.153,60
2023-05-02 12:30:00-04:00,52.18,52.18,52.11,52.14,5831.0,52.127,41
2023-05-02 12:35:00-04:00,52.12,52.23,52.12,52.17,7928.0,52.184,66
2023-05-02 12:40:00-04:00,52.18,52.26,52.15,52.2,5984.0,52.208,42
2023-05-02 12:45:00-04:00,52.19,52.24,52.17,52.23,4835.0,52.207,40
2023-05-02 12:50:00-04:00,52.24,52.37,52.23,52.35,4995.0,52.312,42
2023-05-02 12:55:00-04:00,52.34,52.4,52.25,52.37,5925.0,52.333,47
2023-05-02 13:00:00-04:00,52.39,52.44,52.34,52.44,5951.0,52.39,48
2023-05-02 13:05:00-04:00,52.44,52.5,52.36,52.36,7161.0,52.433,46
2023-05-02 13:10:00-04:00,52.37,52.42,52.3,52.3,4833.0,52.383,33
2023-05-02 13:15:00-04:00,52.33,52.4,52.33,52.33,8410.0,52.363,66
2023-05-02 13:20:00-04:00,52.35,52.5,52.33,52.5,5604.0,52.402,49
2023-05-02 13:25:00-04:00,52.49,52.54,52.46,52.46,5650.0,52.491,39
2023-05-02 13:30:00-04:00,52.47,52.49,52.4,52.44,7875.0,52.445,58
2023-05-02 13:35:00-04:00,52.45,52.51,52.4,52.47,8671.0,52.458,64
2023-05-02 13:40:00-04:00,52.46,52.51,52.46,52.51,7222.0,52.488,50
2023-05-02 13:45:00-04:00,52.52,52.61,52.48,52.61,8233.0,52.524,47
2023-05-02 13:50:00-04:00,52.62,52.66,52.55,52.55,10509.0,52.617,74
2023-05-02 13:55:00-04:00,52.59,52.62,52.47,52.49,11894.0,52.551,48
2023-05-02 14:00:00-04:00,52.45,52.48,52.35,52.38,8519.0,52.394,53
2023-05-02 14:05:00-04:00,52.36,52.37,52.26,52.3,4354.0,52.325,41
2023-05-02 14:10:00-04:00,52.31,52.31,52.08,52.08,4757.0,52.208,38
2023-05-02 14:15:00-04:00,52.07,52.23,52.04,52.23,9251.0,52.142,69
2023-05-02 14:20:00-04:00,52.24,52.26,52.14,52.14,5900.0,52.19,47
2023-05-02 14:25:00-04:00,52.13,52.17,52.08,52.17,7376.0,52.135,45
2023-05-02 14:30:00-04:00,52.16,52.17,52.07,52.1,12880.0,52.109,92
2023-05-02 14:35:00-04:00,52.1,52.21,52.1,52.12,12951.0,52.157,79
2023-05-02 14:40:00-04:00,52.15,52.17,52.12,52.17,7711.0,52.144,54
2023-05-02 14:45:00-04:00,52.15,52.37,52.15,52.37,10077.0,52.22,69
2023-05-02 14:50:00-04:00,52.35,52.42,52.25,52.25,12158.0,52.328,89
2023-05-02 14:55:00-04:00,52.27,52.38,52.23,52.33,19865.0,52.293,108
2023-05-02 15:00:00-04:00,52.35,52.36,52.26,52.27,10496.0,52.31,83
2023-05-02 15:05:00-04:00,52.29,52.33,52.26,52.3,9760.0,52.287,79
2023-05-02 15:10:00-04:00,52.32,52.4,52.31,52.38,10987.0,52.369,78
2023-05-02 15:15:00-04:00,52.4,52.43,52.32,52.38,9220.0,52.363,79
2023-05-02 15:20:00-04:00,52.38,52.45,52.35,52.4,11480.0,52.402,90
2023-05-02 15:25:00-04:00,52.39,52.46,52.35,52.43,13675.0,52.418,101
2023-05-02 15:30:00-04:00,52.45,52.45,52.34,52.35,18831.0,52.374,155
2023-05-02 15:35:00-04:00,52.36,52.36,52.27,52.32,22231.0,52.316,183
2023-05-02 15:40:00-04:00,52.32,52.34,52.26,52.28,26945.0,52.293,227
2023-05-02 15:45:00-04:00,52.29,52.29,52.18,52.23,31081.0,52.218,258
2023-05-02 15:50:00-04:00,52.22,52.37,52.19,52.37,43470.0,52.27,341
2023-05-02 15:55:00-04:00,52.37,52.45,52.34,52.36,81542.0,52.39,501
2023-05-03 09:30:00-04:00,52.73,52.73,52.38,52.55,28661.0,52.691,45
2023-05-03 09:35:00-04:00,52.6,52.77,52.5,52.73,7077.0,52.647,57
2023-05-03 09:40:00-04:00,52.71,52.74,52.57,52.6,3686.0,52.646,27
2023-05-03 09:45:00-04:00,52.63,52.91,52.63,52.84,8090.0,52.803,68
2023-05-03 09:50:00-04:00,52.89,53.0,52.76,52.82,7288.0,52.893,60
2023-05-03 09:55:00-04:00,52.81,52.81,52.73,52.8,4903.0,52.77,37
2023-05-03 10:00:00-04:00,52.8,52.84,52.72,52.75,8863.0,52.788,69
2023-05-03 10:05:00-04:00,52.76,52.77,52.69,52.73,3508.0,52.731,27
2023-05-03 10:10:00-04:00,52.74,52.79,52.58,52.61,7836.0,52.697,38
2023-05-03 10:15:00-04:00,52.63,52.74,52.6,52.74,4414.0,52.667,36
2023-05-03 10:20:00-04:00,52.76,52.8,52.72,52.8,3080.0,52.761,29
2023-05-03 10:25:00-04:00,52.8,52.85,52.71,52.72,3898.0,52.782,27
2023-05-03 10:30:00-04:00,52.74,52.79,52.71,52.71,3723.0,52.742,29
2023-05-03 10:35:00-04:00,52.72,52.78,52.61,52.61,3815.0,52.693,33
2023-05-03 10:40:00-04:00,52.62,52.64,52.49,52.5,9815.0,52.566,83
2023-05-03 10:45:00-04:00,52.51,52.55,52.34,52.52,12678.0,52.461,89
2023-05-03 10:50:00-04:00,52.57,52.6,52.5,52.51,4721.0,52.555,36
2023-05-03 10:55:00-04:00,52.53,52.6,52.48,52.48,3242.0,52.548,22
2023-05-03 11:00:00-04:00,52.48,52.48,52.36,52.37,2656.0,52.409,23
2023-05-03 11:05:00-04:00,52.37,52.38,52.28,52.31,5943.0,52.321,45
2023-05-03 11:10:00-04:00,52.34,52.41,52.29,52.41,12652.0,52.347,100
2023-05-03 11:15:00-04:00,52.4,52.52,52.36,52.51,5629.0,52.445,43
2023-05-03 11:20:00-04:00,52.47,52.55,52.45,52.52,6484.0,52.509,54
2023-05-03 11:25:00-04:00,52.51,52.53,52.46,52.5,4925.0,52.504,26
2023-05-03 11:30:00-04:00,52.47,52.58,52.45,52.53,7540.0,52.515,55
2023-05-03 11:35:00-04:00,52.55,52.65,52.55,52.63,7558.0,52.608,61
2023-05-03 11:40:00-04:00,52.61,52.61,52.51,52.55,6397.0,52.549,54
2023-05-03 11:45:00-04:00,52.58,52.68,52.57,52.65,6286.0,52.631,54
2023-05-03 11:50:00-04:00,52.65,52.71,52.64,52.67,11035.0,52.664,68
2023-05-03 11:55:00-04:00,52.68,52.75,52.68,52.72,9432.0,52.721,67
2023-05-03 12:00:00-04:00,52.71,52.77,52.7,52.76,5178.0,52.742,38
2023-05-03 12:05:00-04:00,52.74,52.74,52.69,52.71,8251.0,52.726,55
2023-05-03 12:10:00-04:00,52.69,52.69,52.56,52.62,8429.0,52.622,55
2023-05-03 12:15:00-04:00,52.61,52.66,52.6,52.63,8745.0,52.634,44
2023-05-03 12:20:00-04:00,52.61,52.69,52.6,52.68,13950.0,52.651,80
2023-05-03 12:25:00-04:00,52.66,52.91,52.65,52.91,15918.0,52.792,98
2023-05-03 12:30:00-04:00,52.89,52.92,52.83,52.83,7640.0,52.896,56
2023-05-03 12:35:00-04:00,52.81,52.89,52.81,52.84,5902.0,52.846,50
2023-05-03 12:40:00-04:00,52.82,52.87,52.8,52.84,4390.0,52.841,38
2023-05-03 12:45:00-04:00,52.85,52.9,52.83,52.86,4448.0,52.872,31
2023-05-03 12:50:00-04:00,52.87,52.94,52.87,52.92,7643.0,52.908,66
2023-05-03 12:55:00-04:00,52.92,52.96,52.89,52.96,6482.0,52.927,49
2023-05-03 13:00:00-04:00,52.95,53.04,52.93,52.95,11449.0,52.977,81
2023-05-03 13:05:00-04:00,52.92,52.96,52.92,52.94,6677.0,52.944,48
2023-05-03 13:10:00-04:00,52.96,53.0,52.9,52.95,11449.0,52.96,89
2023-05-03 13:15:00-04:00,52.95,53.03,52.94,53.01,5411.0,52.979,45
2023-05-03 13:20:00-04:00,52.99,53.07,52.99,53.05,6944.0,53.027,45
2023-05-03 13:25:00-04:00,53.07,53.17,53.05,53.14,8327.0,53.109,64
2023-05-03 13:30:00-04:00,53.13,53.16,53.09,53.12,3684.0,53.111,31
2023-05-03 13:35:00-04:00,53.1,53.13,53.03,53.05,6385.0,53.067,45
2023-05-03 13:40:00-04:00,53.07,53.14,53.07,53.11,3736.0,53.104,32
2023-05-03 13:45:00-04:00,53.11,53.14,53.06,53.09,2610.0,53.089,24
2023-05-03 13:50:00-04:00,53.09,53.1,53.05,53.05,3044.0,53.073,26
2023-05-03 13:55:00-04:00,53.06,53.14,53.06,53.08,4563.0,53.099,40
2023-05-03 14:00:00-04:00,53.05,53.12,52.86,52.95,5408.0,53.005,49
2023-05-03 14:05:00-04:00,52.96,53.06,52.87,53.0,3971.0,52.98,31
2023-05-03 14:10:00-04:00,52.99,53.02,52.84,53.02,4490.0,52.917,35
2023-05-03 14:15:00-04:00,53.04,53.08,53.0,53.02,7308.0,53.036,62
2023-05-03 14:20:00-04:00,53.03,53.2,53.03,53.17,8083.0,53.14,62
2023-05-03 14:25:00-04:00,53.17,53.22,53.08,53.08,12556.0,53.184,112
2023-05-03 14:30:00-04:00,53.1,53.11,52.99,53.05,6939.0,53.053,54
2023-05-03 14:35:00-04:00,52.99,53.22,52.78,53.21,8307.0,52.978,64
2023-05-03 14:40:00-04:00,53.25,53.34,53.06,53.18,10937.0,53.231,92
2023-05-03 14:45:00-04:00,53.2,53.29,53.15,53.23,6879.0,53.222,62
2023-05-03 14:50:00-04:00,53.23,53.29,53.05,53.22,9241.0,53.186,86
2023-05-03 14:55:00-04:00,53.25,53.41,53.19,53.36,11275.0,53.303,92
2023-05-03 15:00:00-04:00,53.33,53.37,53.11,53.15,8931.0,53.221,79
2023-05-03 15:05:00-04:00,53.18,53.34,52.95,53.05,16908.0,53.123,151
2023-05-03 15:10:00-04:00,53.03,53.03,52.77,52.79,27509.0,52.874,209
2023-05-03 15:15:00-04:00,52.77,53.0,52.72,52.89,12868.0,52.839,112
2023-05-03 15:20:00-04:00,52.83,52.84,52.59,52.8,13409.0,52.737,113
2023-05-03 15:25:00-04:00,52.8,52.91,52.55,52.61,16043.0,52.796,146
2023-05-03 15:30:00-04:00,52.58,52.65,52.48,52.56,22435.0,52.576,191
2023-05-03 15:35:00-04:00,52.58,52.58,52.46,52.46,26132.0,52.518,217
2023-05-03 15:40:00-04:00,52.46,52.46,52.34,52.36,35695.0,52.39,276
2023-05-03 15:45:00-04:00,52.37,52.41,52.23,52.26,40452.0,52.311,304
2023-05-03 15:50:00-04:00,52.25,52.3,52.15,52.2,61020.0,52.206,440
2023-05-03 15:55:00-04:00,52.19,52.31,52.14,52.26,124388.0,52.233,801
2023-05-04 09:30:00-04:00,56.96,59.91,56.4,58.5,160179.0,58.594,768
2023-05-04 09:35:00-04:00,58.62,58.82,58.04,58.04,111308.0,58.442,751
2023-05-04 09:40:00-04:00,58.0,58.37,57.62,58.23,77335.0,58.073,519
2023-05-04 09:45:00-04:00,58.23,58.78,58.15,58.29,82948.0,58.488,520
2023-05-04 09:50:00-04:00,58.27,58.74,58.21,58.54,88207.0,58.551,608
2023-05-04 09:55:00-04:00,58.53,58.62,58.0,58.21,117214.0,58.411,705
2023-05-04 10:00:00-04:00,58.23,59.0,58.06,58.95,62984.0,58.691,400
2023-05-04 10:05:00-04:00,58.95,59.2,58.91,59.1,49937.0,59.076,362
2023-05-04 10:10:00-04:00,59.09,59.17,58.81,59.13,84197.0,58.992,400
2023-05-04 10:15:00-04:00,59.13,59.71,59.12,59.66,52598.0,59.361,408
2023-05-04 10:20:00-04:00,59.63,60.07,59.44,60.07,85551.0,59.744,412
2023-05-04 10:25:00-04:00,60.0,60.46,59.68,60.06,81424.0,60.089,442
2023-05-04 10:30:00-04:00,60.05,60.35,59.82,59.97,35807.0,60.123,248
2023-05-04 10:35:00-04:00,59.99,60.18,59.54,59.76,61749.0,59.897,318
2023-05-04 10:40:00-04:00,59.69,60.49,59.68,60.28,48668.0,60.116,245
2023-05-04 10:45:00-04:00,60.29,60.94,60.19,60.89,49452.0,60.634,330
2023-05-04 10:50:00-04:00,60.88,61.13,60.66,60.77,68435.0,60.871,412
2023-05-04 10:55:00-04:00,60.8,61.07,60.15,60.15,37150.0,60.762,249
2023-05-04 11:00:00-04:00,60.12,60.47,60.0,60.39,30216.0,60.28,228
2023-05-04 11:05:00-04:00,60.44,61.07,60.44,60.8,40162.0,60.828,316
2023-05-04 11:10:00-04:00,60.8,61.05,60.62,60.62,56974.0,60.834,311
2023-05-04 11:15:00-04:00,60.51,60.58,59.07,60.15,107176.0,59.73,693
2023-05-04 11:20:00-04:00,60.14,60.18,59.33,59.85,86248.0,59.802,482
2023-05-04 11:25:00-04:00,59.96,59.96,59.57,59.71,55900.0,59.802,389
2023-05-04 11:30:00-04:00,59.66,59.82,59.25,59.29,49968.0,59.493,375
2023-05-04 11:35:00-04:00,59.29,59.46,58.8,58.87,32797.0,59.272,226
2023-05-04 11:40:00-04:00,58.88,59.14,58.83,58.96,28413.0,59.009,214
2023-05-04 11:45:00-04:00,58.94,59.51,58.94,59.46,43714.0,59.302,224
2023-05-04 11:50:00-04:00,59.45,59.46,59.18,59.23,17811.0,59.327,137
2023-05-04 11:55:00-04:00,59.19,59.27,58.53,58.56,47305.0,58.87,326
2023-05-04 12:00:00-04:00,58.55,58.95,58.47,58.79,78787.0,58.661,539
2023-05-04 12:05:00-04:00,58.72,59.03,58.72,58.8,39087.0,58.877,193
2023-05-04 12:10:00-04:00,58.82,58.86,58.53,58.67,26397.0,58.683,201
2023-05-04 12:15:00-04:00,58.67,59.31,58.63,59.28,22522.0,59.073,180
2023-05-04 12:20:00-04:00,59.3,59.46,59.28,59.41,18475.0,59.367,158
2023-05-04 12:25:00-04:00,59.45,59.63,59.39,59.52,22134.0,59.528,185
2023-05-04 12:30:00-04:00,59.56,59.61,59.36,59.54,16936.0,59.487,142
2023-05-04 12:35:00-04:00,59.54,59.77,59.52,59.69,28372.0,59.667,195
2023-05-04 12:40:00-04:00,59.68,59.89,59.67,59.82,35934.0,59.766,133
2023-05-04 12:45:00-04:00,59.84,59.91,59.59,59.76,27419.0,59.748,140
2023-05-04 12:50:00-04:00,59.77,59.82,59.62,59.62,15876.0,59.735,136
2023-05-04 12:55:00-04:00,59.6,59.86,59.6,59.8,14218.0,59.728,126
2023-05-04 13:00:00-04:00,59.8,59.82,59.54,59.66,16070.0,59.687,134
2023-05-04 13:05:00-04:00,59.63,59.77,59.56,59.63,13953.0,59.657,117
2023-05-04 13:10:00-04:00,59.63,59.75,59.44,59.54,15356.0,59.561,119
2023-05-04 13:15:00-04:00,59.54,59.99,59.47,59.99,36491.0,59.758,273
2023-05-04 13:20:00-04:00,60.0,60.53,59.98,60.52,40814.0,60.271,330
2023-05-04 13:25:00-04:00,60.49,60.49,60.24,60.32,31786.0,60.396,271
2023-05-04 13:30:00-04:00,60.34,60.44,60.28,60.42,23213.0,60.379,198
2023-05-04 13:35:00-04:00,60.4,60.4,60.15,60.24,35750.0,60.26,289
2023-05-04 13:40:00-04:00,60.27,60.3,60.12,60.27,22948.0,60.227,169
2023-05-04 13:45:00-04:00,60.28,60.28,60.11,60.27,42534.0,60.187,236
2023-05-04 13:50:00-04:00,60.27,60.27,59.98,60.0,22765.0,60.118,147
2023-05-04 13:55:00-04:00,59.98,60.08,59.9,59.95,14514.0,60.002,115
2023-05-04 14:00:00-04:00,59.95,59.95,59.71,59.76,21990.0,59.848,139
2023-05-04 14:05:00-04:00,59.78,59.85,59.54,59.56,12292.0,59.676,105
2023-05-04 14:10:00-04:00,59.58,59.7,59.56,59.62,15918.0,59.625,117
2023-05-04 14:15:00-04:00,59.63,59.66,59.59,59.64,16844.0,59.624,115
2023-05-04 14:20:00-04:00,59.64,59.71,59.45,59.63,38172.0,59.577,250
2023-05-04 14:25:00-04:00,59.63,59.74,59.63,59.72,17263.0,59.686,119
2023-05-04 14:30:00-04:00,59.71,59.79,59.69,59.77,25104.0,59.739,192
2023-05-04 14:35:00-04:00,59.78,59.86,59.78,59.79,16242.0,59.815,115
2023-05-04 14:40:00-04:00,59.76,59.91,59.73,59.87,15694.0,59.833,117
2023-05-04 14:45:00-04:00,59.81,59.82,59.65,59.7,23495.0,59.74,160
2023-05-04 14:50:00-04:00,59.69,59.71,59.52,59.67,25828.0,59.633,165
2023-05-04 14:55:00-04:00,59.68,59.71,59.64,59.68,18745.0,59.675,147
2023-05-04 15:00:00-04:00,59.68,59.75,59.65,59.75,40520.0,59.711,361
2023-05-04 15:05:00-04:00,59.75,59.88,59.73,59.73,25349.0,59.804,212
2023-05-04 15:10:00-04:00,59.73,59.77,59.56,59.59,18737.0,59.678,132
2023-05-04 15:15:00-04:00,59.6,59.6,59.41,59.42,19985.0,59.5,157
2023-05-04 15:20:00-04:00,59.43,59.5,59.37,59.46,30509.0,59.446,255
2023-05-04 15:25:00-04:00,59.46,59.46,59.22,59.25,33043.0,59.366,277
2023-05-04 15:30:00-04:00,59.25,59.43,59.21,59.39,40407.0,59.332,325
2023-05-04 15:35:00-04:00,59.39,59.5,59.33,59.45,38146.0,59.414,332
2023-05-04 15:40:00-04:00,59.46,59.53,59.16,59.16,47447.0,59.395,372
2023-05-04 15:45:00-04:00,59.16,59.22,59.02,59.22,52032.0,59.119,454
2023-05-04 15:50:00-04:00,59.2,59.24,59.07,59.15,96966.0,59.172,758
2023-05-04 15:55:00-04:00,59.15,59.3,59.13,59.25,229141.0,59.244,1373
2023-05-05 09:30:00-04:00,59.47,59.5,58.32,58.5,55539.0,59.319,128
2023-05-05 09:35:00-04:00,58.52,58.83,58.3,58.46,49706.0,58.509,246
2023-05-05 09:40:00-04:00,58.41,58.6,58.15,58.5,39360.0,58.365,253
2023-05-05 09:45:00-04:00,58.43,58.47,57.94,58.21,37736.0,58.197,264
2023-05-05 09:50:00-04:00,58.2,58.2,57.67,57.81,27589.0,57.863,176
2023-05-05 09:55:00-04:00,57.76,57.87,57.73,57.75,17770.0,57.795,119
2023-05-05 10:00:00-04:00,57.79,57.87,57.6,57.61,54682.0,57.722,464
2023-05-05 10:05:00-04:00,57.63,57.8,57.61,57.63,24789.0,57.714,154
2023-05-05 10:10:00-04:00,57.64,57.65,57.23,57.41,17250.0,57.348,135
2023-05-05 10:15:00-04:00,57.38,57.48,57.23,57.31,15028.0,57.348,96
2023-05-05 10:20:00-04:00,57.28,57.36,57.22,57.32,26404.0,57.269,212
2023-05-05 10:25:00-04:00,57.31,57.31,57.21,57.23,24886.0,57.247,211
2023-05-05 10:30:00-04:00,57.28,57.39,57.23,57.32,9930.0,57.31,85
2023-05-05 10:35:00-04:00,57.35,57.38,57.21,57.24,11233.0,57.287,94
2023-05-05 10:40:00-04:00,57.26,57.4,57.22,57.4,16211.0,57.306,141
2023-05-05 10:45:00-04:00,57.4,57.4,57.21,57.25,14769.0,57.264,120
2023-05-05 10:50:00-04:00,57.3,57.34,57.24,57.27,9057.0,57.271,75
2023-05-05 10:55:00-04:00,57.25,57.3,56.94,57.06,29123.0,57.123,213
2023-05-05 11:00:00-04:00,57.07,57.57,57.07,57.57,22084.0,57.324,170
2023-05-05 11:05:00-04:00,57.58,57.75,57.54,57.66,28871.0,57.657,235
2023-05-05 11:10:00-04:00,57.66,58.06,57.64,58.04,15000.0,57.851,113
2023-05-05 11:15:00-04:00,58.04,58.18,58.0,58.12,30103.0,58.092,249
2023-05-05 11:20:00-04:00,58.14,58.34,58.14,58.28,26320.0,58.213,223
2023-05-05 11:25:00-04:00,58.28,58.63,58.28,58.61,22460.0,58.439,163
2023-05-05 11:30:00-04:00,58.61,58.71,58.6,58.66,26296.0,58.646,229
2023-05-05 11:35:00-04:00,58.65,58.65,58.17,58.17,40679.0,58.359,267
2023-05-05 11:40:00-04:00,58.17,58.18,58.0,58.0,38074.0,58.095,229
2023-05-05 11:45:00-04:00,58.02,58.17,58.01,58.06,12131.0,58.099,96
2023-05-05 11:50:00-04:00,58.06,58.36,58.03,58.36,9625.0,58.158,89
2023-05-05 11:55:00-04:00,58.32,58.39,58.18,58.35,12357.0,58.269,107
2023-05-05 12:00:00-04:00,58.33,58.33,58.06,58.07,7378.0,58.187,70
2023-05-05 12:05:00-04:00,58.01,58.11,57.91,58.1,10273.0,58.001,67
2023-05-05 12:10:00-04:00,58.07,58.08,57.98,57.99,6171.0,58.027,54
2023-05-05 12:15:00-04:00,57.98,58.12,57.95,58.12,10251.0,58.03,68
2023-05-05 12:20:00-04:00,58.11,58.17,58.06,58.1,9226.0,58.103,82
2023-05-05 12:25:00-04:00,58.04,58.08,57.95,57.96,5481.0,57.998,44
2023-05-05 12:30:00-04:00,57.95,58.0,57.92,57.94,6328.0,57.951,48
2023-05-05 12:35:00-04:00,57.94,58.02,57.85,57.92,10887.0,57.945,88
2023-05-05 12:40:00-04:00,57.94,58.02,57.88,57.92,9352.0,57.947,85
2023-05-05 12:45:00-04:00,57.94,57.99,57.88,57.93,7738.0,57.943,68
2023-05-05 12:50:00-04:00,57.95,58.01,57.93,57.98,6614.0,57.974,50
2023-05-05 12:55:00-04:00,57.97,58.13,57.96,58.11,8697.0,58.065,75
2023-05-05 13:00:00-04:00,58.11,58.15,58.09,58.09,6151.0,58.126,53
2023-05-05 13:05:00-04:00,58.06,58.1,57.99,58.01,13396.0,58.025,68
2023-05-05 13:10:00-04:00,58.0,58.11,58.0,58.02,7722.0,58.06,70
2023-05-05 13:15:00-04:00,58.0,58.1,57.97,58.07,7275.0,58.04,65
2023-05-05 13:20:00-04:00,58.08,58.11,57.99,58.05,5651.0,58.048,49
2023-05-05 13:25:00-04:00,58.06,58.15,58.06,58.12,8577.0,58.089,74
2023-05-05 13:30:00-04:00,58.14,58.18,58.06,58.07,13380.0,58.139,110
2023-05-05 13:35:00-04:00,58.09,58.12,58.0,58.05,9694.0,58.056,66
2023-05-05 13:40:00-04:00,58.05,58.14,58.04,58.12,9209.0,58.092,87
2023-05-05 13:45:00-04:00,58.12,58.16,58.07,58.16,11504.0,58.112,90
2023-05-05 13:50:00-04:00,58.18,58.23,58.13,58.15,10506.0,58.174,82
2023-05-05 13:55:00-04:00,58.15,58.16,58.07,58.11,6911.0,58.098,58
2023-05-05 14:00:00-04:00,58.11,58.16,58.08,58.08,9527.0,58.119,83
2023-05-05 14:05:00-04:00,58.08,58.17,58.08,58.12,8243.0,58.126,75
2023-05-05 14:10:00-04:00,58.12,58.15,57.99,57.99,13338.0,58.045,117
2023-05-05 14:15:00-04:00,58.0,58.02,57.77,57.79,25334.0,57.924,171
2023-05-05 14:20:00-04:00,57.76,57.8,57.63,57.64,9984.0,57.719,87
2023-05-05 14:25:00-04:00,57.65,57.83,57.62,57.83,16042.0,57.694,137
2023-05-05 14:30:00-04:00,57.83,57.96,57.83,57.96,14630.0,57.9,117
2023-05-05 14:35:00-04:00,57.97,57.99,57.86,57.86,9341.0,57.936,87
2023-05-05 14:40:00-04:00,57.86,57.9,57.8,57.89,12732.0,57.838,107
2023-05-05 14:45:00-04:00,57.9,57.9,57.78,57.9,11118.0,57.838,100
2023-05-05 14:50:00-04:00,57.89,57.93,57.86,57.87,7833.0,57.901,70
2023-05-05 14:55:00-04:00,57.88,57.98,57.88,57.95,13432.0,57.936,120
2023-05-05 15:00:00-04:00,57.96,57.96,57.86,57.96,9573.0,57.909,80
2023-05-05 15:05:00-04:00,57.99,58.26,57.99,58.23,16738.0,58.09,135
2023-05-05 15:10:00-04:00,58.2,58.24,58.14,58.16,13682.0,58.179,114
2023-05-05 15:15:00-04:00,58.17,58.39,58.16,58.33,15430.0,58.316,133
2023-05-05 15:20:00-04:00,58.32,58.46,58.28,58.39,25578.0,58.392,172
2023-05-05 15:25:00-04:00,58.39,58.39,58.27,58.34,18076.0,58.345,157
2023-05-05 15:30:00-04:00,58.34,58.58,58.33,58.57,50683.0,58.46,374
2023-05-05 15:35:00-04:00,58.57,58.6,58.42,58.53,31804.0,58.519,282
2023-05-05 15:40:00-04:00,58.53,58.54,58.43,58.44,31666.0,58.504,267
2023-05-05 15:45:00-04:00,58.43,58.46,58.24,58.44,44477.0,58.364,367
2023-05-05 15:50:00-04:00,58.43,58.53,58.42,58.51,68054.0,58.467,541
2023-05-05 15:55:00-04:00,58.5,58.63,58.44,58.63,200209.0,58.52,1294
2023-05-08 09:30:00-04:00,58.43,58.47,57.82,57.97,43193.0,58.339,59
2023-05-08 09:35:00-04:00,58.17,58.3,57.82,57.82,25380.0,58.094,144
2023-05-08 09:40:00-04:00,57.87,58.01,57.81,57.86,7034.0,57.895,53
2023-05-08 09:45:00-04:00,57.93,57.97,57.71,57.77,13028.0,57.871,94
2023-05-08 09:50:00-04:00,57.77,57.81,57.48,57.54,20503.0,57.613,173
2023-05-08 09:55:00-04:00,57.53,57.67,57.49,57.61,15441.0,57.565,120
2023-05-08 10:00:00-04:00,57.64,57.64,57.49,57.54,14391.0,57.551,120
2023-05-08 10:05:00-04:00,57.56,57.71,57.39,57.67,38714.0,57.512,275
2023-05-08 10:10:00-04:00,57.69,57.7,57.49,57.54,11315.0,57.572,95
2023-05-08 10:15:00-04:00,57.52,57.59,57.48,57.54,15429.0,57.519,123
2023-05-08 10:20:00-04:00,57.54,57.6,57.47,57.55,15896.0,57.509,141
2023-05-08 10:25:00-04:00,57.51,57.57,57.48,57.57,16877.0,57.514,114
2023-05-08 10:30:00-04:00,57.57,57.61,57.42,57.43,12363.0,57.521,85
2023-05-08 10:35:00-04:00,57.46,57.46,57.27,57.31,37170.0,57.363,188
2023-05-08 10:40:00-04:00,57.26,57.39,57.19,57.33,16440.0,57.276,128
2023-05-08 10:45:00-04:00,57.33,57.38,57.27,57.3,9065.0,57.339,77
2023-05-08 10:50:00-04:00,57.3,57.3,57.1,57.11,14968.0,57.18,129
2023-05-08 10:55:00-04:00,57.11,57.19,57.1,57.18,14095.0,57.15,103
2023-05-08 11:00:00-04:00,57.22,57.41,57.22,57.36,6900.0,57.318,68
2023-05-08 11:05:00-04:00,57.36,57.41,57.34,57.35,8565.0,57.379,69
2023-05-08 11:10:00-04:00,57.34,57.39,57.31,57.33,7877.0,57.353,68
2023-05-08 11:15:00-04:00,57.3,57.34,57.17,57.18,9292.0,57.261,78
2023-05-08 11:20:00-04:00,57.19,57.27,57.18,57.24,6260.0,57.234,56
2023-05-08 11:25:00-04:00,57.22,57.44,57.2,57.39,4187.0,57.315,41
2023-05-08 11:30:00-04:00,57.38,57.49,57.35,57.38,6581.0,57.416,44
2023-05-08 11:35:00-04:00,57.38,57.43,57.31,57.31,4815.0,57.381,34
2023-05-08 11:40:00-04:00,57.31,57.39,57.31,57.38,4650.0,57.359,38
2023-05-08 11:45:00-04:00,57.39,57.46,57.39,57.44,4246.0,57.431,37
2023-05-08 11:50:00-04:00,57.44,57.48,57.41,57.48,6733.0,57.443,53
2023-05-08 11:55:00-04:00,57.49,57.57,57.48,57.57,3909.0,57.513,32
2023-05-08 12:00:00-04:00,57.54,57.54,57.34,57.35,4750.0,57.418,42
2023-05-08 12:05:00-04:00,57.34,57.35,57.21,57.23,7187.0,57.267,53
2023-05-08 12:10:00-04:00,57.21,57.25,57.11,57.15,14938.0,57.189,116
2023-05-08 12:15:00-04:00,57.15,57.17,57.1,57.14,8287.0,57.142,56
2023-05-08 12:20:00-04:00,57.15,57.19,57.07,57.07,4785.0,57.123,41
2023-05-08 12:25:00-04:00,57.07,57.1,56.97,56.97,9514.0,57.033,68
2023-05-08 12:30:00-04:00,56.98,57.06,56.96,56.97,8272.0,57.011,66
2023-05-08 12:35:00-04:00,56.97,57.09,56.96,57.07,10895.0,57.035,57
2023-05-08 12:40:00-04:00,57.04,57.14,57.02,57.14,3996.0,57.075,34
2023-05-08 12:45:00-04:00,57.16,57.22,57.14,57.17,6649.0,57.174,61
2023-05-08 12:50:00-04:00,57.17,57.26,57.16,57.23,5241.0,57.201,45
2023-05-08 12:55:00-04:00,57.22,57.32,57.21,57.27,5004.0,57.273,46
2023-05-08 13:00:00-04:00,57.28,57.32,57.25,57.26,4587.0,57.289,38
2023-05-08 13:05:00-04:00,57.27,57.28,57.2,57.23,4743.0,57.245,42
2023-05-08 13:10:00-04:00,57.22,57.32,57.21,57.26,7401.0,57.268,62
2023-05-08 13:15:00-04:00,57.25,57.29,57.24,57.27,3897.0,57.26,33
2023-05-08 13:20:00-04:00,57.25,57.25,57.18,57.22,4699.0,57.202,44
2023-05-08 13:25:00-04:00,57.18,57.2,57.13,57.15,5015.0,57.166,42
2023-05-08 13:30:00-04:00,57.16,57.33,57.15,57.25,9091.0,57.248,70
2023-05-08 13:35:00-04:00,57.23,57.23,57.14,57.15,5397.0,57.189,48
2023-05-08 13:40:00-04:00,57.16,57.18,57.05,57.07,5944.0,57.097,45
2023-05-08 13:45:00-04:00,57.09,57.22,57.08,57.22,10751.0,57.144,63
2023-05-08 13:50:00-04:00,57.2,57.2,57.11,57.17,8802.0,57.152,77
2023-05-08 13:55:00-04:00,57.17,57.19,57.13,57.15,7981.0,57.164,73
2023-05-08 14:00:00-04:00,57.15,57.23,57.14,57.15,6679.0,57.185,61
2023-05-08 14:05:00-04:00,57.14,57.16,56.93,57.08,13605.0,57.069,122
2023-05-08 14:10:00-04:00,57.08,57.15,57.06,57.07,10096.0,57.091,82
2023-05-08 14:15:00-04:00,57.08,57.19,57.04,57.19,5556.0,57.092,40
2023-05-08 14:20:00-04:00,57.24,57.31,57.24,57.27,8204.0,57.287,53
2023-05-08 14:25:00-04:00,57.27,57.27,57.18,57.25,14204.0,57.227,121
2023-05-08 14:30:00-04:00,57.25,57.31,57.23,57.25,9821.0,57.265,71
2023-05-08 14:35:00-04:00,57.25,57.3,57.22,57.24,8469.0,57.253,75
2023-05-08 14:40:00-04:00,57.23,57.27,57.22,57.23,5224.0,57.238,48
2023-05-08 14:45:00-04:00,57.22,57.24,57.18,57.21,11527.0,57.215,99
2023-05-08 14:50:00-04:00,57.2,57.23,57.16,57.17,9421.0,57.2,84
2023-05-08 14:55:00-04:00,57.17,57.24,57.15,57.23,13654.0,57.197,114
2023-05-08 15:00:00-04:00,57.24,57.3,57.24,57.27,9329.0,57.257,68
2023-05-08 15:05:00-04:00,57.28,57.39,57.28,57.39,10437.0,57.339,74
2023-05-08 15:10:00-04:00,57.39,57.44,57.37,57.38,10062.0,57.402,69
2023-05-08 15:15:00-04:00,57.38,57.4,57.31,57.39,14976.0,57.363,125
2023-05-08 15:20:00-04:00,57.38,57.46,57.36,57.44,20514.0,57.414,157
2023-05-08 15:25:00-04:00,57.44,57.48,57.35,57.44,22216.0,57.429,160
2023-05-08 15:30:00-04:00,57.43,57.54,57.42,57.53,29007.0,57.507,177
2023-05-08 15:35:00-04:00,57.53,57.59,57.49,57.5,33041.0,57.534,210
2023-05-08 15:40:00-04:00,57.5,57.61,57.5,57.59,42582.0,57.536,296
2023-05-08 15:45:00-04:00,57.59,57.68,57.56,57.62,32343.0,57.62,236
2023-05-08 15:50:00-04:00,57.62,57.62,57.46,57.59,54602.0,57.533,348
2023-05-08 15:55:00-04:00,57.59,57.72,57.58,57.71,81129.0,57.665,527
2023-05-09 09:30:00-04:00,57.49,57.49,57.17,57.19,21344.0,57.409,22
2023-05-09 09:35:00-04:00,57.2,57.22,56.97,57.07,6963.0,57.079,61
2023-05-09 09:40:00-04:00,57.03,57.13,57.02,57.03,14066.0,57.072,96
2023-05-09 09:45:00-04:00,57.03,57.2,57.03,57.13,9667.0,57.106,83
2023-05-09 09:50:00-04:00,57.14,57.19,56.94,56.97,5167.0,57.051,40
2023-05-09 09:55:00-04:00,56.99,57.18,56.95,57.18,9031.0,57.053,57
2023-05-09 10:00:00-04:00,57.19,57.21,57.03,57.06,9091.0,57.085,48
2023-05-09 10:05:00-04:00,57.07,57.08,56.91,56.91,7643.0,56.994,65
2023-05-09 10:10:00-04:00,56.9,57.01,56.89,56.97,8562.0,56.974,54
2023-05-09 10:15:00-04:00,56.98,57.08,56.97,57.06,9196.0,57.03,79
2023-05-09 10:20:00-04:00,57.06,57.08,56.96,57.06,9529.0,57.028,69
2023-05-09 10:25:00-04:00,57.06,57.15,56.99,57.15,10223.0,57.062,83
2023-05-09 10:30:00-04:00,57.18,57.24,57.17,57.17,9187.0,57.203,79
2023-05-09 10:35:00-04:00,57.16,57.31,57.16,57.28,3678.0,57.242,31
2023-05-09 10:40:00-04:00,57.34,57.34,57.2,57.22,6477.0,57.246,56
2023-05-09 10:45:00-04:00,57.21,57.23,57.11,57.11,6704.0,57.179,62
2023-05-09 10:50:00-04:00,57.1,57.14,57.01,57.12,6680.0,57.048,52
2023-05-09 10:55:00-04:00,57.15,57.16,57.11,57.12,11494.0,57.13,82
2023-05-09 11:00:00-04:00,57.12,57.2,57.12,57.16,6198.0,57.158,49
2023-05-09 11:05:00-04:00,57.16,57.19,57.12,57.16,6542.0,57.157,59
2023-05-09 11:10:00-04:00,57.16,57.16,57.06,57.15,8891.0,57.103,52
2023-05-09 11:15:00-04:00,57.15,57.27,57.15,57.25,6495.0,57.219,52
2023-05-09 11:20:00-04:00,57.26,57.26,57.16,57.16,8671.0,57.198,78
2023-05-09 11:25:00-04:00,57.15,57.18,57.09,57.13,11057.0,57.143,95
2023-05-09 11:30:00-04:00,57.14,57.26,57.13,57.25,5303.0,57.199,45
2023-05-09 11:35:00-04:00,57.27,57.35,57.26,57.3,7580.0,57.32,59
2023-05-09 11:40:00-04:00,57.28,57.33,57.27,57.29,6801.0,57.3,57
2023-05-09 11:45:00-04:00,57.29,57.35,57.28,57.29,21044.0,57.31,96
2023-05-09 11:50:00-04:00,57.3,57.4,57.3,57.39,9332.0,57.345,69
2023-05-09 11:55:00-04:00,57.39,57.42,57.31,57.37,9102.0,57.359,69
2023-05-09 12:00:00-04:00,57.35,57.41,57.34,57.39,22177.0,57.37,89
2023-05-09 12:05:00-04:00,57.4,57.48,57.4,57.42,9012.0,57.428,66
2023-05-09 12:10:00-04:00,57.43,57.43,57.39,57.4,8176.0,57.41,64
2023-05-09 12:15:00-04:00,57.39,57.4,57.29,57.31,11493.0,57.352,81
2023-05-09 12:20:00-04:00,57.3,57.34,57.29,57.31,9098.0,57.308,52
2023-05-09 12:25:00-04:00,57.3,57.35,57.3,57.3,9170.0,57.323,55
2023-05-09 12:30:00-04:00,57.3,57.33,57.23,57.27,8869.0,57.286,69
2023-05-09 12:35:00-04:00,57.28,57.28,57.1,57.13,6791.0,57.145,49
2023-05-09 12:40:00-04:00,57.11,57.15,57.02,57.1,8228.0,57.097,67
2023-05-09 12:45:00-04:00,57.09,57.14,57.07,57.08,3283.0,57.105,23
2023-05-09 12:50:00-04:00,57.07,57.17,57.06,57.09,7086.0,57.109,49
2023-05-09 12:55:00-04:00,57.1,57.29,57.09,57.28,5943.0,57.213,45
2023-05-09 13:00:00-04:00,57.29,57.29,57.23,57.25,6167.0,57.265,43
2023-05-09 13:05:00-04:00,57.24,57.24,57.12,57.14,3471.0,57.155,25
2023-05-09 13:10:00-04:00,57.14,57.22,57.14,57.21,4643.0,57.188,39
2023-05-09 13:15:00-04:00,57.21,57.22,57.16,57.17,4152.0,57.192,33
2023-05-09 13:20:00-04:00,57.17,57.18,57.13,57.15,5632.0,57.157,40
2023-05-09 13:25:00-04:00,57.16,57.19,57.14,57.16,6419.0,57.16,58
2023-05-09 13:30:00-04:00,57.17,57.21,57.17,57.2,3610.0,57.201,30
2023-05-09 13:35:00-04:00,57.21,57.24,57.15,57.18,7607.0,57.199,60
2023-05-09 13:40:00-04:00,57.17,57.17,57.03,57.05,5223.0,57.09,43
2023-05-09 13:45:00-04:00,57.05,57.16,57.04,57.16,9774.0,57.072,62
2023-05-09 13:50:00-04:00,57.14,57.19,57.1,57.17,5703.0,57.144,46
2023-05-09 13:55:00-04:00,57.18,57.22,57.15,57.19,5515.0,57.187,48
2023-05-09 14:00:00-04:00,57.19,57.24,57.08,57.1,14736.0,57.14,77
2023-05-09 14:05:00-04:00,57.1,57.14,57.09,57.11,5038.0,57.12,37
2023-05-09 14:10:00-04:00,57.1,57.12,57.08,57.1,14966.0,57.099,119
2023-05-09 14:15:00-04:00,57.11,57.14,57.09,57.12,11138.0,57.118,94
2023-05-09 14:20:00-04:00,57.12,57.15,57.12,57.14,6677.0,57.132,50
2023-05-09 14:25:00-04:00,57.14,57.19,57.13,57.15,7434.0,57.16,49
2023-05-09 14:30:00-04:00,57.15,57.19,57.14,57.15,8971.0,57.153,61
2023-05-09 14:35:00-04:00,57.15,57.15,57.03,57.05,14334.0,57.085,99
2023-05-09 14:40:00-04:00,57.05,57.09,57.04,57.08,9380.0,57.068,78
2023-05-09 14:45:00-04:00,57.07,57.18,57.06,57.09,10835.0,57.126,83
2023-05-09 14:50:00-04:00,57.1,57.12,57.02,57.05,11216.0,57.082,82
2023-05-09 14:55:00-04:00,57.05,57.13,57.05,57.08,6861.0,57.09,50
2023-05-09 15:00:00-04:00,57.1,57.15,57.1,57.14,3823.0,57.114,24
2023-05-09 15:05:00-04:00,57.14,57.16,57.11,57.16,10202.0,57.139,81
2023-05-09 15:10:00-04:00,57.16,57.16,57.08,57.08,10229.0,57.114,51
2023-05-09 15:15:00-04:00,57.07,57.07,57.01,57.05,8903.0,57.045,64
2023-05-09 15:20:00-04:00,57.04,57.05,56.99,57.04,10700.0,57.022,73
2023-05-09 15:25:00-04:00,57.03,57.06,57.0,57.0,8778.0,57.035,73
2023-05-09 15:30:00-04:00,57.01,57.05,56.95,56.98,15842.0,56.998,116
2023-05-09 15:35:00-04:00,56.98,57.03,56.98,56.99,13414.0,56.999,111
2023-05-09 15:40:00-04:00,56.98,56.99,56.82,56.83,23327.0,56.896,174
2023-05-09 15:45:00-04:00,56.82,57.02,56.8,57.0,32187.0,56.931,257
2023-05-09 15:50:00-04:00,57.02,57.1,57.0,57.08,37179.0,57.051,304
2023-05-09 15:55:00-04:00,57.07,57.14,57.03,57.04,76508.0,57.103,462
2023-05-10 09:30:00-04:00,57.03,57.19,56.51,56.86,49729.0,56.9,168
2023-05-10 09:35:00-04:00,56.86,57.16,56.72,56.88,19850.0,56.945,159
2023-05-10 09:40:00-04:00,56.88,56.92,56.58,56.67,10339.0,56.731,84
2023-05-10 09:45:00-04:00,56.63,56.68,56.28,56.3,16045.0,56.447,111
2023-05-10 09:50:00-04:00,56.33,56.42,56.03,56.2,17252.0,56.171,118
2023-05-10 09:55:00-04:00,56.2,56.45,56.17,56.43,7115.0,56.312,65
2023-05-10 10:00:00-04:00,56.46,56.55,56.37,56.37,11768.0,56.468,101
2023-05-10 10:05:00-04:00,56.38,56.49,56.28,56.31,13528.0,56.328,116
2023-05-10 10:10:00-04:00,56.27,56.38,56.26,56.27,13987.0,56.3,91
2023-05-10 10:15:00-04:00,56.28,56.28,56.1,56.14,16362.0,56.183,127
2023-05-10 10:20:00-04:00,56.16,56.2,56.06,56.11,15309.0,56.146,88
2023-05-10 10:25:00-04:00,56.12,56.22,56.07,56.11,7548.0,56.124,65
2023-05-10 10:30:00-04:00,56.15,56.31,56.14,56.21,4084.0,56.211,37
2023-05-10 10:35:00-04:00,56.16,56.17,55.95,55.99,11151.0,56.028,94
2023-05-10 10:40:00-04:00,56.0,56.13,55.98,56.08,11858.0,56.049,113
2023-05-10 10:45:00-04:00,56.09,56.22,55.95,56.1,11218.0,56.092,105
2023-05-10 10:50:00-04:00,56.1,56.18,56.03,56.07,7752.0,56.094,73
2023-05-10 10:55:00-04:00,56.05,56.11,55.99,56.07,7441.0,56.06,69
2023-05-10 11:00:00-04:00,56.07,56.12,56.02,56.07,7287.0,56.062,67
2023-05-10 11:05:00-04:00,56.1,56.14,56.04,56.11,7546.0,56.09,62
2023-05-10 11:10:00-04:00,56.15,56.17,56.01,56.05,9913.0,56.076,86
2023-05-10 11:15:00-04:00,56.05,56.09,56.02,56.09,8594.0,56.056,75
2023-05-10 11:20:00-04:00,56.07,56.13,56.02,56.13,8797.0,56.066,71
2023-05-10 11:25:00-04:00,56.12,56.17,56.08,56.12,7895.0,56.111,67
2023-05-10 11:30:00-04:00,56.14,56.18,56.08,56.12,11988.0,56.131,100
2023-05-10 11:35:00-04:00,56.12,56.13,56.05,56.09,9810.0,56.092,73
2023-05-10 11:40:00-04:00,56.09,56.13,56.05,56.12,10798.0,56.091,93
2023-05-10 11:45:00-04:00,56.1,56.16,56.09,56.11,5420.0,56.118,49
2023-05-10 11:50:00-04:00,56.12,56.24,56.09,56.12,6764.0,56.156,59
2023-05-10 11:55:00-04:00,56.11,56.21,56.08,56.15,7991.0,56.13,64
2023-05-10 12:00:00-04:00,56.15,56.17,56.08,56.1,9269.0,56.122,71
2023-05-10 12:05:00-04:00,56.09,56.09,56.02,56.02,5559.0,56.047,47
2023-05-10 12:10:00-04:00,56.01,56.04,55.96,56.03,5635.0,56.002,47
2023-05-10 12:15:00-04:00,56.04,56.16,56.04,56.16,5800.0,56.074,47
2023-05-10 12:20:00-04:00,56.12,56.18,56.11,56.15,4801.0,56.14,35
2023-05-10 12:25:00-04:00,56.15,56.2,56.09,56.14,7421.0,56.141,67
2023-05-10 12:30:00-04:00,56.15,56.2,56.11,56.17,7390.0,56.158,58
2023-05-10 12:35:00-04:00,56.16,56.16,56.06,56.14,3920.0,56.116,37
2023-05-10 12:40:00-04:00,56.15,56.15,56.03,56.04,4811.0,56.097,44
2023-05-10 12:45:00-04:00,56.04,56.11,56.02,56.08,5280.0,56.048,49
2023-05-10 12:50:00-04:00,56.13,56.25,56.12,56.25,9227.0,56.184,76
2023-05-10 12:55:00-04:00,56.23,56.27,56.08,56.08,4330.0,56.189,40
2023-05-10 13:00:00-04:00,56.1,56.12,56.05,56.08,4318.0,56.09,32
2023-05-10 13:05:00-04:00,56.07,56.09,56.03,56.07,4722.0,56.061,47
2023-05-10 13:10:00-04:00,56.05,56.05,55.94,56.0,7243.0,55.996,61
2023-05-10 13:15:00-04:00,56.0,56.07,55.95,56.07,6368.0,56.017,60
2023-05-10 13:20:00-04:00,56.07,56.11,55.95,55.95,15977.0,56.076,76
2023-05-10 13:25:00-04:00,55.96,56.03,55.94,56.03,9659.0,55.986,85
2023-05-10 13:30:00-04:00,56.04,56.13,56.02,56.12,4250.0,56.062,37
2023-05-10 13:35:00-04:00,56.14,56.14,56.01,56.02,6351.0,56.076,54
2023-05-10 13:40:00-04:00,56.01,56.1,55.99,56.1,4537.0,56.033,44
2023-05-10 13:45:00-04:00,56.06,56.16,56.06,56.12,8249.0,56.113,70
2023-05-10 13:50:00-04:00,56.13,56.16,56.07,56.1,9670.0,56.096,44
2023-05-10 13:55:00-04:00,56.13,56.13,56.08,56.1,10514.0,56.116,48
2023-05-10 14:00:00-04:00,56.13,56.15,56.11,56.13,5698.0,56.126,49
2023-05-10 14:05:00-04:00,56.12,56.23,56.1,56.22,12371.0,56.173,60
2023-05-10 14:10:00-04:00,56.24,56.32,56.21,56.31,7451.0,56.254,68
2023-05-10 14:15:00-04:00,56.34,56.39,56.31,56.33,7828.0,56.353,67
2023-05-10 14:20:00-04:00,56.32,56.34,56.26,56.26,12891.0,56.312,63
2023-05-10 14:25:00-04:00,56.27,56.35,56.26,56.27,9903.0,56.3,78
2023-05-10 14:30:00-04:00,56.28,56.44,56.28,56.44,13287.0,56.369,78
2023-05-10 14:35:00-04:00,56.45,56.47,56.44,56.45,2667.0,56.448,18
2023-05-10 14:40:00-04:00,56.45,56.46,56.41,56.42,9152.0,56.432,64
2023-05-10 14:45:00-04:00,56.42,56.44,56.36,56.37,4072.0,56.405,36
2023-05-10 14:50:00-04:00,56.37,56.4,56.33,56.33,7143.0,56.375,53
2023-05-10 14:55:00-04:00,56.33,56.49,56.33,56.46,9880.0,56.404,59
2023-05-10 15:00:00-04:00,56.46,56.47,56.43,56.44,5213.0,56.453,36
2023-05-10 15:05:00-04:00,56.46,56.47,56.4,56.46,8660.0,56.435,57
2023-05-10 15:10:00-04:00,56.47,56.49,56.42,56.42,10426.0,56.453,72
2023-05-10 15:15:00-04:00,56.42,56.5,56.36,56.5,12022.0,56.431,55
2023-05-10 15:20:00-04:00,56.51,56.62,56.51,56.62,8902.0,56.564,65
2023-05-10 15:25:00-04:00,56.63,56.68,56.6,56.61,7628.0,56.64,61
2023-05-10 15:30:00-04:00,56.6,56.68,56.58,56.65,14011.0,56.634,90
2023-05-10 15:35:00-04:00,56.65,56.65,56.56,56.64,12920.0,56.604,92
2023-05-10 15:40:00-04:00,56.65,56.67,56.6,56.62,19187.0,56.649,134
2023-05-10 15:45:00-04:00,56.61,56.65,56.56,56.58,28145.0,56.6,178
2023-05-10 15:50:00-04:00,56.57,56.6,56.49,56.6,60697.0,56.541,402
2023-05-10 15:55:00-04:00,56.59,56.64,56.54,56.63,114005.0,56.593,559
2023-05-11 09:30:00-04:00,56.79,56.79,56.31,56.53,17613.0,56.76,18
2023-05-11 09:35:00-04:00,56.48,56.49,56.28,56.28,4885.0,56.387,35
2023-05-11 09:40:00-04:00,56.32,56.59,56.32,56.59,9850.0,56.427,58
2023-05-11 09:45:00-04:00,56.59,56.59,56.35,56.38,5671.0,56.464,48
2023-05-11 09:50:00-04:00,56.36,56.5,56.29,56.5,13457.0,56.401,90
2023-05-11 09:55:00-04:00,56.52,56.56,56.43,56.44,15972.0,56.475,99
2023-05-11 10:00:00-04:00,56.45,56.52,56.43,56.46,12736.0,56.481,96
2023-05-11 10:05:00-04:00,56.46,56.58,56.44,56.5,15936.0,56.491,117
2023-05-11 10:10:00-04:00,56.5,56.62,56.47,56.62,8961.0,56.517,61
2023-05-11 10:15:00-04:00,56.61,56.71,56.55,56.55,12914.0,56.65,98
2023-05-11 10:20:00-04:00,56.54,56.59,56.51,56.57,9870.0,56.553,75
2023-05-11 10:25:00-04:00,56.59,56.67,56.59,56.6,16422.0,56.641,121
2023-05-11 10:30:00-04:00,56.58,56.62,56.54,56.55,8336.0,56.566,70
2023-05-11 10:35:00-04:00,56.55,56.61,56.54,56.55,13375.0,56.568,94
2023-05-11 10:40:00-04:00,56.55,56.55,56.44,56.47,10882.0,56.486,82
2023-05-11 10:45:00-04:00,56.45,56.59,56.41,56.51,19644.0,56.506,151
2023-05-11 10:50:00-04:00,56.51,56.54,56.46,56.47,13615.0,56.484,101
2023-05-11 10:55:00-04:00,56.46,56.47,56.42,56.44,7788.0,56.448,65
2023-05-11 10:55:00-04:00,56.46,56.47,56.39,56.42,14807.0,56.431,118
2023-05-11 11:00:00-04:00,56.43,56.43,56.27,56.38,20707.0,56.366,146
2023-05-11 11:05:00-04:00,56.38,56.45,56.21,56.21,12717.0,56.348,104
2023-05-11 11:10:00-04:00,56.22,56.25,56.2,56.24,5895.0,56.222,58
2023-05-11 11:15:00-04:00,56.26,56.42,56.25,56.37,14598.0,56.326,119
2023-05-11 11:20:00-04:00,56.37,56.38,56.29,56.31,19463.0,56.324,126
2023-05-11 11:25:00-04:00,56.3,56.35,56.28,56.34,12742.0,56.305,87
2023-05-11 11:30:00-04:00,56.35,56.47,56.34,56.42,13504.0,56.413,102
2023-05-11 11:35:00-04:00,56.41,56.42,56.3,56.33,6741.0,56.375,57
2023-05-11 11:40:00-04:00,56.33,56.44,56.33,56.43,59167.0,56.407,75
2023-05-11 11:45:00-04:00,56.45,56.53,56.38,56.39,7570.0,56.464,67
2023-05-11 11:50:00-04:00,56.39,56.42,56.35,56.4,9001.0,56.393,72
2023-05-11 11:55:00-04:00,56.39,56.48,56.39,56.43,9204.0,56.428,68
2023-05-11 12:00:00-04:00,56.43,56.45,56.35,56.35,12873.0,56.399,112
2023-05-11 12:05:00-04:00,56.34,56.43,56.33,56.42,9185.0,56.384,75
2023-05-11 12:10:00-04:00,56.43,56.48,56.41,56.48,7785.0,56.436,69
2023-05-11 12:15:00-04:00,56.48,56.48,56.36,56.45,12464.0,56.433,103
2023-05-11 12:20:00-04:00,56.45,56.54,56.45,56.54,7902.0,56.488,71
2023-05-11 12:25:00-04:00,56.52,56.52,56.35,56.37,7913.0,56.431,68
2023-05-11 12:30:00-04:00,56.39,56.43,56.38,56.43,6599.0,56.401,51
2023-05-11 12:35:00-04:00,56.42,56.5,56.41,56.45,6294.0,56.456,55
2023-05-11 12:40:00-04:00,56.45,56.51,56.44,56.51,4571.0,56.472,43
2023-05-11 12:45:00-04:00,56.5,56.51,56.45,56.48,8646.0,56.487,68
2023-05-11 12:50:00-04:00,56.49,56.51,56.45,56.49,4145.0,56.481,37
2023-05-11 12:55:00-04:00,56.48,56.52,56.45,56.51,5167.0,56.49,45
2023-05-11 13:00:00-04:00,56.52,56.67,56.52,56.65,35857.0,56.607,291
2023-05-11 13:05:00-04:00,56.65,56.71,56.57,56.6,43562.0,56.627,265
2023-05-11 13:10:00-04:00,56.58,56.75,56.58,56.74,52114.0,56.627,234
2023-05-11 13:15:00-04:00,56.75,56.77,56.64,56.65,69831.0,56.705,152
2023-05-11 13:20:00-04:00,56.66,56.68,56.56,56.67,32962.0,56.63,251
2023-05-11 13:25:00-04:00,56.67,56.85,56.65,56.84,9372.0,56.745,69
2023-05-11 13:30:00-04:00,56.83,56.83,56.67,56.69,67273.0,56.743,186
2023-05-11 13:35:00-04:00,56.67,56.81,56.67,56.8,59219.0,56.706,69
2023-05-11 13:40:00-04:00,56.82,56.87,56.65,56.65,5650.0,56.809,46
2023-05-11 13:45:00-04:00,56.63,56.63,56.49,56.51,13574.0,56.536,69
2023-05-11 13:50:00-04:00,56.49,56.51,56.45,56.46,2080.0,56.485,17
2023-05-11 13:55:00-04:00,56.47,56.59,56.45,56.57,6541.0,56.512,55
2023-05-11 14:00:00-04:00,56.58,56.58,56.47,56.51,14518.0,56.507,54
2023-05-11 14:05:00-04:00,56.5,56.61,56.49,56.53,39578.0,56.561,129
2023-05-11 14:10:00-04:00,56.53,56.6,56.52,56.6,4859.0,56.542,35
2023-05-11 14:15:00-04:00,56.61,56.61,56.5,56.5,4204.0,56.575,23
2023-05-11 14:20:00-04:00,56.48,56.62,56.47,56.58,9409.0,56.568,35
2023-05-11 14:25:00-04:00,56.59,56.67,56.58,56.61,18992.0,56.629,101
2023-05-11 14:30:00-04:00,56.62,56.66,56.6,56.66,4348.0,56.622,30
2023-05-11 14:35:00-04:00,56.67,56.76,56.65,56.71,21050.0,56.707,94
2023-05-11 14:40:00-04:00,56.7,56.84,56.7,56.84,34962.0,56.724,81
2023-05-11 14:45:00-04:00,56.84,56.86,56.82,56.85,10156.0,56.842,69
2023-05-11 14:50:00-04:00,56.85,56.85,56.68,56.68,10441.0,56.789,78
2023-05-11 14:55:00-04:00,56.7,56.77,56.68,56.75,9609.0,56.73,73
2023-05-11 15:00:00-04:00,56.77,56.86,56.77,56.85,11477.0,56.812,93
2023-05-11 15:05:00-04:00,56.84,56.93,56.8,56.92,26844.0,56.85,176
2023-05-11 15:10:00-04:00,56.93,56.94,56.85,56.86,28169.0,56.903,161
2023-05-11 15:15:00-04:00,56.86,56.9,56.81,56.83,26736.0,56.857,192
2023-05-11 15:20:00-04:00,56.82,56.91,56.78,56.9,31671.0,56.871,178
2023-05-11 15:25:00-04:00,56.89,56.9,56.82,56.88,21752.0,56.87,153
2023-05-11 15:30:00-04:00,56.87,56.91,56.84,56.85,37021.0,56.882,232
2023-05-11 15:35:00-04:00,56.85,57.0,56.84,56.96,27687.0,56.923,191
2023-05-11 15:40:00-04:00,56.95,57.02,56.9,56.97,33956.0,56.95,229
2023-05-11 15:45:00-04:00,56.97,57.11,56.96,57.1,39828.0,57.062,275
2023-05-11 15:50:00-04:00,57.08,57.11,57.01,57.11,78234.0,57.072,522
2023-05-11 15:55:00-04:00,57.11,57.2,57.08,57.08,146617.0,57.152,862
2023-05-12 09:30:00-04:00,57.26,57.67,57.19,57.54,33188.0,57.347,100
2023-05-12 09:35:00-04:00,57.46,57.58,57.06,57.42,14291.0,57.356,124
2023-05-12 09:40:00-04:00,57.43,57.44,57.14,57.14,6039.0,57.311,50
2023-05-12 09:45:00-04:00,57.23,57.31,57.05,57.05,11982.0,57.228,111
2023-05-12 09:50:00-04:00,57.05,57.24,57.0,57.13,7281.0,57.12,53
2023-05-12 09:55:00-04:00,57.15,57.21,56.98,57.0,7362.0,57.052,59
2023-05-12 10:00:00-04:00,56.88,56.9,56.64,56.72,7536.0,56.782,68
2023-05-12 10:05:00-04:00,56.73,56.75,56.68,56.7,5251.0,56.722,50
2023-05-12 10:10:00-04:00,56.74,56.78,56.64,56.77,34341.0,56.745,74
2023-05-12 10:15:00-04:00,56.76,56.76,56.57,56.63,8611.0,56.642,75
2023-05-12 10:20:00-04:00,56.62,56.67,56.58,56.67,8120.0,56.609,77
2023-05-12 10:25:00-04:00,56.67,56.73,56.58,56.61,5277.0,56.657,45
2023-05-12 10:30:00-04:00,56.64,56.74,56.61,56.74,7374.0,56.66,50
2023-05-12 10:35:00-04:00,56.72,56.75,56.61,56.71,6355.0,56.7,45
2023-05-12 10:40:00-04:00,56.7,56.74,56.64,56.7,7057.0,56.684,49
2023-05-12 10:45:00-04:00,56.73,56.73,56.59,56.59,3017.0,56.638,23
2023-05-12 10:50:00-04:00,56.62,56.62,56.46,56.52,4347.0,56.517,30
2023-05-12 10:55:00-04:00,56.53,56.59,56.44,56.48,7013.0,56.509,57
2023-05-12 11:00:00-04:00,56.48,56.52,56.42,56.5,5062.0,56.47,43
2023-05-12 11:05:00-04:00,56.53,56.54,56.44,56.5,4935.0,56.481,34
2023-05-12 11:10:00-04:00,56.48,56.5,56.35,56.36,5359.0,56.437,46
2023-05-12 11:15:00-04:00,56.36,56.38,56.3,56.31,4954.0,56.338,40
2023-05-12 11:20:00-04:00,56.3,56.36,56.29,56.32,3910.0,56.33,34
2023-05-12 11:25:00-04:00,56.32,56.4,56.32,56.34,4958.0,56.359,38
2023-05-12 11:30:00-04:00,56.33,56.41,56.31,56.33,9228.0,56.352,69
2023-05-12 11:35:00-04:00,56.33,56.37,56.22,56.25,6716.0,56.289,59
2023-05-12 11:40:00-04:00,56.25,56.45,56.25,56.32,11790.0,56.365,89
2023-05-12 11:45:00-04:00,56.32,56.34,56.3,56.3,2784.0,56.31,21
2023-05-12 11:50:00-04:00,56.32,56.36,56.3,56.32,5011.0,56.329,34
2023-05-12 11:55:00-04:00,56.31,56.42,56.31,56.41,5228.0,56.366,45
2023-05-12 12:00:00-04:00,56.41,56.45,56.2,56.2,10541.0,56.319,81
2023-05-12 12:05:00-04:00,56.2,56.26,56.18,56.21,3633.0,56.225,28
2023-05-12 12:10:00-04:00,56.19,56.21,56.11,56.18,11958.0,56.165,85
2023-05-12 12:15:00-04:00,56.18,56.24,56.18,56.24,4997.0,56.216,35
2023-05-12 12:20:00-04:00,56.22,56.26,56.2,56.25,4957.0,56.233,40
2023-05-12 12:25:00-04:00,56.25,56.25,56.17,56.18,2392.0,56.208,23
2023-05-12 12:30:00-04:00,56.17,56.24,56.16,56.19,2694.0,56.19,21
2023-05-12 12:35:00-04:00,56.22,56.22,56.1,56.17,4320.0,56.137,36
2023-05-12 12:40:00-04:00,56.2,56.2,56.05,56.07,41823.0,56.108,129
2023-05-12 12:45:00-04:00,56.05,56.06,55.9,55.94,12207.0,56.014,55
2023-05-12 12:50:00-04:00,55.93,56.06,55.92,56.04,4617.0,56.019,41
2023-05-12 12:55:00-04:00,56.05,56.11,56.04,56.1,1907.0,56.092,19
2023-05-12 13:00:00-04:00,56.12,56.12,56.0,56.03,5088.0,56.049,37
2023-05-12 13:05:00-04:00,56.08,56.19,56.02,56.19,6274.0,56.095,42
2023-05-12 13:10:00-04:00,56.19,56.2,56.14,56.15,3597.0,56.167,30
2023-05-12 13:15:00-04:00,56.13,56.13,56.08,56.09,1807.0,56.1,14
2023-05-12 13:20:00-04:00,56.08,56.18,56.07,56.16,6761.0,56.118,48
2023-05-12 13:25:00-04:00,56.17,56.18,56.08,56.08,6515.0,56.146,52
2023-05-12 13:30:00-04:00,56.07,56.13,56.07,56.09,10674.0,56.102,81
2023-05-12 13:35:00-04:00,56.08,56.08,55.98,56.0,12645.0,56.004,77
2023-05-12 13:40:00-04:00,55.98,56.01,55.94,55.95,3722.0,55.967,33
2023-05-12 13:45:00-04:00,55.96,55.97,55.73,55.76,74383.0,55.837,207
2023-05-12 13:50:00-04:00,55.75,55.75,55.52,55.53,24752.0,55.608,167
2023-05-12 13:55:00-04:00,55.53,55.55,55.46,55.5,12471.0,55.507,81
2023-05-12 14:00:00-04:00,55.5,55.58,55.47,55.55,30897.0,55.519,163
2023-05-12 14:05:00-04:00,55.55,55.65,55.55,55.58,5447.0,55.59,46
2023-05-12 14:10:00-04:00,55.59,55.59,55.44,55.44,8747.0,55.503,64
2023-05-12 14:15:00-04:00,55.46,55.48,55.37,55.42,35615.0,55.425,224
2023-05-12 14:20:00-04:00,55.43,55.48,55.41,55.41,12851.0,55.449,90
2023-05-12 14:25:00-04:00,55.42,55.46,55.38,55.43,22315.0,55.423,171
2023-05-12 14:30:00-04:00,55.44,55.46,55.38,55.46,13840.0,55.432,98
2023-05-12 14:35:00-04:00,55.46,55.48,55.35,55.38,9432.0,55.416,78
2023-05-12 14:40:00-04:00,55.37,55.37,55.29,55.33,54637.0,55.318,135
2023-05-12 14:45:00-04:00,55.35,55.52,55.35,55.51,40190.0,55.481,108
2023-05-12 14:50:00-04:00,55.54,55.61,55.54,55.59,10548.0,55.58,69
2023-05-12 14:55:00-04:00,55.6,55.68,55.59,55.62,5288.0,55.633,46
2023-05-12 15:00:00-04:00,55.62,55.67,55.58,55.62,9587.0,55.633,43
2023-05-12 15:05:00-04:00,55.63,55.66,55.57,55.66,7328.0,55.612,51
2023-05-12 15:10:00-04:00,55.67,55.74,55.65,55.71,16279.0,55.691,121
2023-05-12 15:15:00-04:00,55.73,55.79,55.72,55.77,7485.0,55.756,67
2023-05-12 15:20:00-04:00,55.77,55.82,55.77,55.8,19345.0,55.794,97
2023-05-12 15:25:00-04:00,55.8,55.8,55.75,55.79,10110.0,55.782,83
2023-05-12 15:30:00-04:00,55.8,55.88,55.79,55.86,18334.0,55.837,136
2023-05-12 15:35:00-04:00,55.87,55.93,55.84,55.91,14232.0,55.879,98
2023-05-12 15:40:00-04:00,55.91,55.98,55.91,55.98,12558.0,55.948,87
2023-05-12 15:45:00-04:00,55.99,56.04,55.98,56.04,21359.0,56.003,174
2023-05-12 15:50:00-04:00,56.04,56.17,56.03,56.17,35989.0,56.11,271
2023-05-12 15:55:00-04:00,56.18,56.24,56.15,56.2,84511.0,56.207,545
2023-05-15 09:30:00-04:00,56.44,56.57,56.09,56.48,20415.0,56.433,42
2023-05-15 09:35:00-04:00,56.41,56.61,56.29,56.5,10417.0,56.452,75
2023-05-15 09:40:00-04:00,56.54,56.7,56.53,56.7,6478.0,56.632,44
2023-05-15 09:45:00-04:00,56.69,56.77,56.65,56.77,6835.0,56.68,52
2023-05-15 09:50:00-04:00,56.8,56.91,56.76,56.91,7613.0,56.829,37
2023-05-15 09:55:00-04:00,56.9,56.9,56.79,56.87,6453.0,56.822,33
2023-05-15 10:00:00-04:00,56.87,56.87,56.74,56.81,4154.0,56.823,26
2023-05-15 10:05:00-04:00,56.82,56.84,56.68,56.68,7394.0,56.803,29
2023-05-15 10:10:00-04:00,56.66,56.67,56.51,56.55,11060.0,56.595,74
2023-05-15 10:15:00-04:00,56.55,56.64,56.52,56.6,4882.0,56.583,38
2023-05-15 10:20:00-04:00,56.62,56.78,56.62,56.78,6208.0,56.706,47
2023-05-15 10:25:00-04:00,56.79,56.82,56.77,56.78,5788.0,56.791,45
2023-05-15 10:30:00-04:00,56.79,56.81,56.67,56.69,4558.0,56.733,39
2023-05-15 10:35:00-04:00,56.7,56.74,56.54,56.54,5543.0,56.694,33
2023-05-15 10:40:00-04:00,56.54,56.58,56.47,56.47,5359.0,56.536,39
2023-05-15 10:45:00-04:00,56.48,56.53,56.48,56.5,6516.0,56.499,51
2023-05-15 10:50:00-04:00,56.5,56.55,56.49,56.51,8757.0,56.513,57
2023-05-15 10:55:00-04:00,56.54,56.56,56.44,56.48,13269.0,56.499,98
2023-05-15 11:00:00-04:00,56.48,56.5,56.39,56.39,8934.0,56.461,52
2023-05-15 11:05:00-04:00,56.39,56.43,56.3,56.3,19723.0,56.392,78
2023-05-15 11:10:00-04:00,56.28,56.28,56.17,56.17,5651.0,56.195,47
2023-05-15 11:15:00-04:00,56.19,56.2,56.09,56.16,7743.0,56.132,53
2023-05-15 11:20:00-04:00,56.15,56.19,56.12,56.19,3283.0,56.152,28
2023-05-15 11:25:00-04:00,56.2,56.21,56.07,56.07,3088.0,56.126,25
2023-05-15 11:30:00-04:00,56.08,56.14,56.04,56.05,4814.0,56.094,44
2023-05-15 11:35:00-04:00,56.06,56.11,56.06,56.08,1852.0,56.086,16
2023-05-15 11:40:00-04:00,56.05,56.06,55.87,55.88,9675.0,55.972,79
2023-05-15 11:45:00-04:00,55.88,56.07,55.83,56.06,15020.0,55.888,129
2023-05-15 11:50:00-04:00,56.09,56.11,55.9,55.9,4825.0,56.023,39
2023-05-15 11:55:00-04:00,55.91,55.93,55.85,55.92,15955.0,55.886,117
2023-05-15 12:00:00-04:00,55.91,56.0,55.89,55.95,10465.0,55.948,48
2023-05-15 12:05:00-04:00,55.95,56.0,55.94,55.98,1766.0,55.965,16
2023-05-15 12:10:00-04:00,55.95,55.98,55.95,55.97,980.0,55.965,7
2023-05-15 12:15:00-04:00,55.98,56.04,55.94,56.03,5263.0,55.977,43
2023-05-15 12:20:00-04:00,56.03,56.04,56.01,56.01,2522.0,56.026,19
2023-05-15 12:25:00-04:00,56.03,56.13,56.03,56.1,5603.0,56.105,30
2023-05-15 12:30:00-04:00,56.09,56.14,56.07,56.14,5418.0,56.104,33
2023-05-15 12:35:00-04:00,56.15,56.19,56.12,56.12,4437.0,56.155,37
2023-05-15 12:40:00-04:00,56.13,56.16,56.1,56.14,3850.0,56.134,33
2023-05-15 12:45:00-04:00,56.17,56.23,56.15,56.19,17546.0,56.201,109
2023-05-15 12:50:00-04:00,56.2,56.31,56.19,56.25,19198.0,56.247,74
2023-05-15 12:55:00-04:00,56.27,56.36,56.25,56.34,7069.0,56.322,45
2023-05-15 13:00:00-04:00,56.35,56.39,56.33,56.36,8540.0,56.356,53
2023-05-15 13:05:00-04:00,56.38,56.45,56.37,56.43,8810.0,56.407,59
2023-05-15 13:10:00-04:00,56.44,56.54,56.44,56.54,17048.0,56.499,99
2023-05-15 13:15:00-04:00,56.54,56.6,56.54,56.55,3983.0,56.569,32
2023-05-15 13:20:00-04:00,56.54,56.64,56.54,56.64,4663.0,56.569,30
2023-05-15 13:25:00-04:00,56.63,56.64,56.56,56.58,6197.0,56.596,50
2023-05-15 13:30:00-04:00,56.57,56.64,56.57,56.61,4272.0,56.608,34
2023-05-15 13:35:00-04:00,56.61,56.61,56.55,56.57,3008.0,56.58,26
2023-05-15 13:40:00-04:00,56.56,56.57,56.53,56.56,2541.0,56.552,23
2023-05-15 13:45:00-04:00,56.56,56.57,56.53,56.55,3010.0,56.554,24
2023-05-15 13:50:00-04:00,56.54,56.6,56.52,56.6,3767.0,56.554,28
2023-05-15 13:55:00-04:00,56.61,56.69,56.6,56.66,4630.0,56.648,39
2023-05-15 14:00:00-04:00,56.66,56.77,56.66,56.74,12836.0,56.744,44
2023-05-15 14:05:00-04:00,56.75,56.78,56.73,56.78,2324.0,56.768,12
2023-05-15 14:10:00-04:00,56.77,56.77,56.71,56.76,5495.0,56.742,39
2023-05-15 14:15:00-04:00,56.76,56.76,56.7,56.73,3775.0,56.726,31
2023-05-15 14:20:00-04:00,56.69,56.71,56.66,56.67,2572.0,56.686,22
2023-05-15 14:25:00-04:00,56.66,56.66,56.61,56.63,4111.0,56.635,39
2023-05-15 14:30:00-04:00,56.64,56.69,56.62,56.69,4186.0,56.659,37
2023-05-15 14:35:00-04:00,56.71,56.72,56.69,56.72,2280.0,56.713,20
2023-05-15 14:40:00-04:00,56.72,56.75,56.69,56.74,5524.0,56.73,39
2023-05-15 14:45:00-04:00,56.77,56.77,56.69,56.7,3485.0,56.723,30
2023-05-15 14:50:00-04:00,56.7,56.71,56.64,56.64,6841.0,56.689,51
2023-05-15 14:55:00-04:00,56.65,56.65,56.56,56.6,11140.0,56.597,71
2023-05-15 15:00:00-04:00,56.61,56.64,56.54,56.56,5593.0,56.589,33
2023-05-15 15:05:00-04:00,56.57,56.61,56.56,56.61,4144.0,56.574,27
2023-05-15 15:10:00-04:00,56.64,56.65,56.55,56.55,4356.0,56.614,32
2023-05-15 15:15:00-04:00,56.55,56.55,56.39,56.47,11041.0,56.47,86
2023-05-15 15:20:00-04:00,56.46,56.48,56.41,56.46,3560.0,56.452,29
2023-05-15 15:25:00-04:00,56.46,56.5,56.44,56.49,5605.0,56.478,46
2023-05-15 15:30:00-04:00,56.48,56.51,56.47,56.47,12305.0,56.489,78
2023-05-15 15:35:00-04:00,56.47,56.5,56.44,56.5,6964.0,56.484,58
2023-05-15 15:40:00-04:00,56.49,56.49,56.39,56.44,12325.0,56.445,100
2023-05-15 15:45:00-04:00,56.44,56.47,56.42,56.43,12968.0,56.444,97
2023-05-15 15:50:00-04:00,56.44,56.5,56.43,56.48,23982.0,56.484,177
2023-05-15 15:55:00-04:00,56.48,56.58,56.45,56.58,61468.0,56.525,429
2023-05-16 09:30:00-04:00,56.11,56.28,55.98,56.16,14312.0,56.111,64
2023-05-16 09:35:00-04:00,56.14,56.19,56.08,56.16,4150.0,56.115,40
2023-05-16 09:40:00-04:00,56.16,56.26,56.08,56.26,5642.0,56.12,47
2023-05-16 09:45:00-04:00,56.25,56.25,56.06,56.11,7687.0,56.138,64
2023-05-16 09:50:00-04:00,56.12,56.14,55.74,55.81,6540.0,55.883,51
2023-05-16 09:55:00-04:00,55.81,55.81,55.73,55.76,3508.0,55.78,28
2023-05-16 10:00:00-04:00,55.77,55.85,55.77,55.85,3517.0,55.816,33
2023-05-16 10:05:00-04:00,55.85,55.9,55.78,55.8,16366.0,55.811,117
2023-05-16 10:10:00-04:00,55.78,55.83,55.69,55.79,36121.0,55.781,316
2023-05-16 10:15:00-04:00,55.78,55.85,55.77,55.83,4655.0,55.812,43
2023-05-16 10:20:00-04:00,55.83,55.86,55.73,55.84,12001.0,55.799,85
2023-05-16 10:25:00-04:00,55.86,55.93,55.84,55.93,5367.0,55.885,46
2023-05-16 10:30:00-04:00,55.93,55.96,55.85,55.85,4472.0,55.9,35
2023-05-16 10:35:00-04:00,55.84,55.89,55.82,55.89,5397.0,55.86,44
2023-05-16 10:40:00-04:00,55.88,55.88,55.81,55.87,6271.0,55.848,49
2023-05-16 10:45:00-04:00,55.87,55.95,55.83,55.93,9535.0,55.888,81
2023-05-16 10:50:00-04:00,55.94,56.0,55.93,55.93,9918.0,55.968,77
2023-05-16 10:55:00-04:00,55.93,56.03,55.89,55.92,10747.0,55.977,94
2023-05-16 11:00:00-04:00,55.93,56.02,55.91,56.02,9281.0,55.972,66
2023-05-16 11:05:00-04:00,56.01,56.03,55.94,55.97,9104.0,55.982,68
2023-05-16 11:10:00-04:00,55.97,56.01,55.84,55.84,6977.0,55.95,61
2023-05-16 11:15:00-04:00,55.82,55.86,55.79,55.84,7075.0,55.827,61
2023-05-16 11:20:00-04:00,55.85,55.89,55.78,55.87,12395.0,55.815,101
2023-05-16 11:25:00-04:00,55.89,55.96,55.89,55.96,5408.0,55.911,42
2023-05-16 11:30:00-04:00,55.97,55.99,55.83,55.83,9388.0,55.922,78
2023-05-16 11:35:00-04:00,55.84,55.84,55.77,55.79,10160.0,55.793,82
2023-05-16 11:40:00-04:00,55.8,55.87,55.78,55.84,6369.0,55.819,53
2023-05-16 11:45:00-04:00,55.85,55.91,55.81,55.91,5479.0,55.841,48
2023-05-16 11:50:00-04:00,55.91,55.97,55.89,55.94,5030.0,55.929,40
2023-05-16 11:55:00-04:00,55.95,55.95,55.91,55.91,5503.0,55.929,48
2023-05-16 12:00:00-04:00,55.91,55.92,55.8,55.86,7082.0,55.863,63
2023-05-16 12:05:00-04:00,55.85,55.87,55.81,55.82,5889.0,55.844,49
2023-05-16 12:10:00-04:00,55.82,55.86,55.82,55.83,6596.0,55.835,56
2023-05-16 12:15:00-04:00,55.84,55.87,55.79,55.79,7971.0,55.831,65
2023-05-16 12:20:00-04:00,55.79,55.81,55.75,55.81,4678.0,55.776,39
2023-05-16 12:25:00-04:00,55.81,55.87,55.8,55.86,6872.0,55.837,56
2023-05-16 12:30:00-04:00,55.88,55.93,55.81,55.83,13868.0,55.868,84
2023-05-16 12:35:00-04:00,55.83,55.88,55.81,55.88,4623.0,55.836,43
2023-05-16 12:40:00-04:00,55.89,55.91,55.84,55.84,7119.0,55.882,50
2023-05-16 12:45:00-04:00,55.84,55.88,55.81,55.87,8939.0,55.85,46
2023-05-16 12:50:00-04:00,55.87,55.9,55.86,55.9,9403.0,55.884,67
2023-05-16 12:55:00-04:00,55.9,55.92,55.89,55.89,4861.0,55.905,42
2023-05-16 13:00:00-04:00,55.9,55.92,55.88,55.89,7414.0,55.9,57
2023-05-16 13:05:00-04:00,55.88,55.93,55.86,55.91,6083.0,55.897,50
2023-05-16 13:10:00-04:00,55.9,55.9,55.85,55.87,5405.0,55.877,43
2023-05-16 13:15:00-04:00,55.89,55.89,55.82,55.82,3735.0,55.856,28
2023-05-16 13:20:00-04:00,55.83,55.84,55.79,55.8,17166.0,55.81,117
2023-05-16 13:25:00-04:00,55.81,55.85,55.81,55.83,6169.0,55.829,53
2023-05-16 13:30:00-04:00,55.84,55.86,55.82,55.86,7327.0,55.841,59
2023-05-16 13:35:00-04:00,55.86,55.86,55.84,55.84,5459.0,55.849,43
2023-05-16 13:40:00-04:00,55.83,55.83,55.78,55.79,7492.0,55.807,66
2023-05-16 13:45:00-04:00,55.8,55.83,55.79,55.82,10621.0,55.808,82
2023-05-16 13:50:00-04:00,55.82,55.86,55.82,55.85,4817.0,55.848,41
2023-05-16 13:55:00-04:00,55.85,55.85,55.8,55.83,8092.0,55.826,71
2023-05-16 14:00:00-04:00,55.83,55.84,55.71,55.71,13840.0,55.788,105
2023-05-16 14:05:00-04:00,55.72,55.72,55.65,55.68,14539.0,55.674,79
2023-05-16 14:10:00-04:00,55.68,55.71,55.66,55.66,13038.0,55.695,109
2023-05-16 14:15:00-04:00,55.66,55.77,55.63,55.77,8785.0,55.697,73
2023-05-16 14:20:00-04:00,55.79,55.82,55.76,55.8,12037.0,55.793,98
2023-05-16 14:25:00-04:00,55.8,55.87,55.8,55.85,6655.0,55.833,44
2023-05-16 14:30:00-04:00,55.86,55.87,55.81,55.87,9484.0,55.844,71
2023-05-16 14:35:00-04:00,55.87,55.87,55.83,55.84,10085.0,55.851,81
2023-05-16 14:40:00-04:00,55.85,55.91,55.85,55.87,30594.0,55.86,73
2023-05-16 14:45:00-04:00,55.88,55.97,55.87,55.96,10374.0,55.912,78
2023-05-16 14:50:00-04:00,55.95,56.0,55.93,56.0,32957.0,55.984,118
2023-05-16 14:55:00-04:00,55.99,55.99,55.91,55.95,7992.0,55.941,49
2023-05-16 15:00:00-04:00,55.95,55.99,55.94,55.97,9934.0,55.967,73
2023-05-16 15:05:00-04:00,55.97,55.97,55.94,55.95,5552.0,55.952,45
2023-05-16 15:10:00-04:00,55.94,56.01,55.91,55.91,13786.0,55.973,100
2023-05-16 15:15:00-04:00,55.92,55.95,55.91,55.94,7443.0,55.925,60
2023-05-16 15:20:00-04:00,55.93,55.93,55.9,55.91,10824.0,55.908,79
2023-05-16 15:25:00-04:00,55.91,55.93,55.86,55.87,11966.0,55.888,101
2023-05-16 15:30:00-04:00,55.86,55.87,55.84,55.85,15552.0,55.858,114
2023-05-16 15:35:00-04:00,55.86,55.89,55.82,55.83,25263.0,55.854,179
2023-05-16 15:40:00-04:00,55.82,55.9,55.81,55.85,25947.0,55.839,196
2023-05-16 15:45:00-04:00,55.84,55.84,55.69,55.69,55713.0,55.755,416
2023-05-16 15:50:00-04:00,55.68,55.73,55.57,55.73,65166.0,55.624,496
2023-05-16 15:55:00-04:00,55.73,55.77,55.68,55.75,121934.0,55.743,759
2023-05-17 09:30:00-04:00,55.8,56.04,55.42,55.96,30551.0,55.764,92
2023-05-17 09:35:00-04:00,55.98,56.02,55.84,56.02,2756.0,55.966,20
2023-05-17 09:40:00-04:00,55.87,55.93,55.78,55.93,3073.0,55.859,21
2023-05-17 09:45:00-04:00,55.85,56.0,55.82,55.84,8951.0,55.902,79
2023-05-17 09:50:00-04:00,55.8,55.8,55.59,55.72,8036.0,55.653,32
2023-05-17 09:55:00-04:00,55.71,55.8,55.59,55.61,5477.0,55.688,30
2023-05-17 10:00:00-04:00,55.63,55.68,55.57,55.61,1931.0,55.631,17
2023-05-17 10:05:00-04:00,55.6,55.69,55.58,55.67,4655.0,55.659,30
2023-05-17 10:10:00-04:00,55.66,55.67,55.53,55.55,3354.0,55.584,28
2023-05-17 10:15:00-04:00,55.54,55.55,55.47,55.47,7925.0,55.515,69
2023-05-17 10:20:00-04:00,55.45,55.45,55.36,55.4,2009.0,55.391,18
2023-05-17 10:25:00-04:00,55.4,55.43,55.33,55.43,4126.0,55.37,34
2023-05-17 10:30:00-04:00,55.42,55.46,55.41,55.44,2975.0,55.439,25
2023-05-17 10:35:00-04:00,55.41,55.44,55.37,55.39,2549.0,55.403,17
2023-05-17 10:40:00-04:00,55.38,55.41,55.3,55.34,3927.0,55.346,38
2023-05-17 10:45:00-04:00,55.34,55.39,55.25,55.26,15313.0,55.314,81
2023-05-17 10:50:00-04:00,55.26,55.27,55.13,55.13,4085.0,55.201,31
2023-05-17 10:55:00-04:00,55.13,55.24,55.1,55.23,8570.0,55.178,64
2023-05-17 11:00:00-04:00,55.22,55.24,55.17,55.21,5812.0,55.204,49
2023-05-17 11:05:00-04:00,55.19,55.19,55.06,55.1,4221.0,55.119,38
2023-05-17 11:10:00-04:00,55.08,55.15,55.06,55.14,3557.0,55.118,27
2023-05-17 11:15:00-04:00,55.14,55.24,55.06,55.14,9224.0,55.124,82
2023-05-17 11:20:00-04:00,55.14,55.15,54.99,55.05,7118.0,55.061,62
2023-05-17 11:25:00-04:00,55.06,55.21,55.04,55.17,7927.0,55.136,67
2023-05-17 11:30:00-04:00,55.13,55.13,55.0,55.03,5846.0,55.055,49
2023-05-17 11:35:00-04:00,55.04,55.08,55.04,55.07,3417.0,55.067,25
2023-05-17 11:40:00-04:00,55.08,55.1,55.06,55.07,5394.0,55.084,37
2023-05-17 11:45:00-04:00,55.1,55.2,55.09,55.13,5186.0,55.157,39
2023-05-17 11:50:00-04:00,55.14,55.22,55.14,55.2,3779.0,55.193,31
2023-05-17 11:55:00-04:00,55.18,55.19,55.14,55.19,4127.0,55.169,32
2023-05-17 12:00:00-04:00,55.18,55.21,55.13,55.13,1827.0,55.168,17
2023-05-17 12:05:00-04:00,55.15,55.17,55.08,55.11,6193.0,55.118,53
2023-05-17 12:10:00-04:00,55.11,55.12,55.03,55.04,2709.0,55.066,24
2023-05-17 12:15:00-04:00,55.04,55.05,55.02,55.04,4894.0,55.037,40
2023-05-17 12:20:00-04:00,55.03,55.1,55.02,55.08,5434.0,55.063,43
2023-05-17 12:25:00-04:00,55.08,55.09,55.03,55.05,4809.0,55.055,39
2023-05-17 12:30:00-04:00,55.05,55.11,55.04,55.08,7697.0,55.069,68
2023-05-17 12:35:00-04:00,55.07,55.21,55.07,55.21,4866.0,55.146,40
2023-05-17 12:40:00-04:00,55.22,55.27,55.22,55.26,6657.0,55.246,53
2023-05-17 12:45:00-04:00,55.25,55.36,55.25,55.33,5366.0,55.308,49
2023-05-17 12:50:00-04:00,55.34,55.36,55.27,55.28,7017.0,55.304,61
2023-05-17 12:55:00-04:00,55.28,55.39,55.28,55.38,9745.0,55.332,80
2023-05-17 13:00:00-04:00,55.38,55.4,55.36,55.36,4081.0,55.384,28
2023-05-17 13:05:00-04:00,55.37,55.42,55.35,55.35,6488.0,55.384,56
2023-05-17 13:10:00-04:00,55.32,55.35,55.28,55.3,6984.0,55.305,55
2023-05-17 13:15:00-04:00,55.3,55.31,55.23,55.24,4656.0,55.262,40
2023-05-17 13:20:00-04:00,55.25,55.33,55.25,55.29,10923.0,55.297,82
2023-05-17 13:25:00-04:00,55.3,55.31,55.25,55.25,3555.0,55.291,29
2023-05-17 13:30:00-04:00,55.26,55.27,55.23,55.27,8543.0,55.249,64
2023-05-17 13:35:00-04:00,55.27,55.27,55.15,55.16,9981.0,55.192,67
2023-05-17 13:40:00-04:00,55.16,55.25,55.15,55.23,13223.0,55.208,107
2023-05-17 13:45:00-04:00,55.23,55.28,55.23,55.26,8238.0,55.26,73
2023-05-17 13:50:00-04:00,55.26,55.34,55.24,55.25,15621.0,55.296,123
2023-05-17 13:55:00-04:00,55.26,55.26,55.2,55.22,8864.0,55.23,69
2023-05-17 14:00:00-04:00,55.23,55.23,55.18,55.19,5592.0,55.201,47
2023-05-17 14:05:00-04:00,55.19,55.21,55.12,55.13,4077.0,55.165,30
2023-05-17 14:10:00-04:00,55.13,55.22,55.13,55.19,6596.0,55.186,53
2023-05-17 14:15:00-04:00,55.19,55.2,55.15,55.19,6122.0,55.177,52
2023-05-17 14:20:00-04:00,55.2,55.2,55.17,55.19,4037.0,55.179,33
2023-05-17 14:25:00-04:00,55.18,55.18,55.12,55.14,4607.0,55.144,34
2023-05-17 14:30:00-04:00,55.15,55.15,55.05,55.07,8952.0,55.098,67
2023-05-17 14:35:00-04:00,55.05,55.1,55.05,55.07,5585.0,55.077,40
2023-05-17 14:40:00-04:00,55.07,55.12,55.05,55.08,14123.0,55.081,96
2023-05-17 14:45:00-04:00,55.07,55.11,55.06,55.09,9614.0,55.091,61
2023-05-17 14:50:00-04:00,55.1,55.11,55.06,55.08,7860.0,55.084,61
2023-05-17 14:55:00-04:00,55.08,55.09,55.06,55.07,12059.0,55.079,73
2023-05-17 15:00:00-04:00,55.07,55.16,55.06,55.15,13365.0,55.095,105
2023-05-17 15:05:00-04:00,55.15,55.16,55.13,55.15,12021.0,55.144,91
2023-05-17 15:10:00-04:00,55.15,55.18,55.13,55.16,10002.0,55.154,71
2023-05-17 15:15:00-04:00,55.16,55.23,55.16,55.21,18404.0,55.187,119
2023-05-17 15:20:00-04:00,55.21,55.21,55.14,55.16,15951.0,55.171,112
2023-05-17 15:25:00-04:00,55.16,55.17,55.07,55.08,15404.0,55.131,108
2023-05-17 15:30:00-04:00,55.08,55.13,55.05,55.1,14414.0,55.09,104
2023-05-17 15:35:00-04:00,55.11,55.19,55.1,55.17,16760.0,55.14,129
2023-05-17 15:40:00-04:00,55.16,55.3,55.15,55.27,16040.0,55.24,129
2023-05-17 15:45:00-04:00,55.26,55.4,55.26,55.38,22209.0,55.331,157
2023-05-17 15:50:00-04:00,55.38,55.45,55.35,55.45,27948.0,55.396,198
2023-05-17 15:55:00-04:00,55.45,55.48,55.36,55.39,69287.0,55.427,457
2023-05-18 09:30:00-04:00,55.17,55.29,54.87,54.87,12538.0,55.151,30
2023-05-18 09:35:00-04:00,54.93,55.02,54.9,55.02,2885.0,54.96,21
2023-05-18 09:40:00-04:00,55.01,55.17,55.0,55.01,1868.0,55.082,16
2023-05-18 09:45:00-04:00,55.02,55.09,54.94,54.94,9726.0,55.018,79
2023-05-18 09:50:00-04:00,54.92,55.03,54.9,54.99,2774.0,54.968,24
2023-05-18 09:55:00-04:00,54.99,55.02,54.91,54.99,3649.0,54.975,28
2023-05-18 10:00:00-04:00,54.98,54.99,54.92,54.92,2193.0,54.954,18
2023-05-18 10:05:00-04:00,54.93,54.95,54.91,54.91,4135.0,54.929,30
2023-05-18 10:10:00-04:00,54.9,54.97,54.86,54.87,5563.0,54.924,48
2023-05-18 10:15:00-04:00,54.89,55.03,54.88,55.03,3754.0,54.955,32
2023-05-18 10:20:00-04:00,55.04,55.16,55.04,55.16,3197.0,55.097,27
2023-05-18 10:25:00-04:00,55.14,55.14,55.05,55.06,7065.0,55.081,60
2023-05-18 10:30:00-04:00,55.07,55.26,55.07,55.26,7658.0,55.115,70
2023-05-18 10:35:00-04:00,55.24,55.25,55.2,55.2,4107.0,55.216,35
2023-05-18 10:40:00-04:00,55.19,55.2,55.18,55.18,2405.0,55.192,21
2023-05-18 10:45:00-04:00,55.16,55.22,55.15,55.22,2443.0,55.188,21
2023-05-18 10:50:00-04:00,55.22,55.25,55.17,55.24,3332.0,55.21,31
2023-05-18 10:55:00-04:00,55.23,55.24,55.19,55.24,2582.0,55.221,24
2023-05-18 11:00:00-04:00,55.24,55.29,55.24,55.27,12645.0,55.254,33
2023-05-18 11:05:00-04:00,55.26,55.26,55.19,55.22,4974.0,55.219,43
2023-05-18 11:10:00-04:00,55.22,55.22,55.15,55.18,2639.0,55.182,19
2023-05-18 11:15:00-04:00,55.17,55.2,55.16,55.2,4130.0,55.181,32
2023-05-18 11:20:00-04:00,55.22,55.23,55.12,55.14,3692.0,55.159,23
2023-05-18 11:25:00-04:00,55.14,55.14,55.02,55.08,3208.0,55.078,17
2023-05-18 11:30:00-04:00,55.1,55.1,55.0,55.0,13614.0,55.024,42
2023-05-18 11:35:00-04:00,54.98,55.05,54.98,54.98,3306.0,55.015,32
2023-05-18 11:40:00-04:00,54.98,55.03,54.94,55.01,7497.0,54.987,25
2023-05-18 11:45:00-04:00,55.01,55.13,55.01,55.1,2891.0,55.069,24
2023-05-18 11:50:00-04:00,55.12,55.16,55.1,55.13,4760.0,55.128,38
2023-05-18 11:55:00-04:00,55.1,55.1,54.89,54.91,5419.0,55.0,45
2023-05-18 12:00:00-04:00,54.88,54.88,54.81,54.81,2022.0,54.852,18
2023-05-18 12:05:00-04:00,54.81,54.81,54.66,54.71,6224.0,54.728,50
2023-05-18 12:10:00-04:00,54.7,54.72,54.63,54.64,5426.0,54.68,44
2023-05-18 12:15:00-04:00,54.55,54.69,54.52,54.66,7285.0,54.61,57
2023-05-18 12:20:00-04:00,54.67,54.67,54.61,54.63,3814.0,54.636,31
2023-05-18 12:25:00-04:00,54.63,54.63,54.45,54.46,5477.0,54.528,45
2023-05-18 12:30:00-04:00,54.46,54.52,54.44,54.46,9395.0,54.462,45
2023-05-18 12:35:00-04:00,54.46,54.57,54.46,54.53,4267.0,54.519,37
2023-05-18 12:40:00-04:00,54.55,54.59,54.53,54.58,3067.0,54.565,26
2023-05-18 12:45:00-04:00,54.6,54.62,54.55,54.56,2258.0,54.575,20
2023-05-18 12:50:00-04:00,54.58,54.58,54.51,54.56,3176.0,54.548,24
2023-05-18 12:55:00-04:00,54.55,54.55,54.4,54.4,10107.0,54.45,65
2023-05-18 13:00:00-04:00,54.45,54.53,54.44,54.45,3574.0,54.475,29
2023-05-18 13:05:00-04:00,54.45,54.48,54.39,54.48,4816.0,54.431,42
2023-05-18 13:10:00-04:00,54.46,54.5,54.45,54.47,1821.0,54.472,13
2023-05-18 13:15:00-04:00,54.47,54.5,54.47,54.5,2425.0,54.481,22
2023-05-18 13:20:00-04:00,54.49,54.52,54.49,54.5,2028.0,54.505,19
2023-05-18 13:25:00-04:00,54.48,54.51,54.33,54.33,9494.0,54.451,68
2023-05-18 13:30:00-04:00,54.3,54.38,54.3,54.36,4033.0,54.352,33
2023-05-18 13:35:00-04:00,54.36,54.4,54.33,54.38,7961.0,54.354,46
2023-05-18 13:40:00-04:00,54.38,54.4,54.35,54.39,2653.0,54.384,20
2023-05-18 13:45:00-04:00,54.36,54.4,54.33,54.38,4669.0,54.367,28
2023-05-18 13:50:00-04:00,54.37,54.38,54.31,54.31,2498.0,54.353,22
2023-05-18 13:55:00-04:00,54.3,54.33,54.28,54.33,5884.0,54.305,42
2023-05-18 14:00:00-04:00,54.33,54.37,54.3,54.36,3309.0,54.336,26
2023-05-18 14:05:00-04:00,54.35,54.4,54.35,54.36,2946.0,54.375,26
2023-05-18 14:10:00-04:00,54.36,54.41,54.36,54.41,3757.0,54.388,33
2023-05-18 14:15:00-04:00,54.42,54.47,54.41,54.46,4795.0,54.437,33
2023-05-18 14:20:00-04:00,54.46,54.5,54.45,54.5,2917.0,54.471,23
2023-05-18 14:25:00-04:00,54.53,54.57,54.51,54.51,6786.0,54.546,54
2023-05-18 14:30:00-04:00,54.56,54.68,54.56,54.68,8808.0,54.626,49
2023-05-18 14:35:00-04:00,54.68,54.69,54.66,54.66,5179.0,54.676,31
2023-05-18 14:40:00-04:00,54.65,54.67,54.63,54.64,4369.0,54.654,37
2023-05-18 14:45:00-04:00,54.64,54.67,54.61,54.66,4900.0,54.643,37
2023-05-18 14:50:00-04:00,54.66,54.7,54.65,54.66,2876.0,54.679,24
2023-05-18 14:55:00-04:00,54.67,54.73,54.67,54.7,4540.0,54.705,33
2023-05-18 15:00:00-04:00,54.71,54.77,54.71,54.72,5302.0,54.73,40
2023-05-18 15:05:00-04:00,54.69,54.69,54.64,54.68,5361.0,54.664,38
2023-05-18 15:10:00-04:00,54.69,54.73,54.68,54.73,7615.0,54.708,54
2023-05-18 15:15:00-04:00,54.73,54.79,54.73,54.79,8565.0,54.752,60
2023-05-18 15:20:00-04:00,54.79,54.81,54.75,54.78,7137.0,54.778,55
2023-05-18 15:25:00-04:00,54.79,54.79,54.74,54.76,5591.0,54.763,42
2023-05-18 15:30:00-04:00,54.78,54.86,54.78,54.86,5419.0,54.819,43
2023-05-18 15:35:00-04:00,54.85,54.87,54.81,54.87,6333.0,54.84,56
2023-05-18 15:40:00-04:00,54.87,55.0,54.87,55.0,6999.0,54.942,61
2023-05-18 15:45:00-04:00,54.97,55.0,54.93,54.98,10123.0,54.968,91
2023-05-18 15:50:00-04:00,54.99,55.09,54.99,55.04,17470.0,55.053,155
2023-05-18 15:55:00-04:00,55.03,55.16,55.02,55.06,107902.0,55.088,603
2023-05-19 09:30:00-04:00,55.42,55.58,55.28,55.58,50202.0,55.421,20
2023-05-19 09:35:00-04:00,55.52,55.67,55.34,55.46,6637.0,55.491,60
2023-05-19 09:40:00-04:00,55.48,55.48,55.24,55.46,10172.0,55.342,73
2023-05-19 09:45:00-04:00,55.42,55.43,55.25,55.37,6334.0,55.374,28
2023-05-19 09:50:00-04:00,55.29,55.35,55.21,55.3,2311.0,55.266,17
2023-05-19 09:55:00-04:00,55.27,55.31,55.16,55.29,15000.0,55.2,37
2023-05-19 10:00:00-04:00,55.28,55.34,55.18,55.27,10527.0,55.264,62
2023-05-19 10:05:00-04:00,55.23,55.38,55.21,55.28,7144.0,55.317,38
2023-05-19 10:10:00-04:00,55.31,55.31,55.17,55.19,3320.0,55.243,24
2023-05-19 10:15:00-04:00,55.16,55.23,55.12,55.16,4930.0,55.163,43
2023-05-19 10:20:00-04:00,55.15,55.18,55.1,55.18,2478.0,55.137,20
2023-05-19 10:25:00-04:00,55.17,55.21,55.03,55.09,9226.0,55.108,65
2023-05-19 10:30:00-04:00,55.1,55.16,55.08,55.16,5773.0,55.121,52
2023-05-19 10:35:00-04:00,55.15,55.17,55.03,55.03,7798.0,55.088,55
2023-05-19 10:40:00-04:00,55.03,55.07,54.99,55.05,7661.0,55.029,58
2023-05-19 10:45:00-04:00,55.04,55.11,55.02,55.11,13208.0,55.057,104
2023-05-19 10:50:00-04:00,55.13,55.19,55.13,55.13,4367.0,55.154,41
2023-05-19 10:55:00-04:00,55.12,55.17,55.12,55.15,3258.0,55.15,29
2023-05-19 11:00:00-04:00,55.13,55.18,55.12,55.15,4326.0,55.148,38
2023-05-19 11:05:00-04:00,55.15,55.15,55.04,55.04,2678.0,55.078,22
2023-05-19 11:10:00-04:00,55.05,55.05,54.9,54.9,5462.0,54.949,49
2023-05-19 11:15:00-04:00,54.89,54.89,54.73,54.74,3789.0,54.813,33
2023-05-19 11:20:00-04:00,54.75,54.88,54.75,54.83,4302.0,54.819,36
2023-05-19 11:25:00-04:00,54.86,54.88,54.7,54.7,3040.0,54.818,28
2023-05-19 11:30:00-04:00,54.66,54.66,54.57,54.59,1450.0,54.622,13
2023-05-19 11:35:00-04:00,54.61,54.63,54.42,54.42,2179.0,54.53,17
2023-05-19 11:40:00-04:00,54.42,54.5,54.4,54.41,2557.0,54.453,19
2023-05-19 11:45:00-04:00,54.45,54.57,54.45,54.51,5012.0,54.521,42
2023-05-19 11:50:00-04:00,54.47,54.49,54.44,54.46,1532.0,54.471,11
2023-05-19 11:55:00-04:00,54.46,54.56,54.46,54.48,6072.0,54.501,52
2023-05-19 12:00:00-04:00,54.44,54.46,54.36,54.41,1704.0,54.409,17
2023-05-19 12:05:00-04:00,54.41,54.44,54.3,54.34,4654.0,54.35,39
2023-05-19 12:10:00-04:00,54.35,54.36,54.28,54.34,4155.0,54.327,32
2023-05-19 12:15:00-04:00,54.32,54.42,54.28,54.39,4549.0,54.363,35
2023-05-19 12:20:00-04:00,54.42,54.43,54.36,54.36,2677.0,54.391,23
2023-05-19 12:25:00-04:00,54.37,54.37,54.28,54.29,2375.0,54.332,20
2023-05-19 12:30:00-04:00,54.27,54.27,54.16,54.19,5429.0,54.197,36
2023-05-19 12:35:00-04:00,54.19,54.32,54.18,54.32,3013.0,54.247,28
2023-05-19 12:40:00-04:00,54.32,54.37,54.32,54.37,700.0,54.342,7
2023-05-19 12:45:00-04:00,54.39,54.39,54.34,54.39,4104.0,54.366,37
2023-05-19 12:50:00-04:00,54.39,54.43,54.38,54.41,1800.0,54.402,17
2023-05-19 12:55:00-04:00,54.39,54.4,54.33,54.33,1530.0,54.369,13
2023-05-19 13:00:00-04:00,54.35,54.45,54.34,54.44,5326.0,54.399,44
2023-05-19 13:05:00-04:00,54.45,54.48,54.42,54.43,2518.0,54.453,22
2023-05-19 13:10:00-04:00,54.43,54.46,54.41,54.46,2647.0,54.429,25
2023-05-19 13:15:00-04:00,54.48,54.52,54.44,54.52,5558.0,54.487,41
2023-05-19 13:20:00-04:00,54.51,54.53,54.47,54.53,3598.0,54.495,31
2023-05-19 13:25:00-04:00,54.53,54.53,54.44,54.47,2879.0,54.487,25
2023-05-19 13:30:00-04:00,54.52,54.52,54.48,54.51,1742.0,54.497,16
2023-05-19 13:35:00-04:00,54.52,54.54,54.49,54.53,4486.0,54.516,37
2023-05-19 13:40:00-04:00,54.53,54.6,54.53,54.6,2909.0,54.559,28
2023-05-19 13:45:00-04:00,54.58,54.61,54.52,54.52,2846.0,54.562,26
2023-05-19 13:50:00-04:00,54.52,54.58,54.52,54.58,2047.0,54.541,17
2023-05-19 13:55:00-04:00,54.59,54.61,54.55,54.56,2062.0,54.578,17
2023-05-19 14:00:00-04:00,54.56,54.56,54.48,54.49,2486.0,54.508,21
2023-05-19 14:05:00-04:00,54.48,54.58,54.48,54.54,4628.0,54.54,36
2023-05-19 14:10:00-04:00,54.54,54.54,54.49,54.49,3293.0,54.522,31
2023-05-19 14:15:00-04:00,54.49,54.51,54.43,54.51,4383.0,54.462,36
2023-05-19 14:20:00-04:00,54.53,54.56,54.53,54.55,1828.0,54.544,17
2023-05-19 14:25:00-04:00,54.56,54.56,54.48,54.48,1812.0,54.514,18
2023-05-19 14:30:00-04:00,54.48,54.51,54.45,54.49,2690.0,54.484,25
2023-05-19 14:35:00-04:00,54.5,54.53,54.49,54.52,2712.0,54.518,18
2023-05-19 14:40:00-04:00,54.52,54.54,54.5,54.54,2462.0,54.524,19
2023-05-19 14:45:00-04:00,54.54,54.55,54.52,54.52,3516.0,54.527,31
2023-05-19 14:50:00-04:00,54.53,54.64,54.52,54.64,3518.0,54.56,31
2023-05-19 14:55:00-04:00,54.66,54.66,54.61,54.63,2689.0,54.634,25
2023-05-19 15:00:00-04:00,54.61,54.65,54.59,54.61,4443.0,54.619,39
2023-05-19 15:05:00-04:00,54.62,54.63,54.56,54.61,4813.0,54.595,43
2023-05-19 15:10:00-04:00,54.61,54.67,54.6,54.65,2984.0,54.65,25
2023-05-19 15:15:00-04:00,54.65,54.66,54.63,54.64,2769.0,54.649,24
2023-05-19 15:20:00-04:00,54.65,54.65,54.58,54.62,7449.0,54.609,65
2023-05-19 15:25:00-04:00,54.63,54.63,54.55,54.55,6279.0,54.581,58
2023-05-19 15:30:00-04:00,54.55,54.6,54.54,54.57,10301.0,54.565,89
2023-05-19 15:35:00-04:00,54.57,54.61,54.5,54.6,37037.0,54.559,132
2023-05-19 15:40:00-04:00,54.6,54.72,54.59,54.72,11804.0,54.638,105
2023-05-19 15:45:00-04:00,54.73,54.78,54.66,54.77,19346.0,54.723,162
2023-05-19 15:50:00-04:00,54.78,54.82,54.69,54.81,29032.0,54.759,230
2023-05-19 15:55:00-04:00,54.81,54.82,54.59,54.6,92713.0,54.711,611
2023-05-22 09:30:00-04:00,54.2,54.25,53.91,54.15,19620.0,54.134,70
2023-05-22 09:35:00-04:00,54.14,54.22,54.13,54.19,6031.0,54.175,51
2023-05-22 09:40:00-04:00,54.18,54.25,54.01,54.02,14295.0,54.177,121
2023-05-22 09:45:00-04:00,53.99,54.02,53.9,53.95,8832.0,53.967,68
2023-05-22 09:50:00-04:00,53.98,54.07,53.96,53.96,4968.0,54.016,38
2023-05-22 09:55:00-04:00,53.99,54.02,53.86,53.94,4429.0,53.945,33
2023-05-22 10:00:00-04:00,53.95,53.95,53.87,53.89,3517.0,53.907,30
2023-05-22 10:05:00-04:00,53.9,53.96,53.77,53.8,7461.0,53.88,65
2023-05-22 10:10:00-04:00,53.79,54.01,53.79,53.99,7043.0,53.911,60
2023-05-22 10:15:00-04:00,53.98,54.07,53.97,54.06,3723.0,54.027,32
2023-05-22 10:20:00-04:00,54.08,54.12,54.03,54.06,3596.0,54.083,27
2023-05-22 10:25:00-04:00,54.1,54.27,54.06,54.24,3084.0,54.165,25
2023-05-22 10:30:00-04:00,54.25,54.26,54.19,54.19,4892.0,54.225,17
2023-05-22 10:35:00-04:00,54.18,54.2,54.11,54.11,1830.0,54.167,16
2023-05-22 10:40:00-04:00,54.06,54.09,53.98,53.98,1400.0,54.061,13
2023-05-22 10:45:00-04:00,54.01,54.06,53.96,54.0,2567.0,54.007,23
2023-05-22 10:50:00-04:00,54.0,54.05,53.99,54.01,2575.0,54.005,19
2023-05-22 10:55:00-04:00,53.99,54.05,53.96,54.05,3325.0,53.999,22
2023-05-22 11:00:00-04:00,54.06,54.11,54.03,54.08,3337.0,54.076,27
2023-05-22 11:05:00-04:00,54.09,54.21,54.09,54.19,3391.0,54.165,31
2023-05-22 11:10:00-04:00,54.17,54.21,54.17,54.19,7156.0,54.186,23
2023-05-22 11:15:00-04:00,54.18,54.27,54.18,54.25,1792.0,54.224,12
2023-05-22 11:20:00-04:00,54.26,54.34,54.25,54.33,2590.0,54.3,21
2023-05-22 11:25:00-04:00,54.33,54.35,54.29,54.3,7897.0,54.311,57
2023-05-22 11:30:00-04:00,54.3,54.37,54.29,54.35,11957.0,54.34,55
2023-05-22 11:35:00-04:00,54.35,54.41,54.34,54.4,4300.0,54.376,35
2023-05-22 11:40:00-04:00,54.42,54.5,54.4,54.45,6545.0,54.457,44
2023-05-22 11:45:00-04:00,54.45,54.45,54.34,54.35,3958.0,54.405,28
2023-05-22 11:50:00-04:00,54.35,54.38,54.34,54.38,4462.0,54.361,38
2023-05-22 11:55:00-04:00,54.37,54.44,54.37,54.43,2342.0,54.418,20
2023-05-22 12:00:00-04:00,54.42,54.51,54.42,54.45,11202.0,54.492,62
2023-05-22 12:05:00-04:00,54.44,54.45,54.4,54.4,4348.0,54.44,16
2023-05-22 12:10:00-04:00,54.4,54.43,54.39,54.41,2132.0,54.412,20
2023-05-22 12:15:00-04:00,54.41,54.46,54.4,54.46,5270.0,54.43,35
2023-05-22 12:20:00-04:00,54.46,54.49,54.45,54.45,3482.0,54.467,26
2023-05-22 12:25:00-04:00,54.46,54.5,54.38,54.38,6035.0,54.445,41
2023-05-22 12:30:00-04:00,54.38,54.42,54.38,54.42,5623.0,54.406,35
2023-05-22 12:35:00-04:00,54.43,54.45,54.41,54.41,1557.0,54.43,9
2023-05-22 12:40:00-04:00,54.41,54.42,54.38,54.39,3659.0,54.4,24
2023-05-22 12:45:00-04:00,54.38,54.42,54.38,54.38,3996.0,54.399,20
2023-05-22 12:50:00-04:00,54.37,54.44,54.37,54.44,3811.0,54.403,31
2023-05-22 12:55:00-04:00,54.46,54.5,54.45,54.45,4655.0,54.471,32
2023-05-22 13:00:00-04:00,54.45,54.5,54.45,54.48,4899.0,54.475,28
2023-05-22 13:05:00-04:00,54.47,54.51,54.46,54.49,4627.0,54.487,27
2023-05-22 13:10:00-04:00,54.5,54.51,54.38,54.39,14235.0,54.433,116
2023-05-22 13:15:00-04:00,54.37,54.45,54.35,54.44,4361.0,54.396,35
2023-05-22 13:20:00-04:00,54.44,54.46,54.41,54.46,2475.0,54.445,21
2023-05-22 13:25:00-04:00,54.44,54.45,54.41,54.41,2097.0,54.426,17
2023-05-22 13:30:00-04:00,54.41,54.43,54.38,54.4,4133.0,54.414,31
2023-05-22 13:35:00-04:00,54.38,54.41,54.38,54.38,2994.0,54.39,23
2023-05-22 13:40:00-04:00,54.4,54.44,54.38,54.42,6444.0,54.409,41
2023-05-22 13:45:00-04:00,54.44,54.47,54.44,54.44,3770.0,54.45,24
2023-05-22 13:50:00-04:00,54.45,54.45,54.38,54.39,3539.0,54.424,28
2023-05-22 13:55:00-04:00,54.39,54.4,54.37,54.38,3130.0,54.391,26
2023-05-22 14:00:00-04:00,54.38,54.44,54.38,54.42,3760.0,54.406,26
2023-05-22 14:05:00-04:00,54.43,54.46,54.42,54.45,2823.0,54.442,22
2023-05-22 14:10:00-04:00,54.46,54.47,54.41,54.42,6778.0,54.442,53
2023-05-22 14:15:00-04:00,54.43,54.5,54.43,54.48,3102.0,54.465,25
2023-05-22 14:20:00-04:00,54.48,54.51,54.47,54.47,7843.0,54.49,65
2023-05-22 14:25:00-04:00,54.47,54.51,54.47,54.51,3494.0,54.483,24
2023-05-22 14:30:00-04:00,54.5,54.51,54.49,54.5,4724.0,54.497,32
2023-05-22 14:35:00-04:00,54.5,54.5,54.47,54.47,4695.0,54.488,34
2023-05-22 14:40:00-04:00,54.48,54.48,54.41,54.47,4207.0,54.44,35
2023-05-22 14:45:00-04:00,54.47,54.51,54.46,54.5,6193.0,54.491,46
2023-05-22 14:50:00-04:00,54.49,54.62,54.49,54.55,8211.0,54.574,59
2023-05-22 14:55:00-04:00,54.55,54.55,54.47,54.53,2967.0,54.499,26
2023-05-22 15:00:00-04:00,54.53,54.57,54.52,54.53,4171.0,54.545,30
2023-05-22 15:05:00-04:00,54.54,54.61,54.54,54.58,6990.0,54.574,47
2023-05-22 15:10:00-04:00,54.59,54.67,54.57,54.65,4622.0,54.63,39
2023-05-22 15:15:00-04:00,54.64,54.64,54.59,54.61,7881.0,54.611,55
2023-05-22 15:20:00-04:00,54.6,54.6,54.55,54.58,5839.0,54.583,46
2023-05-22 15:25:00-04:00,54.58,54.58,54.51,54.58,7942.0,54.557,58
2023-05-22 15:30:00-04:00,54.57,54.64,54.52,54.53,21657.0,54.582,74
2023-05-22 15:35:00-04:00,54.52,54.54,54.46,54.47,5915.0,54.497,52
2023-05-22 15:40:00-04:00,54.47,54.52,54.46,54.46,11342.0,54.487,82
2023-05-22 15:45:00-04:00,54.46,54.46,54.34,54.35,10092.0,54.411,81
2023-05-22 15:50:00-04:00,54.34,54.37,54.24,54.27,33764.0,54.295,260
2023-05-22 15:55:00-04:00,54.28,54.3,54.23,54.24,64670.0,54.256,362
2023-05-23 09:30:00-04:00,54.07,54.22,53.96,54.05,12721.0,54.077,11
2023-05-23 09:35:00-04:00,54.03,54.42,53.99,54.25,26797.0,54.251,119
2023-05-23 09:40:00-04:00,54.19,54.19,54.09,54.15,1197.0,54.142,10
2023-05-23 09:45:00-04:00,54.11,54.3,54.11,54.28,6016.0,54.22,51
2023-05-23 09:50:00-04:00,54.25,54.33,54.23,54.31,5756.0,54.291,40
2023-05-23 09:55:00-04:00,54.29,54.38,54.29,54.36,6307.0,54.315,46
2023-05-23 10:00:00-04:00,54.4,54.46,54.3,54.33,9026.0,54.384,68
2023-05-23 10:05:00-04:00,54.35,54.6,54.34,54.6,4262.0,54.47,32
2023-05-23 10:10:00-04:00,54.59,54.69,54.57,54.57,5937.0,54.635,44
2023-05-23 10:15:00-04:00,54.58,54.62,54.49,54.6,1279.0,54.565,10
2023-05-23 10:20:00-04:00,54.61,54.68,54.56,54.68,4681.0,54.617,37
2023-05-23 10:25:00-04:00,54.69,54.74,54.67,54.67,4201.0,54.717,28
2023-05-23 10:30:00-04:00,54.68,54.69,54.62,54.69,3100.0,54.658,18
2023-05-23 10:35:00-04:00,54.71,54.95,54.69,54.95,10412.0,54.798,72
2023-05-23 10:40:00-04:00,54.94,55.02,54.93,54.97,19913.0,54.976,117
2023-05-23 10:45:00-04:00,54.95,55.02,54.94,54.97,17155.0,54.986,126
2023-05-23 10:50:00-04:00,54.97,55.0,54.93,54.96,14941.0,54.962,100
2023-05-23 10:55:00-04:00,54.95,55.01,54.9,54.99,7992.0,54.951,61
2023-05-23 11:00:00-04:00,54.98,55.05,54.96,55.02,6210.0,55.01,57
2023-05-23 11:05:00-04:00,55.02,55.05,54.99,55.0,10492.0,55.032,79
2023-05-23 11:10:00-04:00,54.98,55.02,54.94,54.97,19896.0,54.997,103
2023-05-23 11:15:00-04:00,54.97,55.01,54.94,54.95,8831.0,54.982,70
2023-05-23 11:20:00-04:00,54.94,54.99,54.89,54.99,6579.0,54.928,59
2023-05-23 11:25:00-04:00,54.95,55.02,54.92,55.02,6426.0,54.961,47
2023-05-23 11:30:00-04:00,55.01,55.03,54.98,54.98,8874.0,55.003,56
2023-05-23 11:35:00-04:00,54.97,55.05,54.97,55.04,5891.0,55.015,47
2023-05-23 11:40:00-04:00,55.04,55.05,54.96,54.97,9820.0,54.997,68
2023-05-23 11:45:00-04:00,54.98,55.12,54.97,55.11,6345.0,55.031,50
2023-05-23 11:50:00-04:00,55.14,55.25,55.13,55.19,9109.0,55.178,61
2023-05-23 11:55:00-04:00,55.2,55.23,55.12,55.12,9045.0,55.186,69
2023-05-23 12:00:00-04:00,55.14,55.19,54.99,55.03,5169.0,55.099,45
2023-05-23 12:05:00-04:00,55.01,55.08,54.97,54.97,3677.0,55.026,29
2023-05-23 12:10:00-04:00,54.97,54.97,54.86,54.88,7172.0,54.899,40
2023-05-23 12:15:00-04:00,54.86,54.87,54.75,54.77,5957.0,54.801,50
2023-05-23 12:20:00-04:00,54.78,54.84,54.77,54.83,5140.0,54.814,42
2023-05-23 12:25:00-04:00,54.83,54.83,54.77,54.78,2911.0,54.796,26
2023-05-23 12:30:00-04:00,54.78,54.8,54.67,54.67,11718.0,54.729,94
2023-05-23 12:35:00-04:00,54.67,54.77,54.63,54.77,6956.0,54.682,54
2023-05-23 12:40:00-04:00,54.81,54.81,54.72,54.72,4016.0,54.755,30
2023-05-23 12:45:00-04:00,54.74,54.74,54.68,54.71,3967.0,54.712,33
2023-05-23 12:50:00-04:00,54.71,54.71,54.65,54.71,2838.0,54.689,23
2023-05-23 12:55:00-04:00,54.71,54.8,54.71,54.73,5874.0,54.75,50
2023-05-23 13:00:00-04:00,54.73,54.77,54.65,54.68,2768.0,54.718,24
2023-05-23 13:05:00-04:00,54.66,54.78,54.66,54.78,5048.0,54.736,43
2023-05-23 13:10:00-04:00,54.79,54.85,54.79,54.84,3114.0,54.83,28
2023-05-23 13:15:00-04:00,54.85,54.9,54.84,54.89,2230.0,54.86,17
2023-05-23 13:20:00-04:00,54.89,54.9,54.86,54.9,5323.0,54.875,36
2023-05-23 13:25:00-04:00,54.91,54.91,54.79,54.79,18086.0,54.838,64
2023-05-23 13:30:00-04:00,54.77,54.79,54.7,54.74,6745.0,54.745,60
2023-05-23 13:35:00-04:00,54.73,54.8,54.73,54.77,4603.0,54.775,34
2023-05-23 13:40:00-04:00,54.77,54.84,54.76,54.83,5887.0,54.802,40
2023-05-23 13:45:00-04:00,54.87,54.92,54.86,54.87,9369.0,54.884,68
2023-05-23 13:50:00-04:00,54.86,54.89,54.84,54.85,5584.0,54.864,44
2023-05-23 13:55:00-04:00,54.84,54.88,54.82,54.87,3791.0,54.856,32
2023-05-23 14:00:00-04:00,54.88,54.96,54.87,54.96,5007.0,54.902,43
2023-05-23 14:05:00-04:00,54.96,54.99,54.92,54.95,12695.0,54.952,90
2023-05-23 14:10:00-04:00,54.95,54.96,54.85,54.87,11953.0,54.898,83
2023-05-23 14:15:00-04:00,54.86,54.9,54.8,54.8,8513.0,54.847,58
2023-05-23 14:20:00-04:00,54.79,54.8,54.68,54.7,13161.0,54.751,108
2023-05-23 14:25:00-04:00,54.69,54.83,54.66,54.77,11289.0,54.749,93
2023-05-23 14:30:00-04:00,54.77,54.9,54.77,54.85,20635.0,54.863,131
2023-05-23 14:35:00-04:00,54.85,54.85,54.75,54.77,7116.0,54.796,61
2023-05-23 14:40:00-04:00,54.79,54.8,54.73,54.74,7429.0,54.78,60
2023-05-23 14:45:00-04:00,54.76,54.8,54.74,54.75,3775.0,54.774,29
2023-05-23 14:50:00-04:00,54.75,54.8,54.74,54.8,7816.0,54.779,47
2023-05-23 14:55:00-04:00,54.81,54.81,54.77,54.8,7443.0,54.788,49
2023-05-23 15:00:00-04:00,54.8,54.81,54.76,54.79,7854.0,54.784,70
2023-05-23 15:05:00-04:00,54.8,54.85,54.77,54.78,7935.0,54.816,52
2023-05-23 15:10:00-04:00,54.79,54.86,54.79,54.86,6010.0,54.821,50
2023-05-23 15:15:00-04:00,54.86,54.86,54.73,54.73,12060.0,54.814,87
2023-05-23 15:20:00-04:00,54.72,54.81,54.71,54.8,8105.0,54.757,62
2023-05-23 15:25:00-04:00,54.81,54.84,54.79,54.83,9586.0,54.813,70
2023-05-23 15:30:00-04:00,54.83,54.84,54.75,54.8,19157.0,54.811,131
2023-05-23 15:35:00-04:00,54.8,54.81,54.73,54.77,18189.0,54.777,107
2023-05-23 15:40:00-04:00,54.77,54.87,54.75,54.86,31690.0,54.803,210
2023-05-23 15:45:00-04:00,54.85,54.9,54.79,54.83,28825.0,54.866,201
2023-05-23 15:50:00-04:00,54.83,54.89,54.77,54.79,50340.0,54.832,358
2023-05-23 15:55:00-04:00,54.79,54.84,54.71,54.77,103805.0,54.773,630
2023-05-24 09:30:00-04:00,54.38,54.75,54.08,54.45,12916.0,54.352,36
2023-05-24 09:35:00-04:00,54.37,54.37,54.17,54.17,6107.0,54.298,51
2023-05-24 09:40:00-04:00,54.15,54.15,53.93,53.93,4509.0,54.046,31
2023-05-24 09:45:00-04:00,53.95,54.01,53.84,54.0,6329.0,53.911,48
2023-05-24 09:50:00-04:00,54.0,54.01,53.85,53.87,4488.0,53.947,36
2023-05-24 09:55:00-04:00,53.88,53.95,53.8,53.8,10421.0,53.894,96
2023-05-24 10:00:00-04:00,53.8,53.85,53.77,53.8,7027.0,53.806,52
2023-05-24 10:05:00-04:00,53.79,53.82,53.71,53.71,8119.0,53.765,54
2023-05-24 10:10:00-04:00,53.71,53.85,53.71,53.85,11905.0,53.794,88
2023-05-24 10:15:00-04:00,53.85,53.86,53.8,53.8,9185.0,53.824,82
2023-05-24 10:20:00-04:00,53.81,53.82,53.73,53.75,10764.0,53.754,59
2023-05-24 10:25:00-04:00,53.75,53.89,53.75,53.87,7120.0,53.816,63
2023-05-24 10:30:00-04:00,53.88,54.02,53.88,54.02,2680.0,53.955,20
2023-05-24 10:35:00-04:00,54.01,54.06,54.0,54.05,2104.0,54.036,20
2023-05-24 10:40:00-04:00,54.08,54.24,54.05,54.23,5984.0,54.184,27
2023-05-24 10:45:00-04:00,54.22,54.24,54.11,54.15,11692.0,54.215,71
2023-05-24 10:50:00-04:00,54.13,54.17,54.06,54.16,4878.0,54.112,37
2023-05-24 10:55:00-04:00,54.15,54.15,53.99,54.07,4835.0,54.063,42
2023-05-24 11:00:00-04:00,54.08,54.11,53.97,53.97,2394.0,54.055,18
2023-05-24 11:05:00-04:00,53.97,53.97,53.85,53.87,11672.0,53.917,89
2023-05-24 11:10:00-04:00,53.88,53.91,53.84,53.85,5648.0,53.874,45
2023-05-24 11:15:00-04:00,53.87,53.94,53.86,53.94,4311.0,53.892,34
2023-05-24 11:20:00-04:00,53.95,54.16,53.95,54.15,9351.0,54.081,75
2023-05-24 11:25:00-04:00,54.15,54.26,54.1,54.14,3833.0,54.188,36
2023-05-24 11:30:00-04:00,54.13,54.14,54.05,54.09,5339.0,54.093,49
2023-05-24 11:35:00-04:00,54.09,54.13,54.06,54.09,6448.0,54.097,45
2023-05-24 11:40:00-04:00,54.08,54.12,54.01,54.03,4036.0,54.07,37
2023-05-24 11:45:00-04:00,54.01,54.05,53.95,54.05,8989.0,54.012,79
2023-05-24 11:50:00-04:00,54.06,54.08,53.97,53.97,2881.0,54.038,22
2023-05-24 11:55:00-04:00,54.0,54.01,53.97,54.0,1800.0,53.997,15
2023-05-24 12:00:00-04:00,54.01,54.08,54.01,54.08,2451.0,54.057,21
2023-05-24 12:05:00-04:00,54.08,54.08,54.03,54.03,5679.0,54.05,27
2023-05-24 12:10:00-04:00,54.02,54.02,53.91,53.97,2787.0,53.94,23
2023-05-24 12:15:00-04:00,53.96,53.97,53.93,53.95,2939.0,53.95,24
2023-05-24 12:20:00-04:00,53.97,53.97,53.91,53.93,27254.0,53.941,21
2023-05-24 12:25:00-04:00,53.94,54.0,53.94,53.98,5409.0,53.967,22
2023-05-24 12:30:00-04:00,53.99,54.03,53.99,54.02,2163.0,54.012,18
2023-05-24 12:35:00-04:00,54.01,54.06,53.99,54.06,3651.0,54.019,25
2023-05-24 12:40:00-04:00,54.07,54.12,54.03,54.03,3220.0,54.065,20
2023-05-24 12:45:00-04:00,54.03,54.05,54.01,54.01,2100.0,54.03,19
2023-05-24 12:50:00-04:00,53.99,54.02,53.99,54.01,1373.0,54.005,13
2023-05-24 12:55:00-04:00,54.02,54.02,53.97,53.97,1424.0,54.002,14
2023-05-24 13:00:00-04:00,53.97,53.99,53.91,53.97,8915.0,53.957,69
2023-05-24 13:05:00-04:00,53.91,53.98,53.88,53.92,3509.0,53.936,31
2023-05-24 13:10:00-04:00,53.92,53.99,53.92,53.95,5417.0,53.959,47
2023-05-24 13:15:00-04:00,53.95,54.02,53.95,54.02,1758.0,53.99,16
2023-05-24 13:20:00-04:00,54.02,54.11,54.02,54.03,4362.0,54.068,38
2023-05-24 13:25:00-04:00,54.03,54.03,54.01,54.01,526.0,54.014,4
2023-05-24 13:30:00-04:00,54.0,54.06,54.0,54.06,3090.0,54.033,27
2023-05-24 13:35:00-04:00,54.06,54.12,54.06,54.11,18606.0,54.107,52
2023-05-24 13:40:00-04:00,54.11,54.13,54.09,54.11,20364.0,54.115,43
2023-05-24 13:45:00-04:00,54.12,54.13,54.04,54.08,17624.0,54.103,106
2023-05-24 13:50:00-04:00,54.08,54.17,54.08,54.15,27283.0,54.123,59
2023-05-24 13:55:00-04:00,54.15,54.18,54.09,54.16,13562.0,54.125,70
2023-05-24 14:00:00-04:00,54.17,54.21,54.12,54.13,8894.0,54.146,76
2023-05-24 14:05:00-04:00,54.15,54.17,54.03,54.04,16083.0,54.118,81
2023-05-24 14:10:00-04:00,54.05,54.09,53.94,53.98,9511.0,54.007,83
2023-05-24 14:15:00-04:00,53.98,53.98,53.87,53.89,5194.0,53.913,41
2023-05-24 14:20:00-04:00,53.89,53.91,53.81,53.84,7093.0,53.851,55
2023-05-24 14:25:00-04:00,53.8,53.8,53.72,53.73,3657.0,53.74,25
2023-05-24 14:30:00-04:00,53.72,53.85,53.71,53.85,4849.0,53.775,43
2023-05-24 14:35:00-04:00,53.85,53.88,53.83,53.88,3824.0,53.851,32
2023-05-24 14:40:00-04:00,53.9,53.92,53.86,53.86,6274.0,53.899,50
2023-05-24 14:45:00-04:00,53.87,53.89,53.85,53.86,3293.0,53.868,24
2023-05-24 14:50:00-04:00,53.86,53.87,53.79,53.79,3756.0,53.833,35
2023-05-24 14:55:00-04:00,53.8,53.8,53.73,53.76,2834.0,53.763,23
2023-05-24 15:00:00-04:00,53.78,53.78,53.7,53.72,3627.0,53.747,25
2023-05-24 15:05:00-04:00,53.71,53.82,53.71,53.81,9626.0,53.78,61
2023-05-24 15:10:00-04:00,53.79,53.83,53.77,53.83,4096.0,53.791,25
2023-05-24 15:15:00-04:00,53.83,53.93,53.83,53.91,5496.0,53.879,42
2023-05-24 15:20:00-04:00,53.92,53.96,53.87,53.9,6476.0,53.932,59
2023-05-24 15:25:00-04:00,53.91,53.94,53.86,53.86,5513.0,53.902,41
2023-05-24 15:30:00-04:00,53.88,54.0,53.88,53.91,14121.0,53.933,113
2023-05-24 15:35:00-04:00,53.91,53.92,53.81,53.84,8421.0,53.866,68
2023-05-24 15:40:00-04:00,53.84,53.84,53.78,53.8,10666.0,53.803,96
2023-05-24 15:45:00-04:00,53.78,53.8,53.74,53.78,15713.0,53.769,108
2023-05-24 15:50:00-04:00,53.74,53.77,53.6,53.7,29769.0,53.655,229
2023-05-24 15:55:00-04:00,53.7,53.74,53.66,53.69,47848.0,53.697,331
2023-05-25 09:30:00-04:00,53.48,53.48,53.22,53.33,12253.0,53.444,23
2023-05-25 09:35:00-04:00,53.33,53.33,53.07,53.08,2611.0,53.239,17
2023-05-25 09:40:00-04:00,53.07,53.13,52.99,53.01,5873.0,53.057,35
2023-05-25 09:45:00-04:00,53.06,53.16,52.94,52.98,8614.0,53.046,56
2023-05-25 09:50:00-04:00,52.92,53.04,52.84,52.94,16708.0,52.953,111
2023-05-25 09:55:00-04:00,52.92,53.02,52.89,52.97,3427.0,52.972,27
2023-05-25 10:00:00-04:00,53.05,53.08,52.96,53.08,6975.0,53.023,65
2023-05-25 10:05:00-04:00,53.06,53.06,52.72,52.72,5633.0,52.968,51
2023-05-25 10:10:00-04:00,52.63,52.72,52.55,52.66,6519.0,52.641,53
2023-05-25 10:15:00-04:00,52.66,52.75,52.56,52.69,4852.0,52.682,37
2023-05-25 10:20:00-04:00,52.55,52.62,52.55,52.57,7316.0,52.587,65
2023-05-25 10:25:00-04:00,52.6,52.95,52.58,52.95,6282.0,52.746,55
2023-05-25 10:30:00-04:00,52.91,52.97,52.78,52.91,59957.0,52.878,229
2023-05-25 10:35:00-04:00,52.93,52.98,52.78,52.92,9767.0,52.901,77
2023-05-25 10:40:00-04:00,52.96,53.13,52.93,53.12,9094.0,52.995,64
2023-05-25 10:45:00-04:00,53.14,53.16,53.02,53.04,7277.0,53.073,58
2023-05-25 10:50:00-04:00,53.04,53.04,52.93,52.96,9666.0,52.98,72
2023-05-25 10:55:00-04:00,52.96,53.02,52.95,53.0,5618.0,52.982,52
2023-05-25 11:00:00-04:00,53.02,53.08,52.99,53.01,103967.0,53.04,64
2023-05-25 11:05:00-04:00,53.02,53.25,53.02,53.25,9484.0,53.185,67
2023-05-25 11:10:00-04:00,53.27,53.31,53.21,53.28,13006.0,53.257,98
2023-05-25 11:15:00-04:00,53.29,53.36,53.19,53.26,17112.0,53.263,143
2023-05-25 11:20:00-04:00,53.22,53.29,53.16,53.2,12349.0,53.23,100
2023-05-25 11:25:00-04:00,53.19,53.24,53.13,53.16,12526.0,53.184,99
2023-05-25 11:30:00-04:00,53.14,53.18,53.08,53.09,10156.0,53.121,83
2023-05-25 11:35:00-04:00,53.1,53.14,53.0,53.02,10776.0,53.076,85
2023-05-25 11:40:00-04:00,53.0,53.05,53.0,53.03,17498.0,53.025,129
2023-05-25 11:45:00-04:00,53.05,53.23,53.05,53.2,10083.0,53.128,79
2023-05-25 11:50:00-04:00,53.21,53.32,53.18,53.28,13388.0,53.229,105
2023-05-25 11:55:00-04:00,53.29,53.35,53.29,53.35,10861.0,53.315,87
2023-05-25 12:00:00-04:00,53.37,53.4,53.34,53.4,13231.0,53.375,111
2023-05-25 12:05:00-04:00,53.41,53.41,53.3,53.32,8070.0,53.36,58
2023-05-25 12:10:00-04:00,53.32,53.5,53.31,53.46,14087.0,53.418,98
2023-05-25 12:15:00-04:00,53.48,53.51,53.42,53.48,11506.0,53.457,81
2023-05-25 12:20:00-04:00,53.5,53.5,53.27,53.27,12478.0,53.379,98
2023-05-25 12:25:00-04:00,53.27,53.33,53.21,53.32,7519.0,53.271,60
2023-05-25 12:30:00-04:00,53.33,53.33,53.25,53.25,7730.0,53.294,62
2023-05-25 12:35:00-04:00,53.28,53.37,53.28,53.33,6995.0,53.311,42
2023-05-25 12:40:00-04:00,53.33,53.41,53.33,53.37,9361.0,53.37,70
2023-05-25 12:45:00-04:00,53.37,53.42,53.35,53.36,9866.0,53.376,71
2023-05-25 12:50:00-04:00,53.35,53.4,53.34,53.37,5460.0,53.379,38
2023-05-25 12:55:00-04:00,53.37,53.41,53.26,53.29,10053.0,53.353,72
2023-05-25 13:00:00-04:00,53.29,53.29,53.22,53.26,6152.0,53.265,50
2023-05-25 13:05:00-04:00,53.19,53.3,53.17,53.3,6557.0,53.225,46
2023-05-25 13:10:00-04:00,53.3,53.34,53.27,53.34,6252.0,53.287,45
2023-05-25 13:15:00-04:00,53.33,53.43,53.33,53.38,7774.0,53.391,48
2023-05-25 13:20:00-04:00,53.38,53.41,53.34,53.4,7457.0,53.371,43
2023-05-25 13:25:00-04:00,53.4,53.52,53.39,53.42,11034.0,53.464,63
2023-05-25 13:30:00-04:00,53.44,53.5,53.42,53.42,5208.0,53.465,38
2023-05-25 13:35:00-04:00,53.44,53.44,53.31,53.36,4224.0,53.38,35
2023-05-25 13:40:00-04:00,53.38,53.38,53.23,53.23,4240.0,53.268,27
2023-05-25 13:45:00-04:00,53.23,53.23,53.12,53.18,3803.0,53.159,31
2023-05-25 13:50:00-04:00,53.15,53.17,53.11,53.11,2775.0,53.14,23
2023-05-25 13:55:00-04:00,53.13,53.16,53.11,53.13,2629.0,53.133,23
2023-05-25 14:00:00-04:00,53.14,53.29,53.14,53.19,4515.0,53.228,39
2023-05-25 14:05:00-04:00,53.22,53.24,53.15,53.18,5054.0,53.179,44
2023-05-25 14:10:00-04:00,53.18,53.19,53.16,53.19,2405.0,53.174,22
2023-05-25 14:15:00-04:00,53.2,53.24,53.17,53.22,6364.0,53.2,39
2023-05-25 14:20:00-04:00,53.2,53.24,53.17,53.22,5405.0,53.205,43
2023-05-25 14:25:00-04:00,53.21,53.27,53.18,53.19,6338.0,53.227,52
2023-05-25 14:30:00-04:00,53.19,53.19,53.06,53.09,6336.0,53.128,56
2023-05-25 14:35:00-04:00,53.1,53.1,53.01,53.05,7570.0,53.044,62
2023-05-25 14:40:00-04:00,53.05,53.12,53.05,53.12,7131.0,53.078,55
2023-05-25 14:45:00-04:00,53.12,53.19,53.1,53.15,6342.0,53.139,52
2023-05-25 14:50:00-04:00,53.16,53.25,53.15,53.23,5620.0,53.214,49
2023-05-25 14:55:00-04:00,53.23,53.33,53.22,53.33,7912.0,53.26,65
2023-05-25 15:00:00-04:00,53.34,53.39,53.32,53.37,7204.0,53.358,61
2023-05-25 15:05:00-04:00,53.37,53.45,53.36,53.44,7004.0,53.414,58
2023-05-25 15:10:00-04:00,53.47,53.5,53.44,53.45,8658.0,53.467,63
2023-05-25 15:15:00-04:00,53.46,53.47,53.41,53.43,8480.0,53.441,67
2023-05-25 15:20:00-04:00,53.42,53.48,53.42,53.45,11870.0,53.451,82
2023-05-25 15:25:00-04:00,53.43,53.54,53.4,53.47,11261.0,53.475,87
2023-05-25 15:30:00-04:00,53.46,53.5,53.38,53.41,10894.0,53.45,83
2023-05-25 15:35:00-04:00,53.43,53.44,53.37,53.38,10500.0,53.405,78
2023-05-25 15:40:00-04:00,53.41,53.5,53.4,53.5,45705.0,53.479,244
2023-05-25 15:45:00-04:00,53.51,53.57,53.48,53.51,39038.0,53.51,182
2023-05-25 15:50:00-04:00,53.51,53.51,53.27,53.27,31297.0,53.383,217
2023-05-25 15:55:00-04:00,53.25,53.33,53.23,53.3,53742.0,53.304,330
2023-05-26 09:30:00-04:00,53.35,53.48,53.16,53.38,9131.0,53.352,4
2023-05-26 09:35:00-04:00,53.33,53.39,53.14,53.3,5060.0,53.289,39
2023-05-26 09:40:00-04:00,53.35,53.52,53.27,53.47,8431.0,53.369,71
2023-05-26 09:45:00-04:00,53.48,53.66,53.36,53.46,12859.0,53.557,92
2023-05-26 09:50:00-04:00,53.4,53.54,53.37,53.42,10475.0,53.438,59
2023-05-26 09:55:00-04:00,53.46,53.46,53.39,53.43,4544.0,53.42,25
2023-05-26 10:00:00-04:00,53.45,53.48,53.31,53.37,4921.0,53.389,34
2023-05-26 10:05:00-04:00,53.43,53.52,53.41,53.48,8646.0,53.478,45
2023-05-26 10:10:00-04:00,53.48,53.51,53.45,53.47,10708.0,53.463,53
2023-05-26 10:15:00-04:00,53.48,53.79,53.45,53.55,21333.0,53.623,172
2023-05-26 10:20:00-04:00,53.57,53.76,53.57,53.76,3601.0,53.633,26
2023-05-26 10:25:00-04:00,53.74,53.78,53.68,53.68,4064.0,53.736,33
2023-05-26 10:30:00-04:00,53.72,53.84,53.66,53.75,69409.0,53.744,163
2023-05-26 10:35:00-04:00,53.75,53.83,53.7,53.83,6714.0,53.774,41
2023-05-26 10:40:00-04:00,53.85,53.87,53.64,53.64,4806.0,53.779,41
2023-05-26 10:45:00-04:00,53.62,53.63,53.55,53.63,6004.0,53.59,40
2023-05-26 10:50:00-04:00,53.64,53.64,53.55,53.61,3481.0,53.591,27
2023-05-26 10:55:00-04:00,53.57,53.59,53.46,53.47,10763.0,53.515,75
2023-05-26 11:00:00-04:00,53.48,53.55,53.46,53.47,4572.0,53.503,38
2023-05-26 11:05:00-04:00,53.49,53.58,53.48,53.58,3403.0,53.511,33
2023-05-26 11:10:00-04:00,53.55,53.56,53.46,53.52,8072.0,53.532,54
2023-05-26 11:15:00-04:00,53.54,53.57,53.39,53.4,5912.0,53.508,38
2023-05-26 11:20:00-04:00,53.4,53.4,53.29,53.29,5152.0,53.344,40
2023-05-26 11:25:00-04:00,53.26,53.28,53.22,53.25,2822.0,53.25,18
2023-05-26 11:30:00-04:00,53.27,53.31,53.22,53.26,4451.0,53.256,31
2023-05-26 11:35:00-04:00,53.26,53.28,53.24,53.27,4710.0,53.264,37
2023-05-26 11:40:00-04:00,53.28,53.41,53.28,53.36,3598.0,53.371,29
2023-05-26 11:45:00-04:00,53.37,53.39,53.31,53.37,5568.0,53.356,40
2023-05-26 11:50:00-04:00,53.39,53.39,53.34,53.35,1923.0,53.358,16
2023-05-26 11:55:00-04:00,53.33,53.35,53.29,53.31,5300.0,53.316,38
2023-05-26 12:00:00-04:00,53.32,53.45,53.31,53.45,4193.0,53.383,35
2023-05-26 12:05:00-04:00,53.45,53.49,53.44,53.48,2112.0,53.463,19
2023-05-26 12:10:00-04:00,53.46,53.48,53.42,53.46,4762.0,53.45,37
2023-05-26 12:15:00-04:00,53.47,53.5,53.44,53.49,5683.0,53.464,41
2023-05-26 12:20:00-04:00,53.49,53.59,53.48,53.59,3640.0,53.535,28
2023-05-26 12:25:00-04:00,53.56,53.66,53.55,53.6,4675.0,53.608,37
2023-05-26 12:30:00-04:00,53.62,53.65,53.59,53.64,2447.0,53.624,18
2023-05-26 12:35:00-04:00,53.65,53.73,53.65,53.69,4731.0,53.69,43
2023-05-26 12:40:00-04:00,53.69,53.75,53.66,53.7,7072.0,53.708,57
2023-05-26 12:45:00-04:00,53.71,53.71,53.66,53.66,1414.0,53.688,12
2023-05-26 12:50:00-04:00,53.69,53.7,53.61,53.64,3433.0,53.671,31
2023-05-26 12:55:00-04:00,53.64,53.64,53.58,53.6,3201.0,53.609,28
2023-05-26 13:00:00-04:00,53.62,53.66,53.62,53.64,3108.0,53.643,22
2023-05-26 13:05:00-04:00,53.64,53.64,53.61,53.61,914.0,53.623,8
2023-05-26 13:10:00-04:00,53.59,53.64,53.59,53.62,3642.0,53.618,31
2023-05-26 13:15:00-04:00,53.63,53.63,53.53,53.58,3380.0,53.583,30
2023-05-26 13:20:00-04:00,53.59,53.61,53.59,53.61,1173.0,53.605,11
2023-05-26 13:25:00-04:00,53.6,53.6,53.54,53.55,4399.0,53.573,39
2023-05-26 13:30:00-04:00,53.54,53.61,53.53,53.61,4390.0,53.578,30
2023-05-26 13:35:00-04:00,53.62,53.62,53.52,53.55,2752.0,53.564,24
2023-05-26 13:40:00-04:00,53.56,53.56,53.5,53.51,6413.0,53.524,28
2023-05-26 13:45:00-04:00,53.52,53.57,53.47,53.51,3754.0,53.534,32
2023-05-26 13:50:00-04:00,53.52,53.54,53.47,53.47,3603.0,53.51,26
2023-05-26 13:55:00-04:00,53.49,53.49,53.43,53.48,3815.0,53.47,33
2023-05-26 14:00:00-04:00,53.5,53.54,53.48,53.48,3956.0,53.506,31
2023-05-26 14:05:00-04:00,53.43,53.45,53.4,53.41,3472.0,53.436,26
2023-05-26 14:10:00-04:00,53.41,53.44,53.4,53.4,3661.0,53.422,33
2023-05-26 14:15:00-04:00,53.42,53.45,53.39,53.45,4081.0,53.428,30
2023-05-26 14:20:00-04:00,53.46,53.5,53.46,53.47,2399.0,53.478,18
2023-05-26 14:25:00-04:00,53.46,53.47,53.43,53.46,2838.0,53.447,24
2023-05-26 14:30:00-04:00,53.45,53.54,53.43,53.52,2576.0,53.495,22
2023-05-26 14:35:00-04:00,53.52,53.59,53.52,53.59,3642.0,53.551,30
2023-05-26 14:40:00-04:00,53.6,53.6,53.56,53.59,3043.0,53.585,26
2023-05-26 14:45:00-04:00,53.59,53.63,53.57,53.62,4661.0,53.609,26
2023-05-26 14:50:00-04:00,53.63,53.67,53.61,53.67,10525.0,53.644,36
2023-05-26 14:55:00-04:00,53.67,53.68,53.54,53.54,3303.0,53.61,30
2023-05-26 15:00:00-04:00,53.54,53.69,53.54,53.66,5496.0,53.643,42
2023-05-26 15:05:00-04:00,53.65,53.69,53.65,53.68,2904.0,53.669,22
2023-05-26 15:10:00-04:00,53.69,53.74,53.67,53.69,4788.0,53.716,42
2023-05-26 15:15:00-04:00,53.69,53.72,53.69,53.69,3620.0,53.705,27
2023-05-26 15:20:00-04:00,53.69,53.71,53.65,53.69,6320.0,53.685,47
2023-05-26 15:25:00-04:00,53.7,53.72,53.65,53.65,6221.0,53.692,49
2023-05-26 15:30:00-04:00,53.65,53.7,53.65,53.67,6595.0,53.683,54
2023-05-26 15:35:00-04:00,53.68,53.7,53.63,53.64,7555.0,53.676,58
2023-05-26 15:40:00-04:00,53.64,53.77,53.62,53.76,8960.0,53.675,70
2023-05-26 15:45:00-04:00,53.76,53.81,53.75,53.8,11053.0,53.782,86
2023-05-26 15:50:00-04:00,53.79,53.79,53.66,53.78,25283.0,53.733,202
2023-05-26 15:55:00-04:00,53.78,53.84,53.78,53.81,57923.0,53.814,333
2023-05-30 09:30:00-04:00,53.93,54.06,53.8,53.82,22043.0,53.901,43
2023-05-30 09:35:00-04:00,53.84,53.87,53.36,53.36,11846.0,53.69,69
2023-05-30 09:40:00-04:00,53.28,53.51,53.27,53.43,6549.0,53.449,37
2023-05-30 09:45:00-04:00,53.43,53.51,53.36,53.47,13184.0,53.468,83
2023-05-30 09:50:00-04:00,53.49,53.62,53.46,53.51,5196.0,53.504,40
2023-05-30 09:55:00-04:00,53.51,53.57,53.48,53.55,2017.0,53.519,19
2023-05-30 10:00:00-04:00,53.6,53.6,53.37,53.44,4542.0,53.457,39
2023-05-30 10:05:00-04:00,53.44,53.51,53.36,53.5,3852.0,53.425,31
2023-05-30 10:10:00-04:00,53.53,53.53,53.21,53.29,7960.0,53.305,71
2023-05-30 10:15:00-04:00,53.3,53.31,53.11,53.19,8387.0,53.182,65
2023-05-30 10:20:00-04:00,53.2,53.22,52.94,52.97,6597.0,53.046,57
2023-05-30 10:25:00-04:00,52.97,53.0,52.8,52.84,12290.0,52.901,103
2023-05-30 10:30:00-04:00,52.84,52.95,52.67,52.67,17976.0,52.873,164
2023-05-30 10:35:00-04:00,52.68,52.83,52.68,52.81,3555.0,52.764,30
2023-05-30 10:40:00-04:00,52.84,52.9,52.76,52.78,9141.0,52.839,68
2023-05-30 10:45:00-04:00,52.79,52.84,52.68,52.76,5148.0,52.773,45
2023-05-30 10:50:00-04:00,52.78,52.9,52.76,52.78,6844.0,52.814,61
2023-05-30 10:55:00-04:00,52.77,52.8,52.66,52.73,13924.0,52.736,100
2023-05-30 11:00:00-04:00,52.69,52.76,52.63,52.75,46403.0,52.698,384
2023-05-30 11:05:00-04:00,52.76,52.76,52.51,52.53,11124.0,52.615,97
2023-05-30 11:10:00-04:00,52.54,52.58,52.45,52.52,17095.0,52.517,122
2023-05-30 11:15:00-04:00,52.51,52.51,52.41,52.48,12362.0,52.468,108
2023-05-30 11:20:00-04:00,52.48,52.51,52.38,52.48,9245.0,52.451,72
2023-05-30 11:25:00-04:00,52.48,52.56,52.43,52.46,8559.0,52.485,66
2023-05-30 11:30:00-04:00,52.48,52.52,52.41,52.52,11574.0,52.48,81
2023-05-30 11:35:00-04:00,52.52,52.62,52.48,52.56,21499.0,52.558,105
2023-05-30 11:40:00-04:00,52.54,52.61,52.43,52.43,18511.0,52.52,126
2023-05-30 11:45:00-04:00,52.43,52.49,52.36,52.36,10621.0,52.419,81
2023-05-30 11:50:00-04:00,52.37,52.42,52.36,52.39,6780.0,52.391,52
2023-05-30 11:55:00-04:00,52.39,52.45,52.38,52.45,7725.0,52.413,68
2023-05-30 12:00:00-04:00,52.44,52.48,52.37,52.4,10368.0,52.418,83
2023-05-30 12:05:00-04:00,52.4,52.4,52.32,52.34,8106.0,52.35,69
2023-05-30 12:10:00-04:00,52.34,52.38,52.22,52.22,26116.0,52.296,119
2023-05-30 12:15:00-04:00,52.25,52.36,52.2,52.34,17851.0,52.28,98
2023-05-30 12:20:00-04:00,52.33,52.45,52.3,52.31,13162.0,52.362,90
2023-05-30 12:25:00-04:00,52.32,52.33,52.24,52.27,32952.0,52.274,138
2023-05-30 12:30:00-04:00,52.27,52.34,52.25,52.3,11440.0,52.298,62
2023-05-30 12:35:00-04:00,52.31,52.41,52.29,52.29,13183.0,52.358,102
2023-05-30 12:40:00-04:00,52.28,52.29,52.25,52.26,6122.0,52.268,52
2023-05-30 12:45:00-04:00,52.25,52.34,52.25,52.28,15718.0,52.272,56
2023-05-30 12:50:00-04:00,52.28,52.45,52.26,52.45,21032.0,52.352,80
2023-05-30 12:55:00-04:00,52.43,52.44,52.34,52.35,5821.0,52.403,42
2023-05-30 13:00:00-04:00,52.36,52.38,52.32,52.36,4274.0,52.357,36
2023-05-30 13:05:00-04:00,52.35,52.37,52.33,52.36,4288.0,52.351,33
2023-05-30 13:10:00-04:00,52.36,52.44,52.35,52.41,5715.0,52.403,43
2023-05-30 13:15:00-04:00,52.4,52.45,52.36,52.42,5644.0,52.418,44
2023-05-30 13:20:00-04:00,52.43,52.45,52.42,52.45,4093.0,52.436,28
2023-05-30 13:25:00-04:00,52.45,52.47,52.31,52.38,11346.0,52.407,77
2023-05-30 13:30:00-04:00,52.35,52.35,52.27,52.3,12075.0,52.304,96
2023-05-30 13:35:00-04:00,52.27,52.3,52.21,52.25,71938.0,52.256,297
2023-05-30 13:40:00-04:00,52.26,52.26,52.09,52.12,18563.0,52.156,135
2023-05-30 13:45:00-04:00,52.1,52.11,51.96,52.03,24990.0,52.017,177
2023-05-30 13:50:00-04:00,52.04,52.09,52.0,52.01,16705.0,52.032,124
2023-05-30 13:55:00-04:00,52.01,52.02,51.91,51.97,32136.0,51.976,198
2023-05-30 14:00:00-04:00,51.99,52.04,51.85,51.9,10692.0,51.931,83
2023-05-30 14:05:00-04:00,51.89,51.92,51.78,51.82,10788.0,51.844,91
2023-05-30 14:10:00-04:00,51.81,51.88,51.8,51.85,7543.0,51.846,46
2023-05-30 14:15:00-04:00,51.84,51.85,51.8,51.83,12534.0,51.83,100
2023-05-30 14:20:00-04:00,51.82,51.82,51.71,51.79,19276.0,51.763,143
2023-05-30 14:25:00-04:00,51.8,52.0,51.79,51.96,40117.0,51.889,230
2023-05-30 14:30:00-04:00,51.95,52.16,51.92,52.09,19411.0,52.049,173
2023-05-30 14:35:00-04:00,52.09,52.13,52.04,52.07,9615.0,52.085,89
2023-05-30 14:40:00-04:00,52.07,52.18,52.07,52.16,21682.0,52.133,168
2023-05-30 14:45:00-04:00,52.16,52.17,51.98,52.01,32444.0,52.045,251
2023-05-30 14:50:00-04:00,52.01,52.02,51.94,52.01,17534.0,51.982,124
2023-05-30 14:55:00-04:00,52.01,52.01,51.89,51.89,23778.0,51.958,130
2023-05-30 15:00:00-04:00,51.89,51.94,51.85,51.88,20323.0,51.898,109
2023-05-30 15:05:00-04:00,51.87,51.9,51.82,51.89,10833.0,51.861,100
2023-05-30 15:10:00-04:00,51.89,51.91,51.85,51.88,15665.0,51.887,121
2023-05-30 15:15:00-04:00,51.89,52.01,51.88,51.99,19019.0,51.934,165
2023-05-30 15:20:00-04:00,51.98,51.99,51.88,51.96,21146.0,51.937,186
2023-05-30 15:25:00-04:00,51.97,52.03,51.96,52.0,42258.0,52.0,285
2023-05-30 15:30:00-04:00,52.0,52.1,51.99,52.01,17364.0,52.035,160
2023-05-30 15:35:00-04:00,52.01,52.01,51.92,51.95,18884.0,51.962,162
2023-05-30 15:40:00-04:00,51.94,51.95,51.79,51.8,29381.0,51.879,253
2023-05-30 15:45:00-04:00,51.8,52.08,51.79,52.02,28594.0,51.979,252
2023-05-30 15:50:00-04:00,52.01,52.01,51.84,51.96,65987.0,51.911,532
2023-05-30 15:55:00-04:00,51.95,52.08,51.92,52.01,137663.0,52.015,920
2023-05-31 09:30:00-04:00,51.7,51.98,51.7,51.79,16289.0,51.737,26
2023-05-31 09:35:00-04:00,51.79,51.83,51.74,51.74,1679.0,51.793,7
2023-05-31 09:40:00-04:00,51.78,51.82,51.7,51.77,7955.0,51.766,49
2023-05-31 09:45:00-04:00,51.77,51.77,51.37,51.37,9445.0,51.59,63
2023-05-31 09:50:00-04:00,51.43,51.5,51.16,51.2,4461.0,51.314,28
2023-05-31 09:55:00-04:00,51.21,51.22,51.15,51.22,6518.0,51.196,46
2023-05-31 10:00:00-04:00,51.2,51.24,51.09,51.1,11399.0,51.172,97
2023-05-31 10:05:00-04:00,51.09,51.17,51.01,51.03,8747.0,51.085,63
2023-05-31 10:10:00-04:00,51.04,51.12,50.99,51.12,8075.0,51.019,25
2023-05-31 10:15:00-04:00,51.14,51.28,51.08,51.25,8612.0,51.177,68
2023-05-31 10:20:00-04:00,51.24,51.29,51.22,51.23,5617.0,51.249,47
2023-05-31 10:25:00-04:00,51.23,51.34,51.19,51.33,6455.0,51.247,53
2023-05-31 10:30:00-04:00,51.29,51.34,51.25,51.28,5151.0,51.291,44
2023-05-31 10:35:00-04:00,51.3,51.33,51.21,51.27,5532.0,51.281,49
2023-05-31 10:40:00-04:00,51.24,51.37,51.24,51.37,10751.0,51.302,62
2023-05-31 10:45:00-04:00,51.33,51.38,51.3,51.3,5369.0,51.344,40
2023-05-31 10:50:00-04:00,51.29,51.29,51.07,51.11,8916.0,51.163,70
2023-05-31 10:55:00-04:00,51.13,51.24,51.1,51.24,5915.0,51.148,46
2023-05-31 11:00:00-04:00,51.23,51.28,51.18,51.28,30426.0,51.238,43
2023-05-31 11:05:00-04:00,51.3,51.3,51.18,51.22,20465.0,51.235,88
2023-05-31 11:10:00-04:00,51.23,51.29,51.23,51.29,4994.0,51.253,35
2023-05-31 11:15:00-04:00,51.29,51.29,51.17,51.19,7363.0,51.228,52
2023-05-31 11:20:00-04:00,51.2,51.26,51.17,51.17,4849.0,51.224,37
2023-05-31 11:25:00-04:00,51.16,51.2,51.12,51.16,5370.0,51.155,48
2023-05-31 11:30:00-04:00,51.18,51.34,51.17,51.34,8367.0,51.253,58
2023-05-31 11:35:00-04:00,51.35,51.4,51.31,51.37,6710.0,51.352,57
2023-05-31 11:40:00-04:00,51.37,51.44,51.36,51.37,7642.0,51.395,61
2023-05-31 11:45:00-04:00,51.39,51.44,51.36,51.42,5908.0,51.398,47
2023-05-31 11:50:00-04:00,51.44,51.5,51.38,51.49,12428.0,51.418,72
2023-05-31 11:55:00-04:00,51.48,51.53,51.27,51.29,16066.0,51.399,126
2023-05-31 12:00:00-04:00,51.3,51.35,51.27,51.33,8397.0,51.308,57
2023-05-31 12:05:00-04:00,51.27,51.32,51.19,51.21,15210.0,51.259,82
2023-05-31 12:10:00-04:00,51.21,51.23,51.13,51.21,11863.0,51.177,93
2023-05-31 12:15:00-04:00,51.21,51.29,51.2,51.27,11920.0,51.251,78
2023-05-31 12:20:00-04:00,51.27,51.3,51.19,51.29,8183.0,51.254,59
2023-05-31 12:25:00-04:00,51.29,51.31,51.21,51.22,4748.0,51.242,42
2023-05-31 12:30:00-04:00,51.23,51.25,51.19,51.19,6516.0,51.23,46
2023-05-31 12:35:00-04:00,51.23,51.31,51.22,51.29,10023.0,51.265,64
2023-05-31 12:40:00-04:00,51.32,51.4,51.32,51.4,3436.0,51.366,23
2023-05-31 12:45:00-04:00,51.39,51.46,51.39,51.44,9146.0,51.429,66
2023-05-31 12:50:00-04:00,51.44,51.45,51.33,51.33,5653.0,51.394,37
2023-05-31 12:55:00-04:00,51.35,51.35,51.28,51.34,19597.0,51.315,65
2023-05-31 13:00:00-04:00,51.34,51.34,51.29,51.32,10523.0,51.315,70
2023-05-31 13:05:00-04:00,51.32,51.35,51.29,51.32,28378.0,51.316,118
2023-05-31 13:10:00-04:00,51.32,51.43,51.32,51.35,7479.0,51.393,57
2023-05-31 13:15:00-04:00,51.35,51.42,51.35,51.38,7298.0,51.391,50
2023-05-31 13:20:00-04:00,51.37,51.38,51.34,51.37,3889.0,51.359,24
2023-05-31 13:25:00-04:00,51.36,51.49,51.36,51.48,12195.0,51.413,71
2023-05-31 13:30:00-04:00,51.48,51.51,51.43,51.51,4745.0,51.47,37
2023-05-31 13:35:00-04:00,51.5,51.52,51.39,51.52,12027.0,51.467,80
2023-05-31 13:40:00-04:00,51.52,51.54,51.46,51.48,11426.0,51.5,68
2023-05-31 13:45:00-04:00,51.48,51.51,51.45,51.45,5099.0,51.482,39
2023-05-31 13:50:00-04:00,51.47,51.55,51.47,51.49,6437.0,51.517,43
2023-05-31 13:55:00-04:00,51.5,51.57,51.49,51.52,4270.0,51.527,38
2023-05-31 14:00:00-04:00,51.55,51.56,51.48,51.49,16244.0,51.514,103
2023-05-31 14:05:00-04:00,51.5,51.51,51.45,51.51,10033.0,51.476,67
2023-05-31 14:10:00-04:00,51.51,51.53,51.44,51.53,11413.0,51.493,68
2023-05-31 14:15:00-04:00,51.53,51.57,51.45,51.49,7640.0,51.496,62
2023-05-31 14:20:00-04:00,51.5,51.5,51.45,51.48,4435.0,51.465,37
2023-05-31 14:25:00-04:00,51.49,51.59,51.49,51.59,8378.0,51.533,64
2023-05-31 14:30:00-04:00,51.58,51.58,51.45,51.46,18146.0,51.511,75
2023-05-31 14:35:00-04:00,51.44,51.46,51.36,51.41,31989.0,51.389,115
2023-05-31 14:40:00-04:00,51.39,51.5,51.38,51.48,7604.0,51.443,52
2023-05-31 14:45:00-04:00,51.48,51.5,51.42,51.49,4985.0,51.461,40
2023-05-31 14:50:00-04:00,51.49,51.49,51.38,51.44,16667.0,51.423,107
2023-05-31 14:55:00-04:00,51.45,51.53,51.44,51.49,12784.0,51.486,98
2023-05-31 15:00:00-04:00,51.47,51.5,51.46,51.48,8584.0,51.482,68
2023-05-31 15:05:00-04:00,51.46,51.48,51.35,51.45,26320.0,51.409,167
2023-05-31 15:10:00-04:00,51.45,51.45,51.33,51.42,11624.0,51.391,92
2023-05-31 15:15:00-04:00,51.41,51.44,51.39,51.42,11727.0,51.414,85
2023-05-31 15:20:00-04:00,51.42,51.48,51.4,51.48,11345.0,51.454,85
2023-05-31 15:25:00-04:00,51.48,51.53,51.46,51.53,14680.0,51.493,108
2023-05-31 15:30:00-04:00,51.53,51.57,51.46,51.55,18761.0,51.521,150
2023-05-31 15:35:00-04:00,51.55,51.55,51.48,51.52,24098.0,51.521,188
2023-05-31 15:40:00-04:00,51.52,51.6,51.48,51.58,40259.0,51.536,292
2023-05-31 15:45:00-04:00,51.58,51.58,51.5,51.51,67291.0,51.531,499
2023-05-31 15:50:00-04:00,51.48,51.5,51.14,51.26,194591.0,51.283,745
2023-05-31 15:55:00-04:00,51.25,51.25,51.04,51.14,248392.0,51.146,1402
2023-06-01 09:30:00-04:00,51.2,51.29,51.05,51.09,15775.0,51.194,24
2023-06-01 09:35:00-04:00,51.12,51.19,51.11,51.15,6140.0,51.14,45
2023-06-01 09:40:00-04:00,51.15,51.15,50.82,50.95,20483.0,51.06,160
2023-06-01 09:45:00-04:00,50.98,51.13,50.98,51.07,3739.0,51.08,31
2023-06-01 09:50:00-04:00,51.08,51.09,50.99,51.07,4570.0,51.046,29
2023-06-01 09:55:00-04:00,51.04,51.14,51.04,51.12,2040.0,51.097,15
2023-06-01 10:00:00-04:00,51.16,51.36,51.15,51.36,7610.0,51.238,57
2023-06-01 10:05:00-04:00,51.39,51.45,51.38,51.38,5030.0,51.406,46
2023-06-01 10:10:00-04:00,51.39,51.44,51.36,51.44,4527.0,51.402,35
2023-06-01 10:15:00-04:00,51.46,51.49,51.37,51.46,10326.0,51.434,76
2023-06-01 10:20:00-04:00,51.5,51.64,51.5,51.53,11381.0,51.565,76
2023-06-01 10:25:00-04:00,51.52,51.6,51.44,51.53,6724.0,51.521,45
2023-06-01 10:30:00-04:00,51.53,51.65,51.48,51.64,8324.0,51.563,56
2023-06-01 10:35:00-04:00,51.66,51.76,51.66,51.68,7610.0,51.705,55
2023-06-01 10:40:00-04:00,51.68,51.87,51.66,51.79,14334.0,51.783,77
2023-06-01 10:45:00-04:00,51.81,51.88,51.63,51.66,10033.0,51.777,74
2023-06-01 10:50:00-04:00,51.69,51.72,51.65,51.7,7231.0,51.69,52
2023-06-01 10:55:00-04:00,51.67,51.71,51.65,51.66,9754.0,51.673,72
2023-06-01 11:00:00-04:00,51.65,51.65,51.59,51.63,6650.0,51.614,51
2023-06-01 11:05:00-04:00,51.63,51.75,51.63,51.64,10472.0,51.673,84
2023-06-01 11:10:00-04:00,51.63,51.63,51.59,51.6,7870.0,51.603,64
2023-06-01 11:15:00-04:00,51.61,51.69,51.45,51.46,26074.0,51.557,126
2023-06-01 11:20:00-04:00,51.43,51.43,51.34,51.4,22827.0,51.373,99
2023-06-01 11:25:00-04:00,51.41,51.54,51.41,51.51,7209.0,51.49,48
2023-06-01 11:30:00-04:00,51.53,51.56,51.5,51.52,11228.0,51.524,55
2023-06-01 11:35:00-04:00,51.53,51.62,51.51,51.53,7063.0,51.576,47
2023-06-01 11:40:00-04:00,51.56,51.69,51.56,51.69,6210.0,51.649,47
2023-06-01 11:45:00-04:00,51.68,51.68,51.65,51.67,7293.0,51.667,53
2023-06-01 11:50:00-04:00,51.66,51.73,51.65,51.7,5518.0,51.69,41
2023-06-01 11:55:00-04:00,51.67,51.73,51.63,51.64,3695.0,51.687,31
2023-06-01 12:00:00-04:00,51.63,51.63,51.57,51.6,4548.0,51.604,33
2023-06-01 12:05:00-04:00,51.6,51.6,51.53,51.57,8261.0,51.553,35
2023-06-01 12:10:00-04:00,51.58,51.63,51.53,51.56,6374.0,51.577,52
2023-06-01 12:15:00-04:00,51.55,51.56,51.47,51.54,4989.0,51.529,40
2023-06-01 12:20:00-04:00,51.57,51.62,51.56,51.59,6176.0,51.582,35
2023-06-01 12:25:00-04:00,51.62,51.62,51.59,51.62,5258.0,51.607,35
2023-06-01 12:30:00-04:00,51.63,51.63,51.57,51.57,4436.0,51.602,34
2023-06-01 12:35:00-04:00,51.57,51.59,51.54,51.54,3972.0,51.562,29
2023-06-01 12:40:00-04:00,51.54,51.55,51.45,51.47,12096.0,51.48,60
2023-06-01 12:45:00-04:00,51.48,51.52,51.42,51.44,28845.0,51.453,117
2023-06-01 12:50:00-04:00,51.46,51.48,51.4,51.4,17147.0,51.442,96
2023-06-01 12:55:00-04:00,51.41,51.53,51.41,51.5,33226.0,51.439,130
2023-06-01 13:00:00-04:00,51.53,51.57,51.45,51.57,10233.0,51.505,53
2023-06-01 13:05:00-04:00,51.6,51.62,51.55,51.55,5581.0,51.585,43
2023-06-01 13:10:00-04:00,51.54,51.61,51.54,51.6,5083.0,51.583,31
2023-06-01 13:15:00-04:00,51.59,51.61,51.56,51.59,6657.0,51.591,35
2023-06-01 13:20:00-04:00,51.6,51.68,51.59,51.6,9405.0,51.639,66
2023-06-01 13:25:00-04:00,51.63,51.65,51.57,51.58,3060.0,51.606,25
2023-06-01 13:30:00-04:00,51.58,51.61,51.57,51.6,5399.0,51.595,43
2023-06-01 13:35:00-04:00,51.61,51.68,51.6,51.66,4914.0,51.637,35
2023-06-01 13:40:00-04:00,51.66,51.66,51.62,51.62,5566.0,51.634,40
2023-06-01 13:45:00-04:00,51.63,51.7,51.63,51.68,9847.0,51.666,52
2023-06-01 13:50:00-04:00,51.69,51.69,51.63,51.65,16570.0,51.653,65
2023-06-01 13:55:00-04:00,51.65,51.67,51.63,51.67,8781.0,51.651,31
2023-06-01 14:00:00-04:00,51.67,51.67,51.65,51.66,5505.0,51.66,43
2023-06-01 14:05:00-04:00,51.67,51.74,51.66,51.73,12209.0,51.711,67
2023-06-01 14:10:00-04:00,51.74,51.77,51.74,51.77,11901.0,51.75,64
2023-06-01 14:15:00-04:00,51.76,51.82,51.7,51.71,16228.0,51.761,104
2023-06-01 14:20:00-04:00,51.71,51.76,51.7,51.76,13943.0,51.736,50
2023-06-01 14:25:00-04:00,51.76,51.8,51.74,51.75,9090.0,51.761,59
2023-06-01 14:30:00-04:00,51.75,51.75,51.69,51.71,12112.0,51.713,86
2023-06-01 14:35:00-04:00,51.71,51.73,51.67,51.69,10827.0,51.698,59
2023-06-01 14:40:00-04:00,51.69,51.71,51.67,51.69,9475.0,51.69,45
2023-06-01 14:45:00-04:00,51.69,51.74,51.67,51.74,9752.0,51.712,61
2023-06-01 14:50:00-04:00,51.74,51.77,51.72,51.77,10256.0,51.743,77
2023-06-01 14:55:00-04:00,51.76,51.77,51.74,51.76,10794.0,51.758,84
2023-06-01 15:00:00-04:00,51.77,51.78,51.67,51.74,13028.0,51.71,91
2023-06-01 15:05:00-04:00,51.73,51.75,51.69,51.74,8819.0,51.716,63
2023-06-01 15:10:00-04:00,51.73,51.8,51.72,51.79,8527.0,51.772,59
2023-06-01 15:15:00-04:00,51.8,51.81,51.77,51.79,10164.0,51.79,72
2023-06-01 15:20:00-04:00,51.79,51.84,51.78,51.8,15273.0,51.802,111
2023-06-01 15:25:00-04:00,51.79,51.79,51.71,51.74,22082.0,51.746,144
2023-06-01 15:30:00-04:00,51.75,51.8,51.71,51.72,19632.0,51.746,143
2023-06-01 15:35:00-04:00,51.72,51.72,51.58,51.58,23081.0,51.636,154
2023-06-01 15:40:00-04:00,51.58,51.66,51.57,51.66,14961.0,51.611,100
2023-06-01 15:45:00-04:00,51.65,51.71,51.64,51.67,20679.0,51.68,136
2023-06-01 15:50:00-04:00,51.66,51.66,51.54,51.6,38955.0,51.581,264
2023-06-01 15:55:00-04:00,51.61,51.66,51.57,51.66,132619.0,51.625,667
2023-06-02 09:30:00-04:00,52.51,52.9,52.32,52.84,35483.0,52.571,113
2023-06-02 09:35:00-04:00,52.84,53.19,52.84,53.1,19982.0,53.048,135
2023-06-02 09:40:00-04:00,53.08,53.21,53.06,53.16,13558.0,53.145,101
2023-06-02 09:45:00-04:00,53.19,53.23,52.92,52.95,18939.0,53.121,152
2023-06-02 09:50:00-04:00,53.0,53.2,53.0,53.19,9317.0,53.122,83
2023-06-02 09:55:00-04:00,53.2,53.31,53.15,53.23,21909.0,53.228,147
2023-06-02 10:00:00-04:00,53.28,53.4,53.25,53.36,15276.0,53.32,118
2023-06-02 10:05:00-04:00,53.38,53.48,53.33,53.44,27870.0,53.422,206
2023-06-02 10:10:00-04:00,53.43,53.54,53.37,53.53,19693.0,53.475,136
2023-06-02 10:15:00-04:00,53.54,53.55,53.4,53.44,24741.0,53.483,181
2023-06-02 10:20:00-04:00,53.44,53.45,53.28,53.32,9278.0,53.369,68
2023-06-02 10:25:00-04:00,53.3,53.44,53.29,53.44,20975.0,53.343,126
2023-06-02 10:30:00-04:00,53.44,53.51,53.43,53.5,30929.0,53.472,238
2023-06-02 10:35:00-04:00,53.5,53.54,53.45,53.51,21044.0,53.507,106
2023-06-02 10:40:00-04:00,53.51,53.52,53.46,53.46,16367.0,53.493,131
2023-06-02 10:45:00-04:00,53.46,53.51,53.4,53.43,19853.0,53.459,149
2023-06-02 10:50:00-04:00,53.43,53.5,53.43,53.47,12313.0,53.478,88
2023-06-02 10:55:00-04:00,53.49,53.53,53.47,53.49,21830.0,53.507,161
2023-06-02 11:00:00-04:00,53.5,53.72,53.49,53.7,37564.0,53.605,251
2023-06-02 11:05:00-04:00,53.71,53.77,53.64,53.7,31618.0,53.734,130
2023-06-02 11:10:00-04:00,53.7,53.77,53.69,53.73,19092.0,53.733,117
2023-06-02 11:15:00-04:00,53.72,53.73,53.61,53.62,8852.0,53.675,81
2023-06-02 11:20:00-04:00,53.6,53.65,53.55,53.55,8739.0,53.614,71
2023-06-02 11:25:00-04:00,53.55,53.75,53.52,53.67,39742.0,53.595,247
2023-06-02 11:30:00-04:00,53.7,53.73,53.66,53.71,8031.0,53.697,57
2023-06-02 11:35:00-04:00,53.72,53.72,53.55,53.55,11724.0,53.676,101
2023-06-02 11:40:00-04:00,53.54,53.58,53.51,53.52,6249.0,53.543,53
2023-06-02 11:45:00-04:00,53.54,53.54,53.4,53.41,7251.0,53.459,57
2023-06-02 11:50:00-04:00,53.42,53.44,53.39,53.42,10120.0,53.413,68
2023-06-02 11:55:00-04:00,53.41,53.53,53.4,53.53,15333.0,53.476,86
2023-06-02 12:00:00-04:00,53.54,53.59,53.51,53.57,11062.0,53.552,83
2023-06-02 12:05:00-04:00,53.57,53.68,53.56,53.66,6396.0,53.625,50
2023-06-02 12:10:00-04:00,53.63,53.66,53.62,53.63,12062.0,53.632,53
2023-06-02 12:15:00-04:00,53.62,53.63,53.53,53.58,13373.0,53.577,71
2023-06-02 12:20:00-04:00,53.58,53.72,53.58,53.71,7824.0,53.681,70
2023-06-02 12:25:00-04:00,53.73,53.75,53.69,53.72,8682.0,53.718,68
2023-06-02 12:30:00-04:00,53.72,53.72,53.63,53.63,4679.0,53.687,43
2023-06-02 12:35:00-04:00,53.64,53.76,53.64,53.72,8904.0,53.703,80
2023-06-02 12:40:00-04:00,53.72,53.77,53.61,53.62,7297.0,53.687,57
2023-06-02 12:45:00-04:00,53.62,53.69,53.62,53.62,6159.0,53.648,54
2023-06-02 12:50:00-04:00,53.62,53.66,53.61,53.62,5071.0,53.64,41
2023-06-02 12:55:00-04:00,53.62,53.7,53.62,53.7,6429.0,53.672,55
2023-06-02 13:00:00-04:00,53.72,53.74,53.67,53.69,10267.0,53.706,81
2023-06-02 13:05:00-04:00,53.7,53.75,53.7,53.74,6480.0,53.726,57
2023-06-02 13:10:00-04:00,53.73,53.81,53.71,53.8,6361.0,53.745,47
2023-06-02 13:15:00-04:00,53.82,53.91,53.81,53.9,12096.0,53.868,95
2023-06-02 13:20:00-04:00,53.91,53.97,53.91,53.95,7085.0,53.95,60
2023-06-02 13:25:00-04:00,53.96,53.99,53.89,53.99,7727.0,53.933,60
2023-06-02 13:30:00-04:00,53.99,54.0,53.92,53.94,10096.0,53.966,89
2023-06-02 13:35:00-04:00,53.94,53.95,53.9,53.95,8821.0,53.929,68
2023-06-02 13:40:00-04:00,53.95,54.05,53.95,54.05,20020.0,54.015,172
2023-06-02 13:45:00-04:00,54.04,54.1,54.02,54.1,14688.0,54.068,110
2023-06-02 13:50:00-04:00,54.09,54.11,54.08,54.1,10109.0,54.094,88
2023-06-02 13:55:00-04:00,54.1,54.1,54.01,54.04,11971.0,54.056,91
2023-06-02 14:00:00-04:00,54.04,54.07,53.99,54.0,7563.0,54.05,68
2023-06-02 14:05:00-04:00,53.98,54.02,53.94,53.98,10815.0,53.984,76
2023-06-02 14:10:00-04:00,53.98,54.04,53.94,54.04,7903.0,53.999,71
2023-06-02 14:15:00-04:00,54.04,54.08,54.03,54.05,9895.0,54.054,71
2023-06-02 14:20:00-04:00,54.05,54.08,54.0,54.08,11667.0,54.04,99
2023-06-02 14:25:00-04:00,54.08,54.09,54.04,54.06,10628.0,54.069,88
2023-06-02 14:30:00-04:00,54.05,54.07,54.02,54.06,8795.0,54.049,74
2023-06-02 14:35:00-04:00,54.05,54.11,54.04,54.1,12701.0,54.073,99
2023-06-02 14:40:00-04:00,54.1,54.1,54.05,54.09,11071.0,54.078,94
2023-06-02 14:45:00-04:00,54.09,54.1,54.04,54.05,14332.0,54.065,92
2023-06-02 14:50:00-04:00,54.06,54.07,53.99,54.0,13094.0,54.027,89
2023-06-02 14:55:00-04:00,53.99,54.0,53.96,53.98,10292.0,53.981,70
2023-06-02 15:00:00-04:00,53.98,54.2,53.98,54.18,32601.0,54.108,221
2023-06-02 15:05:00-04:00,54.19,54.31,54.15,54.29,26774.0,54.253,183
2023-06-02 15:10:00-04:00,54.29,54.32,54.24,54.26,20051.0,54.279,165
2023-06-02 15:15:00-04:00,54.27,54.33,54.27,54.32,16521.0,54.309,126
2023-06-02 15:20:00-04:00,54.32,54.32,54.21,54.24,22008.0,54.27,175
2023-06-02 15:25:00-04:00,54.24,54.28,54.18,54.25,23139.0,54.233,184
2023-06-02 15:30:00-04:00,54.25,54.28,54.23,54.23,30287.0,54.255,251
2023-06-02 15:35:00-04:00,54.22,54.31,54.2,54.31,21386.0,54.276,158
2023-06-02 15:40:00-04:00,54.3,54.38,54.23,54.25,37511.0,54.331,274
2023-06-02 15:45:00-04:00,54.26,54.29,54.2,54.28,24209.0,54.254,190
2023-06-02 15:50:00-04:00,54.27,54.48,54.21,54.48,101052.0,54.366,728
2023-06-02 15:55:00-04:00,54.48,54.49,54.4,54.41,171798.0,54.463,1003
2023-06-05 09:30:00-04:00,54.7,55.0,54.53,54.84,32938.0,54.723,88
2023-06-05 09:35:00-04:00,54.79,55.0,54.79,54.91,10886.0,54.916,84
2023-06-05 09:40:00-04:00,54.94,54.94,54.73,54.73,8359.0,54.849,68
2023-06-05 09:45:00-04:00,54.69,54.9,54.63,54.81,8366.0,54.694,58
2023-06-05 09:50:00-04:00,54.81,54.81,54.67,54.67,500.0,54.75,5
2023-06-05 09:55:00-04:00,54.66,54.66,53.73,54.42,12275.0,54.48,78
2023-06-05 10:00:00-04:00,54.43,54.75,54.43,54.54,20517.0,54.583,127
2023-06-05 10:05:00-04:00,54.53,54.61,54.36,54.47,11453.0,54.513,90
2023-06-05 10:10:00-04:00,54.43,54.49,54.21,54.39,15233.0,54.365,119
2023-06-05 10:15:00-04:00,54.4,54.5,54.32,54.47,15118.0,54.426,106
2023-06-05 10:20:00-04:00,54.49,54.59,54.34,54.4,18588.0,54.454,130
2023-06-05 10:25:00-04:00,54.37,54.37,54.21,54.23,13472.0,54.293,114
2023-06-05 10:30:00-04:00,54.26,54.37,54.25,54.36,16480.0,54.315,121
2023-06-05 10:35:00-04:00,54.34,54.49,54.33,54.43,14804.0,54.441,116
2023-06-05 10:40:00-04:00,54.45,54.5,54.43,54.46,11235.0,54.462,72
2023-06-05 10:45:00-04:00,54.46,54.61,54.37,54.61,13386.0,54.466,100
2023-06-05 10:50:00-04:00,54.6,54.6,54.48,54.53,9249.0,54.538,64
2023-06-05 10:55:00-04:00,54.52,54.55,54.28,54.31,12862.0,54.406,90
2023-06-05 11:00:00-04:00,54.31,54.51,54.3,54.38,15576.0,54.434,125
2023-06-05 11:05:00-04:00,54.38,54.56,54.38,54.56,15853.0,54.479,120
2023-06-05 11:10:00-04:00,54.57,54.58,54.5,54.53,11107.0,54.544,85
2023-06-05 11:15:00-04:00,54.55,54.64,54.54,54.63,12766.0,54.593,98
2023-06-05 11:20:00-04:00,54.65,54.7,54.63,54.7,8189.0,54.66,75
2023-06-05 11:25:00-04:00,54.7,54.85,54.7,54.8,14758.0,54.783,101
2023-06-05 11:30:00-04:00,54.8,54.8,54.51,54.51,22063.0,54.672,111
2023-06-05 11:35:00-04:00,54.51,54.55,54.33,54.36,21392.0,54.434,149
2023-06-05 11:40:00-04:00,54.37,54.54,54.36,54.54,14117.0,54.45,100
2023-06-05 11:45:00-04:00,54.54,54.61,54.53,54.55,10069.0,54.576,80
2023-06-05 11:50:00-04:00,54.55,54.55,54.46,54.53,8110.0,54.516,72
2023-06-05 11:55:00-04:00,54.53,54.63,54.53,54.61,10775.0,54.597,92
2023-06-05 12:00:00-04:00,54.62,54.64,54.57,54.58,6524.0,54.612,55
2023-06-05 12:05:00-04:00,54.58,54.64,54.57,54.62,7533.0,54.612,64
2023-06-05 12:10:00-04:00,54.63,54.72,54.62,54.72,11309.0,54.682,71
2023-06-05 12:15:00-04:00,54.71,54.71,54.62,54.63,10499.0,54.681,84
2023-06-05 12:20:00-04:00,54.62,54.68,54.59,54.68,8032.0,54.632,69
2023-06-05 12:25:00-04:00,54.67,54.74,54.67,54.74,7419.0,54.699,61
2023-06-05 12:30:00-04:00,54.75,54.78,54.7,54.7,11115.0,54.745,75
2023-06-05 12:35:00-04:00,54.7,54.7,54.67,54.7,8617.0,54.682,53
2023-06-05 12:40:00-04:00,54.68,54.69,54.61,54.65,8564.0,54.662,61
2023-06-05 12:45:00-04:00,54.65,54.81,54.65,54.81,7415.0,54.725,59
2023-06-05 12:50:00-04:00,54.81,54.84,54.76,54.77,11182.0,54.801,72
2023-06-05 12:55:00-04:00,54.76,54.79,54.75,54.78,4084.0,54.781,30
2023-06-05 13:00:00-04:00,54.79,54.83,54.76,54.77,11237.0,54.802,75
2023-06-05 13:05:00-04:00,54.76,54.82,54.74,54.82,3006.0,54.782,24
2023-06-05 13:10:00-04:00,54.83,54.88,54.76,54.77,11026.0,54.836,79
2023-06-05 13:15:00-04:00,54.76,54.78,54.68,54.78,16602.0,54.745,84
2023-06-05 13:20:00-04:00,54.78,54.79,54.71,54.73,6461.0,54.764,53
2023-06-05 13:25:00-04:00,54.73,54.74,54.57,54.6,10745.0,54.682,85
2023-06-05 13:30:00-04:00,54.6,54.66,54.59,54.61,15114.0,54.63,105
2023-06-05 13:35:00-04:00,54.58,54.58,54.53,54.56,6979.0,54.563,51
2023-06-05 13:40:00-04:00,54.57,54.64,54.57,54.6,12971.0,54.611,102
2023-06-05 13:45:00-04:00,54.59,54.71,54.59,54.71,7507.0,54.66,54
2023-06-05 13:50:00-04:00,54.71,54.78,54.71,54.78,8814.0,54.744,65
2023-06-05 13:55:00-04:00,54.78,54.84,54.74,54.81,12717.0,54.79,99
2023-06-05 14:00:00-04:00,54.82,54.82,54.68,54.7,7555.0,54.751,55
2023-06-05 14:05:00-04:00,54.7,54.7,54.53,54.55,8157.0,54.613,64
2023-06-05 14:10:00-04:00,54.54,54.55,54.43,54.43,14420.0,54.497,83
2023-06-05 14:15:00-04:00,54.42,54.49,54.4,54.48,8576.0,54.452,75
2023-06-05 14:20:00-04:00,54.47,54.5,54.41,54.41,9732.0,54.46,70
2023-06-05 14:25:00-04:00,54.41,54.41,54.31,54.36,16278.0,54.346,136
2023-06-05 14:30:00-04:00,54.37,54.41,54.18,54.2,17509.0,54.316,141
2023-06-05 14:35:00-04:00,54.21,54.27,54.16,54.16,12447.0,54.237,98
2023-06-05 14:40:00-04:00,54.15,54.18,54.11,54.13,10950.0,54.15,87
2023-06-05 14:45:00-04:00,54.13,54.13,54.02,54.03,5770.0,54.075,45
2023-06-05 14:50:00-04:00,54.02,54.08,53.96,54.08,16894.0,54.016,130
2023-06-05 14:55:00-04:00,54.07,54.13,54.02,54.02,8892.0,54.083,70
2023-06-05 15:00:00-04:00,54.01,54.03,53.91,53.94,18718.0,53.973,152
2023-06-05 15:05:00-04:00,53.92,53.99,53.86,53.86,15951.0,53.916,112
2023-06-05 15:10:00-04:00,53.86,54.03,53.86,54.01,17833.0,53.95,116
2023-06-05 15:15:00-04:00,54.0,54.0,53.91,53.93,13237.0,53.952,103
2023-06-05 15:20:00-04:00,53.92,54.03,53.9,54.01,22910.0,53.96,159
2023-06-05 15:25:00-04:00,54.02,54.02,53.9,53.91,9693.0,53.958,83
2023-06-05 15:30:00-04:00,53.91,53.92,53.81,53.86,17091.0,53.879,130
2023-06-05 15:35:00-04:00,53.87,54.03,53.83,54.02,20475.0,53.923,156
2023-06-05 15:40:00-04:00,54.03,54.12,54.02,54.12,22663.0,54.064,168
2023-06-05 15:45:00-04:00,54.12,54.14,54.05,54.12,23768.0,54.102,157
2023-06-05 15:50:00-04:00,54.12,54.18,54.05,54.12,34883.0,54.128,237
2023-06-05 15:55:00-04:00,54.11,54.14,54.07,54.13,89337.0,54.115,551
2023-06-06 09:30:00-04:00,53.81,54.14,53.68,54.14,15993.0,53.86,29
2023-06-06 09:35:00-04:00,54.25,54.42,54.24,54.4,4616.0,54.333,34
2023-06-06 09:40:00-04:00,54.39,54.5,54.32,54.5,10398.0,54.398,82
2023-06-06 09:45:00-04:00,54.53,54.82,54.52,54.82,16005.0,54.619,65
2023-06-06 09:50:00-04:00,54.84,54.92,54.69,54.75,10173.0,54.824,83
2023-06-06 09:55:00-04:00,54.75,54.9,54.75,54.89,3683.0,54.814,27
2023-06-06 10:00:00-04:00,54.89,55.12,54.89,55.06,10202.0,55.027,73
2023-06-06 10:05:00-04:00,55.06,55.36,55.05,55.34,6957.0,55.221,52
2023-06-06 10:10:00-04:00,55.35,55.4,55.24,55.29,7798.0,55.33,67
2023-06-06 10:15:00-04:00,55.27,55.29,55.16,55.18,7397.0,55.224,54
2023-06-06 10:20:00-04:00,55.21,55.26,54.95,54.98,12343.0,55.115,59
2023-06-06 10:25:00-04:00,54.96,55.01,54.95,55.01,4762.0,54.967,21
2023-06-06 10:30:00-04:00,55.05,55.13,55.01,55.01,4727.0,55.073,33
2023-06-06 10:35:00-04:00,55.0,55.0,54.85,54.87,4281.0,54.936,36
2023-06-06 10:40:00-04:00,54.84,54.92,54.83,54.89,2990.0,54.866,29
2023-06-06 10:45:00-04:00,54.91,55.1,54.91,55.07,4560.0,55.025,40
2023-06-06 10:50:00-04:00,55.08,55.16,55.08,55.15,5779.0,55.129,44
2023-06-06 10:55:00-04:00,55.13,55.13,54.99,55.02,6519.0,55.066,59
2023-06-06 11:00:00-04:00,55.03,55.03,54.86,54.89,5921.0,54.934,34
2023-06-06 11:05:00-04:00,54.89,54.92,54.69,54.76,5855.0,54.823,43
2023-06-06 11:10:00-04:00,54.79,54.87,54.78,54.86,3516.0,54.845,27
2023-06-06 11:15:00-04:00,54.84,54.89,54.83,54.89,3092.0,54.868,29
2023-06-06 11:20:00-04:00,54.87,54.91,54.75,54.75,4794.0,54.847,39
2023-06-06 11:25:00-04:00,54.77,54.82,54.69,54.8,4009.0,54.757,32
2023-06-06 11:30:00-04:00,54.8,54.84,54.67,54.73,3733.0,54.789,35
2023-06-06 11:35:00-04:00,54.74,54.78,54.69,54.76,3306.0,54.739,30
2023-06-06 11:40:00-04:00,54.75,54.75,54.69,54.74,3601.0,54.726,27
2023-06-06 11:45:00-04:00,54.74,54.75,54.7,54.73,2803.0,54.731,20
2023-06-06 11:50:00-04:00,54.75,54.75,54.68,54.73,4829.0,54.713,43
2023-06-06 11:55:00-04:00,54.72,54.73,54.68,54.72,3357.0,54.709,28
2023-06-06 12:00:00-04:00,54.73,54.76,54.68,54.71,5220.0,54.726,46
2023-06-06 12:05:00-04:00,54.7,54.7,54.63,54.66,2513.0,54.661,21
2023-06-06 12:10:00-04:00,54.66,54.67,54.63,54.63,2108.0,54.656,19
2023-06-06 12:15:00-04:00,54.63,54.7,54.62,54.7,3771.0,54.657,32
2023-06-06 12:20:00-04:00,54.71,54.72,54.66,54.67,2734.0,54.689,21
2023-06-06 12:25:00-04:00,54.66,54.66,54.56,54.57,2568.0,54.618,22
2023-06-06 12:30:00-04:00,54.56,54.6,54.53,54.59,3355.0,54.563,24
2023-06-06 12:35:00-04:00,54.59,54.59,54.51,54.55,5247.0,54.541,26
2023-06-06 12:40:00-04:00,54.51,54.52,54.48,54.52,2989.0,54.497,18
2023-06-06 12:45:00-04:00,54.53,54.53,54.49,54.5,4660.0,54.5,22
2023-06-06 12:50:00-04:00,54.51,54.51,54.45,54.46,3883.0,54.486,33
2023-06-06 12:55:00-04:00,54.44,54.59,54.44,54.5,10556.0,54.531,68
2023-06-06 13:00:00-04:00,54.48,54.48,54.44,54.46,2164.0,54.457,19
2023-06-06 13:05:00-04:00,54.46,54.46,54.37,54.37,2854.0,54.416,24
2023-06-06 13:10:00-04:00,54.4,54.4,54.34,54.36,5467.0,54.363,35
2023-06-06 13:15:00-04:00,54.37,54.38,54.27,54.28,4461.0,54.341,32
2023-06-06 13:20:00-04:00,54.25,54.25,54.18,54.21,4917.0,54.213,40
2023-06-06 13:25:00-04:00,54.18,54.19,54.11,54.15,5689.0,54.153,41
2023-06-06 13:30:00-04:00,54.14,54.14,54.11,54.13,3815.0,54.126,29
2023-06-06 13:35:00-04:00,54.15,54.26,54.15,54.22,5148.0,54.207,38
2023-06-06 13:40:00-04:00,54.24,54.25,54.17,54.17,4335.0,54.204,32
2023-06-06 13:45:00-04:00,54.18,54.2,54.14,54.17,5056.0,54.166,44
2023-06-06 13:50:00-04:00,54.18,54.2,54.14,54.16,3778.0,54.171,33
2023-06-06 13:55:00-04:00,54.15,54.15,54.09,54.14,8676.0,54.12,72
2023-06-06 14:00:00-04:00,54.1,54.14,54.03,54.11,6825.0,54.083,54
2023-06-06 14:05:00-04:00,54.1,54.14,54.07,54.14,8525.0,54.1,55
2023-06-06 14:10:00-04:00,54.13,54.22,54.13,54.21,6454.0,54.197,41
2023-06-06 14:15:00-04:00,54.2,54.27,54.2,54.26,6444.0,54.241,49
2023-06-06 14:20:00-04:00,54.24,54.25,54.21,54.22,9416.0,54.232,51
2023-06-06 14:25:00-04:00,54.22,54.36,54.22,54.31,28064.0,54.263,91
2023-06-06 14:30:00-04:00,54.31,54.33,54.27,54.27,11256.0,54.314,68
2023-06-06 14:35:00-04:00,54.26,54.36,54.26,54.32,9086.0,54.307,68
2023-06-06 14:40:00-04:00,54.3,54.37,54.3,54.35,5987.0,54.322,36
2023-06-06 14:45:00-04:00,54.35,54.35,54.32,54.32,3798.0,54.338,29
2023-06-06 14:50:00-04:00,54.34,54.37,54.28,54.37,6662.0,54.322,57
2023-06-06 14:55:00-04:00,54.36,54.39,54.35,54.36,4925.0,54.372,38
2023-06-06 15:00:00-04:00,54.38,54.45,54.38,54.38,6425.0,54.4,51
2023-06-06 15:05:00-04:00,54.39,54.39,54.35,54.38,5542.0,54.377,46
2023-06-06 15:10:00-04:00,54.39,54.43,54.38,54.43,5776.0,54.406,45
2023-06-06 15:15:00-04:00,54.42,54.49,54.42,54.49,5012.0,54.457,45
2023-06-06 15:20:00-04:00,54.49,54.63,54.49,54.63,8871.0,54.548,72
2023-06-06 15:25:00-04:00,54.64,54.67,54.6,54.64,10077.0,54.637,73
2023-06-06 15:30:00-04:00,54.64,54.73,54.63,54.73,8066.0,54.69,70
2023-06-06 15:35:00-04:00,54.72,54.79,54.66,54.66,13703.0,54.723,115
2023-06-06 15:40:00-04:00,54.66,54.66,54.61,54.65,14015.0,54.642,121
2023-06-06 15:45:00-04:00,54.65,54.68,54.61,54.66,27321.0,54.643,208
2023-06-06 15:50:00-04:00,54.67,54.7,54.6,54.61,38670.0,54.642,303
2023-06-06 15:55:00-04:00,54.61,54.71,54.59,54.64,99814.0,54.661,575
2023-06-07 09:30:00-04:00,54.66,54.94,54.52,54.67,17208.0,54.663,48
2023-06-07 09:35:00-04:00,54.68,54.87,54.68,54.82,10894.0,54.819,75
2023-06-07 09:40:00-04:00,54.82,54.82,54.69,54.73,9032.0,54.756,66
2023-06-07 09:45:00-04:00,54.73,54.82,54.73,54.81,10213.0,54.775,83
2023-06-07 09:50:00-04:00,54.8,55.04,54.8,55.0,5066.0,54.914,42
2023-06-07 09:55:00-04:00,55.04,55.23,55.04,55.22,8873.0,55.157,59
2023-06-07 10:00:00-04:00,55.21,55.24,54.92,54.92,11683.0,55.12,79
2023-06-07 10:05:00-04:00,54.96,55.02,54.91,55.02,4258.0,54.965,30
2023-06-07 10:10:00-04:00,55.05,55.12,55.05,55.1,6094.0,55.093,43
2023-06-07 10:15:00-04:00,55.09,55.16,55.04,55.13,6813.0,55.105,56
2023-06-07 10:20:00-04:00,55.13,55.16,55.0,55.0,7039.0,55.105,61
2023-06-07 10:25:00-04:00,54.98,55.01,54.9,54.94,6479.0,54.96,52
2023-06-07 10:30:00-04:00,54.92,54.95,54.87,54.87,3488.0,54.922,29
2023-06-07 10:35:00-04:00,54.86,54.86,54.58,54.59,8471.0,54.718,65
2023-06-07 10:40:00-04:00,54.56,55.0,54.34,54.37,19845.0,54.621,130
2023-06-07 10:45:00-04:00,54.36,54.43,54.33,54.38,10000.0,54.385,86
2023-06-07 10:50:00-04:00,54.31,54.32,54.2,54.2,13502.0,54.255,113
2023-06-07 10:55:00-04:00,54.21,54.36,54.17,54.36,17732.0,54.27,112
2023-06-07 11:00:00-04:00,54.36,54.38,54.27,54.31,8087.0,54.333,67
2023-06-07 11:05:00-04:00,54.32,54.34,54.18,54.2,6987.0,54.254,60
2023-06-07 11:10:00-04:00,54.2,54.33,54.18,54.31,10587.0,54.24,85
2023-06-07 11:15:00-04:00,54.32,54.32,54.03,54.03,24148.0,54.145,126
2023-06-07 11:20:00-04:00,54.04,54.09,53.88,53.9,15294.0,53.974,116
2023-06-07 11:25:00-04:00,53.9,54.16,53.89,54.05,15430.0,54.009,123
2023-06-07 11:30:00-04:00,54.05,54.08,53.98,54.03,5630.0,54.034,49
2023-06-07 11:35:00-04:00,54.03,54.08,53.93,53.95,5331.0,54.01,47
2023-06-07 11:40:00-04:00,53.94,53.94,53.8,53.8,7268.0,53.875,64
2023-06-07 11:45:00-04:00,53.78,53.83,53.75,53.81,3723.0,53.795,32
2023-06-07 11:50:00-04:00,53.84,53.84,53.75,53.83,4648.0,53.79,38
2023-06-07 11:55:00-04:00,53.8,53.82,53.71,53.82,4925.0,53.753,41
2023-06-07 12:00:00-04:00,53.85,53.93,53.78,53.9,6228.0,53.848,43
2023-06-07 12:05:00-04:00,53.9,54.0,53.89,53.94,12000.0,53.958,86
2023-06-07 12:10:00-04:00,53.93,54.1,53.91,54.08,8441.0,53.997,76
2023-06-07 12:15:00-04:00,54.09,54.16,54.08,54.15,6280.0,54.117,49
2023-06-07 12:20:00-04:00,54.14,54.15,54.02,54.02,4605.0,54.095,43
2023-06-07 12:25:00-04:00,54.02,54.02,53.91,53.94,5143.0,53.963,48
2023-06-07 12:30:00-04:00,53.91,53.98,53.87,53.89,8258.0,53.933,58
2023-06-07 12:35:00-04:00,53.88,53.92,53.85,53.88,5044.0,53.88,45
2023-06-07 12:40:00-04:00,53.87,53.97,53.84,53.93,5604.0,53.917,45
2023-06-07 12:45:00-04:00,53.93,53.99,53.91,53.94,8502.0,53.95,68
2023-06-07 12:50:00-04:00,53.93,53.96,53.85,53.85,5717.0,53.918,49
2023-06-07 12:55:00-04:00,53.87,53.87,53.82,53.84,4466.0,53.844,30
2023-06-07 13:00:00-04:00,53.85,53.85,53.7,53.71,8238.0,53.745,49
2023-06-07 13:05:00-04:00,53.71,53.74,53.62,53.74,4658.0,53.68,36
2023-06-07 13:10:00-04:00,53.77,53.88,53.71,53.84,18681.0,53.78,69
2023-06-07 13:15:00-04:00,53.83,53.94,53.8,53.87,6547.0,53.861,47
2023-06-07 13:20:00-04:00,53.86,53.86,53.78,53.78,2122.0,53.817,20
2023-06-07 13:25:00-04:00,53.77,53.86,53.74,53.82,7070.0,53.795,57
2023-06-07 13:30:00-04:00,53.8,53.81,53.74,53.75,3473.0,53.775,33
2023-06-07 13:35:00-04:00,53.73,53.73,53.63,53.66,3785.0,53.672,32
2023-06-07 13:40:00-04:00,53.67,53.69,53.64,53.64,5586.0,53.663,45
2023-06-07 13:45:00-04:00,53.65,53.66,53.57,53.64,6592.0,53.625,53
2023-06-07 13:50:00-04:00,53.65,53.65,53.6,53.61,4623.0,53.627,42
2023-06-07 13:55:00-04:00,53.63,53.67,53.59,53.6,9215.0,53.644,71
2023-06-07 14:00:00-04:00,53.6,53.65,53.59,53.63,6412.0,53.616,46
2023-06-07 14:05:00-04:00,53.65,53.72,53.65,53.65,6373.0,53.693,51
2023-06-07 14:10:00-04:00,53.63,53.64,53.5,53.53,5222.0,53.562,39
2023-06-07 14:15:00-04:00,53.55,53.6,53.55,53.6,7068.0,53.57,64
2023-06-07 14:20:00-04:00,53.6,53.62,53.56,53.6,3434.0,53.596,34
2023-06-07 14:25:00-04:00,53.58,53.61,53.54,53.54,4065.0,53.561,35
2023-06-07 14:30:00-04:00,53.55,53.56,53.52,53.55,6739.0,53.541,56
2023-06-07 14:35:00-04:00,53.54,53.54,53.5,53.5,5951.0,53.519,52
2023-06-07 14:40:00-04:00,53.49,53.5,53.34,53.43,27695.0,53.403,216
2023-06-07 14:45:00-04:00,53.39,53.39,53.08,53.12,109982.0,53.228,741
2023-06-07 14:50:00-04:00,53.08,53.16,52.7,52.93,169409.0,52.92,1182
2023-06-07 14:55:00-04:00,52.91,53.19,52.82,52.94,94042.0,53.042,568
2023-06-07 15:00:00-04:00,52.87,53.11,52.87,52.98,39966.0,53.026,260
2023-06-07 15:05:00-04:00,52.98,53.03,52.73,52.73,26790.0,52.903,195
2023-06-07 15:10:00-04:00,52.74,52.86,52.68,52.69,26647.0,52.794,189
2023-06-07 15:15:00-04:00,52.71,52.79,52.7,52.73,19028.0,52.742,143
2023-06-07 15:20:00-04:00,52.74,52.89,52.74,52.78,20829.0,52.791,174
2023-06-07 15:25:00-04:00,52.78,52.78,52.64,52.73,21144.0,52.684,168
2023-06-07 15:30:00-04:00,52.72,52.78,52.71,52.74,20796.0,52.749,154
2023-06-07 15:35:00-04:00,52.74,52.83,52.73,52.79,26733.0,52.766,194
2023-06-07 15:40:00-04:00,52.8,52.9,52.78,52.87,42903.0,52.854,282
2023-06-07 15:45:00-04:00,52.87,53.0,52.86,52.91,66488.0,52.926,482
2023-06-07 15:50:00-04:00,52.91,52.94,52.84,52.85,86150.0,52.891,613
2023-06-07 15:55:00-04:00,52.84,52.98,52.83,52.89,228376.0,52.895,1076
2023-06-08 09:30:00-04:00,52.67,53.04,52.56,52.63,41381.0,52.814,56
2023-06-08 09:35:00-04:00,52.59,52.6,52.43,52.51,11805.0,52.505,82
2023-06-08 09:40:00-04:00,52.56,52.61,52.27,52.29,8116.0,52.464,63
2023-06-08 09:45:00-04:00,52.28,52.35,52.11,52.17,4969.0,52.235,36
2023-06-08 09:50:00-04:00,52.19,52.24,52.11,52.21,6027.0,52.164,46
2023-06-08 09:55:00-04:00,52.21,52.33,52.18,52.19,12737.0,52.262,105
2023-06-08 10:00:00-04:00,52.23,52.31,51.95,51.95,42964.0,52.107,261
2023-06-08 10:05:00-04:00,51.98,51.99,51.54,51.54,11874.0,51.788,108
2023-06-08 10:10:00-04:00,51.49,51.73,51.39,51.66,18771.0,51.55,155
2023-06-08 10:15:00-04:00,51.69,51.86,51.58,51.8,13025.0,51.703,100
2023-06-08 10:20:00-04:00,51.8,51.81,51.67,51.81,7637.0,51.736,66
2023-06-08 10:25:00-04:00,51.87,51.93,51.71,51.93,8992.0,51.798,69
2023-06-08 10:30:00-04:00,51.95,51.99,51.83,51.83,7361.0,51.928,62
2023-06-08 10:35:00-04:00,51.85,51.96,51.8,51.87,6732.0,51.884,61
2023-06-08 10:40:00-04:00,51.89,52.01,51.89,51.95,7007.0,51.964,61
2023-06-08 10:45:00-04:00,51.94,52.08,51.92,52.03,10353.0,52.011,83
2023-06-08 10:50:00-04:00,52.05,52.19,52.04,52.18,5254.0,52.125,47
2023-06-08 10:55:00-04:00,52.18,52.21,52.11,52.21,7374.0,52.156,67
2023-06-08 11:00:00-04:00,52.21,52.21,52.12,52.12,8277.0,52.165,59
2023-06-08 11:05:00-04:00,52.08,52.08,51.98,52.05,8462.0,52.028,79
2023-06-08 11:10:00-04:00,52.05,52.15,52.01,52.1,6040.0,52.114,54
2023-06-08 11:15:00-04:00,52.12,52.12,52.01,52.04,5206.0,52.06,39
2023-06-08 11:20:00-04:00,52.05,52.08,52.02,52.06,5493.0,52.053,48
2023-06-08 11:25:00-04:00,52.07,52.07,51.98,52.07,9870.0,52.034,76
2023-06-08 11:30:00-04:00,52.11,52.13,51.99,51.99,16127.0,52.095,143
2023-06-08 11:35:00-04:00,52.0,52.09,51.98,52.09,4217.0,52.034,39
2023-06-08 11:40:00-04:00,52.08,52.15,52.08,52.15,4751.0,52.104,38
2023-06-08 11:45:00-04:00,52.13,52.13,52.05,52.11,5075.0,52.087,47
2023-06-08 11:50:00-04:00,52.1,52.11,52.02,52.02,5250.0,52.074,51
2023-06-08 11:55:00-04:00,52.02,52.11,52.02,52.09,2716.0,52.064,25
2023-06-08 12:00:00-04:00,52.08,52.15,52.08,52.14,7171.0,52.124,62
2023-06-08 12:05:00-04:00,52.15,52.24,52.15,52.24,4098.0,52.208,36
2023-06-08 12:10:00-04:00,52.25,52.29,52.21,52.29,5476.0,52.263,46
2023-06-08 12:15:00-04:00,52.28,52.36,52.25,52.36,4169.0,52.314,37
2023-06-08 12:20:00-04:00,52.38,52.41,52.35,52.41,3876.0,52.378,31
2023-06-08 12:25:00-04:00,52.4,52.52,52.4,52.48,4503.0,52.467,37
2023-06-08 12:30:00-04:00,52.47,52.57,52.46,52.56,4317.0,52.505,37
2023-06-08 12:35:00-04:00,52.55,52.57,52.5,52.57,2854.0,52.543,20
2023-06-08 12:40:00-04:00,52.56,52.58,52.53,52.53,6580.0,52.56,53
2023-06-08 12:45:00-04:00,52.53,52.55,52.49,52.55,5079.0,52.526,34
2023-06-08 12:50:00-04:00,52.57,52.6,52.54,52.58,5766.0,52.569,48
2023-06-08 12:55:00-04:00,52.58,52.68,52.57,52.68,6784.0,52.612,49
2023-06-08 13:00:00-04:00,52.7,52.75,52.69,52.75,14436.0,52.704,120
2023-06-08 13:05:00-04:00,52.77,52.77,52.65,52.68,7018.0,52.73,56
2023-06-08 13:10:00-04:00,52.7,52.71,52.64,52.64,6267.0,52.672,44
2023-06-08 13:15:00-04:00,52.64,52.7,52.63,52.66,4206.0,52.662,32
2023-06-08 13:20:00-04:00,52.69,52.69,52.62,52.66,2951.0,52.653,21
2023-06-08 13:25:00-04:00,52.66,52.68,52.65,52.68,2852.0,52.666,21
2023-06-08 13:30:00-04:00,52.68,52.69,52.62,52.62,6905.0,52.666,45
2023-06-08 13:35:00-04:00,52.64,52.64,52.59,52.6,4273.0,52.616,30
2023-06-08 13:40:00-04:00,52.63,52.73,52.61,52.73,10283.0,52.641,80
2023-06-08 13:45:00-04:00,52.73,52.73,52.57,52.59,10125.0,52.635,57
2023-06-08 13:50:00-04:00,52.59,52.64,52.58,52.62,4306.0,52.614,33
2023-06-08 13:55:00-04:00,52.59,52.59,52.49,52.55,4345.0,52.538,36
2023-06-08 14:00:00-04:00,52.58,52.64,52.58,52.6,2401.0,52.611,19
2023-06-08 14:05:00-04:00,52.66,52.67,52.57,52.58,9702.0,52.621,60
2023-06-08 14:10:00-04:00,52.55,52.58,52.53,52.54,3827.0,52.556,29
2023-06-08 14:15:00-04:00,52.55,52.65,52.54,52.65,4216.0,52.599,31
2023-06-08 14:20:00-04:00,52.66,52.75,52.6,52.75,4527.0,52.65,29
2023-06-08 14:25:00-04:00,52.75,52.78,52.7,52.74,12886.0,52.76,54
2023-06-08 14:30:00-04:00,52.74,52.8,52.72,52.75,7658.0,52.765,50
2023-06-08 14:35:00-04:00,52.77,52.81,52.75,52.8,9718.0,52.773,71
2023-06-08 14:40:00-04:00,52.81,52.87,52.78,52.84,10355.0,52.81,66
2023-06-08 14:45:00-04:00,52.86,52.91,52.83,52.9,20044.0,52.874,72
2023-06-08 14:50:00-04:00,52.9,52.96,52.84,52.96,16949.0,52.878,73
2023-06-08 14:55:00-04:00,52.96,52.96,52.91,52.95,4918.0,52.937,36
2023-06-08 15:00:00-04:00,52.97,53.0,52.96,52.96,9082.0,52.989,53
2023-06-08 15:05:00-04:00,52.98,53.03,52.96,53.02,10168.0,52.992,74
2023-06-08 15:10:00-04:00,53.01,53.01,52.91,52.91,9891.0,52.956,75
2023-06-08 15:15:00-04:00,52.91,52.91,52.79,52.79,11681.0,52.865,71
2023-06-08 15:20:00-04:00,52.78,52.85,52.78,52.85,8136.0,52.808,55
2023-06-08 15:25:00-04:00,52.84,52.89,52.81,52.87,23079.0,52.834,103
2023-06-08 15:30:00-04:00,52.87,52.99,52.87,52.93,14881.0,52.926,116
2023-06-08 15:35:00-04:00,52.93,53.05,52.93,53.05,10979.0,53.006,81
2023-06-08 15:40:00-04:00,53.05,53.25,53.05,53.25,29285.0,53.149,187
2023-06-08 15:45:00-04:00,53.24,53.32,53.21,53.31,44160.0,53.26,295
2023-06-08 15:50:00-04:00,53.33,53.45,53.32,53.33,72293.0,53.39,457
2023-06-08 15:55:00-04:00,53.33,53.34,53.21,53.22,120992.0,53.248,816
2023-06-09 09:30:00-04:00,53.08,53.54,53.02,53.47,27049.0,53.162,84
2023-06-09 09:35:00-04:00,53.49,53.5,53.17,53.22,8983.0,53.4,54
2023-06-09 09:40:00-04:00,53.22,53.35,53.21,53.28,9878.0,53.27,54
2023-06-09 09:45:00-04:00,53.21,53.3,53.16,53.2,10522.0,53.226,57
2023-06-09 09:50:00-04:00,53.28,53.32,53.24,53.28,6343.0,53.292,50
2023-06-09 09:55:00-04:00,53.3,53.31,53.27,53.3,5220.0,53.297,43
2023-06-09 10:00:00-04:00,53.3,53.36,53.27,53.36,12854.0,53.311,78
2023-06-09 10:05:00-04:00,53.37,53.37,53.29,53.3,5835.0,53.325,39
2023-06-09 10:10:00-04:00,53.32,53.32,53.19,53.2,5170.0,53.264,43
2023-06-09 10:15:00-04:00,53.16,53.21,53.14,53.17,5519.0,53.178,43
2023-06-09 10:20:00-04:00,53.16,53.19,53.04,53.19,17742.0,53.134,94
2023-06-09 10:25:00-04:00,53.18,53.3,53.16,53.3,3420.0,53.215,25
2023-06-09 10:30:00-04:00,53.28,53.28,53.14,53.14,3494.0,53.215,25
2023-06-09 10:35:00-04:00,53.09,53.09,53.02,53.03,8155.0,53.058,64
2023-06-09 10:40:00-04:00,52.96,53.01,52.88,53.01,3323.0,52.923,28
2023-06-09 10:45:00-04:00,53.0,53.06,52.92,52.92,7233.0,53.008,52
2023-06-09 10:50:00-04:00,52.91,52.91,52.83,52.89,4893.0,52.873,33
2023-06-09 10:55:00-04:00,52.9,52.9,52.73,52.77,9403.0,52.829,73
2023-06-09 11:00:00-04:00,52.76,52.77,52.69,52.73,5544.0,52.73,42
2023-06-09 11:05:00-04:00,52.71,52.72,52.64,52.64,2943.0,52.686,22
2023-06-09 11:10:00-04:00,52.64,52.66,52.49,52.49,4774.0,52.596,19
2023-06-09 11:15:00-04:00,52.5,52.52,52.44,52.45,4774.0,52.478,38
2023-06-09 11:20:00-04:00,52.44,52.44,52.34,52.39,10805.0,52.382,82
2023-06-09 11:25:00-04:00,52.36,52.36,52.22,52.32,15506.0,52.304,46
2023-06-09 11:30:00-04:00,52.3,52.33,52.19,52.24,17058.0,52.267,89
2023-06-09 11:35:00-04:00,52.26,52.31,52.26,52.29,3730.0,52.279,31
2023-06-09 11:40:00-04:00,52.31,52.39,52.31,52.34,5543.0,52.361,40
2023-06-09 11:45:00-04:00,52.35,52.46,52.34,52.45,5047.0,52.41,39
2023-06-09 11:50:00-04:00,52.45,52.47,52.38,52.4,3574.0,52.432,30
2023-06-09 11:55:00-04:00,52.39,52.39,52.29,52.32,4983.0,52.315,44
2023-06-09 12:00:00-04:00,52.32,52.37,52.28,52.37,4325.0,52.324,30
2023-06-09 12:05:00-04:00,52.38,52.4,52.22,52.26,4050.0,52.303,33
2023-06-09 12:10:00-04:00,52.23,52.29,52.23,52.29,6066.0,52.26,52
2023-06-09 12:15:00-04:00,52.28,52.28,52.2,52.21,3838.0,52.244,35
2023-06-09 12:20:00-04:00,52.22,52.24,52.15,52.18,3451.0,52.197,32
2023-06-09 12:25:00-04:00,52.18,52.3,52.16,52.3,4087.0,52.195,30
2023-06-09 12:30:00-04:00,52.3,52.33,52.29,52.29,2514.0,52.309,23
2023-06-09 12:35:00-04:00,52.27,52.33,52.27,52.32,2765.0,52.304,24
2023-06-09 12:40:00-04:00,52.36,52.4,52.35,52.38,5810.0,52.381,39
2023-06-09 12:45:00-04:00,52.39,52.4,52.35,52.4,5925.0,52.369,37
2023-06-09 12:50:00-04:00,52.4,52.42,52.31,52.34,14352.0,52.361,87
2023-06-09 12:55:00-04:00,52.33,52.36,52.31,52.35,3203.0,52.34,31
2023-06-09 13:00:00-04:00,52.36,52.36,52.31,52.35,9296.0,52.344,68
2023-06-09 13:05:00-04:00,52.36,52.39,52.33,52.39,19680.0,52.36,97
2023-06-09 13:10:00-04:00,52.37,52.54,52.34,52.53,20181.0,52.399,63
2023-06-09 13:15:00-04:00,52.53,52.54,52.45,52.53,6765.0,52.496,48
2023-06-09 13:20:00-04:00,52.53,52.53,52.48,52.5,8221.0,52.5,72
2023-06-09 13:25:00-04:00,52.47,52.49,52.44,52.48,2520.0,52.465,20
2023-06-09 13:30:00-04:00,52.48,52.48,52.38,52.4,4160.0,52.428,26
2023-06-09 13:35:00-04:00,52.4,52.44,52.39,52.44,9698.0,52.423,28
2023-06-09 13:40:00-04:00,52.44,52.48,52.43,52.43,3422.0,52.455,24
2023-06-09 13:45:00-04:00,52.44,52.47,52.38,52.39,5274.0,52.443,39
2023-06-09 13:50:00-04:00,52.4,52.42,52.35,52.41,2599.0,52.391,21
2023-06-09 13:55:00-04:00,52.42,52.42,52.35,52.41,8417.0,52.368,37
2023-06-09 14:00:00-04:00,52.4,52.4,52.33,52.35,1349.0,52.365,11
2023-06-09 14:05:00-04:00,52.34,52.36,52.27,52.3,11477.0,52.325,95
2023-06-09 14:10:00-04:00,52.3,52.42,52.3,52.41,3222.0,52.38,26
2023-06-09 14:15:00-04:00,52.42,52.43,52.36,52.36,2768.0,52.401,21
2023-06-09 14:20:00-04:00,52.36,52.38,52.32,52.38,7490.0,52.349,55
2023-06-09 14:25:00-04:00,52.37,52.39,52.35,52.37,10363.0,52.375,77
2023-06-09 14:30:00-04:00,52.37,52.39,52.36,52.38,3650.0,52.373,29
2023-06-09 14:35:00-04:00,52.37,52.37,52.29,52.35,21812.0,52.313,49
2023-06-09 14:40:00-04:00,52.36,52.51,52.31,52.41,30177.0,52.362,107
2023-06-09 14:45:00-04:00,52.41,52.5,52.39,52.48,47266.0,52.445,117
2023-06-09 14:50:00-04:00,52.5,52.57,52.47,52.47,9263.0,52.508,58
2023-06-09 14:55:00-04:00,52.45,52.45,52.39,52.43,10962.0,52.425,83
2023-06-09 15:00:00-04:00,52.45,52.49,52.44,52.48,7740.0,52.471,47
2023-06-09 15:05:00-04:00,52.47,52.48,52.37,52.39,5975.0,52.428,44
2023-06-09 15:10:00-04:00,52.41,52.47,52.41,52.45,3161.0,52.449,29
2023-06-09 15:15:00-04:00,52.46,52.48,52.4,52.46,6529.0,52.448,57
2023-06-09 15:20:00-04:00,52.45,52.49,52.43,52.43,7655.0,52.457,62
2023-06-09 15:25:00-04:00,52.42,52.51,52.4,52.51,8318.0,52.458,69
2023-06-09 15:30:00-04:00,52.51,52.52,52.47,52.48,11315.0,52.494,85
2023-06-09 15:35:00-04:00,52.48,52.49,52.41,52.48,16069.0,52.454,129
2023-06-09 15:40:00-04:00,52.48,52.54,52.45,52.54,12251.0,52.482,87
2023-06-09 15:45:00-04:00,52.54,52.68,52.54,52.66,18454.0,52.619,135
2023-06-09 15:50:00-04:00,52.65,52.66,52.62,52.65,44190.0,52.648,326
2023-06-09 15:55:00-04:00,52.65,52.66,52.57,52.58,145982.0,52.615,646
2023-06-12 09:30:00-04:00,52.62,52.7,52.32,52.51,28986.0,52.545,119
2023-06-12 09:35:00-04:00,52.53,52.65,52.51,52.65,2818.0,52.564,18
2023-06-12 09:40:00-04:00,52.76,52.84,52.64,52.67,178852.0,52.751,73
2023-06-12 09:45:00-04:00,52.65,52.65,52.47,52.56,7326.0,52.56,39
2023-06-12 09:50:00-04:00,52.61,52.78,52.59,52.78,7969.0,52.663,48
2023-06-12 09:55:00-04:00,52.8,52.99,52.77,52.88,7798.0,52.875,61
2023-06-12 10:00:00-04:00,52.88,52.9,52.75,52.8,5865.0,52.833,49
2023-06-12 10:05:00-04:00,52.78,52.83,52.7,52.83,2398.0,52.764,19
2023-06-12 10:10:00-04:00,52.83,52.94,52.82,52.94,4803.0,52.866,37
2023-06-12 10:15:00-04:00,52.95,53.01,52.85,52.93,5592.0,52.933,39
2023-06-12 10:20:00-04:00,52.99,52.99,52.93,52.94,1107.0,52.956,10
2023-06-12 10:25:00-04:00,52.95,53.12,52.93,53.07,13703.0,53.051,57
2023-06-12 10:30:00-04:00,53.06,53.07,52.93,52.95,3528.0,52.971,30
2023-06-12 10:35:00-04:00,52.93,52.93,52.85,52.86,2710.0,52.895,21
2023-06-12 10:40:00-04:00,52.89,52.97,52.89,52.97,4177.0,52.93,31
2023-06-12 10:45:00-04:00,52.97,52.97,52.9,52.93,5495.0,52.928,50
2023-06-12 10:50:00-04:00,52.93,53.01,52.91,53.0,4301.0,52.962,31
2023-06-12 10:55:00-04:00,52.97,53.0,52.91,52.93,7356.0,52.965,57
2023-06-12 11:00:00-04:00,52.94,52.99,52.85,52.86,9111.0,52.951,62
2023-06-12 11:05:00-04:00,52.88,52.88,52.8,52.87,7619.0,52.84,66
2023-06-12 11:10:00-04:00,52.88,52.95,52.85,52.92,11822.0,52.898,89
2023-06-12 11:15:00-04:00,52.9,52.9,52.77,52.77,4179.0,52.829,29
2023-06-12 11:20:00-04:00,52.76,52.76,52.64,52.64,7190.0,52.701,63
2023-06-12 11:25:00-04:00,52.68,52.79,52.65,52.74,6398.0,52.711,51
2023-06-12 11:30:00-04:00,52.76,52.79,52.72,52.75,5849.0,52.755,50
2023-06-12 11:35:00-04:00,52.75,52.76,52.65,52.65,7743.0,52.721,41
2023-06-12 11:40:00-04:00,52.68,52.83,52.67,52.8,5401.0,52.762,35
2023-06-12 11:45:00-04:00,52.8,52.91,52.8,52.86,6583.0,52.86,51
2023-06-12 11:50:00-04:00,52.87,52.9,52.84,52.85,14028.0,52.888,51
2023-06-12 11:55:00-04:00,52.87,53.0,52.85,52.95,31529.0,52.907,54
2023-06-12 12:00:00-04:00,52.93,52.94,52.86,52.86,2296.0,52.906,20
2023-06-12 12:05:00-04:00,52.84,52.98,52.82,52.98,5223.0,52.881,36
2023-06-12 12:10:00-04:00,52.98,53.03,52.98,53.03,4399.0,53.005,23
2023-06-12 12:15:00-04:00,53.03,53.11,53.01,53.02,6932.0,53.068,37
2023-06-12 12:20:00-04:00,53.02,53.02,52.99,53.02,4680.0,53.01,31
2023-06-12 12:25:00-04:00,53.02,53.03,53.0,53.02,6509.0,53.017,21
2023-06-12 12:30:00-04:00,53.03,53.03,52.92,52.93,13102.0,52.995,78
2023-06-12 12:35:00-04:00,52.95,53.01,52.95,53.01,5187.0,52.977,36
2023-06-12 12:40:00-04:00,53.02,53.1,53.01,53.01,27079.0,53.081,79
2023-06-12 12:45:00-04:00,53.02,53.03,52.95,52.97,3756.0,52.987,24
2023-06-12 12:50:00-04:00,52.99,53.0,52.97,52.98,1718.0,52.983,12
2023-06-12 12:55:00-04:00,52.98,52.99,52.93,52.97,5698.0,52.959,34
2023-06-12 13:00:00-04:00,52.98,52.99,52.97,52.97,2564.0,52.974,18
2023-06-12 13:05:00-04:00,52.98,53.0,52.9,52.91,11766.0,52.959,72
2023-06-12 13:10:00-04:00,52.92,52.95,52.91,52.94,4316.0,52.931,28
2023-06-12 13:15:00-04:00,52.96,53.01,52.96,53.01,5562.0,52.992,40
2023-06-12 13:20:00-04:00,53.0,53.08,52.99,53.08,7970.0,53.044,63
2023-06-12 13:25:00-04:00,53.08,53.1,53.06,53.09,9458.0,53.079,31
2023-06-12 13:30:00-04:00,53.09,53.1,52.91,52.91,6726.0,53.021,48
2023-06-12 13:35:00-04:00,52.91,52.92,52.89,52.91,3132.0,52.903,24
2023-06-12 13:40:00-04:00,52.91,52.92,52.88,52.89,3727.0,52.902,30
2023-06-12 13:45:00-04:00,52.91,52.94,52.9,52.93,6508.0,52.914,41
2023-06-12 13:50:00-04:00,52.93,52.95,52.88,52.89,4733.0,52.93,38
2023-06-12 13:55:00-04:00,52.88,52.9,52.85,52.87,5181.0,52.875,40
2023-06-12 14:00:00-04:00,52.86,52.91,52.86,52.91,9900.0,52.891,72
2023-06-12 14:05:00-04:00,52.92,52.93,52.9,52.91,5601.0,52.914,43
2023-06-12 14:10:00-04:00,52.91,52.92,52.89,52.92,6255.0,52.908,43
2023-06-12 14:15:00-04:00,52.93,52.98,52.91,52.91,21186.0,52.957,77
2023-06-12 14:20:00-04:00,52.91,53.03,52.91,53.03,27036.0,52.974,101
2023-06-12 14:25:00-04:00,53.04,53.05,52.98,52.99,15918.0,53.032,48
2023-06-12 14:30:00-04:00,53.0,53.06,53.0,53.06,3805.0,53.027,29
2023-06-12 14:35:00-04:00,53.06,53.1,53.02,53.05,3350.0,53.066,26
2023-06-12 14:40:00-04:00,53.06,53.14,53.06,53.14,26947.0,53.118,66
2023-06-12 14:45:00-04:00,53.13,53.13,53.11,53.12,5069.0,53.121,28
2023-06-12 14:50:00-04:00,53.12,53.13,53.11,53.12,8251.0,53.123,63
2023-06-12 14:55:00-04:00,53.11,53.12,53.03,53.06,8135.0,53.075,63
2023-06-12 15:00:00-04:00,53.07,53.11,53.07,53.09,8839.0,53.093,67
2023-06-12 15:05:00-04:00,53.1,53.12,53.09,53.12,10902.0,53.106,81
2023-06-12 15:10:00-04:00,53.11,53.14,53.1,53.12,11751.0,53.118,94
2023-06-12 15:15:00-04:00,53.11,53.18,53.1,53.1,18680.0,53.15,112
2023-06-12 15:20:00-04:00,53.1,53.13,53.07,53.12,25786.0,53.095,164
2023-06-12 15:25:00-04:00,53.12,53.2,53.11,53.19,15176.0,53.168,70
2023-06-12 15:30:00-04:00,53.19,53.25,53.09,53.13,123571.0,53.202,160
2023-06-12 15:35:00-04:00,53.13,53.22,53.13,53.22,21450.0,53.187,124
2023-06-12 15:40:00-04:00,53.22,53.29,53.2,53.29,23836.0,53.241,136
2023-06-12 15:45:00-04:00,53.29,53.31,53.17,53.2,37333.0,53.253,254
2023-06-12 15:50:00-04:00,53.2,53.29,53.2,53.22,38243.0,53.254,279
2023-06-12 15:55:00-04:00,53.21,53.32,53.18,53.3,135721.0,53.248,568
2023-06-13 09:30:00-04:00,53.3,53.41,53.29,53.37,17177.0,53.305,9
2023-06-13 09:35:00-04:00,53.44,53.6,53.42,53.59,106933.0,53.477,79
2023-06-13 09:40:00-04:00,53.58,53.73,53.52,53.71,10602.0,53.618,76
2023-06-13 09:45:00-04:00,53.71,53.83,53.63,53.76,17512.0,53.71,106
2023-06-13 09:50:00-04:00,53.77,53.94,53.71,53.91,9401.0,53.864,59
2023-06-13 09:55:00-04:00,53.93,54.0,53.91,54.0,6193.0,53.955,53
2023-06-13 10:00:00-04:00,53.98,53.99,53.89,53.96,10597.0,53.939,91
2023-06-13 10:05:00-04:00,53.98,54.01,53.93,53.99,13160.0,53.968,78
2023-06-13 10:10:00-04:00,54.0,54.16,53.99,54.15,11380.0,54.042,110
2023-06-13 10:15:00-04:00,54.15,54.17,54.04,54.15,16612.0,54.104,115
2023-06-13 10:20:00-04:00,54.17,54.3,54.16,54.28,7589.0,54.23,63
2023-06-13 10:25:00-04:00,54.25,54.4,54.23,54.39,97373.0,54.253,113
2023-06-13 10:30:00-04:00,54.46,54.46,54.33,54.38,3048.0,54.36,24
2023-06-13 10:35:00-04:00,54.46,54.5,54.4,54.4,14159.0,54.424,48
2023-06-13 10:40:00-04:00,54.44,54.59,54.4,54.58,3501.0,54.477,30
2023-06-13 10:45:00-04:00,54.57,54.76,54.57,54.7,10866.0,54.699,61
2023-06-13 10:50:00-04:00,54.71,54.78,54.67,54.72,23914.0,54.732,116
2023-06-13 10:55:00-04:00,54.7,54.71,54.58,54.58,14656.0,54.677,44
2023-06-13 11:00:00-04:00,54.59,54.66,54.57,54.57,10738.0,54.614,49
2023-06-13 11:05:00-04:00,54.55,54.62,54.5,54.55,22314.0,54.552,104
2023-06-13 11:10:00-04:00,54.53,54.71,54.52,54.71,10143.0,54.644,72
2023-06-13 11:15:00-04:00,54.71,54.76,54.71,54.75,11240.0,54.748,80
2023-06-13 11:20:00-04:00,54.75,54.92,54.72,54.87,24511.0,54.781,117
2023-06-13 11:25:00-04:00,54.87,54.99,54.84,54.97,25347.0,54.917,149
2023-06-13 11:30:00-04:00,54.97,55.06,54.92,54.93,37949.0,54.997,108
2023-06-13 11:35:00-04:00,54.93,54.94,54.73,54.78,24945.0,54.833,109
2023-06-13 11:40:00-04:00,54.78,54.85,54.7,54.8,10545.0,54.783,65
2023-06-13 11:45:00-04:00,54.8,54.83,54.73,54.79,27149.0,54.783,141
2023-06-13 11:50:00-04:00,54.79,54.82,54.71,54.78,32421.0,54.758,133
2023-06-13 11:55:00-04:00,54.78,54.8,54.42,54.42,57446.0,54.707,267
2023-06-13 12:00:00-04:00,54.4,54.43,54.17,54.24,26459.0,54.288,159
2023-06-13 12:05:00-04:00,54.24,54.24,53.91,54.02,25176.0,54.055,135
2023-06-13 12:10:00-04:00,54.02,54.08,53.85,53.89,12692.0,53.984,67
2023-06-13 12:15:00-04:00,53.87,53.93,53.72,53.75,16305.0,53.81,102
2023-06-13 12:20:00-04:00,53.76,53.77,53.68,53.72,16675.0,53.717,99
2023-06-13 12:25:00-04:00,53.72,53.79,53.71,53.79,7167.0,53.742,45
2023-06-13 12:30:00-04:00,53.77,53.84,53.73,53.74,20021.0,53.765,98
2023-06-13 12:35:00-04:00,53.73,53.75,53.67,53.67,11029.0,53.709,79
2023-06-13 12:40:00-04:00,53.67,53.8,53.67,53.79,6994.0,53.739,56
2023-06-13 12:45:00-04:00,53.81,53.87,53.79,53.8,6677.0,53.83,35
2023-06-13 12:50:00-04:00,53.8,53.84,53.67,53.76,27888.0,53.782,110
2023-06-13 12:55:00-04:00,53.76,53.79,53.73,53.75,13392.0,53.764,43
2023-06-13 13:00:00-04:00,53.76,53.77,53.72,53.72,4354.0,53.743,22
2023-06-13 13:05:00-04:00,53.71,53.71,53.57,53.59,5653.0,53.665,32
2023-06-13 13:10:00-04:00,53.62,53.63,53.55,53.59,6460.0,53.586,41
2023-06-13 13:15:00-04:00,53.58,53.74,53.58,53.74,6333.0,53.666,53
2023-06-13 13:20:00-04:00,53.74,53.82,53.74,53.8,6745.0,53.777,42
2023-06-13 13:25:00-04:00,53.84,53.94,53.81,53.87,8063.0,53.871,63
2023-06-13 13:30:00-04:00,53.87,53.87,53.76,53.8,5270.0,53.817,29
2023-06-13 13:35:00-04:00,53.81,53.92,53.78,53.92,6033.0,53.852,47
2023-06-13 13:40:00-04:00,53.94,54.05,53.94,54.04,7746.0,53.981,62
2023-06-13 13:45:00-04:00,54.06,54.15,54.03,54.12,8163.0,54.069,52
2023-06-13 13:50:00-04:00,54.12,54.14,54.01,54.03,7515.0,54.046,50
2023-06-13 13:55:00-04:00,54.04,54.06,53.97,54.06,5320.0,54.011,41
2023-06-13 14:00:00-04:00,54.06,54.18,54.04,54.11,7145.0,54.106,53
2023-06-13 14:05:00-04:00,54.1,54.21,54.1,54.2,11210.0,54.177,53
2023-06-13 14:10:00-04:00,54.18,54.25,54.1,54.25,43245.0,54.154,128
2023-06-13 14:15:00-04:00,54.25,54.3,54.14,54.14,13589.0,54.26,91
2023-06-13 14:20:00-04:00,54.11,54.24,54.08,54.23,15304.0,54.167,106
2023-06-13 14:25:00-04:00,54.23,54.26,54.06,54.09,10994.0,54.184,86
2023-06-13 14:30:00-04:00,54.04,54.08,53.88,53.92,11291.0,53.961,61
2023-06-13 14:35:00-04:00,53.92,53.92,53.82,53.89,11167.0,53.878,77
2023-06-13 14:40:00-04:00,53.91,53.95,53.87,53.95,9765.0,53.897,67
2023-06-13 14:45:00-04:00,53.94,54.02,53.91,53.98,15059.0,53.98,106
2023-06-13 14:50:00-04:00,53.98,54.04,53.94,54.02,10552.0,53.981,74
2023-06-13 14:55:00-04:00,54.03,54.12,54.03,54.09,9505.0,54.081,79
2023-06-13 15:00:00-04:00,54.08,54.14,54.05,54.13,8695.0,54.105,49
2023-06-13 15:05:00-04:00,54.14,54.21,54.14,54.21,8604.0,54.189,59
2023-06-13 15:10:00-04:00,54.2,54.29,54.2,54.28,14205.0,54.253,105
2023-06-13 15:15:00-04:00,54.23,54.31,54.23,54.27,13740.0,54.285,101
2023-06-13 15:20:00-04:00,54.28,54.34,54.26,54.27,22141.0,54.291,168
2023-06-13 15:25:00-04:00,54.28,54.35,54.27,54.33,13588.0,54.318,115
2023-06-13 15:30:00-04:00,54.34,54.35,54.17,54.22,23546.0,54.255,186
2023-06-13 15:35:00-04:00,54.21,54.26,54.15,54.21,28027.0,54.215,183
2023-06-13 15:40:00-04:00,54.21,54.25,54.16,54.18,23244.0,54.212,163
2023-06-13 15:45:00-04:00,54.17,54.21,54.17,54.19,24189.0,54.191,174
2023-06-13 15:50:00-04:00,54.19,54.33,54.15,54.33,51262.0,54.238,372
2023-06-13 15:55:00-04:00,54.33,54.38,54.3,54.3,142658.0,54.338,873
2023-06-14 09:30:00-04:00,54.59,54.67,54.26,54.57,22449.0,54.52,61
2023-06-14 09:35:00-04:00,54.5,54.73,54.47,54.64,3968.0,54.619,34
2023-06-14 09:40:00-04:00,54.6,54.64,54.52,54.58,8624.0,54.579,75
2023-06-14 09:45:00-04:00,54.58,54.75,54.55,54.62,6182.0,54.651,54
2023-06-14 09:50:00-04:00,54.66,54.7,54.4,54.48,4260.0,54.507,35
2023-06-14 09:55:00-04:00,54.47,54.5,54.37,54.47,4365.0,54.427,31
2023-06-14 10:00:00-04:00,54.5,54.58,54.49,54.58,26218.0,54.538,54
2023-06-14 10:05:00-04:00,54.6,54.61,54.54,54.6,6628.0,54.578,51
2023-06-14 10:10:00-04:00,54.58,54.58,54.46,54.49,19458.0,54.509,69
2023-06-14 10:15:00-04:00,54.53,54.53,54.47,54.48,3699.0,54.497,30
2023-06-14 10:20:00-04:00,54.47,54.53,54.46,54.49,9388.0,54.489,73
2023-06-14 10:25:00-04:00,54.51,54.51,54.37,54.42,6956.0,54.442,44
2023-06-14 10:30:00-04:00,54.45,54.54,54.44,54.52,4482.0,54.483,39
2023-06-14 10:35:00-04:00,54.52,54.54,54.44,54.52,5608.0,54.49,26
2023-06-14 10:40:00-04:00,54.54,54.59,54.51,54.51,3211.0,54.552,21
2023-06-14 10:45:00-04:00,54.52,54.58,54.52,54.57,9882.0,54.547,51
2023-06-14 10:50:00-04:00,54.55,54.59,54.51,54.58,7235.0,54.554,51
2023-06-14 10:55:00-04:00,54.59,54.67,54.59,54.63,7806.0,54.609,53
2023-06-14 11:00:00-04:00,54.65,54.74,54.65,54.74,6695.0,54.689,47
2023-06-14 11:05:00-04:00,54.73,54.74,54.69,54.69,5118.0,54.709,37
2023-06-14 11:10:00-04:00,54.68,54.71,54.66,54.68,3374.0,54.681,28
2023-06-14 11:15:00-04:00,54.67,54.75,54.67,54.74,3830.0,54.712,25
2023-06-14 11:20:00-04:00,54.76,54.94,54.75,54.9,14401.0,54.872,87
2023-06-14 11:25:00-04:00,54.92,55.11,54.92,55.07,28183.0,55.038,119
2023-06-14 11:30:00-04:00,55.08,55.13,55.03,55.08,3998.0,55.063,25
2023-06-14 11:35:00-04:00,55.09,55.18,55.09,55.16,4815.0,55.132,39
2023-06-14 11:40:00-04:00,55.14,55.25,55.12,55.21,36816.0,55.23,86
2023-06-14 11:45:00-04:00,55.21,55.3,55.21,55.28,16271.0,55.28,90
2023-06-14 11:50:00-04:00,55.27,55.29,54.96,54.96,6398.0,55.175,46
2023-06-14 11:55:00-04:00,54.93,54.98,54.92,54.98,5951.0,54.949,32
2023-06-14 12:00:00-04:00,54.99,54.99,54.85,54.85,1257.0,54.903,9
2023-06-14 12:05:00-04:00,54.85,54.85,54.8,54.82,4992.0,54.837,35
2023-06-14 12:10:00-04:00,54.82,54.9,54.82,54.89,4718.0,54.87,33
2023-06-14 12:15:00-04:00,54.86,54.89,54.8,54.89,5395.0,54.842,37
2023-06-14 12:20:00-04:00,54.9,54.92,54.83,54.83,3186.0,54.89,24
2023-06-14 12:25:00-04:00,54.82,54.83,54.78,54.8,2638.0,54.813,16
2023-06-14 12:30:00-04:00,54.81,54.84,54.78,54.8,1961.0,54.806,18
2023-06-14 12:35:00-04:00,54.8,54.83,54.79,54.83,1433.0,54.809,13
2023-06-14 12:40:00-04:00,54.83,54.85,54.82,54.84,3043.0,54.838,24
2023-06-14 12:45:00-04:00,54.84,54.92,54.83,54.92,4725.0,54.874,35
2023-06-14 12:50:00-04:00,54.89,54.94,54.88,54.92,4428.0,54.917,33
2023-06-14 12:55:00-04:00,54.93,54.93,54.89,54.9,5084.0,54.915,30
2023-06-14 13:00:00-04:00,54.9,54.9,54.77,54.8,6371.0,54.82,47
2023-06-14 13:05:00-04:00,54.81,54.82,54.77,54.77,3237.0,54.805,23
2023-06-14 13:10:00-04:00,54.78,54.78,54.7,54.7,7182.0,54.737,50
2023-06-14 13:15:00-04:00,54.7,54.7,54.62,54.66,4925.0,54.668,39
2023-06-14 13:20:00-04:00,54.65,54.7,54.64,54.7,3002.0,54.669,24
2023-06-14 13:25:00-04:00,54.69,54.72,54.67,54.67,4559.0,54.698,30
2023-06-14 13:30:00-04:00,54.69,54.71,54.65,54.71,2967.0,54.675,15
2023-06-14 13:35:00-04:00,54.69,54.84,54.68,54.83,9340.0,54.772,65
2023-06-14 13:40:00-04:00,54.84,54.84,54.8,54.84,3692.0,54.826,23
2023-06-14 13:45:00-04:00,54.84,54.9,54.82,54.88,11461.0,54.856,69
2023-06-14 13:50:00-04:00,54.88,54.93,54.83,54.83,7548.0,54.894,59
2023-06-14 13:55:00-04:00,54.83,54.88,54.8,54.8,6542.0,54.856,47
2023-06-14 14:00:00-04:00,54.77,54.77,54.41,54.46,39305.0,54.553,308
2023-06-14 14:05:00-04:00,54.4,54.4,54.16,54.27,25399.0,54.251,159
2023-06-14 14:10:00-04:00,54.34,54.42,54.17,54.35,21400.0,54.314,148
2023-06-14 14:15:00-04:00,54.32,54.35,54.18,54.2,4554.0,54.261,40
2023-06-14 14:20:00-04:00,54.21,54.25,54.07,54.07,28631.0,54.2,127
2023-06-14 14:25:00-04:00,54.03,54.18,53.96,54.14,12854.0,54.084,77
2023-06-14 14:30:00-04:00,54.14,54.26,54.11,54.15,6229.0,54.175,50
2023-06-14 14:35:00-04:00,54.16,54.34,54.14,54.27,6867.0,54.26,47
2023-06-14 14:40:00-04:00,54.28,54.54,54.27,54.5,11937.0,54.463,77
2023-06-14 14:45:00-04:00,54.5,54.63,54.45,54.63,5031.0,54.533,41
2023-06-14 14:50:00-04:00,54.63,54.63,54.46,54.55,10557.0,54.556,85
2023-06-14 14:55:00-04:00,54.54,54.67,54.51,54.6,9805.0,54.605,73
2023-06-14 15:00:00-04:00,54.61,54.67,54.54,54.6,23329.0,54.622,45
2023-06-14 15:05:00-04:00,54.66,54.79,54.66,54.69,4202.0,54.716,34
2023-06-14 15:10:00-04:00,54.71,54.71,54.51,54.51,6506.0,54.618,51
2023-06-14 15:15:00-04:00,54.44,54.48,54.38,54.43,9503.0,54.425,61
2023-06-14 15:20:00-04:00,54.4,54.54,54.38,54.49,7849.0,54.478,66
2023-06-14 15:25:00-04:00,54.5,54.55,54.45,54.46,6810.0,54.502,59
2023-06-14 15:30:00-04:00,54.45,54.52,54.4,54.49,10698.0,54.469,94
2023-06-14 15:35:00-04:00,54.48,54.53,54.45,54.52,12110.0,54.479,93
2023-06-14 15:40:00-04:00,54.52,54.54,54.46,54.5,49444.0,54.5,205
2023-06-14 15:45:00-04:00,54.5,54.53,54.37,54.38,38582.0,54.438,268
2023-06-14 15:50:00-04:00,54.38,54.39,54.23,54.37,108005.0,54.31,660
2023-06-14 15:55:00-04:00,54.36,54.47,54.34,54.46,96283.0,54.438,643
2023-06-15 09:30:00-04:00,54.22,54.41,54.17,54.3,24438.0,54.232,56
2023-06-15 09:35:00-04:00,54.28,54.33,54.22,54.32,7536.0,54.259,59
2023-06-15 09:40:00-04:00,54.36,54.39,54.19,54.3,5048.0,54.295,44
2023-06-15 09:45:00-04:00,54.27,54.5,54.25,54.47,14241.0,54.457,39
2023-06-15 09:50:00-04:00,54.48,54.61,54.48,54.58,13215.0,54.584,80
2023-06-15 09:55:00-04:00,54.59,54.65,54.53,54.65,29750.0,54.614,64
2023-06-15 10:00:00-04:00,54.67,54.78,54.6,54.71,29692.0,54.647,62
2023-06-15 10:05:00-04:00,54.67,54.67,54.51,54.52,4146.0,54.579,35
2023-06-15 10:10:00-04:00,54.53,54.57,54.49,54.52,4459.0,54.52,43
2023-06-15 10:15:00-04:00,54.5,54.54,54.37,54.37,26810.0,54.491,77
2023-06-15 10:20:00-04:00,54.36,54.44,54.33,54.39,4537.0,54.386,42
2023-06-15 10:25:00-04:00,54.42,54.5,54.34,54.37,9272.0,54.441,62
2023-06-15 10:30:00-04:00,54.36,54.36,54.21,54.23,12609.0,54.281,28
2023-06-15 10:35:00-04:00,54.21,54.22,53.98,54.03,5362.0,54.098,37
2023-06-15 10:40:00-04:00,53.99,54.13,53.99,54.13,2623.0,54.069,21
2023-06-15 10:45:00-04:00,54.13,54.16,54.06,54.11,22133.0,54.119,62
2023-06-15 10:50:00-04:00,54.12,54.12,53.94,53.95,3947.0,54.012,30
2023-06-15 10:55:00-04:00,53.94,53.94,53.8,53.86,10459.0,53.89,52
2023-06-15 11:00:00-04:00,53.87,53.89,53.67,53.71,58426.0,53.74,248
2023-06-15 11:05:00-04:00,53.73,53.89,53.66,53.88,24590.0,53.82,150
2023-06-15 11:10:00-04:00,53.89,54.05,53.86,54.05,6655.0,53.964,48
2023-06-15 11:15:00-04:00,54.05,54.22,54.05,54.17,12520.0,54.155,72
2023-06-15 11:20:00-04:00,54.2,54.26,54.14,54.14,4825.0,54.212,42
2023-06-15 11:25:00-04:00,54.13,54.26,54.09,54.26,15132.0,54.145,109
2023-06-15 11:30:00-04:00,54.26,54.35,54.26,54.35,7412.0,54.304,45
2023-06-15 11:35:00-04:00,54.39,54.51,54.39,54.51,6053.0,54.461,49
2023-06-15 11:40:00-04:00,54.48,54.55,54.48,54.48,17942.0,54.525,62
2023-06-15 11:45:00-04:00,54.48,54.62,54.44,54.44,5728.0,54.547,37
2023-06-15 11:50:00-04:00,54.41,54.44,54.4,54.41,2229.0,54.42,15
2023-06-15 11:55:00-04:00,54.4,54.44,54.37,54.42,2043.0,54.397,17
2023-06-15 12:00:00-04:00,54.41,54.41,54.38,54.39,2835.0,54.395,24
2023-06-15 12:05:00-04:00,54.39,54.41,54.36,54.4,20686.0,54.39,116
2023-06-15 12:10:00-04:00,54.38,54.38,54.24,54.26,13296.0,54.291,102
2023-06-15 12:15:00-04:00,54.24,54.46,54.21,54.37,21691.0,54.342,132
2023-06-15 12:20:00-04:00,54.39,54.47,54.39,54.44,3298.0,54.431,29
2023-06-15 12:25:00-04:00,54.43,54.47,54.4,54.47,1831.0,54.433,18
2023-06-15 12:30:00-04:00,54.49,54.64,54.45,54.64,42081.0,54.475,72
2023-06-15 12:35:00-04:00,54.67,54.69,54.65,54.68,7760.0,54.666,14
2023-06-15 12:40:00-04:00,54.7,54.73,54.54,54.54,21219.0,54.687,80
2023-06-15 12:45:00-04:00,54.52,54.56,54.48,54.54,9424.0,54.528,62
2023-06-15 12:50:00-04:00,54.56,54.56,54.48,54.48,2420.0,54.507,21
2023-06-15 12:55:00-04:00,54.46,54.53,54.43,54.52,6297.0,54.475,32
2023-06-15 13:00:00-04:00,54.52,54.53,54.49,54.51,6157.0,54.511,40
2023-06-15 13:05:00-04:00,54.5,54.52,54.47,54.5,4594.0,54.496,32
2023-06-15 13:10:00-04:00,54.49,54.49,54.44,54.45,7223.0,54.476,24
2023-06-15 13:15:00-04:00,54.43,54.48,54.36,54.37,7675.0,54.441,49
2023-06-15 13:20:00-04:00,54.39,54.41,54.39,54.41,2501.0,54.398,22
2023-06-15 13:25:00-04:00,54.39,54.46,54.39,54.46,7000.0,54.414,51
2023-06-15 13:30:00-04:00,54.46,54.48,54.43,54.46,24287.0,54.457,135
2023-06-15 13:35:00-04:00,54.45,54.52,54.44,54.44,21343.0,54.493,107
2023-06-15 13:40:00-04:00,54.44,54.51,54.41,54.5,5531.0,54.47,43
2023-06-15 13:45:00-04:00,54.49,54.65,54.49,54.65,5299.0,54.569,41
2023-06-15 13:50:00-04:00,54.65,54.67,54.6,54.65,4504.0,54.637,37
2023-06-15 13:55:00-04:00,54.65,54.73,54.65,54.73,3361.0,54.684,22
2023-06-15 14:00:00-04:00,54.75,54.75,54.72,54.72,4435.0,54.735,24
2023-06-15 14:05:00-04:00,54.74,54.74,54.68,54.71,6563.0,54.715,44
2023-06-15 14:10:00-04:00,54.71,54.85,54.7,54.83,10927.0,54.787,75
2023-06-15 14:15:00-04:00,54.83,54.86,54.79,54.79,5033.0,54.831,40
2023-06-15 14:20:00-04:00,54.77,54.78,54.7,54.77,11374.0,54.739,51
2023-06-15 14:25:00-04:00,54.78,54.8,54.76,54.78,5090.0,54.782,39
2023-06-15 14:30:00-04:00,54.79,54.82,54.78,54.79,4912.0,54.793,38
2023-06-15 14:35:00-04:00,54.8,54.89,54.8,54.87,4035.0,54.851,34
2023-06-15 14:40:00-04:00,54.89,54.9,54.87,54.88,6028.0,54.884,48
2023-06-15 14:45:00-04:00,54.88,54.89,54.84,54.88,8726.0,54.866,71
2023-06-15 14:50:00-04:00,54.87,54.98,54.87,54.96,13724.0,54.911,105
2023-06-15 14:55:00-04:00,54.96,55.03,54.94,55.0,10064.0,54.984,57
2023-06-15 15:00:00-04:00,55.01,55.02,54.76,54.77,16264.0,54.83,113
2023-06-15 15:05:00-04:00,54.78,54.8,54.72,54.73,6766.0,54.756,44
2023-06-15 15:10:00-04:00,54.72,54.88,54.68,54.87,21314.0,54.79,116
2023-06-15 15:15:00-04:00,54.88,54.9,54.83,54.86,12768.0,54.871,99
2023-06-15 15:20:00-04:00,54.86,54.87,54.76,54.83,38756.0,54.794,218
2023-06-15 15:25:00-04:00,54.83,54.84,54.73,54.8,14541.0,54.773,113
2023-06-15 15:30:00-04:00,54.8,54.85,54.68,54.69,16092.0,54.8,118
2023-06-15 15:35:00-04:00,54.69,54.73,54.59,54.6,32859.0,54.688,124
2023-06-15 15:40:00-04:00,54.6,54.66,54.56,54.57,19821.0,54.624,151
2023-06-15 15:45:00-04:00,54.57,54.68,54.57,54.63,35400.0,54.62,223
2023-06-15 15:50:00-04:00,54.64,54.68,54.52,54.52,42319.0,54.594,285
2023-06-15 15:55:00-04:00,54.52,54.53,54.41,54.53,125797.0,54.462,743
2023-06-16 09:30:00-04:00,53.7,54.09,53.38,53.76,877992.0,53.705,275
2023-06-16 09:35:00-04:00,53.79,53.79,53.46,53.76,17865.0,53.659,108
2023-06-16 09:40:00-04:00,53.8,53.91,53.66,53.76,16584.0,53.797,141
2023-06-16 09:45:00-04:00,53.76,53.93,53.63,53.93,21611.0,53.775,174
2023-06-16 09:50:00-04:00,53.91,54.17,53.9,53.9,19383.0,54.008,160
2023-06-16 09:55:00-04:00,53.86,53.97,53.77,53.97,16668.0,53.86,141
2023-06-16 10:00:00-04:00,53.97,54.37,53.93,54.33,12311.0,54.03,85
2023-06-16 10:05:00-04:00,54.36,54.49,54.24,54.41,12289.0,54.361,107
2023-06-16 10:10:00-04:00,54.43,54.61,54.41,54.45,8996.0,54.487,82
2023-06-16 10:15:00-04:00,54.42,54.44,54.25,54.26,11588.0,54.359,82
2023-06-16 10:20:00-04:00,54.24,54.38,54.05,54.05,22368.0,54.225,186
2023-06-16 10:25:00-04:00,54.05,54.1,53.96,53.98,32784.0,54.018,264
2023-06-16 10:30:00-04:00,53.99,54.12,53.95,54.11,26771.0,53.993,219
2023-06-16 10:35:00-04:00,54.13,54.13,53.9,53.96,11798.0,54.041,71
2023-06-16 10:40:00-04:00,53.96,53.96,53.68,53.69,11807.0,53.808,91
2023-06-16 10:45:00-04:00,53.68,53.78,53.67,53.78,12835.0,53.709,96
2023-06-16 10:50:00-04:00,53.78,53.89,53.75,53.77,10413.0,53.816,79
2023-06-16 10:55:00-04:00,53.79,53.82,53.77,53.8,12379.0,53.796,92
2023-06-16 11:00:00-04:00,53.8,53.87,53.77,53.79,9214.0,53.812,65
2023-06-16 11:05:00-04:00,53.83,53.84,53.73,53.75,5430.0,53.773,48
2023-06-16 11:10:00-04:00,53.75,53.75,53.6,53.63,10137.0,53.663,85
2023-06-16 11:15:00-04:00,53.63,53.66,53.52,53.52,10766.0,53.611,85
2023-06-16 11:20:00-04:00,53.53,53.59,53.41,53.45,17348.0,53.514,155
2023-06-16 11:25:00-04:00,53.46,53.49,53.4,53.47,8123.0,53.438,61
2023-06-16 11:30:00-04:00,53.47,53.49,53.43,53.47,5976.0,53.466,51
2023-06-16 11:35:00-04:00,53.41,53.41,53.26,53.28,6429.0,53.329,54
2023-06-16 11:40:00-04:00,53.29,53.3,53.25,53.27,5256.0,53.275,46
2023-06-16 11:45:00-04:00,53.27,53.32,53.26,53.32,8493.0,53.283,69
2023-06-16 11:50:00-04:00,53.31,53.31,53.23,53.28,5642.0,53.27,45
2023-06-16 11:55:00-04:00,53.28,53.39,53.28,53.39,5383.0,53.332,44
2023-06-16 12:00:00-04:00,53.4,53.42,53.33,53.42,9888.0,53.375,54
2023-06-16 12:05:00-04:00,53.41,53.48,53.39,53.47,9934.0,53.433,73
2023-06-16 12:10:00-04:00,53.47,53.5,53.44,53.5,5240.0,53.476,45
2023-06-16 12:15:00-04:00,53.51,53.58,53.51,53.57,3609.0,53.541,34
2023-06-16 12:20:00-04:00,53.55,53.65,53.55,53.65,4950.0,53.598,45
2023-06-16 12:25:00-04:00,53.64,53.68,53.63,53.68,5738.0,53.662,51
2023-06-16 12:30:00-04:00,53.69,53.77,53.69,53.75,7244.0,53.713,56
2023-06-16 12:35:00-04:00,53.76,53.81,53.72,53.8,6038.0,53.754,52
2023-06-16 12:40:00-04:00,53.8,53.87,53.8,53.87,7011.0,53.834,53
2023-06-16 12:45:00-04:00,53.86,53.87,53.69,53.72,53192.0,53.841,136
2023-06-16 12:50:00-04:00,53.72,53.78,53.72,53.75,13285.0,53.74,102
2023-06-16 12:55:00-04:00,53.76,53.9,53.76,53.9,7619.0,53.859,62
2023-06-16 13:00:00-04:00,53.92,53.94,53.9,53.9,5780.0,53.928,39
2023-06-16 13:05:00-04:00,53.89,53.9,53.83,53.83,1900.0,53.869,18
2023-06-16 13:10:00-04:00,53.82,53.87,53.81,53.85,7025.0,53.837,52
2023-06-16 13:15:00-04:00,53.85,53.88,53.79,53.83,12095.0,53.825,64
2023-06-16 13:20:00-04:00,53.84,53.91,53.84,53.91,5263.0,53.86,36
2023-06-16 13:25:00-04:00,53.92,53.94,53.75,53.75,7299.0,53.85,51
2023-06-16 13:30:00-04:00,53.77,53.77,53.71,53.74,6415.0,53.748,51
2023-06-16 13:35:00-04:00,53.75,53.75,53.65,53.71,4205.0,53.679,36
2023-06-16 13:40:00-04:00,53.71,53.71,53.65,53.66,3883.0,53.692,19
2023-06-16 13:45:00-04:00,53.66,53.69,53.64,53.67,4543.0,53.667,38
2023-06-16 13:50:00-04:00,53.68,53.79,53.68,53.78,4086.0,53.731,30
2023-06-16 13:55:00-04:00,53.79,53.81,53.73,53.73,8690.0,53.775,69
2023-06-16 14:00:00-04:00,53.73,53.77,53.72,53.73,5610.0,53.741,48
2023-06-16 14:05:00-04:00,53.73,53.8,53.73,53.8,25093.0,53.768,216
2023-06-16 14:10:00-04:00,53.81,53.82,53.75,53.77,9044.0,53.795,77
2023-06-16 14:15:00-04:00,53.78,53.81,53.77,53.8,4874.0,53.788,38
2023-06-16 14:20:00-04:00,53.8,53.9,53.8,53.85,7590.0,53.856,66
2023-06-16 14:25:00-04:00,53.84,53.85,53.79,53.82,5526.0,53.827,45
2023-06-16 14:30:00-04:00,53.82,53.83,53.69,53.69,11574.0,53.749,95
2023-06-16 14:35:00-04:00,53.7,53.75,53.68,53.75,5832.0,53.716,48
2023-06-16 14:40:00-04:00,53.75,53.77,53.73,53.73,11648.0,53.749,95
2023-06-16 14:45:00-04:00,53.73,53.76,53.72,53.72,9398.0,53.744,79
2023-06-16 14:50:00-04:00,53.73,55.73,53.68,55.18,622283.0,54.718,2961
2023-06-16 14:55:00-04:00,55.26,58.24,55.09,57.7,1035206.0,56.839,5831
2023-06-16 15:00:00-04:00,57.61,58.57,57.31,58.26,741553.0,57.938,3976
2023-06-16 15:05:00-04:00,58.28,58.72,57.81,58.25,436709.0,58.208,2118
2023-06-16 15:10:00-04:00,58.25,58.25,57.45,57.76,285870.0,57.802,1478
2023-06-16 15:15:00-04:00,57.82,57.97,57.46,57.72,213552.0,57.736,997
2023-06-16 15:20:00-04:00,57.74,57.74,57.53,57.6,180950.0,57.634,929
2023-06-16 15:25:00-04:00,57.58,57.86,57.49,57.68,189119.0,57.654,951
2023-06-16 15:30:00-04:00,57.68,58.23,57.53,58.22,274222.0,57.852,1327
2023-06-16 15:35:00-04:00,58.22,58.5,57.93,58.0,332553.0,58.31,1693
2023-06-16 15:40:00-04:00,58.0,58.35,57.97,58.34,260488.0,58.162,1297
2023-06-16 15:45:00-04:00,58.34,58.64,58.09,58.2,335626.0,58.366,1595
2023-06-16 15:50:00-04:00,58.19,58.62,58.03,58.41,585475.0,58.277,2391
2023-06-16 15:55:00-04:00,58.39,58.74,58.31,58.46,993127.0,58.468,4420
2023-06-20 09:30:00-04:00,56.53,57.54,56.3,56.39,181638.0,56.609,599
2023-06-20 09:35:00-04:00,56.32,56.97,55.78,55.78,60518.0,56.325,476
2023-06-20 09:40:00-04:00,55.83,56.15,55.65,56.15,57372.0,55.858,413
2023-06-20 09:45:00-04:00,56.15,56.2,55.56,56.0,57192.0,55.916,392
2023-06-20 09:50:00-04:00,56.01,56.04,55.74,56.04,52998.0,55.885,382
2023-06-20 09:55:00-04:00,56.01,56.01,55.5,55.52,45876.0,55.706,366
2023-06-20 10:00:00-04:00,55.56,55.68,55.43,55.53,53931.0,55.539,408
2023-06-20 10:05:00-04:00,55.55,55.65,55.41,55.55,37428.0,55.538,322
2023-06-20 10:10:00-04:00,55.55,55.98,55.54,55.9,32412.0,55.757,306
2023-06-20 10:15:00-04:00,55.9,56.0,55.82,55.84,41666.0,55.9,339
2023-06-20 10:20:00-04:00,55.85,56.04,55.83,55.89,24802.0,55.913,200
2023-06-20 10:25:00-04:00,55.91,55.93,55.63,55.78,30125.0,55.749,208
2023-06-20 10:30:00-04:00,55.78,56.09,55.75,56.06,30300.0,55.953,268
2023-06-20 10:35:00-04:00,56.06,56.16,55.96,56.1,30972.0,56.07,264
2023-06-20 10:40:00-04:00,56.12,56.25,56.08,56.08,23009.0,56.166,176
2023-06-20 10:45:00-04:00,56.09,56.56,56.09,56.56,24911.0,56.276,187
2023-06-20 10:50:00-04:00,56.54,56.59,56.47,56.5,22319.0,56.517,204
2023-06-20 10:55:00-04:00,56.49,56.6,56.38,56.53,29532.0,56.496,248
2023-06-20 11:00:00-04:00,56.56,56.59,56.28,56.29,21975.0,56.471,155
2023-06-20 11:05:00-04:00,56.3,56.42,56.3,56.36,13901.0,56.368,122
2023-06-20 11:10:00-04:00,56.36,56.36,56.03,56.05,13936.0,56.182,109
2023-06-20 11:15:00-04:00,56.05,56.08,55.83,55.85,18271.0,55.915,129
2023-06-20 11:20:00-04:00,55.84,55.9,55.8,55.88,10481.0,55.861,88
2023-06-20 11:25:00-04:00,55.89,56.12,55.89,56.12,25229.0,56.04,207
2023-06-20 11:30:00-04:00,56.13,56.15,55.93,56.05,17209.0,56.018,128
2023-06-20 11:35:00-04:00,56.05,56.28,56.04,56.24,17709.0,56.193,155
2023-06-20 11:40:00-04:00,56.25,56.33,56.15,56.33,13722.0,56.219,120
2023-06-20 11:45:00-04:00,56.33,56.46,56.32,56.39,19262.0,56.383,170
2023-06-20 11:50:00-04:00,56.39,56.47,56.37,56.47,13557.0,56.406,127
2023-06-20 11:55:00-04:00,56.46,56.59,56.45,56.58,13238.0,56.528,117
2023-06-20 12:00:00-04:00,56.58,56.59,56.39,56.42,17594.0,56.509,148
2023-06-20 12:05:00-04:00,56.45,56.46,56.21,56.21,20689.0,56.315,137
2023-06-20 12:10:00-04:00,56.21,56.41,56.2,56.4,14524.0,56.32,124
2023-06-20 12:15:00-04:00,56.4,56.4,56.23,56.23,15832.0,56.339,146
2023-06-20 12:20:00-04:00,56.22,56.38,56.22,56.38,13721.0,56.321,125
2023-06-20 12:25:00-04:00,56.37,56.47,56.37,56.45,14203.0,56.413,122
2023-06-20 12:30:00-04:00,56.45,56.57,56.41,56.56,14382.0,56.484,115
2023-06-20 12:35:00-04:00,56.58,56.78,56.58,56.77,12600.0,56.672,118
2023-06-20 12:40:00-04:00,56.78,56.87,56.77,56.84,18488.0,56.816,156
2023-06-20 12:45:00-04:00,56.85,56.87,56.76,56.77,12936.0,56.815,107
2023-06-20 12:50:00-04:00,56.76,56.77,56.68,56.69,12689.0,56.734,100
2023-06-20 12:55:00-04:00,56.7,56.8,56.68,56.8,9476.0,56.722,84
2023-06-20 13:00:00-04:00,56.79,56.82,56.73,56.74,14506.0,56.766,113
2023-06-20 13:05:00-04:00,56.75,56.75,56.52,56.57,9975.0,56.615,82
2023-06-20 13:10:00-04:00,56.59,56.59,56.4,56.41,14878.0,56.528,110
2023-06-20 13:15:00-04:00,56.41,56.52,56.4,56.43,12948.0,56.469,100
2023-06-20 13:20:00-04:00,56.44,56.59,56.44,56.59,9780.0,56.504,88
2023-06-20 13:25:00-04:00,56.6,56.7,56.58,56.7,12439.0,56.638,98
2023-06-20 13:30:00-04:00,56.69,56.71,56.61,56.69,12586.0,56.66,113
2023-06-20 13:35:00-04:00,56.69,56.7,56.43,56.45,10651.0,56.548,89
2023-06-20 13:40:00-04:00,56.41,56.53,56.41,56.47,14088.0,56.485,119
2023-06-20 13:45:00-04:00,56.48,56.49,56.4,56.45,9751.0,56.44,76
2023-06-20 13:50:00-04:00,56.45,56.54,56.4,56.52,19302.0,56.477,115
2023-06-20 13:55:00-04:00,56.52,56.52,56.35,56.4,8092.0,56.41,65
2023-06-20 14:00:00-04:00,56.41,56.45,56.4,56.41,14099.0,56.419,110
2023-06-20 14:05:00-04:00,56.41,56.42,56.33,56.34,9213.0,56.362,73
2023-06-20 14:10:00-04:00,56.32,56.39,56.18,56.21,16278.0,56.297,120
2023-06-20 14:15:00-04:00,56.2,56.24,56.18,56.22,9771.0,56.215,77
2023-06-20 14:20:00-04:00,56.2,56.22,56.13,56.18,6647.0,56.183,56
2023-06-20 14:25:00-04:00,56.18,56.25,56.17,56.25,10152.0,56.217,84
2023-06-20 14:30:00-04:00,56.25,56.25,56.11,56.12,11011.0,56.167,90
2023-06-20 14:35:00-04:00,56.13,56.16,56.06,56.06,9206.0,56.109,75
2023-06-20 14:40:00-04:00,56.05,56.05,55.95,56.0,7475.0,55.988,54
2023-06-20 14:45:00-04:00,55.98,56.07,55.93,56.07,13932.0,55.989,104
2023-06-20 14:50:00-04:00,56.08,56.16,56.07,56.12,13693.0,56.119,110
2023-06-20 14:55:00-04:00,56.11,56.11,56.06,56.1,10354.0,56.089,84
2023-06-20 15:00:00-04:00,56.11,56.15,56.05,56.06,17902.0,56.107,126
2023-06-20 15:05:00-04:00,56.07,56.11,56.03,56.06,11885.0,56.079,96
2023-06-20 15:10:00-04:00,56.06,56.09,56.02,56.06,16994.0,56.064,126
2023-06-20 15:15:00-04:00,56.06,56.06,55.91,55.91,20940.0,56.006,149
2023-06-20 15:20:00-04:00,55.91,55.99,55.9,55.94,17494.0,55.937,112
2023-06-20 15:25:00-04:00,55.92,55.92,55.86,55.9,20192.0,55.892,158
2023-06-20 15:30:00-04:00,55.9,55.96,55.82,55.85,31972.0,55.88,257
2023-06-20 15:35:00-04:00,55.85,55.9,55.82,55.87,26812.0,55.852,199
2023-06-20 15:40:00-04:00,55.86,56.01,55.79,56.01,45274.0,55.898,341
2023-06-20 15:45:00-04:00,56.0,56.03,55.9,55.91,46868.0,55.974,357
2023-06-20 15:50:00-04:00,55.9,56.03,55.88,56.02,87203.0,55.973,614
2023-06-20 15:55:00-04:00,56.02,56.12,56.0,56.0,214982.0,56.061,1248
2023-06-21 09:30:00-04:00,56.06,56.06,55.61,55.93,17388.0,55.956,28
2023-06-21 09:35:00-04:00,55.89,55.89,55.58,55.66,5289.0,55.733,40
2023-06-21 09:40:00-04:00,55.62,56.01,55.61,55.98,8218.0,55.822,57
2023-06-21 09:45:00-04:00,55.98,56.16,55.95,56.05,6593.0,56.042,47
2023-06-21 09:50:00-04:00,56.06,56.12,56.01,56.11,11924.0,56.062,87
2023-06-21 09:55:00-04:00,56.11,56.12,55.92,56.06,5160.0,56.026,37
2023-06-21 10:00:00-04:00,56.11,56.22,56.07,56.18,37450.0,56.155,77
2023-06-21 10:05:00-04:00,56.22,56.29,56.14,56.23,23477.0,56.207,141
2023-06-21 10:10:00-04:00,56.31,56.33,56.1,56.11,6990.0,56.244,49
2023-06-21 10:15:00-04:00,56.12,56.22,56.11,56.2,15087.0,56.171,97
2023-06-21 10:20:00-04:00,56.2,56.23,56.12,56.21,15509.0,56.183,120
2023-06-21 10:25:00-04:00,56.21,56.25,56.08,56.21,12345.0,56.169,108
2023-06-21 10:30:00-04:00,56.22,56.41,56.21,56.27,14026.0,56.306,86
2023-06-21 10:35:00-04:00,56.25,56.32,56.18,56.28,33720.0,56.263,224
2023-06-21 10:40:00-04:00,56.28,56.3,56.14,56.18,10724.0,56.217,95
2023-06-21 10:45:00-04:00,56.18,56.18,56.06,56.1,13352.0,56.145,100
2023-06-21 10:50:00-04:00,56.11,56.26,56.08,56.25,13136.0,56.172,111
2023-06-21 10:55:00-04:00,56.22,56.3,56.16,56.27,25127.0,56.225,165
2023-06-21 11:00:00-04:00,56.3,56.31,56.13,56.16,17256.0,56.232,122
2023-06-21 11:05:00-04:00,56.15,56.2,56.06,56.08,11916.0,56.131,89
2023-06-21 11:10:00-04:00,56.09,56.14,56.04,56.12,10038.0,56.099,75
2023-06-21 11:15:00-04:00,56.14,56.16,55.83,55.87,30326.0,55.998,155
2023-06-21 11:20:00-04:00,55.87,56.0,55.84,55.98,44666.0,55.9,197
2023-06-21 11:25:00-04:00,55.98,56.11,55.97,56.04,18338.0,56.025,132
2023-06-21 11:30:00-04:00,56.03,56.03,55.86,55.87,15020.0,55.928,110
2023-06-21 11:35:00-04:00,55.87,56.07,55.85,56.04,13747.0,55.957,101
2023-06-21 11:40:00-04:00,56.03,56.11,56.02,56.05,8697.0,56.076,73
2023-06-21 11:45:00-04:00,56.03,56.07,55.91,55.91,12721.0,56.011,94
2023-06-21 11:50:00-04:00,55.91,55.91,55.83,55.83,15476.0,55.868,122
2023-06-21 11:55:00-04:00,55.84,55.92,55.83,55.88,13864.0,55.878,110
2023-06-21 12:00:00-04:00,55.87,55.98,55.86,55.96,10215.0,55.921,84
2023-06-21 12:05:00-04:00,55.95,55.95,55.82,55.86,10192.0,55.897,84
2023-06-21 12:10:00-04:00,55.87,56.02,55.87,56.02,7780.0,55.952,60
2023-06-21 12:15:00-04:00,56.0,56.03,55.92,55.97,9610.0,55.979,78
2023-06-21 12:20:00-04:00,55.99,56.0,55.92,55.94,7227.0,55.953,59
2023-06-21 12:25:00-04:00,55.94,55.95,55.89,55.92,7070.0,55.918,55
2023-06-21 12:30:00-04:00,55.93,55.97,55.87,55.87,7297.0,55.94,63
2023-06-21 12:35:00-04:00,55.84,55.84,55.53,55.58,58928.0,55.665,276
2023-06-21 12:40:00-04:00,55.57,55.63,55.49,55.5,8186.0,55.572,64
2023-06-21 12:45:00-04:00,55.5,55.61,55.48,55.56,11650.0,55.539,83
2023-06-21 12:50:00-04:00,55.56,55.61,55.52,55.52,8802.0,55.571,66
2023-06-21 12:55:00-04:00,55.51,55.56,55.49,55.49,6798.0,55.521,55
2023-06-21 13:00:00-04:00,55.49,55.51,55.44,55.44,15442.0,55.48,107
2023-06-21 13:05:00-04:00,55.41,55.58,55.41,55.58,9657.0,55.451,78
2023-06-21 13:10:00-04:00,55.59,55.61,55.51,55.56,9564.0,55.542,70
2023-06-21 13:15:00-04:00,55.55,55.57,55.51,55.52,6597.0,55.534,50
2023-06-21 13:20:00-04:00,55.53,55.53,55.44,55.48,10018.0,55.491,73
2023-06-21 13:25:00-04:00,55.46,55.48,55.37,55.43,10200.0,55.427,86
2023-06-21 13:30:00-04:00,55.44,55.44,55.38,55.39,14944.0,55.407,111
2023-06-21 13:35:00-04:00,55.39,55.49,55.35,55.47,14395.0,55.417,109
2023-06-21 13:40:00-04:00,55.47,55.52,55.37,55.39,11189.0,55.461,91
2023-06-21 13:45:00-04:00,55.43,55.47,55.41,55.47,8841.0,55.438,65
2023-06-21 13:50:00-04:00,55.48,55.53,55.42,55.44,10400.0,55.476,81
2023-06-21 13:55:00-04:00,55.44,55.46,55.34,55.36,8061.0,55.418,65
2023-06-21 14:00:00-04:00,55.37,55.4,55.35,55.37,12736.0,55.375,96
2023-06-21 14:05:00-04:00,55.37,55.48,55.37,55.44,14428.0,55.43,99
2023-06-21 14:10:00-04:00,55.44,55.44,55.34,55.37,14154.0,55.387,99
2023-06-21 14:15:00-04:00,55.37,55.38,55.34,55.35,10701.0,55.359,84
2023-06-21 14:20:00-04:00,55.36,55.44,55.34,55.4,12148.0,55.398,90
2023-06-21 14:25:00-04:00,55.4,55.4,55.34,55.36,7423.0,55.364,56
2023-06-21 14:30:00-04:00,55.36,55.43,55.34,55.34,15088.0,55.387,108
2023-06-21 14:35:00-04:00,55.33,55.39,55.32,55.38,12044.0,55.353,95
2023-06-21 14:40:00-04:00,55.39,55.42,55.34,55.4,12988.0,55.378,99
2023-06-21 14:45:00-04:00,55.41,55.44,55.37,55.4,14823.0,55.41,119
2023-06-21 14:50:00-04:00,55.39,55.41,55.34,55.35,11991.0,55.367,88
2023-06-21 14:55:00-04:00,55.34,55.4,55.33,55.39,11523.0,55.358,90
2023-06-21 15:00:00-04:00,55.39,55.39,55.28,55.29,14228.0,55.325,98
2023-06-21 15:05:00-04:00,55.29,55.33,55.24,55.25,22711.0,55.287,161
2023-06-21 15:10:00-04:00,55.26,55.4,55.25,55.4,16561.0,55.314,119
2023-06-21 15:15:00-04:00,55.4,55.5,55.38,55.48,20060.0,55.448,155
2023-06-21 15:20:00-04:00,55.5,55.59,55.43,55.44,26214.0,55.52,180
2023-06-21 15:25:00-04:00,55.43,55.47,55.38,55.44,18785.0,55.441,123
2023-06-21 15:30:00-04:00,55.42,55.5,55.39,55.46,22807.0,55.453,186
2023-06-21 15:35:00-04:00,55.48,55.5,55.34,55.39,25693.0,55.423,209
2023-06-21 15:40:00-04:00,55.39,55.54,55.39,55.51,21614.0,55.474,186
2023-06-21 15:45:00-04:00,55.51,55.56,55.46,55.46,34378.0,55.507,279
2023-06-21 15:50:00-04:00,55.45,55.57,55.45,55.48,46336.0,55.521,381
2023-06-21 15:55:00-04:00,55.48,55.5,55.38,55.49,166236.0,55.442,955
2023-06-22 09:30:00-04:00,55.83,55.83,55.57,55.69,22684.0,55.798,28
2023-06-22 09:35:00-04:00,55.67,55.97,55.31,55.45,19085.0,55.713,153
2023-06-22 09:40:00-04:00,55.43,55.67,55.35,55.67,13011.0,55.547,102
2023-06-22 09:45:00-04:00,55.74,55.75,55.51,55.57,9881.0,55.596,84
2023-06-22 09:50:00-04:00,55.62,55.85,55.6,55.68,17113.0,55.735,149
2023-06-22 09:55:00-04:00,55.68,55.82,55.63,55.68,14465.0,55.727,97
2023-06-22 10:00:00-04:00,55.63,55.66,55.52,55.55,3394.0,55.607,28
2023-06-22 10:05:00-04:00,55.59,55.6,55.37,55.42,6201.0,55.5,52
2023-06-22 10:10:00-04:00,55.44,55.66,55.44,55.62,5402.0,55.595,44
2023-06-22 10:15:00-04:00,55.64,55.65,55.49,55.53,6742.0,55.563,51
2023-06-22 10:20:00-04:00,55.52,55.52,55.42,55.44,2531.0,55.466,19
2023-06-22 10:25:00-04:00,55.44,55.45,55.23,55.4,4736.0,55.338,41
2023-06-22 10:30:00-04:00,55.38,55.49,55.35,55.47,7389.0,55.434,57
2023-06-22 10:35:00-04:00,55.45,55.49,55.37,55.4,13978.0,55.436,109
2023-06-22 10:40:00-04:00,55.38,55.39,55.23,55.29,14079.0,55.274,125
2023-06-22 10:45:00-04:00,55.32,55.53,55.32,55.53,8644.0,55.384,42
2023-06-22 10:50:00-04:00,55.55,55.61,55.47,55.47,6738.0,55.539,64
2023-06-22 10:55:00-04:00,55.47,55.5,55.44,55.5,4771.0,55.461,34
2023-06-22 11:00:00-04:00,55.5,55.52,55.48,55.48,4023.0,55.496,38
2023-06-22 11:05:00-04:00,55.5,55.67,55.5,55.65,19153.0,55.6,85
2023-06-22 11:10:00-04:00,55.63,55.65,55.55,55.65,2422.0,55.601,21
2023-06-22 11:15:00-04:00,55.64,55.76,55.64,55.76,3631.0,55.711,33
2023-06-22 11:20:00-04:00,55.77,55.89,55.77,55.78,11568.0,55.818,73
2023-06-22 11:25:00-04:00,55.83,55.91,55.83,55.86,2902.0,55.874,25
2023-06-22 11:30:00-04:00,55.87,55.88,55.84,55.87,3147.0,55.864,26
2023-06-22 11:35:00-04:00,55.88,56.04,55.88,55.98,6370.0,55.975,54
2023-06-22 11:40:00-04:00,55.98,56.0,55.94,55.99,3649.0,55.976,26
2023-06-22 11:45:00-04:00,55.98,55.99,55.88,55.88,2898.0,55.924,23
2023-06-22 11:50:00-04:00,55.9,55.94,55.9,55.92,3771.0,55.916,32
2023-06-22 11:55:00-04:00,55.91,56.08,55.91,56.08,5800.0,55.969,45
2023-06-22 12:00:00-04:00,56.09,56.12,56.03,56.12,4884.0,56.082,41
2023-06-22 12:05:00-04:00,56.14,56.16,56.0,56.15,5956.0,56.08,52
2023-06-22 12:10:00-04:00,56.16,56.21,56.12,56.18,9628.0,56.167,46
2023-06-22 12:15:00-04:00,56.18,56.2,56.0,56.0,4983.0,56.135,40
2023-06-22 12:20:00-04:00,56.0,56.07,55.99,56.05,5169.0,56.023,44
2023-06-22 12:25:00-04:00,56.06,56.07,55.93,55.98,4626.0,55.979,40
2023-06-22 12:30:00-04:00,56.0,56.03,55.99,56.01,4041.0,56.014,28
2023-06-22 12:35:00-04:00,56.02,56.09,55.97,55.97,6758.0,56.019,53
2023-06-22 12:40:00-04:00,55.95,55.96,55.9,55.95,2639.0,55.926,24
2023-06-22 12:45:00-04:00,55.94,55.97,55.9,55.9,3713.0,55.934,32
2023-06-22 12:50:00-04:00,55.91,55.93,55.86,55.93,2194.0,55.899,19
2023-06-22 12:55:00-04:00,55.94,55.96,55.85,55.92,3527.0,55.923,32
2023-06-22 13:00:00-04:00,55.93,55.96,55.84,55.88,6166.0,55.901,47
2023-06-22 13:05:00-04:00,55.86,55.95,55.86,55.91,10602.0,55.913,55
2023-06-22 13:10:00-04:00,55.9,55.92,55.85,55.92,1971.0,55.885,18
2023-06-22 13:15:00-04:00,55.92,56.12,55.92,56.09,5870.0,56.031,46
2023-06-22 13:20:00-04:00,56.09,56.28,56.07,56.26,47619.0,56.144,164
2023-06-22 13:25:00-04:00,56.28,56.41,56.28,56.39,15761.0,56.339,75
2023-06-22 13:30:00-04:00,56.37,56.37,56.31,56.35,6842.0,56.336,59
2023-06-22 13:35:00-04:00,56.33,56.34,56.19,56.24,10520.0,56.258,66
2023-06-22 13:40:00-04:00,56.24,56.27,56.2,56.27,4416.0,56.23,29
2023-06-22 13:45:00-04:00,56.24,56.24,56.11,56.11,2572.0,56.166,19
2023-06-22 13:50:00-04:00,56.11,56.13,56.03,56.05,3440.0,56.078,26
2023-06-22 13:55:00-04:00,56.05,56.14,56.05,56.13,3294.0,56.088,23
2023-06-22 14:00:00-04:00,56.14,56.24,56.14,56.24,6765.0,56.193,51
2023-06-22 14:05:00-04:00,56.23,56.28,56.22,56.22,4368.0,56.26,36
2023-06-22 14:10:00-04:00,56.22,56.29,56.22,56.27,3746.0,56.264,26
2023-06-22 14:15:00-04:00,56.27,56.27,56.24,56.25,2582.0,56.25,20
2023-06-22 14:20:00-04:00,56.26,56.32,56.25,56.29,4426.0,56.289,29
2023-06-22 14:25:00-04:00,56.28,56.4,56.27,56.38,5308.0,56.353,37
2023-06-22 14:30:00-04:00,56.38,56.43,56.38,56.43,2258.0,56.412,19
2023-06-22 14:35:00-04:00,56.42,56.52,56.41,56.46,4529.0,56.447,36
2023-06-22 14:40:00-04:00,56.47,56.49,56.43,56.44,4389.0,56.455,34
2023-06-22 14:45:00-04:00,56.43,56.44,56.35,56.38,6241.0,56.384,47
2023-06-22 14:50:00-04:00,56.38,56.41,56.38,56.41,4241.0,56.39,34
2023-06-22 14:55:00-04:00,56.4,56.45,56.4,56.43,4864.0,56.426,41
2023-06-22 15:00:00-04:00,56.44,56.44,56.39,56.39,6370.0,56.413,35
2023-06-22 15:05:00-04:00,56.39,56.45,56.36,56.39,5256.0,56.415,43
2023-06-22 15:10:00-04:00,56.41,56.44,56.32,56.37,11366.0,56.36,63
2023-06-22 15:15:00-04:00,56.37,56.39,56.33,56.38,5060.0,56.364,45
2023-06-22 15:20:00-04:00,56.4,56.4,56.3,56.38,5185.0,56.338,42
2023-06-22 15:25:00-04:00,56.38,56.4,56.31,56.31,19447.0,56.367,113
2023-06-22 15:30:00-04:00,56.3,56.36,56.28,56.33,9074.0,56.319,75
2023-06-22 15:35:00-04:00,56.33,56.4,56.32,56.37,5709.0,56.357,53
2023-06-22 15:40:00-04:00,56.38,56.39,56.3,56.31,9093.0,56.325,69
2023-06-22 15:45:00-04:00,56.32,56.35,56.27,56.29,19567.0,56.322,146
2023-06-22 15:50:00-04:00,56.3,56.41,56.24,56.31,53254.0,56.318,370
2023-06-22 15:55:00-04:00,56.3,56.38,56.25,56.33,97424.0,56.321,559
2023-06-23 09:30:00-04:00,55.7,56.31,55.43,55.7,21050.0,55.627,77
2023-06-23 09:35:00-04:00,55.64,55.79,55.57,55.74,6897.0,55.703,54
2023-06-23 09:40:00-04:00,55.78,55.92,55.7,55.84,8538.0,55.829,45
2023-06-23 09:45:00-04:00,55.88,56.07,55.84,55.99,6374.0,55.927,53
2023-06-23 09:50:00-04:00,56.0,56.12,55.86,55.9,9571.0,55.949,76
2023-06-23 09:55:00-04:00,55.89,55.95,55.67,55.8,12550.0,55.82,112
2023-06-23 10:00:00-04:00,55.82,55.84,55.71,55.73,6684.0,55.77,60
2023-06-23 10:05:00-04:00,55.72,55.72,55.52,55.54,8687.0,55.612,73
2023-06-23 10:10:00-04:00,55.55,55.57,55.36,55.36,17709.0,55.473,132
2023-06-23 10:15:00-04:00,55.39,55.53,55.39,55.48,8203.0,55.448,73
2023-06-23 10:20:00-04:00,55.51,55.62,55.47,55.59,25663.0,55.54,78
2023-06-23 10:25:00-04:00,55.58,55.61,55.51,55.58,12724.0,55.566,98
2023-06-23 10:30:00-04:00,55.57,55.72,55.56,55.67,15400.0,55.619,111
2023-06-23 10:35:00-04:00,55.66,55.84,55.66,55.82,12188.0,55.754,79
2023-06-23 10:40:00-04:00,55.85,55.91,55.78,55.9,5366.0,55.819,49
2023-06-23 10:45:00-04:00,55.94,55.98,55.9,55.97,18196.0,55.947,120
2023-06-23 10:50:00-04:00,55.97,55.97,55.56,55.58,13893.0,55.821,97
2023-06-23 10:55:00-04:00,55.57,55.63,55.52,55.52,12144.0,55.564,75
2023-06-23 11:00:00-04:00,55.52,55.58,55.47,55.49,7148.0,55.513,49
2023-06-23 11:05:00-04:00,55.46,55.47,55.37,55.42,17863.0,55.421,145
2023-06-23 11:10:00-04:00,55.38,55.42,55.34,55.39,7060.0,55.373,61
2023-06-23 11:15:00-04:00,55.41,55.43,55.25,55.3,9297.0,55.338,52
2023-06-23 11:20:00-04:00,55.29,55.3,55.12,55.12,8121.0,55.243,66
2023-06-23 11:25:00-04:00,55.12,55.25,55.08,55.23,5494.0,55.152,48
2023-06-23 11:30:00-04:00,55.22,55.38,55.2,55.34,6275.0,55.304,50
2023-06-23 11:35:00-04:00,55.33,55.4,55.32,55.38,3967.0,55.369,34
2023-06-23 11:40:00-04:00,55.4,55.44,55.38,55.43,5513.0,55.407,35
2023-06-23 11:45:00-04:00,55.44,55.49,55.36,55.36,2915.0,55.435,23
2023-06-23 11:50:00-04:00,55.35,55.35,55.26,55.3,2950.0,55.29,27
2023-06-23 11:55:00-04:00,55.29,55.36,55.28,55.36,6828.0,55.315,46
2023-06-23 12:00:00-04:00,55.33,55.35,55.19,55.19,6650.0,55.272,52
2023-06-23 12:05:00-04:00,55.19,55.26,55.17,55.26,3756.0,55.219,27
2023-06-23 12:10:00-04:00,55.28,55.3,55.26,55.28,3468.0,55.279,31
2023-06-23 12:15:00-04:00,55.3,55.32,55.26,55.28,5635.0,55.296,42
2023-06-23 12:20:00-04:00,55.28,55.31,55.24,55.26,3882.0,55.276,31
2023-06-23 12:25:00-04:00,55.26,55.35,55.25,55.35,7181.0,55.276,56
2023-06-23 12:30:00-04:00,55.33,55.33,55.18,55.19,8612.0,55.24,69
2023-06-23 12:35:00-04:00,55.19,55.33,55.18,55.33,3960.0,55.241,35
2023-06-23 12:40:00-04:00,55.33,55.45,55.29,55.45,5223.0,55.366,39
2023-06-23 12:45:00-04:00,55.48,55.62,55.48,55.58,10613.0,55.537,81
2023-06-23 12:50:00-04:00,55.57,55.66,55.56,55.62,5952.0,55.619,51
2023-06-23 12:55:00-04:00,55.61,55.61,55.52,55.53,4608.0,55.567,32
2023-06-23 13:00:00-04:00,55.52,55.52,55.4,55.4,4996.0,55.472,32
2023-06-23 13:05:00-04:00,55.37,55.39,55.3,55.34,9856.0,55.34,71
2023-06-23 13:10:00-04:00,55.37,55.42,55.33,55.41,4347.0,55.369,33
2023-06-23 13:15:00-04:00,55.41,55.46,55.32,55.41,8710.0,55.4,54
2023-06-23 13:20:00-04:00,55.41,55.46,55.4,55.42,8045.0,55.425,48
2023-06-23 13:25:00-04:00,55.44,55.5,55.42,55.43,6720.0,55.455,55
2023-06-23 13:30:00-04:00,55.43,55.44,55.33,55.35,11332.0,55.399,96
2023-06-23 13:35:00-04:00,55.36,55.4,55.35,55.37,5332.0,55.372,45
2023-06-23 13:40:00-04:00,55.38,55.45,55.37,55.45,7880.0,55.408,59
2023-06-23 13:45:00-04:00,55.43,55.53,55.43,55.48,6493.0,55.468,55
2023-06-23 13:50:00-04:00,55.48,55.5,55.42,55.47,5571.0,55.452,44
2023-06-23 13:55:00-04:00,55.47,55.47,55.41,55.44,6244.0,55.439,41
2023-06-23 14:00:00-04:00,55.43,55.47,55.38,55.38,8105.0,55.421,59
2023-06-23 14:05:00-04:00,55.36,55.38,55.29,55.29,5178.0,55.34,43
2023-06-23 14:10:00-04:00,55.29,55.34,55.24,55.27,11171.0,55.277,88
2023-06-23 14:15:00-04:00,55.26,55.28,55.14,55.14,9747.0,55.227,70
2023-06-23 14:20:00-04:00,55.14,55.2,55.14,55.17,7012.0,55.172,50
2023-06-23 14:25:00-04:00,55.18,55.2,55.13,55.13,7448.0,55.161,67
2023-06-23 14:30:00-04:00,55.13,55.21,55.13,55.2,8061.0,55.187,60
2023-06-23 14:35:00-04:00,55.19,55.24,55.13,55.2,11482.0,55.191,82
2023-06-23 14:40:00-04:00,55.2,55.25,55.15,55.25,11144.0,55.209,89
2023-06-23 14:45:00-04:00,55.23,55.23,55.1,55.16,10142.0,55.156,84
2023-06-23 14:50:00-04:00,55.18,55.31,55.16,55.25,8909.0,55.23,74
2023-06-23 14:55:00-04:00,55.25,55.36,55.24,55.31,8185.0,55.315,69
2023-06-23 15:00:00-04:00,55.3,55.34,55.21,55.29,10178.0,55.278,72
2023-06-23 15:05:00-04:00,55.28,55.43,55.28,55.4,11387.0,55.366,99
2023-06-23 15:10:00-04:00,55.4,55.43,55.31,55.33,13343.0,55.372,94
2023-06-23 15:15:00-04:00,55.33,55.39,55.3,55.38,14119.0,55.35,98
2023-06-23 15:20:00-04:00,55.36,55.36,55.24,55.3,11805.0,55.297,100
2023-06-23 15:25:00-04:00,55.33,55.38,55.27,55.38,11884.0,55.32,96
2023-06-23 15:30:00-04:00,55.38,55.49,55.37,55.48,25272.0,55.427,198
2023-06-23 15:35:00-04:00,55.48,55.58,55.48,55.53,19576.0,55.524,143
2023-06-23 15:40:00-04:00,55.49,55.68,55.48,55.66,23466.0,55.577,193
2023-06-23 15:45:00-04:00,55.67,55.71,55.64,55.7,38332.0,55.682,293
2023-06-23 15:50:00-04:00,55.73,55.95,55.7,55.82,127033.0,55.841,649
2023-06-23 15:55:00-04:00,55.83,55.95,55.77,55.81,199335.0,55.886,1182
2023-06-26 09:30:00-04:00,55.95,56.01,55.55,55.86,20032.0,55.899,44
2023-06-26 09:35:00-04:00,55.97,56.14,55.93,56.14,1410.0,56.065,12
2023-06-26 09:40:00-04:00,56.14,56.34,56.13,56.33,3624.0,56.268,34
2023-06-26 09:45:00-04:00,56.34,56.37,56.32,56.32,1658.0,56.352,16
2023-06-26 09:50:00-04:00,56.37,56.37,56.26,56.26,5966.0,56.331,51
2023-06-26 09:55:00-04:00,56.22,56.32,56.17,56.32,3639.0,56.239,33
2023-06-26 10:00:00-04:00,56.27,56.31,56.27,56.27,2866.0,56.283,23
2023-06-26 10:05:00-04:00,56.3,56.46,56.3,56.32,8996.0,56.396,78
2023-06-26 10:10:00-04:00,56.33,56.36,56.25,56.34,4203.0,56.31,38
2023-06-26 10:15:00-04:00,56.3,56.5,56.3,56.44,5596.0,56.439,52
2023-06-26 10:20:00-04:00,56.43,56.48,56.41,56.44,2472.0,56.443,17
2023-06-26 10:25:00-04:00,56.48,56.48,56.3,56.35,4935.0,56.422,35
2023-06-26 10:30:00-04:00,56.3,56.3,56.23,56.24,1811.0,56.262,14
2023-06-26 10:35:00-04:00,56.2,56.2,56.11,56.11,4134.0,56.171,33
2023-06-26 10:40:00-04:00,56.09,56.11,56.03,56.05,4582.0,56.063,36
2023-06-26 10:45:00-04:00,56.06,56.11,56.06,56.11,2397.0,56.084,20
2023-06-26 10:50:00-04:00,56.1,56.11,56.05,56.06,4127.0,56.081,32
2023-06-26 10:55:00-04:00,56.03,56.06,55.98,56.06,5165.0,56.032,30
2023-06-26 11:00:00-04:00,56.04,56.19,56.04,56.11,7752.0,56.115,63
2023-06-26 11:05:00-04:00,56.08,56.23,56.08,56.19,6934.0,56.19,40
2023-06-26 11:10:00-04:00,56.22,56.3,56.21,56.27,4928.0,56.261,27
2023-06-26 11:15:00-04:00,56.3,56.41,56.3,56.41,4519.0,56.343,35
2023-06-26 11:20:00-04:00,56.4,56.42,56.32,56.39,6033.0,56.358,46
2023-06-26 11:25:00-04:00,56.41,56.49,56.4,56.41,3406.0,56.45,22
2023-06-26 11:30:00-04:00,56.42,56.47,56.42,56.45,2705.0,56.453,23
2023-06-26 11:35:00-04:00,56.48,56.53,56.47,56.53,4257.0,56.507,20
2023-06-26 11:40:00-04:00,56.53,56.54,56.49,56.51,4010.0,56.516,36
2023-06-26 11:45:00-04:00,56.52,56.65,56.52,56.64,3330.0,56.571,24
2023-06-26 11:50:00-04:00,56.65,56.68,56.59,56.66,4297.0,56.643,35
2023-06-26 11:55:00-04:00,56.66,56.78,56.65,56.75,3294.0,56.722,30
2023-06-26 12:00:00-04:00,56.77,56.77,56.62,56.62,4591.0,56.713,38
2023-06-26 12:05:00-04:00,56.6,56.6,56.44,56.48,4437.0,56.517,27
2023-06-26 12:10:00-04:00,56.5,56.53,56.43,56.51,5489.0,56.462,35
2023-06-26 12:15:00-04:00,56.52,56.53,56.48,56.5,5573.0,56.505,44
2023-06-26 12:20:00-04:00,56.5,56.53,56.46,56.48,6394.0,56.479,43
2023-06-26 12:25:00-04:00,56.46,56.47,56.39,56.44,3232.0,56.435,21
2023-06-26 12:30:00-04:00,56.45,56.48,56.42,56.42,3615.0,56.46,32
2023-06-26 12:35:00-04:00,56.43,56.47,56.42,56.45,3911.0,56.457,30
2023-06-26 12:40:00-04:00,56.47,56.51,56.45,56.49,3722.0,56.474,34
2023-06-26 12:45:00-04:00,56.48,56.52,56.47,56.48,3722.0,56.5,36
2023-06-26 12:50:00-04:00,56.48,56.5,56.47,56.49,4054.0,56.491,38
2023-06-26 12:55:00-04:00,56.48,56.5,56.42,56.47,10944.0,56.446,55
2023-06-26 13:00:00-04:00,56.47,56.47,56.33,56.33,4119.0,56.42,38
2023-06-26 13:05:00-04:00,56.36,56.39,56.3,56.31,4932.0,56.338,40
2023-06-26 13:10:00-04:00,56.3,56.33,56.29,56.29,8384.0,56.303,31
2023-06-26 13:15:00-04:00,56.3,56.31,56.27,56.27,3682.0,56.287,30
2023-06-26 13:20:00-04:00,56.29,56.29,56.23,56.25,2841.0,56.26,26
2023-06-26 13:25:00-04:00,56.2,56.23,56.17,56.23,4991.0,56.19,44
2023-06-26 13:30:00-04:00,56.21,56.23,56.17,56.17,3944.0,56.193,37
2023-06-26 13:35:00-04:00,56.17,56.17,56.06,56.1,6509.0,56.087,49
2023-06-26 13:40:00-04:00,56.14,56.22,56.14,56.14,5649.0,56.162,52
2023-06-26 13:45:00-04:00,56.13,56.2,56.13,56.18,7921.0,56.167,70
2023-06-26 13:50:00-04:00,56.2,56.21,56.08,56.09,5519.0,56.15,49
2023-06-26 13:55:00-04:00,56.07,56.13,56.05,56.1,5962.0,56.082,52
2023-06-26 14:00:00-04:00,56.1,56.1,56.08,56.09,5519.0,56.09,42
2023-06-26 14:05:00-04:00,56.09,56.09,56.03,56.06,7675.0,56.061,61
2023-06-26 14:10:00-04:00,56.05,56.07,55.99,56.02,6754.0,56.045,53
2023-06-26 14:15:00-04:00,56.0,56.04,55.99,56.03,8985.0,56.012,73
2023-06-26 14:20:00-04:00,56.03,56.05,55.94,55.95,9390.0,55.982,72
2023-06-26 14:25:00-04:00,55.95,55.97,55.89,55.96,15313.0,55.927,114
2023-06-26 14:30:00-04:00,55.95,56.08,55.94,56.08,5939.0,56.026,52
2023-06-26 14:35:00-04:00,56.09,56.21,56.09,56.19,10166.0,56.165,71
2023-06-26 14:40:00-04:00,56.19,56.19,56.11,56.12,8193.0,56.145,60
2023-06-26 14:45:00-04:00,56.12,56.16,56.12,56.13,6581.0,56.134,46
2023-06-26 14:50:00-04:00,56.13,56.14,56.1,56.1,9242.0,56.115,62
2023-06-26 14:55:00-04:00,56.11,56.13,56.06,56.11,7364.0,56.098,59
2023-06-26 15:00:00-04:00,56.11,56.17,56.09,56.11,7214.0,56.125,56
2023-06-26 15:05:00-04:00,56.13,56.19,56.09,56.19,12702.0,56.127,90
2023-06-26 15:10:00-04:00,56.2,56.2,56.13,56.15,19164.0,56.151,81
2023-06-26 15:15:00-04:00,56.15,56.17,56.1,56.17,9187.0,56.137,69
2023-06-26 15:20:00-04:00,56.17,56.21,56.16,56.21,12365.0,56.189,82
2023-06-26 15:25:00-04:00,56.2,56.24,56.18,56.24,11945.0,56.212,95
2023-06-26 15:30:00-04:00,56.24,56.31,56.21,56.29,14358.0,56.253,101
2023-06-26 15:35:00-04:00,56.3,56.34,56.24,56.3,11435.0,56.284,89
2023-06-26 15:40:00-04:00,56.29,56.3,56.13,56.16,18157.0,56.194,130
2023-06-26 15:45:00-04:00,56.14,56.14,55.94,55.97,19955.0,56.014,148
2023-06-26 15:50:00-04:00,55.97,56.05,55.95,56.04,30048.0,56.019,203
2023-06-26 15:55:00-04:00,56.04,56.09,55.96,56.03,83457.0,56.026,496
2023-06-27 09:30:00-04:00,56.31,56.47,56.04,56.25,26219.0,56.254,45
2023-06-27 09:35:00-04:00,56.26,56.43,56.19,56.25,21344.0,56.282,128
2023-06-27 09:40:00-04:00,56.3,56.36,56.24,56.29,15251.0,56.295,100
2023-06-27 09:45:00-04:00,56.26,56.31,56.2,56.26,18994.0,56.261,139
2023-06-27 09:50:00-04:00,56.21,56.3,56.13,56.23,10489.0,56.218,76
2023-06-27 09:55:00-04:00,56.2,56.37,56.19,56.34,10711.0,56.269,84
2023-06-27 10:00:00-04:00,56.35,56.38,56.3,56.3,1731.0,56.337,13
2023-06-27 10:05:00-04:00,56.28,56.4,56.28,56.39,6449.0,56.349,58
2023-06-27 10:10:00-04:00,56.35,56.52,56.31,56.51,6251.0,56.448,58
2023-06-27 10:15:00-04:00,56.55,56.58,56.48,56.58,4980.0,56.526,45
2023-06-27 10:20:00-04:00,56.56,56.74,56.56,56.71,7205.0,56.667,56
2023-06-27 10:25:00-04:00,56.73,56.73,56.67,56.7,8284.0,56.705,73
2023-06-27 10:30:00-04:00,56.72,56.83,56.72,56.83,5228.0,56.772,44
2023-06-27 10:35:00-04:00,56.81,57.04,56.81,56.97,25866.0,56.97,147
2023-06-27 10:40:00-04:00,56.97,57.0,56.95,57.0,6739.0,56.978,60
2023-06-27 10:45:00-04:00,57.0,57.06,56.98,57.0,4808.0,57.022,42
2023-06-27 10:50:00-04:00,56.93,56.98,56.86,56.89,11336.0,56.916,68
2023-06-27 10:55:00-04:00,56.88,56.88,56.8,56.83,8506.0,56.839,66
2023-06-27 11:00:00-04:00,56.85,56.89,56.75,56.75,10658.0,56.822,78
2023-06-27 11:05:00-04:00,56.76,56.8,56.73,56.78,10049.0,56.764,76
2023-06-27 11:10:00-04:00,56.79,56.9,56.77,56.89,9551.0,56.819,57
2023-06-27 11:15:00-04:00,56.87,56.88,56.8,56.82,2912.0,56.832,23
2023-06-27 11:20:00-04:00,56.79,56.85,56.79,56.82,3515.0,56.822,33
2023-06-27 11:25:00-04:00,56.82,56.98,56.82,56.98,4816.0,56.884,43
2023-06-27 11:30:00-04:00,56.98,56.99,56.92,56.96,11001.0,56.953,40
2023-06-27 11:35:00-04:00,56.96,57.01,56.89,56.96,7074.0,56.962,53
2023-06-27 11:40:00-04:00,57.0,57.05,56.9,57.05,5742.0,56.99,47
2023-06-27 11:45:00-04:00,57.05,57.07,56.98,56.99,2745.0,57.029,16
2023-06-27 11:50:00-04:00,56.96,57.08,56.96,57.04,2373.0,57.027,22
2023-06-27 11:55:00-04:00,57.06,57.09,57.03,57.03,2763.0,57.068,25
2023-06-27 12:00:00-04:00,57.04,57.12,57.04,57.08,3708.0,57.091,29
2023-06-27 12:05:00-04:00,57.06,57.09,57.03,57.06,3907.0,57.058,34
2023-06-27 12:10:00-04:00,57.06,57.22,57.06,57.19,3685.0,57.15,31
2023-06-27 12:15:00-04:00,57.18,57.26,57.18,57.24,6155.0,57.213,50
2023-06-27 12:20:00-04:00,57.22,57.24,57.21,57.21,4663.0,57.226,33
2023-06-27 12:25:00-04:00,57.21,57.28,57.21,57.23,4184.0,57.251,33
2023-06-27 12:30:00-04:00,57.23,57.35,57.22,57.35,2773.0,57.267,23
2023-06-27 12:35:00-04:00,57.32,57.36,57.28,57.36,11533.0,57.343,39
2023-06-27 12:40:00-04:00,57.37,57.37,57.23,57.26,9520.0,57.29,54
2023-06-27 12:45:00-04:00,57.24,57.31,57.22,57.3,7124.0,57.252,35
2023-06-27 12:50:00-04:00,57.3,57.32,57.27,57.27,5774.0,57.299,36
2023-06-27 12:55:00-04:00,57.23,57.23,57.18,57.19,1686.0,57.197,16
2023-06-27 13:00:00-04:00,57.2,57.23,57.17,57.2,2500.0,57.197,25
2023-06-27 13:05:00-04:00,57.2,57.2,57.1,57.1,1765.0,57.167,14
2023-06-27 13:10:00-04:00,57.12,57.23,57.09,57.2,4935.0,57.168,44
2023-06-27 13:15:00-04:00,57.2,57.23,57.14,57.14,2837.0,57.191,26
2023-06-27 13:20:00-04:00,57.16,57.27,57.16,57.25,2501.0,57.211,24
2023-06-27 13:25:00-04:00,57.26,57.3,57.24,57.24,3690.0,57.274,35
2023-06-27 13:30:00-04:00,57.23,57.28,57.23,57.25,4508.0,57.258,39
2023-06-27 13:35:00-04:00,57.25,57.25,57.12,57.15,10643.0,57.181,95
2023-06-27 13:40:00-04:00,57.16,57.2,57.11,57.11,5804.0,57.165,49
2023-06-27 13:45:00-04:00,57.11,57.17,57.09,57.15,5745.0,57.117,48
2023-06-27 13:50:00-04:00,57.17,57.26,57.16,57.25,8570.0,57.209,69
2023-06-27 13:55:00-04:00,57.25,57.3,57.24,57.29,5253.0,57.259,41
2023-06-27 14:00:00-04:00,57.28,57.42,57.26,57.38,7597.0,57.309,74
2023-06-27 14:05:00-04:00,57.37,57.39,57.29,57.34,7150.0,57.344,66
2023-06-27 14:10:00-04:00,57.36,57.36,57.32,57.33,3887.0,57.332,35
2023-06-27 14:15:00-04:00,57.35,57.42,57.33,57.42,4897.0,57.372,43
2023-06-27 14:20:00-04:00,57.42,57.43,57.39,57.42,6206.0,57.408,55
2023-06-27 14:25:00-04:00,57.42,57.55,57.42,57.5,14597.0,57.492,108
2023-06-27 14:30:00-04:00,57.5,57.53,57.47,57.5,11560.0,57.492,90
2023-06-27 14:35:00-04:00,57.51,57.56,57.49,57.53,4795.0,57.533,43
2023-06-27 14:40:00-04:00,57.52,57.52,57.49,57.52,5890.0,57.506,54
2023-06-27 14:45:00-04:00,57.52,57.6,57.52,57.54,5664.0,57.561,53
2023-06-27 14:50:00-04:00,57.54,57.55,57.51,57.53,6121.0,57.528,51
2023-06-27 14:55:00-04:00,57.53,57.55,57.51,57.53,4086.0,57.53,39
2023-06-27 15:00:00-04:00,57.54,57.61,57.48,57.48,8506.0,57.554,71
2023-06-27 15:05:00-04:00,57.5,57.54,57.49,57.51,10970.0,57.514,96
2023-06-27 15:10:00-04:00,57.51,57.51,57.46,57.5,12274.0,57.487,100
2023-06-27 15:15:00-04:00,57.5,57.55,57.44,57.48,17361.0,57.492,137
2023-06-27 15:20:00-04:00,57.48,57.49,57.36,57.42,11557.0,57.416,98
2023-06-27 15:25:00-04:00,57.42,57.54,57.4,57.5,8302.0,57.456,74
2023-06-27 15:30:00-04:00,57.52,57.57,57.47,57.51,14941.0,57.522,121
2023-06-27 15:35:00-04:00,57.5,57.51,57.44,57.45,11725.0,57.477,108
2023-06-27 15:40:00-04:00,57.44,57.51,57.42,57.51,15911.0,57.457,137
2023-06-27 15:45:00-04:00,57.5,57.53,57.44,57.46,24571.0,57.484,178
2023-06-27 15:50:00-04:00,57.43,57.46,57.38,57.42,33821.0,57.418,224
2023-06-27 15:55:00-04:00,57.43,57.54,57.42,57.48,94066.0,57.494,572
2023-06-28 09:30:00-04:00,57.35,57.35,56.61,56.74,16739.0,57.264,28
2023-06-28 09:35:00-04:00,56.68,56.68,56.41,56.6,11660.0,56.526,97
2023-06-28 09:40:00-04:00,56.67,56.71,56.57,56.64,3479.0,56.63,29
2023-06-28 09:45:00-04:00,56.59,56.67,56.54,56.54,7785.0,56.605,55
2023-06-28 09:50:00-04:00,56.52,56.63,56.38,56.51,16834.0,56.499,134
2023-06-28 09:55:00-04:00,56.48,56.59,56.43,56.46,7113.0,56.519,58
2023-06-28 10:00:00-04:00,56.45,56.47,56.34,56.41,7519.0,56.41,61
2023-06-28 10:05:00-04:00,56.4,56.45,56.3,56.3,13156.0,56.39,100
2023-06-28 10:10:00-04:00,56.3,56.39,56.25,56.39,5173.0,56.302,44
2023-06-28 10:15:00-04:00,56.37,56.4,56.3,56.38,3118.0,56.357,30
2023-06-28 10:20:00-04:00,56.41,56.43,56.24,56.25,3624.0,56.363,33
2023-06-28 10:25:00-04:00,56.25,56.3,56.24,56.27,3966.0,56.276,32
2023-06-28 10:30:00-04:00,56.29,56.35,56.27,56.35,8106.0,56.314,71
2023-06-28 10:35:00-04:00,56.36,56.5,56.35,56.47,9858.0,56.443,85
2023-06-28 10:40:00-04:00,56.44,56.5,56.39,56.4,2243.0,56.449,18
2023-06-28 10:45:00-04:00,56.37,56.42,56.32,56.42,4671.0,56.382,39
2023-06-28 10:50:00-04:00,56.4,56.41,56.28,56.28,4245.0,56.338,42
2023-06-28 10:55:00-04:00,56.29,56.29,56.14,56.18,4238.0,56.2,40
2023-06-28 11:00:00-04:00,56.19,56.29,56.17,56.19,24630.0,56.232,58
2023-06-28 11:05:00-04:00,56.2,56.29,56.2,56.24,2950.0,56.254,26
2023-06-28 11:10:00-04:00,56.24,56.28,56.17,56.18,3923.0,56.228,30
2023-06-28 11:15:00-04:00,56.2,56.26,56.14,56.23,5884.0,56.201,52
2023-06-28 11:20:00-04:00,56.24,56.29,56.15,56.17,5764.0,56.236,39
2023-06-28 11:25:00-04:00,56.13,56.27,56.1,56.25,4930.0,56.182,40
2023-06-28 11:30:00-04:00,56.25,56.27,56.22,56.24,2384.0,56.24,23
2023-06-28 11:35:00-04:00,56.28,56.35,56.26,56.35,5018.0,56.307,46
2023-06-28 11:40:00-04:00,56.34,56.36,56.33,56.35,3538.0,56.344,33
2023-06-28 11:45:00-04:00,56.32,56.36,56.32,56.32,2839.0,56.333,23
2023-06-28 11:50:00-04:00,56.31,56.32,56.23,56.23,3199.0,56.281,30
2023-06-28 11:55:00-04:00,56.23,56.34,56.23,56.33,6709.0,56.288,52
2023-06-28 12:00:00-04:00,56.34,56.4,56.34,56.37,4904.0,56.37,40
2023-06-28 12:05:00-04:00,56.37,56.42,56.34,56.4,5839.0,56.382,43
2023-06-28 12:10:00-04:00,56.42,56.46,56.4,56.4,3824.0,56.423,22
2023-06-28 12:15:00-04:00,56.42,56.43,56.39,56.39,4591.0,56.417,36
2023-06-28 12:20:00-04:00,56.38,56.41,56.35,56.4,3302.0,56.388,27
2023-06-28 12:25:00-04:00,56.37,56.37,56.3,56.34,2899.0,56.341,27
2023-06-28 12:30:00-04:00,56.35,56.4,56.34,56.38,7571.0,56.371,49
2023-06-28 12:35:00-04:00,56.38,56.42,56.37,56.4,4515.0,56.397,36
2023-06-28 12:40:00-04:00,56.4,56.4,56.23,56.23,2620.0,56.32,19
2023-06-28 12:45:00-04:00,56.24,56.3,56.21,56.21,6934.0,56.247,42
2023-06-28 12:50:00-04:00,56.21,56.21,56.1,56.11,7177.0,56.149,38
2023-06-28 12:55:00-04:00,56.09,56.13,56.06,56.12,13273.0,56.093,100
2023-06-28 13:00:00-04:00,56.13,56.16,56.06,56.16,4786.0,56.115,39
2023-06-28 13:05:00-04:00,56.15,56.23,56.15,56.21,2492.0,56.189,21
2023-06-28 13:10:00-04:00,56.18,56.21,56.16,56.21,2968.0,56.183,23
2023-06-28 13:15:00-04:00,56.22,56.29,56.19,56.26,6547.0,56.238,55
2023-06-28 13:20:00-04:00,56.26,56.32,56.25,56.31,5869.0,56.287,47
2023-06-28 13:25:00-04:00,56.3,56.36,56.3,56.36,5520.0,56.332,52
2023-06-28 13:30:00-04:00,56.39,56.39,56.32,56.35,4920.0,56.348,45
2023-06-28 13:35:00-04:00,56.36,56.45,56.35,56.4,6571.0,56.404,56
2023-06-28 13:40:00-04:00,56.41,56.51,56.41,56.48,5796.0,56.458,55
2023-06-28 13:45:00-04:00,56.47,56.47,56.4,56.41,2872.0,56.438,23
2023-06-28 13:50:00-04:00,56.41,56.48,56.39,56.46,4052.0,56.441,34
2023-06-28 13:55:00-04:00,56.47,56.49,56.44,56.47,4080.0,56.464,35
2023-06-28 14:00:00-04:00,56.47,56.54,56.46,56.51,5315.0,56.501,43
2023-06-28 14:05:00-04:00,56.5,56.61,56.5,56.6,3893.0,56.553,35
2023-06-28 14:10:00-04:00,56.61,56.63,56.59,56.6,5169.0,56.613,45
2023-06-28 14:15:00-04:00,56.59,56.65,56.59,56.65,4397.0,56.617,33
2023-06-28 14:20:00-04:00,56.66,56.68,56.62,56.63,4654.0,56.635,41
2023-06-28 14:25:00-04:00,56.63,56.67,56.62,56.67,4183.0,56.645,34
2023-06-28 14:30:00-04:00,56.67,56.74,56.66,56.74,22352.0,56.717,129
2023-06-28 14:35:00-04:00,56.72,56.78,56.69,56.75,4933.0,56.733,49
2023-06-28 14:40:00-04:00,56.73,56.78,56.71,56.75,6051.0,56.746,55
2023-06-28 14:45:00-04:00,56.72,56.87,56.72,56.86,14517.0,56.813,108
2023-06-28 14:50:00-04:00,56.86,56.9,56.83,56.89,5937.0,56.872,47
2023-06-28 14:55:00-04:00,56.86,56.9,56.81,56.88,11227.0,56.852,101
2023-06-28 15:00:00-04:00,56.88,56.89,56.8,56.8,5511.0,56.833,48
2023-06-28 15:05:00-04:00,56.8,56.82,56.76,56.8,11074.0,56.793,78
2023-06-28 15:10:00-04:00,56.81,56.83,56.71,56.72,10842.0,56.773,88
2023-06-28 15:15:00-04:00,56.72,56.81,56.66,56.78,24696.0,56.702,108
2023-06-28 15:20:00-04:00,56.79,56.81,56.76,56.78,7538.0,56.789,70
2023-06-28 15:25:00-04:00,56.79,56.8,56.67,56.68,11275.0,56.742,98
2023-06-28 15:30:00-04:00,56.67,56.69,56.61,56.64,12410.0,56.654,107
2023-06-28 15:35:00-04:00,56.64,56.64,56.55,56.56,13147.0,56.596,114
2023-06-28 15:40:00-04:00,56.55,56.62,56.53,56.58,14756.0,56.585,124
2023-06-28 15:45:00-04:00,56.57,56.6,56.55,56.56,20977.0,56.572,164
2023-06-28 15:50:00-04:00,56.55,56.59,56.5,56.53,42319.0,56.544,330
2023-06-28 15:55:00-04:00,56.54,56.66,56.53,56.66,84491.0,56.611,546
2023-06-29 09:30:00-04:00,56.5,56.63,56.27,56.46,22323.0,56.497,63
2023-06-29 09:35:00-04:00,56.55,56.62,56.53,56.62,3856.0,56.576,27
2023-06-29 09:40:00-04:00,56.62,56.78,56.56,56.78,2116.0,56.705,15
2023-06-29 09:45:00-04:00,56.73,56.75,56.65,56.71,3750.0,56.704,32
2023-06-29 09:50:00-04:00,56.74,56.79,56.66,56.78,10423.0,56.698,79
2023-06-29 09:55:00-04:00,56.77,56.92,56.77,56.89,2186.0,56.876,12
2023-06-29 10:00:00-04:00,56.91,57.01,56.9,57.0,3085.0,56.974,24
2023-06-29 10:05:00-04:00,57.0,57.04,56.93,56.98,4668.0,56.98,29
2023-06-29 10:10:00-04:00,57.01,57.08,56.94,57.08,2155.0,57.025,18
2023-06-29 10:15:00-04:00,57.08,57.08,57.03,57.04,1350.0,57.057,12
2023-06-29 10:20:00-04:00,57.06,57.12,56.85,56.87,4371.0,57.024,41
2023-06-29 10:25:00-04:00,56.88,56.93,56.87,56.93,3995.0,56.896,29
2023-06-29 10:30:00-04:00,56.93,56.95,56.81,56.93,4470.0,56.901,41
2023-06-29 10:35:00-04:00,56.93,57.15,56.92,57.14,7825.0,57.043,65
2023-06-29 10:40:00-04:00,57.19,57.29,57.18,57.21,5357.0,57.231,47
2023-06-29 10:45:00-04:00,57.21,57.21,57.09,57.2,4551.0,57.155,40
2023-06-29 10:50:00-04:00,57.21,57.22,57.11,57.12,6986.0,57.174,58
2023-06-29 10:55:00-04:00,57.12,57.15,57.06,57.11,6300.0,57.109,54
2023-06-29 11:00:00-04:00,57.12,57.19,57.11,57.11,7721.0,57.147,62
2023-06-29 11:05:00-04:00,57.12,57.17,56.99,57.08,8680.0,57.094,59
2023-06-29 11:10:00-04:00,57.08,57.08,57.03,57.06,2543.0,57.053,22
2023-06-29 11:15:00-04:00,57.05,57.1,57.02,57.02,6863.0,57.075,57
2023-06-29 11:20:00-04:00,57.03,57.04,56.99,57.04,3263.0,57.022,29
2023-06-29 11:25:00-04:00,57.04,57.17,57.01,57.12,8932.0,57.086,74
2023-06-29 11:30:00-04:00,57.15,57.18,57.13,57.15,4099.0,57.156,29
2023-06-29 11:35:00-04:00,57.15,57.15,57.07,57.09,2653.0,57.106,21
2023-06-29 11:40:00-04:00,57.11,57.18,57.08,57.09,6031.0,57.146,44
2023-06-29 11:45:00-04:00,57.11,57.14,57.07,57.14,3550.0,57.113,20
2023-06-29 11:50:00-04:00,57.14,57.17,57.1,57.15,5649.0,57.134,48
2023-06-29 11:55:00-04:00,57.13,57.16,57.05,57.16,6063.0,57.104,43
2023-06-29 12:00:00-04:00,57.17,57.19,57.11,57.11,3219.0,57.148,22
2023-06-29 12:05:00-04:00,57.13,57.16,57.09,57.16,7869.0,57.115,67
2023-06-29 12:10:00-04:00,57.17,57.22,57.16,57.21,3132.0,57.198,26
2023-06-29 12:15:00-04:00,57.21,57.26,57.19,57.23,3249.0,57.237,25
2023-06-29 12:20:00-04:00,57.25,57.33,57.25,57.31,7052.0,57.288,61
2023-06-29 12:25:00-04:00,57.32,57.46,57.31,57.42,6537.0,57.373,46
2023-06-29 12:30:00-04:00,57.43,57.47,57.4,57.46,5668.0,57.447,44
2023-06-29 12:35:00-04:00,57.46,57.54,57.46,57.52,5242.0,57.509,43
2023-06-29 12:40:00-04:00,57.53,57.53,57.49,57.5,3195.0,57.502,27
2023-06-29 12:45:00-04:00,57.5,57.52,57.45,57.46,6902.0,57.482,48
2023-06-29 12:50:00-04:00,57.45,57.49,57.42,57.44,12619.0,57.452,66
2023-06-29 12:55:00-04:00,57.43,57.47,57.42,57.47,4804.0,57.443,40
2023-06-29 13:00:00-04:00,57.48,57.56,57.46,57.53,51564.0,57.488,90
2023-06-29 13:05:00-04:00,57.52,57.52,57.37,57.4,9507.0,57.451,67
2023-06-29 13:10:00-04:00,57.39,57.39,57.28,57.38,7792.0,57.361,59
2023-06-29 13:15:00-04:00,57.4,57.43,57.38,57.41,6635.0,57.404,49
2023-06-29 13:20:00-04:00,57.38,57.45,57.38,57.44,4323.0,57.408,37
2023-06-29 13:25:00-04:00,57.44,57.44,57.41,57.43,3108.0,57.425,22
2023-06-29 13:30:00-04:00,57.45,57.46,57.41,57.44,4339.0,57.43,32
2023-06-29 13:35:00-04:00,57.44,57.51,57.44,57.51,5951.0,57.466,51
2023-06-29 13:40:00-04:00,57.55,57.58,57.52,57.52,6039.0,57.562,39
2023-06-29 13:45:00-04:00,57.54,57.64,57.54,57.64,5069.0,57.596,32
2023-06-29 13:50:00-04:00,57.65,57.65,57.6,57.6,4646.0,57.615,32
2023-06-29 13:55:00-04:00,57.61,57.64,57.52,57.59,10192.0,57.594,73
2023-06-29 14:00:00-04:00,57.59,57.59,57.53,57.55,6788.0,57.57,49
2023-06-29 14:05:00-04:00,57.55,57.59,57.51,57.59,7908.0,57.542,62
2023-06-29 14:10:00-04:00,57.6,57.66,57.6,57.64,5631.0,57.63,44
2023-06-29 14:15:00-04:00,57.65,57.65,57.6,57.64,4863.0,57.632,41
2023-06-29 14:20:00-04:00,57.66,57.67,57.64,57.67,8607.0,57.659,73
2023-06-29 14:25:00-04:00,57.67,57.72,57.66,57.72,9974.0,57.675,64
2023-06-29 14:30:00-04:00,57.72,57.73,57.61,57.61,10771.0,57.685,75
2023-06-29 14:35:00-04:00,57.62,57.62,57.53,57.55,5684.0,57.579,47
2023-06-29 14:40:00-04:00,57.55,57.55,57.51,57.53,5981.0,57.533,43
2023-06-29 14:45:00-04:00,57.54,57.59,57.52,57.55,6602.0,57.563,55
2023-06-29 14:50:00-04:00,57.54,57.54,57.5,57.52,4957.0,57.513,36
2023-06-29 14:55:00-04:00,57.53,57.55,57.49,57.55,5169.0,57.511,41
2023-06-29 15:00:00-04:00,57.55,57.61,57.55,57.6,5683.0,57.578,41
2023-06-29 15:05:00-04:00,57.61,57.64,57.6,57.64,6305.0,57.625,55
2023-06-29 15:10:00-04:00,57.64,57.66,57.61,57.64,11775.0,57.638,83
2023-06-29 15:15:00-04:00,57.63,57.7,57.63,57.7,11790.0,57.654,83
2023-06-29 15:20:00-04:00,57.7,57.73,57.66,57.7,9212.0,57.702,72
2023-06-29 15:25:00-04:00,57.69,57.75,57.68,57.73,7933.0,57.704,49
2023-06-29 15:30:00-04:00,57.74,57.78,57.73,57.75,9819.0,57.757,66
2023-06-29 15:35:00-04:00,57.77,57.78,57.62,57.63,10476.0,57.696,79
2023-06-29 15:40:00-04:00,57.62,57.63,57.56,57.61,19179.0,57.59,127
2023-06-29 15:45:00-04:00,57.6,57.68,57.57,57.67,24330.0,57.631,122
2023-06-29 15:50:00-04:00,57.66,57.73,57.62,57.69,35499.0,57.665,229
2023-06-29 15:55:00-04:00,57.69,57.79,57.68,57.7,74668.0,57.741,379
2023-06-30 09:30:00-04:00,58.1,58.1,57.74,57.74,18313.0,58.032,44
2023-06-30 09:35:00-04:00,57.72,57.9,57.52,57.9,5214.0,57.693,43
2023-06-30 09:40:00-04:00,57.84,58.07,57.66,57.72,12141.0,57.956,91
2023-06-30 09:45:00-04:00,57.67,57.76,57.5,57.71,6241.0,57.635,44
2023-06-30 09:50:00-04:00,57.78,57.8,57.65,57.65,3025.0,57.729,26
2023-06-30 09:55:00-04:00,57.66,57.8,57.66,57.75,3886.0,57.75,34
2023-06-30 10:00:00-04:00,57.75,57.89,57.74,57.85,3489.0,57.836,23
2023-06-30 10:05:00-04:00,57.86,57.96,57.85,57.95,1740.0,57.897,15
2023-06-30 10:10:00-04:00,57.93,57.96,57.83,57.91,4693.0,57.898,42
2023-06-30 10:15:00-04:00,57.9,57.92,57.8,57.8,1809.0,57.839,14
2023-06-30 10:20:00-04:00,57.8,57.88,57.73,57.73,3176.0,57.818,27
2023-06-30 10:25:00-04:00,57.73,57.81,57.73,57.78,4886.0,57.768,28
2023-06-30 10:30:00-04:00,57.8,57.83,57.7,57.7,3209.0,57.775,30
2023-06-30 10:35:00-04:00,57.69,57.69,57.51,57.61,6881.0,57.587,55
2023-06-30 10:40:00-04:00,57.62,57.67,57.46,57.48,4296.0,57.561,39
2023-06-30 10:45:00-04:00,57.53,57.56,57.42,57.42,4148.0,57.504,30
2023-06-30 10:50:00-04:00,57.4,57.51,57.39,57.5,4080.0,57.451,37
2023-06-30 10:55:00-04:00,57.51,57.55,57.46,57.55,5413.0,57.507,46
2023-06-30 11:00:00-04:00,57.55,57.6,57.55,57.6,2875.0,57.575,22
2023-06-30 11:05:00-04:00,57.59,57.6,57.53,57.56,3771.0,57.57,29
2023-06-30 11:10:00-04:00,57.56,57.58,57.51,57.51,2280.0,57.561,19
2023-06-30 11:15:00-04:00,57.52,57.55,57.5,57.51,15183.0,57.508,37
2023-06-30 11:20:00-04:00,57.51,57.51,57.42,57.48,5710.0,57.462,48
2023-06-30 11:25:00-04:00,57.48,57.56,57.47,57.55,3666.0,57.505,32
2023-06-30 11:30:00-04:00,57.56,57.56,57.5,57.5,2110.0,57.527,18
2023-06-30 11:35:00-04:00,57.5,57.57,57.5,57.57,5308.0,57.529,29
2023-06-30 11:40:00-04:00,57.57,57.64,57.56,57.59,3679.0,57.603,21
2023-06-30 11:45:00-04:00,57.58,57.58,57.54,57.55,2343.0,57.555,15
2023-06-30 11:50:00-04:00,57.55,57.55,57.46,57.46,3636.0,57.513,21
2023-06-30 11:55:00-04:00,57.45,57.48,57.44,57.48,2939.0,57.461,22
2023-06-30 12:00:00-04:00,57.46,57.53,57.46,57.5,5596.0,57.499,51
2023-06-30 12:05:00-04:00,57.48,57.55,57.46,57.55,5146.0,57.478,30
2023-06-30 12:10:00-04:00,57.58,57.6,57.57,57.6,4472.0,57.585,38
2023-06-30 12:15:00-04:00,57.6,57.69,57.58,57.66,2898.0,57.65,26
2023-06-30 12:20:00-04:00,57.65,57.71,57.64,57.7,4710.0,57.66,32
2023-06-30 12:25:00-04:00,57.71,57.72,57.69,57.71,2997.0,57.704,24
2023-06-30 12:30:00-04:00,57.7,57.77,57.7,57.72,3579.0,57.737,31
2023-06-30 12:35:00-04:00,57.72,57.78,57.7,57.75,3529.0,57.741,30
2023-06-30 12:40:00-04:00,57.76,57.8,57.75,57.77,3244.0,57.772,29
2023-06-30 12:45:00-04:00,57.78,57.8,57.76,57.77,4104.0,57.788,40
2023-06-30 12:50:00-04:00,57.77,57.77,57.74,57.76,1788.0,57.75,13
2023-06-30 12:55:00-04:00,57.77,57.77,57.75,57.76,1667.0,57.763,16
2023-06-30 13:00:00-04:00,57.77,57.8,57.74,57.75,5829.0,57.77,49
2023-06-30 13:05:00-04:00,57.75,57.87,57.74,57.85,3724.0,57.817,34
2023-06-30 13:10:00-04:00,57.85,57.88,57.85,57.87,2188.0,57.865,19
2023-06-30 13:15:00-04:00,57.88,57.93,57.87,57.91,3789.0,57.898,27
2023-06-30 13:20:00-04:00,57.93,57.94,57.89,57.94,2517.0,57.921,22
2023-06-30 13:25:00-04:00,57.94,57.96,57.91,57.95,3220.0,57.933,26
2023-06-30 13:30:00-04:00,57.96,58.0,57.94,57.96,5305.0,57.962,44
2023-06-30 13:35:00-04:00,57.96,57.96,57.81,57.81,8100.0,57.883,63
2023-06-30 13:40:00-04:00,57.8,57.83,57.79,57.81,3736.0,57.815,34
2023-06-30 13:45:00-04:00,57.82,57.89,57.8,57.89,3505.0,57.832,32
2023-06-30 13:50:00-04:00,57.89,57.89,57.86,57.88,4413.0,57.871,40
2023-06-30 13:55:00-04:00,57.88,57.92,57.88,57.92,5780.0,57.896,41
2023-06-30 14:00:00-04:00,57.93,57.94,57.92,57.92,3322.0,57.929,25
2023-06-30 14:05:00-04:00,57.92,58.01,57.91,57.99,7531.0,57.96,60
2023-06-30 14:10:00-04:00,58.0,58.0,57.98,58.0,4029.0,57.99,34
2023-06-30 14:15:00-04:00,58.0,58.08,58.0,58.08,6363.0,58.04,45
2023-06-30 14:20:00-04:00,58.09,58.12,58.08,58.12,5729.0,58.093,54
2023-06-30 14:25:00-04:00,58.12,58.23,58.12,58.21,13915.0,58.181,78
2023-06-30 14:30:00-04:00,58.23,58.29,58.22,58.27,11257.0,58.254,81
2023-06-30 14:35:00-04:00,58.29,58.3,58.24,58.24,4671.0,58.272,40
2023-06-30 14:40:00-04:00,58.23,58.3,58.23,58.3,8000.0,58.262,67
2023-06-30 14:45:00-04:00,58.29,58.3,58.21,58.23,5989.0,58.259,46
2023-06-30 14:50:00-04:00,58.23,58.25,58.21,58.23,5418.0,58.231,46
2023-06-30 14:55:00-04:00,58.23,58.23,58.18,58.19,6659.0,58.205,55
2023-06-30 15:00:00-04:00,58.21,58.24,58.17,58.21,5871.0,58.205,51
2023-06-30 15:05:00-04:00,58.22,58.22,58.13,58.13,7392.0,58.178,53
2023-06-30 15:10:00-04:00,58.12,58.17,58.12,58.15,7303.0,58.15,59
2023-06-30 15:15:00-04:00,58.16,58.21,58.15,58.19,9226.0,58.184,72
2023-06-30 15:20:00-04:00,58.19,58.19,58.12,58.14,8626.0,58.144,67
2023-06-30 15:25:00-04:00,58.14,58.2,58.13,58.19,7672.0,58.166,62
2023-06-30 15:30:00-04:00,58.19,58.2,58.12,58.12,13285.0,58.166,105
2023-06-30 15:35:00-04:00,58.13,58.13,58.01,58.02,21995.0,58.064,173
2023-06-30 15:40:00-04:00,58.02,58.16,58.01,58.16,33138.0,58.113,209
2023-06-30 15:45:00-04:00,58.15,58.18,58.1,58.1,32281.0,58.14,216
2023-06-30 15:50:00-04:00,58.11,58.28,58.11,58.28,50687.0,58.203,347
2023-06-30 15:55:00-04:00,58.28,58.32,58.2,58.21,110807.0,58.268,728
2023-07-03 09:30:00-04:00,57.88,58.02,57.51,57.78,31643.0,57.884,98
2023-07-03 09:35:00-04:00,57.8,57.94,57.76,57.93,13994.0,57.868,113
2023-07-03 09:40:00-04:00,57.93,58.0,57.87,57.98,8715.0,57.948,74
2023-07-03 09:45:00-04:00,58.02,58.02,57.66,57.74,12409.0,57.791,105
2023-07-03 09:50:00-04:00,57.75,57.87,57.72,57.74,12572.0,57.792,103
2023-07-03 09:55:00-04:00,57.71,57.81,57.71,57.81,11938.0,57.771,94
2023-07-03 10:00:00-04:00,57.81,57.98,57.78,57.98,27498.0,57.892,227
2023-07-03 10:05:00-04:00,57.99,58.21,57.99,58.16,16949.0,58.109,118
2023-07-03 10:10:00-04:00,58.15,58.2,58.09,58.14,5771.0,58.143,50
2023-07-03 10:15:00-04:00,58.15,58.32,58.14,58.17,6957.0,58.237,44
2023-07-03 10:20:00-04:00,58.2,58.28,58.19,58.24,6914.0,58.246,58
2023-07-03 10:25:00-04:00,58.22,58.22,58.14,58.18,4389.0,58.175,38
2023-07-03 10:30:00-04:00,58.2,58.2,58.11,58.15,6242.0,58.151,59
2023-07-03 10:35:00-04:00,58.13,58.15,58.05,58.15,8190.0,58.098,66
2023-07-03 10:40:00-04:00,58.16,58.24,58.08,58.1,8940.0,58.184,61
2023-07-03 10:45:00-04:00,58.09,58.21,58.08,58.18,9459.0,58.153,76
2023-07-03 10:50:00-04:00,58.19,58.28,58.16,58.28,10062.0,58.192,70
2023-07-03 10:55:00-04:00,58.27,58.36,58.25,58.34,7630.0,58.297,58
2023-07-03 11:00:00-04:00,58.33,58.48,58.33,58.41,7929.0,58.421,54
2023-07-03 11:05:00-04:00,58.43,58.46,58.38,58.46,7226.0,58.403,32
2023-07-03 11:10:00-04:00,58.46,58.47,58.44,58.46,2619.0,58.45,16
2023-07-03 11:15:00-04:00,58.47,58.5,58.42,58.47,11644.0,58.467,75
2023-07-03 11:20:00-04:00,58.46,58.46,58.32,58.38,3757.0,58.377,32
2023-07-03 11:25:00-04:00,58.38,58.4,58.37,58.4,4722.0,58.391,31
2023-07-03 11:30:00-04:00,58.4,58.42,58.36,58.38,5453.0,58.389,43
2023-07-03 11:35:00-04:00,58.37,58.45,58.33,58.33,8922.0,58.385,68
2023-07-03 11:40:00-04:00,58.33,58.43,58.31,58.38,5226.0,58.36,40
2023-07-03 11:45:00-04:00,58.37,58.37,58.24,58.25,5718.0,58.329,42
2023-07-03 11:50:00-04:00,58.25,58.3,58.25,58.28,2519.0,58.277,20
2023-07-03 11:55:00-04:00,58.28,58.28,58.22,58.25,3489.0,58.25,28
2023-07-03 12:00:00-04:00,58.26,58.32,58.26,58.32,4485.0,58.294,29
2023-07-03 12:05:00-04:00,58.32,58.32,58.28,58.32,2681.0,58.302,23
2023-07-03 12:10:00-04:00,58.33,58.41,58.33,58.37,7259.0,58.377,52
2023-07-03 12:15:00-04:00,58.39,58.42,58.39,58.4,3539.0,58.401,25
2023-07-03 12:20:00-04:00,58.41,58.47,58.4,58.43,6428.0,58.434,58
2023-07-03 12:25:00-04:00,58.42,58.5,58.41,58.5,7488.0,58.451,42
2023-07-03 12:30:00-04:00,58.49,58.5,58.44,58.47,7186.0,58.473,55
2023-07-03 12:35:00-04:00,58.47,58.56,58.46,58.53,9428.0,58.51,71
2023-07-03 12:40:00-04:00,58.53,58.6,58.51,58.6,6656.0,58.551,56
2023-07-03 12:45:00-04:00,58.58,58.58,58.49,58.53,15443.0,58.513,82
2023-07-03 12:50:00-04:00,58.55,58.61,58.53,58.58,26785.0,58.584,146
2023-07-03 12:55:00-04:00,58.57,58.61,58.45,58.52,37653.0,58.547,237
2023-07-05 09:30:00-04:00,57.46,57.7,57.24,57.53,53409.0,57.474,139
2023-07-05 09:35:00-04:00,57.52,57.56,57.28,57.36,20272.0,57.459,122
2023-07-05 09:40:00-04:00,57.36,57.4,57.24,57.25,16020.0,57.313,134
2023-07-05 09:45:00-04:00,57.2,57.32,57.15,57.32,13082.0,57.224,110
2023-07-05 09:50:00-04:00,57.32,57.56,57.31,57.44,20491.0,57.443,139
2023-07-05 09:55:00-04:00,57.42,57.42,57.18,57.29,18407.0,57.231,94
2023-07-05 10:00:00-04:00,57.27,57.27,57.1,57.14,11599.0,57.147,93
2023-07-05 10:05:00-04:00,57.1,57.25,57.08,57.17,13269.0,57.144,112
2023-07-05 10:10:00-04:00,57.16,57.29,57.11,57.14,9797.0,57.196,77
2023-07-05 10:15:00-04:00,57.13,57.13,57.02,57.12,16237.0,57.066,148
2023-07-05 10:20:00-04:00,57.13,57.18,56.95,56.97,7939.0,57.103,70
2023-07-05 10:25:00-04:00,56.96,56.96,56.86,56.96,5213.0,56.919,43
2023-07-05 10:30:00-04:00,56.96,57.11,56.95,57.06,7847.0,57.007,70
2023-07-05 10:35:00-04:00,57.05,57.07,56.85,56.91,7971.0,56.994,50
2023-07-05 10:40:00-04:00,56.91,56.97,56.89,56.89,3813.0,56.934,34
2023-07-05 10:45:00-04:00,56.89,56.93,56.83,56.87,7250.0,56.89,55
2023-07-05 10:50:00-04:00,56.85,56.97,56.82,56.95,7027.0,56.903,61
2023-07-05 10:55:00-04:00,56.93,57.07,56.93,57.07,9853.0,56.975,89
2023-07-05 11:00:00-04:00,57.07,57.19,57.05,57.16,6151.0,57.107,37
2023-07-05 11:05:00-04:00,57.14,57.16,57.07,57.09,6226.0,57.115,53
2023-07-05 11:10:00-04:00,57.1,57.18,57.05,57.18,5992.0,57.114,52
2023-07-05 11:15:00-04:00,57.2,57.2,57.01,57.07,4967.0,57.104,41
2023-07-05 11:20:00-04:00,57.08,57.13,57.02,57.08,9199.0,57.079,73
2023-07-05 11:25:00-04:00,57.1,57.2,57.08,57.19,6856.0,57.143,55
2023-07-05 11:30:00-04:00,57.23,57.3,57.2,57.27,7053.0,57.247,61
2023-07-05 11:35:00-04:00,57.27,57.29,57.21,57.23,6855.0,57.242,45
2023-07-05 11:40:00-04:00,57.23,57.32,57.22,57.3,6562.0,57.277,48
2023-07-05 11:45:00-04:00,57.31,57.36,57.21,57.21,8076.0,57.318,46
2023-07-05 11:50:00-04:00,57.22,57.22,57.09,57.12,4918.0,57.122,42
2023-07-05 11:55:00-04:00,57.12,57.12,56.99,56.99,3544.0,57.052,30
2023-07-05 12:00:00-04:00,57.03,57.04,57.0,57.04,5082.0,57.024,36
2023-07-05 12:05:00-04:00,57.02,57.02,56.92,56.92,3258.0,56.977,27
2023-07-05 12:10:00-04:00,56.92,56.92,56.77,56.79,4697.0,56.834,37
2023-07-05 12:15:00-04:00,56.79,56.81,56.7,56.8,9776.0,56.762,77
2023-07-05 12:20:00-04:00,56.78,56.78,56.67,56.67,6007.0,56.721,46
2023-07-05 12:25:00-04:00,56.68,56.75,56.64,56.73,8114.0,56.693,60
2023-07-05 12:30:00-04:00,56.75,56.85,56.69,56.76,8389.0,56.739,57
2023-07-05 12:35:00-04:00,56.78,56.78,56.69,56.74,6659.0,56.735,51
2023-07-05 12:40:00-04:00,56.76,56.81,56.7,56.7,3361.0,56.772,27
2023-07-05 12:45:00-04:00,56.7,56.83,56.69,56.82,5225.0,56.766,41
2023-07-05 12:50:00-04:00,56.8,56.85,56.79,56.81,5542.0,56.815,45
2023-07-05 12:55:00-04:00,56.82,56.85,56.81,56.82,4576.0,56.823,31
2023-07-05 13:00:00-04:00,56.81,56.87,56.81,56.85,4890.0,56.844,39
2023-07-05 13:05:00-04:00,56.85,56.88,56.84,56.87,8094.0,56.857,60
2023-07-05 13:10:00-04:00,56.86,56.86,56.79,56.8,3316.0,56.819,31
2023-07-05 13:15:00-04:00,56.8,56.88,56.77,56.87,9495.0,56.812,73
2023-07-05 13:20:00-04:00,56.89,56.94,56.89,56.94,2965.0,56.916,22
2023-07-05 13:25:00-04:00,56.93,56.96,56.87,56.91,6051.0,56.912,42
2023-07-05 13:30:00-04:00,56.91,56.92,56.84,56.85,5310.0,56.888,29
2023-07-05 13:35:00-04:00,56.86,57.06,56.86,56.98,9154.0,56.977,68
2023-07-05 13:40:00-04:00,56.98,57.06,56.98,57.03,5598.0,57.023,43
2023-07-05 13:45:00-04:00,57.03,57.07,57.01,57.04,6942.0,57.048,56
2023-07-05 13:50:00-04:00,57.03,57.07,57.01,57.02,3877.0,57.041,33
2023-07-05 13:55:00-04:00,56.96,56.99,56.92,56.92,4797.0,56.948,41
2023-07-05 14:00:00-04:00,56.93,56.93,56.87,56.89,4715.0,56.901,41
2023-07-05 14:05:00-04:00,56.88,56.89,56.8,56.82,7164.0,56.849,56
2023-07-05 14:10:00-04:00,56.81,56.82,56.76,56.77,5790.0,56.793,51
2023-07-05 14:15:00-04:00,56.76,56.76,56.67,56.68,7906.0,56.711,69
2023-07-05 14:20:00-04:00,56.66,56.67,56.6,56.67,5989.0,56.645,53
2023-07-05 14:25:00-04:00,56.67,56.73,56.65,56.65,4720.0,56.682,41
2023-07-05 14:30:00-04:00,56.65,56.65,56.6,56.63,8718.0,56.629,82
2023-07-05 14:35:00-04:00,56.63,56.63,56.52,56.53,11055.0,56.571,87
2023-07-05 14:40:00-04:00,56.52,56.57,56.51,56.56,10520.0,56.546,81
2023-07-05 14:45:00-04:00,56.57,56.62,56.54,56.55,17731.0,56.58,134
2023-07-05 14:50:00-04:00,56.55,56.62,56.52,56.59,9445.0,56.553,71
2023-07-05 14:55:00-04:00,56.6,56.73,56.59,56.72,14047.0,56.658,111
2023-07-05 15:00:00-04:00,56.71,56.74,56.65,56.67,10265.0,56.699,74
2023-07-05 15:05:00-04:00,56.68,56.73,56.65,56.7,10822.0,56.691,76
2023-07-05 15:10:00-04:00,56.72,56.77,56.7,56.75,9292.0,56.732,68
2023-07-05 15:15:00-04:00,56.74,56.78,56.72,56.75,11767.0,56.746,92
2023-07-05 15:20:00-04:00,56.77,56.77,56.63,56.68,15112.0,56.687,119
2023-07-05 15:25:00-04:00,56.69,56.74,56.68,56.73,11362.0,56.713,79
2023-07-05 15:30:00-04:00,56.73,56.85,56.72,56.85,16730.0,56.775,129
2023-07-05 15:35:00-04:00,56.85,56.85,56.73,56.75,15049.0,56.782,106
2023-07-05 15:40:00-04:00,56.74,56.75,56.66,56.71,23021.0,56.718,185
2023-07-05 15:45:00-04:00,56.71,56.8,56.65,56.73,31429.0,56.734,247
2023-07-05 15:50:00-04:00,56.73,56.75,56.63,56.68,48933.0,56.7,362
2023-07-05 15:55:00-04:00,56.68,56.7,56.62,56.64,103194.0,56.66,612
2023-07-06 09:30:00-04:00,56.29,56.42,56.14,56.18,29618.0,56.277,80
2023-07-06 09:35:00-04:00,56.12,56.3,56.11,56.25,6402.0,56.204,55
2023-07-06 09:40:00-04:00,56.23,56.23,56.01,56.02,5204.0,56.098,42
2023-07-06 09:45:00-04:00,56.0,56.34,56.0,56.3,4377.0,56.169,36
2023-07-06 09:50:00-04:00,56.33,56.52,56.33,56.4,6105.0,56.446,43
2023-07-06 09:55:00-04:00,56.33,56.45,56.32,56.38,3031.0,56.393,27
2023-07-06 10:00:00-04:00,56.38,56.43,56.34,56.41,7406.0,56.394,54
2023-07-06 10:05:00-04:00,56.43,56.51,56.34,56.34,5775.0,56.443,45
2023-07-06 10:10:00-04:00,56.34,56.34,56.24,56.32,10480.0,56.299,83
2023-07-06 10:15:00-04:00,56.33,56.33,56.02,56.02,7698.0,56.186,58
2023-07-06 10:20:00-04:00,56.03,56.06,55.88,55.93,15214.0,55.981,133
2023-07-06 10:25:00-04:00,55.92,55.93,55.86,55.88,7616.0,55.892,62
2023-07-06 10:30:00-04:00,55.93,55.98,55.91,55.98,5123.0,55.952,42
2023-07-06 10:35:00-04:00,56.01,56.01,55.78,55.81,6036.0,55.915,51
2023-07-06 10:40:00-04:00,55.79,55.91,55.77,55.91,3015.0,55.811,23
2023-07-06 10:45:00-04:00,55.9,56.0,55.89,56.0,5377.0,55.938,41
2023-07-06 10:50:00-04:00,55.99,56.04,55.96,56.01,7656.0,56.01,52
2023-07-06 10:55:00-04:00,56.02,56.04,55.96,56.03,5431.0,56.012,45
2023-07-06 11:00:00-04:00,56.05,56.11,56.02,56.1,11769.0,56.072,92
2023-07-06 11:05:00-04:00,56.1,56.11,56.01,56.01,4395.0,56.071,38
2023-07-06 11:10:00-04:00,56.01,56.03,55.9,56.03,6290.0,55.979,53
2023-07-06 11:15:00-04:00,56.04,56.06,55.96,56.01,5756.0,56.018,49
2023-07-06 11:20:00-04:00,56.02,56.02,55.89,55.94,4258.0,55.936,31
2023-07-06 11:25:00-04:00,55.94,56.05,55.93,55.98,4694.0,56.002,39
2023-07-06 11:30:00-04:00,55.99,55.99,55.84,55.91,5981.0,55.913,39
2023-07-06 11:35:00-04:00,55.88,55.89,55.8,55.8,1921.0,55.864,15
2023-07-06 11:40:00-04:00,55.83,55.89,55.83,55.86,3151.0,55.856,26
2023-07-06 11:45:00-04:00,55.88,55.96,55.85,55.96,4647.0,55.89,40
2023-07-06 11:50:00-04:00,55.92,56.01,55.89,55.98,3699.0,55.946,29
2023-07-06 11:55:00-04:00,56.0,56.05,56.0,56.05,2531.0,56.023,21
2023-07-06 12:00:00-04:00,56.06,56.07,56.03,56.04,5990.0,56.042,37
2023-07-06 12:05:00-04:00,56.05,56.08,56.0,56.08,6567.0,56.038,50
2023-07-06 12:10:00-04:00,56.08,56.1,56.01,56.02,3955.0,56.06,36
2023-07-06 12:15:00-04:00,56.03,56.07,56.02,56.03,4614.0,56.036,33
2023-07-06 12:20:00-04:00,56.04,56.06,56.03,56.04,3574.0,56.047,32
2023-07-06 12:25:00-04:00,56.05,56.07,56.04,56.06,1927.0,56.056,18
2023-07-06 12:30:00-04:00,56.08,56.19,56.07,56.16,5852.0,56.154,38
2023-07-06 12:35:00-04:00,56.12,56.12,56.05,56.06,2061.0,56.093,17
2023-07-06 12:40:00-04:00,56.08,56.15,56.04,56.04,3390.0,56.098,30
2023-07-06 12:45:00-04:00,56.05,56.12,56.05,56.09,4362.0,56.088,41
2023-07-06 12:50:00-04:00,56.1,56.12,56.08,56.1,2456.0,56.104,19
2023-07-06 12:55:00-04:00,56.11,56.12,56.02,56.02,4606.0,56.082,41
2023-07-06 13:00:00-04:00,56.03,56.03,55.97,55.98,4595.0,55.996,29
2023-07-06 13:05:00-04:00,56.0,56.06,55.99,56.0,7751.0,56.023,48
2023-07-06 13:10:00-04:00,56.03,56.07,56.01,56.05,3618.0,56.044,29
2023-07-06 13:15:00-04:00,56.05,56.05,55.96,56.01,3881.0,56.001,35
2023-07-06 13:20:00-04:00,56.02,56.09,56.0,56.06,3501.0,56.047,32
2023-07-06 13:25:00-04:00,56.09,56.12,56.02,56.06,6698.0,56.071,44
2023-07-06 13:30:00-04:00,56.11,56.11,56.06,56.08,3585.0,56.078,27
2023-07-06 13:35:00-04:00,56.06,56.09,56.02,56.09,5189.0,56.043,42
2023-07-06 13:40:00-04:00,56.1,56.12,56.06,56.09,3721.0,56.089,27
2023-07-06 13:45:00-04:00,56.08,56.09,56.04,56.09,3381.0,56.062,24
2023-07-06 13:50:00-04:00,56.11,56.11,56.04,56.05,3924.0,56.07,29
2023-07-06 13:55:00-04:00,56.03,56.09,56.02,56.07,2737.0,56.063,24
2023-07-06 14:00:00-04:00,56.08,56.11,56.06,56.11,3928.0,56.083,33
2023-07-06 14:05:00-04:00,56.12,56.18,56.12,56.13,5006.0,56.16,41
2023-07-06 14:10:00-04:00,56.13,56.13,56.0,56.0,9742.0,56.065,58
2023-07-06 14:15:00-04:00,56.0,56.03,55.97,56.01,12910.0,56.014,100
2023-07-06 14:20:00-04:00,56.0,56.0,55.98,56.0,4570.0,55.997,35
2023-07-06 14:25:00-04:00,56.01,56.01,55.97,56.0,6773.0,55.992,47
2023-07-06 14:30:00-04:00,56.0,56.07,55.99,56.06,16154.0,56.013,130
2023-07-06 14:35:00-04:00,56.05,56.05,55.98,56.0,11486.0,56.01,66
2023-07-06 14:40:00-04:00,56.01,56.14,55.99,56.14,8014.0,56.068,52
2023-07-06 14:45:00-04:00,56.16,56.16,56.13,56.14,11836.0,56.14,59
2023-07-06 14:50:00-04:00,56.16,56.17,56.08,56.14,7967.0,56.121,63
2023-07-06 14:55:00-04:00,56.15,56.17,56.12,56.15,4882.0,56.143,35
2023-07-06 15:00:00-04:00,56.15,56.2,56.13,56.13,8093.0,56.164,53
2023-07-06 15:05:00-04:00,56.12,56.13,56.02,56.08,50807.0,56.05,172
2023-07-06 15:10:00-04:00,56.09,56.17,56.06,56.16,6952.0,56.118,57
2023-07-06 15:15:00-04:00,56.15,56.17,56.09,56.13,10006.0,56.146,80
2023-07-06 15:20:00-04:00,56.13,56.17,56.08,56.16,5702.0,56.129,54
2023-07-06 15:25:00-04:00,56.16,56.21,56.16,56.19,7872.0,56.193,63
2023-07-06 15:30:00-04:00,56.19,56.21,56.1,56.1,20078.0,56.157,125
2023-07-06 15:35:00-04:00,56.11,56.18,56.1,56.13,12626.0,56.149,104
2023-07-06 15:40:00-04:00,56.13,56.14,56.07,56.08,18997.0,56.095,159
2023-07-06 15:45:00-04:00,56.09,56.13,56.04,56.12,23705.0,56.081,188
2023-07-06 15:50:00-04:00,56.13,56.21,56.1,56.18,56859.0,56.153,410
2023-07-06 15:55:00-04:00,56.18,56.27,56.14,56.26,143658.0,56.207,961
2023-07-07 09:30:00-04:00,56.13,56.73,56.13,56.73,15359.0,56.25,31
2023-07-07 09:35:00-04:00,56.71,56.72,56.53,56.6,3432.0,56.646,33
2023-07-07 09:40:00-04:00,56.51,56.65,56.51,56.55,3759.0,56.569,29
2023-07-07 09:45:00-04:00,56.57,56.7,56.49,56.68,2723.0,56.621,25
2023-07-07 09:50:00-04:00,56.7,56.94,56.7,56.83,6798.0,56.832,53
2023-07-07 09:55:00-04:00,56.8,56.81,56.73,56.74,1053.0,56.764,9
2023-07-07 10:00:00-04:00,56.77,56.8,56.66,56.66,4104.0,56.752,35
2023-07-07 10:05:00-04:00,56.68,56.68,56.6,56.65,3042.0,56.638,26
2023-07-07 10:10:00-04:00,56.66,56.71,56.56,56.62,9484.0,56.629,42
2023-07-07 10:15:00-04:00,56.58,56.58,56.48,56.58,2360.0,56.528,20
2023-07-07 10:20:00-04:00,56.64,56.71,56.64,56.71,1873.0,56.682,16
2023-07-07 10:25:00-04:00,56.71,56.82,56.63,56.8,3632.0,56.725,27
2023-07-07 10:30:00-04:00,56.76,56.76,56.7,56.76,2038.0,56.749,20
2023-07-07 10:35:00-04:00,56.82,56.91,56.82,56.88,1818.0,56.884,12
2023-07-07 10:40:00-04:00,56.88,56.93,56.83,56.83,1433.0,56.89,14
2023-07-07 10:45:00-04:00,56.82,56.82,56.74,56.78,5803.0,56.78,37
2023-07-07 10:50:00-04:00,56.81,56.87,56.81,56.85,862.0,56.832,8
2023-07-07 10:55:00-04:00,56.89,56.92,56.84,56.84,8588.0,56.876,72
2023-07-07 11:00:00-04:00,56.86,56.91,56.83,56.89,3008.0,56.86,26
2023-07-07 11:05:00-04:00,56.94,56.99,56.92,56.92,1969.0,56.956,16
2023-07-07 11:10:00-04:00,56.89,56.93,56.88,56.88,1544.0,56.907,13
2023-07-07 11:15:00-04:00,56.9,56.93,56.9,56.9,3730.0,56.917,30
2023-07-07 11:20:00-04:00,56.91,56.96,56.9,56.96,2690.0,56.928,21
2023-07-07 11:25:00-04:00,56.97,56.98,56.89,56.93,3424.0,56.933,25
2023-07-07 11:30:00-04:00,56.94,57.08,56.91,57.08,8409.0,56.993,72
2023-07-07 11:35:00-04:00,57.06,57.14,57.0,57.0,7249.0,57.092,61
2023-07-07 11:40:00-04:00,56.93,56.93,56.84,56.91,4123.0,56.882,29
2023-07-07 11:45:00-04:00,56.93,56.96,56.85,56.86,7767.0,56.881,27
2023-07-07 11:50:00-04:00,56.87,56.89,56.78,56.78,2105.0,56.863,21
2023-07-07 11:55:00-04:00,56.79,56.81,56.76,56.81,8597.0,56.788,32
2023-07-07 12:00:00-04:00,56.79,56.81,56.75,56.75,1815.0,56.782,17
2023-07-07 12:05:00-04:00,56.74,56.79,56.74,56.78,3120.0,56.76,16
2023-07-07 12:10:00-04:00,56.82,56.9,56.78,56.89,26648.0,56.883,65
2023-07-07 12:15:00-04:00,56.91,56.95,56.89,56.95,8423.0,56.905,41
2023-07-07 12:20:00-04:00,56.98,57.04,56.98,57.0,4515.0,57.013,31
2023-07-07 12:25:00-04:00,57.01,57.05,57.0,57.05,5759.0,57.037,42
2023-07-07 12:30:00-04:00,57.05,57.11,57.03,57.11,5840.0,57.057,47
2023-07-07 12:35:00-04:00,57.12,57.2,57.11,57.18,2757.0,57.169,21
2023-07-07 12:40:00-04:00,57.18,57.31,57.18,57.28,3569.0,57.245,23
2023-07-07 12:45:00-04:00,57.29,57.32,57.23,57.26,7915.0,57.271,52
2023-07-07 12:50:00-04:00,57.27,57.27,57.24,57.24,3869.0,57.263,36
2023-07-07 12:55:00-04:00,57.26,57.32,57.24,57.32,1099.0,57.277,9
2023-07-07 13:00:00-04:00,57.33,57.37,57.33,57.34,4417.0,57.347,33
2023-07-07 13:05:00-04:00,57.35,57.37,57.27,57.3,5302.0,57.335,35
2023-07-07 13:10:00-04:00,57.3,57.32,57.25,57.25,1967.0,57.278,15
2023-07-07 13:15:00-04:00,57.24,57.31,57.23,57.3,1996.0,57.269,14
2023-07-07 13:20:00-04:00,57.31,57.31,57.23,57.25,4933.0,57.27,31
2023-07-07 13:25:00-04:00,57.27,57.28,57.23,57.23,2002.0,57.259,16
2023-07-07 13:30:00-04:00,57.24,57.26,57.17,57.17,5857.0,57.223,49
2023-07-07 13:35:00-04:00,57.17,57.17,57.12,57.12,4050.0,57.142,37
2023-07-07 13:40:00-04:00,57.13,57.19,57.13,57.18,688.0,57.164,6
2023-07-07 13:45:00-04:00,57.17,57.17,57.14,57.16,2896.0,57.158,24
2023-07-07 13:50:00-04:00,57.16,57.18,57.14,57.14,2281.0,57.158,18
2023-07-07 13:55:00-04:00,57.15,57.19,57.09,57.12,4241.0,57.139,37
2023-07-07 14:00:00-04:00,57.14,57.15,57.11,57.12,5482.0,57.131,14
2023-07-07 14:05:00-04:00,57.13,57.19,57.13,57.14,2596.0,57.155,21
2023-07-07 14:10:00-04:00,57.13,57.21,57.12,57.21,3067.0,57.163,24
2023-07-07 14:15:00-04:00,57.17,57.17,57.12,57.17,6701.0,57.145,25
2023-07-07 14:20:00-04:00,57.16,57.21,57.15,57.21,2828.0,57.177,21
2023-07-07 14:25:00-04:00,57.2,57.22,57.17,57.19,4947.0,57.199,38
2023-07-07 14:30:00-04:00,57.18,57.21,57.11,57.11,7466.0,57.155,53
2023-07-07 14:35:00-04:00,57.11,57.11,57.02,57.03,3443.0,57.061,32
2023-07-07 14:40:00-04:00,57.03,57.04,56.95,56.99,6369.0,56.994,48
2023-07-07 14:45:00-04:00,56.98,57.03,56.95,56.96,7403.0,56.976,68
2023-07-07 14:50:00-04:00,56.96,57.02,56.95,57.02,3805.0,56.974,35
2023-07-07 14:55:00-04:00,57.0,57.6,57.0,57.23,152982.0,57.353,973
2023-07-07 15:00:00-04:00,57.19,57.58,57.11,57.37,97778.0,57.334,446
2023-07-07 15:05:00-04:00,57.39,57.8,57.24,57.69,116709.0,57.501,541
2023-07-07 15:10:00-04:00,57.67,57.89,57.42,57.45,70235.0,57.707,418
2023-07-07 15:15:00-04:00,57.44,57.5,57.3,57.34,26271.0,57.399,158
2023-07-07 15:20:00-04:00,57.33,57.63,57.32,57.55,28910.0,57.498,203
2023-07-07 15:25:00-04:00,57.58,57.7,57.55,57.68,23334.0,57.629,166
2023-07-07 15:30:00-04:00,57.68,57.74,57.65,57.74,26762.0,57.69,194
2023-07-07 15:35:00-04:00,57.75,57.75,57.61,57.68,33270.0,57.693,220
2023-07-07 15:40:00-04:00,57.66,57.81,57.65,57.8,77076.0,57.743,377
2023-07-07 15:45:00-04:00,57.79,57.8,57.66,57.68,69427.0,57.725,475
2023-07-07 15:50:00-04:00,57.69,57.7,57.44,57.46,69326.0,57.59,526
2023-07-07 15:55:00-04:00,57.47,57.53,57.43,57.47,90650.0,57.471,598
2023-07-10 09:30:00-04:00,55.86,56.47,55.86,56.47,45944.0,55.958,121
2023-07-10 09:35:00-04:00,56.41,56.41,56.15,56.19,3803.0,56.259,35
2023-07-10 09:40:00-04:00,56.17,56.61,56.16,56.43,17383.0,56.399,135
2023-07-10 09:45:00-04:00,56.39,56.78,56.38,56.69,8802.0,56.583,60
2023-07-10 09:50:00-04:00,56.76,57.02,56.76,57.01,13252.0,56.962,72
2023-07-10 09:55:00-04:00,56.97,57.15,56.85,57.01,7959.0,56.954,63
2023-07-10 10:00:00-04:00,57.04,57.07,56.94,56.98,5887.0,57.004,46
2023-07-10 10:05:00-04:00,56.96,57.04,56.87,56.87,2953.0,56.955,23
2023-07-10 10:10:00-04:00,56.88,56.9,56.57,56.62,11752.0,56.695,76
2023-07-10 10:15:00-04:00,56.66,56.67,56.5,56.5,5894.0,56.588,51
2023-07-10 10:20:00-04:00,56.52,56.58,56.46,56.49,5422.0,56.518,38
2023-07-10 10:25:00-04:00,56.5,56.5,56.29,56.34,6961.0,56.4,48
2023-07-10 10:30:00-04:00,56.35,56.41,56.26,56.29,6258.0,56.324,52
2023-07-10 10:35:00-04:00,56.28,56.4,56.27,56.31,7887.0,56.323,68
2023-07-10 10:40:00-04:00,56.31,56.4,56.29,56.4,4139.0,56.332,38
2023-07-10 10:45:00-04:00,56.44,56.51,56.41,56.49,4602.0,56.472,36
2023-07-10 10:50:00-04:00,56.5,56.56,56.49,56.52,3484.0,56.526,31
2023-07-10 10:55:00-04:00,56.53,56.53,56.47,56.47,2101.0,56.511,21
2023-07-11 09:30:00-04:00,56.36,56.65,56.34,56.36,24144.0,56.425,54
2023-07-11 09:35:00-04:00,56.35,56.35,55.89,56.26,10309.0,56.119,87
2023-07-11 09:40:00-04:00,56.26,56.45,56.25,56.26,6440.0,56.376,50
2023-07-11 09:45:00-04:00,56.27,56.49,56.27,56.48,4270.0,56.395,40
2023-07-11 09:50:00-04:00,56.48,56.61,56.37,56.41,14416.0,56.507,107
2023-07-11 09:55:00-04:00,56.41,56.41,56.1,56.18,17712.0,56.201,115
2023-07-11 10:00:00-04:00,56.18,56.24,56.07,56.12,12783.0,56.154,108
2023-07-11 10:05:00-04:00,56.12,56.12,55.95,56.02,12857.0,56.03,101
2023-07-11 10:10:00-04:00,56.01,56.05,55.91,55.98,10390.0,55.984,82
2023-07-11 10:15:00-04:00,55.99,56.01,55.94,55.95,8156.0,55.981,64
2023-07-11 10:20:00-04:00,55.96,55.98,55.88,55.91,8603.0,55.942,75
2023-07-11 10:25:00-04:00,55.91,56.05,55.9,56.03,6637.0,55.977,50
2023-07-11 10:30:00-04:00,56.02,56.02,55.85,55.85,8783.0,55.931,68
2023-07-11 10:35:00-04:00,55.85,55.99,55.84,55.85,7042.0,55.883,52
2023-07-11 10:40:00-04:00,55.84,55.92,55.83,55.84,9786.0,55.879,59
2023-07-11 10:45:00-04:00,55.84,55.92,55.83,55.87,7346.0,55.874,67
2023-07-11 10:50:00-04:00,55.88,55.95,55.87,55.91,6966.0,55.911,65
2023-07-11 10:55:00-04:00,55.9,55.93,55.82,55.91,5176.0,55.866,47
2023-07-11 11:00:00-04:00,55.94,55.99,55.87,55.87,8788.0,55.947,67
2023-07-11 11:05:00-04:00,55.86,55.87,55.8,55.8,19616.0,55.845,83
2023-07-11 11:10:00-04:00,55.8,55.89,55.78,55.82,8615.0,55.822,71
2023-07-11 11:15:00-04:00,55.83,55.83,55.76,55.78,4109.0,55.788,36
2023-07-11 11:20:00-04:00,55.79,55.81,55.73,55.73,7596.0,55.778,68
2023-07-11 11:25:00-04:00,55.7,55.72,55.64,55.72,7957.0,55.675,55
2023-07-11 11:30:00-04:00,55.71,55.71,55.63,55.64,7172.0,55.668,56
2023-07-11 11:35:00-04:00,55.61,55.68,55.61,55.68,6934.0,55.636,53
2023-07-11 11:40:00-04:00,55.69,55.75,55.69,55.71,4689.0,55.729,42
2023-07-11 11:45:00-04:00,55.72,55.78,55.72,55.77,3856.0,55.745,33
2023-07-11 11:50:00-04:00,55.8,55.82,55.71,55.73,5344.0,55.78,42
2023-07-11 11:55:00-04:00,55.72,55.73,55.66,55.66,2799.0,55.714,25
2023-07-11 12:00:00-04:00,55.66,55.71,55.65,55.68,4692.0,55.675,39
2023-07-11 12:05:00-04:00,55.68,55.8,55.67,55.73,6572.0,55.742,55
2023-07-11 12:10:00-04:00,55.74,55.8,55.73,55.73,7769.0,55.767,64
2023-07-11 12:15:00-04:00,55.74,55.87,55.74,55.83,5744.0,55.814,53
2023-07-11 12:20:00-04:00,55.82,55.86,55.8,55.82,4620.0,55.824,38
2023-07-11 12:25:00-04:00,55.83,55.9,55.78,55.8,8693.0,55.837,74
2023-07-11 12:30:00-04:00,55.79,55.82,55.75,55.75,5334.0,55.773,41
2023-07-11 12:35:00-04:00,55.76,55.77,55.7,55.71,5143.0,55.73,31
2023-07-11 12:40:00-04:00,55.71,55.77,55.71,55.71,3148.0,55.729,30
2023-07-11 12:45:00-04:00,55.7,55.77,55.7,55.74,4174.0,55.743,36
2023-07-11 12:50:00-04:00,55.75,55.8,55.74,55.79,5184.0,55.781,48
2023-07-11 12:55:00-04:00,55.77,55.77,55.64,55.65,5869.0,55.686,46
2023-07-11 13:00:00-04:00,55.66,55.66,55.61,55.62,7819.0,55.621,60
2023-07-11 13:05:00-04:00,55.63,55.63,55.48,55.48,50699.0,55.59,188
2023-07-11 13:10:00-04:00,55.46,55.51,55.42,55.43,7892.0,55.474,62
2023-07-11 13:15:00-04:00,55.42,55.5,55.41,55.44,14825.0,55.453,93
2023-07-11 13:20:00-04:00,55.43,55.45,55.36,55.37,7594.0,55.406,46
2023-07-11 13:25:00-04:00,55.36,55.56,55.36,55.54,6875.0,55.475,45
2023-07-11 13:30:00-04:00,55.53,55.53,55.46,55.47,8843.0,55.5,63
2023-07-11 13:35:00-04:00,55.47,55.71,55.46,55.66,10840.0,55.616,85
2023-07-11 13:40:00-04:00,55.67,55.79,55.66,55.76,11467.0,55.732,82
2023-07-11 13:45:00-04:00,55.76,55.9,55.74,55.9,5078.0,55.791,38
2023-07-11 13:50:00-04:00,55.89,55.89,55.86,55.86,4731.0,55.873,32
2023-07-11 13:55:00-04:00,55.87,55.93,55.8,55.8,6215.0,55.878,54
2023-07-11 14:00:00-04:00,55.79,55.84,55.78,55.83,2182.0,55.8,19
2023-07-11 14:05:00-04:00,55.84,55.87,55.83,55.84,4199.0,55.849,37
2023-07-11 14:10:00-04:00,55.8,55.8,55.71,55.73,7867.0,55.757,68
2023-07-11 14:15:00-04:00,55.72,55.78,55.7,55.77,2821.0,55.734,25
2023-07-11 14:20:00-04:00,55.77,55.81,55.75,55.81,4931.0,55.783,36
2023-07-11 14:25:00-04:00,55.81,55.82,55.75,55.78,6409.0,55.786,53
2023-07-11 14:30:00-04:00,55.79,55.8,55.76,55.77,2958.0,55.786,26
2023-07-11 14:35:00-04:00,55.77,55.77,55.72,55.73,5392.0,55.752,44
2023-07-11 14:40:00-04:00,55.73,55.79,55.73,55.77,10259.0,55.762,76
2023-07-11 14:45:00-04:00,55.78,55.78,55.68,55.69,6492.0,55.733,56
2023-07-11 14:50:00-04:00,55.68,55.71,55.62,55.64,8243.0,55.656,58
2023-07-11 14:55:00-04:00,55.65,55.7,55.65,55.69,7226.0,55.677,61
2023-07-11 15:00:00-04:00,55.69,55.69,55.64,55.69,7488.0,55.667,67
2023-07-11 15:05:00-04:00,55.7,55.78,55.66,55.77,9945.0,55.715,86
2023-07-11 15:10:00-04:00,55.77,55.78,55.73,55.78,6904.0,55.763,60
2023-07-11 15:15:00-04:00,55.79,55.87,55.77,55.87,17142.0,55.805,112
2023-07-11 15:20:00-04:00,55.87,55.96,55.87,55.95,11472.0,55.912,91
2023-07-11 15:25:00-04:00,55.94,55.96,55.88,55.94,9758.0,55.92,79
2023-07-11 15:30:00-04:00,55.93,55.97,55.85,55.86,10029.0,55.914,88
2023-07-11 15:35:00-04:00,55.86,55.9,55.82,55.82,11928.0,55.868,102
2023-07-11 15:40:00-04:00,55.83,55.92,55.81,55.89,20428.0,55.854,161
2023-07-11 15:45:00-04:00,55.88,56.01,55.88,56.01,20369.0,55.95,176
2023-07-11 15:50:00-04:00,56.01,56.08,56.01,56.03,38663.0,56.048,289
2023-07-11 15:55:00-04:00,56.03,56.2,55.99,56.19,126873.0,56.125,664
2023-07-12 09:30:00-04:00,56.82,57.04,56.8,56.86,14637.0,56.845,26
2023-07-12 09:35:00-04:00,56.87,57.0,56.41,56.43,10691.0,56.771,93
2023-07-12 09:40:00-04:00,56.38,56.63,56.21,56.63,11572.0,56.352,91
2023-07-12 09:45:00-04:00,56.56,56.68,56.45,56.55,10615.0,56.546,72
2023-07-12 09:50:00-04:00,56.59,56.63,56.47,56.53,10147.0,56.563,85
2023-07-12 09:55:00-04:00,56.54,56.7,56.49,56.67,43657.0,56.588,142
2023-07-12 10:00:00-04:00,56.67,56.87,56.45,56.52,12141.0,56.642,106
2023-07-12 10:05:00-04:00,56.49,56.68,56.45,56.65,8556.0,56.547,74
2023-07-12 10:10:00-04:00,56.63,56.86,56.62,56.86,11511.0,56.785,85
2023-07-12 10:15:00-04:00,56.86,56.87,56.62,56.62,7834.0,56.748,71
2023-07-12 10:20:00-04:00,56.62,56.63,56.55,56.57,7811.0,56.573,65
2023-07-12 10:25:00-04:00,56.57,56.8,56.55,56.8,5071.0,56.678,45
2023-07-12 10:30:00-04:00,56.8,56.92,56.78,56.84,7249.0,56.847,62
2023-07-12 10:35:00-04:00,56.87,56.89,56.79,56.87,6187.0,56.836,54
2023-07-12 10:40:00-04:00,56.87,56.93,56.82,56.88,6844.0,56.867,59
2023-07-12 10:45:00-04:00,56.87,56.95,56.83,56.92,5431.0,56.917,47
2023-07-12 10:50:00-04:00,56.92,56.96,56.86,56.88,5131.0,56.916,47
2023-07-12 10:55:00-04:00,56.86,56.9,56.8,56.87,15175.0,56.853,124
2023-07-12 11:00:00-04:00,56.87,56.95,56.85,56.91,10406.0,56.903,48
2023-07-12 11:05:00-04:00,56.93,56.95,56.75,56.78,15544.0,56.818,125
2023-07-12 11:10:00-04:00,56.78,56.84,56.75,56.79,26091.0,56.813,106
2023-07-12 11:15:00-04:00,56.77,56.86,56.75,56.86,9415.0,56.777,85
2023-07-12 11:20:00-04:00,56.83,56.94,56.81,56.93,3183.0,56.865,30
2023-07-12 11:25:00-04:00,56.94,56.95,56.87,56.94,2381.0,56.914,21
2023-07-12 11:30:00-04:00,56.91,56.99,56.9,56.9,4181.0,56.943,34
2023-07-12 11:35:00-04:00,56.93,56.94,56.9,56.9,5910.0,56.911,49
2023-07-12 11:40:00-04:00,56.92,56.94,56.82,56.91,27740.0,56.895,99
2023-07-12 11:45:00-04:00,56.89,56.97,56.88,56.96,6922.0,56.928,46
2023-07-12 11:50:00-04:00,56.97,56.98,56.92,56.95,4378.0,56.954,37
2023-07-12 11:55:00-04:00,56.97,56.99,56.85,56.87,6698.0,56.927,57
2023-07-12 12:00:00-04:00,56.85,56.88,56.81,56.83,5684.0,56.84,49
2023-07-12 12:05:00-04:00,56.85,56.93,56.85,56.91,4638.0,56.894,40
2023-07-12 12:10:00-04:00,56.91,57.03,56.91,57.03,7415.0,56.997,54
2023-07-12 12:15:00-04:00,57.02,57.03,56.91,56.91,9491.0,56.969,72
2023-07-12 12:20:00-04:00,56.91,57.03,56.91,57.02,4805.0,56.968,36
2023-07-12 12:25:00-04:00,57.02,57.06,56.96,56.97,4981.0,57.022,45
2023-07-12 12:30:00-04:00,56.97,57.0,56.93,57.0,5725.0,56.956,49
2023-07-12 12:35:00-04:00,57.01,57.02,56.94,56.98,10746.0,56.98,68
2023-07-12 12:40:00-04:00,56.95,57.06,56.95,57.04,41106.0,57.026,105
2023-07-12 12:45:00-04:00,57.02,57.07,57.0,57.05,2956.0,57.03,29
2023-07-12 12:50:00-04:00,57.07,57.13,57.02,57.13,5608.0,57.068,45
2023-07-12 12:55:00-04:00,57.14,57.16,57.08,57.09,4255.0,57.111,27
2023-07-12 13:00:00-04:00,57.08,57.16,57.08,57.14,4733.0,57.126,30
2023-07-12 13:05:00-04:00,57.13,57.2,57.12,57.17,1110.0,57.151,11
2023-07-12 13:10:00-04:00,57.18,57.22,57.17,57.22,3557.0,57.205,31
2023-07-12 13:15:00-04:00,57.26,57.31,57.23,57.31,3672.0,57.263,34
2023-07-12 13:20:00-04:00,57.3,57.31,57.26,57.27,4356.0,57.281,39
2023-07-12 13:25:00-04:00,57.26,57.28,57.24,57.26,2878.0,57.257,25
2023-07-12 13:30:00-04:00,57.28,57.31,57.25,57.28,3490.0,57.279,30
2023-07-12 13:35:00-04:00,57.31,57.35,57.25,57.34,11479.0,57.291,83
2023-07-12 13:40:00-04:00,57.33,57.33,57.25,57.27,4715.0,57.289,37
2023-07-12 13:45:00-04:00,57.26,57.31,57.25,57.29,3839.0,57.283,30
2023-07-12 13:50:00-04:00,57.27,57.28,57.17,57.19,7425.0,57.242,61
2023-07-12 13:55:00-04:00,57.19,57.2,57.12,57.16,5540.0,57.172,48
2023-07-12 14:00:00-04:00,57.14,57.27,57.14,57.26,9276.0,57.204,67
2023-07-12 14:05:00-04:00,57.25,57.27,57.11,57.11,36809.0,57.238,111
2023-07-12 14:10:00-04:00,57.13,57.13,57.05,57.05,8030.0,57.075,59
2023-07-12 14:15:00-04:00,57.07,57.13,57.05,57.09,5588.0,57.096,46
2023-07-12 14:20:00-04:00,57.1,57.2,57.09,57.1,6967.0,57.143,54
2023-07-12 14:25:00-04:00,57.08,57.11,57.07,57.08,2680.0,57.089,23
2023-07-12 14:30:00-04:00,57.08,57.13,57.08,57.09,4264.0,57.096,35
2023-07-12 14:35:00-04:00,57.09,57.12,57.08,57.11,8189.0,57.099,57
2023-07-12 14:40:00-04:00,57.08,57.08,57.0,57.0,23379.0,57.053,83
2023-07-12 14:45:00-04:00,57.0,57.01,56.93,56.95,6040.0,56.964,53
2023-07-12 14:50:00-04:00,56.95,56.95,56.9,56.91,14343.0,56.935,65
2023-07-12 14:55:00-04:00,56.91,56.93,56.87,56.91,3111.0,56.899,29
2023-07-12 15:00:00-04:00,56.92,56.93,56.87,56.87,6822.0,56.898,55
2023-07-12 15:05:00-04:00,56.87,56.93,56.84,56.93,4339.0,56.867,39
2023-07-12 15:10:00-04:00,56.92,56.96,56.92,56.93,4273.0,56.94,36
2023-07-12 15:15:00-04:00,56.94,56.96,56.88,56.88,3978.0,56.934,31
2023-07-12 15:20:00-04:00,56.89,56.91,56.77,56.78,8543.0,56.843,69
2023-07-12 15:25:00-04:00,56.77,56.82,56.74,56.77,8412.0,56.772,74
2023-07-12 15:30:00-04:00,56.76,56.82,56.73,56.79,9461.0,56.772,86
2023-07-12 15:35:00-04:00,56.79,56.82,56.74,56.78,8018.0,56.783,71
2023-07-12 15:40:00-04:00,56.78,56.85,56.77,56.84,20770.0,56.814,177
2023-07-12 15:45:00-04:00,56.84,56.88,56.75,56.77,28030.0,56.804,231
2023-07-12 15:50:00-04:00,56.77,56.8,56.69,56.73,42945.0,56.752,354
2023-07-12 15:55:00-04:00,56.73,56.77,56.69,56.75,86726.0,56.729,555
2023-07-13 09:30:00-04:00,56.46,56.73,56.46,56.59,11369.0,56.684,24
2023-07-13 09:35:00-04:00,56.62,56.8,56.5,56.73,3539.0,56.622,33
2023-07-13 09:40:00-04:00,56.76,56.84,56.62,56.78,4224.0,56.752,35
2023-07-13 09:45:00-04:00,56.82,56.93,56.81,56.89,700.0,56.881,4
2023-07-13 09:50:00-04:00,56.89,56.89,56.74,56.82,2934.0,56.81,25
2023-07-13 09:55:00-04:00,56.79,56.89,56.79,56.83,624.0,56.839,6
2023-07-13 10:00:00-04:00,56.88,56.88,56.82,56.88,2693.0,56.844,24
2023-07-13 10:05:00-04:00,56.89,57.0,56.89,56.98,5293.0,56.94,40
2023-07-13 10:10:00-04:00,56.99,57.0,56.9,56.9,4876.0,56.975,44
2023-07-13 10:15:00-04:00,56.89,56.89,56.82,56.84,3730.0,56.846,31
2023-07-13 10:20:00-04:00,56.83,56.88,56.75,56.87,3293.0,56.827,30
2023-07-13 10:25:00-04:00,56.89,56.91,56.84,56.89,3599.0,56.887,33
2023-07-13 10:30:00-04:00,56.88,56.93,56.86,56.88,6248.0,56.896,41
2023-07-13 10:35:00-04:00,56.87,56.88,56.63,56.63,13373.0,56.744,81
2023-07-13 10:40:00-04:00,56.6,56.66,56.56,56.64,6453.0,56.607,49
2023-07-13 10:45:00-04:00,56.66,56.68,56.53,56.6,8992.0,56.635,55
2023-07-13 10:50:00-04:00,56.58,56.66,56.56,56.64,4300.0,56.615,33
2023-07-13 10:55:00-04:00,56.63,56.78,56.63,56.76,4145.0,56.721,32
2023-07-13 11:00:00-04:00,56.78,56.8,56.7,56.71,7646.0,56.745,53
2023-07-13 11:05:00-04:00,56.72,56.76,56.68,56.69,3550.0,56.718,24
2023-07-13 11:10:00-04:00,56.7,56.71,56.66,56.69,3151.0,56.691,22
2023-07-13 11:15:00-04:00,56.7,56.76,56.68,56.76,6884.0,56.712,47
2023-07-13 11:20:00-04:00,56.74,56.75,56.68,56.68,5789.0,56.732,46
2023-07-13 11:25:00-04:00,56.69,56.73,56.63,56.72,9546.0,56.681,66
2023-07-13 11:30:00-04:00,56.72,56.72,56.6,56.65,6923.0,56.635,57
2023-07-13 11:35:00-04:00,56.65,56.66,56.58,56.64,6694.0,56.628,42
2023-07-13 11:40:00-04:00,56.63,56.67,56.6,56.61,4473.0,56.636,32
2023-07-13 11:45:00-04:00,56.6,56.63,56.54,56.58,6073.0,56.578,50
2023-07-13 11:50:00-04:00,56.58,56.6,56.48,56.52,7737.0,56.523,49
2023-07-13 11:55:00-04:00,56.51,56.7,56.5,56.7,6685.0,56.561,45
2023-07-13 12:00:00-04:00,56.71,56.71,56.55,56.66,5366.0,56.648,41
2023-07-13 12:05:00-04:00,56.65,56.65,56.6,56.61,3120.0,56.625,27
2023-07-13 12:10:00-04:00,56.62,56.62,56.58,56.61,1658.0,56.598,12
2023-07-13 12:15:00-04:00,56.61,56.63,56.34,56.48,48815.0,56.476,271
2023-07-13 12:20:00-04:00,56.47,56.52,56.46,56.52,6651.0,56.483,47
2023-07-13 12:25:00-04:00,56.52,56.6,56.52,56.59,1203.0,56.573,9
2023-07-13 12:30:00-04:00,56.6,56.61,56.48,56.52,8328.0,56.546,58
2023-07-13 12:35:00-04:00,56.54,56.55,56.5,56.52,4340.0,56.52,32
2023-07-13 12:40:00-04:00,56.57,56.57,56.53,56.56,4126.0,56.551,33
2023-07-13 12:45:00-04:00,56.57,56.58,56.52,56.52,2550.0,56.555,21
2023-07-13 12:50:00-04:00,56.54,56.56,56.48,56.48,5247.0,56.527,36
2023-07-13 12:55:00-04:00,56.46,56.49,56.42,56.49,3129.0,56.452,26
2023-07-13 13:00:00-04:00,56.5,56.5,56.44,56.49,2331.0,56.475,19
2023-07-13 13:05:00-04:00,56.49,56.5,56.47,56.47,5016.0,56.485,41
2023-07-13 13:10:00-04:00,56.47,56.51,56.45,56.48,3957.0,56.486,22
2023-07-13 13:15:00-04:00,56.49,56.55,56.49,56.52,5031.0,56.527,37
2023-07-13 13:20:00-04:00,56.52,56.52,56.5,56.52,2026.0,56.516,18
2023-07-13 13:25:00-04:00,56.52,56.56,56.52,56.56,1567.0,56.535,14
2023-07-13 13:30:00-04:00,56.56,56.59,56.53,56.53,4919.0,56.562,39
2023-07-13 13:35:00-04:00,56.53,56.53,56.44,56.47,2641.0,56.473,25
2023-07-13 13:40:00-04:00,56.47,56.5,56.47,56.5,1831.0,56.483,16
2023-07-13 13:45:00-04:00,56.5,56.54,56.5,56.53,4970.0,56.522,36
2023-07-13 13:50:00-04:00,56.54,56.56,56.51,56.51,5932.0,56.545,53
2023-07-13 13:55:00-04:00,56.52,56.52,56.44,56.49,4943.0,56.48,41
2023-07-13 14:00:00-04:00,56.49,56.56,56.49,56.56,12969.0,56.529,33
2023-07-13 14:05:00-04:00,56.56,56.58,56.51,56.54,11567.0,56.549,60
2023-07-13 14:10:00-04:00,56.55,56.57,56.49,56.54,28281.0,56.505,37
2023-07-13 14:15:00-04:00,56.55,56.56,56.48,56.48,7139.0,56.512,58
2023-07-13 14:20:00-04:00,56.5,56.56,56.45,56.48,15551.0,56.526,52
2023-07-13 14:25:00-04:00,56.49,56.54,56.46,56.47,7597.0,56.507,42
2023-07-13 14:30:00-04:00,56.49,56.49,56.44,56.44,2745.0,56.463,25
2023-07-13 14:35:00-04:00,56.45,56.47,56.44,56.45,3354.0,56.455,29
2023-07-13 14:40:00-04:00,56.46,56.51,56.45,56.48,8188.0,56.485,57
2023-07-13 14:45:00-04:00,56.48,56.51,56.39,56.4,8609.0,56.459,62
2023-07-13 14:50:00-04:00,56.39,56.4,56.37,56.37,4047.0,56.385,32
2023-07-13 14:55:00-04:00,56.38,56.41,56.37,56.39,5905.0,56.391,43
2023-07-13 15:00:00-04:00,56.38,56.39,56.29,56.29,2945.0,56.34,24
2023-07-13 15:05:00-04:00,56.3,56.32,56.26,56.27,5269.0,56.295,40
2023-07-13 15:10:00-04:00,56.27,56.37,56.26,56.29,9325.0,56.314,73
2023-07-13 15:15:00-04:00,56.3,56.31,56.23,56.27,6880.0,56.273,55
2023-07-13 15:20:00-04:00,56.28,56.35,56.28,56.34,6963.0,56.323,52
2023-07-13 15:25:00-04:00,56.35,56.35,56.33,56.34,7088.0,56.341,56
2023-07-13 15:30:00-04:00,56.34,56.37,56.33,56.35,9560.0,56.355,76
2023-07-13 15:35:00-04:00,56.35,56.38,56.33,56.38,6423.0,56.359,52
2023-07-13 15:40:00-04:00,56.37,56.43,56.37,56.38,17234.0,56.406,129
2023-07-13 15:45:00-04:00,56.38,56.39,56.25,56.26,17303.0,56.318,131
2023-07-13 15:50:00-04:00,56.26,56.34,56.23,56.33,34849.0,56.289,220
2023-07-13 15:55:00-04:00,56.33,56.38,56.28,56.34,77198.0,56.333,478
2023-07-14 09:30:00-04:00,56.23,56.23,55.89,56.04,13174.0,56.12,48
2023-07-14 09:35:00-04:00,56.02,56.02,55.72,55.79,9135.0,55.791,76
2023-07-14 09:40:00-04:00,55.75,55.76,55.64,55.69,8536.0,55.714,63
2023-07-14 09:45:00-04:00,55.69,55.91,55.66,55.91,4397.0,55.785,35
2023-07-14 09:50:00-04:00,55.88,55.88,55.8,55.81,2342.0,55.849,18
2023-07-14 09:55:00-04:00,55.75,55.77,55.62,55.65,5115.0,55.698,38
2023-07-14 10:00:00-04:00,55.59,55.67,55.52,55.65,6103.0,55.591,52
2023-07-14 10:05:00-04:00,55.61,55.62,55.48,55.48,6091.0,55.557,49
2023-07-14 10:10:00-04:00,55.51,55.6,55.5,55.58,7376.0,55.55,58
2023-07-14 10:15:00-04:00,55.6,55.64,55.37,55.39,17231.0,55.525,115
2023-07-14 10:20:00-04:00,55.38,55.49,55.35,55.42,14674.0,55.394,118
2023-07-14 10:25:00-04:00,55.4,55.41,55.33,55.34,11573.0,55.365,83
2023-07-14 10:30:00-04:00,55.34,55.39,55.29,55.39,19492.0,55.322,126
2023-07-14 10:35:00-04:00,55.36,55.4,55.32,55.4,8275.0,55.356,57
2023-07-14 10:40:00-04:00,55.4,55.56,55.4,55.5,9370.0,55.502,80
2023-07-14 10:45:00-04:00,55.53,55.55,55.45,55.51,8216.0,55.504,69
2023-07-14 10:50:00-04:00,55.49,55.6,55.49,55.54,9590.0,55.524,47
2023-07-14 10:55:00-04:00,55.55,55.61,55.49,55.49,6362.0,55.539,58
2023-07-14 11:00:00-04:00,55.51,55.52,55.47,55.49,13372.0,55.495,107
2023-07-14 11:05:00-04:00,55.52,55.55,55.47,55.5,6898.0,55.503,48
2023-07-14 11:10:00-04:00,55.5,55.57,55.49,55.54,4665.0,55.522,42
2023-07-14 11:15:00-04:00,55.55,55.66,55.55,55.62,13471.0,55.602,81
2023-07-14 11:20:00-04:00,55.61,55.72,55.61,55.72,6941.0,55.656,54
2023-07-14 11:25:00-04:00,55.73,55.8,55.72,55.79,7192.0,55.759,58
2023-07-14 11:30:00-04:00,55.81,55.84,55.71,55.71,13660.0,55.803,98
2023-07-14 11:35:00-04:00,55.71,55.93,55.69,55.93,11243.0,55.824,87
2023-07-14 11:40:00-04:00,55.93,55.93,55.68,55.76,11637.0,55.813,100
2023-07-14 11:45:00-04:00,55.76,55.76,55.7,55.74,8833.0,55.729,76
2023-07-14 11:50:00-04:00,55.74,55.75,55.62,55.66,9942.0,55.675,85
2023-07-14 11:55:00-04:00,55.67,55.79,55.67,55.79,9482.0,55.731,79
2023-07-14 12:00:00-04:00,55.8,55.81,55.73,55.73,7902.0,55.753,69
2023-07-14 12:05:00-04:00,55.73,55.75,55.64,55.65,9520.0,55.697,67
2023-07-14 12:10:00-04:00,55.64,55.71,55.62,55.69,6625.0,55.65,51
2023-07-14 12:15:00-04:00,55.69,55.77,55.68,55.74,5529.0,55.721,44
2023-07-14 12:20:00-04:00,55.75,55.75,55.67,55.69,7838.0,55.702,66
2023-07-14 12:25:00-04:00,55.68,55.72,55.67,55.67,8413.0,55.693,65
2023-07-14 12:30:00-04:00,55.66,55.68,55.63,55.66,8725.0,55.653,78
2023-07-14 12:35:00-04:00,55.65,55.68,55.59,55.6,8903.0,55.647,66
2023-07-14 12:40:00-04:00,55.62,55.63,55.59,55.62,6529.0,55.609,55
2023-07-14 12:45:00-04:00,55.65,55.71,55.63,55.69,6028.0,55.661,49
2023-07-14 12:50:00-04:00,55.71,55.76,55.7,55.72,5479.0,55.727,44
2023-07-14 12:55:00-04:00,55.74,55.75,55.68,55.75,5364.0,55.721,45
2023-07-14 13:00:00-04:00,55.75,55.76,55.68,55.7,11666.0,55.718,99
2023-07-14 13:05:00-04:00,55.69,55.71,55.67,55.71,9819.0,55.693,74
2023-07-14 13:10:00-04:00,55.7,55.84,55.69,55.82,9057.0,55.759,63
2023-07-14 13:15:00-04:00,55.83,55.93,55.83,55.91,5030.0,55.885,41
2023-07-14 13:20:00-04:00,55.93,55.98,55.91,55.91,7436.0,55.94,63
2023-07-14 13:25:00-04:00,55.91,56.04,55.91,56.03,11678.0,55.981,87
2023-07-14 13:30:00-04:00,56.03,56.06,56.01,56.03,9109.0,56.037,79
2023-07-14 13:35:00-04:00,56.05,56.17,56.05,56.15,7334.0,56.124,63
2023-07-14 13:40:00-04:00,56.15,56.16,56.07,56.07,9350.0,56.107,85
2023-07-14 13:45:00-04:00,56.08,56.12,56.06,56.08,8736.0,56.088,59
2023-07-14 13:50:00-04:00,56.09,56.16,56.07,56.16,6033.0,56.116,47
2023-07-14 13:55:00-04:00,56.16,56.17,56.14,56.14,5170.0,56.153,35
2023-07-14 14:00:00-04:00,56.15,56.23,56.15,56.18,7876.0,56.193,66
2023-07-14 14:05:00-04:00,56.18,56.24,56.17,56.21,6226.0,56.216,45
2023-07-14 14:10:00-04:00,56.21,56.35,56.2,56.35,13949.0,56.269,95
2023-07-14 14:15:00-04:00,56.35,56.4,56.29,56.29,10170.0,56.357,69
2023-07-14 14:20:00-04:00,56.3,56.3,56.22,56.26,8076.0,56.245,68
2023-07-14 14:25:00-04:00,56.24,56.27,56.24,56.24,6673.0,56.254,56
2023-07-14 14:30:00-04:00,56.24,56.27,56.15,56.15,21701.0,56.228,136
2023-07-14 14:35:00-04:00,56.18,56.26,56.15,56.26,6084.0,56.19,53
2023-07-14 14:40:00-04:00,56.26,56.32,56.26,56.32,7089.0,56.279,60
2023-07-14 14:45:00-04:00,56.33,56.4,56.32,56.39,12917.0,56.351,100
2023-07-14 14:50:00-04:00,56.4,56.41,56.34,56.41,12114.0,56.381,83
2023-07-14 14:55:00-04:00,56.42,56.44,56.35,56.38,14512.0,56.39,114
2023-07-14 15:00:00-04:00,56.39,56.39,56.16,56.16,26294.0,56.294,158
2023-07-14 15:05:00-04:00,56.17,56.19,56.01,56.1,20936.0,56.065,163
2023-07-14 15:10:00-04:00,56.14,56.25,56.14,56.25,8726.0,56.213,58
2023-07-14 15:15:00-04:00,56.27,56.31,56.26,56.27,7671.0,56.277,57
2023-07-14 15:20:00-04:00,56.28,56.28,56.15,56.15,10945.0,56.201,81
2023-07-14 15:25:00-04:00,56.16,56.19,56.13,56.19,9541.0,56.166,68
2023-07-14 15:30:00-04:00,56.19,56.22,56.16,56.18,13101.0,56.183,103
2023-07-14 15:35:00-04:00,56.18,56.19,56.07,56.1,16942.0,56.131,116
2023-07-14 15:40:00-04:00,56.1,56.14,56.05,56.06,15987.0,56.102,116
2023-07-14 15:45:00-04:00,56.06,56.2,56.06,56.2,19994.0,56.134,147
2023-07-14 15:50:00-04:00,56.2,56.31,56.18,56.31,46726.0,56.257,286
2023-07-14 15:55:00-04:00,56.31,56.34,56.2,56.29,73349.0,56.266,464
2023-07-17 09:30:00-04:00,56.1,56.15,55.83,56.01,10008.0,56.091,13
2023-07-17 09:35:00-04:00,55.93,56.01,55.61,55.66,5229.0,55.841,41
2023-07-17 09:40:00-04:00,55.68,55.77,55.59,55.59,1575.0,55.689,14
2023-07-17 09:45:00-04:00,55.62,55.7,55.58,55.61,4192.0,55.637,34
2023-07-17 09:50:00-04:00,55.6,55.7,55.6,55.65,5251.0,55.654,35
2023-07-17 09:55:00-04:00,55.64,55.83,55.64,55.83,4555.0,55.736,37
2023-07-17 10:00:00-04:00,55.88,55.93,55.82,55.87,11665.0,55.876,98
2023-07-17 10:05:00-04:00,55.86,55.97,55.82,55.89,14927.0,55.907,125
2023-07-17 10:10:00-04:00,55.85,55.98,55.85,55.92,4951.0,55.926,41
2023-07-17 10:15:00-04:00,55.94,56.04,55.92,55.96,3727.0,55.967,32
2023-07-17 10:20:00-04:00,55.95,56.01,55.84,55.87,3716.0,55.926,30
2023-07-17 10:25:00-04:00,55.81,55.83,55.77,55.78,2121.0,55.807,19
2023-07-17 10:30:00-04:00,55.79,55.79,55.6,55.61,2405.0,55.708,19
2023-07-17 10:35:00-04:00,55.6,55.7,55.53,55.66,6174.0,55.635,40
2023-07-17 10:40:00-04:00,55.63,55.65,55.54,55.54,5595.0,55.596,40
2023-07-17 10:45:00-04:00,55.55,55.69,55.55,55.66,5739.0,55.639,51
2023-07-17 10:50:00-04:00,55.65,55.76,55.62,55.64,4045.0,55.689,32
2023-07-17 10:55:00-04:00,55.64,55.66,55.59,55.61,5835.0,55.624,43
2023-07-17 11:00:00-04:00,55.67,55.85,55.67,55.82,8937.0,55.745,64
2023-07-17 11:05:00-04:00,55.83,55.84,55.8,55.84,3720.0,55.816,21
2023-07-17 11:10:00-04:00,55.85,56.03,55.84,56.03,5600.0,55.951,43
2023-07-17 11:15:00-04:00,56.07,56.14,56.05,56.12,5655.0,56.099,48
2023-07-17 11:20:00-04:00,56.15,56.23,56.13,56.22,5159.0,56.168,43
2023-07-17 11:25:00-04:00,56.22,56.22,56.16,56.17,5712.0,56.186,41
2023-07-17 11:30:00-04:00,56.17,56.23,56.17,56.2,5028.0,56.199,27
2023-07-17 11:35:00-04:00,56.2,56.26,56.17,56.26,1967.0,56.227,17
2023-07-17 11:40:00-04:00,56.28,56.28,56.2,56.28,2691.0,56.245,21
2023-07-17 11:45:00-04:00,56.27,56.28,56.22,56.22,2457.0,56.252,19
2023-07-17 11:50:00-04:00,56.22,56.23,56.18,56.22,3587.0,56.198,19
2023-07-17 11:55:00-04:00,56.22,56.26,56.18,56.21,1858.0,56.212,14
2023-07-17 12:00:00-04:00,56.2,56.22,56.16,56.16,2151.0,56.19,16
2023-07-17 12:05:00-04:00,56.16,56.19,56.15,56.15,1680.0,56.173,11
2023-07-17 12:10:00-04:00,56.16,56.22,56.15,56.15,2972.0,56.185,26
2023-07-17 12:15:00-04:00,56.16,56.17,56.03,56.04,4450.0,56.091,17
2023-07-17 12:20:00-04:00,56.04,56.04,55.95,56.0,7787.0,55.99,54
2023-07-17 12:25:00-04:00,56.01,56.04,56.01,56.03,987.0,56.016,7
2023-07-17 12:30:00-04:00,56.02,56.03,55.98,55.98,5365.0,56.012,34
2023-07-17 12:35:00-04:00,55.96,55.96,55.89,55.93,2279.0,55.918,18
2023-07-17 12:40:00-04:00,55.91,55.96,55.91,55.94,1662.0,55.936,14
2023-07-17 12:45:00-04:00,55.94,55.94,55.88,55.89,1981.0,55.91,17
2023-07-17 12:50:00-04:00,55.88,55.91,55.87,55.9,3140.0,55.886,30
2023-07-17 12:55:00-04:00,55.92,55.94,55.89,55.9,3083.0,55.925,26
2023-07-17 13:00:00-04:00,55.91,55.93,55.89,55.9,1763.0,55.915,15
2023-07-17 13:05:00-04:00,55.88,55.89,55.83,55.85,4351.0,55.864,33
2023-07-17 13:10:00-04:00,55.85,55.85,55.79,55.79,2082.0,55.816,15
2023-07-17 13:15:00-04:00,55.79,55.81,55.77,55.79,2325.0,55.788,16
2023-07-17 13:20:00-04:00,55.86,55.87,55.81,55.82,2553.0,55.842,20
2023-07-17 13:25:00-04:00,55.8,55.84,55.8,55.83,1879.0,55.815,15
2023-07-17 13:30:00-04:00,55.83,55.83,55.81,55.83,1633.0,55.822,12
2023-07-17 13:35:00-04:00,55.84,55.84,55.79,55.79,4269.0,55.827,31
2023-07-17 13:40:00-04:00,55.8,55.8,55.75,55.75,3257.0,55.777,17
2023-07-17 13:45:00-04:00,55.74,55.76,55.72,55.73,2583.0,55.742,21
2023-07-17 13:50:00-04:00,55.71,55.71,55.68,55.68,1603.0,55.696,14
2023-07-17 13:55:00-04:00,55.66,55.66,55.61,55.64,3080.0,55.641,24
2023-07-17 14:00:00-04:00,55.67,55.7,55.65,55.7,1928.0,55.672,16
2023-07-17 14:05:00-04:00,55.7,55.76,55.7,55.72,3176.0,55.737,26
2023-07-17 14:10:00-04:00,55.72,55.73,55.7,55.71,2540.0,55.712,22
2023-07-17 14:15:00-04:00,55.7,55.75,55.68,55.74,10071.0,55.7,69
2023-07-17 14:20:00-04:00,55.76,55.76,55.73,55.74,1686.0,55.746,14
2023-07-17 14:25:00-04:00,55.74,55.81,55.74,55.8,5227.0,55.777,40
2023-07-17 14:30:00-04:00,55.81,55.84,55.77,55.79,5046.0,55.809,38
2023-07-17 14:35:00-04:00,55.8,55.8,55.67,55.67,3082.0,55.752,26
2023-07-17 14:40:00-04:00,55.67,55.72,55.67,55.7,2722.0,55.698,24
2023-07-17 14:45:00-04:00,55.71,55.75,55.7,55.75,3378.0,55.724,32
2023-07-17 14:50:00-04:00,55.75,55.83,55.74,55.83,1801.0,55.78,16
2023-07-17 14:55:00-04:00,55.83,55.86,55.82,55.86,2931.0,55.847,25
2023-07-17 15:00:00-04:00,55.86,55.9,55.86,55.86,3970.0,55.873,36
2023-07-17 15:05:00-04:00,55.86,55.9,55.86,55.89,3109.0,55.885,26
2023-07-17 15:10:00-04:00,55.9,56.01,55.89,55.98,6985.0,55.946,43
2023-07-17 15:15:00-04:00,56.0,56.07,55.96,56.06,5732.0,55.999,46
2023-07-17 15:20:00-04:00,56.05,56.07,55.97,56.0,4878.0,56.023,39
2023-07-17 15:25:00-04:00,56.0,56.0,55.97,55.98,4810.0,55.985,37
2023-07-17 15:30:00-04:00,55.98,56.0,55.94,55.97,12282.0,55.97,105
2023-07-17 15:35:00-04:00,55.96,55.99,55.94,55.98,8855.0,55.963,61
2023-07-17 15:40:00-04:00,55.98,56.04,55.98,55.99,11639.0,56.0,89
2023-07-17 15:45:00-04:00,55.98,56.07,55.95,56.06,14347.0,56.008,109
2023-07-17 15:50:00-04:00,56.05,56.06,55.99,56.02,25286.0,56.024,204
2023-07-17 15:55:00-04:00,56.02,56.03,55.91,55.96,74691.0,55.973,456
2023-07-18 09:30:00-04:00,55.93,55.93,55.81,55.86,10063.0,55.898,24
2023-07-18 09:35:00-04:00,55.89,56.18,55.89,56.15,4771.0,56.085,39
2023-07-18 09:40:00-04:00,56.17,56.26,56.13,56.23,3396.0,56.188,21
2023-07-18 09:45:00-04:00,56.24,56.25,56.11,56.19,1592.0,56.172,15
2023-07-18 09:50:00-04:00,56.21,56.26,56.2,56.26,2592.0,56.218,23
2023-07-18 09:55:00-04:00,56.28,56.38,56.28,56.35,3995.0,56.326,33
2023-07-18 10:00:00-04:00,56.34,56.36,56.23,56.36,3736.0,56.286,33
2023-07-18 10:05:00-04:00,56.36,56.43,56.34,56.37,4717.0,56.378,44
2023-07-18 10:10:00-04:00,56.37,56.42,56.34,56.39,1804.0,56.37,15
2023-07-18 10:15:00-04:00,56.35,56.35,56.25,56.29,3765.0,56.3,32
2023-07-18 10:20:00-04:00,56.26,56.36,56.26,56.36,1156.0,56.309,10
2023-07-18 10:25:00-04:00,56.38,56.45,56.36,56.4,7264.0,56.389,34
2023-07-18 10:30:00-04:00,56.43,56.45,56.32,56.32,3455.0,56.399,32
2023-07-18 10:35:00-04:00,56.32,56.35,56.28,56.28,2633.0,56.32,25
2023-07-18 10:40:00-04:00,56.29,56.33,56.22,56.23,5312.0,56.296,34
2023-07-18 10:45:00-04:00,56.29,56.4,56.29,56.4,2207.0,56.369,16
2023-07-18 10:50:00-04:00,56.4,56.51,56.39,56.51,5059.0,56.449,40
2023-07-18 10:55:00-04:00,56.51,56.57,56.48,56.55,6913.0,56.513,49
2023-07-18 11:00:00-04:00,56.55,56.56,56.54,56.55,700.0,56.552,6
2023-07-18 11:05:00-04:00,56.53,56.58,56.52,56.55,2796.0,56.549,25
2023-07-18 11:10:00-04:00,56.57,56.57,56.46,56.52,26130.0,56.53,75
2023-07-18 11:15:00-04:00,56.55,56.55,56.4,56.43,7244.0,56.461,56
2023-07-18 11:20:00-04:00,56.45,56.47,56.42,56.42,1451.0,56.446,13
2023-07-18 11:25:00-04:00,56.41,56.41,56.32,56.34,1981.0,56.362,16
2023-07-18 11:30:00-04:00,56.33,56.35,56.27,56.3,3965.0,56.307,30
2023-07-18 11:35:00-04:00,56.32,56.34,56.29,56.3,1950.0,56.311,17
2023-07-18 11:40:00-04:00,56.29,56.29,56.1,56.1,3634.0,56.186,29
2023-07-18 11:45:00-04:00,56.08,56.11,56.06,56.09,2591.0,56.092,25
2023-07-18 11:50:00-04:00,56.1,56.12,56.05,56.12,2760.0,56.079,24
2023-07-18 11:55:00-04:00,56.11,56.15,56.08,56.1,3675.0,56.119,31
2023-07-18 12:00:00-04:00,56.1,56.13,55.96,55.96,2330.0,56.028,18
2023-07-18 12:05:00-04:00,55.97,55.99,55.93,55.98,3614.0,55.955,27
2023-07-18 12:10:00-04:00,55.96,56.01,55.95,56.01,2201.0,55.977,20
2023-07-18 12:15:00-04:00,56.01,56.02,55.99,56.01,2107.0,56.006,18
2023-07-18 12:20:00-04:00,56.0,56.0,55.8,55.82,3762.0,55.899,32
2023-07-18 12:25:00-04:00,55.77,55.77,55.69,55.7,3131.0,55.728,28
2023-07-18 12:30:00-04:00,55.68,55.71,55.65,55.67,2281.0,55.676,19
2023-07-18 12:35:00-04:00,55.66,55.68,55.6,55.62,10203.0,55.64,55
2023-07-18 12:40:00-04:00,55.62,55.65,55.6,55.6,1853.0,55.621,16
2023-07-18 12:45:00-04:00,55.58,55.62,55.52,55.62,2567.0,55.562,20
2023-07-18 12:50:00-04:00,55.65,55.74,55.64,55.74,3027.0,55.684,25
2023-07-18 12:55:00-04:00,55.74,55.77,55.74,55.75,4062.0,55.754,27
2023-07-18 13:00:00-04:00,55.76,55.82,55.73,55.82,2537.0,55.759,19
2023-07-18 13:05:00-04:00,55.84,55.87,55.83,55.83,1977.0,55.857,17
2023-07-18 13:10:00-04:00,55.83,55.84,55.82,55.84,795.0,55.828,6
2023-07-18 13:15:00-04:00,55.85,55.85,55.78,55.81,5627.0,55.809,47
2023-07-18 13:20:00-04:00,55.8,55.81,55.73,55.8,4969.0,55.765,48
2023-07-18 13:25:00-04:00,55.8,55.81,55.7,55.71,2326.0,55.751,23
2023-07-18 13:30:00-04:00,55.68,55.7,55.6,55.61,4073.0,55.643,37
2023-07-18 13:35:00-04:00,55.61,55.71,55.61,55.71,3010.0,55.661,29
2023-07-18 13:40:00-04:00,55.72,55.82,55.71,55.81,3218.0,55.773,31
2023-07-18 13:45:00-04:00,55.8,55.82,55.78,55.8,3259.0,55.797,28
2023-07-18 13:50:00-04:00,55.77,55.81,55.77,55.78,2536.0,55.793,25
2023-07-18 13:55:00-04:00,55.77,55.82,55.75,55.82,3009.0,55.788,28
2023-07-18 14:00:00-04:00,55.83,55.86,55.82,55.83,4524.0,55.836,38
2023-07-18 14:05:00-04:00,55.83,55.89,55.83,55.87,4742.0,55.858,46
2023-07-18 14:10:00-04:00,55.88,55.96,55.88,55.96,2895.0,55.931,28
2023-07-18 14:15:00-04:00,55.95,55.98,55.91,55.96,2937.0,55.945,28
2023-07-18 14:20:00-04:00,55.96,56.0,55.94,55.99,3116.0,55.961,29
2023-07-18 14:25:00-04:00,55.99,56.05,55.98,56.04,2885.0,56.01,27
2023-07-18 14:30:00-04:00,56.04,56.11,56.04,56.08,4867.0,56.074,40
2023-07-18 14:35:00-04:00,56.07,56.07,55.97,55.98,3150.0,56.015,24
2023-07-18 14:40:00-04:00,55.97,55.98,55.88,55.88,2925.0,55.919,26
2023-07-18 14:45:00-04:00,55.89,55.96,55.87,55.91,5036.0,55.909,46
2023-07-18 14:50:00-04:00,55.92,55.93,55.87,55.87,2508.0,55.899,24
2023-07-18 14:55:00-04:00,55.86,55.96,55.86,55.96,4820.0,55.907,37
2023-07-18 15:00:00-04:00,55.97,55.98,55.9,55.94,4886.0,55.929,38
2023-07-18 15:05:00-04:00,55.94,56.05,55.94,56.04,5154.0,55.973,47
2023-07-18 15:10:00-04:00,56.05,56.13,56.05,56.12,3233.0,56.107,29
2023-07-18 15:15:00-04:00,56.13,56.16,56.08,56.08,4449.0,56.132,39
2023-07-18 15:20:00-04:00,56.1,56.15,56.09,56.14,4560.0,56.113,41
2023-07-18 15:25:00-04:00,56.15,56.17,56.14,56.16,3376.0,56.157,29
2023-07-18 15:30:00-04:00,56.16,56.18,56.13,56.16,7179.0,56.154,61
2023-07-18 15:35:00-04:00,56.16,56.2,56.14,56.2,6821.0,56.161,61
2023-07-18 15:40:00-04:00,56.21,56.32,56.21,56.28,13662.0,56.272,105
2023-07-18 15:45:00-04:00,56.28,56.36,56.28,56.33,15245.0,56.32,130
2023-07-18 15:50:00-04:00,56.34,56.35,56.2,56.23,23774.0,56.25,194
2023-07-18 15:55:00-04:00,56.23,56.28,56.1,56.21,165711.0,56.223,931
2023-07-19 09:30:00-04:00,56.0,56.41,55.95,56.38,23547.0,56.037,38
2023-07-19 09:35:00-04:00,56.39,56.49,56.33,56.33,2445.0,56.376,21
2023-07-19 09:40:00-04:00,56.32,56.32,56.16,56.21,5409.0,56.237,42
2023-07-19 09:45:00-04:00,56.2,56.39,56.19,56.36,4070.0,56.271,30
2023-07-19 09:50:00-04:00,56.42,56.52,56.42,56.47,5573.0,56.465,47
2023-07-19 09:55:00-04:00,56.5,56.51,56.44,56.44,3136.0,56.467,25
2023-07-19 10:00:00-04:00,56.43,56.52,56.39,56.52,4954.0,56.438,38
2023-07-19 10:05:00-04:00,56.53,56.53,56.43,56.49,9114.0,56.477,42
2023-07-19 10:10:00-04:00,56.51,56.57,56.49,56.53,4029.0,56.538,33
2023-07-19 10:15:00-04:00,56.52,56.68,56.52,56.64,5530.0,56.607,42
2023-07-19 10:20:00-04:00,56.63,56.84,56.62,56.79,12878.0,56.777,91
2023-07-19 10:25:00-04:00,56.8,56.84,56.68,56.69,9103.0,56.805,67
2023-07-19 10:30:00-04:00,56.7,56.7,56.59,56.6,3814.0,56.642,34
2023-07-19 10:35:00-04:00,56.6,56.62,56.5,56.51,2307.0,56.562,21
2023-07-19 10:40:00-04:00,56.49,56.57,56.44,56.44,3505.0,56.509,29
2023-07-19 10:45:00-04:00,56.44,56.44,56.36,56.36,2789.0,56.393,26
2023-07-19 10:50:00-04:00,56.37,56.43,56.22,56.3,30178.0,56.315,193
2023-07-19 10:55:00-04:00,56.27,56.46,56.26,56.46,7045.0,56.365,57
2023-07-19 11:00:00-04:00,56.46,56.49,56.38,56.38,6622.0,56.435,50
2023-07-19 11:05:00-04:00,56.41,56.43,56.28,56.36,17672.0,56.341,92
2023-07-19 11:10:00-04:00,56.37,56.38,56.29,56.35,15791.0,56.343,52
2023-07-19 11:15:00-04:00,56.34,56.38,56.31,56.34,3110.0,56.346,29
2023-07-19 11:20:00-04:00,56.34,56.35,56.27,56.28,5666.0,56.301,44
2023-07-19 11:25:00-04:00,56.27,56.29,56.23,56.28,9396.0,56.267,78
2023-07-19 11:30:00-04:00,56.3,56.41,56.3,56.41,4064.0,56.357,33
2023-07-19 11:35:00-04:00,56.41,56.45,56.37,56.45,6850.0,56.406,63
2023-07-19 11:40:00-04:00,56.47,56.5,56.44,56.49,5944.0,56.468,47
2023-07-19 11:45:00-04:00,56.49,56.49,56.43,56.45,2807.0,56.451,21
2023-07-19 11:50:00-04:00,56.45,56.45,56.36,56.4,5528.0,56.411,48
2023-07-19 11:55:00-04:00,56.39,56.4,56.31,56.31,1829.0,56.361,14
2023-07-19 12:00:00-04:00,56.33,56.4,56.26,56.26,7510.0,56.352,59
2023-07-19 12:05:00-04:00,56.28,56.28,56.16,56.25,6485.0,56.218,50
2023-07-19 12:10:00-04:00,56.24,56.26,56.2,56.25,3146.0,56.234,24
2023-07-19 12:15:00-04:00,56.27,56.35,56.27,56.35,7745.0,56.31,56
2023-07-19 12:20:00-04:00,56.36,56.37,56.32,56.35,3156.0,56.344,28
2023-07-19 12:25:00-04:00,56.38,56.38,56.33,56.36,4651.0,56.351,36
2023-07-19 12:30:00-04:00,56.37,56.37,56.28,56.28,4187.0,56.322,30
2023-07-19 12:35:00-04:00,56.28,56.3,56.19,56.3,5305.0,56.232,39
2023-07-19 12:40:00-04:00,56.28,56.36,56.28,56.33,3582.0,56.317,29
2023-07-19 12:45:00-04:00,56.32,56.38,56.3,56.38,4065.0,56.331,36
2023-07-19 12:50:00-04:00,56.38,56.45,56.36,56.44,6702.0,56.399,51
2023-07-19 12:55:00-04:00,56.43,56.47,56.42,56.47,3793.0,56.439,29
2023-07-19 13:00:00-04:00,56.48,56.53,56.44,56.53,3637.0,56.47,30
2023-07-19 13:05:00-04:00,56.5,56.55,56.5,56.55,3918.0,56.529,35
2023-07-19 13:10:00-04:00,56.58,56.63,56.55,56.63,5985.0,56.573,51
2023-07-19 13:15:00-04:00,56.61,56.63,56.55,56.57,7657.0,56.588,58
2023-07-19 13:20:00-04:00,56.56,56.58,56.52,56.52,8637.0,56.551,69
2023-07-19 13:25:00-04:00,56.53,56.57,56.51,56.54,4589.0,56.542,39
2023-07-19 13:30:00-04:00,56.53,56.53,56.49,56.5,3938.0,56.514,35
2023-07-19 13:35:00-04:00,56.5,56.57,56.5,56.52,3967.0,56.527,35
2023-07-19 13:40:00-04:00,56.5,56.58,56.49,56.57,7644.0,56.519,62
2023-07-19 13:45:00-04:00,56.58,56.61,56.56,56.6,1887.0,56.592,17
2023-07-19 13:50:00-04:00,56.61,56.65,56.61,56.65,4041.0,56.633,24
2023-07-19 13:55:00-04:00,56.65,56.7,56.64,56.7,5330.0,56.666,36
2023-07-19 14:00:00-04:00,56.71,56.73,56.68,56.7,2760.0,56.707,26
2023-07-19 14:05:00-04:00,56.71,56.77,56.7,56.77,8045.0,56.729,62
2023-07-19 14:10:00-04:00,56.76,56.8,56.74,56.77,8080.0,56.769,76
2023-07-19 14:15:00-04:00,56.77,56.78,56.63,56.68,6249.0,56.717,52
2023-07-19 14:20:00-04:00,56.67,56.7,56.66,56.68,4475.0,56.68,32
2023-07-19 14:25:00-04:00,56.68,56.71,56.65,56.71,3080.0,56.674,25
2023-07-19 14:30:00-04:00,56.7,56.82,56.7,56.81,3811.0,56.766,34
2023-07-19 14:35:00-04:00,56.8,56.87,56.79,56.85,4146.0,56.824,36
2023-07-19 14:40:00-04:00,56.86,56.88,56.82,56.83,6940.0,56.86,43
2023-07-19 14:45:00-04:00,56.82,56.87,56.76,56.85,6890.0,56.806,50
2023-07-19 14:50:00-04:00,56.85,56.89,56.81,56.86,3985.0,56.857,34
2023-07-19 14:55:00-04:00,56.86,56.9,56.84,56.9,7687.0,56.873,73
2023-07-19 15:00:00-04:00,56.89,56.9,56.86,56.88,6140.0,56.881,56
2023-07-19 15:05:00-04:00,56.88,56.92,56.86,56.87,6760.0,56.893,50
2023-07-19 15:10:00-04:00,56.88,56.88,56.8,56.82,3791.0,56.843,32
2023-07-19 15:15:00-04:00,56.82,56.84,56.81,56.82,6904.0,56.821,52
2023-07-19 15:20:00-04:00,56.82,56.82,56.75,56.75,5190.0,56.799,45
2023-07-19 15:25:00-04:00,56.76,56.8,56.74,56.74,11497.0,56.769,97
2023-07-19 15:30:00-04:00,56.73,56.82,56.73,56.77,11675.0,56.766,104
2023-07-19 15:35:00-04:00,56.76,56.81,56.69,56.81,9559.0,56.728,72
2023-07-19 15:40:00-04:00,56.81,57.0,56.79,56.98,41458.0,56.908,316
2023-07-19 15:45:00-04:00,56.99,57.0,56.86,56.88,20144.0,56.901,154
2023-07-19 15:50:00-04:00,56.89,57.03,56.87,56.89,55748.0,56.931,394
2023-07-19 15:55:00-04:00,56.9,57.02,56.87,56.99,106788.0,56.96,518
2023-07-20 09:30:00-04:00,57.26,57.26,57.0,57.19,20030.0,57.207,67
2023-07-20 09:35:00-04:00,57.2,57.31,57.09,57.09,6448.0,57.203,52
2023-07-20 09:40:00-04:00,57.01,57.13,56.94,56.99,3637.0,57.027,33
2023-07-20 09:45:00-04:00,57.01,57.09,56.87,56.97,5862.0,57.003,44
2023-07-20 09:50:00-04:00,56.99,57.08,56.94,57.08,3749.0,56.996,34
2023-07-20 09:55:00-04:00,57.09,57.15,57.01,57.13,3964.0,57.079,39
2023-07-20 10:00:00-04:00,57.2,57.21,57.04,57.11,9077.0,57.115,74
2023-07-20 10:05:00-04:00,57.09,57.15,57.05,57.07,10434.0,57.105,97
2023-07-20 10:10:00-04:00,57.08,57.09,56.96,57.01,9903.0,57.011,61
2023-07-20 10:15:00-04:00,56.99,57.17,56.99,57.17,5746.0,57.07,52
2023-07-20 10:20:00-04:00,57.18,57.2,57.12,57.18,3924.0,57.157,30
2023-07-20 10:25:00-04:00,57.18,57.2,57.08,57.16,5728.0,57.137,46
2023-07-20 10:30:00-04:00,57.14,57.15,57.05,57.05,3794.0,57.113,32
2023-07-20 10:35:00-04:00,57.02,57.17,57.02,57.08,3859.0,57.105,35
2023-07-20 10:40:00-04:00,57.06,57.12,56.98,57.02,3166.0,57.06,29
2023-07-20 10:45:00-04:00,57.03,57.07,56.99,57.0,4111.0,57.033,35
2023-07-20 10:50:00-04:00,57.0,57.08,56.99,57.01,6483.0,57.034,56
2023-07-20 10:55:00-04:00,57.01,57.02,56.93,57.0,3829.0,56.987,37
2023-07-20 11:00:00-04:00,57.0,57.07,56.98,57.03,2866.0,57.026,26
2023-07-20 11:05:00-04:00,57.04,57.05,56.96,57.05,2134.0,57.009,20
2023-07-20 11:10:00-04:00,57.06,57.12,57.05,57.09,2921.0,57.081,25
2023-07-20 11:15:00-04:00,57.09,57.23,57.08,57.22,4377.0,57.146,39
2023-07-20 11:20:00-04:00,57.23,57.23,57.1,57.1,3243.0,57.156,30
2023-07-20 11:25:00-04:00,57.1,57.21,57.08,57.18,5007.0,57.151,24
2023-07-20 11:30:00-04:00,57.18,57.22,57.13,57.18,8180.0,57.167,39
2023-07-20 11:35:00-04:00,57.18,57.24,57.17,57.24,3889.0,57.21,36
2023-07-20 11:40:00-04:00,57.25,57.27,57.23,57.25,3695.0,57.252,29
2023-07-20 11:45:00-04:00,57.26,57.26,57.14,57.21,4573.0,57.19,32
2023-07-20 11:50:00-04:00,57.2,57.29,57.19,57.29,3342.0,57.241,28
2023-07-20 11:55:00-04:00,57.3,57.37,57.3,57.34,2599.0,57.333,25
2023-07-20 12:00:00-04:00,57.37,57.48,57.37,57.48,2708.0,57.427,22
2023-07-20 12:05:00-04:00,57.47,57.5,57.41,57.5,3738.0,57.46,32
2023-07-20 12:10:00-04:00,57.51,57.58,57.5,57.5,6032.0,57.549,40
2023-07-20 12:15:00-04:00,57.5,57.52,57.43,57.43,5520.0,57.469,51
2023-07-20 12:20:00-04:00,57.42,57.44,57.33,57.35,3765.0,57.378,28
2023-07-20 12:25:00-04:00,57.32,57.49,57.31,57.46,5398.0,57.408,45
2023-07-20 12:30:00-04:00,57.45,57.49,57.44,57.44,3122.0,57.456,23
2023-07-20 12:35:00-04:00,57.45,57.49,57.42,57.44,2400.0,57.464,23
2023-07-20 12:40:00-04:00,57.47,57.54,57.45,57.45,3849.0,57.503,33
2023-07-20 12:45:00-04:00,57.43,57.45,57.4,57.41,1934.0,57.427,16
2023-07-20 12:50:00-04:00,57.41,57.41,57.33,57.38,3475.0,57.374,30
2023-07-20 12:55:00-04:00,57.38,57.38,57.31,57.31,2716.0,57.354,18
2023-07-20 13:00:00-04:00,57.32,57.33,57.3,57.33,2043.0,57.317,18
2023-07-20 13:05:00-04:00,57.31,57.4,57.31,57.39,2001.0,57.367,19
2023-07-20 13:10:00-04:00,57.39,57.43,57.33,57.33,3726.0,57.4,28
2023-07-20 13:15:00-04:00,57.32,57.34,57.3,57.31,1826.0,57.313,18
2023-07-20 13:20:00-04:00,57.31,57.38,57.31,57.36,2977.0,57.359,28
2023-07-20 13:25:00-04:00,57.37,57.38,57.36,57.38,1200.0,57.372,11
2023-07-20 13:30:00-04:00,57.37,57.37,57.3,57.34,2364.0,57.324,22
2023-07-20 13:35:00-04:00,57.36,57.36,57.27,57.27,2206.0,57.331,18
2023-07-20 13:40:00-04:00,57.27,57.33,57.26,57.31,1912.0,57.303,19
2023-07-20 13:45:00-04:00,57.3,57.33,57.28,57.31,2373.0,57.304,19
2023-07-20 13:50:00-04:00,57.32,57.34,57.3,57.3,1719.0,57.327,16
2023-07-20 13:55:00-04:00,57.31,57.31,57.27,57.29,1615.0,57.293,14
2023-07-20 14:00:00-04:00,57.29,57.37,57.29,57.37,1917.0,57.339,18
2023-07-20 14:05:00-04:00,57.38,57.43,57.38,57.42,2401.0,57.409,24
2023-07-20 14:10:00-04:00,57.4,57.41,57.37,57.39,2507.0,57.397,20
2023-07-20 14:15:00-04:00,57.39,57.46,57.38,57.46,4926.0,57.423,46
2023-07-20 14:20:00-04:00,57.46,57.54,57.45,57.54,3629.0,57.503,35
2023-07-20 14:25:00-04:00,57.55,57.55,57.42,57.44,3762.0,57.483,33
2023-07-20 14:30:00-04:00,57.46,57.51,57.43,57.5,2752.0,57.475,26
2023-07-20 14:35:00-04:00,57.5,57.56,57.47,57.55,5627.0,57.501,45
2023-07-20 14:40:00-04:00,57.55,57.56,57.45,57.46,4564.0,57.5,36
2023-07-20 14:45:00-04:00,57.46,57.53,57.45,57.5,6118.0,57.512,36
2023-07-20 14:50:00-04:00,57.5,57.53,57.48,57.51,4163.0,57.506,34
2023-07-20 14:55:00-04:00,57.49,57.5,57.42,57.42,3827.0,57.455,34
2023-07-20 15:00:00-04:00,57.43,57.45,57.37,57.4,6070.0,57.415,57
2023-07-20 15:05:00-04:00,57.4,57.47,57.4,57.44,6373.0,57.437,60
2023-07-20 15:10:00-04:00,57.45,57.52,57.45,57.48,4651.0,57.487,44
2023-07-20 15:15:00-04:00,57.47,57.47,57.39,57.41,4944.0,57.423,42
2023-07-20 15:20:00-04:00,57.41,57.43,57.35,57.36,4153.0,57.394,33
2023-07-20 15:25:00-04:00,57.35,57.35,57.28,57.31,9478.0,57.322,81
2023-07-20 15:30:00-04:00,57.32,57.4,57.32,57.32,10435.0,57.362,93
2023-07-20 15:35:00-04:00,57.32,57.38,57.3,57.31,11899.0,57.334,106
2023-07-20 15:40:00-04:00,57.31,57.35,57.24,57.25,13267.0,57.302,106
2023-07-20 15:45:00-04:00,57.26,57.33,57.24,57.31,15743.0,57.287,129
2023-07-20 15:50:00-04:00,57.33,57.34,57.28,57.31,25711.0,57.306,207
2023-07-20 15:55:00-04:00,57.32,57.44,57.31,57.44,59199.0,57.383,408
2023-07-21 09:30:00-04:00,57.39,57.53,57.31,57.36,33936.0,57.391,15
2023-07-21 09:35:00-04:00,57.28,57.34,57.13,57.34,1800.0,57.253,15
2023-07-21 09:40:00-04:00,57.37,57.49,57.12,57.13,15892.0,57.245,126
2023-07-21 09:45:00-04:00,57.1,57.12,56.88,56.97,7665.0,57.025,64
2023-07-21 09:50:00-04:00,56.97,57.0,56.85,57.0,4103.0,56.911,31
2023-07-21 09:55:00-04:00,57.05,57.05,56.97,57.03,2249.0,56.999,18
2023-07-21 10:00:00-04:00,57.02,57.16,56.98,57.08,7728.0,57.061,64
2023-07-21 10:05:00-04:00,57.1,57.18,57.0,57.18,4290.0,57.088,37
2023-07-21 10:10:00-04:00,57.2,57.27,57.11,57.21,5699.0,57.184,55
2023-07-21 10:15:00-04:00,57.21,57.34,57.19,57.32,14940.0,57.232,61
2023-07-21 10:20:00-04:00,57.32,57.34,57.3,57.3,2222.0,57.321,21
2023-07-21 10:25:00-04:00,57.32,57.35,57.28,57.28,4745.0,57.309,40
2023-07-21 10:30:00-04:00,57.29,57.41,57.27,57.36,3710.0,57.348,30
2023-07-21 10:35:00-04:00,57.4,57.54,57.4,57.53,2881.0,57.466,23
2023-07-21 10:40:00-04:00,57.52,57.52,57.39,57.42,1843.0,57.438,18
2023-07-21 10:45:00-04:00,57.4,57.41,57.29,57.33,3497.0,57.35,32
2023-07-21 10:50:00-04:00,57.3,57.34,57.27,57.3,1308.0,57.307,12
2023-07-21 10:55:00-04:00,57.32,57.36,57.29,57.34,2074.0,57.333,17
2023-07-21 11:00:00-04:00,57.34,57.34,57.29,57.34,3108.0,57.321,25
2023-07-21 11:05:00-04:00,57.33,57.49,57.32,57.47,10055.0,57.408,91
2023-07-21 11:10:00-04:00,57.5,57.51,57.37,57.37,2610.0,57.448,22
2023-07-21 11:15:00-04:00,57.39,57.46,57.38,57.46,2835.0,57.439,24
2023-07-21 11:20:00-04:00,57.45,57.46,57.34,57.34,2478.0,57.399,20
2023-07-21 11:25:00-04:00,57.36,57.38,57.35,57.38,1678.0,57.36,14
2023-07-21 11:30:00-04:00,57.4,57.43,57.38,57.43,1860.0,57.408,17
2023-07-21 11:35:00-04:00,57.4,57.49,57.39,57.48,3292.0,57.458,26
2023-07-21 11:40:00-04:00,57.49,57.49,57.44,57.45,4380.0,57.461,36
2023-07-21 11:45:00-04:00,57.44,57.56,57.44,57.56,8224.0,57.483,75
2023-07-21 11:50:00-04:00,57.57,57.58,57.5,57.51,3932.0,57.549,34
2023-07-21 11:55:00-04:00,57.5,57.52,57.47,57.51,2630.0,57.497,24
2023-07-21 12:00:00-04:00,57.49,57.5,57.39,57.4,2739.0,57.437,23
2023-07-21 12:05:00-04:00,57.38,57.39,57.33,57.39,4723.0,57.354,34
2023-07-21 12:10:00-04:00,57.39,57.39,57.36,57.37,2486.0,57.369,22
2023-07-21 12:15:00-04:00,57.36,57.49,57.36,57.49,8593.0,57.425,74
2023-07-21 12:20:00-04:00,57.49,57.58,57.49,57.55,2036.0,57.551,19
2023-07-21 12:25:00-04:00,57.54,57.54,57.39,57.39,2242.0,57.47,21
2023-07-21 12:30:00-04:00,57.4,57.42,57.36,57.4,4512.0,57.388,37
2023-07-21 12:35:00-04:00,57.38,57.41,57.33,57.36,4903.0,57.363,37
2023-07-21 12:40:00-04:00,57.36,57.49,57.35,57.48,7681.0,57.441,56
2023-07-21 12:45:00-04:00,57.46,57.46,57.41,57.41,3173.0,57.436,30
2023-07-21 12:50:00-04:00,57.41,57.44,57.41,57.44,3144.0,57.429,26
2023-07-21 12:55:00-04:00,57.42,57.42,57.37,57.42,3958.0,57.393,30
2023-07-21 13:00:00-04:00,57.4,57.4,57.36,57.4,3811.0,57.373,33
2023-07-21 13:05:00-04:00,57.4,57.47,57.39,57.47,3010.0,57.432,18
2023-07-21 13:10:00-04:00,57.48,57.59,57.48,57.59,3549.0,57.534,30
2023-07-21 13:15:00-04:00,57.6,57.66,57.6,57.6,5081.0,57.627,42
2023-07-21 13:20:00-04:00,57.61,57.61,57.57,57.59,3973.0,57.584,28
2023-07-21 13:25:00-04:00,57.59,57.62,57.58,57.58,4409.0,57.596,31
2023-07-21 13:30:00-04:00,57.58,57.67,57.58,57.67,2657.0,57.629,17
2023-07-21 13:35:00-04:00,57.67,57.67,57.61,57.65,2801.0,57.648,19
2023-07-21 13:40:00-04:00,57.63,57.64,57.57,57.57,1707.0,57.613,15
2023-07-21 13:45:00-04:00,57.52,57.57,57.52,57.57,1843.0,57.551,13
2023-07-21 13:50:00-04:00,57.55,57.6,57.54,57.6,2904.0,57.573,25
2023-07-21 13:55:00-04:00,57.58,57.59,57.56,57.57,1550.0,57.567,13
2023-07-21 14:00:00-04:00,57.58,57.59,57.5,57.5,3939.0,57.551,32
2023-07-21 14:05:00-04:00,57.5,57.5,57.43,57.5,4301.0,57.479,26
2023-07-21 14:10:00-04:00,57.49,57.5,57.44,57.46,1635.0,57.475,12
2023-07-21 14:15:00-04:00,57.43,57.46,57.39,57.46,6754.0,57.415,54
2023-07-21 14:20:00-04:00,57.43,57.44,57.37,57.38,3569.0,57.414,28
2023-07-21 14:25:00-04:00,57.36,57.41,57.36,57.38,4267.0,57.389,38
2023-07-21 14:30:00-04:00,57.4,57.44,57.37,57.43,4049.0,57.4,31
2023-07-21 14:35:00-04:00,57.44,57.5,57.43,57.48,3472.0,57.462,27
2023-07-21 14:40:00-04:00,57.49,57.5,57.45,57.48,5677.0,57.478,48
2023-07-21 14:45:00-04:00,57.49,57.57,57.49,57.55,2997.0,57.541,29
2023-07-21 14:50:00-04:00,57.54,57.56,57.52,57.56,4026.0,57.54,35
2023-07-21 14:55:00-04:00,57.55,57.65,57.53,57.64,4068.0,57.595,34
2023-07-21 15:00:00-04:00,57.63,57.66,57.58,57.62,4066.0,57.623,31
2023-07-21 15:05:00-04:00,57.61,57.61,57.56,57.58,4416.0,57.579,26
2023-07-21 15:10:00-04:00,57.53,57.61,57.52,57.61,3584.0,57.56,29
2023-07-21 15:15:00-04:00,57.62,57.67,57.61,57.67,3785.0,57.644,26
2023-07-21 15:20:00-04:00,57.67,57.68,57.62,57.63,9290.0,57.648,70
2023-07-21 15:25:00-04:00,57.63,57.68,57.62,57.68,4689.0,57.657,38
2023-07-21 15:30:00-04:00,57.68,57.73,57.63,57.66,13311.0,57.677,101
2023-07-21 15:35:00-04:00,57.67,57.71,57.63,57.64,7337.0,57.673,60
2023-07-21 15:40:00-04:00,57.64,57.68,57.56,57.57,8777.0,57.623,79
2023-07-21 15:45:00-04:00,57.56,57.56,57.5,57.51,12081.0,57.528,103
2023-07-21 15:50:00-04:00,57.48,57.61,57.43,57.59,22844.0,57.534,182
2023-07-21 15:55:00-04:00,57.6,57.66,57.58,57.58,45208.0,57.612,302
2023-07-24 09:30:00-04:00,57.53,58.13,57.44,58.07,34093.0,57.695,100
2023-07-24 09:35:00-04:00,58.04,58.08,57.8,57.92,4255.0,57.963,37
2023-07-24 09:40:00-04:00,57.92,58.07,57.8,57.94,4198.0,57.894,40
2023-07-24 09:45:00-04:00,57.88,58.02,57.88,57.9,2520.0,57.935,24
2023-07-24 09:50:00-04:00,57.9,57.9,57.75,57.9,4357.0,57.835,35
2023-07-24 09:55:00-04:00,57.96,57.96,57.62,57.65,4438.0,57.805,38
2023-07-24 10:00:00-04:00,57.66,57.69,57.53,57.64,3499.0,57.627,27
2023-07-24 10:05:00-04:00,57.63,57.73,57.58,57.69,6308.0,57.643,36
2023-07-24 10:10:00-04:00,57.72,57.72,57.55,57.55,1473.0,57.628,14
2023-07-24 10:15:00-04:00,57.53,57.54,57.45,57.46,2995.0,57.5,26
2023-07-24 10:20:00-04:00,57.44,57.48,57.43,57.45,2913.0,57.461,21
2023-07-24 10:25:00-04:00,57.44,57.51,57.44,57.49,2981.0,57.473,27
2023-07-24 10:30:00-04:00,57.49,57.55,57.43,57.49,4326.0,57.474,41
2023-07-24 10:35:00-04:00,57.51,57.55,57.51,57.54,3288.0,57.53,22
2023-07-24 10:40:00-04:00,57.57,57.59,57.51,57.57,3486.0,57.549,32
2023-07-24 10:45:00-04:00,57.6,57.62,57.59,57.59,1787.0,57.597,15
2023-07-24 10:50:00-04:00,57.57,57.58,57.48,57.51,11448.0,57.524,71
2023-07-24 10:55:00-04:00,57.51,57.54,57.41,57.52,6594.0,57.489,54
2023-07-24 11:00:00-04:00,57.52,57.52,57.4,57.41,3845.0,57.462,33
2023-07-24 11:05:00-04:00,57.4,57.44,57.35,57.39,6120.0,57.389,60
2023-07-24 11:10:00-04:00,57.39,57.63,57.39,57.63,3068.0,57.509,27
2023-07-24 11:15:00-04:00,57.65,57.69,57.63,57.66,2050.0,57.662,19
2023-07-24 11:20:00-04:00,57.69,57.75,57.69,57.74,1233.0,57.718,11
2023-07-24 11:25:00-04:00,57.72,57.75,57.72,57.74,1900.0,57.732,19
2023-07-24 11:30:00-04:00,57.72,57.79,57.72,57.77,1552.0,57.763,13
2023-07-24 11:35:00-04:00,57.8,57.86,57.78,57.86,2621.0,57.829,25
2023-07-24 11:40:00-04:00,57.85,57.85,57.79,57.82,2377.0,57.82,19
2023-07-24 11:45:00-04:00,57.82,57.83,57.77,57.81,3911.0,57.809,30
2023-07-24 11:50:00-04:00,57.83,57.97,57.82,57.97,1990.0,57.901,16
2023-07-24 11:55:00-04:00,57.98,57.99,57.94,57.95,3692.0,57.967,35
2023-07-24 12:00:00-04:00,57.95,57.98,57.93,57.98,2480.0,57.952,21
2023-07-24 12:05:00-04:00,57.96,57.96,57.9,57.92,2929.0,57.935,21
2023-07-24 12:10:00-04:00,57.87,57.88,57.83,57.83,3655.0,57.864,26
2023-07-24 12:15:00-04:00,57.82,57.88,57.82,57.84,1922.0,57.858,18
2023-07-24 12:20:00-04:00,57.83,57.89,57.81,57.89,3327.0,57.849,27
2023-07-24 12:25:00-04:00,57.91,57.91,57.88,57.88,2101.0,57.895,19
2023-07-24 12:30:00-04:00,57.89,57.92,57.86,57.88,1631.0,57.888,16
2023-07-24 12:35:00-04:00,57.86,57.86,57.83,57.86,2364.0,57.849,20
2023-07-24 12:40:00-04:00,57.84,57.84,57.79,57.83,2954.0,57.807,20
2023-07-24 12:45:00-04:00,57.83,57.84,57.79,57.82,2309.0,57.817,17
2023-07-24 12:50:00-04:00,57.82,57.83,57.77,57.81,5484.0,57.8,21
2023-07-24 12:55:00-04:00,57.82,57.87,57.81,57.87,700.0,57.831,7
2023-07-24 13:00:00-04:00,57.85,57.9,57.84,57.84,2606.0,57.857,17
2023-07-24 13:05:00-04:00,57.84,57.86,57.84,57.86,1022.0,57.847,10
2023-07-24 13:10:00-04:00,57.87,57.87,57.86,57.86,1340.0,57.866,13
2023-07-24 13:15:00-04:00,57.85,57.9,57.84,57.89,2398.0,57.864,17
2023-07-24 13:20:00-04:00,57.86,57.88,57.83,57.88,1450.0,57.864,10
2023-07-24 13:25:00-04:00,57.88,57.92,57.88,57.92,636.0,57.891,6
2023-07-24 13:30:00-04:00,57.94,57.95,57.91,57.92,1599.0,57.931,15
2023-07-24 13:35:00-04:00,57.88,57.92,57.84,57.85,5375.0,57.863,24
2023-07-24 13:40:00-04:00,57.86,57.86,57.81,57.85,2481.0,57.838,20
2023-07-24 13:45:00-04:00,57.83,57.85,57.81,57.85,2731.0,57.827,16
2023-07-24 13:50:00-04:00,57.86,57.91,57.86,57.91,1400.0,57.89,11
2023-07-24 13:55:00-04:00,57.89,57.95,57.89,57.94,1760.0,57.931,15
2023-07-24 14:00:00-04:00,57.95,58.03,57.95,58.03,1795.0,57.991,16
2023-07-24 14:05:00-04:00,58.02,58.06,57.99,58.05,1977.0,58.018,18
2023-07-24 14:10:00-04:00,58.06,58.06,58.0,58.0,1126.0,58.025,11
2023-07-24 14:15:00-04:00,58.01,58.06,58.0,58.01,2371.0,58.021,23
2023-07-24 14:20:00-04:00,58.03,58.08,58.02,58.08,1017.0,58.048,8
2023-07-24 14:25:00-04:00,58.08,58.08,58.04,58.07,1204.0,58.06,10
2023-07-24 14:30:00-04:00,58.06,58.08,58.04,58.04,2303.0,58.061,16
2023-07-24 14:35:00-04:00,58.04,58.06,58.03,58.05,3027.0,58.046,20
2023-07-24 14:40:00-04:00,58.06,58.06,58.01,58.04,1447.0,58.04,12
2023-07-24 14:45:00-04:00,58.04,58.07,58.01,58.05,2694.0,58.04,25
2023-07-24 14:50:00-04:00,58.05,58.06,58.03,58.05,2607.0,58.044,25
2023-07-24 14:55:00-04:00,58.05,58.06,57.99,58.01,2498.0,58.016,23
2023-07-24 15:00:00-04:00,57.98,58.0,57.94,57.94,5757.0,57.972,46
2023-07-24 15:05:00-04:00,57.93,57.93,57.83,57.91,9669.0,57.88,80
2023-07-24 15:10:00-04:00,57.9,57.94,57.88,57.89,5801.0,57.904,44
2023-07-24 15:15:00-04:00,57.88,57.92,57.73,57.82,31382.0,57.803,225
2023-07-24 15:20:00-04:00,57.82,57.86,57.77,57.86,4020.0,57.823,36
2023-07-24 15:25:00-04:00,57.84,57.85,57.74,57.8,7993.0,57.784,63
2023-07-24 15:30:00-04:00,57.78,57.83,57.78,57.82,4695.0,57.802,45
2023-07-24 15:35:00-04:00,57.83,57.85,57.82,57.83,4321.0,57.828,39
2023-07-24 15:40:00-04:00,57.82,57.9,57.82,57.9,9613.0,57.866,77
2023-07-24 15:45:00-04:00,57.89,57.89,57.83,57.84,10236.0,57.864,93
2023-07-24 15:50:00-04:00,57.83,57.87,57.79,57.82,16198.0,57.832,142
2023-07-24 15:55:00-04:00,57.83,57.99,57.83,57.93,59177.0,57.943,317
2023-07-25 09:30:00-04:00,57.94,58.1,57.73,58.05,17029.0,57.927,26
2023-07-25 09:35:00-04:00,58.05,58.35,58.05,58.33,9476.0,58.288,55
2023-07-25 09:40:00-04:00,58.37,58.72,58.32,58.72,15551.0,58.505,97
2023-07-25 09:45:00-04:00,58.67,58.67,58.46,58.62,14001.0,58.539,124
2023-07-25 09:50:00-04:00,58.63,58.65,58.52,58.64,4437.0,58.588,38
2023-07-25 09:55:00-04:00,58.61,58.61,58.53,58.53,5077.0,58.558,42
2023-07-25 10:00:00-04:00,58.51,58.81,58.5,58.81,12437.0,58.687,109
2023-07-25 10:05:00-04:00,58.79,58.86,58.64,58.78,30160.0,58.778,277
2023-07-25 10:10:00-04:00,58.78,58.95,58.78,58.94,8002.0,58.88,62
2023-07-25 10:15:00-04:00,58.96,59.01,58.79,58.86,9869.0,58.935,80
2023-07-25 10:20:00-04:00,58.83,58.95,58.74,58.95,14459.0,58.825,91
2023-07-25 10:25:00-04:00,58.99,59.15,58.98,59.12,14296.0,59.038,92
2023-07-25 10:30:00-04:00,59.1,59.23,58.99,59.2,15309.0,59.127,110
2023-07-25 10:35:00-04:00,59.2,59.39,59.2,59.37,11439.0,59.298,85
2023-07-25 10:40:00-04:00,59.34,59.41,59.27,59.27,2920.0,59.343,26
2023-07-25 10:45:00-04:00,59.3,59.36,59.27,59.34,790.0,59.314,6
2023-07-25 10:50:00-04:00,59.37,59.37,59.27,59.3,3914.0,59.304,34
2023-07-25 10:55:00-04:00,59.31,59.31,59.26,59.28,5121.0,59.286,48
2023-07-25 11:00:00-04:00,59.23,59.24,59.09,59.17,4993.0,59.158,43
2023-07-25 11:05:00-04:00,59.16,59.25,59.14,59.25,3460.0,59.186,28
2023-07-25 11:10:00-04:00,59.22,59.26,59.17,59.21,5874.0,59.225,48
2023-07-25 11:15:00-04:00,59.23,59.24,59.08,59.15,25330.0,59.14,137
2023-07-25 11:20:00-04:00,59.16,59.47,59.15,59.19,39435.0,59.328,239
2023-07-25 11:25:00-04:00,59.19,59.42,59.19,59.39,11819.0,59.324,69
2023-07-25 11:30:00-04:00,59.4,59.43,59.16,59.17,16444.0,59.247,116
2023-07-25 11:35:00-04:00,59.17,59.2,59.09,59.11,6028.0,59.159,53
2023-07-25 11:40:00-04:00,59.12,59.13,58.96,58.99,15662.0,59.014,75
2023-07-25 11:45:00-04:00,58.98,59.05,58.97,59.03,4563.0,59.002,39
2023-07-25 11:50:00-04:00,59.03,59.04,58.95,58.97,11167.0,58.976,56
2023-07-25 11:55:00-04:00,58.98,59.05,58.97,59.02,7049.0,59.001,62
2023-07-25 12:00:00-04:00,59.03,59.05,58.99,59.04,4951.0,59.012,45
2023-07-25 12:05:00-04:00,59.05,59.11,59.02,59.08,4244.0,59.056,26
2023-07-25 12:10:00-04:00,59.1,59.14,59.05,59.14,4252.0,59.096,40
2023-07-25 12:15:00-04:00,59.12,59.2,59.11,59.2,3907.0,59.163,31
2023-07-25 12:20:00-04:00,59.21,59.29,59.21,59.25,5400.0,59.259,40
2023-07-25 12:25:00-04:00,59.25,59.27,59.18,59.26,7173.0,59.221,51
2023-07-25 12:30:00-04:00,59.26,59.28,59.22,59.27,3883.0,59.257,33
2023-07-25 12:35:00-04:00,59.27,59.32,59.25,59.32,3090.0,59.28,21
2023-07-25 12:40:00-04:00,59.33,59.4,59.3,59.32,2090.0,59.335,15
2023-07-25 12:45:00-04:00,59.27,59.29,59.16,59.16,3682.0,59.221,26
2023-07-25 12:50:00-04:00,59.12,59.22,59.11,59.21,5094.0,59.163,39
2023-07-25 12:55:00-04:00,59.17,59.2,59.11,59.2,2473.0,59.153,21
2023-07-25 13:00:00-04:00,59.2,59.2,59.15,59.15,2487.0,59.184,22
2023-07-25 13:05:00-04:00,59.12,59.13,59.05,59.07,4531.0,59.083,41
2023-07-25 13:10:00-04:00,59.08,59.1,59.05,59.1,3352.0,59.067,27
2023-07-25 13:15:00-04:00,59.1,59.12,59.05,59.1,4901.0,59.086,43
2023-07-25 13:20:00-04:00,59.11,59.18,59.08,59.15,10234.0,59.118,67
2023-07-25 13:25:00-04:00,59.15,59.19,59.14,59.15,2935.0,59.154,27
2023-07-25 13:30:00-04:00,59.15,59.18,59.13,59.15,2209.0,59.147,14
2023-07-25 13:35:00-04:00,59.15,59.17,59.14,59.15,2594.0,59.154,18
2023-07-25 13:40:00-04:00,59.18,59.28,59.18,59.28,3822.0,59.214,35
2023-07-25 13:45:00-04:00,59.26,59.28,59.24,59.27,4309.0,59.256,36
2023-07-25 13:50:00-04:00,59.28,59.28,59.21,59.26,6623.0,59.247,53
2023-07-25 13:55:00-04:00,59.26,59.29,59.25,59.29,4808.0,59.268,38
2023-07-25 14:00:00-04:00,59.28,59.28,59.19,59.19,3891.0,59.25,32
2023-07-25 14:05:00-04:00,59.19,59.24,59.18,59.23,3306.0,59.203,26
2023-07-25 14:10:00-04:00,59.21,59.35,59.2,59.35,5724.0,59.271,44
2023-07-25 14:15:00-04:00,59.37,59.4,59.36,59.4,2404.0,59.383,19
2023-07-25 14:20:00-04:00,59.39,59.4,59.36,59.36,4851.0,59.387,37
2023-07-25 14:25:00-04:00,59.34,59.36,59.2,59.33,19423.0,59.263,124
2023-07-25 14:30:00-04:00,59.34,59.37,59.31,59.35,3256.0,59.336,31
2023-07-25 14:35:00-04:00,59.36,59.38,59.3,59.3,2062.0,59.339,16
2023-07-25 14:40:00-04:00,59.3,59.32,59.24,59.32,4117.0,59.292,36
2023-07-25 14:45:00-04:00,59.32,59.32,59.26,59.27,3729.0,59.286,32
2023-07-25 14:50:00-04:00,59.24,59.36,59.24,59.35,6809.0,59.293,58
2023-07-25 14:55:00-04:00,59.37,59.4,59.34,59.36,3569.0,59.371,29
2023-07-25 15:00:00-04:00,59.35,59.4,59.35,59.35,8175.0,59.363,43
2023-07-25 15:05:00-04:00,59.34,59.35,59.27,59.31,4627.0,59.308,39
2023-07-25 15:10:00-04:00,59.32,59.34,59.3,59.33,5051.0,59.323,41
2023-07-25 15:15:00-04:00,59.32,59.33,59.26,59.31,5400.0,59.305,49
2023-07-25 15:20:00-04:00,59.29,59.34,59.28,59.33,4491.0,59.315,35
2023-07-25 15:25:00-04:00,59.34,59.38,59.34,59.37,8242.0,59.361,65
2023-07-25 15:30:00-04:00,59.36,59.36,59.3,59.35,6164.0,59.334,46
2023-07-25 15:35:00-04:00,59.34,59.36,59.32,59.33,5702.0,59.338,51
2023-07-25 15:40:00-04:00,59.34,59.37,59.32,59.37,8910.0,59.343,69
2023-07-25 15:45:00-04:00,59.38,59.46,59.37,59.42,19723.0,59.429,112
2023-07-25 15:50:00-04:00,59.4,59.47,59.36,59.42,30154.0,59.418,236
2023-07-25 15:55:00-04:00,59.42,59.43,59.2,59.22,123640.0,59.275,665
2023-07-26 09:30:00-04:00,58.86,59.09,58.53,59.08,27755.0,58.868,35
2023-07-26 09:35:00-04:00,59.12,59.52,59.1,59.36,9078.0,59.394,68
2023-07-26 09:40:00-04:00,59.41,59.6,59.28,59.45,11267.0,59.508,102
2023-07-26 09:45:00-04:00,59.47,59.47,59.29,59.33,6368.0,59.396,57
2023-07-26 09:50:00-04:00,59.34,59.4,59.03,59.05,6411.0,59.219,59
2023-07-26 09:55:00-04:00,59.07,59.13,59.04,59.09,2706.0,59.081,21
2023-07-26 10:00:00-04:00,59.17,59.21,59.11,59.18,3457.0,59.155,31
2023-07-26 10:05:00-04:00,59.19,59.26,59.15,59.21,4170.0,59.212,38
2023-07-26 10:10:00-04:00,59.24,59.3,59.21,59.24,7267.0,59.248,63
2023-07-26 10:15:00-04:00,59.22,59.33,59.2,59.26,8067.0,59.271,65
2023-07-26 10:20:00-04:00,59.26,59.26,59.13,59.14,8994.0,59.207,66
2023-07-26 10:25:00-04:00,59.13,59.22,59.12,59.17,6389.0,59.175,59
2023-07-26 10:30:00-04:00,59.18,59.18,59.02,59.05,10383.0,59.071,68
2023-07-26 10:35:00-04:00,59.05,59.18,58.99,59.15,10761.0,59.052,78
2023-07-26 10:40:00-04:00,59.15,59.18,59.11,59.18,5679.0,59.148,52
2023-07-26 10:45:00-04:00,59.17,59.34,59.13,59.27,10927.0,59.252,96
2023-07-26 10:50:00-04:00,59.27,59.27,59.16,59.26,6398.0,59.202,57
2023-07-26 10:55:00-04:00,59.26,59.26,59.15,59.16,5407.0,59.216,48
2023-07-26 11:00:00-04:00,59.17,59.23,59.15,59.2,9298.0,59.192,50
2023-07-26 11:05:00-04:00,59.19,59.32,59.19,59.31,4608.0,59.24,38
2023-07-26 11:10:00-04:00,59.33,59.43,59.32,59.39,3856.0,59.368,35
2023-07-26 11:15:00-04:00,59.38,59.48,59.37,59.39,5379.0,59.435,38
2023-07-26 11:20:00-04:00,59.4,59.45,59.37,59.44,4681.0,59.41,35
2023-07-26 11:25:00-04:00,59.43,59.48,59.39,59.4,7444.0,59.437,64
2023-07-26 11:30:00-04:00,59.4,59.41,59.33,59.34,2969.0,59.374,24
2023-07-26 11:35:00-04:00,59.35,59.37,59.29,59.37,6449.0,59.333,48
2023-07-26 11:40:00-04:00,59.37,59.38,59.35,59.38,2199.0,59.367,18
2023-07-26 11:45:00-04:00,59.38,59.4,59.33,59.35,4746.0,59.37,40
2023-07-26 11:50:00-04:00,59.4,59.5,59.4,59.48,8373.0,59.476,50
2023-07-26 11:55:00-04:00,59.51,59.6,59.51,59.53,5632.0,59.548,47
2023-07-26 12:00:00-04:00,59.51,59.53,59.41,59.41,8452.0,59.467,27
2023-07-26 12:05:00-04:00,59.4,59.49,59.4,59.44,4872.0,59.44,33
2023-07-26 12:10:00-04:00,59.43,59.48,59.43,59.46,3347.0,59.462,30
2023-07-26 12:15:00-04:00,59.47,59.57,59.47,59.51,7049.0,59.533,53
2023-07-26 12:20:00-04:00,59.52,59.58,59.52,59.53,2103.0,59.549,21
2023-07-26 12:25:00-04:00,59.54,59.57,59.51,59.51,3528.0,59.541,31
2023-07-26 12:30:00-04:00,59.5,59.51,59.43,59.44,3127.0,59.473,26
2023-07-26 12:35:00-04:00,59.41,59.41,59.31,59.34,2606.0,59.354,20
2023-07-26 12:40:00-04:00,59.35,59.36,59.31,59.33,3878.0,59.334,32
2023-07-26 12:45:00-04:00,59.3,59.48,59.29,59.48,8809.0,59.379,72
2023-07-26 12:50:00-04:00,59.47,59.47,59.4,59.4,5062.0,59.441,44
2023-07-26 12:55:00-04:00,59.39,59.4,59.36,59.4,3004.0,59.385,27
2023-07-26 13:00:00-04:00,59.43,59.43,59.37,59.37,2265.0,59.403,18
2023-07-26 13:05:00-04:00,59.36,59.5,59.36,59.5,3658.0,59.443,31
2023-07-26 13:10:00-04:00,59.52,59.55,59.52,59.54,6953.0,59.537,47
2023-07-26 13:15:00-04:00,59.54,59.59,59.54,59.58,3358.0,59.569,30
2023-07-26 13:20:00-04:00,59.59,59.62,59.52,59.52,6339.0,59.574,47
2023-07-26 13:25:00-04:00,59.53,59.54,59.43,59.46,5312.0,59.482,46
2023-07-26 13:30:00-04:00,59.45,59.45,59.36,59.38,5639.0,59.382,42
2023-07-26 13:35:00-04:00,59.38,59.47,59.36,59.41,7948.0,59.407,55
2023-07-26 13:40:00-04:00,59.41,59.49,59.41,59.48,4546.0,59.442,39
2023-07-26 13:45:00-04:00,59.49,59.51,59.45,59.46,5192.0,59.474,46
2023-07-26 13:50:00-04:00,59.44,59.45,59.4,59.44,3014.0,59.419,24
2023-07-26 13:55:00-04:00,59.43,59.45,59.42,59.45,2744.0,59.435,25
2023-07-26 14:00:00-04:00,59.44,59.56,59.43,59.53,8073.0,59.497,71
2023-07-26 14:05:00-04:00,59.55,59.55,59.46,59.53,7723.0,59.495,72
2023-07-26 14:10:00-04:00,59.52,59.57,59.5,59.55,8052.0,59.535,71
2023-07-26 14:15:00-04:00,59.57,59.59,59.52,59.52,7309.0,59.556,59
2023-07-26 14:20:00-04:00,59.53,59.6,59.52,59.58,5216.0,59.574,45
2023-07-26 14:25:00-04:00,59.58,59.71,59.58,59.68,6337.0,59.661,56
2023-07-26 14:30:00-04:00,59.67,59.68,59.6,59.63,6598.0,59.64,58
2023-07-26 14:35:00-04:00,59.64,59.84,59.63,59.84,12978.0,59.736,91
2023-07-26 14:40:00-04:00,59.83,59.99,59.81,59.98,15770.0,59.93,111
2023-07-26 14:45:00-04:00,59.99,59.99,59.82,59.85,8478.0,59.939,67
2023-07-26 14:50:00-04:00,59.86,59.86,59.75,59.83,6844.0,59.808,55
2023-07-26 14:55:00-04:00,59.83,59.91,59.81,59.89,6988.0,59.853,52
2023-07-26 15:00:00-04:00,59.9,59.9,59.81,59.83,6287.0,59.846,50
2023-07-26 15:05:00-04:00,59.83,59.83,59.56,59.56,9225.0,59.689,72
2023-07-26 15:10:00-04:00,59.57,59.65,59.53,59.57,28531.0,59.569,129
2023-07-26 15:15:00-04:00,59.54,59.55,59.35,59.42,8151.0,59.49,67
2023-07-26 15:20:00-04:00,59.44,59.53,59.41,59.45,8439.0,59.469,70
2023-07-26 15:25:00-04:00,59.42,59.49,59.4,59.48,7227.0,59.447,62
2023-07-26 15:30:00-04:00,59.47,59.49,59.39,59.4,8740.0,59.419,76
2023-07-26 15:35:00-04:00,59.4,59.42,59.33,59.4,10688.0,59.382,95
2023-07-26 15:40:00-04:00,59.4,59.51,59.39,59.47,11626.0,59.476,96
2023-07-26 15:45:00-04:00,59.47,59.53,59.45,59.5,30664.0,59.487,248
2023-07-26 15:50:00-04:00,59.49,59.49,59.42,59.47,31555.0,59.455,261
2023-07-26 15:55:00-04:00,59.47,59.53,59.42,59.46,74989.0,59.475,499
2023-07-27 09:30:00-04:00,59.69,59.79,59.64,59.76,12129.0,59.692,7
2023-07-27 09:35:00-04:00,59.72,59.81,59.54,59.75,5854.0,59.682,46
2023-07-27 09:40:00-04:00,59.65,59.81,59.52,59.79,6484.0,59.69,54
2023-07-27 09:45:00-04:00,59.75,59.78,59.63,59.78,5472.0,59.678,34
2023-07-27 09:50:00-04:00,59.78,59.87,59.71,59.75,2570.0,59.774,18
2023-07-27 09:55:00-04:00,59.77,59.77,59.59,59.7,2400.0,59.686,20
2023-07-27 10:00:00-04:00,59.73,59.88,59.71,59.88,9501.0,59.802,59
2023-07-27 10:05:00-04:00,59.86,59.88,59.82,59.85,5251.0,59.841,44
2023-07-27 10:10:00-04:00,59.81,59.83,59.62,59.63,4656.0,59.702,37
2023-07-27 10:15:00-04:00,59.63,59.69,59.6,59.69,3667.0,59.635,33
2023-07-27 10:20:00-04:00,59.66,59.8,59.64,59.79,4633.0,59.7,37
2023-07-27 10:25:00-04:00,59.78,59.8,59.69,59.73,3978.0,59.749,29
2023-07-27 10:30:00-04:00,59.73,59.76,59.61,59.67,8626.0,59.703,48
2023-07-27 10:35:00-04:00,59.68,59.79,59.68,59.77,8117.0,59.728,53
2023-07-27 10:40:00-04:00,59.76,59.76,59.56,59.58,14271.0,59.669,49
2023-07-27 10:45:00-04:00,59.6,59.66,59.54,59.58,5240.0,59.612,43
2023-07-27 10:50:00-04:00,59.6,59.61,59.53,59.61,7998.0,59.575,56
2023-07-27 10:55:00-04:00,59.62,59.73,59.47,59.61,46316.0,59.595,90
2023-07-27 11:00:00-04:00,59.61,59.62,59.46,59.46,1997.0,59.521,17
2023-07-27 11:05:00-04:00,59.43,59.44,59.31,59.35,1513.0,59.369,14
2023-07-27 11:10:00-04:00,59.32,59.32,59.18,59.21,2382.0,59.25,19
2023-07-27 11:15:00-04:00,59.2,59.28,59.2,59.23,3577.0,59.234,20
2023-07-27 11:20:00-04:00,59.23,59.28,59.16,59.26,4543.0,59.223,36
2023-07-27 11:25:00-04:00,59.27,59.36,59.24,59.29,9617.0,59.306,69
2023-07-27 11:30:00-04:00,59.3,59.31,59.25,59.29,8078.0,59.284,59
2023-07-27 11:35:00-04:00,59.32,59.43,59.31,59.37,8889.0,59.385,63
2023-07-27 11:40:00-04:00,59.38,59.39,59.3,59.34,5858.0,59.345,39
2023-07-27 11:45:00-04:00,59.33,59.35,59.15,59.2,9876.0,59.247,70
2023-07-27 11:50:00-04:00,59.22,59.33,59.2,59.32,7030.0,59.265,56
2023-07-27 11:55:00-04:00,59.31,59.36,59.27,59.35,7282.0,59.318,53
2023-07-27 12:00:00-04:00,59.34,59.4,59.26,59.27,9287.0,59.346,74
2023-07-27 12:05:00-04:00,59.23,59.27,59.15,59.16,8548.0,59.192,34
2023-07-27 12:10:00-04:00,59.14,59.2,59.12,59.12,6625.0,59.163,58
2023-07-27 12:15:00-04:00,59.11,59.12,59.08,59.11,4907.0,59.1,45
2023-07-27 12:20:00-04:00,59.11,59.12,59.08,59.09,4156.0,59.098,33
2023-07-27 12:25:00-04:00,59.1,59.12,59.07,59.07,2270.0,59.102,22
2023-07-27 12:30:00-04:00,59.08,59.11,58.99,59.0,3891.0,59.073,34
2023-07-27 12:35:00-04:00,59.0,59.05,59.0,59.04,2916.0,59.034,23
2023-07-27 12:40:00-04:00,59.02,59.06,58.99,59.01,6091.0,59.009,38
2023-07-27 12:45:00-04:00,58.97,59.03,58.97,59.03,2897.0,58.997,24
2023-07-27 12:50:00-04:00,59.04,59.07,59.02,59.02,4080.0,59.046,37
2023-07-27 12:55:00-04:00,59.02,59.07,59.02,59.07,2705.0,59.049,21
2023-07-27 13:00:00-04:00,59.07,59.07,58.95,58.96,4082.0,59.012,33
2023-07-27 13:05:00-04:00,58.94,58.94,58.77,58.79,4347.0,58.827,37
2023-07-27 13:10:00-04:00,58.81,58.83,58.77,58.78,3609.0,58.802,29
2023-07-27 13:15:00-04:00,58.77,58.77,58.7,58.72,7628.0,58.731,51
2023-07-27 13:20:00-04:00,58.7,58.74,58.65,58.7,4997.0,58.689,41
2023-07-27 13:25:00-04:00,58.68,58.74,58.65,58.73,10882.0,58.695,60
2023-07-27 13:30:00-04:00,58.73,58.81,58.72,58.76,4740.0,58.764,45
2023-07-27 13:35:00-04:00,58.73,58.75,58.65,58.65,4029.0,58.695,37
2023-07-27 13:40:00-04:00,58.67,58.72,58.65,58.72,4679.0,58.67,39
2023-07-27 13:45:00-04:00,58.72,58.79,58.67,58.68,7943.0,58.724,60
2023-07-27 13:50:00-04:00,58.67,58.67,58.59,58.65,7122.0,58.631,64
2023-07-27 13:55:00-04:00,58.66,58.75,58.66,58.75,4875.0,58.697,41
2023-07-27 14:00:00-04:00,58.74,58.75,58.68,58.69,4640.0,58.734,38
2023-07-27 14:05:00-04:00,58.64,58.65,58.55,58.55,4033.0,58.6,34
2023-07-27 14:10:00-04:00,58.55,58.56,58.44,58.45,11626.0,58.517,84
2023-07-27 14:15:00-04:00,58.45,58.47,58.44,58.47,6225.0,58.458,54
2023-07-27 14:20:00-04:00,58.47,58.51,58.39,58.39,4795.0,58.463,41
2023-07-27 14:25:00-04:00,58.39,58.4,58.24,58.24,10541.0,58.349,87
2023-07-27 14:30:00-04:00,58.26,58.29,58.25,58.25,4692.0,58.274,43
2023-07-27 14:35:00-04:00,58.21,58.22,58.09,58.2,5402.0,58.158,51
2023-07-27 14:40:00-04:00,58.2,58.26,58.19,58.26,5493.0,58.233,52
2023-07-27 14:45:00-04:00,58.25,58.27,58.22,58.23,4983.0,58.246,41
2023-07-27 14:50:00-04:00,58.22,58.22,58.15,58.16,4705.0,58.189,39
2023-07-27 14:55:00-04:00,58.15,58.15,58.06,58.07,6016.0,58.096,55
2023-07-27 15:00:00-04:00,58.07,58.17,58.07,58.11,8558.0,58.114,77
2023-07-27 15:05:00-04:00,58.11,58.11,58.07,58.11,12091.0,58.098,91
2023-07-27 15:10:00-04:00,58.12,58.19,58.1,58.19,13519.0,58.145,103
2023-07-27 15:15:00-04:00,58.18,58.19,58.13,58.16,10314.0,58.166,84
2023-07-27 15:20:00-04:00,58.16,58.17,57.97,57.97,7355.0,58.083,60
2023-07-27 15:25:00-04:00,57.98,58.02,57.96,57.99,13508.0,57.983,106
2023-07-27 15:30:00-04:00,58.0,58.03,57.96,58.01,15687.0,58.003,126
2023-07-27 15:35:00-04:00,58.0,58.09,57.96,58.09,23912.0,58.023,160
2023-07-27 15:40:00-04:00,58.1,58.17,58.02,58.03,20357.0,58.112,155
2023-07-27 15:45:00-04:00,58.03,58.09,57.96,58.06,29659.0,58.024,211
2023-07-27 15:50:00-04:00,58.06,58.11,58.01,58.06,47026.0,58.062,353
2023-07-27 15:55:00-04:00,58.06,58.19,58.03,58.03,131143.0,58.119,752
2023-07-28 09:30:00-04:00,59.06,59.09,58.93,58.93,18497.0,59.05,22
2023-07-28 09:35:00-04:00,58.84,58.86,58.76,58.76,5156.0,58.827,46
2023-07-28 09:40:00-04:00,58.87,58.91,58.64,58.69,2597.0,58.812,19
2023-07-28 09:45:00-04:00,58.68,58.72,58.57,58.68,5909.0,58.656,49
2023-07-28 09:50:00-04:00,58.75,59.01,58.75,59.0,10729.0,58.881,83
2023-07-28 09:55:00-04:00,59.02,59.07,58.95,58.97,6828.0,59.027,55
2023-07-28 10:00:00-04:00,58.99,59.05,58.93,58.96,5849.0,58.999,36
2023-07-28 10:05:00-04:00,58.87,58.87,58.8,58.8,4087.0,58.831,34
2023-07-28 10:10:00-04:00,58.74,58.9,58.74,58.9,8585.0,58.823,81
2023-07-28 10:15:00-04:00,58.93,58.96,58.81,58.82,4445.0,58.901,40
2023-07-28 10:20:00-04:00,58.81,58.93,58.81,58.89,6840.0,58.839,35
2023-07-28 10:25:00-04:00,58.89,58.89,58.75,58.84,3648.0,58.802,35
2023-07-28 10:30:00-04:00,58.87,58.87,58.77,58.87,1691.0,58.831,16
2023-07-28 10:35:00-04:00,58.87,58.95,58.84,58.95,2520.0,58.9,24
2023-07-28 10:40:00-04:00,58.94,59.09,58.94,59.09,3494.0,59.021,33
2023-07-28 10:45:00-04:00,59.08,59.08,58.99,59.0,1900.0,59.041,17
2023-07-28 10:50:00-04:00,59.0,59.02,58.92,58.94,2134.0,58.963,16
2023-07-28 10:55:00-04:00,58.96,59.13,58.95,59.07,10013.0,59.037,64
2023-07-28 11:00:00-04:00,59.07,59.11,59.03,59.07,4076.0,59.059,36
2023-07-28 11:05:00-04:00,59.09,59.12,59.05,59.06,5017.0,59.082,45
2023-07-28 11:10:00-04:00,59.05,59.21,59.05,59.2,3628.0,59.124,31
2023-07-28 11:15:00-04:00,59.21,59.29,59.19,59.23,7857.0,59.252,50
2023-07-28 11:20:00-04:00,59.23,59.26,59.2,59.21,16256.0,59.23,125
2023-07-28 11:25:00-04:00,59.23,59.26,59.2,59.24,7198.0,59.233,57
2023-07-28 11:30:00-04:00,59.25,59.26,59.18,59.19,2982.0,59.219,27
2023-07-28 11:35:00-04:00,59.17,59.22,59.11,59.13,7007.0,59.169,57
2023-07-28 11:40:00-04:00,59.16,59.18,59.14,59.18,3900.0,59.161,37
2023-07-28 11:45:00-04:00,59.17,59.18,59.12,59.13,4149.0,59.139,37
2023-07-28 11:50:00-04:00,59.14,59.14,59.11,59.11,4636.0,59.124,46
2023-07-28 11:55:00-04:00,59.11,59.15,59.07,59.13,10439.0,59.104,64
2023-07-28 12:00:00-04:00,59.14,59.14,58.96,58.98,17408.0,59.022,94
2023-07-28 12:05:00-04:00,58.97,59.01,58.95,58.98,3592.0,58.974,23
2023-07-28 12:10:00-04:00,59.01,59.14,59.01,59.12,9938.0,59.078,55
2023-07-28 12:15:00-04:00,59.14,59.14,59.03,59.03,3036.0,59.085,28
2023-07-28 12:20:00-04:00,59.01,59.04,58.97,58.97,4003.0,59.01,19
2023-07-28 12:25:00-04:00,58.96,58.98,58.9,58.9,8066.0,58.945,70
2023-07-28 12:30:00-04:00,58.88,58.88,58.73,58.77,6829.0,58.799,53
2023-07-28 12:35:00-04:00,58.73,58.75,58.65,58.66,20690.0,58.723,100
2023-07-28 12:40:00-04:00,58.65,58.8,58.62,58.77,2704.0,58.7,21
2023-07-28 12:45:00-04:00,58.78,58.8,58.78,58.78,1103.0,58.785,11
2023-07-28 12:50:00-04:00,58.79,58.8,58.68,58.68,3939.0,58.741,25
2023-07-28 12:55:00-04:00,58.68,58.72,58.61,58.62,2676.0,58.669,21
2023-07-28 13:00:00-04:00,58.62,58.63,58.56,58.58,1300.0,58.586,13
2023-07-28 13:05:00-04:00,58.53,58.55,58.51,58.55,1660.0,58.532,13
2023-07-28 13:10:00-04:00,58.54,58.63,58.54,58.63,3706.0,58.597,34
2023-07-28 13:15:00-04:00,58.65,58.74,58.58,58.61,13133.0,58.689,84
2023-07-28 13:20:00-04:00,58.59,58.6,58.5,58.53,7650.0,58.571,26
2023-07-28 13:25:00-04:00,58.52,58.55,58.45,58.5,5316.0,58.499,53
2023-07-28 13:30:00-04:00,58.5,58.52,58.45,58.45,2917.0,58.488,28
2023-07-28 13:35:00-04:00,58.44,58.44,58.38,58.39,4396.0,58.425,31
2023-07-28 13:40:00-04:00,58.37,58.37,58.28,58.36,5045.0,58.334,41
2023-07-28 13:45:00-04:00,58.38,58.41,58.36,58.39,3069.0,58.382,28
2023-07-28 13:50:00-04:00,58.39,58.54,58.39,58.54,2449.0,58.456,22
2023-07-28 13:55:00-04:00,58.55,58.62,58.55,58.6,2717.0,58.591,26
2023-07-28 14:00:00-04:00,58.6,58.64,58.59,58.59,1626.0,58.612,14
2023-07-28 14:05:00-04:00,58.59,58.62,58.59,58.6,2399.0,58.605,23
2023-07-28 14:10:00-04:00,58.61,58.61,58.5,58.52,2145.0,58.553,19
2023-07-28 14:15:00-04:00,58.5,58.51,58.46,58.5,4084.0,58.492,34
2023-07-28 14:20:00-04:00,58.51,58.54,58.48,58.51,1808.0,58.511,17
2023-07-28 14:25:00-04:00,58.52,58.55,58.51,58.53,1817.0,58.538,17
2023-07-28 14:30:00-04:00,58.53,58.61,58.52,58.61,4162.0,58.578,29
2023-07-28 14:35:00-04:00,58.6,58.61,58.57,58.58,1616.0,58.588,12
2023-07-28 14:40:00-04:00,58.57,58.61,58.54,58.6,5108.0,58.582,41
2023-07-28 14:45:00-04:00,58.59,58.61,58.52,58.54,3875.0,58.557,34
2023-07-28 14:50:00-04:00,58.52,58.62,58.52,58.62,2702.0,58.568,20
2023-07-28 14:55:00-04:00,58.6,58.6,58.54,58.57,2910.0,58.568,27
2023-07-28 15:00:00-04:00,58.58,58.68,58.56,58.68,10119.0,58.634,37
2023-07-28 15:05:00-04:00,58.69,58.7,58.66,58.69,3180.0,58.678,29
2023-07-28 15:10:00-04:00,58.69,58.74,58.69,58.73,4451.0,58.72,30
2023-07-28 15:15:00-04:00,58.72,58.76,58.72,58.75,4104.0,58.742,35
2023-07-28 15:20:00-04:00,58.75,58.8,58.72,58.73,3345.0,58.758,31
2023-07-28 15:25:00-04:00,58.72,58.73,58.68,58.7,6352.0,58.716,53
2023-07-28 15:30:00-04:00,58.68,58.69,58.6,58.64,3077.0,58.651,28
2023-07-28 15:35:00-04:00,58.64,58.74,58.64,58.71,17514.0,58.69,95
2023-07-28 15:40:00-04:00,58.66,58.66,58.57,58.61,8661.0,58.63,80
2023-07-28 15:45:00-04:00,58.62,58.65,58.59,58.63,9737.0,58.62,82
2023-07-28 15:50:00-04:00,58.62,58.77,58.56,58.73,21127.0,58.67,154
2023-07-28 15:55:00-04:00,58.73,58.82,58.69,58.74,62429.0,58.779,440
2023-07-31 09:30:00-04:00,58.98,58.98,58.91,58.95,11522.0,58.978,8
2023-07-31 09:35:00-04:00,58.93,59.0,58.77,58.88,4129.0,58.919,29
2023-07-31 09:40:00-04:00,58.91,59.17,58.91,59.17,3110.0,58.99,20
2023-07-31 09:45:00-04:00,59.13,59.18,59.04,59.12,2689.0,59.121,18
2023-07-31 09:50:00-04:00,59.12,59.31,59.12,59.23,2927.0,59.237,27
2023-07-31 09:55:00-04:00,59.28,59.29,59.0,59.15,5116.0,59.177,37
2023-07-31 10:00:00-04:00,59.15,59.15,59.07,59.07,1937.0,59.1,16
2023-07-31 10:05:00-04:00,59.07,59.22,59.06,59.18,4616.0,59.159,40
2023-07-31 10:10:00-04:00,59.16,59.2,59.14,59.2,2763.0,59.173,25
2023-07-31 10:15:00-04:00,59.24,59.35,59.24,59.29,3251.0,59.311,30
2023-07-31 10:20:00-04:00,59.26,59.31,59.23,59.3,2799.0,59.254,25
2023-07-31 10:25:00-04:00,59.32,59.32,59.23,59.24,4723.0,59.255,34
2023-07-31 10:30:00-04:00,59.24,59.24,59.01,59.02,10933.0,59.145,66
2023-07-31 10:35:00-04:00,59.01,59.01,58.75,58.81,6350.0,58.879,49
2023-07-31 10:40:00-04:00,58.83,58.86,58.73,58.76,5238.0,58.815,45
2023-07-31 10:45:00-04:00,58.79,58.8,58.63,58.65,4276.0,58.695,35
2023-07-31 10:50:00-04:00,58.65,58.73,58.6,58.61,5101.0,58.65,41
2023-07-31 10:55:00-04:00,58.62,58.62,58.54,58.59,5178.0,58.579,49
2023-07-31 11:00:00-04:00,58.62,58.68,58.61,58.63,5764.0,58.635,43
2023-07-31 11:05:00-04:00,58.63,58.69,58.62,58.69,3164.0,58.653,30
2023-07-31 11:10:00-04:00,58.7,58.71,58.57,58.59,82697.0,58.605,47
2023-07-31 11:15:00-04:00,58.59,58.68,58.58,58.66,10361.0,58.642,82
2023-07-31 11:20:00-04:00,58.66,58.67,58.55,58.65,11912.0,58.591,41
2023-07-31 11:25:00-04:00,58.67,58.69,58.61,58.66,6160.0,58.653,50
2023-07-31 11:30:00-04:00,58.65,58.67,58.58,58.64,5979.0,58.63,55
2023-07-31 11:35:00-04:00,58.6,58.63,58.55,58.57,2144.0,58.578,18
2023-07-31 11:40:00-04:00,58.61,58.66,58.6,58.65,4312.0,58.635,15
2023-07-31 11:45:00-04:00,58.66,58.67,58.62,58.66,5840.0,58.652,31
2023-07-31 11:50:00-04:00,58.66,58.66,58.55,58.61,3412.0,58.603,32
2023-07-31 11:55:00-04:00,58.61,58.76,58.61,58.76,2177.0,58.712,15
2023-07-31 12:00:00-04:00,58.85,58.86,58.84,58.84,1652.0,58.852,16
2023-07-31 12:05:00-04:00,58.84,58.84,58.79,58.81,2379.0,58.819,23
2023-07-31 12:10:00-04:00,58.81,58.95,58.81,58.93,131417.0,58.902,60
2023-07-31 12:15:00-04:00,58.93,58.93,58.61,58.64,6760.0,58.746,48
2023-07-31 12:20:00-04:00,58.7,58.73,58.66,58.71,11337.0,58.703,35
2023-07-31 12:25:00-04:00,58.73,58.73,58.68,58.69,2286.0,58.692,19
2023-07-31 12:30:00-04:00,58.68,58.68,58.57,58.62,2628.0,58.629,22
2023-07-31 12:35:00-04:00,58.63,58.65,58.59,58.6,2239.0,58.622,18
2023-07-31 12:40:00-04:00,58.6,58.6,58.53,58.54,4894.0,58.559,37
2023-07-31 12:45:00-04:00,58.51,58.54,58.5,58.54,3219.0,58.516,19
2023-07-31 12:50:00-04:00,58.55,58.55,58.48,58.48,9096.0,58.519,39
2023-07-31 12:55:00-04:00,58.48,58.54,58.45,58.53,3125.0,58.489,23
2023-07-31 13:00:00-04:00,58.52,58.52,58.45,58.46,3520.0,58.477,21
2023-07-31 13:05:00-04:00,58.47,58.53,58.46,58.53,2396.0,58.509,18
2023-07-31 13:10:00-04:00,58.56,58.6,58.55,58.6,2806.0,58.574,22
2023-07-31 13:15:00-04:00,58.55,58.6,58.53,58.6,5039.0,58.573,33
2023-07-31 13:20:00-04:00,58.6,58.61,58.53,58.57,29009.0,58.6,37
2023-07-31 13:25:00-04:00,58.57,58.64,58.56,58.64,1859.0,58.591,13
2023-07-31 13:30:00-04:00,58.64,58.67,58.64,58.66,1602.0,58.654,11
2023-07-31 13:35:00-04:00,58.68,58.82,58.68,58.82,3334.0,58.748,24
2023-07-31 13:40:00-04:00,58.81,58.81,58.74,58.75,2432.0,58.772,19
2023-07-31 13:45:00-04:00,58.74,58.75,58.65,58.66,4359.0,58.685,22
2023-07-31 13:50:00-04:00,58.63,58.67,58.6,58.63,4976.0,58.622,37
2023-07-31 13:55:00-04:00,58.6,58.66,58.6,58.64,4452.0,58.631,39
2023-07-31 14:00:00-04:00,58.65,58.69,58.63,58.69,2523.0,58.649,19
2023-07-31 14:05:00-04:00,58.68,58.7,58.66,58.66,4288.0,58.679,37
2023-07-31 14:10:00-04:00,58.64,58.68,58.64,58.67,1962.0,58.658,19
2023-07-31 14:15:00-04:00,58.68,58.72,58.67,58.71,2402.0,58.704,21
2023-07-31 14:20:00-04:00,58.68,58.71,58.66,58.68,3304.0,58.688,26
2023-07-31 14:25:00-04:00,58.69,58.72,58.67,58.72,2254.0,58.693,18
2023-07-31 14:30:00-04:00,58.72,58.72,58.61,58.61,5784.0,58.66,33
2023-07-31 14:35:00-04:00,58.6,58.63,58.54,58.54,12334.0,58.6,57
2023-07-31 14:40:00-04:00,58.55,58.62,58.54,58.58,4009.0,58.588,32
2023-07-31 14:45:00-04:00,58.58,58.61,58.57,58.57,4987.0,58.596,41
2023-07-31 14:50:00-04:00,58.57,58.61,58.57,58.6,2478.0,58.593,22
2023-07-31 14:55:00-04:00,58.61,58.61,58.57,58.6,5717.0,58.591,49
2023-07-31 15:00:00-04:00,58.61,58.61,58.57,58.6,6063.0,58.598,50
2023-07-31 15:05:00-04:00,58.6,58.61,58.56,58.56,4630.0,58.586,38
2023-07-31 15:10:00-04:00,58.56,58.58,58.54,58.57,5090.0,58.566,41
2023-07-31 15:15:00-04:00,58.58,58.58,58.48,58.48,5416.0,58.538,48
2023-07-31 15:20:00-04:00,58.49,58.54,58.49,58.53,4561.0,58.513,34
2023-07-31 15:25:00-04:00,58.53,58.56,58.51,58.55,4650.0,58.527,38
2023-07-31 15:30:00-04:00,58.55,58.58,58.49,58.5,6539.0,58.543,61
2023-07-31 15:35:00-04:00,58.5,58.51,58.43,58.43,7211.0,58.479,55
2023-07-31 15:40:00-04:00,58.43,58.48,58.41,58.47,15636.0,58.447,103
2023-07-31 15:45:00-04:00,58.47,58.54,58.45,58.54,16109.0,58.497,127
2023-07-31 15:50:00-04:00,58.54,58.67,58.52,58.67,24678.0,58.611,195
2023-07-31 15:55:00-04:00,58.67,58.73,58.63,58.7,83084.0,58.674,543
2023-08-01 09:30:00-04:00,58.22,58.23,57.97,58.17,12359.0,58.179,33
2023-08-01 09:35:00-04:00,58.22,58.34,58.17,58.24,7350.0,58.254,64
2023-08-01 09:40:00-04:00,58.3,58.34,58.1,58.12,16139.0,58.225,109
2023-08-01 09:45:00-04:00,58.12,58.21,58.08,58.15,6773.0,58.136,58
2023-08-01 09:50:00-04:00,58.16,58.29,58.11,58.25,4418.0,58.214,39
2023-08-01 09:55:00-04:00,58.26,58.41,58.18,58.41,9145.0,58.282,69
2023-08-01 10:00:00-04:00,58.42,58.48,58.32,58.33,6369.0,58.398,50
2023-08-01 10:05:00-04:00,58.29,58.3,58.2,58.2,19809.0,58.248,85
2023-08-01 10:10:00-04:00,58.17,58.24,58.12,58.16,5713.0,58.189,48
2023-08-01 10:15:00-04:00,58.12,58.15,58.04,58.06,5442.0,58.097,39
2023-08-01 10:20:00-04:00,58.08,58.14,58.04,58.07,5860.0,58.077,52
2023-08-01 10:25:00-04:00,58.08,58.09,58.0,58.0,4735.0,58.051,41
2023-08-01 10:30:00-04:00,58.0,58.07,57.92,58.06,11689.0,57.992,74
2023-08-01 10:35:00-04:00,58.05,58.05,57.97,57.98,9640.0,58.015,49
2023-08-01 10:40:00-04:00,58.0,58.07,57.99,58.03,3709.0,58.023,31
2023-08-01 10:45:00-04:00,58.03,58.15,58.02,58.04,4572.0,58.092,31
2023-08-01 10:50:00-04:00,58.02,58.13,57.99,58.07,5366.0,58.043,36
2023-08-01 10:55:00-04:00,58.09,58.13,58.09,58.13,4097.0,58.116,29
2023-08-01 11:00:00-04:00,58.14,58.17,58.06,58.09,4646.0,58.128,33
2023-08-01 11:05:00-04:00,58.09,58.2,58.09,58.2,4317.0,58.125,32
2023-08-01 11:10:00-04:00,58.2,58.2,58.12,58.13,4120.0,58.168,21
2023-08-01 11:15:00-04:00,58.11,58.11,58.02,58.02,705.0,58.069,6
2023-08-01 11:20:00-04:00,58.06,58.06,57.99,58.0,1935.0,58.032,14
2023-08-01 11:25:00-04:00,58.02,58.07,58.02,58.06,2080.0,58.047,18
2023-08-01 11:30:00-04:00,58.08,58.13,58.08,58.09,4422.0,58.099,26
2023-08-01 11:35:00-04:00,58.11,58.12,58.07,58.08,3124.0,58.102,21
2023-08-01 11:40:00-04:00,58.03,58.03,57.98,57.98,7845.0,58.0,51
2023-08-01 11:45:00-04:00,57.96,58.0,57.9,58.0,9249.0,57.974,62
2023-08-01 11:50:00-04:00,58.0,58.01,57.98,58.0,3491.0,58.002,33
2023-08-01 11:55:00-04:00,58.0,58.04,57.99,58.04,2804.0,58.004,24
2023-08-01 12:00:00-04:00,58.05,58.05,58.0,58.03,4295.0,58.018,30
2023-08-01 12:05:00-04:00,58.03,58.05,57.99,58.05,4083.0,58.014,30
2023-08-01 12:10:00-04:00,58.06,58.06,58.01,58.04,3190.0,58.028,28
2023-08-01 12:15:00-04:00,58.02,58.09,58.02,58.02,3586.0,58.057,30
2023-08-01 12:20:00-04:00,58.01,58.09,57.99,58.09,7024.0,58.053,47
2023-08-01 12:25:00-04:00,58.09,58.13,58.09,58.1,1125.0,58.111,11
2023-08-01 12:30:00-04:00,58.12,58.21,58.07,58.2,6872.0,58.139,38
2023-08-01 12:35:00-04:00,58.2,58.21,58.14,58.17,1945.0,58.168,17
2023-08-01 12:40:00-04:00,58.18,58.23,58.17,58.22,1115.0,58.203,9
2023-08-01 12:45:00-04:00,58.2,58.23,58.15,58.15,1612.0,58.203,16
2023-08-01 12:50:00-04:00,58.16,58.16,58.12,58.14,5064.0,58.14,35
2023-08-01 12:55:00-04:00,58.14,58.18,58.12,58.18,6655.0,58.143,44
2023-08-01 13:00:00-04:00,58.2,58.24,58.19,58.21,2198.0,58.218,19
2023-08-01 13:05:00-04:00,58.23,58.23,58.14,58.17,3806.0,58.186,24
2023-08-01 13:10:00-04:00,58.16,58.18,58.15,58.15,1618.0,58.158,15
2023-08-01 13:15:00-04:00,58.15,58.2,58.13,58.14,6323.0,58.174,33
2023-08-01 13:20:00-04:00,58.14,58.17,58.13,58.17,1922.0,58.146,16
2023-08-01 13:25:00-04:00,58.15,58.17,58.12,58.17,1751.0,58.139,17
2023-08-01 13:30:00-04:00,58.18,58.19,58.16,58.16,3775.0,58.17,28
2023-08-01 13:35:00-04:00,58.17,58.17,58.12,58.13,5851.0,58.144,36
2023-08-01 13:40:00-04:00,58.12,58.16,58.1,58.15,3830.0,58.12,24
2023-08-01 13:45:00-04:00,58.15,58.18,58.12,58.17,22777.0,58.144,83
2023-08-01 13:50:00-04:00,58.15,58.19,58.13,58.17,2783.0,58.157,22
2023-08-01 13:55:00-04:00,58.17,58.17,58.13,58.16,5560.0,58.146,32
2023-08-01 14:00:00-04:00,58.16,58.2,58.15,58.16,2070.0,58.171,18
2023-08-01 14:05:00-04:00,58.16,58.24,58.15,58.23,3590.0,58.187,27
2023-08-01 14:10:00-04:00,58.23,58.23,58.19,58.21,2575.0,58.215,20
2023-08-01 14:15:00-04:00,58.22,58.27,58.22,58.25,6492.0,58.237,48
2023-08-01 14:20:00-04:00,58.23,58.25,58.2,58.22,4299.0,58.227,31
2023-08-01 14:25:00-04:00,58.24,58.28,58.21,58.28,3478.0,58.245,29
2023-08-01 14:30:00-04:00,58.26,58.29,58.25,58.28,2518.0,58.274,17
2023-08-01 14:35:00-04:00,58.28,58.29,58.27,58.27,1903.0,58.28,19
2023-08-01 14:40:00-04:00,58.28,58.28,58.25,58.27,3870.0,58.268,22
2023-08-01 14:45:00-04:00,58.25,58.26,58.19,58.23,7702.0,58.23,62
2023-08-01 14:50:00-04:00,58.22,58.22,58.18,58.19,5195.0,58.196,37
2023-08-01 14:55:00-04:00,58.19,58.2,58.14,58.17,6993.0,58.173,58
2023-08-01 15:00:00-04:00,58.18,58.2,58.16,58.2,4260.0,58.182,34
2023-08-01 15:05:00-04:00,58.2,58.22,58.17,58.2,7236.0,58.189,50
2023-08-01 15:10:00-04:00,58.2,58.21,58.17,58.18,6240.0,58.188,47
2023-08-01 15:15:00-04:00,58.19,58.28,58.17,58.28,27714.0,58.192,73
2023-08-01 15:20:00-04:00,58.29,58.32,58.28,58.3,5332.0,58.299,45
2023-08-01 15:25:00-04:00,58.3,58.36,58.28,58.31,8535.0,58.316,65
2023-08-01 15:30:00-04:00,58.31,58.36,58.31,58.35,6844.0,58.343,58
2023-08-01 15:35:00-04:00,58.34,58.35,58.24,58.25,6384.0,58.288,49
2023-08-01 15:40:00-04:00,58.26,58.31,58.24,58.26,14448.0,58.269,105
2023-08-01 15:45:00-04:00,58.27,58.33,58.24,58.33,15754.0,58.274,120
2023-08-01 15:50:00-04:00,58.32,58.35,58.28,58.29,28896.0,58.31,220
2023-08-01 15:55:00-04:00,58.28,58.28,58.07,58.08,158968.0,58.167,654
2023-08-02 09:30:00-04:00,57.58,57.89,57.13,57.29,16374.0,57.487,70
2023-08-02 09:35:00-04:00,57.28,57.52,57.26,57.47,3320.0,57.426,29
2023-08-02 09:40:00-04:00,57.49,57.7,57.36,57.67,12303.0,57.579,54
2023-08-02 09:45:00-04:00,57.66,57.7,57.49,57.58,6034.0,57.603,44
2023-08-02 09:50:00-04:00,57.58,57.69,57.53,57.61,8178.0,57.622,57
2023-08-02 09:55:00-04:00,57.61,57.67,57.52,57.53,4658.0,57.597,41
2023-08-02 10:00:00-04:00,57.57,57.83,57.56,57.81,6495.0,57.655,61
2023-08-02 10:05:00-04:00,57.81,57.88,57.67,57.69,11384.0,57.825,98
2023-08-02 10:10:00-04:00,57.72,57.77,57.61,57.62,10493.0,57.69,61
2023-08-02 10:15:00-04:00,57.59,57.59,57.4,57.45,5839.0,57.49,50
2023-08-02 10:20:00-04:00,57.43,57.58,57.43,57.58,5675.0,57.548,45
2023-08-02 10:25:00-04:00,57.55,57.59,57.45,57.48,5051.0,57.533,38
2023-08-02 10:30:00-04:00,57.48,57.53,57.36,57.45,9645.0,57.422,65
2023-08-02 10:35:00-04:00,57.43,57.43,57.24,57.29,10356.0,57.368,68
2023-08-02 10:40:00-04:00,57.29,57.31,57.23,57.25,2725.0,57.266,23
2023-08-02 10:45:00-04:00,57.24,57.25,57.12,57.13,5052.0,57.202,38
2023-08-02 10:50:00-04:00,57.12,57.17,57.11,57.12,4831.0,57.137,43
2023-08-02 10:55:00-04:00,57.11,57.11,56.99,57.08,7897.0,57.05,67
2023-08-02 11:00:00-04:00,57.1,57.19,57.09,57.19,11006.0,57.12,81
2023-08-02 11:05:00-04:00,57.19,57.2,57.11,57.12,4575.0,57.156,36
2023-08-02 11:10:00-04:00,57.13,57.22,57.07,57.17,8528.0,57.144,72
2023-08-02 11:15:00-04:00,57.18,57.19,57.04,57.05,7380.0,57.114,33
2023-08-02 11:20:00-04:00,57.07,57.17,56.97,57.14,12088.0,57.027,60
2023-08-02 11:25:00-04:00,57.12,57.37,57.07,57.35,9401.0,57.244,80
2023-08-02 11:30:00-04:00,57.36,57.55,57.33,57.49,10595.0,57.437,84
2023-08-02 11:35:00-04:00,57.47,57.5,57.35,57.35,8001.0,57.451,71
2023-08-02 11:40:00-04:00,57.36,57.38,57.31,57.38,10106.0,57.332,45
2023-08-02 11:45:00-04:00,57.35,57.4,57.33,57.39,4088.0,57.371,28
2023-08-02 11:50:00-04:00,57.4,57.48,57.4,57.43,3389.0,57.444,27
2023-08-02 11:55:00-04:00,57.41,57.41,57.34,57.36,3988.0,57.364,28
2023-08-02 12:00:00-04:00,57.34,57.38,57.3,57.36,2706.0,57.336,26
2023-08-02 12:05:00-04:00,57.33,57.35,57.26,57.29,5093.0,57.303,44
2023-08-02 12:10:00-04:00,57.29,57.36,57.28,57.32,2881.0,57.328,25
2023-08-02 12:15:00-04:00,57.32,57.39,57.31,57.39,3815.0,57.334,34
2023-08-02 12:20:00-04:00,57.39,57.4,57.35,57.4,3126.0,57.378,27
2023-08-02 12:25:00-04:00,57.41,57.42,57.34,57.35,2553.0,57.376,23
2023-08-02 12:30:00-04:00,57.35,57.45,57.35,57.43,5847.0,57.409,47
2023-08-02 12:35:00-04:00,57.43,57.49,57.42,57.47,6799.0,57.442,57
2023-08-02 12:40:00-04:00,57.5,57.5,57.42,57.46,2910.0,57.445,27
2023-08-02 12:45:00-04:00,57.45,57.48,57.39,57.43,5138.0,57.431,43
2023-08-02 12:50:00-04:00,57.42,57.42,57.29,57.32,5713.0,57.327,45
2023-08-02 12:55:00-04:00,57.33,57.37,57.32,57.34,4292.0,57.341,33
2023-08-02 13:00:00-04:00,57.32,57.35,57.29,57.33,9950.0,57.328,50
2023-08-02 13:05:00-04:00,57.32,57.37,57.29,57.37,2763.0,57.315,26
2023-08-02 13:10:00-04:00,57.38,57.45,57.37,57.42,4283.0,57.412,33
2023-08-02 13:15:00-04:00,57.43,57.62,57.43,57.62,6086.0,57.521,53
2023-08-02 13:20:00-04:00,57.62,57.62,57.54,57.6,2900.0,57.574,27
2023-08-02 13:25:00-04:00,57.57,57.6,57.53,57.6,5370.0,57.552,47
2023-08-02 13:30:00-04:00,57.59,57.63,57.56,57.61,6333.0,57.588,50
2023-08-02 13:35:00-04:00,57.62,57.63,57.55,57.55,6630.0,57.587,51
2023-08-02 13:40:00-04:00,57.55,57.59,57.52,57.52,7415.0,57.556,51
2023-08-02 13:45:00-04:00,57.5,57.58,57.47,57.53,13607.0,57.529,101
2023-08-02 13:50:00-04:00,57.51,57.53,57.45,57.52,5768.0,57.492,52
2023-08-02 13:55:00-04:00,57.52,57.55,57.47,57.51,7073.0,57.516,62
2023-08-02 14:00:00-04:00,57.5,57.55,57.41,57.53,5204.0,57.477,47
2023-08-02 14:05:00-04:00,57.53,57.54,57.44,57.48,9595.0,57.493,60
2023-08-02 14:10:00-04:00,57.48,57.52,57.47,57.52,5029.0,57.496,42
2023-08-02 14:15:00-04:00,57.53,57.54,57.45,57.51,11407.0,57.492,91
2023-08-02 14:20:00-04:00,57.5,57.51,57.45,57.51,3154.0,57.472,27
2023-08-02 14:25:00-04:00,57.5,57.52,57.44,57.47,8620.0,57.476,74
2023-08-02 14:30:00-04:00,57.47,57.54,57.46,57.52,10584.0,57.52,69
2023-08-02 14:35:00-04:00,57.53,57.54,57.49,57.53,6395.0,57.514,46
2023-08-02 14:40:00-04:00,57.52,57.52,57.47,57.47,7575.0,57.491,55
2023-08-02 14:45:00-04:00,57.45,57.47,57.43,57.47,9175.0,57.458,73
2023-08-02 14:50:00-04:00,57.49,57.49,57.43,57.44,5182.0,57.472,49
2023-08-02 14:55:00-04:00,57.44,57.46,57.38,57.42,8165.0,57.418,70
2023-08-02 15:00:00-04:00,57.43,57.46,57.4,57.41,10525.0,57.438,84
2023-08-02 15:05:00-04:00,57.42,57.43,57.37,57.4,6787.0,57.395,63
2023-08-02 15:10:00-04:00,57.4,57.44,57.38,57.4,9092.0,57.409,76
2023-08-02 15:15:00-04:00,57.41,57.41,57.17,57.18,37811.0,57.244,291
2023-08-02 15:20:00-04:00,57.18,57.33,57.17,57.27,11782.0,57.271,98
2023-08-02 15:25:00-04:00,57.28,57.28,57.18,57.23,12788.0,57.23,116
2023-08-02 15:30:00-04:00,57.23,57.27,57.18,57.24,14961.0,57.224,134
2023-08-02 15:35:00-04:00,57.22,57.25,57.17,57.23,13567.0,57.214,109
2023-08-02 15:40:00-04:00,57.23,57.31,57.23,57.3,20737.0,57.264,172
2023-08-02 15:45:00-04:00,57.29,57.36,57.26,57.26,21373.0,57.309,176
2023-08-02 15:50:00-04:00,57.25,57.34,57.19,57.28,40094.0,57.283,324
2023-08-02 15:55:00-04:00,57.27,57.27,57.05,57.06,159187.0,57.147,1019
2023-08-03 09:30:00-04:00,57.83,59.5,57.82,59.02,52038.0,58.524,189
2023-08-03 09:35:00-04:00,59.0,59.98,59.0,59.59,25688.0,59.57,220
2023-08-03 09:40:00-04:00,59.55,59.9,59.12,59.83,33192.0,59.471,251
2023-08-03 09:45:00-04:00,59.83,60.36,59.62,59.88,89079.0,60.046,629
2023-08-03 09:50:00-04:00,59.88,60.38,59.66,60.24,52381.0,60.111,442
2023-08-03 09:55:00-04:00,60.24,60.25,59.54,59.84,65254.0,59.826,442
2023-08-03 10:00:00-04:00,59.84,60.44,59.78,60.27,42273.0,60.14,294
2023-08-03 10:05:00-04:00,60.32,60.72,60.3,60.64,35430.0,60.533,296
2023-08-03 10:10:00-04:00,60.65,60.9,60.45,60.79,40641.0,60.681,339
2023-08-03 10:15:00-04:00,60.75,60.85,60.15,60.38,62127.0,60.449,507
2023-08-03 10:20:00-04:00,60.36,60.54,60.16,60.22,32661.0,60.403,233
2023-08-03 10:25:00-04:00,60.19,60.39,60.06,60.1,23167.0,60.201,196
2023-08-03 10:30:00-04:00,60.1,60.16,59.92,60.09,33522.0,60.042,243
2023-08-03 10:35:00-04:00,60.06,60.06,59.5,59.65,63059.0,59.867,271
2023-08-03 10:40:00-04:00,59.61,59.68,59.39,59.58,24681.0,59.542,188
2023-08-03 10:45:00-04:00,59.56,59.56,59.24,59.52,23949.0,59.382,156
2023-08-03 10:50:00-04:00,59.5,59.5,59.29,59.47,11981.0,59.382,102
2023-08-03 10:55:00-04:00,59.5,59.65,59.31,59.62,14302.0,59.517,117
2023-08-03 11:00:00-04:00,59.63,59.86,59.55,59.85,11230.0,59.678,95
2023-08-03 11:05:00-04:00,59.88,60.03,59.66,59.75,42814.0,59.869,347
2023-08-03 11:10:00-04:00,59.78,59.95,59.73,59.76,34949.0,59.809,217
2023-08-03 11:15:00-04:00,59.74,59.88,59.62,59.74,31833.0,59.765,258
2023-08-03 11:20:00-04:00,59.75,60.02,59.61,59.9,106717.0,59.807,352
2023-08-03 11:25:00-04:00,59.92,60.13,59.9,60.11,37523.0,60.01,238
2023-08-03 11:30:00-04:00,60.12,60.33,60.04,60.24,22781.0,60.225,178
2023-08-03 11:35:00-04:00,60.24,60.48,60.24,60.37,19618.0,60.386,151
2023-08-03 11:40:00-04:00,60.38,60.43,60.17,60.18,21798.0,60.319,196
2023-08-03 11:45:00-04:00,60.18,60.42,60.18,60.39,18616.0,60.316,158
2023-08-03 11:50:00-04:00,60.38,60.5,60.34,60.47,23916.0,60.407,170
2023-08-03 11:55:00-04:00,60.48,60.57,60.33,60.42,21029.0,60.431,169
2023-08-03 12:00:00-04:00,60.39,60.39,60.23,60.28,12121.0,60.296,105
2023-08-03 12:05:00-04:00,60.31,60.39,60.17,60.17,19230.0,60.276,150
2023-08-03 12:10:00-04:00,60.18,60.2,60.09,60.15,16757.0,60.151,137
2023-08-03 12:15:00-04:00,60.15,60.33,60.07,60.32,11072.0,60.135,101
2023-08-03 12:20:00-04:00,60.36,60.37,60.22,60.3,12968.0,60.303,121
2023-08-03 12:25:00-04:00,60.3,60.31,60.11,60.12,9656.0,60.18,89
2023-08-03 12:30:00-04:00,60.13,60.2,60.06,60.1,18384.0,60.138,150
2023-08-03 12:35:00-04:00,60.09,60.16,59.76,59.85,50691.0,60.028,195
2023-08-03 12:40:00-04:00,59.87,60.04,59.87,59.94,7387.0,59.969,64
2023-08-03 12:45:00-04:00,59.9,60.01,59.86,59.86,8788.0,59.943,81
2023-08-03 12:50:00-04:00,59.83,59.86,59.64,59.68,13616.0,59.721,85
2023-08-03 12:55:00-04:00,59.7,59.82,59.6,59.79,12733.0,59.677,110
2023-08-03 13:00:00-04:00,59.8,59.95,59.8,59.88,7325.0,59.888,53
2023-08-03 13:05:00-04:00,59.86,60.0,59.72,59.74,12527.0,59.84,113
2023-08-03 13:10:00-04:00,59.77,59.84,59.75,59.83,10269.0,59.792,87
2023-08-03 13:15:00-04:00,59.83,59.83,59.56,59.56,13292.0,59.736,112
2023-08-03 13:20:00-04:00,59.56,59.58,59.38,59.42,17654.0,59.461,154
2023-08-03 13:25:00-04:00,59.39,59.5,59.32,59.43,8282.0,59.408,72
2023-08-03 13:30:00-04:00,59.43,59.43,58.96,59.04,19572.0,59.178,161
2023-08-03 13:35:00-04:00,59.01,59.01,58.84,58.84,14696.0,58.922,126
2023-08-03 13:40:00-04:00,58.84,58.86,58.71,58.74,10884.0,58.778,87
2023-08-03 13:45:00-04:00,58.75,59.06,58.7,59.03,14672.0,58.929,115
2023-08-03 13:50:00-04:00,59.02,59.02,58.84,58.98,25870.0,58.937,172
2023-08-03 13:55:00-04:00,59.0,59.15,58.96,58.97,22766.0,59.06,175
2023-08-03 14:00:00-04:00,58.98,59.26,58.98,59.26,13861.0,59.087,103
2023-08-03 14:05:00-04:00,59.27,59.33,59.25,59.32,11762.0,59.295,100
2023-08-03 14:10:00-04:00,59.32,59.32,59.14,59.16,19272.0,59.222,129
2023-08-03 14:15:00-04:00,59.17,59.18,59.1,59.1,7706.0,59.144,64
2023-08-03 14:20:00-04:00,59.09,59.18,59.07,59.18,9872.0,59.134,83
2023-08-03 14:25:00-04:00,59.18,59.18,59.04,59.08,13733.0,59.09,101
2023-08-03 14:30:00-04:00,59.08,59.16,59.05,59.11,23070.0,59.096,185
2023-08-03 14:35:00-04:00,59.11,59.14,59.05,59.14,25949.0,59.088,196
2023-08-03 14:40:00-04:00,59.13,59.23,59.1,59.23,10886.0,59.149,88
2023-08-03 14:45:00-04:00,59.24,59.33,59.22,59.24,15423.0,59.264,129
2023-08-03 14:50:00-04:00,59.25,59.25,59.16,59.19,14628.0,59.19,121
2023-08-03 14:55:00-04:00,59.2,59.23,59.13,59.19,19840.0,59.17,153
2023-08-03 15:00:00-04:00,59.19,59.2,59.08,59.12,16794.0,59.14,127
2023-08-03 15:05:00-04:00,59.11,59.18,59.04,59.1,18680.0,59.112,144
2023-08-03 15:10:00-04:00,59.1,59.13,59.03,59.12,12906.0,59.082,105
2023-08-03 15:15:00-04:00,59.11,59.12,59.03,59.09,14848.0,59.088,122
2023-08-03 15:20:00-04:00,59.09,59.09,59.04,59.09,15426.0,59.069,129
2023-08-03 15:25:00-04:00,59.09,59.1,59.03,59.05,16913.0,59.061,145
2023-08-03 15:30:00-04:00,59.05,59.14,59.01,59.13,23436.0,59.084,189
2023-08-03 15:35:00-04:00,59.13,59.19,59.11,59.16,31466.0,59.146,266
2023-08-03 15:40:00-04:00,59.16,59.26,59.08,59.1,35478.0,59.203,280
2023-08-03 15:45:00-04:00,59.09,59.09,58.89,58.98,47622.0,58.963,356
2023-08-03 15:50:00-04:00,58.97,59.1,58.87,59.04,80210.0,58.989,631
2023-08-03 15:55:00-04:00,59.04,59.1,59.03,59.05,187205.0,59.082,1083
2023-08-04 09:30:00-04:00,58.82,58.9,57.84,58.45,65541.0,58.413,92
2023-08-04 09:35:00-04:00,58.47,58.62,58.19,58.58,9796.0,58.402,84
2023-08-04 09:40:00-04:00,58.58,58.81,58.58,58.77,9827.0,58.689,81
2023-08-04 09:45:00-04:00,58.82,59.12,58.82,58.98,12648.0,58.987,104
2023-08-04 09:50:00-04:00,59.01,59.47,59.01,59.47,7388.0,59.3,57
2023-08-04 09:55:00-04:00,59.48,59.67,59.38,59.58,18364.0,59.493,159
2023-08-04 10:00:00-04:00,59.54,59.56,58.92,58.95,17276.0,59.084,100
2023-08-04 10:05:00-04:00,58.89,59.05,58.78,58.99,8734.0,58.889,65
2023-08-04 10:10:00-04:00,59.0,59.0,58.76,58.79,14576.0,58.848,104
2023-08-04 10:15:00-04:00,58.81,58.85,58.59,58.66,11021.0,58.689,79
2023-08-04 10:20:00-04:00,58.67,58.76,58.58,58.69,10261.0,58.664,78
2023-08-04 10:25:00-04:00,58.71,58.81,58.64,58.68,9383.0,58.74,75
2023-08-04 10:30:00-04:00,58.71,58.8,58.7,58.73,13444.0,58.755,97
2023-08-04 10:35:00-04:00,58.73,58.8,58.66,58.71,10210.0,58.724,82
2023-08-04 10:40:00-04:00,58.73,58.9,58.72,58.9,13037.0,58.802,101
2023-08-04 10:45:00-04:00,58.91,58.95,58.84,58.91,9370.0,58.889,68
2023-08-04 10:50:00-04:00,58.89,58.9,58.75,58.81,5270.0,58.815,41
2023-08-04 10:55:00-04:00,58.8,58.91,58.77,58.83,13900.0,58.849,87
2023-08-04 11:00:00-04:00,58.81,58.81,58.49,58.51,8603.0,58.603,72
2023-08-04 11:05:00-04:00,58.5,58.55,58.45,58.48,19813.0,58.494,144
2023-08-04 11:10:00-04:00,58.47,58.62,58.46,58.6,37955.0,58.553,157
2023-08-04 11:15:00-04:00,58.59,58.67,58.56,58.62,14207.0,58.606,73
2023-08-04 11:20:00-04:00,58.62,58.77,58.62,58.72,14444.0,58.706,98
2023-08-04 11:25:00-04:00,58.72,58.76,58.56,58.62,15875.0,58.631,95
2023-08-04 11:30:00-04:00,58.63,58.63,58.44,58.5,20205.0,58.502,73
2023-08-04 11:35:00-04:00,58.5,58.66,58.45,58.63,12241.0,58.535,82
2023-08-04 11:40:00-04:00,58.61,58.85,58.56,58.81,14196.0,58.724,97
2023-08-04 11:45:00-04:00,58.81,58.81,58.65,58.66,20443.0,58.727,67
2023-08-04 11:50:00-04:00,58.64,58.64,58.42,58.43,21624.0,58.523,139
2023-08-04 11:55:00-04:00,58.44,58.63,58.44,58.63,9069.0,58.532,60
2023-08-04 12:00:00-04:00,58.63,58.67,58.58,58.59,8168.0,58.625,64
2023-08-04 12:05:00-04:00,58.6,58.6,58.49,58.5,11891.0,58.533,79
2023-08-04 12:10:00-04:00,58.48,58.66,58.48,58.66,10596.0,58.564,74
2023-08-04 12:15:00-04:00,58.65,58.71,58.56,58.61,18843.0,58.667,82
2023-08-04 12:20:00-04:00,58.6,58.62,58.53,58.6,7302.0,58.581,49
2023-08-04 12:25:00-04:00,58.6,58.68,58.59,58.67,4076.0,58.635,29
2023-08-04 12:30:00-04:00,58.67,58.67,58.55,58.59,7244.0,58.596,50
2023-08-04 12:35:00-04:00,58.57,58.61,58.51,58.6,5644.0,58.553,45
2023-08-04 12:40:00-04:00,58.59,58.62,58.56,58.62,11617.0,58.589,48
2023-08-04 12:45:00-04:00,58.62,58.67,58.58,58.65,6107.0,58.626,55
2023-08-04 12:50:00-04:00,58.66,58.74,58.62,58.73,6822.0,58.679,53
2023-08-04 12:55:00-04:00,58.73,58.77,58.72,58.77,5639.0,58.737,39
2023-08-04 13:00:00-04:00,58.78,58.78,58.59,58.6,11271.0,58.673,79
2023-08-04 13:05:00-04:00,58.6,58.61,58.51,58.55,23344.0,58.581,152
2023-08-04 13:10:00-04:00,58.54,58.65,58.53,58.63,8933.0,58.594,65
2023-08-04 13:15:00-04:00,58.62,58.62,58.46,58.5,12804.0,58.536,84
2023-08-04 13:20:00-04:00,58.5,58.5,58.42,58.48,11841.0,58.445,75
2023-08-04 13:25:00-04:00,58.48,58.51,58.4,58.5,69229.0,58.435,190
2023-08-04 13:30:00-04:00,58.5,58.5,58.31,58.38,10859.0,58.412,64
2023-08-04 13:35:00-04:00,58.36,58.38,58.32,58.34,7778.0,58.358,59
2023-08-04 13:40:00-04:00,58.3,58.3,58.11,58.15,5011.0,58.198,39
2023-08-04 13:45:00-04:00,58.14,58.14,58.05,58.05,6910.0,58.091,56
2023-08-04 13:50:00-04:00,58.05,58.11,58.03,58.1,9934.0,58.054,77
2023-08-04 13:55:00-04:00,58.09,58.09,57.95,58.03,9580.0,58.021,65
2023-08-04 14:00:00-04:00,58.02,58.04,57.94,57.95,8753.0,58.0,70
2023-08-04 14:05:00-04:00,57.94,58.02,57.93,58.02,8539.0,57.965,62
2023-08-04 14:10:00-04:00,58.0,58.08,57.98,58.02,4991.0,58.037,41
2023-08-04 14:15:00-04:00,58.02,58.03,57.97,57.98,6585.0,58.004,47
2023-08-04 14:20:00-04:00,57.98,57.98,57.86,57.88,12317.0,57.923,92
2023-08-04 14:25:00-04:00,57.85,57.9,57.81,57.82,5548.0,57.86,50
2023-08-04 14:30:00-04:00,57.84,58.02,57.83,58.02,10335.0,57.902,86
2023-08-04 14:35:00-04:00,58.01,58.01,57.86,57.88,10738.0,57.943,90
2023-08-04 14:40:00-04:00,57.89,57.97,57.89,57.97,12618.0,57.925,106
2023-08-04 14:45:00-04:00,57.96,57.96,57.87,57.92,8203.0,57.903,73
2023-08-04 14:50:00-04:00,57.93,58.01,57.91,57.91,15325.0,57.956,119
2023-08-04 14:55:00-04:00,57.87,57.97,57.87,57.91,10073.0,57.921,79
2023-08-04 15:00:00-04:00,57.92,58.03,57.91,58.01,9828.0,57.974,84
2023-08-04 15:05:00-04:00,58.02,58.05,58.0,58.05,14393.0,58.016,123
2023-08-04 15:10:00-04:00,58.05,58.06,57.95,57.98,13386.0,58.012,107
2023-08-04 15:15:00-04:00,57.99,58.02,57.97,57.97,9419.0,57.997,81
2023-08-04 15:20:00-04:00,57.97,58.01,57.95,57.98,13699.0,57.974,114
2023-08-04 15:25:00-04:00,57.98,58.03,57.95,58.03,15603.0,57.987,124
2023-08-04 15:30:00-04:00,58.02,58.03,57.94,57.97,22649.0,57.984,166
2023-08-04 15:35:00-04:00,57.96,57.96,57.72,57.76,16426.0,57.85,121
2023-08-04 15:40:00-04:00,57.75,57.75,57.66,57.68,17993.0,57.717,126
2023-08-04 15:45:00-04:00,57.68,57.8,57.67,57.8,34094.0,57.758,257
2023-08-04 15:50:00-04:00,57.8,57.85,57.74,57.77,46759.0,57.8,358
2023-08-04 15:55:00-04:00,57.77,57.83,57.75,57.8,132369.0,57.796,808
2023-08-07 09:30:00-04:00,57.94,58.03,57.83,58.01,12300.0,57.937,15
2023-08-07 09:35:00-04:00,57.99,57.99,57.71,57.71,6659.0,57.836,52
2023-08-07 09:40:00-04:00,57.68,57.71,57.36,57.37,3475.0,57.534,26
2023-08-07 09:45:00-04:00,57.4,57.44,57.39,57.39,1574.0,57.409,13
2023-08-07 09:50:00-04:00,57.4,57.4,57.25,57.3,9279.0,57.304,56
2023-08-07 09:55:00-04:00,57.26,57.26,56.88,56.95,13823.0,57.11,104
2023-08-07 10:00:00-04:00,57.0,57.01,56.69,56.84,6320.0,56.828,50
2023-08-07 10:05:00-04:00,56.86,56.93,56.74,56.87,3794.0,56.838,35
2023-08-07 10:10:00-04:00,56.89,56.9,56.83,56.84,4750.0,56.859,34
2023-08-07 10:15:00-04:00,56.83,56.88,56.76,56.85,4603.0,56.827,43
2023-08-07 10:20:00-04:00,56.81,56.85,56.7,56.83,4801.0,56.765,41
2023-08-07 10:25:00-04:00,56.86,56.9,56.73,56.9,9550.0,56.823,76
2023-08-07 10:30:00-04:00,56.91,57.11,56.91,57.11,5858.0,57.0,51
2023-08-07 10:35:00-04:00,57.14,57.16,56.94,56.94,5334.0,57.053,47
2023-08-07 10:40:00-04:00,56.93,57.02,56.91,56.93,5007.0,56.951,45
2023-08-07 10:45:00-04:00,56.86,57.04,56.86,57.04,2606.0,56.952,25
2023-08-07 10:50:00-04:00,57.01,57.09,56.98,57.09,3928.0,57.035,33
2023-08-07 10:55:00-04:00,57.12,57.39,57.12,57.39,7541.0,57.226,38
2023-08-07 11:00:00-04:00,57.39,57.5,57.39,57.43,13139.0,57.425,101
2023-08-07 11:05:00-04:00,57.44,57.49,57.39,57.43,5381.0,57.439,39
2023-08-07 11:10:00-04:00,57.43,57.54,57.42,57.46,6498.0,57.491,57
2023-08-07 11:15:00-04:00,57.44,57.5,57.3,57.31,13871.0,57.409,87
2023-08-07 11:20:00-04:00,57.33,57.38,57.23,57.37,8674.0,57.318,74
2023-08-07 11:25:00-04:00,57.37,57.48,57.35,57.43,6879.0,57.402,58
2023-08-07 11:30:00-04:00,57.43,57.45,57.25,57.27,6326.0,57.36,57
2023-08-07 11:35:00-04:00,57.26,57.36,57.25,57.35,4907.0,57.301,43
2023-08-07 11:40:00-04:00,57.34,57.43,57.34,57.43,5049.0,57.372,47
2023-08-07 11:45:00-04:00,57.44,57.49,57.36,57.44,23355.0,57.387,93
2023-08-07 11:50:00-04:00,57.44,57.53,57.43,57.53,8261.0,57.483,48
2023-08-07 11:55:00-04:00,57.55,57.55,57.32,57.36,11423.0,57.43,73
2023-08-07 12:00:00-04:00,57.36,57.36,57.3,57.31,10880.0,57.32,31
2023-08-07 12:05:00-04:00,57.31,57.42,57.31,57.34,4942.0,57.371,44
2023-08-07 12:10:00-04:00,57.33,57.33,57.25,57.25,4791.0,57.314,46
2023-08-07 12:15:00-04:00,57.25,57.27,57.19,57.19,36523.0,57.249,57
2023-08-07 12:20:00-04:00,57.17,57.22,57.1,57.1,20446.0,57.192,61
2023-08-07 12:25:00-04:00,57.07,57.19,57.07,57.19,12743.0,57.157,116
2023-08-07 12:30:00-04:00,57.2,57.21,57.11,57.13,5730.0,57.166,51
2023-08-07 12:35:00-04:00,57.13,57.13,57.09,57.1,3785.0,57.117,37
2023-08-07 12:40:00-04:00,57.09,57.09,57.04,57.07,3337.0,57.071,30
2023-08-07 12:45:00-04:00,57.08,57.13,57.08,57.12,3841.0,57.098,38
2023-08-07 12:50:00-04:00,57.12,57.21,57.12,57.21,3807.0,57.169,32
2023-08-07 12:55:00-04:00,57.2,57.28,57.17,57.28,14696.0,57.23,80
2023-08-07 13:00:00-04:00,57.27,57.27,57.12,57.14,8998.0,57.19,59
2023-08-07 13:05:00-04:00,57.13,57.18,57.1,57.14,6391.0,57.133,59
2023-08-07 13:10:00-04:00,57.15,57.21,57.15,57.16,5076.0,57.18,47
2023-08-07 13:15:00-04:00,57.16,57.17,57.08,57.1,3540.0,57.111,31
2023-08-07 13:20:00-04:00,57.1,57.12,57.06,57.09,2926.0,57.095,23
2023-08-07 13:25:00-04:00,57.09,57.17,57.04,57.08,7831.0,57.082,53
2023-08-07 13:30:00-04:00,57.08,57.08,57.02,57.02,4756.0,57.047,44
2023-08-07 13:35:00-04:00,57.02,57.03,56.96,56.98,4177.0,56.988,38
2023-08-07 13:40:00-04:00,56.98,57.03,56.97,57.02,4480.0,56.997,40
2023-08-07 13:45:00-04:00,57.02,57.07,57.02,57.06,2919.0,57.046,27
2023-08-07 13:50:00-04:00,57.05,57.07,57.02,57.06,3504.0,57.046,26
2023-08-07 13:55:00-04:00,57.05,57.08,57.02,57.07,3723.0,57.048,32
2023-08-07 14:00:00-04:00,57.08,57.11,56.96,56.97,6565.0,57.062,59
2023-08-07 14:05:00-04:00,56.97,56.97,56.93,56.93,3912.0,56.95,35
2023-08-07 14:10:00-04:00,56.92,56.95,56.91,56.93,3161.0,56.926,30
2023-08-07 14:15:00-04:00,56.92,57.03,56.92,57.03,5266.0,56.966,45
2023-08-07 14:20:00-04:00,57.01,57.01,56.97,56.98,4990.0,56.992,43
2023-08-07 14:25:00-04:00,57.0,57.06,56.97,57.0,6180.0,57.011,52
2023-08-07 14:30:00-04:00,57.0,57.11,56.98,57.1,12755.0,57.056,101
2023-08-07 14:35:00-04:00,57.1,57.11,57.01,57.06,16324.0,57.073,140
2023-08-07 14:40:00-04:00,57.05,57.1,57.04,57.1,13426.0,57.067,111
2023-08-07 14:45:00-04:00,57.1,57.12,57.08,57.11,8645.0,57.104,82
2023-08-07 14:50:00-04:00,57.12,57.12,57.06,57.08,5099.0,57.087,45
2023-08-07 14:55:00-04:00,57.07,57.35,57.07,57.35,28225.0,57.21,225
2023-08-07 15:00:00-04:00,57.35,57.42,57.18,57.18,42760.0,57.362,247
2023-08-07 15:05:00-04:00,57.19,57.2,57.1,57.13,5132.0,57.153,45
2023-08-07 15:10:00-04:00,57.12,57.12,57.01,57.01,7261.0,57.055,52
2023-08-07 15:15:00-04:00,57.0,57.02,56.94,56.96,5045.0,56.977,40
2023-08-07 15:20:00-04:00,56.94,57.02,56.93,56.99,6585.0,56.972,47
2023-08-07 15:25:00-04:00,57.01,57.08,57.01,57.05,10029.0,57.039,81
2023-08-07 15:30:00-04:00,57.04,57.1,57.02,57.1,9088.0,57.06,75
2023-08-07 15:35:00-04:00,57.1,57.14,57.09,57.13,11824.0,57.118,101
2023-08-07 15:40:00-04:00,57.13,57.2,57.11,57.13,14751.0,57.154,117
2023-08-07 15:45:00-04:00,57.12,57.14,57.03,57.04,25227.0,57.085,205
2023-08-07 15:50:00-04:00,57.02,57.05,56.96,57.0,45130.0,57.008,346
2023-08-07 15:55:00-04:00,57.01,57.11,56.99,57.1,68699.0,57.065,405
2023-08-08 09:30:00-04:00,56.44,56.53,56.1,56.45,21762.0,56.415,31
2023-08-08 09:35:00-04:00,56.53,56.53,56.13,56.2,5976.0,56.226,42
2023-08-08 09:40:00-04:00,56.2,56.28,56.18,56.21,3718.0,56.207,27
2023-08-08 09:45:00-04:00,56.18,56.23,56.06,56.08,2423.0,56.132,20
2023-08-08 09:50:00-04:00,56.05,56.14,56.03,56.14,6013.0,56.078,49
2023-08-08 09:55:00-04:00,56.14,56.16,55.97,56.06,10134.0,56.019,89
2023-08-08 10:00:00-04:00,56.06,56.1,55.98,56.04,8290.0,56.04,75
2023-08-08 10:05:00-04:00,56.07,56.22,56.07,56.1,11674.0,56.154,103
2023-08-08 10:10:00-04:00,56.1,56.1,55.77,55.77,7579.0,55.925,55
2023-08-08 10:15:00-04:00,55.76,55.78,55.62,55.63,7603.0,55.673,58
2023-08-08 10:20:00-04:00,55.61,55.75,55.6,55.75,7209.0,55.675,62
2023-08-08 10:25:00-04:00,55.76,55.87,55.76,55.85,3876.0,55.822,33
2023-08-08 10:30:00-04:00,55.84,55.88,55.74,55.75,10133.0,55.817,78
2023-08-08 10:35:00-04:00,55.69,55.86,55.64,55.66,13324.0,55.727,96
2023-08-08 10:40:00-04:00,55.71,55.89,55.65,55.82,5754.0,55.784,37
2023-08-08 10:45:00-04:00,55.8,55.84,55.73,55.77,4798.0,55.792,37
2023-08-08 10:50:00-04:00,55.75,55.78,55.7,55.78,7224.0,55.738,39
2023-08-08 10:55:00-04:00,55.78,55.81,55.73,55.81,5658.0,55.78,49
2023-08-08 11:00:00-04:00,55.84,55.88,55.7,55.71,3312.0,55.817,20
2023-08-08 11:05:00-04:00,55.68,55.71,55.62,55.7,9511.0,55.657,55
2023-08-08 11:10:00-04:00,55.72,55.75,55.64,55.75,5717.0,55.687,42
2023-08-08 11:15:00-04:00,55.74,55.81,55.71,55.78,3577.0,55.748,25
2023-08-08 11:20:00-04:00,55.8,55.85,55.8,55.81,2742.0,55.825,23
2023-08-08 11:25:00-04:00,55.8,55.86,55.79,55.86,5143.0,55.832,43
2023-08-08 11:30:00-04:00,55.87,55.87,55.7,55.73,5754.0,55.794,44
2023-08-08 11:35:00-04:00,55.75,55.78,55.7,55.72,3270.0,55.748,25
2023-08-08 11:40:00-04:00,55.71,55.71,55.64,55.67,6346.0,55.668,41
2023-08-08 11:45:00-04:00,55.67,55.78,55.66,55.77,4063.0,55.726,32
2023-08-08 11:50:00-04:00,55.77,55.78,55.69,55.69,3722.0,55.743,30
2023-08-08 11:55:00-04:00,55.7,55.7,55.63,55.67,4377.0,55.654,32
2023-08-08 12:00:00-04:00,55.65,55.68,55.62,55.67,2782.0,55.66,21
2023-08-08 12:05:00-04:00,55.68,55.7,55.56,55.6,4374.0,55.645,27
2023-08-08 12:10:00-04:00,55.62,55.64,55.57,55.58,3842.0,55.619,30
2023-08-08 12:15:00-04:00,55.57,55.75,55.57,55.75,6126.0,55.654,49
2023-08-08 12:20:00-04:00,55.76,55.83,55.74,55.82,4386.0,55.782,33
2023-08-08 12:25:00-04:00,55.82,55.86,55.81,55.84,8643.0,55.836,52
2023-08-08 12:30:00-04:00,55.84,55.91,55.83,55.86,5627.0,55.862,40
2023-08-08 12:35:00-04:00,55.89,55.91,55.79,55.8,5028.0,55.847,40
2023-08-08 12:40:00-04:00,55.81,55.81,55.72,55.74,5351.0,55.787,41
2023-08-08 12:45:00-04:00,55.73,55.79,55.68,55.79,10543.0,55.714,52
2023-08-08 12:50:00-04:00,55.77,55.78,55.71,55.73,6231.0,55.746,52
2023-08-08 12:55:00-04:00,55.76,55.82,55.75,55.79,7165.0,55.776,51
2023-08-08 13:00:00-04:00,55.81,55.88,55.81,55.83,3748.0,55.849,32
2023-08-08 13:05:00-04:00,55.84,55.88,55.77,55.87,5132.0,55.825,37
2023-08-08 13:10:00-04:00,55.85,55.85,55.79,55.81,3810.0,55.803,33
2023-08-08 13:15:00-04:00,55.82,55.87,55.82,55.85,5873.0,55.848,39
2023-08-08 13:20:00-04:00,55.86,55.97,55.86,55.87,4246.0,55.918,38
2023-08-08 13:25:00-04:00,55.84,55.87,55.84,55.87,1915.0,55.85,17
2023-08-08 13:30:00-04:00,55.9,55.91,55.87,55.89,3358.0,55.888,27
2023-08-08 13:35:00-04:00,55.86,55.97,55.86,55.94,4252.0,55.932,34
2023-08-08 13:40:00-04:00,55.93,55.97,55.87,55.94,46419.0,55.946,66
2023-08-08 13:45:00-04:00,55.92,55.92,55.85,55.88,2903.0,55.878,19
2023-08-08 13:50:00-04:00,55.87,55.93,55.82,55.93,4030.0,55.88,33
2023-08-08 13:55:00-04:00,55.94,55.98,55.91,55.96,3635.0,55.939,31
2023-08-08 14:00:00-04:00,55.96,55.97,55.88,55.91,3817.0,55.929,34
2023-08-08 14:05:00-04:00,55.9,55.98,55.86,55.97,3714.0,55.91,30
2023-08-08 14:10:00-04:00,55.96,56.05,55.96,56.01,6353.0,56.012,55
2023-08-08 14:15:00-04:00,56.0,56.14,56.0,56.13,3065.0,56.092,23
2023-08-08 14:20:00-04:00,56.11,56.11,56.05,56.07,4620.0,56.074,41
2023-08-08 14:25:00-04:00,56.06,56.07,56.02,56.05,4005.0,56.038,36
2023-08-08 14:30:00-04:00,56.06,56.07,56.02,56.07,5345.0,56.046,47
2023-08-08 14:35:00-04:00,56.08,56.1,56.02,56.05,4135.0,56.062,32
2023-08-08 14:40:00-04:00,56.07,56.13,56.07,56.09,4764.0,56.106,36
2023-08-08 14:45:00-04:00,56.08,56.15,56.08,56.13,4135.0,56.121,35
2023-08-08 14:50:00-04:00,56.16,56.22,56.15,56.16,6474.0,56.18,50
2023-08-08 14:55:00-04:00,56.17,56.17,56.09,56.11,6767.0,56.127,63
2023-08-08 15:00:00-04:00,56.1,56.17,56.07,56.15,4435.0,56.116,39
2023-08-08 15:05:00-04:00,56.14,56.17,56.12,56.14,6143.0,56.143,48
2023-08-08 15:10:00-04:00,56.15,56.21,56.11,56.12,5785.0,56.16,49
2023-08-08 15:15:00-04:00,56.12,56.21,56.12,56.16,8991.0,56.18,71
2023-08-08 15:20:00-04:00,56.17,56.29,56.15,56.29,7685.0,56.233,68
2023-08-08 15:25:00-04:00,56.29,56.32,56.26,56.3,8107.0,56.289,70
2023-08-08 15:30:00-04:00,56.3,56.33,56.26,56.31,10169.0,56.297,92
2023-08-08 15:35:00-04:00,56.3,56.38,56.3,56.37,10361.0,56.346,89
2023-08-08 15:40:00-04:00,56.37,56.37,56.29,56.34,17614.0,56.326,149
2023-08-08 15:45:00-04:00,56.35,56.36,56.27,56.28,17288.0,56.308,150
2023-08-08 15:50:00-04:00,56.29,56.33,56.22,56.23,46822.0,56.274,376
2023-08-08 15:55:00-04:00,56.23,56.33,56.23,56.27,74018.0,56.285,434
2023-08-09 09:30:00-04:00,56.27,56.27,55.74,55.8,23838.0,56.11,42
2023-08-09 09:35:00-04:00,55.86,55.92,55.79,55.79,2100.0,55.86,19
2023-08-09 09:40:00-04:00,55.81,56.04,55.81,56.04,3600.0,55.931,31
2023-08-09 09:45:00-04:00,56.05,56.26,56.05,56.23,4800.0,56.179,44
2023-08-09 09:50:00-04:00,56.25,56.25,56.08,56.11,3259.0,56.16,31
2023-08-09 09:55:00-04:00,56.1,56.15,56.07,56.14,5124.0,56.113,36
2023-08-09 10:00:00-04:00,56.16,56.25,56.15,56.2,3343.0,56.19,30
2023-08-09 10:05:00-04:00,56.2,56.2,56.06,56.06,4003.0,56.137,32
2023-08-09 10:10:00-04:00,55.97,55.97,55.87,55.87,3654.0,55.926,24
2023-08-09 10:15:00-04:00,55.87,55.95,55.83,55.95,3463.0,55.887,31
2023-08-09 10:20:00-04:00,55.95,55.98,55.9,55.95,5325.0,55.933,42
2023-08-09 10:25:00-04:00,55.95,56.11,55.92,56.08,4652.0,56.006,38
2023-08-09 10:30:00-04:00,56.07,56.15,55.95,55.95,7060.0,56.07,46
2023-08-09 10:35:00-04:00,55.95,56.2,55.94,56.13,5959.0,56.077,50
2023-08-09 10:40:00-04:00,56.18,56.19,56.08,56.08,12930.0,56.141,105
2023-08-09 10:45:00-04:00,56.05,56.06,55.97,56.01,4986.0,56.015,41
2023-08-09 10:50:00-04:00,56.0,56.01,55.83,55.85,5694.0,55.919,45
2023-08-09 10:55:00-04:00,55.84,55.87,55.79,55.85,2674.0,55.826,25
2023-08-10 09:30:00-04:00,55.69,55.96,55.55,55.82,21258.0,55.665,39
2023-08-10 09:35:00-04:00,55.81,56.08,55.75,56.0,28782.0,55.921,141
2023-08-10 09:40:00-04:00,55.97,56.18,55.91,56.18,9185.0,56.033,72
2023-08-10 09:45:00-04:00,56.22,56.39,56.17,56.36,3268.0,56.327,29
2023-08-10 09:50:00-04:00,56.38,56.4,56.19,56.3,10664.0,56.318,88
2023-08-10 09:55:00-04:00,56.28,56.35,56.24,56.27,7340.0,56.292,64
2023-08-10 10:00:00-04:00,56.27,56.54,56.19,56.44,29510.0,56.365,163
2023-08-10 10:05:00-04:00,56.4,56.54,56.35,56.35,10223.0,56.454,85
2023-08-10 10:10:00-04:00,56.32,56.46,56.25,56.4,7364.0,56.338,61
2023-08-10 10:15:00-04:00,56.42,56.44,56.37,56.37,7446.0,56.403,62
2023-08-10 10:20:00-04:00,56.35,56.37,56.26,56.37,2663.0,56.312,21
2023-08-10 10:25:00-04:00,56.34,56.35,56.25,56.26,3176.0,56.299,27
2023-08-10 10:30:00-04:00,56.25,56.33,56.18,56.29,4164.0,56.251,36
2023-08-10 10:35:00-04:00,56.25,56.25,56.12,56.15,4713.0,56.175,42
2023-08-10 10:40:00-04:00,56.14,56.17,56.05,56.05,3837.0,56.095,26
2023-08-10 10:45:00-04:00,56.04,56.13,56.0,56.1,9322.0,56.045,75
2023-08-10 10:50:00-04:00,56.1,56.23,56.08,56.21,7334.0,56.173,45
2023-08-10 10:55:00-04:00,56.24,56.3,56.18,56.18,8209.0,56.226,66
2023-08-10 11:00:00-04:00,56.19,56.26,56.01,56.19,21448.0,56.155,131
2023-08-10 11:05:00-04:00,56.21,56.41,56.16,56.39,5779.0,56.31,51
2023-08-10 11:10:00-04:00,56.43,56.45,56.33,56.38,4291.0,56.392,29
2023-08-10 11:15:00-04:00,56.36,56.38,56.33,56.34,4879.0,56.349,41
2023-08-10 11:20:00-04:00,56.3,56.36,56.27,56.27,2521.0,56.314,22
2023-08-10 11:25:00-04:00,56.31,56.41,56.3,56.37,5543.0,56.362,47
2023-08-10 11:30:00-04:00,56.36,56.46,56.36,56.46,4220.0,56.422,35
2023-08-10 11:35:00-04:00,56.44,56.48,56.43,56.47,4151.0,56.458,29
2023-08-10 11:40:00-04:00,56.44,56.46,56.36,56.4,5575.0,56.4,46
2023-08-10 11:45:00-04:00,56.39,56.39,56.26,56.37,4079.0,56.315,31
2023-08-10 11:50:00-04:00,56.35,56.35,56.23,56.27,7485.0,56.278,59
2023-08-10 11:55:00-04:00,56.27,56.43,56.24,56.43,3856.0,56.307,35
2023-08-10 12:00:00-04:00,56.44,56.51,56.42,56.5,5286.0,56.458,46
2023-08-10 12:05:00-04:00,56.5,56.65,56.5,56.65,32784.0,56.549,173
2023-08-10 12:10:00-04:00,56.65,56.74,56.62,56.74,16387.0,56.677,122
2023-08-10 12:15:00-04:00,56.73,56.79,56.67,56.77,24576.0,56.733,179
2023-08-10 12:20:00-04:00,56.76,56.85,56.75,56.78,16988.0,56.795,139
2023-08-10 12:25:00-04:00,56.77,56.77,56.52,56.55,9323.0,56.619,70
2023-08-10 12:30:00-04:00,56.54,56.54,56.43,56.43,5362.0,56.483,43
2023-08-10 12:35:00-04:00,56.47,56.6,56.47,56.59,5178.0,56.54,39
2023-08-10 12:40:00-04:00,56.62,56.68,56.57,56.68,3780.0,56.618,30
2023-08-10 12:45:00-04:00,56.69,56.74,56.65,56.69,3656.0,56.695,32
2023-08-10 12:50:00-04:00,56.67,56.68,56.59,56.61,5455.0,56.65,40
2023-08-10 12:55:00-04:00,56.59,56.59,56.46,56.48,4495.0,56.517,34
2023-08-10 13:00:00-04:00,56.49,56.54,56.44,56.53,5202.0,56.489,41
2023-08-10 13:05:00-04:00,56.52,56.6,56.5,56.59,38932.0,56.505,34
2023-08-10 13:10:00-04:00,56.59,56.64,56.56,56.62,3339.0,56.587,25
2023-08-10 13:15:00-04:00,56.61,56.65,56.54,56.65,8078.0,56.588,60
2023-08-10 13:20:00-04:00,56.64,56.64,56.48,56.49,6822.0,56.563,58
2023-08-10 13:25:00-04:00,56.48,56.5,56.39,56.42,3206.0,56.433,28
2023-08-10 13:30:00-04:00,56.39,56.49,56.35,56.49,3909.0,56.39,33
2023-08-10 13:35:00-04:00,56.49,56.5,56.36,56.39,4669.0,56.439,31
2023-08-10 13:40:00-04:00,56.4,56.44,56.38,56.44,5063.0,56.407,42
2023-08-10 13:45:00-04:00,56.42,56.51,56.41,56.42,4050.0,56.456,30
2023-08-10 13:50:00-04:00,56.42,56.46,56.39,56.43,5594.0,56.418,42
2023-08-10 13:55:00-04:00,56.41,56.42,56.37,56.38,8378.0,56.391,68
2023-08-10 14:00:00-04:00,56.39,56.44,56.39,56.4,6044.0,56.41,46
2023-08-10 14:05:00-04:00,56.44,56.52,56.44,56.49,6806.0,56.482,55
2023-08-10 14:10:00-04:00,56.5,56.6,56.5,56.58,5409.0,56.551,47
2023-08-10 14:15:00-04:00,56.6,56.66,56.6,56.66,4085.0,56.634,25
2023-08-10 14:20:00-04:00,56.64,56.67,56.61,56.67,5930.0,56.639,42
2023-08-10 14:25:00-04:00,56.66,56.68,56.62,56.66,4761.0,56.653,36
2023-08-10 14:30:00-04:00,56.65,56.68,56.58,56.59,7721.0,56.634,56
2023-08-10 14:35:00-04:00,56.59,56.65,56.58,56.65,6549.0,56.605,51
2023-08-10 14:40:00-04:00,56.64,56.64,56.55,56.55,5908.0,56.587,49
2023-08-10 14:45:00-04:00,56.56,56.63,56.55,56.57,10092.0,56.582,71
2023-08-10 14:50:00-04:00,56.58,56.62,56.55,56.6,6519.0,56.59,52
2023-08-10 14:55:00-04:00,56.61,56.65,56.6,56.65,7610.0,56.623,66
2023-08-10 15:00:00-04:00,56.64,56.64,56.49,56.5,6635.0,56.541,45
2023-08-10 15:05:00-04:00,56.5,56.54,56.46,56.54,8499.0,56.504,58
2023-08-10 15:10:00-04:00,56.55,56.62,56.55,56.6,10024.0,56.588,77
2023-08-10 15:15:00-04:00,56.6,56.64,56.58,56.58,9082.0,56.62,56
2023-08-10 15:20:00-04:00,56.59,56.61,56.45,56.5,10633.0,56.527,75
2023-08-10 15:25:00-04:00,56.5,56.51,56.42,56.44,11955.0,56.466,83
2023-08-10 15:30:00-04:00,56.44,56.48,56.37,56.39,18823.0,56.427,118
2023-08-10 15:35:00-04:00,56.37,56.63,56.37,56.59,29451.0,56.516,209
2023-08-10 15:40:00-04:00,56.59,56.64,56.55,56.63,27560.0,56.597,228
2023-08-10 15:45:00-04:00,56.62,56.75,56.59,56.72,57664.0,56.663,322
2023-08-10 15:50:00-04:00,56.71,56.88,56.64,56.85,74929.0,56.799,468
2023-08-10 15:55:00-04:00,56.85,56.9,56.82,56.86,133036.0,56.867,635
2023-08-11 09:30:00-04:00,57.0,57.07,56.44,56.44,16102.0,56.569,22
2023-08-11 09:35:00-04:00,56.64,56.98,56.63,56.96,9433.0,56.881,71
2023-08-11 09:40:00-04:00,56.93,56.96,56.74,56.85,9367.0,56.876,75
2023-08-11 09:45:00-04:00,56.81,56.91,56.74,56.75,6351.0,56.839,55
2023-08-11 09:50:00-04:00,56.78,56.78,56.56,56.71,5453.0,56.688,47
2023-08-11 09:55:00-04:00,56.72,56.78,56.67,56.76,3600.0,56.729,30
2023-08-11 10:00:00-04:00,56.78,57.0,56.78,56.96,8220.0,56.906,69
2023-08-11 10:05:00-04:00,56.96,57.12,56.96,57.11,7297.0,57.036,65
2023-08-11 10:10:00-04:00,57.12,57.16,57.01,57.11,9907.0,57.079,77
2023-08-11 10:15:00-04:00,57.07,57.19,57.07,57.13,7388.0,57.12,65
2023-08-11 10:20:00-04:00,57.15,57.26,57.13,57.22,8427.0,57.199,70
2023-08-11 10:25:00-04:00,57.23,57.23,57.07,57.09,7487.0,57.13,52
2023-08-11 10:30:00-04:00,57.05,57.11,57.02,57.02,6066.0,57.059,51
2023-08-11 10:35:00-04:00,57.01,57.27,57.01,57.27,6878.0,57.145,64
2023-08-11 10:40:00-04:00,57.25,57.32,57.18,57.2,9970.0,57.258,74
2023-08-11 10:45:00-04:00,57.19,57.31,57.18,57.26,6660.0,57.243,62
2023-08-11 10:50:00-04:00,57.29,57.29,57.17,57.17,6863.0,57.227,59
2023-08-11 10:55:00-04:00,57.2,57.27,57.17,57.2,8250.0,57.215,75
2023-08-11 11:00:00-04:00,57.19,57.24,57.18,57.22,3738.0,57.209,33
2023-08-11 11:05:00-04:00,57.21,57.26,57.21,57.23,6596.0,57.231,59
2023-08-11 11:10:00-04:00,57.23,57.24,57.13,57.16,4934.0,57.182,46
2023-08-11 11:15:00-04:00,57.17,57.17,57.07,57.11,5256.0,57.114,48
2023-08-11 11:20:00-04:00,57.12,57.23,57.09,57.09,6652.0,57.17,60
2023-08-11 11:25:00-04:00,57.07,57.13,57.04,57.11,4749.0,57.084,40
2023-08-11 11:30:00-04:00,57.1,57.11,57.01,57.1,6758.0,57.059,62
2023-08-11 11:35:00-04:00,57.11,57.15,57.1,57.14,8776.0,57.12,72
2023-08-11 11:40:00-04:00,57.12,57.16,57.03,57.08,7475.0,57.095,62
2023-08-11 11:45:00-04:00,57.1,57.17,57.09,57.15,3353.0,57.133,31
2023-08-11 11:50:00-04:00,57.14,57.16,57.04,57.06,5577.0,57.111,43
2023-08-11 11:55:00-04:00,57.05,57.24,57.05,57.24,4803.0,57.129,44
2023-08-11 12:00:00-04:00,57.24,57.27,57.18,57.22,4638.0,57.227,41
2023-08-11 12:05:00-04:00,57.23,57.34,57.22,57.27,5219.0,57.285,43
2023-08-11 12:10:00-04:00,57.28,57.43,57.28,57.42,4710.0,57.327,35
2023-08-11 12:15:00-04:00,57.44,57.46,57.29,57.29,7274.0,57.388,66
2023-08-11 12:20:00-04:00,57.29,57.32,57.25,57.27,5749.0,57.284,42
2023-08-11 12:25:00-04:00,57.29,57.3,57.24,57.29,4149.0,57.26,31
2023-08-11 12:30:00-04:00,57.29,57.34,57.25,57.32,3906.0,57.284,39
2023-08-11 12:35:00-04:00,57.3,57.31,57.19,57.21,4652.0,57.242,41
2023-08-11 12:40:00-04:00,57.22,57.26,57.2,57.22,4005.0,57.232,37
2023-08-11 12:45:00-04:00,57.22,57.23,57.15,57.22,5620.0,57.194,45
2023-08-11 12:50:00-04:00,57.22,57.27,57.19,57.26,3697.0,57.241,35
2023-08-11 12:55:00-04:00,57.27,57.29,57.13,57.2,8139.0,57.233,59
2023-08-11 13:00:00-04:00,57.23,57.29,57.2,57.29,3200.0,57.244,32
2023-08-11 13:05:00-04:00,57.27,57.28,57.23,57.28,4353.0,57.255,40
2023-08-11 13:10:00-04:00,57.28,57.33,57.27,57.29,4421.0,57.287,38
2023-08-11 13:15:00-04:00,57.29,57.38,57.29,57.37,5240.0,57.329,46
2023-08-11 13:20:00-04:00,57.38,57.43,57.35,57.43,5233.0,57.388,49
2023-08-11 13:25:00-04:00,57.43,57.48,57.37,57.4,7336.0,57.423,61
2023-08-11 13:30:00-04:00,57.42,57.45,57.4,57.43,6717.0,57.431,59
2023-08-11 13:35:00-04:00,57.4,57.42,57.3,57.3,5640.0,57.38,47
2023-08-11 13:40:00-04:00,57.32,57.36,57.31,57.33,5223.0,57.34,46
2023-08-11 13:45:00-04:00,57.33,57.35,57.3,57.34,5670.0,57.327,46
2023-08-11 13:50:00-04:00,57.34,57.36,57.31,57.34,6743.0,57.335,57
2023-08-11 13:55:00-04:00,57.34,57.4,57.31,57.4,7795.0,57.349,70
2023-08-11 14:00:00-04:00,57.4,57.43,57.39,57.43,6839.0,57.407,61
2023-08-11 14:05:00-04:00,57.42,57.44,57.4,57.42,6429.0,57.419,59
2023-08-11 14:10:00-04:00,57.42,57.43,57.35,57.41,5647.0,57.39,48
2023-08-11 14:15:00-04:00,57.43,57.45,57.39,57.44,7006.0,57.42,64
2023-08-11 14:20:00-04:00,57.43,57.45,57.32,57.35,69867.0,57.425,116
2023-08-11 14:25:00-04:00,57.34,57.37,57.31,57.32,9023.0,57.344,77
2023-08-11 14:30:00-04:00,57.32,57.39,57.29,57.3,10343.0,57.36,82
2023-08-11 14:35:00-04:00,57.3,57.37,57.26,57.37,6100.0,57.311,54
2023-08-11 14:40:00-04:00,57.37,57.39,57.33,57.37,8351.0,57.368,76
2023-08-11 14:45:00-04:00,57.37,57.42,57.36,57.39,16420.0,57.388,117
2023-08-11 14:50:00-04:00,57.4,57.4,57.32,57.37,12569.0,57.367,116
2023-08-11 14:55:00-04:00,57.37,57.39,57.34,57.37,13138.0,57.361,116
2023-08-11 15:00:00-04:00,57.37,57.38,57.3,57.33,6827.0,57.327,56
2023-08-11 15:05:00-04:00,57.34,57.36,57.32,57.32,7805.0,57.338,70
2023-08-11 15:10:00-04:00,57.31,57.35,57.29,57.35,6274.0,57.324,54
2023-08-11 15:15:00-04:00,57.35,57.51,57.32,57.45,10485.0,57.433,97
2023-08-11 15:20:00-04:00,57.44,57.53,57.43,57.53,7777.0,57.48,71
2023-08-11 15:25:00-04:00,57.52,57.57,57.46,57.47,21075.0,57.511,137
2023-08-11 15:30:00-04:00,57.48,57.48,57.37,57.39,14215.0,57.415,121
2023-08-11 15:35:00-04:00,57.39,57.44,57.33,57.36,14040.0,57.384,120
2023-08-11 15:40:00-04:00,57.37,57.43,57.33,57.42,20349.0,57.385,161
2023-08-11 15:45:00-04:00,57.42,57.42,57.35,57.38,26855.0,57.385,216
2023-08-11 15:50:00-04:00,57.38,57.52,57.31,57.48,50349.0,57.438,358
2023-08-11 15:55:00-04:00,57.48,57.48,57.36,57.43,99344.0,57.418,624
2023-08-14 09:30:00-04:00,57.12,57.12,56.6,56.85,15119.0,57.031,25
2023-08-14 09:35:00-04:00,56.81,56.88,56.74,56.8,1225.0,56.799,10
2023-08-14 09:40:00-04:00,56.85,56.89,56.75,56.8,1942.0,56.817,12
2023-08-14 09:45:00-04:00,56.82,56.82,56.53,56.53,5712.0,56.739,38
2023-08-14 09:50:00-04:00,56.53,56.69,56.53,56.58,6395.0,56.599,48
2023-08-14 09:55:00-04:00,56.56,56.6,56.47,56.47,5722.0,56.549,37
2023-08-14 10:00:00-04:00,56.41,56.63,56.4,56.63,4688.0,56.505,40
2023-08-14 10:05:00-04:00,56.64,56.76,56.64,56.68,6162.0,56.712,39
2023-08-14 10:10:00-04:00,56.64,56.8,56.63,56.77,5252.0,56.737,45
2023-08-14 10:15:00-04:00,56.8,56.93,56.8,56.9,3245.0,56.867,28
2023-08-14 10:20:00-04:00,56.92,56.92,56.77,56.82,6980.0,56.804,54
2023-08-14 10:25:00-04:00,56.82,56.87,56.73,56.84,9458.0,56.797,70
2023-08-14 10:30:00-04:00,56.86,56.92,56.86,56.92,1257.0,56.892,12
2023-08-14 10:35:00-04:00,56.93,57.0,56.93,57.0,4471.0,56.968,37
2023-08-14 10:40:00-04:00,57.01,57.01,56.96,56.99,1705.0,56.991,13
2023-08-14 10:45:00-04:00,57.0,57.02,56.91,56.96,3126.0,56.972,28
2023-08-14 10:50:00-04:00,56.93,56.98,56.9,56.97,6041.0,56.935,52
2023-08-14 10:55:00-04:00,56.93,56.93,56.79,56.92,3872.0,56.863,36
2023-08-14 11:00:00-04:00,56.91,56.95,56.86,56.87,2757.0,56.885,22
2023-08-14 11:05:00-04:00,56.85,56.87,56.78,56.87,4121.0,56.841,36
2023-08-14 11:10:00-04:00,56.85,56.87,56.82,56.87,3079.0,56.846,15
2023-08-14 11:15:00-04:00,56.87,56.95,56.85,56.91,5129.0,56.898,43
2023-08-14 11:20:00-04:00,56.91,56.97,56.9,56.94,2734.0,56.949,25
2023-08-14 11:25:00-04:00,56.93,57.0,56.93,56.95,8372.0,56.945,35
2023-08-14 11:30:00-04:00,56.96,57.04,56.95,57.04,6956.0,56.982,38
2023-08-14 11:35:00-04:00,57.03,57.04,56.91,56.92,2510.0,56.982,25
2023-08-14 11:40:00-04:00,56.9,56.96,56.9,56.96,3263.0,56.936,28
2023-08-14 11:45:00-04:00,56.96,57.03,56.96,56.96,3453.0,56.981,27
2023-08-14 11:50:00-04:00,56.98,57.01,56.97,56.99,3647.0,56.992,21
2023-08-14 11:55:00-04:00,56.99,57.02,56.95,56.95,2393.0,56.992,22
2023-08-14 12:00:00-04:00,56.96,56.99,56.92,56.98,4230.0,56.949,31
2023-08-14 12:05:00-04:00,56.97,57.01,56.95,56.95,2195.0,56.981,20
2023-08-14 12:10:00-04:00,56.93,56.97,56.92,56.94,1769.0,56.937,17
2023-08-14 12:15:00-04:00,56.93,56.97,56.9,56.93,3010.0,56.933,27
2023-08-14 12:20:00-04:00,56.93,57.01,56.93,56.97,2568.0,56.968,23
2023-08-14 12:25:00-04:00,56.96,56.96,56.94,56.94,1880.0,56.955,16
2023-08-14 12:30:00-04:00,56.96,57.0,56.93,56.94,3675.0,56.969,33
2023-08-14 12:35:00-04:00,56.93,57.02,56.93,57.02,3481.0,56.978,32
2023-08-14 12:40:00-04:00,57.03,57.1,57.03,57.08,4866.0,57.048,35
2023-08-14 12:45:00-04:00,57.08,57.11,57.05,57.05,3481.0,57.085,24
2023-08-14 12:50:00-04:00,57.04,57.04,56.97,56.97,4079.0,57.001,34
2023-08-14 12:55:00-04:00,56.96,57.01,56.96,56.97,3460.0,56.985,26
2023-08-14 13:00:00-04:00,56.98,56.98,56.91,56.92,3445.0,56.932,25
2023-08-14 13:05:00-04:00,56.91,56.92,56.85,56.87,3052.0,56.88,23
2023-08-14 13:10:00-04:00,56.86,56.86,56.8,56.81,900.0,56.824,9
2023-08-14 13:15:00-04:00,56.8,56.8,56.72,56.72,2100.0,56.768,21
2023-08-14 13:20:00-04:00,56.7,56.75,56.64,56.65,6464.0,56.701,40
2023-08-14 13:25:00-04:00,56.64,56.67,56.57,56.61,10247.0,56.624,73
2023-08-14 13:30:00-04:00,56.59,56.64,56.53,56.53,4936.0,56.59,31
2023-08-14 13:35:00-04:00,56.5,56.56,56.5,56.52,1639.0,56.532,16
2023-08-14 13:40:00-04:00,56.51,56.61,56.48,56.61,12608.0,56.544,46
2023-08-14 13:45:00-04:00,56.63,56.65,56.6,56.6,2210.0,56.629,15
2023-08-14 13:50:00-04:00,56.6,56.64,56.58,56.64,1999.0,56.603,15
2023-08-14 13:55:00-04:00,56.66,56.72,56.62,56.66,2441.0,56.667,22
2023-08-14 14:00:00-04:00,56.67,56.73,56.64,56.73,2063.0,56.682,17
2023-08-14 14:05:00-04:00,56.71,56.72,56.63,56.63,3231.0,56.674,23
2023-08-14 14:10:00-04:00,56.61,56.75,56.61,56.74,7994.0,56.7,40
2023-08-14 14:15:00-04:00,56.75,56.75,56.71,56.72,1714.0,56.73,9
2023-08-14 14:20:00-04:00,56.73,56.77,56.7,56.72,3999.0,56.742,31
2023-08-14 14:25:00-04:00,56.72,56.76,56.72,56.76,3568.0,56.745,20
2023-08-14 14:30:00-04:00,56.76,56.76,56.66,56.66,3940.0,56.716,29
2023-08-14 14:35:00-04:00,56.68,56.7,56.67,56.68,2587.0,56.677,19
2023-08-14 14:40:00-04:00,56.68,56.71,56.66,56.68,3205.0,56.683,26
2023-08-14 14:45:00-04:00,56.66,56.71,56.66,56.68,3209.0,56.683,27
2023-08-14 14:50:00-04:00,56.68,56.72,56.65,56.71,3553.0,56.696,26
2023-08-14 14:55:00-04:00,56.71,56.73,56.69,56.73,3649.0,56.708,34
2023-08-14 15:00:00-04:00,56.74,56.76,56.68,56.74,8824.0,56.727,55
2023-08-14 15:05:00-04:00,56.74,56.76,56.72,56.76,2820.0,56.743,26
2023-08-14 15:10:00-04:00,56.74,56.82,56.73,56.82,3706.0,56.777,31
2023-08-14 15:15:00-04:00,56.82,56.84,56.8,56.83,2585.0,56.819,20
2023-08-14 15:20:00-04:00,56.83,56.85,56.8,56.8,5439.0,56.834,45
2023-08-14 15:25:00-04:00,56.81,56.82,56.73,56.74,4388.0,56.777,39
2023-08-14 15:30:00-04:00,56.73,56.8,56.66,56.73,30704.0,56.732,137
2023-08-14 15:35:00-04:00,56.73,56.83,56.73,56.82,9526.0,56.798,80
2023-08-14 15:40:00-04:00,56.78,56.81,56.75,56.81,10133.0,56.775,77
2023-08-14 15:45:00-04:00,56.8,56.81,56.71,56.76,11382.0,56.763,102
2023-08-14 15:50:00-04:00,56.74,56.76,56.55,56.58,42431.0,56.628,302
2023-08-14 15:55:00-04:00,56.57,56.67,56.57,56.66,70738.0,56.623,458
2023-08-15 09:30:00-04:00,56.25,56.35,56.0,56.03,9203.0,56.198,33
2023-08-15 09:35:00-04:00,56.0,56.1,55.93,55.93,3458.0,56.029,32
2023-08-15 09:40:00-04:00,55.91,56.06,55.9,56.01,3389.0,56.005,27
2023-08-15 09:45:00-04:00,55.95,56.01,55.85,55.99,4563.0,55.956,22
2023-08-15 09:50:00-04:00,55.99,56.13,55.99,56.12,4386.0,56.06,38
2023-08-15 09:55:00-04:00,56.12,56.12,56.01,56.02,2644.0,56.072,25
2023-08-15 10:00:00-04:00,56.0,56.0,55.9,55.98,3286.0,55.95,28
2023-08-15 10:05:00-04:00,55.98,56.08,55.96,56.02,3556.0,56.024,33
2023-08-15 10:10:00-04:00,56.0,56.09,55.99,56.09,3410.0,56.045,30
2023-08-15 10:15:00-04:00,56.08,56.11,56.01,56.03,5085.0,56.073,43
2023-08-15 10:20:00-04:00,56.03,56.07,55.99,55.99,4061.0,56.031,36
2023-08-15 10:25:00-04:00,55.98,56.06,55.97,56.05,1440.0,56.012,13
2023-08-15 10:30:00-04:00,56.05,56.06,55.95,56.03,4908.0,56.0,35
2023-08-15 10:35:00-04:00,56.03,56.09,56.01,56.09,3620.0,56.039,31
2023-08-15 10:40:00-04:00,56.08,56.09,56.04,56.06,4441.0,56.069,42
2023-08-15 10:45:00-04:00,56.07,56.1,56.04,56.05,2957.0,56.072,25
2023-08-15 10:50:00-04:00,56.08,56.14,56.07,56.14,2361.0,56.116,20
2023-08-15 10:55:00-04:00,56.11,56.14,56.05,56.06,3475.0,56.098,30
2023-08-15 11:00:00-04:00,56.07,56.13,56.06,56.12,1926.0,56.106,19
2023-08-15 11:05:00-04:00,56.1,56.19,56.09,56.18,4013.0,56.127,35
2023-08-15 11:10:00-04:00,56.18,56.25,56.14,56.25,5909.0,56.181,48
2023-08-15 11:15:00-04:00,56.28,56.28,56.16,56.17,2127.0,56.222,20
2023-08-15 11:20:00-04:00,56.16,56.2,56.13,56.17,2478.0,56.162,23
2023-08-15 11:25:00-04:00,56.16,56.19,56.14,56.18,3252.0,56.166,13
2023-08-15 11:30:00-04:00,56.19,56.19,56.01,56.05,4009.0,56.071,33
2023-08-15 11:35:00-04:00,56.05,56.1,56.02,56.1,1939.0,56.05,17
2023-08-15 11:40:00-04:00,56.1,56.1,56.03,56.1,3647.0,56.071,32
2023-08-15 11:45:00-04:00,56.12,56.16,56.11,56.16,1504.0,56.135,14
2023-08-15 11:50:00-04:00,56.15,56.19,56.12,56.17,2947.0,56.152,26
2023-08-15 11:55:00-04:00,56.17,56.19,56.15,56.16,1740.0,56.173,16
2023-08-15 12:00:00-04:00,56.16,56.17,56.11,56.11,3074.0,56.149,23
2023-08-15 12:05:00-04:00,56.13,56.13,55.96,55.97,2208.0,56.057,22
2023-08-15 12:10:00-04:00,55.96,55.99,55.89,55.95,10624.0,55.945,88
2023-08-15 12:15:00-04:00,55.95,55.99,55.91,55.91,2945.0,55.938,29
2023-08-15 12:20:00-04:00,55.89,55.93,55.85,55.91,5565.0,55.895,47
2023-08-15 12:25:00-04:00,55.91,55.95,55.86,55.94,4756.0,55.896,41
2023-08-15 12:30:00-04:00,55.94,55.95,55.92,55.94,2027.0,55.936,17
2023-08-15 12:35:00-04:00,55.94,56.02,55.94,56.02,1537.0,55.987,13
2023-08-15 12:40:00-04:00,56.07,56.09,56.02,56.02,2317.0,56.051,18
2023-08-15 12:45:00-04:00,56.02,56.04,56.0,56.02,3443.0,56.024,28
2023-08-15 12:50:00-04:00,56.03,56.05,56.01,56.05,1048.0,56.03,10
2023-08-15 12:55:00-04:00,56.04,56.1,56.04,56.09,2512.0,56.072,24
2023-08-15 13:00:00-04:00,56.08,56.1,56.02,56.02,1838.0,56.071,14
2023-08-15 13:05:00-04:00,56.03,56.06,56.01,56.06,1406.0,56.036,11
2023-08-15 13:10:00-04:00,56.1,56.11,56.07,56.08,3973.0,56.097,24
2023-08-15 13:15:00-04:00,56.09,56.1,56.06,56.06,1421.0,56.09,14
2023-08-15 13:20:00-04:00,56.05,56.09,56.04,56.07,1985.0,56.071,19
2023-08-15 13:25:00-04:00,56.08,56.11,56.06,56.06,2281.0,56.075,17
2023-08-15 13:30:00-04:00,56.0,56.02,55.96,55.98,3460.0,55.989,30
2023-08-15 13:35:00-04:00,55.97,55.99,55.95,55.96,1500.0,55.962,15
2023-08-15 13:40:00-04:00,55.98,55.99,55.94,55.96,1985.0,55.964,16
2023-08-15 13:45:00-04:00,55.99,56.06,55.99,56.05,2614.0,56.031,18
2023-08-15 13:50:00-04:00,56.04,56.06,55.98,55.99,4946.0,56.017,38
2023-08-15 13:55:00-04:00,55.99,56.17,55.99,56.16,25849.0,56.078,41
2023-08-15 14:00:00-04:00,56.13,56.13,56.05,56.06,1216.0,56.079,11
2023-08-15 14:05:00-04:00,56.05,56.05,55.98,55.98,2049.0,56.026,16
2023-08-15 14:10:00-04:00,55.96,55.98,55.92,55.93,4790.0,55.947,37
2023-08-15 14:15:00-04:00,55.9,55.9,55.8,55.8,4653.0,55.842,38
2023-08-15 14:20:00-04:00,55.78,55.79,55.71,55.76,5408.0,55.752,44
2023-08-15 14:25:00-04:00,55.76,55.82,55.76,55.8,1951.0,55.796,18
2023-08-15 14:30:00-04:00,55.81,55.83,55.76,55.83,4515.0,55.801,36
2023-08-15 14:35:00-04:00,55.83,55.89,55.81,55.87,4566.0,55.848,33
2023-08-15 14:40:00-04:00,55.86,55.9,55.85,55.87,3485.0,55.873,31
2023-08-15 14:45:00-04:00,55.88,55.89,55.84,55.85,3853.0,55.851,36
2023-08-15 14:50:00-04:00,55.85,55.87,55.83,55.83,3969.0,55.854,34
2023-08-15 14:55:00-04:00,55.82,55.82,55.74,55.76,8698.0,55.776,77
2023-08-15 15:00:00-04:00,55.72,55.73,55.69,55.71,1834.0,55.713,15
2023-08-15 15:05:00-04:00,55.72,55.76,55.72,55.76,2199.0,55.735,19
2023-08-15 15:10:00-04:00,55.78,55.81,55.75,55.76,20398.0,55.772,39
2023-08-15 15:15:00-04:00,55.75,55.75,55.64,55.7,13570.0,55.679,49
2023-08-15 15:20:00-04:00,55.71,55.71,55.63,55.63,4597.0,55.674,41
2023-08-15 15:25:00-04:00,55.62,55.64,55.49,55.49,9995.0,55.565,86
2023-08-15 15:30:00-04:00,55.49,55.55,55.46,55.55,13195.0,55.505,109
2023-08-15 15:35:00-04:00,55.55,55.56,55.47,55.5,28194.0,55.517,198
2023-08-15 15:40:00-04:00,55.48,55.5,55.46,55.48,10245.0,55.486,76
2023-08-15 15:45:00-04:00,55.48,55.53,55.47,55.52,32177.0,55.499,264
2023-08-15 15:50:00-04:00,55.51,55.55,55.45,55.5,59555.0,55.505,428
2023-08-15 15:55:00-04:00,55.5,55.53,55.46,55.51,110399.0,55.5,818
2023-08-16 09:30:00-04:00,55.5,55.5,55.36,55.4,9246.0,55.488,12
2023-08-16 09:35:00-04:00,55.4,55.64,55.38,55.56,4099.0,55.491,20
2023-08-16 09:40:00-04:00,55.6,55.63,55.46,55.48,3071.0,55.526,22
2023-08-16 09:45:00-04:00,55.53,55.66,55.53,55.66,2012.0,55.619,13
2023-08-16 09:50:00-04:00,55.63,55.76,55.6,55.65,11266.0,55.686,88
2023-08-16 09:55:00-04:00,55.67,55.73,55.62,55.65,4109.0,55.666,30
2023-08-16 10:00:00-04:00,55.62,55.72,55.62,55.71,5943.0,55.657,42
2023-08-16 10:05:00-04:00,55.74,55.8,55.68,55.7,3501.0,55.753,25
2023-08-16 10:10:00-04:00,55.74,55.81,55.68,55.7,3655.0,55.755,24
2023-08-16 10:15:00-04:00,55.68,55.75,55.68,55.75,700.0,55.726,6
2023-08-16 10:20:00-04:00,55.76,55.76,55.65,55.67,4587.0,55.691,32
2023-08-16 10:25:00-04:00,55.67,55.67,55.57,55.62,17191.0,55.607,115
2023-08-16 10:30:00-04:00,55.61,57.68,55.27,55.29,451372.0,56.181,1750
2023-08-16 10:35:00-04:00,55.29,55.6,55.24,55.33,97332.0,55.426,599
2023-08-16 10:40:00-04:00,55.34,55.54,54.96,55.25,86219.0,55.206,487
2023-08-16 10:45:00-04:00,55.26,55.37,55.16,55.26,18570.0,55.262,137
2023-08-16 10:50:00-04:00,55.26,55.54,55.26,55.48,5336.0,55.442,48
2023-08-16 10:55:00-04:00,55.48,55.53,55.33,55.39,24014.0,55.401,195
2023-08-16 11:00:00-04:00,55.42,55.43,55.04,55.04,15110.0,55.301,129
2023-08-16 11:05:00-04:00,55.1,55.1,55.0,55.0,51509.0,55.022,343
2023-08-16 11:10:00-04:00,55.0,55.11,54.99,55.03,63850.0,55.015,221
2023-08-16 11:15:00-04:00,55.03,55.08,55.03,55.07,3216.0,55.054,30
2023-08-16 11:20:00-04:00,55.03,55.05,54.92,54.97,23213.0,54.986,123
2023-08-16 11:25:00-04:00,54.99,54.99,54.8,54.91,28448.0,54.866,185
2023-08-16 11:30:00-04:00,54.88,54.9,54.71,54.78,17836.0,54.824,135
2023-08-16 11:35:00-04:00,54.79,54.81,54.72,54.72,12681.0,54.77,88
2023-08-16 11:40:00-04:00,54.71,54.74,54.59,54.65,22465.0,54.671,190
2023-08-16 11:45:00-04:00,54.63,54.67,54.59,54.64,6850.0,54.621,57
2023-08-16 11:50:00-04:00,54.63,54.66,54.59,54.66,7923.0,54.634,50
2023-08-16 11:55:00-04:00,54.69,54.77,54.69,54.71,5975.0,54.727,55
2023-08-16 12:00:00-04:00,54.73,54.89,54.71,54.89,9851.0,54.852,41
2023-08-16 12:05:00-04:00,54.88,54.89,54.72,54.73,4507.0,54.815,33
2023-08-16 12:10:00-04:00,54.72,54.79,54.72,54.75,5024.0,54.765,38
2023-08-16 12:15:00-04:00,54.74,54.74,54.61,54.66,4781.0,54.649,31
2023-08-16 12:20:00-04:00,54.65,54.69,54.63,54.69,4472.0,54.668,32
2023-08-16 12:25:00-04:00,54.69,54.77,54.68,54.77,8143.0,54.72,56
2023-08-16 12:30:00-04:00,54.75,54.75,54.59,54.62,22312.0,54.631,145
2023-08-16 12:35:00-04:00,54.61,54.67,54.48,54.67,23542.0,54.525,174
2023-08-16 12:40:00-04:00,54.68,54.68,54.59,54.63,6832.0,54.625,61
2023-08-16 12:45:00-04:00,54.63,54.63,54.56,54.57,10251.0,54.596,66
2023-08-16 12:50:00-04:00,54.58,54.62,54.56,54.59,11866.0,54.591,85
2023-08-16 12:55:00-04:00,54.58,54.58,54.5,54.51,8426.0,54.531,63
2023-08-16 13:00:00-04:00,54.5,54.52,54.43,54.45,19198.0,54.46,105
2023-08-16 13:05:00-04:00,54.46,54.54,54.43,54.45,76866.0,54.455,137
2023-08-16 13:10:00-04:00,54.44,54.5,54.3,54.33,9159.0,54.392,78
2023-08-16 13:15:00-04:00,54.3,54.45,54.3,54.34,6797.0,54.376,53
2023-08-16 13:20:00-04:00,54.34,54.44,54.33,54.39,5470.0,54.397,45
2023-08-16 13:25:00-04:00,54.4,54.44,54.37,54.39,8133.0,54.411,71
2023-08-16 13:30:00-04:00,54.38,54.39,54.29,54.39,3705.0,54.33,34
2023-08-16 13:35:00-04:00,54.37,54.38,54.28,54.28,3580.0,54.34,31
2023-08-16 13:40:00-04:00,54.31,54.32,54.22,54.22,7397.0,54.257,61
2023-08-16 13:45:00-04:00,54.21,54.45,54.19,54.4,20992.0,54.372,174
2023-08-16 13:50:00-04:00,54.4,54.4,54.32,54.36,6655.0,54.356,64
2023-08-16 13:55:00-04:00,54.35,54.41,54.31,54.36,9653.0,54.354,75
2023-08-16 14:00:00-04:00,54.32,54.38,54.21,54.3,12407.0,54.31,95
2023-08-16 14:05:00-04:00,54.32,54.38,54.25,54.29,7374.0,54.32,67
2023-08-16 14:10:00-04:00,54.26,54.4,54.25,54.37,13088.0,54.329,104
2023-08-16 14:15:00-04:00,54.37,54.39,54.26,54.37,8019.0,54.334,76
2023-08-16 14:20:00-04:00,54.38,54.41,54.35,54.4,8563.0,54.382,81
2023-08-16 14:25:00-04:00,54.41,54.42,54.29,54.31,7202.0,54.342,68
2023-08-16 14:30:00-04:00,54.31,54.38,54.25,54.31,5680.0,54.304,52
2023-08-16 14:35:00-04:00,54.31,54.37,54.29,54.36,8197.0,54.333,73
2023-08-16 14:40:00-04:00,54.36,54.37,54.26,54.32,8326.0,54.315,82
2023-08-16 14:45:00-04:00,54.33,54.35,54.21,54.23,7382.0,54.273,67
2023-08-16 14:50:00-04:00,54.2,54.21,54.11,54.12,9062.0,54.149,77
2023-08-16 14:55:00-04:00,54.12,54.26,54.1,54.26,15460.0,54.188,111
2023-08-16 15:00:00-04:00,54.26,54.29,54.2,54.28,11559.0,54.248,96
2023-08-16 15:05:00-04:00,54.27,54.27,54.16,54.16,7060.0,54.207,57
2023-08-16 15:10:00-04:00,54.14,54.16,54.0,54.04,8651.0,54.055,75
2023-08-16 15:15:00-04:00,54.04,54.06,54.01,54.02,17911.0,54.043,138
2023-08-16 15:20:00-04:00,54.02,54.89,53.94,54.62,272256.0,54.378,1474
2023-08-16 15:25:00-04:00,54.65,55.2,54.55,54.84,469476.0,54.798,2363
2023-08-16 15:30:00-04:00,54.81,55.17,54.6,54.77,168512.0,54.879,991
2023-08-16 15:35:00-04:00,54.72,54.73,54.41,54.59,137318.0,54.602,585
2023-08-16 15:40:00-04:00,54.63,54.73,54.54,54.59,44896.0,54.65,336
2023-08-16 15:45:00-04:00,54.56,54.73,54.53,54.63,42643.0,54.656,354
2023-08-16 15:50:00-04:00,54.62,54.66,54.58,54.61,64538.0,54.615,530
2023-08-16 15:55:00-04:00,54.63,54.66,54.47,54.5,213705.0,54.563,1386
2023-08-17 09:30:00-04:00,55.2,56.19,54.9,56.11,129448.0,55.589,632
2023-08-17 09:35:00-04:00,56.05,56.56,55.99,56.13,80689.0,56.292,515
2023-08-17 09:40:00-04:00,56.09,56.31,56.0,56.13,45416.0,56.117,290
2023-08-17 09:45:00-04:00,56.1,56.27,55.8,56.02,41543.0,56.04,313
2023-08-17 09:50:00-04:00,56.05,56.08,55.82,55.85,22839.0,55.995,188
2023-08-17 09:55:00-04:00,55.85,55.98,55.72,55.91,22467.0,55.878,183
2023-08-17 10:00:00-04:00,55.91,56.15,55.91,56.15,17196.0,56.014,106
2023-08-17 10:05:00-04:00,56.13,56.26,55.99,56.09,18173.0,56.133,104
2023-08-17 10:10:00-04:00,56.11,56.14,55.99,56.08,9435.0,56.057,70
2023-08-17 10:15:00-04:00,56.1,56.23,56.05,56.19,12292.0,56.143,87
2023-08-17 10:20:00-04:00,56.22,56.22,56.12,56.15,7076.0,56.174,53
2023-08-17 10:25:00-04:00,56.16,56.32,56.15,56.22,16129.0,56.261,111
2023-08-17 10:30:00-04:00,56.24,56.41,56.24,56.32,15318.0,56.342,136
2023-08-17 10:35:00-04:00,56.29,56.32,56.16,56.25,15106.0,56.248,112
2023-08-17 10:40:00-04:00,56.25,56.3,56.16,56.3,13349.0,56.249,112
2023-08-17 10:45:00-04:00,56.3,56.36,56.26,56.29,10160.0,56.315,84
2023-08-17 10:50:00-04:00,56.31,56.35,56.23,56.31,17522.0,56.274,117
2023-08-17 10:55:00-04:00,56.31,56.33,56.18,56.28,13226.0,56.264,105
2023-08-17 11:00:00-04:00,56.25,56.25,56.0,56.01,11612.0,56.091,94
2023-08-17 11:05:00-04:00,56.04,56.11,56.04,56.08,10035.0,56.082,85
2023-08-17 11:10:00-04:00,56.09,56.2,56.0,56.03,14664.0,56.07,69
2023-08-17 11:15:00-04:00,56.03,56.15,56.02,56.11,11954.0,56.084,87
2023-08-17 11:20:00-04:00,56.07,56.15,56.06,56.07,5790.0,56.1,51
2023-08-17 11:25:00-04:00,56.04,56.09,56.0,56.07,16338.0,56.025,106
2023-08-17 11:30:00-04:00,56.09,56.2,56.08,56.16,8724.0,56.158,53
2023-08-17 11:35:00-04:00,56.16,56.26,56.15,56.16,19506.0,56.207,163
2023-08-17 11:40:00-04:00,56.16,56.18,56.08,56.18,11079.0,56.134,81
2023-08-17 11:45:00-04:00,56.16,56.27,56.15,56.2,14771.0,56.207,86
2023-08-17 11:50:00-04:00,56.19,56.25,56.05,56.05,7306.0,56.197,57
2023-08-17 11:55:00-04:00,56.03,56.07,56.0,56.05,4414.0,56.036,40
2023-08-17 12:00:00-04:00,56.03,56.09,55.94,56.07,12514.0,56.019,99
2023-08-17 12:05:00-04:00,56.08,56.26,56.07,56.2,18062.0,56.189,122
2023-08-17 12:10:00-04:00,56.2,56.27,56.18,56.23,10400.0,56.231,87
2023-08-17 12:15:00-04:00,56.2,56.27,56.19,56.26,5348.0,56.234,45
2023-08-17 12:20:00-04:00,56.25,56.35,56.2,56.35,11454.0,56.276,102
2023-08-17 12:25:00-04:00,56.36,56.46,56.35,56.4,11279.0,56.415,95
2023-08-17 12:30:00-04:00,56.4,56.42,56.35,56.36,9898.0,56.388,81
2023-08-17 12:35:00-04:00,56.37,56.37,56.27,56.28,6679.0,56.315,51
2023-08-17 12:40:00-04:00,56.26,56.31,56.24,56.26,7923.0,56.281,59
2023-08-17 12:45:00-04:00,56.22,56.22,56.11,56.16,3807.0,56.161,34
2023-08-17 12:50:00-04:00,56.17,56.26,56.16,56.18,4154.0,56.206,33
2023-08-17 12:55:00-04:00,56.21,56.22,56.18,56.22,4712.0,56.201,31
2023-08-17 13:00:00-04:00,56.22,56.22,56.07,56.08,3123.0,56.138,28
2023-08-17 13:05:00-04:00,56.06,56.11,56.05,56.08,4831.0,56.08,39
2023-08-17 13:10:00-04:00,56.07,56.1,56.05,56.08,2646.0,56.076,24
2023-08-17 13:15:00-04:00,56.07,56.08,56.0,56.03,8803.0,56.032,77
2023-08-17 13:20:00-04:00,56.03,56.06,56.01,56.02,3715.0,56.04,32
2023-08-17 13:25:00-04:00,56.03,56.04,55.97,55.98,12058.0,56.012,102
2023-08-17 13:30:00-04:00,55.98,56.01,55.98,56.0,4824.0,55.994,40
2023-08-17 13:35:00-04:00,56.01,56.07,56.0,56.01,3457.0,56.023,31
2023-08-17 13:40:00-04:00,56.0,56.0,55.88,55.89,4876.0,55.939,43
2023-08-17 13:45:00-04:00,55.89,55.96,55.81,55.96,14348.0,55.865,107
2023-08-17 13:50:00-04:00,55.96,56.0,55.88,55.88,6598.0,55.946,54
2023-08-17 13:55:00-04:00,55.89,55.96,55.89,55.9,4235.0,55.928,34
2023-08-17 14:00:00-04:00,55.91,55.94,55.88,55.89,6250.0,55.918,55
2023-08-17 14:05:00-04:00,55.89,55.92,55.86,55.87,6827.0,55.9,50
2023-08-17 14:10:00-04:00,55.86,55.88,55.81,55.82,6961.0,55.848,54
2023-08-17 14:15:00-04:00,55.81,55.84,55.77,55.8,8323.0,55.805,73
2023-08-17 14:20:00-04:00,55.8,55.83,55.74,55.77,4902.0,55.778,42
2023-08-17 14:25:00-04:00,55.78,55.79,55.67,55.68,6958.0,55.742,56
2023-08-17 14:30:00-04:00,55.67,55.67,55.61,55.64,6423.0,55.637,53
2023-08-17 14:35:00-04:00,55.63,55.69,55.61,55.65,9825.0,55.649,81
2023-08-17 14:40:00-04:00,55.64,55.66,55.6,55.61,8676.0,55.628,63
2023-08-17 14:45:00-04:00,55.6,55.62,55.54,55.58,9958.0,55.582,89
2023-08-17 14:50:00-04:00,55.59,55.64,55.56,55.57,15861.0,55.595,104
2023-08-17 14:55:00-04:00,55.56,55.59,55.5,55.54,21516.0,55.537,158
2023-08-17 15:00:00-04:00,55.53,55.54,55.43,55.48,17327.0,55.497,135
2023-08-17 15:05:00-04:00,55.47,55.54,55.45,55.53,19833.0,55.501,171
2023-08-17 15:10:00-04:00,55.53,55.6,55.51,55.59,23809.0,55.553,179
2023-08-17 15:15:00-04:00,55.6,55.62,55.51,55.55,21233.0,55.58,174
2023-08-17 15:20:00-04:00,55.55,55.57,55.49,55.5,11163.0,55.514,93
2023-08-17 15:25:00-04:00,55.52,55.59,55.49,55.51,26282.0,55.526,177
2023-08-17 15:30:00-04:00,55.51,55.55,55.49,55.52,19530.0,55.515,142
2023-08-17 15:35:00-04:00,55.52,55.57,55.51,55.57,19085.0,55.545,148
2023-08-17 15:40:00-04:00,55.6,55.61,55.5,55.51,18118.0,55.553,127
2023-08-17 15:45:00-04:00,55.51,55.56,55.49,55.51,48571.0,55.516,337
2023-08-17 15:50:00-04:00,55.5,55.51,55.44,55.5,88196.0,55.477,552
2023-08-17 15:55:00-04:00,55.5,55.52,55.36,55.36,144918.0,55.44,806
2023-08-18 09:30:00-04:00,54.9,55.19,54.8,55.15,69379.0,54.928,55
2023-08-18 09:35:00-04:00,55.13,55.49,55.04,55.13,92796.0,55.357,357
2023-08-18 09:40:00-04:00,55.14,55.14,54.95,55.0,5130.0,55.011,47
2023-08-18 09:45:00-04:00,55.01,55.09,54.95,55.03,5823.0,55.009,47
2023-08-18 09:50:00-04:00,55.03,55.24,55.03,55.22,12645.0,55.155,99
2023-08-18 09:55:00-04:00,55.18,55.18,54.99,54.99,20922.0,55.064,145
2023-08-18 10:00:00-04:00,54.99,55.03,54.94,55.03,20494.0,54.997,107
2023-08-18 10:05:00-04:00,55.02,55.08,54.98,55.04,4782.0,55.021,41
2023-08-18 10:10:00-04:00,55.01,55.01,54.88,54.91,13062.0,54.948,92
2023-08-18 10:15:00-04:00,54.93,55.02,54.81,54.98,12929.0,54.854,95
2023-08-18 10:20:00-04:00,54.99,55.01,54.94,54.98,4415.0,54.966,38
2023-08-18 10:25:00-04:00,54.99,55.05,54.99,55.0,4790.0,55.012,39
2023-08-18 10:30:00-04:00,55.0,55.06,54.99,55.03,5421.0,55.035,50
2023-08-18 10:35:00-04:00,55.0,55.05,54.95,55.05,14526.0,54.997,78
2023-08-18 10:40:00-04:00,55.07,55.13,55.05,55.07,5102.0,55.09,42
2023-08-18 10:45:00-04:00,55.05,55.09,55.04,55.08,6115.0,55.061,55
2023-08-18 10:50:00-04:00,55.11,55.11,55.01,55.09,6298.0,55.056,55
2023-08-18 10:55:00-04:00,55.11,55.14,55.03,55.03,6757.0,55.083,62
2023-08-18 11:00:00-04:00,55.05,55.06,55.01,55.01,3414.0,55.034,29
2023-08-18 11:05:00-04:00,55.0,55.03,54.95,55.03,6920.0,54.99,57
2023-08-18 11:10:00-04:00,55.03,55.09,55.02,55.03,3734.0,55.06,33
2023-08-18 11:15:00-04:00,55.06,55.06,55.02,55.05,4319.0,55.044,34
2023-08-18 11:20:00-04:00,55.04,55.07,54.94,54.94,10905.0,55.025,85
2023-08-18 11:25:00-04:00,54.95,54.96,54.91,54.95,4502.0,54.941,35
2023-08-18 11:30:00-04:00,54.93,54.98,54.91,54.93,8194.0,54.939,67
2023-08-18 11:35:00-04:00,54.96,54.97,54.84,54.87,11149.0,54.902,84
2023-08-18 11:40:00-04:00,54.87,55.06,54.86,55.06,6018.0,54.935,46
2023-08-18 11:45:00-04:00,55.05,55.19,55.05,55.08,6514.0,55.112,46
2023-08-18 11:50:00-04:00,55.1,55.12,55.05,55.1,4706.0,55.088,42
2023-08-18 11:55:00-04:00,55.1,55.13,55.08,55.12,3595.0,55.099,32
2023-08-18 12:00:00-04:00,55.12,55.18,55.09,55.13,4409.0,55.13,37
2023-08-18 12:05:00-04:00,55.1,55.1,55.06,55.08,2400.0,55.08,23
2023-08-18 12:10:00-04:00,55.06,55.09,54.99,55.08,8899.0,55.047,55
2023-08-18 12:15:00-04:00,55.07,55.11,55.07,55.07,4298.0,55.087,39
2023-08-18 12:20:00-04:00,55.07,55.1,55.05,55.09,5667.0,55.08,32
2023-08-18 12:25:00-04:00,55.1,55.11,54.98,55.0,3306.0,55.034,24
2023-08-18 12:30:00-04:00,54.99,55.07,54.99,55.01,5138.0,55.028,45
2023-08-18 12:35:00-04:00,54.98,55.08,54.97,55.07,7789.0,55.03,71
2023-08-18 12:40:00-04:00,55.04,55.08,55.03,55.08,4427.0,55.061,36
2023-08-18 12:45:00-04:00,55.08,55.13,55.05,55.11,7568.0,55.088,59
2023-08-18 12:50:00-04:00,55.11,55.15,55.08,55.09,8666.0,55.114,57
2023-08-18 12:55:00-04:00,55.1,55.14,55.1,55.14,1821.0,55.115,16
2023-08-18 13:00:00-04:00,55.14,55.14,55.07,55.13,14914.0,55.096,113
2023-08-18 13:05:00-04:00,55.13,55.13,55.05,55.06,6972.0,55.071,50
2023-08-18 13:10:00-04:00,55.05,55.07,55.01,55.04,4169.0,55.045,33
2023-08-18 13:15:00-04:00,55.03,55.06,55.02,55.06,5666.0,55.047,47
2023-08-18 13:20:00-04:00,55.06,55.07,55.03,55.05,4724.0,55.055,36
2023-08-18 13:25:00-04:00,55.05,55.15,55.03,55.11,22827.0,55.1,158
2023-08-18 13:30:00-04:00,55.13,55.18,55.09,55.12,9776.0,55.13,67
2023-08-18 13:35:00-04:00,55.14,55.15,55.03,55.06,6130.0,55.09,48
2023-08-18 13:40:00-04:00,55.05,55.09,55.05,55.09,5140.0,55.07,36
2023-08-18 13:45:00-04:00,55.09,55.11,55.06,55.11,5852.0,55.087,49
2023-08-18 13:50:00-04:00,55.11,55.14,55.08,55.1,7076.0,55.107,53
2023-08-18 13:55:00-04:00,55.1,55.11,55.07,55.1,6937.0,55.091,50
2023-08-18 14:00:00-04:00,55.1,55.12,55.09,55.1,7747.0,55.1,55
2023-08-18 14:05:00-04:00,55.1,55.12,55.07,55.08,7449.0,55.096,52
2023-08-18 14:10:00-04:00,55.05,55.06,55.0,55.04,5703.0,55.032,43
2023-08-18 14:15:00-04:00,55.05,55.11,55.03,55.07,7562.0,55.081,60
2023-08-18 14:20:00-04:00,55.08,55.11,55.06,55.09,6426.0,55.088,47
2023-08-18 14:25:00-04:00,55.09,55.1,55.07,55.09,9735.0,55.082,65
2023-08-18 14:30:00-04:00,55.09,55.12,55.06,55.1,10007.0,55.098,66
2023-08-18 14:35:00-04:00,55.09,55.1,55.01,55.01,15703.0,55.065,106
2023-08-18 14:40:00-04:00,55.0,55.0,54.88,54.88,9959.0,54.929,75
2023-08-18 14:45:00-04:00,54.88,54.98,54.88,54.98,13097.0,54.948,80
2023-08-18 14:50:00-04:00,54.96,54.96,54.88,54.9,7289.0,54.909,64
2023-08-18 14:55:00-04:00,54.89,54.92,54.87,54.9,9429.0,54.892,71
2023-08-18 15:00:00-04:00,54.9,54.95,54.88,54.91,9015.0,54.912,74
2023-08-18 15:05:00-04:00,54.9,54.95,54.87,54.87,6427.0,54.916,57
2023-08-18 15:10:00-04:00,54.87,54.88,54.79,54.79,9704.0,54.834,75
2023-08-18 15:15:00-04:00,54.79,54.82,54.58,54.59,14321.0,54.712,114
2023-08-18 15:20:00-04:00,54.61,54.63,54.55,54.56,11542.0,54.597,95
2023-08-18 15:25:00-04:00,54.55,54.62,54.5,54.62,17657.0,54.537,125
2023-08-18 15:30:00-04:00,54.61,54.61,54.49,54.5,19994.0,54.534,139
2023-08-18 15:35:00-04:00,54.5,54.65,54.49,54.58,18333.0,54.575,144
2023-08-18 15:40:00-04:00,54.59,54.67,54.59,54.62,20705.0,54.635,161
2023-08-18 15:45:00-04:00,54.61,54.77,54.61,54.68,32394.0,54.707,238
2023-08-18 15:50:00-04:00,54.69,54.72,54.52,54.52,57122.0,54.64,408
2023-08-18 15:55:00-04:00,54.53,54.61,54.49,54.6,138825.0,54.526,848
2023-08-21 09:30:00-04:00,54.58,54.91,54.44,54.63,20827.0,54.579,57
2023-08-21 09:35:00-04:00,54.54,54.8,54.49,54.63,23339.0,54.644,140
2023-08-21 09:40:00-04:00,54.64,54.67,54.45,54.5,5808.0,54.536,47
2023-08-21 09:45:00-04:00,54.44,54.44,54.3,54.31,9124.0,54.358,63
2023-08-21 09:50:00-04:00,54.35,54.37,54.25,54.29,9688.0,54.317,70
2023-08-21 09:55:00-04:00,54.3,54.53,54.3,54.5,11375.0,54.412,67
2023-08-21 10:00:00-04:00,54.47,54.47,54.08,54.11,14056.0,54.27,105
2023-08-21 10:05:00-04:00,54.1,54.14,53.94,53.94,10501.0,54.085,78
2023-08-21 10:10:00-04:00,53.92,54.04,53.92,54.0,12810.0,53.976,115
2023-08-21 10:15:00-04:00,53.98,54.02,53.89,53.98,11531.0,53.949,76
2023-08-21 10:20:00-04:00,53.96,53.98,53.83,53.87,9945.0,53.896,81
2023-08-21 10:25:00-04:00,53.87,53.91,53.84,53.84,10823.0,53.862,86
2023-08-21 10:30:00-04:00,53.84,53.87,53.77,53.77,10873.0,53.821,76
2023-08-21 10:35:00-04:00,53.75,53.83,53.69,53.71,10211.0,53.751,79
2023-08-21 10:40:00-04:00,53.71,53.75,53.65,53.66,7523.0,53.688,63
2023-08-21 10:45:00-04:00,53.65,53.79,53.63,53.75,11368.0,53.678,88
2023-08-21 10:50:00-04:00,53.8,53.93,53.78,53.88,5803.0,53.849,52
2023-08-21 10:55:00-04:00,53.88,53.94,53.87,53.88,3526.0,53.907,33
2023-08-21 11:00:00-04:00,53.88,53.92,53.85,53.86,9811.0,53.872,48
2023-08-21 11:05:00-04:00,53.86,53.87,53.78,53.8,6247.0,53.833,56
2023-08-21 11:10:00-04:00,53.8,53.82,53.73,53.73,5214.0,53.765,46
2023-08-21 11:15:00-04:00,53.71,53.73,53.63,53.7,8485.0,53.679,73
2023-08-21 11:20:00-04:00,53.7,53.7,53.63,53.66,4152.0,53.665,35
2023-08-21 11:25:00-04:00,53.65,53.69,53.59,53.63,8526.0,53.641,58
2023-08-21 11:30:00-04:00,53.63,53.68,53.56,53.58,9240.0,53.634,78
2023-08-21 11:35:00-04:00,53.57,53.58,53.38,53.39,11032.0,53.461,103
2023-08-21 11:40:00-04:00,53.4,53.41,53.33,53.35,11582.0,53.367,101
2023-08-21 11:45:00-04:00,53.34,53.35,53.15,53.16,8061.0,53.233,65
2023-08-21 11:50:00-04:00,53.17,53.2,53.02,53.06,8909.0,53.11,75
2023-08-21 11:55:00-04:00,53.06,53.09,52.95,52.98,10593.0,53.021,78
2023-08-21 12:00:00-04:00,52.96,53.04,52.9,53.03,10370.0,52.958,88
2023-08-21 12:05:00-04:00,53.05,53.07,53.0,53.03,9098.0,53.038,60
2023-08-21 12:10:00-04:00,53.03,53.03,52.92,52.92,18261.0,52.991,107
2023-08-21 12:15:00-04:00,52.93,52.99,52.9,52.96,7395.0,52.946,57
2023-08-21 12:20:00-04:00,52.98,53.06,52.96,52.99,6474.0,53.004,43
2023-08-21 12:25:00-04:00,52.99,53.03,52.98,53.0,5104.0,53.003,36
2023-08-21 12:30:00-04:00,53.01,53.14,53.01,53.03,13537.0,53.062,92
2023-08-21 12:35:00-04:00,53.04,53.04,52.92,52.93,6993.0,52.957,46
2023-08-21 12:40:00-04:00,52.94,52.96,52.86,52.9,5837.0,52.905,45
2023-08-21 12:45:00-04:00,52.86,52.91,52.78,52.8,6968.0,52.839,53
2023-08-21 12:50:00-04:00,52.8,52.88,52.79,52.83,5078.0,52.839,39
2023-08-21 12:55:00-04:00,52.83,52.89,52.79,52.83,5044.0,52.839,44
2023-08-21 13:00:00-04:00,52.84,52.88,52.83,52.83,3921.0,52.852,29
2023-08-21 13:05:00-04:00,52.82,52.89,52.81,52.86,5252.0,52.864,40
2023-08-21 13:10:00-04:00,52.85,52.86,52.8,52.82,3664.0,52.827,27
2023-08-21 13:15:00-04:00,52.82,52.87,52.78,52.87,10103.0,52.821,72
2023-08-21 13:20:00-04:00,52.88,52.89,52.83,52.86,6814.0,52.859,47
2023-08-21 13:25:00-04:00,52.86,52.86,52.76,52.79,21924.0,52.811,100
2023-08-21 13:30:00-04:00,52.78,52.94,52.78,52.9,4036.0,52.884,35
2023-08-21 13:35:00-04:00,52.9,52.94,52.89,52.9,3976.0,52.916,32
2023-08-21 13:40:00-04:00,52.9,52.94,52.9,52.93,2532.0,52.919,25
2023-08-21 13:45:00-04:00,52.93,53.12,52.93,53.02,14821.0,53.002,112
2023-08-21 13:50:00-04:00,53.04,53.09,53.01,53.02,5987.0,53.052,43
2023-08-21 13:55:00-04:00,53.02,53.03,52.94,53.0,5019.0,52.975,45
2023-08-21 14:00:00-04:00,52.99,53.02,52.92,52.98,5757.0,52.96,43
2023-08-21 14:05:00-04:00,52.98,53.1,52.98,53.04,8802.0,53.038,64
2023-08-21 14:10:00-04:00,53.05,53.08,53.0,53.01,3561.0,53.039,35
2023-08-21 14:15:00-04:00,53.02,53.02,52.96,52.96,4122.0,53.001,31
2023-08-21 14:20:00-04:00,52.96,53.02,52.96,52.98,5442.0,52.992,49
2023-08-21 14:25:00-04:00,52.97,53.0,52.93,52.96,4691.0,52.963,37
2023-08-21 14:30:00-04:00,52.96,52.96,52.86,52.88,7471.0,52.939,67
2023-08-21 14:35:00-04:00,52.86,52.9,52.86,52.86,6550.0,52.877,53
2023-08-21 14:40:00-04:00,52.89,52.92,52.82,52.82,15457.0,52.867,119
2023-08-21 14:45:00-04:00,52.82,52.92,52.81,52.9,11036.0,52.873,92
2023-08-21 14:50:00-04:00,52.9,52.98,52.89,52.96,7924.0,52.94,70
2023-08-21 14:55:00-04:00,52.95,53.02,52.93,52.95,8301.0,52.967,75
2023-08-21 15:00:00-04:00,52.95,53.0,52.95,52.99,7819.0,52.983,66
2023-08-21 15:05:00-04:00,53.0,53.06,52.95,53.0,12555.0,52.998,95
2023-08-21 15:10:00-04:00,53.0,53.04,52.97,53.0,8801.0,52.997,65
2023-08-21 15:15:00-04:00,53.0,53.05,53.0,53.01,11364.0,53.018,79
2023-08-21 15:20:00-04:00,53.01,53.06,52.99,53.03,11974.0,53.032,103
2023-08-21 15:25:00-04:00,53.03,53.07,53.02,53.04,16025.0,53.04,138
2023-08-21 15:30:00-04:00,53.04,53.09,53.0,53.08,14758.0,53.044,115
2023-08-21 15:35:00-04:00,53.08,53.08,52.99,53.0,18309.0,53.035,153
2023-08-21 15:40:00-04:00,53.0,53.07,52.98,52.99,21164.0,53.016,166
2023-08-21 15:45:00-04:00,53.0,53.1,52.97,53.1,33528.0,53.013,269
2023-08-21 15:50:00-04:00,53.1,53.1,53.0,53.05,46325.0,53.031,362
2023-08-21 15:55:00-04:00,53.05,53.1,53.01,53.06,89240.0,53.057,598
2023-08-22 09:30:00-04:00,52.97,53.13,52.81,52.91,24692.0,52.936,60
2023-08-22 09:35:00-04:00,52.86,53.1,52.83,52.83,4758.0,52.986,44
2023-08-22 09:40:00-04:00,52.85,52.85,52.59,52.63,13263.0,52.703,71
2023-08-22 09:45:00-04:00,52.6,52.65,52.43,52.49,19804.0,52.528,158
2023-08-22 09:50:00-04:00,52.49,52.52,52.4,52.42,14537.0,52.442,93
2023-08-22 09:55:00-04:00,52.45,52.48,52.36,52.45,12194.0,52.423,80
2023-08-22 10:00:00-04:00,52.45,52.45,52.3,52.3,10127.0,52.394,83
2023-08-22 10:05:00-04:00,52.3,52.3,52.16,52.16,13122.0,52.251,98
2023-08-22 10:10:00-04:00,52.16,52.25,52.1,52.14,11748.0,52.159,98
2023-08-22 10:15:00-04:00,52.15,52.26,52.06,52.22,42412.0,52.151,182
2023-08-22 10:20:00-04:00,52.23,52.27,52.1,52.23,39835.0,52.142,141
2023-08-22 10:25:00-04:00,52.23,52.24,52.15,52.2,8911.0,52.208,76
2023-08-22 10:30:00-04:00,52.21,52.3,52.1,52.16,16879.0,52.177,134
2023-08-22 10:35:00-04:00,52.16,52.23,52.11,52.21,9708.0,52.179,66
2023-08-22 10:40:00-04:00,52.21,52.21,52.05,52.12,13305.0,52.14,88
2023-08-22 10:45:00-04:00,52.1,52.16,52.06,52.08,10121.0,52.122,64
2023-08-22 10:50:00-04:00,52.08,52.16,52.06,52.13,6089.0,52.106,52
2023-08-22 10:55:00-04:00,52.13,52.15,52.1,52.1,7934.0,52.12,52
2023-08-22 11:00:00-04:00,52.11,52.12,52.05,52.1,7526.0,52.099,63
2023-08-22 11:05:00-04:00,52.1,52.15,52.09,52.11,4214.0,52.117,31
2023-08-22 11:10:00-04:00,52.13,52.15,52.07,52.12,4961.0,52.119,39
2023-08-22 11:15:00-04:00,52.08,52.15,52.05,52.1,10861.0,52.106,55
2023-08-22 11:20:00-04:00,52.1,52.31,52.09,52.31,14676.0,52.197,79
2023-08-22 11:25:00-04:00,52.31,52.32,52.21,52.25,9408.0,52.263,59
2023-08-22 11:30:00-04:00,52.25,52.43,52.23,52.4,19637.0,52.304,98
2023-08-22 11:35:00-04:00,52.4,52.44,52.35,52.4,6449.0,52.399,57
2023-08-22 11:40:00-04:00,52.41,52.48,52.4,52.44,14710.0,52.441,67
2023-08-22 11:45:00-04:00,52.45,52.5,52.37,52.49,11405.0,52.432,63
2023-08-22 11:50:00-04:00,52.45,52.53,52.42,52.52,7221.0,52.474,61
2023-08-22 11:55:00-04:00,52.52,52.56,52.5,52.56,4361.0,52.535,36
2023-08-22 12:00:00-04:00,52.55,52.59,52.52,52.52,4651.0,52.544,38
2023-08-22 12:05:00-04:00,52.51,52.53,52.43,52.53,15331.0,52.489,82
2023-08-22 12:10:00-04:00,52.54,52.61,52.49,52.49,9302.0,52.576,71
2023-08-22 12:15:00-04:00,52.5,52.57,52.5,52.55,7506.0,52.524,59
2023-08-22 12:20:00-04:00,52.56,52.57,52.5,52.51,9492.0,52.547,40
2023-08-22 12:25:00-04:00,52.52,52.64,52.49,52.62,6467.0,52.574,44
2023-08-22 12:30:00-04:00,52.63,52.66,52.58,52.6,6719.0,52.632,52
2023-08-22 12:35:00-04:00,52.57,52.61,52.54,52.54,5296.0,52.582,30
2023-08-22 12:40:00-04:00,52.56,52.58,52.53,52.55,4066.0,52.56,34
2023-08-22 12:45:00-04:00,52.55,52.58,52.55,52.57,4393.0,52.572,32
2023-08-22 12:50:00-04:00,52.58,52.61,52.56,52.58,5371.0,52.578,39
2023-08-22 12:55:00-04:00,52.59,52.62,52.58,52.59,5597.0,52.604,46
2023-08-22 13:00:00-04:00,52.6,52.62,52.54,52.58,5136.0,52.571,43
2023-08-22 13:05:00-04:00,52.56,52.61,52.52,52.59,4799.0,52.558,40
2023-08-22 13:10:00-04:00,52.59,52.6,52.51,52.55,5052.0,52.547,41
2023-08-22 13:15:00-04:00,52.52,52.56,52.5,52.53,4041.0,52.525,35
2023-08-22 13:20:00-04:00,52.54,52.58,52.53,52.58,3442.0,52.548,33
2023-08-22 13:25:00-04:00,52.57,52.58,52.55,52.56,2720.0,52.563,23
2023-08-22 13:30:00-04:00,52.55,52.63,52.54,52.6,7833.0,52.587,51
2023-08-22 13:35:00-04:00,52.61,52.64,52.57,52.61,7080.0,52.605,63
2023-08-22 13:40:00-04:00,52.6,52.6,52.56,52.56,5533.0,52.578,44
2023-08-22 13:45:00-04:00,52.57,52.61,52.55,52.58,4978.0,52.576,39
2023-08-22 13:50:00-04:00,52.57,52.64,52.57,52.59,2015.0,52.591,15
2023-08-22 13:55:00-04:00,52.59,52.6,52.57,52.59,3163.0,52.584,24
2023-08-22 14:00:00-04:00,52.58,52.62,52.55,52.58,7759.0,52.58,57
2023-08-22 14:05:00-04:00,52.56,52.59,52.53,52.55,6392.0,52.553,50
2023-08-22 14:10:00-04:00,52.55,52.56,52.44,52.47,8234.0,52.485,61
2023-08-22 14:15:00-04:00,52.46,52.51,52.45,52.51,15921.0,52.465,105
2023-08-22 14:20:00-04:00,52.52,52.57,52.5,52.5,9688.0,52.528,74
2023-08-22 14:25:00-04:00,52.52,52.57,52.52,52.53,6437.0,52.538,54
2023-08-22 14:30:00-04:00,52.53,52.6,52.52,52.57,10018.0,52.571,66
2023-08-22 14:35:00-04:00,52.57,52.57,52.54,52.56,3947.0,52.554,33
2023-08-22 14:40:00-04:00,52.56,52.63,52.54,52.56,4302.0,52.568,34
2023-08-22 14:45:00-04:00,52.56,52.6,52.54,52.57,8244.0,52.562,63
2023-08-22 14:50:00-04:00,52.58,52.6,52.56,52.6,4423.0,52.584,35
2023-08-22 14:55:00-04:00,52.62,52.62,52.59,52.6,6438.0,52.604,49
2023-08-22 15:00:00-04:00,52.61,52.61,52.57,52.59,6084.0,52.586,46
2023-08-22 15:05:00-04:00,52.59,52.61,52.57,52.59,8045.0,52.59,55
2023-08-22 15:10:00-04:00,52.59,52.61,52.57,52.59,7095.0,52.591,56
2023-08-22 15:15:00-04:00,52.59,52.6,52.56,52.57,7766.0,52.582,56
2023-08-22 15:20:00-04:00,52.58,52.61,52.57,52.58,8470.0,52.584,57
2023-08-22 15:25:00-04:00,52.57,52.57,52.5,52.52,15611.0,52.522,110
2023-08-22 15:30:00-04:00,52.51,52.54,52.45,52.47,16030.0,52.49,131
2023-08-22 15:35:00-04:00,52.46,52.46,52.38,52.39,18427.0,52.412,144
2023-08-22 15:40:00-04:00,52.39,52.41,52.36,52.39,24131.0,52.384,179
2023-08-22 15:45:00-04:00,52.39,52.4,52.35,52.38,21693.0,52.376,169
2023-08-22 15:50:00-04:00,52.37,52.43,52.34,52.41,45967.0,52.376,324
2023-08-22 15:55:00-04:00,52.42,52.53,52.41,52.51,112090.0,52.49,642
2023-08-23 09:30:00-04:00,52.47,52.59,52.33,52.35,9677.0,52.456,13
2023-08-23 09:35:00-04:00,52.44,52.52,52.38,52.38,2252.0,52.442,7
2023-08-23 09:40:00-04:00,52.38,52.57,52.38,52.49,2628.0,52.504,20
2023-08-23 09:45:00-04:00,52.57,52.62,52.49,52.53,9788.0,52.537,62
2023-08-23 09:50:00-04:00,52.51,52.55,52.47,52.52,19377.0,52.503,151
2023-08-23 09:55:00-04:00,52.51,52.6,52.51,52.6,7800.0,52.562,60
2023-08-23 10:00:00-04:00,52.6,52.64,52.53,52.54,9539.0,52.592,76
2023-08-23 10:05:00-04:00,52.54,52.57,52.51,52.53,4882.0,52.542,39
2023-08-23 10:10:00-04:00,52.53,52.65,52.52,52.57,6046.0,52.585,45
2023-08-23 10:15:00-04:00,52.55,52.55,52.39,52.41,5512.0,52.476,48
2023-08-23 10:20:00-04:00,52.4,52.42,52.31,52.34,8064.0,52.365,60
2023-08-23 10:25:00-04:00,52.34,52.37,52.27,52.28,9059.0,52.338,61
2023-08-23 10:30:00-04:00,52.3,52.44,52.3,52.43,5533.0,52.378,51
2023-08-23 10:35:00-04:00,52.41,52.43,52.35,52.37,6157.0,52.387,54
2023-08-23 10:40:00-04:00,52.35,52.35,52.28,52.28,5455.0,52.326,42
2023-08-23 10:45:00-04:00,52.28,52.44,52.28,52.44,7827.0,52.389,62
2023-08-23 10:50:00-04:00,52.43,52.46,52.37,52.37,6824.0,52.431,50
2023-08-23 10:55:00-04:00,52.32,52.35,52.29,52.34,6357.0,52.325,31
2023-08-23 11:00:00-04:00,52.35,52.47,52.35,52.47,5275.0,52.428,42
2023-08-23 11:05:00-04:00,52.47,52.6,52.46,52.53,25535.0,52.516,110
2023-08-23 11:10:00-04:00,52.51,52.54,52.41,52.48,9427.0,52.479,64
2023-08-23 11:15:00-04:00,52.48,52.48,52.41,52.41,2521.0,52.449,21
2023-08-23 11:20:00-04:00,52.43,52.47,52.38,52.38,7332.0,52.425,58
2023-08-23 11:25:00-04:00,52.38,52.38,52.34,52.34,7362.0,52.36,53
2023-08-23 11:30:00-04:00,52.35,52.39,52.31,52.37,7830.0,52.355,56
2023-08-23 11:35:00-04:00,52.34,52.38,52.33,52.36,7763.0,52.346,59
2023-08-23 11:40:00-04:00,52.36,52.43,52.36,52.4,12669.0,52.401,75
2023-08-23 11:45:00-04:00,52.4,52.46,52.39,52.41,7002.0,52.422,46
2023-08-23 11:50:00-04:00,52.41,52.48,52.41,52.42,11986.0,52.444,86
2023-08-23 11:55:00-04:00,52.41,52.43,52.34,52.35,9879.0,52.392,65
2023-08-23 12:00:00-04:00,52.34,52.36,52.32,52.36,6790.0,52.343,44
2023-08-23 12:05:00-04:00,52.35,52.37,52.31,52.33,16161.0,52.348,105
2023-08-23 12:10:00-04:00,52.33,52.41,52.32,52.39,10884.0,52.38,56
2023-08-23 12:15:00-04:00,52.38,52.46,52.38,52.4,8777.0,52.419,60
2023-08-23 12:20:00-04:00,52.39,52.44,52.35,52.36,10197.0,52.39,56
2023-08-23 12:25:00-04:00,52.35,52.35,52.28,52.3,7671.0,52.301,59
2023-08-23 12:30:00-04:00,52.31,52.34,52.29,52.33,4816.0,52.314,35
2023-08-23 12:35:00-04:00,52.33,52.39,52.33,52.35,9761.0,52.359,64
2023-08-23 12:40:00-04:00,52.34,52.41,52.31,52.39,5781.0,52.353,41
2023-08-23 12:45:00-04:00,52.36,52.41,52.36,52.38,2765.0,52.39,25
2023-08-23 12:50:00-04:00,52.38,52.44,52.33,52.33,6391.0,52.389,44
2023-08-23 12:55:00-04:00,52.33,52.37,52.33,52.36,5674.0,52.355,36
2023-08-23 13:00:00-04:00,52.37,52.39,52.36,52.37,5841.0,52.368,48
2023-08-23 13:05:00-04:00,52.37,52.42,52.36,52.39,3666.0,52.384,27
2023-08-23 13:10:00-04:00,52.38,52.43,52.37,52.43,2743.0,52.392,23
2023-08-23 13:15:00-04:00,52.42,52.44,52.39,52.41,7967.0,52.414,56
2023-08-23 13:20:00-04:00,52.41,52.43,52.39,52.4,3823.0,52.413,26
2023-08-23 13:25:00-04:00,52.42,52.43,52.4,52.41,3283.0,52.413,23
2023-08-23 13:30:00-04:00,52.42,52.46,52.4,52.45,6149.0,52.427,39
2023-08-23 13:35:00-04:00,52.44,52.5,52.43,52.43,13514.0,52.459,62
2023-08-23 13:40:00-04:00,52.43,52.49,52.43,52.49,5075.0,52.456,39
2023-08-23 13:45:00-04:00,52.48,52.54,52.46,52.52,5075.0,52.493,40
2023-08-23 13:50:00-04:00,52.52,52.56,52.5,52.53,5185.0,52.531,39
2023-08-23 13:55:00-04:00,52.54,52.54,52.49,52.5,4397.0,52.515,37
2023-08-23 14:00:00-04:00,52.49,52.49,52.4,52.43,5978.0,52.434,45
2023-08-23 14:05:00-04:00,52.43,52.5,52.43,52.47,13064.0,52.447,49
2023-08-23 14:10:00-04:00,52.48,52.52,52.46,52.48,4561.0,52.481,37
2023-08-23 14:15:00-04:00,52.49,52.51,52.45,52.47,6439.0,52.471,46
2023-08-23 14:20:00-04:00,52.45,52.46,52.42,52.46,6406.0,52.446,43
2023-08-23 14:25:00-04:00,52.46,52.51,52.46,52.49,5752.0,52.483,46
2023-08-23 14:30:00-04:00,52.49,52.6,52.49,52.59,8725.0,52.543,67
2023-08-23 14:35:00-04:00,52.59,52.6,52.52,52.52,10208.0,52.572,82
2023-08-23 14:40:00-04:00,52.52,52.56,52.51,52.55,5636.0,52.545,43
2023-08-23 14:45:00-04:00,52.55,52.56,52.52,52.55,5842.0,52.539,48
2023-08-23 14:50:00-04:00,52.53,52.54,52.51,52.52,6801.0,52.527,53
2023-08-23 14:55:00-04:00,52.53,52.54,52.52,52.54,13045.0,52.533,60
2023-08-23 15:00:00-04:00,52.54,52.55,52.51,52.54,12858.0,52.529,104
2023-08-23 15:05:00-04:00,52.54,52.57,52.52,52.55,9349.0,52.547,75
2023-08-23 15:10:00-04:00,52.54,52.57,52.49,52.5,6681.0,52.55,56
2023-08-23 15:15:00-04:00,52.51,52.54,52.49,52.52,9734.0,52.519,64
2023-08-23 15:20:00-04:00,52.52,52.52,52.46,52.48,9120.0,52.492,74
2023-08-23 15:25:00-04:00,52.48,52.53,52.45,52.53,8306.0,52.486,66
2023-08-23 15:30:00-04:00,52.52,52.54,52.49,52.52,13165.0,52.515,113
2023-08-23 15:35:00-04:00,52.52,52.61,52.51,52.58,17305.0,52.554,142
2023-08-23 15:40:00-04:00,52.58,52.59,52.51,52.51,25898.0,52.544,166
2023-08-23 15:45:00-04:00,52.52,52.52,52.4,52.41,22750.0,52.451,184
2023-08-23 15:50:00-04:00,52.41,52.41,52.33,52.35,45754.0,52.352,302
2023-08-23 15:55:00-04:00,52.36,52.43,52.34,52.39,118192.0,52.374,646
2023-08-24 09:30:00-04:00,52.12,52.2,52.11,52.11,18526.0,52.123,44
2023-08-24 09:35:00-04:00,52.14,52.17,52.01,52.02,7305.0,52.083,59
2023-08-24 09:40:00-04:00,52.0,52.06,51.94,52.05,12692.0,52.006,91
2023-08-24 09:45:00-04:00,52.05,52.33,52.05,52.33,4965.0,52.232,32
2023-08-24 09:50:00-04:00,52.33,52.48,52.3,52.47,22942.0,52.395,61
2023-08-24 09:55:00-04:00,52.5,52.61,52.49,52.52,13056.0,52.538,63
2023-08-24 10:00:00-04:00,52.54,52.62,52.51,52.53,10462.0,52.557,75
2023-08-24 10:05:00-04:00,52.52,52.65,52.52,52.64,7988.0,52.564,75
2023-08-24 10:10:00-04:00,52.63,52.72,52.6,52.66,14931.0,52.647,116
2023-08-24 10:15:00-04:00,52.65,52.72,52.64,52.7,8258.0,52.678,67
2023-08-24 10:20:00-04:00,52.71,52.78,52.71,52.73,5083.0,52.741,42
2023-08-24 10:25:00-04:00,52.71,52.82,52.71,52.73,6568.0,52.761,53
2023-08-24 10:30:00-04:00,52.73,52.77,52.67,52.69,13442.0,52.733,102
2023-08-24 10:35:00-04:00,52.68,52.89,52.67,52.89,7968.0,52.752,71
2023-08-24 10:40:00-04:00,52.92,52.93,52.83,52.85,8681.0,52.895,76
2023-08-24 10:45:00-04:00,52.88,52.88,52.67,52.69,10200.0,52.758,93
2023-08-24 10:50:00-04:00,52.7,52.88,52.69,52.88,16575.0,52.759,88
2023-08-24 10:55:00-04:00,52.87,52.92,52.84,52.91,8117.0,52.878,67
2023-08-24 11:00:00-04:00,52.91,52.95,52.85,52.93,6658.0,52.887,56
2023-08-24 11:05:00-04:00,52.92,53.02,52.92,53.0,9563.0,52.975,83
2023-08-24 11:10:00-04:00,53.0,53.0,52.93,52.93,4208.0,52.965,32
2023-08-24 11:15:00-04:00,52.94,52.99,52.91,52.98,6119.0,52.95,54
2023-08-24 11:20:00-04:00,52.99,53.0,52.9,52.91,4815.0,52.947,37
2023-08-24 11:25:00-04:00,52.9,52.91,52.82,52.85,3454.0,52.875,30
2023-08-24 11:30:00-04:00,52.84,52.86,52.78,52.78,6176.0,52.819,47
2023-08-24 11:35:00-04:00,52.77,52.95,52.75,52.94,8111.0,52.852,57
2023-08-24 11:40:00-04:00,52.92,52.98,52.89,52.89,4802.0,52.931,43
2023-08-24 11:45:00-04:00,52.88,52.92,52.84,52.87,6842.0,52.868,56
2023-08-24 11:50:00-04:00,52.86,52.89,52.82,52.87,4052.0,52.857,36
2023-08-24 11:55:00-04:00,52.88,52.88,52.73,52.75,5446.0,52.794,41
2023-08-24 12:00:00-04:00,52.75,52.86,52.75,52.84,3604.0,52.819,25
2023-08-24 12:05:00-04:00,52.81,52.89,52.81,52.89,5767.0,52.832,25
2023-08-24 12:10:00-04:00,52.89,52.99,52.88,52.98,3429.0,52.932,29
2023-08-24 12:15:00-04:00,52.98,52.99,52.87,52.87,3702.0,52.931,33
2023-08-24 12:20:00-04:00,52.89,52.92,52.87,52.92,2929.0,52.892,25
2023-08-24 12:25:00-04:00,52.9,52.91,52.82,52.86,3095.0,52.865,27
2023-08-24 12:30:00-04:00,52.84,52.86,52.83,52.84,10644.0,52.849,20
2023-08-24 12:35:00-04:00,52.85,52.85,52.78,52.83,3059.0,52.807,22
2023-08-24 12:40:00-04:00,52.84,52.88,52.83,52.86,1803.0,52.853,17
2023-08-24 12:45:00-04:00,52.83,52.84,52.78,52.83,3299.0,52.809,28
2023-08-24 12:50:00-04:00,52.83,52.83,52.79,52.8,2760.0,52.803,21
2023-08-24 12:55:00-04:00,52.79,52.82,52.79,52.79,4947.0,52.801,36
2023-08-24 13:00:00-04:00,52.8,52.8,52.66,52.71,4601.0,52.724,36
2023-08-24 13:05:00-04:00,52.72,52.75,52.72,52.75,1909.0,52.735,17
2023-08-24 13:10:00-04:00,52.76,52.78,52.73,52.78,3148.0,52.75,28
2023-08-24 13:15:00-04:00,52.79,52.79,52.74,52.74,3575.0,52.769,28
2023-08-24 13:20:00-04:00,52.74,52.74,52.72,52.72,2481.0,52.727,22
2023-08-24 13:25:00-04:00,52.71,52.74,52.71,52.74,3687.0,52.731,24
2023-08-24 13:30:00-04:00,52.76,52.8,52.75,52.78,6160.0,52.775,40
2023-08-24 13:35:00-04:00,52.78,52.88,52.78,52.87,2908.0,52.838,27
2023-08-24 13:40:00-04:00,52.86,52.86,52.8,52.8,2612.0,52.836,22
2023-08-24 13:45:00-04:00,52.78,52.82,52.77,52.77,2003.0,52.783,18
2023-08-24 13:50:00-04:00,52.76,52.76,52.71,52.72,1470.0,52.751,12
2023-08-24 13:55:00-04:00,52.73,52.74,52.7,52.74,1662.0,52.723,15
2023-08-24 14:00:00-04:00,52.76,52.79,52.74,52.75,1827.0,52.762,14
2023-08-24 14:05:00-04:00,52.75,52.77,52.74,52.75,2798.0,52.753,22
2023-08-24 14:10:00-04:00,52.75,52.82,52.75,52.81,3890.0,52.785,33
2023-08-24 14:15:00-04:00,52.8,52.8,52.72,52.75,2950.0,52.761,28
2023-08-24 14:20:00-04:00,52.76,52.81,52.75,52.81,3815.0,52.775,29
2023-08-24 14:25:00-04:00,52.8,52.82,52.77,52.79,4270.0,52.789,29
2023-08-24 14:30:00-04:00,52.78,52.84,52.75,52.76,3439.0,52.806,30
2023-08-24 14:35:00-04:00,52.77,52.77,52.73,52.75,2647.0,52.752,20
2023-08-24 14:40:00-04:00,52.76,52.77,52.74,52.76,3930.0,52.759,34
2023-08-24 14:45:00-04:00,52.76,52.81,52.73,52.77,4237.0,52.769,37
2023-08-24 14:50:00-04:00,52.76,52.78,52.74,52.78,2800.0,52.755,15
2023-08-24 14:55:00-04:00,52.78,52.84,52.77,52.83,5137.0,52.819,43
2023-08-24 15:00:00-04:00,52.83,52.89,52.83,52.85,4032.0,52.859,38
2023-08-24 15:05:00-04:00,52.84,52.91,52.84,52.89,4176.0,52.878,36
2023-08-24 15:10:00-04:00,52.89,52.97,52.89,52.95,7535.0,52.941,57
2023-08-24 15:15:00-04:00,52.96,53.0,52.93,52.94,5527.0,52.962,39
2023-08-24 15:20:00-04:00,52.95,53.0,52.94,52.98,8768.0,52.977,57
2023-08-24 15:25:00-04:00,52.97,53.01,52.96,52.99,6180.0,52.981,53
2023-08-24 15:30:00-04:00,53.0,53.01,52.94,52.94,9231.0,52.99,67
2023-08-24 15:35:00-04:00,52.93,52.93,52.79,52.82,10140.0,52.846,78
2023-08-24 15:40:00-04:00,52.83,52.87,52.8,52.84,16403.0,52.841,101
2023-08-24 15:45:00-04:00,52.84,52.9,52.81,52.9,21497.0,52.86,168
2023-08-24 15:50:00-04:00,52.9,52.92,52.81,52.83,36569.0,52.857,276
2023-08-24 15:55:00-04:00,52.82,52.88,52.75,52.75,70057.0,52.809,435
2023-08-25 09:30:00-04:00,52.86,53.14,52.86,53.06,12057.0,52.951,10
2023-08-25 09:35:00-04:00,53.09,53.13,52.97,53.0,4143.0,53.051,14
2023-08-25 09:40:00-04:00,52.9,52.93,52.71,52.74,1951.0,52.813,17
2023-08-25 09:45:00-04:00,52.73,52.86,52.66,52.78,8506.0,52.796,44
2023-08-25 09:50:00-04:00,52.81,52.81,52.7,52.71,3284.0,52.74,24
2023-08-25 09:55:00-04:00,52.71,52.71,52.61,52.65,2925.0,52.649,19
2023-08-25 10:00:00-04:00,52.62,52.68,52.55,52.59,4990.0,52.621,41
2023-08-25 10:05:00-04:00,52.57,52.6,52.4,52.42,5107.0,52.502,42
2023-08-25 10:10:00-04:00,52.44,52.52,52.42,52.51,4835.0,52.477,39
2023-08-25 10:15:00-04:00,52.52,52.72,52.49,52.52,4744.0,52.61,42
2023-08-25 10:20:00-04:00,52.51,52.53,52.42,52.42,5176.0,52.48,37
2023-08-25 10:25:00-04:00,52.39,52.4,52.27,52.35,5840.0,52.333,48
2023-08-25 10:30:00-04:00,52.32,52.36,52.27,52.35,6224.0,52.319,47
2023-08-25 10:35:00-04:00,52.32,52.45,52.32,52.42,4221.0,52.403,36
2023-08-25 10:40:00-04:00,52.43,52.47,52.33,52.33,5797.0,52.405,43
2023-08-25 10:45:00-04:00,52.33,52.33,52.23,52.3,6341.0,52.278,45
2023-08-25 10:50:00-04:00,52.27,52.41,52.27,52.41,7328.0,52.314,63
2023-08-25 10:55:00-04:00,52.38,52.45,52.37,52.41,6268.0,52.413,50
2023-08-25 11:00:00-04:00,52.43,52.47,52.41,52.47,5708.0,52.438,35
2023-08-25 11:05:00-04:00,52.49,52.7,52.49,52.65,6396.0,52.638,56
2023-08-25 11:10:00-04:00,52.68,52.72,52.58,52.6,4110.0,52.672,38
2023-08-25 11:15:00-04:00,52.57,52.57,52.45,52.45,7409.0,52.494,53
2023-08-25 11:20:00-04:00,52.46,52.51,52.44,52.51,6926.0,52.465,60
2023-08-25 11:25:00-04:00,52.67,52.79,52.65,52.67,8218.0,52.722,65
2023-08-25 11:30:00-04:00,52.69,52.72,52.55,52.58,5535.0,52.598,43
2023-08-25 11:35:00-04:00,52.63,52.68,52.58,52.6,4000.0,52.628,33
2023-08-25 11:40:00-04:00,52.59,52.6,52.5,52.54,5303.0,52.55,49
2023-08-25 11:45:00-04:00,52.5,52.52,52.44,52.44,2825.0,52.473,25
2023-08-25 11:50:00-04:00,52.46,52.47,52.41,52.45,11330.0,52.437,91
2023-08-25 11:55:00-04:00,52.44,52.44,52.28,52.33,5656.0,52.343,52
2023-08-25 12:00:00-04:00,52.35,52.41,52.34,52.35,4451.0,52.371,44
2023-08-25 12:05:00-04:00,52.37,52.43,52.32,52.42,9048.0,52.373,72
2023-08-25 12:10:00-04:00,52.39,52.43,52.38,52.41,3416.0,52.403,31
2023-08-25 12:15:00-04:00,52.39,52.4,52.32,52.35,2521.0,52.363,22
2023-08-25 12:20:00-04:00,52.35,52.41,52.33,52.4,2954.0,52.372,26
2023-08-25 12:25:00-04:00,52.41,52.45,52.4,52.41,7805.0,52.43,63
2023-08-25 12:30:00-04:00,52.4,52.46,52.37,52.38,7553.0,52.415,64
2023-08-25 12:35:00-04:00,52.35,52.43,52.35,52.39,11600.0,52.383,32
2023-08-25 12:40:00-04:00,52.4,52.41,52.36,52.39,7945.0,52.388,38
2023-08-25 12:45:00-04:00,52.38,52.41,52.36,52.38,5795.0,52.387,42
2023-08-25 12:50:00-04:00,52.37,52.41,52.37,52.39,8285.0,52.391,34
2023-08-25 12:55:00-04:00,52.38,52.48,52.38,52.48,1354.0,52.413,12
2023-08-25 13:00:00-04:00,52.49,52.5,52.45,52.45,3956.0,52.481,34
2023-08-25 13:05:00-04:00,52.44,52.51,52.44,52.51,2604.0,52.464,26
2023-08-25 13:10:00-04:00,52.47,52.5,52.45,52.5,3550.0,52.462,26
2023-08-25 13:15:00-04:00,52.52,52.52,52.4,52.41,3669.0,52.447,30
2023-08-25 13:20:00-04:00,52.42,52.42,52.36,52.36,3714.0,52.39,26
2023-08-25 13:25:00-04:00,52.36,52.36,52.32,52.34,2721.0,52.342,23
2023-08-25 13:30:00-04:00,52.34,52.34,52.3,52.32,3508.0,52.321,28
2023-08-25 13:35:00-04:00,52.33,52.45,52.32,52.44,5953.0,52.381,48
2023-08-25 13:40:00-04:00,52.43,52.45,52.41,52.44,4711.0,52.426,41
2023-08-25 13:45:00-04:00,52.43,52.43,52.33,52.33,26331.0,52.392,79
2023-08-25 13:50:00-04:00,52.33,52.36,52.29,52.34,3848.0,52.323,36
2023-08-25 13:55:00-04:00,52.35,52.45,52.34,52.45,8850.0,52.402,83
2023-08-25 14:00:00-04:00,52.45,52.49,52.39,52.4,14766.0,52.444,113
2023-08-25 14:05:00-04:00,52.39,52.52,52.37,52.5,6532.0,52.421,61
2023-08-25 14:10:00-04:00,52.49,52.59,52.48,52.57,9456.0,52.532,75
2023-08-25 14:15:00-04:00,52.56,52.58,52.49,52.57,6113.0,52.527,47
2023-08-25 14:20:00-04:00,52.58,52.62,52.54,52.54,3143.0,52.581,26
2023-08-25 14:25:00-04:00,52.53,52.54,52.47,52.53,5725.0,52.498,37
2023-08-25 14:30:00-04:00,52.54,52.59,52.52,52.59,3952.0,52.543,33
2023-08-25 14:35:00-04:00,52.57,52.58,52.53,52.54,4414.0,52.56,34
2023-08-25 14:40:00-04:00,52.56,52.57,52.51,52.51,5517.0,52.551,45
2023-08-25 14:45:00-04:00,52.54,52.57,52.52,52.57,1915.0,52.545,18
2023-08-25 14:50:00-04:00,52.58,52.63,52.57,52.61,3100.0,52.602,30
2023-08-25 14:55:00-04:00,52.6,52.62,52.55,52.59,3874.0,52.586,30
2023-08-25 15:00:00-04:00,52.6,52.65,52.58,52.62,5255.0,52.625,40
2023-08-25 15:05:00-04:00,52.65,52.65,52.54,52.62,2533.0,52.602,20
2023-08-25 15:10:00-04:00,52.62,52.66,52.6,52.64,3922.0,52.624,33
2023-08-25 15:15:00-04:00,52.64,52.68,52.59,52.61,4413.0,52.637,36
2023-08-25 15:20:00-04:00,52.62,52.69,52.61,52.69,5972.0,52.64,50
2023-08-25 15:25:00-04:00,52.68,52.69,52.63,52.63,7456.0,52.664,56
2023-08-25 15:30:00-04:00,52.64,52.66,52.61,52.63,8564.0,52.634,61
2023-08-25 15:35:00-04:00,52.62,52.62,52.53,52.56,6195.0,52.576,55
2023-08-25 15:40:00-04:00,52.57,52.6,52.54,52.58,10673.0,52.565,94
2023-08-25 15:45:00-04:00,52.58,52.63,52.54,52.59,16624.0,52.587,136
2023-08-25 15:50:00-04:00,52.6,52.6,52.52,52.59,35045.0,52.561,293
2023-08-25 15:55:00-04:00,52.6,52.65,52.59,52.63,66490.0,52.623,486
2023-08-28 09:30:00-04:00,52.48,52.72,52.35,52.51,27729.0,52.494,41
2023-08-28 09:35:00-04:00,52.55,53.11,52.55,53.11,7487.0,52.916,41
2023-08-28 09:40:00-04:00,53.12,53.19,52.99,53.05,8843.0,53.079,73
2023-08-28 09:45:00-04:00,53.08,53.08,52.91,52.91,3913.0,52.991,30
2023-08-28 09:50:00-04:00,52.94,52.95,52.83,52.87,8384.0,52.905,64
2023-08-28 09:55:00-04:00,52.88,52.95,52.78,52.81,10660.0,52.869,67
2023-08-28 10:00:00-04:00,52.82,52.86,52.72,52.72,8336.0,52.792,61
2023-08-28 10:05:00-04:00,52.75,52.79,52.67,52.68,4842.0,52.726,35
2023-08-28 10:10:00-04:00,52.67,52.71,52.5,52.58,6386.0,52.598,41
2023-08-28 10:15:00-04:00,52.57,52.58,52.49,52.58,6181.0,52.52,52
2023-08-28 10:20:00-04:00,52.59,52.64,52.58,52.64,5994.0,52.613,36
2023-08-28 10:25:00-04:00,52.68,52.68,52.55,52.65,4774.0,52.613,38
2023-08-28 10:30:00-04:00,52.65,52.65,52.54,52.55,8096.0,52.597,43
2023-08-28 10:35:00-04:00,52.54,52.63,52.53,52.59,3486.0,52.589,27
2023-08-28 10:40:00-04:00,52.62,52.65,52.58,52.64,5151.0,52.613,39
2023-08-28 10:45:00-04:00,52.65,52.7,52.62,52.65,6362.0,52.658,47
2023-08-28 10:50:00-04:00,52.65,52.7,52.64,52.68,3456.0,52.676,22
2023-08-28 10:55:00-04:00,52.68,52.75,52.64,52.73,4308.0,52.682,25
2023-08-28 11:00:00-04:00,52.72,52.74,52.58,52.59,12628.0,52.687,80
2023-08-28 11:05:00-04:00,52.59,52.61,52.54,52.59,5718.0,52.571,38
2023-08-28 11:10:00-04:00,52.6,52.61,52.56,52.56,2803.0,52.587,23
2023-08-28 11:15:00-04:00,52.54,52.55,52.51,52.55,4646.0,52.525,29
2023-08-28 11:20:00-04:00,52.56,52.57,52.47,52.47,9059.0,52.515,67
2023-08-28 11:25:00-04:00,52.46,52.55,52.45,52.51,21921.0,52.497,161
2023-08-28 11:30:00-04:00,52.51,52.56,52.48,52.55,4417.0,52.521,33
2023-08-28 11:35:00-04:00,52.56,52.64,52.55,52.64,3807.0,52.606,29
2023-08-28 11:40:00-04:00,52.63,52.63,52.5,52.51,6020.0,52.586,47
2023-08-28 11:45:00-04:00,52.51,52.51,52.43,52.46,6148.0,52.473,40
2023-08-28 11:50:00-04:00,52.44,52.44,52.4,52.41,2648.0,52.423,21
2023-08-28 11:55:00-04:00,52.41,52.45,52.34,52.43,4742.0,52.378,35
2023-08-28 12:00:00-04:00,52.45,52.45,52.41,52.43,2840.0,52.429,26
2023-08-28 12:05:00-04:00,52.44,52.45,52.42,52.44,3189.0,52.433,21
2023-08-28 12:10:00-04:00,52.43,52.47,52.4,52.46,2635.0,52.429,21
2023-08-28 12:15:00-04:00,52.45,52.46,52.39,52.39,4340.0,52.425,38
2023-08-28 12:20:00-04:00,52.38,52.44,52.35,52.44,6286.0,52.39,49
2023-08-28 12:25:00-04:00,52.44,52.44,52.4,52.43,2776.0,52.422,19
2023-08-28 12:30:00-04:00,52.42,52.46,52.4,52.46,3934.0,52.42,25
2023-08-28 12:35:00-04:00,52.44,52.46,52.41,52.42,5493.0,52.434,38
2023-08-28 12:40:00-04:00,52.41,52.46,52.38,52.44,2789.0,52.423,16
2023-08-28 12:45:00-04:00,52.44,52.47,52.43,52.46,3871.0,52.45,25
2023-08-28 12:50:00-04:00,52.45,52.46,52.43,52.46,3675.0,52.45,23
2023-08-28 12:55:00-04:00,52.44,52.47,52.41,52.45,4658.0,52.439,33
2023-08-28 13:00:00-04:00,52.46,52.47,52.44,52.45,4755.0,52.459,29
2023-08-28 13:05:00-04:00,52.45,52.5,52.45,52.48,10510.0,52.479,34
2023-08-28 13:10:00-04:00,52.5,52.5,52.43,52.44,2910.0,52.464,19
2023-08-28 13:15:00-04:00,52.42,52.42,52.33,52.37,6104.0,52.362,40
2023-08-28 13:20:00-04:00,52.4,52.43,52.38,52.4,2311.0,52.406,21
2023-08-28 13:25:00-04:00,52.4,52.4,52.32,52.34,4499.0,52.355,25
2023-08-28 13:30:00-04:00,52.35,52.37,52.32,52.37,5313.0,52.347,34
2023-08-28 13:35:00-04:00,52.36,52.37,52.33,52.33,2117.0,52.351,17
2023-08-28 13:40:00-04:00,52.33,52.33,52.28,52.28,1674.0,52.304,13
2023-08-28 13:45:00-04:00,52.28,52.31,52.27,52.28,4338.0,52.285,38
2023-08-28 13:50:00-04:00,52.28,52.31,52.25,52.25,6193.0,52.285,40
2023-08-28 13:55:00-04:00,52.24,52.24,52.14,52.16,5534.0,52.17,33
2023-08-28 14:00:00-04:00,52.16,52.16,52.14,52.15,1901.0,52.146,16
2023-08-28 14:05:00-04:00,52.16,52.17,52.16,52.16,2088.0,52.167,9
2023-08-28 14:10:00-04:00,52.17,52.17,52.13,52.14,4419.0,52.149,26
2023-08-28 14:15:00-04:00,52.14,52.19,52.13,52.17,4131.0,52.157,34
2023-08-28 14:20:00-04:00,52.17,52.24,52.17,52.23,3306.0,52.207,28
2023-08-28 14:25:00-04:00,52.24,52.24,52.19,52.21,7841.0,52.206,31
2023-08-28 14:30:00-04:00,52.21,52.25,52.2,52.25,4038.0,52.217,28
2023-08-28 14:35:00-04:00,52.24,52.26,52.19,52.21,5996.0,52.231,42
2023-08-28 14:40:00-04:00,52.2,52.2,52.16,52.16,4029.0,52.187,28
2023-08-28 14:45:00-04:00,52.17,52.18,52.16,52.18,6388.0,52.174,47
2023-08-28 14:50:00-04:00,52.18,52.24,52.17,52.24,7144.0,52.198,44
2023-08-28 14:55:00-04:00,52.26,52.26,52.19,52.21,8748.0,52.222,65
2023-08-28 15:00:00-04:00,52.21,52.24,52.2,52.22,8114.0,52.217,59
2023-08-28 15:05:00-04:00,52.23,52.26,52.21,52.26,4733.0,52.229,31
2023-08-28 15:10:00-04:00,52.25,52.25,52.19,52.22,12430.0,52.218,87
2023-08-28 15:15:00-04:00,52.21,52.36,52.2,52.36,10783.0,52.247,59
2023-08-28 15:20:00-04:00,52.36,52.46,52.33,52.46,13211.0,52.38,112
2023-08-28 15:25:00-04:00,52.46,52.47,52.38,52.4,11769.0,52.432,96
2023-08-28 15:30:00-04:00,52.4,52.46,52.39,52.45,14519.0,52.416,97
2023-08-28 15:35:00-04:00,52.44,52.45,52.34,52.35,10071.0,52.419,73
2023-08-28 15:40:00-04:00,52.35,52.39,52.3,52.39,13189.0,52.323,94
2023-08-28 15:45:00-04:00,52.39,52.57,52.38,52.44,22764.0,52.474,165
2023-08-28 15:50:00-04:00,52.43,52.47,52.42,52.43,22422.0,52.438,178
2023-08-28 15:55:00-04:00,52.43,52.56,52.41,52.47,106656.0,52.506,561
2023-08-29 09:30:00-04:00,52.61,52.75,52.34,52.47,20726.0,52.571,51
2023-08-29 09:35:00-04:00,52.49,52.65,52.41,52.59,5393.0,52.525,19
2023-08-29 09:40:00-04:00,52.6,52.68,52.55,52.66,2421.0,52.625,20
2023-08-29 09:45:00-04:00,52.6,52.66,52.42,52.45,4786.0,52.525,26
2023-08-29 09:50:00-04:00,52.47,52.48,52.34,52.37,5112.0,52.378,27
2023-08-29 09:55:00-04:00,52.34,52.34,52.2,52.29,7892.0,52.269,68
2023-08-29 10:00:00-04:00,52.32,52.46,52.32,52.39,7915.0,52.392,42
2023-08-29 10:05:00-04:00,52.37,52.53,52.33,52.49,3865.0,52.432,26
2023-08-29 10:10:00-04:00,52.48,52.67,52.45,52.67,4109.0,52.538,29
2023-08-29 10:15:00-04:00,52.65,52.77,52.64,52.76,5931.0,52.71,44
2023-08-29 10:20:00-04:00,52.75,52.85,52.74,52.83,5253.0,52.814,34
2023-08-29 10:25:00-04:00,52.84,52.88,52.76,52.82,6323.0,52.821,40
2023-08-29 10:30:00-04:00,52.85,52.88,52.83,52.83,2816.0,52.848,21
2023-08-29 10:35:00-04:00,52.82,52.88,52.78,52.78,7967.0,52.827,56
2023-08-29 10:40:00-04:00,52.76,52.77,52.71,52.76,4581.0,52.747,37
2023-08-29 10:45:00-04:00,52.7,52.77,52.67,52.77,3346.0,52.705,22
2023-08-29 10:50:00-04:00,52.78,52.78,52.74,52.74,1802.0,52.761,15
2023-08-29 10:55:00-04:00,52.7,52.85,52.69,52.84,6463.0,52.775,39
2023-08-29 11:00:00-04:00,52.84,52.9,52.8,52.9,3585.0,52.839,25
2023-08-29 11:05:00-04:00,52.92,52.93,52.89,52.9,4066.0,52.909,29
2023-08-29 11:10:00-04:00,52.9,52.95,52.89,52.95,1171.0,52.92,10
2023-08-29 11:15:00-04:00,52.96,52.99,52.93,52.93,15541.0,52.962,81
2023-08-29 11:20:00-04:00,52.9,52.93,52.9,52.93,4814.0,52.906,13
2023-08-29 11:25:00-04:00,52.95,53.01,52.94,52.99,6258.0,52.971,35
2023-08-29 11:30:00-04:00,53.03,53.04,53.0,53.02,2600.0,53.02,20
2023-08-29 11:35:00-04:00,52.99,53.05,52.98,53.04,1253.0,53.02,10
2023-08-29 11:40:00-04:00,53.08,53.09,53.06,53.06,3971.0,53.07,26
2023-08-29 11:45:00-04:00,53.09,53.09,53.01,53.03,5548.0,53.037,30
2023-08-29 11:50:00-04:00,53.04,53.08,53.03,53.05,2003.0,53.056,17
2023-08-29 11:55:00-04:00,53.02,53.04,52.99,53.04,8413.0,53.01,75
2023-08-29 12:00:00-04:00,53.04,53.04,52.96,53.01,10826.0,52.995,72
2023-08-29 12:05:00-04:00,53.0,53.04,52.98,53.02,9918.0,53.011,62
2023-08-29 12:10:00-04:00,53.04,53.09,53.02,53.09,8922.0,53.058,71
2023-08-29 12:15:00-04:00,53.08,53.13,53.07,53.1,5772.0,53.1,42
2023-08-29 12:20:00-04:00,53.09,53.13,53.05,53.12,2673.0,53.082,22
2023-08-29 12:25:00-04:00,53.12,53.16,53.11,53.14,2975.0,53.137,29
2023-08-29 12:30:00-04:00,53.14,53.16,53.11,53.11,5238.0,53.136,43
2023-08-29 12:35:00-04:00,53.1,53.15,53.1,53.1,3117.0,53.119,25
2023-08-29 12:40:00-04:00,53.1,53.11,53.07,53.1,4059.0,53.093,31
2023-08-29 12:45:00-04:00,53.1,53.15,53.09,53.12,3307.0,53.119,29
2023-08-29 12:50:00-04:00,53.12,53.14,53.11,53.14,3000.0,53.12,22
2023-08-29 12:55:00-04:00,53.15,53.17,53.14,53.16,2340.0,53.152,21
2023-08-29 13:00:00-04:00,53.17,53.26,53.17,53.25,3125.0,53.236,22
2023-08-29 13:05:00-04:00,53.24,53.25,53.22,53.25,1575.0,53.235,13
2023-08-29 13:10:00-04:00,53.25,53.25,53.21,53.25,2628.0,53.226,19
2023-08-29 13:15:00-04:00,53.25,53.28,53.23,53.24,4901.0,53.251,34
2023-08-29 13:20:00-04:00,53.24,53.27,53.23,53.26,2476.0,53.254,19
2023-08-29 13:25:00-04:00,53.25,53.32,53.25,53.29,2225.0,53.273,14
2023-08-29 13:30:00-04:00,53.31,53.32,53.29,53.31,2720.0,53.299,21
2023-08-29 13:35:00-04:00,53.31,53.34,53.31,53.33,5378.0,53.323,40
2023-08-29 13:40:00-04:00,53.34,53.34,53.31,53.34,3681.0,53.326,30
2023-08-29 13:45:00-04:00,53.35,53.38,53.32,53.37,5046.0,53.337,40
2023-08-29 13:50:00-04:00,53.36,53.4,53.33,53.35,3554.0,53.369,32
2023-08-29 13:55:00-04:00,53.32,53.4,53.27,53.37,4560.0,53.333,39
2023-08-29 14:00:00-04:00,53.37,53.37,53.32,53.35,2554.0,53.352,22
2023-08-29 14:05:00-04:00,53.34,53.35,53.32,53.34,1922.0,53.336,16
2023-08-29 14:10:00-04:00,53.33,53.33,53.3,53.33,2574.0,53.315,22
2023-08-29 14:15:00-04:00,53.32,53.32,53.29,53.31,3113.0,53.303,24
2023-08-29 14:20:00-04:00,53.32,53.32,53.29,53.29,3847.0,53.305,30
2023-08-29 14:25:00-04:00,53.3,53.31,53.26,53.3,4508.0,53.278,37
2023-08-29 14:30:00-04:00,53.31,53.53,53.31,53.51,14135.0,53.412,88
2023-08-29 14:35:00-04:00,53.51,53.57,53.49,53.56,6228.0,53.536,47
2023-08-29 14:40:00-04:00,53.55,53.58,53.5,53.56,5960.0,53.548,45
2023-08-29 14:45:00-04:00,53.57,53.64,53.55,53.63,3772.0,53.59,33
2023-08-29 14:50:00-04:00,53.65,53.7,53.64,53.7,6432.0,53.673,57
2023-08-29 14:55:00-04:00,53.7,53.8,53.69,53.79,17857.0,53.751,154
2023-08-29 15:00:00-04:00,53.79,53.81,53.74,53.78,8930.0,53.779,79
2023-08-29 15:05:00-04:00,53.79,53.81,53.74,53.75,7147.0,53.779,64
2023-08-29 15:10:00-04:00,53.74,53.78,53.61,53.78,11250.0,53.704,83
2023-08-29 15:15:00-04:00,53.77,53.77,53.71,53.72,10783.0,53.74,76
2023-08-29 15:20:00-04:00,53.71,53.76,53.67,53.72,13282.0,53.732,88
2023-08-29 15:25:00-04:00,53.71,53.78,53.64,53.74,17691.0,53.711,123
2023-08-29 15:30:00-04:00,53.73,53.75,53.67,53.69,9558.0,53.702,75
2023-08-29 15:35:00-04:00,53.68,53.74,53.68,53.73,16763.0,53.712,125
2023-08-29 15:40:00-04:00,53.74,53.83,53.74,53.82,14830.0,53.792,122
2023-08-29 15:45:00-04:00,53.83,53.85,53.77,53.82,24792.0,53.817,193
2023-08-29 15:50:00-04:00,53.83,53.88,53.73,53.81,37354.0,53.781,295
2023-08-29 15:55:00-04:00,53.8,53.88,53.75,53.85,78029.0,53.834,549
2023-08-30 09:30:00-04:00,53.94,54.0,53.66,53.8,13715.0,53.913,25
2023-08-30 09:35:00-04:00,53.81,53.9,53.68,53.76,3574.0,53.811,30
2023-08-30 09:40:00-04:00,53.76,53.79,53.64,53.7,10121.0,53.716,60
2023-08-30 09:45:00-04:00,53.72,53.85,53.69,53.82,8384.0,53.792,77
2023-08-30 09:50:00-04:00,53.81,53.89,53.81,53.86,9916.0,53.85,85
2023-08-30 09:55:00-04:00,53.87,53.96,53.8,53.8,9572.0,53.898,83
2023-08-30 10:00:00-04:00,53.86,53.9,53.8,53.87,5685.0,53.843,42
2023-08-30 10:05:00-04:00,53.89,54.02,53.86,54.0,5669.0,53.924,52
2023-08-30 10:10:00-04:00,53.98,53.98,53.91,53.92,6949.0,53.953,62
2023-08-30 10:15:00-04:00,53.93,53.95,53.88,53.95,5261.0,53.909,44
2023-08-30 10:20:00-04:00,53.96,53.99,53.9,53.91,3601.0,53.944,32
2023-08-30 10:25:00-04:00,53.88,53.88,53.71,53.78,4567.0,53.787,39
2023-08-30 10:30:00-04:00,53.76,53.93,53.74,53.93,3784.0,53.82,35
2023-08-30 10:35:00-04:00,53.94,53.94,53.81,53.84,5543.0,53.869,51
2023-08-30 10:40:00-04:00,53.83,53.85,53.79,53.83,16430.0,53.824,130
2023-08-30 10:45:00-04:00,53.82,53.9,53.79,53.82,12903.0,53.831,121
2023-08-30 10:50:00-04:00,53.8,53.85,53.8,53.82,3030.0,53.818,29
2023-08-30 10:55:00-04:00,53.8,53.88,53.78,53.88,3098.0,53.818,28
2023-08-30 11:00:00-04:00,53.88,53.9,53.8,53.83,8499.0,53.83,57
2023-08-30 11:05:00-04:00,53.82,53.88,53.74,53.74,4792.0,53.832,34
2023-08-30 11:10:00-04:00,53.74,53.84,53.74,53.8,5260.0,53.789,33
2023-08-30 11:15:00-04:00,53.8,53.8,53.76,53.78,1912.0,53.784,17
2023-08-30 11:20:00-04:00,53.74,53.82,53.74,53.82,3504.0,53.798,30
2023-08-30 11:25:00-04:00,53.85,53.89,53.83,53.89,4387.0,53.85,32
2023-08-30 11:30:00-04:00,53.9,53.92,53.82,53.84,12622.0,53.879,74
2023-08-30 11:35:00-04:00,53.84,53.91,53.83,53.9,8506.0,53.868,70
2023-08-30 11:40:00-04:00,53.9,53.92,53.88,53.92,4888.0,53.901,43
2023-08-30 11:45:00-04:00,53.94,54.03,53.93,54.0,4513.0,53.97,32
2023-08-30 11:50:00-04:00,54.01,54.17,54.01,54.17,6498.0,54.114,30
2023-08-30 11:55:00-04:00,54.17,54.18,54.14,54.17,1765.0,54.156,14
2023-08-30 12:00:00-04:00,54.22,54.24,54.19,54.24,2443.0,54.202,14
2023-08-30 12:05:00-04:00,54.26,54.26,54.15,54.15,3644.0,54.224,22
2023-08-30 12:10:00-04:00,54.15,54.19,54.12,54.19,1531.0,54.162,8
2023-08-30 12:15:00-04:00,54.21,54.22,54.18,54.18,2002.0,54.197,15
2023-08-30 12:20:00-04:00,54.2,54.22,54.19,54.19,1819.0,54.204,17
2023-08-30 12:25:00-04:00,54.18,54.22,54.16,54.22,855.0,54.186,8
2023-08-30 12:30:00-04:00,54.22,54.26,54.21,54.26,2621.0,54.232,21
2023-08-30 12:35:00-04:00,54.25,54.25,54.18,54.19,1898.0,54.208,16
2023-08-30 12:40:00-04:00,54.2,54.25,54.2,54.24,2802.0,54.229,13
2023-08-30 12:45:00-04:00,54.21,54.21,54.11,54.11,4020.0,54.154,26
2023-08-30 12:50:00-04:00,54.13,54.18,54.09,54.15,5077.0,54.138,38
2023-08-30 12:55:00-04:00,54.16,54.19,54.16,54.18,1500.0,54.177,13
2023-08-30 13:00:00-04:00,54.17,54.22,54.14,54.22,2642.0,54.163,24
2023-08-30 13:05:00-04:00,54.22,54.23,54.17,54.18,3703.0,54.205,22
2023-08-30 13:10:00-04:00,54.19,54.19,54.17,54.17,981.0,54.18,9
2023-08-30 13:15:00-04:00,54.18,54.18,54.13,54.15,3572.0,54.157,26
2023-08-30 13:20:00-04:00,54.13,54.16,54.11,54.15,4121.0,54.132,31
2023-08-30 13:25:00-04:00,54.15,54.16,54.11,54.12,2560.0,54.13,22
2023-08-30 13:30:00-04:00,54.12,54.18,54.12,54.16,3856.0,54.139,28
2023-08-30 13:35:00-04:00,54.16,54.16,54.08,54.09,5273.0,54.111,38
2023-08-30 13:40:00-04:00,54.1,54.12,54.09,54.1,3792.0,54.113,27
2023-08-30 13:45:00-04:00,54.11,54.11,54.04,54.05,3496.0,54.076,31
2023-08-30 13:50:00-04:00,54.06,54.09,54.03,54.09,2448.0,54.062,18
2023-08-30 13:55:00-04:00,54.08,54.17,54.08,54.16,3515.0,54.126,31
2023-08-30 14:00:00-04:00,54.19,54.19,54.14,54.16,2786.0,54.161,22
2023-08-30 14:05:00-04:00,54.15,54.15,54.08,54.09,2952.0,54.106,21
2023-08-30 14:10:00-04:00,54.09,54.14,54.06,54.14,6131.0,54.109,28
2023-08-30 14:15:00-04:00,54.14,54.14,54.08,54.11,2731.0,54.117,21
2023-08-30 14:20:00-04:00,54.1,54.14,54.08,54.12,3657.0,54.112,28
2023-08-30 14:25:00-04:00,54.1,54.12,54.04,54.06,3905.0,54.089,34
2023-08-30 14:30:00-04:00,54.05,54.12,54.05,54.12,1967.0,54.083,12
2023-08-30 14:35:00-04:00,54.12,54.13,54.07,54.1,4187.0,54.099,31
2023-08-30 14:40:00-04:00,54.1,54.12,54.09,54.11,4054.0,54.104,31
2023-08-30 14:45:00-04:00,54.13,54.13,54.08,54.1,4853.0,54.104,40
2023-08-30 14:50:00-04:00,54.12,54.14,54.11,54.13,2132.0,54.12,17
2023-08-30 14:55:00-04:00,54.14,54.16,54.11,54.13,4161.0,54.127,30
2023-08-30 15:00:00-04:00,54.14,54.17,54.13,54.16,3203.0,54.153,26
2023-08-30 15:05:00-04:00,54.16,54.17,54.15,54.17,4582.0,54.159,33
2023-08-30 15:10:00-04:00,54.18,54.23,54.16,54.17,6103.0,54.192,48
2023-08-30 15:15:00-04:00,54.17,54.17,54.13,54.13,4879.0,54.151,39
2023-08-30 15:20:00-04:00,54.14,54.16,54.13,54.14,4644.0,54.141,37
2023-08-30 15:25:00-04:00,54.14,54.19,54.11,54.18,6692.0,54.147,59
2023-08-30 15:30:00-04:00,54.18,54.21,54.17,54.19,8290.0,54.19,73
2023-08-30 15:35:00-04:00,54.18,54.25,54.17,54.25,10307.0,54.216,78
2023-08-30 15:40:00-04:00,54.25,54.29,54.25,54.27,15017.0,54.272,101
2023-08-30 15:45:00-04:00,54.28,54.28,54.21,54.27,17820.0,54.25,128
2023-08-30 15:50:00-04:00,54.26,54.31,54.18,54.31,39592.0,54.266,264
2023-08-30 15:55:00-04:00,54.31,54.44,54.3,54.42,92059.0,54.381,519
2023-08-31 09:30:00-04:00,54.41,54.41,54.25,54.31,11947.0,54.402,7
2023-08-31 09:35:00-04:00,54.49,54.69,54.49,54.53,8216.0,54.557,58
2023-08-31 09:40:00-04:00,54.47,54.47,54.41,54.42,304.0,54.451,3
2023-08-31 09:45:00-04:00,54.41,54.41,54.29,54.33,1000.0,54.335,9
2023-08-31 09:50:00-04:00,54.4,54.42,54.38,54.4,2192.0,54.402,15
2023-08-31 09:55:00-04:00,54.41,54.45,54.38,54.4,2032.0,54.412,17
2023-08-31 10:00:00-04:00,54.37,54.39,54.15,54.18,8541.0,54.248,76
2023-08-31 10:05:00-04:00,54.19,54.31,54.19,54.31,2397.0,54.261,23
2023-08-31 10:10:00-04:00,54.29,54.31,54.24,54.3,2027.0,54.286,16
2023-08-31 10:15:00-04:00,54.29,54.3,54.2,54.2,1849.0,54.223,12
2023-08-31 10:20:00-04:00,54.18,54.21,54.16,54.17,1439.0,54.182,10
2023-08-31 10:25:00-04:00,54.16,54.22,54.16,54.2,2713.0,54.198,21
2023-08-31 10:30:00-04:00,54.19,54.19,54.15,54.15,700.0,54.178,7
2023-08-31 10:35:00-04:00,54.16,54.25,54.13,54.13,10377.0,54.229,32
2023-08-31 10:40:00-04:00,54.13,54.16,54.13,54.14,1599.0,54.151,15
2023-08-31 10:45:00-04:00,54.12,54.21,54.11,54.18,3762.0,54.144,19
2023-08-31 10:50:00-04:00,54.22,54.25,54.21,54.25,1789.0,54.23,16
2023-08-31 10:55:00-04:00,54.24,54.26,54.21,54.21,2323.0,54.229,22
2023-08-31 11:00:00-04:00,54.21,54.22,54.17,54.17,6221.0,54.198,23
2023-08-31 11:05:00-04:00,54.15,54.15,54.15,54.15,702.0,54.15,7
2023-08-31 11:10:00-04:00,54.16,54.16,54.14,54.15,3164.0,54.156,15
2023-08-31 11:15:00-04:00,54.15,54.27,54.14,54.26,3790.0,54.219,21
2023-08-31 11:20:00-04:00,54.26,54.3,54.26,54.28,3528.0,54.276,31
2023-08-31 11:25:00-04:00,54.31,54.38,54.31,54.38,1328.0,54.343,11
2023-08-31 11:30:00-04:00,54.38,54.41,54.31,54.32,5775.0,54.341,27
2023-08-31 11:35:00-04:00,54.34,54.35,54.33,54.34,1600.0,54.346,11
2023-08-31 11:40:00-04:00,54.37,54.4,54.33,54.33,2507.0,54.371,22
2023-08-31 11:45:00-04:00,54.34,54.36,54.3,54.35,3939.0,54.337,28
2023-08-31 11:50:00-04:00,54.33,54.38,54.32,54.38,600.0,54.339,6
2023-08-31 11:55:00-04:00,54.37,54.38,54.35,54.37,1217.0,54.361,5
2023-08-31 12:00:00-04:00,54.35,54.37,54.31,54.37,3420.0,54.338,26
2023-08-31 12:05:00-04:00,54.37,54.4,54.36,54.4,1227.0,54.389,12
2023-08-31 12:10:00-04:00,54.41,54.49,54.41,54.48,7125.0,54.448,62
2023-08-31 12:15:00-04:00,54.48,54.48,54.44,54.46,1811.0,54.461,16
2023-08-31 12:20:00-04:00,54.45,54.54,54.45,54.52,7209.0,54.501,50
2023-08-31 12:25:00-04:00,54.53,54.54,54.53,54.53,1241.0,54.536,8
2023-08-31 12:30:00-04:00,54.53,54.54,54.47,54.51,8849.0,54.502,55
2023-08-31 12:35:00-04:00,54.49,54.51,54.45,54.45,3750.0,54.487,29
2023-08-31 12:40:00-04:00,54.45,54.45,54.39,54.4,1187.0,54.43,10
2023-08-31 12:45:00-04:00,54.38,54.42,54.35,54.36,3194.0,54.386,27
2023-08-31 12:50:00-04:00,54.37,54.41,54.36,54.37,2825.0,54.375,16
2023-08-31 12:55:00-04:00,54.4,54.42,54.36,54.41,13096.0,54.398,74
2023-08-31 13:00:00-04:00,54.43,54.43,54.4,54.41,1430.0,54.409,11
2023-08-31 13:05:00-04:00,54.42,54.44,54.39,54.44,1581.0,54.416,14
2023-08-31 13:10:00-04:00,54.46,54.48,54.45,54.46,2936.0,54.459,23
2023-08-31 13:15:00-04:00,54.47,54.48,54.46,54.47,745.0,54.469,7
2023-08-31 13:20:00-04:00,54.48,54.5,54.39,54.5,6228.0,54.445,40
2023-08-31 13:25:00-04:00,54.5,54.52,54.43,54.44,6008.0,54.48,37
2023-08-31 13:30:00-04:00,54.44,54.45,54.42,54.43,790.0,54.437,7
2023-08-31 13:35:00-04:00,54.45,54.45,54.41,54.41,2735.0,54.433,24
2023-08-31 13:40:00-04:00,54.4,54.42,54.38,54.42,2281.0,54.399,19
2023-08-31 13:45:00-04:00,54.41,54.42,54.38,54.39,1493.0,54.401,13
2023-08-31 13:50:00-04:00,54.4,54.43,54.38,54.4,2197.0,54.405,19
2023-08-31 13:55:00-04:00,54.4,54.42,54.4,54.41,833.0,54.409,8
2023-08-31 14:00:00-04:00,54.42,54.49,54.42,54.49,5235.0,54.463,42
2023-08-31 14:05:00-04:00,54.49,54.51,54.47,54.48,4782.0,54.494,40
2023-08-31 14:10:00-04:00,54.48,54.55,54.48,54.53,3642.0,54.52,28
2023-08-31 14:15:00-04:00,54.55,54.55,54.5,54.5,3596.0,54.527,26
2023-08-31 14:20:00-04:00,54.5,54.52,54.47,54.49,3918.0,54.493,30
2023-08-31 14:25:00-04:00,54.5,54.6,54.48,54.6,5881.0,54.558,46
2023-08-31 14:30:00-04:00,54.58,54.66,54.58,54.66,9431.0,54.642,51
2023-08-31 14:35:00-04:00,54.66,54.66,54.55,54.56,5418.0,54.623,38
2023-08-31 14:40:00-04:00,54.57,54.59,54.48,54.48,6155.0,54.547,51
2023-08-31 14:45:00-04:00,54.49,54.53,54.45,54.52,7367.0,54.491,53
2023-08-31 14:50:00-04:00,54.52,54.55,54.51,54.53,5957.0,54.532,50
2023-08-31 14:55:00-04:00,54.5,54.55,54.47,54.51,5496.0,54.504,35
2023-08-31 15:00:00-04:00,54.51,54.54,54.5,54.52,6957.0,54.516,50
2023-08-31 15:05:00-04:00,54.5,54.55,54.48,54.52,6799.0,54.518,56
2023-08-31 15:10:00-04:00,54.53,54.56,54.52,54.53,5974.0,54.545,46
2023-08-31 15:15:00-04:00,54.52,54.52,54.43,54.45,5956.0,54.455,47
2023-08-31 15:20:00-04:00,54.44,54.48,54.43,54.46,8821.0,54.461,54
2023-08-31 15:25:00-04:00,54.46,54.51,54.45,54.45,10246.0,54.479,82
2023-08-31 15:30:00-04:00,54.47,54.5,54.44,54.45,13209.0,54.47,99
2023-08-31 15:35:00-04:00,54.44,54.6,54.44,54.6,14940.0,54.506,113
2023-08-31 15:40:00-04:00,54.6,54.63,54.58,54.59,16283.0,54.599,118
2023-08-31 15:45:00-04:00,54.59,54.6,54.52,54.57,35024.0,54.576,209
2023-08-31 15:50:00-04:00,54.57,54.6,54.5,54.54,46757.0,54.544,341
2023-08-31 15:55:00-04:00,54.53,54.57,54.43,54.43,106966.0,54.506,703
2023-09-01 09:30:00-04:00,54.68,55.0,54.34,54.95,14404.0,54.702,18
2023-09-01 09:35:00-04:00,54.94,54.97,54.84,54.95,10186.0,54.899,61
2023-09-01 09:40:00-04:00,54.95,54.99,54.77,54.93,5593.0,54.901,35
2023-09-01 09:45:00-04:00,54.88,54.9,54.81,54.82,2809.0,54.857,26
2023-09-01 09:50:00-04:00,54.86,55.05,54.85,55.02,3853.0,54.956,27
2023-09-01 09:55:00-04:00,55.04,55.24,55.03,55.24,5532.0,55.138,29
2023-09-01 10:00:00-04:00,55.21,55.32,55.04,55.27,21655.0,55.219,74
2023-09-01 10:05:00-04:00,55.3,55.43,55.27,55.35,4679.0,55.367,30
2023-09-01 10:10:00-04:00,55.35,55.44,55.35,55.37,2687.0,55.383,22
2023-09-01 10:15:00-04:00,55.38,55.38,55.27,55.35,9070.0,55.336,45
2023-09-01 10:20:00-04:00,55.36,55.39,55.22,55.22,7621.0,55.339,47
2023-09-01 10:25:00-04:00,55.24,55.33,55.24,55.33,4435.0,55.284,34
2023-09-01 10:30:00-04:00,55.33,55.35,55.31,55.35,2199.0,55.329,16
2023-09-01 10:35:00-04:00,55.33,55.48,55.33,55.48,4861.0,55.401,35
2023-09-01 10:40:00-04:00,55.45,55.49,55.41,55.42,3415.0,55.458,21
2023-09-01 10:45:00-04:00,55.4,55.47,55.38,55.44,4305.0,55.422,32
2023-09-01 10:50:00-04:00,55.43,55.43,55.38,55.4,2420.0,55.414,17
2023-09-01 10:55:00-04:00,55.39,55.49,55.39,55.48,9460.0,55.452,69
2023-09-01 11:00:00-04:00,55.48,55.56,55.44,55.53,20257.0,55.509,90
2023-09-01 11:05:00-04:00,55.53,55.58,55.5,55.51,6844.0,55.555,49
2023-09-01 11:10:00-04:00,55.52,55.53,55.48,55.48,1110.0,55.52,8
2023-09-01 11:15:00-04:00,55.47,55.5,55.45,55.45,2118.0,55.482,17
2023-09-01 11:20:00-04:00,55.43,55.52,55.42,55.51,6365.0,55.463,54
2023-09-01 11:25:00-04:00,55.51,55.52,55.38,55.39,8388.0,55.463,55
2023-09-01 11:30:00-04:00,55.41,55.41,55.25,55.25,6585.0,55.327,56
2023-09-01 11:35:00-04:00,55.23,55.23,55.14,55.16,4129.0,55.162,26
2023-09-01 11:40:00-04:00,55.14,55.17,55.08,55.08,3340.0,55.135,28
2023-09-01 11:45:00-04:00,55.12,55.13,55.05,55.07,3735.0,55.092,27
2023-09-01 11:50:00-04:00,55.07,55.08,55.03,55.04,2319.0,55.052,17
2023-09-01 11:55:00-04:00,55.05,55.06,55.0,55.03,3172.0,55.027,23
2023-09-01 12:00:00-04:00,55.0,55.0,54.93,54.94,3427.0,54.948,31
2023-09-01 12:05:00-04:00,54.93,54.96,54.88,54.94,4583.0,54.923,42
2023-09-01 12:10:00-04:00,54.96,54.97,54.91,54.95,4167.0,54.949,33
2023-09-01 12:15:00-04:00,54.95,54.99,54.93,54.98,1742.0,54.958,16
2023-09-01 12:20:00-04:00,54.98,54.99,54.95,54.99,2657.0,54.971,22
2023-09-01 12:25:00-04:00,54.99,55.04,54.96,54.97,3467.0,55.002,31
2023-09-01 12:30:00-04:00,54.98,54.99,54.96,54.98,2256.0,54.975,19
2023-09-01 12:35:00-04:00,54.99,54.99,54.85,54.86,5128.0,54.895,45
2023-09-01 12:40:00-04:00,54.88,54.89,54.85,54.87,4228.0,54.876,31
2023-09-01 12:45:00-04:00,54.87,54.93,54.87,54.93,5318.0,54.894,48
2023-09-01 12:50:00-04:00,54.93,55.01,54.91,55.0,1484.0,54.973,13
2023-09-01 12:55:00-04:00,54.98,55.03,54.98,55.0,4534.0,55.006,22
2023-09-01 13:00:00-04:00,54.98,55.04,54.98,55.01,3106.0,55.01,28
2023-09-01 13:05:00-04:00,55.01,55.05,54.99,55.01,1300.0,55.021,12
2023-09-01 13:10:00-04:00,55.02,55.08,54.99,55.08,2714.0,55.036,22
2023-09-01 13:15:00-04:00,55.11,55.11,54.99,55.01,10628.0,55.037,84
2023-09-01 13:20:00-04:00,54.98,55.02,54.96,54.98,4045.0,54.985,35
2023-09-01 13:25:00-04:00,54.97,55.01,54.97,54.97,2924.0,54.994,25
2023-09-01 13:30:00-04:00,54.97,54.98,54.91,54.93,4238.0,54.942,34
2023-09-01 13:35:00-04:00,54.92,54.98,54.92,54.98,2573.0,54.954,23
2023-09-01 13:40:00-04:00,54.98,55.01,54.88,54.88,2787.0,54.956,26
2023-09-01 13:45:00-04:00,54.91,54.94,54.91,54.94,1200.0,54.927,11
2023-09-01 13:50:00-04:00,54.93,54.95,54.91,54.95,3205.0,54.925,27
2023-09-01 13:55:00-04:00,54.96,55.05,54.96,55.05,6610.0,54.998,53
2023-09-01 14:00:00-04:00,55.05,55.17,55.04,55.17,4663.0,55.092,33
2023-09-01 14:05:00-04:00,55.17,55.18,55.14,55.15,2857.0,55.153,27
2023-09-01 14:10:00-04:00,55.14,55.18,55.13,55.18,2990.0,55.145,28
2023-09-01 14:15:00-04:00,55.17,55.22,55.16,55.21,8891.0,55.188,64
2023-09-01 14:20:00-04:00,55.2,55.21,55.14,55.19,10784.0,55.179,64
2023-09-01 14:25:00-04:00,55.19,55.2,55.1,55.12,6623.0,55.163,60
2023-09-01 14:30:00-04:00,55.1,55.15,55.03,55.03,5750.0,55.082,37
2023-09-01 14:35:00-04:00,55.05,55.05,54.97,55.04,5331.0,55.015,44
2023-09-01 14:40:00-04:00,55.05,55.11,55.04,55.09,5928.0,55.073,46
2023-09-01 14:45:00-04:00,55.1,55.12,55.05,55.08,4851.0,55.075,40
2023-09-01 14:50:00-04:00,55.06,55.1,55.04,55.05,5429.0,55.072,49
2023-09-01 14:55:00-04:00,55.04,55.1,55.01,55.1,4512.0,55.058,42
2023-09-01 15:00:00-04:00,55.09,55.1,55.04,55.08,5220.0,55.072,44
2023-09-01 15:05:00-04:00,55.09,55.12,55.06,55.11,5034.0,55.089,40
2023-09-01 15:10:00-04:00,55.1,55.12,55.07,55.11,4987.0,55.097,42
2023-09-01 15:15:00-04:00,55.1,55.15,55.08,55.15,12543.0,55.112,71
2023-09-01 15:20:00-04:00,55.13,55.15,55.12,55.15,3288.0,55.135,27
2023-09-01 15:25:00-04:00,55.16,55.18,55.13,55.17,4077.0,55.159,37
2023-09-01 15:30:00-04:00,55.18,55.21,55.17,55.2,6645.0,55.191,59
2023-09-01 15:35:00-04:00,55.2,55.2,55.06,55.06,8556.0,55.122,73
2023-09-01 15:40:00-04:00,55.07,55.08,54.97,55.0,21258.0,55.026,167
2023-09-01 15:45:00-04:00,54.99,55.0,54.93,54.93,21021.0,54.963,168
2023-09-01 15:50:00-04:00,54.91,54.92,54.86,54.91,39657.0,54.891,290
2023-09-01 15:55:00-04:00,54.91,54.95,54.86,54.93,80530.0,54.899,458
2023-09-05 09:30:00-04:00,54.51,54.51,54.28,54.29,16299.0,54.493,16
2023-09-05 09:35:00-04:00,54.31,54.31,54.09,54.15,3760.0,54.215,32
2023-09-05 09:40:00-04:00,54.13,54.2,54.06,54.17,2103.0,54.139,15
2023-09-05 09:45:00-04:00,54.16,54.41,54.08,54.36,8871.0,54.214,55
2023-09-05 09:50:00-04:00,54.37,54.51,54.34,54.49,6968.0,54.435,53
2023-09-05 09:55:00-04:00,54.47,54.53,54.37,54.4,4887.0,54.44,38
2023-09-05 10:00:00-04:00,54.38,54.38,54.26,54.3,8819.0,54.316,51
2023-09-05 10:05:00-04:00,54.28,54.31,54.17,54.22,8028.0,54.259,67
2023-09-05 10:10:00-04:00,54.21,54.21,54.08,54.08,9225.0,54.139,80
2023-09-05 10:15:00-04:00,54.09,54.26,54.09,54.21,9289.0,54.194,78
2023-09-05 10:20:00-04:00,54.23,54.32,54.23,54.23,13124.0,54.282,94
2023-09-05 10:25:00-04:00,54.25,54.26,54.06,54.06,11434.0,54.163,80
2023-09-05 10:30:00-04:00,54.06,54.13,53.97,53.98,9343.0,54.054,60
2023-09-05 10:35:00-04:00,53.97,54.04,53.96,54.0,11578.0,54.015,83
2023-09-05 10:40:00-04:00,54.0,54.07,54.0,54.07,7481.0,54.035,56
2023-09-05 10:45:00-04:00,54.07,54.07,53.97,54.05,6071.0,54.022,49
2023-09-05 10:50:00-04:00,54.04,54.04,53.94,53.95,3600.0,54.002,32
2023-09-05 10:55:00-04:00,53.94,54.1,53.94,54.09,7587.0,54.025,64
2023-09-05 11:00:00-04:00,54.1,54.16,54.09,54.12,6124.0,54.12,59
2023-09-05 11:05:00-04:00,54.09,54.15,54.06,54.14,3965.0,54.101,35
2023-09-05 11:10:00-04:00,54.13,54.23,54.1,54.21,5052.0,54.169,40
2023-09-05 11:15:00-04:00,54.21,54.25,54.2,54.23,4791.0,54.228,37
2023-09-05 11:20:00-04:00,54.22,54.22,54.17,54.2,3765.0,54.198,32
2023-09-05 11:25:00-04:00,54.15,54.25,54.15,54.2,5436.0,54.2,45
2023-09-05 11:30:00-04:00,54.21,54.31,54.21,54.31,3250.0,54.262,29
2023-09-05 11:35:00-04:00,54.3,54.31,54.23,54.3,3863.0,54.277,31
2023-09-05 11:40:00-04:00,54.29,54.3,54.22,54.23,2862.0,54.265,23
2023-09-05 11:45:00-04:00,54.23,54.27,54.22,54.26,2892.0,54.25,25
2023-09-05 11:50:00-04:00,54.27,54.27,54.22,54.22,4720.0,54.239,37
2023-09-05 11:55:00-04:00,54.21,54.24,54.17,54.23,6971.0,54.213,47
2023-09-05 12:00:00-04:00,54.22,54.24,54.19,54.19,2707.0,54.212,21
2023-09-05 12:05:00-04:00,54.2,54.26,54.2,54.25,3489.0,54.233,28
2023-09-05 12:10:00-04:00,54.27,54.28,54.25,54.27,2902.0,54.257,25
2023-09-05 12:15:00-04:00,54.27,54.31,54.23,54.31,3017.0,54.268,27
2023-09-05 12:20:00-04:00,54.31,54.35,54.3,54.3,3232.0,54.322,25
2023-09-05 12:25:00-04:00,54.31,54.33,54.3,54.32,1909.0,54.317,16
2023-09-05 12:30:00-04:00,54.31,54.33,54.27,54.29,3960.0,54.302,32
2023-09-05 12:35:00-04:00,54.28,54.29,54.23,54.23,2624.0,54.26,24
2023-09-05 12:40:00-04:00,54.24,54.29,54.22,54.28,4386.0,54.251,39
2023-09-05 12:45:00-04:00,54.28,54.28,54.16,54.18,3982.0,54.226,32
2023-09-05 12:50:00-04:00,54.19,54.19,54.08,54.13,5514.0,54.136,31
2023-09-05 12:55:00-04:00,54.13,54.14,54.12,54.14,1873.0,54.129,14
2023-09-05 13:00:00-04:00,54.13,54.16,54.11,54.11,3612.0,54.139,32
2023-09-05 13:05:00-04:00,54.12,54.12,54.05,54.08,10298.0,54.084,75
2023-09-05 13:10:00-04:00,54.08,54.14,54.08,54.14,5252.0,54.101,41
2023-09-05 13:15:00-04:00,54.12,54.13,54.03,54.03,9796.0,54.102,53
2023-09-05 13:20:00-04:00,54.03,54.06,54.01,54.06,3208.0,54.044,27
2023-09-05 13:25:00-04:00,54.07,54.09,54.04,54.04,5001.0,54.071,33
2023-09-05 13:30:00-04:00,54.04,54.06,54.02,54.02,4455.0,54.039,38
2023-09-05 13:35:00-04:00,54.0,54.0,53.89,53.9,9238.0,53.945,78
2023-09-05 13:40:00-04:00,53.87,53.88,53.81,53.82,5066.0,53.856,40
2023-09-05 13:45:00-04:00,53.83,53.86,53.8,53.86,5999.0,53.82,46
2023-09-05 13:50:00-04:00,53.86,53.91,53.86,53.91,3904.0,53.89,34
2023-09-05 13:55:00-04:00,53.91,53.96,53.9,53.96,4329.0,53.919,28
2023-09-05 14:00:00-04:00,53.97,53.98,53.88,53.88,5429.0,53.94,40
2023-09-05 14:05:00-04:00,53.9,53.9,53.81,53.81,4747.0,53.866,31
2023-09-05 14:10:00-04:00,53.82,53.86,53.81,53.86,3439.0,53.838,29
2023-09-05 14:15:00-04:00,53.85,53.86,53.82,53.84,5405.0,53.838,45
2023-09-05 14:20:00-04:00,53.84,53.84,53.79,53.8,4666.0,53.823,37
2023-09-05 14:25:00-04:00,53.82,53.83,53.78,53.79,6093.0,53.81,50
2023-09-05 14:30:00-04:00,53.78,53.8,53.77,53.79,3995.0,53.779,31
2023-09-05 14:35:00-04:00,53.77,53.84,53.75,53.75,9867.0,53.798,54
2023-09-05 14:40:00-04:00,53.76,53.79,53.74,53.79,8349.0,53.759,60
2023-09-05 14:45:00-04:00,53.79,53.85,53.77,53.79,6377.0,53.805,52
2023-09-05 14:50:00-04:00,53.79,53.84,53.79,53.84,5652.0,53.822,33
2023-09-05 14:55:00-04:00,53.85,53.86,53.78,53.79,7637.0,53.837,63
2023-09-05 15:00:00-04:00,53.78,53.78,53.69,53.69,8656.0,53.712,70
2023-09-05 15:05:00-04:00,53.69,53.71,53.65,53.68,5332.0,53.677,47
2023-09-05 15:10:00-04:00,53.66,53.68,53.62,53.65,6537.0,53.646,45
2023-09-05 15:15:00-04:00,53.66,53.7,53.64,53.7,5138.0,53.665,38
2023-09-05 15:20:00-04:00,53.7,53.74,53.64,53.69,14392.0,53.7,118
2023-09-05 15:25:00-04:00,53.68,53.68,53.58,53.59,9478.0,53.631,86
2023-09-05 15:30:00-04:00,53.59,53.6,53.48,53.51,16651.0,53.543,148
2023-09-05 15:35:00-04:00,53.51,53.58,53.46,53.58,17681.0,53.519,144
2023-09-05 15:40:00-04:00,53.57,53.62,53.53,53.6,18842.0,53.573,167
2023-09-05 15:45:00-04:00,53.6,53.67,53.6,53.63,21338.0,53.64,151
2023-09-05 15:50:00-04:00,53.62,53.72,53.59,53.72,39057.0,53.649,302
2023-09-05 15:55:00-04:00,53.71,53.72,53.61,53.69,111132.0,53.656,635
2023-09-06 09:30:00-04:00,53.53,53.67,53.42,53.46,11001.0,53.528,16
2023-09-06 09:35:00-04:00,53.47,53.63,53.47,53.6,5641.0,53.592,45
2023-09-06 09:40:00-04:00,53.65,53.75,53.61,53.75,5824.0,53.695,42
2023-09-06 09:45:00-04:00,53.77,53.93,53.77,53.91,8163.0,53.871,53
2023-09-06 09:50:00-04:00,53.91,53.95,53.84,53.9,3148.0,53.89,31
2023-09-06 09:55:00-04:00,53.89,53.93,53.84,53.86,3274.0,53.874,26
2023-09-06 10:00:00-04:00,53.74,53.84,53.7,53.75,6742.0,53.767,54
2023-09-06 10:05:00-04:00,53.71,53.84,53.7,53.73,6400.0,53.767,51
2023-09-06 10:10:00-04:00,53.77,53.85,53.76,53.8,14338.0,53.802,41
2023-09-06 10:15:00-04:00,53.82,53.84,53.72,53.72,8749.0,53.77,44
2023-09-06 10:20:00-04:00,53.69,53.7,53.57,53.57,1896.0,53.64,15
2023-09-06 10:25:00-04:00,53.54,53.58,53.52,53.55,4474.0,53.552,37
2023-09-06 10:30:00-04:00,53.52,53.59,53.5,53.51,7148.0,53.541,51
2023-09-06 10:35:00-04:00,53.53,53.53,53.4,53.41,2867.0,53.451,24
2023-09-06 10:40:00-04:00,53.39,53.4,53.33,53.34,3316.0,53.364,24
2023-09-06 10:45:00-04:00,53.34,53.34,53.29,53.29,2536.0,53.308,24
2023-09-06 10:50:00-04:00,53.29,53.3,53.14,53.16,12557.0,53.232,96
2023-09-06 10:55:00-04:00,53.17,53.18,53.08,53.15,4733.0,53.115,40
2023-09-06 11:00:00-04:00,53.15,53.24,53.14,53.22,7670.0,53.206,60
2023-09-06 11:05:00-04:00,53.21,53.34,53.21,53.31,8474.0,53.286,64
2023-09-06 11:10:00-04:00,53.29,53.37,53.12,53.13,7859.0,53.293,57
2023-09-06 11:15:00-04:00,53.1,53.17,53.08,53.17,8124.0,53.127,63
2023-09-06 11:20:00-04:00,53.15,53.17,53.07,53.09,5282.0,53.113,39
2023-09-06 11:25:00-04:00,53.11,53.11,53.0,53.02,7958.0,53.053,54
2023-09-06 11:30:00-04:00,53.02,53.06,52.99,53.06,6660.0,53.035,45
2023-09-06 11:35:00-04:00,53.06,53.1,53.01,53.02,8062.0,53.057,65
2023-09-06 11:40:00-04:00,53.02,53.09,53.02,53.09,10172.0,53.061,84
2023-09-06 11:45:00-04:00,53.1,53.15,53.09,53.12,6217.0,53.119,50
2023-09-06 11:50:00-04:00,53.12,53.2,53.11,53.2,10070.0,53.148,86
2023-09-06 11:55:00-04:00,53.2,53.2,53.1,53.14,7383.0,53.139,68
2023-09-06 12:00:00-04:00,53.13,53.22,53.11,53.2,6351.0,53.143,56
2023-09-06 12:05:00-04:00,53.2,53.26,53.19,53.2,9158.0,53.221,66
2023-09-06 12:10:00-04:00,53.18,53.2,53.14,53.19,5149.0,53.167,47
2023-09-06 12:15:00-04:00,53.18,53.18,53.05,53.12,5397.0,53.118,42
2023-09-06 12:20:00-04:00,53.15,53.15,53.1,53.11,7488.0,53.118,52
2023-09-06 12:25:00-04:00,53.12,53.16,53.08,53.09,7075.0,53.123,59
2023-09-06 12:30:00-04:00,53.08,53.12,53.06,53.11,5279.0,53.091,44
2023-09-06 12:35:00-04:00,53.12,53.12,53.05,53.12,6525.0,53.084,57
2023-09-06 12:40:00-04:00,53.11,53.11,53.02,53.03,6400.0,53.084,58
2023-09-06 12:45:00-04:00,53.04,53.05,52.98,52.98,2296.0,53.015,19
2023-09-06 12:50:00-04:00,53.0,53.02,52.98,53.01,6375.0,53.002,46
2023-09-06 12:55:00-04:00,53.0,53.01,52.92,52.96,6463.0,52.968,54
2023-09-06 13:00:00-04:00,52.96,52.96,52.86,52.89,16271.0,52.904,119
2023-09-06 13:05:00-04:00,52.88,52.93,52.88,52.9,6735.0,52.906,64
2023-09-06 13:10:00-04:00,52.93,52.93,52.84,52.86,4631.0,52.88,37
2023-09-06 13:15:00-04:00,52.86,53.01,52.86,52.98,7927.0,52.945,63
2023-09-06 13:20:00-04:00,52.98,52.98,52.92,52.96,2214.0,52.946,21
2023-09-06 13:25:00-04:00,52.95,52.97,52.93,52.96,3180.0,52.954,28
2023-09-06 13:30:00-04:00,52.96,53.0,52.95,52.99,5378.0,52.982,48
2023-09-06 13:35:00-04:00,52.98,52.99,52.94,52.95,5427.0,52.966,49
2023-09-06 13:40:00-04:00,52.94,52.99,52.94,52.98,6206.0,52.957,55
2023-09-06 13:45:00-04:00,52.97,53.0,52.95,52.96,5671.0,52.98,46
2023-09-06 13:50:00-04:00,52.96,53.07,52.95,53.03,24521.0,53.015,187
2023-09-06 13:55:00-04:00,53.03,53.11,53.02,53.04,11567.0,53.06,73
2023-09-06 14:00:00-04:00,53.04,53.11,53.04,53.11,4896.0,53.074,43
2023-09-06 14:05:00-04:00,53.08,53.12,53.05,53.06,6129.0,53.092,51
2023-09-06 14:10:00-04:00,53.07,53.07,52.98,53.03,28372.0,52.986,31
2023-09-06 14:15:00-04:00,53.04,53.04,52.9,52.98,5654.0,52.979,51
2023-09-06 14:20:00-04:00,53.0,53.09,52.96,52.97,27567.0,53.034,113
2023-09-06 14:25:00-04:00,52.98,53.0,52.96,52.98,4014.0,52.988,37
2023-09-06 14:30:00-04:00,52.96,52.96,52.92,52.93,2208.0,52.938,21
2023-09-06 14:35:00-04:00,52.95,52.98,52.92,52.92,2638.0,52.943,24
2023-09-06 14:40:00-04:00,52.94,52.95,52.89,52.91,3499.0,52.919,28
2023-09-06 14:45:00-04:00,52.93,52.95,52.89,52.93,5126.0,52.925,32
2023-09-06 14:50:00-04:00,52.95,52.97,52.94,52.95,6493.0,52.951,55
2023-09-06 14:55:00-04:00,52.95,53.01,52.94,52.98,10265.0,52.978,80
2023-09-06 15:00:00-04:00,52.99,52.99,52.96,52.98,6658.0,52.975,46
2023-09-06 15:05:00-04:00,52.98,53.01,52.9,52.91,21746.0,52.988,126
2023-09-06 15:10:00-04:00,52.91,52.94,52.88,52.91,15346.0,52.913,120
2023-09-06 15:15:00-04:00,52.91,52.97,52.89,52.9,15299.0,52.932,125
2023-09-06 15:20:00-04:00,52.9,52.94,52.89,52.94,21244.0,52.916,138
2023-09-06 15:25:00-04:00,52.95,52.97,52.83,52.85,17794.0,52.898,122
2023-09-06 15:30:00-04:00,52.84,52.89,52.83,52.86,13270.0,52.86,106
2023-09-06 15:35:00-04:00,52.86,52.98,52.86,52.98,12858.0,52.93,101
2023-09-06 15:40:00-04:00,52.98,52.98,52.92,52.93,18717.0,52.963,149
2023-09-06 15:45:00-04:00,52.94,52.96,52.87,52.94,25202.0,52.924,189
2023-09-06 15:50:00-04:00,52.95,52.96,52.8,52.84,80273.0,52.863,596
2023-09-06 15:55:00-04:00,52.85,52.96,52.84,52.92,125244.0,52.922,789
2023-09-07 09:30:00-04:00,52.15,52.39,52.1,52.27,30140.0,52.218,109
2023-09-07 09:35:00-04:00,52.3,52.39,52.29,52.39,9879.0,52.362,78
2023-09-07 09:40:00-04:00,52.4,52.5,52.34,52.4,26247.0,52.445,203
2023-09-07 09:45:00-04:00,52.4,52.41,52.28,52.28,5569.0,52.347,48
2023-09-07 09:50:00-04:00,52.28,52.32,52.22,52.27,8194.0,52.284,56
2023-09-07 09:55:00-04:00,52.24,52.24,52.14,52.2,10739.0,52.201,65
2023-09-07 10:00:00-04:00,52.19,52.19,52.08,52.15,6979.0,52.135,63
2023-09-07 10:05:00-04:00,52.14,52.25,52.09,52.17,21912.0,52.146,172
2023-09-07 10:10:00-04:00,52.18,52.19,52.08,52.15,10074.0,52.154,76
2023-09-07 10:15:00-04:00,52.16,52.25,52.15,52.19,8141.0,52.201,70
2023-09-07 10:20:00-04:00,52.19,52.24,52.17,52.18,6512.0,52.208,51
2023-09-07 10:25:00-04:00,52.16,52.16,52.09,52.1,10168.0,52.123,66
2023-09-07 10:30:00-04:00,52.11,52.26,52.11,52.19,30579.0,52.204,203
2023-09-07 10:35:00-04:00,52.19,52.24,52.12,52.2,31678.0,52.186,165
2023-09-07 10:40:00-04:00,52.25,52.36,52.25,52.31,4538.0,52.315,40
2023-09-07 10:45:00-04:00,52.3,52.32,52.24,52.24,3852.0,52.276,24
2023-09-07 10:50:00-04:00,52.23,52.29,52.22,52.24,3259.0,52.245,31
2023-09-07 10:55:00-04:00,52.25,52.36,52.23,52.34,9005.0,52.277,51
2023-09-07 11:00:00-04:00,52.33,52.39,52.31,52.32,3357.0,52.357,26
2023-09-07 11:05:00-04:00,52.32,52.37,52.3,52.36,4400.0,52.335,30
2023-09-07 11:10:00-04:00,52.37,52.38,52.26,52.3,5982.0,52.32,55
2023-09-07 11:15:00-04:00,52.29,52.3,52.25,52.3,2201.0,52.274,20
2023-09-07 11:20:00-04:00,52.31,52.33,52.23,52.26,9237.0,52.267,52
2023-09-07 11:25:00-04:00,52.25,52.35,52.24,52.34,8130.0,52.288,64
2023-09-07 11:30:00-04:00,52.34,52.41,52.34,52.37,5497.0,52.379,37
2023-09-07 11:35:00-04:00,52.37,52.38,52.3,52.3,4412.0,52.354,21
2023-09-07 11:40:00-04:00,52.29,52.31,52.25,52.27,5100.0,52.276,47
2023-09-07 11:45:00-04:00,52.27,52.3,52.25,52.25,3359.0,52.274,31
2023-09-07 11:50:00-04:00,52.25,52.33,52.24,52.33,4848.0,52.282,44
2023-09-07 11:55:00-04:00,52.31,52.37,52.29,52.37,4497.0,52.321,34
2023-09-07 12:00:00-04:00,52.35,52.39,52.24,52.26,11925.0,52.307,94
2023-09-07 12:05:00-04:00,52.27,52.32,52.24,52.28,2940.0,52.28,27
2023-09-07 12:10:00-04:00,52.28,52.31,52.26,52.3,2706.0,52.291,23
2023-09-07 12:15:00-04:00,52.28,52.28,52.24,52.25,2229.0,52.268,19
2023-09-07 12:20:00-04:00,52.24,52.28,52.19,52.28,5181.0,52.229,44
2023-09-07 12:25:00-04:00,52.29,52.3,52.19,52.23,6182.0,52.244,51
2023-09-07 12:30:00-04:00,52.23,52.25,52.22,52.24,3912.0,52.233,29
2023-09-07 12:35:00-04:00,52.25,52.29,52.23,52.26,4967.0,52.253,37
2023-09-07 12:40:00-04:00,52.25,52.25,52.18,52.18,3936.0,52.211,35
2023-09-07 12:45:00-04:00,52.18,52.22,52.18,52.19,4295.0,52.2,36
2023-09-07 12:50:00-04:00,52.18,52.18,52.04,52.07,37183.0,52.14,96
2023-09-07 12:55:00-04:00,52.08,52.09,52.03,52.04,2402.0,52.052,23
2023-09-07 13:00:00-04:00,52.04,52.07,52.0,52.0,9445.0,52.03,68
2023-09-07 13:05:00-04:00,52.0,52.03,51.93,51.98,7151.0,51.986,51
2023-09-07 13:10:00-04:00,52.02,52.02,52.0,52.01,3336.0,52.01,25
2023-09-07 13:15:00-04:00,52.0,52.05,52.0,52.05,5409.0,52.03,43
2023-09-07 13:20:00-04:00,52.04,52.04,51.99,52.01,6840.0,52.007,42
2023-09-07 13:25:00-04:00,52.02,52.06,52.02,52.05,3139.0,52.03,26
2023-09-07 13:30:00-04:00,52.06,52.06,52.01,52.01,3150.0,52.037,27
2023-09-07 13:35:00-04:00,52.0,52.01,51.98,52.0,4579.0,51.998,30
2023-09-07 13:40:00-04:00,52.0,52.05,51.98,52.02,8063.0,52.006,62
2023-09-07 13:45:00-04:00,52.01,52.03,52.0,52.03,5172.0,52.013,42
2023-09-07 13:50:00-04:00,52.04,52.04,51.98,51.98,2516.0,52.009,23
2023-09-07 13:55:00-04:00,51.98,51.98,51.81,51.81,26749.0,51.905,121
2023-09-07 14:00:00-04:00,51.8,51.84,51.79,51.8,6768.0,51.808,50
2023-09-07 14:05:00-04:00,51.8,51.83,51.78,51.8,7723.0,51.8,71
2023-09-07 14:10:00-04:00,51.79,51.89,51.69,51.88,32154.0,51.774,249
2023-09-07 14:15:00-04:00,51.88,51.9,51.84,51.84,5191.0,51.875,44
2023-09-07 14:20:00-04:00,51.84,51.9,51.79,51.79,6959.0,51.837,55
2023-09-07 14:25:00-04:00,51.77,51.78,51.69,51.69,3807.0,51.72,26
2023-09-07 14:30:00-04:00,51.72,51.75,51.62,51.65,9457.0,51.696,49
2023-09-07 14:35:00-04:00,51.65,51.65,51.54,51.57,6000.0,51.584,55
2023-09-07 14:40:00-04:00,51.57,51.59,51.54,51.59,9010.0,51.564,76
2023-09-07 14:45:00-04:00,51.61,51.66,51.6,51.62,7718.0,51.637,60
2023-09-07 14:50:00-04:00,51.61,51.64,51.54,51.6,15050.0,51.573,113
2023-09-07 14:55:00-04:00,51.61,51.62,51.58,51.61,5632.0,51.602,46
2023-09-07 15:00:00-04:00,51.59,51.62,51.56,51.58,8088.0,51.592,68
2023-09-07 15:05:00-04:00,51.57,51.57,51.44,51.48,12977.0,51.523,99
2023-09-07 15:10:00-04:00,51.47,51.5,51.39,51.4,18548.0,51.446,156
2023-09-07 15:15:00-04:00,51.4,51.44,51.36,51.41,11480.0,51.403,99
2023-09-07 15:20:00-04:00,51.41,51.42,51.37,51.38,14061.0,51.4,118
2023-09-07 15:25:00-04:00,51.37,51.37,51.25,51.25,17416.0,51.3,139
2023-09-07 15:30:00-04:00,51.22,51.37,51.21,51.32,23623.0,51.287,190
2023-09-07 15:35:00-04:00,51.31,51.36,51.25,51.33,27277.0,51.294,191
2023-09-07 15:40:00-04:00,51.33,51.33,51.27,51.3,29064.0,51.301,188
2023-09-07 15:45:00-04:00,51.31,51.35,51.28,51.29,42256.0,51.311,306
2023-09-07 15:50:00-04:00,51.29,51.33,51.19,51.25,82896.0,51.245,573
2023-09-07 15:55:00-04:00,51.25,51.35,51.25,51.28,155372.0,51.298,888
2023-09-08 09:30:00-04:00,51.26,51.26,51.08,51.2,13316.0,51.224,27
2023-09-08 09:35:00-04:00,51.24,51.24,50.95,51.01,6635.0,51.057,52
2023-09-08 09:40:00-04:00,50.99,51.11,50.97,51.04,3942.0,51.04,32
2023-09-08 09:45:00-04:00,51.01,51.02,50.94,50.97,9916.0,50.967,65
2023-09-08 09:50:00-04:00,50.96,50.97,50.81,50.88,20262.0,50.929,123
2023-09-08 09:55:00-04:00,50.89,50.97,50.89,50.97,5850.0,50.938,49
2023-09-08 10:00:00-04:00,50.98,51.02,50.91,51.02,4876.0,50.969,44
2023-09-08 10:05:00-04:00,51.01,51.08,51.01,51.04,3771.0,51.044,33
2023-09-08 10:10:00-04:00,51.02,51.09,51.02,51.09,4802.0,51.046,41
2023-09-08 10:15:00-04:00,51.11,51.21,51.09,51.21,5403.0,51.146,45
2023-09-08 10:20:00-04:00,51.22,51.26,51.18,51.23,5794.0,51.22,51
2023-09-08 10:25:00-04:00,51.23,51.28,51.19,51.25,5467.0,51.228,44
2023-09-08 10:30:00-04:00,51.24,51.24,51.19,51.23,9045.0,51.215,74
2023-09-08 10:35:00-04:00,51.23,51.34,51.22,51.34,5401.0,51.294,51
2023-09-08 10:40:00-04:00,51.33,51.35,51.26,51.3,8155.0,51.313,75
2023-09-08 10:45:00-04:00,51.3,51.4,51.28,51.37,6584.0,51.34,60
2023-09-08 10:50:00-04:00,51.4,51.44,51.34,51.37,9249.0,51.395,78
2023-09-08 10:55:00-04:00,51.35,51.4,51.35,51.38,2948.0,51.373,26
2023-09-08 10:55:00-04:00,51.35,51.42,51.35,51.39,9644.0,51.383,89
2023-09-08 11:00:00-04:00,51.39,51.45,51.33,51.44,10256.0,51.404,90
2023-09-08 11:05:00-04:00,51.45,51.46,51.4,51.4,8138.0,51.439,72
2023-09-08 11:10:00-04:00,51.39,51.47,51.39,51.46,7339.0,51.438,54
2023-09-08 11:15:00-04:00,51.45,51.5,51.44,51.48,6487.0,51.463,58
2023-09-08 11:20:00-04:00,51.48,51.55,51.48,51.48,4997.0,51.508,44
2023-09-08 11:25:00-04:00,51.47,51.47,51.33,51.34,4359.0,51.421,39
2023-09-08 11:30:00-04:00,51.34,51.39,51.26,51.33,9545.0,51.338,68
2023-09-08 11:35:00-04:00,51.31,51.4,51.26,51.4,6046.0,51.32,54
2023-09-08 11:40:00-04:00,51.4,51.41,51.28,51.3,6096.0,51.331,54
2023-09-08 11:45:00-04:00,51.3,51.37,51.26,51.3,11906.0,51.304,99
2023-09-08 11:50:00-04:00,51.3,51.31,51.22,51.27,10631.0,51.265,92
2023-09-08 11:55:00-04:00,51.27,51.34,51.23,51.32,8484.0,51.279,76
2023-09-08 12:00:00-04:00,51.33,51.38,51.22,51.22,11102.0,51.303,101
2023-09-08 12:05:00-04:00,51.22,51.3,51.22,51.26,5209.0,51.256,49
2023-09-08 12:10:00-04:00,51.27,51.35,51.26,51.33,6233.0,51.315,50
2023-09-08 12:15:00-04:00,51.33,51.4,51.33,51.4,6018.0,51.372,52
2023-09-08 12:20:00-04:00,51.39,51.39,51.35,51.38,5273.0,51.373,51
2023-09-08 12:25:00-04:00,51.38,51.39,51.33,51.35,5767.0,51.361,52
2023-09-08 12:30:00-04:00,51.37,51.37,51.29,51.36,12968.0,51.341,74
2023-09-08 12:35:00-04:00,51.35,51.4,51.28,51.38,12997.0,51.353,121
2023-09-08 12:40:00-04:00,51.37,51.44,51.37,51.4,5572.0,51.406,51
2023-09-08 12:45:00-04:00,51.4,51.4,51.31,51.33,6404.0,51.346,59
2023-09-08 12:50:00-04:00,51.31,51.31,51.25,51.27,4404.0,51.273,40
2023-09-08 12:55:00-04:00,51.27,51.27,51.23,51.26,6064.0,51.255,53
2023-09-08 13:00:00-04:00,51.26,51.27,51.22,51.23,8690.0,51.248,79
2023-09-08 13:05:00-04:00,51.21,51.32,51.2,51.32,9185.0,51.247,80
2023-09-08 13:10:00-04:00,51.32,51.36,51.27,51.35,11052.0,51.313,98
2023-09-08 13:15:00-04:00,51.33,51.42,51.3,51.38,4680.0,51.364,43
2023-09-08 13:20:00-04:00,51.39,51.39,51.23,51.25,5105.0,51.302,46
2023-09-08 13:25:00-04:00,51.23,51.24,51.18,51.22,5877.0,51.205,57
2023-09-08 13:30:00-04:00,51.2,51.22,51.12,51.21,15154.0,51.192,123
2023-09-08 13:35:00-04:00,51.21,51.22,51.14,51.21,10587.0,51.193,93
2023-09-08 13:40:00-04:00,51.2,51.21,51.14,51.15,5578.0,51.165,50
2023-09-08 13:45:00-04:00,51.15,51.17,51.08,51.16,6613.0,51.13,57
2023-09-08 13:50:00-04:00,51.18,51.22,51.17,51.21,7147.0,51.194,60
2023-09-08 13:55:00-04:00,51.2,51.24,51.19,51.23,6406.0,51.211,49
2023-09-08 14:00:00-04:00,51.24,51.29,51.23,51.26,10047.0,51.253,73
2023-09-08 14:05:00-04:00,51.25,51.35,51.25,51.34,8536.0,51.297,69
2023-09-08 14:10:00-04:00,51.33,51.47,51.32,51.45,14196.0,51.373,107
2023-09-08 14:15:00-04:00,51.45,51.59,51.44,51.59,27230.0,51.476,126
2023-09-08 14:20:00-04:00,51.58,51.63,51.54,51.59,10111.0,51.591,71
2023-09-08 14:25:00-04:00,51.59,51.66,51.59,51.65,9286.0,51.628,73
2023-09-08 14:30:00-04:00,51.65,51.66,51.59,51.62,12932.0,51.61,63
2023-09-08 14:35:00-04:00,51.62,51.65,51.38,51.4,20922.0,51.552,100
2023-09-08 14:40:00-04:00,51.38,51.41,51.34,51.37,6771.0,51.377,59
2023-09-08 14:45:00-04:00,51.36,51.53,51.33,51.52,12445.0,51.436,90
2023-09-08 14:50:00-04:00,51.53,51.57,51.47,51.55,18468.0,51.534,123
2023-09-08 14:55:00-04:00,51.53,51.56,51.51,51.51,15591.0,51.533,108
2023-09-08 15:00:00-04:00,51.5,51.51,51.44,51.49,9339.0,51.486,72
2023-09-08 15:05:00-04:00,51.5,51.58,51.49,51.58,9139.0,51.548,74
2023-09-08 15:10:00-04:00,51.58,51.69,51.56,51.69,24692.0,51.601,179
2023-09-08 15:15:00-04:00,51.69,51.84,51.68,51.84,10419.0,51.746,91
2023-09-08 15:20:00-04:00,51.85,51.87,51.81,51.85,10431.0,51.838,96
2023-09-08 15:25:00-04:00,51.85,51.85,51.8,51.83,13069.0,51.825,100
2023-09-08 15:30:00-04:00,51.83,51.97,51.82,51.97,34150.0,51.889,245
2023-09-08 15:35:00-04:00,51.97,51.98,51.89,51.98,13534.0,51.943,113
2023-09-08 15:40:00-04:00,51.98,52.03,51.94,52.03,27165.0,51.976,205
2023-09-08 15:45:00-04:00,52.04,52.11,52.02,52.11,53234.0,52.059,388
2023-09-08 15:50:00-04:00,52.09,52.15,52.05,52.14,98711.0,52.106,621
2023-09-08 15:55:00-04:00,52.14,52.19,52.01,52.1,198541.0,52.085,934
2023-09-11 09:30:00-04:00,52.5,52.61,52.5,52.51,8114.0,52.562,6
2023-09-11 09:35:00-04:00,52.49,52.72,52.45,52.72,2966.0,52.568,22
2023-09-11 09:40:00-04:00,52.76,52.78,52.47,52.47,2159.0,52.634,20
2023-09-11 09:45:00-04:00,52.47,52.6,52.46,52.53,3479.0,52.534,25
2023-09-11 09:50:00-04:00,52.55,52.55,52.44,52.5,5302.0,52.514,42
2023-09-11 09:55:00-04:00,52.51,52.55,52.36,52.37,3170.0,52.488,24
2023-09-11 10:00:00-04:00,52.36,52.36,52.09,52.1,14158.0,52.242,77
2023-09-11 10:05:00-04:00,52.1,52.2,52.08,52.2,6618.0,52.132,56
2023-09-11 10:10:00-04:00,52.18,52.33,52.18,52.3,7727.0,52.26,55
2023-09-11 10:15:00-04:00,52.3,52.39,52.3,52.39,2389.0,52.349,18
2023-09-11 10:20:00-04:00,52.39,52.43,52.31,52.37,10197.0,52.347,63
2023-09-11 10:25:00-04:00,52.36,52.42,52.35,52.36,2823.0,52.391,24
2023-09-11 10:30:00-04:00,52.33,52.36,52.32,52.36,3429.0,52.338,26
2023-09-11 10:35:00-04:00,52.34,52.35,52.27,52.3,5404.0,52.31,43
2023-09-11 10:40:00-04:00,52.3,52.38,52.3,52.34,9979.0,52.334,83
2023-09-11 10:45:00-04:00,52.31,52.36,52.3,52.34,4895.0,52.338,39
2023-09-11 10:50:00-04:00,52.34,52.35,52.33,52.34,1775.0,52.345,16
2023-09-11 10:55:00-04:00,52.33,52.37,52.31,52.33,7026.0,52.343,61
2023-09-11 11:00:00-04:00,52.33,52.35,52.28,52.29,8986.0,52.325,74
2023-09-11 11:05:00-04:00,52.3,52.3,52.22,52.24,3881.0,52.256,34
2023-09-11 11:10:00-04:00,52.24,52.24,52.2,52.24,3545.0,52.227,29
2023-09-11 11:15:00-04:00,52.24,52.26,52.21,52.21,2687.0,52.238,26
2023-09-11 11:20:00-04:00,52.22,52.23,52.13,52.16,5852.0,52.184,41
2023-09-11 11:25:00-04:00,52.17,52.26,52.17,52.24,21651.0,52.229,101
2023-09-11 11:30:00-04:00,52.23,52.23,52.02,52.03,6731.0,52.119,41
2023-09-11 11:35:00-04:00,52.04,52.09,52.01,52.02,4335.0,52.052,39
2023-09-11 11:40:00-04:00,52.03,52.07,52.03,52.04,4877.0,52.047,37
2023-09-11 11:45:00-04:00,52.04,52.14,52.04,52.13,5163.0,52.097,47
2023-09-11 11:50:00-04:00,52.14,52.18,52.13,52.17,4160.0,52.162,34
2023-09-11 11:55:00-04:00,52.17,52.17,52.14,52.15,4348.0,52.157,37
2023-09-11 12:00:00-04:00,52.17,52.18,52.1,52.12,8116.0,52.146,43
2023-09-11 12:05:00-04:00,52.12,52.23,52.11,52.21,8906.0,52.183,59
2023-09-11 12:10:00-04:00,52.2,52.25,52.2,52.23,2096.0,52.227,20
2023-09-11 12:15:00-04:00,52.23,52.27,52.22,52.23,4330.0,52.251,40
2023-09-11 12:20:00-04:00,52.23,52.33,52.23,52.26,11224.0,52.29,52
2023-09-11 12:25:00-04:00,52.25,52.25,52.2,52.23,4286.0,52.221,36
2023-09-11 12:30:00-04:00,52.22,52.28,52.2,52.25,2736.0,52.246,21
2023-09-11 12:35:00-04:00,52.25,52.28,52.22,52.26,2731.0,52.242,16
2023-09-11 12:40:00-04:00,52.28,52.3,52.27,52.28,2745.0,52.287,23
2023-09-11 12:45:00-04:00,52.29,52.29,52.27,52.27,1952.0,52.281,18
2023-09-11 12:50:00-04:00,52.28,52.28,52.25,52.26,1529.0,52.27,15
2023-09-11 12:55:00-04:00,52.25,52.29,52.24,52.28,3207.0,52.266,28
2023-09-11 13:00:00-04:00,52.28,52.28,52.2,52.23,1972.0,52.244,18
2023-09-11 13:05:00-04:00,52.23,52.27,52.23,52.26,3039.0,52.248,26
2023-09-11 13:10:00-04:00,52.26,52.27,52.25,52.25,2906.0,52.26,21
2023-09-11 13:15:00-04:00,52.24,52.25,52.22,52.22,2354.0,52.232,21
2023-09-11 13:20:00-04:00,52.24,52.29,52.16,52.16,7525.0,52.24,58
2023-09-11 13:25:00-04:00,52.18,52.23,52.16,52.23,4258.0,52.191,37
2023-09-11 13:30:00-04:00,52.23,52.24,52.21,52.23,5774.0,52.226,37
2023-09-11 13:35:00-04:00,52.22,52.24,52.19,52.23,2536.0,52.213,21
2023-09-11 13:40:00-04:00,52.25,52.25,52.19,52.22,3626.0,52.216,30
2023-09-11 13:45:00-04:00,52.22,52.22,52.13,52.13,4660.0,52.196,39
2023-09-11 13:50:00-04:00,52.13,52.13,52.06,52.06,3951.0,52.089,26
2023-09-11 13:55:00-04:00,52.07,52.09,52.04,52.09,4375.0,52.058,28
2023-09-11 14:00:00-04:00,52.08,52.08,52.03,52.05,3505.0,52.055,30
2023-09-11 14:05:00-04:00,52.05,52.15,52.05,52.15,6205.0,52.09,50
2023-09-11 14:10:00-04:00,52.15,52.16,52.12,52.13,4851.0,52.138,41
2023-09-11 14:15:00-04:00,52.13,52.19,52.12,52.19,5707.0,52.16,44
2023-09-11 14:20:00-04:00,52.18,52.22,52.17,52.22,17438.0,52.188,80
2023-09-11 14:25:00-04:00,52.22,52.24,52.2,52.23,4999.0,52.217,42
2023-09-11 14:30:00-04:00,52.24,52.28,52.24,52.24,14421.0,52.259,70
2023-09-11 14:35:00-04:00,52.24,52.27,52.19,52.2,5305.0,52.235,35
2023-09-11 14:40:00-04:00,52.19,52.2,52.13,52.13,6255.0,52.166,37
2023-09-11 14:45:00-04:00,52.14,52.16,52.11,52.12,4323.0,52.138,40
2023-09-11 14:50:00-04:00,52.13,52.28,52.12,52.26,12755.0,52.195,94
2023-09-11 14:55:00-04:00,52.26,52.28,52.25,52.27,8253.0,52.268,68
2023-09-11 15:00:00-04:00,52.28,52.34,52.28,52.32,5204.0,52.311,35
2023-09-11 15:05:00-04:00,52.32,52.41,52.29,52.36,17953.0,52.344,79
2023-09-11 15:10:00-04:00,52.35,52.35,52.23,52.23,7251.0,52.28,50
2023-09-11 15:15:00-04:00,52.2,52.23,52.18,52.23,6507.0,52.208,51
2023-09-11 15:20:00-04:00,52.22,52.23,52.12,52.15,16210.0,52.169,94
2023-09-11 15:25:00-04:00,52.15,52.18,52.14,52.17,10484.0,52.156,80
2023-09-11 15:30:00-04:00,52.17,52.23,52.17,52.22,15363.0,52.202,107
2023-09-11 15:35:00-04:00,52.21,52.22,52.1,52.12,18204.0,52.182,138
2023-09-11 15:40:00-04:00,52.12,52.18,52.1,52.15,17572.0,52.139,116
2023-09-11 15:45:00-04:00,52.15,52.17,52.13,52.15,22890.0,52.154,186
2023-09-11 15:50:00-04:00,52.14,52.15,52.07,52.08,35157.0,52.109,252
2023-09-11 15:55:00-04:00,52.07,52.08,52.0,52.03,110606.0,52.024,703
2023-09-12 09:30:00-04:00,52.0,52.04,51.85,52.04,10367.0,51.995,13
2023-09-12 09:35:00-04:00,52.05,52.11,52.05,52.1,3006.0,52.077,13
2023-09-12 09:40:00-04:00,52.02,52.02,51.79,51.85,3965.0,51.931,25
2023-09-12 09:45:00-04:00,51.95,51.96,51.82,51.87,2253.0,51.891,18
2023-09-12 09:50:00-04:00,51.9,51.98,51.88,51.96,3909.0,51.934,27
2023-09-12 09:55:00-04:00,51.95,52.09,51.95,52.09,5719.0,52.024,27
2023-09-12 10:00:00-04:00,52.11,52.17,52.06,52.11,10705.0,52.145,40
2023-09-12 10:05:00-04:00,52.12,52.12,52.01,52.11,4031.0,52.092,28
2023-09-12 10:10:00-04:00,52.08,52.13,52.07,52.1,5167.0,52.09,33
2023-09-12 10:15:00-04:00,52.11,52.14,52.09,52.14,4585.0,52.101,43
2023-09-12 10:20:00-04:00,52.13,52.13,52.05,52.08,18753.0,52.081,83
2023-09-12 10:25:00-04:00,52.1,52.15,52.09,52.15,4538.0,52.107,39
2023-09-12 10:30:00-04:00,52.13,52.14,52.1,52.1,8863.0,52.126,36
2023-09-12 10:35:00-04:00,52.1,52.11,51.89,51.91,20278.0,52.046,162
2023-09-12 10:40:00-04:00,51.9,52.0,51.87,51.93,11896.0,51.928,95
2023-09-12 10:45:00-04:00,51.94,51.95,51.69,51.7,13496.0,51.844,106
2023-09-12 10:50:00-04:00,51.68,51.72,51.64,51.69,5184.0,51.673,45
2023-09-12 10:55:00-04:00,51.71,51.74,51.63,51.68,4516.0,51.679,37
2023-09-12 11:00:00-04:00,51.68,51.72,51.66,51.7,4705.0,51.7,33
2023-09-12 11:05:00-04:00,51.71,51.78,51.68,51.76,5161.0,51.715,45
2023-09-12 11:10:00-04:00,51.75,51.79,51.73,51.77,3361.0,51.76,25
2023-09-12 11:15:00-04:00,51.79,51.8,51.76,51.77,3508.0,51.771,25
2023-09-12 11:20:00-04:00,51.78,51.8,51.74,51.75,4059.0,51.767,33
2023-09-12 11:25:00-04:00,51.77,51.77,51.69,51.72,3935.0,51.72,24
2023-09-12 11:30:00-04:00,51.71,51.73,51.69,51.73,5670.0,51.701,49
2023-09-12 11:35:00-04:00,51.71,51.72,51.63,51.64,9156.0,51.694,69
2023-09-12 11:40:00-04:00,51.63,51.66,51.6,51.61,7941.0,51.628,60
2023-09-12 11:45:00-04:00,51.62,51.73,51.61,51.73,2800.0,51.676,17
2023-09-12 11:50:00-04:00,51.73,51.78,51.71,51.73,4747.0,51.741,21
2023-09-12 11:55:00-04:00,51.74,51.78,51.74,51.74,1400.0,51.761,12
2023-09-12 12:00:00-04:00,51.76,51.77,51.73,51.74,1811.0,51.748,16
2023-09-12 12:05:00-04:00,51.73,51.79,51.72,51.77,1944.0,51.751,16
2023-09-12 12:10:00-04:00,51.77,51.82,51.77,51.8,3404.0,51.806,22
2023-09-12 12:15:00-04:00,51.79,51.83,51.79,51.83,3919.0,51.807,32
2023-09-12 12:20:00-04:00,51.81,51.83,51.79,51.81,7574.0,51.801,66
2023-09-12 12:25:00-04:00,51.8,51.8,51.71,51.73,12704.0,51.749,85
2023-09-12 12:30:00-04:00,51.74,51.79,51.74,51.78,2736.0,51.757,27
2023-09-12 12:35:00-04:00,51.78,51.79,51.72,51.73,2466.0,51.757,22
2023-09-12 12:40:00-04:00,51.74,51.8,51.74,51.76,5667.0,51.781,28
2023-09-12 12:45:00-04:00,51.77,51.8,51.76,51.78,3075.0,51.774,23
2023-09-12 12:50:00-04:00,51.76,51.78,51.68,51.69,8555.0,51.75,68
2023-09-12 12:55:00-04:00,51.68,51.69,51.62,51.69,6490.0,51.645,51
2023-09-12 13:00:00-04:00,51.67,51.73,51.65,51.73,2651.0,51.673,18
2023-09-12 13:05:00-04:00,51.75,51.79,51.74,51.79,2043.0,51.755,16
2023-09-12 13:10:00-04:00,51.8,51.81,51.77,51.8,1119.0,51.789,10
2023-09-12 13:15:00-04:00,51.8,51.84,51.77,51.81,4304.0,51.8,30
2023-09-12 13:20:00-04:00,51.83,51.85,51.82,51.85,4820.0,51.837,32
2023-09-12 13:25:00-04:00,51.86,51.88,51.85,51.87,8760.0,51.859,65
2023-09-12 13:30:00-04:00,51.87,51.93,51.87,51.88,5777.0,51.901,38
2023-09-12 13:35:00-04:00,51.88,51.89,51.86,51.88,1582.0,51.874,14
2023-09-12 13:40:00-04:00,51.9,51.93,51.86,51.89,6646.0,51.906,42
2023-09-12 13:45:00-04:00,51.9,51.92,51.87,51.92,5126.0,51.892,29
2023-09-12 13:50:00-04:00,51.9,51.91,51.88,51.89,2157.0,51.895,20
2023-09-12 13:55:00-04:00,51.88,51.89,51.87,51.89,1941.0,51.881,17
2023-09-12 14:00:00-04:00,51.89,51.92,51.89,51.91,3712.0,51.907,26
2023-09-12 14:05:00-04:00,51.91,51.91,51.85,51.86,4809.0,51.894,28
2023-09-12 14:10:00-04:00,51.86,51.87,51.82,51.87,3908.0,51.85,34
2023-09-12 14:15:00-04:00,51.87,51.92,51.86,51.89,5327.0,51.896,44
2023-09-12 14:20:00-04:00,51.88,51.9,51.86,51.87,2710.0,51.885,18
2023-09-12 14:25:00-04:00,51.87,51.89,51.78,51.81,14343.0,51.851,83
2023-09-12 14:30:00-04:00,51.8,51.88,51.78,51.87,8526.0,51.814,41
2023-09-12 14:35:00-04:00,51.86,51.87,51.83,51.87,2997.0,51.852,27
2023-09-12 14:40:00-04:00,51.87,51.87,51.79,51.79,5109.0,51.823,38
2023-09-12 14:45:00-04:00,51.78,51.81,51.75,51.76,2961.0,51.785,29
2023-09-12 14:50:00-04:00,51.75,51.76,51.67,51.71,5838.0,51.713,33
2023-09-12 14:55:00-04:00,51.7,51.71,51.65,51.67,2478.0,51.679,23
2023-09-12 15:00:00-04:00,51.68,51.68,51.62,51.65,2729.0,51.643,26
2023-09-12 15:05:00-04:00,51.65,51.7,51.63,51.7,5219.0,51.662,42
2023-09-12 15:10:00-04:00,51.7,51.71,51.68,51.71,3434.0,51.698,33
2023-09-12 15:15:00-04:00,51.71,51.75,51.7,51.73,7791.0,51.725,49
2023-09-12 15:20:00-04:00,51.73,51.74,51.69,51.69,5118.0,51.713,42
2023-09-12 15:25:00-04:00,51.68,51.76,51.68,51.75,6302.0,51.715,49
2023-09-12 15:30:00-04:00,51.76,51.8,51.74,51.76,7292.0,51.769,57
2023-09-12 15:35:00-04:00,51.76,51.78,51.75,51.77,5561.0,51.766,43
2023-09-12 15:40:00-04:00,51.78,51.79,51.72,51.73,14065.0,51.753,106
2023-09-12 15:45:00-04:00,51.72,51.73,51.68,51.68,20172.0,51.703,157
2023-09-12 15:50:00-04:00,51.68,51.86,51.68,51.86,34371.0,51.783,221
2023-09-12 15:55:00-04:00,51.85,51.88,51.81,51.88,98147.0,51.844,521
2023-09-13 09:30:00-04:00,51.26,51.41,51.18,51.29,27854.0,51.275,51
2023-09-13 09:35:00-04:00,51.26,51.33,51.09,51.33,7030.0,51.193,54
2023-09-13 09:40:00-04:00,51.35,51.46,51.29,51.32,12527.0,51.382,72
2023-09-13 09:45:00-04:00,51.38,51.38,51.28,51.3,6286.0,51.309,41
2023-09-13 09:50:00-04:00,51.31,51.46,51.31,51.46,7832.0,51.379,69
2023-09-13 09:55:00-04:00,51.47,51.61,51.47,51.55,7669.0,51.58,56
2023-09-13 10:00:00-04:00,51.55,51.59,51.39,51.39,8762.0,51.524,67
2023-09-13 10:05:00-04:00,51.36,51.39,51.33,51.36,9807.0,51.36,43
2023-09-13 10:10:00-04:00,51.37,51.44,51.34,51.36,4799.0,51.401,44
2023-09-13 10:15:00-04:00,51.37,51.37,51.05,51.11,9759.0,51.177,80
2023-09-13 10:20:00-04:00,51.1,51.16,51.03,51.12,7976.0,51.087,59
2023-09-13 10:25:00-04:00,51.13,51.13,51.02,51.11,7533.0,51.071,65
2023-09-13 10:30:00-04:00,51.1,51.19,51.08,51.13,6766.0,51.141,57
2023-09-13 10:35:00-04:00,51.15,51.25,51.14,51.23,4595.0,51.21,35
2023-09-13 10:40:00-04:00,51.23,51.28,51.23,51.25,4280.0,51.257,35
2023-09-13 10:45:00-04:00,51.26,51.28,51.23,51.24,5503.0,51.261,48
2023-09-13 10:50:00-04:00,51.25,51.34,51.24,51.32,7490.0,51.297,68
2023-09-13 10:55:00-04:00,51.31,51.38,51.31,51.34,4768.0,51.347,43
2023-09-13 11:00:00-04:00,51.33,51.38,51.21,51.26,7312.0,51.274,53
2023-09-13 11:05:00-04:00,51.28,51.35,51.27,51.27,3621.0,51.308,32
2023-09-13 11:10:00-04:00,51.28,51.34,51.28,51.32,5989.0,51.304,49
2023-09-13 11:15:00-04:00,51.32,51.44,51.32,51.43,5980.0,51.381,40
2023-09-13 11:20:00-04:00,51.43,51.43,51.36,51.38,5954.0,51.387,42
2023-09-13 11:25:00-04:00,51.37,51.37,51.12,51.15,20816.0,51.246,159
2023-09-13 11:30:00-04:00,51.14,51.15,51.05,51.1,8787.0,51.115,69
2023-09-13 11:35:00-04:00,51.09,51.14,51.06,51.12,16642.0,51.094,125
2023-09-13 11:40:00-04:00,51.11,51.19,51.1,51.15,6796.0,51.149,47
2023-09-13 11:45:00-04:00,51.16,51.22,51.15,51.15,5947.0,51.187,52
2023-09-13 11:50:00-04:00,51.14,51.15,51.08,51.1,3638.0,51.111,32
2023-09-13 11:55:00-04:00,51.08,51.14,51.03,51.11,5432.0,51.078,45
2023-09-13 12:00:00-04:00,51.1,51.1,51.03,51.04,4555.0,51.062,39
2023-09-13 12:05:00-04:00,51.04,51.07,51.01,51.01,6386.0,51.034,50
2023-09-13 12:10:00-04:00,51.01,51.04,51.0,51.03,5617.0,51.016,53
2023-09-13 12:15:00-04:00,51.01,51.13,51.01,51.11,6645.0,51.08,46
2023-09-13 12:20:00-04:00,51.11,51.11,51.02,51.02,5301.0,51.059,47
2023-09-13 12:25:00-04:00,51.03,51.05,51.01,51.04,5458.0,51.034,44
2023-09-13 12:30:00-04:00,51.04,51.06,51.0,51.04,8084.0,51.034,66
2023-09-13 12:35:00-04:00,51.05,51.06,51.0,51.03,14075.0,51.017,108
2023-09-13 12:40:00-04:00,51.02,51.05,50.97,51.04,10338.0,51.008,78
2023-09-13 12:45:00-04:00,51.03,51.07,51.02,51.04,5933.0,51.041,49
2023-09-13 12:50:00-04:00,51.04,51.04,51.0,51.01,3079.0,51.02,27
2023-09-13 12:55:00-04:00,51.0,51.01,50.88,51.0,14150.0,50.932,105
2023-09-13 13:00:00-04:00,50.97,50.97,50.88,50.88,3052.0,50.934,26
2023-09-13 13:05:00-04:00,50.89,50.89,50.87,50.87,3645.0,50.879,28
2023-09-13 13:10:00-04:00,50.86,50.89,50.85,50.85,4297.0,50.868,38
2023-09-13 13:15:00-04:00,50.85,50.88,50.82,50.85,8539.0,50.856,63
2023-09-13 13:20:00-04:00,50.84,50.88,50.84,50.87,2467.0,50.862,22
2023-09-13 13:25:00-04:00,50.88,50.88,50.83,50.84,3916.0,50.848,31
2023-09-13 13:30:00-04:00,50.84,51.0,50.84,51.0,8511.0,50.919,61
2023-09-13 13:35:00-04:00,51.01,51.18,51.0,51.07,24703.0,51.096,164
2023-09-13 13:40:00-04:00,51.05,51.08,50.95,50.97,7109.0,51.002,57
2023-09-13 13:45:00-04:00,50.97,50.98,50.88,50.89,4837.0,50.925,39
2023-09-13 13:50:00-04:00,50.9,50.91,50.85,50.85,3514.0,50.89,31
2023-09-13 13:55:00-04:00,50.86,50.89,50.86,50.86,7811.0,50.872,55
2023-09-13 14:00:00-04:00,50.85,50.86,50.81,50.82,6020.0,50.845,46
2023-09-13 14:05:00-04:00,50.81,50.82,50.78,50.79,9874.0,50.798,71
2023-09-13 14:10:00-04:00,50.79,50.81,50.78,50.79,5391.0,50.798,46
2023-09-13 14:15:00-04:00,50.79,50.86,50.78,50.86,6403.0,50.814,56
2023-09-13 14:20:00-04:00,50.86,50.86,50.81,50.82,6128.0,50.832,55
2023-09-13 14:25:00-04:00,50.82,50.82,50.78,50.8,3847.0,50.798,35
2023-09-13 14:30:00-04:00,50.8,50.82,50.79,50.8,5557.0,50.804,41
2023-09-13 14:35:00-04:00,50.8,50.83,50.79,50.8,5595.0,50.802,49
2023-09-13 14:40:00-04:00,50.79,50.79,50.75,50.77,7571.0,50.773,63
2023-09-13 14:45:00-04:00,50.78,50.8,50.75,50.79,13696.0,50.763,103
2023-09-13 14:50:00-04:00,50.79,50.8,50.75,50.76,5253.0,50.78,47
2023-09-13 14:55:00-04:00,50.76,50.82,50.75,50.82,8067.0,50.779,69
2023-09-13 15:00:00-04:00,50.82,50.82,50.75,50.76,9730.0,50.785,70
2023-09-13 15:05:00-04:00,50.75,50.78,50.75,50.78,8049.0,50.761,57
2023-09-13 15:10:00-04:00,50.78,50.79,50.75,50.75,6607.0,50.774,57
2023-09-13 15:15:00-04:00,50.76,50.82,50.75,50.8,9604.0,50.788,89
2023-09-13 15:20:00-04:00,50.8,50.8,50.77,50.79,8243.0,50.788,74
2023-09-13 15:25:00-04:00,50.79,50.8,50.75,50.76,10445.0,50.774,90
2023-09-13 15:30:00-04:00,50.76,50.8,50.76,50.77,11289.0,50.776,104
2023-09-13 15:35:00-04:00,50.77,50.82,50.75,50.79,17323.0,50.774,159
2023-09-13 15:40:00-04:00,50.79,50.82,50.75,50.77,18333.0,50.772,168
2023-09-13 15:45:00-04:00,50.77,50.8,50.75,50.77,27119.0,50.768,213
2023-09-13 15:50:00-04:00,50.77,50.79,50.74,50.79,54499.0,50.766,421
2023-09-13 15:55:00-04:00,50.78,50.88,50.76,50.88,122948.0,50.814,685
2023-09-14 09:30:00-04:00,51.49,51.84,51.2,51.73,35078.0,51.506,56
2023-09-14 09:35:00-04:00,51.89,52.06,51.86,52.06,3167.0,51.955,21
2023-09-14 09:40:00-04:00,52.05,52.07,51.86,51.86,6428.0,51.94,48
2023-09-14 09:45:00-04:00,51.86,51.93,51.85,51.93,12594.0,51.866,101
2023-09-14 09:50:00-04:00,51.93,52.16,51.93,52.1,15008.0,52.055,89
2023-09-14 09:55:00-04:00,52.11,52.12,52.06,52.08,4705.0,52.088,25
2023-09-14 10:00:00-04:00,52.1,52.12,52.05,52.1,8392.0,52.078,80
2023-09-14 10:05:00-04:00,52.09,52.12,52.05,52.1,11750.0,52.072,93
2023-09-14 10:10:00-04:00,52.11,52.17,52.05,52.16,10272.0,52.078,71
2023-09-14 10:15:00-04:00,52.15,52.24,52.11,52.23,19862.0,52.184,126
2023-09-14 10:20:00-04:00,52.23,52.42,52.22,52.42,39084.0,52.299,289
2023-09-14 10:25:00-04:00,52.39,52.39,52.25,52.28,11657.0,52.328,98
2023-09-14 10:30:00-04:00,52.29,52.38,52.27,52.35,22764.0,52.342,132
2023-09-14 10:35:00-04:00,52.34,52.34,52.16,52.16,32408.0,52.273,220
2023-09-14 10:40:00-04:00,52.19,52.19,52.03,52.11,8353.0,52.126,74
2023-09-14 10:45:00-04:00,52.11,52.12,52.07,52.12,21356.0,52.09,154
2023-09-14 10:50:00-04:00,52.11,52.12,52.1,52.1,1593.0,52.112,13
2023-09-14 10:55:00-04:00,52.12,52.16,52.08,52.08,14685.0,52.116,88
2023-09-14 11:00:00-04:00,52.09,52.33,52.06,52.33,5323.0,52.156,39
2023-09-14 11:05:00-04:00,52.31,52.42,52.31,52.42,3866.0,52.381,28
2023-09-14 11:10:00-04:00,52.43,52.43,52.37,52.38,1985.0,52.392,15
2023-09-14 11:15:00-04:00,52.4,52.4,52.35,52.39,4385.0,52.377,34
2023-09-14 11:20:00-04:00,52.42,52.43,52.35,52.39,4360.0,52.384,33
2023-09-14 11:25:00-04:00,52.4,52.47,52.4,52.43,4416.0,52.432,35
2023-09-14 11:30:00-04:00,52.44,52.47,52.38,52.39,2988.0,52.434,22
2023-09-14 11:35:00-04:00,52.37,52.37,52.26,52.26,2708.0,52.317,25
2023-09-14 11:40:00-04:00,52.27,52.38,52.26,52.38,4728.0,52.305,40
2023-09-14 11:45:00-04:00,52.37,52.37,52.31,52.33,4951.0,52.337,35
2023-09-14 11:50:00-04:00,52.31,52.32,52.27,52.31,4689.0,52.294,43
2023-09-14 11:55:00-04:00,52.31,52.35,52.28,52.3,6588.0,52.318,56
2023-09-14 12:00:00-04:00,52.32,52.38,52.32,52.36,2010.0,52.363,16
2023-09-14 12:05:00-04:00,52.36,52.36,52.25,52.25,2492.0,52.327,22
2023-09-14 12:10:00-04:00,52.27,52.29,52.16,52.17,7741.0,52.231,67
2023-09-14 12:15:00-04:00,52.18,52.31,52.17,52.26,6514.0,52.228,49
2023-09-14 12:20:00-04:00,52.27,52.27,52.24,52.25,3482.0,52.252,34
2023-09-14 12:25:00-04:00,52.26,52.35,52.26,52.32,5814.0,52.303,32
2023-09-14 12:30:00-04:00,52.33,52.37,52.31,52.36,3431.0,52.344,26
2023-09-14 12:35:00-04:00,52.36,52.44,52.34,52.42,1971.0,52.363,18
2023-09-14 12:40:00-04:00,52.41,52.42,52.35,52.37,3191.0,52.392,20
2023-09-14 12:45:00-04:00,52.38,52.38,52.34,52.35,3126.0,52.352,25
2023-09-14 12:50:00-04:00,52.35,52.44,52.35,52.39,5074.0,52.379,43
2023-09-14 12:55:00-04:00,52.4,52.42,52.37,52.4,2270.0,52.395,17
2023-09-14 13:00:00-04:00,52.4,52.48,52.4,52.45,4010.0,52.438,34
2023-09-14 13:05:00-04:00,52.45,52.94,52.14,52.56,178287.0,52.521,1277
2023-09-14 13:10:00-04:00,52.6,52.65,52.25,52.28,44230.0,52.446,305
2023-09-14 13:15:00-04:00,52.33,52.49,52.21,52.46,22921.0,52.338,168
2023-09-14 13:20:00-04:00,52.4,52.91,52.4,52.74,22071.0,52.645,161
2023-09-14 13:25:00-04:00,52.73,52.73,52.53,52.53,5307.0,52.595,35
2023-09-14 13:30:00-04:00,52.53,52.54,52.44,52.52,7623.0,52.494,72
2023-09-14 13:35:00-04:00,52.52,52.56,52.47,52.49,9452.0,52.508,70
2023-09-14 13:40:00-04:00,52.49,52.49,52.35,52.35,4846.0,52.415,39
2023-09-14 13:45:00-04:00,52.36,52.42,52.31,52.31,4056.0,52.384,35
2023-09-14 13:50:00-04:00,52.34,52.43,52.34,52.4,16166.0,52.385,93
2023-09-14 13:55:00-04:00,52.4,52.5,52.39,52.5,3857.0,52.442,35
2023-09-14 14:00:00-04:00,52.51,52.56,52.5,52.51,1341.0,52.526,13
2023-09-14 14:05:00-04:00,52.5,52.54,52.49,52.51,3435.0,52.511,31
2023-09-14 14:10:00-04:00,52.5,52.53,52.43,52.46,16589.0,52.474,91
2023-09-14 14:15:00-04:00,52.48,52.55,52.48,52.52,2427.0,52.513,22
2023-09-14 14:20:00-04:00,52.52,52.53,52.5,52.52,4695.0,52.516,43
2023-09-14 14:25:00-04:00,52.53,52.55,52.49,52.5,6428.0,52.527,63
2023-09-14 14:30:00-04:00,52.5,52.51,52.46,52.48,8013.0,52.487,71
2023-09-14 14:35:00-04:00,52.48,52.55,52.47,52.52,8743.0,52.508,72
2023-09-14 14:40:00-04:00,52.53,52.59,52.51,52.57,8104.0,52.548,72
2023-09-14 14:45:00-04:00,52.56,52.58,52.52,52.57,9265.0,52.552,80
2023-09-14 14:50:00-04:00,52.56,52.57,52.53,52.57,4955.0,52.555,44
2023-09-14 14:55:00-04:00,52.57,52.63,52.54,52.63,23882.0,52.586,171
2023-09-14 15:00:00-04:00,52.62,52.64,52.55,52.63,10284.0,52.595,77
2023-09-14 15:05:00-04:00,52.63,52.65,52.61,52.65,4899.0,52.629,46
2023-09-14 15:10:00-04:00,52.65,52.67,52.59,52.6,9133.0,52.639,64
2023-09-14 15:15:00-04:00,52.61,52.63,52.58,52.59,8063.0,52.609,67
2023-09-14 15:20:00-04:00,52.57,52.6,52.54,52.59,7874.0,52.576,45
2023-09-14 15:25:00-04:00,52.58,52.6,52.57,52.59,11876.0,52.587,67
2023-09-14 15:30:00-04:00,52.59,52.62,52.56,52.61,22959.0,52.595,94
2023-09-14 15:35:00-04:00,52.64,52.7,52.62,52.66,20739.0,52.663,149
2023-09-14 15:40:00-04:00,52.65,52.68,52.63,52.64,28263.0,52.66,123
2023-09-14 15:45:00-04:00,52.64,52.64,52.58,52.58,22194.0,52.613,133
2023-09-14 15:50:00-04:00,52.6,52.64,52.55,52.59,74033.0,52.607,344
2023-09-14 15:55:00-04:00,52.62,52.63,52.57,52.58,118821.0,52.597,521
2023-09-15 09:30:00-04:00,52.42,52.52,52.15,52.26,672673.0,52.42,9
2023-09-15 09:35:00-04:00,52.59,52.59,52.39,52.39,1284.0,52.472,11
2023-09-15 09:40:00-04:00,52.45,52.45,52.28,52.3,6954.0,52.363,57
2023-09-15 09:45:00-04:00,52.3,52.34,52.13,52.31,40602.0,52.286,70
2023-09-15 09:50:00-04:00,52.31,52.34,52.11,52.11,6158.0,52.249,42
2023-09-15 09:55:00-04:00,52.13,52.13,52.03,52.03,2488.0,52.088,22
2023-09-15 10:00:00-04:00,52.1,52.38,52.06,52.35,12221.0,52.292,52
2023-09-15 10:05:00-04:00,52.35,52.38,52.33,52.33,5934.0,52.355,31
2023-09-15 10:10:00-04:00,52.36,52.36,52.27,52.3,4384.0,52.309,36
2023-09-15 10:15:00-04:00,52.29,52.45,52.28,52.45,3341.0,52.37,27
2023-09-15 10:20:00-04:00,52.44,52.44,52.39,52.42,14793.0,52.419,53
2023-09-15 10:25:00-04:00,52.4,52.43,52.33,52.33,9039.0,52.399,44
2023-09-15 10:30:00-04:00,52.33,52.34,52.29,52.33,4590.0,52.309,37
2023-09-15 10:35:00-04:00,52.32,52.35,52.29,52.3,1804.0,52.323,14
2023-09-15 10:40:00-04:00,52.32,52.32,52.27,52.3,3941.0,52.299,32
2023-09-15 10:45:00-04:00,52.28,52.29,52.25,52.25,1804.0,52.266,14
2023-09-15 10:50:00-04:00,52.24,52.27,52.17,52.21,6229.0,52.217,40
2023-09-15 10:55:00-04:00,52.22,52.26,52.2,52.2,11618.0,52.222,40
2023-09-15 11:00:00-04:00,52.21,52.21,52.12,52.15,5887.0,52.15,53
2023-09-15 11:05:00-04:00,52.15,52.21,52.14,52.21,7647.0,52.177,56
2023-09-15 11:10:00-04:00,52.2,52.2,52.11,52.14,4264.0,52.137,37
2023-09-15 11:15:00-04:00,52.15,52.18,52.13,52.17,7481.0,52.158,58
2023-09-15 11:20:00-04:00,52.17,52.2,52.17,52.2,3329.0,52.19,30
2023-09-15 11:25:00-04:00,52.2,52.2,52.16,52.18,2241.0,52.177,18
2023-09-15 11:30:00-04:00,52.16,52.16,52.07,52.08,2928.0,52.117,28
2023-09-15 11:35:00-04:00,52.09,52.13,52.09,52.1,2005.0,52.107,16
2023-09-15 11:40:00-04:00,52.09,52.09,52.08,52.08,1300.0,52.085,13
2023-09-15 11:45:00-04:00,52.07,52.21,52.04,52.2,12714.0,52.135,63
2023-09-15 11:50:00-04:00,52.2,52.2,52.14,52.16,9977.0,52.161,41
2023-09-15 11:55:00-04:00,52.16,52.18,52.11,52.15,5197.0,52.148,45
2023-09-15 12:00:00-04:00,52.14,52.18,52.11,52.17,10195.0,52.133,42
2023-09-15 12:05:00-04:00,52.18,52.19,52.15,52.15,2541.0,52.166,17
2023-09-15 12:10:00-04:00,52.18,52.24,52.18,52.2,7235.0,52.226,54
2023-09-15 12:15:00-04:00,52.2,52.45,52.18,52.45,10046.0,52.306,75
2023-09-15 12:20:00-04:00,52.48,52.53,52.46,52.5,5578.0,52.5,48
2023-09-15 12:25:00-04:00,52.53,52.53,52.33,52.33,9144.0,52.444,65
2023-09-15 12:30:00-04:00,52.31,52.33,52.29,52.29,5150.0,52.304,28
2023-09-15 12:35:00-04:00,52.28,52.29,52.24,52.24,1622.0,52.26,16
2023-09-15 12:40:00-04:00,52.25,52.29,52.22,52.29,2671.0,52.245,22
2023-09-15 12:45:00-04:00,52.3,52.3,52.26,52.28,2180.0,52.275,18
2023-09-15 12:50:00-04:00,52.27,52.28,52.17,52.17,4090.0,52.247,31
2023-09-15 12:55:00-04:00,52.19,52.2,52.16,52.17,5383.0,52.176,39
2023-09-15 13:00:00-04:00,52.13,52.16,52.1,52.13,13416.0,52.126,44
2023-09-15 13:05:00-04:00,52.12,52.12,52.07,52.12,1939.0,52.098,18
2023-09-15 13:10:00-04:00,52.12,52.12,52.07,52.07,2375.0,52.087,20
2023-09-15 13:15:00-04:00,52.06,52.06,52.03,52.04,967.0,52.044,7
2023-09-15 13:20:00-04:00,52.01,52.06,51.98,51.98,16536.0,52.005,51
2023-09-15 13:25:00-04:00,51.98,52.0,51.96,51.96,2055.0,51.978,18
2023-09-15 13:30:00-04:00,51.97,51.98,51.91,51.93,2147.0,51.934,19
2023-09-15 13:35:00-04:00,51.9,51.92,51.82,51.86,8814.0,51.872,57
2023-09-15 13:40:00-04:00,51.88,51.96,51.87,51.93,4334.0,51.909,38
2023-09-15 13:45:00-04:00,51.94,52.01,51.94,51.94,11256.0,51.966,61
2023-09-15 13:50:00-04:00,51.95,51.97,51.91,51.96,6616.0,51.95,46
2023-09-15 13:55:00-04:00,51.98,51.98,51.96,51.97,6302.0,51.972,50
2023-09-15 14:00:00-04:00,51.98,52.12,51.98,52.02,97686.0,51.992,87
2023-09-15 14:05:00-04:00,52.0,52.02,51.97,52.0,7712.0,51.999,41
2023-09-15 14:10:00-04:00,52.0,52.0,51.88,51.9,4331.0,51.944,37
2023-09-15 14:15:00-04:00,51.89,51.91,51.87,51.89,4776.0,51.891,41
2023-09-15 14:20:00-04:00,51.91,51.94,51.91,51.92,3519.0,51.926,32
2023-09-15 14:25:00-04:00,51.91,51.94,51.88,51.94,8396.0,51.912,52
2023-09-15 14:30:00-04:00,51.97,51.99,51.96,51.99,1984.0,51.971,14
2023-09-15 14:35:00-04:00,51.99,52.03,51.97,52.03,9637.0,52.0,74
2023-09-15 14:40:00-04:00,52.07,52.25,52.03,52.25,78833.0,52.054,78
2023-09-15 14:45:00-04:00,52.27,52.31,52.21,52.25,9125.0,52.287,53
2023-09-15 14:50:00-04:00,52.26,52.28,52.1,52.11,7229.0,52.181,60
2023-09-15 14:55:00-04:00,52.12,52.17,52.1,52.15,2355.0,52.136,21
2023-09-15 15:00:00-04:00,52.13,52.13,52.06,52.06,3763.0,52.094,32
2023-09-15 15:05:00-04:00,52.05,52.07,52.03,52.03,3546.0,52.043,29
2023-09-15 15:10:00-04:00,52.05,52.06,52.02,52.05,9921.0,52.051,58
2023-09-15 15:15:00-04:00,52.04,52.08,51.88,51.9,74672.0,51.997,146
2023-09-15 15:20:00-04:00,51.91,51.91,51.79,51.85,8221.0,51.826,62
2023-09-15 15:25:00-04:00,51.86,51.89,51.83,51.86,10175.0,51.855,80
2023-09-15 15:30:00-04:00,51.85,51.88,51.74,51.75,10031.0,51.806,80
2023-09-15 15:35:00-04:00,51.76,51.77,51.63,51.64,12894.0,51.703,90
2023-09-15 15:40:00-04:00,51.64,51.64,51.56,51.56,10660.0,51.587,80
2023-09-15 15:45:00-04:00,51.56,51.65,51.53,51.64,30942.0,51.585,213
2023-09-15 15:50:00-04:00,51.66,51.71,51.56,51.62,41410.0,51.606,298
2023-09-15 15:55:00-04:00,51.62,51.67,51.57,51.67,102574.0,51.632,555
2023-09-18 09:30:00-04:00,51.47,51.59,51.0,51.23,21534.0,51.368,53
2023-09-18 09:35:00-04:00,51.23,51.34,51.13,51.34,6953.0,51.243,50
2023-09-18 09:40:00-04:00,51.35,51.41,51.29,51.38,12076.0,51.342,82
2023-09-18 09:45:00-04:00,51.35,51.42,51.19,51.23,13472.0,51.316,102
2023-09-18 09:50:00-04:00,51.21,51.47,51.2,51.46,6458.0,51.364,46
2023-09-18 09:55:00-04:00,51.44,51.54,51.38,51.52,12949.0,51.431,84
2023-09-18 10:00:00-04:00,51.51,51.63,51.41,51.41,19531.0,51.548,118
2023-09-18 10:05:00-04:00,51.38,51.38,51.24,51.29,11448.0,51.331,43
2023-09-18 10:10:00-04:00,51.31,51.36,51.27,51.27,3840.0,51.322,36
2023-09-18 10:15:00-04:00,51.3,51.37,51.27,51.31,5675.0,51.321,53
2023-09-18 10:20:00-04:00,51.32,51.33,51.28,51.33,5196.0,51.307,43
2023-09-18 10:25:00-04:00,51.33,51.36,51.27,51.32,6295.0,51.32,50
2023-09-18 10:30:00-04:00,51.34,51.47,51.34,51.47,6888.0,51.435,55
2023-09-18 10:35:00-04:00,51.49,51.58,51.49,51.5,9535.0,51.528,81
2023-09-18 10:40:00-04:00,51.49,51.51,51.45,51.47,8940.0,51.487,64
2023-09-18 10:45:00-04:00,51.48,51.5,51.43,51.5,3875.0,51.474,30
2023-09-18 10:50:00-04:00,51.5,51.56,51.47,51.53,8228.0,51.514,66
2023-09-18 10:55:00-04:00,51.54,51.55,51.45,51.45,9987.0,51.501,80
2023-09-18 11:00:00-04:00,51.44,51.55,51.37,51.55,5185.0,51.424,37
2023-09-18 11:05:00-04:00,51.54,51.61,51.51,51.6,8022.0,51.561,56
2023-09-18 11:10:00-04:00,51.61,51.65,51.55,51.57,6003.0,51.594,51
2023-09-18 11:15:00-04:00,51.57,51.6,51.53,51.6,4262.0,51.567,40
2023-09-18 11:20:00-04:00,51.63,51.67,51.62,51.63,3886.0,51.641,29
2023-09-18 11:25:00-04:00,51.62,51.68,51.61,51.66,4954.0,51.642,43
2023-09-18 11:30:00-04:00,51.68,51.7,51.67,51.67,4962.0,51.683,45
2023-09-18 11:35:00-04:00,51.67,51.76,51.67,51.75,3002.0,51.7,25
2023-09-18 11:40:00-04:00,51.76,51.79,51.75,51.77,5224.0,51.777,49
2023-09-18 11:45:00-04:00,51.78,51.8,51.67,51.73,4769.0,51.724,40
2023-09-18 11:50:00-04:00,51.7,51.8,51.7,51.8,2640.0,51.762,20
2023-09-18 11:55:00-04:00,51.83,51.83,51.73,51.78,7349.0,51.767,55
2023-09-18 12:00:00-04:00,51.79,51.79,51.7,51.75,5970.0,51.738,54
2023-09-18 12:05:00-04:00,51.77,51.8,51.75,51.77,3457.0,51.774,30
2023-09-18 12:10:00-04:00,51.78,51.78,51.74,51.78,4701.0,51.762,43
2023-09-18 12:15:00-04:00,51.78,51.88,51.75,51.86,13850.0,51.787,97
2023-09-18 12:20:00-04:00,51.91,51.92,51.86,51.86,4927.0,51.894,39
2023-09-18 12:25:00-04:00,51.9,51.91,51.88,51.88,2718.0,51.896,26
2023-09-18 12:30:00-04:00,51.9,51.92,51.88,51.9,4375.0,51.9,38
2023-09-18 12:35:00-04:00,51.92,51.97,51.89,51.95,4411.0,51.919,31
2023-09-18 12:40:00-04:00,51.95,51.97,51.86,51.86,14170.0,51.914,60
2023-09-18 12:45:00-04:00,51.89,51.94,51.89,51.94,11560.0,51.91,39
2023-09-18 12:50:00-04:00,51.92,51.93,51.87,51.9,3270.0,51.9,25
2023-09-18 12:55:00-04:00,51.9,51.93,51.89,51.93,3529.0,51.907,23
2023-09-18 13:00:00-04:00,51.93,51.93,51.9,51.9,6225.0,51.908,48
2023-09-18 13:05:00-04:00,51.91,51.91,51.87,51.9,2266.0,51.89,16
2023-09-18 13:10:00-04:00,51.88,51.91,51.88,51.91,4509.0,51.9,29
2023-09-18 13:15:00-04:00,51.9,51.91,51.85,51.86,6646.0,51.88,40
2023-09-18 13:20:00-04:00,51.88,51.92,51.88,51.9,3500.0,51.898,29
2023-09-18 13:25:00-04:00,51.91,51.93,51.9,51.92,6256.0,51.906,37
2023-09-18 13:30:00-04:00,51.91,51.96,51.9,51.95,7283.0,51.945,56
2023-09-18 13:35:00-04:00,51.95,51.99,51.94,51.99,7647.0,51.953,57
2023-09-18 13:40:00-04:00,51.99,52.0,51.93,51.95,8348.0,51.969,50
2023-09-18 13:45:00-04:00,51.95,51.96,51.9,51.93,7228.0,51.932,59
2023-09-18 13:50:00-04:00,51.93,51.95,51.92,51.93,2647.0,51.935,25
2023-09-18 13:55:00-04:00,51.92,51.95,51.87,51.88,6314.0,51.906,46
2023-09-18 14:00:00-04:00,51.87,51.87,51.75,51.75,8788.0,51.816,62
2023-09-18 14:05:00-04:00,51.75,51.76,51.49,51.51,21451.0,51.662,111
2023-09-18 14:10:00-04:00,51.52,51.52,51.41,51.48,11398.0,51.452,111
2023-09-18 14:15:00-04:00,51.49,51.58,51.47,51.58,14970.0,51.489,112
2023-09-18 14:20:00-04:00,51.6,51.65,51.58,51.6,5794.0,51.618,50
2023-09-18 14:25:00-04:00,51.6,51.68,51.59,51.63,5072.0,51.647,39
2023-09-18 14:30:00-04:00,51.62,51.64,51.58,51.59,5104.0,51.61,41
2023-09-18 14:35:00-04:00,51.59,51.66,51.56,51.64,3200.0,51.62,30
2023-09-18 14:40:00-04:00,51.66,51.67,51.64,51.67,4138.0,51.659,29
2023-09-18 14:45:00-04:00,51.67,51.68,51.63,51.65,6922.0,51.656,51
2023-09-18 14:50:00-04:00,51.64,51.68,51.61,51.61,5710.0,51.655,42
2023-09-18 14:55:00-04:00,51.61,51.67,51.59,51.67,2824.0,51.635,24
2023-09-18 15:00:00-04:00,51.65,51.67,51.63,51.65,5619.0,51.654,39
2023-09-18 15:05:00-04:00,51.63,51.65,51.58,51.59,6772.0,51.628,58
2023-09-18 15:10:00-04:00,51.58,51.58,51.53,51.55,4742.0,51.558,39
2023-09-18 15:15:00-04:00,51.55,51.64,51.54,51.6,10739.0,51.603,78
2023-09-18 15:20:00-04:00,51.6,51.62,51.49,51.49,9863.0,51.571,84
2023-09-18 15:25:00-04:00,51.49,51.54,51.49,51.51,6697.0,51.524,61
2023-09-18 15:30:00-04:00,51.51,51.51,51.47,51.51,11903.0,51.493,99
2023-09-18 15:35:00-04:00,51.51,51.52,51.43,51.44,16953.0,51.484,127
2023-09-18 15:40:00-04:00,51.44,51.51,51.41,51.48,23222.0,51.46,170
2023-09-18 15:45:00-04:00,51.49,51.5,51.44,51.47,24751.0,51.476,188
2023-09-18 15:50:00-04:00,51.47,51.58,51.47,51.51,45682.0,51.523,319
2023-09-18 15:55:00-04:00,51.51,51.53,51.46,51.46,133529.0,51.499,777
2023-09-19 09:30:00-04:00,51.33,51.37,51.15,51.3,21329.0,51.328,14
2023-09-19 09:35:00-04:00,51.31,51.4,51.3,51.36,3965.0,51.362,25
2023-09-19 09:40:00-04:00,51.33,51.4,51.24,51.24,2914.0,51.324,22
2023-09-19 09:45:00-04:00,51.28,51.32,51.26,51.27,6908.0,51.291,54
2023-09-19 09:50:00-04:00,51.28,51.36,51.25,51.35,18179.0,51.302,168
2023-09-19 09:55:00-04:00,51.33,51.33,51.07,51.08,9600.0,51.157,53
2023-09-19 10:00:00-04:00,51.1,51.15,51.05,51.05,2400.0,51.107,22
2023-09-19 10:05:00-04:00,51.05,51.12,51.03,51.04,7132.0,51.079,45
2023-09-19 10:10:00-04:00,51.05,51.08,51.05,51.08,2848.0,51.064,27
2023-09-19 10:15:00-04:00,51.09,51.09,51.03,51.05,2911.0,51.052,27
2023-09-19 10:20:00-04:00,51.04,51.08,51.02,51.08,1751.0,51.037,15
2023-09-19 10:25:00-04:00,51.07,51.11,51.05,51.09,1451.0,51.071,14
2023-09-19 10:30:00-04:00,51.11,51.11,51.06,51.08,5584.0,51.09,45
2023-09-19 10:35:00-04:00,51.11,51.19,51.11,51.15,6303.0,51.164,50
2023-09-19 10:40:00-04:00,51.15,51.16,51.08,51.08,13606.0,51.139,80
2023-09-19 10:45:00-04:00,51.08,51.09,50.98,50.98,8206.0,51.038,52
2023-09-19 10:50:00-04:00,50.97,51.0,50.93,51.0,5548.0,50.972,42
2023-09-19 10:55:00-04:00,51.0,51.03,50.96,50.96,8831.0,50.988,65
2023-09-19 11:00:00-04:00,50.99,51.01,50.94,50.99,4604.0,50.972,33
2023-09-19 11:05:00-04:00,50.97,51.0,50.93,50.93,1909.0,50.964,17
2023-09-19 11:10:00-04:00,50.93,51.01,50.92,51.01,3383.0,50.968,28
2023-09-19 11:15:00-04:00,51.0,51.0,50.89,50.9,5174.0,50.933,39
2023-09-19 11:20:00-04:00,50.9,50.93,50.85,50.85,3971.0,50.888,37
2023-09-19 11:25:00-04:00,50.87,50.89,50.85,50.89,2000.0,50.871,19
2023-09-19 11:30:00-04:00,50.87,50.89,50.84,50.86,3232.0,50.866,31
2023-09-19 11:35:00-04:00,50.84,50.86,50.82,50.82,3928.0,50.844,29
2023-09-19 11:40:00-04:00,50.79,50.79,50.73,50.73,3036.0,50.771,29
2023-09-19 11:45:00-04:00,50.74,50.76,50.7,50.76,3903.0,50.73,31
2023-09-19 11:50:00-04:00,50.74,50.75,50.69,50.71,6274.0,50.723,57
2023-09-19 11:55:00-04:00,50.71,50.71,50.68,50.68,3061.0,50.699,29
2023-09-19 12:00:00-04:00,50.67,50.68,50.61,50.61,2860.0,50.651,26
2023-09-19 12:05:00-04:00,50.63,50.64,50.59,50.63,4132.0,50.62,35
2023-09-19 12:10:00-04:00,50.64,50.64,50.61,50.62,2625.0,50.628,23
2023-09-19 12:15:00-04:00,50.62,50.65,50.55,50.62,7877.0,50.594,57
2023-09-19 12:20:00-04:00,50.61,50.61,50.55,50.55,5069.0,50.586,36
2023-09-19 12:25:00-04:00,50.56,50.59,50.55,50.58,1883.0,50.563,17
2023-09-19 12:30:00-04:00,50.59,50.65,50.58,50.61,5869.0,50.625,33
2023-09-19 12:35:00-04:00,50.63,50.63,50.56,50.58,3860.0,50.578,27
2023-09-19 12:40:00-04:00,50.58,50.61,50.55,50.56,2737.0,50.573,25
2023-09-19 12:45:00-04:00,50.56,50.57,50.52,50.54,3341.0,50.542,31
2023-09-19 12:50:00-04:00,50.52,50.56,50.52,50.56,2612.0,50.536,24
2023-09-19 12:55:00-04:00,50.56,50.61,50.55,50.61,3546.0,50.571,27
2023-09-19 13:00:00-04:00,50.61,50.61,50.56,50.57,7593.0,50.591,49
2023-09-19 13:05:00-04:00,50.56,50.58,50.54,50.58,2115.0,50.566,20
2023-09-19 13:10:00-04:00,50.6,50.63,50.58,50.6,3105.0,50.609,25
2023-09-19 13:15:00-04:00,50.6,50.63,50.58,50.59,3734.0,50.598,31
2023-09-19 13:20:00-04:00,50.61,50.61,50.53,50.54,4675.0,50.593,18
2023-09-19 13:25:00-04:00,50.53,50.55,50.51,50.55,4662.0,50.526,41
2023-09-19 13:30:00-04:00,50.54,50.62,50.54,50.62,2603.0,50.581,22
2023-09-19 13:35:00-04:00,50.65,50.68,50.62,50.64,2348.0,50.642,21
2023-09-19 13:40:00-04:00,50.64,50.67,50.63,50.67,2201.0,50.644,16
2023-09-19 13:45:00-04:00,50.67,50.73,50.67,50.72,3376.0,50.703,28
2023-09-19 13:50:00-04:00,50.71,50.71,50.66,50.69,3858.0,50.686,25
2023-09-19 13:55:00-04:00,50.67,50.68,50.66,50.66,1704.0,50.667,15
2023-09-19 14:00:00-04:00,50.67,50.73,50.67,50.72,2679.0,50.706,23
2023-09-19 14:05:00-04:00,50.71,50.71,50.66,50.67,3125.0,50.688,28
2023-09-19 14:10:00-04:00,50.68,50.7,50.68,50.69,16490.0,50.694,34
2023-09-19 14:15:00-04:00,50.68,50.79,50.68,50.79,7244.0,50.733,64
2023-09-19 14:20:00-04:00,50.77,50.85,50.76,50.85,4955.0,50.804,36
2023-09-19 14:25:00-04:00,50.85,50.86,50.75,50.75,23314.0,50.828,120
2023-09-19 14:30:00-04:00,50.74,50.75,50.7,50.75,6161.0,50.736,37
2023-09-19 14:35:00-04:00,50.76,50.83,50.73,50.82,19765.0,50.782,95
2023-09-19 14:40:00-04:00,50.81,50.81,50.77,50.8,8025.0,50.796,62
2023-09-19 14:45:00-04:00,50.8,50.82,50.76,50.8,9199.0,50.796,76
2023-09-19 14:50:00-04:00,50.78,50.79,50.75,50.78,6111.0,50.771,45
2023-09-19 14:55:00-04:00,50.77,50.78,50.71,50.71,5020.0,50.753,41
2023-09-19 15:00:00-04:00,50.71,50.73,50.69,50.71,6088.0,50.706,48
2023-09-19 15:05:00-04:00,50.72,50.73,50.68,50.69,8502.0,50.708,79
2023-09-19 15:10:00-04:00,50.69,50.72,50.67,50.72,5694.0,50.701,47
2023-09-19 15:15:00-04:00,50.71,50.71,50.69,50.71,4430.0,50.701,37
2023-09-19 15:20:00-04:00,50.71,50.71,50.65,50.66,7351.0,50.684,64
2023-09-19 15:25:00-04:00,50.65,50.71,50.64,50.68,11742.0,50.677,99
2023-09-19 15:30:00-04:00,50.68,50.69,50.63,50.64,12566.0,50.66,99
2023-09-19 15:35:00-04:00,50.64,50.67,50.61,50.67,12226.0,50.632,97
2023-09-19 15:40:00-04:00,50.67,50.69,50.65,50.68,9957.0,50.665,76
2023-09-19 15:45:00-04:00,50.68,50.73,50.66,50.73,26284.0,50.69,223
2023-09-19 15:50:00-04:00,50.73,50.74,50.47,50.49,95214.0,50.565,802
2023-09-19 15:55:00-04:00,50.48,50.61,50.47,50.56,170776.0,50.544,874
2023-09-20 09:30:00-04:00,50.82,50.9,50.55,50.87,17262.0,50.818,29
2023-09-20 09:35:00-04:00,50.79,51.1,50.79,51.04,4198.0,51.003,36
2023-09-20 09:40:00-04:00,51.1,51.1,51.0,51.03,3898.0,51.036,34
2023-09-20 09:45:00-04:00,50.99,51.13,50.97,51.13,12256.0,51.041,50
2023-09-20 09:50:00-04:00,51.13,51.19,51.11,51.17,9014.0,51.159,73
2023-09-20 09:55:00-04:00,51.18,51.37,51.17,51.36,20914.0,51.281,159
2023-09-20 10:00:00-04:00,51.37,51.49,51.36,51.48,47638.0,51.426,179
2023-09-20 10:05:00-04:00,51.49,51.51,51.43,51.49,35145.0,51.47,251
2023-09-20 10:10:00-04:00,51.52,51.6,51.52,51.6,7851.0,51.563,64
2023-09-20 10:15:00-04:00,51.62,51.75,51.62,51.71,12887.0,51.694,109
2023-09-20 10:20:00-04:00,51.71,51.89,51.67,51.88,10236.0,51.79,86
2023-09-20 10:25:00-04:00,51.89,52.15,51.88,51.88,78109.0,51.991,562
2023-09-20 10:30:00-04:00,51.87,52.04,51.84,51.88,32361.0,51.939,203
2023-09-20 10:35:00-04:00,51.9,51.93,51.84,51.92,13722.0,51.881,99
2023-09-20 10:40:00-04:00,51.92,51.99,51.89,51.92,12687.0,51.945,107
2023-09-20 10:45:00-04:00,51.94,51.97,51.86,51.9,12204.0,51.932,104
2023-09-20 10:50:00-04:00,51.92,52.12,51.9,52.09,20425.0,51.982,78
2023-09-20 10:55:00-04:00,52.1,52.14,52.02,52.03,8394.0,52.098,55
2023-09-20 11:00:00-04:00,52.01,52.07,51.98,52.0,7785.0,52.021,33
2023-09-20 11:05:00-04:00,52.0,52.02,51.94,51.99,3248.0,51.986,19
2023-09-20 11:10:00-04:00,51.98,52.15,51.96,52.09,13185.0,52.043,78
2023-09-20 11:15:00-04:00,52.1,52.12,52.06,52.07,5172.0,52.089,42
2023-09-20 11:20:00-04:00,52.06,52.14,52.04,52.14,6923.0,52.089,56
2023-09-20 11:25:00-04:00,52.13,52.17,52.11,52.12,4842.0,52.141,36
2023-09-20 11:30:00-04:00,52.12,52.23,52.11,52.23,51856.0,52.158,99
2023-09-20 11:35:00-04:00,52.25,52.36,52.24,52.31,17477.0,52.315,146
2023-09-20 11:40:00-04:00,52.31,52.38,52.25,52.38,9194.0,52.316,76
2023-09-20 11:45:00-04:00,52.37,52.37,52.19,52.28,114134.0,52.298,215
2023-09-20 11:50:00-04:00,52.28,52.39,52.26,52.37,169521.0,52.309,164
2023-09-20 11:55:00-04:00,52.35,52.39,52.3,52.32,242244.0,52.325,322
2023-09-20 12:00:00-04:00,52.28,52.29,52.15,52.28,12488.0,52.208,88
2023-09-20 12:05:00-04:00,52.25,52.33,52.2,52.23,10161.0,52.277,81
2023-09-20 12:10:00-04:00,52.25,52.34,52.25,52.3,6096.0,52.286,52
2023-09-20 12:15:00-04:00,52.32,52.37,52.3,52.3,6116.0,52.333,54
2023-09-20 12:20:00-04:00,52.27,52.28,52.13,52.14,17724.0,52.216,147
2023-09-20 12:25:00-04:00,52.14,52.19,52.11,52.19,7538.0,52.141,68
2023-09-20 12:30:00-04:00,52.2,52.22,52.08,52.12,10175.0,52.158,91
2023-09-20 12:35:00-04:00,52.11,52.19,52.11,52.17,7247.0,52.147,67
2023-09-20 12:40:00-04:00,52.17,52.21,52.13,52.19,19363.0,52.185,111
2023-09-20 12:45:00-04:00,52.16,52.24,52.15,52.24,8639.0,52.173,74
2023-09-20 12:50:00-04:00,52.23,52.28,52.2,52.22,6103.0,52.228,56
2023-09-20 12:55:00-04:00,52.21,52.24,52.2,52.22,4381.0,52.22,33
2023-09-20 13:00:00-04:00,52.21,52.21,52.18,52.2,4003.0,52.196,36
2023-09-20 13:05:00-04:00,52.2,52.27,52.19,52.24,4837.0,52.217,42
2023-09-20 13:10:00-04:00,52.24,52.28,52.23,52.27,6114.0,52.26,61
2023-09-20 13:15:00-04:00,52.27,52.33,52.26,52.29,6121.0,52.286,54
2023-09-20 13:20:00-04:00,52.31,52.34,52.31,52.33,5058.0,52.321,48
2023-09-20 13:25:00-04:00,52.32,52.32,52.21,52.21,6782.0,52.284,58
2023-09-20 13:30:00-04:00,52.19,52.33,52.18,52.33,5914.0,52.236,41
2023-09-20 13:35:00-04:00,52.33,52.47,52.31,52.32,11108.0,52.397,85
2023-09-20 13:40:00-04:00,52.31,52.36,52.28,52.32,6890.0,52.313,52
2023-09-20 13:45:00-04:00,52.3,52.3,52.23,52.28,13588.0,52.256,103
2023-09-20 13:50:00-04:00,52.27,52.37,52.21,52.34,18860.0,52.278,114
2023-09-20 13:55:00-04:00,52.35,52.36,52.31,52.32,6076.0,52.339,43
2023-09-20 14:00:00-04:00,52.31,52.31,52.07,52.26,16925.0,52.181,131
2023-09-20 14:05:00-04:00,52.22,52.29,52.13,52.18,14084.0,52.204,101
2023-09-20 14:10:00-04:00,52.14,52.22,52.09,52.13,27426.0,52.146,201
2023-09-20 14:15:00-04:00,52.11,52.15,52.09,52.15,16041.0,52.12,95
2023-09-20 14:20:00-04:00,52.15,52.25,52.13,52.25,8462.0,52.168,60
2023-09-20 14:25:00-04:00,52.24,52.25,52.11,52.11,8693.0,52.183,64
2023-09-20 14:30:00-04:00,52.08,52.16,52.04,52.08,9946.0,52.087,71
2023-09-20 14:35:00-04:00,52.06,52.11,51.98,52.02,11470.0,52.034,75
2023-09-20 14:40:00-04:00,52.02,52.1,51.94,52.04,10160.0,52.039,65
2023-09-20 14:45:00-04:00,52.05,52.05,51.93,51.97,10603.0,51.982,72
2023-09-20 14:50:00-04:00,51.97,52.0,51.86,51.86,5672.0,51.938,37
2023-09-20 14:55:00-04:00,51.87,51.92,51.73,51.75,14200.0,51.818,69
2023-09-20 15:00:00-04:00,51.73,51.84,51.71,51.81,12699.0,51.789,78
2023-09-20 15:05:00-04:00,51.86,51.94,51.83,51.91,13601.0,51.87,91
2023-09-20 15:10:00-04:00,51.91,51.91,51.83,51.83,16068.0,51.87,106
2023-09-20 15:15:00-04:00,51.84,51.88,51.74,51.79,13043.0,51.815,97
2023-09-20 15:20:00-04:00,51.79,51.9,51.78,51.9,13550.0,51.831,94
2023-09-20 15:25:00-04:00,51.9,52.04,51.88,52.03,22946.0,51.939,164
2023-09-20 15:30:00-04:00,52.05,52.07,51.97,51.97,16066.0,52.014,137
2023-09-20 15:35:00-04:00,51.97,52.04,51.96,52.03,13642.0,51.997,111
2023-09-20 15:40:00-04:00,52.03,52.14,52.03,52.11,23721.0,52.093,192
2023-09-20 15:45:00-04:00,52.1,52.1,51.97,51.98,30170.0,52.033,239
2023-09-20 15:50:00-04:00,51.97,52.02,51.84,51.96,70028.0,51.969,509
2023-09-20 15:55:00-04:00,51.96,51.98,51.92,51.95,115861.0,51.954,661
2023-09-21 09:30:00-04:00,51.51,51.72,51.44,51.62,19617.0,51.531,32
2023-09-21 09:35:00-04:00,51.61,51.61,51.19,51.2,7159.0,51.544,25
2023-09-21 09:40:00-04:00,51.22,51.22,51.04,51.15,3070.0,51.103,25
2023-09-21 09:45:00-04:00,51.2,51.25,51.19,51.24,2000.0,51.213,19
2023-09-21 09:50:00-04:00,51.28,51.36,51.28,51.33,4818.0,51.346,43
2023-09-21 09:55:00-04:00,51.32,51.32,51.04,51.04,6521.0,51.133,42
2023-09-21 10:00:00-04:00,51.05,51.11,51.04,51.07,4267.0,51.07,35
2023-09-21 10:05:00-04:00,51.07,51.11,51.05,51.09,3386.0,51.072,23
2023-09-21 10:10:00-04:00,51.11,51.44,51.11,51.24,16832.0,51.331,142
2023-09-21 10:15:00-04:00,51.19,51.32,51.13,51.3,22871.0,51.215,101
2023-09-21 10:20:00-04:00,51.34,51.47,51.3,51.45,21089.0,51.383,127
2023-09-21 10:25:00-04:00,51.42,51.44,51.18,51.18,4974.0,51.328,28
2023-09-21 10:30:00-04:00,51.16,51.17,51.12,51.15,3764.0,51.145,33
2023-09-21 10:35:00-04:00,51.16,51.24,51.15,51.2,8731.0,51.191,59
2023-09-21 10:40:00-04:00,51.22,51.27,51.12,51.2,13529.0,51.208,78
2023-09-21 10:45:00-04:00,51.17,51.32,51.09,51.28,21146.0,51.216,133
2023-09-21 10:50:00-04:00,51.26,51.26,50.97,50.97,5480.0,51.091,38
2023-09-21 10:55:00-04:00,50.94,50.95,50.81,50.89,11752.0,50.882,83
2023-09-21 11:00:00-04:00,50.9,50.95,50.9,50.92,3629.0,50.929,28
2023-09-21 11:05:00-04:00,50.93,50.95,50.86,50.88,3137.0,50.903,23
2023-09-21 11:10:00-04:00,50.87,51.02,50.84,50.97,11627.0,50.931,86
2023-09-21 11:15:00-04:00,50.97,51.06,50.97,51.05,11597.0,51.002,34
2023-09-21 11:20:00-04:00,51.06,51.07,50.96,51.04,12917.0,51.014,93
2023-09-21 11:25:00-04:00,51.04,51.04,50.97,51.02,2314.0,51.001,20
2023-09-21 11:30:00-04:00,51.01,51.07,51.01,51.07,4411.0,51.038,34
2023-09-21 11:35:00-04:00,51.07,51.07,50.91,50.97,11291.0,50.981,74
2023-09-21 11:40:00-04:00,50.97,50.97,50.92,50.95,2439.0,50.932,23
2023-09-21 11:45:00-04:00,50.97,50.99,50.9,50.98,11363.0,50.942,92
2023-09-21 11:50:00-04:00,50.98,51.11,50.98,51.1,6976.0,51.041,54
2023-09-21 11:55:00-04:00,51.09,51.15,51.06,51.08,10054.0,51.111,70
2023-09-21 12:00:00-04:00,51.08,51.08,50.97,50.97,4823.0,51.048,45
2023-09-21 12:05:00-04:00,50.97,50.97,50.89,50.89,4219.0,50.932,34
2023-09-21 12:10:00-04:00,50.87,50.91,50.84,50.86,6639.0,50.876,47
2023-09-21 12:15:00-04:00,50.87,50.92,50.84,50.91,3222.0,50.883,24
2023-09-21 12:20:00-04:00,50.9,50.91,50.86,50.91,3160.0,50.889,22
2023-09-21 12:25:00-04:00,50.89,50.9,50.87,50.89,3394.0,50.885,29
2023-09-21 12:30:00-04:00,50.88,50.93,50.86,50.93,2279.0,50.894,20
2023-09-21 12:35:00-04:00,50.92,50.93,50.8,50.82,7253.0,50.867,28
2023-09-21 12:40:00-04:00,50.83,50.86,50.81,50.82,3435.0,50.838,28
2023-09-21 12:45:00-04:00,50.82,50.82,50.75,50.75,2966.0,50.784,23
2023-09-21 12:50:00-04:00,50.77,50.77,50.72,50.76,4886.0,50.742,42
2023-09-21 12:55:00-04:00,50.75,50.75,50.65,50.66,13085.0,50.719,73
2023-09-21 13:00:00-04:00,50.66,50.74,50.66,50.68,4795.0,50.695,42
2023-09-21 13:05:00-04:00,50.69,50.7,50.68,50.69,3010.0,50.688,25
2023-09-21 13:10:00-04:00,50.69,50.69,50.66,50.69,7057.0,50.68,57
2023-09-21 13:15:00-04:00,50.69,50.73,50.63,50.66,38770.0,50.696,229
2023-09-21 13:20:00-04:00,50.66,50.67,50.6,50.65,4690.0,50.632,42
2023-09-21 13:25:00-04:00,50.65,50.67,50.6,50.65,3180.0,50.626,28
2023-09-21 13:30:00-04:00,50.66,50.7,50.65,50.65,9770.0,50.683,89
2023-09-21 13:35:00-04:00,50.63,50.66,50.58,50.58,4045.0,50.634,35
2023-09-21 13:40:00-04:00,50.58,50.62,50.58,50.62,11813.0,50.607,65
2023-09-21 13:45:00-04:00,50.61,50.64,50.56,50.57,10225.0,50.609,84
2023-09-21 13:50:00-04:00,50.55,50.57,50.52,50.52,5981.0,50.537,31
2023-09-21 13:55:00-04:00,50.53,50.56,50.5,50.53,7186.0,50.536,51
2023-09-21 14:00:00-04:00,50.51,50.52,50.45,50.45,8658.0,50.482,73
2023-09-21 14:05:00-04:00,50.45,50.48,50.43,50.48,8227.0,50.45,79
2023-09-21 14:10:00-04:00,50.49,50.53,50.45,50.52,7145.0,50.502,60
2023-09-21 14:15:00-04:00,50.52,50.55,50.51,50.54,4987.0,50.537,41
2023-09-21 14:20:00-04:00,50.54,50.54,50.47,50.5,4279.0,50.494,29
2023-09-21 14:25:00-04:00,50.51,50.52,50.46,50.52,8261.0,50.495,54
2023-09-21 14:30:00-04:00,50.51,50.52,50.46,50.48,3222.0,50.489,21
2023-09-21 14:35:00-04:00,50.49,50.49,50.45,50.48,5526.0,50.474,48
2023-09-21 14:40:00-04:00,50.47,50.54,50.47,50.54,7056.0,50.5,64
2023-09-21 14:45:00-04:00,50.53,50.56,50.51,50.52,12015.0,50.538,67
2023-09-21 14:50:00-04:00,50.51,50.59,50.49,50.58,14601.0,50.547,123
2023-09-21 14:55:00-04:00,50.58,50.58,50.51,50.52,2975.0,50.544,25
2023-09-21 15:00:00-04:00,50.51,50.52,50.4,50.41,8962.0,50.481,82
2023-09-21 15:05:00-04:00,50.4,50.48,50.34,50.48,10364.0,50.421,87
2023-09-21 15:10:00-04:00,50.48,50.52,50.48,50.51,22504.0,50.51,135
2023-09-21 15:15:00-04:00,50.5,50.5,50.37,50.43,8574.0,50.42,67
2023-09-21 15:20:00-04:00,50.43,50.46,50.4,50.41,11083.0,50.443,87
2023-09-21 15:25:00-04:00,50.41,50.41,50.32,50.35,7159.0,50.346,49
2023-09-21 15:30:00-04:00,50.33,50.43,50.31,50.35,15860.0,50.364,109
2023-09-21 15:35:00-04:00,50.37,50.43,50.36,50.41,15239.0,50.402,120
2023-09-21 15:40:00-04:00,50.42,50.55,50.41,50.55,38094.0,50.458,275
2023-09-21 15:45:00-04:00,50.54,50.57,50.43,50.43,41100.0,50.513,318
2023-09-21 15:50:00-04:00,50.45,50.51,50.41,50.5,72449.0,50.478,456
2023-09-21 15:55:00-04:00,50.51,50.51,50.36,50.4,123345.0,50.453,757
2023-09-22 09:30:00-04:00,50.5,50.88,50.41,50.55,22467.0,50.566,70
2023-09-22 09:35:00-04:00,50.58,50.67,50.57,50.61,11990.0,50.602,71
2023-09-22 09:40:00-04:00,50.59,50.59,50.41,50.41,4995.0,50.472,38
2023-09-22 09:45:00-04:00,50.45,50.47,50.42,50.44,1124.0,50.45,8
2023-09-22 09:50:00-04:00,50.46,50.46,50.31,50.33,6704.0,50.37,47
2023-09-22 09:55:00-04:00,50.34,50.34,50.29,50.34,2656.0,50.308,22
2023-09-22 10:00:00-04:00,50.33,50.33,50.21,50.24,3320.0,50.252,29
2023-09-22 10:05:00-04:00,50.26,50.36,50.26,50.36,2101.0,50.319,17
2023-09-22 10:10:00-04:00,50.35,50.35,50.18,50.19,1936.0,50.297,17
2023-09-22 10:15:00-04:00,50.18,50.19,50.06,50.09,2816.0,50.127,22
2023-09-22 10:20:00-04:00,50.08,50.14,50.03,50.09,3794.0,50.094,32
2023-09-22 10:25:00-04:00,50.14,50.17,50.08,50.14,2937.0,50.131,25
2023-09-22 10:30:00-04:00,50.14,50.16,50.09,50.1,1313.0,50.124,13
2023-09-22 10:35:00-04:00,50.1,50.2,50.07,50.2,13455.0,50.166,117
2023-09-22 10:40:00-04:00,50.19,50.38,50.18,50.32,19972.0,50.268,164
2023-09-22 10:45:00-04:00,50.35,50.35,50.28,50.28,10457.0,50.311,70
2023-09-22 10:50:00-04:00,50.27,50.27,50.19,50.27,18378.0,50.219,69
2023-09-22 10:55:00-04:00,50.26,50.33,50.26,50.33,18336.0,50.277,97
2023-09-22 11:00:00-04:00,50.32,50.32,50.19,50.19,4462.0,50.241,32
2023-09-22 11:05:00-04:00,50.18,50.21,50.15,50.2,5797.0,50.182,39
2023-09-22 11:10:00-04:00,50.21,50.24,50.21,50.24,3687.0,50.225,16
2023-09-22 11:15:00-04:00,50.24,50.38,50.23,50.25,45538.0,50.289,216
2023-09-22 11:20:00-04:00,50.23,50.26,50.23,50.26,655.0,50.253,6
2023-09-22 11:25:00-04:00,50.26,50.33,50.25,50.33,2144.0,50.288,16
2023-09-22 11:30:00-04:00,50.31,50.32,50.3,50.3,1055.0,50.305,7
2023-09-22 11:35:00-04:00,50.32,50.34,50.32,50.32,430.0,50.323,4
2023-09-22 11:40:00-04:00,50.34,50.34,50.26,50.27,1944.0,50.293,17
2023-09-22 11:45:00-04:00,50.26,50.28,50.2,50.2,1748.0,50.26,14
2023-09-22 11:50:00-04:00,50.22,50.23,50.16,50.17,2778.0,50.205,13
2023-09-22 11:55:00-04:00,50.16,50.17,50.08,50.13,3642.0,50.118,26
2023-09-22 12:00:00-04:00,50.11,50.11,50.07,50.07,2145.0,50.081,18
2023-09-22 12:05:00-04:00,50.04,50.04,49.76,49.76,24876.0,49.885,161
2023-09-22 12:10:00-04:00,49.77,49.83,49.72,49.81,13771.0,49.779,63
2023-09-22 12:15:00-04:00,49.81,49.98,49.81,49.98,6162.0,49.866,34
2023-09-22 12:20:00-04:00,49.98,49.98,49.9,49.91,3394.0,49.934,26
2023-09-22 12:25:00-04:00,49.88,49.89,49.84,49.84,5445.0,49.865,40
2023-09-22 12:30:00-04:00,49.83,49.83,49.79,49.82,2756.0,49.809,17
2023-09-22 12:35:00-04:00,49.84,49.87,49.82,49.86,8275.0,49.841,59
2023-09-22 12:40:00-04:00,49.86,49.89,49.85,49.88,2239.0,49.869,18
2023-09-22 12:45:00-04:00,49.88,49.95,49.88,49.89,5472.0,49.919,48
2023-09-22 12:50:00-04:00,49.88,49.89,49.86,49.86,2215.0,49.872,18
2023-09-22 12:55:00-04:00,49.87,49.89,49.87,49.87,1636.0,49.878,13
2023-09-22 13:00:00-04:00,49.86,49.91,49.86,49.91,1007.0,49.886,10
2023-09-22 13:05:00-04:00,49.92,49.98,49.87,49.87,4664.0,49.933,37
2023-09-22 13:10:00-04:00,49.86,49.93,49.85,49.91,8149.0,49.899,37
2023-09-22 13:15:00-04:00,49.91,50.0,49.88,49.97,5715.0,49.944,38
2023-09-22 13:20:00-04:00,49.96,50.06,49.89,49.9,70731.0,49.953,92
2023-09-22 13:25:00-04:00,49.88,49.88,49.72,49.72,4346.0,49.801,35
2023-09-22 13:30:00-04:00,49.69,49.72,49.63,49.69,10961.0,49.676,89
2023-09-22 13:35:00-04:00,49.7,49.84,49.7,49.79,9291.0,49.785,63
2023-09-22 13:40:00-04:00,49.79,49.85,49.77,49.78,99268.0,49.795,120
2023-09-22 13:45:00-04:00,49.8,49.86,49.77,49.81,12045.0,49.822,81
2023-09-22 13:50:00-04:00,49.82,49.91,49.82,49.9,18704.0,49.849,114
2023-09-22 13:55:00-04:00,49.94,49.96,49.9,49.94,49449.0,49.912,150
2023-09-22 14:00:00-04:00,49.94,49.94,49.88,49.9,9421.0,49.905,82
2023-09-22 14:05:00-04:00,49.91,50.0,49.91,49.98,38700.0,49.953,177
2023-09-22 14:10:00-04:00,50.0,50.0,49.85,49.94,146688.0,49.949,189
2023-09-22 14:15:00-04:00,49.95,49.99,49.95,49.98,3103.0,49.962,24
2023-09-22 14:20:00-04:00,49.97,49.98,49.87,49.89,6499.0,49.924,48
2023-09-22 14:25:00-04:00,49.89,49.97,49.86,49.89,124244.0,49.923,136
2023-09-22 14:30:00-04:00,49.89,49.95,49.84,49.94,30346.0,49.911,141
2023-09-22 14:35:00-04:00,49.93,49.93,49.88,49.91,14107.0,49.908,110
2023-09-22 14:40:00-04:00,49.91,49.92,49.81,49.85,10367.0,49.883,87
2023-09-22 14:45:00-04:00,49.84,49.85,49.75,49.8,5502.0,49.797,50
2023-09-22 14:50:00-04:00,49.8,49.81,49.69,49.71,8481.0,49.763,67
2023-09-22 14:55:00-04:00,49.71,49.78,49.7,49.78,14631.0,49.734,86
2023-09-22 15:00:00-04:00,49.77,49.8,49.73,49.75,18154.0,49.786,106
2023-09-22 15:05:00-04:00,49.75,49.76,49.68,49.74,6533.0,49.725,56
2023-09-22 15:10:00-04:00,49.75,49.78,49.74,49.74,10375.0,49.751,83
2023-09-22 15:15:00-04:00,49.75,49.8,49.75,49.8,14130.0,49.783,99
2023-09-22 15:20:00-04:00,49.8,49.91,49.79,49.89,37512.0,49.836,189
2023-09-22 15:25:00-04:00,49.88,49.98,49.87,49.97,21557.0,49.927,176
2023-09-22 15:30:00-04:00,49.97,49.99,49.73,49.73,21356.0,49.887,189
2023-09-22 15:35:00-04:00,49.73,49.78,49.68,49.72,36235.0,49.745,212
2023-09-22 15:40:00-04:00,49.71,49.71,49.57,49.58,16222.0,49.619,108
2023-09-22 15:45:00-04:00,49.56,49.59,49.47,49.53,26467.0,49.526,214
2023-09-22 15:50:00-04:00,49.52,49.57,49.49,49.54,55690.0,49.521,393
2023-09-22 15:55:00-04:00,49.54,49.56,49.48,49.51,128151.0,49.542,646
2023-09-25 09:30:00-04:00,49.46,49.81,49.46,49.81,16721.0,49.54,32
2023-09-25 09:35:00-04:00,49.81,49.85,49.59,49.63,4731.0,49.689,38
2023-09-25 09:40:00-04:00,49.66,49.75,49.62,49.74,5316.0,49.657,25
2023-09-25 09:45:00-04:00,49.7,49.73,49.61,49.66,3821.0,49.668,28
2023-09-25 09:50:00-04:00,49.64,49.81,49.64,49.77,6185.0,49.754,39
2023-09-25 09:55:00-04:00,49.79,49.83,49.73,49.78,18720.0,49.801,89
2023-09-25 10:00:00-04:00,49.75,49.76,49.58,49.61,8716.0,49.641,71
2023-09-25 10:05:00-04:00,49.59,49.6,49.47,49.53,3895.0,49.548,29
2023-09-25 10:10:00-04:00,49.56,49.62,49.56,49.59,4122.0,49.583,23
2023-09-25 10:15:00-04:00,49.6,49.64,49.56,49.58,6448.0,49.606,45
2023-09-25 10:20:00-04:00,49.61,49.63,49.58,49.58,4961.0,49.609,41
2023-09-25 10:25:00-04:00,49.53,49.53,49.44,49.47,4929.0,49.478,34
2023-09-25 10:30:00-04:00,49.48,49.5,49.43,49.5,5057.0,49.475,29
2023-09-25 10:35:00-04:00,49.48,49.51,49.46,49.49,3825.0,49.489,24
2023-09-25 10:40:00-04:00,49.48,49.48,49.38,49.4,4921.0,49.418,38
2023-09-25 10:45:00-04:00,49.41,49.45,49.39,49.42,5377.0,49.424,36
2023-09-25 10:50:00-04:00,49.41,49.42,49.2,49.23,5914.0,49.3,36
2023-09-25 10:55:00-04:00,49.24,49.24,49.19,49.19,3768.0,49.208,24
2023-09-25 11:00:00-04:00,49.21,49.21,49.12,49.16,7457.0,49.155,52
2023-09-25 11:05:00-04:00,49.16,49.19,49.09,49.19,6945.0,49.13,43
2023-09-25 11:10:00-04:00,49.19,49.21,49.11,49.11,5625.0,49.184,35
2023-09-25 11:15:00-04:00,49.12,49.36,49.12,49.35,10804.0,49.251,47
2023-09-25 11:20:00-04:00,49.37,49.45,49.36,49.45,4193.0,49.391,32
2023-09-25 11:25:00-04:00,49.43,49.44,49.26,49.26,6712.0,49.359,51
2023-09-25 11:30:00-04:00,49.26,49.29,49.16,49.17,5907.0,49.242,44
2023-09-25 11:35:00-04:00,49.16,49.16,49.06,49.06,9225.0,49.102,70
2023-09-25 11:40:00-04:00,49.08,49.14,49.07,49.12,5821.0,49.1,48
2023-09-25 11:45:00-04:00,49.13,49.2,49.12,49.15,4038.0,49.158,31
2023-09-25 11:50:00-04:00,49.15,49.19,49.13,49.14,5052.0,49.163,36
2023-09-25 11:55:00-04:00,49.13,49.16,49.09,49.16,5975.0,49.124,44
2023-09-25 12:00:00-04:00,49.16,49.26,49.15,49.2,7417.0,49.201,42
2023-09-25 12:05:00-04:00,49.21,49.22,49.15,49.16,5254.0,49.185,33
2023-09-25 12:10:00-04:00,49.15,49.16,49.12,49.12,6239.0,49.146,34
2023-09-25 12:15:00-04:00,49.12,49.18,49.09,49.15,6544.0,49.129,46
2023-09-25 12:20:00-04:00,49.16,49.18,49.15,49.15,6558.0,49.162,34
2023-09-25 12:25:00-04:00,49.14,49.14,49.1,49.13,4555.0,49.123,31
2023-09-25 12:30:00-04:00,49.14,49.21,49.13,49.21,6959.0,49.148,47
2023-09-25 12:35:00-04:00,49.21,49.22,49.17,49.18,3585.0,49.205,24
2023-09-25 12:40:00-04:00,49.16,49.22,49.15,49.17,6066.0,49.176,45
2023-09-25 12:45:00-04:00,49.18,49.22,49.16,49.19,7845.0,49.193,60
2023-09-25 12:50:00-04:00,49.16,49.18,49.12,49.18,5548.0,49.154,40
2023-09-25 12:55:00-04:00,49.18,49.19,49.14,49.19,6729.0,49.158,40
2023-09-25 13:00:00-04:00,49.19,49.19,49.1,49.12,8375.0,49.139,38
2023-09-25 13:05:00-04:00,49.12,49.2,49.12,49.19,5861.0,49.157,42
2023-09-25 13:10:00-04:00,49.18,49.22,49.17,49.22,4839.0,49.189,39
2023-09-25 13:15:00-04:00,49.23,49.25,49.2,49.22,7297.0,49.225,41
2023-09-25 13:20:00-04:00,49.23,49.25,49.16,49.16,3598.0,49.223,23
2023-09-25 13:25:00-04:00,49.15,49.15,49.07,49.09,7319.0,49.116,44
2023-09-25 13:30:00-04:00,49.09,49.09,49.05,49.09,5217.0,49.074,37
2023-09-25 13:35:00-04:00,49.07,49.15,49.07,49.14,3986.0,49.106,33
2023-09-25 13:40:00-04:00,49.13,49.17,49.1,49.15,4904.0,49.133,34
2023-09-25 13:45:00-04:00,49.15,49.17,49.09,49.15,13630.0,49.129,72
2023-09-25 13:50:00-04:00,49.14,49.17,49.11,49.16,5440.0,49.138,33
2023-09-25 13:55:00-04:00,49.16,49.18,49.15,49.18,4844.0,49.172,39
2023-09-25 14:00:00-04:00,49.18,49.19,49.12,49.17,5143.0,49.166,44
2023-09-25 14:05:00-04:00,49.18,49.2,49.08,49.08,6820.0,49.133,55
2023-09-25 14:10:00-04:00,49.08,49.1,49.0,49.0,5280.0,49.066,45
2023-09-25 14:15:00-04:00,49.0,49.03,48.96,49.03,6687.0,49.0,58
2023-09-25 14:20:00-04:00,49.04,49.07,49.02,49.05,4524.0,49.048,34
2023-09-25 14:25:00-04:00,49.06,49.07,49.04,49.06,5804.0,49.065,50
2023-09-25 14:30:00-04:00,49.05,49.08,49.02,49.08,6750.0,49.054,53
2023-09-25 14:35:00-04:00,49.09,49.16,49.08,49.13,3850.0,49.121,31
2023-09-25 14:40:00-04:00,49.14,49.18,49.07,49.1,9004.0,49.114,69
2023-09-25 14:45:00-04:00,49.1,49.12,49.08,49.09,5627.0,49.103,42
2023-09-25 14:50:00-04:00,49.11,49.11,49.04,49.05,5817.0,49.066,47
2023-09-25 14:55:00-04:00,49.04,49.09,49.03,49.06,8734.0,49.065,64
2023-09-25 15:00:00-04:00,49.04,49.04,48.95,48.97,11304.0,49.005,77
2023-09-25 15:05:00-04:00,48.99,48.99,48.95,48.98,9154.0,48.974,58
2023-09-25 15:10:00-04:00,48.97,49.05,48.97,49.03,12986.0,49.008,97
2023-09-25 15:15:00-04:00,49.02,49.13,49.0,49.13,20086.0,49.07,145
2023-09-25 15:20:00-04:00,49.12,49.17,49.11,49.16,37897.0,49.146,179
2023-09-25 15:25:00-04:00,49.15,49.23,49.14,49.19,12355.0,49.179,102
2023-09-25 15:30:00-04:00,49.18,49.22,49.15,49.2,12360.0,49.188,93
2023-09-25 15:35:00-04:00,49.18,49.27,49.18,49.27,17176.0,49.226,86
2023-09-25 15:40:00-04:00,49.27,49.3,49.2,49.22,25227.0,49.233,128
2023-09-25 15:45:00-04:00,49.21,49.35,49.2,49.25,27243.0,49.284,198
2023-09-25 15:50:00-04:00,49.24,49.3,49.19,49.19,52483.0,49.236,321
2023-09-25 15:55:00-04:00,49.19,49.35,49.15,49.29,128867.0,49.287,576
2023-09-26 09:30:00-04:00,49.08,49.26,49.08,49.13,10932.0,49.102,18
2023-09-26 09:35:00-04:00,49.19,49.21,49.08,49.1,5891.0,49.126,35
2023-09-26 09:40:00-04:00,49.11,49.3,49.1,49.28,3811.0,49.242,31
2023-09-26 09:45:00-04:00,49.3,49.33,49.23,49.23,3164.0,49.279,25
2023-09-26 09:50:00-04:00,49.22,49.22,49.05,49.05,5099.0,49.142,38
2023-09-26 09:55:00-04:00,49.05,49.08,49.05,49.08,1183.0,49.07,11
2023-09-26 10:00:00-04:00,49.1,49.12,49.02,49.08,4173.0,49.072,36
2023-09-26 10:05:00-04:00,49.1,49.19,49.09,49.14,5319.0,49.16,41
2023-09-26 10:10:00-04:00,49.16,49.16,49.04,49.04,4495.0,49.125,35
2023-09-26 10:15:00-04:00,49.05,49.11,49.02,49.11,6193.0,49.059,41
2023-09-26 10:20:00-04:00,49.1,49.18,49.1,49.12,4915.0,49.125,28
2023-09-26 10:25:00-04:00,49.12,49.18,49.11,49.13,6522.0,49.148,39
2023-09-26 10:30:00-04:00,49.11,49.11,49.02,49.03,2866.0,49.061,13
2023-09-26 10:35:00-04:00,49.01,49.03,48.96,49.02,3550.0,49.011,31
2023-09-26 10:40:00-04:00,49.02,49.09,48.93,49.09,4432.0,48.981,32
2023-09-26 10:45:00-04:00,49.1,49.12,48.98,48.98,4953.0,49.043,34
2023-09-26 10:50:00-04:00,48.98,49.01,48.93,48.93,3224.0,48.959,23
2023-09-26 10:55:00-04:00,48.9,48.93,48.88,48.93,4637.0,48.906,40
2023-09-26 11:00:00-04:00,48.94,48.95,48.9,48.94,3087.0,48.928,24
2023-09-26 11:05:00-04:00,48.92,48.92,48.77,48.8,4910.0,48.816,42
2023-09-26 11:10:00-04:00,48.8,48.91,48.8,48.91,6826.0,48.864,40
2023-09-26 11:15:00-04:00,48.88,48.88,48.7,48.72,7651.0,48.771,59
2023-09-26 11:20:00-04:00,48.72,48.75,48.71,48.75,6729.0,48.724,50
2023-09-26 11:25:00-04:00,48.74,48.77,48.69,48.69,10358.0,48.735,50
2023-09-26 11:30:00-04:00,48.69,48.69,48.57,48.65,4015.0,48.625,36
2023-09-26 11:35:00-04:00,48.65,48.72,48.64,48.7,5675.0,48.686,50
2023-09-26 11:40:00-04:00,48.68,48.68,48.64,48.64,2333.0,48.667,20
2023-09-26 11:45:00-04:00,48.61,48.65,48.61,48.64,4300.0,48.63,39
2023-09-26 11:50:00-04:00,48.63,48.7,48.63,48.64,4841.0,48.661,32
2023-09-26 11:55:00-04:00,48.63,48.67,48.62,48.67,4458.0,48.633,39
2023-09-26 12:00:00-04:00,48.68,48.69,48.61,48.64,4902.0,48.65,42
2023-09-26 12:05:00-04:00,48.64,48.75,48.64,48.74,3813.0,48.714,33
2023-09-26 12:10:00-04:00,48.74,48.82,48.74,48.82,6864.0,48.782,54
2023-09-26 12:15:00-04:00,48.81,48.81,48.74,48.74,4750.0,48.774,36
2023-09-26 12:20:00-04:00,48.73,48.78,48.72,48.78,3911.0,48.748,25
2023-09-26 12:25:00-04:00,48.77,48.8,48.76,48.77,6095.0,48.777,45
2023-09-26 12:30:00-04:00,48.76,48.76,48.68,48.68,4924.0,48.707,34
2023-09-26 12:35:00-04:00,48.68,48.7,48.64,48.7,5206.0,48.666,37
2023-09-26 12:40:00-04:00,48.69,48.7,48.65,48.66,5191.0,48.678,33
2023-09-26 12:45:00-04:00,48.68,48.68,48.63,48.66,3565.0,48.645,31
2023-09-26 12:50:00-04:00,48.66,48.66,48.62,48.62,1806.0,48.645,14
2023-09-26 12:55:00-04:00,48.61,48.62,48.54,48.56,4972.0,48.57,30
2023-09-26 13:00:00-04:00,48.53,48.55,48.44,48.45,6608.0,48.471,44
2023-09-26 13:05:00-04:00,48.45,48.52,48.33,48.51,12483.0,48.416,86
2023-09-26 13:10:00-04:00,48.49,48.51,48.47,48.5,5373.0,48.491,39
2023-09-26 13:15:00-04:00,48.49,48.62,48.49,48.57,7725.0,48.566,55
2023-09-26 13:20:00-04:00,48.57,48.6,48.51,48.54,9315.0,48.556,70
2023-09-26 13:25:00-04:00,48.53,48.53,48.41,48.42,3891.0,48.458,31
2023-09-26 13:30:00-04:00,48.4,48.43,48.4,48.43,7663.0,48.411,41
2023-09-26 13:35:00-04:00,48.42,48.42,48.36,48.36,6374.0,48.393,47
2023-09-26 13:40:00-04:00,48.35,48.35,48.29,48.32,6497.0,48.324,54
2023-09-26 13:45:00-04:00,48.32,48.32,48.25,48.26,4225.0,48.278,35
2023-09-26 13:50:00-04:00,48.26,48.31,48.22,48.3,8272.0,48.268,59
2023-09-26 13:55:00-04:00,48.29,48.31,48.26,48.3,7521.0,48.277,43
2023-09-26 14:00:00-04:00,48.29,48.29,48.24,48.26,8047.0,48.272,54
2023-09-26 14:05:00-04:00,48.26,48.26,48.23,48.26,5163.0,48.254,42
2023-09-26 14:10:00-04:00,48.27,48.27,48.17,48.19,10221.0,48.208,44
2023-09-26 14:15:00-04:00,48.18,48.19,48.14,48.14,8849.0,48.159,75
2023-09-26 14:20:00-04:00,48.14,48.22,48.14,48.22,5718.0,48.187,35
2023-09-26 14:25:00-04:00,48.2,48.21,48.18,48.2,2392.0,48.196,16
2023-09-26 14:30:00-04:00,48.2,48.21,48.17,48.18,4934.0,48.191,34
2023-09-26 14:35:00-04:00,48.17,48.17,48.11,48.12,7746.0,48.148,60
2023-09-26 14:40:00-04:00,48.13,48.13,48.1,48.12,6990.0,48.116,57
2023-09-26 14:45:00-04:00,48.13,48.15,48.12,48.14,5058.0,48.137,41
2023-09-26 14:50:00-04:00,48.15,48.16,48.08,48.1,4518.0,48.11,36
2023-09-26 14:55:00-04:00,48.09,48.11,48.09,48.1,5517.0,48.102,39
2023-09-26 15:00:00-04:00,48.09,48.12,48.05,48.08,8070.0,48.08,56
2023-09-26 15:05:00-04:00,48.09,48.16,48.06,48.14,7382.0,48.102,61
2023-09-26 15:10:00-04:00,48.14,48.15,48.09,48.09,7949.0,48.136,51
2023-09-26 15:15:00-04:00,48.09,48.12,48.04,48.04,12741.0,48.091,83
2023-09-26 15:20:00-04:00,48.04,48.11,48.03,48.05,11948.0,48.066,81
2023-09-26 15:25:00-04:00,48.04,48.06,47.98,48.06,12919.0,48.016,87
2023-09-26 15:30:00-04:00,48.06,48.08,48.03,48.08,15532.0,48.058,89
2023-09-26 15:35:00-04:00,48.08,48.11,48.03,48.1,12751.0,48.076,95
2023-09-26 15:40:00-04:00,48.1,48.19,48.09,48.19,13536.0,48.121,97
2023-09-26 15:45:00-04:00,48.18,48.18,48.12,48.13,22660.0,48.152,162
2023-09-26 15:50:00-04:00,48.12,48.3,48.09,48.26,43668.0,48.221,317
2023-09-26 15:55:00-04:00,48.25,48.28,48.14,48.14,130889.0,48.209,597
2023-09-27 09:30:00-04:00,48.21,48.44,48.16,48.34,14887.0,48.249,36
2023-09-27 09:35:00-04:00,48.35,48.51,48.26,48.27,5459.0,48.341,36
2023-09-27 09:40:00-04:00,48.23,48.23,47.9,47.98,9925.0,48.065,67
2023-09-27 09:45:00-04:00,48.02,48.06,47.9,47.97,10380.0,47.972,65
2023-09-27 09:50:00-04:00,47.98,47.98,47.8,47.8,11095.0,47.888,79
2023-09-27 09:55:00-04:00,47.81,47.81,47.71,47.72,7363.0,47.767,52
2023-09-27 10:00:00-04:00,47.74,48.1,47.73,48.1,13641.0,47.899,104
2023-09-27 10:05:00-04:00,48.13,48.27,48.13,48.22,6709.0,48.183,45
2023-09-27 10:10:00-04:00,48.23,48.25,48.08,48.08,5880.0,48.131,46
2023-09-27 10:15:00-04:00,48.09,48.13,48.04,48.13,3202.0,48.089,24
2023-09-27 10:20:00-04:00,48.16,48.29,48.16,48.28,6449.0,48.222,47
2023-09-27 10:25:00-04:00,48.31,48.35,48.27,48.3,10210.0,48.309,85
2023-09-27 10:30:00-04:00,48.27,48.34,48.23,48.33,7167.0,48.299,67
2023-09-27 10:35:00-04:00,48.38,48.43,48.34,48.37,2326.0,48.393,17
2023-09-27 10:40:00-04:00,48.38,48.42,48.34,48.34,6577.0,48.388,50
2023-09-27 10:45:00-04:00,48.34,48.41,48.31,48.41,6634.0,48.363,55
2023-09-27 10:50:00-04:00,48.41,48.44,48.33,48.34,9041.0,48.369,82
2023-09-27 10:55:00-04:00,48.34,48.35,48.26,48.29,14998.0,48.308,117
2023-09-27 11:00:00-04:00,48.28,48.45,48.22,48.44,9194.0,48.319,67
2023-09-27 11:05:00-04:00,48.46,48.48,48.41,48.41,5012.0,48.437,40
2023-09-27 11:10:00-04:00,48.38,48.44,48.32,48.41,5422.0,48.375,47
2023-09-27 11:15:00-04:00,48.43,48.43,48.31,48.34,8928.0,48.348,69
2023-09-27 11:20:00-04:00,48.35,48.44,48.33,48.39,63410.0,48.355,120
2023-09-27 11:25:00-04:00,48.4,48.5,48.4,48.48,10069.0,48.47,75
2023-09-27 11:30:00-04:00,48.47,48.51,48.44,48.51,2515.0,48.476,22
2023-09-27 11:35:00-04:00,48.52,48.57,48.48,48.5,12104.0,48.522,94
2023-09-27 11:40:00-04:00,48.48,48.52,48.43,48.45,6340.0,48.486,52
2023-09-27 11:45:00-04:00,48.44,48.44,48.36,48.4,7824.0,48.407,69
2023-09-27 11:50:00-04:00,48.4,48.45,48.39,48.45,9145.0,48.423,77
2023-09-27 11:55:00-04:00,48.46,48.48,48.38,48.39,6076.0,48.438,54
2023-09-27 12:00:00-04:00,48.39,48.39,48.22,48.25,13172.0,48.296,96
2023-09-27 12:05:00-04:00,48.22,48.28,48.2,48.25,9735.0,48.242,53
2023-09-27 12:10:00-04:00,48.26,48.29,48.2,48.24,3627.0,48.245,34
2023-09-27 12:15:00-04:00,48.23,48.23,48.12,48.13,3516.0,48.144,28
2023-09-27 12:20:00-04:00,48.14,48.21,48.13,48.17,3315.0,48.172,23
2023-09-27 12:25:00-04:00,48.18,48.18,48.14,48.14,1325.0,48.159,12
2023-09-27 12:30:00-04:00,48.16,48.22,48.14,48.22,3095.0,48.184,24
2023-09-27 12:35:00-04:00,48.22,48.26,48.22,48.26,1673.0,48.238,13
2023-09-27 12:40:00-04:00,48.27,48.31,48.22,48.31,6562.0,48.253,36
2023-09-27 12:45:00-04:00,48.32,48.33,48.27,48.3,2314.0,48.29,15
2023-09-27 12:50:00-04:00,48.28,48.28,48.23,48.23,2554.0,48.262,21
2023-09-27 12:55:00-04:00,48.23,48.23,48.13,48.18,3815.0,48.179,24
2023-09-27 13:00:00-04:00,48.15,48.24,48.15,48.24,3653.0,48.183,34
2023-09-27 13:05:00-04:00,48.26,48.26,48.21,48.23,2434.0,48.234,21
2023-09-27 13:10:00-04:00,48.23,48.23,48.13,48.13,4532.0,48.201,44
2023-09-27 13:15:00-04:00,48.12,48.12,48.04,48.07,2345.0,48.082,18
2023-09-27 13:20:00-04:00,48.07,48.07,48.0,48.01,7030.0,48.029,48
2023-09-27 13:25:00-04:00,47.99,47.99,47.9,47.91,3543.0,47.937,26
2023-09-27 13:30:00-04:00,47.9,47.92,47.88,47.89,5387.0,47.906,28
2023-09-27 13:35:00-04:00,47.89,47.91,47.87,47.88,10093.0,47.89,53
2023-09-27 13:40:00-04:00,47.85,47.87,47.81,47.86,8063.0,47.832,38
2023-09-27 13:45:00-04:00,47.86,47.87,47.83,47.86,4082.0,47.859,37
2023-09-27 13:50:00-04:00,47.86,47.95,47.86,47.93,6318.0,47.92,32
2023-09-27 13:55:00-04:00,47.92,47.98,47.89,47.97,5397.0,47.931,46
2023-09-27 14:00:00-04:00,47.98,47.98,47.88,47.9,6496.0,47.925,55
2023-09-27 14:05:00-04:00,47.89,47.94,47.88,47.9,5910.0,47.911,47
2023-09-27 14:10:00-04:00,47.89,47.96,47.88,47.96,3260.0,47.912,27
2023-09-27 14:15:00-04:00,47.99,48.01,47.98,47.99,1609.0,47.997,13
2023-09-27 14:20:00-04:00,48.0,48.04,47.98,48.02,2933.0,48.01,16
2023-09-27 14:25:00-04:00,48.03,48.1,48.02,48.09,7976.0,48.077,61
2023-09-27 14:30:00-04:00,48.1,48.22,48.1,48.17,5946.0,48.179,38
2023-09-27 14:35:00-04:00,48.21,48.22,48.2,48.2,2643.0,48.206,23
2023-09-27 14:40:00-04:00,48.21,48.35,48.2,48.31,7366.0,48.28,46
2023-09-27 14:45:00-04:00,48.35,48.35,48.3,48.3,3583.0,48.317,26
2023-09-27 14:50:00-04:00,48.3,48.36,48.28,48.34,5681.0,48.321,47
2023-09-27 14:55:00-04:00,48.34,48.34,48.29,48.31,4169.0,48.312,39
2023-09-27 15:00:00-04:00,48.32,48.44,48.32,48.44,5884.0,48.391,45
2023-09-27 15:05:00-04:00,48.44,48.5,48.43,48.5,5190.0,48.463,37
2023-09-27 15:10:00-04:00,48.5,48.6,48.49,48.55,11520.0,48.561,82
2023-09-27 15:15:00-04:00,48.54,48.55,48.47,48.47,13089.0,48.507,90
2023-09-27 15:20:00-04:00,48.48,48.51,48.46,48.48,7242.0,48.489,54
2023-09-27 15:25:00-04:00,48.46,48.54,48.44,48.49,17354.0,48.494,125
2023-09-27 15:30:00-04:00,48.49,48.49,48.42,48.45,17030.0,48.456,116
2023-09-27 15:35:00-04:00,48.46,48.46,48.35,48.36,14301.0,48.396,112
2023-09-27 15:40:00-04:00,48.36,48.36,48.2,48.26,20337.0,48.277,160
2023-09-27 15:45:00-04:00,48.25,48.27,48.13,48.17,23501.0,48.21,161
2023-09-27 15:50:00-04:00,48.17,48.33,48.16,48.32,39642.0,48.279,309
2023-09-27 15:55:00-04:00,48.31,48.31,48.22,48.23,111308.0,48.26,545
2023-09-28 09:30:00-04:00,48.03,48.18,48.01,48.18,15309.0,48.038,21
2023-09-28 09:35:00-04:00,48.18,48.22,48.11,48.16,3990.0,48.16,18
2023-09-28 09:40:00-04:00,48.2,48.2,47.84,47.84,5412.0,47.953,46
2023-09-28 09:45:00-04:00,47.85,47.88,47.63,47.69,10745.0,47.801,69
2023-09-28 09:50:00-04:00,47.72,47.94,47.69,47.93,8465.0,47.824,78
2023-09-28 09:55:00-04:00,47.95,48.05,47.93,47.94,11460.0,47.992,64
2023-09-28 10:00:00-04:00,47.94,47.99,47.9,47.98,10092.0,47.95,90
2023-09-28 10:05:00-04:00,48.01,48.04,47.94,47.99,5878.0,48.003,53
2023-09-28 10:10:00-04:00,47.98,48.05,47.96,48.02,7121.0,48.012,57
2023-09-28 10:15:00-04:00,48.05,48.08,47.93,48.03,7837.0,48.0,69
2023-09-28 10:20:00-04:00,48.07,48.1,47.89,47.91,9991.0,47.963,58
2023-09-28 10:25:00-04:00,47.89,48.0,47.89,47.95,7021.0,47.957,61
2023-09-28 10:30:00-04:00,47.94,47.94,47.78,47.83,2915.0,47.843,23
2023-09-28 10:35:00-04:00,47.85,48.0,47.83,47.97,10407.0,47.927,84
2023-09-28 10:40:00-04:00,47.98,48.01,47.91,48.01,6120.0,47.951,52
2023-09-28 10:45:00-04:00,48.01,48.02,47.95,47.98,7428.0,47.99,65
2023-09-28 10:50:00-04:00,47.98,47.98,47.91,47.97,5028.0,47.949,45
2023-09-28 10:55:00-04:00,47.95,47.98,47.86,47.92,11513.0,47.911,105
2023-09-28 11:00:00-04:00,47.92,47.99,47.88,47.99,18121.0,47.936,67
2023-09-28 11:05:00-04:00,48.0,48.06,47.94,48.02,7133.0,47.99,66
2023-09-28 11:10:00-04:00,47.99,48.01,47.92,47.96,8256.0,47.966,71
2023-09-28 11:15:00-04:00,47.91,47.96,47.84,47.88,8728.0,47.878,68
2023-09-28 11:20:00-04:00,47.87,48.02,47.87,47.99,4424.0,47.949,41
2023-09-28 11:25:00-04:00,48.01,48.01,47.93,48.0,6900.0,47.974,64
2023-09-28 11:30:00-04:00,48.01,48.06,48.01,48.04,14413.0,48.034,117
2023-09-28 11:35:00-04:00,48.04,48.11,48.03,48.07,14014.0,48.05,114
2023-09-28 11:40:00-04:00,48.07,48.19,48.06,48.14,28575.0,48.108,190
2023-09-28 11:45:00-04:00,48.16,48.19,48.12,48.19,13635.0,48.157,85
2023-09-28 11:50:00-04:00,48.19,48.26,48.18,48.21,24023.0,48.202,120
2023-09-28 11:55:00-04:00,48.21,48.24,48.18,48.2,16293.0,48.209,121
2023-09-28 12:00:00-04:00,48.21,48.21,48.05,48.07,9079.0,48.132,71
2023-09-28 12:05:00-04:00,48.07,48.17,48.05,48.17,7664.0,48.079,63
2023-09-28 12:10:00-04:00,48.17,48.24,48.17,48.22,24050.0,48.218,167
2023-09-28 12:15:00-04:00,48.19,48.26,48.18,48.26,6749.0,48.224,46
2023-09-28 12:20:00-04:00,48.28,48.37,48.28,48.34,5394.0,48.327,35
2023-09-28 12:25:00-04:00,48.34,48.45,48.33,48.44,8807.0,48.371,38
2023-09-28 12:30:00-04:00,48.42,48.52,48.41,48.5,8557.0,48.47,66
2023-09-28 12:35:00-04:00,48.49,48.56,48.49,48.54,6546.0,48.53,42
2023-09-28 12:40:00-04:00,48.54,48.54,48.48,48.49,14978.0,48.515,94
2023-09-28 12:45:00-04:00,48.49,48.49,48.39,48.4,4285.0,48.465,36
2023-09-28 12:50:00-04:00,48.39,48.48,48.39,48.42,10434.0,48.431,72
2023-09-28 12:55:00-04:00,48.41,48.47,48.39,48.39,6274.0,48.425,53
2023-09-28 13:00:00-04:00,48.38,48.43,48.35,48.37,19169.0,48.375,91
2023-09-28 13:05:00-04:00,48.34,48.41,48.33,48.37,6608.0,48.374,40
2023-09-28 13:10:00-04:00,48.38,48.38,48.34,48.36,3511.0,48.356,24
2023-09-28 13:15:00-04:00,48.37,48.38,48.3,48.34,5350.0,48.336,45
2023-09-28 13:20:00-04:00,48.35,48.45,48.35,48.38,6789.0,48.403,37
2023-09-28 13:25:00-04:00,48.38,48.38,48.26,48.28,8902.0,48.303,46
2023-09-28 13:30:00-04:00,48.28,48.28,48.1,48.12,24650.0,48.155,170
2023-09-28 13:35:00-04:00,48.13,48.21,48.11,48.13,30752.0,48.164,156
2023-09-28 13:40:00-04:00,48.13,48.14,48.03,48.03,7495.0,48.103,53
2023-09-28 13:45:00-04:00,48.03,48.14,48.0,48.11,21011.0,48.084,100
2023-09-28 13:50:00-04:00,48.11,48.23,48.11,48.19,7956.0,48.172,68
2023-09-28 13:55:00-04:00,48.2,48.21,48.16,48.2,7479.0,48.195,59
2023-09-28 14:00:00-04:00,48.21,48.24,48.19,48.19,5515.0,48.213,40
2023-09-28 14:05:00-04:00,48.2,48.28,48.17,48.27,7724.0,48.227,49
2023-09-28 14:10:00-04:00,48.26,48.27,48.23,48.25,8282.0,48.249,58
2023-09-28 14:15:00-04:00,48.24,48.26,48.23,48.26,5062.0,48.248,37
2023-09-28 14:20:00-04:00,48.26,48.27,48.19,48.2,12321.0,48.242,85
2023-09-28 14:25:00-04:00,48.2,48.23,48.19,48.22,2765.0,48.217,19
2023-09-28 14:30:00-04:00,48.21,48.21,48.1,48.11,10080.0,48.185,70
2023-09-28 14:35:00-04:00,48.11,48.11,48.0,48.05,12596.0,48.052,98
2023-09-28 14:40:00-04:00,48.06,48.07,48.02,48.04,11084.0,48.05,90
2023-09-28 14:45:00-04:00,48.03,48.07,48.01,48.04,11498.0,48.044,84
2023-09-28 14:50:00-04:00,48.04,48.07,48.03,48.07,8030.0,48.052,57
2023-09-28 14:55:00-04:00,48.07,48.17,48.04,48.17,13927.0,48.081,111
2023-09-28 15:00:00-04:00,48.18,48.26,48.17,48.26,7698.0,48.207,53
2023-09-28 15:05:00-04:00,48.26,48.26,48.22,48.26,8049.0,48.241,66
2023-09-28 15:10:00-04:00,48.25,48.26,48.2,48.24,29166.0,48.22,157
2023-09-28 15:15:00-04:00,48.24,48.32,48.24,48.32,8457.0,48.281,55
2023-09-28 15:20:00-04:00,48.32,48.33,48.25,48.32,15772.0,48.281,84
2023-09-28 15:25:00-04:00,48.33,48.35,48.25,48.28,49652.0,48.277,297
2023-09-28 15:30:00-04:00,48.27,48.27,48.14,48.17,13532.0,48.186,107
2023-09-28 15:35:00-04:00,48.17,48.18,48.06,48.09,17631.0,48.105,132
2023-09-28 15:40:00-04:00,48.08,48.15,48.08,48.12,22454.0,48.11,152
2023-09-28 15:45:00-04:00,48.12,48.2,48.11,48.2,26134.0,48.14,167
2023-09-28 15:50:00-04:00,48.19,48.25,48.12,48.16,69515.0,48.192,476
2023-09-28 15:55:00-04:00,48.16,48.28,48.12,48.16,550765.0,48.185,2414
2023-09-29 09:30:00-04:00,49.82,50.23,49.5,50.13,111618.0,49.844,170
2023-09-29 09:35:00-04:00,50.18,50.32,49.83,50.14,33848.0,50.115,214
2023-09-29 09:40:00-04:00,50.18,50.19,49.89,49.91,24651.0,50.013,151
2023-09-29 09:45:00-04:00,49.87,49.92,49.72,49.72,25689.0,49.807,140
2023-09-29 09:50:00-04:00,49.73,49.76,49.59,49.7,20971.0,49.688,157
2023-09-29 09:55:00-04:00,49.66,49.76,49.66,49.74,53997.0,49.728,241
2023-09-29 10:00:00-04:00,49.71,49.91,49.64,49.9,34410.0,49.738,163
2023-09-29 10:05:00-04:00,49.92,49.94,49.83,49.87,15938.0,49.897,103
2023-09-29 10:10:00-04:00,49.86,49.9,49.71,49.9,21742.0,49.804,117
2023-09-29 10:15:00-04:00,49.89,49.91,49.77,49.87,11237.0,49.852,73
2023-09-29 10:20:00-04:00,49.89,49.9,49.82,49.82,13693.0,49.861,107
2023-09-29 10:25:00-04:00,49.83,49.91,49.83,49.9,31225.0,49.891,166
2023-09-29 10:30:00-04:00,49.9,50.02,49.88,50.01,41955.0,49.911,266
2023-09-29 10:35:00-04:00,50.01,50.05,49.92,50.05,9954.0,49.972,73
2023-09-29 10:40:00-04:00,50.06,50.07,49.97,50.01,7443.0,50.021,46
2023-09-29 10:45:00-04:00,49.99,50.01,49.96,49.96,7145.0,49.98,52
2023-09-29 10:50:00-04:00,49.95,50.11,49.95,50.11,61688.0,50.004,72
2023-09-29 10:55:00-04:00,50.09,50.1,49.98,49.98,7812.0,50.038,56
2023-09-29 11:00:00-04:00,50.0,50.0,49.91,49.92,5952.0,49.945,52
2023-09-29 11:05:00-04:00,49.93,49.94,49.85,49.9,7264.0,49.893,62
2023-09-29 11:10:00-04:00,49.88,50.05,49.88,49.98,40045.0,49.971,136
2023-09-29 11:15:00-04:00,49.99,50.03,49.96,50.0,17670.0,49.995,96
2023-09-29 11:20:00-04:00,50.0,50.01,49.94,50.0,28413.0,49.995,169
2023-09-29 11:25:00-04:00,50.0,50.01,49.84,49.84,29626.0,49.986,168
2023-09-29 11:30:00-04:00,49.86,49.87,49.78,49.79,11786.0,49.833,76
2023-09-29 11:35:00-04:00,49.78,49.8,49.7,49.73,10676.0,49.748,89
2023-09-29 11:40:00-04:00,49.73,49.83,49.73,49.78,8300.0,49.767,61
2023-09-29 11:45:00-04:00,49.79,49.82,49.77,49.78,14874.0,49.797,108
2023-09-29 11:50:00-04:00,49.78,49.87,49.77,49.85,24396.0,49.816,137
2023-09-29 11:55:00-04:00,49.85,49.93,49.85,49.91,99578.0,49.889,102
2023-09-29 12:00:00-04:00,49.91,49.92,49.83,49.9,9764.0,49.892,62
2023-09-29 12:05:00-04:00,49.9,50.11,49.89,50.08,9816.0,50.036,68
2023-09-29 12:10:00-04:00,50.08,50.25,50.05,50.22,22548.0,50.196,152
2023-09-29 12:15:00-04:00,50.23,50.35,50.16,50.26,21305.0,50.264,117
2023-09-29 12:20:00-04:00,50.26,50.28,50.11,50.11,8402.0,50.205,36
2023-09-29 12:25:00-04:00,50.07,50.17,50.07,50.14,6148.0,50.117,44
2023-09-29 12:30:00-04:00,50.1,50.13,49.94,50.0,11518.0,50.057,64
2023-09-29 12:35:00-04:00,50.01,50.02,49.96,49.96,5170.0,49.993,31
2023-09-29 12:40:00-04:00,49.96,50.04,49.9,49.91,15992.0,49.99,36
2023-09-29 12:45:00-04:00,49.93,50.01,49.9,49.92,3726.0,49.952,32
2023-09-29 12:50:00-04:00,49.9,49.91,49.84,49.9,4616.0,49.869,39
2023-09-29 12:55:00-04:00,49.92,49.96,49.89,49.96,3542.0,49.911,27
2023-09-29 13:00:00-04:00,49.96,49.97,49.8,49.81,12358.0,49.876,85
2023-09-29 13:05:00-04:00,49.8,49.8,49.62,49.63,6815.0,49.733,44
2023-09-29 13:10:00-04:00,49.63,49.73,49.58,49.73,7994.0,49.661,55
2023-09-29 13:15:00-04:00,49.74,49.82,49.74,49.75,14353.0,49.769,98
2023-09-29 13:20:00-04:00,49.76,49.83,49.75,49.81,8548.0,49.8,71
2023-09-29 13:25:00-04:00,49.81,49.95,49.81,49.95,5213.0,49.887,43
2023-09-29 13:30:00-04:00,49.95,50.05,49.94,50.05,13258.0,49.995,96
2023-09-29 13:35:00-04:00,50.05,50.11,50.0,50.11,21988.0,50.05,135
2023-09-29 13:40:00-04:00,50.1,50.2,50.08,50.13,14481.0,50.152,110
2023-09-29 13:45:00-04:00,50.13,50.15,50.03,50.03,14114.0,50.089,106
2023-09-29 13:50:00-04:00,50.01,50.1,49.98,50.06,15046.0,50.017,105
2023-09-29 13:55:00-04:00,50.07,50.08,50.01,50.03,14268.0,50.056,76
2023-09-29 14:00:00-04:00,50.02,50.02,49.92,49.99,16738.0,49.981,144
2023-09-29 14:05:00-04:00,50.01,50.13,50.0,50.05,32240.0,50.06,243
2023-09-29 14:10:00-04:00,50.05,50.05,49.99,50.01,13380.0,50.03,103
2023-09-29 14:15:00-04:00,50.01,50.01,49.88,49.9,9931.0,49.965,84
2023-09-29 14:20:00-04:00,49.88,49.91,49.8,49.87,10980.0,49.848,77
2023-09-29 14:25:00-04:00,49.89,49.95,49.86,49.86,10438.0,49.913,91
2023-09-29 14:30:00-04:00,49.87,49.93,49.8,49.82,10725.0,49.869,80
2023-09-29 14:35:00-04:00,49.81,49.83,49.77,49.79,8964.0,49.803,70
2023-09-29 14:40:00-04:00,49.8,49.93,49.79,49.93,8963.0,49.818,63
2023-09-29 14:45:00-04:00,49.93,49.94,49.88,49.88,9288.0,49.917,68
2023-09-29 14:50:00-04:00,49.87,49.9,49.85,49.9,7790.0,49.871,66
2023-09-29 14:55:00-04:00,49.9,50.02,49.9,50.01,10638.0,49.987,83
2023-09-29 15:00:00-04:00,50.02,50.07,49.96,49.97,14603.0,50.026,117
2023-09-29 15:05:00-04:00,49.97,50.0,49.9,49.9,9973.0,49.959,76
2023-09-29 15:10:00-04:00,49.9,49.99,49.87,49.93,12772.0,49.938,98
2023-09-29 15:15:00-04:00,49.95,49.97,49.93,49.95,10207.0,49.949,82
2023-09-29 15:20:00-04:00,49.95,50.03,49.93,50.02,13047.0,49.992,101
2023-09-29 15:25:00-04:00,50.04,50.04,49.94,50.0,15565.0,50.0,129
2023-09-29 15:30:00-04:00,50.0,50.03,49.8,49.81,18263.0,49.915,152
2023-09-29 15:35:00-04:00,49.8,49.8,49.69,49.74,28124.0,49.728,235
2023-09-29 15:40:00-04:00,49.77,49.79,49.66,49.74,23621.0,49.719,191
2023-09-29 15:45:00-04:00,49.75,49.85,49.72,49.83,35278.0,49.795,255
2023-09-29 15:50:00-04:00,49.82,49.92,49.73,49.73,115165.0,49.843,824
2023-09-29 15:55:00-04:00,49.74,49.84,49.71,49.79,247831.0,49.791,1087
2023-10-02 09:30:00-04:00,49.74,50.21,49.58,50.21,21396.0,49.828,77
2023-10-02 09:35:00-04:00,50.2,50.36,50.04,50.11,19806.0,50.245,153
2023-10-02 09:40:00-04:00,50.04,50.17,49.92,50.06,23951.0,50.098,95
2023-10-02 09:45:00-04:00,50.02,50.02,49.82,49.83,5770.0,49.889,41
2023-10-02 09:50:00-04:00,49.85,49.85,49.7,49.76,8680.0,49.752,71
2023-10-02 09:55:00-04:00,49.73,49.73,49.63,49.66,8156.0,49.671,47
2023-10-02 10:00:00-04:00,49.66,49.79,49.59,49.72,28740.0,49.728,181
2023-10-02 10:05:00-04:00,49.74,49.76,49.57,49.61,8821.0,49.671,68
2023-10-02 10:10:00-04:00,49.59,49.7,49.59,49.66,11874.0,49.662,81
2023-10-02 10:15:00-04:00,49.65,49.69,49.61,49.66,13046.0,49.653,101
2023-10-02 10:20:00-04:00,49.64,49.73,49.62,49.73,8961.0,49.676,70
2023-10-02 10:25:00-04:00,49.74,49.83,49.68,49.78,32916.0,49.759,198
2023-10-02 10:30:00-04:00,49.76,49.81,49.69,49.79,14603.0,49.743,95
2023-10-02 10:35:00-04:00,49.76,49.77,49.68,49.73,14224.0,49.721,111
2023-10-02 10:40:00-04:00,49.72,49.72,49.55,49.68,20907.0,49.673,150
2023-10-02 10:45:00-04:00,49.69,49.7,49.56,49.6,11731.0,49.613,104
2023-10-02 10:50:00-04:00,49.59,49.63,49.47,49.56,14180.0,49.542,91
2023-10-02 10:55:00-04:00,49.54,49.58,49.47,49.58,7751.0,49.516,68
2023-10-02 11:00:00-04:00,49.57,49.64,49.55,49.55,6549.0,49.592,49
2023-10-02 11:05:00-04:00,49.53,49.53,49.48,49.53,42544.0,49.5,99
2023-10-02 11:10:00-04:00,49.53,49.59,49.51,49.58,11232.0,49.548,60
2023-10-02 11:15:00-04:00,49.57,49.65,49.57,49.63,38385.0,49.602,136
2023-10-02 11:20:00-04:00,49.63,49.81,49.59,49.81,10221.0,49.703,86
2023-10-02 11:25:00-04:00,49.8,49.8,49.74,49.77,5604.0,49.776,48
2023-10-02 11:30:00-04:00,49.78,49.81,49.67,49.71,21896.0,49.702,129
2023-10-02 11:35:00-04:00,49.72,49.73,49.47,49.48,11259.0,49.622,67
2023-10-02 11:40:00-04:00,49.46,49.46,49.34,49.36,3714.0,49.373,22
2023-10-02 11:45:00-04:00,49.36,49.42,49.34,49.4,3143.0,49.386,28
2023-10-02 11:50:00-04:00,49.39,49.39,49.34,49.34,4620.0,49.371,44
2023-10-02 11:55:00-04:00,49.34,49.36,49.29,49.36,4043.0,49.332,31
2023-10-02 12:00:00-04:00,49.37,49.41,49.33,49.41,8197.0,49.37,37
2023-10-02 12:05:00-04:00,49.39,49.4,49.28,49.3,5819.0,49.347,32
2023-10-02 12:10:00-04:00,49.3,49.34,49.27,49.34,2574.0,49.312,25
2023-10-02 12:15:00-04:00,49.33,49.37,49.33,49.35,4637.0,49.353,41
2023-10-02 12:20:00-04:00,49.36,49.41,49.32,49.41,5713.0,49.366,50
2023-10-02 12:25:00-04:00,49.4,49.44,49.4,49.43,5152.0,49.425,48
2023-10-02 12:30:00-04:00,49.39,49.45,49.38,49.44,7264.0,49.417,57
2023-10-02 12:35:00-04:00,49.44,49.48,49.31,49.37,7271.0,49.4,52
2023-10-02 12:40:00-04:00,49.38,49.38,49.29,49.32,3825.0,49.331,31
2023-10-02 12:45:00-04:00,49.33,49.37,49.29,49.31,9679.0,49.318,75
2023-10-02 12:50:00-04:00,49.32,49.37,49.28,49.37,5242.0,49.318,36
2023-10-02 12:55:00-04:00,49.37,49.38,49.31,49.36,7590.0,49.345,57
2023-10-02 13:00:00-04:00,49.36,49.38,49.33,49.34,6588.0,49.363,53
2023-10-02 13:05:00-04:00,49.36,49.36,49.31,49.33,3605.0,49.342,32
2023-10-02 13:10:00-04:00,49.33,49.36,49.3,49.31,3238.0,49.327,30
2023-10-02 13:15:00-04:00,49.3,49.38,49.3,49.38,4999.0,49.345,41
2023-10-02 13:20:00-04:00,49.38,49.39,49.31,49.33,6102.0,49.353,47
2023-10-02 13:25:00-04:00,49.34,49.37,49.31,49.31,8830.0,49.34,65
2023-10-02 13:30:00-04:00,49.33,49.34,49.24,49.25,5003.0,49.288,32
2023-10-02 13:35:00-04:00,49.25,49.25,49.17,49.22,7946.0,49.208,61
2023-10-02 13:40:00-04:00,49.22,49.28,49.21,49.22,7424.0,49.247,61
2023-10-02 13:45:00-04:00,49.22,49.27,49.19,49.27,7806.0,49.211,49
2023-10-02 13:50:00-04:00,49.26,49.31,49.25,49.27,4548.0,49.284,37
2023-10-02 13:55:00-04:00,49.29,49.29,49.25,49.29,5486.0,49.268,44
2023-10-02 14:00:00-04:00,49.28,49.28,49.18,49.22,5885.0,49.227,48
2023-10-02 14:05:00-04:00,49.22,49.3,49.22,49.23,6163.0,49.259,46
2023-10-02 14:10:00-04:00,49.26,49.42,49.26,49.35,8065.0,49.353,55
2023-10-02 14:15:00-04:00,49.37,49.37,49.28,49.31,4898.0,49.32,40
2023-10-02 14:20:00-04:00,49.32,49.32,49.27,49.29,5730.0,49.299,43
2023-10-02 14:25:00-04:00,49.29,49.29,49.19,49.19,4637.0,49.238,41
2023-10-02 14:30:00-04:00,49.2,49.23,49.17,49.22,12481.0,49.205,58
2023-10-02 14:35:00-04:00,49.21,49.23,49.12,49.12,5854.0,49.184,45
2023-10-02 14:40:00-04:00,49.11,49.12,49.06,49.07,4409.0,49.088,32
2023-10-02 14:45:00-04:00,49.05,49.12,49.05,49.12,5068.0,49.089,42
2023-10-02 14:50:00-04:00,49.12,49.18,49.09,49.14,6733.0,49.138,54
2023-10-02 14:55:00-04:00,49.12,49.12,49.1,49.11,3769.0,49.107,34
2023-10-02 15:00:00-04:00,49.1,49.11,49.02,49.03,5892.0,49.083,50
2023-10-02 15:05:00-04:00,49.03,49.06,49.0,49.03,7776.0,49.03,68
2023-10-02 15:10:00-04:00,49.02,49.08,49.02,49.07,9824.0,49.055,82
2023-10-02 15:15:00-04:00,49.07,49.12,49.07,49.09,5909.0,49.099,49
2023-10-02 15:20:00-04:00,49.08,49.23,49.07,49.23,10765.0,49.152,84
2023-10-02 15:25:00-04:00,49.23,49.26,49.15,49.18,12272.0,49.184,96
2023-10-02 15:30:00-04:00,49.17,49.17,49.09,49.13,11813.0,49.133,95
2023-10-02 15:35:00-04:00,49.14,49.15,49.06,49.14,15100.0,49.105,97
2023-10-02 15:40:00-04:00,49.14,49.21,49.13,49.2,12658.0,49.177,100
2023-10-02 15:45:00-04:00,49.21,49.26,49.19,49.19,22732.0,49.226,171
2023-10-02 15:50:00-04:00,49.2,49.25,49.1,49.24,43096.0,49.173,314
2023-10-02 15:55:00-04:00,49.24,49.31,49.22,49.29,150639.0,49.276,694
2023-10-03 09:30:00-04:00,48.64,48.92,48.64,48.92,20660.0,48.658,23
2023-10-03 09:35:00-04:00,49.09,49.31,49.03,49.31,3397.0,49.192,30
2023-10-03 09:40:00-04:00,49.29,49.48,49.26,49.48,5160.0,49.331,45
2023-10-03 09:45:00-04:00,49.5,49.73,49.45,49.73,11847.0,49.587,99
2023-10-03 09:50:00-04:00,49.7,49.92,49.54,49.59,24769.0,49.716,141
2023-10-03 09:55:00-04:00,49.57,49.63,49.52,49.58,13811.0,49.582,90
2023-10-03 10:00:00-04:00,49.57,49.57,49.27,49.37,14986.0,49.425,109
2023-10-03 10:05:00-04:00,49.37,49.41,49.29,49.33,14083.0,49.369,116
2023-10-03 10:10:00-04:00,49.37,49.49,49.35,49.36,14952.0,49.419,118
2023-10-03 10:15:00-04:00,49.34,49.35,49.25,49.31,12622.0,49.312,99
2023-10-03 10:20:00-04:00,49.32,49.4,49.3,49.37,11688.0,49.366,98
2023-10-03 10:25:00-04:00,49.36,49.44,49.28,49.28,11888.0,49.39,93
2023-10-03 10:30:00-04:00,49.28,49.38,49.22,49.27,11701.0,49.316,91
2023-10-03 10:35:00-04:00,49.29,49.37,49.19,49.19,11256.0,49.296,94
2023-10-03 10:40:00-04:00,49.17,49.26,49.16,49.22,12092.0,49.216,100
2023-10-03 10:45:00-04:00,49.19,49.22,49.07,49.08,6712.0,49.126,57
2023-10-03 10:50:00-04:00,49.07,49.1,49.0,49.09,7683.0,49.048,63
2023-10-03 10:55:00-04:00,49.1,49.12,49.02,49.05,9961.0,49.062,86
2023-10-03 11:00:00-04:00,49.05,49.13,49.03,49.07,5744.0,49.075,47
2023-10-03 11:05:00-04:00,49.08,49.18,49.07,49.11,7728.0,49.126,68
2023-10-03 11:10:00-04:00,49.09,49.12,49.06,49.1,6277.0,49.078,52
2023-10-03 11:15:00-04:00,49.1,49.18,49.1,49.15,8701.0,49.153,75
2023-10-03 11:20:00-04:00,49.14,49.17,49.06,49.09,6035.0,49.107,54
2023-10-03 11:25:00-04:00,49.08,49.09,48.96,48.98,6757.0,49.005,55
2023-10-03 11:30:00-04:00,48.96,48.97,48.87,48.87,6546.0,48.906,53
2023-10-03 11:35:00-04:00,48.88,48.88,48.82,48.84,4091.0,48.855,33
2023-10-03 11:40:00-04:00,48.85,48.9,48.8,48.8,7838.0,48.864,69
2023-10-03 11:45:00-04:00,48.8,48.81,48.76,48.79,4200.0,48.79,39
2023-10-03 11:50:00-04:00,48.78,48.82,48.74,48.8,6600.0,48.781,60
2023-10-03 11:55:00-04:00,48.79,48.81,48.71,48.8,6439.0,48.749,51
2023-10-03 12:00:00-04:00,48.8,48.94,48.77,48.93,6935.0,48.863,58
2023-10-03 12:05:00-04:00,48.91,48.96,48.89,48.89,3929.0,48.93,33
2023-10-03 12:10:00-04:00,48.88,48.95,48.87,48.95,4145.0,48.9,38
2023-10-03 12:15:00-04:00,48.97,48.97,48.88,48.88,8504.0,48.921,70
2023-10-03 12:20:00-04:00,48.88,48.91,48.85,48.88,4833.0,48.893,45
2023-10-03 12:25:00-04:00,48.87,48.95,48.86,48.94,9777.0,48.895,81
2023-10-03 12:30:00-04:00,48.95,49.07,48.93,49.03,9732.0,49.003,77
2023-10-03 12:35:00-04:00,49.04,49.06,48.96,49.01,10207.0,49.011,89
2023-10-03 12:40:00-04:00,49.04,49.05,48.9,48.91,10076.0,48.97,89
2023-10-03 12:45:00-04:00,48.9,48.93,48.84,48.93,9303.0,48.882,76
2023-10-03 12:50:00-04:00,48.93,48.93,48.87,48.89,7913.0,48.899,65
2023-10-03 12:55:00-04:00,48.91,48.95,48.89,48.91,7824.0,48.915,70
2023-10-03 13:00:00-04:00,48.91,48.99,48.91,48.94,6379.0,48.963,60
2023-10-03 13:05:00-04:00,48.95,48.97,48.88,48.88,6419.0,48.925,57
2023-10-03 13:10:00-04:00,48.87,48.9,48.83,48.89,9276.0,48.873,62
2023-10-03 13:15:00-04:00,48.89,48.9,48.81,48.89,10983.0,48.855,92
2023-10-03 13:20:00-04:00,48.87,48.94,48.85,48.94,5927.0,48.883,46
2023-10-03 13:25:00-04:00,48.95,48.97,48.9,48.97,8644.0,48.94,67
2023-10-03 13:30:00-04:00,48.97,49.0,48.91,48.94,5789.0,48.956,50
2023-10-03 13:35:00-04:00,48.96,49.05,48.95,49.03,9587.0,49.012,68
2023-10-03 13:40:00-04:00,49.04,49.08,49.01,49.08,9513.0,49.043,64
2023-10-03 13:45:00-04:00,49.1,49.13,48.93,48.93,9142.0,49.059,74
2023-10-03 13:50:00-04:00,48.95,48.97,48.88,48.94,4507.0,48.931,36
2023-10-03 13:55:00-04:00,48.93,48.93,48.82,48.86,9927.0,48.877,72
2023-10-03 14:00:00-04:00,48.85,48.88,48.79,48.79,8269.0,48.841,68
2023-10-03 14:05:00-04:00,48.79,48.79,48.73,48.75,5914.0,48.758,52
2023-10-03 14:10:00-04:00,48.76,48.83,48.74,48.83,7553.0,48.773,57
2023-10-03 14:15:00-04:00,48.84,48.86,48.77,48.83,13500.0,48.819,96
2023-10-03 14:20:00-04:00,48.82,48.82,48.74,48.75,5079.0,48.778,47
2023-10-03 14:25:00-04:00,48.76,48.78,48.73,48.76,5311.0,48.757,48
2023-10-03 14:30:00-04:00,48.75,48.8,48.73,48.75,7604.0,48.775,56
2023-10-03 14:35:00-04:00,48.76,48.87,48.71,48.86,15773.0,48.796,113
2023-10-03 14:40:00-04:00,48.86,48.86,48.79,48.83,12559.0,48.81,51
2023-10-03 14:45:00-04:00,48.83,48.85,48.81,48.84,10637.0,48.83,72
2023-10-03 14:50:00-04:00,48.84,48.87,48.82,48.87,7444.0,48.837,59
2023-10-03 14:55:00-04:00,48.89,48.89,48.77,48.77,9971.0,48.847,65
2023-10-03 15:00:00-04:00,48.77,48.83,48.73,48.79,7844.0,48.78,67
2023-10-03 15:05:00-04:00,48.78,48.8,48.72,48.75,10878.0,48.771,63
2023-10-03 15:10:00-04:00,48.76,48.77,48.71,48.72,10194.0,48.736,78
2023-10-03 15:15:00-04:00,48.73,48.75,48.71,48.74,10431.0,48.734,83
2023-10-03 15:20:00-04:00,48.74,48.8,48.73,48.8,12359.0,48.762,87
2023-10-03 15:25:00-04:00,48.79,48.81,48.75,48.77,16090.0,48.775,123
2023-10-03 15:30:00-04:00,48.78,48.78,48.72,48.73,11368.0,48.751,93
2023-10-03 15:35:00-04:00,48.74,48.86,48.74,48.84,17693.0,48.809,133
2023-10-03 15:40:00-04:00,48.84,48.89,48.81,48.84,20928.0,48.858,170
2023-10-03 15:45:00-04:00,48.83,48.84,48.8,48.83,18115.0,48.821,146
2023-10-03 15:50:00-04:00,48.82,48.89,48.72,48.72,45553.0,48.802,319
2023-10-03 15:55:00-04:00,48.73,48.76,48.63,48.75,147339.0,48.696,713
2023-10-04 09:30:00-04:00,49.24,49.54,48.98,49.47,25834.0,49.271,36
2023-10-04 09:35:00-04:00,49.43,49.66,49.38,49.54,12083.0,49.517,80
2023-10-04 09:40:00-04:00,49.52,49.56,49.35,49.35,8508.0,49.474,66
2023-10-04 09:45:00-04:00,49.33,49.33,49.08,49.16,7434.0,49.186,61
2023-10-04 09:50:00-04:00,49.16,49.35,49.15,49.33,8238.0,49.24,57
2023-10-04 09:55:00-04:00,49.27,49.36,49.22,49.29,5855.0,49.302,51
2023-10-04 10:00:00-04:00,49.28,49.29,49.1,49.14,9332.0,49.178,74
2023-10-04 10:05:00-04:00,49.12,49.13,48.94,48.99,8432.0,49.051,69
2023-10-04 10:10:00-04:00,49.01,49.04,48.93,49.03,7367.0,48.997,60
2023-10-04 10:15:00-04:00,49.01,49.05,48.93,48.93,5004.0,49.001,44
2023-10-04 10:20:00-04:00,48.97,48.98,48.81,48.83,7259.0,48.912,55
2023-10-04 10:25:00-04:00,48.84,48.85,48.78,48.79,6378.0,48.809,55
2023-10-04 10:30:00-04:00,48.78,48.85,48.74,48.8,8366.0,48.79,74
2023-10-04 10:35:00-04:00,48.83,48.95,48.83,48.92,14466.0,48.905,120
2023-10-04 10:40:00-04:00,48.92,48.97,48.88,48.93,12944.0,48.924,107
2023-10-04 10:45:00-04:00,48.96,48.97,48.67,48.73,6304.0,48.773,54
2023-10-04 10:50:00-04:00,48.75,48.77,48.65,48.67,7264.0,48.71,61
2023-10-04 10:55:00-04:00,48.69,48.74,48.68,48.72,7965.0,48.708,69
2023-10-04 11:00:00-04:00,48.71,48.76,48.69,48.76,5547.0,48.712,49
2023-10-04 11:05:00-04:00,48.77,48.85,48.77,48.84,7729.0,48.819,57
2023-10-04 11:10:00-04:00,48.81,48.84,48.74,48.78,7403.0,48.808,60
2023-10-04 11:15:00-04:00,48.77,48.81,48.73,48.8,11925.0,48.765,80
2023-10-04 11:20:00-04:00,48.81,48.84,48.74,48.83,9220.0,48.807,72
2023-10-04 11:25:00-04:00,48.83,48.96,48.83,48.91,16161.0,48.899,112
2023-10-04 11:30:00-04:00,48.89,48.89,48.74,48.77,9529.0,48.782,74
2023-10-04 11:35:00-04:00,48.77,48.83,48.72,48.82,3867.0,48.793,28
2023-10-04 11:40:00-04:00,48.82,48.86,48.74,48.86,4853.0,48.811,44
2023-10-04 11:45:00-04:00,48.87,49.08,48.84,49.08,7755.0,48.965,69
2023-10-04 11:50:00-04:00,49.08,49.13,49.04,49.05,5207.0,49.086,48
2023-10-04 11:55:00-04:00,49.07,49.15,49.07,49.11,3537.0,49.11,29
2023-10-04 12:00:00-04:00,49.12,49.15,49.03,49.14,7675.0,49.095,65
2023-10-04 12:05:00-04:00,49.12,49.2,49.12,49.18,7700.0,49.165,67
2023-10-04 12:10:00-04:00,49.2,49.3,49.2,49.23,6623.0,49.247,62
2023-10-04 12:15:00-04:00,49.21,49.34,49.21,49.32,5304.0,49.292,51
2023-10-04 12:20:00-04:00,49.3,49.35,49.29,49.3,5876.0,49.316,51
2023-10-04 12:25:00-04:00,49.3,49.33,49.28,49.29,8043.0,49.302,47
2023-10-04 12:30:00-04:00,49.31,49.37,49.31,49.36,8466.0,49.338,64
2023-10-04 12:35:00-04:00,49.36,49.39,49.33,49.39,7704.0,49.358,51
2023-10-04 12:40:00-04:00,49.38,49.42,49.27,49.28,2937.0,49.366,25
2023-10-04 12:45:00-04:00,49.28,49.31,49.26,49.28,7847.0,49.288,58
2023-10-04 12:50:00-04:00,49.27,49.28,49.17,49.21,18493.0,49.224,61
2023-10-04 12:55:00-04:00,49.21,49.23,49.16,49.19,6391.0,49.19,52
2023-10-04 13:00:00-04:00,49.19,49.19,49.12,49.15,10217.0,49.154,50
2023-10-04 13:05:00-04:00,49.15,49.16,49.07,49.08,8575.0,49.13,70
2023-10-04 13:10:00-04:00,49.07,49.11,49.05,49.05,6291.0,49.094,55
2023-10-04 13:15:00-04:00,49.05,49.18,49.05,49.12,12328.0,49.131,94
2023-10-04 13:20:00-04:00,49.13,49.14,49.04,49.04,4449.0,49.105,38
2023-10-04 13:25:00-04:00,49.05,49.1,49.04,49.1,6614.0,49.072,53
2023-10-04 13:30:00-04:00,49.09,49.1,49.03,49.1,5541.0,49.074,42
2023-10-04 13:35:00-04:00,49.11,49.2,49.1,49.2,8093.0,49.138,66
2023-10-04 13:40:00-04:00,49.2,49.21,49.13,49.17,6053.0,49.186,55
2023-10-04 13:45:00-04:00,49.18,49.19,49.11,49.17,5548.0,49.164,47
2023-10-04 13:50:00-04:00,49.18,49.18,49.11,49.13,7400.0,49.141,56
2023-10-04 13:55:00-04:00,49.12,49.18,49.12,49.13,6898.0,49.151,64
2023-10-04 14:00:00-04:00,49.13,49.13,49.02,49.1,8609.0,49.065,68
2023-10-04 14:05:00-04:00,49.11,49.13,49.06,49.06,6290.0,49.106,55
2023-10-04 14:10:00-04:00,49.07,49.12,49.07,49.11,7350.0,49.096,64
2023-10-04 14:15:00-04:00,49.11,49.18,49.07,49.18,8821.0,49.112,75
2023-10-04 14:20:00-04:00,49.18,49.19,48.99,48.99,12674.0,49.151,107
2023-10-04 14:25:00-04:00,49.0,49.12,49.0,49.11,7399.0,49.071,58
2023-10-04 14:30:00-04:00,49.11,49.14,49.07,49.1,8680.0,49.107,70
2023-10-04 14:35:00-04:00,49.09,49.13,49.06,49.13,5197.0,49.09,47
2023-10-04 14:40:00-04:00,49.13,49.21,49.13,49.19,10966.0,49.176,93
2023-10-04 14:45:00-04:00,49.18,49.18,49.11,49.14,8141.0,49.153,69
2023-10-04 14:50:00-04:00,49.13,49.14,49.11,49.11,5360.0,49.12,44
2023-10-04 14:55:00-04:00,49.12,49.15,49.11,49.13,12238.0,49.127,97
2023-10-04 15:00:00-04:00,49.13,49.17,49.12,49.12,6668.0,49.151,56
2023-10-04 15:05:00-04:00,49.12,49.19,49.11,49.17,13890.0,49.159,103
2023-10-04 15:10:00-04:00,49.17,49.27,49.16,49.25,47575.0,49.243,193
2023-10-04 15:15:00-04:00,49.25,49.32,49.24,49.29,12215.0,49.283,97
2023-10-04 15:20:00-04:00,49.29,49.29,49.24,49.27,9419.0,49.267,69
2023-10-04 15:25:00-04:00,49.27,49.27,49.18,49.18,11676.0,49.226,101
2023-10-04 15:30:00-04:00,49.19,49.23,49.18,49.23,15260.0,49.205,117
2023-10-04 15:35:00-04:00,49.23,49.28,49.17,49.19,32721.0,49.227,186
2023-10-04 15:40:00-04:00,49.19,49.24,49.19,49.21,21091.0,49.218,166
2023-10-04 15:45:00-04:00,49.2,49.21,49.14,49.16,22313.0,49.17,193
2023-10-04 15:50:00-04:00,49.16,49.23,49.08,49.23,38301.0,49.166,256
2023-10-04 15:55:00-04:00,49.23,49.27,49.18,49.27,139291.0,49.224,766
2023-10-05 09:30:00-04:00,49.05,49.3,49.05,49.11,13716.0,49.094,34
2023-10-05 09:35:00-04:00,49.14,49.17,48.75,48.78,5108.0,48.918,40
2023-10-05 09:40:00-04:00,48.81,48.88,48.58,48.58,7099.0,48.806,49
2023-10-05 09:45:00-04:00,48.59,48.74,48.55,48.64,4118.0,48.665,36
2023-10-05 09:50:00-04:00,48.65,48.76,48.65,48.72,3378.0,48.698,31
2023-10-05 09:55:00-04:00,48.82,48.85,48.76,48.78,7528.0,48.796,57
2023-10-05 10:00:00-04:00,48.77,48.77,48.65,48.66,6131.0,48.701,47
2023-10-05 10:05:00-04:00,48.65,48.69,48.57,48.58,5056.0,48.638,47
2023-10-05 10:10:00-04:00,48.55,48.57,48.51,48.57,2887.0,48.543,28
2023-10-05 10:15:00-04:00,48.57,48.57,48.42,48.47,9548.0,48.475,71
2023-10-05 10:20:00-04:00,48.48,48.48,48.23,48.25,7777.0,48.344,64
2023-10-05 10:25:00-04:00,48.25,48.36,48.24,48.29,10365.0,48.298,66
2023-10-05 10:30:00-04:00,48.29,48.31,48.23,48.23,4966.0,48.279,43
2023-10-05 10:35:00-04:00,48.25,48.26,48.13,48.18,15960.0,48.193,101
2023-10-05 10:40:00-04:00,48.16,48.23,48.14,48.16,11521.0,48.189,82
2023-10-05 10:45:00-04:00,48.1,48.28,48.1,48.19,9045.0,48.162,79
2023-10-05 10:50:00-04:00,48.18,48.23,48.07,48.1,8166.0,48.173,56
2023-10-05 10:55:00-04:00,48.11,48.13,48.05,48.1,5665.0,48.098,41
2023-10-05 11:00:00-04:00,48.09,48.09,48.02,48.07,3752.0,48.055,32
2023-10-05 11:05:00-04:00,48.06,48.1,48.02,48.08,10960.0,48.045,65
2023-10-05 11:10:00-04:00,48.09,48.11,47.94,47.97,9435.0,48.034,80
2023-10-05 11:15:00-04:00,47.95,47.97,47.92,47.92,9375.0,47.94,84
2023-10-05 11:20:00-04:00,47.9,47.95,47.85,47.94,7553.0,47.906,71
2023-10-05 11:25:00-04:00,47.93,47.96,47.9,47.95,5338.0,47.931,49
2023-10-05 11:30:00-04:00,47.95,47.95,47.85,47.92,9344.0,47.883,43
2023-10-05 11:35:00-04:00,47.93,48.08,47.91,48.08,10899.0,47.99,94
2023-10-05 11:40:00-04:00,48.09,48.11,48.05,48.06,5019.0,48.08,44
2023-10-05 11:45:00-04:00,48.06,48.08,48.01,48.02,3854.0,48.045,26
2023-10-05 11:50:00-04:00,48.01,48.11,48.0,48.11,5477.0,48.044,46
2023-10-05 11:55:00-04:00,48.1,48.1,47.99,48.02,10096.0,48.016,48
2023-10-05 12:00:00-04:00,48.02,48.04,47.98,48.02,2605.0,48.006,21
2023-10-05 12:05:00-04:00,48.02,48.04,47.97,47.98,5658.0,47.995,40
2023-10-05 12:10:00-04:00,47.97,47.99,47.93,47.97,4284.0,47.955,32
2023-10-05 12:15:00-04:00,47.98,47.98,47.86,47.89,7955.0,47.91,63
2023-10-05 12:20:00-04:00,47.89,47.91,47.84,47.84,2836.0,47.886,25
2023-10-05 12:25:00-04:00,47.84,47.91,47.84,47.91,5592.0,47.877,48
2023-10-05 12:30:00-04:00,47.92,47.97,47.9,47.9,8362.0,47.924,53
2023-10-05 12:35:00-04:00,47.9,47.9,47.74,47.74,12078.0,47.795,100
2023-10-05 12:40:00-04:00,47.73,47.88,47.72,47.88,51966.0,47.758,184
2023-10-05 12:45:00-04:00,47.84,47.84,47.7,47.7,7575.0,47.77,47
2023-10-05 12:50:00-04:00,47.69,47.73,47.6,47.64,44943.0,47.665,208
2023-10-05 12:55:00-04:00,47.65,47.65,47.53,47.58,10208.0,47.579,73
2023-10-05 13:00:00-04:00,47.59,47.6,47.51,47.52,8178.0,47.542,68
2023-10-05 13:05:00-04:00,47.54,47.57,47.48,47.5,8708.0,47.521,60
2023-10-05 13:10:00-04:00,47.5,47.54,47.49,47.49,4010.0,47.519,35
2023-10-05 13:15:00-04:00,47.5,47.5,47.41,47.41,8072.0,47.446,59
2023-10-05 13:20:00-04:00,47.41,47.46,47.4,47.4,6443.0,47.427,52
2023-10-05 13:25:00-04:00,47.37,47.39,47.32,47.39,7072.0,47.36,46
2023-10-05 13:30:00-04:00,47.38,47.44,47.25,47.43,42030.0,47.289,335
2023-10-05 13:35:00-04:00,47.46,47.47,47.41,47.41,7314.0,47.445,49
2023-10-05 13:40:00-04:00,47.42,47.57,47.42,47.52,12954.0,47.505,92
2023-10-05 13:45:00-04:00,47.54,47.54,47.43,47.49,4108.0,47.47,33
2023-10-05 13:50:00-04:00,47.49,47.56,47.49,47.52,7489.0,47.542,49
2023-10-05 13:55:00-04:00,47.52,47.55,47.48,47.54,5353.0,47.517,44
2023-10-05 14:00:00-04:00,47.56,47.62,47.5,47.58,24311.0,47.56,169
2023-10-05 14:05:00-04:00,47.58,47.58,47.52,47.57,12324.0,47.551,82
2023-10-05 14:10:00-04:00,47.57,47.6,47.55,47.56,6675.0,47.58,59
2023-10-05 14:15:00-04:00,47.57,47.59,47.5,47.52,14291.0,47.534,107
2023-10-05 14:20:00-04:00,47.52,47.52,47.47,47.49,4779.0,47.492,42
2023-10-05 14:25:00-04:00,47.48,47.55,47.43,47.55,6852.0,47.49,52
2023-10-05 14:30:00-04:00,47.56,47.75,47.56,47.75,8299.0,47.664,65
2023-10-05 14:35:00-04:00,47.76,47.78,47.7,47.74,12210.0,47.728,90
2023-10-05 14:40:00-04:00,47.74,47.77,47.69,47.7,9569.0,47.735,83
2023-10-05 14:45:00-04:00,47.7,47.71,47.65,47.71,10425.0,47.691,87
2023-10-05 14:50:00-04:00,47.71,47.71,47.66,47.66,5305.0,47.688,39
2023-10-05 14:55:00-04:00,47.66,47.69,47.64,47.68,5765.0,47.671,34
2023-10-05 15:00:00-04:00,47.69,47.69,47.64,47.64,7482.0,47.665,59
2023-10-05 15:05:00-04:00,47.64,47.67,47.6,47.63,5749.0,47.63,49
2023-10-05 15:10:00-04:00,47.62,47.67,47.58,47.59,17197.0,47.619,140
2023-10-05 15:15:00-04:00,47.59,47.62,47.53,47.54,11712.0,47.57,95
2023-10-05 15:20:00-04:00,47.53,47.54,47.5,47.51,11315.0,47.519,85
2023-10-05 15:25:00-04:00,47.51,47.56,47.48,47.56,10270.0,47.517,86
2023-10-05 15:30:00-04:00,47.56,47.64,47.56,47.59,25972.0,47.607,197
2023-10-05 15:35:00-04:00,47.59,47.63,47.56,47.59,29273.0,47.603,178
2023-10-05 15:40:00-04:00,47.59,47.69,47.58,47.69,38648.0,47.633,231
2023-10-05 15:45:00-04:00,47.68,47.73,47.66,47.67,55286.0,47.697,333
2023-10-05 15:50:00-04:00,47.67,47.74,47.65,47.71,84062.0,47.681,526
2023-10-05 15:55:00-04:00,47.71,47.73,47.66,47.72,154983.0,47.694,714
2023-10-06 09:30:00-04:00,47.57,47.65,47.45,47.61,20346.0,47.579,50
2023-10-06 09:35:00-04:00,47.61,47.7,47.61,47.7,27590.0,47.645,151
2023-10-06 09:40:00-04:00,47.69,47.76,47.6,47.7,9795.0,47.7,32
2023-10-06 09:45:00-04:00,47.68,47.7,47.37,47.38,19170.0,47.637,76
2023-10-06 09:50:00-04:00,47.33,47.34,47.13,47.15,9875.0,47.223,69
2023-10-06 09:55:00-04:00,47.09,47.15,46.9,47.09,11413.0,47.0,93
2023-10-06 10:00:00-04:00,47.1,47.17,47.03,47.06,8666.0,47.106,46
2023-10-06 10:05:00-04:00,47.06,47.06,46.93,46.94,6691.0,46.972,48
2023-10-06 10:10:00-04:00,46.95,46.99,46.82,46.84,13834.0,46.929,66
2023-10-06 10:15:00-04:00,46.85,46.85,46.75,46.83,2834.0,46.791,22
2023-10-06 10:20:00-04:00,46.78,46.87,46.72,46.78,7559.0,46.805,56
2023-10-06 10:25:00-04:00,46.8,46.86,46.78,46.84,8266.0,46.811,43
2023-10-06 10:30:00-04:00,46.87,47.02,46.87,46.96,10121.0,46.96,74
2023-10-06 10:35:00-04:00,46.97,47.07,46.92,46.95,33484.0,47.013,217
2023-10-06 10:40:00-04:00,47.0,47.17,47.0,47.03,8846.0,47.098,61
2023-10-06 10:45:00-04:00,46.97,47.16,46.97,47.05,6923.0,47.075,48
2023-10-06 10:50:00-04:00,47.03,47.05,46.86,46.89,5230.0,46.956,47
2023-10-06 10:55:00-04:00,46.91,46.92,46.82,46.88,3800.0,46.881,37
2023-10-06 11:00:00-04:00,46.86,46.87,46.77,46.87,6985.0,46.823,61
2023-10-06 11:05:00-04:00,46.88,46.91,46.84,46.87,3244.0,46.876,26
2023-10-06 11:10:00-04:00,46.9,46.98,46.89,46.89,7057.0,46.939,63
2023-10-06 11:15:00-04:00,46.88,46.95,46.84,46.93,6197.0,46.91,48
2023-10-06 11:20:00-04:00,46.93,46.99,46.89,46.89,6552.0,46.957,56
2023-10-06 11:25:00-04:00,46.85,47.02,46.82,46.98,7117.0,46.926,67
2023-10-06 11:30:00-04:00,46.99,47.11,46.99,47.08,5475.0,47.036,49
2023-10-06 11:35:00-04:00,47.06,47.1,46.99,47.1,4381.0,47.047,37
2023-10-06 11:40:00-04:00,47.13,47.23,47.13,47.16,5689.0,47.186,46
2023-10-06 11:45:00-04:00,47.17,47.33,47.15,47.33,14954.0,47.256,109
2023-10-06 11:50:00-04:00,47.33,47.38,47.28,47.35,21973.0,47.321,149
2023-10-06 11:55:00-04:00,47.34,47.42,47.29,47.37,47793.0,47.336,76
2023-10-06 12:00:00-04:00,47.37,47.39,47.24,47.31,10860.0,47.313,79
2023-10-06 12:05:00-04:00,47.32,47.33,47.2,47.23,6772.0,47.265,58
2023-10-06 12:10:00-04:00,47.23,47.25,47.15,47.22,23517.0,47.215,66
2023-10-06 12:15:00-04:00,47.25,47.25,47.07,47.15,12275.0,47.144,108
2023-10-06 12:20:00-04:00,47.15,47.18,47.02,47.04,10050.0,47.129,73
2023-10-06 12:25:00-04:00,47.05,47.06,46.94,46.94,9158.0,47.006,64
2023-10-06 12:30:00-04:00,46.94,47.03,46.9,46.98,12837.0,46.961,100
2023-10-06 12:35:00-04:00,46.97,46.99,46.87,46.87,14505.0,46.943,123
2023-10-06 12:40:00-04:00,46.88,47.01,46.87,47.0,10942.0,46.968,91
2023-10-06 12:45:00-04:00,47.01,47.09,47.0,47.04,17799.0,47.035,140
2023-10-06 12:50:00-04:00,47.04,47.04,46.92,46.92,7091.0,46.994,53
2023-10-06 12:55:00-04:00,46.92,46.92,46.85,46.91,8654.0,46.886,80
2023-10-06 13:00:00-04:00,46.89,47.03,46.86,47.03,110240.0,46.901,100
2023-10-06 13:05:00-04:00,47.02,47.12,46.96,46.97,8349.0,47.031,72
2023-10-06 13:10:00-04:00,46.97,47.04,46.92,47.01,10024.0,46.982,83
2023-10-06 13:15:00-04:00,47.0,47.05,46.93,46.97,16419.0,46.984,118
2023-10-06 13:20:00-04:00,46.97,46.99,46.92,46.97,71042.0,46.94,192
2023-10-06 13:25:00-04:00,46.97,46.97,46.85,46.89,20522.0,46.902,116
2023-10-06 13:30:00-04:00,46.91,46.98,46.89,46.98,24654.0,46.92,141
2023-10-06 13:35:00-04:00,46.98,46.98,46.78,46.84,16500.0,46.861,117
2023-10-06 13:40:00-04:00,46.86,46.93,46.83,46.84,13775.0,46.885,100
2023-10-06 13:45:00-04:00,46.85,46.92,46.8,46.84,13924.0,46.849,103
2023-10-06 13:50:00-04:00,46.83,46.89,46.81,46.84,16954.0,46.844,138
2023-10-06 13:55:00-04:00,46.84,46.84,46.69,46.73,19314.0,46.737,71
2023-10-06 14:00:00-04:00,46.72,46.72,46.67,46.69,8961.0,46.688,70
2023-10-06 14:05:00-04:00,46.7,46.73,46.65,46.73,18090.0,46.697,84
2023-10-06 14:10:00-04:00,46.72,46.76,46.61,46.61,24160.0,46.719,119
2023-10-06 14:15:00-04:00,46.61,46.63,46.54,46.58,13898.0,46.584,112
2023-10-06 14:20:00-04:00,46.58,46.62,46.5,46.51,14690.0,46.578,117
2023-10-06 14:25:00-04:00,46.51,46.57,46.5,46.56,18585.0,46.531,119
2023-10-06 14:30:00-04:00,46.56,46.59,46.5,46.55,19614.0,46.538,140
2023-10-06 14:35:00-04:00,46.55,46.68,46.55,46.66,17966.0,46.637,144
2023-10-06 14:40:00-04:00,46.66,46.72,46.64,46.7,17087.0,46.67,142
2023-10-06 14:45:00-04:00,46.7,46.84,46.7,46.77,26410.0,46.777,181
2023-10-06 14:50:00-04:00,46.78,46.78,46.64,46.64,15135.0,46.701,123
2023-10-06 14:55:00-04:00,46.64,46.65,46.57,46.63,22696.0,46.6,173
2023-10-06 15:00:00-04:00,46.63,46.65,46.49,46.5,22928.0,46.594,185
2023-10-06 15:05:00-04:00,46.5,46.62,46.48,46.61,21058.0,46.535,163
2023-10-06 15:10:00-04:00,46.61,46.62,46.45,46.48,18995.0,46.534,151
2023-10-06 15:15:00-04:00,46.48,46.54,46.41,46.52,13983.0,46.474,113
2023-10-06 15:20:00-04:00,46.52,46.55,46.38,46.43,25262.0,46.454,180
2023-10-06 15:25:00-04:00,46.43,46.43,46.37,46.4,27749.0,46.398,192
2023-10-06 15:30:00-04:00,46.4,46.41,46.23,46.25,44314.0,46.327,282
2023-10-06 15:35:00-04:00,46.25,46.31,46.22,46.27,36138.0,46.267,189
2023-10-06 15:40:00-04:00,46.27,46.28,46.1,46.14,58602.0,46.186,350
2023-10-06 15:45:00-04:00,46.12,46.2,46.08,46.16,79155.0,46.137,349
2023-10-06 15:50:00-04:00,46.15,46.2,46.12,46.13,89305.0,46.159,566
2023-10-06 15:55:00-04:00,46.14,46.21,46.09,46.13,207661.0,46.128,982
2023-10-09 09:30:00-04:00,45.94,46.02,45.7,45.85,25724.0,45.893,56
2023-10-09 09:35:00-04:00,45.88,45.9,45.68,45.83,12432.0,45.741,56
2023-10-09 09:40:00-04:00,45.81,45.81,45.55,45.58,12733.0,45.646,55
2023-10-09 09:45:00-04:00,45.64,45.69,45.38,45.43,11956.0,45.543,94
2023-10-09 09:50:00-04:00,45.44,45.45,45.18,45.23,12185.0,45.317,95
2023-10-09 09:55:00-04:00,45.22,45.3,45.18,45.3,7980.0,45.243,60
2023-10-09 10:00:00-04:00,45.3,45.35,45.23,45.29,10805.0,45.301,94
2023-10-09 10:05:00-04:00,45.29,45.3,45.18,45.23,19943.0,45.244,92
2023-10-09 10:10:00-04:00,45.25,45.25,45.13,45.19,9850.0,45.181,77
2023-10-09 10:15:00-04:00,45.2,45.47,45.18,45.47,35103.0,45.295,109
2023-10-09 10:20:00-04:00,45.48,45.48,45.37,45.38,10753.0,45.416,77
2023-10-09 10:25:00-04:00,45.41,45.49,45.39,45.43,11029.0,45.427,65
2023-10-09 10:30:00-04:00,45.43,45.44,45.28,45.35,8368.0,45.374,67
2023-10-09 10:35:00-04:00,45.34,45.37,45.3,45.35,11428.0,45.342,60
2023-10-09 10:40:00-04:00,45.37,45.45,45.34,45.43,13300.0,45.407,105
2023-10-09 10:45:00-04:00,45.43,45.55,45.41,45.5,44540.0,45.486,155
2023-10-09 10:50:00-04:00,45.5,45.52,45.43,45.46,6702.0,45.473,60
2023-10-09 10:55:00-04:00,45.47,45.5,45.44,45.48,10461.0,45.463,57
2023-10-09 11:00:00-04:00,45.48,45.66,45.43,45.65,28938.0,45.537,149
2023-10-09 11:05:00-04:00,45.66,45.75,45.65,45.73,14927.0,45.696,98
2023-10-09 11:10:00-04:00,45.73,45.79,45.7,45.78,17620.0,45.744,106
2023-10-09 11:15:00-04:00,45.8,45.83,45.78,45.79,13105.0,45.809,88
2023-10-09 11:20:00-04:00,45.78,45.78,45.71,45.75,14790.0,45.746,110
2023-10-09 11:25:00-04:00,45.75,45.76,45.63,45.69,38424.0,45.697,167
2023-10-09 11:30:00-04:00,45.69,45.74,45.68,45.73,27217.0,45.704,211
2023-10-09 11:35:00-04:00,45.72,45.77,45.69,45.73,20761.0,45.734,151
2023-10-09 11:40:00-04:00,45.73,45.82,45.71,45.81,13650.0,45.763,110
2023-10-09 11:45:00-04:00,45.81,45.81,45.68,45.7,15084.0,45.755,104
2023-10-09 11:50:00-04:00,45.71,45.74,45.7,45.71,8609.0,45.718,72
2023-10-09 11:55:00-04:00,45.71,45.75,45.7,45.74,16030.0,45.733,129
2023-10-09 12:00:00-04:00,45.73,45.73,45.67,45.68,11802.0,45.694,90
2023-10-09 12:05:00-04:00,45.68,45.77,45.68,45.72,18574.0,45.734,125
2023-10-09 12:10:00-04:00,45.72,45.83,45.71,45.82,16790.0,45.786,132
2023-10-09 12:15:00-04:00,45.81,45.84,45.73,45.73,23265.0,45.782,164
2023-10-09 12:20:00-04:00,45.73,45.83,45.72,45.75,23262.0,45.77,181
2023-10-09 12:25:00-04:00,45.74,45.75,45.64,45.64,27911.0,45.684,169
2023-10-09 12:30:00-04:00,45.65,45.67,45.58,45.63,17759.0,45.628,149
2023-10-09 12:35:00-04:00,45.63,45.63,45.51,45.53,25431.0,45.574,190
2023-10-09 12:40:00-04:00,45.53,45.59,45.53,45.55,10119.0,45.554,89
2023-10-09 12:45:00-04:00,45.54,45.6,45.51,45.58,10929.0,45.562,95
2023-10-09 12:50:00-04:00,45.59,45.62,45.58,45.6,10724.0,45.603,72
2023-10-09 12:55:00-04:00,45.6,45.62,45.56,45.57,8334.0,45.588,77
2023-10-09 13:00:00-04:00,45.58,45.6,45.51,45.58,17564.0,45.562,131
2023-10-09 13:05:00-04:00,45.58,45.6,45.56,45.59,13749.0,45.583,118
2023-10-09 13:10:00-04:00,45.59,45.59,45.49,45.59,18663.0,45.524,154
2023-10-09 13:15:00-04:00,45.59,45.66,45.58,45.66,10865.0,45.621,92
2023-10-09 13:20:00-04:00,45.66,45.68,45.62,45.62,10232.0,45.652,78
2023-10-09 13:25:00-04:00,45.63,45.66,45.53,45.54,14139.0,45.6,118
2023-10-09 13:30:00-04:00,45.54,45.65,45.54,45.62,16431.0,45.596,134
2023-10-09 13:35:00-04:00,45.61,45.62,45.59,45.6,7935.0,45.603,68
2023-10-09 13:40:00-04:00,45.6,45.71,45.6,45.7,16232.0,45.643,140
2023-10-09 13:45:00-04:00,45.71,45.8,45.7,45.79,20385.0,45.745,148
2023-10-09 13:50:00-04:00,45.8,45.85,45.79,45.81,21765.0,45.816,112
2023-10-09 13:55:00-04:00,45.8,45.92,45.8,45.88,38873.0,45.853,199
2023-10-09 14:00:00-04:00,45.88,45.89,45.83,45.88,24532.0,45.858,201
2023-10-09 14:05:00-04:00,45.89,45.92,45.86,45.91,18657.0,45.882,148
2023-10-09 14:10:00-04:00,45.91,45.94,45.89,45.93,14929.0,45.911,116
2023-10-09 14:15:00-04:00,45.93,46.05,45.93,46.04,33621.0,45.992,167
2023-10-09 14:20:00-04:00,46.05,46.05,45.99,46.0,9402.0,46.028,79
2023-10-09 14:25:00-04:00,45.99,46.01,45.96,45.97,13484.0,45.983,111
2023-10-09 14:30:00-04:00,45.97,46.01,45.89,45.9,22214.0,45.946,161
2023-10-09 14:35:00-04:00,45.91,45.92,45.86,45.91,12475.0,45.891,99
2023-10-09 14:40:00-04:00,45.91,45.98,45.9,45.96,11319.0,45.94,83
2023-10-09 14:45:00-04:00,45.96,45.98,45.92,45.95,16303.0,45.949,124
2023-10-09 14:50:00-04:00,45.95,46.03,45.94,46.03,20101.0,45.99,172
2023-10-09 14:55:00-04:00,46.03,46.11,46.01,46.03,21108.0,46.063,162
2023-10-09 15:00:00-04:00,46.03,46.03,45.92,46.03,17983.0,45.985,131
2023-10-09 15:05:00-04:00,46.03,46.08,46.02,46.05,16332.0,46.05,109
2023-10-09 15:10:00-04:00,46.05,46.05,45.96,45.96,21685.0,46.003,158
2023-10-09 15:15:00-04:00,45.96,46.06,45.95,46.04,20216.0,45.999,171
2023-10-09 15:20:00-04:00,46.04,46.04,45.96,45.99,19341.0,46.005,166
2023-10-09 15:25:00-04:00,45.99,46.0,45.95,45.96,24280.0,45.972,186
2023-10-09 15:30:00-04:00,45.96,45.96,45.84,45.9,38203.0,45.894,286
2023-10-09 15:35:00-04:00,45.9,45.9,45.81,45.81,29776.0,45.843,240
2023-10-09 15:40:00-04:00,45.81,45.82,45.74,45.75,38259.0,45.776,321
2023-10-09 15:45:00-04:00,45.75,45.76,45.68,45.73,64072.0,45.71,530
2023-10-09 15:50:00-04:00,45.73,45.81,45.72,45.8,75365.0,45.775,620
2023-10-09 15:55:00-04:00,45.81,45.95,45.78,45.94,229230.0,45.868,1126
2023-10-10 09:30:00-04:00,45.99,45.99,45.72,45.84,61366.0,45.907,147
2023-10-10 09:35:00-04:00,45.9,46.0,45.83,45.87,13841.0,45.907,108
2023-10-10 09:40:00-04:00,45.88,46.07,45.88,46.02,24691.0,45.989,146
2023-10-10 09:45:00-04:00,46.02,46.18,46.01,46.12,7942.0,46.093,70
2023-10-10 09:50:00-04:00,46.16,46.27,46.13,46.25,6735.0,46.19,51
2023-10-10 09:55:00-04:00,46.23,46.32,46.11,46.23,13761.0,46.209,88
2023-10-10 10:00:00-04:00,46.3,46.33,46.11,46.14,18207.0,46.22,112
2023-10-10 10:05:00-04:00,46.13,46.26,46.11,46.16,17888.0,46.199,109
2023-10-10 10:10:00-04:00,46.18,46.38,46.17,46.36,10094.0,46.246,72
2023-10-10 10:15:00-04:00,46.34,46.36,46.26,46.31,12362.0,46.307,95
2023-10-10 10:20:00-04:00,46.33,46.35,46.29,46.33,7846.0,46.326,57
2023-10-10 10:25:00-04:00,46.29,46.35,46.27,46.27,7339.0,46.311,59
2023-10-10 10:30:00-04:00,46.3,46.34,46.26,46.3,9253.0,46.301,68
2023-10-10 10:35:00-04:00,46.3,46.42,46.25,46.41,11193.0,46.326,85
2023-10-10 10:40:00-04:00,46.41,46.51,46.33,46.33,11530.0,46.451,84
2023-10-10 10:45:00-04:00,46.33,46.33,46.2,46.2,8734.0,46.253,73
2023-10-10 10:50:00-04:00,46.2,46.24,46.19,46.21,6107.0,46.218,52
2023-10-10 10:55:00-04:00,46.23,46.23,46.19,46.21,5740.0,46.206,48
2023-10-10 11:00:00-04:00,46.18,46.2,46.12,46.2,8156.0,46.158,73
2023-10-10 11:05:00-04:00,46.2,46.32,46.17,46.31,14501.0,46.21,58
2023-10-10 11:10:00-04:00,46.32,46.44,46.31,46.44,6917.0,46.358,45
2023-10-10 11:15:00-04:00,46.44,46.47,46.4,46.43,6181.0,46.431,55
2023-10-10 11:20:00-04:00,46.43,46.44,46.34,46.34,6167.0,46.382,52
2023-10-10 11:25:00-04:00,46.32,46.39,46.3,46.35,19158.0,46.356,54
2023-10-10 11:30:00-04:00,46.37,46.39,46.32,46.36,5217.0,46.356,44
2023-10-10 11:35:00-04:00,46.34,46.36,46.3,46.31,9609.0,46.336,59
2023-10-10 11:40:00-04:00,46.3,46.32,46.27,46.3,11877.0,46.306,63
2023-10-10 11:45:00-04:00,46.29,46.29,46.2,46.22,12202.0,46.247,77
2023-10-10 11:50:00-04:00,46.23,46.26,46.22,46.25,3805.0,46.23,33
2023-10-10 11:55:00-04:00,46.25,46.31,46.25,46.28,11267.0,46.278,63
2023-10-10 12:00:00-04:00,46.3,46.38,46.28,46.35,6167.0,46.334,49
2023-10-10 12:05:00-04:00,46.35,46.35,46.28,46.32,8990.0,46.313,77
2023-10-10 12:10:00-04:00,46.32,46.33,46.29,46.33,4290.0,46.313,37
2023-10-10 12:15:00-04:00,46.31,46.31,46.24,46.27,8906.0,46.274,59
2023-10-10 12:20:00-04:00,46.28,46.32,46.26,46.3,4847.0,46.281,42
2023-10-10 12:25:00-04:00,46.3,46.32,46.29,46.3,6964.0,46.3,37
2023-10-10 12:30:00-04:00,46.29,46.34,46.29,46.34,7622.0,46.307,44
2023-10-10 12:35:00-04:00,46.32,46.32,46.29,46.32,2744.0,46.308,26
2023-10-10 12:40:00-04:00,46.31,46.31,46.23,46.25,6540.0,46.269,51
2023-10-10 12:45:00-04:00,46.26,46.26,46.2,46.23,8428.0,46.223,51
2023-10-10 12:50:00-04:00,46.24,46.26,46.22,46.26,8370.0,46.24,47
2023-10-10 12:55:00-04:00,46.26,46.26,46.21,46.25,5517.0,46.235,34
2023-10-10 13:00:00-04:00,46.24,46.24,46.14,46.14,6080.0,46.208,53
2023-10-10 13:05:00-04:00,46.13,46.18,46.08,46.11,9398.0,46.129,80
2023-10-10 13:10:00-04:00,46.11,46.12,46.03,46.05,5317.0,46.087,45
2023-10-10 13:15:00-04:00,46.04,46.13,46.03,46.09,11629.0,46.098,51
2023-10-10 13:20:00-04:00,46.09,46.11,46.02,46.04,6896.0,46.073,60
2023-10-10 13:25:00-04:00,46.05,46.05,45.99,46.0,8112.0,46.018,68
2023-10-10 13:30:00-04:00,45.99,46.08,45.99,46.08,11136.0,46.027,89
2023-10-10 13:35:00-04:00,46.07,46.07,46.0,46.03,5256.0,46.032,47
2023-10-10 13:40:00-04:00,46.03,46.04,45.99,46.02,5928.0,46.021,52
2023-10-10 13:45:00-04:00,46.02,46.09,45.99,46.08,5175.0,46.038,42
2023-10-10 13:50:00-04:00,46.09,46.1,46.04,46.07,6716.0,46.078,54
2023-10-10 13:55:00-04:00,46.06,46.1,46.06,46.07,5075.0,46.074,41
2023-10-10 14:00:00-04:00,46.06,46.08,46.02,46.03,7645.0,46.058,66
2023-10-10 14:05:00-04:00,46.03,46.04,45.98,45.98,7650.0,46.013,68
2023-10-10 14:10:00-04:00,45.98,46.02,45.96,45.96,11883.0,45.992,79
2023-10-10 14:15:00-04:00,45.95,45.95,45.82,45.86,15627.0,45.872,103
2023-10-10 14:20:00-04:00,45.86,45.87,45.79,45.79,10400.0,45.833,67
2023-10-10 14:25:00-04:00,45.81,45.89,45.78,45.87,7027.0,45.838,51
2023-10-10 14:30:00-04:00,45.86,45.93,45.86,45.92,11645.0,45.901,95
2023-10-10 14:35:00-04:00,45.95,45.97,45.9,45.91,13519.0,45.927,104
2023-10-10 14:40:00-04:00,45.9,45.96,45.9,45.96,9168.0,45.935,69
2023-10-10 14:45:00-04:00,45.95,46.0,45.92,45.98,30245.0,45.989,62
2023-10-10 14:50:00-04:00,45.99,46.01,45.97,45.99,10720.0,45.985,88
2023-10-10 14:55:00-04:00,45.98,46.22,45.97,46.21,18541.0,46.108,157
2023-10-10 15:00:00-04:00,46.21,46.23,46.17,46.22,16623.0,46.188,134
2023-10-10 15:05:00-04:00,46.23,46.26,46.19,46.25,14035.0,46.225,112
2023-10-10 15:10:00-04:00,46.26,46.26,46.17,46.19,8250.0,46.208,71
2023-10-10 15:15:00-04:00,46.19,46.22,46.14,46.15,41813.0,46.171,172
2023-10-10 15:20:00-04:00,46.17,46.25,46.15,46.21,20782.0,46.207,158
2023-10-10 15:25:00-04:00,46.2,46.2,46.06,46.07,19950.0,46.135,158
2023-10-10 15:30:00-04:00,46.08,46.11,46.04,46.05,13017.0,46.08,107
2023-10-10 15:35:00-04:00,46.05,46.07,45.99,46.0,20105.0,46.017,156
2023-10-10 15:40:00-04:00,46.02,46.06,45.98,46.05,21073.0,46.01,162
2023-10-10 15:45:00-04:00,46.05,46.17,46.04,46.14,64143.0,46.101,378
2023-10-10 15:50:00-04:00,46.14,46.16,46.11,46.15,103362.0,46.138,599
2023-10-10 15:55:00-04:00,46.16,46.26,46.15,46.25,205548.0,46.208,932
2023-10-11 09:30:00-04:00,47.2,47.76,47.17,47.71,61410.0,47.325,172
2023-10-11 09:35:00-04:00,47.72,47.84,47.27,47.27,91753.0,47.555,298
2023-10-11 09:40:00-04:00,47.32,47.87,47.21,47.84,36692.0,47.539,189
2023-10-11 09:45:00-04:00,47.84,47.84,47.22,47.22,49207.0,47.567,191
2023-10-11 09:50:00-04:00,47.29,47.42,47.22,47.33,17387.0,47.293,135
2023-10-11 09:55:00-04:00,47.37,47.4,47.27,47.37,15829.0,47.357,55
2023-10-11 10:00:00-04:00,47.39,47.55,47.26,47.26,20868.0,47.422,148
2023-10-11 10:05:00-04:00,47.29,47.32,47.11,47.11,12589.0,47.18,105
2023-10-11 10:10:00-04:00,47.1,47.14,46.89,46.91,16603.0,47.024,132
2023-10-11 10:15:00-04:00,46.92,46.93,46.73,46.73,15864.0,46.84,124
2023-10-11 10:20:00-04:00,46.73,46.76,46.42,46.43,15617.0,46.58,136
2023-10-11 10:25:00-04:00,46.44,46.46,46.34,46.36,14990.0,46.394,128
2023-10-11 10:30:00-04:00,46.36,46.45,46.33,46.41,37972.0,46.382,128
2023-10-11 10:35:00-04:00,46.4,46.4,46.16,46.16,14014.0,46.265,119
2023-10-11 10:40:00-04:00,46.17,46.27,46.17,46.25,10407.0,46.205,90
2023-10-11 10:45:00-04:00,46.25,46.29,46.19,46.29,13804.0,46.237,120
2023-10-11 10:50:00-04:00,46.31,46.33,46.24,46.27,8689.0,46.28,73
2023-10-11 10:55:00-04:00,46.26,46.44,46.24,46.42,13512.0,46.309,103
2023-10-11 11:00:00-04:00,46.43,46.56,46.42,46.5,14463.0,46.488,110
2023-10-11 11:05:00-04:00,46.52,46.54,46.49,46.49,9098.0,46.524,80
2023-10-11 11:10:00-04:00,46.49,46.58,46.43,46.45,12784.0,46.51,100
2023-10-11 11:15:00-04:00,46.43,46.43,46.21,46.21,18440.0,46.292,142
2023-10-11 11:20:00-04:00,46.2,46.28,46.18,46.26,10907.0,46.228,84
2023-10-11 11:25:00-04:00,46.26,46.27,46.15,46.19,13509.0,46.217,108
2023-10-11 11:30:00-04:00,46.19,46.36,46.17,46.23,29069.0,46.275,102
2023-10-11 11:35:00-04:00,46.22,46.22,46.1,46.12,10895.0,46.148,89
2023-10-11 11:40:00-04:00,46.11,46.18,46.09,46.11,8962.0,46.122,82
2023-10-11 11:45:00-04:00,46.11,46.12,46.07,46.08,12017.0,46.093,97
2023-10-11 11:50:00-04:00,46.08,46.17,46.07,46.1,19498.0,46.108,150
2023-10-11 11:55:00-04:00,46.09,46.16,46.06,46.08,12829.0,46.115,84
2023-10-11 12:00:00-04:00,46.07,46.1,46.0,46.07,7739.0,46.059,65
2023-10-11 12:05:00-04:00,46.11,46.19,46.1,46.18,5796.0,46.136,50
2023-10-11 12:10:00-04:00,46.18,46.19,46.08,46.08,8963.0,46.159,77
2023-10-11 12:15:00-04:00,46.08,46.08,46.03,46.05,6238.0,46.048,52
2023-10-11 12:20:00-04:00,46.07,46.07,45.95,45.98,9081.0,46.005,60
2023-10-11 12:25:00-04:00,45.97,45.97,45.9,45.9,5766.0,45.926,49
2023-10-11 12:30:00-04:00,45.91,45.94,45.9,45.93,4082.0,45.929,35
2023-10-11 12:35:00-04:00,45.92,45.95,45.9,45.92,1780.0,45.917,16
2023-10-11 12:40:00-04:00,45.93,45.94,45.89,45.89,7635.0,45.923,60
2023-10-11 12:45:00-04:00,45.88,45.88,45.83,45.88,10487.0,45.852,84
2023-10-11 12:50:00-04:00,45.92,45.94,45.89,45.89,5240.0,45.916,38
2023-10-11 12:55:00-04:00,45.89,45.91,45.86,45.9,4829.0,45.884,33
2023-10-11 13:00:00-04:00,45.91,45.92,45.84,45.92,7964.0,45.871,62
2023-10-11 13:05:00-04:00,45.93,46.06,45.92,46.02,18534.0,45.983,76
2023-10-11 13:10:00-04:00,46.03,46.08,46.01,46.04,5842.0,46.048,51
2023-10-11 13:15:00-04:00,46.04,46.08,46.02,46.03,13744.0,46.047,108
2023-10-11 13:20:00-04:00,46.03,46.04,46.0,46.0,8770.0,46.023,75
2023-10-11 13:25:00-04:00,45.99,45.99,45.91,45.96,8595.0,45.939,62
2023-10-11 13:30:00-04:00,45.95,45.99,45.95,45.98,2261.0,45.965,12
2023-10-11 13:35:00-04:00,45.97,45.97,45.86,45.89,4627.0,45.915,39
2023-10-11 13:40:00-04:00,45.91,45.93,45.89,45.92,5489.0,45.912,32
2023-10-11 13:45:00-04:00,45.9,45.9,45.77,45.79,6873.0,45.855,49
2023-10-11 13:50:00-04:00,45.81,45.87,45.81,45.84,4113.0,45.828,35
2023-10-11 13:55:00-04:00,45.82,45.82,45.69,45.7,18662.0,45.727,80
2023-10-11 14:00:00-04:00,45.71,45.82,45.71,45.76,5889.0,45.782,44
2023-10-11 14:05:00-04:00,45.75,45.75,45.65,45.65,7165.0,45.695,61
2023-10-11 14:10:00-04:00,45.66,45.7,45.64,45.65,6275.0,45.672,50
2023-10-11 14:15:00-04:00,45.66,45.71,45.65,45.65,5871.0,45.669,48
2023-10-11 14:20:00-04:00,45.65,45.68,45.65,45.67,5792.0,45.665,48
2023-10-11 14:25:00-04:00,45.67,45.74,45.6,45.6,11425.0,45.696,95
2023-10-11 14:30:00-04:00,45.61,45.66,45.59,45.65,7620.0,45.63,61
2023-10-11 14:35:00-04:00,45.65,45.67,45.62,45.62,5657.0,45.647,49
2023-10-11 14:40:00-04:00,45.63,45.63,45.58,45.61,15256.0,45.613,61
2023-10-11 14:45:00-04:00,45.61,45.67,45.6,45.65,8160.0,45.638,61
2023-10-11 14:50:00-04:00,45.64,45.77,45.64,45.77,9007.0,45.723,39
2023-10-11 14:55:00-04:00,45.77,45.78,45.73,45.76,18601.0,45.761,97
2023-10-11 15:00:00-04:00,45.77,45.99,45.77,45.93,20956.0,45.862,91
2023-10-11 15:05:00-04:00,45.92,45.94,45.87,45.94,6780.0,45.909,55
2023-10-11 15:10:00-04:00,45.95,45.96,45.85,45.85,14138.0,45.908,93
2023-10-11 15:15:00-04:00,45.83,45.85,45.77,45.85,13710.0,45.803,111
2023-10-11 15:20:00-04:00,45.84,45.85,45.81,45.85,12394.0,45.829,112
2023-10-11 15:25:00-04:00,45.83,45.84,45.8,45.84,15321.0,45.823,135
2023-10-11 15:30:00-04:00,45.84,45.9,45.82,45.88,19315.0,45.871,145
2023-10-11 15:35:00-04:00,45.87,45.95,45.85,45.95,21151.0,45.893,185
2023-10-11 15:40:00-04:00,45.94,45.97,45.9,45.94,28829.0,45.94,229
2023-10-11 15:45:00-04:00,45.94,45.99,45.9,45.91,44956.0,45.946,356
2023-10-11 15:50:00-04:00,45.9,46.0,45.89,45.98,65994.0,45.962,467
2023-10-11 15:55:00-04:00,45.98,46.04,45.95,45.99,191489.0,45.998,1005
2023-10-12 09:30:00-04:00,45.8,46.01,45.6,45.65,28078.0,45.813,62
2023-10-12 09:35:00-04:00,45.62,45.63,45.25,45.32,19394.0,45.376,80
2023-10-12 09:40:00-04:00,45.29,45.36,45.13,45.34,27058.0,45.269,122
2023-10-12 09:45:00-04:00,45.28,45.39,45.1,45.1,11758.0,45.226,86
2023-10-12 09:50:00-04:00,45.13,45.13,44.91,44.91,20771.0,44.993,112
2023-10-12 09:55:00-04:00,44.89,44.9,44.72,44.83,9804.0,44.832,84
2023-10-12 10:00:00-04:00,44.8,44.85,44.73,44.82,14098.0,44.787,64
2023-10-12 10:05:00-04:00,44.83,44.87,44.76,44.77,7609.0,44.82,50
2023-10-12 10:10:00-04:00,44.78,44.83,44.76,44.83,3594.0,44.802,31
2023-10-12 10:15:00-04:00,44.82,44.85,44.78,44.82,7388.0,44.817,57
2023-10-12 10:20:00-04:00,44.83,44.83,44.68,44.72,16276.0,44.755,70
2023-10-12 10:25:00-04:00,44.72,44.79,44.66,44.68,19961.0,44.708,79
2023-10-12 10:30:00-04:00,44.66,44.71,44.55,44.6,71590.0,44.618,92
2023-10-12 10:35:00-04:00,44.59,44.69,44.55,44.65,19327.0,44.616,67
2023-10-12 10:40:00-04:00,44.69,44.71,44.56,44.68,7220.0,44.646,56
2023-10-12 10:45:00-04:00,44.68,44.7,44.64,44.67,3992.0,44.665,32
2023-10-12 10:50:00-04:00,44.64,44.69,44.57,44.59,10578.0,44.638,89
2023-10-12 10:55:00-04:00,44.56,44.59,44.54,44.59,6234.0,44.557,46
2023-10-12 11:00:00-04:00,44.61,44.66,44.57,44.59,11248.0,44.626,74
2023-10-12 11:05:00-04:00,44.59,44.67,44.52,44.55,102244.0,44.606,224
2023-10-12 11:10:00-04:00,44.57,44.57,44.5,44.54,7551.0,44.534,62
2023-10-12 11:15:00-04:00,44.55,44.57,44.51,44.52,6378.0,44.538,49
2023-10-12 11:20:00-04:00,44.54,44.55,44.47,44.54,17324.0,44.503,104
2023-10-12 11:25:00-04:00,44.56,44.6,44.48,44.5,19570.0,44.56,160
2023-10-12 11:30:00-04:00,44.49,44.53,44.47,44.52,12426.0,44.497,114
2023-10-12 11:35:00-04:00,44.51,44.52,44.39,44.46,10036.0,44.441,75
2023-10-12 11:40:00-04:00,44.45,44.45,44.38,44.39,14725.0,44.406,123
2023-10-12 11:45:00-04:00,44.38,44.39,44.28,44.29,13592.0,44.34,107
2023-10-12 11:50:00-04:00,44.27,44.32,44.19,44.32,14913.0,44.249,107
2023-10-12 11:55:00-04:00,44.32,44.44,44.3,44.43,9047.0,44.364,66
2023-10-12 12:00:00-04:00,44.45,44.49,44.4,44.47,21616.0,44.43,123
2023-10-12 12:05:00-04:00,44.48,44.49,44.4,44.4,5725.0,44.464,47
2023-10-12 12:10:00-04:00,44.42,44.42,44.38,44.4,11771.0,44.396,58
2023-10-12 12:15:00-04:00,44.4,44.47,44.4,44.41,4454.0,44.43,30
2023-10-12 12:20:00-04:00,44.4,44.47,44.38,44.44,11051.0,44.431,61
2023-10-12 12:25:00-04:00,44.43,44.44,44.36,44.39,10299.0,44.4,72
2023-10-12 12:30:00-04:00,44.41,44.43,44.35,44.37,12846.0,44.382,68
2023-10-12 12:35:00-04:00,44.36,44.4,44.32,44.38,17157.0,44.344,75
2023-10-12 12:40:00-04:00,44.37,44.38,44.3,44.35,12591.0,44.342,109
2023-10-12 12:45:00-04:00,44.34,44.34,44.3,44.31,5306.0,44.322,38
2023-10-12 12:50:00-04:00,44.3,44.31,44.2,44.24,14523.0,44.254,91
2023-10-12 12:55:00-04:00,44.23,44.27,44.17,44.25,26024.0,44.209,128
2023-10-12 13:00:00-04:00,44.24,44.24,43.92,43.99,19019.0,44.042,116
2023-10-12 13:05:00-04:00,43.99,43.99,43.86,43.89,35146.0,43.938,234
2023-10-12 13:10:00-04:00,43.88,43.92,43.79,43.84,30828.0,43.849,200
2023-10-12 13:15:00-04:00,43.85,43.92,43.83,43.88,12639.0,43.861,94
2023-10-12 13:20:00-04:00,43.88,43.89,43.78,43.8,11458.0,43.809,80
2023-10-12 13:25:00-04:00,43.8,43.91,43.79,43.79,13408.0,43.863,111
2023-10-12 13:30:00-04:00,43.79,43.98,43.77,43.96,69460.0,43.931,139
2023-10-12 13:35:00-04:00,43.94,44.09,43.94,44.04,11341.0,44.037,83
2023-10-12 13:40:00-04:00,44.04,44.04,43.9,43.91,30658.0,43.968,149
2023-10-12 13:45:00-04:00,43.92,43.99,43.9,43.98,14313.0,43.941,113
2023-10-12 13:50:00-04:00,43.99,44.03,43.96,43.97,10132.0,43.991,78
2023-10-12 13:55:00-04:00,43.97,43.99,43.89,43.94,14491.0,43.951,97
2023-10-12 14:00:00-04:00,43.95,44.05,43.92,43.98,12792.0,43.972,96
2023-10-12 14:05:00-04:00,43.96,44.01,43.88,43.93,22610.0,43.938,156
2023-10-12 14:10:00-04:00,43.93,43.93,43.84,43.92,17102.0,43.899,135
2023-10-12 14:15:00-04:00,43.93,43.94,43.81,43.83,15835.0,43.869,111
2023-10-12 14:20:00-04:00,43.83,43.88,43.82,43.86,16013.0,43.852,131
2023-10-12 14:25:00-04:00,43.86,44.04,43.85,44.04,21952.0,43.934,124
2023-10-12 14:30:00-04:00,44.04,44.1,43.95,43.99,24533.0,44.029,163
2023-10-12 14:35:00-04:00,44.0,44.01,43.86,43.9,22884.0,43.917,175
2023-10-12 14:40:00-04:00,43.89,43.9,43.81,43.85,25718.0,43.851,163
2023-10-12 14:45:00-04:00,43.84,43.96,43.83,43.95,23625.0,43.889,135
2023-10-12 14:50:00-04:00,43.96,44.02,43.88,43.91,29643.0,43.95,174
2023-10-12 14:55:00-04:00,43.91,43.91,43.8,43.85,24790.0,43.834,205
2023-10-12 15:00:00-04:00,43.86,43.87,43.71,43.77,26140.0,43.807,198
2023-10-12 15:05:00-04:00,43.77,43.8,43.71,43.77,33797.0,43.752,242
2023-10-12 15:10:00-04:00,43.77,43.79,43.65,43.67,35092.0,43.704,262
2023-10-12 15:15:00-04:00,43.67,43.86,43.63,43.84,67606.0,43.718,305
2023-10-12 15:20:00-04:00,43.83,43.83,43.74,43.82,29078.0,43.772,216
2023-10-12 15:25:00-04:00,43.82,43.83,43.78,43.82,23498.0,43.802,165
2023-10-12 15:30:00-04:00,43.82,44.02,43.81,44.0,36269.0,43.937,189
2023-10-12 15:35:00-04:00,44.01,44.12,44.01,44.12,40872.0,44.072,239
2023-10-12 15:40:00-04:00,44.12,44.19,44.07,44.1,56749.0,44.131,377
2023-10-12 15:45:00-04:00,44.1,44.11,43.92,43.97,61537.0,43.974,422
2023-10-12 15:50:00-04:00,43.96,44.04,43.88,43.91,95426.0,43.953,648
2023-10-12 15:55:00-04:00,43.91,43.95,43.85,43.85,236151.0,43.893,1043
2023-10-13 09:30:00-04:00,44.28,44.47,44.15,44.36,36856.0,44.298,104
2023-10-13 09:35:00-04:00,44.3,44.49,44.3,44.35,9300.0,44.379,76
2023-10-13 09:40:00-04:00,44.41,44.42,44.32,44.39,21691.0,44.372,51
2023-10-13 09:45:00-04:00,44.38,44.43,44.29,44.29,5754.0,44.36,50
2023-10-13 09:50:00-04:00,44.31,44.6,44.26,44.57,36394.0,44.327,109
2023-10-13 09:55:00-04:00,44.57,44.6,44.48,44.48,7627.0,44.545,48
2023-10-13 10:00:00-04:00,44.46,44.61,44.41,44.51,11398.0,44.493,86
2023-10-13 10:05:00-04:00,44.53,44.66,44.53,44.64,14508.0,44.617,108
2023-10-13 10:10:00-04:00,44.62,44.62,44.48,44.51,19746.0,44.567,132
2023-10-13 10:15:00-04:00,44.5,44.57,44.44,44.47,12430.0,44.498,90
2023-10-13 10:20:00-04:00,44.5,44.54,44.38,44.39,57278.0,44.493,170
2023-10-13 10:25:00-04:00,44.38,44.5,44.33,44.5,48861.0,44.402,131
2023-10-13 10:30:00-04:00,44.48,44.59,44.48,44.58,8138.0,44.52,54
2023-10-13 10:35:00-04:00,44.56,44.67,44.52,44.55,7642.0,44.597,64
2023-10-13 10:40:00-04:00,44.52,44.54,44.47,44.48,4817.0,44.508,43
2023-10-13 10:45:00-04:00,44.46,44.53,44.44,44.46,6704.0,44.48,41
2023-10-13 10:50:00-04:00,44.45,44.45,44.28,44.34,6992.0,44.352,53
2023-10-13 10:55:00-04:00,44.34,44.34,44.21,44.22,13441.0,44.287,97
2023-10-13 11:00:00-04:00,44.23,44.26,44.17,44.18,11469.0,44.208,96
2023-10-13 11:05:00-04:00,44.18,44.21,44.06,44.21,14464.0,44.132,91
2023-10-13 11:10:00-04:00,44.21,44.24,44.14,44.16,6001.0,44.184,56
2023-10-13 11:15:00-04:00,44.16,44.25,44.15,44.24,5842.0,44.203,47
2023-10-13 11:20:00-04:00,44.25,44.25,44.17,44.18,11373.0,44.216,96
2023-10-13 11:25:00-04:00,44.18,44.19,44.08,44.15,10095.0,44.134,81
2023-10-13 11:30:00-04:00,44.15,44.16,44.08,44.09,4775.0,44.136,42
2023-10-13 11:35:00-04:00,44.09,44.11,44.02,44.04,9853.0,44.074,65
2023-10-13 11:40:00-04:00,44.04,44.07,44.01,44.02,5874.0,44.038,53
2023-10-13 11:45:00-04:00,44.01,44.04,43.96,44.02,7929.0,44.003,58
2023-10-13 11:50:00-04:00,44.02,44.02,43.9,43.9,2802.0,43.984,27
2023-10-13 11:55:00-04:00,43.88,43.88,43.79,43.84,8485.0,43.828,63
2023-10-13 12:00:00-04:00,43.83,43.91,43.82,43.88,3917.0,43.859,28
2023-10-13 12:05:00-04:00,43.89,43.92,43.88,43.9,3379.0,43.9,27
2023-10-13 12:10:00-04:00,43.89,43.89,43.83,43.84,6827.0,43.865,49
2023-10-13 12:15:00-04:00,43.84,43.84,43.78,43.79,9114.0,43.812,72
2023-10-13 12:20:00-04:00,43.79,44.02,43.79,44.02,39373.0,43.899,199
2023-10-13 12:25:00-04:00,44.0,44.04,43.96,44.03,14002.0,44.011,89
2023-10-13 12:30:00-04:00,44.04,44.12,44.01,44.11,3764.0,44.047,36
2023-10-13 12:35:00-04:00,44.12,44.12,43.99,44.02,7926.0,44.056,69
2023-10-13 12:40:00-04:00,44.02,44.03,43.98,43.98,6187.0,43.999,46
2023-10-13 12:45:00-04:00,43.98,44.0,43.86,43.86,8292.0,43.96,65
2023-10-13 12:50:00-04:00,43.84,43.84,43.72,43.82,10521.0,43.787,77
2023-10-13 12:55:00-04:00,43.82,43.94,43.81,43.86,57189.0,43.832,71
2023-10-13 13:00:00-04:00,43.86,43.91,43.82,43.83,5751.0,43.871,48
2023-10-13 13:05:00-04:00,43.84,43.84,43.76,43.79,7590.0,43.794,63
2023-10-13 13:10:00-04:00,43.81,43.86,43.77,43.77,10456.0,43.819,87
2023-10-13 13:15:00-04:00,43.75,43.82,43.73,43.73,11473.0,43.775,90
2023-10-13 13:20:00-04:00,43.74,43.74,43.68,43.7,7699.0,43.708,61
2023-10-13 13:25:00-04:00,43.7,43.71,43.63,43.66,11714.0,43.655,57
2023-10-13 13:30:00-04:00,43.64,43.64,43.59,43.62,26785.0,43.605,91
2023-10-13 13:35:00-04:00,43.61,43.67,43.58,43.67,44930.0,43.617,82
2023-10-13 13:40:00-04:00,43.69,43.9,43.68,43.89,15940.0,43.74,61
2023-10-13 13:45:00-04:00,43.89,44.02,43.89,43.98,7480.0,43.966,52
2023-10-13 13:50:00-04:00,44.01,44.04,44.0,44.02,4543.0,44.013,29
2023-10-13 13:55:00-04:00,44.04,44.04,43.99,44.02,6951.0,44.009,61
2023-10-13 14:00:00-04:00,44.01,44.06,43.99,44.01,4771.0,44.04,40
2023-10-13 14:05:00-04:00,44.0,44.08,44.0,44.08,4249.0,44.045,39
2023-10-13 14:10:00-04:00,44.09,44.18,44.06,44.09,47048.0,44.126,113
2023-10-13 14:15:00-04:00,44.09,44.09,44.04,44.06,4530.0,44.063,39
2023-10-13 14:20:00-04:00,44.05,44.05,43.93,43.94,7871.0,44.015,50
2023-10-13 14:25:00-04:00,43.92,43.95,43.86,43.91,30080.0,43.907,159
2023-10-13 14:30:00-04:00,43.9,44.06,43.9,44.05,26719.0,43.987,162
2023-10-13 14:35:00-04:00,44.05,44.06,43.9,43.95,27523.0,43.961,139
2023-10-13 14:40:00-04:00,43.94,44.01,43.94,43.98,14078.0,43.983,105
2023-10-13 14:45:00-04:00,43.99,44.02,43.96,43.99,39610.0,43.983,180
2023-10-13 14:50:00-04:00,43.99,44.16,43.99,44.16,30280.0,44.098,206
2023-10-13 14:55:00-04:00,44.15,44.21,44.14,44.2,15059.0,44.167,130
2023-10-13 15:00:00-04:00,44.2,44.21,44.14,44.16,24404.0,44.161,134
2023-10-13 15:05:00-04:00,44.16,44.16,44.02,44.13,16437.0,44.099,142
2023-10-13 15:10:00-04:00,44.13,44.23,44.12,44.21,15860.0,44.196,139
2023-10-13 15:15:00-04:00,44.21,44.26,44.15,44.22,22987.0,44.221,204
2023-10-13 15:20:00-04:00,44.21,44.25,44.16,44.25,17691.0,44.201,153
2023-10-13 15:25:00-04:00,44.25,44.29,44.09,44.11,52649.0,44.166,201
2023-10-13 15:30:00-04:00,44.11,44.2,44.09,44.15,25987.0,44.153,177
2023-10-13 15:35:00-04:00,44.15,44.18,44.01,44.03,16487.0,44.092,126
2023-10-13 15:40:00-04:00,44.02,44.05,43.91,43.91,15785.0,43.98,147
2023-10-13 15:45:00-04:00,43.92,43.96,43.91,43.96,38589.0,43.933,318
2023-10-13 15:50:00-04:00,43.95,44.06,43.94,44.05,55024.0,44.011,452
2023-10-13 15:55:00-04:00,44.05,44.08,44.01,44.08,194731.0,44.058,1151
2023-10-16 09:30:00-04:00,44.31,44.55,44.07,44.07,23503.0,44.306,23
2023-10-16 09:35:00-04:00,44.0,44.0,43.62,43.62,7414.0,43.773,53
2023-10-16 09:40:00-04:00,43.58,43.68,43.38,43.68,38561.0,43.459,97
2023-10-16 09:45:00-04:00,43.72,43.95,43.72,43.95,8057.0,43.866,58
2023-10-16 09:50:00-04:00,43.96,44.28,43.96,44.28,13881.0,44.091,67
2023-10-16 09:55:00-04:00,44.24,44.27,44.08,44.11,13940.0,44.16,72
2023-10-16 10:00:00-04:00,44.09,44.28,44.01,44.19,34580.0,44.186,236
2023-10-16 10:05:00-04:00,44.15,44.18,44.08,44.11,9722.0,44.121,69
2023-10-16 10:10:00-04:00,44.12,44.22,44.08,44.22,8212.0,44.148,61
2023-10-16 10:15:00-04:00,44.23,44.34,44.21,44.22,41449.0,44.282,173
2023-10-16 10:20:00-04:00,44.24,44.32,44.24,44.32,11902.0,44.288,65
2023-10-16 10:25:00-04:00,44.33,44.46,44.31,44.46,37224.0,44.375,120
2023-10-16 10:30:00-04:00,44.49,44.61,44.43,44.57,17943.0,44.529,122
2023-10-16 10:35:00-04:00,44.57,44.59,44.53,44.54,10264.0,44.56,68
2023-10-16 10:40:00-04:00,44.57,44.65,44.56,44.65,14049.0,44.603,61
2023-10-16 10:45:00-04:00,44.65,44.81,44.65,44.78,17002.0,44.725,138
2023-10-16 10:50:00-04:00,44.78,44.89,44.76,44.82,40388.0,44.824,188
2023-10-16 10:55:00-04:00,44.81,44.99,44.81,44.99,13351.0,44.873,103
2023-10-16 11:00:00-04:00,45.0,45.15,45.0,45.08,10096.0,45.067,89
2023-10-16 11:05:00-04:00,45.09,45.16,45.06,45.08,16104.0,45.109,84
2023-10-16 11:10:00-04:00,45.07,45.1,45.01,45.04,13312.0,45.05,90
2023-10-16 11:15:00-04:00,45.05,45.09,45.02,45.03,7069.0,45.055,65
2023-10-16 11:20:00-04:00,45.03,45.08,45.01,45.01,7351.0,45.055,62
2023-10-16 11:25:00-04:00,45.02,45.02,44.93,44.94,10021.0,44.957,80
2023-10-16 11:30:00-04:00,44.92,44.98,44.91,44.95,7774.0,44.96,40
2023-10-16 11:35:00-04:00,44.97,44.97,44.89,44.92,10817.0,44.918,85
2023-10-16 11:40:00-04:00,44.93,44.93,44.87,44.88,28265.0,44.909,182
2023-10-16 11:45:00-04:00,44.89,44.91,44.81,44.88,19539.0,44.868,127
2023-10-16 11:50:00-04:00,44.88,44.93,44.87,44.92,16818.0,44.904,109
2023-10-16 11:55:00-04:00,44.93,45.02,44.93,45.02,14504.0,44.972,95
2023-10-16 12:00:00-04:00,45.02,45.09,45.02,45.05,14108.0,45.056,89
2023-10-16 12:05:00-04:00,45.06,45.18,45.06,45.11,11078.0,45.119,78
2023-10-16 12:10:00-04:00,45.1,45.17,45.1,45.15,19763.0,45.118,60
2023-10-16 12:15:00-04:00,45.16,45.23,45.14,45.22,9202.0,45.179,67
2023-10-16 12:20:00-04:00,45.23,45.23,45.07,45.16,10689.0,45.158,62
2023-10-16 12:25:00-04:00,45.16,45.16,45.09,45.14,17606.0,45.113,67
2023-10-16 12:30:00-04:00,45.14,45.17,45.11,45.17,23139.0,45.141,52
2023-10-16 12:35:00-04:00,45.16,45.23,45.15,45.22,6026.0,45.192,45
2023-10-16 12:40:00-04:00,45.23,45.28,45.22,45.27,6095.0,45.265,38
2023-10-16 12:45:00-04:00,45.28,45.33,45.15,45.18,19807.0,45.271,135
2023-10-16 12:50:00-04:00,45.21,45.32,45.21,45.32,11746.0,45.248,47
2023-10-16 12:55:00-04:00,45.3,45.3,45.14,45.19,4788.0,45.233,31
2023-10-16 13:00:00-04:00,45.18,45.2,45.13,45.18,2862.0,45.176,25
2023-10-16 13:05:00-04:00,45.2,45.31,45.2,45.24,7220.0,45.262,62
2023-10-16 13:10:00-04:00,45.25,45.3,45.15,45.15,7970.0,45.255,61
2023-10-16 13:15:00-04:00,45.16,45.21,45.11,45.11,4373.0,45.166,32
2023-10-16 13:20:00-04:00,45.1,45.1,44.96,45.01,37562.0,45.015,93
2023-10-16 13:25:00-04:00,45.02,45.18,44.95,45.16,34658.0,45.097,129
2023-10-16 13:30:00-04:00,45.17,45.23,45.14,45.14,5332.0,45.169,35
2023-10-16 13:35:00-04:00,45.15,45.21,45.15,45.17,10821.0,45.177,43
2023-10-16 13:40:00-04:00,45.19,45.29,45.19,45.29,15029.0,45.244,101
2023-10-16 13:45:00-04:00,45.32,45.35,45.31,45.35,6061.0,45.325,39
2023-10-16 13:50:00-04:00,45.36,45.39,45.32,45.35,21077.0,45.358,132
2023-10-16 13:55:00-04:00,45.36,45.41,45.36,45.41,8829.0,45.394,74
2023-10-16 14:00:00-04:00,45.41,45.41,45.33,45.35,8275.0,45.392,56
2023-10-16 14:05:00-04:00,45.35,45.36,45.24,45.26,6128.0,45.293,44
2023-10-16 14:10:00-04:00,45.26,45.28,45.24,45.25,11207.0,45.259,92
2023-10-16 14:15:00-04:00,45.25,45.28,45.24,45.25,10149.0,45.25,70
2023-10-16 14:20:00-04:00,45.24,45.24,45.07,45.1,6794.0,45.161,54
2023-10-16 14:25:00-04:00,45.09,45.12,45.03,45.04,53629.0,45.071,178
2023-10-16 14:30:00-04:00,45.04,45.09,45.01,45.09,14583.0,45.045,108
2023-10-16 14:35:00-04:00,45.08,45.13,45.07,45.08,24444.0,45.102,187
2023-10-16 14:40:00-04:00,45.09,45.11,45.01,45.01,11015.0,45.071,72
2023-10-16 14:45:00-04:00,45.02,45.05,44.94,45.04,26967.0,45.016,132
2023-10-16 14:50:00-04:00,45.03,45.04,45.01,45.02,8395.0,45.025,39
2023-10-16 14:55:00-04:00,45.02,45.06,45.0,45.02,15808.0,45.03,80
2023-10-16 15:00:00-04:00,45.02,45.02,44.88,44.88,8445.0,44.931,63
2023-10-16 15:05:00-04:00,44.89,44.94,44.88,44.94,6164.0,44.903,43
2023-10-16 15:10:00-04:00,44.93,44.93,44.79,44.79,10508.0,44.854,70
2023-10-16 15:15:00-04:00,44.79,44.93,44.77,44.91,21053.0,44.839,156
2023-10-16 15:20:00-04:00,44.93,44.99,44.93,44.99,14359.0,44.962,116
2023-10-16 15:25:00-04:00,44.99,45.02,44.97,45.02,21455.0,44.993,135
2023-10-16 15:30:00-04:00,45.03,45.03,44.92,44.95,20788.0,44.986,165
2023-10-16 15:35:00-04:00,44.94,44.94,44.84,44.89,22705.0,44.9,168
2023-10-16 15:40:00-04:00,44.89,45.0,44.88,44.93,22645.0,44.919,154
2023-10-16 15:45:00-04:00,44.93,45.02,44.92,45.0,47935.0,44.988,269
2023-10-16 15:50:00-04:00,44.99,44.99,44.89,44.95,35235.0,44.931,291
2023-10-16 15:55:00-04:00,44.95,45.0,44.93,44.99,111894.0,44.971,708
2023-10-17 09:30:00-04:00,44.56,44.71,44.55,44.7,39047.0,44.578,65
2023-10-17 09:35:00-04:00,44.7,44.73,44.42,44.72,15274.0,44.548,126
2023-10-17 09:40:00-04:00,44.75,44.94,44.72,44.86,6149.0,44.819,50
2023-10-17 09:45:00-04:00,44.91,45.29,44.91,45.28,41963.0,45.191,107
2023-10-17 09:50:00-04:00,45.25,45.56,45.25,45.37,49910.0,45.446,221
2023-10-17 09:55:00-04:00,45.34,45.37,45.15,45.34,12948.0,45.284,113
2023-10-17 10:00:00-04:00,45.31,45.48,45.23,45.25,22164.0,45.34,187
2023-10-17 10:05:00-04:00,45.24,45.54,45.19,45.54,9397.0,45.337,83
2023-10-17 10:10:00-04:00,45.55,45.75,45.52,45.73,19971.0,45.625,148
2023-10-17 10:15:00-04:00,45.73,45.88,45.68,45.87,24715.0,45.777,121
2023-10-17 10:20:00-04:00,45.88,45.9,45.68,45.71,10011.0,45.828,74
2023-10-17 10:25:00-04:00,45.69,45.69,45.55,45.55,5321.0,45.632,36
2023-10-17 10:30:00-04:00,45.55,45.56,45.39,45.46,8429.0,45.439,42
2023-10-17 10:35:00-04:00,45.47,45.53,45.43,45.53,7729.0,45.493,41
2023-10-17 10:40:00-04:00,45.51,45.52,45.44,45.5,6338.0,45.494,41
2023-10-17 10:45:00-04:00,45.5,45.52,45.32,45.34,12038.0,45.428,64
2023-10-17 10:50:00-04:00,45.33,45.4,45.33,45.4,7512.0,45.36,70
2023-10-17 10:55:00-04:00,45.41,45.45,45.4,45.44,8217.0,45.423,62
2023-10-17 11:00:00-04:00,45.47,45.51,45.43,45.45,3890.0,45.48,36
2023-10-17 11:05:00-04:00,45.5,45.52,45.43,45.46,11342.0,45.496,69
2023-10-17 11:10:00-04:00,45.47,45.55,45.44,45.54,13661.0,45.503,83
2023-10-17 11:15:00-04:00,45.54,45.6,45.45,45.5,18803.0,45.535,91
2023-10-17 11:20:00-04:00,45.51,45.51,45.46,45.49,9759.0,45.489,72
2023-10-17 11:25:00-04:00,45.48,45.49,45.4,45.4,7000.0,45.451,56
2023-10-17 11:30:00-04:00,45.38,45.41,45.36,45.41,9964.0,45.394,49
2023-10-17 11:35:00-04:00,45.4,45.58,45.4,45.56,24625.0,45.485,66
2023-10-17 11:40:00-04:00,45.5,45.54,45.45,45.48,62713.0,45.494,53
2023-10-17 11:45:00-04:00,45.52,45.7,45.52,45.68,14555.0,45.577,44
2023-10-17 11:50:00-04:00,45.67,45.77,45.67,45.72,8347.0,45.727,73
2023-10-17 11:55:00-04:00,45.71,45.73,45.65,45.68,7080.0,45.685,64
2023-10-17 12:00:00-04:00,45.69,45.7,45.64,45.64,5758.0,45.682,48
2023-10-17 12:05:00-04:00,45.64,45.7,45.61,45.7,9855.0,45.661,82
2023-10-17 12:10:00-04:00,45.68,45.7,45.58,45.61,5072.0,45.637,39
2023-10-17 12:15:00-04:00,45.59,45.59,45.48,45.48,13583.0,45.536,72
2023-10-17 12:20:00-04:00,45.44,45.46,45.4,45.45,3788.0,45.422,30
2023-10-17 12:25:00-04:00,45.45,45.55,45.44,45.55,4566.0,45.476,38
2023-10-17 12:30:00-04:00,45.54,45.54,45.46,45.53,6846.0,45.498,52
2023-10-17 12:35:00-04:00,45.51,45.53,45.38,45.38,3887.0,45.455,25
2023-10-17 12:40:00-04:00,45.39,45.43,45.38,45.42,14808.0,45.403,72
2023-10-17 12:45:00-04:00,45.41,45.51,45.4,45.51,20447.0,45.415,95
2023-10-17 12:50:00-04:00,45.51,45.53,45.49,45.49,12461.0,45.503,98
2023-10-17 12:55:00-04:00,45.5,45.56,45.48,45.49,5158.0,45.506,46
2023-10-17 13:00:00-04:00,45.49,45.52,45.47,45.47,3177.0,45.494,27
2023-10-17 13:05:00-04:00,45.48,45.5,45.46,45.49,4634.0,45.48,42
2023-10-17 13:10:00-04:00,45.48,45.49,45.46,45.48,5120.0,45.476,34
2023-10-17 13:15:00-04:00,45.48,45.53,45.46,45.51,7377.0,45.494,47
2023-10-17 13:20:00-04:00,45.51,45.53,45.48,45.48,10178.0,45.511,43
2023-10-17 13:25:00-04:00,45.49,45.6,45.49,45.59,11044.0,45.561,93
2023-10-17 13:30:00-04:00,45.59,45.6,45.51,45.57,12311.0,45.563,93
2023-10-17 13:35:00-04:00,45.58,45.59,45.46,45.47,43559.0,45.509,270
2023-10-17 13:40:00-04:00,45.42,45.5,45.42,45.48,5760.0,45.471,53
2023-10-17 13:45:00-04:00,45.5,45.55,45.47,45.55,6065.0,45.491,53
2023-10-17 13:50:00-04:00,45.56,45.61,45.55,45.58,16446.0,45.573,59
2023-10-17 13:55:00-04:00,45.57,45.64,45.56,45.61,6006.0,45.604,54
2023-10-17 14:00:00-04:00,45.6,45.61,45.52,45.55,6524.0,45.557,56
2023-10-17 14:05:00-04:00,45.55,45.57,45.51,45.55,7454.0,45.542,64
2023-10-17 14:10:00-04:00,45.55,45.64,45.52,45.62,18939.0,45.566,120
2023-10-17 14:15:00-04:00,45.62,45.66,45.62,45.62,6515.0,45.638,52
2023-10-17 14:20:00-04:00,45.63,45.71,45.63,45.69,4488.0,45.676,35
2023-10-17 14:25:00-04:00,45.69,45.72,45.68,45.69,6405.0,45.698,50
2023-10-17 14:30:00-04:00,45.69,45.77,45.67,45.76,38492.0,45.724,143
2023-10-17 14:35:00-04:00,45.76,45.83,45.72,45.81,14224.0,45.781,100
2023-10-17 14:40:00-04:00,45.82,45.88,45.82,45.88,7893.0,45.845,67
2023-10-17 14:45:00-04:00,45.88,45.89,45.8,45.86,12319.0,45.843,96
2023-10-17 14:50:00-04:00,45.85,45.88,45.66,45.67,14824.0,45.796,109
2023-10-17 14:55:00-04:00,45.66,45.72,45.64,45.69,8967.0,45.696,77
2023-10-17 15:00:00-04:00,45.69,45.69,45.62,45.65,8687.0,45.662,62
2023-10-17 15:05:00-04:00,45.65,45.68,45.62,45.64,11399.0,45.655,84
2023-10-17 15:10:00-04:00,45.64,45.69,45.63,45.66,23345.0,45.645,88
2023-10-17 15:15:00-04:00,45.67,45.74,45.66,45.69,13444.0,45.687,90
2023-10-17 15:20:00-04:00,45.7,45.72,45.66,45.68,10332.0,45.674,74
2023-10-17 15:25:00-04:00,45.69,45.7,45.67,45.69,9155.0,45.685,62
2023-10-17 15:30:00-04:00,45.68,45.7,45.66,45.67,18059.0,45.668,101
2023-10-17 15:35:00-04:00,45.68,45.68,45.58,45.59,18083.0,45.639,140
2023-10-17 15:40:00-04:00,45.6,45.6,45.53,45.53,13845.0,45.563,115
2023-10-17 15:45:00-04:00,45.53,45.6,45.52,45.58,26720.0,45.57,174
2023-10-17 15:50:00-04:00,45.56,45.63,45.53,45.62,35442.0,45.566,267
2023-10-17 15:55:00-04:00,45.63,45.63,45.55,45.57,107855.0,45.57,606
2023-10-18 09:30:00-04:00,45.09,45.57,45.01,45.26,23919.0,45.148,82
2023-10-18 09:35:00-04:00,45.24,45.29,44.94,45.12,15569.0,45.128,116
2023-10-18 09:40:00-04:00,45.06,45.18,45.0,45.15,7638.0,45.052,66
2023-10-18 09:45:00-04:00,45.12,45.2,45.0,45.09,15285.0,45.11,90
2023-10-18 09:50:00-04:00,45.06,45.14,45.0,45.03,12679.0,45.041,92
2023-10-18 09:55:00-04:00,45.05,45.08,44.96,45.03,13208.0,45.012,107
2023-10-18 10:00:00-04:00,45.03,45.09,44.96,45.05,7289.0,45.027,65
2023-10-18 10:05:00-04:00,45.07,45.09,45.03,45.05,21928.0,45.042,136
2023-10-18 10:10:00-04:00,45.03,45.1,45.01,45.1,7810.0,45.037,61
2023-10-18 10:15:00-04:00,45.11,45.31,45.03,45.31,10585.0,45.139,72
2023-10-18 10:20:00-04:00,45.3,45.32,45.26,45.28,6993.0,45.287,50
2023-10-18 10:25:00-04:00,45.28,45.32,45.1,45.11,9754.0,45.224,75
2023-10-18 10:30:00-04:00,45.09,45.17,45.06,45.08,7157.0,45.105,62
2023-10-18 10:35:00-04:00,45.08,45.09,45.06,45.07,6934.0,45.073,53
2023-10-18 10:40:00-04:00,45.06,45.1,45.02,45.04,30767.0,45.053,166
2023-10-18 10:45:00-04:00,45.03,45.09,45.0,45.01,13757.0,45.037,123
2023-10-18 10:50:00-04:00,45.0,45.0,44.94,44.95,4021.0,44.964,39
2023-10-18 10:55:00-04:00,44.94,45.08,44.92,45.08,11012.0,44.985,85
2023-10-18 11:00:00-04:00,45.08,45.11,45.03,45.08,6411.0,45.074,55
2023-10-18 11:05:00-04:00,45.08,45.11,45.02,45.04,7556.0,45.061,61
2023-10-18 11:10:00-04:00,45.05,45.08,45.03,45.07,5010.0,45.053,45
2023-10-18 11:15:00-04:00,45.07,45.12,45.03,45.09,7879.0,45.072,71
2023-10-18 11:20:00-04:00,45.08,45.16,45.01,45.04,18716.0,45.058,131
2023-10-18 11:25:00-04:00,45.04,45.11,45.03,45.05,10478.0,45.063,98
2023-10-18 11:30:00-04:00,45.05,45.13,45.03,45.04,10471.0,45.07,92
2023-10-18 11:35:00-04:00,45.04,45.08,45.02,45.02,15544.0,45.047,135
2023-10-18 11:40:00-04:00,45.03,45.03,44.92,44.95,22146.0,44.983,119
2023-10-18 11:45:00-04:00,44.93,44.93,44.78,44.8,9181.0,44.862,48
2023-10-18 11:50:00-04:00,44.81,44.81,44.69,44.71,5283.0,44.729,30
2023-10-18 11:55:00-04:00,44.69,44.76,44.66,44.69,3508.0,44.704,31
2023-10-18 12:00:00-04:00,44.67,44.97,44.67,44.95,15175.0,44.796,99
2023-10-18 12:05:00-04:00,44.94,44.96,44.83,44.9,11769.0,44.899,87
2023-10-18 12:10:00-04:00,44.9,45.0,44.9,44.97,39282.0,44.956,243
2023-10-18 12:15:00-04:00,44.96,45.0,44.9,44.95,20939.0,44.957,146
2023-10-18 12:20:00-04:00,44.94,45.0,44.88,44.97,43176.0,44.947,202
2023-10-18 12:25:00-04:00,44.99,45.04,44.98,45.01,7470.0,45.017,55
2023-10-18 12:30:00-04:00,45.0,45.11,45.0,45.04,4824.0,45.048,38
2023-10-18 12:35:00-04:00,45.03,45.07,45.0,45.02,6756.0,45.034,52
2023-10-18 12:40:00-04:00,45.03,45.06,45.0,45.05,4835.0,45.02,37
2023-10-18 12:45:00-04:00,45.05,45.05,45.02,45.02,11425.0,45.028,98
2023-10-18 12:50:00-04:00,45.02,45.04,44.97,45.03,23713.0,45.01,176
2023-10-18 12:55:00-04:00,45.02,45.03,45.0,45.0,4624.0,45.015,41
2023-10-18 13:00:00-04:00,45.0,45.3,44.99,45.29,17683.0,45.131,122
2023-10-18 13:05:00-04:00,45.32,45.32,45.25,45.25,10998.0,45.283,96
2023-10-18 13:10:00-04:00,45.24,45.25,45.19,45.2,10440.0,45.214,87
2023-10-18 13:15:00-04:00,45.2,45.25,45.18,45.18,7167.0,45.211,55
2023-10-18 13:20:00-04:00,45.19,45.2,45.15,45.2,6550.0,45.178,56
2023-10-18 13:25:00-04:00,45.2,45.22,45.14,45.2,6304.0,45.181,51
2023-10-18 13:30:00-04:00,45.2,45.2,45.03,45.03,5837.0,45.09,54
2023-10-18 13:35:00-04:00,45.02,45.12,45.02,45.06,8879.0,45.053,76
2023-10-18 13:40:00-04:00,45.06,45.12,45.05,45.12,9369.0,45.079,59
2023-10-18 13:45:00-04:00,45.12,45.18,45.11,45.15,11144.0,45.142,77
2023-10-18 13:50:00-04:00,45.15,45.2,45.15,45.18,6023.0,45.173,45
2023-10-18 13:55:00-04:00,45.17,45.39,45.14,45.38,16237.0,45.252,102
2023-10-18 14:00:00-04:00,45.39,45.39,45.34,45.36,23672.0,45.357,195
2023-10-18 14:05:00-04:00,45.37,45.46,45.34,45.44,25856.0,45.375,220
2023-10-18 14:10:00-04:00,45.43,45.46,45.4,45.4,11266.0,45.42,97
2023-10-18 14:15:00-04:00,45.4,45.41,45.35,45.39,16151.0,45.387,132
2023-10-18 14:20:00-04:00,45.38,45.39,45.35,45.36,15594.0,45.367,129
2023-10-18 14:25:00-04:00,45.37,45.39,45.35,45.38,28909.0,45.362,203
2023-10-18 14:30:00-04:00,45.39,45.45,45.34,45.36,27173.0,45.373,210
2023-10-18 14:35:00-04:00,45.35,45.37,45.19,45.21,28502.0,45.3,226
2023-10-18 14:40:00-04:00,45.21,45.22,45.16,45.21,20230.0,45.186,142
2023-10-18 14:45:00-04:00,45.21,45.29,45.21,45.28,15478.0,45.25,130
2023-10-18 14:50:00-04:00,45.28,45.28,45.15,45.16,13033.0,45.228,109
2023-10-18 14:55:00-04:00,45.17,45.23,45.16,45.17,19596.0,45.192,163
2023-10-18 15:00:00-04:00,45.16,45.19,45.1,45.19,16200.0,45.141,131
2023-10-18 15:05:00-04:00,45.19,45.19,45.07,45.08,45235.0,45.146,224
2023-10-18 15:10:00-04:00,45.07,45.16,45.07,45.15,18969.0,45.121,135
2023-10-18 15:15:00-04:00,45.15,45.2,45.13,45.14,11649.0,45.163,92
2023-10-18 15:20:00-04:00,45.14,45.21,45.12,45.21,17405.0,45.163,142
2023-10-18 15:25:00-04:00,45.21,45.22,45.1,45.15,38630.0,45.16,321
2023-10-18 15:30:00-04:00,45.15,45.27,45.15,45.27,42875.0,45.208,343
2023-10-18 15:35:00-04:00,45.27,45.28,45.2,45.21,43153.0,45.249,370
2023-10-18 15:40:00-04:00,45.21,45.21,45.13,45.15,62156.0,45.171,463
2023-10-18 15:45:00-04:00,45.14,45.18,45.1,45.16,87898.0,45.143,695
2023-10-18 15:50:00-04:00,45.16,45.24,45.12,45.17,111360.0,45.181,875
2023-10-18 15:55:00-04:00,45.17,45.21,45.12,45.15,194643.0,45.151,1172
2023-10-19 09:30:00-04:00,45.22,45.55,45.15,45.55,20041.0,45.263,39
2023-10-19 09:35:00-04:00,45.55,45.69,45.45,45.69,12367.0,45.566,75
2023-10-19 09:40:00-04:00,45.68,45.8,45.64,45.74,6340.0,45.721,55
2023-10-19 09:45:00-04:00,45.72,45.78,45.68,45.68,8783.0,45.722,77
2023-10-19 09:50:00-04:00,45.64,45.69,45.54,45.63,14361.0,45.618,107
2023-10-19 09:55:00-04:00,45.63,45.71,45.57,45.67,19542.0,45.623,130
2023-10-19 10:00:00-04:00,45.66,45.72,45.58,45.72,9825.0,45.631,82
2023-10-19 10:05:00-04:00,45.7,45.7,45.62,45.66,9405.0,45.659,80
2023-10-19 10:10:00-04:00,45.67,45.79,45.59,45.77,15899.0,45.706,121
2023-10-19 10:15:00-04:00,45.78,45.88,45.73,45.86,23341.0,45.824,138
2023-10-19 10:20:00-04:00,45.87,45.89,45.84,45.87,16279.0,45.86,129
2023-10-19 10:25:00-04:00,45.88,45.89,45.74,45.76,19367.0,45.828,155
2023-10-19 10:30:00-04:00,45.74,45.75,45.61,45.66,16553.0,45.687,137
2023-10-19 10:35:00-04:00,45.66,45.71,45.52,45.53,14852.0,45.638,107
2023-10-19 10:40:00-04:00,45.53,45.62,45.5,45.55,11951.0,45.573,102
2023-10-19 10:45:00-04:00,45.55,45.66,45.55,45.55,10235.0,45.614,93
2023-10-19 10:50:00-04:00,45.57,45.57,45.45,45.47,10262.0,45.49,87
2023-10-19 10:55:00-04:00,45.47,45.49,45.37,45.41,22156.0,45.431,182
2023-10-19 11:00:00-04:00,45.41,45.54,45.33,45.51,16948.0,45.442,129
2023-10-19 11:05:00-04:00,45.51,45.58,45.48,45.55,9404.0,45.528,81
2023-10-19 11:10:00-04:00,45.55,45.56,45.5,45.52,9068.0,45.535,75
2023-10-19 11:15:00-04:00,45.52,45.59,45.49,45.54,7754.0,45.547,66
2023-10-19 11:20:00-04:00,45.55,45.69,45.48,45.69,12131.0,45.572,100
2023-10-19 11:25:00-04:00,45.7,45.73,45.67,45.68,6718.0,45.696,64
2023-10-19 11:30:00-04:00,45.68,45.7,45.64,45.67,10088.0,45.675,70
2023-10-19 11:35:00-04:00,45.68,45.72,45.68,45.7,8909.0,45.694,67
2023-10-19 11:40:00-04:00,45.7,45.79,45.7,45.71,8252.0,45.752,65
2023-10-19 11:45:00-04:00,45.71,45.76,45.71,45.73,8098.0,45.732,74
2023-10-19 11:50:00-04:00,45.73,45.75,45.67,45.75,6331.0,45.713,53
2023-10-19 11:55:00-04:00,45.75,45.87,45.66,45.8,43500.0,45.755,206
2023-10-19 12:00:00-04:00,45.8,46.04,45.66,46.0,30612.0,45.867,198
2023-10-19 12:05:00-04:00,45.99,46.0,45.87,45.94,6651.0,45.944,52
2023-10-19 12:10:00-04:00,45.91,46.0,45.9,45.94,15446.0,45.937,63
2023-10-19 12:15:00-04:00,45.92,46.02,45.92,46.02,6228.0,45.975,55
2023-10-19 12:20:00-04:00,46.03,46.17,46.02,46.12,7543.0,46.125,64
2023-10-19 12:25:00-04:00,46.07,46.07,45.66,45.66,14582.0,45.819,110
2023-10-19 12:30:00-04:00,45.66,45.78,45.6,45.66,39806.0,45.708,185
2023-10-19 12:35:00-04:00,45.64,45.64,45.49,45.58,12073.0,45.556,70
2023-10-19 12:40:00-04:00,45.6,45.73,45.57,45.65,9263.0,45.646,72
2023-10-19 12:45:00-04:00,45.66,45.81,45.64,45.75,13850.0,45.727,92
2023-10-19 12:50:00-04:00,45.74,45.85,45.74,45.84,11565.0,45.805,80
2023-10-19 12:55:00-04:00,45.84,45.92,45.81,45.87,9686.0,45.86,85
2023-10-19 13:00:00-04:00,45.88,45.95,45.84,45.84,10084.0,45.881,87
2023-10-19 13:05:00-04:00,45.83,45.96,45.83,45.95,6728.0,45.92,62
2023-10-19 13:10:00-04:00,45.97,45.97,45.84,45.84,7279.0,45.923,50
2023-10-19 13:15:00-04:00,45.85,45.95,45.82,45.92,10546.0,45.888,91
2023-10-19 13:20:00-04:00,45.93,46.01,45.88,45.88,9736.0,45.949,81
2023-10-19 13:25:00-04:00,45.86,45.95,45.83,45.95,18669.0,45.882,132
2023-10-19 13:30:00-04:00,45.98,46.05,45.86,45.89,13360.0,45.942,119
2023-10-19 13:35:00-04:00,45.89,45.9,45.7,45.72,7549.0,45.793,67
2023-10-19 13:40:00-04:00,45.7,45.74,45.69,45.73,12943.0,45.716,65
2023-10-19 13:45:00-04:00,45.74,45.77,45.67,45.67,9140.0,45.722,84
2023-10-19 13:50:00-04:00,45.68,45.69,45.65,45.67,5334.0,45.664,51
2023-10-19 13:55:00-04:00,45.68,45.77,45.63,45.67,9901.0,45.715,70
2023-10-19 14:00:00-04:00,45.67,45.78,45.63,45.71,13488.0,45.695,96
2023-10-19 14:05:00-04:00,45.7,45.71,45.65,45.66,10559.0,45.681,92
2023-10-19 14:10:00-04:00,45.67,45.67,45.61,45.61,12000.0,45.635,80
2023-10-19 14:15:00-04:00,45.61,45.62,45.54,45.54,8026.0,45.586,73
2023-10-19 14:20:00-04:00,45.55,45.59,45.47,45.52,8555.0,45.517,73
2023-10-19 14:25:00-04:00,45.51,45.55,45.51,45.53,8699.0,45.525,65
2023-10-19 14:30:00-04:00,45.52,45.52,45.44,45.45,19321.0,45.471,169
2023-10-19 14:35:00-04:00,45.45,45.49,45.38,45.47,34855.0,45.441,209
2023-10-19 14:40:00-04:00,45.46,45.49,45.43,45.43,35698.0,45.466,255
2023-10-19 14:45:00-04:00,45.44,45.48,45.4,45.48,15259.0,45.43,122
2023-10-19 14:50:00-04:00,45.46,45.47,45.4,45.44,19856.0,45.436,156
2023-10-19 14:55:00-04:00,45.42,45.5,45.41,45.45,22789.0,45.457,179
2023-10-19 15:00:00-04:00,45.45,45.47,45.41,45.43,13776.0,45.439,116
2023-10-19 15:05:00-04:00,45.43,45.45,45.24,45.24,15374.0,45.315,123
2023-10-19 15:10:00-04:00,45.24,45.25,45.16,45.16,13273.0,45.208,111
2023-10-19 15:15:00-04:00,45.15,45.23,45.05,45.22,45280.0,45.164,309
2023-10-19 15:20:00-04:00,45.23,45.25,45.18,45.21,20867.0,45.217,184
2023-10-19 15:25:00-04:00,45.21,45.23,45.14,45.22,21680.0,45.188,205
2023-10-19 15:30:00-04:00,45.23,45.36,45.22,45.36,28341.0,45.298,249
2023-10-19 15:35:00-04:00,45.36,45.37,45.27,45.28,29893.0,45.317,275
2023-10-19 15:40:00-04:00,45.28,45.28,45.18,45.18,37956.0,45.229,351
2023-10-19 15:45:00-04:00,45.17,45.29,45.12,45.28,61333.0,45.198,498
2023-10-19 15:50:00-04:00,45.28,45.33,45.18,45.19,69754.0,45.244,586
2023-10-19 15:55:00-04:00,45.18,45.25,45.15,45.15,129466.0,45.198,909
2023-10-20 09:30:00-04:00,45.22,45.33,45.1,45.11,95133.0,45.221,10
2023-10-20 09:35:00-04:00,45.09,45.09,44.66,44.7,6952.0,44.808,44
2023-10-20 09:40:00-04:00,44.7,44.89,44.68,44.82,7352.0,44.815,51
2023-10-20 09:45:00-04:00,44.82,45.15,44.82,45.15,9955.0,44.982,67
2023-10-20 09:50:00-04:00,45.16,45.22,45.06,45.07,5396.0,45.127,43
2023-10-20 09:55:00-04:00,45.09,45.11,44.88,44.91,5180.0,44.99,46
2023-10-20 10:00:00-04:00,44.89,44.99,44.79,44.86,4670.0,44.881,38
2023-10-20 10:05:00-04:00,44.84,44.91,44.83,44.87,3977.0,44.872,39
2023-10-20 10:10:00-04:00,44.9,44.9,44.74,44.86,8329.0,44.835,57
2023-10-20 10:15:00-04:00,44.85,44.9,44.8,44.85,5361.0,44.842,41
2023-10-20 10:20:00-04:00,44.86,44.91,44.82,44.83,3983.0,44.861,30
2023-10-20 10:25:00-04:00,44.83,44.89,44.83,44.83,3086.0,44.859,23
2023-10-20 10:30:00-04:00,44.78,44.96,44.78,44.95,10931.0,44.865,58
2023-10-20 10:35:00-04:00,44.97,45.02,44.96,45.01,9342.0,44.988,73
2023-10-20 10:40:00-04:00,45.0,45.03,44.9,44.94,7028.0,44.975,47
2023-10-20 10:45:00-04:00,44.91,45.1,44.91,45.08,8162.0,45.028,60
2023-10-20 10:50:00-04:00,45.07,45.09,44.97,45.0,8027.0,45.027,61
2023-10-20 10:55:00-04:00,44.99,45.09,44.98,45.01,16047.0,45.031,91
2023-10-20 11:00:00-04:00,45.03,45.05,44.8,44.88,13502.0,44.95,116
2023-10-20 11:05:00-04:00,44.88,44.88,44.78,44.81,4309.0,44.82,31
2023-10-20 11:10:00-04:00,44.79,44.85,44.76,44.83,6743.0,44.803,55
2023-10-20 11:15:00-04:00,44.81,44.85,44.66,44.67,8532.0,44.743,52
2023-10-20 11:20:00-04:00,44.66,44.67,44.58,44.62,5933.0,44.626,45
2023-10-20 11:25:00-04:00,44.63,44.69,44.62,44.64,7901.0,44.654,63
2023-10-20 11:30:00-04:00,44.61,44.64,44.53,44.62,8148.0,44.599,60
2023-10-20 11:35:00-04:00,44.63,44.68,44.61,44.67,4221.0,44.645,32
2023-10-20 11:40:00-04:00,44.66,44.69,44.64,44.67,10941.0,44.651,38
2023-10-20 11:45:00-04:00,44.66,44.8,44.66,44.76,6264.0,44.718,54
2023-10-20 11:50:00-04:00,44.77,44.78,44.73,44.78,2514.0,44.755,21
2023-10-20 11:55:00-04:00,44.78,44.83,44.73,44.75,5295.0,44.79,38
2023-10-20 12:00:00-04:00,44.73,44.74,44.6,44.61,7779.0,44.647,56
2023-10-20 12:05:00-04:00,44.6,44.62,44.54,44.57,4227.0,44.573,29
2023-10-20 12:10:00-04:00,44.54,44.55,44.46,44.49,7396.0,44.509,47
2023-10-20 12:15:00-04:00,44.48,44.54,44.44,44.54,4674.0,44.488,33
2023-10-20 12:20:00-04:00,44.53,44.67,44.53,44.67,8320.0,44.587,53
2023-10-20 12:25:00-04:00,44.67,44.67,44.54,44.61,5561.0,44.596,26
2023-10-20 12:30:00-04:00,44.62,44.63,44.54,44.54,3628.0,44.595,28
2023-10-20 12:35:00-04:00,44.53,44.62,44.53,44.6,5958.0,44.583,48
2023-10-20 12:40:00-04:00,44.62,44.62,44.56,44.57,3183.0,44.596,25
2023-10-20 12:45:00-04:00,44.58,44.66,44.57,44.65,3182.0,44.622,29
2023-10-20 12:50:00-04:00,44.65,44.69,44.6,44.61,5117.0,44.651,28
2023-10-20 12:55:00-04:00,44.6,44.67,44.57,44.66,4680.0,44.616,34
2023-10-20 13:00:00-04:00,44.64,44.64,44.46,44.46,2347.0,44.522,21
2023-10-20 13:05:00-04:00,44.44,44.46,44.4,44.41,7568.0,44.436,43
2023-10-20 13:10:00-04:00,44.42,44.47,44.39,44.47,7796.0,44.439,48
2023-10-20 13:15:00-04:00,44.44,44.65,44.44,44.64,10739.0,44.533,75
2023-10-20 13:20:00-04:00,44.63,44.68,44.6,44.68,17738.0,44.641,93
2023-10-20 13:25:00-04:00,44.67,44.68,44.55,44.56,6732.0,44.626,46
2023-10-20 13:30:00-04:00,44.57,44.57,44.45,44.52,7075.0,44.499,42
2023-10-20 13:35:00-04:00,44.51,44.55,44.51,44.52,3631.0,44.527,25
2023-10-20 13:40:00-04:00,44.52,44.63,44.52,44.62,4338.0,44.583,31
2023-10-20 13:45:00-04:00,44.62,44.64,44.56,44.56,4409.0,44.6,26
2023-10-20 13:50:00-04:00,44.55,44.56,44.52,44.56,4770.0,44.547,36
2023-10-20 13:55:00-04:00,44.56,44.6,44.55,44.6,3152.0,44.57,25
2023-10-20 14:00:00-04:00,44.59,44.61,44.53,44.54,2568.0,44.56,21
2023-10-20 14:05:00-04:00,44.52,44.58,44.5,44.57,7067.0,44.547,51
2023-10-20 14:10:00-04:00,44.57,44.57,44.47,44.48,7119.0,44.521,56
2023-10-20 14:15:00-04:00,44.48,44.48,44.39,44.43,6462.0,44.44,47
2023-10-20 14:20:00-04:00,44.4,44.46,44.38,44.43,6781.0,44.428,42
2023-10-20 14:25:00-04:00,44.43,44.43,44.4,44.41,3952.0,44.413,25
2023-10-20 14:30:00-04:00,44.41,44.47,44.37,44.47,5780.0,44.414,33
2023-10-20 14:35:00-04:00,44.46,44.55,44.46,44.5,4977.0,44.507,41
2023-10-20 14:40:00-04:00,44.5,44.5,44.43,44.47,4698.0,44.469,41
2023-10-20 14:45:00-04:00,44.47,44.5,44.45,44.5,3640.0,44.473,27
2023-10-20 14:50:00-04:00,44.48,44.49,44.44,44.46,5450.0,44.468,47
2023-10-20 14:55:00-04:00,44.47,44.52,44.43,44.43,4965.0,44.48,33
2023-10-20 15:00:00-04:00,44.45,44.5,44.44,44.44,3831.0,44.464,32
2023-10-20 15:05:00-04:00,44.45,44.49,44.4,44.4,7887.0,44.448,66
2023-10-20 15:10:00-04:00,44.41,44.43,44.39,44.43,9117.0,44.413,68
2023-10-20 15:15:00-04:00,44.42,44.46,44.38,44.46,11072.0,44.41,96
2023-10-20 15:20:00-04:00,44.46,44.46,44.32,44.34,6536.0,44.398,60
2023-10-20 15:25:00-04:00,44.33,44.35,44.29,44.34,12169.0,44.321,98
2023-10-20 15:30:00-04:00,44.35,44.4,44.33,44.34,14594.0,44.366,121
2023-10-20 15:35:00-04:00,44.34,44.37,44.28,44.33,22363.0,44.319,184
2023-10-20 15:40:00-04:00,44.32,44.32,44.19,44.2,19843.0,44.244,142
2023-10-20 15:45:00-04:00,44.2,44.28,44.17,44.26,27067.0,44.231,222
2023-10-20 15:50:00-04:00,44.25,44.26,44.15,44.17,46932.0,44.181,359
2023-10-20 15:55:00-04:00,44.17,44.23,44.12,44.13,137729.0,44.175,750
2023-10-23 09:30:00-04:00,44.07,44.15,43.85,43.85,25694.0,44.029,57
2023-10-23 09:35:00-04:00,43.92,43.92,43.74,43.88,14608.0,43.78,111
2023-10-23 09:40:00-04:00,43.87,43.88,43.55,43.55,4193.0,43.754,32
2023-10-23 09:45:00-04:00,43.59,43.82,43.57,43.82,9935.0,43.736,77
2023-10-23 09:50:00-04:00,43.82,43.85,43.58,43.84,5452.0,43.728,44
2023-10-23 09:55:00-04:00,43.84,43.99,43.79,43.99,20226.0,43.89,72
2023-10-23 10:00:00-04:00,43.95,43.98,43.72,43.73,6962.0,43.867,58
2023-10-23 10:05:00-04:00,43.65,43.71,43.58,43.69,7102.0,43.637,60
2023-10-23 10:10:00-04:00,43.68,43.74,43.64,43.68,8309.0,43.687,68
2023-10-23 10:15:00-04:00,43.65,43.88,43.62,43.87,7132.0,43.75,59
2023-10-23 10:20:00-04:00,43.91,43.92,43.79,43.88,13405.0,43.874,95
2023-10-23 10:25:00-04:00,43.88,43.91,43.74,43.77,8966.0,43.841,74
2023-10-23 10:30:00-04:00,43.79,43.79,43.54,43.54,5505.0,43.636,39
2023-10-23 10:35:00-04:00,43.54,43.56,43.49,43.51,5614.0,43.514,45
2023-10-23 10:40:00-04:00,43.52,43.62,43.52,43.57,5800.0,43.561,43
2023-10-23 10:45:00-04:00,43.58,43.7,43.56,43.64,5835.0,43.64,46
2023-10-23 10:50:00-04:00,43.64,43.67,43.52,43.53,4757.0,43.616,43
2023-10-23 10:55:00-04:00,43.53,43.57,43.52,43.54,5983.0,43.544,56
2023-10-23 11:00:00-04:00,43.54,43.55,43.42,43.51,16855.0,43.466,119
2023-10-23 11:05:00-04:00,43.55,43.57,43.5,43.54,7937.0,43.538,74
2023-10-23 11:10:00-04:00,43.55,43.59,43.51,43.59,8169.0,43.539,74
2023-10-23 11:15:00-04:00,43.59,43.62,43.53,43.61,8454.0,43.572,73
2023-10-23 11:20:00-04:00,43.61,43.77,43.61,43.69,12341.0,43.701,111
2023-10-23 11:25:00-04:00,43.7,43.73,43.6,43.61,11455.0,43.675,97
2023-10-23 11:30:00-04:00,43.61,43.7,43.6,43.64,8115.0,43.638,59
2023-10-23 11:35:00-04:00,43.63,43.7,43.58,43.59,20644.0,43.638,164
2023-10-23 11:40:00-04:00,43.59,43.66,43.57,43.58,27525.0,43.625,203
2023-10-23 11:45:00-04:00,43.58,43.6,43.46,43.49,16043.0,43.541,139
2023-10-23 11:50:00-04:00,43.48,43.57,43.47,43.5,11088.0,43.522,82
2023-10-23 11:55:00-04:00,43.5,43.57,43.46,43.57,12797.0,43.512,99
2023-10-23 12:00:00-04:00,43.56,43.63,43.56,43.57,9650.0,43.58,73
2023-10-23 12:05:00-04:00,43.57,43.65,43.56,43.63,17207.0,43.605,110
2023-10-23 12:10:00-04:00,43.63,43.64,43.55,43.58,8340.0,43.604,73
2023-10-23 12:15:00-04:00,43.57,43.57,43.45,43.46,7865.0,43.507,71
2023-10-23 12:20:00-04:00,43.44,43.66,43.43,43.64,11536.0,43.529,91
2023-10-23 12:25:00-04:00,43.63,43.63,43.59,43.62,4176.0,43.61,38
2023-10-23 12:30:00-04:00,43.61,43.63,43.57,43.59,12168.0,43.593,80
2023-10-23 12:35:00-04:00,43.6,43.61,43.55,43.55,6362.0,43.583,53
2023-10-23 12:40:00-04:00,43.55,43.62,43.55,43.61,8960.0,43.587,67
2023-10-23 12:45:00-04:00,43.61,43.63,43.59,43.6,6311.0,43.612,54
2023-10-23 12:50:00-04:00,43.6,43.64,43.6,43.62,4531.0,43.622,42
2023-10-23 12:55:00-04:00,43.63,43.75,43.62,43.74,7460.0,43.701,64
2023-10-23 13:00:00-04:00,43.75,43.83,43.75,43.8,9330.0,43.79,64
2023-10-23 13:05:00-04:00,43.84,43.87,43.72,43.72,7704.0,43.796,33
2023-10-23 13:10:00-04:00,43.71,43.71,43.62,43.69,5763.0,43.685,49
2023-10-23 13:15:00-04:00,43.68,43.69,43.6,43.6,7992.0,43.658,70
2023-10-23 13:20:00-04:00,43.59,43.71,43.59,43.67,23733.0,43.674,94
2023-10-23 13:25:00-04:00,43.65,43.65,43.57,43.57,8857.0,43.6,72
2023-10-23 13:30:00-04:00,43.55,43.67,43.53,43.64,13036.0,43.6,92
2023-10-23 13:35:00-04:00,43.65,43.72,43.63,43.68,10463.0,43.682,76
2023-10-23 13:40:00-04:00,43.68,43.73,43.67,43.72,8464.0,43.699,45
2023-10-23 13:45:00-04:00,43.71,43.74,43.57,43.58,29750.0,43.669,139
2023-10-23 13:50:00-04:00,43.57,43.64,43.45,43.46,23660.0,43.565,164
2023-10-23 13:55:00-04:00,43.46,43.51,43.28,43.29,19229.0,43.4,141
2023-10-23 14:00:00-04:00,43.3,43.39,43.3,43.35,14457.0,43.352,114
2023-10-23 14:05:00-04:00,43.36,43.36,43.24,43.26,8250.0,43.306,69
2023-10-23 14:10:00-04:00,43.26,43.27,43.18,43.2,12498.0,43.222,101
2023-10-23 14:15:00-04:00,43.2,43.23,43.15,43.17,13014.0,43.186,102
2023-10-23 14:20:00-04:00,43.17,43.21,43.11,43.2,29455.0,43.15,240
2023-10-23 14:25:00-04:00,43.2,43.28,43.19,43.27,15554.0,43.227,123
2023-10-23 14:30:00-04:00,43.27,43.33,43.24,43.3,17391.0,43.28,125
2023-10-23 14:35:00-04:00,43.32,43.38,43.32,43.37,10373.0,43.356,80
2023-10-23 14:40:00-04:00,43.37,43.47,43.34,43.36,10704.0,43.403,87
2023-10-23 14:45:00-04:00,43.36,43.43,43.33,43.4,10464.0,43.399,92
2023-10-23 14:50:00-04:00,43.4,43.41,43.37,43.4,13282.0,43.392,110
2023-10-23 14:55:00-04:00,43.4,43.43,43.35,43.37,26882.0,43.376,129
2023-10-23 15:00:00-04:00,43.39,43.42,43.33,43.39,14298.0,43.391,91
2023-10-23 15:05:00-04:00,43.4,43.4,43.28,43.29,7711.0,43.328,67
2023-10-23 15:10:00-04:00,43.28,43.29,43.15,43.22,21160.0,43.242,130
2023-10-23 15:15:00-04:00,43.22,43.24,43.15,43.19,13015.0,43.179,99
2023-10-23 15:20:00-04:00,43.19,43.2,43.09,43.12,11477.0,43.132,78
2023-10-23 15:25:00-04:00,43.12,43.14,43.05,43.06,11386.0,43.089,85
2023-10-23 15:30:00-04:00,43.05,43.07,43.0,43.05,15977.0,43.042,142
2023-10-23 15:35:00-04:00,43.05,43.05,42.92,42.97,19417.0,42.979,150
2023-10-23 15:40:00-04:00,42.97,43.04,42.95,42.97,25338.0,42.991,181
2023-10-23 15:45:00-04:00,42.96,43.0,42.92,42.96,34078.0,42.961,269
2023-10-23 15:50:00-04:00,42.96,42.97,42.87,42.88,76270.0,42.925,527
2023-10-23 15:55:00-04:00,42.89,42.91,42.81,42.82,161021.0,42.855,880
2023-10-24 09:30:00-04:00,43.42,43.66,43.29,43.62,30754.0,43.467,60
2023-10-24 09:35:00-04:00,43.66,44.03,43.66,44.02,49439.0,43.882,99
2023-10-24 09:40:00-04:00,43.97,44.02,43.51,43.68,11880.0,43.763,92
2023-10-24 09:45:00-04:00,43.66,43.83,43.53,43.83,13075.0,43.701,98
2023-10-24 09:50:00-04:00,43.89,43.96,43.81,43.83,9076.0,43.878,67
2023-10-24 09:55:00-04:00,43.84,44.02,43.8,44.02,8561.0,43.943,66
2023-10-24 10:00:00-04:00,44.03,44.04,43.84,43.94,6520.0,43.899,56
2023-10-24 10:05:00-04:00,43.92,44.21,43.88,44.16,11940.0,44.079,95
2023-10-24 10:10:00-04:00,44.15,44.19,44.07,44.17,4659.0,44.129,42
2023-10-24 10:15:00-04:00,44.19,44.34,44.17,44.25,9607.0,44.241,82
2023-10-24 10:20:00-04:00,44.26,44.46,44.22,44.43,8766.0,44.363,76
2023-10-24 10:25:00-04:00,44.47,44.61,44.45,44.61,8737.0,44.548,77
2023-10-24 10:30:00-04:00,44.61,44.61,44.46,44.55,10835.0,44.544,87
2023-10-24 10:35:00-04:00,44.56,44.73,44.53,44.7,17353.0,44.618,96
2023-10-24 10:40:00-04:00,44.72,44.83,44.69,44.81,13266.0,44.75,107
2023-10-24 10:45:00-04:00,44.8,44.8,44.74,44.78,15648.0,44.776,129
2023-10-24 10:50:00-04:00,44.79,44.89,44.74,44.85,24044.0,44.822,136
2023-10-24 10:55:00-04:00,44.86,44.86,44.77,44.78,8621.0,44.795,74
2023-10-24 11:00:00-04:00,44.79,44.84,44.63,44.71,26518.0,44.745,211
2023-10-24 11:05:00-04:00,44.7,44.89,44.69,44.87,22108.0,44.807,187
2023-10-24 11:10:00-04:00,44.85,44.96,44.79,44.8,25644.0,44.883,203
2023-10-24 11:15:00-04:00,44.79,44.87,44.77,44.83,20747.0,44.815,150
2023-10-24 11:20:00-04:00,44.83,44.83,44.58,44.65,37111.0,44.691,238
2023-10-24 11:25:00-04:00,44.65,44.77,44.63,44.75,11998.0,44.716,95
2023-10-24 11:30:00-04:00,44.73,44.82,44.71,44.72,13547.0,44.757,120
2023-10-24 11:35:00-04:00,44.73,44.75,44.7,44.75,11383.0,44.72,96
2023-10-24 11:40:00-04:00,44.77,44.87,44.75,44.83,18084.0,44.825,149
2023-10-24 11:45:00-04:00,44.84,44.88,44.75,44.75,11022.0,44.831,97
2023-10-24 11:50:00-04:00,44.76,44.93,44.7,44.92,22660.0,44.813,191
2023-10-24 11:55:00-04:00,44.92,45.0,44.9,45.0,19325.0,44.931,165
2023-10-24 12:00:00-04:00,44.99,45.15,44.93,45.12,31326.0,45.044,243
2023-10-24 12:05:00-04:00,45.13,45.13,44.97,45.01,12246.0,45.039,104
2023-10-24 12:10:00-04:00,45.02,45.09,45.0,45.09,41194.0,45.032,138
2023-10-24 12:15:00-04:00,45.08,45.09,44.92,45.01,15651.0,44.994,121
2023-10-24 12:20:00-04:00,45.01,45.04,44.95,44.98,16017.0,44.983,123
2023-10-24 12:25:00-04:00,44.98,45.09,44.98,45.09,13356.0,45.022,117
2023-10-24 12:30:00-04:00,45.09,45.22,45.04,45.19,16576.0,45.126,134
2023-10-24 12:35:00-04:00,45.19,45.29,45.18,45.29,17718.0,45.237,145
2023-10-24 12:40:00-04:00,45.29,45.33,45.26,45.33,17662.0,45.285,142
2023-10-24 12:45:00-04:00,45.33,45.35,45.15,45.17,17461.0,45.261,146
2023-10-24 12:50:00-04:00,45.17,45.24,45.16,45.23,12077.0,45.191,93
2023-10-24 12:55:00-04:00,45.24,45.31,45.22,45.31,13393.0,45.272,112
2023-10-24 13:00:00-04:00,45.3,45.41,45.28,45.36,18604.0,45.333,148
2023-10-24 13:05:00-04:00,45.36,45.37,45.28,45.3,16793.0,45.319,123
2023-10-24 13:10:00-04:00,45.29,45.42,45.25,45.38,20993.0,45.33,149
2023-10-24 13:15:00-04:00,45.39,45.39,45.22,45.35,51104.0,45.282,240
2023-10-24 13:20:00-04:00,45.34,45.43,45.32,45.35,24223.0,45.385,173
2023-10-24 13:25:00-04:00,45.35,45.39,45.29,45.39,25468.0,45.336,149
2023-10-24 13:30:00-04:00,45.4,45.49,45.37,45.48,47147.0,45.434,308
2023-10-24 13:35:00-04:00,45.48,45.59,45.43,45.49,82956.0,45.517,505
2023-10-24 13:40:00-04:00,45.48,45.53,45.46,45.53,29426.0,45.491,187
2023-10-24 13:45:00-04:00,45.53,45.56,45.49,45.5,37783.0,45.523,208
2023-10-24 13:50:00-04:00,45.5,45.51,45.4,45.46,17396.0,45.44,125
2023-10-24 13:55:00-04:00,45.46,45.51,45.43,45.5,18993.0,45.467,144
2023-10-24 14:00:00-04:00,45.51,45.53,45.49,45.51,21879.0,45.51,144
2023-10-24 14:05:00-04:00,45.52,45.61,45.51,45.56,24770.0,45.559,147
2023-10-24 14:10:00-04:00,45.57,45.61,45.54,45.61,16300.0,45.575,127
2023-10-24 14:15:00-04:00,45.61,45.69,45.6,45.69,19102.0,45.643,151
2023-10-24 14:20:00-04:00,45.69,45.78,45.68,45.76,30451.0,45.739,208
2023-10-24 14:25:00-04:00,45.76,45.77,45.68,45.77,26540.0,45.729,194
2023-10-24 14:30:00-04:00,45.78,45.87,45.78,45.83,33500.0,45.825,264
2023-10-24 14:35:00-04:00,45.83,45.95,45.83,45.91,46018.0,45.871,244
2023-10-24 14:40:00-04:00,45.91,46.0,45.9,45.98,39984.0,45.928,271
2023-10-24 14:45:00-04:00,45.99,46.02,45.92,45.92,29467.0,45.961,217
2023-10-24 14:50:00-04:00,45.92,45.94,45.88,45.93,25753.0,45.907,185
2023-10-24 14:55:00-04:00,45.93,46.01,45.91,45.91,33204.0,45.965,256
2023-10-24 15:00:00-04:00,45.91,46.02,45.91,45.95,33170.0,45.952,223
2023-10-24 15:05:00-04:00,45.96,45.98,45.92,45.95,32340.0,45.951,246
2023-10-24 15:10:00-04:00,45.94,45.96,45.85,45.92,54036.0,45.918,374
2023-10-24 15:15:00-04:00,45.92,45.99,45.92,45.99,39036.0,45.953,294
2023-10-24 15:20:00-04:00,45.98,46.0,45.94,45.98,41376.0,45.97,329
2023-10-24 15:25:00-04:00,45.98,46.03,45.94,46.01,45793.0,45.978,340
2023-10-24 15:30:00-04:00,46.01,46.02,45.92,45.96,59050.0,45.961,422
2023-10-24 15:35:00-04:00,45.96,46.05,45.95,45.96,50443.0,46.008,376
2023-10-24 15:40:00-04:00,45.97,46.03,45.94,45.96,83876.0,45.985,546
2023-10-24 15:45:00-04:00,45.96,45.99,45.91,45.94,88347.0,45.947,584
2023-10-24 15:50:00-04:00,45.94,46.05,45.89,46.01,174194.0,45.993,1044
2023-10-24 15:55:00-04:00,46.02,46.06,45.96,45.98,281531.0,46.0,1497
2023-10-25 09:30:00-04:00,45.57,46.03,45.57,46.01,27659.0,45.699,76
2023-10-25 09:35:00-04:00,46.02,46.19,45.97,46.19,25698.0,46.047,122
2023-10-25 09:40:00-04:00,46.21,46.38,46.16,46.34,20419.0,46.263,176
2023-10-25 09:45:00-04:00,46.32,46.34,46.08,46.18,23787.0,46.2,182
2023-10-25 09:50:00-04:00,46.17,46.32,46.15,46.25,18146.0,46.218,136
2023-10-25 09:55:00-04:00,46.25,46.27,46.07,46.14,41461.0,46.157,175
2023-10-25 10:00:00-04:00,46.12,46.13,45.99,46.01,16761.0,46.058,137
2023-10-25 10:05:00-04:00,46.01,46.05,45.67,45.77,24354.0,45.791,175
2023-10-25 10:10:00-04:00,45.79,45.86,45.62,45.65,21205.0,45.771,157
2023-10-25 10:15:00-04:00,45.64,45.65,45.51,45.62,17861.0,45.576,142
2023-10-25 10:20:00-04:00,45.63,45.78,45.52,45.73,22176.0,45.62,138
2023-10-25 10:25:00-04:00,45.73,45.8,45.68,45.71,10707.0,45.75,100
2023-10-25 10:30:00-04:00,45.72,45.88,45.7,45.88,16398.0,45.828,130
2023-10-25 10:35:00-04:00,45.87,45.94,45.74,45.9,19855.0,45.826,137
2023-10-25 10:40:00-04:00,45.87,45.97,45.84,45.96,14852.0,45.89,119
2023-10-25 10:45:00-04:00,45.96,46.09,45.93,46.05,15772.0,46.021,143
2023-10-25 10:50:00-04:00,46.02,46.09,45.96,46.04,13361.0,46.018,107
2023-10-25 10:55:00-04:00,46.02,46.08,45.93,45.93,11002.0,46.013,94
2023-10-25 11:00:00-04:00,45.92,46.09,45.9,46.05,12574.0,45.986,104
2023-10-25 11:05:00-04:00,46.02,46.08,45.97,46.02,7688.0,46.022,69
2023-10-25 11:10:00-04:00,46.04,46.09,45.96,46.09,15989.0,46.035,126
2023-10-25 11:15:00-04:00,46.09,46.19,46.04,46.18,20654.0,46.127,124
2023-10-25 11:20:00-04:00,46.21,46.21,46.06,46.09,10023.0,46.123,79
2023-10-25 11:25:00-04:00,46.09,46.19,46.07,46.1,20054.0,46.13,141
2023-10-25 11:30:00-04:00,46.1,46.13,45.99,45.99,18659.0,46.053,134
2023-10-25 11:35:00-04:00,46.0,46.16,45.96,46.16,15550.0,46.059,116
2023-10-25 11:40:00-04:00,46.13,46.14,45.94,45.97,69448.0,46.073,178
2023-10-25 11:45:00-04:00,45.98,46.0,45.86,45.86,14253.0,45.923,123
2023-10-25 11:50:00-04:00,45.83,45.89,45.8,45.84,12539.0,45.849,100
2023-10-25 11:55:00-04:00,45.83,45.84,45.73,45.79,18226.0,45.78,155
2023-10-25 12:00:00-04:00,45.77,45.79,45.69,45.79,15714.0,45.737,136
2023-10-25 12:05:00-04:00,45.78,45.81,45.72,45.73,28126.0,45.789,104
2023-10-25 12:10:00-04:00,45.72,45.74,45.67,45.73,14850.0,45.705,134
2023-10-25 12:15:00-04:00,45.74,45.76,45.7,45.71,9994.0,45.736,85
2023-10-25 12:20:00-04:00,45.71,45.85,45.7,45.83,16268.0,45.796,134
2023-10-25 12:25:00-04:00,45.83,45.87,45.79,45.83,13641.0,45.824,111
2023-10-25 12:30:00-04:00,45.84,45.98,45.83,45.95,22219.0,45.911,190
2023-10-25 12:35:00-04:00,45.96,45.96,45.86,45.89,16497.0,45.896,129
2023-10-25 12:40:00-04:00,45.89,45.93,45.82,45.93,16763.0,45.889,133
2023-10-25 12:45:00-04:00,45.92,45.95,45.85,45.87,63162.0,45.897,195
2023-10-25 12:50:00-04:00,45.86,45.86,45.74,45.77,13559.0,45.792,119
2023-10-25 12:55:00-04:00,45.76,45.8,45.71,45.76,10915.0,45.773,95
2023-10-25 13:00:00-04:00,45.77,45.81,45.69,45.7,13560.0,45.76,109
2023-10-25 13:05:00-04:00,45.71,45.8,45.66,45.8,12820.0,45.743,111
2023-10-25 13:10:00-04:00,45.8,45.86,45.77,45.84,20764.0,45.818,154
2023-10-25 13:15:00-04:00,45.84,45.88,45.78,45.84,19611.0,45.84,141
2023-10-25 13:20:00-04:00,45.82,45.92,45.82,45.9,18951.0,45.891,125
2023-10-25 13:25:00-04:00,45.89,45.89,45.81,45.84,11818.0,45.85,100
2023-10-25 13:30:00-04:00,45.83,45.83,45.71,45.75,24780.0,45.786,127
2023-10-25 13:35:00-04:00,45.75,45.79,45.71,45.72,41875.0,45.741,129
2023-10-25 13:40:00-04:00,45.71,45.73,45.67,45.72,27043.0,45.698,146
2023-10-25 13:45:00-04:00,45.71,45.71,45.58,45.6,98661.0,45.687,155
2023-10-25 13:50:00-04:00,45.61,45.61,45.49,45.51,28715.0,45.542,111
2023-10-25 13:55:00-04:00,45.52,45.69,45.52,45.66,15772.0,45.604,125
2023-10-25 14:00:00-04:00,45.66,45.69,45.6,45.61,13166.0,45.651,102
2023-10-25 14:05:00-04:00,45.61,45.66,45.6,45.64,9034.0,45.633,82
2023-10-25 14:10:00-04:00,45.63,45.7,45.6,45.7,14736.0,45.642,103
2023-10-25 14:15:00-04:00,45.72,45.79,45.72,45.77,12619.0,45.749,88
2023-10-25 14:20:00-04:00,45.76,45.79,45.74,45.76,38759.0,45.768,134
2023-10-25 14:25:00-04:00,45.76,45.81,45.74,45.74,49480.0,45.767,145
2023-10-25 14:30:00-04:00,45.73,45.75,45.68,45.74,10550.0,45.719,82
2023-10-25 14:35:00-04:00,45.73,45.76,45.71,45.74,16511.0,45.737,119
2023-10-25 14:40:00-04:00,45.73,45.74,45.69,45.72,17159.0,45.719,117
2023-10-25 14:45:00-04:00,45.73,45.75,45.72,45.72,15156.0,45.739,116
2023-10-25 14:50:00-04:00,45.73,45.76,45.69,45.75,14110.0,45.722,107
2023-10-25 14:55:00-04:00,45.75,45.81,45.71,45.73,17041.0,45.762,142
2023-10-25 15:00:00-04:00,45.74,45.76,45.65,45.66,13464.0,45.706,97
2023-10-25 15:05:00-04:00,45.66,45.73,45.65,45.73,17328.0,45.707,119
2023-10-25 15:10:00-04:00,45.73,45.79,45.7,45.74,24397.0,45.75,191
2023-10-25 15:15:00-04:00,45.75,45.89,45.74,45.86,25469.0,45.817,210
2023-10-25 15:20:00-04:00,45.85,45.88,45.79,45.82,29085.0,45.829,241
2023-10-25 15:25:00-04:00,45.82,45.82,45.69,45.74,25283.0,45.766,201
2023-10-25 15:30:00-04:00,45.74,45.77,45.62,45.66,84501.0,45.674,298
2023-10-25 15:35:00-04:00,45.66,45.68,45.44,45.49,57090.0,45.579,356
2023-10-25 15:40:00-04:00,45.49,45.51,45.41,45.45,43098.0,45.455,351
2023-10-25 15:45:00-04:00,45.45,45.64,45.42,45.64,52113.0,45.539,358
2023-10-25 15:50:00-04:00,45.63,45.69,45.56,45.56,111620.0,45.643,736
2023-10-25 15:55:00-04:00,45.57,45.62,45.43,45.46,219645.0,45.509,1077
2023-10-26 09:30:00-04:00,45.54,45.84,45.49,45.84,23232.0,45.585,54
2023-10-26 09:35:00-04:00,45.76,45.93,45.67,45.93,6963.0,45.793,53
2023-10-26 09:40:00-04:00,45.93,46.21,45.93,46.12,7202.0,46.086,57
2023-10-26 09:45:00-04:00,46.11,46.34,46.08,46.34,14854.0,46.184,92
2023-10-26 09:50:00-04:00,46.36,46.5,46.34,46.43,11720.0,46.402,101
2023-10-26 09:55:00-04:00,46.42,46.63,46.29,46.34,33602.0,46.492,283
2023-10-26 10:00:00-04:00,46.33,46.52,46.3,46.51,31565.0,46.375,273
2023-10-26 10:05:00-04:00,46.52,46.53,46.41,46.46,27673.0,46.485,211
2023-10-26 10:10:00-04:00,46.47,46.74,46.45,46.73,30293.0,46.612,244
2023-10-26 10:15:00-04:00,46.73,46.84,46.51,46.62,58173.0,46.673,329
2023-10-26 10:20:00-04:00,46.61,46.63,46.51,46.61,14273.0,46.576,100
2023-10-26 10:25:00-04:00,46.61,46.73,46.46,46.48,10188.0,46.605,93
2023-10-26 10:30:00-04:00,46.5,46.69,46.5,46.69,18578.0,46.589,144
2023-10-26 10:35:00-04:00,46.69,46.85,46.61,46.85,24274.0,46.694,185
2023-10-26 10:40:00-04:00,46.85,47.11,46.85,47.11,36416.0,46.991,205
2023-10-26 10:45:00-04:00,47.16,47.16,46.89,47.0,20368.0,46.966,153
2023-10-26 10:50:00-04:00,47.01,47.11,47.0,47.02,27829.0,47.048,167
2023-10-26 10:55:00-04:00,47.0,47.08,46.91,47.05,15395.0,46.999,133
2023-10-26 11:00:00-04:00,47.05,47.23,47.04,47.16,29362.0,47.174,218
2023-10-26 11:05:00-04:00,47.2,47.22,47.12,47.17,33008.0,47.168,254
2023-10-26 11:10:00-04:00,47.18,47.27,47.16,47.24,32477.0,47.203,252
2023-10-26 11:15:00-04:00,47.21,47.28,47.09,47.23,30807.0,47.219,170
2023-10-26 11:20:00-04:00,47.22,47.23,47.11,47.17,16716.0,47.166,135
2023-10-26 11:25:00-04:00,47.19,47.33,47.15,47.22,24572.0,47.238,160
2023-10-26 11:30:00-04:00,47.23,47.24,47.07,47.14,15219.0,47.158,123
2023-10-26 11:35:00-04:00,47.13,47.25,47.1,47.21,12674.0,47.193,92
2023-10-26 11:40:00-04:00,47.2,47.2,47.09,47.19,17274.0,47.153,117
2023-10-26 11:45:00-04:00,47.2,47.22,47.13,47.18,11650.0,47.177,98
2023-10-26 11:50:00-04:00,47.18,47.23,47.14,47.18,16230.0,47.184,136
2023-10-26 11:55:00-04:00,47.18,47.18,47.12,47.16,12979.0,47.152,90
2023-10-26 12:00:00-04:00,47.14,47.14,46.98,46.98,18600.0,47.038,144
2023-10-26 12:05:00-04:00,47.0,47.02,46.95,46.98,14978.0,46.983,114
2023-10-26 12:10:00-04:00,46.97,46.98,46.9,46.92,13372.0,46.953,110
2023-10-26 12:15:00-04:00,46.93,46.96,46.83,46.86,23976.0,46.873,119
2023-10-26 12:20:00-04:00,46.85,47.02,46.82,46.97,18777.0,46.944,145
2023-10-26 12:25:00-04:00,46.97,47.09,46.96,47.09,24441.0,47.011,161
2023-10-26 12:30:00-04:00,47.09,47.17,47.08,47.15,23890.0,47.122,178
2023-10-26 12:35:00-04:00,47.14,47.17,47.08,47.15,17353.0,47.131,146
2023-10-26 12:40:00-04:00,47.18,47.18,47.05,47.06,43843.0,47.128,152
2023-10-26 12:45:00-04:00,47.04,47.16,47.01,47.13,14163.0,47.066,125
2023-10-26 12:50:00-04:00,47.13,47.21,47.13,47.14,39056.0,47.159,93
2023-10-26 12:55:00-04:00,47.14,47.21,47.06,47.07,13128.0,47.119,104
2023-10-26 13:00:00-04:00,47.07,47.17,47.02,47.16,14107.0,47.101,126
2023-10-26 13:05:00-04:00,47.16,47.16,47.04,47.08,15104.0,47.096,113
2023-10-26 13:10:00-04:00,47.08,47.13,47.03,47.12,13161.0,47.083,109
2023-10-26 13:15:00-04:00,47.12,47.22,47.12,47.15,13033.0,47.173,92
2023-10-26 13:20:00-04:00,47.14,47.15,47.0,47.07,19800.0,47.066,129
2023-10-26 13:25:00-04:00,47.07,47.19,47.05,47.09,52967.0,47.11,211
2023-10-26 13:30:00-04:00,47.08,47.11,46.98,47.11,15069.0,47.062,119
2023-10-26 13:35:00-04:00,47.11,47.16,47.1,47.14,18360.0,47.133,125
2023-10-26 13:40:00-04:00,47.13,47.17,47.11,47.16,15156.0,47.145,114
2023-10-26 13:45:00-04:00,47.17,47.23,47.13,47.13,19892.0,47.188,111
2023-10-26 13:50:00-04:00,47.1,47.2,47.1,47.2,21830.0,47.164,142
2023-10-26 13:55:00-04:00,47.19,47.21,47.14,47.2,11207.0,47.18,101
2023-10-26 14:00:00-04:00,47.2,47.21,47.15,47.18,12452.0,47.185,108
2023-10-26 14:05:00-04:00,47.19,47.23,47.18,47.19,14553.0,47.206,114
2023-10-26 14:10:00-04:00,47.18,47.23,47.17,47.23,11790.0,47.192,93
2023-10-26 14:15:00-04:00,47.23,47.25,47.2,47.23,9570.0,47.226,75
2023-10-26 14:20:00-04:00,47.23,47.26,47.15,47.17,10395.0,47.212,87
2023-10-26 14:25:00-04:00,47.17,47.21,47.13,47.21,15015.0,47.158,104
2023-10-26 14:30:00-04:00,47.22,47.32,47.2,47.31,17587.0,47.257,120
2023-10-26 14:35:00-04:00,47.29,47.39,47.25,47.39,14304.0,47.345,123
2023-10-26 14:40:00-04:00,47.39,47.46,47.31,47.31,15471.0,47.407,114
2023-10-26 14:45:00-04:00,47.31,47.4,47.31,47.37,16485.0,47.37,130
2023-10-26 14:50:00-04:00,47.37,47.39,47.35,47.37,14542.0,47.37,91
2023-10-26 14:55:00-04:00,47.37,47.46,47.37,47.44,28257.0,47.418,183
2023-10-26 15:00:00-04:00,47.44,47.47,47.35,47.4,47350.0,47.405,221
2023-10-26 15:05:00-04:00,47.41,47.41,47.32,47.33,26703.0,47.344,185
2023-10-26 15:10:00-04:00,47.34,47.37,47.27,47.35,30669.0,47.327,206
2023-10-26 15:15:00-04:00,47.35,47.41,47.31,47.32,36513.0,47.359,241
2023-10-26 15:20:00-04:00,47.32,47.39,47.32,47.35,36771.0,47.354,231
2023-10-26 15:25:00-04:00,47.36,47.4,47.3,47.32,48658.0,47.356,289
2023-10-26 15:30:00-04:00,47.31,47.37,47.24,47.32,48309.0,47.325,333
2023-10-26 15:35:00-04:00,47.31,47.31,47.21,47.26,50300.0,47.256,337
2023-10-26 15:40:00-04:00,47.26,47.26,47.14,47.14,67572.0,47.21,443
2023-10-26 15:45:00-04:00,47.14,47.18,47.04,47.17,73839.0,47.105,490
2023-10-26 15:50:00-04:00,47.17,47.23,47.09,47.1,114465.0,47.174,699
2023-10-26 15:55:00-04:00,47.09,47.17,46.97,46.99,288231.0,47.09,1384
2023-10-27 09:30:00-04:00,47.02,47.18,46.73,46.73,20993.0,46.963,71
2023-10-27 09:35:00-04:00,46.75,46.77,46.6,46.73,10467.0,46.687,88
2023-10-27 09:40:00-04:00,46.75,46.75,46.63,46.68,12872.0,46.691,109
2023-10-27 09:45:00-04:00,46.69,46.71,46.52,46.65,81021.0,46.652,273
2023-10-27 09:50:00-04:00,46.66,46.77,46.54,46.62,19971.0,46.646,155
2023-10-27 09:55:00-04:00,46.63,46.64,46.48,46.58,30560.0,46.52,231
2023-10-27 10:00:00-04:00,46.59,46.59,46.31,46.38,24040.0,46.395,205
2023-10-27 10:05:00-04:00,46.35,46.42,46.33,46.39,13754.0,46.387,110
2023-10-27 10:10:00-04:00,46.4,46.6,46.37,46.59,12036.0,46.488,88
2023-10-27 10:15:00-04:00,46.59,46.66,46.54,46.55,18311.0,46.596,160
2023-10-27 10:20:00-04:00,46.55,46.57,46.48,46.52,21790.0,46.526,169
2023-10-27 10:25:00-04:00,46.52,46.63,46.51,46.61,15032.0,46.557,123
2023-10-27 10:30:00-04:00,46.63,46.73,46.61,46.7,15558.0,46.677,129
2023-10-27 10:35:00-04:00,46.69,46.82,46.66,46.75,13664.0,46.741,111
2023-10-27 10:40:00-04:00,46.77,46.77,46.58,46.68,20095.0,46.659,159
2023-10-27 10:45:00-04:00,46.69,46.8,46.68,46.77,24775.0,46.734,154
2023-10-27 10:50:00-04:00,46.78,46.89,46.78,46.82,13159.0,46.834,105
2023-10-27 10:55:00-04:00,46.8,46.82,46.7,46.76,12712.0,46.754,92
2023-10-27 11:00:00-04:00,46.75,46.92,46.75,46.85,23655.0,46.845,166
2023-10-27 11:05:00-04:00,46.85,47.05,46.85,47.0,26181.0,46.985,193
2023-10-27 11:10:00-04:00,47.0,47.05,46.89,47.05,18047.0,46.983,129
2023-10-27 11:15:00-04:00,47.06,47.14,47.03,47.09,29204.0,47.071,146
2023-10-27 11:20:00-04:00,47.1,47.1,46.94,47.02,15418.0,47.011,113
2023-10-27 11:25:00-04:00,47.03,47.1,47.03,47.08,16276.0,47.062,128
2023-10-27 11:30:00-04:00,47.06,47.11,47.03,47.08,11029.0,47.061,90
2023-10-27 11:35:00-04:00,47.08,47.2,47.07,47.19,14691.0,47.122,122
2023-10-27 11:40:00-04:00,47.2,47.24,47.08,47.09,17276.0,47.163,143
2023-10-27 11:45:00-04:00,47.09,47.1,47.02,47.07,9450.0,47.057,82
2023-10-27 11:50:00-04:00,47.06,47.12,47.05,47.09,14343.0,47.083,110
2023-10-27 11:55:00-04:00,47.08,47.1,46.99,47.05,9143.0,47.045,78
2023-10-27 12:00:00-04:00,47.05,47.12,46.97,46.98,20009.0,47.067,156
2023-10-27 12:05:00-04:00,46.98,47.03,46.96,47.01,126680.0,47.009,276
2023-10-27 12:10:00-04:00,47.0,47.02,46.89,46.93,16391.0,46.955,141
2023-10-27 12:15:00-04:00,46.93,46.97,46.8,46.83,30008.0,46.878,238
2023-10-27 12:20:00-04:00,46.84,46.88,46.75,46.78,56538.0,46.808,352
2023-10-27 12:25:00-04:00,46.77,46.83,46.77,46.81,21324.0,46.803,152
2023-10-27 12:30:00-04:00,46.81,46.84,46.79,46.8,41315.0,46.807,331
2023-10-27 12:35:00-04:00,46.8,46.85,46.74,46.82,26119.0,46.8,183
2023-10-27 12:40:00-04:00,46.81,46.84,46.79,46.8,29578.0,46.81,229
2023-10-27 12:45:00-04:00,46.8,46.81,46.71,46.72,24711.0,46.773,220
2023-10-27 12:50:00-04:00,46.73,46.73,46.64,46.69,21474.0,46.677,176
2023-10-27 12:55:00-04:00,46.7,46.75,46.66,46.74,26036.0,46.708,191
2023-10-27 13:00:00-04:00,46.73,46.78,46.72,46.78,23598.0,46.755,174
2023-10-27 13:05:00-04:00,46.78,46.78,46.63,46.66,10823.0,46.699,96
2023-10-27 13:10:00-04:00,46.66,46.74,46.65,46.74,34739.0,46.691,259
2023-10-27 13:15:00-04:00,46.73,46.75,46.67,46.68,86023.0,46.701,380
2023-10-27 13:20:00-04:00,46.66,46.71,46.62,46.7,38882.0,46.662,270
2023-10-27 13:25:00-04:00,46.71,46.75,46.69,46.73,22906.0,46.713,170
2023-10-27 13:30:00-04:00,46.72,46.75,46.65,46.75,55731.0,46.677,211
2023-10-27 13:35:00-04:00,46.75,46.8,46.71,46.74,31411.0,46.745,239
2023-10-27 13:40:00-04:00,46.72,46.8,46.71,46.79,11701.0,46.761,95
2023-10-27 13:45:00-04:00,46.78,46.82,46.78,46.79,17909.0,46.797,150
2023-10-27 13:50:00-04:00,46.79,46.85,46.79,46.83,20832.0,46.819,143
2023-10-27 13:55:00-04:00,46.83,46.91,46.83,46.91,14471.0,46.868,122
2023-10-27 14:00:00-04:00,46.91,46.99,46.9,46.97,19189.0,46.948,156
2023-10-27 14:05:00-04:00,46.97,46.97,46.82,46.86,16175.0,46.873,127
2023-10-27 14:10:00-04:00,46.84,46.86,46.77,46.86,25637.0,46.814,179
2023-10-27 14:15:00-04:00,46.86,47.01,46.85,46.92,30687.0,46.947,233
2023-10-27 14:20:00-04:00,46.93,46.94,46.84,46.89,20583.0,46.88,166
2023-10-27 14:25:00-04:00,46.9,46.96,46.89,46.91,32392.0,46.923,238
2023-10-27 14:30:00-04:00,46.91,47.0,46.84,47.0,26705.0,46.913,202
2023-10-27 14:35:00-04:00,47.0,47.02,46.97,47.0,21210.0,46.994,160
2023-10-27 14:40:00-04:00,47.01,47.02,46.97,47.02,21316.0,46.997,145
2023-10-27 14:45:00-04:00,47.02,47.04,46.97,46.98,12669.0,47.01,94
2023-10-27 14:50:00-04:00,46.98,47.01,46.92,46.96,23082.0,46.96,175
2023-10-27 14:55:00-04:00,46.96,46.96,46.89,46.93,26341.0,46.915,228
2023-10-27 15:00:00-04:00,46.93,47.03,46.92,47.01,28689.0,46.979,208
2023-10-27 15:05:00-04:00,47.02,47.06,46.97,46.99,15654.0,47.021,116
2023-10-27 15:10:00-04:00,46.99,47.08,46.97,47.07,25049.0,47.025,180
2023-10-27 15:15:00-04:00,47.06,47.07,46.97,46.98,21595.0,47.022,169
2023-10-27 15:20:00-04:00,46.98,47.0,46.85,46.97,109038.0,46.945,380
2023-10-27 15:25:00-04:00,46.98,47.06,46.85,46.89,244043.0,46.947,421
2023-10-27 15:30:00-04:00,46.9,47.05,46.9,47.01,45437.0,47.007,301
2023-10-27 15:35:00-04:00,47.01,47.03,46.92,46.94,47621.0,46.994,341
2023-10-27 15:40:00-04:00,46.94,47.02,46.93,46.99,54369.0,46.97,355
2023-10-27 15:45:00-04:00,46.98,47.06,46.95,47.06,70908.0,46.997,529
2023-10-27 15:50:00-04:00,47.07,47.08,46.96,47.02,108078.0,47.018,750
2023-10-27 15:55:00-04:00,47.02,47.08,46.99,47.06,274631.0,47.036,1510
2023-10-30 09:30:00-04:00,47.5,47.8,47.46,47.52,17491.0,47.575,33
2023-10-30 09:35:00-04:00,47.46,47.47,47.1,47.22,7165.0,47.242,63
2023-10-30 09:40:00-04:00,47.22,47.33,47.2,47.27,17681.0,47.211,26
2023-10-30 09:45:00-04:00,47.3,47.39,47.24,47.3,10999.0,47.293,87
2023-10-30 09:50:00-04:00,47.31,47.35,47.22,47.25,13251.0,47.281,75
2023-10-30 09:55:00-04:00,47.24,47.35,47.17,47.33,25476.0,47.277,138
2023-10-30 10:00:00-04:00,47.28,47.28,47.17,47.25,11568.0,47.218,94
2023-10-30 10:05:00-04:00,47.24,47.32,47.2,47.29,16488.0,47.259,128
2023-10-30 10:10:00-04:00,47.27,47.41,47.22,47.37,13887.0,47.33,115
2023-10-30 10:15:00-04:00,47.36,47.41,47.32,47.39,11732.0,47.369,100
2023-10-30 10:20:00-04:00,47.38,47.48,47.32,47.32,10649.0,47.423,88
2023-10-30 10:25:00-04:00,47.33,47.35,47.25,47.34,13178.0,47.292,107
2023-10-30 10:30:00-04:00,47.35,47.45,47.33,47.45,22067.0,47.387,183
2023-10-30 10:35:00-04:00,47.43,47.44,47.38,47.4,8877.0,47.416,70
2023-10-30 10:40:00-04:00,47.4,47.52,47.39,47.48,10537.0,47.458,84
2023-10-30 10:45:00-04:00,47.49,47.64,47.49,47.56,18077.0,47.584,134
2023-10-30 10:50:00-04:00,47.57,47.67,47.56,47.61,18770.0,47.603,109
2023-10-30 10:55:00-04:00,47.6,47.67,47.52,47.67,19045.0,47.589,112
2023-10-30 11:00:00-04:00,47.67,47.79,47.67,47.74,22006.0,47.735,149
2023-10-30 11:05:00-04:00,47.73,47.86,47.73,47.86,41051.0,47.812,229
2023-10-30 11:10:00-04:00,47.85,47.89,47.8,47.87,23472.0,47.847,162
2023-10-30 11:15:00-04:00,47.87,47.89,47.68,47.69,22299.0,47.837,163
2023-10-30 11:20:00-04:00,47.69,47.73,47.62,47.7,25500.0,47.669,191
2023-10-30 11:25:00-04:00,47.7,47.86,47.66,47.86,44416.0,47.761,276
2023-10-30 11:30:00-04:00,47.85,48.04,47.84,47.98,46685.0,47.954,273
2023-10-30 11:35:00-04:00,47.97,47.97,47.85,47.85,14958.0,47.91,121
2023-10-30 11:40:00-04:00,47.83,47.83,47.67,47.73,16575.0,47.759,97
2023-10-30 11:45:00-04:00,47.73,47.73,47.63,47.65,7200.0,47.677,63
2023-10-30 11:50:00-04:00,47.64,47.65,47.61,47.63,10299.0,47.633,77
2023-10-30 11:55:00-04:00,47.64,47.7,47.64,47.69,11193.0,47.67,68
2023-10-30 12:00:00-04:00,47.68,47.69,47.65,47.67,8572.0,47.673,70
2023-10-30 12:05:00-04:00,47.65,47.72,47.64,47.66,14752.0,47.684,105
2023-10-30 12:10:00-04:00,47.66,47.72,47.6,47.61,21872.0,47.666,120
2023-10-30 12:15:00-04:00,47.59,47.69,47.51,47.66,17581.0,47.587,122
2023-10-30 12:20:00-04:00,47.68,47.72,47.67,47.71,7851.0,47.696,52
2023-10-30 12:25:00-04:00,47.72,47.75,47.67,47.72,7404.0,47.707,60
2023-10-30 12:30:00-04:00,47.73,47.88,47.73,47.76,16410.0,47.811,110
2023-10-30 12:35:00-04:00,47.77,47.79,47.7,47.76,9505.0,47.752,55
2023-10-30 12:40:00-04:00,47.76,47.79,47.61,47.66,19629.0,47.687,99
2023-10-30 12:45:00-04:00,47.63,47.63,47.59,47.6,2630.0,47.61,21
2023-10-30 12:50:00-04:00,47.62,47.66,47.6,47.6,5435.0,47.633,34
2023-10-30 12:55:00-04:00,47.62,47.64,47.59,47.61,7820.0,47.614,54
2023-10-30 13:00:00-04:00,47.64,47.66,47.61,47.66,3788.0,47.636,25
2023-10-30 13:05:00-04:00,47.66,47.68,47.59,47.64,6464.0,47.638,48
2023-10-30 13:10:00-04:00,47.63,47.63,47.51,47.55,5617.0,47.555,48
2023-10-30 13:15:00-04:00,47.56,47.59,47.53,47.54,5348.0,47.561,37
2023-10-30 13:20:00-04:00,47.53,47.67,47.52,47.65,9852.0,47.611,73
2023-10-30 13:25:00-04:00,47.65,47.74,47.65,47.7,16330.0,47.691,105
2023-10-30 13:30:00-04:00,47.71,47.76,47.68,47.72,14129.0,47.71,104
2023-10-30 13:35:00-04:00,47.7,47.77,47.68,47.75,42909.0,47.73,204
2023-10-30 13:40:00-04:00,47.76,47.77,47.71,47.72,15273.0,47.733,72
2023-10-30 13:45:00-04:00,47.73,47.79,47.69,47.79,6736.0,47.737,49
2023-10-30 13:50:00-04:00,47.81,47.9,47.81,47.89,5071.0,47.866,43
2023-10-30 13:55:00-04:00,47.87,47.95,47.85,47.9,7722.0,47.894,57
2023-10-30 14:00:00-04:00,47.89,47.89,47.82,47.86,6875.0,47.845,54
2023-10-30 14:05:00-04:00,47.87,47.89,47.83,47.86,14741.0,47.86,83
2023-10-30 14:10:00-04:00,47.86,47.88,47.84,47.85,4067.0,47.865,32
2023-10-30 14:15:00-04:00,47.83,47.85,47.77,47.85,7767.0,47.804,69
2023-10-30 14:20:00-04:00,47.84,47.84,47.74,47.79,15980.0,47.803,120
2023-10-30 14:25:00-04:00,47.79,47.8,47.74,47.77,13311.0,47.769,87
2023-10-30 14:30:00-04:00,47.78,47.91,47.78,47.9,17580.0,47.855,121
2023-10-30 14:35:00-04:00,47.9,47.97,47.9,47.95,8175.0,47.934,66
2023-10-30 14:40:00-04:00,47.95,47.99,47.94,47.97,16168.0,47.958,110
2023-10-30 14:45:00-04:00,47.97,47.99,47.94,47.96,20361.0,47.965,161
2023-10-30 14:50:00-04:00,47.96,48.0,47.9,47.94,26233.0,47.958,185
2023-10-30 14:55:00-04:00,47.94,47.94,47.88,47.89,14832.0,47.896,102
2023-10-30 15:00:00-04:00,47.9,47.94,47.82,47.92,33626.0,47.89,235
2023-10-30 15:05:00-04:00,47.92,48.16,47.92,48.13,46568.0,48.076,322
2023-10-30 15:10:00-04:00,48.13,48.23,48.11,48.21,46583.0,48.159,324
2023-10-30 15:15:00-04:00,48.22,48.24,48.04,48.09,56129.0,48.161,364
2023-10-30 15:20:00-04:00,48.09,48.27,48.09,48.26,31348.0,48.175,244
2023-10-30 15:25:00-04:00,48.24,48.26,48.21,48.23,30487.0,48.24,240
2023-10-30 15:30:00-04:00,48.25,48.25,48.12,48.16,46469.0,48.179,325
2023-10-30 15:35:00-04:00,48.16,48.26,48.15,48.23,38554.0,48.196,304
2023-10-30 15:40:00-04:00,48.24,48.26,48.18,48.25,52652.0,48.224,383
2023-10-30 15:45:00-04:00,48.24,48.25,48.14,48.16,59522.0,48.178,426
2023-10-30 15:50:00-04:00,48.16,48.16,47.99,48.0,110301.0,48.097,724
2023-10-30 15:55:00-04:00,48.0,48.07,47.9,47.92,357175.0,47.987,1763
2023-10-31 09:30:00-04:00,47.88,48.02,47.79,47.99,14841.0,47.93,20
2023-10-31 09:35:00-04:00,47.98,48.08,47.78,47.78,10515.0,47.977,45
2023-10-31 09:40:00-04:00,47.74,47.82,47.66,47.76,4871.0,47.727,37
2023-10-31 09:45:00-04:00,47.75,47.85,47.7,47.75,5558.0,47.77,43
2023-10-31 09:50:00-04:00,47.76,47.77,47.71,47.73,19370.0,47.742,135
2023-10-31 09:55:00-04:00,47.72,47.79,47.67,47.76,10174.0,47.74,87
2023-10-31 10:00:00-04:00,47.66,47.8,47.66,47.77,19564.0,47.718,144
2023-10-31 10:05:00-04:00,47.77,47.84,47.76,47.83,15780.0,47.793,134
2023-10-31 10:10:00-04:00,47.84,47.89,47.8,47.84,3604.0,47.855,34
2023-10-31 10:15:00-04:00,47.87,48.01,47.87,48.0,11177.0,47.947,79
2023-10-31 10:20:00-04:00,47.97,47.97,47.9,47.94,9962.0,47.936,81
2023-10-31 10:25:00-04:00,47.92,48.13,47.92,48.06,22955.0,48.055,185
2023-10-31 10:30:00-04:00,48.05,48.2,48.05,48.14,18600.0,48.144,129
2023-10-31 10:35:00-04:00,48.11,48.22,48.07,48.22,12957.0,48.146,108
2023-10-31 10:40:00-04:00,48.21,48.4,48.19,48.39,32727.0,48.298,259
2023-10-31 10:45:00-04:00,48.4,48.43,48.27,48.27,13806.0,48.371,121
2023-10-31 10:50:00-04:00,48.25,48.33,48.24,48.33,7592.0,48.278,61
2023-10-31 10:55:00-04:00,48.33,48.34,48.24,48.31,11296.0,48.293,99
2023-10-31 11:00:00-04:00,48.31,48.38,48.31,48.31,6303.0,48.341,53
2023-10-31 11:05:00-04:00,48.33,48.37,48.24,48.29,6688.0,48.29,55
2023-10-31 11:10:00-04:00,48.3,48.38,48.3,48.38,10194.0,48.336,66
2023-10-31 11:15:00-04:00,48.42,48.42,48.29,48.37,6465.0,48.351,51
2023-10-31 11:20:00-04:00,48.35,48.38,48.23,48.27,5819.0,48.301,45
2023-10-31 11:25:00-04:00,48.3,48.44,48.3,48.42,9028.0,48.386,72
2023-10-31 11:30:00-04:00,48.43,48.43,48.31,48.32,6850.0,48.39,57
2023-10-31 11:35:00-04:00,48.32,48.32,48.22,48.23,12596.0,48.275,85
2023-10-31 11:40:00-04:00,48.23,48.23,48.15,48.17,11705.0,48.184,56
2023-10-31 11:45:00-04:00,48.17,48.25,48.15,48.25,9045.0,48.185,58
2023-10-31 11:50:00-04:00,48.24,48.29,48.16,48.26,8854.0,48.226,72
2023-10-31 11:55:00-04:00,48.28,48.36,48.28,48.36,10987.0,48.312,65
2023-10-31 12:00:00-04:00,48.37,48.44,48.36,48.38,5189.0,48.401,43
2023-10-31 12:05:00-04:00,48.36,48.37,48.33,48.35,11380.0,48.342,42
2023-10-31 12:10:00-04:00,48.36,48.37,48.23,48.23,8336.0,48.305,68
2023-10-31 12:15:00-04:00,48.24,48.34,48.15,48.3,15959.0,48.253,120
2023-10-31 12:20:00-04:00,48.29,48.3,48.22,48.22,7775.0,48.269,56
2023-10-31 12:25:00-04:00,48.23,48.31,48.21,48.3,8338.0,48.239,61
2023-10-31 12:30:00-04:00,48.29,48.43,48.28,48.41,16066.0,48.379,120
2023-10-31 12:35:00-04:00,48.39,48.45,48.33,48.39,13358.0,48.382,111
2023-10-31 12:40:00-04:00,48.39,48.46,48.39,48.46,7695.0,48.418,50
2023-10-31 12:45:00-04:00,48.46,48.46,48.37,48.39,12085.0,48.402,63
2023-10-31 12:50:00-04:00,48.4,48.43,48.37,48.41,8867.0,48.404,58
2023-10-31 12:55:00-04:00,48.4,48.48,48.4,48.46,12912.0,48.447,107
2023-10-31 13:00:00-04:00,48.46,48.54,48.45,48.47,9950.0,48.491,73
2023-10-31 13:05:00-04:00,48.48,48.53,48.47,48.48,5210.0,48.492,47
2023-10-31 13:10:00-04:00,48.46,48.46,48.4,48.44,11735.0,48.421,96
2023-10-31 13:15:00-04:00,48.45,48.45,48.36,48.4,15216.0,48.417,133
2023-10-31 13:20:00-04:00,48.4,48.47,48.38,48.45,13668.0,48.432,120
2023-10-31 13:25:00-04:00,48.45,48.45,48.35,48.37,19430.0,48.395,128
2023-10-31 13:30:00-04:00,48.37,48.4,48.35,48.37,18340.0,48.376,146
2023-10-31 13:35:00-04:00,48.37,48.37,48.3,48.32,17942.0,48.341,141
2023-10-31 13:40:00-04:00,48.32,48.46,48.32,48.42,14524.0,48.386,108
2023-10-31 13:45:00-04:00,48.4,48.42,48.4,48.4,8487.0,48.408,75
2023-10-31 13:50:00-04:00,48.41,48.48,48.39,48.44,13010.0,48.437,112
2023-10-31 13:55:00-04:00,48.43,48.51,48.4,48.51,12004.0,48.443,99
2023-10-31 14:00:00-04:00,48.52,48.56,48.45,48.49,10137.0,48.5,70
2023-10-31 14:05:00-04:00,48.49,48.53,48.47,48.48,9617.0,48.496,68
2023-10-31 14:10:00-04:00,48.46,48.47,48.44,48.44,5250.0,48.457,47
2023-10-31 14:15:00-04:00,48.45,48.48,48.38,48.43,11642.0,48.439,93
2023-10-31 14:20:00-04:00,48.42,48.46,48.41,48.42,13685.0,48.435,100
2023-10-31 14:25:00-04:00,48.41,48.41,48.32,48.34,9860.0,48.368,80
2023-10-31 14:30:00-04:00,48.34,48.34,48.29,48.34,15185.0,48.318,118
2023-10-31 14:35:00-04:00,48.35,48.35,48.23,48.23,10886.0,48.296,85
2023-10-31 14:40:00-04:00,48.23,48.29,48.21,48.29,14575.0,48.252,105
2023-10-31 14:45:00-04:00,48.29,48.35,48.27,48.32,26516.0,48.309,179
2023-10-31 14:50:00-04:00,48.33,48.33,48.24,48.29,9835.0,48.28,83
2023-10-31 14:55:00-04:00,48.31,48.35,48.3,48.34,17827.0,48.328,116
2023-10-31 15:00:00-04:00,48.32,48.33,48.26,48.33,10693.0,48.304,68
2023-10-31 15:05:00-04:00,48.34,48.35,48.29,48.32,16902.0,48.33,129
2023-10-31 15:10:00-04:00,48.32,48.39,48.31,48.31,21288.0,48.354,134
2023-10-31 15:15:00-04:00,48.3,48.38,48.3,48.38,17295.0,48.336,131
2023-10-31 15:20:00-04:00,48.38,48.39,48.34,48.39,22950.0,48.367,182
2023-10-31 15:25:00-04:00,48.4,48.5,48.37,48.5,35995.0,48.434,260
2023-10-31 15:30:00-04:00,48.5,48.51,48.35,48.37,64471.0,48.4,307
2023-10-31 15:35:00-04:00,48.38,48.43,48.26,48.27,48523.0,48.385,321
2023-10-31 15:40:00-04:00,48.28,48.29,48.13,48.19,111772.0,48.217,468
2023-10-31 15:45:00-04:00,48.19,48.21,48.13,48.16,51283.0,48.162,387
2023-10-31 15:50:00-04:00,48.15,48.18,48.06,48.07,87815.0,48.122,641
2023-10-31 15:55:00-04:00,48.07,48.2,48.06,48.15,220759.0,48.144,1228
2023-11-01 09:30:00-04:00,48.46,48.63,48.09,48.09,23604.0,48.388,88
2023-11-01 09:35:00-04:00,48.12,48.12,47.84,47.98,7159.0,47.935,66
2023-11-01 09:40:00-04:00,47.95,48.04,47.8,47.98,34626.0,47.938,70
2023-11-01 09:45:00-04:00,47.97,47.99,47.75,47.8,9586.0,47.88,64
2023-11-01 09:50:00-04:00,47.81,47.92,47.78,47.89,8492.0,47.832,73
2023-11-01 09:55:00-04:00,47.9,48.02,47.84,47.84,12659.0,47.912,85
2023-11-01 10:00:00-04:00,47.89,47.98,47.69,47.85,23199.0,47.83,146
2023-11-01 10:05:00-04:00,47.86,47.94,47.79,47.83,16740.0,47.851,136
2023-11-01 10:10:00-04:00,47.81,48.02,47.81,48.02,122263.0,47.993,93
2023-11-01 10:15:00-04:00,48.02,48.11,47.98,48.08,21067.0,48.017,171
2023-11-01 10:20:00-04:00,48.1,48.18,47.9,47.92,52913.0,48.02,197
2023-11-01 10:25:00-04:00,47.9,48.0,47.87,47.98,93648.0,47.985,168
2023-11-01 10:30:00-04:00,47.99,48.05,47.94,47.98,22497.0,47.99,175
2023-11-01 10:35:00-04:00,48.0,48.01,47.78,47.93,18361.0,47.891,140
2023-11-01 10:40:00-04:00,47.91,47.93,47.83,47.9,21841.0,47.88,112
2023-11-01 10:45:00-04:00,47.91,47.91,47.75,47.76,21780.0,47.844,166
2023-11-01 10:50:00-04:00,47.74,47.84,47.73,47.75,18567.0,47.775,127
2023-11-01 10:55:00-04:00,47.75,47.81,47.74,47.8,27079.0,47.783,205
2023-11-01 11:00:00-04:00,47.78,47.8,47.69,47.71,20731.0,47.735,170
2023-11-01 11:05:00-04:00,47.71,47.8,47.71,47.77,9996.0,47.762,85
2023-11-01 11:10:00-04:00,47.75,47.77,47.66,47.74,23306.0,47.71,193
2023-11-01 11:15:00-04:00,47.73,47.73,47.63,47.73,33709.0,47.679,223
2023-11-01 11:20:00-04:00,47.74,47.76,47.68,47.73,19095.0,47.72,152
2023-11-01 11:25:00-04:00,47.72,47.83,47.7,47.76,16587.0,47.764,136
2023-11-01 11:30:00-04:00,47.76,47.77,47.65,47.66,12972.0,47.709,115
2023-11-01 11:35:00-04:00,47.65,47.68,47.56,47.56,10159.0,47.642,82
2023-11-01 11:40:00-04:00,47.56,47.57,47.5,47.5,31974.0,47.53,129
2023-11-01 11:45:00-04:00,47.49,47.52,47.39,47.39,50739.0,47.468,200
2023-11-01 11:50:00-04:00,47.4,47.58,47.37,47.51,21795.0,47.472,158
2023-11-01 11:55:00-04:00,47.51,47.52,47.39,47.47,17594.0,47.456,135
2023-11-01 12:00:00-04:00,47.47,47.53,47.43,47.43,15818.0,47.484,127
2023-11-01 12:05:00-04:00,47.43,47.51,47.36,47.39,23475.0,47.455,160
2023-11-01 12:10:00-04:00,47.41,47.43,47.3,47.3,10597.0,47.366,78
2023-11-01 12:15:00-04:00,47.32,47.35,47.27,47.32,21223.0,47.316,127
2023-11-01 12:20:00-04:00,47.31,47.38,47.3,47.38,14917.0,47.324,112
2023-11-01 12:25:00-04:00,47.36,47.36,47.29,47.29,11720.0,47.318,85
2023-11-01 12:30:00-04:00,47.3,47.32,47.18,47.22,19482.0,47.24,139
2023-11-01 12:35:00-04:00,47.23,47.27,47.16,47.17,26544.0,47.215,176
2023-11-01 12:40:00-04:00,47.17,47.17,47.06,47.06,31359.0,47.102,160
2023-11-01 12:45:00-04:00,47.06,47.11,47.0,47.01,27364.0,47.057,184
2023-11-01 12:50:00-04:00,47.0,47.01,46.95,46.97,10324.0,46.985,75
2023-11-01 12:55:00-04:00,46.96,47.11,46.96,47.09,16075.0,47.055,108
2023-11-01 13:00:00-04:00,47.1,47.15,47.04,47.04,18819.0,47.084,153
2023-11-01 13:05:00-04:00,47.03,47.08,46.96,47.01,13789.0,47.014,98
2023-11-01 13:10:00-04:00,47.01,47.19,47.01,47.18,19305.0,47.082,150
2023-11-01 13:15:00-04:00,47.18,47.39,47.18,47.32,30680.0,47.337,225
2023-11-01 13:20:00-04:00,47.31,47.38,47.18,47.21,25932.0,47.266,222
2023-11-01 13:25:00-04:00,47.21,47.29,47.18,47.27,19707.0,47.245,153
2023-11-01 13:30:00-04:00,47.27,47.36,47.26,47.32,26951.0,47.304,199
2023-11-01 13:35:00-04:00,47.33,47.37,47.3,47.32,14711.0,47.337,111
2023-11-01 13:40:00-04:00,47.32,47.34,47.3,47.31,12657.0,47.315,99
2023-11-01 13:45:00-04:00,47.31,47.31,47.22,47.29,27442.0,47.27,208
2023-11-01 13:50:00-04:00,47.3,47.38,47.29,47.36,21228.0,47.339,168
2023-11-01 13:55:00-04:00,47.35,47.44,47.28,47.36,28379.0,47.362,237
2023-11-01 14:00:00-04:00,47.35,47.44,47.22,47.22,21079.0,47.316,161
2023-11-01 14:05:00-04:00,47.22,47.24,47.13,47.15,23936.0,47.195,160
2023-11-01 14:10:00-04:00,47.16,47.26,47.14,47.14,25763.0,47.203,208
2023-11-01 14:15:00-04:00,47.14,47.14,47.09,47.12,15763.0,47.113,130
2023-11-01 14:20:00-04:00,47.11,47.18,47.09,47.1,20231.0,47.144,141
2023-11-01 14:25:00-04:00,47.07,47.17,47.07,47.12,18928.0,47.122,162
2023-11-01 14:30:00-04:00,47.12,47.2,47.08,47.08,47486.0,47.139,387
2023-11-01 14:35:00-04:00,47.08,47.2,47.07,47.11,40368.0,47.141,310
2023-11-01 14:40:00-04:00,47.12,47.15,47.01,47.05,26261.0,47.061,223
2023-11-01 14:45:00-04:00,47.05,47.19,47.01,47.02,40082.0,47.098,316
2023-11-01 14:50:00-04:00,47.03,47.21,47.03,47.17,39903.0,47.136,306
2023-11-01 14:55:00-04:00,47.16,47.35,47.11,47.35,32449.0,47.221,251
2023-11-01 15:00:00-04:00,47.34,47.58,47.34,47.36,70445.0,47.468,507
2023-11-01 15:05:00-04:00,47.36,47.44,47.28,47.36,43132.0,47.363,284
2023-11-01 15:10:00-04:00,47.36,47.5,47.35,47.37,35199.0,47.432,264
2023-11-01 15:15:00-04:00,47.38,47.48,47.34,47.44,27242.0,47.424,214
2023-11-01 15:20:00-04:00,47.43,47.6,47.42,47.56,38038.0,47.533,298
2023-11-01 15:25:00-04:00,47.57,47.59,47.5,47.52,44033.0,47.548,352
2023-11-01 15:30:00-04:00,47.52,47.56,47.45,47.46,37423.0,47.498,297
2023-11-01 15:35:00-04:00,47.47,47.57,47.44,47.48,51309.0,47.508,374
2023-11-01 15:40:00-04:00,47.49,47.57,47.48,47.53,49682.0,47.518,388
2023-11-01 15:45:00-04:00,47.53,47.61,47.46,47.58,76070.0,47.522,535
2023-11-01 15:50:00-04:00,47.58,47.63,47.44,47.52,138662.0,47.545,937
2023-11-01 15:55:00-04:00,47.52,47.63,47.47,47.56,334523.0,47.547,1539
2023-11-02 09:30:00-04:00,48.13,50.53,47.67,50.2,172101.0,48.751,479
2023-11-02 09:35:00-04:00,50.21,50.64,49.51,49.89,49285.0,50.068,303
2023-11-02 09:40:00-04:00,49.84,49.9,49.34,49.63,36025.0,49.601,295
2023-11-02 09:45:00-04:00,49.66,49.77,48.51,48.65,66917.0,49.078,509
2023-11-02 09:50:00-04:00,48.57,48.83,48.38,48.72,105769.0,48.704,827
2023-11-02 09:55:00-04:00,48.72,49.09,48.53,49.05,19386.0,48.794,154
2023-11-02 10:00:00-04:00,49.03,49.2,48.77,49.02,27599.0,49.008,230
2023-11-02 10:05:00-04:00,49.01,49.04,48.29,48.53,42718.0,48.683,333
2023-11-02 10:10:00-04:00,48.48,48.81,48.46,48.68,27202.0,48.606,224
2023-11-02 10:15:00-04:00,48.71,48.8,48.37,48.4,50171.0,48.511,245
2023-11-02 10:20:00-04:00,48.41,48.72,48.41,48.6,17976.0,48.568,158
2023-11-02 10:25:00-04:00,48.55,48.65,48.5,48.54,13937.0,48.568,130
2023-11-02 10:30:00-04:00,48.49,48.89,48.46,48.89,15911.0,48.703,140
2023-11-02 10:35:00-04:00,48.86,49.05,48.86,49.0,17176.0,48.949,99
2023-11-02 10:40:00-04:00,48.97,49.18,48.87,49.18,16516.0,48.989,101
2023-11-02 10:45:00-04:00,49.17,49.4,49.04,49.39,27775.0,49.178,162
2023-11-02 10:50:00-04:00,49.39,49.47,49.34,49.42,16829.0,49.412,142
2023-11-02 10:55:00-04:00,49.43,49.44,49.25,49.35,17348.0,49.347,147
2023-11-02 11:00:00-04:00,49.36,49.49,49.29,49.48,14155.0,49.375,123
2023-11-02 11:05:00-04:00,49.46,49.66,49.45,49.66,17760.0,49.545,149
2023-11-02 11:10:00-04:00,49.68,49.68,49.38,49.42,11212.0,49.518,90
2023-11-02 11:15:00-04:00,49.38,49.38,48.96,49.09,33843.0,49.107,253
2023-11-02 11:20:00-04:00,49.09,49.35,48.95,49.02,31354.0,49.13,234
2023-11-02 11:25:00-04:00,48.97,49.13,48.82,48.97,37990.0,48.98,270
2023-11-02 11:30:00-04:00,48.95,49.11,48.88,49.0,24461.0,48.986,199
2023-11-02 11:35:00-04:00,48.99,49.13,48.99,49.02,8924.0,49.033,74
2023-11-02 11:40:00-04:00,49.03,49.03,48.78,48.92,13400.0,48.917,112
2023-11-02 11:45:00-04:00,48.92,49.15,48.84,49.15,30536.0,49.012,149
2023-11-02 11:50:00-04:00,49.17,49.3,48.99,49.01,25758.0,49.164,134
2023-11-02 11:55:00-04:00,49.02,49.03,48.88,49.0,11084.0,48.96,85
2023-11-02 12:00:00-04:00,49.0,49.17,48.92,49.1,19127.0,49.021,139
2023-11-02 12:05:00-04:00,49.11,49.19,49.04,49.05,18213.0,49.104,139
2023-11-02 12:10:00-04:00,49.05,49.05,48.73,48.75,10643.0,48.9,91
2023-11-02 12:15:00-04:00,48.78,48.79,48.62,48.74,11183.0,48.721,75
2023-11-02 12:20:00-04:00,48.7,48.7,48.57,48.6,10211.0,48.624,84
2023-11-02 12:25:00-04:00,48.59,48.6,48.39,48.41,10166.0,48.482,90
2023-11-02 12:30:00-04:00,48.45,48.57,48.25,48.25,16835.0,48.346,122
2023-11-02 12:35:00-04:00,48.25,48.35,48.13,48.35,15774.0,48.193,112
2023-11-02 12:40:00-04:00,48.35,48.39,48.17,48.17,15604.0,48.298,120
2023-11-02 12:45:00-04:00,48.16,48.26,48.13,48.17,15077.0,48.197,117
2023-11-02 12:50:00-04:00,48.17,48.24,48.17,48.17,17003.0,48.199,123
2023-11-02 12:55:00-04:00,48.17,48.29,48.13,48.16,21625.0,48.201,166
2023-11-02 13:00:00-04:00,48.14,48.31,48.07,48.2,21265.0,48.179,174
2023-11-02 13:05:00-04:00,48.21,48.3,48.21,48.23,11600.0,48.261,96
2023-11-02 13:10:00-04:00,48.23,48.25,48.2,48.22,14216.0,48.225,124
2023-11-02 13:15:00-04:00,48.22,48.23,47.99,48.05,39788.0,48.093,297
2023-11-02 13:20:00-04:00,48.05,48.18,48.05,48.11,12305.0,48.111,105
2023-11-02 13:25:00-04:00,48.13,48.13,47.95,48.01,22145.0,48.01,171
2023-11-02 13:30:00-04:00,48.02,48.05,47.89,47.89,18213.0,47.982,144
2023-11-02 13:35:00-04:00,47.89,48.07,47.86,47.94,45395.0,47.982,311
2023-11-02 13:40:00-04:00,47.94,48.0,47.83,47.88,28067.0,47.925,200
2023-11-02 13:45:00-04:00,47.89,47.95,47.76,47.76,16025.0,47.873,139
2023-11-02 13:50:00-04:00,47.76,47.76,47.63,47.64,26173.0,47.706,196
2023-11-02 13:55:00-04:00,47.63,47.8,47.63,47.77,26228.0,47.732,192
2023-11-02 14:00:00-04:00,47.78,47.79,47.61,47.62,16919.0,47.699,127
2023-11-02 14:05:00-04:00,47.63,47.7,47.56,47.58,23596.0,47.622,154
2023-11-02 14:10:00-04:00,47.57,47.74,47.57,47.58,29007.0,47.645,198
2023-11-02 14:15:00-04:00,47.59,47.85,47.59,47.82,48852.0,47.682,177
2023-11-02 14:20:00-04:00,47.79,47.86,47.79,47.85,17951.0,47.824,148
2023-11-02 14:25:00-04:00,47.86,47.99,47.83,47.98,14191.0,47.877,125
2023-11-02 14:30:00-04:00,47.98,48.23,47.96,48.15,22965.0,48.122,158
2023-11-02 14:35:00-04:00,48.16,48.25,48.13,48.22,17452.0,48.196,149
2023-11-02 14:40:00-04:00,48.23,48.29,48.18,48.29,13563.0,48.224,113
2023-11-02 14:45:00-04:00,48.27,48.4,48.27,48.36,19193.0,48.332,164
2023-11-02 14:50:00-04:00,48.37,48.37,48.24,48.3,19242.0,48.281,161
2023-11-02 14:55:00-04:00,48.3,48.4,48.27,48.39,14261.0,48.314,115
2023-11-02 15:00:00-04:00,48.4,48.41,48.27,48.27,17663.0,48.345,139
2023-11-02 15:05:00-04:00,48.27,48.3,48.25,48.3,19573.0,48.277,155
2023-11-02 15:10:00-04:00,48.3,48.4,48.26,48.37,23323.0,48.319,179
2023-11-02 15:15:00-04:00,48.37,48.42,48.28,48.37,15952.0,48.365,112
2023-11-02 15:20:00-04:00,48.35,48.38,48.28,48.38,17008.0,48.337,147
2023-11-02 15:25:00-04:00,48.38,48.5,48.37,48.44,35730.0,48.438,181
2023-11-02 15:30:00-04:00,48.44,48.58,48.42,48.53,20670.0,48.498,177
2023-11-02 15:35:00-04:00,48.55,48.68,48.53,48.64,26050.0,48.604,140
2023-11-02 15:40:00-04:00,48.64,48.77,48.57,48.73,56425.0,48.66,341
2023-11-02 15:45:00-04:00,48.73,48.86,48.72,48.78,60398.0,48.786,480
2023-11-02 15:50:00-04:00,48.77,48.93,48.75,48.92,99780.0,48.867,790
2023-11-02 15:55:00-04:00,48.91,48.96,48.77,48.82,269298.0,48.847,1319
2023-11-03 09:30:00-04:00,49.3,49.41,48.58,49.2,57709.0,49.034,117
2023-11-03 09:35:00-04:00,49.2,49.73,49.2,49.51,26977.0,49.514,216
2023-11-03 09:40:00-04:00,49.52,50.09,49.52,50.03,20979.0,49.913,84
2023-11-03 09:45:00-04:00,50.06,50.37,49.99,50.29,14356.0,50.159,124
2023-11-03 09:50:00-04:00,50.3,50.48,50.29,50.47,12415.0,50.387,81
2023-11-03 09:55:00-04:00,50.44,50.45,50.18,50.37,20619.0,50.324,164
2023-11-03 10:00:00-04:00,50.4,50.47,50.32,50.42,23092.0,50.38,129
2023-11-03 10:05:00-04:00,50.46,50.63,50.46,50.61,17766.0,50.558,154
2023-11-03 10:10:00-04:00,50.69,50.81,50.65,50.8,15154.0,50.732,121
2023-11-03 10:15:00-04:00,50.8,50.95,50.73,50.76,24602.0,50.844,212
2023-11-03 10:20:00-04:00,50.74,50.75,50.54,50.68,30330.0,50.648,207
2023-11-03 10:25:00-04:00,50.65,50.67,50.35,50.41,13460.0,50.492,108
2023-11-03 10:30:00-04:00,50.37,50.37,50.16,50.18,14465.0,50.272,126
2023-11-03 10:35:00-04:00,50.14,50.18,49.85,49.91,42011.0,50.004,252
2023-11-03 10:40:00-04:00,49.89,49.94,49.77,49.84,11288.0,49.84,91
2023-11-03 10:45:00-04:00,49.84,50.0,49.84,49.88,24179.0,49.926,163
2023-11-03 10:50:00-04:00,49.88,49.88,49.67,49.68,14767.0,49.785,112
2023-11-03 10:55:00-04:00,49.67,49.98,49.63,49.98,27438.0,49.817,131
2023-11-03 11:00:00-04:00,49.98,50.15,49.98,50.15,27237.0,50.066,145
2023-11-03 11:05:00-04:00,50.12,50.21,50.09,50.13,19110.0,50.141,158
2023-11-03 11:10:00-04:00,50.12,50.4,50.12,50.4,16875.0,50.198,104
2023-11-03 11:15:00-04:00,50.4,50.41,50.23,50.3,23705.0,50.344,141
2023-11-03 11:20:00-04:00,50.3,50.39,50.29,50.37,9325.0,50.336,82
2023-11-03 11:25:00-04:00,50.39,50.59,50.38,50.49,50778.0,50.476,232
2023-11-03 11:30:00-04:00,50.5,50.62,50.48,50.54,19352.0,50.526,116
2023-11-03 11:35:00-04:00,50.55,50.63,50.51,50.61,4634.0,50.542,41
2023-11-03 11:40:00-04:00,50.58,50.68,50.58,50.66,10169.0,50.626,81
2023-11-03 11:45:00-04:00,50.66,50.78,50.65,50.74,9654.0,50.712,77
2023-11-03 11:50:00-04:00,50.77,50.9,50.77,50.85,12965.0,50.834,108
2023-11-03 11:55:00-04:00,50.85,50.94,50.83,50.9,22281.0,50.885,168
2023-11-03 12:00:00-04:00,50.91,50.97,50.73,50.82,8981.0,50.875,80
2023-11-03 12:05:00-04:00,50.82,50.83,50.73,50.83,15136.0,50.81,56
2023-11-03 12:10:00-04:00,50.83,50.85,50.76,50.78,9865.0,50.805,87
2023-11-03 12:15:00-04:00,50.78,50.87,50.77,50.79,17107.0,50.815,141
2023-11-03 12:20:00-04:00,50.8,50.84,50.72,50.74,10688.0,50.79,85
2023-11-03 12:25:00-04:00,50.72,50.85,50.69,50.8,13537.0,50.768,107
2023-11-03 12:30:00-04:00,50.8,50.83,50.73,50.74,14623.0,50.778,100
2023-11-03 12:35:00-04:00,50.74,50.75,50.68,50.74,7225.0,50.714,59
2023-11-03 12:40:00-04:00,50.76,50.79,50.7,50.77,6523.0,50.751,58
2023-11-03 12:45:00-04:00,50.75,50.79,50.75,50.78,6798.0,50.767,52
2023-11-03 12:50:00-04:00,50.78,50.88,50.74,50.8,11262.0,50.806,75
2023-11-03 12:55:00-04:00,50.8,50.94,50.8,50.92,7669.0,50.873,61
2023-11-03 13:00:00-04:00,50.95,50.99,50.92,50.98,11496.0,50.948,102
2023-11-03 13:05:00-04:00,50.98,51.01,50.94,50.97,14234.0,50.972,118
2023-11-03 13:10:00-04:00,50.99,51.09,50.99,51.01,14646.0,51.042,125
2023-11-03 13:15:00-04:00,51.02,51.1,50.98,50.98,10759.0,51.041,91
2023-11-03 13:20:00-04:00,50.99,51.06,50.82,50.9,6021.0,50.951,48
2023-11-03 13:25:00-04:00,50.91,50.96,50.89,50.96,10023.0,50.919,85
2023-11-03 13:30:00-04:00,50.96,51.06,50.96,51.06,8444.0,51.01,60
2023-11-03 13:35:00-04:00,51.05,51.05,50.92,50.96,11732.0,50.974,94
2023-11-03 13:40:00-04:00,50.98,51.01,50.96,50.99,5417.0,50.984,46
2023-11-03 13:45:00-04:00,50.98,51.07,50.94,51.07,5085.0,50.98,41
2023-11-03 13:50:00-04:00,51.08,51.08,51.0,51.05,11204.0,51.031,86
2023-11-03 13:55:00-04:00,51.07,51.09,50.99,51.04,12929.0,51.031,92
2023-11-03 14:00:00-04:00,51.04,51.15,51.04,51.13,12593.0,51.108,98
2023-11-03 14:05:00-04:00,51.12,51.16,51.11,51.15,10378.0,51.137,86
2023-11-03 14:10:00-04:00,51.16,51.2,51.11,51.2,9350.0,51.153,77
2023-11-03 14:15:00-04:00,51.19,51.19,51.09,51.12,10480.0,51.134,79
2023-11-03 14:20:00-04:00,51.12,51.22,51.12,51.19,10889.0,51.176,82
2023-11-03 14:25:00-04:00,51.2,51.22,51.18,51.19,10267.0,51.204,75
2023-11-03 14:30:00-04:00,51.2,51.23,51.19,51.23,14801.0,51.21,117
2023-11-03 14:35:00-04:00,51.22,51.34,51.21,51.33,17098.0,51.272,107
2023-11-03 14:40:00-04:00,51.34,51.34,51.27,51.31,18300.0,51.294,108
2023-11-03 14:45:00-04:00,51.31,51.41,51.3,51.41,11858.0,51.347,96
2023-11-03 14:50:00-04:00,51.41,51.44,51.4,51.43,7815.0,51.417,62
2023-11-03 14:55:00-04:00,51.42,51.43,51.33,51.42,14901.0,51.384,121
2023-11-03 15:00:00-04:00,51.42,51.49,51.41,51.48,8593.0,51.45,68
2023-11-03 15:05:00-04:00,51.48,51.48,51.38,51.38,17540.0,51.447,156
2023-11-03 15:10:00-04:00,51.39,51.47,51.38,51.46,19380.0,51.422,153
2023-11-03 15:15:00-04:00,51.46,51.46,51.4,51.44,24802.0,51.432,195
2023-11-03 15:20:00-04:00,51.44,51.48,51.38,51.45,32611.0,51.435,232
2023-11-03 15:25:00-04:00,51.46,51.53,51.44,51.49,49624.0,51.482,302
2023-11-03 15:30:00-04:00,51.49,51.55,51.43,51.55,50728.0,51.491,359
2023-11-03 15:35:00-04:00,51.55,51.57,51.5,51.55,47009.0,51.539,324
2023-11-03 15:40:00-04:00,51.54,51.57,51.52,51.53,52094.0,51.545,393
2023-11-03 15:45:00-04:00,51.54,51.54,51.28,51.31,43421.0,51.369,342
2023-11-03 15:50:00-04:00,51.31,51.37,51.28,51.28,75317.0,51.332,527
2023-11-03 15:55:00-04:00,51.29,51.42,51.22,51.22,274743.0,51.285,1341
2023-11-06 09:30:00-05:00,51.2,51.25,51.09,51.18,28580.0,51.195,42
2023-11-06 09:35:00-05:00,51.21,51.21,50.98,50.98,10129.0,51.106,76
2023-11-06 09:40:00-05:00,50.98,51.15,50.89,50.96,22980.0,51.019,126
2023-11-06 09:45:00-05:00,51.02,51.08,50.94,51.05,9744.0,51.007,66
2023-11-06 09:50:00-05:00,51.03,51.03,50.87,50.89,4865.0,50.94,37
2023-11-06 09:55:00-05:00,50.84,50.94,50.71,50.94,34839.0,50.807,85
2023-11-06 10:00:00-05:00,50.94,51.02,50.89,50.98,13566.0,50.993,63
2023-11-06 10:05:00-05:00,50.92,50.99,50.77,50.93,12003.0,50.914,73
2023-11-06 10:10:00-05:00,50.93,50.93,50.69,50.69,4194.0,50.803,38
2023-11-06 10:15:00-05:00,50.72,50.72,50.59,50.65,6803.0,50.649,49
2023-11-06 10:20:00-05:00,50.65,50.77,50.58,50.63,12732.0,50.674,93
2023-11-06 10:25:00-05:00,50.61,50.65,50.6,50.64,2036.0,50.624,18
2023-11-06 10:30:00-05:00,50.66,50.77,50.65,50.69,14139.0,50.715,110
2023-11-06 10:35:00-05:00,50.7,50.86,50.7,50.78,5375.0,50.783,45
2023-11-06 10:40:00-05:00,50.82,50.83,50.76,50.79,6880.0,50.795,56
2023-11-06 10:45:00-05:00,50.78,50.85,50.76,50.82,6561.0,50.805,51
2023-11-06 10:50:00-05:00,50.83,50.88,50.78,50.78,9653.0,50.828,38
2023-11-06 10:55:00-05:00,50.76,50.81,50.76,50.78,1973.0,50.781,19
2023-11-06 11:00:00-05:00,50.78,50.83,50.7,50.75,6661.0,50.761,57
2023-11-06 11:05:00-05:00,50.75,50.81,50.74,50.79,3779.0,50.77,30
2023-11-06 11:10:00-05:00,50.79,50.79,50.66,50.66,3621.0,50.72,31
2023-11-06 11:15:00-05:00,50.66,50.72,50.66,50.72,4999.0,50.699,41
2023-11-06 11:20:00-05:00,50.69,50.69,50.48,50.52,4064.0,50.536,37
2023-11-06 11:25:00-05:00,50.52,50.59,50.51,50.56,8595.0,50.551,67
2023-11-06 11:30:00-05:00,50.55,50.55,50.47,50.47,2564.0,50.5,20
2023-11-06 11:35:00-05:00,50.45,50.58,50.45,50.55,9418.0,50.511,67
2023-11-06 11:40:00-05:00,50.57,50.58,50.51,50.57,16930.0,50.558,57
2023-11-06 11:45:00-05:00,50.58,50.64,50.58,50.61,4460.0,50.615,33
2023-11-06 11:50:00-05:00,50.62,50.63,50.59,50.6,2799.0,50.606,21
2023-11-06 11:55:00-05:00,50.61,50.76,50.61,50.76,6303.0,50.68,50
2023-11-06 12:00:00-05:00,50.77,50.83,50.71,50.72,6997.0,50.777,59
2023-11-06 12:05:00-05:00,50.73,50.76,50.7,50.74,6487.0,50.724,46
2023-11-06 12:10:00-05:00,50.73,50.76,50.69,50.76,4398.0,50.713,33
2023-11-06 12:15:00-05:00,50.77,50.81,50.73,50.78,6498.0,50.776,56
2023-11-06 12:20:00-05:00,50.79,50.8,50.68,50.68,3736.0,50.735,30
2023-11-06 12:25:00-05:00,50.67,50.68,50.63,50.63,2976.0,50.663,23
2023-11-06 12:30:00-05:00,50.64,50.78,50.64,50.72,5974.0,50.719,39
2023-11-06 12:35:00-05:00,50.72,50.82,50.69,50.76,4990.0,50.749,32
2023-11-06 12:40:00-05:00,50.75,50.82,50.75,50.78,5080.0,50.776,32
2023-11-06 12:45:00-05:00,50.74,50.79,50.74,50.76,4357.0,50.769,35
2023-11-06 12:50:00-05:00,50.78,50.79,50.75,50.75,5153.0,50.771,42
2023-11-06 12:55:00-05:00,50.76,50.82,50.73,50.73,6629.0,50.788,50
2023-11-06 13:00:00-05:00,50.74,50.74,50.68,50.71,3605.0,50.71,26
2023-11-06 13:05:00-05:00,50.71,50.72,50.64,50.64,2546.0,50.695,21
2023-11-06 13:10:00-05:00,50.65,50.67,50.65,50.66,3747.0,50.657,29
2023-11-06 13:15:00-05:00,50.66,50.68,50.62,50.65,6169.0,50.65,49
2023-11-06 13:20:00-05:00,50.64,50.68,50.55,50.68,6208.0,50.619,46
2023-11-06 13:25:00-05:00,50.7,50.7,50.62,50.63,3175.0,50.655,27
2023-11-06 13:30:00-05:00,50.6,50.65,50.57,50.65,4684.0,50.613,30
2023-11-06 13:35:00-05:00,50.64,50.67,50.6,50.6,5147.0,50.643,41
2023-11-06 13:40:00-05:00,50.59,50.61,50.57,50.58,3287.0,50.587,28
2023-11-06 13:45:00-05:00,50.58,50.63,50.55,50.55,6602.0,50.601,47
2023-11-06 13:50:00-05:00,50.55,50.55,50.51,50.52,9990.0,50.528,74
2023-11-06 13:55:00-05:00,50.52,50.56,50.52,50.54,7365.0,50.544,49
2023-11-06 14:00:00-05:00,50.54,50.58,50.52,50.53,6980.0,50.548,52
2023-11-06 14:05:00-05:00,50.53,50.53,50.4,50.43,13949.0,50.478,74
2023-11-06 14:10:00-05:00,50.43,50.45,50.36,50.36,9844.0,50.411,71
2023-11-06 14:15:00-05:00,50.35,50.44,50.35,50.4,12810.0,50.396,82
2023-11-06 14:20:00-05:00,50.39,50.47,50.39,50.45,6516.0,50.434,53
2023-11-06 14:25:00-05:00,50.44,50.47,50.38,50.4,10061.0,50.421,77
2023-11-06 14:30:00-05:00,50.38,50.44,50.35,50.44,9529.0,50.406,67
2023-11-06 14:35:00-05:00,50.45,50.51,50.44,50.44,9063.0,50.481,64
2023-11-06 14:40:00-05:00,50.45,50.61,50.44,50.58,13020.0,50.505,101
2023-11-06 14:45:00-05:00,50.56,50.6,50.4,50.4,24534.0,50.499,189
2023-11-06 14:50:00-05:00,50.39,50.49,50.39,50.48,46060.0,50.455,239
2023-11-06 14:55:00-05:00,50.47,50.57,50.46,50.55,40493.0,50.523,172
2023-11-06 15:00:00-05:00,50.56,50.56,50.41,50.41,40471.0,50.464,228
2023-11-06 15:05:00-05:00,50.43,50.45,50.38,50.43,7762.0,50.418,64
2023-11-06 15:10:00-05:00,50.45,50.46,50.34,50.34,11079.0,50.406,85
2023-11-06 15:15:00-05:00,50.31,50.33,50.26,50.29,6568.0,50.297,49
2023-11-06 15:20:00-05:00,50.3,50.31,50.27,50.3,11541.0,50.288,78
2023-11-06 15:25:00-05:00,50.29,50.31,50.25,50.3,6560.0,50.276,41
2023-11-06 15:30:00-05:00,50.3,50.4,50.24,50.4,17690.0,50.292,93
2023-11-06 15:35:00-05:00,50.4,50.4,50.31,50.39,11916.0,50.355,91
2023-11-06 15:40:00-05:00,50.38,50.42,50.37,50.37,11877.0,50.399,89
2023-11-06 15:45:00-05:00,50.37,50.4,50.3,50.38,20483.0,50.348,146
2023-11-06 15:50:00-05:00,50.38,50.42,50.37,50.39,45047.0,50.394,314
2023-11-06 15:55:00-05:00,50.4,50.49,50.39,50.49,127215.0,50.458,697
2023-11-07 09:30:00-05:00,50.25,50.44,50.23,50.23,9891.0,50.264,11
2023-11-07 09:35:00-05:00,50.11,50.21,50.01,50.05,4382.0,50.11,37
2023-11-07 09:40:00-05:00,50.05,50.11,49.86,50.09,5665.0,49.98,45
2023-11-07 09:45:00-05:00,50.18,50.3,50.12,50.14,5755.0,50.189,44
2023-11-07 09:50:00-05:00,50.14,50.21,50.12,50.17,4845.0,50.159,42
2023-11-07 09:55:00-05:00,50.18,50.36,50.15,50.34,4018.0,50.245,34
2023-11-07 10:00:00-05:00,50.36,50.47,50.35,50.43,9070.0,50.417,56
2023-11-07 10:05:00-05:00,50.44,50.52,50.39,50.52,4565.0,50.453,41
2023-11-07 10:10:00-05:00,50.5,50.72,50.48,50.67,8452.0,50.584,75
2023-11-07 10:15:00-05:00,50.67,50.75,50.66,50.69,3864.0,50.713,33
2023-11-07 10:20:00-05:00,50.66,50.69,50.57,50.58,3691.0,50.623,26
2023-11-07 10:25:00-05:00,50.61,50.71,50.54,50.71,5509.0,50.632,44
2023-11-07 10:30:00-05:00,50.68,50.74,50.67,50.71,12563.0,50.709,76
2023-11-07 10:35:00-05:00,50.71,50.8,50.71,50.75,13297.0,50.743,73
2023-11-07 10:40:00-05:00,50.76,50.81,50.69,50.72,7511.0,50.764,57
2023-11-07 10:45:00-05:00,50.7,50.71,50.5,50.55,5085.0,50.6,47
2023-11-07 10:50:00-05:00,50.55,50.63,50.47,50.5,12884.0,50.577,81
2023-11-07 10:55:00-05:00,50.5,50.5,50.37,50.44,6318.0,50.415,43
2023-11-08 09:30:00-05:00,50.24,50.24,49.8,49.98,43353.0,50.031,54
2023-11-08 09:35:00-05:00,50.03,50.06,49.95,50.03,6580.0,50.022,54
2023-11-08 09:40:00-05:00,50.0,50.21,49.93,50.16,33707.0,50.138,186
2023-11-08 09:45:00-05:00,50.09,50.09,49.84,49.93,10607.0,50.006,64
2023-11-08 09:50:00-05:00,49.98,50.12,49.94,49.99,6330.0,50.044,40
2023-11-08 09:55:00-05:00,49.98,50.24,49.94,50.22,20980.0,50.145,109
2023-11-08 10:00:00-05:00,50.17,50.22,50.11,50.12,2952.0,50.156,24
2023-11-08 10:05:00-05:00,50.1,50.14,49.99,49.99,10969.0,50.086,75
2023-11-08 10:10:00-05:00,50.0,50.08,49.99,50.08,4395.0,50.031,28
2023-11-08 10:15:00-05:00,50.06,50.2,50.06,50.14,7192.0,50.114,45
2023-11-08 10:20:00-05:00,50.12,50.15,50.04,50.12,7326.0,50.087,47
2023-11-08 10:25:00-05:00,50.09,50.2,50.06,50.2,4073.0,50.094,32
2023-11-08 10:30:00-05:00,50.18,50.22,50.1,50.11,9165.0,50.176,35
2023-11-08 10:35:00-05:00,50.1,50.14,50.08,50.09,3970.0,50.105,27
2023-11-08 10:40:00-05:00,50.07,50.08,49.99,50.03,7528.0,50.036,54
2023-11-08 10:45:00-05:00,50.05,50.12,49.97,49.99,31640.0,50.024,85
2023-11-08 10:50:00-05:00,49.98,49.98,49.87,49.87,28859.0,49.939,63
2023-11-08 10:55:00-05:00,49.87,49.94,49.84,49.84,5171.0,49.905,34
2023-11-08 11:00:00-05:00,49.84,49.88,49.72,49.72,25281.0,49.799,86
2023-11-08 11:05:00-05:00,49.72,49.74,49.69,49.72,6263.0,49.724,45
2023-11-08 11:10:00-05:00,49.68,49.79,49.67,49.79,7625.0,49.716,55
2023-11-08 11:15:00-05:00,49.8,49.94,49.8,49.91,5044.0,49.867,30
2023-11-08 11:20:00-05:00,49.94,50.03,49.91,49.91,3651.0,49.964,29
2023-11-08 11:25:00-05:00,49.88,50.0,49.87,49.99,1800.0,49.901,17
2023-11-08 11:30:00-05:00,49.97,49.99,49.94,49.96,4438.0,49.96,36
2023-11-08 11:35:00-05:00,49.96,50.02,49.96,49.98,7226.0,49.977,58
2023-11-08 11:40:00-05:00,49.98,50.07,49.98,50.05,3702.0,50.029,29
2023-11-08 11:45:00-05:00,50.04,50.08,49.99,50.04,4137.0,50.028,31
2023-11-08 11:50:00-05:00,50.04,50.05,50.0,50.02,5643.0,50.03,40
2023-11-08 11:55:00-05:00,50.02,50.08,50.02,50.08,5843.0,50.048,43
2023-11-08 12:00:00-05:00,50.08,50.13,50.03,50.08,3505.0,50.077,32
2023-11-08 12:05:00-05:00,50.05,50.11,50.02,50.02,3325.0,50.069,31
2023-11-08 12:10:00-05:00,50.03,50.03,49.94,49.94,3840.0,49.999,23
2023-11-08 12:15:00-05:00,49.93,50.09,49.93,50.07,6943.0,50.032,44
2023-11-08 12:20:00-05:00,50.06,50.16,50.05,50.09,9506.0,50.092,42
2023-11-08 12:25:00-05:00,50.09,50.13,50.06,50.13,3773.0,50.096,34
2023-11-08 12:30:00-05:00,50.15,50.21,50.13,50.21,6992.0,50.165,42
2023-11-08 12:35:00-05:00,50.19,50.22,50.17,50.2,6173.0,50.197,40
2023-11-08 12:40:00-05:00,50.19,50.23,50.12,50.23,5073.0,50.182,36
2023-11-08 12:45:00-05:00,50.23,50.23,50.1,50.15,4226.0,50.169,29
2023-11-08 12:50:00-05:00,50.13,50.21,50.13,50.21,2820.0,50.154,23
2023-11-08 12:55:00-05:00,50.2,50.23,50.18,50.18,3959.0,50.207,30
2023-11-08 13:00:00-05:00,50.19,50.26,50.18,50.25,4984.0,50.225,39
2023-11-08 13:05:00-05:00,50.25,50.27,50.18,50.18,3135.0,50.244,22
2023-11-08 13:10:00-05:00,50.17,50.17,50.06,50.06,1507.0,50.12,13
2023-11-08 13:15:00-05:00,50.05,50.07,50.01,50.01,3860.0,50.058,27
2023-11-08 13:20:00-05:00,50.03,50.07,50.02,50.04,3354.0,50.043,23
2023-11-08 13:25:00-05:00,50.05,50.07,50.01,50.02,3415.0,50.044,22
2023-11-08 13:30:00-05:00,50.03,50.04,49.99,50.02,8865.0,50.012,39
2023-11-08 13:35:00-05:00,50.01,50.03,49.92,49.92,2706.0,49.949,12
2023-11-08 13:40:00-05:00,49.93,49.96,49.86,49.88,2147.0,49.917,18
2023-11-08 13:45:00-05:00,49.89,49.93,49.89,49.9,3259.0,49.901,22
2023-11-08 13:50:00-05:00,49.88,49.94,49.88,49.94,3491.0,49.919,26
2023-11-08 13:55:00-05:00,49.93,49.97,49.92,49.97,6862.0,49.943,39
2023-11-08 14:00:00-05:00,49.97,50.09,49.96,50.07,4486.0,50.013,39
2023-11-08 14:05:00-05:00,50.08,50.14,50.07,50.13,5925.0,50.115,47
2023-11-08 14:10:00-05:00,50.13,50.18,50.11,50.16,6350.0,50.14,51
2023-11-08 14:15:00-05:00,50.17,50.21,50.15,50.2,5185.0,50.173,42
2023-11-08 14:20:00-05:00,50.2,50.26,50.18,50.25,10723.0,50.219,101
2023-11-08 14:25:00-05:00,50.26,50.26,50.17,50.19,7197.0,50.22,47
2023-11-08 14:30:00-05:00,50.19,50.19,50.03,50.03,4217.0,50.141,34
2023-11-08 14:35:00-05:00,50.02,50.05,50.0,50.03,2747.0,50.023,22
2023-11-08 14:40:00-05:00,50.03,50.13,50.0,50.01,33752.0,50.057,148
2023-11-08 14:45:00-05:00,50.02,50.06,49.96,50.02,8339.0,50.004,55
2023-11-08 14:50:00-05:00,50.03,50.07,50.01,50.06,4244.0,50.039,32
2023-11-08 14:55:00-05:00,50.03,50.09,50.03,50.06,6699.0,50.068,50
2023-11-08 15:00:00-05:00,50.05,50.09,50.03,50.08,10706.0,50.061,66
2023-11-08 15:05:00-05:00,50.08,50.09,49.98,49.98,10156.0,50.051,76
2023-11-08 15:10:00-05:00,49.99,50.01,49.94,50.01,18891.0,49.968,80
2023-11-08 15:15:00-05:00,50.0,50.06,50.0,50.05,9055.0,50.032,53
2023-11-08 15:20:00-05:00,50.04,50.05,49.98,50.0,10459.0,50.011,64
2023-11-08 15:25:00-05:00,50.0,50.05,49.96,49.98,15376.0,49.997,108
2023-11-08 15:30:00-05:00,49.98,50.03,49.97,50.01,18477.0,49.999,140
2023-11-08 15:35:00-05:00,50.01,50.06,50.01,50.06,12377.0,50.031,93
2023-11-08 15:40:00-05:00,50.04,50.15,50.02,50.09,18399.0,50.064,129
2023-11-08 15:45:00-05:00,50.08,50.08,50.0,50.03,27233.0,50.042,194
2023-11-08 15:50:00-05:00,50.02,50.05,49.94,49.95,39828.0,50.012,272
2023-11-08 15:55:00-05:00,49.96,50.03,49.93,49.99,110902.0,49.981,636
2023-11-09 09:30:00-05:00,50.36,50.5,50.01,50.15,14153.0,50.324,31
2023-11-09 09:35:00-05:00,50.19,50.19,50.07,50.13,2879.0,50.134,18
2023-11-09 09:40:00-05:00,50.16,50.27,50.16,50.26,6133.0,50.226,37
2023-11-09 09:45:00-05:00,50.28,50.38,50.03,50.1,13492.0,50.196,79
2023-11-09 09:50:00-05:00,50.1,50.22,50.02,50.03,7027.0,50.157,48
2023-11-09 09:55:00-05:00,50.03,50.15,50.01,50.15,19008.0,50.091,115
2023-11-09 10:00:00-05:00,50.14,50.2,50.08,50.11,14040.0,50.155,88
2023-11-09 10:05:00-05:00,50.08,50.08,49.77,49.82,9310.0,49.938,65
2023-11-09 10:10:00-05:00,49.79,49.89,49.77,49.8,5629.0,49.81,34
2023-11-09 10:15:00-05:00,49.8,49.85,49.73,49.76,3579.0,49.786,33
2023-11-09 10:20:00-05:00,49.72,49.74,49.67,49.72,8930.0,49.697,51
2023-11-09 10:25:00-05:00,49.71,49.82,49.71,49.78,8646.0,49.775,59
2023-11-09 10:30:00-05:00,49.79,49.8,49.65,49.66,10426.0,49.711,66
2023-11-09 10:35:00-05:00,49.65,49.75,49.64,49.68,12797.0,49.673,66
2023-11-09 10:40:00-05:00,49.68,49.78,49.66,49.7,7087.0,49.707,56
2023-11-09 10:45:00-05:00,49.68,49.7,49.62,49.64,5782.0,49.647,36
2023-11-09 10:50:00-05:00,49.65,49.69,49.54,49.57,11192.0,49.621,63
2023-11-09 10:55:00-05:00,49.57,49.57,49.49,49.54,8292.0,49.518,65
2023-11-09 11:00:00-05:00,49.54,49.54,49.38,49.38,11088.0,49.46,60
2023-11-09 11:05:00-05:00,49.35,49.54,49.35,49.39,5867.0,49.449,49
2023-11-09 11:10:00-05:00,49.36,49.42,49.35,49.38,6245.0,49.378,45
2023-11-09 11:15:00-05:00,49.4,49.48,49.38,49.45,6824.0,49.445,51
2023-11-09 11:20:00-05:00,49.46,49.46,49.4,49.41,6574.0,49.424,59
2023-11-09 11:25:00-05:00,49.41,49.51,49.41,49.47,5396.0,49.462,40
2023-11-09 11:30:00-05:00,49.46,49.49,49.37,49.37,16496.0,49.433,71
2023-11-09 11:35:00-05:00,49.37,49.37,49.29,49.29,4175.0,49.327,31
2023-11-09 11:40:00-05:00,49.3,49.3,49.2,49.22,8742.0,49.251,56
2023-11-09 11:45:00-05:00,49.23,49.33,49.23,49.28,8260.0,49.271,48
2023-11-09 11:50:00-05:00,49.26,49.29,49.14,49.14,7435.0,49.237,58
2023-11-09 11:55:00-05:00,49.16,49.26,49.09,49.23,8531.0,49.145,70
2023-11-09 12:00:00-05:00,49.27,49.33,49.26,49.31,8802.0,49.297,57
2023-11-09 12:05:00-05:00,49.32,49.39,49.32,49.34,4809.0,49.352,39
2023-11-09 12:10:00-05:00,49.33,49.39,49.33,49.35,5917.0,49.353,49
2023-11-09 12:15:00-05:00,49.34,49.36,49.33,49.35,8245.0,49.348,60
2023-11-09 12:20:00-05:00,49.36,49.4,49.33,49.33,12865.0,49.356,76
2023-11-09 12:25:00-05:00,49.32,49.33,49.29,49.3,7870.0,49.31,46
2023-11-09 12:30:00-05:00,49.3,49.37,49.29,49.3,9863.0,49.331,68
2023-11-09 12:35:00-05:00,49.29,49.32,49.27,49.31,8423.0,49.295,63
2023-11-09 12:40:00-05:00,49.31,49.33,49.27,49.31,6249.0,49.312,48
2023-11-09 12:45:00-05:00,49.31,49.37,49.3,49.33,9453.0,49.339,72
2023-11-09 12:50:00-05:00,49.33,49.36,49.31,49.31,9790.0,49.344,63
2023-11-09 12:55:00-05:00,49.31,49.32,49.25,49.32,9210.0,49.289,76
2023-11-09 13:00:00-05:00,49.32,49.32,49.1,49.19,8120.0,49.214,67
2023-11-09 13:05:00-05:00,49.2,49.24,49.07,49.1,5711.0,49.147,44
2023-11-09 13:10:00-05:00,49.1,49.32,49.1,49.32,17043.0,49.217,91
2023-11-09 13:15:00-05:00,49.31,49.31,49.13,49.13,5729.0,49.24,37
2023-11-09 13:20:00-05:00,49.1,49.11,48.99,49.02,6370.0,49.049,45
2023-11-09 13:25:00-05:00,49.0,49.05,48.96,48.99,14523.0,49.003,95
2023-11-09 13:30:00-05:00,48.99,48.99,48.89,48.92,12905.0,48.93,75
2023-11-09 13:35:00-05:00,48.93,48.93,48.84,48.84,12865.0,48.875,79
2023-11-09 13:40:00-05:00,48.83,48.86,48.81,48.81,16871.0,48.831,59
2023-11-09 13:45:00-05:00,48.8,48.91,48.8,48.91,10359.0,48.849,76
2023-11-09 13:50:00-05:00,48.92,48.93,48.85,48.86,8010.0,48.893,41
2023-11-09 13:55:00-05:00,48.85,48.86,48.8,48.82,19256.0,48.83,86
2023-11-09 14:00:00-05:00,48.8,48.8,48.7,48.7,27505.0,48.754,142
2023-11-09 14:05:00-05:00,48.72,48.76,48.66,48.73,15813.0,48.708,101
2023-11-09 14:10:00-05:00,48.7,48.79,48.7,48.71,18928.0,48.753,88
2023-11-09 14:15:00-05:00,48.72,48.75,48.65,48.68,26461.0,48.709,68
2023-11-09 14:20:00-05:00,48.67,48.69,48.61,48.68,24238.0,48.651,70
2023-11-09 14:25:00-05:00,48.66,48.73,48.64,48.66,11359.0,48.685,62
2023-11-09 14:30:00-05:00,48.66,48.66,48.61,48.65,19131.0,48.637,83
2023-11-09 14:35:00-05:00,48.64,48.65,48.57,48.59,11878.0,48.588,60
2023-11-09 14:40:00-05:00,48.59,48.59,48.47,48.47,21475.0,48.544,102
2023-11-09 14:45:00-05:00,48.5,48.6,48.49,48.59,18733.0,48.527,85
2023-11-09 14:50:00-05:00,48.59,48.64,48.56,48.63,8346.0,48.583,69
2023-11-09 14:55:00-05:00,48.62,48.69,48.6,48.69,16807.0,48.649,53
2023-11-09 15:00:00-05:00,48.68,48.69,48.6,48.67,11082.0,48.656,77
2023-11-09 15:05:00-05:00,48.66,48.72,48.65,48.68,8474.0,48.689,64
2023-11-09 15:10:00-05:00,48.68,48.78,48.64,48.78,18936.0,48.692,131
2023-11-09 15:15:00-05:00,48.76,48.79,48.73,48.75,12308.0,48.761,84
2023-11-09 15:20:00-05:00,48.77,48.78,48.7,48.7,10957.0,48.736,89
2023-11-09 15:25:00-05:00,48.7,48.72,48.65,48.66,24775.0,48.681,131
2023-11-09 15:30:00-05:00,48.66,48.71,48.57,48.59,53283.0,48.643,259
2023-11-09 15:35:00-05:00,48.6,48.61,48.51,48.53,15991.0,48.555,116
2023-11-09 15:40:00-05:00,48.53,48.61,48.52,48.57,29550.0,48.589,181
2023-11-09 15:45:00-05:00,48.58,48.61,48.55,48.58,24599.0,48.584,194
2023-11-09 15:50:00-05:00,48.59,48.66,48.53,48.54,58805.0,48.599,413
2023-11-09 15:55:00-05:00,48.53,48.66,48.53,48.64,215958.0,48.603,1019
2023-11-10 09:30:00-05:00,48.64,48.87,48.33,48.38,17811.0,48.576,70
2023-11-10 09:35:00-05:00,48.3,48.52,48.26,48.52,6352.0,48.39,52
2023-11-10 09:40:00-05:00,48.54,48.62,48.45,48.62,30089.0,48.511,147
2023-11-10 09:45:00-05:00,48.62,48.62,48.48,48.56,20078.0,48.568,127
2023-11-10 09:50:00-05:00,48.58,48.58,48.35,48.44,9007.0,48.489,61
2023-11-10 09:55:00-05:00,48.45,48.49,48.31,48.34,11602.0,48.419,90
2023-11-10 10:00:00-05:00,48.29,48.35,48.2,48.2,8759.0,48.283,52
2023-11-10 10:05:00-05:00,48.18,48.27,48.05,48.11,23078.0,48.181,196
2023-11-10 10:10:00-05:00,48.11,48.15,48.09,48.15,7147.0,48.124,49
2023-11-10 10:15:00-05:00,48.17,48.44,48.17,48.43,17243.0,48.382,101
2023-11-10 10:20:00-05:00,48.41,48.43,48.35,48.37,15314.0,48.402,138
2023-11-10 10:25:00-05:00,48.36,48.38,48.29,48.3,5787.0,48.352,44
2023-11-10 10:30:00-05:00,48.3,48.34,48.29,48.32,7849.0,48.324,50
2023-11-10 10:35:00-05:00,48.33,48.41,48.28,48.28,21817.0,48.33,135
2023-11-10 10:40:00-05:00,48.28,48.33,48.24,48.31,8614.0,48.292,57
2023-11-10 10:45:00-05:00,48.29,48.46,48.29,48.41,16342.0,48.388,104
2023-11-10 10:50:00-05:00,48.39,48.41,48.29,48.34,42651.0,48.351,93
2023-11-10 10:55:00-05:00,48.35,48.37,48.3,48.32,5825.0,48.327,43
2023-11-10 11:00:00-05:00,48.31,48.45,48.3,48.41,5860.0,48.389,52
2023-11-10 11:05:00-05:00,48.41,48.49,48.4,48.44,3897.0,48.441,34
2023-11-10 11:10:00-05:00,48.44,48.51,48.42,48.47,6901.0,48.476,58
2023-11-10 11:15:00-05:00,48.48,48.57,48.48,48.55,3451.0,48.537,28
2023-11-10 11:20:00-05:00,48.54,48.6,48.53,48.57,7202.0,48.557,56
2023-11-10 11:25:00-05:00,48.57,48.61,48.54,48.56,4544.0,48.572,39
2023-11-10 11:30:00-05:00,48.55,48.55,48.49,48.5,4319.0,48.513,35
2023-11-10 11:35:00-05:00,48.51,48.52,48.47,48.49,10353.0,48.506,66
2023-11-10 11:40:00-05:00,48.49,48.54,48.46,48.54,5452.0,48.492,37
2023-11-10 11:45:00-05:00,48.54,48.55,48.48,48.48,8482.0,48.517,64
2023-11-10 11:50:00-05:00,48.49,48.53,48.49,48.49,6084.0,48.503,40
2023-11-10 11:55:00-05:00,48.48,48.53,48.47,48.48,6572.0,48.498,51
2023-11-10 12:00:00-05:00,48.48,48.58,48.48,48.54,8014.0,48.536,70
2023-11-10 12:05:00-05:00,48.53,48.55,48.5,48.55,6239.0,48.529,47
2023-11-10 12:10:00-05:00,48.56,48.58,48.48,48.49,8439.0,48.537,67
2023-11-10 12:15:00-05:00,48.48,48.54,48.48,48.51,5022.0,48.513,35
2023-11-10 12:20:00-05:00,48.53,48.57,48.53,48.57,6340.0,48.542,53
2023-11-10 12:25:00-05:00,48.56,48.6,48.51,48.51,3435.0,48.572,30
2023-11-10 12:30:00-05:00,48.51,48.63,48.51,48.61,6716.0,48.548,58
2023-11-10 12:35:00-05:00,48.63,48.68,48.61,48.68,7979.0,48.648,53
2023-11-10 12:40:00-05:00,48.67,48.67,48.6,48.6,6393.0,48.65,51
2023-11-10 12:45:00-05:00,48.61,48.64,48.59,48.63,3514.0,48.624,33
2023-11-10 12:50:00-05:00,48.62,48.67,48.57,48.67,6788.0,48.624,55
2023-11-10 12:55:00-05:00,48.68,48.74,48.66,48.73,3993.0,48.694,34
2023-11-10 13:00:00-05:00,48.72,48.74,48.68,48.71,6755.0,48.716,49
2023-11-10 13:05:00-05:00,48.72,48.72,48.65,48.65,5016.0,48.664,32
2023-11-10 13:10:00-05:00,48.66,48.73,48.65,48.7,5161.0,48.687,45
2023-11-10 13:15:00-05:00,48.69,48.7,48.63,48.64,6148.0,48.674,35
2023-11-10 13:20:00-05:00,48.65,48.69,48.65,48.68,4602.0,48.667,36
2023-11-10 13:25:00-05:00,48.69,48.78,48.69,48.7,5803.0,48.722,37
2023-11-10 13:30:00-05:00,48.71,48.78,48.71,48.77,9396.0,48.752,61
2023-11-10 13:35:00-05:00,48.78,48.9,48.76,48.83,13533.0,48.829,95
2023-11-10 13:40:00-05:00,48.83,48.91,48.83,48.86,6919.0,48.868,55
2023-11-10 13:45:00-05:00,48.88,48.92,48.86,48.86,6550.0,48.899,47
2023-11-10 13:50:00-05:00,48.84,48.85,48.81,48.81,4700.0,48.838,40
2023-11-10 13:55:00-05:00,48.81,48.92,48.8,48.85,10847.0,48.85,73
2023-11-10 14:00:00-05:00,48.84,48.88,48.74,48.75,4520.0,48.838,40
2023-11-10 14:05:00-05:00,48.75,48.82,48.75,48.79,4283.0,48.784,39
2023-11-10 14:10:00-05:00,48.81,48.89,48.81,48.86,3826.0,48.843,31
2023-11-10 14:15:00-05:00,48.86,48.88,48.75,48.77,5524.0,48.818,42
2023-11-10 14:20:00-05:00,48.77,48.83,48.76,48.8,6247.0,48.798,45
2023-11-10 14:25:00-05:00,48.79,48.79,48.73,48.74,4211.0,48.759,32
2023-11-10 14:30:00-05:00,48.74,48.75,48.69,48.71,7029.0,48.716,53
2023-11-10 14:35:00-05:00,48.72,48.74,48.69,48.72,9760.0,48.719,57
2023-11-10 14:40:00-05:00,48.71,48.74,48.69,48.73,6152.0,48.716,49
2023-11-10 14:45:00-05:00,48.73,48.75,48.7,48.73,6730.0,48.725,55
2023-11-10 14:50:00-05:00,48.74,48.75,48.67,48.7,7442.0,48.71,57
2023-11-10 14:55:00-05:00,48.68,48.69,48.64,48.65,5593.0,48.663,45
2023-11-10 15:00:00-05:00,48.66,48.68,48.64,48.64,6748.0,48.663,53
2023-11-10 15:05:00-05:00,48.64,48.66,48.62,48.64,8450.0,48.643,72
2023-11-10 15:10:00-05:00,48.64,48.69,48.64,48.68,8677.0,48.667,72
2023-11-10 15:15:00-05:00,48.67,48.7,48.63,48.7,10092.0,48.658,81
2023-11-10 15:20:00-05:00,48.7,48.7,48.66,48.67,7743.0,48.679,71
2023-11-10 15:25:00-05:00,48.68,48.77,48.67,48.75,11239.0,48.715,74
2023-11-10 15:30:00-05:00,48.75,48.84,48.74,48.83,11063.0,48.781,78
2023-11-10 15:35:00-05:00,48.82,48.84,48.74,48.76,13791.0,48.805,103
2023-11-10 15:40:00-05:00,48.74,48.78,48.72,48.75,12308.0,48.757,91
2023-11-10 15:45:00-05:00,48.75,48.87,48.74,48.76,30658.0,48.782,211
2023-11-10 15:50:00-05:00,48.75,48.84,48.74,48.83,29107.0,48.79,221
2023-11-10 15:55:00-05:00,48.82,48.88,48.78,48.81,91959.0,48.838,541
2023-11-13 09:30:00-05:00,48.69,48.87,48.6,48.7,13530.0,48.698,16
2023-11-13 09:35:00-05:00,48.64,48.79,48.63,48.77,2509.0,48.705,21
2023-11-13 09:40:00-05:00,48.79,48.83,48.7,48.8,4101.0,48.754,21
2023-11-13 09:45:00-05:00,48.79,48.88,48.75,48.83,5597.0,48.828,30
2023-11-13 09:50:00-05:00,48.87,49.04,48.84,48.88,7347.0,48.972,28
2023-11-13 09:55:00-05:00,48.86,48.93,48.81,48.82,2906.0,48.86,26
2023-11-13 10:00:00-05:00,48.79,48.84,48.67,48.78,7903.0,48.726,37
2023-11-13 10:05:00-05:00,48.75,48.86,48.71,48.76,9071.0,48.769,46
2023-11-13 10:10:00-05:00,48.74,48.76,48.64,48.69,3502.0,48.696,24
2023-11-13 10:15:00-05:00,48.69,48.7,48.62,48.62,3494.0,48.665,31
2023-11-13 10:20:00-05:00,48.67,48.74,48.62,48.71,5557.0,48.678,32
2023-11-13 10:25:00-05:00,48.7,48.74,48.67,48.73,13519.0,48.7,46
2023-11-13 10:30:00-05:00,48.71,48.79,48.69,48.74,4172.0,48.742,37
2023-11-13 10:35:00-05:00,48.77,48.77,48.71,48.72,7273.0,48.735,44
2023-11-13 10:40:00-05:00,48.74,48.83,48.7,48.81,2742.0,48.778,25
2023-11-13 10:45:00-05:00,48.83,48.9,48.77,48.87,2316.0,48.839,21
2023-11-13 10:50:00-05:00,48.85,48.97,48.85,48.92,4058.0,48.906,21
2023-11-13 10:55:00-05:00,48.91,48.98,48.88,48.9,7753.0,48.921,46
2023-11-13 11:00:00-05:00,48.95,49.02,48.94,48.99,5161.0,48.978,31
2023-11-13 11:05:00-05:00,48.98,49.04,48.94,48.97,7641.0,48.99,52
2023-11-13 11:10:00-05:00,48.95,49.02,48.91,49.02,9042.0,48.953,49
2023-11-13 11:15:00-05:00,49.02,49.04,48.96,48.98,3142.0,48.993,30
2023-11-13 11:20:00-05:00,48.99,49.04,48.95,49.04,2442.0,48.996,24
2023-11-13 11:25:00-05:00,49.06,49.15,49.06,49.08,4983.0,49.093,42
2023-11-13 11:30:00-05:00,49.06,49.15,49.06,49.06,5981.0,49.103,34
2023-11-13 11:35:00-05:00,49.07,49.07,48.97,48.97,2845.0,49.009,18
2023-11-13 11:40:00-05:00,48.98,49.07,48.96,49.05,3286.0,48.994,21
2023-11-13 11:45:00-05:00,49.05,49.17,49.04,49.07,11451.0,49.117,82
2023-11-13 11:50:00-05:00,49.08,49.1,49.07,49.09,1950.0,49.087,13
2023-11-13 11:55:00-05:00,49.09,49.14,49.07,49.12,3990.0,49.105,23
2023-11-13 12:00:00-05:00,49.12,49.16,49.09,49.16,2992.0,49.139,23
2023-11-13 12:05:00-05:00,49.16,49.16,49.12,49.13,2106.0,49.138,20
2023-11-13 12:10:00-05:00,49.14,49.14,49.05,49.07,2562.0,49.093,24
2023-11-13 12:15:00-05:00,49.05,49.09,49.03,49.05,1089.0,49.055,10
2023-11-13 12:20:00-05:00,49.05,49.08,49.04,49.06,3340.0,49.059,29
2023-11-13 12:25:00-05:00,49.06,49.11,49.06,49.08,6094.0,49.08,29
2023-11-13 12:30:00-05:00,49.08,49.08,49.02,49.03,1955.0,49.05,16
2023-11-13 12:35:00-05:00,49.02,49.04,48.93,48.93,2717.0,48.995,21
2023-11-13 12:40:00-05:00,48.93,48.93,48.86,48.88,4317.0,48.889,25
2023-11-13 12:45:00-05:00,48.87,48.94,48.86,48.93,14817.0,48.9,60
2023-11-13 12:50:00-05:00,48.93,48.94,48.82,48.85,19072.0,48.9,102
2023-11-13 12:55:00-05:00,48.83,48.83,48.77,48.8,7797.0,48.8,64
2023-11-13 13:00:00-05:00,48.78,48.79,48.71,48.71,12819.0,48.761,41
2023-11-13 13:05:00-05:00,48.7,48.7,48.66,48.66,3543.0,48.671,24
2023-11-13 13:10:00-05:00,48.65,48.7,48.62,48.66,4392.0,48.661,36
2023-11-13 13:15:00-05:00,48.66,48.67,48.61,48.66,4417.0,48.632,31
2023-11-13 13:20:00-05:00,48.66,48.66,48.5,48.57,4563.0,48.602,37
2023-11-13 13:25:00-05:00,48.53,48.58,48.52,48.57,5272.0,48.553,30
2023-11-13 13:30:00-05:00,48.57,48.57,48.48,48.48,4261.0,48.524,39
2023-11-13 13:35:00-05:00,48.48,48.53,48.48,48.5,4604.0,48.505,34
2023-11-13 13:40:00-05:00,48.52,48.56,48.5,48.53,7852.0,48.513,57
2023-11-13 13:45:00-05:00,48.54,48.55,48.5,48.55,4334.0,48.527,33
2023-11-13 13:50:00-05:00,48.54,48.56,48.52,48.54,4614.0,48.538,38
2023-11-13 13:55:00-05:00,48.54,48.59,48.53,48.54,4226.0,48.558,32
2023-11-13 14:00:00-05:00,48.53,48.56,48.46,48.46,4961.0,48.521,42
2023-11-13 14:05:00-05:00,48.46,48.47,48.41,48.44,8871.0,48.432,50
2023-11-13 14:10:00-05:00,48.45,48.46,48.4,48.41,6963.0,48.43,56
2023-11-13 14:15:00-05:00,48.41,48.46,48.37,48.38,16146.0,48.41,46
2023-11-13 14:20:00-05:00,48.38,48.4,48.35,48.4,18501.0,48.389,39
2023-11-13 14:25:00-05:00,48.41,48.44,48.39,48.43,8832.0,48.417,62
2023-11-13 14:30:00-05:00,48.43,48.48,48.43,48.45,7426.0,48.458,53
2023-11-13 14:35:00-05:00,48.44,48.5,48.43,48.49,6598.0,48.456,44
2023-11-13 14:40:00-05:00,48.49,48.52,48.46,48.46,6446.0,48.496,54
2023-11-13 14:45:00-05:00,48.46,48.54,48.46,48.52,9657.0,48.507,63
2023-11-13 14:50:00-05:00,48.51,48.51,48.4,48.42,7598.0,48.458,51
2023-11-13 14:55:00-05:00,48.43,48.43,48.39,48.41,10432.0,48.4,62
2023-11-13 15:00:00-05:00,48.41,48.45,48.4,48.44,6449.0,48.422,45
2023-11-13 15:05:00-05:00,48.44,48.45,48.42,48.45,8596.0,48.436,56
2023-11-13 15:10:00-05:00,48.47,48.53,48.45,48.53,8744.0,48.482,66
2023-11-13 15:15:00-05:00,48.51,48.52,48.49,48.49,7006.0,48.501,55
2023-11-13 15:20:00-05:00,48.5,48.51,48.44,48.48,9717.0,48.467,66
2023-11-13 15:25:00-05:00,48.48,48.49,48.43,48.44,12769.0,48.465,88
2023-11-13 15:30:00-05:00,48.43,48.44,48.41,48.41,9008.0,48.425,54
2023-11-13 15:35:00-05:00,48.41,48.46,48.4,48.42,12537.0,48.427,73
2023-11-13 15:40:00-05:00,48.42,48.44,48.4,48.41,13569.0,48.416,85
2023-11-13 15:45:00-05:00,48.41,48.5,48.4,48.49,27803.0,48.454,197
2023-11-13 15:50:00-05:00,48.52,48.58,48.46,48.58,49069.0,48.502,332
2023-11-13 15:55:00-05:00,48.58,48.62,48.49,48.6,178538.0,48.563,821
2023-11-14 09:30:00-05:00,49.56,49.95,48.96,49.78,17202.0,49.6,50
2023-11-14 09:35:00-05:00,49.76,49.86,49.64,49.81,14669.0,49.735,57
2023-11-14 09:40:00-05:00,49.85,50.0,49.79,49.93,14571.0,49.912,73
2023-11-14 09:45:00-05:00,49.95,50.19,49.94,50.11,31645.0,50.031,225
2023-11-14 09:50:00-05:00,50.1,50.11,49.91,49.95,11572.0,50.055,44
2023-11-14 09:55:00-05:00,49.94,50.1,49.94,50.1,5302.0,50.034,32
2023-11-14 10:00:00-05:00,50.11,50.22,50.09,50.2,8510.0,50.155,77
2023-11-14 10:05:00-05:00,50.18,50.29,50.15,50.27,8754.0,50.195,81
2023-11-14 10:10:00-05:00,50.26,50.29,50.16,50.19,8981.0,50.243,54
2023-11-14 10:15:00-05:00,50.19,50.3,50.13,50.29,7128.0,50.224,60
2023-11-14 10:20:00-05:00,50.3,50.42,50.29,50.42,10109.0,50.361,92
2023-11-14 10:25:00-05:00,50.43,50.5,50.41,50.49,9389.0,50.446,83
2023-11-14 10:30:00-05:00,50.5,50.5,50.41,50.42,10410.0,50.468,89
2023-11-14 10:35:00-05:00,50.41,50.43,50.37,50.39,3609.0,50.397,33
2023-11-14 10:40:00-05:00,50.37,50.43,50.36,50.39,6885.0,50.394,44
2023-11-14 10:45:00-05:00,50.38,50.46,50.37,50.44,8849.0,50.409,80
2023-11-14 10:50:00-05:00,50.44,50.52,50.43,50.52,7136.0,50.483,66
2023-11-14 10:55:00-05:00,50.5,50.53,50.38,50.4,11369.0,50.468,89
2023-11-14 11:00:00-05:00,50.41,50.48,50.41,50.45,6744.0,50.446,46
2023-11-14 11:05:00-05:00,50.45,50.55,50.45,50.54,3758.0,50.508,32
2023-11-14 11:10:00-05:00,50.55,50.84,50.54,50.82,6600.0,50.734,52
2023-11-14 11:15:00-05:00,50.83,50.85,50.77,50.83,7289.0,50.805,56
2023-11-14 11:20:00-05:00,50.81,50.88,50.77,50.88,6578.0,50.796,58
2023-11-14 11:25:00-05:00,50.86,50.86,50.82,50.85,4874.0,50.842,45
2023-11-14 11:30:00-05:00,50.83,50.87,50.79,50.84,8949.0,50.831,73
2023-11-14 11:35:00-05:00,50.85,50.86,50.79,50.8,6998.0,50.83,42
2023-11-14 11:40:00-05:00,50.78,50.84,50.76,50.82,4312.0,50.815,33
2023-11-14 11:45:00-05:00,50.83,50.85,50.71,50.74,6408.0,50.804,52
2023-11-14 11:50:00-05:00,50.77,50.78,50.64,50.66,3290.0,50.731,27
2023-11-14 11:55:00-05:00,50.65,50.66,50.59,50.63,1992.0,50.625,16
2023-11-14 12:00:00-05:00,50.64,50.69,50.61,50.68,5262.0,50.649,37
2023-11-14 12:05:00-05:00,50.66,50.66,50.51,50.53,10610.0,50.601,84
2023-11-14 12:10:00-05:00,50.55,50.59,50.5,50.57,14558.0,50.539,85
2023-11-14 12:15:00-05:00,50.58,50.58,50.49,50.5,11782.0,50.521,55
2023-11-14 12:20:00-05:00,50.48,50.48,50.41,50.42,1359.0,50.448,12
2023-11-14 12:25:00-05:00,50.45,50.46,50.41,50.45,4394.0,50.44,32
2023-11-14 12:30:00-05:00,50.44,50.52,50.44,50.51,4178.0,50.494,24
2023-11-14 12:35:00-05:00,50.5,50.52,50.46,50.49,7001.0,50.49,25
2023-11-14 12:40:00-05:00,50.5,50.5,50.42,50.46,3228.0,50.448,31
2023-11-14 12:45:00-05:00,50.45,50.5,50.44,50.5,1400.0,50.466,10
2023-11-14 12:50:00-05:00,50.49,50.52,50.46,50.52,2906.0,50.491,26
2023-11-14 12:55:00-05:00,50.54,50.6,50.53,50.55,2702.0,50.565,26
2023-11-14 13:00:00-05:00,50.54,50.6,50.53,50.6,4563.0,50.557,42
2023-11-14 13:05:00-05:00,50.6,50.66,50.59,50.61,4712.0,50.635,33
2023-11-14 13:10:00-05:00,50.6,50.61,50.53,50.53,8489.0,50.584,63
2023-11-14 13:15:00-05:00,50.49,50.57,50.43,50.56,4668.0,50.528,41
2023-11-14 13:20:00-05:00,50.54,50.62,50.53,50.62,5265.0,50.554,25
2023-11-14 13:25:00-05:00,50.62,50.67,50.61,50.67,2768.0,50.631,18
2023-11-14 13:30:00-05:00,50.67,50.75,50.66,50.71,7205.0,50.714,27
2023-11-14 13:35:00-05:00,50.72,50.77,50.71,50.74,2645.0,50.734,22
2023-11-14 13:40:00-05:00,50.76,50.76,50.71,50.71,1629.0,50.739,14
2023-11-14 13:45:00-05:00,50.7,50.76,50.69,50.76,3535.0,50.729,25
2023-11-14 13:50:00-05:00,50.77,50.87,50.76,50.81,10375.0,50.806,56
2023-11-14 13:55:00-05:00,50.8,50.88,50.78,50.86,15910.0,50.845,140
2023-11-14 14:00:00-05:00,50.87,50.93,50.86,50.93,7307.0,50.901,58
2023-11-14 14:05:00-05:00,50.92,50.93,50.81,50.9,6786.0,50.883,58
2023-11-14 14:10:00-05:00,50.88,50.88,50.75,50.82,7852.0,50.812,62
2023-11-14 14:15:00-05:00,50.8,50.84,50.77,50.77,3052.0,50.819,23
2023-11-14 14:20:00-05:00,50.77,50.78,50.71,50.72,3762.0,50.748,34
2023-11-14 14:25:00-05:00,50.73,50.74,50.69,50.69,9276.0,50.711,60
2023-11-14 14:30:00-05:00,50.7,50.72,50.69,50.71,7795.0,50.705,71
2023-11-14 14:35:00-05:00,50.71,50.71,50.63,50.64,6584.0,50.652,59
2023-11-14 14:40:00-05:00,50.66,50.72,50.64,50.66,14641.0,50.677,74
2023-11-14 14:45:00-05:00,50.66,50.68,50.59,50.62,17637.0,50.633,121
2023-11-14 14:50:00-05:00,50.64,50.68,50.59,50.65,20571.0,50.636,106
2023-11-14 14:55:00-05:00,50.63,50.74,50.63,50.74,7702.0,50.662,52
2023-11-14 15:00:00-05:00,50.72,50.78,50.72,50.75,9956.0,50.74,72
2023-11-14 15:05:00-05:00,50.77,50.86,50.77,50.84,6691.0,50.798,53
2023-11-14 15:10:00-05:00,50.87,50.87,50.84,50.86,2947.0,50.857,28
2023-11-14 15:15:00-05:00,50.88,50.94,50.86,50.92,6585.0,50.911,56
2023-11-14 15:20:00-05:00,50.91,50.99,50.91,50.95,12026.0,50.952,103
2023-11-14 15:25:00-05:00,50.94,51.0,50.92,50.98,8433.0,50.974,67
2023-11-14 15:30:00-05:00,50.97,50.97,50.93,50.93,8291.0,50.958,66
2023-11-14 15:35:00-05:00,50.95,50.95,50.87,50.9,5287.0,50.906,47
2023-11-14 15:40:00-05:00,50.89,50.95,50.87,50.89,10324.0,50.908,79
2023-11-14 15:45:00-05:00,50.88,50.88,50.78,50.79,25951.0,50.819,195
2023-11-14 15:50:00-05:00,50.78,50.97,50.75,50.97,82962.0,50.866,611
2023-11-14 15:55:00-05:00,50.96,50.96,50.85,50.94,97189.0,50.902,610
2023-11-15 09:30:00-05:00,51.15,51.34,51.15,51.26,15619.0,51.175,18
2023-11-15 09:35:00-05:00,51.33,51.6,51.3,51.54,2644.0,51.436,19
2023-11-15 09:40:00-05:00,51.57,51.57,51.34,51.38,4311.0,51.443,25
2023-11-15 09:45:00-05:00,51.35,51.59,51.35,51.56,7467.0,51.466,58
2023-11-15 09:50:00-05:00,51.56,51.74,51.56,51.65,12871.0,51.674,83
2023-11-15 09:55:00-05:00,51.66,51.79,51.65,51.68,4500.0,51.709,37
2023-11-15 10:00:00-05:00,51.74,51.75,51.54,51.75,7938.0,51.681,61
2023-11-15 10:05:00-05:00,51.77,51.82,51.73,51.77,5560.0,51.777,47
2023-11-15 10:10:00-05:00,51.77,51.8,51.62,51.64,11049.0,51.687,87
2023-11-15 10:15:00-05:00,51.64,51.83,51.63,51.68,16895.0,51.745,138
2023-11-15 10:20:00-05:00,51.66,51.8,51.66,51.73,4553.0,51.725,40
2023-11-15 10:25:00-05:00,51.68,51.8,51.66,51.8,8636.0,51.722,62
2023-11-15 10:30:00-05:00,51.79,51.9,51.78,51.85,15640.0,51.847,92
2023-11-15 10:35:00-05:00,51.86,52.03,51.86,52.03,15749.0,51.935,101
2023-11-15 10:40:00-05:00,52.02,52.05,52.0,52.0,7823.0,52.023,67
2023-11-15 10:45:00-05:00,52.03,52.06,51.92,51.95,17265.0,51.997,102
2023-11-15 10:50:00-05:00,51.96,52.1,51.95,52.08,24524.0,52.01,134
2023-11-15 10:55:00-05:00,52.06,52.08,51.95,51.99,13092.0,51.995,73
2023-11-15 11:00:00-05:00,52.0,52.07,51.98,52.0,8990.0,52.017,69
2023-11-15 11:05:00-05:00,51.99,51.99,51.82,51.86,15207.0,51.894,123
2023-11-15 11:10:00-05:00,51.87,51.97,51.86,51.93,19620.0,51.918,163
2023-11-15 11:15:00-05:00,51.97,52.08,51.9,51.99,18375.0,51.974,133
2023-11-15 11:20:00-05:00,51.99,52.03,51.96,52.01,4235.0,51.994,35
2023-11-15 11:25:00-05:00,52.0,52.01,51.9,51.99,7608.0,51.97,55
2023-11-15 11:30:00-05:00,51.98,51.99,51.91,51.93,8050.0,51.946,67
2023-11-15 11:35:00-05:00,51.92,51.95,51.85,51.92,10759.0,51.905,78
2023-11-15 11:40:00-05:00,51.91,51.92,51.75,51.78,42370.0,51.859,144
2023-11-15 11:45:00-05:00,51.79,52.0,51.77,51.99,9129.0,51.864,82
2023-11-15 11:50:00-05:00,52.0,52.02,51.91,52.0,11523.0,51.975,91
2023-11-15 11:55:00-05:00,52.0,52.01,51.95,51.99,10237.0,51.98,76
2023-11-15 12:00:00-05:00,52.0,52.05,51.95,52.01,10224.0,51.999,85
2023-11-15 12:05:00-05:00,52.01,52.05,51.95,51.97,9523.0,52.01,78
2023-11-15 12:10:00-05:00,51.97,52.04,51.97,52.01,14453.0,52.005,118
2023-11-15 12:15:00-05:00,52.01,52.04,51.98,51.98,13290.0,52.008,69
2023-11-15 12:20:00-05:00,51.97,52.03,51.97,52.0,15189.0,51.999,88
2023-11-15 12:25:00-05:00,52.02,52.07,52.01,52.04,7324.0,52.036,42
2023-11-15 12:30:00-05:00,52.04,52.07,51.98,52.07,6324.0,52.025,44
2023-11-15 12:35:00-05:00,52.07,52.08,52.05,52.07,3296.0,52.069,29
2023-11-15 12:40:00-05:00,52.08,52.11,52.04,52.05,3189.0,52.077,29
2023-11-15 12:45:00-05:00,52.06,52.07,52.01,52.02,2897.0,52.043,20
2023-11-15 12:50:00-05:00,52.02,52.02,51.99,52.01,2934.0,52.004,27
2023-11-15 12:55:00-05:00,52.0,52.01,51.88,51.89,9044.0,51.945,82
2023-11-15 13:00:00-05:00,51.89,52.01,51.88,52.0,12473.0,51.934,77
2023-11-15 13:05:00-05:00,52.0,52.01,51.86,51.89,11249.0,51.965,62
2023-11-15 13:10:00-05:00,51.89,51.89,51.79,51.8,3422.0,51.851,30
2023-11-15 13:15:00-05:00,51.75,51.79,51.74,51.77,3941.0,51.763,30
2023-11-15 13:20:00-05:00,51.77,51.85,51.77,51.85,7657.0,51.801,66
2023-11-15 13:25:00-05:00,51.86,51.92,51.81,51.83,5608.0,51.86,44
2023-11-15 13:30:00-05:00,51.83,51.93,51.83,51.9,6002.0,51.881,52
2023-11-15 13:35:00-05:00,51.9,51.95,51.88,51.95,5141.0,51.916,45
2023-11-15 13:40:00-05:00,51.94,51.99,51.94,51.96,8077.0,51.963,60
2023-11-15 13:45:00-05:00,51.97,52.0,51.96,51.96,7694.0,51.981,60
2023-11-15 13:50:00-05:00,51.97,52.06,51.96,52.01,13230.0,51.999,92
2023-11-15 13:55:00-05:00,52.02,52.04,51.94,52.01,6129.0,51.994,45
2023-11-15 14:00:00-05:00,52.02,52.06,52.01,52.04,4902.0,52.043,40
2023-11-15 14:05:00-05:00,52.04,52.06,52.0,52.02,19992.0,52.022,49
2023-11-15 14:10:00-05:00,52.02,52.03,51.99,51.99,4113.0,52.009,33
2023-11-15 14:15:00-05:00,51.96,52.0,51.93,51.95,6674.0,51.965,56
2023-11-15 14:20:00-05:00,51.96,52.0,51.95,52.0,7932.0,51.968,55
2023-11-15 14:25:00-05:00,52.01,52.04,52.0,52.03,4064.0,52.024,35
2023-11-15 14:30:00-05:00,52.03,52.06,52.0,52.06,8171.0,52.027,71
2023-11-15 14:35:00-05:00,52.05,52.06,52.0,52.04,6594.0,52.034,46
2023-11-15 14:40:00-05:00,52.05,52.06,51.99,52.04,5434.0,52.03,41
2023-11-15 14:45:00-05:00,52.04,52.04,51.96,51.96,4673.0,52.0,37
2023-11-15 14:50:00-05:00,51.97,51.98,51.93,51.96,9265.0,51.963,72
2023-11-15 14:55:00-05:00,51.97,52.01,51.96,52.0,5623.0,51.98,46
2023-11-15 15:00:00-05:00,51.98,52.05,51.98,52.01,7035.0,52.005,49
2023-11-15 15:05:00-05:00,52.0,52.02,51.96,51.97,24827.0,51.992,164
2023-11-15 15:10:00-05:00,51.99,52.03,51.91,51.93,17726.0,51.975,119
2023-11-15 15:15:00-05:00,51.91,51.96,51.85,51.87,16906.0,51.906,112
2023-11-15 15:20:00-05:00,51.87,51.88,51.81,51.84,11730.0,51.843,78
2023-11-15 15:25:00-05:00,51.85,51.91,51.82,51.91,7561.0,51.873,55
2023-11-15 15:30:00-05:00,51.92,52.01,51.92,51.99,22278.0,51.956,134
2023-11-15 15:35:00-05:00,52.0,52.01,51.97,52.0,12100.0,51.99,91
2023-11-15 15:40:00-05:00,52.0,52.01,51.88,51.9,21062.0,51.934,161
2023-11-15 15:45:00-05:00,51.9,51.98,51.86,51.91,31920.0,51.916,204
2023-11-15 15:50:00-05:00,51.91,51.95,51.88,51.9,49215.0,51.913,350
2023-11-15 15:55:00-05:00,51.89,52.01,51.89,52.0,126034.0,51.972,633
2023-11-16 09:30:00-05:00,51.71,52.18,51.71,52.18,19285.0,51.746,23
2023-11-16 09:35:00-05:00,52.18,52.18,51.99,52.11,6220.0,52.049,34
2023-11-16 09:40:00-05:00,52.01,52.01,51.91,51.99,8445.0,51.966,65
2023-11-16 09:45:00-05:00,52.01,52.13,52.0,52.13,7212.0,52.077,54
2023-11-16 09:50:00-05:00,52.12,52.13,51.9,51.96,9510.0,51.996,82
2023-11-16 09:55:00-05:00,51.99,52.03,51.93,52.0,6029.0,51.984,57
2023-11-16 10:00:00-05:00,51.98,52.21,51.93,52.21,17485.0,52.032,127
2023-11-16 10:05:00-05:00,52.19,52.32,52.05,52.16,68416.0,52.198,194
2023-11-16 10:10:00-05:00,52.15,52.22,52.1,52.11,12276.0,52.151,96
2023-11-16 10:15:00-05:00,52.09,52.09,51.94,51.98,11827.0,52.0,89
2023-11-16 10:20:00-05:00,51.99,51.99,51.87,51.96,15243.0,51.921,118
2023-11-16 10:25:00-05:00,51.96,52.16,51.95,52.15,9327.0,52.054,72
2023-11-16 10:30:00-05:00,52.09,52.16,51.93,51.93,8304.0,52.05,62
2023-11-16 10:35:00-05:00,51.91,51.95,51.87,51.88,7011.0,51.906,51
2023-11-16 10:40:00-05:00,51.92,51.98,51.77,51.8,37079.0,51.864,240
2023-11-16 10:45:00-05:00,51.79,51.84,51.71,51.73,18985.0,51.776,141
2023-11-16 10:50:00-05:00,51.76,51.82,51.72,51.77,11044.0,51.773,73
2023-11-16 10:55:00-05:00,51.8,52.03,51.79,51.91,22068.0,51.93,133
2023-11-16 11:00:00-05:00,51.92,52.0,51.91,51.94,9564.0,51.958,68
2023-11-16 11:05:00-05:00,51.98,52.02,51.95,52.0,8871.0,51.981,78
2023-11-16 11:10:00-05:00,51.98,52.03,51.88,52.0,5161.0,51.966,43
2023-11-16 11:15:00-05:00,51.96,51.97,51.88,51.94,8552.0,51.923,67
2023-11-16 11:20:00-05:00,51.91,51.91,51.78,51.8,3889.0,51.85,32
2023-11-16 11:25:00-05:00,51.81,51.93,51.81,51.84,6444.0,51.874,55
2023-11-16 11:30:00-05:00,51.81,51.9,51.76,51.86,8870.0,51.816,68
2023-11-16 11:35:00-05:00,51.87,51.87,51.77,51.77,4929.0,51.828,41
2023-11-16 11:40:00-05:00,51.78,51.78,51.62,51.68,7055.0,51.713,60
2023-11-16 11:45:00-05:00,51.69,51.78,51.68,51.76,5121.0,51.722,40
2023-11-16 11:50:00-05:00,51.76,51.76,51.67,51.69,4192.0,51.714,34
2023-11-16 11:55:00-05:00,51.67,51.72,51.66,51.72,4088.0,51.694,34
2023-11-16 12:00:00-05:00,51.72,51.72,51.63,51.7,5791.0,51.686,50
2023-11-16 12:05:00-05:00,51.69,51.7,51.63,51.66,2797.0,51.672,26
2023-11-16 12:10:00-05:00,51.64,51.68,51.61,51.68,3526.0,51.648,28
2023-11-16 12:15:00-05:00,51.66,51.8,51.66,51.74,8734.0,51.724,63
2023-11-16 12:20:00-05:00,51.73,51.77,51.72,51.77,11051.0,51.749,87
2023-11-16 12:25:00-05:00,51.79,51.79,51.72,51.73,10911.0,51.749,86
2023-11-16 12:30:00-05:00,51.73,51.88,51.72,51.77,32039.0,51.802,211
2023-11-16 12:35:00-05:00,51.77,51.8,51.71,51.79,8929.0,51.767,65
2023-11-16 12:40:00-05:00,51.82,51.96,51.82,51.91,8151.0,51.915,67
2023-11-16 12:45:00-05:00,51.91,51.94,51.88,51.91,6394.0,51.918,55
2023-11-16 12:50:00-05:00,51.89,51.91,51.85,51.89,7363.0,51.881,59
2023-11-16 12:55:00-05:00,51.9,51.92,51.88,51.92,7612.0,51.892,60
2023-11-16 13:00:00-05:00,51.92,51.96,51.9,51.9,13767.0,51.922,88
2023-11-16 13:05:00-05:00,51.88,51.92,51.85,51.85,8947.0,51.886,40
2023-11-16 13:10:00-05:00,51.87,51.87,51.8,51.82,4236.0,51.832,37
2023-11-16 13:15:00-05:00,51.83,51.84,51.77,51.81,7291.0,51.81,56
2023-11-16 13:20:00-05:00,51.78,51.88,51.78,51.88,8503.0,51.826,60
2023-11-16 13:25:00-05:00,51.88,51.95,51.81,51.81,7152.0,51.894,56
2023-11-16 13:30:00-05:00,51.83,51.87,51.8,51.8,11440.0,51.823,76
2023-11-16 13:35:00-05:00,51.8,51.87,51.8,51.82,13281.0,51.833,103
2023-11-16 13:40:00-05:00,51.82,51.86,51.79,51.82,8700.0,51.831,50
2023-11-16 13:45:00-05:00,51.81,51.82,51.75,51.78,9427.0,51.794,71
2023-11-16 13:50:00-05:00,51.77,51.8,51.76,51.77,6141.0,51.782,43
2023-11-16 13:55:00-05:00,51.77,51.84,51.76,51.84,7140.0,51.796,50
2023-11-16 14:00:00-05:00,51.84,51.94,51.83,51.88,6672.0,51.882,47
2023-11-16 14:05:00-05:00,51.88,51.88,51.84,51.86,7877.0,51.866,64
2023-11-16 14:10:00-05:00,51.86,51.86,51.79,51.79,5606.0,51.822,49
2023-11-16 14:15:00-05:00,51.81,51.82,51.76,51.79,8685.0,51.791,52
2023-11-16 14:20:00-05:00,51.79,51.81,51.73,51.74,7348.0,51.775,53
2023-11-16 14:25:00-05:00,51.74,51.74,51.66,51.66,3962.0,51.709,32
2023-11-16 14:30:00-05:00,51.67,51.83,51.66,51.83,15833.0,51.734,116
2023-11-16 14:35:00-05:00,51.85,51.89,51.81,51.85,14212.0,51.854,75
2023-11-16 14:40:00-05:00,51.85,52.0,51.84,51.93,12491.0,51.937,109
2023-11-16 14:45:00-05:00,51.93,51.96,51.9,51.92,12601.0,51.926,101
2023-11-16 14:50:00-05:00,51.92,51.95,51.83,51.84,9146.0,51.871,73
2023-11-16 14:55:00-05:00,51.84,51.91,51.84,51.87,9245.0,51.881,73
2023-11-16 15:00:00-05:00,51.87,51.93,51.86,51.93,12650.0,51.883,89
2023-11-16 15:05:00-05:00,51.95,51.95,51.9,51.92,9842.0,51.916,78
2023-11-16 15:10:00-05:00,51.93,51.93,51.86,51.86,8535.0,51.9,73
2023-11-16 15:15:00-05:00,51.86,51.94,51.84,51.92,44356.0,51.868,174
2023-11-16 15:20:00-05:00,51.93,51.93,51.84,51.86,22777.0,51.876,159
2023-11-16 15:25:00-05:00,51.86,51.9,51.86,51.88,18402.0,51.877,111
2023-11-16 15:30:00-05:00,51.9,51.9,51.77,51.78,22183.0,51.823,136
2023-11-16 15:35:00-05:00,51.78,51.79,51.7,51.77,16070.0,51.755,119
2023-11-16 15:40:00-05:00,51.77,51.77,51.7,51.75,18667.0,51.73,117
2023-11-16 15:45:00-05:00,51.77,51.81,51.72,51.8,28908.0,51.775,181
2023-11-16 15:50:00-05:00,51.81,51.81,51.7,51.72,60535.0,51.743,341
2023-11-16 15:55:00-05:00,51.71,51.88,51.71,51.87,173783.0,51.819,618
2023-11-17 09:30:00-05:00,52.21,52.48,51.94,52.39,70991.0,52.218,39
2023-11-17 09:35:00-05:00,52.44,52.44,52.25,52.32,6922.0,52.348,55
2023-11-17 09:40:00-05:00,52.34,52.35,52.03,52.14,8719.0,52.213,61
2023-11-17 09:45:00-05:00,52.14,52.2,51.97,52.03,8270.0,52.082,56
2023-11-17 09:50:00-05:00,51.97,51.97,51.84,51.84,1645.0,51.905,13
2023-11-17 09:55:00-05:00,51.79,51.91,51.79,51.86,4456.0,51.858,43
2023-11-17 10:00:00-05:00,51.86,52.05,51.81,52.02,8695.0,51.899,37
2023-11-17 10:05:00-05:00,52.07,52.07,51.94,51.97,4558.0,51.999,33
2023-11-17 10:10:00-05:00,51.94,51.96,51.88,51.9,1759.0,51.911,17
2023-11-17 10:15:00-05:00,51.9,51.98,51.87,51.98,4301.0,51.924,39
2023-11-17 10:20:00-05:00,51.98,52.14,51.98,52.14,8603.0,52.079,73
2023-11-17 10:25:00-05:00,52.14,52.22,52.11,52.15,7168.0,52.153,62
2023-11-17 10:30:00-05:00,52.13,52.16,52.08,52.12,5822.0,52.116,48
2023-11-17 10:35:00-05:00,52.12,52.2,52.09,52.2,8259.0,52.144,60
2023-11-17 10:40:00-05:00,52.18,52.36,52.17,52.36,7928.0,52.254,51
2023-11-17 10:45:00-05:00,52.35,52.37,52.3,52.3,6312.0,52.336,49
2023-11-17 10:50:00-05:00,52.28,52.34,52.25,52.34,7448.0,52.289,61
2023-11-17 10:55:00-05:00,52.33,52.45,52.31,52.31,10823.0,52.358,81
2023-11-17 11:00:00-05:00,52.31,52.31,52.19,52.25,7472.0,52.239,62
2023-11-17 11:05:00-05:00,52.25,52.32,52.19,52.26,11707.0,52.263,99
2023-11-17 11:10:00-05:00,52.24,52.26,52.1,52.1,10413.0,52.159,86
2023-11-17 11:15:00-05:00,52.11,52.13,51.97,51.97,7752.0,52.068,71
2023-11-17 11:20:00-05:00,51.98,52.02,51.95,51.95,8435.0,51.984,66
2023-11-17 11:25:00-05:00,51.95,51.95,51.82,51.85,7780.0,51.877,65
2023-11-17 11:30:00-05:00,51.84,51.88,51.82,51.84,8773.0,51.851,60
2023-11-17 11:35:00-05:00,51.84,52.07,51.84,52.06,13308.0,51.952,85
2023-11-17 11:40:00-05:00,52.07,52.08,51.99,52.04,7928.0,52.024,68
2023-11-17 11:45:00-05:00,52.02,52.02,51.93,51.96,9766.0,51.987,71
2023-11-17 11:50:00-05:00,51.97,52.07,51.95,52.02,5669.0,52.013,47
2023-11-17 11:55:00-05:00,52.01,52.06,52.01,52.04,3894.0,52.032,33
2023-11-17 12:00:00-05:00,52.04,52.14,52.04,52.08,5784.0,52.081,43
2023-11-17 12:05:00-05:00,52.07,52.14,52.07,52.07,8700.0,52.101,67
2023-11-17 12:10:00-05:00,52.09,52.2,52.09,52.13,9671.0,52.143,87
2023-11-17 12:15:00-05:00,52.12,52.15,52.09,52.11,8182.0,52.117,60
2023-11-17 12:20:00-05:00,52.11,52.15,52.1,52.12,6192.0,52.121,49
2023-11-17 12:25:00-05:00,52.12,52.12,52.04,52.09,6570.0,52.084,49
2023-11-17 12:30:00-05:00,52.08,52.17,52.08,52.14,6936.0,52.131,64
2023-11-17 12:35:00-05:00,52.13,52.17,52.02,52.06,20637.0,52.078,138
2023-11-17 12:40:00-05:00,52.06,52.11,52.01,52.11,34618.0,52.029,145
2023-11-17 12:45:00-05:00,52.1,52.16,52.02,52.11,32394.0,52.068,168
2023-11-17 12:50:00-05:00,52.11,52.12,52.0,52.04,62366.0,52.067,239
2023-11-17 12:55:00-05:00,52.03,52.18,51.86,52.18,35617.0,52.002,219
2023-11-17 13:00:00-05:00,52.17,52.25,52.16,52.17,7726.0,52.198,61
2023-11-17 13:05:00-05:00,52.12,52.25,52.12,52.24,12165.0,52.194,92
2023-11-17 13:10:00-05:00,52.23,52.34,52.16,52.33,5615.0,52.268,51
2023-11-17 13:15:00-05:00,52.34,52.45,52.3,52.39,39041.0,52.343,232
2023-11-17 13:20:00-05:00,52.37,52.38,52.31,52.33,15486.0,52.344,91
2023-11-17 13:25:00-05:00,52.34,52.35,52.27,52.27,6816.0,52.326,50
2023-11-17 13:30:00-05:00,52.29,52.32,52.25,52.3,14012.0,52.282,93
2023-11-17 13:35:00-05:00,52.3,52.31,52.25,52.25,10901.0,52.291,73
2023-11-17 13:40:00-05:00,52.24,52.26,52.2,52.2,20034.0,52.228,133
2023-11-17 13:45:00-05:00,52.23,52.29,52.22,52.28,6368.0,52.254,41
2023-11-17 13:50:00-05:00,52.28,52.31,52.24,52.31,9062.0,52.273,71
2023-11-17 13:55:00-05:00,52.34,52.37,52.24,52.35,32654.0,52.305,151
2023-11-17 14:00:00-05:00,52.37,52.42,52.32,52.41,11914.0,52.377,93
2023-11-17 14:05:00-05:00,52.41,52.42,52.33,52.34,11891.0,52.385,93
2023-11-17 14:10:00-05:00,52.35,52.38,52.31,52.37,5923.0,52.342,46
2023-11-17 14:15:00-05:00,52.37,52.37,52.29,52.32,9607.0,52.326,75
2023-11-17 14:20:00-05:00,52.32,52.34,52.31,52.32,3882.0,52.322,29
2023-11-17 14:25:00-05:00,52.32,52.35,52.3,52.35,2760.0,52.317,17
2023-11-17 14:30:00-05:00,52.35,52.35,52.32,52.33,6397.0,52.337,47
2023-11-17 14:35:00-05:00,52.34,52.46,52.29,52.31,13939.0,52.39,87
2023-11-17 14:40:00-05:00,52.32,52.34,52.26,52.31,36201.0,52.288,104
2023-11-17 14:45:00-05:00,52.3,52.39,52.3,52.38,12221.0,52.345,96
2023-11-17 14:50:00-05:00,52.38,52.41,52.35,52.38,17491.0,52.384,84
2023-11-17 14:55:00-05:00,52.39,52.39,52.36,52.37,9688.0,52.383,70
2023-11-17 15:00:00-05:00,52.36,52.38,52.34,52.35,11323.0,52.356,82
2023-11-17 15:05:00-05:00,52.35,52.36,52.3,52.32,25912.0,52.318,88
2023-11-17 15:10:00-05:00,52.32,52.45,52.32,52.45,29269.0,52.418,187
2023-11-17 15:15:00-05:00,52.43,52.43,52.37,52.42,13555.0,52.401,106
2023-11-17 15:20:00-05:00,52.4,52.47,52.38,52.47,14227.0,52.424,118
2023-11-17 15:25:00-05:00,52.47,52.5,52.43,52.44,17655.0,52.474,119
2023-11-17 15:30:00-05:00,52.45,52.45,52.36,52.42,18594.0,52.408,132
2023-11-17 15:35:00-05:00,52.42,52.46,52.39,52.42,14511.0,52.431,114
2023-11-17 15:40:00-05:00,52.43,52.48,52.41,52.44,26146.0,52.451,173
2023-11-17 15:45:00-05:00,52.44,52.46,52.36,52.37,35845.0,52.438,246
2023-11-17 15:50:00-05:00,52.37,52.48,52.35,52.46,75247.0,52.416,517
2023-11-17 15:55:00-05:00,52.46,52.48,52.35,52.36,145429.0,52.406,848
2023-11-20 09:30:00-05:00,52.26,52.26,51.67,51.85,20147.0,52.066,68
2023-11-20 09:35:00-05:00,51.8,51.87,51.65,51.87,4382.0,51.753,32
2023-11-20 09:40:00-05:00,51.87,52.04,51.8,52.01,4681.0,51.885,28
2023-11-20 09:45:00-05:00,51.97,51.97,51.81,51.96,3238.0,51.91,21
2023-11-20 09:50:00-05:00,51.98,52.02,51.9,51.91,6981.0,51.968,42
2023-11-20 09:55:00-05:00,51.9,51.99,51.9,51.96,4781.0,51.943,38
2023-11-20 10:00:00-05:00,51.94,52.12,51.93,52.12,9181.0,52.045,48
2023-11-20 10:05:00-05:00,52.08,52.12,52.03,52.12,3705.0,52.085,25
2023-11-20 10:10:00-05:00,52.15,52.26,52.1,52.25,8344.0,52.207,26
2023-11-20 10:15:00-05:00,52.27,52.43,52.27,52.41,1806.0,52.346,14
2023-11-20 10:20:00-05:00,52.41,52.46,52.26,52.26,7544.0,52.372,61
2023-11-20 10:25:00-05:00,52.24,52.29,52.17,52.19,7928.0,52.235,67
2023-11-20 10:30:00-05:00,52.16,52.16,52.02,52.1,4598.0,52.078,45
2023-11-20 10:35:00-05:00,52.07,52.09,52.01,52.02,6919.0,52.041,53
2023-11-20 10:40:00-05:00,52.03,52.11,52.0,52.1,12716.0,52.043,76
2023-11-20 10:45:00-05:00,52.13,52.4,52.13,52.4,6806.0,52.292,47
2023-11-20 10:50:00-05:00,52.38,52.45,52.35,52.45,1516.0,52.387,13
2023-11-20 10:55:00-05:00,52.45,52.49,52.43,52.48,4858.0,52.466,43
2023-11-20 11:00:00-05:00,52.49,52.51,52.32,52.32,3277.0,52.429,30
2023-11-20 11:05:00-05:00,52.33,52.41,52.32,52.39,3009.0,52.379,24
2023-11-20 11:10:00-05:00,52.39,52.58,52.39,52.58,6421.0,52.483,60
2023-11-20 11:15:00-05:00,52.58,52.63,52.55,52.6,8589.0,52.601,76
2023-11-20 11:20:00-05:00,52.59,52.6,52.49,52.6,5219.0,52.551,48
2023-11-20 11:25:00-05:00,52.61,52.64,52.54,52.62,7779.0,52.59,71
2023-11-20 11:30:00-05:00,52.65,52.69,52.61,52.67,15052.0,52.642,132
2023-11-20 11:35:00-05:00,52.67,52.73,52.63,52.73,12397.0,52.677,104
2023-11-20 11:40:00-05:00,52.73,52.82,52.71,52.81,21882.0,52.762,162
2023-11-20 11:45:00-05:00,52.78,52.85,52.78,52.78,7378.0,52.817,59
2023-11-20 11:50:00-05:00,52.78,52.83,52.74,52.83,5408.0,52.783,46
2023-11-20 11:55:00-05:00,52.84,52.85,52.76,52.77,7971.0,52.803,65
2023-11-20 12:00:00-05:00,52.78,52.86,52.78,52.82,8514.0,52.825,65
2023-11-20 12:05:00-05:00,52.82,52.88,52.82,52.84,6997.0,52.853,65
2023-11-20 12:10:00-05:00,52.83,52.91,52.82,52.91,8655.0,52.861,71
2023-11-20 12:15:00-05:00,52.9,52.91,52.86,52.88,8285.0,52.882,59
2023-11-20 12:20:00-05:00,52.88,52.92,52.85,52.91,9909.0,52.89,69
2023-11-20 12:25:00-05:00,52.91,52.93,52.87,52.87,5839.0,52.907,39
2023-11-20 12:30:00-05:00,52.86,52.89,52.79,52.8,8542.0,52.846,69
2023-11-20 12:35:00-05:00,52.78,52.78,52.69,52.7,2097.0,52.746,15
2023-11-20 12:40:00-05:00,52.7,52.73,52.66,52.7,5612.0,52.699,40
2023-11-20 12:45:00-05:00,52.7,52.77,52.69,52.73,4225.0,52.73,34
2023-11-20 12:50:00-05:00,52.74,52.8,52.73,52.79,3677.0,52.763,33
2023-11-20 12:55:00-05:00,52.79,52.85,52.78,52.85,7827.0,52.8,63
2023-11-20 13:00:00-05:00,52.85,53.1,52.82,53.04,22527.0,52.962,161
2023-11-20 13:05:00-05:00,53.05,53.05,52.91,52.91,9207.0,53.004,68
2023-11-20 13:10:00-05:00,52.94,52.98,52.91,52.98,13574.0,52.944,91
2023-11-20 13:15:00-05:00,52.96,53.01,52.93,52.93,10072.0,52.981,70
2023-11-20 13:20:00-05:00,52.92,52.99,52.92,52.96,5699.0,52.959,45
2023-11-20 13:25:00-05:00,52.94,52.97,52.92,52.94,6250.0,52.939,55
2023-11-20 13:30:00-05:00,52.94,53.0,52.91,53.0,6422.0,52.946,51
2023-11-20 13:35:00-05:00,52.99,53.05,52.97,53.05,7667.0,53.01,58
2023-11-20 13:40:00-05:00,53.05,53.07,53.04,53.05,3372.0,53.055,26
2023-11-20 13:45:00-05:00,53.04,53.11,53.04,53.06,4674.0,53.061,35
2023-11-20 13:50:00-05:00,53.05,53.05,53.03,53.04,4247.0,53.039,32
2023-11-20 13:55:00-05:00,53.05,53.05,53.0,53.01,9148.0,53.018,71
2023-11-20 14:00:00-05:00,53.01,53.07,53.0,53.03,5833.0,53.038,46
2023-11-20 14:05:00-05:00,53.03,53.05,53.01,53.03,4206.0,53.028,39
2023-11-20 14:10:00-05:00,53.03,53.04,53.01,53.02,2537.0,53.019,24
2023-11-20 14:15:00-05:00,53.02,53.18,53.02,53.12,58316.0,53.111,406
2023-11-20 14:20:00-05:00,53.12,53.21,53.11,53.18,15977.0,53.167,134
2023-11-20 14:25:00-05:00,53.18,53.2,53.05,53.07,13442.0,53.142,105
2023-11-20 14:30:00-05:00,53.08,53.08,53.01,53.03,8586.0,53.048,66
2023-11-20 14:35:00-05:00,53.02,53.07,53.0,53.05,3146.0,53.043,24
2023-11-20 14:40:00-05:00,53.06,53.17,53.05,53.15,6351.0,53.107,48
2023-11-20 14:45:00-05:00,53.16,53.22,53.11,53.15,14481.0,53.152,67
2023-11-20 14:50:00-05:00,53.15,53.2,53.14,53.2,7828.0,53.173,64
2023-11-20 14:55:00-05:00,53.2,53.31,53.2,53.3,13279.0,53.25,100
2023-11-20 15:00:00-05:00,53.3,53.34,53.26,53.29,28866.0,53.31,133
2023-11-20 15:05:00-05:00,53.27,53.31,53.2,53.31,22221.0,53.242,181
2023-11-20 15:10:00-05:00,53.3,53.34,53.23,53.34,86483.0,53.263,88
2023-11-20 15:15:00-05:00,53.34,53.35,53.23,53.29,11176.0,53.28,86
2023-11-20 15:20:00-05:00,53.3,53.34,53.28,53.3,8916.0,53.306,76
2023-11-20 15:25:00-05:00,53.3,53.44,53.3,53.4,17934.0,53.406,159
2023-11-20 15:30:00-05:00,53.39,53.41,53.31,53.31,23091.0,53.355,169
2023-11-20 15:35:00-05:00,53.3,53.32,53.24,53.28,19029.0,53.279,159
2023-11-20 15:40:00-05:00,53.27,53.27,53.19,53.24,81046.0,53.254,234
2023-11-20 15:45:00-05:00,53.25,53.25,53.08,53.1,25932.0,53.121,192
2023-11-20 15:50:00-05:00,53.09,53.11,52.99,53.0,36641.0,53.036,272
2023-11-20 15:55:00-05:00,53.0,53.03,52.96,52.96,155824.0,53.002,896
2023-11-21 09:30:00-05:00,52.92,53.45,52.92,53.33,18484.0,53.152,72
2023-11-21 09:35:00-05:00,53.37,53.45,53.29,53.34,11213.0,53.348,75
2023-11-21 09:40:00-05:00,53.34,53.44,53.27,53.35,11645.0,53.323,77
2023-11-21 09:45:00-05:00,53.33,53.4,53.22,53.28,14366.0,53.315,104
2023-11-21 09:50:00-05:00,53.24,53.32,53.22,53.28,6892.0,53.288,59
2023-11-21 09:55:00-05:00,53.27,53.35,53.24,53.35,10551.0,53.284,77
2023-11-21 10:00:00-05:00,53.34,53.46,53.3,53.33,61045.0,53.379,194
2023-11-21 10:05:00-05:00,53.34,53.5,53.33,53.4,20296.0,53.413,149
2023-11-21 10:10:00-05:00,53.39,53.45,53.39,53.42,32017.0,53.413,58
2023-11-21 10:15:00-05:00,53.42,53.49,53.34,53.4,33589.0,53.418,80
2023-11-21 10:20:00-05:00,53.44,53.46,53.28,53.31,5774.0,53.378,49
2023-11-21 10:25:00-05:00,53.3,53.35,53.22,53.28,13194.0,53.272,95
2023-11-21 10:30:00-05:00,53.3,53.35,53.28,53.34,29017.0,53.321,71
2023-11-21 10:35:00-05:00,53.34,53.43,53.32,53.43,7336.0,53.375,59
2023-11-21 10:40:00-05:00,53.41,53.54,53.4,53.48,9587.0,53.443,63
2023-11-21 10:45:00-05:00,53.47,53.58,53.46,53.55,7302.0,53.532,57
2023-11-21 10:50:00-05:00,53.55,53.67,53.55,53.63,15958.0,53.608,125
2023-11-21 10:55:00-05:00,53.63,53.72,53.59,53.71,12565.0,53.626,82
2023-11-21 11:00:00-05:00,53.71,53.71,53.68,53.7,9923.0,53.698,76
2023-11-21 11:05:00-05:00,53.68,53.69,53.62,53.66,15425.0,53.65,117
2023-11-21 11:10:00-05:00,53.65,53.66,53.43,53.46,10741.0,53.571,76
2023-11-21 11:15:00-05:00,53.46,53.57,53.46,53.5,31057.0,53.504,219
2023-11-21 11:20:00-05:00,53.49,53.6,53.49,53.6,9156.0,53.527,62
2023-11-21 11:25:00-05:00,53.59,53.6,53.55,53.6,10571.0,53.585,65
2023-11-21 11:30:00-05:00,53.61,53.76,53.6,53.73,13378.0,53.673,99
2023-11-21 11:35:00-05:00,53.74,53.77,53.67,53.72,32216.0,53.733,200
2023-11-21 11:40:00-05:00,53.72,53.77,53.71,53.74,14767.0,53.739,104
2023-11-21 11:45:00-05:00,53.75,53.79,53.69,53.76,23283.0,53.723,160
2023-11-21 11:50:00-05:00,53.76,53.86,53.75,53.86,8828.0,53.818,70
2023-11-21 11:55:00-05:00,53.85,53.86,53.66,53.68,26792.0,53.756,160
2023-11-21 12:00:00-05:00,53.69,53.75,53.64,53.73,26237.0,53.704,169
2023-11-21 12:05:00-05:00,53.72,53.74,53.7,53.72,10048.0,53.722,74
2023-11-21 12:10:00-05:00,53.73,53.81,53.72,53.81,14876.0,53.771,81
2023-11-21 12:15:00-05:00,53.82,53.83,53.71,53.72,10169.0,53.752,65
2023-11-21 12:20:00-05:00,53.71,53.81,53.71,53.81,8007.0,53.762,55
2023-11-21 12:25:00-05:00,53.8,53.9,53.79,53.9,7742.0,53.838,61
2023-11-21 12:30:00-05:00,53.9,53.92,53.89,53.92,9195.0,53.907,76
2023-11-21 12:35:00-05:00,53.92,53.93,53.87,53.89,13084.0,53.905,71
2023-11-21 12:40:00-05:00,53.9,53.96,53.88,53.95,10670.0,53.938,83
2023-11-21 12:45:00-05:00,53.96,54.03,53.92,54.02,29172.0,53.992,166
2023-11-21 12:50:00-05:00,54.02,54.07,54.0,54.02,6678.0,54.028,51
2023-11-21 12:55:00-05:00,54.01,54.06,54.01,54.05,13018.0,54.042,93
2023-11-21 13:00:00-05:00,54.05,54.06,53.9,53.91,16004.0,53.995,115
2023-11-21 13:05:00-05:00,53.9,53.96,53.87,53.92,12105.0,53.926,72
2023-11-21 13:10:00-05:00,53.92,53.96,53.88,53.93,8875.0,53.908,72
2023-11-21 13:15:00-05:00,53.93,54.06,53.93,54.05,20500.0,54.014,123
2023-11-21 13:20:00-05:00,54.05,54.08,53.98,54.06,16514.0,54.041,129
2023-11-21 13:25:00-05:00,54.06,54.07,53.94,54.04,13029.0,53.999,107
2023-11-21 13:30:00-05:00,54.06,54.14,54.05,54.12,11488.0,54.082,94
2023-11-21 13:35:00-05:00,54.11,54.11,54.06,54.1,14652.0,54.094,114
2023-11-21 13:40:00-05:00,54.09,54.13,54.07,54.08,8736.0,54.093,71
2023-11-21 13:45:00-05:00,54.08,54.11,54.06,54.11,9147.0,54.081,65
2023-11-21 13:50:00-05:00,54.11,54.13,54.02,54.1,17090.0,54.08,88
2023-11-21 13:55:00-05:00,54.1,54.13,54.05,54.1,14336.0,54.098,112
2023-11-21 14:00:00-05:00,54.08,54.16,54.03,54.15,39190.0,54.125,280
2023-11-21 14:05:00-05:00,54.12,54.16,54.06,54.07,22473.0,54.13,167
2023-11-21 14:10:00-05:00,54.05,54.13,54.04,54.08,18408.0,54.091,116
2023-11-21 14:15:00-05:00,54.08,54.11,53.98,53.98,11476.0,54.052,78
2023-11-21 14:20:00-05:00,53.98,54.01,53.96,53.96,7647.0,53.977,63
2023-11-21 14:25:00-05:00,53.98,54.05,53.97,54.03,7302.0,54.019,49
2023-11-21 14:30:00-05:00,54.03,54.04,53.95,53.97,11634.0,54.001,84
2023-11-21 14:35:00-05:00,53.96,53.96,53.82,53.83,5653.0,53.921,49
2023-11-21 14:40:00-05:00,53.82,53.82,53.7,53.8,14251.0,53.762,101
2023-11-21 14:45:00-05:00,53.84,53.92,53.81,53.91,11100.0,53.86,81
2023-11-21 14:50:00-05:00,53.91,53.96,53.9,53.96,23885.0,53.924,145
2023-11-21 14:55:00-05:00,53.96,53.97,53.94,53.95,12072.0,53.953,77
2023-11-21 15:00:00-05:00,53.96,54.04,53.94,54.02,22432.0,53.984,119
2023-11-21 15:05:00-05:00,54.01,54.01,53.9,53.92,19300.0,53.945,121
2023-11-21 15:10:00-05:00,53.91,53.99,53.9,53.92,26148.0,53.948,161
2023-11-21 15:15:00-05:00,53.95,54.04,53.94,53.96,27835.0,53.985,162
2023-11-21 15:20:00-05:00,53.97,54.02,53.96,54.0,28807.0,53.988,174
2023-11-21 15:25:00-05:00,54.0,54.0,53.85,53.93,47996.0,53.903,177
2023-11-21 15:30:00-05:00,53.93,53.94,53.79,53.84,27911.0,53.852,161
2023-11-21 15:35:00-05:00,53.84,53.9,53.83,53.85,30076.0,53.868,185
2023-11-21 15:40:00-05:00,53.86,54.01,53.85,54.01,47783.0,53.926,285
2023-11-21 15:45:00-05:00,54.01,54.04,53.94,53.94,47367.0,53.993,274
2023-11-21 15:50:00-05:00,53.93,53.96,53.86,53.86,67497.0,53.903,372
2023-11-21 15:55:00-05:00,53.87,53.9,53.73,53.75,177255.0,53.794,839
2023-11-22 09:30:00-05:00,53.75,53.75,53.43,53.43,30513.0,53.654,67
2023-11-22 09:35:00-05:00,53.43,53.69,53.23,53.59,9961.0,53.466,71
2023-11-22 09:40:00-05:00,53.62,53.77,53.52,53.67,5016.0,53.669,30
2023-11-22 09:45:00-05:00,53.66,53.77,53.52,53.55,4209.0,53.665,32
2023-11-22 09:50:00-05:00,53.5,53.53,53.37,53.37,5838.0,53.455,38
2023-11-22 09:55:00-05:00,53.44,53.49,53.31,53.37,20900.0,53.414,150
2023-11-22 10:00:00-05:00,53.37,53.57,53.37,53.55,5535.0,53.448,34
2023-11-22 10:05:00-05:00,53.59,53.72,53.58,53.6,5221.0,53.645,48
2023-11-22 10:10:00-05:00,53.6,53.66,53.51,53.65,4946.0,53.597,46
2023-11-22 10:15:00-05:00,53.7,53.75,53.63,53.71,5151.0,53.704,41
2023-11-22 10:20:00-05:00,53.71,53.75,53.59,53.75,7955.0,53.685,60
2023-11-22 10:25:00-05:00,53.71,53.71,53.65,53.65,3304.0,53.682,17
2023-11-22 10:30:00-05:00,53.64,53.79,53.63,53.69,5339.0,53.731,41
2023-11-22 10:35:00-05:00,53.71,53.73,53.66,53.7,2249.0,53.703,16
2023-11-22 10:40:00-05:00,53.7,53.79,53.7,53.76,3437.0,53.743,28
2023-11-22 10:45:00-05:00,53.8,53.82,53.77,53.78,2119.0,53.792,18
2023-11-22 10:50:00-05:00,53.8,53.84,53.76,53.79,3271.0,53.804,26
2023-11-22 10:55:00-05:00,53.83,53.92,53.8,53.82,2371.0,53.869,22
2023-11-22 11:00:00-05:00,53.82,53.83,53.75,53.8,5185.0,53.783,30
2023-11-22 11:05:00-05:00,53.79,53.81,53.74,53.78,7738.0,53.772,31
2023-11-22 11:10:00-05:00,53.77,53.79,53.7,53.73,3835.0,53.757,30
2023-11-22 11:15:00-05:00,53.72,53.75,53.69,53.75,5782.0,53.715,38
2023-11-22 11:20:00-05:00,53.74,53.74,53.69,53.73,3658.0,53.714,31
2023-11-22 11:25:00-05:00,53.72,53.75,53.71,53.74,7152.0,53.73,49
2023-11-22 11:30:00-05:00,53.76,53.8,53.74,53.8,7086.0,53.774,27
2023-11-22 11:35:00-05:00,53.81,53.82,53.74,53.74,11563.0,53.804,31
2023-11-22 11:40:00-05:00,53.74,53.75,53.74,53.75,2005.0,53.745,16
2023-11-22 11:45:00-05:00,53.75,53.86,53.75,53.84,4476.0,53.814,42
2023-11-22 11:50:00-05:00,53.85,53.9,53.84,53.85,4122.0,53.872,29
2023-11-22 11:55:00-05:00,53.87,53.95,53.86,53.94,6015.0,53.908,39
2023-11-22 12:00:00-05:00,53.96,53.97,53.92,53.94,3869.0,53.939,30
2023-11-22 12:05:00-05:00,53.93,53.95,53.86,53.89,3156.0,53.899,25
2023-11-22 12:10:00-05:00,53.89,53.91,53.84,53.84,5234.0,53.886,33
2023-11-22 12:15:00-05:00,53.84,53.84,53.78,53.8,4060.0,53.807,19
2023-11-22 12:20:00-05:00,53.8,53.88,53.8,53.86,4292.0,53.841,29
2023-11-22 12:25:00-05:00,53.84,53.84,53.76,53.77,3479.0,53.796,29
2023-11-22 12:30:00-05:00,53.79,53.81,53.71,53.74,6281.0,53.773,44
2023-11-22 12:35:00-05:00,53.74,53.76,53.71,53.73,8094.0,53.737,50
2023-11-22 12:40:00-05:00,53.71,53.74,53.67,53.7,7388.0,53.702,58
2023-11-22 12:45:00-05:00,53.7,53.72,53.63,53.64,13160.0,53.67,72
2023-11-22 12:50:00-05:00,53.64,53.72,53.64,53.72,3932.0,53.671,24
2023-11-22 12:55:00-05:00,53.7,53.76,53.69,53.75,4724.0,53.728,38
2023-11-22 13:00:00-05:00,53.75,53.82,53.75,53.75,3654.0,53.78,31
2023-11-22 13:05:00-05:00,53.77,53.83,53.76,53.77,3678.0,53.801,29
2023-11-22 13:10:00-05:00,53.77,53.77,53.68,53.7,3193.0,53.71,25
2023-11-22 13:15:00-05:00,53.7,53.73,53.65,53.66,7936.0,53.681,44
2023-11-22 13:20:00-05:00,53.68,53.72,53.66,53.66,2716.0,53.695,22
2023-11-22 13:25:00-05:00,53.66,53.67,53.62,53.66,9261.0,53.648,48
2023-11-22 13:30:00-05:00,53.66,53.66,53.61,53.64,7798.0,53.629,47
2023-11-22 13:35:00-05:00,53.63,53.67,53.61,53.67,3138.0,53.636,27
2023-11-22 13:40:00-05:00,53.65,53.67,53.6,53.62,8891.0,53.63,52
2023-11-22 13:45:00-05:00,53.62,53.63,53.56,53.6,3641.0,53.604,26
2023-11-22 13:50:00-05:00,53.61,53.62,53.59,53.59,6516.0,53.601,38
2023-11-22 13:55:00-05:00,53.6,53.61,53.53,53.53,6076.0,53.572,35
2023-11-22 14:00:00-05:00,53.57,53.62,53.56,53.59,3288.0,53.591,28
2023-11-22 14:05:00-05:00,53.58,53.63,53.57,53.58,6919.0,53.591,50
2023-11-22 14:10:00-05:00,53.58,53.59,53.52,53.55,8406.0,53.56,44
2023-11-22 14:15:00-05:00,53.54,53.62,53.53,53.59,6153.0,53.575,47
2023-11-22 14:20:00-05:00,53.58,53.6,53.57,53.58,3918.0,53.585,26
2023-11-22 14:25:00-05:00,53.59,53.61,53.58,53.6,8566.0,53.593,49
2023-11-22 14:30:00-05:00,53.61,53.62,53.56,53.57,6251.0,53.596,42
2023-11-22 14:35:00-05:00,53.58,53.62,53.51,53.53,11416.0,53.553,74
2023-11-22 14:40:00-05:00,53.54,53.58,53.54,53.58,6265.0,53.558,39
2023-11-22 14:45:00-05:00,53.58,53.58,53.55,53.58,2507.0,53.568,17
2023-11-22 14:50:00-05:00,53.59,53.62,53.59,53.6,6019.0,53.602,48
2023-11-22 14:55:00-05:00,53.6,53.61,53.55,53.55,5008.0,53.593,43
2023-11-22 15:00:00-05:00,53.54,53.58,53.5,53.58,5978.0,53.527,42
2023-11-22 15:05:00-05:00,53.57,53.62,53.55,53.58,9613.0,53.589,69
2023-11-22 15:10:00-05:00,53.57,53.6,53.55,53.56,10611.0,53.572,61
2023-11-22 15:15:00-05:00,53.57,53.6,53.56,53.59,6838.0,53.579,57
2023-11-22 15:20:00-05:00,53.59,53.59,53.53,53.58,9018.0,53.56,72
2023-11-22 15:25:00-05:00,53.59,53.62,53.58,53.62,8009.0,53.602,60
2023-11-22 15:30:00-05:00,53.62,53.64,53.6,53.62,11191.0,53.623,85
2023-11-22 15:35:00-05:00,53.61,53.61,53.55,53.57,13327.0,53.57,97
2023-11-22 15:40:00-05:00,53.58,53.6,53.52,53.55,15840.0,53.557,116
2023-11-22 15:45:00-05:00,53.53,53.59,53.5,53.57,24401.0,53.538,159
2023-11-22 15:50:00-05:00,53.56,53.61,53.54,53.57,33784.0,53.573,231
2023-11-22 15:55:00-05:00,53.56,53.61,53.55,53.56,70140.0,53.587,395
2023-11-24 09:30:00-05:00,53.75,54.0,53.69,53.98,11172.0,53.765,10
2023-11-24 09:35:00-05:00,53.89,54.1,53.88,53.97,6742.0,53.985,60
2023-11-24 09:40:00-05:00,53.88,53.97,53.84,53.95,4826.0,53.92,30
2023-11-24 09:45:00-05:00,53.94,53.97,53.8,53.9,21221.0,53.878,67
2023-11-24 09:50:00-05:00,53.91,54.16,53.9,54.12,4947.0,54.033,41
2023-11-24 09:55:00-05:00,54.09,54.11,54.07,54.07,3238.0,54.088,30
2023-11-24 10:00:00-05:00,54.09,54.24,54.08,54.2,4792.0,54.186,40
2023-11-24 10:05:00-05:00,54.21,54.34,54.21,54.3,7680.0,54.273,42
2023-11-24 10:10:00-05:00,54.3,54.35,54.29,54.35,3581.0,54.31,32
2023-11-24 10:15:00-05:00,54.41,54.5,54.41,54.47,6133.0,54.47,48
2023-11-24 10:20:00-05:00,54.51,54.57,54.48,54.49,5149.0,54.533,33
2023-11-24 10:25:00-05:00,54.51,54.58,54.5,54.58,3857.0,54.55,28
2023-11-24 10:30:00-05:00,54.59,54.65,54.51,54.52,10264.0,54.596,65
2023-11-24 10:35:00-05:00,54.5,54.5,54.43,54.43,3944.0,54.472,35
2023-11-24 10:40:00-05:00,54.41,54.44,54.37,54.39,5225.0,54.405,36
2023-11-24 10:45:00-05:00,54.39,54.39,54.31,54.35,5317.0,54.351,31
2023-11-24 10:50:00-05:00,54.35,54.35,54.28,54.31,2025.0,54.312,19
2023-11-24 10:55:00-05:00,54.32,54.41,54.32,54.41,2451.0,54.374,21
2023-11-24 11:00:00-05:00,54.41,54.41,54.36,54.39,2709.0,54.387,22
2023-11-24 11:05:00-05:00,54.39,54.39,54.33,54.35,3360.0,54.367,21
2023-11-24 11:10:00-05:00,54.34,54.39,54.34,54.37,2745.0,54.37,14
2023-11-24 11:15:00-05:00,54.37,54.37,54.28,54.28,2817.0,54.324,21
2023-11-24 11:20:00-05:00,54.27,54.31,54.26,54.3,1942.0,54.286,19
2023-11-24 11:25:00-05:00,54.3,54.3,54.22,54.22,2620.0,54.261,19
2023-11-24 11:30:00-05:00,54.25,54.29,54.21,54.22,27746.0,54.251,141
2023-11-24 11:35:00-05:00,54.2,54.21,54.16,54.2,2966.0,54.189,26
2023-11-24 11:40:00-05:00,54.21,54.22,54.18,54.19,2201.0,54.202,19
2023-11-24 11:45:00-05:00,54.22,54.28,54.21,54.23,3377.0,54.241,25
2023-11-24 11:50:00-05:00,54.22,54.25,54.18,54.23,4317.0,54.214,31
2023-11-24 11:55:00-05:00,54.23,54.24,54.19,54.23,3352.0,54.221,26
2023-11-24 12:00:00-05:00,54.23,54.3,54.19,54.2,3771.0,54.238,29
2023-11-24 12:05:00-05:00,54.18,54.18,54.07,54.08,5188.0,54.133,37
2023-11-24 12:10:00-05:00,54.07,54.18,54.07,54.13,17943.0,54.142,103
2023-11-24 12:15:00-05:00,54.14,54.15,54.08,54.08,5302.0,54.121,42
2023-11-24 12:20:00-05:00,54.08,54.13,54.08,54.13,8099.0,54.11,58
2023-11-24 12:25:00-05:00,54.14,54.14,54.07,54.08,7684.0,54.103,48
2023-11-24 12:30:00-05:00,54.1,54.15,54.09,54.15,5888.0,54.117,48
2023-11-24 12:35:00-05:00,54.16,54.19,54.13,54.19,5091.0,54.147,35
2023-11-24 12:40:00-05:00,54.19,54.19,54.13,54.14,10875.0,54.159,78
2023-11-24 12:45:00-05:00,54.15,54.21,54.12,54.12,15917.0,54.175,90
2023-11-24 12:50:00-05:00,54.12,54.15,54.08,54.08,16843.0,54.111,122
2023-11-24 12:55:00-05:00,54.07,54.31,54.06,54.28,45100.0,54.201,261
2023-11-27 09:30:00-05:00,53.87,53.87,53.57,53.69,11913.0,53.855,8
2023-11-27 09:35:00-05:00,53.66,54.04,53.62,53.86,8045.0,53.894,63
2023-11-27 09:40:00-05:00,53.81,53.92,53.73,53.77,3513.0,53.821,29
2023-11-27 09:45:00-05:00,53.77,53.82,53.71,53.74,6295.0,53.774,51
2023-11-27 09:50:00-05:00,53.73,53.79,53.64,53.76,11264.0,53.722,52
2023-11-27 09:55:00-05:00,53.75,53.81,53.75,53.79,2655.0,53.781,18
2023-11-27 10:00:00-05:00,53.73,53.78,53.69,53.73,2715.0,53.729,24
2023-11-27 10:05:00-05:00,53.73,53.9,53.69,53.87,20611.0,53.766,108
2023-11-27 10:10:00-05:00,53.89,53.92,53.8,53.84,11440.0,53.86,77
2023-11-27 10:15:00-05:00,53.84,53.91,53.81,53.91,5391.0,53.856,44
2023-11-27 10:20:00-05:00,53.9,53.97,53.86,53.87,11355.0,53.899,60
2023-11-27 10:25:00-05:00,53.84,53.87,53.79,53.81,5296.0,53.85,32
2023-11-27 10:30:00-05:00,53.82,53.88,53.76,53.87,24356.0,53.831,92
2023-11-27 10:35:00-05:00,53.86,53.89,53.77,53.86,9651.0,53.833,73
2023-11-27 10:40:00-05:00,53.84,53.89,53.8,53.89,2917.0,53.852,21
2023-11-27 10:45:00-05:00,53.88,53.88,53.77,53.79,4208.0,53.811,34
2023-11-27 10:50:00-05:00,53.81,53.94,53.81,53.94,4399.0,53.869,34
2023-11-27 10:55:00-05:00,53.95,53.97,53.92,53.94,2700.0,53.938,22
2023-11-27 11:00:00-05:00,53.95,53.95,53.86,53.88,6572.0,53.895,39
2023-11-27 11:05:00-05:00,53.88,53.9,53.75,53.83,7519.0,53.834,61
2023-11-27 11:10:00-05:00,53.84,53.88,53.81,53.83,5556.0,53.846,47
2023-11-27 11:15:00-05:00,53.88,53.98,53.86,53.97,3459.0,53.917,31
2023-11-27 11:20:00-05:00,53.95,53.96,53.94,53.96,1620.0,53.954,14
2023-11-27 11:25:00-05:00,53.95,54.02,53.95,54.02,5102.0,53.994,38
2023-11-27 11:30:00-05:00,54.0,54.0,53.93,53.97,3608.0,53.963,30
2023-11-27 11:35:00-05:00,53.93,53.96,53.9,53.92,4587.0,53.941,24
2023-11-27 11:40:00-05:00,53.94,53.94,53.85,53.86,1872.0,53.89,15
2023-11-27 11:45:00-05:00,53.85,53.89,53.84,53.89,4051.0,53.871,31
2023-11-27 11:50:00-05:00,53.88,54.05,53.87,54.05,5365.0,53.969,38
2023-11-27 11:55:00-05:00,54.07,54.31,54.04,54.23,42935.0,54.19,252
2023-11-27 12:00:00-05:00,54.2,54.23,54.16,54.21,5313.0,54.189,41
2023-11-27 12:05:00-05:00,54.2,54.36,54.19,54.25,24102.0,54.309,106
2023-11-27 12:10:00-05:00,54.26,54.29,54.25,54.25,3766.0,54.26,30
2023-11-27 12:15:00-05:00,54.25,54.26,54.11,54.11,8641.0,54.19,39
2023-11-27 12:20:00-05:00,54.13,54.2,54.07,54.2,4077.0,54.127,35
2023-11-27 12:25:00-05:00,54.2,54.27,54.18,54.25,14034.0,54.234,68
2023-11-27 12:30:00-05:00,54.22,54.29,54.21,54.29,4687.0,54.244,35
2023-11-27 12:35:00-05:00,54.29,54.29,54.19,54.19,2306.0,54.226,19
2023-11-27 12:40:00-05:00,54.18,54.2,54.15,54.16,5116.0,54.178,26
2023-11-27 12:45:00-05:00,54.15,54.16,54.12,54.16,4080.0,54.151,32
2023-11-27 12:50:00-05:00,54.15,54.2,54.14,54.17,4338.0,54.178,36
2023-11-27 12:55:00-05:00,54.16,54.17,54.14,54.16,2005.0,54.157,19
2023-11-27 13:00:00-05:00,54.15,54.2,54.15,54.15,5970.0,54.166,40
2023-11-27 13:05:00-05:00,54.16,54.18,54.14,54.16,3342.0,54.164,31
2023-11-27 13:10:00-05:00,54.15,54.24,54.15,54.2,4633.0,54.184,32
2023-11-27 13:15:00-05:00,54.22,54.28,54.2,54.2,18028.0,54.238,80
2023-11-27 13:20:00-05:00,54.19,54.2,54.14,54.14,8537.0,54.181,61
2023-11-27 13:25:00-05:00,54.14,54.2,54.11,54.19,5523.0,54.142,41
2023-11-27 13:30:00-05:00,54.19,54.29,54.19,54.27,6654.0,54.245,49
2023-11-27 13:35:00-05:00,54.28,54.28,54.22,54.23,6905.0,54.246,43
2023-11-27 13:40:00-05:00,54.23,54.26,54.22,54.23,3866.0,54.245,33
2023-11-27 13:45:00-05:00,54.25,54.25,54.18,54.18,3252.0,54.216,27
2023-11-27 13:50:00-05:00,54.19,54.2,54.17,54.2,3318.0,54.184,24
2023-11-27 13:55:00-05:00,54.18,54.2,54.16,54.2,5130.0,54.183,45
2023-11-27 14:00:00-05:00,54.2,54.27,54.17,54.25,33809.0,54.202,80
2023-11-27 14:05:00-05:00,54.25,54.29,54.23,54.28,4666.0,54.273,30
2023-11-27 14:10:00-05:00,54.29,54.31,54.22,54.23,4710.0,54.284,39
2023-11-27 14:15:00-05:00,54.23,54.28,54.21,54.24,5795.0,54.244,50
2023-11-27 14:20:00-05:00,54.22,54.3,54.21,54.24,5899.0,54.241,35
2023-11-27 14:25:00-05:00,54.26,54.31,54.22,54.3,6313.0,54.256,51
2023-11-27 14:30:00-05:00,54.3,54.34,54.25,54.26,7189.0,54.296,49
2023-11-27 14:35:00-05:00,54.24,54.29,54.24,54.27,4925.0,54.267,40
2023-11-27 14:40:00-05:00,54.26,54.27,54.15,54.21,8619.0,54.207,63
2023-11-27 14:45:00-05:00,54.2,54.23,54.19,54.2,6655.0,54.209,38
2023-11-27 14:50:00-05:00,54.2,54.24,54.19,54.21,3760.0,54.213,35
2023-11-27 14:55:00-05:00,54.2,54.22,54.18,54.19,10626.0,54.195,70
2023-11-27 15:00:00-05:00,54.2,54.23,54.18,54.21,8112.0,54.202,51
2023-11-27 15:05:00-05:00,54.2,54.23,54.16,54.18,10366.0,54.201,72
2023-11-27 15:10:00-05:00,54.18,54.22,54.17,54.17,15672.0,54.188,117
2023-11-27 15:15:00-05:00,54.15,54.21,54.12,54.2,13362.0,54.152,86
2023-11-27 15:20:00-05:00,54.2,54.2,54.13,54.13,19941.0,54.162,96
2023-11-27 15:25:00-05:00,54.13,54.13,54.06,54.1,24195.0,54.092,140
2023-11-27 15:30:00-05:00,54.11,54.13,54.06,54.08,25415.0,54.092,155
2023-11-27 15:35:00-05:00,54.07,54.09,54.02,54.03,20553.0,54.06,152
2023-11-27 15:40:00-05:00,54.03,54.07,54.0,54.05,25616.0,54.026,164
2023-11-27 15:45:00-05:00,54.04,54.08,54.02,54.07,28025.0,54.046,198
2023-11-27 15:50:00-05:00,54.07,54.17,54.07,54.16,50293.0,54.109,316
2023-11-27 15:55:00-05:00,54.16,54.19,54.14,54.15,142682.0,54.167,691
2023-11-28 09:30:00-05:00,54.41,54.41,54.0,54.04,22157.0,54.264,53
2023-11-28 09:35:00-05:00,54.09,54.18,54.08,54.15,5758.0,54.126,44
2023-11-28 09:40:00-05:00,54.09,54.1,53.89,54.0,3088.0,53.949,28
2023-11-28 09:45:00-05:00,54.06,54.16,54.06,54.13,18062.0,54.108,82
2023-11-28 09:50:00-05:00,54.08,54.08,53.96,54.04,21841.0,54.006,38
2023-11-28 09:55:00-05:00,54.04,54.06,53.95,54.05,17846.0,54.034,60
2023-11-28 10:00:00-05:00,54.03,54.12,54.01,54.1,15561.0,54.063,129
2023-11-28 10:05:00-05:00,54.1,54.15,54.05,54.07,10566.0,54.096,78
2023-11-28 10:10:00-05:00,54.05,54.12,54.05,54.09,7893.0,54.087,68
2023-11-28 10:15:00-05:00,54.11,54.14,54.06,54.12,7641.0,54.109,57
2023-11-28 10:20:00-05:00,54.11,54.18,54.07,54.09,4868.0,54.12,40
2023-11-28 10:25:00-05:00,54.07,54.14,54.05,54.1,6906.0,54.107,51
2023-11-28 10:30:00-05:00,54.11,54.13,54.08,54.11,8222.0,54.103,62
2023-11-28 10:35:00-05:00,54.08,54.13,54.08,54.12,7993.0,54.108,70
2023-11-28 10:40:00-05:00,54.14,54.32,54.13,54.31,11641.0,54.242,64
2023-11-28 10:45:00-05:00,54.3,54.41,54.28,54.3,8354.0,54.321,75
2023-11-28 10:50:00-05:00,54.28,54.29,54.09,54.09,7460.0,54.228,63
2023-11-28 10:55:00-05:00,54.08,54.17,54.04,54.17,13814.0,54.122,95
2023-11-28 11:00:00-05:00,54.18,54.22,54.13,54.18,9836.0,54.167,68
2023-11-28 11:05:00-05:00,54.17,54.19,54.11,54.16,9290.0,54.154,77
2023-11-28 11:10:00-05:00,54.14,54.17,54.08,54.11,4636.0,54.109,33
2023-11-28 11:15:00-05:00,54.1,54.16,54.1,54.11,3197.0,54.126,26
2023-11-28 11:20:00-05:00,54.1,54.17,54.08,54.16,6735.0,54.122,59
2023-11-28 11:25:00-05:00,54.15,54.16,54.01,54.05,7738.0,54.073,55
2023-11-28 11:30:00-05:00,54.03,54.13,54.03,54.11,9322.0,54.082,46
2023-11-28 11:35:00-05:00,54.11,54.12,54.07,54.12,3589.0,54.094,28
2023-11-28 11:40:00-05:00,54.11,54.15,54.08,54.13,6194.0,54.12,51
2023-11-28 11:45:00-05:00,54.13,54.15,54.08,54.14,7919.0,54.116,63
2023-11-28 11:50:00-05:00,54.15,54.16,54.12,54.12,3160.0,54.138,24
2023-11-28 11:55:00-05:00,54.12,54.17,54.1,54.16,4136.0,54.137,34
2023-11-28 12:00:00-05:00,54.16,54.22,54.16,54.21,3262.0,54.194,27
2023-11-28 12:05:00-05:00,54.19,54.23,54.12,54.12,7956.0,54.156,40
2023-11-28 12:10:00-05:00,54.13,54.15,54.1,54.1,3784.0,54.128,27
2023-11-28 12:15:00-05:00,54.1,54.1,53.93,53.95,3942.0,54.028,34
2023-11-28 12:20:00-05:00,53.95,54.0,53.95,53.98,5060.0,53.976,34
2023-11-28 12:25:00-05:00,53.97,54.01,53.93,54.01,5988.0,53.975,35
2023-11-28 12:30:00-05:00,54.0,54.0,53.91,53.95,3303.0,53.951,24
2023-11-28 12:35:00-05:00,53.96,54.08,53.96,54.02,5822.0,54.017,38
2023-11-28 12:40:00-05:00,54.03,54.05,53.99,53.99,2206.0,54.014,22
2023-11-28 12:45:00-05:00,54.01,54.06,53.99,53.99,9663.0,54.012,38
2023-11-28 12:50:00-05:00,53.98,53.99,53.94,53.99,2914.0,53.966,21
2023-11-28 12:55:00-05:00,53.99,53.99,53.94,53.95,7336.0,53.945,18
2023-11-28 13:00:00-05:00,53.94,53.95,53.78,53.89,4573.0,53.893,36
2023-11-28 13:05:00-05:00,53.92,53.94,53.9,53.94,3072.0,53.924,27
2023-11-28 13:10:00-05:00,53.94,53.94,53.88,53.88,1591.0,53.899,14
2023-11-28 13:15:00-05:00,53.86,53.88,53.86,53.86,2326.0,53.868,16
2023-11-28 13:20:00-05:00,53.85,53.87,53.83,53.83,3668.0,53.852,29
2023-11-28 13:25:00-05:00,53.83,53.97,53.82,53.96,7463.0,53.885,65
2023-11-28 13:30:00-05:00,53.97,53.99,53.92,53.92,5722.0,53.962,44
2023-11-28 13:35:00-05:00,53.92,53.94,53.89,53.94,2793.0,53.913,21
2023-11-28 13:40:00-05:00,53.92,53.93,53.88,53.89,1731.0,53.912,11
2023-11-28 13:45:00-05:00,53.88,53.94,53.88,53.92,5465.0,53.902,45
2023-11-28 13:50:00-05:00,53.91,53.93,53.9,53.93,1528.0,53.919,12
2023-11-28 13:55:00-05:00,53.91,53.91,53.87,53.9,5890.0,53.884,30
2023-11-28 14:00:00-05:00,53.9,53.96,53.87,53.87,10958.0,53.892,69
2023-11-28 14:05:00-05:00,53.9,53.95,53.89,53.93,8696.0,53.92,55
2023-11-28 14:10:00-05:00,53.95,54.0,53.93,53.96,2930.0,53.962,25
2023-11-28 14:15:00-05:00,53.95,53.96,53.89,53.89,11783.0,53.942,47
2023-11-28 14:20:00-05:00,53.89,53.91,53.85,53.85,6117.0,53.885,45
2023-11-28 14:25:00-05:00,53.86,53.91,53.85,53.86,5285.0,53.878,29
2023-11-28 14:30:00-05:00,53.86,53.9,53.85,53.87,5556.0,53.873,41
2023-11-28 14:35:00-05:00,53.87,53.94,53.87,53.91,6756.0,53.902,46
2023-11-28 14:40:00-05:00,53.91,53.95,53.9,53.91,5136.0,53.924,40
2023-11-28 14:45:00-05:00,53.91,53.95,53.91,53.94,6590.0,53.928,43
2023-11-28 14:50:00-05:00,53.93,53.98,53.92,53.97,4826.0,53.948,37
2023-11-28 14:55:00-05:00,53.97,53.99,53.96,53.97,5217.0,53.973,29
2023-11-28 15:00:00-05:00,53.97,54.01,53.95,54.0,3761.0,53.986,27
2023-11-28 15:05:00-05:00,53.99,54.05,53.99,54.01,8330.0,54.019,62
2023-11-28 15:10:00-05:00,54.02,54.02,53.94,53.98,9876.0,53.983,65
2023-11-28 15:15:00-05:00,53.96,54.01,53.96,54.0,4196.0,53.987,38
2023-11-28 15:20:00-05:00,53.99,53.99,53.92,53.96,9638.0,53.946,68
2023-11-28 15:25:00-05:00,53.95,53.95,53.88,53.9,13668.0,53.913,85
2023-11-28 15:30:00-05:00,53.91,53.91,53.82,53.82,13918.0,53.861,90
2023-11-28 15:35:00-05:00,53.82,53.84,53.79,53.79,15992.0,53.815,112
2023-11-28 15:40:00-05:00,53.79,53.87,53.78,53.87,19776.0,53.823,133
2023-11-28 15:45:00-05:00,53.86,53.94,53.85,53.89,31142.0,53.88,184
2023-11-28 15:50:00-05:00,53.88,53.91,53.73,53.73,36292.0,53.806,220
2023-11-28 15:55:00-05:00,53.74,53.83,53.69,53.7,164401.0,53.763,736
2023-11-29 09:30:00-05:00,53.9,54.34,53.79,54.26,104524.0,54.113,88
2023-11-29 09:35:00-05:00,54.27,54.27,54.05,54.2,6508.0,54.121,58
2023-11-29 09:40:00-05:00,54.26,54.3,54.15,54.17,7453.0,54.211,63
2023-11-29 09:45:00-05:00,54.15,54.22,54.07,54.12,5743.0,54.155,52
2023-11-29 09:50:00-05:00,54.13,54.36,54.13,54.34,7884.0,54.235,68
2023-11-29 09:55:00-05:00,54.39,54.54,54.37,54.53,12337.0,54.495,104
2023-11-29 10:00:00-05:00,54.54,54.64,54.54,54.62,10101.0,54.605,90
2023-11-29 10:05:00-05:00,54.63,54.63,54.35,54.36,13806.0,54.489,121
2023-11-29 10:10:00-05:00,54.34,54.41,54.29,54.38,34014.0,54.358,248
2023-11-29 10:15:00-05:00,54.37,54.38,54.22,54.22,12431.0,54.322,103
2023-11-29 10:20:00-05:00,54.22,54.39,54.21,54.26,38643.0,54.315,303
2023-11-29 10:25:00-05:00,54.25,54.35,54.23,54.33,15845.0,54.307,119
2023-11-29 10:30:00-05:00,54.32,54.32,54.15,54.2,23414.0,54.231,187
2023-11-29 10:35:00-05:00,54.21,54.21,54.15,54.18,6734.0,54.177,64
2023-11-29 10:40:00-05:00,54.19,54.21,54.11,54.15,15248.0,54.168,112
2023-11-29 10:45:00-05:00,54.15,54.22,54.15,54.2,13445.0,54.182,94
2023-11-29 10:50:00-05:00,54.17,54.3,54.17,54.29,9513.0,54.239,67
2023-11-29 10:55:00-05:00,54.29,54.39,54.26,54.3,8575.0,54.311,72
2023-11-29 11:00:00-05:00,54.3,54.4,54.28,54.38,5322.0,54.34,42
2023-11-29 11:05:00-05:00,54.36,54.38,54.28,54.29,13706.0,54.326,83
2023-11-29 11:10:00-05:00,54.29,54.32,54.26,54.28,13971.0,54.278,110
2023-11-29 11:15:00-05:00,54.28,54.28,54.16,54.24,12247.0,54.238,104
2023-11-29 11:20:00-05:00,54.22,54.3,54.16,54.29,8194.0,54.222,68
2023-11-29 11:25:00-05:00,54.28,54.31,54.22,54.26,18176.0,54.27,111
2023-11-29 11:30:00-05:00,54.25,54.26,54.22,54.24,7113.0,54.233,57
2023-11-29 11:35:00-05:00,54.26,54.41,54.26,54.4,5701.0,54.338,51
2023-11-29 11:40:00-05:00,54.4,54.43,54.38,54.43,6427.0,54.394,47
2023-11-29 11:45:00-05:00,54.39,54.42,54.38,54.39,3456.0,54.395,28
2023-11-29 11:50:00-05:00,54.38,54.39,54.34,54.39,4404.0,54.366,42
2023-11-29 11:55:00-05:00,54.39,54.45,54.38,54.43,6514.0,54.408,59
2023-11-29 12:00:00-05:00,54.44,54.53,54.44,54.53,7029.0,54.481,51
2023-11-29 12:05:00-05:00,54.54,54.58,54.52,54.57,4606.0,54.541,42
2023-11-29 12:10:00-05:00,54.57,54.66,54.57,54.66,4940.0,54.614,45
2023-11-29 12:15:00-05:00,54.64,54.7,54.63,54.66,5459.0,54.665,48
2023-11-29 12:20:00-05:00,54.65,54.73,54.65,54.72,8214.0,54.682,62
2023-11-29 12:25:00-05:00,54.72,54.75,54.7,54.72,8912.0,54.727,55
2023-11-29 12:30:00-05:00,54.72,54.75,54.71,54.75,2639.0,54.731,22
2023-11-29 12:35:00-05:00,54.74,54.82,54.72,54.8,20203.0,54.778,109
2023-11-29 12:40:00-05:00,54.8,54.83,54.78,54.81,5676.0,54.803,46
2023-11-29 12:45:00-05:00,54.79,54.86,54.77,54.83,8372.0,54.818,54
2023-11-29 12:50:00-05:00,54.84,54.84,54.76,54.8,11205.0,54.79,90
2023-11-29 12:55:00-05:00,54.8,54.86,54.79,54.85,8331.0,54.834,41
2023-11-29 13:00:00-05:00,54.85,54.87,54.81,54.82,10555.0,54.839,74
2023-11-29 13:05:00-05:00,54.84,54.87,54.81,54.87,7510.0,54.84,56
2023-11-29 13:10:00-05:00,54.87,54.95,54.87,54.92,31931.0,54.92,193
2023-11-29 13:15:00-05:00,54.92,54.92,54.85,54.86,14136.0,54.898,36
2023-11-29 13:20:00-05:00,54.86,54.88,54.84,54.86,3584.0,54.855,27
2023-11-29 13:25:00-05:00,54.84,54.84,54.81,54.82,2931.0,54.823,21
2023-11-29 13:30:00-05:00,54.82,54.85,54.76,54.76,6139.0,54.804,46
2023-11-29 13:35:00-05:00,54.76,54.8,54.75,54.79,10542.0,54.778,79
2023-11-29 13:40:00-05:00,54.78,54.82,54.76,54.8,7493.0,54.792,33
2023-11-29 13:45:00-05:00,54.8,54.84,54.8,54.84,10623.0,54.824,69
2023-11-29 13:50:00-05:00,54.86,54.86,54.79,54.84,8945.0,54.834,45
2023-11-29 13:55:00-05:00,54.83,54.85,54.81,54.82,10377.0,54.84,36
2023-11-29 14:00:00-05:00,54.81,54.83,54.77,54.83,20640.0,54.794,80
2023-11-29 14:05:00-05:00,54.84,54.89,54.83,54.83,14522.0,54.856,79
2023-11-29 14:10:00-05:00,54.83,54.86,54.8,54.85,15765.0,54.832,92
2023-11-29 14:15:00-05:00,54.85,54.85,54.8,54.8,14702.0,54.834,88
2023-11-29 14:20:00-05:00,54.81,54.96,54.81,54.96,16506.0,54.86,88
2023-11-29 14:25:00-05:00,54.96,54.98,54.86,54.88,15172.0,54.927,130
2023-11-29 14:30:00-05:00,54.86,54.86,54.8,54.81,8712.0,54.823,76
2023-11-29 14:35:00-05:00,54.81,54.81,54.71,54.76,13217.0,54.744,83
2023-11-29 14:40:00-05:00,54.76,54.77,54.73,54.76,7680.0,54.75,59
2023-11-29 14:45:00-05:00,54.77,54.85,54.76,54.83,9948.0,54.809,76
2023-11-29 14:50:00-05:00,54.83,54.83,54.76,54.79,10722.0,54.802,76
2023-11-29 14:55:00-05:00,54.78,54.78,54.71,54.76,9148.0,54.744,68
2023-11-29 15:00:00-05:00,54.74,54.79,54.72,54.76,9428.0,54.75,71
2023-11-29 15:05:00-05:00,54.76,54.77,54.7,54.73,11554.0,54.733,77
2023-11-29 15:10:00-05:00,54.72,54.77,54.7,54.77,23126.0,54.729,145
2023-11-29 15:15:00-05:00,54.76,54.81,54.75,54.8,18320.0,54.764,158
2023-11-29 15:20:00-05:00,54.78,54.78,54.74,54.76,10695.0,54.757,81
2023-11-29 15:25:00-05:00,54.76,54.76,54.68,54.72,14102.0,54.711,94
2023-11-29 15:30:00-05:00,54.72,54.81,54.71,54.77,14443.0,54.769,115
2023-11-29 15:35:00-05:00,54.76,54.77,54.66,54.66,12203.0,54.726,87
2023-11-29 15:40:00-05:00,54.67,54.77,54.63,54.77,37386.0,54.694,251
2023-11-29 15:45:00-05:00,54.77,54.84,54.75,54.84,24056.0,54.787,200
2023-11-29 15:50:00-05:00,54.81,54.86,54.75,54.8,63554.0,54.783,398
2023-11-29 15:55:00-05:00,54.8,54.85,54.77,54.83,132294.0,54.809,676
2023-11-30 09:30:00-05:00,54.81,54.82,54.52,54.57,19389.0,54.768,59
2023-11-30 09:35:00-05:00,54.54,54.62,54.48,54.58,14037.0,54.549,68
2023-11-30 09:40:00-05:00,54.61,54.69,54.55,54.68,11158.0,54.601,86
2023-11-30 09:45:00-05:00,54.65,54.71,54.58,54.71,4450.0,54.641,37
2023-11-30 09:50:00-05:00,54.74,54.99,54.74,54.94,10661.0,54.909,82
2023-11-30 09:55:00-05:00,54.94,54.96,54.82,54.84,5233.0,54.899,45
2023-11-30 10:00:00-05:00,54.85,54.87,54.75,54.84,7450.0,54.814,68
2023-11-30 10:05:00-05:00,54.87,54.96,54.83,54.93,5919.0,54.908,52
2023-11-30 10:10:00-05:00,54.91,54.94,54.83,54.93,8203.0,54.9,56
2023-11-30 10:15:00-05:00,54.92,54.94,54.84,54.92,11027.0,54.898,90
2023-11-30 10:20:00-05:00,54.93,55.04,54.93,54.96,13952.0,54.997,70
2023-11-30 10:25:00-05:00,54.96,55.03,54.96,55.02,4426.0,54.996,37
2023-11-30 10:30:00-05:00,54.98,55.04,54.98,55.02,6630.0,55.006,40
2023-11-30 10:35:00-05:00,55.04,55.06,54.94,54.97,8914.0,55.003,72
2023-11-30 10:40:00-05:00,54.97,55.0,54.91,54.97,10906.0,54.965,72
2023-11-30 10:45:00-05:00,54.96,55.05,54.94,55.04,4942.0,55.004,39
2023-11-30 10:50:00-05:00,55.01,55.08,54.99,55.07,8244.0,55.022,59
2023-11-30 10:55:00-05:00,55.09,55.16,55.07,55.15,9047.0,55.122,63
2023-11-30 11:00:00-05:00,55.15,55.24,55.15,55.18,6759.0,55.198,44
2023-11-30 11:05:00-05:00,55.19,55.28,55.17,55.18,7968.0,55.232,69
2023-11-30 11:10:00-05:00,55.16,55.16,55.08,55.11,5446.0,55.123,49
2023-11-30 11:15:00-05:00,55.11,55.12,55.02,55.02,6911.0,55.071,37
2023-11-30 11:20:00-05:00,55.02,55.18,55.02,55.12,5116.0,55.09,45
2023-11-30 11:25:00-05:00,55.14,55.22,55.14,55.22,3158.0,55.19,26
2023-11-30 11:30:00-05:00,55.21,55.21,55.12,55.15,10381.0,55.183,60
2023-11-30 11:35:00-05:00,55.17,55.2,55.16,55.17,3503.0,55.174,30
2023-11-30 11:40:00-05:00,55.16,55.18,55.1,55.1,2919.0,55.16,27
2023-11-30 11:45:00-05:00,55.09,55.11,55.06,55.1,5114.0,55.082,41
2023-11-30 11:50:00-05:00,55.11,55.14,55.09,55.11,6093.0,55.112,54
2023-11-30 11:55:00-05:00,55.12,55.16,55.05,55.07,6468.0,55.088,47
2023-11-30 12:00:00-05:00,55.01,55.05,55.0,55.03,5814.0,55.025,53
2023-11-30 12:05:00-05:00,55.04,55.12,55.04,55.11,5156.0,55.084,36
2023-11-30 12:10:00-05:00,55.09,55.13,55.04,55.12,11679.0,55.095,86
2023-11-30 12:15:00-05:00,55.1,55.14,55.04,55.05,12568.0,55.094,106
2023-11-30 12:20:00-05:00,55.04,55.08,55.01,55.07,4245.0,55.045,35
2023-11-30 12:25:00-05:00,55.06,55.13,55.04,55.13,4491.0,55.07,43
2023-11-30 12:30:00-05:00,55.14,55.18,55.12,55.15,2671.0,55.153,22
2023-11-30 12:35:00-05:00,55.17,55.18,55.15,55.17,3469.0,55.169,27
2023-11-30 12:40:00-05:00,55.17,55.29,55.17,55.29,3896.0,55.235,34
2023-11-30 12:45:00-05:00,55.3,55.33,55.29,55.3,4538.0,55.304,32
2023-11-30 12:50:00-05:00,55.3,55.31,55.26,55.31,2830.0,55.291,26
2023-11-30 12:55:00-05:00,55.33,55.33,55.27,55.28,5950.0,55.297,45
2023-11-30 13:00:00-05:00,55.27,55.29,55.25,55.25,2354.0,55.263,20
2023-11-30 13:05:00-05:00,55.26,55.28,55.22,55.22,5177.0,55.24,27
2023-11-30 13:10:00-05:00,55.23,55.43,55.23,55.36,14435.0,55.353,95
2023-11-30 13:15:00-05:00,55.37,55.4,55.36,55.38,3525.0,55.381,29
2023-11-30 13:20:00-05:00,55.39,55.42,55.35,55.4,5069.0,55.396,40
2023-11-30 13:25:00-05:00,55.37,55.39,55.34,55.38,4957.0,55.376,42
2023-11-30 13:30:00-05:00,55.41,55.43,55.36,55.42,4105.0,55.402,35
2023-11-30 13:35:00-05:00,55.41,55.48,55.4,55.48,4701.0,55.432,40
2023-11-30 13:40:00-05:00,55.48,55.5,55.43,55.5,8892.0,55.466,74
2023-11-30 13:45:00-05:00,55.5,55.54,55.46,55.48,8883.0,55.503,67
2023-11-30 13:50:00-05:00,55.48,55.49,55.37,55.41,5380.0,55.428,42
2023-11-30 13:55:00-05:00,55.41,55.44,55.38,55.4,4659.0,55.416,35
2023-11-30 14:00:00-05:00,55.39,55.44,55.39,55.44,5845.0,55.41,46
2023-11-30 14:05:00-05:00,55.43,55.48,55.41,55.48,4932.0,55.439,41
2023-11-30 14:10:00-05:00,55.48,55.5,55.44,55.46,5119.0,55.467,41
2023-11-30 14:15:00-05:00,55.42,55.45,55.38,55.39,8456.0,55.406,61
2023-11-30 14:20:00-05:00,55.38,55.38,55.26,55.27,4629.0,55.314,37
2023-11-30 14:25:00-05:00,55.25,55.32,55.25,55.29,4643.0,55.288,37
2023-11-30 14:30:00-05:00,55.3,55.39,55.27,55.37,13996.0,55.313,105
2023-11-30 14:35:00-05:00,55.37,55.42,55.32,55.34,4711.0,55.375,41
2023-11-30 14:40:00-05:00,55.35,55.36,55.29,55.32,4836.0,55.326,37
2023-11-30 14:45:00-05:00,55.33,55.33,55.29,55.32,2094.0,55.312,19
2023-11-30 14:50:00-05:00,55.32,55.36,55.3,55.33,5757.0,55.325,45
2023-11-30 14:55:00-05:00,55.33,55.34,55.3,55.34,3867.0,55.315,36
2023-11-30 15:00:00-05:00,55.34,55.36,55.29,55.32,10140.0,55.317,65
2023-11-30 15:05:00-05:00,55.3,55.33,55.23,55.33,7280.0,55.275,60
2023-11-30 15:10:00-05:00,55.33,55.43,55.33,55.4,11063.0,55.378,90
2023-11-30 15:15:00-05:00,55.4,55.42,55.36,55.37,5236.0,55.397,40
2023-11-30 15:20:00-05:00,55.37,55.37,55.3,55.32,10302.0,55.325,88
2023-11-30 15:25:00-05:00,55.31,55.34,55.3,55.31,9723.0,55.316,77
2023-11-30 15:30:00-05:00,55.31,55.34,55.3,55.31,19181.0,55.322,126
2023-11-30 15:35:00-05:00,55.31,55.34,55.15,55.18,29052.0,55.272,219
2023-11-30 15:40:00-05:00,55.18,55.33,55.17,55.29,43205.0,55.268,303
2023-11-30 15:45:00-05:00,55.28,55.29,55.2,55.26,28684.0,55.231,199
2023-11-30 15:50:00-05:00,55.25,55.33,55.2,55.32,72513.0,55.272,506
2023-11-30 15:55:00-05:00,55.32,55.38,55.29,55.29,240837.0,55.34,1226
2023-12-01 09:30:00-05:00,55.14,55.47,55.06,55.06,19168.0,55.163,21
2023-12-01 09:35:00-05:00,55.19,55.43,55.08,55.3,5943.0,55.166,27
2023-12-01 09:40:00-05:00,55.28,55.32,55.24,55.27,1185.0,55.266,11
2023-12-01 09:45:00-05:00,55.27,55.3,55.13,55.13,25759.0,55.22,115
2023-12-01 09:50:00-05:00,55.14,55.22,55.11,55.22,2336.0,55.161,23
2023-12-01 09:55:00-05:00,55.19,55.27,55.19,55.23,2413.0,55.238,20
2023-12-01 10:00:00-05:00,55.23,55.3,55.01,55.25,24471.0,55.204,216
2023-12-01 10:05:00-05:00,55.25,55.28,55.17,55.2,34742.0,55.212,240
2023-12-01 10:10:00-05:00,55.2,55.27,55.13,55.19,6288.0,55.19,45
2023-12-01 10:15:00-05:00,55.2,55.3,55.2,55.26,6150.0,55.26,35
2023-12-01 10:20:00-05:00,55.28,55.43,55.28,55.43,4570.0,55.339,23
2023-12-01 10:25:00-05:00,55.44,55.44,55.36,55.37,19152.0,55.414,91
2023-12-01 10:30:00-05:00,55.33,55.44,55.29,55.36,13132.0,55.357,107
2023-12-01 10:35:00-05:00,55.35,55.52,55.35,55.44,7112.0,55.456,48
2023-12-01 10:40:00-05:00,55.47,55.54,55.44,55.52,6186.0,55.488,43
2023-12-01 10:45:00-05:00,55.52,55.52,55.44,55.46,4392.0,55.474,31
2023-12-01 10:50:00-05:00,55.46,55.55,55.46,55.49,4989.0,55.498,42
2023-12-01 10:55:00-05:00,55.5,55.51,55.45,55.47,2375.0,55.474,21
2023-12-01 11:00:00-05:00,55.49,55.49,55.29,55.31,9750.0,55.396,83
2023-12-01 11:05:00-05:00,55.31,55.48,55.26,55.45,5987.0,55.403,33
2023-12-01 11:10:00-05:00,55.47,55.67,55.45,55.67,6957.0,55.546,54
2023-12-01 11:15:00-05:00,55.69,55.74,55.68,55.7,3952.0,55.705,33
2023-12-01 11:20:00-05:00,55.7,55.72,55.68,55.72,4630.0,55.704,34
2023-12-01 11:25:00-05:00,55.72,55.91,55.72,55.89,4886.0,55.808,42
2023-12-01 11:30:00-05:00,55.84,55.92,55.73,55.92,2695.0,55.846,26
2023-12-01 11:35:00-05:00,55.91,55.92,55.85,55.91,3076.0,55.879,26
2023-12-01 11:40:00-05:00,55.9,55.99,55.88,55.99,5069.0,55.951,42
2023-12-01 11:45:00-05:00,55.99,56.09,55.95,56.09,15166.0,55.994,70
2023-12-01 11:50:00-05:00,56.09,56.15,56.08,56.11,4672.0,56.122,43
2023-12-01 11:55:00-05:00,56.1,56.1,56.04,56.04,3692.0,56.079,30
2023-12-01 12:00:00-05:00,56.03,56.09,56.02,56.08,5169.0,56.057,47
2023-12-01 12:05:00-05:00,56.07,56.24,56.07,56.21,7903.0,56.175,60
2023-12-01 12:10:00-05:00,56.2,56.27,56.18,56.27,6504.0,56.223,38
2023-12-01 12:15:00-05:00,56.24,56.24,56.08,56.08,3112.0,56.171,22
2023-12-01 12:20:00-05:00,56.05,56.13,56.05,56.07,7214.0,56.101,55
2023-12-01 12:25:00-05:00,56.08,56.1,56.06,56.08,6943.0,56.085,33
2023-12-01 12:30:00-05:00,56.07,56.12,56.02,56.02,3454.0,56.079,31
2023-12-01 12:35:00-05:00,56.03,56.08,56.0,56.05,5197.0,56.034,45
2023-12-01 12:40:00-05:00,56.03,56.11,56.0,56.05,6131.0,56.071,49
2023-12-01 12:45:00-05:00,56.06,56.15,56.06,56.15,6516.0,56.116,45
2023-12-01 12:50:00-05:00,56.12,56.13,56.07,56.11,3512.0,56.105,31
2023-12-01 12:55:00-05:00,56.12,56.12,56.04,56.05,1993.0,56.084,17
2023-12-01 13:00:00-05:00,56.07,56.12,56.04,56.09,6959.0,56.079,56
2023-12-01 13:05:00-05:00,56.08,56.09,56.02,56.04,10573.0,56.05,61
2023-12-01 13:10:00-05:00,56.08,56.13,56.06,56.13,4439.0,56.09,33
2023-12-01 13:15:00-05:00,56.13,56.17,56.09,56.09,4713.0,56.129,39
2023-12-01 13:20:00-05:00,56.11,56.15,56.08,56.15,4740.0,56.116,36
2023-12-01 13:25:00-05:00,56.15,56.15,56.08,56.09,4743.0,56.104,27
2023-12-01 13:30:00-05:00,56.08,56.13,56.06,56.09,10829.0,56.089,45
2023-12-01 13:35:00-05:00,56.1,56.17,56.1,56.14,9829.0,56.133,48
2023-12-01 13:40:00-05:00,56.09,56.13,56.03,56.12,15592.0,56.068,56
2023-12-01 13:45:00-05:00,56.12,56.14,56.08,56.11,5174.0,56.109,40
2023-12-01 13:50:00-05:00,56.11,56.13,56.07,56.13,5501.0,56.103,46
2023-12-01 13:55:00-05:00,56.14,56.19,56.12,56.18,4656.0,56.15,25
2023-12-01 14:00:00-05:00,56.19,56.21,56.15,56.19,7146.0,56.177,54
2023-12-01 14:05:00-05:00,56.19,56.27,56.14,56.25,8092.0,56.229,74
2023-12-01 14:10:00-05:00,56.26,56.32,56.22,56.24,10962.0,56.256,98
2023-12-01 14:15:00-05:00,56.23,56.26,56.17,56.18,10893.0,56.224,60
2023-12-01 14:20:00-05:00,56.17,56.24,56.15,56.24,11804.0,56.197,54
2023-12-01 14:25:00-05:00,56.23,56.3,56.21,56.26,4262.0,56.25,32
2023-12-01 14:30:00-05:00,56.29,56.31,56.27,56.29,4152.0,56.29,30
2023-12-01 14:35:00-05:00,56.27,56.31,56.26,56.3,10919.0,56.282,44
2023-12-01 14:40:00-05:00,56.33,56.37,56.29,56.32,11469.0,56.338,69
2023-12-01 14:45:00-05:00,56.32,56.37,56.27,56.31,15797.0,56.304,106
2023-12-01 14:50:00-05:00,56.33,56.42,56.33,56.41,6568.0,56.383,40
2023-12-01 14:55:00-05:00,56.42,56.44,56.36,56.42,11386.0,56.414,55
2023-12-01 15:00:00-05:00,56.41,56.46,56.4,56.4,7633.0,56.426,50
2023-12-01 15:05:00-05:00,56.39,56.39,56.3,56.36,12237.0,56.348,100
2023-12-01 15:10:00-05:00,56.35,56.49,56.35,56.47,13885.0,56.44,96
2023-12-01 15:15:00-05:00,56.46,56.46,56.34,56.36,12908.0,56.396,80
2023-12-01 15:20:00-05:00,56.35,56.4,56.34,56.38,6064.0,56.374,40
2023-12-01 15:25:00-05:00,56.38,56.48,56.37,56.45,30697.0,56.423,180
2023-12-01 15:30:00-05:00,56.48,56.49,56.45,56.47,9968.0,56.469,74
2023-12-01 15:35:00-05:00,56.48,56.49,56.37,56.38,15155.0,56.446,124
2023-12-01 15:40:00-05:00,56.38,56.45,56.36,56.38,17142.0,56.402,122
2023-12-01 15:45:00-05:00,56.39,56.39,56.31,56.37,18454.0,56.353,155
2023-12-01 15:50:00-05:00,56.36,56.39,56.32,56.32,45880.0,56.364,310
2023-12-01 15:55:00-05:00,56.33,56.41,56.33,56.35,207446.0,56.366,980
2023-12-04 09:30:00-05:00,56.14,56.51,55.94,56.42,29813.0,56.212,66
2023-12-04 09:35:00-05:00,56.49,56.52,56.3,56.34,9579.0,56.398,56
2023-12-04 09:40:00-05:00,56.37,56.53,56.37,56.53,6925.0,56.443,49
2023-12-04 09:45:00-05:00,56.56,56.78,56.56,56.7,5746.0,56.718,42
2023-12-04 09:50:00-05:00,56.74,56.81,56.6,56.61,8763.0,56.76,55
2023-12-04 09:55:00-05:00,56.6,56.6,56.34,56.47,5622.0,56.445,33
2023-12-04 10:00:00-05:00,56.47,56.53,56.44,56.51,5449.0,56.474,49
2023-12-04 10:05:00-05:00,56.48,56.51,56.4,56.5,17025.0,56.463,136
2023-12-04 10:10:00-05:00,56.51,56.6,56.45,56.6,12673.0,56.501,56
2023-12-04 10:15:00-05:00,56.6,56.61,56.53,56.57,3566.0,56.58,30
2023-12-04 10:20:00-05:00,56.56,56.56,56.5,56.54,7267.0,56.519,48
2023-12-04 10:25:00-05:00,56.53,56.56,56.47,56.49,18376.0,56.503,70
2023-12-04 10:30:00-05:00,56.51,56.52,56.47,56.49,2394.0,56.493,23
2023-12-04 10:35:00-05:00,56.49,56.66,56.49,56.66,5284.0,56.565,44
2023-12-04 10:40:00-05:00,56.69,56.69,56.57,56.6,3339.0,56.642,29
2023-12-04 10:45:00-05:00,56.6,56.73,56.57,56.73,3894.0,56.662,37
2023-12-04 10:50:00-05:00,56.75,56.76,56.61,56.65,10655.0,56.675,86
2023-12-04 10:55:00-05:00,56.65,56.67,56.57,56.62,11801.0,56.625,76
2023-12-04 11:00:00-05:00,56.61,56.72,56.58,56.68,27791.0,56.664,109
2023-12-04 11:05:00-05:00,56.67,56.7,56.63,56.65,6389.0,56.663,38
2023-12-04 11:10:00-05:00,56.67,56.73,56.64,56.73,3396.0,56.673,29
2023-12-04 11:15:00-05:00,56.72,56.81,56.71,56.78,13698.0,56.789,57
2023-12-04 11:20:00-05:00,56.79,56.83,56.77,56.8,5010.0,56.803,42
2023-12-04 11:25:00-05:00,56.77,56.79,56.62,56.63,6103.0,56.701,50
2023-12-04 11:30:00-05:00,56.56,56.61,56.44,56.44,7581.0,56.542,54
2023-12-04 11:35:00-05:00,56.41,56.45,56.4,56.43,6303.0,56.425,41
2023-12-04 11:40:00-05:00,56.43,56.51,56.43,56.46,8942.0,56.471,62
2023-12-04 11:45:00-05:00,56.46,56.68,56.46,56.66,64521.0,56.552,101
2023-12-04 11:50:00-05:00,56.66,56.74,56.66,56.71,3648.0,56.713,32
2023-12-04 11:55:00-05:00,56.7,56.78,56.65,56.78,5577.0,56.719,48
2023-12-04 12:00:00-05:00,56.77,56.8,56.73,56.79,10777.0,56.773,48
2023-12-04 12:05:00-05:00,56.76,56.78,56.72,56.74,4167.0,56.754,30
2023-12-04 12:10:00-05:00,56.76,56.76,56.67,56.76,3000.0,56.719,27
2023-12-04 12:15:00-05:00,56.75,56.76,56.74,56.75,2116.0,56.747,21
2023-12-04 12:20:00-05:00,56.75,56.76,56.72,56.72,3433.0,56.735,26
2023-12-04 12:25:00-05:00,56.73,56.8,56.72,56.76,5720.0,56.755,51
2023-12-04 12:30:00-05:00,56.74,56.84,56.73,56.83,3994.0,56.786,28
2023-12-04 12:35:00-05:00,56.86,56.87,56.76,56.76,9367.0,56.824,41
2023-12-04 12:40:00-05:00,56.76,56.78,56.74,56.77,4457.0,56.753,25
2023-12-04 12:45:00-05:00,56.77,56.88,56.77,56.86,9506.0,56.821,50
2023-12-04 12:50:00-05:00,56.85,56.85,56.79,56.8,5710.0,56.83,23
2023-12-04 12:55:00-05:00,56.82,56.86,56.79,56.86,6016.0,56.832,41
2023-12-04 13:00:00-05:00,56.84,56.85,56.79,56.82,13960.0,56.81,81
2023-12-04 13:05:00-05:00,56.82,56.83,56.81,56.82,3235.0,56.816,27
2023-12-04 13:10:00-05:00,56.82,56.93,56.8,56.92,12278.0,56.871,94
2023-12-04 13:15:00-05:00,56.92,56.95,56.91,56.95,7203.0,56.931,57
2023-12-04 13:20:00-05:00,56.96,57.02,56.94,57.01,13634.0,56.978,82
2023-12-04 13:25:00-05:00,57.0,57.13,56.99,57.11,35958.0,57.057,257
2023-12-04 13:30:00-05:00,57.11,57.11,57.02,57.09,35109.0,57.071,236
2023-12-04 13:35:00-05:00,57.09,57.15,57.06,57.12,19285.0,57.104,123
2023-12-04 13:40:00-05:00,57.11,57.16,57.11,57.13,18523.0,57.138,138
2023-12-04 13:45:00-05:00,57.13,57.21,57.08,57.08,17927.0,57.16,127
2023-12-04 13:50:00-05:00,57.06,57.14,57.0,57.0,17617.0,57.076,83
2023-12-04 13:55:00-05:00,56.98,57.08,56.87,56.96,18406.0,56.978,99
2023-12-04 14:00:00-05:00,56.94,57.05,56.94,56.99,12602.0,57.011,88
2023-12-04 14:05:00-05:00,56.98,57.0,56.94,56.98,10550.0,56.972,86
2023-12-04 14:10:00-05:00,56.98,57.08,56.98,57.06,20713.0,57.021,89
2023-12-04 14:15:00-05:00,57.06,57.06,56.95,57.0,25685.0,56.972,71
2023-12-04 14:20:00-05:00,57.0,57.02,56.95,56.98,12655.0,56.985,97
2023-12-04 14:25:00-05:00,56.98,57.01,56.98,57.01,23576.0,56.99,154
2023-12-04 14:30:00-05:00,57.02,57.08,57.02,57.06,17469.0,57.047,117
2023-12-04 14:35:00-05:00,57.05,57.12,57.05,57.07,7747.0,57.09,50
2023-12-04 14:40:00-05:00,57.08,57.18,57.07,57.18,8840.0,57.117,74
2023-12-04 14:45:00-05:00,57.16,57.19,57.12,57.17,8299.0,57.159,68
2023-12-04 14:50:00-05:00,57.18,57.18,57.15,57.15,12468.0,57.159,85
2023-12-04 14:55:00-05:00,57.16,57.17,57.12,57.17,24592.0,57.15,93
2023-12-04 15:00:00-05:00,57.17,57.19,57.07,57.08,5565.0,57.13,47
2023-12-04 15:05:00-05:00,57.07,57.1,57.03,57.04,7781.0,57.064,67
2023-12-04 15:10:00-05:00,57.04,57.11,57.02,57.09,13482.0,57.064,89
2023-12-04 15:15:00-05:00,57.1,57.14,57.06,57.14,6868.0,57.091,60
2023-12-04 15:20:00-05:00,57.16,57.17,57.07,57.08,14114.0,57.137,84
2023-12-04 15:25:00-05:00,57.08,57.08,56.92,56.93,12394.0,57.008,78
2023-12-04 15:30:00-05:00,56.92,56.92,56.76,56.76,16398.0,56.838,111
2023-12-04 15:35:00-05:00,56.76,56.77,56.65,56.69,14099.0,56.705,108
2023-12-04 15:40:00-05:00,56.69,56.8,56.68,56.74,23385.0,56.742,150
2023-12-04 15:45:00-05:00,56.74,56.76,56.69,56.71,31419.0,56.724,236
2023-12-04 15:50:00-05:00,56.72,56.77,56.71,56.72,44080.0,56.734,325
2023-12-04 15:55:00-05:00,56.72,56.78,56.66,56.66,161999.0,56.713,768
2023-12-05 09:30:00-05:00,56.5,56.66,56.46,56.51,51669.0,56.551,100
2023-12-05 09:35:00-05:00,56.47,56.56,56.09,56.09,47570.0,56.264,272
2023-12-05 09:40:00-05:00,56.1,56.12,55.68,55.72,91839.0,55.901,433
2023-12-05 09:45:00-05:00,55.79,56.11,55.75,55.82,13224.0,55.906,103
2023-12-05 09:50:00-05:00,55.82,55.88,55.58,55.84,12600.0,55.68,64
2023-12-05 09:55:00-05:00,55.84,55.95,55.76,55.76,15182.0,55.843,73
2023-12-05 10:00:00-05:00,55.84,56.03,55.8,55.97,16315.0,55.91,124
2023-12-05 10:05:00-05:00,55.97,55.99,55.84,55.95,20618.0,55.915,88
2023-12-05 10:10:00-05:00,55.98,56.11,55.87,55.88,27609.0,56.001,81
2023-12-05 10:15:00-05:00,55.89,56.1,55.89,55.96,39850.0,55.991,197
2023-12-05 10:20:00-05:00,55.96,56.08,55.95,55.98,10045.0,55.997,52
2023-12-05 10:25:00-05:00,55.98,56.03,55.8,55.87,6905.0,55.899,42
2023-12-05 10:30:00-05:00,55.86,55.91,55.8,55.85,11694.0,55.848,75
2023-12-05 10:35:00-05:00,55.85,55.9,55.79,55.9,10472.0,55.828,86
2023-12-05 10:40:00-05:00,55.9,56.02,55.88,56.0,6335.0,55.942,53
2023-12-05 10:45:00-05:00,55.98,56.09,55.91,56.09,16708.0,55.992,75
2023-12-05 10:50:00-05:00,56.06,56.12,56.05,56.07,7570.0,56.081,52
2023-12-05 10:55:00-05:00,56.07,56.14,56.04,56.12,11497.0,56.072,65
2023-12-05 11:00:00-05:00,56.14,56.2,56.12,56.19,8003.0,56.163,66
2023-12-05 11:05:00-05:00,56.18,56.18,56.1,56.13,21437.0,56.133,110
2023-12-05 11:10:00-05:00,56.14,56.17,56.05,56.1,23153.0,56.098,104
2023-12-05 11:15:00-05:00,56.09,56.15,56.04,56.05,7061.0,56.094,58
2023-12-05 11:20:00-05:00,55.98,56.02,55.92,55.98,25805.0,55.959,57
2023-12-05 11:25:00-05:00,55.98,56.19,55.97,56.16,12684.0,56.058,97
2023-12-05 11:30:00-05:00,56.15,56.21,56.13,56.14,12798.0,56.17,91
2023-12-05 11:35:00-05:00,56.14,56.19,56.13,56.19,4128.0,56.154,36
2023-12-05 11:40:00-05:00,56.2,56.2,56.1,56.12,8466.0,56.147,59
2023-12-05 11:45:00-05:00,56.12,56.12,55.99,55.99,3643.0,56.064,30
2023-12-05 11:50:00-05:00,56.01,56.09,56.01,56.05,14097.0,56.07,44
2023-12-05 11:55:00-05:00,56.07,56.14,56.07,56.14,6620.0,56.109,29
2023-12-05 12:00:00-05:00,56.12,56.18,56.12,56.13,4798.0,56.147,39
2023-12-05 12:05:00-05:00,56.13,56.19,56.09,56.1,16142.0,56.141,103
2023-12-05 12:10:00-05:00,56.09,56.19,56.09,56.17,4592.0,56.164,42
2023-12-05 12:15:00-05:00,56.19,56.22,56.1,56.13,22662.0,56.149,116
2023-12-05 12:20:00-05:00,56.12,56.14,56.03,56.08,33849.0,56.1,136
2023-12-05 12:25:00-05:00,56.08,56.1,55.99,56.0,8486.0,56.053,53
2023-12-05 12:30:00-05:00,56.0,56.0,55.86,55.87,4717.0,55.953,35
2023-12-05 12:35:00-05:00,55.87,55.89,55.8,55.8,2728.0,55.838,18
2023-12-05 12:40:00-05:00,55.8,55.94,55.79,55.93,22740.0,55.853,100
2023-12-05 12:45:00-05:00,55.94,56.03,55.92,56.0,5863.0,55.976,44
2023-12-05 12:50:00-05:00,56.0,56.01,55.95,55.96,3973.0,55.979,35
2023-12-05 12:55:00-05:00,56.0,56.11,56.0,56.07,12961.0,56.087,49
2023-12-05 13:00:00-05:00,56.09,56.11,56.06,56.09,5869.0,56.083,35
2023-12-05 13:05:00-05:00,56.1,56.1,56.04,56.08,7076.0,56.067,48
2023-12-05 13:10:00-05:00,56.09,56.13,56.07,56.12,2898.0,56.106,28
2023-12-05 13:15:00-05:00,56.12,56.23,56.11,56.23,5178.0,56.179,42
2023-12-05 13:20:00-05:00,56.21,56.24,56.19,56.23,2649.0,56.215,21
2023-12-05 13:25:00-05:00,56.23,56.23,56.2,56.22,10367.0,56.212,33
2023-12-05 13:30:00-05:00,56.23,56.25,56.15,56.16,56683.0,56.24,78
2023-12-05 13:35:00-05:00,56.15,56.16,56.05,56.05,2323.0,56.111,22
2023-12-05 13:40:00-05:00,56.06,56.12,56.03,56.11,7707.0,56.076,37
2023-12-05 13:45:00-05:00,56.13,56.15,56.08,56.13,6856.0,56.104,38
2023-12-05 13:50:00-05:00,56.13,56.17,56.11,56.17,4326.0,56.131,33
2023-12-05 13:55:00-05:00,56.16,56.23,56.16,56.23,3515.0,56.194,22
2023-12-05 14:00:00-05:00,56.23,56.24,56.17,56.19,3372.0,56.208,27
2023-12-05 14:05:00-05:00,56.18,56.2,56.15,56.2,3382.0,56.172,26
2023-12-05 14:10:00-05:00,56.18,56.26,56.18,56.23,7394.0,56.228,40
2023-12-05 14:15:00-05:00,56.23,56.23,56.14,56.16,6542.0,56.184,39
2023-12-05 14:20:00-05:00,56.18,56.28,56.18,56.25,5517.0,56.246,43
2023-12-05 14:25:00-05:00,56.26,56.32,56.26,56.3,8850.0,56.304,60
2023-12-05 14:30:00-05:00,56.32,56.39,56.32,56.35,10059.0,56.358,63
2023-12-05 14:35:00-05:00,56.36,56.38,56.31,56.32,3632.0,56.346,33
2023-12-05 14:40:00-05:00,56.32,56.32,56.3,56.3,2614.0,56.309,22
2023-12-05 14:45:00-05:00,56.3,56.38,56.28,56.37,6264.0,56.316,51
2023-12-05 14:50:00-05:00,56.37,56.46,56.36,56.41,7376.0,56.417,56
2023-12-05 14:55:00-05:00,56.43,56.47,56.43,56.45,8290.0,56.452,69
2023-12-05 15:00:00-05:00,56.46,56.46,56.39,56.4,11458.0,56.428,103
2023-12-05 15:05:00-05:00,56.4,56.42,56.4,56.41,9041.0,56.408,66
2023-12-05 15:10:00-05:00,56.42,56.47,56.41,56.45,18760.0,56.435,159
2023-12-05 15:15:00-05:00,56.44,56.49,56.43,56.44,12174.0,56.454,86
2023-12-05 15:20:00-05:00,56.45,56.45,56.32,56.33,9184.0,56.395,81
2023-12-05 15:25:00-05:00,56.33,56.34,56.28,56.3,10895.0,56.301,96
2023-12-05 15:30:00-05:00,56.3,56.34,56.27,56.28,25349.0,56.308,148
2023-12-05 15:35:00-05:00,56.28,56.32,56.27,56.29,24821.0,56.297,185
2023-12-05 15:40:00-05:00,56.29,56.32,56.19,56.2,24258.0,56.276,184
2023-12-05 15:45:00-05:00,56.21,56.32,56.21,56.3,35129.0,56.288,293
2023-12-05 15:50:00-05:00,56.3,56.34,56.29,56.33,55793.0,56.317,386
2023-12-05 15:55:00-05:00,56.33,56.39,56.25,56.27,157523.0,56.305,885
2023-12-06 09:30:00-05:00,56.49,56.92,56.49,56.85,15455.0,56.519,15
2023-12-06 09:35:00-05:00,56.75,56.8,56.57,56.78,7308.0,56.715,38
2023-12-06 09:40:00-05:00,56.82,57.17,56.82,57.04,5889.0,57.0,49
2023-12-06 09:45:00-05:00,57.09,57.14,56.95,57.12,9925.0,57.042,72
2023-12-06 09:50:00-05:00,57.13,57.19,56.97,57.19,8648.0,57.103,62
2023-12-06 09:55:00-05:00,57.16,57.29,57.13,57.21,3544.0,57.207,28
2023-12-06 10:00:00-05:00,57.26,57.37,57.24,57.32,5026.0,57.314,41
2023-12-06 10:05:00-05:00,57.36,57.49,57.36,57.45,8619.0,57.432,61
2023-12-06 10:10:00-05:00,57.45,57.5,57.38,57.48,14331.0,57.445,107
2023-12-06 10:15:00-05:00,57.48,57.49,57.42,57.42,11951.0,57.434,85
2023-12-06 10:20:00-05:00,57.42,57.46,57.22,57.26,18887.0,57.323,78
2023-12-06 10:25:00-05:00,57.27,57.33,57.25,57.3,22368.0,57.287,125
2023-12-06 10:30:00-05:00,57.31,57.44,57.31,57.43,13022.0,57.393,106
2023-12-06 10:35:00-05:00,57.43,57.51,57.4,57.46,22969.0,57.479,91
2023-12-06 10:40:00-05:00,57.46,57.46,57.3,57.33,8128.0,57.381,65
2023-12-06 10:45:00-05:00,57.33,57.44,57.32,57.44,6740.0,57.38,49
2023-12-06 10:50:00-05:00,57.44,57.44,57.27,57.27,6545.0,57.376,47
2023-12-06 10:55:00-05:00,57.26,57.28,57.2,57.22,21062.0,57.25,93
2023-12-06 11:00:00-05:00,57.22,57.27,57.2,57.23,6397.0,57.238,50
2023-12-06 11:05:00-05:00,57.24,57.24,57.14,57.22,8329.0,57.202,61
2023-12-06 11:10:00-05:00,57.22,57.27,57.2,57.27,6362.0,57.236,54
2023-12-06 11:15:00-05:00,57.28,57.37,57.26,57.31,4372.0,57.329,38
2023-12-06 11:20:00-05:00,57.31,57.36,57.26,57.36,12098.0,57.304,91
2023-12-06 11:25:00-05:00,57.35,57.44,57.32,57.43,12596.0,57.387,83
2023-12-06 11:30:00-05:00,57.42,57.42,57.3,57.32,12273.0,57.348,89
2023-12-06 11:35:00-05:00,57.3,57.5,57.3,57.47,7001.0,57.425,63
2023-12-06 11:40:00-05:00,57.47,57.65,57.47,57.52,25827.0,57.526,166
2023-12-06 11:45:00-05:00,57.53,57.53,57.47,57.51,12207.0,57.5,89
2023-12-06 11:50:00-05:00,57.5,57.57,57.49,57.55,13402.0,57.534,90
2023-12-06 11:55:00-05:00,57.53,57.61,57.51,57.61,13776.0,57.542,91
2023-12-06 12:00:00-05:00,57.6,57.61,57.51,57.53,7005.0,57.558,53
2023-12-06 12:05:00-05:00,57.53,57.54,57.48,57.48,9432.0,57.511,59
2023-12-06 12:10:00-05:00,57.5,57.52,57.47,57.48,19461.0,57.494,149
2023-12-06 12:15:00-05:00,57.48,57.48,57.36,57.39,4880.0,57.397,36
2023-12-06 12:20:00-05:00,57.39,57.46,57.39,57.44,4288.0,57.424,29
2023-12-06 12:25:00-05:00,57.42,57.46,57.4,57.44,3633.0,57.433,29
2023-12-06 12:30:00-05:00,57.45,57.45,57.39,57.44,5629.0,57.423,38
2023-12-06 12:35:00-05:00,57.44,57.48,57.41,57.47,5194.0,57.439,36
2023-12-06 12:40:00-05:00,57.48,57.49,57.43,57.45,3850.0,57.463,35
2023-12-06 12:45:00-05:00,57.45,57.49,57.43,57.48,22620.0,57.46,67
2023-12-06 12:50:00-05:00,57.48,57.49,57.38,57.4,4666.0,57.426,34
2023-12-06 12:55:00-05:00,57.4,57.4,57.32,57.37,8197.0,57.356,54
2023-12-06 13:00:00-05:00,57.38,57.46,57.38,57.42,11075.0,57.425,88
2023-12-06 13:05:00-05:00,57.42,57.48,57.39,57.48,29313.0,57.422,157
2023-12-06 13:10:00-05:00,57.47,57.48,57.42,57.43,9558.0,57.453,72
2023-12-06 13:15:00-05:00,57.43,57.43,57.33,57.42,17923.0,57.395,86
2023-12-06 13:20:00-05:00,57.42,57.5,57.39,57.48,100256.0,57.462,134
2023-12-06 13:25:00-05:00,57.48,57.49,57.42,57.48,15929.0,57.463,100
2023-12-06 13:30:00-05:00,57.49,57.49,57.4,57.43,22315.0,57.47,94
2023-12-06 13:35:00-05:00,57.42,57.45,57.37,57.42,8469.0,57.411,61
2023-12-06 13:40:00-05:00,57.42,57.42,57.35,57.36,7245.0,57.389,38
2023-12-06 13:45:00-05:00,57.34,57.38,57.3,57.3,6539.0,57.353,39
2023-12-06 13:50:00-05:00,57.3,57.3,57.17,57.19,6386.0,57.218,53
2023-12-06 13:55:00-05:00,57.19,57.27,57.14,57.27,7573.0,57.189,53
2023-12-06 14:00:00-05:00,57.29,57.4,57.29,57.4,10980.0,57.359,84
2023-12-06 14:05:00-05:00,57.4,57.41,57.33,57.38,19348.0,57.364,58
2023-12-06 14:10:00-05:00,57.41,57.41,57.33,57.39,10060.0,57.374,55
2023-12-06 14:15:00-05:00,57.38,57.42,57.32,57.42,13190.0,57.376,83
2023-12-06 14:20:00-05:00,57.4,57.4,57.32,57.37,25662.0,57.358,133
2023-12-06 14:25:00-05:00,57.36,57.4,57.33,57.39,11488.0,57.368,78
2023-12-06 14:30:00-05:00,57.38,57.44,57.36,57.41,9957.0,57.404,79
2023-12-06 14:35:00-05:00,57.42,57.48,57.37,57.45,6249.0,57.417,42
2023-12-06 14:40:00-05:00,57.44,57.54,57.44,57.54,7630.0,57.47,54
2023-12-06 14:45:00-05:00,57.51,57.56,57.5,57.54,9448.0,57.526,73
2023-12-06 14:50:00-05:00,57.55,57.6,57.46,57.6,17600.0,57.517,117
2023-12-06 14:55:00-05:00,57.58,57.63,57.55,57.55,10004.0,57.583,73
2023-12-06 15:00:00-05:00,57.54,57.6,57.52,57.56,8534.0,57.557,58
2023-12-06 15:05:00-05:00,57.56,57.58,57.52,57.54,17625.0,57.55,105
2023-12-06 15:10:00-05:00,57.54,57.55,57.47,57.52,11217.0,57.507,84
2023-12-06 15:15:00-05:00,57.51,57.54,57.44,57.44,14101.0,57.488,70
2023-12-06 15:20:00-05:00,57.43,57.43,57.36,57.37,17833.0,57.376,131
2023-12-06 15:25:00-05:00,57.37,57.38,57.3,57.35,18492.0,57.345,123
2023-12-06 15:30:00-05:00,57.34,57.35,57.23,57.34,19625.0,57.289,142
2023-12-06 15:35:00-05:00,57.33,57.33,57.26,57.31,31776.0,57.288,164
2023-12-06 15:40:00-05:00,57.3,57.42,57.26,57.36,36457.0,57.322,218
2023-12-06 15:45:00-05:00,57.37,57.49,57.37,57.49,35902.0,57.416,262
2023-12-06 15:50:00-05:00,57.49,57.5,57.35,57.39,52164.0,57.427,371
2023-12-06 15:55:00-05:00,57.4,57.45,57.36,57.36,173235.0,57.41,889
2023-12-07 09:30:00-05:00,57.46,57.61,57.11,57.2,36721.0,57.453,52
2023-12-07 09:35:00-05:00,57.09,57.27,56.85,56.91,36602.0,57.106,143
2023-12-07 09:40:00-05:00,56.91,57.02,56.35,56.42,30354.0,56.883,128
2023-12-07 09:45:00-05:00,56.42,57.0,56.42,56.97,34964.0,56.75,148
2023-12-07 09:50:00-05:00,56.91,57.15,56.91,57.07,38311.0,57.072,90
2023-12-07 09:55:00-05:00,56.97,57.06,56.92,56.98,4774.0,56.991,31
2023-12-07 10:00:00-05:00,56.97,57.06,56.78,56.98,9188.0,56.925,68
2023-12-07 10:05:00-05:00,56.94,57.06,56.77,56.79,96207.0,56.94,103
2023-12-07 10:10:00-05:00,56.76,56.94,56.75,56.93,10523.0,56.897,33
2023-12-07 10:15:00-05:00,56.92,57.05,56.86,57.01,8651.0,56.938,63
2023-12-07 10:20:00-05:00,57.06,57.13,56.95,57.0,38408.0,57.01,232
2023-12-07 10:25:00-05:00,57.0,57.12,56.98,57.12,10404.0,57.048,62
2023-12-07 10:30:00-05:00,57.11,57.14,56.98,57.05,66642.0,57.065,107
2023-12-07 10:35:00-05:00,57.07,57.12,56.94,56.95,12292.0,57.03,88
2023-12-07 10:40:00-05:00,56.94,56.94,56.83,56.89,29940.0,56.884,63
2023-12-07 10:45:00-05:00,56.9,57.01,56.88,56.94,12438.0,56.947,73
2023-12-07 10:50:00-05:00,56.94,57.02,56.91,57.02,4791.0,56.96,41
2023-12-07 10:55:00-05:00,57.0,57.07,56.99,57.07,31904.0,57.005,82
2023-12-07 10:55:00-05:00,57.0,57.15,56.99,57.14,37466.0,57.015,124
2023-12-07 11:00:00-05:00,57.15,57.15,57.04,57.05,7858.0,57.083,33
2023-12-07 11:05:00-05:00,57.07,57.12,56.99,57.04,13885.0,57.044,76
2023-12-07 11:10:00-05:00,57.03,57.03,56.94,56.95,4147.0,56.973,31
2023-12-07 11:15:00-05:00,56.96,57.01,56.94,56.96,8249.0,56.969,57
2023-12-07 11:20:00-05:00,56.95,57.12,56.94,57.12,7800.0,57.027,64
2023-12-07 11:25:00-05:00,57.13,57.21,57.13,57.17,3033.0,57.17,25
2023-12-07 11:30:00-05:00,57.16,57.21,57.1,57.15,5765.0,57.163,51
2023-12-07 11:35:00-05:00,57.17,57.22,57.15,57.21,6961.0,57.19,52
2023-12-07 11:40:00-05:00,57.23,57.23,57.15,57.19,4538.0,57.2,30
2023-12-07 11:45:00-05:00,57.2,57.24,57.16,57.16,2690.0,57.202,20
2023-12-07 11:50:00-05:00,57.15,57.17,57.07,57.08,34743.0,57.109,73
2023-12-07 11:55:00-05:00,57.08,57.17,57.02,57.17,20512.0,57.086,89
2023-12-07 12:00:00-05:00,57.12,57.16,57.08,57.15,9437.0,57.124,73
2023-12-07 12:05:00-05:00,57.15,57.17,57.06,57.06,8409.0,57.108,68
2023-12-07 12:10:00-05:00,57.05,57.18,57.02,57.14,10548.0,57.088,74
2023-12-07 12:15:00-05:00,57.14,57.18,57.08,57.12,6129.0,57.127,45
2023-12-07 12:20:00-05:00,57.11,57.11,56.94,56.99,6733.0,57.002,48
2023-12-07 12:25:00-05:00,57.0,57.03,56.97,57.01,45619.0,56.996,45
2023-12-07 12:30:00-05:00,56.99,57.01,56.95,57.0,11457.0,56.976,74
2023-12-07 12:35:00-05:00,57.0,57.08,56.96,57.06,5724.0,57.017,42
2023-12-07 12:40:00-05:00,57.05,57.05,56.97,57.04,46507.0,57.022,50
2023-12-07 12:45:00-05:00,57.05,57.14,57.03,57.14,21101.0,57.065,82
2023-12-07 12:50:00-05:00,57.14,57.14,57.07,57.11,9525.0,57.115,37
2023-12-07 12:55:00-05:00,57.12,57.23,57.11,57.19,3043.0,57.177,26
2023-12-07 13:00:00-05:00,57.21,57.28,57.18,57.28,9856.0,57.214,31
2023-12-07 13:05:00-05:00,57.26,57.29,57.26,57.28,2520.0,57.275,17
2023-12-07 13:10:00-05:00,57.3,57.34,57.29,57.31,9220.0,57.316,39
2023-12-07 13:15:00-05:00,57.3,57.33,57.27,57.27,3245.0,57.306,23
2023-12-07 13:20:00-05:00,57.29,57.31,57.28,57.3,4669.0,57.296,38
2023-12-07 13:25:00-05:00,57.3,57.3,57.19,57.22,28852.0,57.241,81
2023-12-07 13:30:00-05:00,57.22,57.27,57.19,57.23,8823.0,57.222,74
2023-12-07 13:35:00-05:00,57.23,57.27,57.2,57.26,6213.0,57.232,45
2023-12-07 13:40:00-05:00,57.26,57.33,57.25,57.32,6006.0,57.281,50
2023-12-07 13:45:00-05:00,57.31,57.33,57.3,57.32,7809.0,57.316,58
2023-12-07 13:50:00-05:00,57.32,57.35,57.3,57.33,11293.0,57.318,80
2023-12-07 13:55:00-05:00,57.32,57.32,57.19,57.2,11030.0,57.264,84
2023-12-07 14:00:00-05:00,57.19,57.26,57.19,57.23,5025.0,57.22,33
2023-12-07 14:05:00-05:00,57.24,57.24,57.15,57.17,18166.0,57.197,56
2023-12-07 14:10:00-05:00,57.16,57.16,57.12,57.13,26523.0,57.138,42
2023-12-07 14:15:00-05:00,57.13,57.15,57.03,57.08,15375.0,57.093,95
2023-12-07 14:20:00-05:00,57.05,57.11,57.02,57.02,14814.0,57.06,73
2023-12-07 14:25:00-05:00,57.01,57.02,56.94,56.97,20612.0,56.989,133
2023-12-07 14:30:00-05:00,56.98,57.08,56.97,57.04,16955.0,57.043,107
2023-12-07 14:35:00-05:00,57.04,57.16,57.04,57.13,9683.0,57.086,66
2023-12-07 14:40:00-05:00,57.15,57.19,57.06,57.09,40061.0,57.123,103
2023-12-07 14:45:00-05:00,57.09,57.1,57.04,57.04,81495.0,57.08,70
2023-12-07 14:50:00-05:00,57.03,57.08,57.0,57.01,26086.0,57.017,128
2023-12-07 14:55:00-05:00,57.0,57.03,56.98,57.02,62952.0,57.0,284
2023-12-07 15:00:00-05:00,57.0,57.02,56.99,57.01,14524.0,57.003,124
2023-12-07 15:05:00-05:00,57.0,57.07,56.99,57.07,24169.0,57.015,198
2023-12-07 15:10:00-05:00,57.07,57.07,56.99,57.06,51299.0,57.04,146
2023-12-07 15:15:00-05:00,57.06,57.15,57.06,57.11,14066.0,57.103,99
2023-12-07 15:20:00-05:00,57.1,57.13,57.07,57.11,22490.0,57.102,97
2023-12-07 15:25:00-05:00,57.12,57.19,57.1,57.12,11266.0,57.147,88
2023-12-07 15:30:00-05:00,57.13,57.15,57.07,57.15,22906.0,57.11,154
2023-12-07 15:35:00-05:00,57.15,57.16,57.09,57.1,17594.0,57.134,121
2023-12-07 15:40:00-05:00,57.11,57.13,57.1,57.11,22181.0,57.114,110
2023-12-07 15:45:00-05:00,57.12,57.2,57.09,57.2,27878.0,57.151,188
2023-12-07 15:50:00-05:00,57.2,57.24,57.15,57.18,50239.0,57.189,372
2023-12-07 15:55:00-05:00,57.18,57.3,57.17,57.2,143537.0,57.226,896
2023-12-08 09:30:00-05:00,57.04,57.39,57.0,57.39,15880.0,57.09,32
2023-12-08 09:35:00-05:00,57.39,57.39,57.13,57.13,6838.0,57.295,50
2023-12-08 09:40:00-05:00,57.12,57.19,57.11,57.17,683.0,57.145,6
2023-12-08 09:45:00-05:00,57.17,57.36,57.1,57.34,5931.0,57.223,39
2023-12-08 09:50:00-05:00,57.36,57.42,57.28,57.32,11871.0,57.346,52
2023-12-08 09:55:00-05:00,57.34,57.39,57.27,57.34,18679.0,57.358,54
2023-12-08 10:00:00-05:00,57.39,57.53,57.36,57.53,15387.0,57.43,101
2023-12-08 10:05:00-05:00,57.54,57.57,57.36,57.4,7878.0,57.495,60
2023-12-08 10:10:00-05:00,57.41,57.47,57.32,57.38,8234.0,57.38,50
2023-12-08 10:15:00-05:00,57.4,57.49,57.38,57.45,4639.0,57.421,31
2023-12-08 10:20:00-05:00,57.44,57.49,57.41,57.48,8487.0,57.472,57
2023-12-08 10:25:00-05:00,57.48,57.5,57.41,57.45,10391.0,57.438,68
2023-12-08 10:30:00-05:00,57.45,57.57,57.45,57.48,20086.0,57.513,139
2023-12-08 10:35:00-05:00,57.48,57.48,57.37,57.45,22341.0,57.44,142
2023-12-08 10:40:00-05:00,57.45,57.49,57.44,57.46,5922.0,57.463,49
2023-12-08 10:45:00-05:00,57.46,57.46,57.36,57.38,8972.0,57.413,63
2023-12-08 10:50:00-05:00,57.4,57.44,57.36,57.42,5015.0,57.408,43
2023-12-08 10:55:00-05:00,57.42,57.48,57.37,57.48,5437.0,57.431,29
2023-12-08 11:00:00-05:00,57.47,57.51,57.44,57.48,8414.0,57.47,62
2023-12-08 11:05:00-05:00,57.46,57.46,57.31,57.33,12227.0,57.376,97
2023-12-08 11:10:00-05:00,57.33,57.36,57.31,57.31,9166.0,57.329,69
2023-12-08 11:15:00-05:00,57.3,57.32,57.2,57.25,16750.0,57.264,123
2023-12-08 11:20:00-05:00,57.25,57.27,57.06,57.08,20478.0,57.2,118
2023-12-08 11:25:00-05:00,57.07,57.19,57.06,57.18,9738.0,57.128,79
2023-12-08 11:30:00-05:00,57.18,57.32,57.18,57.28,8305.0,57.271,36
2023-12-08 11:35:00-05:00,57.27,57.3,57.22,57.27,7799.0,57.264,60
2023-12-08 11:40:00-05:00,57.26,57.27,57.2,57.22,18939.0,57.238,90
2023-12-08 11:45:00-05:00,57.22,57.35,57.2,57.33,12338.0,57.239,97
2023-12-08 11:50:00-05:00,57.34,57.4,57.31,57.31,6203.0,57.353,54
2023-12-08 11:55:00-05:00,57.33,57.41,57.33,57.38,6915.0,57.367,57
2023-12-08 12:00:00-05:00,57.36,57.43,57.36,57.38,10601.0,57.4,81
2023-12-08 12:05:00-05:00,57.37,57.43,57.36,57.4,15185.0,57.411,70
2023-12-08 12:10:00-05:00,57.41,57.48,57.4,57.46,7907.0,57.442,54
2023-12-08 12:15:00-05:00,57.46,57.55,57.46,57.5,5538.0,57.499,37
2023-12-08 12:20:00-05:00,57.52,57.57,57.52,57.57,6928.0,57.546,58
2023-12-08 12:25:00-05:00,57.59,57.62,57.56,57.59,13054.0,57.585,84
2023-12-08 12:30:00-05:00,57.58,57.63,57.55,57.59,9721.0,57.59,68
2023-12-08 12:35:00-05:00,57.58,57.58,57.51,57.53,5013.0,57.543,37
2023-12-08 12:40:00-05:00,57.53,57.55,57.49,57.54,4663.0,57.523,42
2023-12-08 12:45:00-05:00,57.55,57.59,57.54,57.57,8332.0,57.56,64
2023-12-08 12:50:00-05:00,57.57,57.59,57.54,57.56,7319.0,57.561,47
2023-12-08 12:55:00-05:00,57.57,57.63,57.57,57.62,9024.0,57.596,57
2023-12-08 13:00:00-05:00,57.61,57.69,57.6,57.68,11008.0,57.639,73
2023-12-08 13:05:00-05:00,57.69,57.69,57.54,57.55,9754.0,57.629,71
2023-12-08 13:10:00-05:00,57.55,57.62,57.55,57.61,5930.0,57.595,36
2023-12-08 13:15:00-05:00,57.6,57.61,57.55,57.57,10717.0,57.592,43
2023-12-08 13:20:00-05:00,57.56,57.57,57.54,57.56,6592.0,57.555,46
2023-12-08 13:25:00-05:00,57.57,57.62,57.56,57.61,8472.0,57.588,59
2023-12-08 13:30:00-05:00,57.61,57.61,57.54,57.56,5998.0,57.569,48
2023-12-08 13:35:00-05:00,57.57,57.59,57.41,57.44,16243.0,57.508,101
2023-12-08 13:40:00-05:00,57.43,57.47,57.4,57.42,11765.0,57.439,67
2023-12-08 13:45:00-05:00,57.43,57.55,57.41,57.53,5119.0,57.485,35
2023-12-08 13:50:00-05:00,57.54,57.59,57.52,57.57,11342.0,57.548,75
2023-12-08 13:55:00-05:00,57.57,57.57,57.49,57.5,7404.0,57.53,51
2023-12-08 14:00:00-05:00,57.5,57.5,57.39,57.39,15854.0,57.417,75
2023-12-08 14:05:00-05:00,57.38,57.47,57.38,57.44,20521.0,57.439,89
2023-12-08 14:10:00-05:00,57.45,57.53,57.44,57.5,10297.0,57.479,68
2023-12-08 14:15:00-05:00,57.5,57.56,57.5,57.55,6519.0,57.517,43
2023-12-08 14:20:00-05:00,57.54,57.58,57.53,57.58,11657.0,57.562,51
2023-12-08 14:25:00-05:00,57.57,57.61,57.56,57.58,8997.0,57.589,43
2023-12-08 14:30:00-05:00,57.6,57.63,57.57,57.58,4866.0,57.602,40
2023-12-08 14:35:00-05:00,57.57,57.57,57.5,57.54,9291.0,57.533,53
2023-12-08 14:40:00-05:00,57.55,57.62,57.55,57.6,5624.0,57.575,43
2023-12-08 14:45:00-05:00,57.59,57.59,57.55,57.58,4973.0,57.577,39
2023-12-08 14:50:00-05:00,57.59,57.62,57.57,57.57,6722.0,57.587,43
2023-12-08 14:55:00-05:00,57.56,57.58,57.48,57.52,13581.0,57.525,93
2023-12-08 15:00:00-05:00,57.53,57.55,57.5,57.54,10865.0,57.527,66
2023-12-08 15:05:00-05:00,57.54,57.54,57.41,57.41,17398.0,57.463,114
2023-12-08 15:10:00-05:00,57.41,57.42,57.3,57.33,28700.0,57.356,191
2023-12-08 15:15:00-05:00,57.32,57.41,57.3,57.39,15520.0,57.344,87
2023-12-08 15:20:00-05:00,57.39,57.45,57.33,57.38,53685.0,57.376,292
2023-12-08 15:25:00-05:00,57.38,57.4,57.35,57.36,50268.0,57.373,202
2023-12-08 15:30:00-05:00,57.36,57.42,57.35,57.37,42458.0,57.384,200
2023-12-08 15:35:00-05:00,57.37,57.42,57.36,57.41,61483.0,57.385,306
2023-12-08 15:40:00-05:00,57.41,57.47,57.41,57.43,21681.0,57.431,140
2023-12-08 15:45:00-05:00,57.44,57.46,57.4,57.41,34357.0,57.429,208
2023-12-08 15:50:00-05:00,57.4,57.45,57.4,57.45,52928.0,57.424,280
2023-12-08 15:55:00-05:00,57.46,57.54,57.45,57.51,152226.0,57.505,620
2023-12-11 09:30:00-05:00,57.35,57.43,57.19,57.31,11090.0,57.339,21
2023-12-11 09:35:00-05:00,57.37,57.46,57.04,57.15,6597.0,57.354,53
2023-12-11 09:40:00-05:00,57.15,57.24,57.06,57.23,5645.0,57.169,48
2023-12-11 09:45:00-05:00,57.25,57.25,57.04,57.05,8258.0,57.116,47
2023-12-11 09:50:00-05:00,57.03,57.09,57.0,57.04,3905.0,57.038,36
2023-12-11 09:55:00-05:00,57.15,57.21,57.09,57.14,3709.0,57.159,33
2023-12-11 10:00:00-05:00,57.16,57.26,57.16,57.25,5565.0,57.206,45
2023-12-11 10:05:00-05:00,57.25,57.35,57.22,57.28,8710.0,57.297,63
2023-12-11 10:10:00-05:00,57.25,57.37,57.22,57.35,13675.0,57.298,75
2023-12-11 10:15:00-05:00,57.32,57.37,57.27,57.34,19527.0,57.301,86
2023-12-11 10:20:00-05:00,57.35,57.37,57.3,57.31,4439.0,57.35,34
2023-12-11 10:25:00-05:00,57.3,57.37,57.26,57.36,4715.0,57.321,43
2023-12-11 10:30:00-05:00,57.38,57.41,57.33,57.41,8526.0,57.38,73
2023-12-11 10:35:00-05:00,57.43,57.51,57.4,57.45,10159.0,57.449,47
2023-12-11 10:40:00-05:00,57.45,57.45,57.39,57.41,4137.0,57.418,33
2023-12-11 10:45:00-05:00,57.43,57.62,57.43,57.62,3080.0,57.564,29
2023-12-11 10:50:00-05:00,57.62,57.77,57.62,57.62,8363.0,57.677,36
2023-12-11 10:55:00-05:00,57.62,57.7,57.62,57.63,6767.0,57.677,45
2023-12-11 11:00:00-05:00,57.61,57.63,57.56,57.61,7882.0,57.58,32
2023-12-11 11:05:00-05:00,57.6,57.62,57.52,57.59,4579.0,57.561,43
2023-12-11 11:10:00-05:00,57.56,57.62,57.52,57.53,3560.0,57.569,34
2023-12-11 11:15:00-05:00,57.53,57.58,57.51,57.58,4059.0,57.543,36
2023-12-11 11:20:00-05:00,57.56,57.57,57.5,57.5,3955.0,57.542,33
2023-12-11 11:25:00-05:00,57.52,57.58,57.5,57.57,2677.0,57.547,23
2023-12-11 11:30:00-05:00,57.56,57.59,57.47,57.51,13927.0,57.507,61
2023-12-11 11:35:00-05:00,57.53,57.65,57.53,57.61,11679.0,57.599,50
2023-12-11 11:40:00-05:00,57.63,57.65,57.58,57.62,5325.0,57.617,42
2023-12-11 11:45:00-05:00,57.64,57.74,57.64,57.69,8790.0,57.701,39
2023-12-11 11:50:00-05:00,57.66,57.7,57.64,57.67,3907.0,57.67,31
2023-12-11 11:55:00-05:00,57.65,57.71,57.64,57.7,3150.0,57.684,28
2023-12-11 12:00:00-05:00,57.7,57.72,57.64,57.66,5758.0,57.694,32
2023-12-11 12:05:00-05:00,57.63,57.64,57.5,57.51,13576.0,57.577,61
2023-12-11 12:10:00-05:00,57.52,57.58,57.51,57.55,2920.0,57.546,25
2023-12-11 12:15:00-05:00,57.55,57.56,57.49,57.52,2676.0,57.521,25
2023-12-11 12:20:00-05:00,57.5,57.57,57.49,57.55,4246.0,57.527,33
2023-12-11 12:25:00-05:00,57.52,57.53,57.46,57.47,4081.0,57.491,37
2023-12-11 12:30:00-05:00,57.47,57.54,57.47,57.51,3435.0,57.497,28
2023-12-11 12:35:00-05:00,57.5,57.59,57.48,57.58,5488.0,57.537,43
2023-12-11 12:40:00-05:00,57.58,57.58,57.5,57.55,3277.0,57.549,31
2023-12-11 12:45:00-05:00,57.56,57.59,57.53,57.55,6151.0,57.562,36
2023-12-11 12:50:00-05:00,57.55,57.56,57.47,57.48,19703.0,57.524,112
2023-12-11 12:55:00-05:00,57.47,57.52,57.47,57.48,6300.0,57.492,49
2023-12-11 13:00:00-05:00,57.47,57.47,57.37,57.45,5351.0,57.423,40
2023-12-11 13:05:00-05:00,57.44,57.47,57.39,57.4,9518.0,57.433,71
2023-12-11 13:10:00-05:00,57.39,57.42,57.38,57.41,8843.0,57.402,61
2023-12-11 13:15:00-05:00,57.42,57.47,57.41,57.43,4580.0,57.44,38
2023-12-11 13:20:00-05:00,57.42,57.48,57.41,57.48,12478.0,57.432,35
2023-12-11 13:25:00-05:00,57.47,57.47,57.45,57.46,7654.0,57.459,61
2023-12-11 13:30:00-05:00,57.46,57.49,57.45,57.48,7695.0,57.476,49
2023-12-11 13:35:00-05:00,57.47,57.52,57.43,57.51,6361.0,57.469,51
2023-12-11 13:40:00-05:00,57.51,57.51,57.43,57.43,9243.0,57.487,34
2023-12-11 13:45:00-05:00,57.41,57.41,57.33,57.36,6378.0,57.352,38
2023-12-11 13:50:00-05:00,57.38,57.4,57.35,57.36,3785.0,57.381,36
2023-12-11 13:55:00-05:00,57.35,57.39,57.33,57.37,5676.0,57.362,44
2023-12-11 14:00:00-05:00,57.37,57.38,57.28,57.29,4176.0,57.327,30
2023-12-11 14:05:00-05:00,57.29,57.29,57.24,57.24,6102.0,57.274,55
2023-12-11 14:10:00-05:00,57.25,57.28,57.23,57.28,5398.0,57.251,43
2023-12-11 14:15:00-05:00,57.29,57.29,57.2,57.2,6230.0,57.251,53
2023-12-11 14:20:00-05:00,57.2,57.33,57.19,57.33,10138.0,57.267,70
2023-12-11 14:25:00-05:00,57.32,57.32,57.24,57.28,10204.0,57.279,66
2023-12-11 14:30:00-05:00,57.29,57.31,57.24,57.25,4926.0,57.266,36
2023-12-11 14:35:00-05:00,57.26,57.27,57.22,57.26,5631.0,57.25,52
2023-12-11 14:40:00-05:00,57.27,57.3,57.26,57.27,6917.0,57.278,48
2023-12-11 14:45:00-05:00,57.27,57.37,57.26,57.37,7785.0,57.304,60
2023-12-11 14:50:00-05:00,57.4,57.41,57.37,57.4,4869.0,57.388,41
2023-12-11 14:55:00-05:00,57.39,57.41,57.36,57.39,6414.0,57.381,51
2023-12-11 15:00:00-05:00,57.37,57.38,57.35,57.36,5778.0,57.365,42
2023-12-11 15:05:00-05:00,57.36,57.43,57.34,57.42,10127.0,57.376,74
2023-12-11 15:10:00-05:00,57.41,57.44,57.4,57.42,14707.0,57.416,122
2023-12-11 15:15:00-05:00,57.42,57.48,57.41,57.47,7284.0,57.433,58
2023-12-11 15:20:00-05:00,57.47,57.48,57.43,57.47,18971.0,57.457,100
2023-12-11 15:25:00-05:00,57.46,57.5,57.45,57.47,16460.0,57.47,86
2023-12-11 15:30:00-05:00,57.46,57.49,57.44,57.48,13360.0,57.461,92
2023-12-11 15:35:00-05:00,57.48,57.57,57.48,57.57,12542.0,57.545,89
2023-12-11 15:40:00-05:00,57.57,57.62,57.56,57.59,15844.0,57.599,107
2023-12-11 15:45:00-05:00,57.58,57.63,57.55,57.6,21460.0,57.584,138
2023-12-11 15:50:00-05:00,57.59,57.61,57.52,57.53,31333.0,57.561,227
2023-12-11 15:55:00-05:00,57.53,57.63,57.53,57.57,94735.0,57.581,471
2023-12-12 09:30:00-05:00,57.53,57.53,56.92,57.02,29475.0,57.405,71
2023-12-12 09:35:00-05:00,56.98,56.99,56.6,56.73,17638.0,56.737,133
2023-12-12 09:40:00-05:00,56.7,56.86,56.38,56.46,17697.0,56.657,114
2023-12-12 09:45:00-05:00,56.46,56.86,56.4,56.76,12284.0,56.608,92
2023-12-12 09:50:00-05:00,56.77,56.93,56.77,56.9,3345.0,56.857,27
2023-12-12 09:55:00-05:00,56.88,56.89,56.69,56.73,7878.0,56.766,73
2023-12-12 10:00:00-05:00,56.73,56.81,56.64,56.81,8479.0,56.694,79
2023-12-12 10:05:00-05:00,56.85,57.03,56.84,57.03,7429.0,56.949,69
2023-12-12 10:10:00-05:00,57.02,57.05,56.8,56.87,8513.0,56.948,74
2023-12-12 10:15:00-05:00,56.88,56.95,56.83,56.94,6778.0,56.9,60
2023-12-12 10:20:00-05:00,56.95,56.99,56.94,56.98,3657.0,56.973,31
2023-12-12 10:25:00-05:00,56.97,56.98,56.93,56.96,8961.0,56.962,72
2023-12-12 10:30:00-05:00,56.94,56.98,56.93,56.98,5942.0,56.958,43
2023-12-12 10:35:00-05:00,56.95,56.98,56.93,56.96,6293.0,56.956,57
2023-12-12 10:40:00-05:00,56.96,57.0,56.91,57.0,9637.0,56.956,78
2023-12-12 10:45:00-05:00,57.0,57.2,56.99,57.17,9844.0,57.131,90
2023-12-12 10:50:00-05:00,57.17,57.2,57.08,57.13,10917.0,57.131,97
2023-12-12 10:55:00-05:00,57.14,57.18,57.08,57.08,6954.0,57.137,60
2023-12-12 11:00:00-05:00,57.07,57.12,57.04,57.1,6931.0,57.076,60
2023-12-12 11:05:00-05:00,57.11,57.13,57.01,57.03,9885.0,57.06,73
2023-12-12 11:10:00-05:00,57.01,57.05,56.97,56.98,5463.0,57.01,50
2023-12-12 11:15:00-05:00,56.98,57.04,56.96,57.02,9135.0,57.003,76
2023-12-12 11:20:00-05:00,57.02,57.03,56.98,57.03,6068.0,57.007,54
2023-12-12 11:25:00-05:00,57.01,57.04,56.95,57.04,16389.0,56.984,66
2023-12-12 11:30:00-05:00,57.03,57.04,56.97,57.01,6538.0,57.009,61
2023-12-12 11:35:00-05:00,57.02,57.05,57.0,57.02,5206.0,57.022,50
2023-12-12 11:40:00-05:00,57.02,57.12,57.01,57.07,13123.0,57.072,91
2023-12-12 11:45:00-05:00,57.07,57.12,57.06,57.12,4712.0,57.083,37
2023-12-12 11:50:00-05:00,57.11,57.26,57.11,57.23,9204.0,57.187,71
2023-12-12 11:55:00-05:00,57.22,57.23,57.12,57.12,9191.0,57.167,81
2023-12-12 12:00:00-05:00,57.12,57.19,57.1,57.19,6865.0,57.135,57
2023-12-12 12:05:00-05:00,57.18,57.22,57.16,57.17,4513.0,57.185,38
2023-12-12 12:10:00-05:00,57.16,57.23,57.16,57.23,6634.0,57.176,58
2023-12-12 12:15:00-05:00,57.23,57.27,57.22,57.27,7391.0,57.245,56
2023-12-12 12:20:00-05:00,57.28,57.33,57.28,57.32,5538.0,57.306,50
2023-12-12 12:25:00-05:00,57.32,57.34,57.27,57.29,7479.0,57.302,41
2023-12-12 12:30:00-05:00,57.29,57.38,57.29,57.36,6051.0,57.347,48
2023-12-12 12:35:00-05:00,57.37,57.4,57.32,57.33,3832.0,57.365,35
2023-12-12 12:40:00-05:00,57.32,57.37,57.32,57.36,4184.0,57.342,37
2023-12-12 12:45:00-05:00,57.36,57.37,57.34,57.35,6673.0,57.356,49
2023-12-12 12:50:00-05:00,57.35,57.39,57.3,57.33,8964.0,57.361,81
2023-12-12 12:55:00-05:00,57.32,57.33,57.26,57.26,3556.0,57.306,22
2023-12-12 13:00:00-05:00,57.25,57.39,57.25,57.38,7815.0,57.298,71
2023-12-12 13:05:00-05:00,57.4,57.4,57.33,57.34,3825.0,57.36,32
2023-12-12 13:10:00-05:00,57.33,57.34,57.28,57.28,4906.0,57.32,42
2023-12-12 13:15:00-05:00,57.28,57.34,57.27,57.32,5857.0,57.31,48
2023-12-12 13:20:00-05:00,57.32,57.34,57.29,57.3,9088.0,57.313,77
2023-12-12 13:25:00-05:00,57.29,57.31,57.27,57.3,8951.0,57.296,47
2023-12-12 13:30:00-05:00,57.31,57.36,57.28,57.29,6995.0,57.332,59
2023-12-12 13:35:00-05:00,57.29,57.31,57.21,57.25,15818.0,57.245,84
2023-12-12 13:40:00-05:00,57.24,57.26,57.19,57.22,4735.0,57.222,36
2023-12-12 13:45:00-05:00,57.23,57.24,57.21,57.21,4666.0,57.225,39
2023-12-12 13:50:00-05:00,57.21,57.21,57.15,57.18,9231.0,57.184,51
2023-12-12 13:55:00-05:00,57.19,57.24,57.17,57.23,6638.0,57.201,53
2023-12-12 14:00:00-05:00,57.22,57.23,57.15,57.17,8873.0,57.183,60
2023-12-12 14:05:00-05:00,57.16,57.18,57.08,57.08,6093.0,57.148,43
2023-12-12 14:10:00-05:00,57.08,57.19,57.07,57.18,6853.0,57.13,56
2023-12-12 14:15:00-05:00,57.17,57.21,57.13,57.2,5783.0,57.182,51
2023-12-12 14:20:00-05:00,57.19,57.23,57.19,57.21,7209.0,57.213,61
2023-12-12 14:25:00-05:00,57.2,57.23,57.18,57.21,9453.0,57.214,58
2023-12-12 14:30:00-05:00,57.21,57.3,57.21,57.26,8734.0,57.245,70
2023-12-12 14:35:00-05:00,57.25,57.26,57.21,57.23,8079.0,57.236,58
2023-12-12 14:40:00-05:00,57.24,57.29,57.23,57.28,8899.0,57.25,72
2023-12-12 14:45:00-05:00,57.28,57.34,57.27,57.33,9548.0,57.305,72
2023-12-12 14:50:00-05:00,57.32,57.34,57.29,57.29,6660.0,57.317,58
2023-12-12 14:55:00-05:00,57.29,57.31,57.26,57.29,9629.0,57.283,77
2023-12-12 15:00:00-05:00,57.29,57.31,57.27,57.3,10327.0,57.291,77
2023-12-12 15:05:00-05:00,57.3,57.34,57.27,57.27,10182.0,57.302,80
2023-12-12 15:10:00-05:00,57.27,57.29,57.19,57.27,11797.0,57.255,93
2023-12-12 15:15:00-05:00,57.28,57.3,57.26,57.28,8264.0,57.277,64
2023-12-12 15:20:00-05:00,57.27,57.31,57.27,57.28,16470.0,57.291,107
2023-12-12 15:25:00-05:00,57.27,57.31,57.19,57.2,13496.0,57.26,110
2023-12-12 15:30:00-05:00,57.19,57.2,57.14,57.17,21841.0,57.168,152
2023-12-12 15:35:00-05:00,57.17,57.2,57.08,57.08,19055.0,57.144,141
2023-12-12 15:40:00-05:00,57.09,57.14,57.07,57.1,24551.0,57.098,179
2023-12-12 15:45:00-05:00,57.09,57.12,57.04,57.09,32041.0,57.078,214
2023-12-12 15:50:00-05:00,57.09,57.12,57.05,57.11,59012.0,57.087,420
2023-12-12 15:55:00-05:00,57.11,57.22,57.1,57.22,144415.0,57.155,882
2023-12-13 09:30:00-05:00,56.96,57.11,56.82,57.04,20696.0,56.938,57
2023-12-13 09:35:00-05:00,57.04,57.14,56.96,57.13,5615.0,57.016,40
2023-12-13 09:40:00-05:00,57.21,57.35,57.18,57.19,4556.0,57.29,28
2023-12-13 09:45:00-05:00,57.23,57.48,57.18,57.48,5106.0,57.339,39
2023-12-13 09:50:00-05:00,57.45,57.45,57.34,57.38,5044.0,57.402,27
2023-12-13 09:55:00-05:00,57.36,57.39,57.29,57.37,3749.0,57.344,28
2023-12-13 10:00:00-05:00,57.43,57.49,57.39,57.39,6987.0,57.439,48
2023-12-13 10:05:00-05:00,57.41,57.63,57.41,57.63,6360.0,57.556,50
2023-12-13 10:10:00-05:00,57.64,57.74,57.64,57.71,8076.0,57.685,59
2023-12-13 10:15:00-05:00,57.71,57.81,57.68,57.76,12152.0,57.751,62
2023-12-13 10:20:00-05:00,57.77,57.77,57.62,57.66,9571.0,57.68,61
2023-12-13 10:25:00-05:00,57.64,57.69,57.64,57.68,6803.0,57.664,52
2023-12-13 10:30:00-05:00,57.69,57.75,57.67,57.73,7083.0,57.706,51
2023-12-13 10:35:00-05:00,57.72,57.74,57.69,57.71,7663.0,57.712,47
2023-12-13 10:40:00-05:00,57.71,57.76,57.66,57.73,5529.0,57.691,40
2023-12-13 10:45:00-05:00,57.75,57.92,57.74,57.91,4907.0,57.832,36
2023-12-13 10:50:00-05:00,57.92,57.95,57.86,57.89,6463.0,57.91,58
2023-12-13 10:55:00-05:00,57.9,57.94,57.82,57.85,4245.0,57.871,39
2023-12-13 11:00:00-05:00,57.88,57.89,57.82,57.83,6127.0,57.854,50
2023-12-13 11:05:00-05:00,57.81,57.83,57.76,57.78,4729.0,57.789,40
2023-12-13 11:10:00-05:00,57.8,57.86,57.8,57.84,4623.0,57.822,38
2023-12-13 11:15:00-05:00,57.84,57.85,57.78,57.78,5066.0,57.808,35
2023-12-13 11:20:00-05:00,57.79,57.8,57.78,57.79,3542.0,57.794,30
2023-12-13 11:25:00-05:00,57.78,57.85,57.78,57.82,4109.0,57.81,33
2023-12-13 11:30:00-05:00,57.83,57.84,57.77,57.84,3926.0,57.805,30
2023-12-13 11:35:00-05:00,57.82,57.87,57.81,57.83,8457.0,57.844,58
2023-12-13 11:40:00-05:00,57.79,57.79,57.74,57.75,2843.0,57.759,25
2023-12-13 11:45:00-05:00,57.76,57.81,57.75,57.75,2501.0,57.776,23
2023-12-13 11:50:00-05:00,57.75,57.75,57.7,57.72,5606.0,57.726,34
2023-12-13 11:55:00-05:00,57.72,57.73,57.65,57.65,4824.0,57.7,32
2023-12-13 12:00:00-05:00,57.62,57.67,57.62,57.64,3830.0,57.642,24
2023-12-13 12:05:00-05:00,57.65,57.65,57.58,57.59,6655.0,57.607,47
2023-12-13 12:10:00-05:00,57.58,57.65,57.55,57.63,3933.0,57.595,25
2023-12-13 12:15:00-05:00,57.62,57.69,57.61,57.68,4636.0,57.653,40
2023-12-13 12:20:00-05:00,57.66,57.71,57.66,57.68,3456.0,57.682,27
2023-12-13 12:25:00-05:00,57.69,57.7,57.69,57.69,1500.0,57.693,15
2023-12-13 12:30:00-05:00,57.68,57.76,57.67,57.76,4223.0,57.697,34
2023-12-13 12:35:00-05:00,57.75,57.8,57.74,57.79,2944.0,57.765,28
2023-12-13 12:40:00-05:00,57.79,57.8,57.77,57.78,4027.0,57.79,29
2023-12-13 12:45:00-05:00,57.79,57.82,57.76,57.77,4239.0,57.784,38
2023-12-13 12:50:00-05:00,57.78,57.84,57.77,57.84,8339.0,57.812,71
2023-12-13 12:55:00-05:00,57.84,57.85,57.8,57.81,3317.0,57.823,25
2023-12-13 13:00:00-05:00,57.81,57.81,57.72,57.74,4547.0,57.748,25
2023-12-13 13:05:00-05:00,57.74,57.78,57.74,57.75,2668.0,57.76,21
2023-12-13 13:10:00-05:00,57.75,57.82,57.75,57.8,3510.0,57.793,27
2023-12-13 13:15:00-05:00,57.79,57.81,57.76,57.79,2402.0,57.786,21
2023-12-13 13:20:00-05:00,57.8,57.8,57.75,57.75,1510.0,57.762,14
2023-12-13 13:25:00-05:00,57.75,57.76,57.7,57.75,5508.0,57.725,38
2023-12-13 13:30:00-05:00,57.75,57.79,57.72,57.79,4785.0,57.758,34
2023-12-13 13:35:00-05:00,57.78,57.81,57.75,57.75,2262.0,57.773,20
2023-12-13 13:40:00-05:00,57.74,57.78,57.73,57.76,3760.0,57.756,27
2023-12-13 13:45:00-05:00,57.77,57.79,57.76,57.77,2834.0,57.777,26
2023-12-13 13:50:00-05:00,57.76,57.82,57.76,57.79,5207.0,57.796,39
2023-12-13 13:55:00-05:00,57.79,57.8,57.76,57.78,4262.0,57.789,22
2023-12-13 14:00:00-05:00,57.73,58.1,57.73,58.1,22184.0,57.955,131
2023-12-13 14:05:00-05:00,58.1,58.19,58.03,58.08,14291.0,58.092,106
2023-12-13 14:10:00-05:00,58.1,58.27,58.09,58.18,9157.0,58.168,74
2023-12-13 14:15:00-05:00,58.17,58.3,58.17,58.27,3681.0,58.253,26
2023-12-13 14:20:00-05:00,58.28,58.32,58.27,58.28,6681.0,58.29,44
2023-12-13 14:25:00-05:00,58.25,58.36,58.21,58.36,7758.0,58.273,61
2023-12-13 14:30:00-05:00,58.35,58.37,58.28,58.36,6377.0,58.321,46
2023-12-13 14:35:00-05:00,58.37,58.55,58.37,58.53,13123.0,58.484,79
2023-12-13 14:40:00-05:00,58.53,58.7,58.53,58.7,16133.0,58.607,100
2023-12-13 14:45:00-05:00,58.72,58.92,58.71,58.88,6677.0,58.849,49
2023-12-13 14:50:00-05:00,58.87,58.97,58.84,58.9,7819.0,58.899,63
2023-12-13 14:55:00-05:00,58.92,59.05,58.9,59.02,9338.0,58.993,62
2023-12-13 15:00:00-05:00,59.02,59.26,59.02,59.26,8412.0,59.147,61
2023-12-13 15:05:00-05:00,59.28,59.29,59.17,59.18,8940.0,59.22,64
2023-12-13 15:10:00-05:00,59.1,59.18,59.05,59.1,10310.0,59.124,76
2023-12-13 15:15:00-05:00,59.09,59.16,59.08,59.08,10559.0,59.12,85
2023-12-13 15:20:00-05:00,59.07,59.13,58.91,58.92,21975.0,59.066,101
2023-12-13 15:25:00-05:00,58.93,58.94,58.78,58.92,23739.0,58.868,130
2023-12-13 15:30:00-05:00,58.91,58.99,58.86,58.99,24373.0,58.927,178
2023-12-13 15:35:00-05:00,59.0,59.18,58.98,59.17,24535.0,59.08,160
2023-12-13 15:40:00-05:00,59.17,59.18,59.06,59.08,30216.0,59.11,213
2023-12-13 15:45:00-05:00,59.09,59.11,58.98,59.01,33619.0,59.038,246
2023-12-13 15:50:00-05:00,59.01,59.04,58.84,58.94,57515.0,58.917,289
2023-12-13 15:55:00-05:00,58.94,59.02,58.9,58.96,174941.0,58.974,887
2023-12-14 09:30:00-05:00,59.75,60.28,59.45,60.28,101476.0,59.963,242
2023-12-14 09:35:00-05:00,60.26,60.39,60.07,60.36,21214.0,60.239,171
2023-12-14 09:40:00-05:00,60.39,60.76,60.39,60.76,18105.0,60.602,140
2023-12-14 09:45:00-05:00,60.74,60.75,60.4,60.41,23393.0,60.596,202
2023-12-14 09:50:00-05:00,60.41,60.5,60.34,60.41,8965.0,60.399,79
2023-12-14 09:55:00-05:00,60.37,60.57,60.37,60.55,13086.0,60.489,96
2023-12-14 10:00:00-05:00,60.56,60.64,60.51,60.58,16601.0,60.577,127
2023-12-14 10:05:00-05:00,60.6,60.72,60.52,60.52,17966.0,60.638,155
2023-12-14 10:10:00-05:00,60.51,60.55,60.3,60.31,14275.0,60.415,108
2023-12-14 10:15:00-05:00,60.29,60.36,60.13,60.15,13350.0,60.249,106
2023-12-14 10:20:00-05:00,60.16,60.26,60.07,60.23,9170.0,60.187,61
2023-12-14 10:25:00-05:00,60.26,60.32,60.17,60.22,27118.0,60.225,158
2023-12-14 10:30:00-05:00,60.25,60.36,60.24,60.32,18334.0,60.289,137
2023-12-14 10:35:00-05:00,60.33,60.34,60.1,60.21,9985.0,60.216,88
2023-12-14 10:40:00-05:00,60.22,60.24,59.99,60.01,19219.0,60.094,143
2023-12-14 10:45:00-05:00,60.02,60.16,59.94,60.14,22144.0,60.022,103
2023-12-14 10:50:00-05:00,60.14,60.24,60.09,60.16,9129.0,60.163,76
2023-12-14 10:55:00-05:00,60.16,60.17,60.06,60.08,36153.0,60.128,152
2023-12-14 11:00:00-05:00,60.07,60.11,60.0,60.06,17394.0,60.057,136
2023-12-14 11:05:00-05:00,60.05,60.06,59.94,59.95,25554.0,60.024,135
2023-12-14 11:10:00-05:00,59.95,59.99,59.74,59.74,9865.0,59.896,87
2023-12-14 11:15:00-05:00,59.74,59.86,59.68,59.8,6601.0,59.776,57
2023-12-14 11:20:00-05:00,59.78,59.82,59.74,59.79,11110.0,59.781,90
2023-12-14 11:25:00-05:00,59.8,59.85,59.78,59.84,9082.0,59.817,81
2023-12-14 11:30:00-05:00,59.85,59.94,59.84,59.86,22706.0,59.886,205
2023-12-14 11:35:00-05:00,59.86,59.96,59.82,59.96,12191.0,59.868,97
2023-12-14 11:40:00-05:00,59.95,59.99,59.95,59.97,11222.0,59.972,98
2023-12-14 11:45:00-05:00,59.97,60.05,59.93,59.97,12988.0,59.987,103
2023-12-14 11:50:00-05:00,59.96,59.99,59.9,59.91,10260.0,59.952,92
2023-12-14 11:55:00-05:00,59.91,59.97,59.9,59.95,9179.0,59.939,82
2023-12-14 12:00:00-05:00,59.94,59.96,59.82,59.84,12481.0,59.874,114
2023-12-14 12:05:00-05:00,59.85,59.88,59.81,59.82,8807.0,59.84,73
2023-12-14 12:10:00-05:00,59.81,59.86,59.77,59.78,13406.0,59.803,103
2023-12-14 12:15:00-05:00,59.79,59.81,59.67,59.68,8033.0,59.732,74
2023-12-14 12:20:00-05:00,59.68,59.86,59.67,59.82,18390.0,59.793,150
2023-12-14 12:25:00-05:00,59.82,59.83,59.68,59.73,15426.0,59.761,137
2023-12-14 12:30:00-05:00,59.74,59.77,59.69,59.75,6178.0,59.724,54
2023-12-14 12:35:00-05:00,59.76,59.77,59.68,59.7,14729.0,59.723,108
2023-12-14 12:40:00-05:00,59.69,59.76,59.69,59.71,6406.0,59.714,54
2023-12-14 12:45:00-05:00,59.72,59.72,59.63,59.68,10240.0,59.661,89
2023-12-14 12:50:00-05:00,59.69,59.71,59.58,59.6,18248.0,59.636,149
2023-12-14 12:55:00-05:00,59.6,59.6,59.45,59.45,11880.0,59.513,96
2023-12-14 13:00:00-05:00,59.44,59.44,59.31,59.31,17724.0,59.374,107
2023-12-14 13:05:00-05:00,59.32,59.44,59.3,59.38,13047.0,59.382,97
2023-12-14 13:10:00-05:00,59.4,59.5,59.39,59.47,6709.0,59.464,55
2023-12-14 13:15:00-05:00,59.49,59.54,59.47,59.52,10237.0,59.502,83
2023-12-14 13:20:00-05:00,59.53,59.58,59.52,59.53,8531.0,59.552,72
2023-12-14 13:25:00-05:00,59.52,59.54,59.38,59.39,11931.0,59.48,103
2023-12-14 13:30:00-05:00,59.38,59.45,59.35,59.45,13285.0,59.399,91
2023-12-14 13:35:00-05:00,59.44,59.45,59.34,59.37,19775.0,59.393,147
2023-12-14 13:40:00-05:00,59.33,59.35,59.24,59.24,22962.0,59.316,172
2023-12-14 13:45:00-05:00,59.27,59.3,59.18,59.18,20743.0,59.235,162
2023-12-14 13:50:00-05:00,59.18,59.2,59.01,59.04,20850.0,59.136,165
2023-12-14 13:55:00-05:00,59.05,59.21,59.04,59.21,19261.0,59.131,147
2023-12-14 14:00:00-05:00,59.21,59.29,59.2,59.24,15914.0,59.251,138
2023-12-14 14:05:00-05:00,59.23,59.24,59.14,59.15,8871.0,59.198,81
2023-12-14 14:10:00-05:00,59.14,59.17,59.1,59.15,8934.0,59.129,79
2023-12-14 14:15:00-05:00,59.14,59.15,59.1,59.13,11784.0,59.126,98
2023-12-14 14:20:00-05:00,59.12,59.12,59.06,59.11,15478.0,59.089,84
2023-12-14 14:25:00-05:00,59.11,59.16,59.08,59.13,12872.0,59.129,89
2023-12-14 14:30:00-05:00,59.12,59.14,59.04,59.13,11658.0,59.091,99
2023-12-14 14:35:00-05:00,59.13,59.14,59.07,59.08,12607.0,59.11,105
2023-12-14 14:40:00-05:00,59.08,59.21,59.06,59.17,13338.0,59.143,110
2023-12-14 14:45:00-05:00,59.16,59.16,59.1,59.11,8782.0,59.133,75
2023-12-14 14:50:00-05:00,59.11,59.14,59.08,59.12,15067.0,59.102,116
2023-12-14 14:55:00-05:00,59.14,59.31,59.14,59.31,18102.0,59.219,135
2023-12-14 15:00:00-05:00,59.3,59.33,59.23,59.3,30240.0,59.277,223
2023-12-14 15:05:00-05:00,59.3,59.34,59.25,59.32,16532.0,59.303,139
2023-12-14 15:10:00-05:00,59.32,59.35,59.27,59.3,20684.0,59.316,169
2023-12-14 15:15:00-05:00,59.3,59.3,59.23,59.28,12368.0,59.258,104
2023-12-14 15:20:00-05:00,59.29,59.3,59.24,59.28,19932.0,59.273,158
2023-12-14 15:25:00-05:00,59.28,59.3,59.21,59.22,16754.0,59.264,144
2023-12-14 15:30:00-05:00,59.22,59.35,59.21,59.32,37929.0,59.31,279
2023-12-14 15:35:00-05:00,59.32,59.32,59.24,59.3,20769.0,59.283,168
2023-12-14 15:40:00-05:00,59.29,59.3,59.18,59.19,26775.0,59.231,213
2023-12-14 15:45:00-05:00,59.19,59.27,59.16,59.18,40923.0,59.202,302
2023-12-14 15:50:00-05:00,59.17,59.19,59.12,59.14,60313.0,59.155,446
2023-12-14 15:55:00-05:00,59.14,59.22,59.1,59.16,259192.0,59.169,1636
2023-12-15 09:30:00-05:00,58.98,59.67,58.89,59.53,677427.0,58.985,79
2023-12-15 09:35:00-05:00,59.51,59.51,59.12,59.16,9648.0,59.226,83
2023-12-15 09:40:00-05:00,59.16,59.43,59.16,59.35,26061.0,59.35,201
2023-12-15 09:45:00-05:00,59.36,59.53,59.27,59.47,6257.0,59.386,38
2023-12-15 09:50:00-05:00,59.47,59.49,59.31,59.49,12572.0,59.356,62
2023-12-15 09:55:00-05:00,59.47,59.47,59.28,59.41,9095.0,59.366,61
2023-12-15 10:00:00-05:00,59.43,59.6,59.43,59.48,9703.0,59.494,73
2023-12-15 10:05:00-05:00,59.47,59.59,59.46,59.53,5414.0,59.54,42
2023-12-15 10:10:00-05:00,59.55,59.63,59.46,59.59,17148.0,59.564,139
2023-12-15 10:15:00-05:00,59.59,59.59,59.38,59.39,15608.0,59.482,121
2023-12-15 10:20:00-05:00,59.4,59.41,59.31,59.34,8107.0,59.357,59
2023-12-15 10:25:00-05:00,59.35,59.45,59.3,59.35,10127.0,59.374,73
2023-12-15 10:30:00-05:00,59.32,59.32,59.13,59.21,11483.0,59.221,74
2023-12-15 10:35:00-05:00,59.2,59.26,59.14,59.18,13100.0,59.185,78
2023-12-15 10:40:00-05:00,59.2,59.2,59.1,59.11,7701.0,59.136,49
2023-12-15 10:45:00-05:00,59.13,59.13,59.03,59.08,10400.0,59.085,69
2023-12-15 10:50:00-05:00,59.09,59.17,59.07,59.15,7772.0,59.129,60
2023-12-15 10:55:00-05:00,59.16,59.29,59.16,59.26,6470.0,59.235,50
2023-12-15 11:00:00-05:00,59.29,59.33,59.26,59.29,4251.0,59.292,33
2023-12-15 11:05:00-05:00,59.29,59.29,59.14,59.17,6359.0,59.209,54
2023-12-15 11:10:00-05:00,59.11,59.25,59.1,59.23,5356.0,59.184,40
2023-12-15 11:15:00-05:00,59.2,59.23,59.1,59.1,8964.0,59.17,63
2023-12-15 11:20:00-05:00,59.08,59.09,59.02,59.04,13202.0,59.057,61
2023-12-15 11:25:00-05:00,59.04,59.08,59.02,59.05,6641.0,59.047,44
2023-12-15 11:30:00-05:00,59.04,59.12,59.01,59.1,4480.0,59.067,34
2023-12-15 11:35:00-05:00,59.1,59.14,59.02,59.02,5495.0,59.081,46
2023-12-15 11:40:00-05:00,59.02,59.09,59.0,59.02,12278.0,59.035,62
2023-12-15 11:45:00-05:00,59.02,59.04,58.91,58.93,20482.0,58.98,155
2023-12-15 11:50:00-05:00,58.92,58.97,58.88,58.96,31526.0,58.934,175
2023-12-15 11:55:00-05:00,58.95,59.02,58.93,59.0,7231.0,58.98,62
2023-12-15 12:00:00-05:00,59.01,59.04,58.93,58.94,9010.0,58.986,70
2023-12-15 12:05:00-05:00,58.96,58.96,58.84,58.84,9602.0,58.924,63
2023-12-15 12:10:00-05:00,58.86,58.94,58.81,58.85,17520.0,58.911,95
2023-12-15 12:15:00-05:00,58.85,58.93,58.83,58.93,6403.0,58.891,47
2023-12-15 12:20:00-05:00,58.94,58.94,58.88,58.89,4934.0,58.912,43
2023-12-15 12:25:00-05:00,58.88,59.0,58.88,58.97,8756.0,58.947,58
2023-12-15 12:30:00-05:00,59.02,59.1,58.98,59.01,18444.0,59.031,95
2023-12-15 12:35:00-05:00,59.01,59.01,58.95,58.99,6101.0,58.984,37
2023-12-15 12:40:00-05:00,58.99,58.99,58.91,58.91,2764.0,58.943,24
2023-12-15 12:45:00-05:00,58.9,58.92,58.82,58.9,7619.0,58.869,43
2023-12-15 12:50:00-05:00,58.9,58.92,58.86,58.87,2634.0,58.892,24
2023-12-15 12:55:00-05:00,58.86,58.89,58.82,58.84,2219.0,58.855,20
2023-12-15 13:00:00-05:00,58.84,58.87,58.82,58.84,3729.0,58.849,30
2023-12-15 13:05:00-05:00,58.83,58.85,58.8,58.82,10222.0,58.825,71
2023-12-15 13:10:00-05:00,58.83,58.85,58.82,58.82,3037.0,58.834,28
2023-12-15 13:15:00-05:00,58.82,58.87,58.78,58.78,4628.0,58.824,37
2023-12-15 13:20:00-05:00,58.77,58.82,58.77,58.82,6715.0,58.791,48
2023-12-15 13:25:00-05:00,58.82,58.85,58.79,58.84,4968.0,58.817,37
2023-12-15 13:30:00-05:00,58.85,58.86,58.78,58.8,7673.0,58.817,54
2023-12-15 13:35:00-05:00,58.81,58.85,58.77,58.77,5839.0,58.804,38
2023-12-15 13:40:00-05:00,58.76,58.77,58.67,58.69,5735.0,58.715,47
2023-12-15 13:45:00-05:00,58.67,58.73,58.65,58.72,5379.0,58.683,46
2023-12-15 13:50:00-05:00,58.72,58.73,58.61,58.67,9175.0,58.672,74
2023-12-15 13:55:00-05:00,58.7,58.7,58.64,58.67,8472.0,58.673,62
2023-12-15 14:00:00-05:00,58.65,58.65,58.59,58.59,6325.0,58.614,52
2023-12-15 14:05:00-05:00,58.59,58.6,58.55,58.57,4569.0,58.575,39
2023-12-15 14:10:00-05:00,58.54,58.58,58.5,58.58,4586.0,58.546,36
2023-12-15 14:15:00-05:00,58.59,58.63,58.55,58.55,5733.0,58.593,46
2023-12-15 14:20:00-05:00,58.53,58.53,58.42,58.43,4957.0,58.476,40
2023-12-15 14:25:00-05:00,58.41,58.48,58.38,58.38,8891.0,58.426,65
2023-12-15 14:30:00-05:00,58.38,58.45,58.38,58.44,11333.0,58.42,92
2023-12-15 14:35:00-05:00,58.45,58.49,58.44,58.46,6617.0,58.469,55
2023-12-15 14:40:00-05:00,58.46,58.55,58.46,58.49,12772.0,58.504,101
2023-12-15 14:45:00-05:00,58.48,58.5,58.4,58.41,11397.0,58.445,98
2023-12-15 14:50:00-05:00,58.41,58.48,58.39,58.42,35030.0,58.427,174
2023-12-15 14:55:00-05:00,58.4,58.41,58.28,58.36,16233.0,58.325,135
2023-12-15 15:00:00-05:00,58.37,58.43,58.34,58.43,19113.0,58.371,132
2023-12-15 15:05:00-05:00,58.42,58.42,58.36,58.39,8101.0,58.387,61
2023-12-15 15:10:00-05:00,58.4,58.41,58.31,58.34,13521.0,58.364,111
2023-12-15 15:15:00-05:00,58.33,58.33,58.3,58.32,8137.0,58.315,61
2023-12-15 15:20:00-05:00,58.32,58.44,58.32,58.44,6952.0,58.394,52
2023-12-15 15:25:00-05:00,58.45,58.46,58.4,58.41,19246.0,58.438,152
2023-12-15 15:30:00-05:00,58.41,58.42,58.32,58.33,19360.0,58.371,130
2023-12-15 15:35:00-05:00,58.33,58.33,58.23,58.28,27779.0,58.29,152
2023-12-15 15:40:00-05:00,58.28,58.31,58.25,58.3,20530.0,58.283,148
2023-12-15 15:45:00-05:00,58.29,58.32,58.22,58.27,64812.0,58.265,455
2023-12-15 15:50:00-05:00,58.27,58.47,58.26,58.47,114251.0,58.366,734
2023-12-15 15:55:00-05:00,58.47,58.56,58.38,58.39,324916.0,58.443,1824
2023-12-18 09:30:00-05:00,58.51,58.87,58.23,58.25,31645.0,58.478,66
2023-12-18 09:35:00-05:00,58.25,58.48,58.22,58.25,21344.0,58.326,176
2023-12-18 09:40:00-05:00,58.23,58.33,58.14,58.23,26063.0,58.258,203
2023-12-18 09:45:00-05:00,58.25,58.35,58.17,58.34,32787.0,58.249,242
2023-12-18 09:50:00-05:00,58.33,58.46,58.19,58.25,14547.0,58.329,120
2023-12-18 09:55:00-05:00,58.27,58.36,58.2,58.33,36981.0,58.304,210
2023-12-18 10:00:00-05:00,58.34,58.47,58.32,58.39,32412.0,58.382,229
2023-12-18 10:05:00-05:00,58.39,58.51,58.33,58.46,22051.0,58.437,156
2023-12-18 10:10:00-05:00,58.46,58.5,58.37,58.44,25184.0,58.438,203
2023-12-18 10:15:00-05:00,58.45,58.5,58.35,58.35,20570.0,58.429,156
2023-12-18 10:20:00-05:00,58.34,58.35,58.19,58.19,12893.0,58.283,112
2023-12-18 10:25:00-05:00,58.19,58.19,58.1,58.14,18095.0,58.134,140
2023-12-18 10:30:00-05:00,58.15,58.16,58.02,58.04,15802.0,58.061,121
2023-12-18 10:35:00-05:00,58.04,58.05,57.96,58.03,12365.0,58.009,108
2023-12-18 10:40:00-05:00,58.02,58.02,57.94,57.96,14474.0,57.981,100
2023-12-18 10:45:00-05:00,57.96,58.03,57.93,58.01,14322.0,57.957,75
2023-12-18 10:50:00-05:00,58.01,58.02,57.87,57.89,12888.0,57.946,97
2023-12-18 10:55:00-05:00,57.89,57.96,57.89,57.9,9378.0,57.912,78
2023-12-18 11:00:00-05:00,57.9,57.91,57.82,57.85,10872.0,57.861,90
2023-12-18 11:05:00-05:00,57.85,57.97,57.84,57.89,9418.0,57.908,76
2023-12-18 11:10:00-05:00,57.88,57.98,57.88,57.97,9070.0,57.935,74
2023-12-18 11:15:00-05:00,57.98,58.06,57.95,58.04,6206.0,57.979,51
2023-12-18 11:20:00-05:00,58.04,58.04,57.96,57.97,11890.0,58.001,79
2023-12-18 11:25:00-05:00,57.97,58.05,57.96,58.03,7005.0,58.016,56
2023-12-18 11:30:00-05:00,58.02,58.03,57.87,57.91,12629.0,57.935,98
2023-12-18 11:35:00-05:00,57.93,57.94,57.89,57.92,9374.0,57.911,69
2023-12-18 11:40:00-05:00,57.92,58.03,57.88,58.03,46231.0,57.945,193
2023-12-18 11:45:00-05:00,58.02,58.08,57.94,58.04,13446.0,58.013,96
2023-12-18 11:50:00-05:00,58.04,58.04,57.96,57.99,20544.0,58.002,142
2023-12-18 11:55:00-05:00,58.0,58.0,57.91,57.91,8921.0,57.958,68
2023-12-18 12:00:00-05:00,57.91,57.96,57.85,57.87,10974.0,57.898,95
2023-12-18 12:05:00-05:00,57.87,57.89,57.82,57.89,9679.0,57.854,81
2023-12-18 12:10:00-05:00,57.9,58.01,57.9,57.96,47134.0,57.949,159
2023-12-18 12:15:00-05:00,57.95,58.01,57.92,58.01,10657.0,57.956,78
2023-12-18 12:20:00-05:00,58.0,58.0,57.91,57.93,4813.0,57.968,40
2023-12-18 12:25:00-05:00,57.93,58.01,57.93,58.0,14167.0,57.97,89
2023-12-18 12:30:00-05:00,58.0,58.01,57.98,58.01,9777.0,57.999,68
2023-12-18 12:35:00-05:00,58.0,58.01,57.96,57.97,12101.0,57.985,85
2023-12-18 12:40:00-05:00,57.97,57.99,57.96,57.98,5726.0,57.976,43
2023-12-18 12:45:00-05:00,57.97,58.03,57.95,58.03,6410.0,57.989,52
2023-12-18 12:50:00-05:00,58.03,58.03,57.91,57.92,10801.0,57.977,86
2023-12-18 12:55:00-05:00,57.91,58.0,57.91,57.98,7174.0,57.96,61
2023-12-18 13:00:00-05:00,57.98,57.98,57.89,57.9,9748.0,57.941,56
2023-12-18 13:05:00-05:00,57.89,57.91,57.85,57.9,9369.0,57.885,74
2023-12-18 13:10:00-05:00,57.89,57.91,57.85,57.87,7079.0,57.88,55
2023-12-18 13:15:00-05:00,57.86,57.87,57.81,57.86,6959.0,57.845,58
2023-12-18 13:20:00-05:00,57.86,57.91,57.84,57.84,9306.0,57.879,66
2023-12-18 13:25:00-05:00,57.83,57.85,57.77,57.79,20928.0,57.807,133
2023-12-18 13:30:00-05:00,57.79,57.79,57.74,57.75,12715.0,57.77,83
2023-12-18 13:35:00-05:00,57.75,57.77,57.71,57.72,13969.0,57.74,96
2023-12-18 13:40:00-05:00,57.72,57.74,57.69,57.7,15210.0,57.712,98
2023-12-18 13:45:00-05:00,57.7,57.8,57.69,57.79,56775.0,57.713,143
2023-12-18 13:50:00-05:00,57.79,57.8,57.73,57.75,16906.0,57.76,115
2023-12-18 13:55:00-05:00,57.74,57.74,57.69,57.73,15488.0,57.714,101
2023-12-18 14:00:00-05:00,57.73,57.76,57.69,57.7,15595.0,57.726,101
2023-12-18 14:05:00-05:00,57.7,57.71,57.6,57.61,16091.0,57.666,106
2023-12-18 14:10:00-05:00,57.6,57.65,57.58,57.61,20571.0,57.619,143
2023-12-18 14:15:00-05:00,57.62,57.62,57.55,57.55,38985.0,57.593,286
2023-12-18 14:20:00-05:00,57.55,57.63,57.54,57.59,101275.0,57.575,687
2023-12-18 14:25:00-05:00,57.6,57.6,57.46,57.53,28644.0,57.534,203
2023-12-18 14:30:00-05:00,57.54,57.55,57.39,57.43,66357.0,57.436,485
2023-12-18 14:35:00-05:00,57.43,57.46,57.4,57.4,108859.0,57.43,597
2023-12-18 14:40:00-05:00,57.4,57.49,57.39,57.48,65646.0,57.42,373
2023-12-18 14:45:00-05:00,57.48,57.59,57.47,57.49,14709.0,57.541,109
2023-12-18 14:50:00-05:00,57.48,57.52,57.45,57.46,11791.0,57.487,98
2023-12-18 14:55:00-05:00,57.46,57.46,57.4,57.43,17472.0,57.424,111
2023-12-18 15:00:00-05:00,57.42,57.45,57.4,57.42,26049.0,57.421,176
2023-12-18 15:05:00-05:00,57.41,57.41,57.31,57.33,23979.0,57.36,159
2023-12-18 15:10:00-05:00,57.33,57.36,57.31,57.35,24586.0,57.329,166
2023-12-18 15:15:00-05:00,57.35,57.36,57.29,57.3,21187.0,57.329,129
2023-12-18 15:20:00-05:00,57.3,57.38,57.29,57.34,34678.0,57.34,212
2023-12-18 15:25:00-05:00,57.33,57.34,57.26,57.3,38255.0,57.308,253
2023-12-18 15:30:00-05:00,57.3,57.42,57.3,57.41,38912.0,57.375,222
2023-12-18 15:35:00-05:00,57.4,57.4,57.33,57.4,49910.0,57.373,313
2023-12-18 15:40:00-05:00,57.4,57.49,57.39,57.48,44189.0,57.441,291
2023-12-18 15:45:00-05:00,57.48,57.58,57.47,57.58,63841.0,57.524,381
2023-12-18 15:50:00-05:00,57.58,57.67,57.57,57.61,89767.0,57.621,532
2023-12-18 15:55:00-05:00,57.61,57.61,57.45,57.46,207735.0,57.517,978
2023-12-19 09:30:00-05:00,57.84,58.07,57.69,58.02,18607.0,57.9,57
2023-12-19 09:35:00-05:00,58.07,58.12,57.88,57.89,7661.0,58.01,62
2023-12-19 09:40:00-05:00,57.91,57.95,57.85,57.85,8954.0,57.897,69
2023-12-19 09:45:00-05:00,57.86,58.03,57.81,58.03,13775.0,57.9,117
2023-12-19 09:50:00-05:00,58.03,58.04,57.91,57.95,9262.0,57.987,78
2023-12-19 09:55:00-05:00,57.95,58.0,57.94,57.98,5587.0,57.973,50
2023-12-19 10:00:00-05:00,57.99,58.0,57.79,57.84,9692.0,57.901,76
2023-12-19 10:05:00-05:00,57.82,57.88,57.78,57.78,15498.0,57.84,70
2023-12-19 10:10:00-05:00,57.78,57.81,57.66,57.67,5348.0,57.738,49
2023-12-19 10:15:00-05:00,57.66,57.7,57.66,57.7,8847.0,57.683,78
2023-12-19 10:20:00-05:00,57.69,57.69,57.64,57.68,10727.0,57.669,100
2023-12-19 10:25:00-05:00,57.67,57.72,57.62,57.62,11841.0,57.668,105
2023-12-19 10:30:00-05:00,57.62,57.62,57.53,57.59,19148.0,57.568,157
2023-12-19 10:35:00-05:00,57.58,57.8,57.54,57.78,25953.0,57.655,198
2023-12-19 10:40:00-05:00,57.77,57.77,57.68,57.68,12642.0,57.73,100
2023-12-19 10:45:00-05:00,57.64,57.78,57.64,57.69,6808.0,57.697,54
2023-12-19 10:50:00-05:00,57.72,57.82,57.72,57.82,8657.0,57.797,22
2023-12-19 10:55:00-05:00,57.82,57.86,57.8,57.85,17639.0,57.826,67
2023-12-19 11:00:00-05:00,57.86,57.86,57.79,57.8,4801.0,57.826,42
2023-12-19 11:05:00-05:00,57.8,57.83,57.78,57.81,5691.0,57.805,53
2023-12-19 11:10:00-05:00,57.82,57.85,57.81,57.85,5056.0,57.821,42
2023-12-19 11:15:00-05:00,57.85,57.87,57.78,57.79,6509.0,57.828,57
2023-12-19 11:20:00-05:00,57.79,57.85,57.78,57.85,4061.0,57.807,34
2023-12-19 11:25:00-05:00,57.85,57.85,57.76,57.8,6503.0,57.797,57
2023-12-19 11:30:00-05:00,57.78,57.78,57.62,57.63,7783.0,57.706,74
2023-12-19 11:35:00-05:00,57.62,57.75,57.61,57.74,5832.0,57.681,44
2023-12-19 11:40:00-05:00,57.76,57.77,57.74,57.76,4591.0,57.75,42
2023-12-19 11:45:00-05:00,57.75,57.78,57.74,57.75,12214.0,57.757,98
2023-12-19 11:50:00-05:00,57.76,57.77,57.72,57.74,12838.0,57.75,62
2023-12-19 11:55:00-05:00,57.73,57.74,57.66,57.7,10331.0,57.699,85
2023-12-19 12:00:00-05:00,57.69,57.75,57.65,57.69,10157.0,57.717,81
2023-12-19 12:05:00-05:00,57.68,57.7,57.66,57.68,6034.0,57.678,44
2023-12-19 12:10:00-05:00,57.68,57.68,57.6,57.61,3332.0,57.639,32
2023-12-19 12:15:00-05:00,57.61,57.61,57.48,57.5,13142.0,57.529,95
2023-12-19 12:20:00-05:00,57.5,57.51,57.44,57.5,5209.0,57.48,46
2023-12-19 12:25:00-05:00,57.5,57.52,57.46,57.46,10368.0,57.497,74
2023-12-19 12:30:00-05:00,57.46,57.51,57.45,57.49,12666.0,57.493,105
2023-12-19 12:35:00-05:00,57.5,57.5,57.42,57.42,6871.0,57.464,59
2023-12-19 12:40:00-05:00,57.42,57.43,57.38,57.41,5835.0,57.412,39
2023-12-19 12:45:00-05:00,57.43,57.43,57.34,57.34,9020.0,57.383,80
2023-12-19 12:50:00-05:00,57.34,57.39,57.34,57.36,12262.0,57.362,116
2023-12-19 12:55:00-05:00,57.37,57.4,57.35,57.37,4666.0,57.371,39
2023-12-19 13:00:00-05:00,57.38,57.38,57.33,57.35,9005.0,57.356,60
2023-12-19 13:05:00-05:00,57.35,57.47,57.35,57.47,13494.0,57.408,82
2023-12-19 13:10:00-05:00,57.47,57.47,57.36,57.36,7696.0,57.436,61
2023-12-19 13:15:00-05:00,57.36,57.37,57.3,57.31,9752.0,57.351,73
2023-12-19 13:20:00-05:00,57.32,57.34,57.27,57.29,8222.0,57.317,66
2023-12-19 13:25:00-05:00,57.28,57.31,57.23,57.24,11513.0,57.264,93
2023-12-19 13:30:00-05:00,57.24,57.25,57.19,57.24,40528.0,57.222,214
2023-12-19 13:35:00-05:00,57.25,57.33,57.22,57.31,33880.0,57.269,197
2023-12-19 13:40:00-05:00,57.32,57.34,57.28,57.29,13583.0,57.318,113
2023-12-19 13:45:00-05:00,57.28,57.3,57.27,57.28,5527.0,57.285,42
2023-12-19 13:50:00-05:00,57.28,57.29,57.2,57.2,9370.0,57.231,79
2023-12-19 13:55:00-05:00,57.21,57.23,57.16,57.2,6563.0,57.199,53
2023-12-19 14:00:00-05:00,57.2,57.2,57.11,57.13,10482.0,57.168,68
2023-12-19 14:05:00-05:00,57.13,57.16,57.1,57.12,7457.0,57.128,61
2023-12-19 14:10:00-05:00,57.11,57.16,57.1,57.13,9695.0,57.133,64
2023-12-19 14:15:00-05:00,57.13,57.24,57.11,57.23,12669.0,57.156,92
2023-12-19 14:20:00-05:00,57.23,57.25,57.2,57.21,14513.0,57.226,105
2023-12-19 14:25:00-05:00,57.21,57.22,57.16,57.22,16529.0,57.201,90
2023-12-19 14:30:00-05:00,57.22,57.22,57.16,57.22,10514.0,57.192,93
2023-12-19 14:35:00-05:00,57.23,57.23,57.11,57.16,46904.0,57.153,160
2023-12-19 14:40:00-05:00,57.17,57.33,57.16,57.33,54442.0,57.268,265
2023-12-19 14:45:00-05:00,57.33,57.36,57.29,57.36,19703.0,57.327,117
2023-12-19 14:50:00-05:00,57.36,57.43,57.36,57.37,11806.0,57.392,85
2023-12-19 14:55:00-05:00,57.38,57.38,57.34,57.36,10035.0,57.357,84
2023-12-19 15:00:00-05:00,57.36,57.43,57.35,57.38,12199.0,57.395,99
2023-12-19 15:05:00-05:00,57.37,57.39,57.33,57.36,14024.0,57.362,112
2023-12-19 15:10:00-05:00,57.35,57.35,57.3,57.3,21131.0,57.316,95
2023-12-19 15:15:00-05:00,57.3,57.34,57.29,57.33,22611.0,57.303,107
2023-12-19 15:20:00-05:00,57.33,57.35,57.31,57.35,12268.0,57.332,97
2023-12-19 15:25:00-05:00,57.35,57.35,57.31,57.34,25326.0,57.33,199
2023-12-19 15:30:00-05:00,57.33,57.33,57.28,57.32,21064.0,57.318,172
2023-12-19 15:35:00-05:00,57.31,57.31,57.29,57.3,14827.0,57.299,104
2023-12-19 15:40:00-05:00,57.3,57.38,57.29,57.32,36965.0,57.339,251
2023-12-19 15:45:00-05:00,57.31,57.38,57.3,57.35,42821.0,57.349,279
2023-12-19 15:50:00-05:00,57.35,57.36,57.31,57.33,68876.0,57.335,452
2023-12-19 15:55:00-05:00,57.33,57.46,57.28,57.39,227218.0,57.386,1007
2023-12-20 09:30:00-05:00,57.21,57.21,56.83,56.85,28966.0,57.103,78
2023-12-20 09:35:00-05:00,56.88,56.88,56.53,56.58,19032.0,56.65,145
2023-12-20 09:40:00-05:00,56.58,56.67,56.34,56.45,39239.0,56.44,171
2023-12-20 09:45:00-05:00,56.46,56.68,56.37,56.68,26922.0,56.465,149
2023-12-20 09:50:00-05:00,56.7,56.84,56.63,56.84,9814.0,56.722,71
2023-12-20 09:55:00-05:00,56.81,57.0,56.8,56.99,12247.0,56.905,75
2023-12-20 10:00:00-05:00,56.99,57.07,56.82,56.83,25793.0,56.963,72
2023-12-20 10:05:00-05:00,56.83,57.01,56.79,57.01,4919.0,56.883,45
2023-12-20 10:10:00-05:00,57.01,57.05,56.95,57.01,9922.0,57.002,76
2023-12-20 10:15:00-05:00,56.97,57.01,56.86,56.87,9319.0,56.957,67
2023-12-20 10:20:00-05:00,56.89,56.9,56.76,56.8,8212.0,56.827,71
2023-12-20 10:25:00-05:00,56.8,56.83,56.74,56.78,12480.0,56.774,96
2023-12-20 10:30:00-05:00,56.82,56.97,56.81,56.96,10051.0,56.914,78
2023-12-20 10:35:00-05:00,56.96,57.12,56.96,57.09,34590.0,57.06,81
2023-12-20 10:40:00-05:00,57.08,57.11,56.94,57.03,15128.0,57.036,96
2023-12-20 10:45:00-05:00,57.06,57.06,56.93,56.94,10194.0,56.992,75
2023-12-20 10:50:00-05:00,56.94,56.95,56.7,56.7,33856.0,56.809,112
2023-12-20 10:55:00-05:00,56.71,56.72,56.66,56.71,13507.0,56.698,115
2023-12-20 11:00:00-05:00,56.7,56.72,56.63,56.65,14599.0,56.685,102
2023-12-20 11:05:00-05:00,56.65,56.65,56.39,56.4,36128.0,56.462,231
2023-12-20 11:10:00-05:00,56.4,56.49,56.32,56.39,42150.0,56.394,203
2023-12-20 11:15:00-05:00,56.4,56.52,56.38,56.51,18791.0,56.458,105
2023-12-20 11:20:00-05:00,56.52,56.56,56.49,56.49,20727.0,56.524,87
2023-12-20 11:25:00-05:00,56.49,56.54,56.48,56.5,6178.0,56.508,51
2023-12-20 11:30:00-05:00,56.49,56.51,56.43,56.48,8373.0,56.477,67
2023-12-20 11:35:00-05:00,56.49,56.49,56.41,56.43,5621.0,56.434,45
2023-12-20 11:40:00-05:00,56.44,56.44,56.35,56.42,6678.0,56.386,55
2023-12-20 11:45:00-05:00,56.43,56.46,56.35,56.36,7898.0,56.414,62
2023-12-20 11:50:00-05:00,56.36,56.42,56.35,56.42,15736.0,56.364,63
2023-12-20 11:55:00-05:00,56.43,56.44,56.36,56.37,12330.0,56.389,59
2023-12-20 12:00:00-05:00,56.37,56.39,56.33,56.34,5048.0,56.361,42
2023-12-20 12:05:00-05:00,56.34,56.35,56.3,56.32,8313.0,56.319,53
2023-12-20 12:10:00-05:00,56.31,56.35,56.3,56.33,4690.0,56.33,34
2023-12-20 12:15:00-05:00,56.35,56.39,56.29,56.3,22820.0,56.319,145
2023-12-20 12:20:00-05:00,56.29,56.3,56.17,56.17,12732.0,56.245,96
2023-12-20 12:25:00-05:00,56.17,56.17,56.11,56.17,34179.0,56.139,181
2023-12-20 12:30:00-05:00,56.18,56.22,56.18,56.21,4659.0,56.197,37
2023-12-20 12:35:00-05:00,56.21,56.23,56.2,56.23,5727.0,56.209,33
2023-12-20 12:40:00-05:00,56.23,56.35,56.22,56.34,13765.0,56.317,66
2023-12-20 12:45:00-05:00,56.34,56.37,56.31,56.33,17043.0,56.35,85
2023-12-20 12:50:00-05:00,56.33,56.34,56.28,56.31,7566.0,56.302,59
2023-12-20 12:55:00-05:00,56.3,56.31,56.26,56.27,5484.0,56.29,44
2023-12-20 13:00:00-05:00,56.27,56.27,56.18,56.22,8378.0,56.207,63
2023-12-20 13:05:00-05:00,56.21,56.21,56.16,56.21,4710.0,56.189,38
2023-12-20 13:10:00-05:00,56.22,56.24,56.21,56.24,5329.0,56.226,40
2023-12-20 13:15:00-05:00,56.23,56.31,56.22,56.3,9180.0,56.268,49
2023-12-20 13:20:00-05:00,56.29,56.33,56.28,56.29,7827.0,56.302,67
2023-12-20 13:25:00-05:00,56.28,56.3,56.25,56.3,10508.0,56.274,81
2023-12-20 13:30:00-05:00,56.3,56.33,56.29,56.3,18693.0,56.313,78
2023-12-20 13:35:00-05:00,56.31,56.32,56.22,56.28,10437.0,56.265,75
2023-12-20 13:40:00-05:00,56.27,56.28,56.2,56.21,12767.0,56.233,98
2023-12-20 13:45:00-05:00,56.2,56.21,56.16,56.21,14067.0,56.18,109
2023-12-20 13:50:00-05:00,56.22,56.32,56.21,56.32,8473.0,56.267,55
2023-12-20 13:55:00-05:00,56.32,56.32,56.23,56.23,8397.0,56.274,68
2023-12-20 14:00:00-05:00,56.23,56.23,56.14,56.14,17408.0,56.189,134
2023-12-20 14:05:00-05:00,56.14,56.18,56.13,56.13,12430.0,56.151,89
2023-12-20 14:10:00-05:00,56.14,56.2,56.13,56.2,10527.0,56.161,82
2023-12-20 14:15:00-05:00,56.2,56.21,56.17,56.21,7887.0,56.19,68
2023-12-20 14:20:00-05:00,56.21,56.31,56.19,56.25,10517.0,56.248,89
2023-12-20 14:25:00-05:00,56.25,56.25,56.21,56.25,10823.0,56.237,82
2023-12-20 14:30:00-05:00,56.25,56.27,56.1,56.13,36256.0,56.151,238
2023-12-20 14:35:00-05:00,56.12,56.15,55.97,55.98,48494.0,56.087,221
2023-12-20 14:40:00-05:00,55.98,56.05,55.92,55.95,19136.0,55.99,143
2023-12-20 14:45:00-05:00,55.97,56.0,55.91,55.93,11289.0,55.946,91
2023-12-20 14:50:00-05:00,55.94,55.96,55.62,55.84,26239.0,55.781,167
2023-12-20 14:55:00-05:00,55.83,55.86,55.71,55.76,16403.0,55.775,132
2023-12-20 15:00:00-05:00,55.74,55.82,55.69,55.71,12333.0,55.757,110
2023-12-20 15:05:00-05:00,55.72,55.77,55.61,55.71,14867.0,55.676,107
2023-12-20 15:10:00-05:00,55.73,55.9,55.73,55.89,34488.0,55.851,184
2023-12-20 15:15:00-05:00,55.95,56.15,55.95,56.15,11749.0,56.044,99
2023-12-20 15:20:00-05:00,56.16,56.23,56.14,56.14,19107.0,56.181,151
2023-12-20 15:25:00-05:00,56.14,56.19,55.98,55.99,35912.0,56.095,210
2023-12-20 15:30:00-05:00,56.0,56.06,55.9,55.97,29912.0,55.973,230
2023-12-20 15:35:00-05:00,55.98,56.04,55.87,56.01,20952.0,55.965,181
2023-12-20 15:40:00-05:00,56.01,56.17,56.01,56.05,37860.0,56.103,300
2023-12-20 15:45:00-05:00,56.05,56.07,55.89,55.99,61727.0,55.962,442
2023-12-20 15:50:00-05:00,55.99,56.13,55.81,55.87,86962.0,55.953,643
2023-12-20 15:55:00-05:00,55.86,55.87,55.65,55.69,398975.0,55.713,1932
2023-12-21 09:30:00-05:00,56.1,56.22,55.92,56.13,12290.0,56.105,31
2023-12-21 09:35:00-05:00,56.13,56.13,55.87,56.1,11754.0,56.053,48
2023-12-21 09:40:00-05:00,56.07,56.07,55.76,55.88,5419.0,55.892,46
2023-12-21 09:45:00-05:00,55.89,55.97,55.81,55.92,24244.0,55.897,56
2023-12-21 09:50:00-05:00,55.96,56.15,55.94,56.15,1740.0,56.087,6
2023-12-21 09:55:00-05:00,56.04,56.1,56.02,56.1,12762.0,56.083,48
2023-12-21 10:00:00-05:00,56.1,56.1,56.02,56.03,9788.0,56.061,64
2023-12-21 10:05:00-05:00,56.03,56.03,55.96,56.0,7986.0,56.002,50
2023-12-21 10:10:00-05:00,56.01,56.27,56.01,56.21,3646.0,56.134,23
2023-12-21 10:15:00-05:00,56.24,56.24,56.14,56.18,16752.0,56.19,91
2023-12-21 10:20:00-05:00,56.19,56.25,56.17,56.19,19889.0,56.199,89
2023-12-21 10:25:00-05:00,56.18,56.18,56.01,56.04,26788.0,56.099,155
2023-12-21 10:30:00-05:00,56.05,56.16,56.05,56.16,15265.0,56.108,75
2023-12-21 10:35:00-05:00,56.16,56.17,56.08,56.08,7282.0,56.132,54
2023-12-21 10:40:00-05:00,56.09,56.1,56.05,56.1,19461.0,56.095,77
2023-12-21 10:45:00-05:00,56.09,56.17,56.08,56.08,9202.0,56.112,61
2023-12-21 10:50:00-05:00,56.09,56.21,56.03,56.21,4416.0,56.09,32
2023-12-21 10:55:00-05:00,56.22,56.33,56.21,56.22,13290.0,56.239,85
2023-12-21 11:00:00-05:00,56.22,56.22,56.16,56.2,14485.0,56.21,77
2023-12-21 11:05:00-05:00,56.19,56.2,56.1,56.14,8385.0,56.135,54
2023-12-21 11:10:00-05:00,56.15,56.16,56.08,56.08,3711.0,56.118,36
2023-12-21 11:15:00-05:00,56.1,56.11,56.03,56.05,2101.0,56.068,20
2023-12-21 11:20:00-05:00,56.09,56.13,56.06,56.09,3596.0,56.093,31
2023-12-21 11:25:00-05:00,56.1,56.24,56.1,56.19,6141.0,56.173,50
2023-12-21 11:30:00-05:00,56.2,56.2,56.14,56.14,5498.0,56.171,48
2023-12-21 11:35:00-05:00,56.14,56.17,56.12,56.14,9661.0,56.139,31
2023-12-21 11:40:00-05:00,56.14,56.23,56.12,56.21,7668.0,56.183,44
2023-12-21 11:45:00-05:00,56.2,56.22,56.18,56.2,6488.0,56.209,55
2023-12-21 11:50:00-05:00,56.21,56.29,56.17,56.29,10564.0,56.231,73
2023-12-21 11:55:00-05:00,56.29,56.33,56.28,56.33,5528.0,56.305,45
2023-12-21 12:00:00-05:00,56.31,56.37,56.2,56.2,5761.0,56.277,55
2023-12-21 12:05:00-05:00,56.2,56.21,56.17,56.2,4003.0,56.197,29
2023-12-21 12:10:00-05:00,56.2,56.25,56.18,56.18,8428.0,56.215,74
2023-12-21 12:15:00-05:00,56.2,56.22,56.18,56.2,4793.0,56.197,41
2023-12-21 12:20:00-05:00,56.18,56.24,56.18,56.21,18953.0,56.206,96
2023-12-21 12:25:00-05:00,56.24,56.25,56.2,56.2,6603.0,56.227,59
2023-12-21 12:30:00-05:00,56.22,56.33,56.2,56.33,22930.0,56.267,144
2023-12-21 12:35:00-05:00,56.32,56.48,56.31,56.47,4228.0,56.433,32
2023-12-21 12:40:00-05:00,56.47,56.54,56.43,56.45,7063.0,56.483,54
2023-12-21 12:45:00-05:00,56.46,56.55,56.43,56.43,14723.0,56.467,53
2023-12-21 12:50:00-05:00,56.45,56.46,56.35,56.36,7537.0,56.422,62
2023-12-21 12:55:00-05:00,56.37,56.4,56.34,56.4,4097.0,56.363,36
2023-12-21 13:00:00-05:00,56.42,56.52,56.41,56.51,5183.0,56.476,46
2023-12-21 13:05:00-05:00,56.52,56.54,56.41,56.46,6583.0,56.458,41
2023-12-21 13:10:00-05:00,56.46,56.49,56.41,56.43,4767.0,56.456,46
2023-12-21 13:15:00-05:00,56.43,56.44,56.31,56.31,5765.0,56.392,49
2023-12-21 13:20:00-05:00,56.31,56.49,56.29,56.47,5309.0,56.416,41
2023-12-21 13:25:00-05:00,56.44,56.45,56.4,56.44,3634.0,56.429,28
2023-12-21 13:30:00-05:00,56.48,56.54,56.48,56.54,4208.0,56.513,36
2023-12-21 13:35:00-05:00,56.54,56.6,56.52,56.6,6290.0,56.56,42
2023-12-21 13:40:00-05:00,56.6,56.63,56.58,56.61,6591.0,56.598,54
2023-12-21 13:45:00-05:00,56.62,56.66,56.59,56.63,6296.0,56.625,50
2023-12-21 13:50:00-05:00,56.63,56.72,56.63,56.71,5793.0,56.671,41
2023-12-21 13:55:00-05:00,56.74,56.8,56.74,56.77,3310.0,56.774,28
2023-12-21 14:00:00-05:00,56.78,56.79,56.71,56.72,8009.0,56.758,60
2023-12-21 14:05:00-05:00,56.73,56.73,56.68,56.7,7297.0,56.699,58
2023-12-21 14:10:00-05:00,56.7,56.75,56.67,56.68,5413.0,56.717,37
2023-12-21 14:15:00-05:00,56.68,56.74,56.68,56.74,8165.0,56.708,62
2023-12-21 14:20:00-05:00,56.74,56.76,56.72,56.72,3317.0,56.731,29
2023-12-21 14:25:00-05:00,56.72,56.74,56.69,56.72,9587.0,56.708,71
2023-12-21 14:30:00-05:00,56.71,56.78,56.69,56.78,7249.0,56.722,49
2023-12-21 14:35:00-05:00,56.78,56.79,56.74,56.78,6838.0,56.766,44
2023-12-21 14:40:00-05:00,56.79,56.79,56.7,56.76,9610.0,56.748,48
2023-12-21 14:45:00-05:00,56.74,56.76,56.69,56.7,3448.0,56.735,27
2023-12-21 14:50:00-05:00,56.68,56.71,56.63,56.64,4763.0,56.662,34
2023-12-21 14:55:00-05:00,56.63,56.65,56.58,56.65,6655.0,56.616,44
2023-12-21 15:00:00-05:00,56.68,56.72,56.67,56.68,7089.0,56.699,56
2023-12-21 15:05:00-05:00,56.67,56.68,56.61,56.62,6392.0,56.647,47
2023-12-21 15:10:00-05:00,56.65,56.69,56.63,56.68,5129.0,56.66,43
2023-12-21 15:15:00-05:00,56.68,56.68,56.61,56.61,5554.0,56.647,42
2023-12-21 15:20:00-05:00,56.61,56.63,56.55,56.57,9919.0,56.584,73
2023-12-21 15:25:00-05:00,56.58,56.62,56.53,56.61,11493.0,56.569,98
2023-12-21 15:30:00-05:00,56.61,56.61,56.54,56.56,14612.0,56.571,106
2023-12-21 15:35:00-05:00,56.55,56.7,56.55,56.67,16180.0,56.647,136
2023-12-21 15:40:00-05:00,56.68,56.69,56.64,56.67,15380.0,56.666,114
2023-12-21 15:45:00-05:00,56.66,56.72,56.64,56.72,21894.0,56.681,173
2023-12-21 15:50:00-05:00,56.73,56.79,56.7,56.76,35912.0,56.749,280
2023-12-21 15:55:00-05:00,56.76,56.8,56.71,56.73,112431.0,56.757,648
2023-12-22 09:30:00-05:00,56.81,57.09,56.81,57.09,19552.0,56.851,17
2023-12-22 09:35:00-05:00,57.09,57.44,57.08,57.4,2719.0,57.225,18
2023-12-22 09:40:00-05:00,57.39,57.58,57.35,57.5,11992.0,57.492,90
2023-12-22 09:45:00-05:00,57.55,57.56,57.42,57.42,7277.0,57.52,55
2023-12-22 09:50:00-05:00,57.43,57.5,57.36,57.43,6791.0,57.42,60
2023-12-22 09:55:00-05:00,57.47,57.5,57.41,57.43,5251.0,57.446,48
2023-12-22 10:00:00-05:00,57.45,57.57,57.41,57.47,5724.0,57.49,46
2023-12-22 10:05:00-05:00,57.51,57.62,57.51,57.52,5433.0,57.551,38
2023-12-22 10:10:00-05:00,57.48,57.56,57.48,57.49,4483.0,57.507,39
2023-12-22 10:15:00-05:00,57.5,57.5,57.24,57.24,4883.0,57.371,36
2023-12-22 10:20:00-05:00,57.26,57.28,57.13,57.14,5733.0,57.221,44
2023-12-22 10:25:00-05:00,57.09,57.23,57.09,57.18,4969.0,57.158,30
2023-12-22 10:30:00-05:00,57.23,57.27,57.21,57.26,2670.0,57.238,23
2023-12-22 10:35:00-05:00,57.26,57.29,57.11,57.13,22566.0,57.179,78
2023-12-22 10:40:00-05:00,57.14,57.22,57.14,57.22,9177.0,57.19,53
2023-12-22 10:45:00-05:00,57.24,57.24,57.16,57.18,8754.0,57.188,62
2023-12-22 10:50:00-05:00,57.17,57.2,57.17,57.2,6838.0,57.188,52
2023-12-22 10:55:00-05:00,57.2,57.2,57.04,57.06,7821.0,57.139,59
2023-12-22 11:00:00-05:00,57.05,57.21,57.0,57.2,5638.0,57.122,47
2023-12-22 11:05:00-05:00,57.21,57.3,57.18,57.24,7550.0,57.235,61
2023-12-22 11:10:00-05:00,57.26,57.29,57.25,57.29,5159.0,57.276,41
2023-12-22 11:15:00-05:00,57.31,57.4,57.29,57.4,6615.0,57.328,55
2023-12-22 11:20:00-05:00,57.42,57.47,57.39,57.42,8163.0,57.439,53
2023-12-22 11:25:00-05:00,57.41,57.48,57.41,57.43,4411.0,57.443,40
2023-12-22 11:30:00-05:00,57.44,57.45,57.4,57.41,5116.0,57.432,42
2023-12-22 11:35:00-05:00,57.42,57.42,57.36,57.4,4270.0,57.388,33
2023-12-22 11:40:00-05:00,57.4,57.4,57.32,57.33,3276.0,57.37,30
2023-12-22 11:45:00-05:00,57.33,57.34,57.28,57.28,4820.0,57.316,37
2023-12-22 11:50:00-05:00,57.26,57.27,57.24,57.27,2025.0,57.256,19
2023-12-22 11:55:00-05:00,57.26,57.33,57.26,57.28,4919.0,57.288,37
2023-12-22 12:00:00-05:00,57.27,57.3,57.24,57.25,2601.0,57.275,22
2023-12-22 12:05:00-05:00,57.26,57.27,57.14,57.14,2976.0,57.219,24
2023-12-22 12:10:00-05:00,57.13,57.2,57.12,57.2,3550.0,57.148,28
2023-12-22 12:15:00-05:00,57.18,57.18,57.07,57.08,3889.0,57.122,29
2023-12-22 12:20:00-05:00,57.08,57.18,57.08,57.15,4526.0,57.147,38
2023-12-22 12:25:00-05:00,57.16,57.21,57.15,57.2,2541.0,57.182,18
2023-12-22 12:30:00-05:00,57.22,57.22,57.12,57.12,3468.0,57.172,27
2023-12-22 12:35:00-05:00,57.11,57.17,57.09,57.16,2969.0,57.134,21
2023-12-22 12:40:00-05:00,57.17,57.18,57.12,57.12,3174.0,57.154,25
2023-12-22 12:45:00-05:00,57.15,57.22,57.15,57.21,4738.0,57.19,38
2023-12-22 12:50:00-05:00,57.22,57.25,57.21,57.22,3521.0,57.226,26
2023-12-22 12:55:00-05:00,57.22,57.23,57.17,57.23,2308.0,57.195,20
2023-12-22 13:00:00-05:00,57.24,57.24,57.2,57.2,2060.0,57.222,17
2023-12-22 13:05:00-05:00,57.19,57.25,57.19,57.22,1715.0,57.228,14
2023-12-22 13:10:00-05:00,57.22,57.25,57.21,57.25,3358.0,57.227,22
2023-12-22 13:15:00-05:00,57.25,57.28,57.25,57.27,1444.0,57.264,14
2023-12-22 13:20:00-05:00,57.28,57.3,57.25,57.26,3574.0,57.272,27
2023-12-22 13:25:00-05:00,57.25,57.28,57.25,57.26,2766.0,57.261,25
2023-12-22 13:30:00-05:00,57.26,57.29,57.2,57.21,2475.0,57.25,19
2023-12-22 13:35:00-05:00,57.2,57.22,57.16,57.16,3203.0,57.204,25
2023-12-22 13:40:00-05:00,57.18,57.19,57.14,57.19,4847.0,57.166,32
2023-12-22 13:45:00-05:00,57.18,57.23,57.17,57.23,3356.0,57.203,19
2023-12-22 13:50:00-05:00,57.23,57.24,57.19,57.19,5333.0,57.22,42
2023-12-22 13:55:00-05:00,57.17,57.21,57.16,57.17,5600.0,57.184,45
2023-12-22 14:00:00-05:00,57.17,57.18,57.13,57.13,5532.0,57.159,45
2023-12-22 14:05:00-05:00,57.1,57.12,57.01,57.05,4696.0,57.068,42
2023-12-22 14:10:00-05:00,57.04,57.1,57.04,57.1,2102.0,57.066,19
2023-12-22 14:15:00-05:00,57.1,57.12,56.99,57.06,5385.0,57.082,43
2023-12-22 14:20:00-05:00,57.06,57.06,56.95,56.98,4717.0,56.996,30
2023-12-22 14:25:00-05:00,56.99,57.0,56.9,56.91,4685.0,56.948,38
2023-12-22 14:30:00-05:00,56.91,56.91,56.84,56.91,5193.0,56.885,41
2023-12-22 14:35:00-05:00,56.9,57.02,56.89,57.0,3976.0,56.97,30
2023-12-22 14:40:00-05:00,57.01,57.11,57.0,57.11,3542.0,57.078,28
2023-12-22 14:45:00-05:00,57.13,57.14,57.07,57.08,4618.0,57.096,33
2023-12-22 14:50:00-05:00,57.08,57.17,57.07,57.17,4980.0,57.125,44
2023-12-22 14:55:00-05:00,57.18,57.18,57.13,57.15,5297.0,57.155,45
2023-12-22 15:00:00-05:00,57.16,57.17,57.08,57.11,5823.0,57.134,50
2023-12-22 15:05:00-05:00,57.13,57.16,57.09,57.1,5070.0,57.133,36
2023-12-22 15:10:00-05:00,57.08,57.08,57.02,57.07,7708.0,57.048,58
2023-12-22 15:15:00-05:00,57.08,57.11,57.07,57.1,5153.0,57.091,39
2023-12-22 15:20:00-05:00,57.1,57.1,57.02,57.08,6219.0,57.069,52
2023-12-22 15:25:00-05:00,57.08,57.14,57.05,57.12,6526.0,57.097,54
2023-12-22 15:30:00-05:00,57.12,57.13,57.06,57.08,6910.0,57.103,57
2023-12-22 15:35:00-05:00,57.07,57.12,57.05,57.07,7773.0,57.087,65
2023-12-22 15:40:00-05:00,57.04,57.11,57.01,57.11,11335.0,57.067,83
2023-12-22 15:45:00-05:00,57.12,57.19,57.11,57.18,13709.0,57.138,112
2023-12-22 15:50:00-05:00,57.17,57.25,57.16,57.2,45348.0,57.208,369
2023-12-22 15:55:00-05:00,57.2,57.22,57.15,57.2,91190.0,57.176,508
2023-12-26 09:30:00-05:00,56.99,57.24,56.98,57.17,6053.0,57.02,10
2023-12-26 09:35:00-05:00,57.1,57.28,57.1,57.17,6371.0,57.151,24
2023-12-26 09:40:00-05:00,57.14,57.16,56.94,56.95,4503.0,57.086,37
2023-12-26 09:45:00-05:00,57.1,57.11,57.03,57.05,1221.0,57.066,12
2023-12-26 09:50:00-05:00,57.08,57.16,57.04,57.16,2252.0,57.075,11
2023-12-26 09:55:00-05:00,57.16,57.23,57.12,57.2,5342.0,57.188,28
2023-12-26 10:00:00-05:00,57.2,57.22,57.17,57.22,3100.0,57.203,23
2023-12-26 10:05:00-05:00,57.22,57.28,57.21,57.22,8208.0,57.243,49
2023-12-26 10:10:00-05:00,57.24,57.35,57.24,57.35,8845.0,57.293,73
2023-12-26 10:15:00-05:00,57.35,57.39,57.33,57.37,2700.0,57.353,24
2023-12-26 10:20:00-05:00,57.41,57.41,57.38,57.39,1906.0,57.396,19
2023-12-26 10:25:00-05:00,57.41,57.47,57.37,57.37,2148.0,57.434,18
2023-12-26 10:30:00-05:00,57.41,57.44,57.39,57.39,2483.0,57.41,18
2023-12-26 10:35:00-05:00,57.39,57.41,57.37,57.4,2194.0,57.392,20
2023-12-26 10:40:00-05:00,57.41,57.45,57.36,57.41,2216.0,57.407,17
2023-12-26 10:45:00-05:00,57.42,57.44,57.35,57.36,2779.0,57.387,23
2023-12-26 10:50:00-05:00,57.33,57.33,57.27,57.27,1105.0,57.309,8
2023-12-26 10:55:00-05:00,57.3,57.32,57.28,57.32,3670.0,57.302,33
2023-12-26 11:00:00-05:00,57.34,57.37,57.26,57.26,2148.0,57.338,19
2023-12-26 11:05:00-05:00,57.29,57.33,57.28,57.33,1357.0,57.313,12
2023-12-26 11:10:00-05:00,57.32,57.39,57.31,57.39,2527.0,57.354,21
2023-12-26 11:15:00-05:00,57.42,57.42,57.32,57.35,2312.0,57.36,16
2023-12-26 11:20:00-05:00,57.34,57.35,57.3,57.31,2828.0,57.319,19
2023-12-26 11:25:00-05:00,57.33,57.33,57.33,57.33,647.0,57.33,6
2023-12-26 11:30:00-05:00,57.35,57.37,57.34,57.36,2361.0,57.361,18
2023-12-26 11:35:00-05:00,57.37,57.4,57.36,57.39,2540.0,57.384,18
2023-12-26 11:40:00-05:00,57.39,57.43,57.39,57.43,5822.0,57.411,26
2023-12-26 11:45:00-05:00,57.44,57.46,57.41,57.41,1888.0,57.436,17
2023-12-26 11:50:00-05:00,57.41,57.46,57.41,57.46,2541.0,57.431,20
2023-12-26 11:55:00-05:00,57.45,57.51,57.44,57.49,4361.0,57.465,31
2023-12-26 12:00:00-05:00,57.48,57.5,57.45,57.48,3632.0,57.469,27
2023-12-26 12:05:00-05:00,57.54,57.6,57.52,57.59,2731.0,57.559,18
2023-12-26 12:10:00-05:00,57.61,57.69,57.6,57.69,11149.0,57.648,43
2023-12-26 12:15:00-05:00,57.65,57.68,57.59,57.68,2260.0,57.637,17
2023-12-26 12:20:00-05:00,57.65,57.67,57.63,57.67,2900.0,57.647,23
2023-12-26 12:25:00-05:00,57.67,57.72,57.66,57.71,2443.0,57.701,23
2023-12-26 12:30:00-05:00,57.7,57.74,57.66,57.68,3800.0,57.699,36
2023-12-26 12:35:00-05:00,57.68,57.7,57.62,57.62,3174.0,57.666,24
2023-12-26 12:40:00-05:00,57.63,57.65,57.6,57.64,1952.0,57.626,16
2023-12-26 12:45:00-05:00,57.65,57.75,57.65,57.74,6746.0,57.699,51
2023-12-26 12:50:00-05:00,57.73,57.73,57.72,57.73,200.0,57.728,2
2023-12-26 12:55:00-05:00,57.74,57.74,57.67,57.68,1176.0,57.7,8
2023-12-26 13:00:00-05:00,57.69,57.71,57.69,57.69,1652.0,57.695,15
2023-12-26 13:05:00-05:00,57.7,57.72,57.65,57.65,3803.0,57.691,31
2023-12-26 13:10:00-05:00,57.66,57.68,57.65,57.68,1371.0,57.662,13
2023-12-26 13:15:00-05:00,57.69,57.7,57.66,57.7,5051.0,57.676,39
2023-12-26 13:20:00-05:00,57.72,57.8,57.72,57.76,3841.0,57.758,30
2023-12-26 13:25:00-05:00,57.77,57.8,57.74,57.74,3773.0,57.765,33
2023-12-26 13:30:00-05:00,57.74,57.75,57.72,57.72,1900.0,57.735,18
2023-12-26 13:35:00-05:00,57.7,57.7,57.67,57.69,1527.0,57.685,14
2023-12-26 13:40:00-05:00,57.68,57.73,57.68,57.73,3152.0,57.71,21
2023-12-26 13:45:00-05:00,57.73,57.74,57.72,57.74,2812.0,57.732,21
2023-12-26 13:50:00-05:00,57.71,57.71,57.68,57.68,2178.0,57.695,17
2023-12-26 13:55:00-05:00,57.71,57.71,57.67,57.71,2683.0,57.696,22
2023-12-26 14:00:00-05:00,57.71,57.77,57.7,57.77,4123.0,57.737,36
2023-12-26 14:05:00-05:00,57.77,57.77,57.73,57.75,2109.0,57.752,18
2023-12-26 14:10:00-05:00,57.76,57.76,57.74,57.75,2947.0,57.755,22
2023-12-26 14:15:00-05:00,57.76,57.8,57.76,57.8,3172.0,57.778,19
2023-12-26 14:20:00-05:00,57.81,57.83,57.81,57.83,777.0,57.822,7
2023-12-26 14:25:00-05:00,57.82,57.85,57.79,57.79,3771.0,57.814,27
2023-12-26 14:30:00-05:00,57.8,57.87,57.8,57.87,3345.0,57.846,26
2023-12-26 14:35:00-05:00,57.88,57.92,57.88,57.92,3712.0,57.893,33
2023-12-26 14:40:00-05:00,57.91,57.92,57.86,57.91,4566.0,57.901,36
2023-12-26 14:45:00-05:00,57.91,57.91,57.83,57.84,3364.0,57.855,31
2023-12-26 14:50:00-05:00,57.84,57.87,57.84,57.87,1946.0,57.853,13
2023-12-26 14:55:00-05:00,57.87,57.9,57.87,57.89,1232.0,57.883,12
2023-12-26 15:00:00-05:00,57.9,57.9,57.84,57.85,3900.0,57.87,32
2023-12-26 15:05:00-05:00,57.85,57.88,57.84,57.86,5212.0,57.857,37
2023-12-26 15:10:00-05:00,57.88,57.92,57.86,57.87,4560.0,57.887,43
2023-12-26 15:15:00-05:00,57.86,57.86,57.74,57.76,3946.0,57.794,32
2023-12-26 15:20:00-05:00,57.75,57.82,57.74,57.8,4895.0,57.775,36
2023-12-26 15:25:00-05:00,57.83,57.89,57.82,57.82,4901.0,57.86,45
2023-12-26 15:30:00-05:00,57.78,57.82,57.74,57.82,4768.0,57.784,43
2023-12-26 15:35:00-05:00,57.82,57.88,57.74,57.75,9277.0,57.834,70
2023-12-26 15:40:00-05:00,57.74,57.75,57.69,57.72,6030.0,57.726,44
2023-12-26 15:45:00-05:00,57.72,57.77,57.64,57.67,8675.0,57.73,79
2023-12-26 15:50:00-05:00,57.66,57.7,57.56,57.62,29592.0,57.631,227
2023-12-26 15:55:00-05:00,57.61,57.65,57.58,57.62,50879.0,57.609,327
2023-12-27 09:30:00-05:00,57.61,57.68,57.47,57.54,8692.0,57.61,16
2023-12-27 09:35:00-05:00,57.45,57.7,57.4,57.67,8877.0,57.604,72
2023-12-27 09:40:00-05:00,57.67,57.82,57.59,57.65,7275.0,57.687,52
2023-12-27 09:45:00-05:00,57.7,57.7,57.58,57.59,4021.0,57.671,29
2023-12-27 09:50:00-05:00,57.62,57.83,57.62,57.82,2567.0,57.73,14
2023-12-27 09:55:00-05:00,57.74,57.75,57.65,57.67,3657.0,57.698,34
2023-12-27 10:00:00-05:00,57.66,57.72,57.62,57.66,6346.0,57.668,51
2023-12-27 10:05:00-05:00,57.64,57.71,57.62,57.71,5476.0,57.65,52
2023-12-27 10:10:00-05:00,57.71,57.71,57.6,57.62,4609.0,57.655,36
2023-12-27 10:15:00-05:00,57.64,57.65,57.61,57.64,3218.0,57.634,26
2023-12-27 10:20:00-05:00,57.61,57.66,57.58,57.66,2978.0,57.602,20
2023-12-27 10:25:00-05:00,57.66,57.68,57.61,57.63,6197.0,57.625,37
2023-12-27 10:30:00-05:00,57.61,57.66,57.6,57.65,3232.0,57.629,23
2023-12-27 10:35:00-05:00,57.68,57.72,57.64,57.71,3884.0,57.677,29
2023-12-27 10:40:00-05:00,57.72,57.73,57.58,57.62,6219.0,57.636,41
2023-12-27 10:45:00-05:00,57.62,57.63,57.55,57.63,4125.0,57.586,35
2023-12-27 10:50:00-05:00,57.65,57.72,57.63,57.72,1400.0,57.683,13
2023-12-27 10:55:00-05:00,57.76,57.81,57.73,57.75,5142.0,57.766,36
2023-12-27 11:00:00-05:00,57.73,57.73,57.64,57.64,2251.0,57.674,19
2023-12-27 11:05:00-05:00,57.62,57.68,57.61,57.65,4285.0,57.651,36
2023-12-27 11:10:00-05:00,57.62,57.68,57.6,57.67,4455.0,57.641,37
2023-12-27 11:15:00-05:00,57.69,57.77,57.69,57.74,4485.0,57.721,38
2023-12-27 11:20:00-05:00,57.75,57.8,57.75,57.78,967.0,57.769,7
2023-12-27 11:25:00-05:00,57.78,57.81,57.75,57.76,5052.0,57.771,46
2023-12-27 11:30:00-05:00,57.79,57.82,57.77,57.82,2089.0,57.792,18
2023-12-27 11:35:00-05:00,57.81,57.84,57.77,57.79,3710.0,57.804,31
2023-12-27 11:40:00-05:00,57.81,57.89,57.8,57.89,3049.0,57.846,17
2023-12-27 11:45:00-05:00,57.89,57.92,57.88,57.88,3675.0,57.9,31
2023-12-27 11:50:00-05:00,57.9,57.91,57.88,57.91,1855.0,57.903,15
2023-12-27 11:55:00-05:00,57.9,57.92,57.88,57.88,2393.0,57.902,14
2023-12-27 12:00:00-05:00,57.88,57.9,57.82,57.84,9352.0,57.864,69
2023-12-27 12:05:00-05:00,57.87,57.9,57.85,57.9,3864.0,57.862,17
2023-12-27 12:10:00-05:00,57.89,57.95,57.89,57.95,2727.0,57.922,25
2023-12-27 12:15:00-05:00,57.97,57.97,57.86,57.86,7154.0,57.925,44
2023-12-27 12:20:00-05:00,57.86,57.88,57.76,57.76,8230.0,57.833,58
2023-12-27 12:25:00-05:00,57.76,57.76,57.69,57.69,4206.0,57.728,18
2023-12-27 12:30:00-05:00,57.71,57.76,57.69,57.75,2869.0,57.734,20
2023-12-27 12:35:00-05:00,57.76,57.76,57.68,57.68,4915.0,57.726,34
2023-12-27 12:40:00-05:00,57.68,57.7,57.62,57.62,3492.0,57.654,27
2023-12-27 12:45:00-05:00,57.64,57.76,57.62,57.76,4271.0,57.693,34
2023-12-27 12:50:00-05:00,57.78,57.79,57.75,57.75,4853.0,57.766,31
2023-12-27 12:55:00-05:00,57.75,57.78,57.74,57.74,2390.0,57.759,19
2023-12-27 13:00:00-05:00,57.78,57.83,57.78,57.81,3257.0,57.806,25
2023-12-27 13:05:00-05:00,57.84,57.94,57.84,57.86,4642.0,57.89,42
2023-12-27 13:10:00-05:00,57.92,57.93,57.87,57.89,4106.0,57.9,33
2023-12-27 13:15:00-05:00,57.87,57.91,57.86,57.86,3199.0,57.884,25
2023-12-27 13:20:00-05:00,57.85,57.86,57.81,57.82,2521.0,57.832,21
2023-12-27 13:25:00-05:00,57.84,57.85,57.82,57.83,3173.0,57.834,27
2023-12-27 13:30:00-05:00,57.84,57.84,57.81,57.81,2651.0,57.821,17
2023-12-27 13:35:00-05:00,57.82,57.87,57.82,57.87,1337.0,57.842,12
2023-12-27 13:40:00-05:00,57.88,57.91,57.87,57.89,3612.0,57.898,30
2023-12-27 13:45:00-05:00,57.87,57.87,57.83,57.84,2330.0,57.845,19
2023-12-27 13:50:00-05:00,57.84,57.85,57.8,57.82,2518.0,57.828,23
2023-12-27 13:55:00-05:00,57.83,57.84,57.78,57.78,4010.0,57.809,31
2023-12-27 14:00:00-05:00,57.78,57.78,57.58,57.6,9707.0,57.647,35
2023-12-27 14:05:00-05:00,57.6,57.71,57.58,57.69,2982.0,57.647,24
2023-12-27 14:10:00-05:00,57.68,57.68,57.59,57.62,4392.0,57.643,38
2023-12-27 14:15:00-05:00,57.65,57.65,57.61,57.65,2272.0,57.636,20
2023-12-27 14:20:00-05:00,57.67,57.71,57.65,57.71,3351.0,57.676,30
2023-12-27 14:25:00-05:00,57.73,57.78,57.69,57.72,7886.0,57.733,40
2023-12-27 14:30:00-05:00,57.71,57.71,57.65,57.68,3426.0,57.676,26
2023-12-27 14:35:00-05:00,57.68,57.71,57.68,57.69,2206.0,57.692,19
2023-12-27 14:40:00-05:00,57.69,57.72,57.68,57.72,5552.0,57.702,49
2023-12-27 14:45:00-05:00,57.72,57.76,57.71,57.75,4807.0,57.731,44
2023-12-27 14:50:00-05:00,57.75,57.78,57.72,57.76,6779.0,57.75,51
2023-12-27 14:55:00-05:00,57.7,57.71,57.64,57.7,3370.0,57.676,29
2023-12-27 15:00:00-05:00,57.72,57.76,57.71,57.76,3591.0,57.728,24
2023-12-27 15:05:00-05:00,57.76,57.79,57.73,57.77,5737.0,57.765,50
2023-12-27 15:10:00-05:00,57.75,57.78,57.74,57.78,3204.0,57.758,29
2023-12-27 15:15:00-05:00,57.78,57.85,57.78,57.8,6171.0,57.816,50
2023-12-27 15:20:00-05:00,57.8,57.86,57.76,57.76,4854.0,57.817,38
2023-12-27 15:25:00-05:00,57.76,57.8,57.74,57.8,5975.0,57.769,49
2023-12-27 15:30:00-05:00,57.78,57.8,57.77,57.8,6398.0,57.782,55
2023-12-27 15:35:00-05:00,57.78,57.8,57.71,57.75,10104.0,57.753,83
2023-12-27 15:40:00-05:00,57.75,57.75,57.69,57.71,7578.0,57.716,71
2023-12-27 15:45:00-05:00,57.7,57.74,57.66,57.71,13974.0,57.704,90
2023-12-27 15:50:00-05:00,57.71,57.77,57.65,57.75,21501.0,57.716,154
2023-12-27 15:55:00-05:00,57.75,57.92,57.75,57.92,67749.0,57.851,322
2023-12-28 09:30:00-05:00,57.91,58.03,57.88,57.92,15421.0,57.933,28
2023-12-28 09:35:00-05:00,57.99,58.13,57.99,58.12,5435.0,58.09,24
2023-12-28 09:40:00-05:00,58.19,58.33,57.99,58.07,6474.0,58.155,45
2023-12-28 09:45:00-05:00,58.04,58.16,58.0,58.13,3357.0,58.099,29
2023-12-28 09:50:00-05:00,58.16,58.31,58.16,58.3,2320.0,58.219,22
2023-12-28 09:55:00-05:00,58.28,58.54,58.28,58.35,22745.0,58.464,127
2023-12-28 10:00:00-05:00,58.34,58.34,58.23,58.32,5576.0,58.29,34
2023-12-28 10:05:00-05:00,58.3,58.35,58.29,58.32,9421.0,58.326,60
2023-12-28 10:10:00-05:00,58.25,58.34,58.25,58.3,2791.0,58.309,24
2023-12-28 10:15:00-05:00,58.32,58.42,58.29,58.42,7657.0,58.345,54
2023-12-28 10:20:00-05:00,58.43,58.45,58.27,58.32,12766.0,58.348,109
2023-12-28 10:25:00-05:00,58.31,58.37,58.31,58.36,3660.0,58.341,34
2023-12-28 10:30:00-05:00,58.38,58.43,58.38,58.39,7000.0,58.404,52
2023-12-28 10:35:00-05:00,58.38,58.39,58.31,58.32,8209.0,58.349,47
2023-12-28 10:40:00-05:00,58.31,58.31,58.14,58.16,3501.0,58.239,29
2023-12-28 10:45:00-05:00,58.15,58.21,58.14,58.19,2760.0,58.188,24
2023-12-28 10:50:00-05:00,58.19,58.19,57.98,57.98,8430.0,58.05,64
2023-12-28 10:55:00-05:00,57.96,58.0,57.92,58.0,8113.0,57.954,73
2023-12-28 11:00:00-05:00,58.01,58.03,57.96,58.02,7400.0,58.005,33
2023-12-28 11:05:00-05:00,58.02,58.02,57.92,57.95,2580.0,57.975,23
2023-12-28 11:10:00-05:00,57.96,57.96,57.89,57.9,2898.0,57.943,27
2023-12-28 11:15:00-05:00,57.9,57.9,57.75,57.8,11609.0,57.79,97
2023-12-28 11:20:00-05:00,57.79,57.84,57.77,57.82,3504.0,57.812,25
2023-12-28 11:25:00-05:00,57.82,57.84,57.81,57.82,3553.0,57.83,27
2023-12-28 11:30:00-05:00,57.81,57.82,57.72,57.78,9694.0,57.784,67
2023-12-28 11:35:00-05:00,57.78,57.79,57.75,57.79,2774.0,57.772,14
2023-12-28 11:40:00-05:00,57.79,57.91,57.78,57.9,4051.0,57.829,26
2023-12-28 11:45:00-05:00,57.91,57.92,57.89,57.91,4863.0,57.905,43
2023-12-28 11:50:00-05:00,57.92,57.97,57.91,57.96,4567.0,57.946,38
2023-12-28 11:55:00-05:00,57.96,57.98,57.93,57.98,4664.0,57.956,42
2023-12-28 12:00:00-05:00,57.98,58.06,57.97,58.03,6001.0,58.023,57
2023-12-28 12:05:00-05:00,58.04,58.07,58.0,58.01,6255.0,58.047,51
2023-12-28 12:10:00-05:00,58.01,58.01,57.97,57.97,4170.0,57.989,37
2023-12-28 12:15:00-05:00,57.99,58.05,57.88,57.94,8305.0,57.984,65
2023-12-28 12:20:00-05:00,57.96,57.97,57.84,57.86,3542.0,57.937,24
2023-12-28 12:25:00-05:00,57.88,57.88,57.87,57.88,600.0,57.876,6
2023-12-28 12:30:00-05:00,57.86,57.94,57.85,57.94,2103.0,57.878,20
2023-12-28 12:35:00-05:00,57.93,57.95,57.87,57.91,3719.0,57.917,31
2023-12-28 12:40:00-05:00,57.9,57.93,57.9,57.91,7886.0,57.909,26
2023-12-28 12:45:00-05:00,57.91,57.94,57.88,57.88,6157.0,57.925,56
2023-12-28 12:50:00-05:00,57.88,57.9,57.87,57.9,1376.0,57.885,13
2023-12-28 12:55:00-05:00,57.9,57.92,57.85,57.89,3950.0,57.89,34
2023-12-28 13:00:00-05:00,57.87,57.92,57.77,57.82,4026.0,57.846,37
2023-12-28 13:05:00-05:00,57.81,57.9,57.8,57.9,3609.0,57.867,33
2023-12-28 13:10:00-05:00,57.91,57.93,57.87,57.91,2333.0,57.904,22
2023-12-28 13:15:00-05:00,57.92,57.97,57.92,57.97,4036.0,57.939,36
2023-12-28 13:20:00-05:00,57.96,57.99,57.94,57.98,2688.0,57.962,22
2023-12-28 13:25:00-05:00,57.98,57.99,57.92,57.93,3912.0,57.963,27
2023-12-28 13:30:00-05:00,57.91,57.97,57.91,57.96,2611.0,57.937,26
2023-12-28 13:35:00-05:00,57.97,58.02,57.96,57.98,6745.0,57.983,54
2023-12-28 13:40:00-05:00,57.98,57.98,57.93,57.94,3272.0,57.947,30
2023-12-28 13:45:00-05:00,57.94,58.0,57.91,57.91,6082.0,57.97,46
2023-12-28 13:50:00-05:00,57.92,57.96,57.9,57.93,5231.0,57.926,42
2023-12-28 13:55:00-05:00,57.92,57.94,57.9,57.94,2162.0,57.926,14
2023-12-28 14:00:00-05:00,57.95,57.95,57.91,57.95,2693.0,57.937,20
2023-12-28 14:05:00-05:00,57.96,57.96,57.92,57.92,1807.0,57.948,15
2023-12-28 14:10:00-05:00,57.93,57.95,57.92,57.93,3025.0,57.931,23
2023-12-28 14:15:00-05:00,57.92,57.93,57.87,57.88,5102.0,57.906,43
2023-12-28 14:20:00-05:00,57.88,57.92,57.88,57.91,4649.0,57.901,41
2023-12-28 14:25:00-05:00,57.92,57.93,57.9,57.91,4275.0,57.916,39
2023-12-28 14:30:00-05:00,57.93,57.98,57.9,57.91,5777.0,57.943,49
2023-12-28 14:35:00-05:00,57.93,57.95,57.91,57.92,4955.0,57.925,41
2023-12-28 14:40:00-05:00,57.92,57.92,57.81,57.84,2823.0,57.878,27
2023-12-28 14:45:00-05:00,57.84,57.89,57.82,57.89,4012.0,57.843,35
2023-12-28 14:50:00-05:00,57.88,57.88,57.83,57.84,4677.0,57.852,40
2023-12-28 14:55:00-05:00,57.84,57.86,57.82,57.86,6306.0,57.836,52
2023-12-28 15:00:00-05:00,57.85,57.9,57.81,57.89,5644.0,57.853,49
2023-12-28 15:05:00-05:00,57.89,57.91,57.82,57.82,5617.0,57.871,49
2023-12-28 15:10:00-05:00,57.82,57.86,57.8,57.86,11590.0,57.829,80
2023-12-28 15:15:00-05:00,57.84,57.91,57.79,57.91,6981.0,57.851,58
2023-12-28 15:20:00-05:00,57.92,57.93,57.81,57.85,9786.0,57.884,81
2023-12-28 15:25:00-05:00,57.84,57.84,57.79,57.84,9085.0,57.814,73
2023-12-28 15:30:00-05:00,57.84,57.88,57.82,57.88,12924.0,57.849,85
2023-12-28 15:35:00-05:00,57.87,57.95,57.87,57.94,10150.0,57.912,66
2023-12-28 15:40:00-05:00,57.94,57.98,57.93,57.97,14584.0,57.953,121
2023-12-28 15:45:00-05:00,57.97,57.98,57.94,57.98,14482.0,57.965,105
2023-12-28 15:50:00-05:00,57.97,58.0,57.9,57.91,36772.0,57.949,263
2023-12-28 15:55:00-05:00,57.91,58.01,57.89,57.95,114914.0,57.951,641
2023-12-29 09:30:00-05:00,57.89,58.2,57.79,58.08,16123.0,57.981,33
2023-12-29 09:35:00-05:00,58.05,58.22,58.03,58.16,2500.0,58.095,16
2023-12-29 09:40:00-05:00,58.13,58.28,58.07,58.15,5939.0,58.186,39
2023-12-29 09:45:00-05:00,58.16,58.22,58.16,58.16,1943.0,58.163,8
2023-12-29 09:50:00-05:00,58.03,58.03,57.91,57.99,1696.0,57.972,14
2023-12-29 09:55:00-05:00,58.0,58.0,57.95,58.0,1612.0,57.978,10
2023-12-29 10:00:00-05:00,57.94,57.95,57.9,57.95,5181.0,57.932,25
2023-12-29 10:05:00-05:00,57.94,58.0,57.92,57.92,2824.0,57.965,18
2023-12-29 10:10:00-05:00,57.9,57.91,57.84,57.84,1773.0,57.877,15
2023-12-29 10:15:00-05:00,57.82,57.89,57.75,57.89,3103.0,57.794,20
2023-12-29 10:20:00-05:00,57.9,57.93,57.76,57.76,1743.0,57.858,13
2023-12-29 10:25:00-05:00,57.76,57.76,57.74,57.74,541.0,57.748,5
2023-12-29 10:30:00-05:00,57.71,57.8,57.71,57.76,4397.0,57.748,26
2023-12-29 10:35:00-05:00,57.77,57.83,57.76,57.82,4600.0,57.797,33
2023-12-29 10:40:00-05:00,57.82,57.93,57.81,57.89,11991.0,57.857,91
2023-12-29 10:45:00-05:00,57.9,57.9,57.83,57.86,4938.0,57.86,37
2023-12-29 10:50:00-05:00,57.91,57.91,57.77,57.79,4153.0,57.825,32
2023-12-29 10:55:00-05:00,57.77,57.77,57.71,57.71,3136.0,57.749,28
2023-12-29 11:00:00-05:00,57.7,57.71,57.64,57.68,4423.0,57.681,37
2023-12-29 11:05:00-05:00,57.66,57.66,57.59,57.63,1688.0,57.611,15
2023-12-29 11:10:00-05:00,57.64,57.66,57.61,57.62,1662.0,57.636,15
2023-12-29 11:15:00-05:00,57.62,57.63,57.54,57.62,3419.0,57.592,25
2023-12-29 11:20:00-05:00,57.64,57.65,57.62,57.64,4194.0,57.643,14
2023-12-29 11:25:00-05:00,57.62,57.65,57.6,57.6,2615.0,57.625,20
2023-12-29 11:30:00-05:00,57.6,57.61,57.57,57.6,3388.0,57.591,29
2023-12-29 11:35:00-05:00,57.59,57.7,57.59,57.69,5597.0,57.633,32
2023-12-29 11:40:00-05:00,57.7,57.72,57.68,57.72,2429.0,57.698,16
2023-12-29 11:45:00-05:00,57.76,57.77,57.71,57.77,3368.0,57.74,27
2023-12-29 11:50:00-05:00,57.75,57.75,57.66,57.69,4888.0,57.709,28
2023-12-29 11:55:00-05:00,57.7,57.71,57.62,57.62,3154.0,57.675,28
2023-12-29 12:00:00-05:00,57.65,57.7,57.65,57.66,1784.0,57.679,14
2023-12-29 12:05:00-05:00,57.65,57.65,57.58,57.58,2555.0,57.616,25
2023-12-29 12:10:00-05:00,57.59,57.62,57.57,57.59,2815.0,57.599,26
2023-12-29 12:15:00-05:00,57.58,57.7,57.58,57.7,5006.0,57.604,41
2023-12-29 12:20:00-05:00,57.72,57.79,57.7,57.75,4237.0,57.749,35
2023-12-29 12:25:00-05:00,57.76,57.76,57.7,57.7,1532.0,57.74,5
2023-12-29 12:30:00-05:00,57.69,57.69,57.66,57.68,7143.0,57.678,29
2023-12-29 12:35:00-05:00,57.68,57.73,57.67,57.71,2167.0,57.694,16
2023-12-29 12:40:00-05:00,57.74,57.74,57.7,57.71,3644.0,57.72,29
2023-12-29 12:45:00-05:00,57.73,57.78,57.71,57.71,2352.0,57.744,22
2023-12-29 12:50:00-05:00,57.7,57.75,57.69,57.72,1949.0,57.734,11
2023-12-29 12:55:00-05:00,57.75,57.82,57.75,57.81,3528.0,57.798,32
2023-12-29 13:00:00-05:00,57.81,57.81,57.76,57.78,1720.0,57.783,12
2023-12-29 13:05:00-05:00,57.78,57.8,57.76,57.77,2662.0,57.783,19
2023-12-29 13:10:00-05:00,57.78,57.84,57.77,57.83,10039.0,57.786,25
2023-12-29 13:15:00-05:00,57.82,57.82,57.71,57.72,2089.0,57.759,15
2023-12-29 13:20:00-05:00,57.71,57.71,57.68,57.68,6014.0,57.697,26
2023-12-29 13:25:00-05:00,57.7,57.71,57.67,57.7,1014.0,57.691,8
2023-12-29 13:30:00-05:00,57.71,57.73,57.67,57.67,2514.0,57.713,24
2023-12-29 13:35:00-05:00,57.66,57.71,57.66,57.71,2258.0,57.692,19
2023-12-29 13:40:00-05:00,57.68,57.69,57.64,57.67,2602.0,57.666,21
2023-12-29 13:45:00-05:00,57.64,57.71,57.64,57.69,2988.0,57.685,26
2023-12-29 13:50:00-05:00,57.7,57.71,57.63,57.63,2053.0,57.68,16
2023-12-29 13:55:00-05:00,57.61,57.67,57.61,57.64,2424.0,57.644,18
2023-12-29 14:00:00-05:00,57.64,57.66,57.63,57.66,1722.0,57.644,13
2023-12-29 14:05:00-05:00,57.67,57.7,57.65,57.67,3083.0,57.674,17
2023-12-29 14:10:00-05:00,57.67,57.67,57.64,57.65,1907.0,57.654,12
2023-12-29 14:15:00-05:00,57.66,57.73,57.65,57.73,1726.0,57.683,15
2023-12-29 14:20:00-05:00,57.74,57.77,57.72,57.73,3803.0,57.741,35
2023-12-29 14:25:00-05:00,57.73,57.75,57.72,57.73,1383.0,57.729,11
2023-12-29 14:30:00-05:00,57.73,57.82,57.73,57.8,4039.0,57.787,30
2023-12-29 14:35:00-05:00,57.79,57.79,57.74,57.74,2528.0,57.764,21
2023-12-29 14:40:00-05:00,57.71,57.73,57.7,57.71,4986.0,57.711,44
2023-12-29 14:45:00-05:00,57.72,57.73,57.67,57.67,6603.0,57.697,52
2023-12-29 14:50:00-05:00,57.67,57.67,57.6,57.62,2566.0,57.643,20
2023-12-29 14:55:00-05:00,57.62,57.64,57.57,57.59,6178.0,57.605,44
2023-12-29 15:00:00-05:00,57.62,57.64,57.61,57.62,3067.0,57.621,18
2023-12-29 15:05:00-05:00,57.62,57.7,57.62,57.67,3419.0,57.65,19
2023-12-29 15:10:00-05:00,57.69,57.73,57.69,57.73,2357.0,57.717,18
2023-12-29 15:15:00-05:00,57.75,57.75,57.69,57.69,2983.0,57.729,26
2023-12-29 15:20:00-05:00,57.69,57.69,57.62,57.65,6295.0,57.643,25
2023-12-29 15:25:00-05:00,57.65,57.73,57.63,57.69,3092.0,57.68,24
2023-12-29 15:30:00-05:00,57.7,57.7,57.65,57.68,3503.0,57.675,29
2023-12-29 15:35:00-05:00,57.67,57.69,57.65,57.66,3707.0,57.666,34
2023-12-29 15:40:00-05:00,57.66,57.7,57.65,57.65,8735.0,57.674,55
2023-12-29 15:45:00-05:00,57.64,57.68,57.59,57.59,9316.0,57.637,69
2023-12-29 15:50:00-05:00,57.56,57.62,57.48,57.48,20728.0,57.557,169
2023-12-29 15:55:00-05:00,57.48,57.58,57.47,57.52,70216.0,57.532,466
2024-01-02 09:30:00-05:00,56.3,56.58,56.0,56.52,64121.0,56.327,173
2024-01-02 09:35:00-05:00,56.51,56.69,56.39,56.4,11635.0,56.531,82
2024-01-02 09:40:00-05:00,56.38,56.73,56.38,56.61,14197.0,56.569,117
2024-01-02 09:45:00-05:00,56.58,56.58,56.41,56.48,14695.0,56.457,88
2024-01-02 09:50:00-05:00,56.47,56.69,56.46,56.67,15288.0,56.6,117
2024-01-02 09:55:00-05:00,56.65,56.66,56.49,56.66,11308.0,56.601,90
2024-01-02 10:00:00-05:00,56.68,56.73,56.55,56.69,22214.0,56.659,177
2024-01-02 10:05:00-05:00,56.66,56.72,56.52,56.54,14578.0,56.627,96
2024-01-02 10:10:00-05:00,56.52,56.52,56.41,56.43,14243.0,56.46,73
2024-01-02 10:15:00-05:00,56.44,56.61,56.44,56.57,12110.0,56.533,92
2024-01-02 10:20:00-05:00,56.57,56.62,56.51,56.51,8872.0,56.561,81
2024-01-02 10:25:00-05:00,56.51,56.53,56.4,56.52,11404.0,56.468,80
2024-01-02 10:30:00-05:00,56.48,56.53,56.4,56.53,4757.0,56.463,36
2024-01-02 10:35:00-05:00,56.53,56.66,56.52,56.63,6594.0,56.576,44
2024-01-02 10:40:00-05:00,56.65,56.91,56.65,56.87,8847.0,56.846,47
2024-01-02 10:45:00-05:00,56.89,56.92,56.77,56.91,7785.0,56.864,51
2024-01-02 10:50:00-05:00,56.9,57.05,56.9,56.95,16807.0,56.967,60
2024-01-02 10:55:00-05:00,56.95,56.98,56.89,56.91,16976.0,56.935,81
2024-01-02 11:00:00-05:00,56.9,57.08,56.89,57.06,6192.0,56.99,52
2024-01-02 11:05:00-05:00,57.05,57.05,56.94,57.03,6101.0,56.99,47
2024-01-02 11:10:00-05:00,57.05,57.09,56.92,56.98,9470.0,57.003,70
2024-01-02 11:15:00-05:00,56.96,57.07,56.96,56.98,4730.0,57.007,44
2024-01-02 11:20:00-05:00,56.97,57.03,56.91,57.01,6041.0,56.966,55
2024-01-02 11:25:00-05:00,57.0,57.02,57.0,57.0,3830.0,57.006,36
2024-01-02 11:30:00-05:00,56.99,57.0,56.94,56.97,7028.0,56.967,62
2024-01-02 11:35:00-05:00,56.96,57.01,56.95,57.01,3693.0,56.978,35
2024-01-02 11:40:00-05:00,56.99,57.14,56.99,57.14,5989.0,57.08,40
2024-01-02 11:45:00-05:00,57.13,57.29,57.11,57.21,35228.0,57.236,191
2024-01-02 11:50:00-05:00,57.22,57.3,57.19,57.28,12115.0,57.232,108
2024-01-02 11:55:00-05:00,57.27,57.33,57.25,57.31,20632.0,57.29,130
2024-01-02 12:00:00-05:00,57.32,57.34,57.27,57.27,24664.0,57.301,147
2024-01-02 12:05:00-05:00,57.29,57.29,57.18,57.18,16619.0,57.215,93
2024-01-02 12:10:00-05:00,57.19,57.4,57.18,57.37,7291.0,57.318,57
2024-01-02 12:15:00-05:00,57.36,57.36,57.22,57.26,5321.0,57.277,42
2024-01-02 12:20:00-05:00,57.28,57.32,57.25,57.3,4169.0,57.28,39
2024-01-02 12:25:00-05:00,57.26,57.26,57.08,57.08,5623.0,57.166,45
2024-01-02 12:30:00-05:00,57.11,57.15,57.03,57.15,9481.0,57.082,62
2024-01-02 12:35:00-05:00,57.17,57.22,57.16,57.2,2899.0,57.196,27
2024-01-02 12:40:00-05:00,57.22,57.24,57.18,57.2,4296.0,57.207,35
2024-01-02 12:45:00-05:00,57.19,57.22,57.16,57.17,4215.0,57.187,40
2024-01-02 12:50:00-05:00,57.18,57.21,57.17,57.2,2477.0,57.184,22
2024-01-02 12:55:00-05:00,57.19,57.21,57.17,57.19,4993.0,57.186,42
2024-01-02 13:00:00-05:00,57.18,57.18,57.09,57.09,5423.0,57.13,41
2024-01-02 13:05:00-05:00,57.1,57.13,57.06,57.08,7515.0,57.092,50
2024-01-02 13:10:00-05:00,57.08,57.13,57.07,57.11,8774.0,57.106,63
2024-01-02 13:15:00-05:00,57.11,57.15,57.08,57.1,10971.0,57.111,58
2024-01-02 13:20:00-05:00,57.1,57.12,57.08,57.1,2773.0,57.095,25
2024-01-02 13:25:00-05:00,57.1,57.13,57.07,57.07,8419.0,57.103,54
2024-01-02 13:30:00-05:00,57.06,57.11,57.0,57.11,9302.0,57.059,75
2024-01-02 13:35:00-05:00,57.1,57.2,57.1,57.19,10607.0,57.131,82
2024-01-02 13:40:00-05:00,57.2,57.26,57.15,57.2,46926.0,57.178,172
2024-01-02 13:45:00-05:00,57.19,57.32,57.19,57.3,7148.0,57.273,57
2024-01-02 13:50:00-05:00,57.3,57.34,57.25,57.29,9659.0,57.295,46
2024-01-02 13:55:00-05:00,57.32,57.36,57.31,57.33,2710.0,57.336,25
2024-01-02 14:00:00-05:00,57.32,57.33,57.27,57.27,6475.0,57.303,56
2024-01-02 14:05:00-05:00,57.28,57.28,57.15,57.21,24525.0,57.198,73
2024-01-02 14:10:00-05:00,57.21,57.22,57.06,57.08,16479.0,57.119,71
2024-01-02 14:15:00-05:00,57.08,57.11,57.02,57.07,4988.0,57.067,43
2024-01-02 14:20:00-05:00,57.07,57.09,57.03,57.05,4036.0,57.056,37
2024-01-02 14:25:00-05:00,57.05,57.05,56.99,56.99,21008.0,57.013,151
2024-01-02 14:30:00-05:00,56.99,56.99,56.86,56.87,7210.0,56.932,53
2024-01-02 14:35:00-05:00,56.88,56.9,56.78,56.79,3417.0,56.823,28
2024-01-02 14:40:00-05:00,56.77,56.83,56.75,56.79,12494.0,56.794,73
2024-01-02 14:45:00-05:00,56.79,56.79,56.7,56.76,5197.0,56.735,40
2024-01-02 14:50:00-05:00,56.76,56.8,56.66,56.69,6622.0,56.738,58
2024-01-02 14:55:00-05:00,56.69,56.74,56.62,56.71,22413.0,56.673,131
2024-01-02 15:00:00-05:00,56.71,56.71,56.62,56.65,5787.0,56.659,49
2024-01-02 15:05:00-05:00,56.65,56.72,56.6,56.71,5205.0,56.645,47
2024-01-02 15:10:00-05:00,56.72,56.73,56.65,56.66,9322.0,56.688,74
2024-01-02 15:15:00-05:00,56.66,56.72,56.57,56.69,11066.0,56.658,82
2024-01-02 15:20:00-05:00,56.68,56.7,56.6,56.63,13056.0,56.662,97
2024-01-02 15:25:00-05:00,56.6,56.64,56.56,56.61,17233.0,56.602,135
2024-01-02 15:30:00-05:00,56.61,56.7,56.57,56.58,24170.0,56.63,188
2024-01-02 15:35:00-05:00,56.57,56.64,56.55,56.6,20875.0,56.589,146
2024-01-02 15:40:00-05:00,56.59,56.64,56.58,56.63,19395.0,56.611,153
2024-01-02 15:45:00-05:00,56.64,56.67,56.59,56.66,29122.0,56.629,199
2024-01-02 15:50:00-05:00,56.68,56.91,56.67,56.91,80370.0,56.804,414
2024-01-02 15:55:00-05:00,56.92,57.03,56.87,57.0,141601.0,56.96,885
2024-01-03 09:30:00-05:00,56.02,56.2,55.2,55.22,27663.0,55.854,88
2024-01-03 09:35:00-05:00,55.26,55.62,55.23,55.62,21392.0,55.443,186
2024-01-03 09:40:00-05:00,55.62,55.62,55.46,55.54,9270.0,55.55,70
2024-01-03 09:45:00-05:00,55.49,55.63,55.44,55.58,9131.0,55.506,71
2024-01-03 09:50:00-05:00,55.61,55.78,55.5,55.52,10681.0,55.645,84
2024-01-03 09:55:00-05:00,55.52,55.55,55.32,55.32,10653.0,55.432,88
2024-01-03 10:00:00-05:00,55.35,55.5,55.33,55.4,16045.0,55.41,123
2024-01-03 10:05:00-05:00,55.45,55.61,55.42,55.6,8330.0,55.553,70
2024-01-03 10:10:00-05:00,55.61,55.61,55.45,55.5,11354.0,55.508,95
2024-01-03 10:15:00-05:00,55.5,55.6,55.44,55.6,12173.0,55.503,99
2024-01-03 10:20:00-05:00,55.56,55.56,55.48,55.52,8058.0,55.515,61
2024-01-03 10:25:00-05:00,55.52,55.62,55.48,55.48,11439.0,55.561,90
2024-01-03 10:30:00-05:00,55.44,55.46,55.29,55.3,8958.0,55.39,74
2024-01-03 10:35:00-05:00,55.31,55.32,55.19,55.25,8795.0,55.251,71
2024-01-03 10:40:00-05:00,55.24,55.31,55.21,55.28,9242.0,55.256,69
2024-01-03 10:45:00-05:00,55.25,55.28,55.16,55.28,8188.0,55.223,67
2024-01-03 10:50:00-05:00,55.29,55.38,55.27,55.3,10225.0,55.309,85
2024-01-03 10:55:00-05:00,55.32,55.48,55.31,55.48,11758.0,55.394,89
2024-01-03 11:00:00-05:00,55.48,55.55,55.44,55.51,13694.0,55.49,97
2024-01-03 11:05:00-05:00,55.51,55.6,55.5,55.57,14152.0,55.567,106
2024-01-03 11:10:00-05:00,55.6,55.61,55.54,55.58,11840.0,55.575,102
2024-01-03 11:15:00-05:00,55.57,55.63,55.52,55.55,16668.0,55.555,90
2024-01-03 11:20:00-05:00,55.55,55.57,55.47,55.5,9353.0,55.53,74
2024-01-03 11:25:00-05:00,55.5,55.62,55.46,55.6,16380.0,55.545,125
2024-01-03 11:30:00-05:00,55.6,55.62,55.53,55.57,14393.0,55.583,117
2024-01-03 11:35:00-05:00,55.57,55.6,55.5,55.58,47004.0,55.53,148
2024-01-03 11:40:00-05:00,55.58,55.74,55.58,55.74,7966.0,55.633,55
2024-01-03 11:45:00-05:00,55.81,55.83,55.75,55.81,10188.0,55.789,74
2024-01-03 11:50:00-05:00,55.83,55.92,55.77,55.77,7745.0,55.839,64
2024-01-03 11:55:00-05:00,55.75,55.76,55.72,55.75,5627.0,55.744,48
2024-01-03 12:00:00-05:00,55.75,55.81,55.75,55.81,7964.0,55.777,70
2024-01-03 12:05:00-05:00,55.82,55.84,55.79,55.81,7670.0,55.809,56
2024-01-03 12:10:00-05:00,55.81,55.81,55.73,55.8,4537.0,55.782,34
2024-01-03 12:15:00-05:00,55.8,55.82,55.72,55.73,8610.0,55.78,66
2024-01-03 12:20:00-05:00,55.72,55.78,55.71,55.75,7829.0,55.736,68
2024-01-03 12:25:00-05:00,55.76,55.78,55.71,55.77,6772.0,55.764,59
2024-01-03 12:30:00-05:00,55.78,55.82,55.75,55.81,4133.0,55.782,31
2024-01-03 12:35:00-05:00,55.8,55.85,55.78,55.85,4146.0,55.811,30
2024-01-03 12:40:00-05:00,55.86,56.0,55.84,56.0,6016.0,55.927,38
2024-01-03 12:45:00-05:00,56.0,56.02,55.9,56.0,22744.0,55.945,99
2024-01-03 12:50:00-05:00,56.02,56.05,55.99,55.99,16952.0,56.006,80
2024-01-03 12:55:00-05:00,56.0,56.13,56.0,56.13,41279.0,56.007,97
2024-01-03 13:00:00-05:00,56.17,56.27,56.17,56.17,4727.0,56.203,34
2024-01-03 13:05:00-05:00,56.17,56.17,56.1,56.16,3671.0,56.13,29
2024-01-03 13:10:00-05:00,56.17,56.18,56.07,56.1,10474.0,56.109,62
2024-01-03 13:15:00-05:00,56.11,56.15,56.03,56.03,44943.0,56.074,133
2024-01-03 13:20:00-05:00,56.02,56.04,55.98,56.02,14453.0,56.028,70
2024-01-03 13:25:00-05:00,55.99,56.0,55.97,55.98,4178.0,55.991,35
2024-01-03 13:30:00-05:00,55.99,56.0,55.91,55.93,4429.0,55.964,38
2024-01-03 13:35:00-05:00,55.93,55.96,55.9,55.93,90880.0,55.948,185
2024-01-03 13:40:00-05:00,55.92,55.95,55.85,55.88,10857.0,55.906,96
2024-01-03 13:45:00-05:00,55.9,56.0,55.9,55.99,16071.0,55.94,64
2024-01-03 13:50:00-05:00,55.98,56.0,55.93,55.94,8732.0,55.965,72
2024-01-03 13:55:00-05:00,55.94,55.95,55.93,55.95,16893.0,55.949,85
2024-01-03 14:00:00-05:00,55.94,56.13,55.9,55.91,122381.0,55.958,286
2024-01-03 14:05:00-05:00,55.92,55.95,55.86,55.9,29403.0,55.944,89
2024-01-03 14:10:00-05:00,55.88,55.94,55.87,55.93,10788.0,55.905,76
2024-01-03 14:15:00-05:00,55.93,55.95,55.89,55.9,17196.0,55.932,95
2024-01-03 14:20:00-05:00,55.88,55.95,55.87,55.95,10979.0,55.916,73
2024-01-03 14:25:00-05:00,55.95,56.23,55.94,56.1,74126.0,56.014,211
2024-01-03 14:30:00-05:00,56.1,56.11,56.01,56.09,43293.0,56.094,174
2024-01-03 14:35:00-05:00,56.1,56.1,56.0,56.07,12965.0,56.049,80
2024-01-03 14:40:00-05:00,56.06,56.1,56.01,56.1,15656.0,56.088,94
2024-01-03 14:45:00-05:00,56.1,56.1,56.04,56.08,16206.0,56.082,108
2024-01-03 14:50:00-05:00,56.04,56.1,56.01,56.08,9367.0,56.055,76
2024-01-03 14:55:00-05:00,56.07,56.1,56.03,56.07,13367.0,56.081,97
2024-01-03 15:00:00-05:00,56.08,56.09,55.99,55.99,11629.0,56.039,86
2024-01-03 15:05:00-05:00,55.99,56.0,55.86,55.92,14058.0,55.92,113
2024-01-03 15:10:00-05:00,55.91,55.91,55.76,55.77,12555.0,55.835,98
2024-01-03 15:15:00-05:00,55.76,55.81,55.71,55.8,11742.0,55.758,98
2024-01-03 15:20:00-05:00,55.8,55.82,55.75,55.75,13814.0,55.789,108
2024-01-03 15:25:00-05:00,55.76,55.79,55.7,55.79,14253.0,55.729,116
2024-01-03 15:30:00-05:00,55.78,55.91,55.74,55.89,19845.0,55.808,158
2024-01-03 15:35:00-05:00,55.9,55.91,55.79,55.86,20408.0,55.855,168
2024-01-03 15:40:00-05:00,55.86,55.88,55.8,55.81,25545.0,55.856,203
2024-01-03 15:45:00-05:00,55.81,55.86,55.8,55.84,32777.0,55.828,244
2024-01-03 15:50:00-05:00,55.86,55.87,55.8,55.83,69977.0,55.841,498
2024-01-03 15:55:00-05:00,55.83,55.94,55.82,55.85,214954.0,55.875,974
2024-01-04 09:30:00-05:00,55.81,55.95,55.81,55.81,7998.0,55.825,11
2024-01-04 09:35:00-05:00,55.8,55.92,55.69,55.83,3352.0,55.789,25
2024-01-04 09:40:00-05:00,55.78,55.89,55.69,55.84,3775.0,55.8,26
2024-01-04 09:45:00-05:00,55.8,55.8,55.66,55.73,3218.0,55.72,31
2024-01-04 09:50:00-05:00,55.7,55.82,55.7,55.81,2430.0,55.772,19
2024-01-04 09:55:00-05:00,55.88,55.95,55.8,55.82,4948.0,55.891,25
2024-01-04 10:00:00-05:00,55.8,55.91,55.8,55.91,5996.0,55.842,38
2024-01-04 10:05:00-05:00,55.91,56.0,55.88,56.0,2668.0,55.921,24
2024-01-04 10:10:00-05:00,56.0,56.15,55.98,56.15,6071.0,56.014,46
2024-01-04 10:15:00-05:00,56.12,56.26,56.08,56.23,16815.0,56.164,129
2024-01-04 10:20:00-05:00,56.23,56.23,56.0,56.04,7239.0,56.112,59
2024-01-04 10:25:00-05:00,56.04,56.15,56.0,56.13,2320.0,56.067,22
2024-01-04 10:30:00-05:00,56.13,56.15,56.03,56.14,13536.0,56.086,114
2024-01-04 10:35:00-05:00,56.14,56.18,56.08,56.08,3931.0,56.139,32
2024-01-04 10:40:00-05:00,56.08,56.21,56.08,56.21,4210.0,56.125,39
2024-01-04 10:45:00-05:00,56.22,56.24,56.12,56.13,13394.0,56.188,88
2024-01-04 10:50:00-05:00,56.13,56.15,56.07,56.14,13161.0,56.115,83
2024-01-04 10:55:00-05:00,56.14,56.24,56.08,56.19,18728.0,56.156,133
2024-01-04 11:00:00-05:00,56.17,56.21,56.13,56.15,6224.0,56.158,46
2024-01-04 11:05:00-05:00,56.15,56.15,56.04,56.05,5355.0,56.114,48
2024-01-04 11:10:00-05:00,56.06,56.21,56.06,56.2,30210.0,56.146,93
2024-01-04 11:15:00-05:00,56.21,56.21,56.12,56.13,9247.0,56.155,55
2024-01-04 11:20:00-05:00,56.13,56.2,56.12,56.2,15344.0,56.155,103
2024-01-04 11:25:00-05:00,56.2,56.3,56.18,56.28,4435.0,56.239,37
2024-01-04 11:30:00-05:00,56.32,56.32,56.29,56.3,3720.0,56.301,19
2024-01-04 11:35:00-05:00,56.28,56.31,56.27,56.3,3180.0,56.291,29
2024-01-04 11:40:00-05:00,56.3,56.3,56.21,56.26,4183.0,56.255,31
2024-01-04 11:45:00-05:00,56.23,56.24,56.18,56.19,7180.0,56.214,44
2024-01-04 11:50:00-05:00,56.14,56.2,56.1,56.18,5346.0,56.147,48
2024-01-04 11:55:00-05:00,56.18,56.21,56.17,56.2,2447.0,56.191,21
2024-01-04 12:00:00-05:00,56.2,56.2,56.1,56.18,6377.0,56.165,50
2024-01-04 12:05:00-05:00,56.2,56.2,56.12,56.13,12850.0,56.159,68
2024-01-04 12:10:00-05:00,56.13,56.25,56.13,56.24,6444.0,56.216,44
2024-01-04 12:15:00-05:00,56.25,56.29,56.24,56.28,4562.0,56.267,39
2024-01-04 12:20:00-05:00,56.27,56.33,56.27,56.29,3684.0,56.3,28
2024-01-04 12:25:00-05:00,56.3,56.35,56.26,56.29,4314.0,56.31,38
2024-01-04 12:30:00-05:00,56.29,56.31,56.25,56.31,8025.0,56.289,31
2024-01-04 12:35:00-05:00,56.31,56.32,56.25,56.29,4388.0,56.288,34
2024-01-04 12:40:00-05:00,56.3,56.3,56.25,56.26,3904.0,56.272,31
2024-01-04 12:45:00-05:00,56.26,56.29,56.24,56.28,6770.0,56.262,65
2024-01-04 12:50:00-05:00,56.28,56.31,56.26,56.31,5296.0,56.265,24
2024-01-04 12:55:00-05:00,56.3,56.33,56.26,56.32,7466.0,56.304,67
2024-01-04 13:00:00-05:00,56.33,56.39,56.32,56.39,2350.0,56.355,23
2024-01-04 13:05:00-05:00,56.4,56.49,56.39,56.45,6725.0,56.424,63
2024-01-04 13:10:00-05:00,56.46,56.46,56.42,56.43,7145.0,56.433,41
2024-01-04 13:15:00-05:00,56.43,56.47,56.43,56.44,6928.0,56.445,59
2024-01-04 13:20:00-05:00,56.44,56.57,56.43,56.56,12728.0,56.483,110
2024-01-04 13:25:00-05:00,56.56,56.57,56.5,56.56,8664.0,56.541,58
2024-01-04 13:30:00-05:00,56.56,56.57,56.52,56.54,5104.0,56.548,48
2024-01-04 13:35:00-05:00,56.54,56.54,56.5,56.53,4698.0,56.519,41
2024-01-04 13:40:00-05:00,56.53,56.59,56.53,56.56,5591.0,56.557,47
2024-01-04 13:45:00-05:00,56.55,56.62,56.55,56.6,6591.0,56.601,49
2024-01-04 13:50:00-05:00,56.6,56.62,56.56,56.59,8071.0,56.595,68
2024-01-04 13:55:00-05:00,56.58,56.59,56.55,56.55,9188.0,56.573,64
2024-01-04 14:00:00-05:00,56.56,56.63,56.56,56.58,3243.0,56.597,30
2024-01-04 14:05:00-05:00,56.56,56.56,56.54,56.55,4228.0,56.547,35
2024-01-04 14:10:00-05:00,56.55,56.63,56.53,56.63,7048.0,56.575,57
2024-01-04 14:15:00-05:00,56.62,56.64,56.6,56.62,12445.0,56.616,90
2024-01-04 14:20:00-05:00,56.61,56.64,56.58,56.6,11004.0,56.613,93
2024-01-04 14:25:00-05:00,56.6,56.63,56.57,56.6,9213.0,56.6,79
2024-01-04 14:30:00-05:00,56.6,56.66,56.59,56.66,16584.0,56.62,106
2024-01-04 14:35:00-05:00,56.65,56.68,56.63,56.64,7450.0,56.661,64
2024-01-04 14:40:00-05:00,56.64,56.65,56.62,56.63,6940.0,56.634,55
2024-01-04 14:45:00-05:00,56.61,56.69,56.59,56.68,9595.0,56.633,80
2024-01-04 14:50:00-05:00,56.7,56.75,56.69,56.73,8512.0,56.723,66
2024-01-04 14:55:00-05:00,56.73,56.78,56.72,56.73,10143.0,56.752,68
2024-01-04 15:00:00-05:00,56.72,56.79,56.69,56.79,19333.0,56.733,119
2024-01-04 15:05:00-05:00,56.79,56.87,56.78,56.86,8647.0,56.825,72
2024-01-04 15:10:00-05:00,56.85,56.87,56.83,56.86,12560.0,56.855,78
2024-01-04 15:15:00-05:00,56.86,56.86,56.73,56.77,9122.0,56.805,71
2024-01-04 15:20:00-05:00,56.77,56.77,56.69,56.71,6220.0,56.736,57
2024-01-04 15:25:00-05:00,56.71,56.79,56.7,56.79,7852.0,56.74,70
2024-01-04 15:30:00-05:00,56.77,56.86,56.76,56.86,15383.0,56.801,115
2024-01-04 15:35:00-05:00,56.86,56.86,56.79,56.79,10975.0,56.815,97
2024-01-04 15:40:00-05:00,56.8,56.83,56.76,56.79,12881.0,56.796,109
2024-01-04 15:45:00-05:00,56.77,56.81,56.68,56.68,16059.0,56.768,121
2024-01-04 15:50:00-05:00,56.68,56.7,56.55,56.56,35911.0,56.605,283
2024-01-04 15:55:00-05:00,56.56,56.67,56.56,56.66,107035.0,56.62,712
2024-01-05 09:30:00-05:00,56.61,56.9,56.29,56.66,18151.0,56.591,46
2024-01-05 09:35:00-05:00,56.56,56.73,56.56,56.6,4008.0,56.658,38
2024-01-05 09:40:00-05:00,56.59,56.68,56.46,56.66,7505.0,56.574,47
2024-01-05 09:45:00-05:00,56.67,56.85,56.67,56.75,4100.0,56.736,17
2024-01-05 09:50:00-05:00,56.79,57.04,56.79,57.04,7184.0,56.95,44
2024-01-05 09:55:00-05:00,57.04,57.05,56.97,57.04,37410.0,57.001,27
2024-01-05 10:00:00-05:00,57.07,57.39,57.07,57.31,10733.0,57.296,86
2024-01-05 10:05:00-05:00,57.33,57.42,57.32,57.38,7306.0,57.365,63
2024-01-05 10:10:00-05:00,57.39,57.42,57.14,57.17,13816.0,57.3,106
2024-01-05 10:15:00-05:00,57.15,57.15,56.97,57.03,8790.0,57.028,72
2024-01-05 10:20:00-05:00,57.03,57.13,57.02,57.12,4703.0,57.082,44
2024-01-05 10:25:00-05:00,57.17,57.18,57.05,57.07,5369.0,57.109,39
2024-01-05 10:30:00-05:00,57.08,57.16,57.03,57.15,7802.0,57.105,59
2024-01-05 10:35:00-05:00,57.15,57.24,57.11,57.17,8593.0,57.165,67
2024-01-05 10:40:00-05:00,57.16,57.21,57.13,57.16,4263.0,57.169,40
2024-01-05 10:45:00-05:00,57.15,57.21,57.08,57.09,6903.0,57.135,65
2024-01-05 10:50:00-05:00,57.09,57.24,57.06,57.23,5172.0,57.13,45
2024-01-05 10:55:00-05:00,57.24,57.24,57.18,57.18,5101.0,57.215,45
2024-01-05 11:00:00-05:00,57.18,57.24,57.17,57.21,4863.0,57.204,43
2024-01-05 11:05:00-05:00,57.22,57.26,57.19,57.25,8689.0,57.225,57
2024-01-05 11:10:00-05:00,57.25,57.31,57.23,57.27,6748.0,57.278,52
2024-01-05 11:15:00-05:00,57.28,57.28,57.17,57.18,12430.0,57.228,62
2024-01-05 11:20:00-05:00,57.14,57.19,57.12,57.18,3839.0,57.156,32
2024-01-05 11:25:00-05:00,57.18,57.18,57.14,57.16,5496.0,57.162,48
2024-01-05 11:30:00-05:00,57.16,57.21,57.15,57.15,5185.0,57.188,41
2024-01-05 11:35:00-05:00,57.15,57.17,57.12,57.16,3793.0,57.151,33
2024-01-05 11:40:00-05:00,57.16,57.25,57.15,57.25,7008.0,57.215,51
2024-01-05 11:45:00-05:00,57.28,57.33,57.25,57.27,5027.0,57.288,42
2024-01-05 11:50:00-05:00,57.27,57.34,57.26,57.33,7463.0,57.305,51
2024-01-05 11:55:00-05:00,57.34,57.38,57.29,57.32,7105.0,57.324,37
2024-01-05 12:00:00-05:00,57.31,57.31,57.21,57.23,7912.0,57.242,41
2024-01-05 12:05:00-05:00,57.22,57.22,57.11,57.12,5588.0,57.184,45
2024-01-05 12:10:00-05:00,57.08,57.1,57.04,57.05,5631.0,57.069,42
2024-01-05 12:15:00-05:00,57.03,57.06,57.0,57.01,4976.0,57.04,41
2024-01-05 12:20:00-05:00,57.01,57.07,57.0,57.02,6707.0,57.032,55
2024-01-05 12:25:00-05:00,57.03,57.04,57.0,57.02,3750.0,57.023,33
2024-01-05 12:30:00-05:00,57.03,57.07,57.0,57.01,4932.0,57.035,46
2024-01-05 12:35:00-05:00,57.02,57.12,57.02,57.09,4857.0,57.074,37
2024-01-05 12:40:00-05:00,57.1,57.14,57.08,57.09,3571.0,57.112,29
2024-01-05 12:45:00-05:00,57.08,57.09,56.99,57.01,4145.0,57.029,38
2024-01-05 12:50:00-05:00,57.02,57.11,57.0,57.07,3617.0,57.058,33
2024-01-05 12:55:00-05:00,57.06,57.11,57.03,57.07,7778.0,57.069,61
2024-01-05 13:00:00-05:00,57.06,57.06,56.98,56.98,4379.0,57.034,31
2024-01-05 13:05:00-05:00,56.99,57.01,56.96,57.0,4219.0,56.987,38
2024-01-05 13:10:00-05:00,57.0,57.03,56.99,57.02,2673.0,57.015,23
2024-01-05 13:15:00-05:00,57.02,57.02,56.96,56.97,4091.0,56.983,37
2024-01-05 13:20:00-05:00,56.98,57.09,56.98,57.09,5245.0,57.018,43
2024-01-05 13:25:00-05:00,57.11,57.19,57.08,57.19,6329.0,57.129,52
2024-01-05 13:30:00-05:00,57.21,57.27,57.19,57.23,4500.0,57.227,38
2024-01-05 13:35:00-05:00,57.23,57.28,57.22,57.28,5753.0,57.245,52
2024-01-05 13:40:00-05:00,57.28,57.29,57.2,57.21,4996.0,57.244,42
2024-01-05 13:45:00-05:00,57.21,57.27,57.21,57.22,4829.0,57.234,38
2024-01-05 13:50:00-05:00,57.22,57.26,57.2,57.23,4118.0,57.229,37
2024-01-05 13:55:00-05:00,57.23,57.32,57.23,57.28,5308.0,57.269,49
2024-01-05 14:00:00-05:00,57.27,57.33,57.27,57.32,7000.0,57.288,60
2024-01-05 14:05:00-05:00,57.32,57.39,57.32,57.38,7273.0,57.363,64
2024-01-05 14:10:00-05:00,57.39,57.44,57.31,57.32,9689.0,57.403,52
2024-01-05 14:15:00-05:00,57.33,57.34,57.28,57.32,12521.0,57.311,73
2024-01-05 14:20:00-05:00,57.31,57.34,57.29,57.3,8630.0,57.314,50
2024-01-05 14:25:00-05:00,57.3,57.3,57.21,57.22,3988.0,57.259,33
2024-01-05 14:30:00-05:00,57.21,57.22,57.16,57.17,7337.0,57.185,50
2024-01-05 14:35:00-05:00,57.18,57.27,57.17,57.27,7716.0,57.221,68
2024-01-05 14:40:00-05:00,57.25,57.26,57.2,57.2,6574.0,57.23,56
2024-01-05 14:45:00-05:00,57.2,57.2,57.12,57.12,4822.0,57.162,41
2024-01-05 14:50:00-05:00,57.13,57.13,57.06,57.06,6800.0,57.1,51
2024-01-05 14:55:00-05:00,57.05,57.09,57.01,57.02,13059.0,57.064,66
2024-01-05 15:00:00-05:00,57.0,57.07,57.0,57.06,5127.0,57.04,46
2024-01-05 15:05:00-05:00,57.06,57.14,57.05,57.13,8893.0,57.102,72
2024-01-05 15:10:00-05:00,57.13,57.21,57.1,57.17,6592.0,57.146,51
2024-01-05 15:15:00-05:00,57.16,57.17,57.05,57.07,5062.0,57.116,45
2024-01-05 15:20:00-05:00,57.06,57.14,57.06,57.13,9710.0,57.112,81
2024-01-05 15:25:00-05:00,57.13,57.18,57.1,57.18,10094.0,57.134,95
2024-01-05 15:30:00-05:00,57.18,57.22,57.16,57.19,11129.0,57.19,82
2024-01-05 15:35:00-05:00,57.19,57.19,57.14,57.16,13542.0,57.164,113
2024-01-05 15:40:00-05:00,57.16,57.28,57.16,57.27,15836.0,57.209,132
2024-01-05 15:45:00-05:00,57.28,57.31,57.24,57.26,21188.0,57.271,187
2024-01-05 15:50:00-05:00,57.26,57.31,57.2,57.3,55002.0,57.259,406
2024-01-05 15:55:00-05:00,57.31,57.4,57.28,57.39,113310.0,57.338,724
2024-01-08 09:30:00-05:00,57.49,57.73,57.35,57.73,16906.0,57.502,42
2024-01-08 09:35:00-05:00,57.79,57.87,57.53,57.55,3431.0,57.716,32
2024-01-08 09:40:00-05:00,57.56,57.57,57.26,57.34,5505.0,57.414,24
2024-01-08 09:45:00-05:00,57.38,57.59,57.34,57.48,2019.0,57.479,18
2024-01-08 09:50:00-05:00,57.53,57.71,57.48,57.48,4376.0,57.595,36
2024-01-08 09:55:00-05:00,57.45,57.67,57.45,57.67,4396.0,57.594,36
2024-01-08 10:00:00-05:00,57.66,57.66,57.25,57.37,106580.0,57.555,159
2024-01-08 10:05:00-05:00,57.28,57.31,56.84,56.94,15912.0,57.029,99
2024-01-08 10:10:00-05:00,56.96,56.99,56.52,56.58,7527.0,56.805,68
2024-01-08 10:15:00-05:00,56.54,56.65,56.48,56.62,20130.0,56.574,139
2024-01-08 10:20:00-05:00,56.65,56.79,56.58,56.67,24009.0,56.676,145
2024-01-08 10:25:00-05:00,56.68,56.68,56.43,56.47,12920.0,56.554,96
2024-01-08 10:30:00-05:00,56.48,56.62,56.48,56.58,11365.0,56.549,82
2024-01-08 10:35:00-05:00,56.57,56.63,56.55,56.55,5373.0,56.602,45
2024-01-08 10:40:00-05:00,56.54,56.55,56.46,56.53,7124.0,56.513,62
2024-01-08 10:45:00-05:00,56.55,56.78,56.41,56.78,14139.0,56.528,128
2024-01-08 10:50:00-05:00,56.79,56.92,56.78,56.82,11390.0,56.858,76
2024-01-08 10:55:00-05:00,56.82,56.91,56.72,56.86,11190.0,56.828,97
2024-01-08 11:00:00-05:00,56.88,56.99,56.84,56.99,7804.0,56.888,66
2024-01-08 11:05:00-05:00,56.98,57.06,56.95,56.98,9426.0,57.004,81
2024-01-08 11:10:00-05:00,56.95,56.97,56.91,56.96,4610.0,56.935,44
2024-01-08 11:15:00-05:00,56.96,56.96,56.87,56.93,5213.0,56.929,49
2024-01-08 11:20:00-05:00,56.95,56.95,56.92,56.94,2600.0,56.937,25
2024-01-08 11:25:00-05:00,56.94,57.03,56.93,57.02,5372.0,56.989,49
2024-01-08 11:30:00-05:00,57.03,57.1,57.02,57.1,6145.0,57.066,55
2024-01-08 11:35:00-05:00,57.1,57.17,57.09,57.1,8684.0,57.123,64
2024-01-08 11:40:00-05:00,57.1,57.15,57.07,57.1,5308.0,57.11,48
2024-01-08 11:45:00-05:00,57.1,57.15,57.08,57.12,5322.0,57.108,46
2024-01-08 11:50:00-05:00,57.1,57.15,57.08,57.12,6243.0,57.108,57
2024-01-08 11:55:00-05:00,57.12,57.13,57.08,57.1,6616.0,57.105,60
2024-01-08 12:00:00-05:00,57.11,57.14,57.1,57.14,4104.0,57.119,37
2024-01-08 12:05:00-05:00,57.11,57.12,56.98,57.0,7513.0,57.047,59
2024-01-08 12:10:00-05:00,57.0,57.03,56.98,57.0,2853.0,56.998,25
2024-01-08 12:15:00-05:00,57.02,57.03,56.93,56.95,2511.0,56.976,23
2024-01-08 12:20:00-05:00,56.94,56.94,56.75,56.8,3848.0,56.831,37
2024-01-08 12:25:00-05:00,56.81,56.82,56.74,56.75,5123.0,56.783,35
2024-01-08 12:30:00-05:00,56.72,56.73,56.65,56.72,4189.0,56.694,33
2024-01-08 12:35:00-05:00,56.72,56.8,56.72,56.75,3972.0,56.752,31
2024-01-08 12:40:00-05:00,56.75,56.75,56.64,56.69,2512.0,56.71,19
2024-01-08 12:45:00-05:00,56.69,56.78,56.69,56.76,3423.0,56.731,28
2024-01-08 12:50:00-05:00,56.73,56.75,56.7,56.75,2371.0,56.715,23
2024-01-08 12:55:00-05:00,56.75,56.77,56.74,56.77,3191.0,56.756,29
2024-01-08 13:00:00-05:00,56.78,56.81,56.75,56.79,4036.0,56.779,33
2024-01-08 13:05:00-05:00,56.8,56.94,56.8,56.9,7201.0,56.896,66
2024-01-08 13:10:00-05:00,56.9,57.01,56.89,56.9,9424.0,56.942,77
2024-01-08 13:15:00-05:00,56.9,56.93,56.87,56.89,4075.0,56.903,31
2024-01-08 13:20:00-05:00,56.87,56.89,56.81,56.87,4988.0,56.859,44
2024-01-08 13:25:00-05:00,56.88,56.89,56.81,56.84,3011.0,56.855,27
2024-01-08 13:30:00-05:00,56.82,56.89,56.81,56.86,4347.0,56.853,37
2024-01-08 13:35:00-05:00,56.84,56.84,56.75,56.77,4408.0,56.801,41
2024-01-08 13:40:00-05:00,56.77,56.81,56.76,56.8,4601.0,56.782,36
2024-01-08 13:45:00-05:00,56.81,56.86,56.79,56.83,7705.0,56.834,49
2024-01-08 13:50:00-05:00,56.83,56.84,56.77,56.84,2822.0,56.81,25
2024-01-08 13:55:00-05:00,56.83,56.85,56.8,56.85,4277.0,56.825,37
2024-01-08 14:00:00-05:00,56.86,56.86,56.83,56.85,5308.0,56.842,42
2024-01-08 14:05:00-05:00,56.85,56.86,56.82,56.84,5872.0,56.841,43
2024-01-08 14:10:00-05:00,56.84,56.92,56.83,56.89,5841.0,56.884,54
2024-01-08 14:15:00-05:00,56.89,56.94,56.86,56.89,6525.0,56.896,58
2024-01-08 14:20:00-05:00,56.89,56.91,56.84,56.91,4466.0,56.872,41
2024-01-08 14:25:00-05:00,56.93,57.02,56.92,56.97,8854.0,56.978,53
2024-01-08 14:30:00-05:00,56.98,57.05,56.98,57.02,4252.0,57.022,35
2024-01-08 14:35:00-05:00,57.02,57.07,57.01,57.07,3317.0,57.033,31
2024-01-08 14:40:00-05:00,57.07,57.16,57.07,57.12,4148.0,57.114,34
2024-01-08 14:45:00-05:00,57.11,57.17,57.11,57.13,8034.0,57.137,64
2024-01-08 14:50:00-05:00,57.13,57.23,57.13,57.2,2807.0,57.187,27
2024-01-08 14:55:00-05:00,57.21,57.28,57.21,57.22,11948.0,57.24,68
2024-01-08 15:00:00-05:00,57.24,57.25,57.19,57.23,8820.0,57.224,68
2024-01-08 15:05:00-05:00,57.23,57.28,57.22,57.26,5672.0,57.25,48
2024-01-08 15:10:00-05:00,57.24,57.26,57.19,57.2,14816.0,57.223,99
2024-01-08 15:15:00-05:00,57.2,57.23,57.17,57.19,6839.0,57.202,59
2024-01-08 15:20:00-05:00,57.19,57.21,57.12,57.2,7340.0,57.164,65
2024-01-08 15:25:00-05:00,57.2,57.21,57.15,57.17,8695.0,57.166,71
2024-01-08 15:30:00-05:00,57.16,57.16,57.06,57.15,13340.0,57.104,107
2024-01-08 15:35:00-05:00,57.16,57.17,57.1,57.14,15939.0,57.144,112
2024-01-08 15:40:00-05:00,57.15,57.25,57.15,57.25,15447.0,57.203,119
2024-01-08 15:45:00-05:00,57.25,57.26,57.13,57.14,25032.0,57.184,178
2024-01-08 15:50:00-05:00,57.16,57.25,57.11,57.25,59565.0,57.198,424
2024-01-08 15:55:00-05:00,57.25,57.28,57.17,57.17,117559.0,57.229,798
2024-01-09 09:30:00-05:00,56.78,56.84,56.62,56.83,12141.0,56.773,19
2024-01-09 09:35:00-05:00,56.53,56.85,56.53,56.75,2710.0,56.792,24
2024-01-09 09:40:00-05:00,56.75,56.94,56.75,56.83,1967.0,56.853,17
2024-01-09 09:45:00-05:00,56.88,56.99,56.78,56.9,2647.0,56.89,26
2024-01-09 09:50:00-05:00,56.97,56.97,56.87,56.92,8365.0,56.931,66
2024-01-09 09:55:00-05:00,56.93,56.96,56.89,56.91,3891.0,56.926,18
2024-01-09 10:00:00-05:00,56.94,57.02,56.85,56.86,4617.0,56.946,42
2024-01-09 10:05:00-05:00,56.8,56.85,56.7,56.83,6136.0,56.745,47
2024-01-09 10:10:00-05:00,56.85,56.94,56.79,56.93,4712.0,56.859,42
2024-01-09 10:15:00-05:00,56.94,56.97,56.9,56.95,2326.0,56.938,19
2024-01-09 10:20:00-05:00,56.94,56.94,56.79,56.86,2377.0,56.847,23
2024-01-09 10:25:00-05:00,56.84,56.87,56.77,56.83,4344.0,56.828,36
2024-01-09 10:30:00-05:00,56.85,56.93,56.85,56.89,5991.0,56.879,52
2024-01-09 10:35:00-05:00,56.89,56.91,56.86,56.9,7562.0,56.887,62
2024-01-09 10:40:00-05:00,56.87,56.95,56.87,56.93,3827.0,56.922,20
2024-01-09 10:45:00-05:00,56.94,56.95,56.88,56.95,1694.0,56.921,16
2024-01-09 10:50:00-05:00,56.93,56.94,56.89,56.89,2936.0,56.917,25
2024-01-09 10:55:00-05:00,56.92,56.97,56.92,56.94,1704.0,56.95,17
2024-01-09 11:00:00-05:00,56.94,57.11,56.93,57.11,2856.0,57.019,17
2024-01-09 11:05:00-05:00,57.13,57.14,57.02,57.04,2810.0,57.103,26
2024-01-09 11:10:00-05:00,57.02,57.07,57.02,57.06,2300.0,57.058,23
2024-01-09 11:15:00-05:00,57.06,57.12,57.04,57.12,3518.0,57.071,33
2024-01-09 11:20:00-05:00,57.11,57.24,57.09,57.22,3763.0,57.154,31
2024-01-09 11:25:00-05:00,57.21,57.26,57.12,57.15,18816.0,57.208,83
2024-01-09 11:30:00-05:00,57.16,57.2,57.11,57.2,5156.0,57.147,40
2024-01-09 11:35:00-05:00,57.18,57.21,57.09,57.13,10945.0,57.175,66
2024-01-09 11:40:00-05:00,57.13,57.15,57.1,57.11,3437.0,57.125,33
2024-01-09 11:45:00-05:00,57.12,57.14,57.05,57.06,4592.0,57.103,39
2024-01-09 11:50:00-05:00,57.04,57.08,57.02,57.03,8672.0,57.064,42
2024-01-09 11:55:00-05:00,57.01,57.02,56.96,57.0,5637.0,56.988,35
2024-01-09 12:00:00-05:00,56.99,57.0,56.87,56.91,4554.0,56.932,36
2024-01-09 12:05:00-05:00,56.9,56.97,56.89,56.97,8038.0,56.927,43
2024-01-09 12:10:00-05:00,56.97,57.02,56.97,57.02,4741.0,56.995,39
2024-01-09 12:15:00-05:00,57.0,57.0,56.93,56.93,4372.0,56.973,35
2024-01-09 12:20:00-05:00,56.92,57.03,56.91,57.02,6461.0,56.984,41
2024-01-09 12:25:00-05:00,57.04,57.1,57.04,57.08,6520.0,57.071,43
2024-01-09 12:30:00-05:00,57.09,57.11,57.06,57.09,8631.0,57.089,44
2024-01-09 12:35:00-05:00,57.09,57.11,57.07,57.1,12418.0,57.095,69
2024-01-09 12:40:00-05:00,57.09,57.13,57.08,57.11,7462.0,57.102,66
2024-01-09 12:45:00-05:00,57.11,57.13,57.06,57.06,5505.0,57.102,46
2024-01-09 12:50:00-05:00,57.07,57.12,57.04,57.12,2705.0,57.079,24
2024-01-09 12:55:00-05:00,57.12,57.13,57.09,57.13,2515.0,57.109,23
2024-01-09 13:00:00-05:00,57.13,57.23,57.12,57.19,15865.0,57.187,98
2024-01-09 13:05:00-05:00,57.2,57.2,57.0,57.0,2261.0,57.107,19
2024-01-09 13:10:00-05:00,57.0,57.06,57.0,57.06,2501.0,57.028,25
2024-01-09 13:15:00-05:00,57.05,57.07,57.03,57.06,4893.0,57.053,45
2024-01-09 13:20:00-05:00,57.05,57.1,57.02,57.02,7749.0,57.073,42
2024-01-09 13:25:00-05:00,57.02,57.05,56.99,57.05,4088.0,57.016,31
2024-01-09 13:30:00-05:00,57.03,57.06,56.97,57.01,6562.0,57.017,56
2024-01-09 13:35:00-05:00,57.03,57.12,57.03,57.12,4138.0,57.071,34
2024-01-09 13:40:00-05:00,57.11,57.15,57.1,57.13,4238.0,57.123,31
2024-01-09 13:45:00-05:00,57.13,57.23,57.13,57.22,12440.0,57.187,81
2024-01-09 13:50:00-05:00,57.22,57.28,57.22,57.26,3926.0,57.257,35
2024-01-09 13:55:00-05:00,57.27,57.27,57.2,57.23,6000.0,57.23,49
2024-01-09 14:00:00-05:00,57.24,57.28,57.23,57.24,5627.0,57.248,39
2024-01-09 14:05:00-05:00,57.24,57.26,57.21,57.26,5218.0,57.241,45
2024-01-09 14:10:00-05:00,57.27,57.27,57.16,57.18,4623.0,57.217,41
2024-01-09 14:15:00-05:00,57.16,57.19,57.13,57.18,3960.0,57.152,29
2024-01-09 14:20:00-05:00,57.18,57.22,57.17,57.18,4742.0,57.191,38
2024-01-09 14:25:00-05:00,57.19,57.22,57.16,57.2,6005.0,57.184,49
2024-01-09 14:30:00-05:00,57.21,57.25,57.21,57.25,4419.0,57.227,40
2024-01-09 14:35:00-05:00,57.23,57.24,57.1,57.1,23871.0,57.161,50
2024-01-09 14:40:00-05:00,57.09,57.09,56.93,56.95,14189.0,57.005,79
2024-01-09 14:45:00-05:00,56.94,56.97,56.9,56.9,6006.0,56.928,49
2024-01-09 14:50:00-05:00,56.89,56.9,56.82,56.87,4612.0,56.861,40
2024-01-09 14:55:00-05:00,56.86,56.86,56.8,56.85,4512.0,56.826,36
2024-01-09 15:00:00-05:00,56.86,57.01,56.86,57.0,9486.0,56.948,46
2024-01-09 15:05:00-05:00,57.0,57.03,56.82,56.89,11914.0,56.902,87
2024-01-09 15:10:00-05:00,56.89,56.93,56.83,56.84,13104.0,56.881,90
2024-01-09 15:15:00-05:00,56.83,56.84,56.8,56.81,10742.0,56.816,97
2024-01-09 15:20:00-05:00,56.8,56.87,56.78,56.78,8707.0,56.821,70
2024-01-09 15:25:00-05:00,56.78,56.89,56.77,56.87,8552.0,56.83,66
2024-01-09 15:30:00-05:00,56.87,56.87,56.8,56.85,11618.0,56.819,95
2024-01-09 15:35:00-05:00,56.84,56.88,56.82,56.87,7200.0,56.851,60
2024-01-09 15:40:00-05:00,56.87,56.88,56.78,56.88,42998.0,56.83,141
2024-01-09 15:45:00-05:00,56.88,56.92,56.83,56.86,21117.0,56.875,161
2024-01-09 15:50:00-05:00,56.86,57.03,56.86,57.03,30490.0,56.947,227
2024-01-09 15:55:00-05:00,57.03,57.11,57.02,57.07,113551.0,57.059,589
2024-01-10 09:30:00-05:00,56.67,56.83,56.63,56.74,9200.0,56.653,13
2024-01-10 09:35:00-05:00,56.78,56.86,56.67,56.76,5320.0,56.771,46
2024-01-10 09:40:00-05:00,56.74,56.77,56.66,56.73,2435.0,56.731,19
2024-01-10 09:45:00-05:00,56.75,56.76,56.6,56.73,3804.0,56.633,26
2024-01-10 09:50:00-05:00,56.8,56.85,56.7,56.7,6159.0,56.794,26
2024-01-10 09:55:00-05:00,56.67,56.67,56.59,56.6,2279.0,56.632,22
2024-01-10 10:00:00-05:00,56.56,56.6,56.38,56.41,3841.0,56.476,36
2024-01-10 10:05:00-05:00,56.4,56.43,56.27,56.43,4836.0,56.334,33
2024-01-10 10:10:00-05:00,56.47,56.47,56.46,56.46,300.0,56.467,3
2024-01-10 10:15:00-05:00,56.4,56.4,56.29,56.33,4924.0,56.371,45
2024-01-10 10:20:00-05:00,56.39,56.45,56.39,56.42,1100.0,56.424,11
2024-01-10 10:25:00-05:00,56.41,56.48,56.38,56.48,3067.0,56.421,21
2024-01-10 10:30:00-05:00,56.49,56.55,56.49,56.52,3300.0,56.519,31
2024-01-10 10:35:00-05:00,56.52,56.62,56.51,56.59,11029.0,56.561,55
2024-01-10 10:40:00-05:00,56.6,56.63,56.59,56.62,7269.0,56.613,39
2024-01-10 10:45:00-05:00,56.61,56.63,56.53,56.63,4450.0,56.581,40
2024-01-10 10:50:00-05:00,56.65,56.71,56.62,56.67,10227.0,56.667,59
2024-01-10 10:55:00-05:00,56.66,56.71,56.63,56.71,8055.0,56.669,52
2024-01-10 11:00:00-05:00,56.71,56.74,56.7,56.72,2139.0,56.716,21
2024-01-10 11:05:00-05:00,56.72,56.77,56.7,56.74,11643.0,56.743,48
2024-01-10 11:10:00-05:00,56.75,56.79,56.74,56.76,5572.0,56.763,40
2024-01-10 11:15:00-05:00,56.76,56.85,56.75,56.85,3989.0,56.784,25
2024-01-10 11:20:00-05:00,56.85,56.92,56.84,56.92,2893.0,56.868,22
2024-01-10 11:25:00-05:00,56.92,56.97,56.91,56.96,6781.0,56.936,63
2024-01-10 11:30:00-05:00,56.95,56.97,56.85,56.88,4336.0,56.905,35
2024-01-10 11:35:00-05:00,56.87,56.95,56.86,56.95,3457.0,56.899,30
2024-01-10 11:40:00-05:00,56.97,57.05,56.96,57.0,5561.0,57.005,44
2024-01-10 11:45:00-05:00,57.0,57.06,56.93,56.93,6563.0,56.959,21
2024-01-10 11:50:00-05:00,56.94,56.95,56.87,56.94,6183.0,56.934,45
2024-01-10 11:55:00-05:00,56.93,56.94,56.91,56.94,1435.0,56.923,13
2024-01-10 12:00:00-05:00,56.91,56.91,56.86,56.87,1650.0,56.886,11
2024-01-10 12:05:00-05:00,56.89,56.97,56.88,56.95,9845.0,56.926,65
2024-01-10 12:10:00-05:00,56.94,56.97,56.94,56.94,3124.0,56.959,24
2024-01-10 12:15:00-05:00,56.94,56.94,56.9,56.91,6102.0,56.923,40
2024-01-10 12:20:00-05:00,56.92,57.03,56.91,56.98,23275.0,56.952,141
2024-01-10 12:25:00-05:00,56.96,56.98,56.85,56.87,5732.0,56.895,46
2024-01-10 12:30:00-05:00,56.86,56.87,56.84,56.86,2326.0,56.852,20
2024-01-10 12:35:00-05:00,56.87,56.9,56.85,56.9,4535.0,56.873,35
2024-01-10 12:40:00-05:00,56.91,56.96,56.91,56.95,3019.0,56.938,27
2024-01-10 12:45:00-05:00,56.95,56.95,56.89,56.91,2258.0,56.927,20
2024-01-10 12:50:00-05:00,56.92,56.93,56.86,56.86,3321.0,56.898,27
2024-01-10 12:55:00-05:00,56.87,56.92,56.87,56.92,2202.0,56.904,20
2024-01-10 13:00:00-05:00,56.92,57.02,56.88,57.02,1765.0,56.941,16
2024-01-10 13:05:00-05:00,57.01,57.01,56.94,56.95,1080.0,56.975,10
2024-01-10 13:10:00-05:00,56.93,56.93,56.85,56.92,4275.0,56.88,36
2024-01-10 13:15:00-05:00,56.93,57.03,56.92,57.03,3017.0,56.988,23
2024-01-10 13:20:00-05:00,57.02,57.04,56.99,57.04,3929.0,57.011,30
2024-01-10 13:25:00-05:00,57.06,57.08,57.05,57.05,2291.0,57.068,11
2024-01-10 13:30:00-05:00,57.05,57.05,57.04,57.05,3201.0,57.045,22
2024-01-10 13:35:00-05:00,57.04,57.04,56.99,57.02,2958.0,57.017,23
2024-01-10 13:40:00-05:00,57.03,57.09,57.02,57.04,10753.0,57.063,38
2024-01-10 13:45:00-05:00,57.03,57.03,56.97,56.98,2543.0,57.008,24
2024-01-10 13:50:00-05:00,56.98,57.03,56.96,56.98,3816.0,56.991,32
2024-01-10 13:55:00-05:00,56.97,56.99,56.96,56.96,1403.0,56.973,10
2024-01-10 14:00:00-05:00,56.96,56.96,56.94,56.94,1509.0,56.953,13
2024-01-10 14:05:00-05:00,56.95,56.97,56.88,56.89,2129.0,56.931,19
2024-01-10 14:10:00-05:00,56.89,57.07,56.85,57.02,7647.0,56.939,64
2024-01-10 14:15:00-05:00,57.01,57.11,57.01,57.09,3867.0,57.087,26
2024-01-10 14:20:00-05:00,57.08,57.08,57.0,57.07,6980.0,57.035,45
2024-01-10 14:25:00-05:00,57.09,57.16,57.09,57.16,2725.0,57.129,20
2024-01-10 14:30:00-05:00,57.16,57.17,57.09,57.09,3540.0,57.119,27
2024-01-10 14:35:00-05:00,57.09,57.15,57.09,57.14,3963.0,57.11,35
2024-01-10 14:40:00-05:00,57.15,57.21,57.15,57.2,9227.0,57.176,56
2024-01-10 14:45:00-05:00,57.22,57.27,57.2,57.2,11804.0,57.236,90
2024-01-10 14:50:00-05:00,57.2,57.3,57.2,57.26,5333.0,57.246,44
2024-01-10 14:55:00-05:00,57.25,57.26,57.22,57.25,1980.0,57.246,17
2024-01-10 15:00:00-05:00,57.24,57.29,57.15,57.29,6605.0,57.226,43
2024-01-10 15:05:00-05:00,57.34,57.39,57.28,57.39,17877.0,57.317,80
2024-01-10 15:10:00-05:00,57.4,57.51,57.38,57.41,20135.0,57.428,154
2024-01-10 15:15:00-05:00,57.39,57.47,57.38,57.38,9210.0,57.415,80
2024-01-10 15:20:00-05:00,57.4,57.41,57.3,57.35,17859.0,57.35,145
2024-01-10 15:25:00-05:00,57.35,57.42,57.35,57.39,14424.0,57.381,122
2024-01-10 15:30:00-05:00,57.39,57.47,57.36,57.43,20646.0,57.406,152
2024-01-10 15:35:00-05:00,57.42,57.46,57.38,57.4,14370.0,57.407,113
2024-01-10 15:40:00-05:00,57.42,57.43,57.28,57.3,17717.0,57.359,150
2024-01-10 15:45:00-05:00,57.3,57.31,57.14,57.15,14212.0,57.24,107
2024-01-10 15:50:00-05:00,57.15,57.33,57.15,57.33,30379.0,57.241,257
2024-01-10 15:55:00-05:00,57.33,57.34,57.26,57.31,74788.0,57.303,491
2024-01-11 09:30:00-05:00,57.44,57.67,56.52,56.62,24325.0,57.325,56
2024-01-11 09:35:00-05:00,56.62,56.77,56.5,56.63,8671.0,56.637,79
2024-01-11 09:40:00-05:00,56.7,56.97,56.66,56.95,14430.0,56.798,117
2024-01-11 09:45:00-05:00,57.05,57.14,56.72,56.79,19883.0,56.855,106
2024-01-11 09:50:00-05:00,56.86,56.87,56.44,56.47,4703.0,56.572,41
2024-01-11 09:55:00-05:00,56.46,56.76,56.43,56.61,13692.0,56.568,98
2024-01-11 10:00:00-05:00,56.61,56.61,56.43,56.55,7104.0,56.522,69
2024-01-11 10:05:00-05:00,56.53,56.6,56.42,56.46,17581.0,56.485,148
2024-01-11 10:10:00-05:00,56.45,56.47,56.37,56.42,8903.0,56.421,81
2024-01-11 10:15:00-05:00,56.44,56.65,56.44,56.64,14037.0,56.514,71
2024-01-11 10:20:00-05:00,56.66,56.71,56.59,56.59,7656.0,56.67,72
2024-01-11 10:25:00-05:00,56.57,56.71,56.5,56.71,4256.0,56.592,39
2024-01-11 10:30:00-05:00,56.71,56.73,56.58,56.58,6626.0,56.66,47
2024-01-11 10:35:00-05:00,56.57,56.69,56.56,56.59,11810.0,56.59,62
2024-01-11 10:40:00-05:00,56.58,56.6,56.43,56.48,3721.0,56.509,37
2024-01-11 10:45:00-05:00,56.44,56.48,56.35,56.39,7902.0,56.409,64
2024-01-11 10:50:00-05:00,56.41,56.43,56.29,56.3,4647.0,56.372,39
2024-01-11 10:55:00-05:00,56.26,56.36,56.22,56.36,10298.0,56.29,56
2024-01-11 11:00:00-05:00,56.38,56.45,56.34,56.45,8424.0,56.396,72
2024-01-11 11:05:00-05:00,56.45,56.58,56.45,56.58,12039.0,56.53,55
2024-01-11 11:10:00-05:00,56.59,56.61,56.52,56.52,30703.0,56.574,200
2024-01-11 11:15:00-05:00,56.52,56.6,56.5,56.57,8904.0,56.553,84
2024-01-11 11:20:00-05:00,56.56,56.65,56.55,56.65,29174.0,56.598,208
2024-01-11 11:25:00-05:00,56.64,56.73,56.63,56.63,11040.0,56.676,96
2024-01-11 11:30:00-05:00,56.63,56.66,56.51,56.56,18321.0,56.573,94
2024-01-11 11:35:00-05:00,56.58,56.61,56.43,56.45,9406.0,56.503,78
2024-01-11 11:40:00-05:00,56.45,56.47,56.41,56.43,4216.0,56.433,41
2024-01-11 11:45:00-05:00,56.43,56.54,56.31,56.54,7936.0,56.429,71
2024-01-11 11:50:00-05:00,56.55,56.57,56.43,56.43,9323.0,56.498,80
2024-01-11 11:55:00-05:00,56.42,56.43,56.37,56.42,5430.0,56.401,46
2024-01-11 12:00:00-05:00,56.42,56.46,56.37,56.46,9734.0,56.404,73
2024-01-11 12:05:00-05:00,56.47,56.47,56.37,56.43,10699.0,56.404,65
2024-01-11 12:10:00-05:00,56.45,56.47,56.42,56.43,4184.0,56.445,40
2024-01-11 12:15:00-05:00,56.44,56.44,56.35,56.41,7459.0,56.399,67
2024-01-11 12:20:00-05:00,56.4,56.51,56.4,56.5,17594.0,56.461,126
2024-01-11 12:25:00-05:00,56.49,56.51,56.46,56.46,8821.0,56.484,73
2024-01-11 12:30:00-05:00,56.46,56.49,56.45,56.47,5783.0,56.469,47
2024-01-11 12:35:00-05:00,56.46,56.54,56.44,56.48,8452.0,56.491,61
2024-01-11 12:40:00-05:00,56.48,56.52,56.47,56.5,11323.0,56.487,88
2024-01-11 12:45:00-05:00,56.5,56.58,56.49,56.58,8453.0,56.549,42
2024-01-11 12:50:00-05:00,56.58,56.6,56.58,56.58,3839.0,56.589,33
2024-01-11 12:55:00-05:00,56.59,56.59,56.5,56.56,4308.0,56.547,39
2024-01-11 13:00:00-05:00,56.55,56.58,56.5,56.52,6002.0,56.541,52
2024-01-11 13:05:00-05:00,56.51,56.62,56.48,56.58,37117.0,56.541,196
2024-01-11 13:10:00-05:00,56.58,56.58,56.47,56.48,6288.0,56.51,53
2024-01-11 13:15:00-05:00,56.48,56.49,56.42,56.42,5023.0,56.463,43
2024-01-11 13:20:00-05:00,56.39,56.4,56.36,56.4,5048.0,56.386,42
2024-01-11 13:25:00-05:00,56.41,56.43,56.35,56.35,4588.0,56.391,39
2024-01-11 13:30:00-05:00,56.36,56.38,56.34,56.37,5058.0,56.366,43
2024-01-11 13:35:00-05:00,56.39,56.47,56.39,56.46,10087.0,56.434,70
2024-01-11 13:40:00-05:00,56.47,56.53,56.45,56.46,9424.0,56.491,75
2024-01-11 13:45:00-05:00,56.46,56.5,56.43,56.49,6584.0,56.46,62
2024-01-11 13:50:00-05:00,56.5,56.51,56.44,56.44,15983.0,56.49,128
2024-01-11 13:55:00-05:00,56.47,56.51,56.45,56.48,22297.0,56.493,172
2024-01-11 14:00:00-05:00,56.5,56.57,56.5,56.55,7258.0,56.512,66
2024-01-11 14:05:00-05:00,56.54,56.54,56.4,56.42,3513.0,56.454,30
2024-01-11 14:10:00-05:00,56.43,56.49,56.43,56.47,5285.0,56.456,45
2024-01-11 14:15:00-05:00,56.47,56.54,56.47,56.51,3485.0,56.504,34
2024-01-11 14:20:00-05:00,56.5,56.55,56.49,56.54,4087.0,56.516,36
2024-01-11 14:25:00-05:00,56.54,56.69,56.53,56.68,4754.0,56.624,44
2024-01-11 14:30:00-05:00,56.68,56.71,56.56,56.57,13777.0,56.637,100
2024-01-11 14:35:00-05:00,56.58,56.61,56.54,56.58,28830.0,56.579,222
2024-01-11 14:40:00-05:00,56.57,56.59,56.54,56.57,9995.0,56.558,53
2024-01-11 14:45:00-05:00,56.55,56.61,56.53,56.55,7484.0,56.566,68
2024-01-11 14:50:00-05:00,56.54,56.63,56.49,56.62,8851.0,56.543,78
2024-01-11 14:55:00-05:00,56.61,56.61,56.58,56.6,11840.0,56.597,89
2024-01-11 15:00:00-05:00,56.6,56.6,56.56,56.6,18226.0,56.583,153
2024-01-11 15:05:00-05:00,56.59,56.6,56.51,56.55,9141.0,56.549,74
2024-01-11 15:10:00-05:00,56.55,56.73,56.51,56.68,21252.0,56.614,165
2024-01-11 15:15:00-05:00,56.66,56.66,56.47,56.48,4321.0,56.542,42
2024-01-11 15:20:00-05:00,56.48,56.65,56.48,56.62,15960.0,56.607,91
2024-01-11 15:25:00-05:00,56.62,56.64,56.57,56.58,38337.0,56.624,253
2024-01-11 15:30:00-05:00,56.58,56.61,56.56,56.58,14102.0,56.584,117
2024-01-11 15:35:00-05:00,56.57,56.58,56.48,56.53,12611.0,56.509,104
2024-01-11 15:40:00-05:00,56.53,56.58,56.42,56.57,25298.0,56.511,181
2024-01-11 15:45:00-05:00,56.58,56.61,56.52,56.6,42698.0,56.558,293
2024-01-11 15:50:00-05:00,56.6,56.65,56.55,56.65,51290.0,56.606,363
2024-01-11 15:55:00-05:00,56.64,56.71,56.6,56.63,85966.0,56.677,609
2024-01-12 09:30:00-05:00,57.04,57.12,56.99,57.02,8791.0,57.04,12
2024-01-12 09:35:00-05:00,57.07,57.27,56.99,57.03,6122.0,57.125,52
2024-01-12 09:40:00-05:00,57.05,57.14,57.0,57.0,19358.0,57.041,98
2024-01-12 09:45:00-05:00,57.0,57.23,57.0,57.17,6454.0,57.143,45
2024-01-12 09:50:00-05:00,57.12,57.14,57.02,57.03,3969.0,57.053,20
2024-01-12 09:55:00-05:00,56.98,56.98,56.74,56.76,2223.0,56.873,22
2024-01-12 10:00:00-05:00,56.73,56.73,56.46,56.48,2235.0,56.584,21
2024-01-12 10:05:00-05:00,56.44,56.57,56.44,56.55,2527.0,56.531,18
2024-01-12 10:10:00-05:00,56.55,56.6,56.48,56.6,4425.0,56.546,35
2024-01-12 10:15:00-05:00,56.57,56.58,56.48,56.5,4301.0,56.513,41
2024-01-12 10:20:00-05:00,56.48,56.52,56.41,56.48,4382.0,56.457,37
2024-01-12 10:25:00-05:00,56.43,56.47,56.4,56.41,7710.0,56.433,62
2024-01-12 10:30:00-05:00,56.45,56.52,56.43,56.45,2665.0,56.46,25
2024-01-12 10:35:00-05:00,56.43,56.43,56.29,56.29,4186.0,56.38,26
2024-01-12 10:40:00-05:00,56.35,56.38,56.28,56.37,2458.0,56.337,21
2024-01-12 10:45:00-05:00,56.36,56.39,56.27,56.3,2446.0,56.327,21
2024-01-12 10:50:00-05:00,56.32,56.33,56.24,56.25,6370.0,56.26,21
2024-01-12 10:55:00-05:00,56.23,56.29,56.23,56.29,1774.0,56.258,17
2024-01-12 11:00:00-05:00,56.29,56.37,56.29,56.37,1042.0,56.314,10
2024-01-12 11:05:00-05:00,56.34,56.49,56.3,56.46,16948.0,56.394,81
2024-01-12 11:10:00-05:00,56.48,56.48,56.42,56.44,2904.0,56.448,29
2024-01-12 11:15:00-05:00,56.44,56.53,56.43,56.5,5861.0,56.467,50
2024-01-12 11:20:00-05:00,56.49,56.51,56.45,56.5,8844.0,56.485,68
2024-01-12 11:25:00-05:00,56.55,56.59,56.51,56.51,3641.0,56.54,29
2024-01-12 11:30:00-05:00,56.53,56.56,56.46,56.5,18473.0,56.521,44
2024-01-12 11:35:00-05:00,56.48,56.51,56.41,56.5,9256.0,56.468,72
2024-01-12 11:40:00-05:00,56.51,56.51,56.46,56.51,3493.0,56.49,33
2024-01-12 11:45:00-05:00,56.48,56.49,56.37,56.37,2886.0,56.427,22
2024-01-12 11:50:00-05:00,56.4,56.46,56.37,56.46,1929.0,56.415,18
2024-01-12 11:55:00-05:00,56.44,56.49,56.41,56.47,3175.0,56.442,29
2024-01-12 12:00:00-05:00,56.47,56.5,56.42,56.47,6365.0,56.451,33
2024-01-12 12:05:00-05:00,56.47,56.47,56.39,56.41,2852.0,56.445,23
2024-01-12 12:10:00-05:00,56.42,56.48,56.41,56.45,4542.0,56.457,33
2024-01-12 12:15:00-05:00,56.44,56.5,56.43,56.45,9470.0,56.486,43
2024-01-12 12:20:00-05:00,56.45,56.5,56.43,56.45,7406.0,56.478,60
2024-01-12 12:25:00-05:00,56.41,56.48,56.4,56.47,5920.0,56.433,54
2024-01-12 12:30:00-05:00,56.48,56.48,56.39,56.39,1117.0,56.434,11
2024-01-12 12:35:00-05:00,56.37,56.38,56.37,56.38,602.0,56.372,6
2024-01-12 12:40:00-05:00,56.4,56.41,56.38,56.39,700.0,56.389,7
2024-01-12 12:45:00-05:00,56.4,56.4,56.37,56.38,1193.0,56.384,10
2024-01-12 12:50:00-05:00,56.36,56.42,56.36,56.41,544.0,56.387,5
2024-01-12 12:55:00-05:00,56.4,56.4,56.32,56.34,1933.0,56.347,18
2024-01-12 13:00:00-05:00,56.34,56.4,56.34,56.38,1719.0,56.382,14
2024-01-12 13:05:00-05:00,56.39,56.41,56.37,56.4,2300.0,56.395,18
2024-01-12 13:10:00-05:00,56.41,56.41,56.39,56.39,901.0,56.398,9
2024-01-12 13:15:00-05:00,56.39,56.39,56.37,56.38,1736.0,56.382,17
2024-01-12 13:20:00-05:00,56.38,56.39,56.37,56.37,2168.0,56.376,18
2024-01-12 13:25:00-05:00,56.38,56.43,56.37,56.42,3032.0,56.409,15
2024-01-12 13:30:00-05:00,56.44,56.48,56.43,56.48,3079.0,56.449,19
2024-01-12 13:35:00-05:00,56.46,56.5,56.44,56.5,4639.0,56.472,35
2024-01-12 13:40:00-05:00,56.5,56.57,56.49,56.56,3009.0,56.521,22
2024-01-12 13:45:00-05:00,56.57,56.62,56.54,56.61,5255.0,56.591,33
2024-01-12 13:50:00-05:00,56.61,56.61,56.57,56.6,2162.0,56.588,19
2024-01-12 13:55:00-05:00,56.6,56.61,56.57,56.57,2323.0,56.589,20
2024-01-12 14:00:00-05:00,56.56,56.59,56.56,56.59,4251.0,56.567,27
2024-01-12 14:05:00-05:00,56.58,56.6,56.52,56.52,4034.0,56.572,26
2024-01-12 14:10:00-05:00,56.51,56.55,56.5,56.55,3868.0,56.536,30
2024-01-12 14:15:00-05:00,56.55,56.62,56.55,56.61,16536.0,56.582,53
2024-01-12 14:20:00-05:00,56.61,56.64,56.57,56.6,3765.0,56.612,37
2024-01-12 14:25:00-05:00,56.6,56.62,56.59,56.61,1050.0,56.608,10
2024-01-12 14:30:00-05:00,56.6,56.61,56.51,56.52,4654.0,56.544,34
2024-01-12 14:35:00-05:00,56.5,56.5,56.46,56.48,2947.0,56.475,22
2024-01-12 14:40:00-05:00,56.47,56.49,56.42,56.42,6438.0,56.463,33
2024-01-12 14:45:00-05:00,56.41,56.42,56.36,56.4,3215.0,56.387,31
2024-01-12 14:50:00-05:00,56.4,56.42,56.4,56.4,2567.0,56.406,22
2024-01-12 14:55:00-05:00,56.4,56.4,56.35,56.35,2889.0,56.371,26
2024-01-12 15:00:00-05:00,56.33,56.35,56.32,56.34,2783.0,56.331,26
2024-01-12 15:05:00-05:00,56.33,56.4,56.32,56.37,12683.0,56.366,40
2024-01-12 15:10:00-05:00,56.37,56.37,56.32,56.33,5572.0,56.355,36
2024-01-12 15:15:00-05:00,56.33,56.35,56.28,56.28,7061.0,56.317,61
2024-01-12 15:20:00-05:00,56.28,56.32,56.2,56.24,17956.0,56.224,87
2024-01-12 15:25:00-05:00,56.25,56.29,56.23,56.27,9798.0,56.26,77
2024-01-12 15:30:00-05:00,56.26,56.29,56.22,56.27,5510.0,56.249,49
2024-01-12 15:35:00-05:00,56.28,56.28,56.23,56.25,7265.0,56.255,66
2024-01-12 15:40:00-05:00,56.24,56.32,56.22,56.32,8719.0,56.276,76
2024-01-12 15:45:00-05:00,56.33,56.38,56.33,56.37,10082.0,56.353,89
2024-01-12 15:50:00-05:00,56.37,56.42,56.33,56.35,31056.0,56.365,201
2024-01-12 15:55:00-05:00,56.35,56.38,56.33,56.38,76803.0,56.353,477
2024-01-16 09:30:00-05:00,55.14,55.97,54.82,54.99,42985.0,55.211,79
2024-01-16 09:35:00-05:00,55.0,55.08,54.86,55.0,8566.0,54.988,71
2024-01-16 09:40:00-05:00,54.99,55.37,54.95,55.02,12249.0,55.116,81
2024-01-16 09:45:00-05:00,55.0,55.21,55.0,55.16,8954.0,55.115,71
2024-01-16 09:50:00-05:00,55.15,55.16,55.06,55.1,6442.0,55.104,53
2024-01-16 09:55:00-05:00,55.1,55.12,54.96,55.1,11757.0,55.023,98
2024-01-16 10:00:00-05:00,55.2,55.4,55.17,55.4,18608.0,55.305,157
2024-01-16 10:05:00-05:00,55.38,55.5,55.3,55.5,10643.0,55.36,85
2024-01-16 10:10:00-05:00,55.5,55.62,55.46,55.55,12378.0,55.536,64
2024-01-16 10:15:00-05:00,55.54,55.57,55.41,55.41,3973.0,55.479,29
2024-01-16 10:20:00-05:00,55.39,55.54,55.39,55.54,13281.0,55.432,99
2024-01-16 10:25:00-05:00,55.58,55.74,55.55,55.74,12946.0,55.623,119
2024-01-16 10:30:00-05:00,55.72,55.73,55.55,55.64,6410.0,55.634,52
2024-01-16 10:35:00-05:00,55.66,55.66,55.58,55.64,9117.0,55.602,62
2024-01-16 10:40:00-05:00,55.63,55.67,55.59,55.64,8185.0,55.619,76
2024-01-16 10:45:00-05:00,55.65,55.65,55.58,55.58,2890.0,55.606,25
2024-01-16 10:50:00-05:00,55.58,55.58,55.42,55.44,5787.0,55.521,28
2024-01-16 10:55:00-05:00,55.42,55.49,55.41,55.43,5329.0,55.444,37
2024-01-16 11:00:00-05:00,55.44,55.44,55.22,55.39,52174.0,55.354,77
2024-01-16 11:05:00-05:00,55.39,55.5,55.37,55.38,3614.0,55.426,33
2024-01-16 11:10:00-05:00,55.37,55.46,55.35,55.42,3499.0,55.409,33
2024-01-16 11:15:00-05:00,55.38,55.47,55.36,55.46,4937.0,55.436,42
2024-01-16 11:20:00-05:00,55.45,55.53,55.39,55.5,26404.0,55.437,77
2024-01-16 11:25:00-05:00,55.48,55.48,55.36,55.43,4029.0,55.41,34
2024-01-16 11:30:00-05:00,55.43,55.52,55.43,55.48,4610.0,55.484,43
2024-01-16 11:35:00-05:00,55.48,55.5,55.4,55.4,3590.0,55.466,31
2024-01-16 11:40:00-05:00,55.42,55.42,55.32,55.36,3962.0,55.357,35
2024-01-16 11:45:00-05:00,55.34,55.38,55.29,55.35,3108.0,55.332,29
2024-01-16 11:50:00-05:00,55.36,55.42,55.35,55.42,32576.0,55.376,82
2024-01-16 11:55:00-05:00,55.41,55.45,55.4,55.45,4776.0,55.432,41
2024-01-16 12:00:00-05:00,55.45,55.47,55.35,55.39,8533.0,55.413,48
2024-01-16 12:05:00-05:00,55.38,55.38,55.28,55.34,5104.0,55.329,44
2024-01-16 12:10:00-05:00,55.35,55.37,55.33,55.35,4793.0,55.346,45
2024-01-16 12:15:00-05:00,55.34,55.42,55.31,55.36,6084.0,55.367,55
2024-01-16 12:20:00-05:00,55.34,55.42,55.33,55.41,3839.0,55.376,35
2024-01-16 12:25:00-05:00,55.38,55.4,55.28,55.3,3370.0,55.34,32
2024-01-16 12:30:00-05:00,55.28,55.3,55.21,55.22,3667.0,55.26,33
2024-01-16 12:35:00-05:00,55.22,55.27,55.2,55.26,7213.0,55.233,44
2024-01-16 12:40:00-05:00,55.26,55.29,55.24,55.25,4579.0,55.264,38
2024-01-16 12:45:00-05:00,55.25,55.27,55.2,55.23,4576.0,55.236,44
2024-01-16 12:50:00-05:00,55.23,55.3,55.22,55.24,5273.0,55.252,45
2024-01-16 12:55:00-05:00,55.21,55.28,55.21,55.23,7288.0,55.254,62
2024-01-16 13:00:00-05:00,55.22,55.29,55.22,55.29,13188.0,55.257,118
2024-01-16 13:05:00-05:00,55.29,55.38,55.28,55.38,8432.0,55.317,57
2024-01-16 13:10:00-05:00,55.39,55.43,55.38,55.43,5640.0,55.398,33
2024-01-16 13:15:00-05:00,55.43,55.48,55.43,55.43,13278.0,55.453,99
2024-01-16 13:20:00-05:00,55.43,55.43,55.36,55.37,4710.0,55.394,34
2024-01-16 13:25:00-05:00,55.36,55.42,55.36,55.41,7112.0,55.398,64
2024-01-16 13:30:00-05:00,55.41,55.46,55.39,55.4,10705.0,55.413,93
2024-01-16 13:35:00-05:00,55.41,55.41,55.28,55.28,7215.0,55.357,61
2024-01-16 13:40:00-05:00,55.29,55.31,55.24,55.25,4713.0,55.26,34
2024-01-16 13:45:00-05:00,55.26,55.27,55.2,55.21,5886.0,55.236,50
2024-01-16 13:50:00-05:00,55.22,55.25,55.18,55.25,5084.0,55.203,38
2024-01-16 13:55:00-05:00,55.25,55.34,55.25,55.31,20981.0,55.303,131
2024-01-16 14:00:00-05:00,55.31,55.34,55.19,55.19,5443.0,55.271,43
2024-01-16 14:05:00-05:00,55.18,55.21,55.14,55.21,22874.0,55.165,195
2024-01-16 14:10:00-05:00,55.21,55.22,55.16,55.21,4476.0,55.186,39
2024-01-16 14:15:00-05:00,55.19,55.2,55.14,55.14,4597.0,55.171,36
2024-01-16 14:20:00-05:00,55.15,55.24,55.12,55.24,6220.0,55.155,46
2024-01-16 14:25:00-05:00,55.23,55.26,55.22,55.22,7620.0,55.237,64
2024-01-16 14:30:00-05:00,55.22,55.26,55.18,55.26,6113.0,55.225,49
2024-01-16 14:35:00-05:00,55.25,55.26,55.23,55.23,3831.0,55.244,36
2024-01-16 14:40:00-05:00,55.23,55.23,55.17,55.18,6328.0,55.208,45
2024-01-16 14:45:00-05:00,55.18,55.26,55.17,55.22,8706.0,55.213,65
2024-01-16 14:50:00-05:00,55.22,55.24,55.19,55.21,5713.0,55.215,50
2024-01-16 14:55:00-05:00,55.21,55.28,55.2,55.28,10425.0,55.228,84
2024-01-16 15:00:00-05:00,55.28,55.33,55.28,55.33,11466.0,55.294,90
2024-01-16 15:05:00-05:00,55.31,55.32,55.28,55.29,9351.0,55.305,74
2024-01-16 15:10:00-05:00,55.28,55.37,55.28,55.37,11271.0,55.33,81
2024-01-16 15:15:00-05:00,55.37,55.47,55.37,55.37,11454.0,55.405,90
2024-01-16 15:20:00-05:00,55.37,55.39,55.34,55.36,9819.0,55.368,76
2024-01-16 15:25:00-05:00,55.35,55.4,55.34,55.4,10391.0,55.371,81
2024-01-16 15:30:00-05:00,55.4,55.41,55.26,55.26,20852.0,55.35,166
2024-01-16 15:35:00-05:00,55.25,55.4,55.24,55.39,19923.0,55.313,153
2024-01-16 15:40:00-05:00,55.39,55.39,55.3,55.31,22606.0,55.34,130
2024-01-16 15:45:00-05:00,55.32,55.37,55.27,55.34,31755.0,55.327,206
2024-01-16 15:50:00-05:00,55.34,55.41,55.31,55.41,76358.0,55.382,505
2024-01-16 15:55:00-05:00,55.41,55.51,55.35,55.49,162619.0,55.424,825
2024-01-17 09:30:00-05:00,54.82,55.48,54.48,54.61,47047.0,54.729,115
2024-01-17 09:35:00-05:00,54.61,54.75,54.45,54.73,15798.0,54.599,122
2024-01-17 09:40:00-05:00,54.69,54.73,54.54,54.73,4418.0,54.627,32
2024-01-17 09:45:00-05:00,54.73,54.76,54.51,54.76,15263.0,54.637,112
2024-01-17 09:50:00-05:00,54.73,54.77,54.6,54.61,10932.0,54.683,92
2024-01-17 09:55:00-05:00,54.59,54.62,54.49,54.54,8522.0,54.536,73
2024-01-17 10:00:00-05:00,54.57,54.91,54.56,54.76,15174.0,54.785,118
2024-01-17 10:05:00-05:00,54.76,54.9,54.75,54.85,21288.0,54.842,128
2024-01-17 10:10:00-05:00,54.83,54.86,54.7,54.77,5196.0,54.797,49
2024-01-17 10:15:00-05:00,54.77,54.89,54.74,54.89,12182.0,54.806,102
2024-01-17 10:20:00-05:00,54.87,54.94,54.86,54.9,7781.0,54.902,64
2024-01-17 10:25:00-05:00,54.93,54.93,54.75,54.78,20755.0,54.842,115
2024-01-17 10:30:00-05:00,54.73,54.84,54.72,54.84,5607.0,54.777,36
2024-01-17 10:35:00-05:00,54.82,54.95,54.79,54.89,5968.0,54.865,45
2024-01-17 10:40:00-05:00,54.89,54.9,54.84,54.84,5673.0,54.878,36
2024-01-17 10:45:00-05:00,54.84,54.91,54.81,54.88,5883.0,54.855,47
2024-01-17 10:50:00-05:00,54.9,54.92,54.77,54.77,5358.0,54.884,43
2024-01-17 10:55:00-05:00,54.77,54.87,54.77,54.86,17618.0,54.822,109
2024-01-17 11:00:00-05:00,54.88,55.04,54.88,55.03,6215.0,54.973,39
2024-01-17 11:05:00-05:00,55.06,55.07,54.95,54.99,23859.0,54.973,67
2024-01-17 11:10:00-05:00,54.99,55.09,54.98,55.09,5875.0,55.043,44
2024-01-17 11:15:00-05:00,55.09,55.13,54.95,54.95,14267.0,55.057,52
2024-01-17 11:20:00-05:00,54.95,54.98,54.86,54.87,7621.0,54.921,68
2024-01-17 11:25:00-05:00,54.87,54.87,54.71,54.72,10779.0,54.813,81
2024-01-17 11:30:00-05:00,54.71,54.73,54.61,54.73,6952.0,54.66,63
2024-01-17 11:35:00-05:00,54.73,54.87,54.73,54.83,21258.0,54.805,127
2024-01-17 11:40:00-05:00,54.83,54.83,54.78,54.83,28727.0,54.826,252
2024-01-17 11:45:00-05:00,54.82,54.92,54.8,54.88,30536.0,54.836,225
2024-01-17 11:50:00-05:00,54.88,54.94,54.8,54.8,5411.0,54.878,47
2024-01-17 11:55:00-05:00,54.78,54.83,54.76,54.77,6038.0,54.794,53
2024-01-17 12:00:00-05:00,54.78,54.84,54.72,54.8,8330.0,54.779,65
2024-01-17 12:05:00-05:00,54.82,54.88,54.82,54.86,3845.0,54.859,35
2024-01-17 12:10:00-05:00,54.85,54.86,54.79,54.82,2504.0,54.824,23
2024-01-17 12:15:00-05:00,54.83,54.83,54.75,54.77,3080.0,54.776,28
2024-01-17 12:20:00-05:00,54.77,54.77,54.69,54.7,6707.0,54.725,45
2024-01-17 12:25:00-05:00,54.7,54.73,54.69,54.73,7803.0,54.706,62
2024-01-17 12:30:00-05:00,54.72,54.74,54.71,54.73,8003.0,54.726,65
2024-01-17 12:35:00-05:00,54.73,54.81,54.71,54.77,11778.0,54.757,66
2024-01-17 12:40:00-05:00,54.78,54.78,54.7,54.7,5915.0,54.757,48
2024-01-17 12:45:00-05:00,54.71,54.76,54.68,54.76,3822.0,54.708,37
2024-01-17 12:50:00-05:00,54.78,54.79,54.73,54.79,4887.0,54.76,44
2024-01-17 12:55:00-05:00,54.78,54.82,54.74,54.74,4131.0,54.787,38
2024-01-17 13:00:00-05:00,54.75,54.8,54.72,54.78,6079.0,54.76,53
2024-01-17 13:05:00-05:00,54.77,54.79,54.66,54.66,4510.0,54.715,38
2024-01-17 13:10:00-05:00,54.68,54.7,54.65,54.66,4323.0,54.673,38
2024-01-17 13:15:00-05:00,54.64,54.68,54.64,54.67,4550.0,54.655,36
2024-01-17 13:20:00-05:00,54.68,54.68,54.58,54.59,7184.0,54.61,62
2024-01-17 13:25:00-05:00,54.6,54.67,54.6,54.61,4704.0,54.635,40
2024-01-17 13:30:00-05:00,54.6,54.62,54.58,54.58,6513.0,54.597,61
2024-01-17 13:35:00-05:00,54.59,54.6,54.51,54.52,15913.0,54.56,96
2024-01-17 13:40:00-05:00,54.51,54.55,54.49,54.53,7613.0,54.52,54
2024-01-17 13:45:00-05:00,54.53,54.62,54.53,54.55,12975.0,54.565,43
2024-01-17 13:50:00-05:00,54.55,54.59,54.54,54.58,9457.0,54.563,79
2024-01-17 13:55:00-05:00,54.58,54.65,54.56,54.64,9358.0,54.594,53
2024-01-17 14:00:00-05:00,54.66,54.74,54.66,54.66,6471.0,54.697,55
2024-01-17 14:05:00-05:00,54.66,54.69,54.62,54.69,4784.0,54.646,31
2024-01-17 14:10:00-05:00,54.71,54.73,54.7,54.72,3146.0,54.713,29
2024-01-17 14:15:00-05:00,54.71,54.71,54.62,54.67,5033.0,54.659,44
2024-01-17 14:20:00-05:00,54.66,54.71,54.63,54.69,4411.0,54.679,34
2024-01-17 14:25:00-05:00,54.68,54.68,54.59,54.59,6929.0,54.649,44
2024-01-17 14:30:00-05:00,54.6,54.64,54.58,54.58,5866.0,54.608,46
2024-01-17 14:35:00-05:00,54.59,54.6,54.56,54.6,4540.0,54.584,42
2024-01-17 14:40:00-05:00,54.6,54.65,54.59,54.64,5990.0,54.629,52
2024-01-17 14:45:00-05:00,54.64,54.64,54.54,54.6,11757.0,54.604,75
2024-01-17 14:50:00-05:00,54.6,54.6,54.53,54.53,7018.0,54.584,51
2024-01-17 14:55:00-05:00,54.52,54.57,54.49,54.53,7989.0,54.519,71
2024-01-17 15:00:00-05:00,54.53,54.6,54.49,54.55,14635.0,54.565,93
2024-01-17 15:05:00-05:00,54.58,54.59,54.57,54.58,7164.0,54.582,45
2024-01-17 15:10:00-05:00,54.58,54.59,54.54,54.57,6349.0,54.568,53
2024-01-17 15:15:00-05:00,54.57,54.6,54.54,54.56,4209.0,54.569,41
2024-01-17 15:20:00-05:00,54.56,54.58,54.54,54.56,7009.0,54.556,61
2024-01-17 15:25:00-05:00,54.56,54.59,54.53,54.57,5096.0,54.558,46
2024-01-17 15:30:00-05:00,54.58,54.6,54.55,54.58,13911.0,54.575,110
2024-01-17 15:35:00-05:00,54.57,54.63,54.57,54.61,24687.0,54.6,151
2024-01-17 15:40:00-05:00,54.61,54.69,54.61,54.66,21711.0,54.654,132
2024-01-17 15:45:00-05:00,54.66,54.66,54.56,54.57,51864.0,54.632,250
2024-01-17 15:50:00-05:00,54.55,54.63,54.55,54.59,58054.0,54.597,400
2024-01-17 15:55:00-05:00,54.6,54.69,54.58,54.61,151957.0,54.645,846
2024-01-18 09:30:00-05:00,54.63,54.8,54.63,54.77,14644.0,54.66,34
2024-01-18 09:35:00-05:00,54.73,54.77,54.59,54.63,4240.0,54.666,34
2024-01-18 09:40:00-05:00,54.61,54.64,54.48,54.54,4869.0,54.539,42
2024-01-18 09:45:00-05:00,54.53,54.64,54.48,54.53,3578.0,54.541,27
2024-01-18 09:50:00-05:00,54.56,54.57,54.5,54.51,4211.0,54.538,32
2024-01-18 09:55:00-05:00,54.49,54.67,54.49,54.65,3830.0,54.575,24
2024-01-18 10:00:00-05:00,54.65,54.78,54.6,54.72,8159.0,54.674,50
2024-01-18 10:05:00-05:00,54.73,54.88,54.72,54.88,11177.0,54.802,71
2024-01-18 10:10:00-05:00,54.83,55.12,54.68,55.09,8273.0,54.878,70
2024-01-18 10:15:00-05:00,55.08,55.13,55.0,55.03,10192.0,55.073,83
2024-01-18 10:20:00-05:00,55.05,55.13,54.99,55.13,4003.0,55.06,33
2024-01-18 10:25:00-05:00,55.11,55.17,55.04,55.04,14508.0,55.13,79
2024-01-18 10:30:00-05:00,55.07,55.08,54.99,54.99,4501.0,55.05,39
2024-01-18 10:35:00-05:00,55.0,55.0,54.84,54.84,3162.0,54.935,24
2024-01-18 10:40:00-05:00,54.81,54.82,54.76,54.78,1116.0,54.793,11
2024-01-18 10:45:00-05:00,54.76,54.76,54.56,54.59,5091.0,54.626,40
2024-01-18 10:50:00-05:00,54.59,54.71,54.58,54.63,8428.0,54.615,50
2024-01-18 10:55:00-05:00,54.6,54.64,54.54,54.57,11904.0,54.573,17
2024-01-18 11:00:00-05:00,54.56,54.56,54.51,54.55,1906.0,54.539,17
2024-01-18 11:05:00-05:00,54.58,54.71,54.55,54.67,2189.0,54.619,18
2024-01-18 11:10:00-05:00,54.7,54.71,54.67,54.69,1276.0,54.684,5
2024-01-18 11:15:00-05:00,54.67,54.7,54.63,54.63,1536.0,54.667,14
2024-01-18 11:20:00-05:00,54.64,54.76,54.63,54.76,1549.0,54.73,11
2024-01-18 11:25:00-05:00,54.76,54.78,54.72,54.72,2436.0,54.748,21
2024-01-18 11:30:00-05:00,54.71,54.79,54.71,54.77,3891.0,54.756,23
2024-01-18 11:35:00-05:00,54.79,54.92,54.79,54.92,4254.0,54.851,33
2024-01-18 11:40:00-05:00,54.89,54.94,54.84,54.9,12084.0,54.884,71
2024-01-18 11:45:00-05:00,54.87,54.89,54.74,54.74,2499.0,54.786,17
2024-01-18 11:50:00-05:00,54.75,54.81,54.75,54.8,2335.0,54.794,13
2024-01-18 11:55:00-05:00,54.8,54.82,54.72,54.73,3569.0,54.761,28
2024-01-18 12:00:00-05:00,54.72,54.74,54.64,54.69,3443.0,54.693,30
2024-01-18 12:05:00-05:00,54.68,54.71,54.68,54.71,966.0,54.703,6
2024-01-18 12:10:00-05:00,54.72,54.75,54.68,54.72,2848.0,54.716,22
2024-01-18 12:15:00-05:00,54.72,54.73,54.7,54.7,700.0,54.718,7
2024-01-18 12:20:00-05:00,54.72,54.81,54.72,54.79,3208.0,54.754,20
2024-01-18 12:25:00-05:00,54.8,54.87,54.79,54.86,1988.0,54.846,18
2024-01-18 12:30:00-05:00,54.86,54.86,54.79,54.8,2150.0,54.819,18
2024-01-18 12:35:00-05:00,54.8,54.88,54.8,54.88,2138.0,54.826,18
2024-01-18 12:40:00-05:00,54.88,54.91,54.81,54.82,13726.0,54.875,25
2024-01-18 12:45:00-05:00,54.85,54.86,54.84,54.84,1026.0,54.849,9
2024-01-18 12:50:00-05:00,54.84,54.85,54.79,54.83,27744.0,54.82,18
2024-01-18 12:55:00-05:00,54.82,54.83,54.78,54.78,2866.0,54.812,16
2024-01-18 13:00:00-05:00,54.8,54.83,54.77,54.8,2578.0,54.797,21
2024-01-18 13:05:00-05:00,54.81,54.81,54.75,54.79,1126.0,54.783,10
2024-01-18 13:10:00-05:00,54.78,54.81,54.77,54.81,1704.0,54.79,11
2024-01-18 13:15:00-05:00,54.8,54.81,54.8,54.8,900.0,54.801,6
2024-01-18 13:20:00-05:00,54.81,54.82,54.76,54.76,4135.0,54.785,29
2024-01-18 13:25:00-05:00,54.74,54.77,54.73,54.73,1457.0,54.748,12
2024-01-18 13:30:00-05:00,54.73,54.78,54.73,54.77,704.0,54.76,7
2024-01-18 13:35:00-05:00,54.77,54.82,54.77,54.8,2725.0,54.791,21
2024-01-18 13:40:00-05:00,54.79,54.81,54.77,54.79,2049.0,54.791,14
2024-01-18 13:45:00-05:00,54.79,54.79,54.75,54.76,2543.0,54.766,20
2024-01-18 13:50:00-05:00,54.77,54.81,54.76,54.81,1753.0,54.804,14
2024-01-18 13:55:00-05:00,54.8,54.8,54.75,54.77,1604.0,54.775,14
2024-01-18 14:00:00-05:00,54.78,54.78,54.76,54.78,1552.0,54.771,11
2024-01-18 14:05:00-05:00,54.79,54.81,54.77,54.78,3721.0,54.791,25
2024-01-18 14:10:00-05:00,54.77,54.79,54.77,54.79,1642.0,54.777,16
2024-01-18 14:15:00-05:00,54.8,54.83,54.77,54.81,7831.0,54.809,58
2024-01-18 14:20:00-05:00,54.82,54.87,54.77,54.83,8393.0,54.817,55
2024-01-18 14:25:00-05:00,54.82,54.82,54.8,54.82,2034.0,54.809,14
2024-01-18 14:30:00-05:00,54.82,54.88,54.8,54.8,7165.0,54.831,41
2024-01-18 14:35:00-05:00,54.81,54.83,54.74,54.76,7790.0,54.806,38
2024-01-18 14:40:00-05:00,54.74,54.75,54.66,54.71,5889.0,54.701,54
2024-01-18 14:45:00-05:00,54.69,54.69,54.62,54.66,6074.0,54.651,54
2024-01-18 14:50:00-05:00,54.69,54.82,54.69,54.79,5277.0,54.765,39
2024-01-18 14:55:00-05:00,54.8,54.82,54.76,54.77,8676.0,54.789,51
2024-01-18 15:00:00-05:00,54.77,54.8,54.76,54.78,4460.0,54.781,41
2024-01-18 15:05:00-05:00,54.77,54.81,54.75,54.81,4635.0,54.778,41
2024-01-18 15:10:00-05:00,54.8,54.85,54.78,54.82,24602.0,54.819,123
2024-01-18 15:15:00-05:00,54.82,54.92,54.82,54.91,15919.0,54.874,105
2024-01-18 15:20:00-05:00,54.91,55.01,54.89,55.0,12800.0,54.964,78
2024-01-18 15:25:00-05:00,55.0,55.1,54.99,55.04,33057.0,55.026,170
2024-01-18 15:30:00-05:00,55.06,55.08,55.0,55.0,10316.0,55.046,81
2024-01-18 15:35:00-05:00,55.0,55.0,54.9,54.9,8724.0,54.933,67
2024-01-18 15:40:00-05:00,54.88,54.96,54.88,54.96,5958.0,54.915,50
2024-01-18 15:45:00-05:00,54.95,54.98,54.84,54.87,20636.0,54.914,167
2024-01-18 15:50:00-05:00,54.87,54.95,54.85,54.87,32357.0,54.889,227
2024-01-18 15:55:00-05:00,54.88,54.93,54.83,54.84,121608.0,54.891,742
2024-01-19 09:30:00-05:00,54.96,54.96,54.56,54.58,105153.0,54.939,38
2024-01-19 09:35:00-05:00,54.55,54.62,54.3,54.3,5257.0,54.446,42
2024-01-19 09:40:00-05:00,54.29,54.33,54.06,54.28,11231.0,54.232,98
2024-01-19 09:45:00-05:00,54.23,54.36,54.2,54.36,7514.0,54.258,69
2024-01-19 09:50:00-05:00,54.38,54.63,54.37,54.58,10635.0,54.477,63
2024-01-19 09:55:00-05:00,54.56,54.65,54.49,54.61,7571.0,54.543,47
2024-01-19 10:00:00-05:00,54.67,54.68,54.35,54.52,7895.0,54.506,68
2024-01-19 10:05:00-05:00,54.54,54.54,54.32,54.33,18323.0,54.443,64
2024-01-19 10:10:00-05:00,54.33,54.35,54.16,54.16,4644.0,54.283,39
2024-01-19 10:15:00-05:00,54.16,54.27,54.09,54.23,11461.0,54.169,97
2024-01-19 10:20:00-05:00,54.22,54.38,54.22,54.38,5225.0,54.336,42
2024-01-19 10:25:00-05:00,54.39,54.46,54.33,54.46,4390.0,54.393,38
2024-01-19 10:30:00-05:00,54.48,54.5,54.41,54.43,4289.0,54.452,38
2024-01-19 10:35:00-05:00,54.45,54.52,54.36,54.4,14570.0,54.436,101
2024-01-19 10:40:00-05:00,54.41,54.46,54.36,54.45,14581.0,54.418,130
2024-01-19 10:45:00-05:00,54.44,54.48,54.38,54.42,16994.0,54.436,144
2024-01-19 10:50:00-05:00,54.41,54.47,54.37,54.45,6667.0,54.417,56
2024-01-19 10:55:00-05:00,54.45,54.61,54.43,54.56,10018.0,54.536,69
2024-01-19 11:00:00-05:00,54.57,54.59,54.5,54.5,5886.0,54.542,42
2024-01-19 11:05:00-05:00,54.48,54.55,54.46,54.55,11723.0,54.507,54
2024-01-19 11:10:00-05:00,54.55,54.56,54.45,54.45,27178.0,54.513,189
2024-01-19 11:15:00-05:00,54.44,54.46,54.36,54.46,5183.0,54.411,47
2024-01-19 11:20:00-05:00,54.46,54.48,54.42,54.46,4185.0,54.449,34
2024-01-19 11:25:00-05:00,54.46,54.49,54.42,54.45,5668.0,54.46,47
2024-01-19 11:30:00-05:00,54.45,54.46,54.35,54.38,6316.0,54.412,46
2024-01-19 11:35:00-05:00,54.32,54.34,54.21,54.22,14760.0,54.278,90
2024-01-19 11:40:00-05:00,54.21,54.31,54.19,54.3,10210.0,54.237,72
2024-01-19 11:45:00-05:00,54.31,54.35,54.26,54.26,7362.0,54.301,53
2024-01-19 11:50:00-05:00,54.27,54.36,54.27,54.35,4743.0,54.318,34
2024-01-19 11:55:00-05:00,54.33,54.36,54.31,54.35,3754.0,54.337,31
2024-01-19 12:00:00-05:00,54.35,54.36,54.28,54.29,4185.0,54.328,32
2024-01-19 12:05:00-05:00,54.3,54.32,54.27,54.29,3702.0,54.295,28
2024-01-19 12:10:00-05:00,54.28,54.33,54.24,54.33,9228.0,54.303,73
2024-01-19 12:15:00-05:00,54.33,54.41,54.33,54.4,5258.0,54.38,40
2024-01-19 12:20:00-05:00,54.41,54.45,54.38,54.45,7674.0,54.418,55
2024-01-19 12:25:00-05:00,54.45,54.5,54.45,54.46,15096.0,54.465,94
2024-01-19 12:30:00-05:00,54.47,54.56,54.46,54.51,17562.0,54.517,124
2024-01-19 12:35:00-05:00,54.52,54.53,54.49,54.5,6350.0,54.507,55
2024-01-19 12:40:00-05:00,54.5,54.55,54.43,54.54,6012.0,54.49,56
2024-01-19 12:45:00-05:00,54.54,54.57,54.52,54.53,7917.0,54.544,60
2024-01-19 12:50:00-05:00,54.53,54.54,54.5,54.52,4619.0,54.53,39
2024-01-19 12:55:00-05:00,54.53,54.61,54.52,54.59,7502.0,54.568,51
2024-01-19 13:00:00-05:00,54.61,54.62,54.55,54.58,5533.0,54.59,49
2024-01-19 13:05:00-05:00,54.58,54.61,54.53,54.6,3536.0,54.561,30
2024-01-19 13:10:00-05:00,54.61,54.71,54.6,54.69,10884.0,54.654,59
2024-01-19 13:15:00-05:00,54.71,54.77,54.7,54.76,5972.0,54.752,51
2024-01-19 13:20:00-05:00,54.78,54.91,54.78,54.9,8933.0,54.859,58
2024-01-19 13:25:00-05:00,54.89,54.89,54.84,54.87,3801.0,54.858,32
2024-01-19 13:30:00-05:00,54.9,54.98,54.87,54.96,8885.0,54.923,53
2024-01-19 13:35:00-05:00,54.97,55.05,54.96,55.04,17348.0,54.985,110
2024-01-19 13:40:00-05:00,55.04,55.11,55.03,55.11,5629.0,55.058,50
2024-01-19 13:45:00-05:00,55.12,55.12,55.06,55.08,5647.0,55.082,47
2024-01-19 13:50:00-05:00,55.09,55.12,55.08,55.11,10575.0,55.092,27
2024-01-19 13:55:00-05:00,55.12,55.22,55.12,55.22,9875.0,55.147,44
2024-01-19 14:00:00-05:00,55.21,55.27,55.19,55.27,10319.0,55.211,75
2024-01-19 14:05:00-05:00,55.26,55.32,55.21,55.3,6074.0,55.253,45
2024-01-19 14:10:00-05:00,55.29,55.34,55.26,55.34,5961.0,55.295,39
2024-01-19 14:15:00-05:00,55.34,55.35,55.28,55.29,7224.0,55.314,55
2024-01-19 14:20:00-05:00,55.3,55.34,55.26,55.33,3767.0,55.301,34
2024-01-19 14:25:00-05:00,55.34,55.49,55.33,55.39,10504.0,55.422,79
2024-01-19 14:30:00-05:00,55.41,55.43,55.34,55.36,4639.0,55.384,32
2024-01-19 14:35:00-05:00,55.36,55.36,55.29,55.31,5100.0,55.314,43
2024-01-19 14:40:00-05:00,55.32,55.37,55.3,55.35,9589.0,55.325,76
2024-01-19 14:45:00-05:00,55.36,55.38,55.27,55.3,5215.0,55.329,48
2024-01-19 14:50:00-05:00,55.31,55.32,55.26,55.27,8110.0,55.286,58
2024-01-19 14:55:00-05:00,55.27,55.34,55.26,55.34,7651.0,55.291,64
2024-01-19 15:00:00-05:00,55.34,55.4,55.29,55.34,8379.0,55.341,67
2024-01-19 15:05:00-05:00,55.35,55.38,55.3,55.3,7093.0,55.349,59
2024-01-19 15:10:00-05:00,55.29,55.31,55.19,55.19,6356.0,55.273,55
2024-01-19 15:15:00-05:00,55.2,55.34,55.2,55.32,18963.0,55.28,137
2024-01-19 15:20:00-05:00,55.31,55.33,55.24,55.33,25247.0,55.291,177
2024-01-19 15:25:00-05:00,55.33,55.39,55.32,55.38,16075.0,55.358,125
2024-01-19 15:30:00-05:00,55.38,55.43,55.35,55.43,34355.0,55.388,232
2024-01-19 15:35:00-05:00,55.43,55.49,55.4,55.49,59074.0,55.436,250
2024-01-19 15:40:00-05:00,55.49,55.49,55.43,55.44,26826.0,55.457,167
2024-01-19 15:45:00-05:00,55.43,55.51,55.4,55.5,54008.0,55.447,294
2024-01-19 15:50:00-05:00,55.5,55.51,55.38,55.51,88094.0,55.445,463
2024-01-19 15:55:00-05:00,55.51,55.57,55.46,55.56,156932.0,55.531,871
2024-01-22 09:30:00-05:00,55.61,55.74,55.39,55.66,26012.0,55.537,54
2024-01-22 09:35:00-05:00,55.7,55.81,55.65,55.8,7591.0,55.715,65
2024-01-22 09:40:00-05:00,55.81,55.98,55.78,55.82,6560.0,55.878,46
2024-01-22 09:45:00-05:00,55.75,55.93,55.75,55.91,8472.0,55.84,53
2024-01-22 09:50:00-05:00,55.91,56.04,55.89,55.97,20104.0,55.965,115
2024-01-22 09:55:00-05:00,56.0,56.11,56.0,56.07,3711.0,56.076,24
2024-01-22 10:00:00-05:00,56.09,56.27,56.07,56.07,8852.0,56.185,65
2024-01-22 10:05:00-05:00,56.07,56.25,55.9,55.94,10936.0,56.057,62
2024-01-22 10:10:00-05:00,55.91,55.99,55.88,55.96,8139.0,55.95,39
2024-01-22 10:15:00-05:00,55.93,56.01,55.86,55.88,3875.0,55.954,33
2024-01-22 10:20:00-05:00,55.89,55.91,55.87,55.9,3201.0,55.888,25
2024-01-22 10:25:00-05:00,55.9,55.98,55.84,55.88,4606.0,55.92,26
2024-01-22 10:30:00-05:00,55.86,55.88,55.74,55.86,7693.0,55.808,58
2024-01-22 10:35:00-05:00,55.88,55.88,55.79,55.8,3060.0,55.824,29
2024-01-22 10:40:00-05:00,55.82,55.87,55.7,55.71,7165.0,55.808,51
2024-01-22 10:45:00-05:00,55.71,55.78,55.64,55.69,4411.0,55.721,35
2024-01-22 10:50:00-05:00,55.68,55.79,55.65,55.78,49791.0,55.701,74
2024-01-22 10:55:00-05:00,55.78,55.94,55.77,55.92,10566.0,55.861,61
2024-01-22 11:00:00-05:00,55.93,55.93,55.76,55.79,4473.0,55.851,37
2024-01-22 11:05:00-05:00,55.79,55.84,55.77,55.78,3109.0,55.8,25
2024-01-22 11:10:00-05:00,55.78,55.84,55.76,55.82,2874.0,55.803,26
2024-01-22 11:15:00-05:00,55.83,55.97,55.83,55.97,3444.0,55.913,25
2024-01-22 11:20:00-05:00,55.95,55.97,55.88,55.89,3404.0,55.937,30
2024-01-22 11:25:00-05:00,55.9,56.03,55.9,56.01,4825.0,55.978,36
2024-01-22 11:30:00-05:00,56.01,56.02,55.97,55.98,4442.0,55.991,26
2024-01-22 11:35:00-05:00,55.97,56.01,55.93,56.01,7564.0,55.966,50
2024-01-22 11:40:00-05:00,56.01,56.01,55.92,55.97,4388.0,55.964,37
2024-01-22 11:45:00-05:00,56.0,56.05,55.94,55.96,4405.0,56.005,29
2024-01-22 11:50:00-05:00,55.94,56.03,55.94,56.03,3060.0,55.98,26
2024-01-22 11:55:00-05:00,56.02,56.18,56.02,56.15,4957.0,56.098,42
2024-01-22 12:00:00-05:00,56.16,56.19,56.09,56.1,4532.0,56.145,36
2024-01-22 12:05:00-05:00,56.09,56.09,56.0,56.04,2800.0,56.052,19
2024-01-22 12:10:00-05:00,56.01,56.01,55.98,55.98,303.0,55.997,3
2024-01-22 12:15:00-05:00,55.93,55.98,55.91,55.98,2260.0,55.944,22
2024-01-22 12:20:00-05:00,56.0,56.05,55.99,56.05,2445.0,56.024,21
2024-01-22 12:25:00-05:00,56.04,56.09,56.04,56.05,2725.0,56.066,21
2024-01-22 12:30:00-05:00,56.06,56.12,56.05,56.08,9409.0,56.092,47
2024-01-22 12:35:00-05:00,56.04,56.06,56.01,56.06,6171.0,56.037,33
2024-01-22 12:40:00-05:00,56.05,56.05,56.01,56.03,4233.0,56.032,28
2024-01-22 12:45:00-05:00,56.04,56.04,55.99,56.01,1000.0,56.012,9
2024-01-22 12:50:00-05:00,55.97,56.05,55.97,56.03,2260.0,56.008,21
2024-01-22 12:55:00-05:00,56.04,56.09,56.0,56.09,2539.0,56.03,23
2024-01-22 13:00:00-05:00,56.11,56.14,56.1,56.12,1327.0,56.116,13
2024-01-22 13:05:00-05:00,56.15,56.16,56.13,56.13,1468.0,56.148,13
2024-01-22 13:10:00-05:00,56.14,56.2,56.14,56.2,2353.0,56.175,15
2024-01-22 13:15:00-05:00,56.21,56.24,56.19,56.19,2608.0,56.216,24
2024-01-22 13:20:00-05:00,56.19,56.25,56.19,56.22,2312.0,56.215,20
2024-01-22 13:25:00-05:00,56.23,56.23,56.13,56.15,1693.0,56.177,16
2024-01-22 13:30:00-05:00,56.12,56.12,56.11,56.11,1000.0,56.115,7
2024-01-22 13:35:00-05:00,56.13,56.19,56.11,56.19,5973.0,56.159,37
2024-01-22 13:40:00-05:00,56.19,56.19,56.14,56.14,4527.0,56.163,33
2024-01-22 13:45:00-05:00,56.13,56.18,56.09,56.17,3662.0,56.15,27
2024-01-22 13:50:00-05:00,56.18,56.24,56.18,56.23,2100.0,56.211,21
2024-01-22 13:55:00-05:00,56.24,56.24,56.22,56.23,2235.0,56.231,16
2024-01-22 14:00:00-05:00,56.25,56.25,56.2,56.2,1341.0,56.222,13
2024-01-22 14:05:00-05:00,56.21,56.23,56.19,56.22,3702.0,56.215,31
2024-01-22 14:10:00-05:00,56.21,56.21,56.11,56.12,2475.0,56.17,20
2024-01-22 14:15:00-05:00,56.09,56.11,56.05,56.07,4981.0,56.079,43
2024-01-22 14:20:00-05:00,56.05,56.08,56.05,56.08,1717.0,56.061,15
2024-01-22 14:25:00-05:00,56.08,56.13,56.07,56.13,1982.0,56.089,14
2024-01-22 14:30:00-05:00,56.15,56.18,56.11,56.17,6558.0,56.149,58
2024-01-22 14:35:00-05:00,56.17,56.21,56.17,56.18,3222.0,56.197,15
2024-01-22 14:40:00-05:00,56.17,56.17,56.12,56.13,3754.0,56.139,23
2024-01-22 14:45:00-05:00,56.13,56.16,56.1,56.16,7682.0,56.125,65
2024-01-22 14:50:00-05:00,56.16,56.17,56.13,56.15,4400.0,56.149,32
2024-01-22 14:55:00-05:00,56.15,56.17,56.14,56.16,2602.0,56.157,25
2024-01-22 15:00:00-05:00,56.16,56.17,56.11,56.13,2662.0,56.14,25
2024-01-22 15:05:00-05:00,56.13,56.15,56.1,56.14,4099.0,56.121,36
2024-01-22 15:10:00-05:00,56.13,56.2,56.13,56.2,3154.0,56.158,24
2024-01-22 15:15:00-05:00,56.21,56.26,56.2,56.26,7227.0,56.232,40
2024-01-22 15:20:00-05:00,56.27,56.33,56.26,56.29,8995.0,56.301,69
2024-01-22 15:25:00-05:00,56.27,56.36,56.27,56.36,6004.0,56.31,41
2024-01-22 15:30:00-05:00,56.36,56.41,56.34,56.39,7804.0,56.382,61
2024-01-22 15:35:00-05:00,56.4,56.43,56.37,56.37,8386.0,56.402,71
2024-01-22 15:40:00-05:00,56.37,56.4,56.36,56.4,8289.0,56.378,66
2024-01-22 15:45:00-05:00,56.4,56.43,56.32,56.34,19042.0,56.39,138
2024-01-22 15:50:00-05:00,56.33,56.36,56.3,56.35,30706.0,56.333,219
2024-01-22 15:55:00-05:00,56.35,56.43,56.34,56.34,90222.0,56.394,508
2024-01-23 09:30:00-05:00,56.94,57.15,56.89,56.9,17039.0,56.95,24
2024-01-23 09:35:00-05:00,56.97,56.97,56.79,56.85,3360.0,56.893,30
2024-01-23 09:40:00-05:00,56.81,56.96,56.76,56.95,6296.0,56.839,34
2024-01-23 09:45:00-05:00,56.98,56.99,56.88,56.92,3278.0,56.92,30
2024-01-23 09:50:00-05:00,56.92,56.92,56.83,56.89,7180.0,56.897,31
2024-01-23 09:55:00-05:00,56.9,57.15,56.9,57.09,5156.0,57.061,32
2024-01-23 10:00:00-05:00,57.1,57.15,57.07,57.14,3846.0,57.114,34
2024-01-23 10:05:00-05:00,57.15,57.31,57.14,57.27,4652.0,57.239,41
2024-01-23 10:10:00-05:00,57.3,57.36,57.29,57.29,3397.0,57.326,32
2024-01-23 10:15:00-05:00,57.29,57.36,57.26,57.27,6515.0,57.294,39
2024-01-23 10:20:00-05:00,57.29,57.29,57.11,57.11,4951.0,57.223,39
2024-01-23 10:25:00-05:00,57.1,57.1,57.0,57.02,6559.0,57.038,60
2024-01-23 10:30:00-05:00,57.0,57.0,56.85,56.85,4126.0,56.893,38
2024-01-23 10:35:00-05:00,56.85,56.88,56.82,56.85,13582.0,56.835,57
2024-01-23 10:40:00-05:00,56.82,56.82,56.64,56.67,3734.0,56.71,35
2024-01-23 10:45:00-05:00,56.67,56.77,56.64,56.77,6050.0,56.696,51
2024-01-23 10:50:00-05:00,56.76,56.77,56.66,56.77,8377.0,56.703,74
2024-01-23 10:55:00-05:00,56.76,56.79,56.73,56.77,5670.0,56.761,50
2024-01-23 11:00:00-05:00,56.78,56.84,56.77,56.78,5419.0,56.803,47
2024-01-23 11:05:00-05:00,56.76,56.81,56.71,56.8,5394.0,56.768,47
2024-01-23 11:10:00-05:00,56.8,56.82,56.75,56.76,2882.0,56.788,26
2024-01-23 11:15:00-05:00,56.76,56.76,56.61,56.61,4669.0,56.688,42
2024-01-23 11:20:00-05:00,56.59,56.62,56.56,56.59,4414.0,56.593,39
2024-01-23 11:25:00-05:00,56.6,56.6,56.52,56.54,3176.0,56.556,31
2024-01-23 11:30:00-05:00,56.53,56.57,56.52,56.52,4483.0,56.536,30
2024-01-23 11:35:00-05:00,56.51,56.61,56.51,56.61,6017.0,56.569,46
2024-01-23 11:40:00-05:00,56.61,56.65,56.59,56.64,2040.0,56.619,17
2024-01-23 11:45:00-05:00,56.64,56.66,56.58,56.58,2210.0,56.627,17
2024-01-23 11:50:00-05:00,56.58,56.63,56.58,56.63,5616.0,56.598,42
2024-01-23 11:55:00-05:00,56.63,56.68,56.63,56.68,3644.0,56.66,25
2024-01-23 12:00:00-05:00,56.69,56.7,56.64,56.64,5413.0,56.676,44
2024-01-23 12:05:00-05:00,56.64,56.65,56.58,56.62,2761.0,56.616,23
2024-01-23 12:10:00-05:00,56.63,56.65,56.52,56.54,2617.0,56.583,21
2024-01-23 12:15:00-05:00,56.53,56.55,56.52,56.55,2823.0,56.535,28
2024-01-23 12:20:00-05:00,56.55,56.56,56.52,56.53,2827.0,56.54,25
2024-01-23 12:25:00-05:00,56.52,56.54,56.48,56.49,3703.0,56.518,32
2024-01-23 12:30:00-05:00,56.51,56.54,56.51,56.52,3519.0,56.527,26
2024-01-23 12:35:00-05:00,56.53,56.53,56.47,56.52,3865.0,56.507,32
2024-01-23 12:40:00-05:00,56.54,56.59,56.53,56.58,10830.0,56.546,32
2024-01-23 12:45:00-05:00,56.58,56.62,56.57,56.58,3896.0,56.587,35
2024-01-23 12:50:00-05:00,56.59,56.65,56.59,56.65,1472.0,56.618,14
2024-01-23 12:55:00-05:00,56.67,56.69,56.62,56.69,6284.0,56.66,52
2024-01-23 13:00:00-05:00,56.69,56.69,56.6,56.63,2089.0,56.647,16
2024-01-23 13:05:00-05:00,56.63,56.63,56.59,56.62,4576.0,56.616,35
2024-01-23 13:10:00-05:00,56.63,56.63,56.59,56.61,3090.0,56.603,27
2024-01-23 13:15:00-05:00,56.61,56.66,56.6,56.64,2555.0,56.63,21
2024-01-23 13:20:00-05:00,56.63,56.63,56.58,56.58,3259.0,56.612,24
2024-01-23 13:25:00-05:00,56.55,56.58,56.52,56.53,6018.0,56.555,34
2024-01-23 13:30:00-05:00,56.49,56.51,56.46,56.47,3632.0,56.49,32
2024-01-23 13:35:00-05:00,56.47,56.56,56.47,56.55,6407.0,56.507,59
2024-01-23 13:40:00-05:00,56.57,56.59,56.54,56.59,4088.0,56.556,36
2024-01-23 13:45:00-05:00,56.59,56.68,56.58,56.68,7711.0,56.643,52
2024-01-23 13:50:00-05:00,56.69,56.69,56.66,56.67,3743.0,56.679,32
2024-01-23 13:55:00-05:00,56.68,56.71,56.66,56.71,2857.0,56.679,28
2024-01-23 14:00:00-05:00,56.71,56.76,56.69,56.75,6023.0,56.723,54
2024-01-23 14:05:00-05:00,56.75,56.78,56.74,56.78,7179.0,56.764,62
2024-01-23 14:10:00-05:00,56.78,56.81,56.78,56.79,6435.0,56.797,61
2024-01-23 14:15:00-05:00,56.79,56.87,56.75,56.87,9058.0,56.809,77
2024-01-23 14:20:00-05:00,56.86,56.88,56.81,56.83,6833.0,56.843,60
2024-01-23 14:25:00-05:00,56.83,56.85,56.81,56.84,4669.0,56.83,37
2024-01-23 14:30:00-05:00,56.84,56.9,56.82,56.87,7091.0,56.865,58
2024-01-23 14:35:00-05:00,56.89,56.94,56.88,56.93,8372.0,56.902,37
2024-01-23 14:40:00-05:00,56.94,56.96,56.92,56.95,3299.0,56.942,28
2024-01-23 14:45:00-05:00,56.94,57.0,56.94,56.97,6029.0,56.973,51
2024-01-23 14:50:00-05:00,56.99,57.0,56.96,56.96,1780.0,56.983,16
2024-01-23 14:55:00-05:00,56.96,56.99,56.95,56.95,5862.0,56.964,33
2024-01-23 15:00:00-05:00,56.95,56.95,56.92,56.94,6077.0,56.931,44
2024-01-23 15:05:00-05:00,56.94,56.98,56.94,56.97,4089.0,56.955,31
2024-01-23 15:10:00-05:00,56.95,57.02,56.95,56.96,8054.0,56.985,72
2024-01-23 15:15:00-05:00,56.96,56.96,56.87,56.89,4410.0,56.918,36
2024-01-23 15:20:00-05:00,56.9,56.91,56.82,56.83,3020.0,56.862,26
2024-01-23 15:25:00-05:00,56.81,56.85,56.78,56.8,3285.0,56.823,24
2024-01-23 15:30:00-05:00,56.79,56.91,56.76,56.84,50078.0,56.84,178
2024-01-23 15:35:00-05:00,56.84,56.85,56.8,56.85,10087.0,56.825,66
2024-01-23 15:40:00-05:00,56.84,56.9,56.84,56.9,15037.0,56.872,112
2024-01-23 15:45:00-05:00,56.9,56.92,56.81,56.81,19894.0,56.883,145
2024-01-23 15:50:00-05:00,56.82,56.87,56.75,56.81,45036.0,56.795,245
2024-01-23 15:55:00-05:00,56.81,56.83,56.72,56.73,91903.0,56.778,507
2024-01-24 09:30:00-05:00,57.21,57.48,56.95,56.98,11951.0,57.174,31
2024-01-24 09:35:00-05:00,57.08,57.21,56.94,56.94,4100.0,57.13,40
2024-01-24 09:40:00-05:00,56.89,57.04,56.89,56.98,1883.0,56.985,18
2024-01-24 09:45:00-05:00,56.95,56.96,56.79,56.79,2508.0,56.894,22
2024-01-24 09:50:00-05:00,56.72,56.78,56.7,56.78,3099.0,56.732,26
2024-01-24 09:55:00-05:00,56.83,56.84,56.72,56.72,3316.0,56.787,30
2024-01-24 10:00:00-05:00,56.71,56.71,56.39,56.4,3914.0,56.538,25
2024-01-24 10:05:00-05:00,56.34,56.45,56.32,56.45,5252.0,56.383,41
2024-01-24 10:10:00-05:00,56.44,56.44,56.3,56.42,4225.0,56.361,31
2024-01-24 10:15:00-05:00,56.46,56.48,56.43,56.46,806.0,56.457,8
2024-01-24 10:20:00-05:00,56.44,56.44,56.33,56.35,3377.0,56.359,28
2024-01-24 10:25:00-05:00,56.35,56.42,56.29,56.41,3735.0,56.332,34
2024-01-24 10:30:00-05:00,56.42,56.51,56.4,56.51,4794.0,56.437,36
2024-01-24 10:35:00-05:00,56.51,56.58,56.51,56.58,4173.0,56.539,35
2024-01-24 10:40:00-05:00,56.59,56.73,56.58,56.73,3052.0,56.645,25
2024-01-24 10:45:00-05:00,56.73,56.73,56.54,56.55,9303.0,56.63,74
2024-01-24 10:50:00-05:00,56.53,56.56,56.49,56.56,3194.0,56.521,25
2024-01-24 10:55:00-05:00,56.56,56.57,56.53,56.55,3324.0,56.551,27
2024-01-24 11:00:00-05:00,56.56,56.65,56.56,56.59,3574.0,56.605,32
2024-01-24 11:05:00-05:00,56.6,56.6,56.51,56.54,2137.0,56.564,18
2024-01-24 11:10:00-05:00,56.5,56.52,56.49,56.49,1046.0,56.504,9
2024-01-24 11:15:00-05:00,56.45,56.53,56.45,56.53,2649.0,56.492,25
2024-01-24 11:20:00-05:00,56.54,56.59,56.52,56.54,3498.0,56.539,26
2024-01-24 11:25:00-05:00,56.55,56.58,56.52,56.55,7574.0,56.551,34
2024-01-24 11:30:00-05:00,56.56,56.57,56.49,56.49,3956.0,56.511,26
2024-01-24 11:35:00-05:00,56.49,56.52,56.48,56.52,1700.0,56.497,12
2024-01-24 11:40:00-05:00,56.53,56.57,56.51,56.52,4456.0,56.541,40
2024-01-24 11:45:00-05:00,56.51,56.51,56.43,56.45,2281.0,56.474,21
2024-01-24 11:50:00-05:00,56.44,56.49,56.43,56.44,2468.0,56.457,17
2024-01-24 11:55:00-05:00,56.43,56.43,56.34,56.37,2014.0,56.393,20
2024-01-24 12:00:00-05:00,56.37,56.39,56.31,56.32,2043.0,56.362,15
2024-01-24 12:05:00-05:00,56.33,56.38,56.32,56.38,1553.0,56.357,15
2024-01-24 12:10:00-05:00,56.39,56.39,56.26,56.32,3146.0,56.344,23
2024-01-24 12:15:00-05:00,56.32,56.35,56.31,56.33,2363.0,56.331,16
2024-01-24 12:20:00-05:00,56.34,56.39,56.32,56.39,3048.0,56.349,27
2024-01-24 12:25:00-05:00,56.45,56.48,56.42,56.46,3414.0,56.447,22
2024-01-24 12:30:00-05:00,56.46,56.48,56.41,56.41,3646.0,56.446,30
2024-01-24 12:35:00-05:00,56.42,56.42,56.36,56.37,2480.0,56.372,22
2024-01-24 12:40:00-05:00,56.35,56.35,56.28,56.28,2676.0,56.312,22
2024-01-24 12:45:00-05:00,56.27,56.28,56.25,56.26,2728.0,56.261,23
2024-01-24 12:50:00-05:00,56.27,56.27,56.24,56.25,4011.0,56.258,31
2024-01-24 12:55:00-05:00,56.22,56.29,56.22,56.29,5995.0,56.243,34
2024-01-24 13:00:00-05:00,56.32,56.33,56.21,56.23,4831.0,56.254,43
2024-01-24 13:05:00-05:00,56.26,56.27,56.21,56.27,2925.0,56.229,28
2024-01-24 13:10:00-05:00,56.27,56.28,56.2,56.2,3685.0,56.247,26
2024-01-24 13:15:00-05:00,56.2,56.2,56.13,56.14,3273.0,56.17,25
2024-01-24 13:20:00-05:00,56.15,56.17,56.09,56.09,4262.0,56.137,32
2024-01-24 13:25:00-05:00,56.1,56.1,56.08,56.09,2478.0,56.091,10
2024-01-24 13:30:00-05:00,56.05,56.09,56.03,56.09,2163.0,56.046,18
2024-01-24 13:35:00-05:00,56.11,56.13,56.08,56.08,5668.0,56.104,50
2024-01-24 13:40:00-05:00,56.07,56.16,56.07,56.12,1500.0,56.119,12
2024-01-24 13:45:00-05:00,56.08,56.1,56.07,56.07,2133.0,56.085,21
2024-01-24 13:50:00-05:00,56.06,56.12,56.06,56.12,3830.0,56.096,32
2024-01-24 13:55:00-05:00,56.13,56.14,56.11,56.12,3738.0,56.122,34
2024-01-24 14:00:00-05:00,56.11,56.11,56.06,56.09,3610.0,56.091,30
2024-01-24 14:05:00-05:00,56.09,56.12,56.08,56.11,4523.0,56.098,32
2024-01-24 14:10:00-05:00,56.11,56.11,56.08,56.08,2966.0,56.096,17
2024-01-24 14:15:00-05:00,56.07,56.13,56.06,56.13,3579.0,56.107,29
2024-01-24 14:20:00-05:00,56.12,56.12,56.07,56.08,2604.0,56.092,24
2024-01-24 14:25:00-05:00,56.08,56.17,56.08,56.11,3912.0,56.117,31
2024-01-24 14:30:00-05:00,56.12,56.2,56.09,56.1,7169.0,56.166,64
2024-01-24 14:35:00-05:00,56.1,56.2,56.1,56.19,6682.0,56.162,57
2024-01-24 14:40:00-05:00,56.23,56.32,56.23,56.32,5607.0,56.263,52
2024-01-24 14:45:00-05:00,56.32,56.34,56.3,56.32,3995.0,56.324,35
2024-01-24 14:50:00-05:00,56.31,56.35,56.29,56.35,6616.0,56.325,55
2024-01-24 14:55:00-05:00,56.34,56.36,56.31,56.35,6717.0,56.336,64
2024-01-24 15:00:00-05:00,56.34,56.38,56.31,56.37,6514.0,56.342,61
2024-01-24 15:05:00-05:00,56.36,56.4,56.35,56.37,6063.0,56.374,45
2024-01-24 15:10:00-05:00,56.36,56.36,56.17,56.18,7278.0,56.263,54
2024-01-24 15:15:00-05:00,56.16,56.18,56.12,56.12,3351.0,56.155,28
2024-01-24 15:20:00-05:00,56.11,56.12,56.02,56.06,8841.0,56.052,47
2024-01-24 15:25:00-05:00,56.05,56.06,56.01,56.05,6313.0,56.037,47
2024-01-24 15:30:00-05:00,56.04,56.05,55.93,55.94,14076.0,55.97,89
2024-01-24 15:35:00-05:00,55.95,55.96,55.85,55.85,19565.0,55.892,140
2024-01-24 15:40:00-05:00,55.84,55.95,55.82,55.88,19152.0,55.867,135
2024-01-24 15:45:00-05:00,55.88,55.92,55.81,55.84,14778.0,55.858,112
2024-01-24 15:50:00-05:00,55.84,55.91,55.82,55.9,55471.0,55.873,392
2024-01-24 15:55:00-05:00,55.91,55.95,55.86,55.87,78400.0,55.895,453
2024-01-25 09:30:00-05:00,56.58,56.7,56.4,56.61,28691.0,56.577,40
2024-01-25 09:35:00-05:00,56.61,56.61,56.28,56.41,12387.0,56.435,58
2024-01-25 09:40:00-05:00,56.38,56.51,56.32,56.44,6034.0,56.404,38
2024-01-25 09:45:00-05:00,56.45,56.48,56.21,56.21,7858.0,56.32,56
2024-01-25 09:50:00-05:00,56.18,56.4,56.18,56.25,13242.0,56.295,104
2024-01-25 09:55:00-05:00,56.26,56.29,56.14,56.19,10396.0,56.219,67
2024-01-25 10:00:00-05:00,56.2,56.22,56.11,56.19,9586.0,56.162,78
2024-01-25 10:05:00-05:00,56.28,56.45,56.23,56.44,5941.0,56.336,51
2024-01-25 10:10:00-05:00,56.46,56.5,56.19,56.2,21872.0,56.402,127
2024-01-25 10:15:00-05:00,56.2,56.31,56.17,56.2,7733.0,56.215,59
2024-01-25 10:20:00-05:00,56.23,56.23,56.07,56.13,10167.0,56.135,85
2024-01-25 10:25:00-05:00,56.13,56.25,56.07,56.09,6514.0,56.138,57
2024-01-25 10:30:00-05:00,56.09,56.15,56.06,56.06,6647.0,56.081,55
2024-01-25 10:35:00-05:00,56.05,56.05,55.95,55.98,22400.0,55.987,114
2024-01-25 10:40:00-05:00,55.98,55.98,55.86,55.89,16174.0,55.947,61
2024-01-25 10:45:00-05:00,55.89,55.95,55.86,55.9,5025.0,55.904,40
2024-01-25 10:50:00-05:00,55.9,55.99,55.87,55.98,15605.0,55.919,112
2024-01-25 10:55:00-05:00,55.97,55.97,55.92,55.97,6800.0,55.95,56
2024-01-25 11:00:00-05:00,56.0,56.07,56.0,56.07,6915.0,56.042,60
2024-01-25 11:05:00-05:00,56.08,56.2,56.08,56.14,4606.0,56.141,32
2024-01-25 11:10:00-05:00,56.16,56.25,56.16,56.23,5216.0,56.211,44
2024-01-25 11:15:00-05:00,56.24,56.27,56.2,56.25,6282.0,56.24,52
2024-01-25 11:20:00-05:00,56.25,56.26,56.18,56.26,5813.0,56.223,52
2024-01-25 11:25:00-05:00,56.25,56.35,56.24,56.33,16207.0,56.303,83
2024-01-25 11:30:00-05:00,56.3,56.35,56.3,56.33,16571.0,56.326,83
2024-01-25 11:35:00-05:00,56.33,56.35,56.26,56.28,8785.0,56.315,66
2024-01-25 11:40:00-05:00,56.28,56.28,56.16,56.16,4897.0,56.21,39
2024-01-25 11:45:00-05:00,56.13,56.3,56.13,56.3,4734.0,56.216,43
2024-01-25 11:50:00-05:00,56.3,56.31,56.19,56.22,7761.0,56.262,43
2024-01-25 11:55:00-05:00,56.22,56.28,56.2,56.22,5598.0,56.241,50
2024-01-25 12:00:00-05:00,56.23,56.26,56.2,56.23,6347.0,56.226,49
2024-01-25 12:05:00-05:00,56.23,56.23,56.17,56.21,10926.0,56.199,91
2024-01-25 12:10:00-05:00,56.22,56.23,56.17,56.2,7257.0,56.195,61
2024-01-25 12:15:00-05:00,56.21,56.33,56.21,56.31,4434.0,56.304,42
2024-01-25 12:20:00-05:00,56.32,56.39,56.3,56.34,21622.0,56.346,91
2024-01-25 12:25:00-05:00,56.34,56.36,56.31,56.35,29250.0,56.347,163
2024-01-25 12:30:00-05:00,56.35,56.35,56.19,56.21,15724.0,56.297,127
2024-01-25 12:35:00-05:00,56.2,56.25,56.19,56.2,10990.0,56.238,20
2024-01-25 12:40:00-05:00,56.21,56.26,56.18,56.26,5670.0,56.22,47
2024-01-25 12:45:00-05:00,56.26,56.28,56.2,56.23,6354.0,56.237,60
2024-01-25 12:50:00-05:00,56.23,56.24,56.19,56.2,5404.0,56.215,46
2024-01-25 12:55:00-05:00,56.21,56.28,56.21,56.28,4973.0,56.256,39
2024-01-25 13:00:00-05:00,56.34,56.48,56.33,56.46,20719.0,56.371,101
2024-01-25 13:05:00-05:00,56.46,56.52,56.45,56.49,6204.0,56.483,52
2024-01-25 13:10:00-05:00,56.48,56.49,56.44,56.48,3841.0,56.462,34
2024-01-25 13:15:00-05:00,56.47,56.48,56.43,56.44,11277.0,56.454,99
2024-01-25 13:20:00-05:00,56.47,56.54,56.47,56.5,6052.0,56.503,50
2024-01-25 13:25:00-05:00,56.5,56.51,56.45,56.49,7656.0,56.487,64
2024-01-25 13:30:00-05:00,56.49,56.57,56.47,56.55,13553.0,56.536,106
2024-01-25 13:35:00-05:00,56.55,56.6,56.53,56.58,9527.0,56.569,74
2024-01-25 13:40:00-05:00,56.6,56.62,56.55,56.56,9182.0,56.586,73
2024-01-25 13:45:00-05:00,56.55,56.64,56.55,56.64,4808.0,56.582,35
2024-01-25 13:50:00-05:00,56.63,56.63,56.58,56.6,6693.0,56.601,55
2024-01-25 13:55:00-05:00,56.6,56.6,56.48,56.56,39443.0,56.522,228
2024-01-25 14:00:00-05:00,56.57,56.57,56.48,56.54,35391.0,56.528,144
2024-01-25 14:05:00-05:00,56.56,56.67,56.54,56.67,6077.0,56.595,50
2024-01-25 14:10:00-05:00,56.67,56.73,56.65,56.7,5084.0,56.688,46
2024-01-25 14:15:00-05:00,56.72,56.77,56.7,56.74,4087.0,56.729,34
2024-01-25 14:20:00-05:00,56.74,56.82,56.73,56.75,21499.0,56.77,127
2024-01-25 14:25:00-05:00,56.77,56.77,56.62,56.62,27097.0,56.674,160
2024-01-25 14:30:00-05:00,56.62,56.64,56.6,56.61,4922.0,56.616,43
2024-01-25 14:35:00-05:00,56.61,56.62,56.54,56.57,5823.0,56.58,50
2024-01-25 14:40:00-05:00,56.56,56.57,56.49,56.5,4253.0,56.539,35
2024-01-25 14:45:00-05:00,56.49,56.5,56.42,56.48,22414.0,56.473,127
2024-01-25 14:50:00-05:00,56.48,56.57,56.47,56.57,20866.0,56.505,101
2024-01-25 14:55:00-05:00,56.57,56.6,56.52,56.59,7312.0,56.565,59
2024-01-25 15:00:00-05:00,56.58,56.59,56.52,56.55,10167.0,56.556,72
2024-01-25 15:05:00-05:00,56.55,56.61,56.53,56.61,10875.0,56.56,90
2024-01-25 15:10:00-05:00,56.6,56.65,56.59,56.63,13595.0,56.617,113
2024-01-25 15:15:00-05:00,56.64,56.65,56.57,56.65,10671.0,56.609,83
2024-01-25 15:20:00-05:00,56.66,56.68,56.64,56.66,14821.0,56.659,132
2024-01-25 15:25:00-05:00,56.66,56.68,56.64,56.65,11028.0,56.663,88
2024-01-25 15:30:00-05:00,56.66,56.72,56.62,56.69,16022.0,56.656,110
2024-01-25 15:35:00-05:00,56.69,56.71,56.64,56.69,8884.0,56.676,74
2024-01-25 15:40:00-05:00,56.69,56.72,56.67,56.71,19823.0,56.699,138
2024-01-25 15:45:00-05:00,56.71,56.78,56.68,56.71,26388.0,56.725,169
2024-01-25 15:50:00-05:00,56.7,56.72,56.61,56.67,60804.0,56.663,403
2024-01-25 15:55:00-05:00,56.66,56.89,56.66,56.87,184908.0,56.776,1015
2024-01-26 09:30:00-05:00,57.18,57.29,57.08,57.18,26990.0,57.18,99
2024-01-26 09:35:00-05:00,57.38,57.69,57.38,57.69,10449.0,57.535,52
2024-01-26 09:40:00-05:00,57.65,57.68,57.37,57.39,4304.0,57.535,32
2024-01-26 09:45:00-05:00,57.35,57.44,57.35,57.37,6176.0,57.382,52
2024-01-26 09:50:00-05:00,57.41,57.59,57.41,57.55,6603.0,57.517,59
2024-01-26 09:55:00-05:00,57.52,57.55,57.34,57.38,12262.0,57.442,76
2024-01-26 10:00:00-05:00,57.34,57.51,57.32,57.5,9474.0,57.421,77
2024-01-26 10:05:00-05:00,57.5,57.5,57.28,57.4,9664.0,57.359,77
2024-01-26 10:10:00-05:00,57.4,57.57,57.4,57.43,13580.0,57.498,104
2024-01-26 10:15:00-05:00,57.42,57.47,57.36,57.44,11548.0,57.397,86
2024-01-26 10:20:00-05:00,57.48,57.48,57.34,57.42,6825.0,57.421,61
2024-01-26 10:25:00-05:00,57.42,57.45,57.34,57.34,3952.0,57.379,32
2024-01-26 10:30:00-05:00,57.34,57.4,57.31,57.32,8396.0,57.353,66
2024-01-26 10:35:00-05:00,57.32,57.43,57.29,57.42,7567.0,57.378,70
2024-01-26 10:40:00-05:00,57.41,57.44,57.4,57.43,5100.0,57.419,36
2024-01-26 10:45:00-05:00,57.44,57.5,57.44,57.47,4867.0,57.467,41
2024-01-26 10:50:00-05:00,57.46,57.5,57.39,57.39,6633.0,57.47,60
2024-01-26 10:55:00-05:00,57.4,57.42,57.35,57.42,6274.0,57.386,49
2024-01-26 11:00:00-05:00,57.42,57.42,57.36,57.38,4217.0,57.39,38
2024-01-26 11:05:00-05:00,57.38,57.43,57.35,57.38,6701.0,57.38,55
2024-01-26 11:10:00-05:00,57.39,57.44,57.39,57.41,3413.0,57.42,32
2024-01-26 11:15:00-05:00,57.41,57.41,57.34,57.39,5351.0,57.369,48
2024-01-26 11:20:00-05:00,57.37,57.47,57.37,57.43,12511.0,57.416,85
2024-01-26 11:25:00-05:00,57.44,57.49,57.38,57.44,9657.0,57.441,80
2024-01-26 11:30:00-05:00,57.43,57.55,57.43,57.52,5034.0,57.487,43
2024-01-26 11:35:00-05:00,57.51,57.61,57.51,57.58,3891.0,57.559,34
2024-01-26 11:40:00-05:00,57.58,57.66,57.58,57.66,2983.0,57.626,24
2024-01-26 11:45:00-05:00,57.66,57.79,57.64,57.75,18796.0,57.708,122
2024-01-26 11:50:00-05:00,57.75,57.75,57.69,57.71,8765.0,57.712,76
2024-01-26 11:55:00-05:00,57.71,57.72,57.68,57.7,14882.0,57.705,103
2024-01-26 12:00:00-05:00,57.69,57.7,57.65,57.65,8656.0,57.667,55
2024-01-26 12:05:00-05:00,57.65,57.69,57.59,57.59,6249.0,57.65,55
2024-01-26 12:10:00-05:00,57.59,57.63,57.58,57.62,2407.0,57.605,20
2024-01-26 12:15:00-05:00,57.63,57.68,57.62,57.66,3209.0,57.656,30
2024-01-26 12:20:00-05:00,57.67,57.67,57.64,57.66,3984.0,57.656,37
2024-01-26 12:25:00-05:00,57.67,57.7,57.67,57.68,4076.0,57.677,40
2024-01-26 12:30:00-05:00,57.68,57.68,57.62,57.63,9832.0,57.653,76
2024-01-26 12:35:00-05:00,57.62,57.62,57.53,57.55,8150.0,57.587,70
2024-01-26 12:40:00-05:00,57.56,57.58,57.47,57.51,5039.0,57.527,46
2024-01-26 12:45:00-05:00,57.51,57.56,57.49,57.49,6773.0,57.531,54
2024-01-26 12:50:00-05:00,57.5,57.55,57.49,57.5,3269.0,57.517,24
2024-01-26 12:55:00-05:00,57.5,57.53,57.49,57.49,4355.0,57.505,36
2024-01-26 13:00:00-05:00,57.49,57.49,57.44,57.47,4255.0,57.471,31
2024-01-26 13:05:00-05:00,57.46,57.47,57.44,57.46,7852.0,57.455,54
2024-01-26 13:10:00-05:00,57.46,57.5,57.46,57.49,3579.0,57.478,33
2024-01-26 13:15:00-05:00,57.48,57.48,57.45,57.46,7093.0,57.464,36
2024-01-26 13:20:00-05:00,57.45,57.46,57.42,57.44,15899.0,57.446,113
2024-01-26 13:25:00-05:00,57.42,57.47,57.4,57.42,11472.0,57.433,79
2024-01-26 13:30:00-05:00,57.43,57.44,57.34,57.4,8188.0,57.387,68
2024-01-26 13:35:00-05:00,57.4,57.41,57.37,57.41,10993.0,57.395,89
2024-01-26 13:40:00-05:00,57.39,57.39,57.29,57.34,11622.0,57.337,93
2024-01-26 13:45:00-05:00,57.34,57.35,57.29,57.34,7885.0,57.316,70
2024-01-26 13:50:00-05:00,57.34,57.36,57.27,57.28,14585.0,57.311,110
2024-01-26 13:55:00-05:00,57.25,57.3,57.22,57.22,5730.0,57.267,50
2024-01-26 14:00:00-05:00,57.21,57.24,57.2,57.23,10095.0,57.222,30
2024-01-26 14:05:00-05:00,57.22,57.29,57.2,57.21,19162.0,57.25,90
2024-01-26 14:10:00-05:00,57.21,57.28,57.19,57.28,5866.0,57.222,49
2024-01-26 14:15:00-05:00,57.28,57.3,57.25,57.26,10306.0,57.275,82
2024-01-26 14:20:00-05:00,57.26,57.29,57.22,57.25,7389.0,57.252,65
2024-01-26 14:25:00-05:00,57.24,57.3,57.24,57.3,6853.0,57.281,57
2024-01-26 14:30:00-05:00,57.29,57.3,57.22,57.22,10544.0,57.272,77
2024-01-26 14:35:00-05:00,57.22,57.26,57.22,57.25,2964.0,57.237,25
2024-01-26 14:40:00-05:00,57.27,57.29,57.25,57.27,5390.0,57.27,37
2024-01-26 14:45:00-05:00,57.28,57.29,57.27,57.28,2398.0,57.28,20
2024-01-26 14:50:00-05:00,57.29,57.3,57.25,57.25,16401.0,57.285,99
2024-01-26 14:55:00-05:00,57.25,57.27,57.21,57.27,5478.0,57.234,45
2024-01-26 15:00:00-05:00,57.27,57.27,57.22,57.25,9107.0,57.245,76
2024-01-26 15:05:00-05:00,57.24,57.25,57.2,57.21,10572.0,57.227,74
2024-01-26 15:10:00-05:00,57.21,57.25,57.2,57.25,7991.0,57.221,57
2024-01-26 15:15:00-05:00,57.25,57.28,57.24,57.24,6159.0,57.261,49
2024-01-26 15:20:00-05:00,57.24,57.24,57.19,57.22,9278.0,57.216,80
2024-01-26 15:25:00-05:00,57.22,57.22,57.13,57.14,12264.0,57.176,102
2024-01-26 15:30:00-05:00,57.14,57.16,57.06,57.07,19199.0,57.1,137
2024-01-26 15:35:00-05:00,57.07,57.11,57.06,57.11,13107.0,57.096,105
2024-01-26 15:40:00-05:00,57.11,57.17,57.07,57.15,20498.0,57.124,154
2024-01-26 15:45:00-05:00,57.16,57.23,57.12,57.23,26333.0,57.155,183
2024-01-26 15:50:00-05:00,57.24,57.24,57.15,57.18,50405.0,57.183,321
2024-01-26 15:55:00-05:00,57.18,57.28,57.17,57.24,194344.0,57.234,835
2024-01-29 09:30:00-05:00,56.95,57.0,56.69,56.69,24084.0,56.946,9
2024-01-29 09:35:00-05:00,56.81,56.87,56.57,56.69,6601.0,56.717,52
2024-01-29 09:40:00-05:00,56.66,56.77,56.57,56.76,4870.0,56.636,24
2024-01-29 09:45:00-05:00,56.75,56.79,56.68,56.76,6221.0,56.733,40
2024-01-29 09:50:00-05:00,56.76,56.88,56.76,56.88,3073.0,56.828,20
2024-01-29 09:55:00-05:00,56.89,56.89,56.81,56.85,2079.0,56.854,17
2024-01-29 10:00:00-05:00,56.87,56.9,56.75,56.75,4285.0,56.858,37
2024-01-29 10:05:00-05:00,56.77,56.88,56.77,56.85,3033.0,56.833,16
2024-01-29 10:10:00-05:00,56.83,56.9,56.8,56.86,3473.0,56.846,30
2024-01-29 10:15:00-05:00,56.85,56.92,56.83,56.91,2656.0,56.868,24
2024-01-29 10:20:00-05:00,56.92,56.95,56.77,56.78,5179.0,56.901,30
2024-01-29 10:25:00-05:00,56.78,56.78,56.55,56.55,2885.0,56.666,25
2024-01-29 10:30:00-05:00,56.58,56.6,56.54,56.6,2731.0,56.566,25
2024-01-29 10:35:00-05:00,56.6,56.74,56.6,56.72,2898.0,56.683,25
2024-01-29 10:40:00-05:00,56.73,56.75,56.66,56.66,4379.0,56.706,35
2024-01-29 10:45:00-05:00,56.7,56.76,56.7,56.75,2765.0,56.72,21
2024-01-29 10:50:00-05:00,56.73,56.73,56.68,56.71,3573.0,56.708,29
2024-01-29 10:55:00-05:00,56.69,56.72,56.67,56.71,2304.0,56.686,14
2024-01-29 11:00:00-05:00,56.69,56.69,56.67,56.68,1853.0,56.682,17
2024-01-29 11:05:00-05:00,56.68,56.73,56.68,56.72,2550.0,56.706,19
2024-01-29 11:10:00-05:00,56.73,56.78,56.73,56.73,3047.0,56.753,26
2024-01-29 11:15:00-05:00,56.74,56.78,56.72,56.75,2158.0,56.755,19
2024-01-29 11:20:00-05:00,56.77,56.77,56.71,56.71,3639.0,56.739,27
2024-01-29 11:25:00-05:00,56.7,56.73,56.67,56.67,2806.0,56.7,18
2024-01-29 11:30:00-05:00,56.63,56.67,56.63,56.67,1631.0,56.657,14
2024-01-29 11:35:00-05:00,56.64,56.68,56.63,56.66,7343.0,56.653,43
2024-01-29 11:40:00-05:00,56.68,56.73,56.68,56.7,19843.0,56.692,23
2024-01-29 11:45:00-05:00,56.7,56.75,56.7,56.74,2261.0,56.734,22
2024-01-29 11:50:00-05:00,56.76,56.78,56.72,56.77,3489.0,56.749,30
2024-01-29 11:55:00-05:00,56.77,56.78,56.72,56.78,5003.0,56.749,41
2024-01-29 12:00:00-05:00,56.77,56.77,56.67,56.67,3458.0,56.714,29
2024-01-29 12:05:00-05:00,56.66,56.68,56.66,56.67,3211.0,56.666,20
2024-01-29 12:10:00-05:00,56.67,56.68,56.64,56.64,3222.0,56.658,27
2024-01-29 12:15:00-05:00,56.63,56.65,56.61,56.64,1547.0,56.635,15
2024-01-29 12:20:00-05:00,56.64,56.69,56.61,56.68,2658.0,56.656,25
2024-01-29 12:25:00-05:00,56.69,56.69,56.64,56.66,3214.0,56.664,27
2024-01-29 12:30:00-05:00,56.68,56.7,56.66,56.69,2886.0,56.682,21
2024-01-29 12:35:00-05:00,56.68,56.75,56.68,56.75,3272.0,56.713,28
2024-01-29 12:40:00-05:00,56.75,56.75,56.71,56.72,3334.0,56.729,26
2024-01-29 12:45:00-05:00,56.72,56.74,56.66,56.69,4100.0,56.687,32
2024-01-29 12:50:00-05:00,56.7,56.71,56.6,56.63,2767.0,56.64,25
2024-01-29 12:55:00-05:00,56.63,56.65,56.62,56.63,3384.0,56.642,31
2024-01-29 13:00:00-05:00,56.64,56.64,56.56,56.6,4003.0,56.598,38
2024-01-29 13:05:00-05:00,56.6,56.64,56.56,56.57,3131.0,56.613,25
2024-01-29 13:10:00-05:00,56.57,56.57,56.52,56.52,2993.0,56.539,23
2024-01-29 13:15:00-05:00,56.53,56.53,56.5,56.51,3209.0,56.514,31
2024-01-29 13:20:00-05:00,56.51,56.57,56.51,56.56,3164.0,56.542,28
2024-01-29 13:25:00-05:00,56.57,56.58,56.53,56.53,3562.0,56.55,25
2024-01-29 13:30:00-05:00,56.54,56.54,56.44,56.46,4545.0,56.491,43
2024-01-29 13:35:00-05:00,56.44,56.46,56.43,56.43,4803.0,56.442,32
2024-01-29 13:40:00-05:00,56.42,56.43,56.39,56.39,3240.0,56.408,29
2024-01-29 13:45:00-05:00,56.38,56.38,56.34,56.35,3232.0,56.363,29
2024-01-29 13:50:00-05:00,56.37,56.37,56.3,56.34,2913.0,56.338,26
2024-01-29 13:55:00-05:00,56.34,56.36,56.34,56.36,4420.0,56.349,22
2024-01-29 14:00:00-05:00,56.36,56.41,56.36,56.4,2288.0,56.385,17
2024-01-29 14:05:00-05:00,56.38,56.38,56.34,56.38,5611.0,56.356,31
2024-01-29 14:10:00-05:00,56.38,56.44,56.38,56.41,4673.0,56.417,40
2024-01-29 14:15:00-05:00,56.42,56.44,56.38,56.38,2492.0,56.419,22
2024-01-29 14:20:00-05:00,56.36,56.4,56.35,56.38,4534.0,56.374,40
2024-01-29 14:25:00-05:00,56.39,56.42,56.36,56.42,3814.0,56.378,30
2024-01-29 14:30:00-05:00,56.42,56.44,56.4,56.44,1920.0,56.409,17
2024-01-29 14:35:00-05:00,56.44,56.46,56.41,56.41,4284.0,56.43,28
2024-01-29 14:40:00-05:00,56.42,56.49,56.41,56.49,7831.0,56.467,47
2024-01-29 14:45:00-05:00,56.48,56.5,56.45,56.47,5553.0,56.482,43
2024-01-29 14:50:00-05:00,56.47,56.47,56.43,56.43,2845.0,56.454,27
2024-01-29 14:55:00-05:00,56.44,56.45,56.42,56.43,4996.0,56.434,39
2024-01-29 15:00:00-05:00,56.44,56.63,56.44,56.59,17245.0,56.523,94
2024-01-29 15:05:00-05:00,56.61,56.65,56.59,56.61,9481.0,56.621,72
2024-01-29 15:10:00-05:00,56.62,56.68,56.61,56.67,2902.0,56.649,20
2024-01-29 15:15:00-05:00,56.66,56.72,56.66,56.72,9494.0,56.695,78
2024-01-29 15:20:00-05:00,56.72,56.75,56.7,56.74,10820.0,56.716,97
2024-01-29 15:25:00-05:00,56.74,56.81,56.73,56.76,12596.0,56.755,107
2024-01-29 15:30:00-05:00,56.77,56.81,56.74,56.8,6853.0,56.783,56
2024-01-29 15:35:00-05:00,56.81,56.83,56.78,56.8,8870.0,56.809,61
2024-01-29 15:40:00-05:00,56.79,56.79,56.7,56.75,15973.0,56.745,111
2024-01-29 15:45:00-05:00,56.74,56.74,56.66,56.69,19717.0,56.699,116
2024-01-29 15:50:00-05:00,56.68,56.81,56.68,56.8,25867.0,56.76,167
2024-01-29 15:55:00-05:00,56.81,57.02,56.8,57.01,86746.0,56.947,420
2024-01-30 09:30:00-05:00,56.56,56.97,56.5,56.68,28069.0,56.569,46
2024-01-30 09:35:00-05:00,56.65,56.73,56.27,56.31,7740.0,56.424,63
2024-01-30 09:40:00-05:00,56.25,56.56,56.2,56.52,7295.0,56.377,41
2024-01-30 09:45:00-05:00,56.52,56.72,56.4,56.68,7539.0,56.601,57
2024-01-30 09:50:00-05:00,56.65,56.82,56.65,56.82,5638.0,56.725,48
2024-01-30 09:55:00-05:00,56.79,56.79,56.73,56.78,2618.0,56.764,23
2024-01-30 10:00:00-05:00,56.78,56.78,56.44,56.49,3222.0,56.563,28
2024-01-30 10:05:00-05:00,56.46,56.56,56.46,56.56,2817.0,56.514,23
2024-01-30 10:10:00-05:00,56.62,56.62,56.51,56.52,3646.0,56.575,30
2024-01-30 10:15:00-05:00,56.5,56.61,56.49,56.52,4998.0,56.543,33
2024-01-30 10:20:00-05:00,56.52,56.59,56.45,56.56,3981.0,56.507,36
2024-01-30 10:25:00-05:00,56.58,56.58,56.51,56.52,4272.0,56.548,36
2024-01-30 10:30:00-05:00,56.51,56.51,56.43,56.48,3195.0,56.463,20
2024-01-30 10:35:00-05:00,56.48,56.55,56.48,56.53,3712.0,56.525,28
2024-01-30 10:40:00-05:00,56.49,56.52,56.47,56.51,4151.0,56.494,21
2024-01-30 10:45:00-05:00,56.53,56.58,56.51,56.57,1950.0,56.542,19
2024-01-30 10:50:00-05:00,56.57,56.59,56.51,56.55,4219.0,56.553,31
2024-01-30 10:55:00-05:00,56.54,56.56,56.52,56.54,2864.0,56.543,26
2024-01-30 11:00:00-05:00,56.52,56.52,56.47,56.48,5309.0,56.498,42
2024-01-30 11:05:00-05:00,56.48,56.5,56.45,56.5,2144.0,56.477,18
2024-01-30 11:10:00-05:00,56.5,56.51,56.42,56.43,1655.0,56.471,15
2024-01-30 11:15:00-05:00,56.44,56.53,56.44,56.51,4666.0,56.5,36
2024-01-30 11:20:00-05:00,56.5,56.55,56.47,56.51,3168.0,56.521,26
2024-01-30 11:25:00-05:00,56.51,56.57,56.49,56.57,3323.0,56.533,28
2024-01-30 11:30:00-05:00,56.57,56.57,56.53,56.55,2789.0,56.549,19
2024-01-30 11:35:00-05:00,56.54,56.62,56.53,56.62,6799.0,56.587,45
2024-01-30 11:40:00-05:00,56.61,56.64,56.59,56.62,6862.0,56.611,62
2024-01-30 11:45:00-05:00,56.64,56.65,56.61,56.64,4627.0,56.635,38
2024-01-30 11:50:00-05:00,56.64,56.68,56.64,56.67,5411.0,56.652,46
2024-01-30 11:55:00-05:00,56.68,56.74,56.68,56.72,3594.0,56.713,23
2024-01-30 12:00:00-05:00,56.71,56.73,56.68,56.73,7164.0,56.711,52
2024-01-30 12:05:00-05:00,56.73,56.75,56.71,56.75,4005.0,56.727,38
2024-01-30 12:10:00-05:00,56.74,56.78,56.71,56.77,6590.0,56.728,36
2024-01-30 12:15:00-05:00,56.77,56.84,56.77,56.84,2886.0,56.795,25
2024-01-30 12:20:00-05:00,56.84,56.94,56.84,56.91,28623.0,56.895,211
2024-01-30 12:25:00-05:00,56.91,56.93,56.86,56.88,6507.0,56.901,40
2024-01-30 12:30:00-05:00,56.88,56.9,56.81,56.84,3760.0,56.844,30
2024-01-30 12:35:00-05:00,56.84,56.89,56.8,56.8,2795.0,56.856,23
2024-01-30 12:40:00-05:00,56.81,56.81,56.75,56.77,2494.0,56.784,21
2024-01-30 12:45:00-05:00,56.77,56.82,56.77,56.79,4428.0,56.799,41
2024-01-30 12:50:00-05:00,56.79,56.84,56.77,56.82,4575.0,56.805,33
2024-01-30 12:55:00-05:00,56.83,56.84,56.75,56.76,4969.0,56.784,23
2024-01-30 13:00:00-05:00,56.76,56.81,56.73,56.8,5242.0,56.765,42
2024-01-30 13:05:00-05:00,56.79,56.83,56.79,56.81,2487.0,56.809,20
2024-01-30 13:10:00-05:00,56.79,56.81,56.78,56.81,2530.0,56.792,21
2024-01-30 13:15:00-05:00,56.8,56.84,56.76,56.77,5005.0,56.805,44
2024-01-30 13:20:00-05:00,56.76,56.8,56.75,56.79,4205.0,56.779,35
2024-01-30 13:25:00-05:00,56.8,56.85,56.8,56.83,2833.0,56.826,24
2024-01-30 13:30:00-05:00,56.83,56.86,56.82,56.84,3742.0,56.841,30
2024-01-30 13:35:00-05:00,56.85,56.87,56.81,56.86,7351.0,56.84,45
2024-01-30 13:40:00-05:00,56.86,56.9,56.86,56.88,4802.0,56.882,39
2024-01-30 13:45:00-05:00,56.89,56.9,56.87,56.87,11894.0,56.878,46
2024-01-30 13:50:00-05:00,56.87,56.93,56.87,56.92,3447.0,56.904,28
2024-01-30 13:55:00-05:00,56.93,56.94,56.9,56.91,5790.0,56.917,40
2024-01-30 14:00:00-05:00,56.92,56.97,56.91,56.94,5925.0,56.946,41
2024-01-30 14:05:00-05:00,56.94,57.02,56.94,57.02,5529.0,56.978,42
2024-01-30 14:10:00-05:00,57.03,57.09,57.01,57.08,5619.0,57.046,39
2024-01-30 14:15:00-05:00,57.07,57.08,57.03,57.05,4425.0,57.053,33
2024-01-30 14:20:00-05:00,57.05,57.07,57.03,57.05,7505.0,57.054,55
2024-01-30 14:25:00-05:00,57.05,57.06,56.98,56.99,7877.0,57.002,66
2024-01-30 14:30:00-05:00,56.98,56.99,56.95,56.98,10064.0,56.964,72
2024-01-30 14:35:00-05:00,56.99,56.99,56.88,56.88,4608.0,56.92,41
2024-01-30 14:40:00-05:00,56.87,56.88,56.84,56.86,3303.0,56.861,27
2024-01-30 14:45:00-05:00,56.86,56.86,56.82,56.82,3495.0,56.846,33
2024-01-30 14:50:00-05:00,56.82,56.82,56.76,56.79,4891.0,56.793,41
2024-01-30 14:55:00-05:00,56.79,56.84,56.78,56.83,5183.0,56.818,47
2024-01-30 15:00:00-05:00,56.83,56.83,56.75,56.75,6238.0,56.79,58
2024-01-30 15:05:00-05:00,56.76,56.76,56.71,56.75,10847.0,56.736,43
2024-01-30 15:10:00-05:00,56.75,56.76,56.69,56.72,6170.0,56.722,50
2024-01-30 15:15:00-05:00,56.72,56.77,56.72,56.75,5553.0,56.745,44
2024-01-30 15:20:00-05:00,56.74,56.77,56.69,56.69,6811.0,56.726,53
2024-01-30 15:25:00-05:00,56.68,56.73,56.67,56.7,13107.0,56.698,101
2024-01-30 15:30:00-05:00,56.71,56.73,56.65,56.68,11866.0,56.681,101
2024-01-30 15:35:00-05:00,56.67,56.74,56.65,56.72,15049.0,56.684,90
2024-01-30 15:40:00-05:00,56.72,56.74,56.67,56.68,13823.0,56.717,94
2024-01-30 15:45:00-05:00,56.68,56.69,56.63,56.66,16259.0,56.657,132
2024-01-30 15:50:00-05:00,56.67,56.7,56.57,56.6,35827.0,56.615,278
2024-01-30 15:55:00-05:00,56.6,56.63,56.54,56.54,114887.0,56.577,568
2024-01-31 09:30:00-05:00,56.81,56.81,56.55,56.69,20024.0,56.769,41
2024-01-31 09:35:00-05:00,56.7,56.83,56.67,56.78,12222.0,56.741,88
2024-01-31 09:40:00-05:00,56.75,56.87,56.52,56.58,21047.0,56.747,143
2024-01-31 09:45:00-05:00,56.55,56.57,56.34,56.37,12956.0,56.486,90
2024-01-31 09:50:00-05:00,56.4,56.44,56.25,56.25,7504.0,56.326,41
2024-01-31 09:55:00-05:00,56.23,56.24,56.07,56.18,15782.0,56.152,107
2024-01-31 10:00:00-05:00,56.18,56.32,56.16,56.18,14886.0,56.223,117
2024-01-31 10:05:00-05:00,56.19,56.27,56.15,56.21,16634.0,56.202,108
2024-01-31 10:10:00-05:00,56.23,56.32,56.2,56.27,8319.0,56.256,67
2024-01-31 10:15:00-05:00,56.27,56.36,56.2,56.26,11106.0,56.275,80
2024-01-31 10:20:00-05:00,56.26,56.28,56.11,56.11,9261.0,56.205,78
2024-01-31 10:25:00-05:00,56.12,56.46,56.12,56.42,10828.0,56.373,81
2024-01-31 10:30:00-05:00,56.45,56.55,56.37,56.42,13483.0,56.451,90
2024-01-31 10:35:00-05:00,56.43,56.5,56.4,56.44,13299.0,56.444,102
2024-01-31 10:40:00-05:00,56.44,56.51,56.39,56.4,11921.0,56.445,92
2024-01-31 10:45:00-05:00,56.39,56.54,56.38,56.43,12327.0,56.448,84
2024-01-31 10:50:00-05:00,56.43,56.5,56.41,56.48,14418.0,56.451,83
2024-01-31 10:55:00-05:00,56.49,56.53,56.39,56.46,23100.0,56.471,93
2024-01-31 11:00:00-05:00,56.45,56.59,56.45,56.56,11653.0,56.519,50
2024-01-31 11:05:00-05:00,56.56,56.65,56.52,56.6,6012.0,56.598,50
2024-01-31 11:10:00-05:00,56.61,56.68,56.58,56.68,5660.0,56.622,44
2024-01-31 11:15:00-05:00,56.67,56.73,56.6,56.69,11434.0,56.662,84
2024-01-31 11:20:00-05:00,56.68,56.71,56.64,56.66,7770.0,56.668,62
2024-01-31 11:25:00-05:00,56.65,56.67,56.55,56.55,15871.0,56.62,97
2024-01-31 11:30:00-05:00,56.55,56.59,56.52,56.52,11465.0,56.555,84
2024-01-31 11:35:00-05:00,56.51,56.54,56.49,56.54,7646.0,56.515,58
2024-01-31 11:40:00-05:00,56.53,56.53,56.43,56.46,8456.0,56.477,65
2024-01-31 11:45:00-05:00,56.44,56.56,56.41,56.51,11879.0,56.495,94
2024-01-31 11:50:00-05:00,56.5,56.56,56.48,56.48,5825.0,56.519,51
2024-01-31 11:55:00-05:00,56.47,56.57,56.46,56.47,11638.0,56.519,88
2024-01-31 12:00:00-05:00,56.46,56.46,56.37,56.37,6396.0,56.409,38
2024-01-31 12:05:00-05:00,56.37,56.42,56.32,56.39,8252.0,56.377,67
2024-01-31 12:10:00-05:00,56.4,56.45,56.34,56.35,3551.0,56.382,30
2024-01-31 12:15:00-05:00,56.37,56.4,56.34,56.37,7477.0,56.376,52
2024-01-31 12:20:00-05:00,56.39,56.46,56.39,56.44,7633.0,56.43,45
2024-01-31 12:25:00-05:00,56.44,56.48,56.44,56.47,4921.0,56.463,40
2024-01-31 12:30:00-05:00,56.46,56.46,56.38,56.41,11236.0,56.429,74
2024-01-31 12:35:00-05:00,56.4,56.42,56.31,56.34,9570.0,56.365,75
2024-01-31 12:40:00-05:00,56.33,56.33,56.27,56.31,6032.0,56.308,54
2024-01-31 12:45:00-05:00,56.3,56.31,56.24,56.29,7715.0,56.277,61
2024-01-31 12:50:00-05:00,56.28,56.29,56.22,56.22,6285.0,56.261,48
2024-01-31 12:55:00-05:00,56.22,56.3,56.21,56.26,6793.0,56.253,58
2024-01-31 13:00:00-05:00,56.25,56.26,56.12,56.14,4625.0,56.193,44
2024-01-31 13:05:00-05:00,56.14,56.17,56.12,56.12,6040.0,56.144,48
2024-01-31 13:10:00-05:00,56.12,56.16,56.08,56.15,10839.0,56.125,83
2024-01-31 13:15:00-05:00,56.18,56.24,56.17,56.21,4623.0,56.202,40
2024-01-31 13:20:00-05:00,56.21,56.23,56.14,56.15,10312.0,56.188,78
2024-01-31 13:25:00-05:00,56.16,56.2,56.15,56.16,13302.0,56.189,55
2024-01-31 13:30:00-05:00,56.16,56.16,56.11,56.15,8969.0,56.134,60
2024-01-31 13:35:00-05:00,56.16,56.2,56.14,56.19,6085.0,56.173,46
2024-01-31 13:40:00-05:00,56.2,56.32,56.2,56.32,5835.0,56.261,48
2024-01-31 13:45:00-05:00,56.33,56.36,56.31,56.36,14082.0,56.34,107
2024-01-31 13:50:00-05:00,56.36,56.36,56.23,56.25,8875.0,56.292,80
2024-01-31 13:55:00-05:00,56.26,56.26,56.19,56.2,6904.0,56.227,52
2024-01-31 14:00:00-05:00,56.22,56.25,55.9,55.96,26627.0,56.033,159
2024-01-31 14:05:00-05:00,55.98,56.09,55.91,55.91,7723.0,56.013,60
2024-01-31 14:10:00-05:00,55.93,56.05,55.9,55.97,9204.0,55.963,77
2024-01-31 14:15:00-05:00,55.93,55.99,55.85,55.9,9967.0,55.917,82
2024-01-31 14:20:00-05:00,55.88,55.94,55.76,55.85,11002.0,55.846,95
2024-01-31 14:25:00-05:00,55.85,55.88,55.75,55.8,11889.0,55.822,99
2024-01-31 14:30:00-05:00,55.8,56.05,55.79,56.05,27523.0,55.886,123
2024-01-31 14:35:00-05:00,56.11,56.28,55.95,56.24,12176.0,56.087,86
2024-01-31 14:40:00-05:00,56.25,56.39,56.25,56.34,6941.0,56.337,49
2024-01-31 14:45:00-05:00,56.36,56.42,56.29,56.32,11721.0,56.356,86
2024-01-31 14:50:00-05:00,56.32,56.32,56.01,56.15,14198.0,56.148,102
2024-01-31 14:55:00-05:00,56.14,56.17,55.91,55.91,8756.0,56.089,65
2024-01-31 15:00:00-05:00,55.91,55.98,55.53,55.55,22797.0,55.818,171
2024-01-31 15:05:00-05:00,55.54,55.54,55.38,55.48,8836.0,55.46,74
2024-01-31 15:10:00-05:00,55.53,55.63,55.45,55.54,14106.0,55.533,110
2024-01-31 15:15:00-05:00,55.52,55.64,55.47,55.52,13411.0,55.561,97
2024-01-31 15:20:00-05:00,55.54,55.81,55.48,55.74,23255.0,55.654,194
2024-01-31 15:25:00-05:00,55.74,55.77,55.66,55.69,15830.0,55.719,123
2024-01-31 15:30:00-05:00,55.67,55.72,55.56,55.65,19108.0,55.628,149
2024-01-31 15:35:00-05:00,55.64,55.68,55.57,55.66,31303.0,55.62,213
2024-01-31 15:40:00-05:00,55.66,55.67,55.52,55.53,20958.0,55.595,160
2024-01-31 15:45:00-05:00,55.53,55.6,55.5,55.55,36425.0,55.56,280
2024-01-31 15:50:00-05:00,55.55,55.61,55.4,55.51,69257.0,55.473,479
2024-01-31 15:55:00-05:00,55.54,55.57,55.44,55.45,127279.0,55.507,692
2024-02-01 09:30:00-05:00,58.81,59.75,58.67,59.38,114350.0,59.095,324
2024-02-01 09:35:00-05:00,59.1,59.63,58.88,59.03,95008.0,59.161,592
2024-02-01 09:40:00-05:00,59.01,59.45,58.93,59.41,61714.0,59.163,372
2024-02-01 09:45:00-05:00,59.5,59.57,58.93,58.93,44049.0,59.18,362
2024-02-01 09:50:00-05:00,58.98,59.25,58.88,59.03,40175.0,59.06,276
2024-02-01 09:55:00-05:00,59.04,59.2,58.8,59.18,45538.0,59.029,333
2024-02-01 10:00:00-05:00,59.11,59.11,58.71,58.91,36378.0,58.873,259
2024-02-01 10:05:00-05:00,58.91,58.96,58.7,58.78,38135.0,58.855,204
2024-02-01 10:10:00-05:00,58.79,58.79,58.35,58.35,24190.0,58.612,165
2024-02-01 10:15:00-05:00,58.33,58.45,58.15,58.42,81576.0,58.285,337
2024-02-01 10:20:00-05:00,58.42,58.42,58.21,58.26,31433.0,58.319,220
2024-02-01 10:25:00-05:00,58.27,58.77,58.23,58.71,25450.0,58.502,188
2024-02-01 10:30:00-05:00,58.73,58.87,58.67,58.82,21040.0,58.77,145
2024-02-01 10:35:00-05:00,58.85,58.92,58.72,58.79,21519.0,58.823,142
2024-02-01 10:40:00-05:00,58.77,58.85,58.49,58.58,22532.0,58.75,167
2024-02-01 10:45:00-05:00,58.57,58.62,57.98,58.24,46563.0,58.183,264
2024-02-01 10:50:00-05:00,58.21,58.54,58.14,58.39,19996.0,58.372,174
2024-02-01 10:55:00-05:00,58.38,58.78,58.38,58.63,12418.0,58.644,105
2024-02-01 11:00:00-05:00,58.64,58.93,58.59,58.89,16282.0,58.766,132
2024-02-01 11:05:00-05:00,58.88,58.88,58.4,58.41,31541.0,58.666,226
2024-02-01 11:10:00-05:00,58.43,58.67,57.3,58.14,144505.0,58.115,955
2024-02-01 11:15:00-05:00,58.04,58.09,55.77,55.98,241540.0,56.663,1488
2024-02-01 11:20:00-05:00,55.9,56.28,54.85,56.24,190288.0,55.594,1156
2024-02-01 11:25:00-05:00,56.3,57.24,56.3,57.02,37066.0,56.774,228
2024-02-01 11:30:00-05:00,57.02,57.17,56.79,56.95,33847.0,57.016,148
2024-02-01 11:35:00-05:00,56.93,57.03,56.7,57.01,20050.0,56.931,144
2024-02-01 11:40:00-05:00,56.97,58.0,56.91,58.0,48179.0,57.426,240
2024-02-01 11:45:00-05:00,58.02,58.25,57.89,58.08,50948.0,58.035,425
2024-02-01 11:50:00-05:00,58.07,58.23,57.97,58.1,23486.0,58.093,177
2024-02-01 11:55:00-05:00,58.14,58.43,57.98,58.37,55961.0,58.158,351
2024-02-01 12:00:00-05:00,58.33,58.73,58.09,58.69,35532.0,58.348,278
2024-02-01 12:05:00-05:00,58.7,58.92,58.59,58.82,25698.0,58.754,212
2024-02-01 12:10:00-05:00,58.88,59.01,58.83,58.95,30410.0,58.908,257
2024-02-01 12:15:00-05:00,58.94,58.96,58.6,58.72,17102.0,58.764,127
2024-02-01 12:20:00-05:00,58.71,59.11,58.7,58.99,19472.0,58.896,137
2024-02-01 12:25:00-05:00,59.0,59.18,59.0,59.18,32846.0,59.079,122
2024-02-01 12:30:00-05:00,59.14,59.34,59.07,59.17,20880.0,59.182,157
2024-02-01 12:35:00-05:00,59.17,59.58,59.17,59.46,24743.0,59.367,167
2024-02-01 12:40:00-05:00,59.46,59.55,59.34,59.42,22749.0,59.451,187
2024-02-01 12:45:00-05:00,59.4,59.44,59.2,59.26,48320.0,59.239,234
2024-02-01 12:50:00-05:00,59.26,59.38,59.24,59.34,15942.0,59.296,109
2024-02-01 12:55:00-05:00,59.36,59.47,59.31,59.47,12687.0,59.386,79
2024-02-01 13:00:00-05:00,59.48,59.58,59.35,59.36,12158.0,59.473,95
2024-02-01 13:05:00-05:00,59.35,59.42,59.24,59.27,26699.0,59.276,147
2024-02-01 13:10:00-05:00,59.31,59.5,59.31,59.5,11887.0,59.425,97
2024-02-01 13:15:00-05:00,59.51,59.54,59.4,59.43,15164.0,59.488,126
2024-02-01 13:20:00-05:00,59.45,59.5,59.26,59.34,23241.0,59.386,111
2024-02-01 13:25:00-05:00,59.37,59.53,59.34,59.5,14674.0,59.434,94
2024-02-01 13:30:00-05:00,59.49,59.58,59.49,59.51,10201.0,59.537,81
2024-02-01 13:35:00-05:00,59.51,59.51,59.25,59.4,25869.0,59.373,129
2024-02-01 13:40:00-05:00,59.38,59.54,59.37,59.48,10500.0,59.489,82
2024-02-01 13:45:00-05:00,59.5,59.61,59.48,59.51,15841.0,59.537,94
2024-02-01 13:50:00-05:00,59.51,59.52,59.34,59.36,15763.0,59.412,94
2024-02-01 13:55:00-05:00,59.37,59.47,59.37,59.37,14877.0,59.431,101
2024-02-01 14:00:00-05:00,59.37,59.46,59.36,59.39,13105.0,59.423,87
2024-02-01 14:05:00-05:00,59.42,59.44,59.31,59.35,12339.0,59.373,87
2024-02-01 14:10:00-05:00,59.35,59.36,59.11,59.13,20815.0,59.253,100
2024-02-01 14:15:00-05:00,59.12,59.17,59.04,59.07,14080.0,59.114,101
2024-02-01 14:20:00-05:00,59.06,59.13,58.96,59.03,18802.0,59.039,124
2024-02-01 14:25:00-05:00,59.01,59.08,58.96,58.96,45663.0,59.005,157
2024-02-01 14:30:00-05:00,58.97,59.01,58.78,58.78,30629.0,58.928,150
2024-02-01 14:35:00-05:00,58.79,58.91,58.77,58.87,13457.0,58.839,99
2024-02-01 14:40:00-05:00,58.88,59.0,58.88,58.97,14769.0,58.965,94
2024-02-01 14:45:00-05:00,58.98,59.25,58.97,59.2,59071.0,59.058,338
2024-02-01 14:50:00-05:00,59.24,59.28,59.14,59.17,143991.0,59.245,416
2024-02-01 14:55:00-05:00,59.17,59.18,58.89,58.9,44733.0,59.036,342
2024-02-01 15:00:00-05:00,58.9,59.21,58.73,59.21,118662.0,58.903,422
2024-02-01 15:05:00-05:00,59.2,59.37,59.19,59.37,26030.0,59.294,183
2024-02-01 15:10:00-05:00,59.37,59.42,59.25,59.39,16257.0,59.35,116
2024-02-01 15:15:00-05:00,59.39,59.44,59.34,59.37,22347.0,59.384,175
2024-02-01 15:20:00-05:00,59.36,59.37,59.23,59.24,15659.0,59.304,113
2024-02-01 15:25:00-05:00,59.23,59.27,59.17,59.24,21525.0,59.227,145
2024-02-01 15:30:00-05:00,59.24,59.24,59.07,59.18,26872.0,59.139,236
2024-02-01 15:35:00-05:00,59.19,59.43,59.17,59.42,26427.0,59.281,232
2024-02-01 15:40:00-05:00,59.43,59.51,59.36,59.46,63892.0,59.435,462
2024-02-01 15:45:00-05:00,59.46,59.48,59.37,59.41,50042.0,59.438,426
2024-02-01 15:50:00-05:00,59.4,59.45,59.21,59.23,90919.0,59.299,711
2024-02-01 15:55:00-05:00,59.23,59.48,59.21,59.48,303865.0,59.333,1587
2024-02-02 09:30:00-05:00,58.81,58.81,58.16,58.17,66998.0,58.697,143
2024-02-02 09:35:00-05:00,58.19,58.34,57.27,57.8,121723.0,57.944,559
2024-02-02 09:40:00-05:00,57.75,57.8,57.05,57.5,104337.0,57.527,506
2024-02-02 09:45:00-05:00,57.5,58.3,57.5,58.26,48082.0,57.725,276
2024-02-02 09:50:00-05:00,58.23,58.86,58.12,58.84,25490.0,58.567,200
2024-02-02 09:55:00-05:00,58.86,59.01,58.6,58.7,16504.0,58.749,141
2024-02-02 10:00:00-05:00,58.5,58.5,58.15,58.45,11117.0,58.321,91
2024-02-02 10:05:00-05:00,58.39,58.41,58.15,58.37,15584.0,58.29,123
2024-02-02 10:10:00-05:00,58.37,58.37,58.05,58.1,9310.0,58.208,88
2024-02-02 10:15:00-05:00,58.08,58.34,58.07,58.24,9435.0,58.217,73
2024-02-02 10:20:00-05:00,58.23,58.47,58.11,58.36,15636.0,58.291,128
2024-02-02 10:25:00-05:00,58.39,58.42,58.19,58.31,20295.0,58.294,142
2024-02-02 10:30:00-05:00,58.28,58.33,58.17,58.24,12674.0,58.225,87
2024-02-02 10:35:00-05:00,58.18,58.25,58.13,58.23,13806.0,58.188,85
2024-02-02 10:40:00-05:00,58.23,58.54,58.23,58.53,7801.0,58.371,65
2024-02-02 10:45:00-05:00,58.53,58.64,58.51,58.53,11389.0,58.575,96
2024-02-02 10:50:00-05:00,58.5,58.57,58.41,58.51,8249.0,58.491,69
2024-02-02 10:55:00-05:00,58.51,58.87,58.5,58.82,8927.0,58.711,80
2024-02-02 11:00:00-05:00,58.83,58.85,58.68,58.7,12395.0,58.781,108
2024-02-02 11:05:00-05:00,58.68,58.79,58.68,58.73,17715.0,58.75,156
2024-02-02 11:10:00-05:00,58.74,58.75,58.61,58.62,8064.0,58.682,70
2024-02-02 11:15:00-05:00,58.62,58.74,58.62,58.69,8236.0,58.691,70
2024-02-02 11:20:00-05:00,58.67,58.72,58.59,58.7,9210.0,58.655,81
2024-02-02 11:25:00-05:00,58.7,58.87,58.69,58.85,15338.0,58.768,128
2024-02-02 11:30:00-05:00,58.85,58.96,58.82,58.95,10889.0,58.881,96
2024-02-02 11:35:00-05:00,58.94,59.1,58.88,59.09,17635.0,58.983,142
2024-02-02 11:40:00-05:00,59.09,59.09,59.0,59.06,11245.0,59.054,95
2024-02-02 11:45:00-05:00,59.07,59.14,59.03,59.1,11658.0,59.082,93
2024-02-02 11:50:00-05:00,59.09,59.09,58.98,59.0,11036.0,59.029,79
2024-02-02 11:55:00-05:00,58.99,59.07,58.76,58.76,10979.0,58.936,86
2024-02-02 12:00:00-05:00,58.76,58.96,58.76,58.96,10101.0,58.847,75
2024-02-02 12:05:00-05:00,58.97,58.98,58.86,58.92,8176.0,58.919,65
2024-02-02 12:10:00-05:00,58.9,58.97,58.88,58.97,10615.0,58.924,84
2024-02-02 12:15:00-05:00,58.97,59.06,58.88,58.96,18830.0,58.966,134
2024-02-02 12:20:00-05:00,58.95,58.95,58.81,58.88,8646.0,58.881,70
2024-02-02 12:25:00-05:00,58.87,58.92,58.77,58.9,5638.0,58.822,48
2024-02-02 12:30:00-05:00,58.9,59.05,58.84,58.87,68226.0,58.987,115
2024-02-02 12:35:00-05:00,58.87,58.96,58.87,58.92,6439.0,58.908,54
2024-02-02 12:40:00-05:00,58.92,59.01,58.7,58.75,15290.0,58.872,123
2024-02-02 12:45:00-05:00,58.74,58.83,58.68,58.69,12054.0,58.736,106
2024-02-02 12:50:00-05:00,58.69,58.86,58.65,58.86,3495.0,58.725,34
2024-02-02 12:55:00-05:00,58.86,59.08,58.85,59.06,30003.0,58.952,105
2024-02-02 13:00:00-05:00,59.08,59.14,59.04,59.09,4250.0,59.101,37
2024-02-02 13:05:00-05:00,59.1,59.22,59.08,59.08,8896.0,59.152,76
2024-02-02 13:10:00-05:00,59.09,59.19,59.09,59.15,8083.0,59.145,68
2024-02-02 13:15:00-05:00,59.16,59.25,59.12,59.22,10384.0,59.194,88
2024-02-02 13:20:00-05:00,59.21,59.29,59.2,59.26,20334.0,59.247,148
2024-02-02 13:25:00-05:00,59.25,59.27,59.1,59.1,11483.0,59.179,81
2024-02-02 13:30:00-05:00,59.09,59.13,59.01,59.03,6924.0,59.078,58
2024-02-02 13:35:00-05:00,59.05,59.1,58.93,59.03,6511.0,59.02,49
2024-02-02 13:40:00-05:00,59.03,59.08,58.99,59.08,7439.0,59.046,63
2024-02-02 13:45:00-05:00,59.09,59.17,59.02,59.17,9733.0,59.084,81
2024-02-02 13:50:00-05:00,59.18,59.24,59.12,59.21,10589.0,59.191,80
2024-02-02 13:55:00-05:00,59.21,59.25,59.14,59.25,14214.0,59.223,122
2024-02-02 14:00:00-05:00,59.23,59.31,59.18,59.2,32472.0,59.255,232
2024-02-02 14:05:00-05:00,59.17,59.33,59.15,59.33,18704.0,59.235,114
2024-02-02 14:10:00-05:00,59.33,59.52,59.33,59.5,11435.0,59.44,78
2024-02-02 14:15:00-05:00,59.48,59.56,59.47,59.56,12788.0,59.513,112
2024-02-02 14:20:00-05:00,59.59,59.59,59.43,59.49,13127.0,59.492,113
2024-02-02 14:25:00-05:00,59.48,59.57,59.43,59.55,12619.0,59.487,114
2024-02-02 14:30:00-05:00,59.55,59.62,59.55,59.6,9608.0,59.583,84
2024-02-02 14:35:00-05:00,59.62,59.76,59.58,59.73,24659.0,59.658,149
2024-02-02 14:40:00-05:00,59.77,59.85,59.73,59.78,11036.0,59.807,93
2024-02-02 14:45:00-05:00,59.77,59.79,59.71,59.74,8573.0,59.753,76
2024-02-02 14:50:00-05:00,59.75,59.76,59.66,59.71,11553.0,59.708,95
2024-02-02 14:55:00-05:00,59.7,59.75,59.69,59.72,10519.0,59.722,90
2024-02-02 15:00:00-05:00,59.72,59.73,59.65,59.71,18319.0,59.667,101
2024-02-02 15:05:00-05:00,59.71,59.74,59.67,59.73,9449.0,59.713,81
2024-02-02 15:10:00-05:00,59.72,59.85,59.71,59.77,18471.0,59.782,130
2024-02-02 15:15:00-05:00,59.76,59.83,59.75,59.77,10184.0,59.779,75
2024-02-02 15:20:00-05:00,59.76,59.8,59.66,59.66,29922.0,59.753,141
2024-02-02 15:25:00-05:00,59.66,59.83,59.62,59.82,6929.0,59.714,58
2024-02-02 15:30:00-05:00,59.83,59.83,59.61,59.63,15113.0,59.692,128
2024-02-02 15:35:00-05:00,59.63,59.65,59.58,59.59,13796.0,59.609,105
2024-02-02 15:40:00-05:00,59.58,59.58,59.49,59.49,11812.0,59.526,96
2024-02-02 15:45:00-05:00,59.48,59.51,59.42,59.48,21885.0,59.461,171
2024-02-02 15:50:00-05:00,59.48,59.59,59.42,59.56,32845.0,59.48,274
2024-02-02 15:55:00-05:00,59.57,59.59,59.43,59.44,143871.0,59.492,741
2024-02-05 09:30:00-05:00,58.31,58.71,58.31,58.54,30013.0,58.375,56
2024-02-05 09:35:00-05:00,58.57,58.65,58.36,58.42,11137.0,58.447,63
2024-02-05 09:40:00-05:00,58.36,58.45,58.1,58.31,9293.0,58.268,80
2024-02-05 09:45:00-05:00,58.21,58.6,58.21,58.6,8711.0,58.473,45
2024-02-05 09:50:00-05:00,58.62,58.63,58.35,58.55,35300.0,58.502,123
2024-02-05 09:55:00-05:00,58.53,58.53,58.34,58.47,7673.0,58.416,61
2024-02-05 10:00:00-05:00,58.42,58.42,58.25,58.27,45725.0,58.306,167
2024-02-05 10:05:00-05:00,58.27,58.32,58.1,58.11,5694.0,58.242,47
2024-02-05 10:10:00-05:00,58.11,58.11,57.86,57.96,10057.0,57.988,87
2024-02-05 10:15:00-05:00,57.98,58.07,57.9,58.05,32984.0,57.99,178
2024-02-05 10:20:00-05:00,57.99,57.99,57.86,57.88,11391.0,57.942,74
2024-02-05 10:25:00-05:00,57.88,58.16,57.83,58.16,15377.0,58.012,115
2024-02-05 10:30:00-05:00,58.16,58.2,58.1,58.16,14932.0,58.126,95
2024-02-05 10:35:00-05:00,58.16,58.18,57.99,58.06,46735.0,58.099,183
2024-02-05 10:40:00-05:00,58.05,58.08,57.92,57.99,10907.0,57.996,82
2024-02-05 10:45:00-05:00,57.97,58.02,57.86,57.91,10022.0,57.93,83
2024-02-05 10:50:00-05:00,57.9,58.0,57.88,57.97,6935.0,57.948,52
2024-02-05 10:55:00-05:00,57.93,57.99,57.9,57.99,16309.0,57.973,55
2024-02-06 09:30:00-05:00,57.8,58.38,57.17,57.39,106323.0,57.58,469
2024-02-06 09:35:00-05:00,57.39,57.79,57.24,57.79,76703.0,57.481,488
2024-02-06 09:40:00-05:00,57.94,58.27,57.85,58.12,35028.0,58.15,199
2024-02-06 09:45:00-05:00,58.12,58.18,57.9,57.99,30796.0,58.023,197
2024-02-06 09:50:00-05:00,57.97,57.97,57.58,57.65,16385.0,57.7,110
2024-02-06 09:55:00-05:00,57.69,57.8,57.6,57.71,62128.0,57.71,319
2024-02-06 10:00:00-05:00,57.78,57.78,57.59,57.65,52097.0,57.66,216
2024-02-06 10:05:00-05:00,57.65,57.74,57.47,57.53,37635.0,57.652,310
2024-02-06 10:10:00-05:00,57.5,57.53,57.17,57.2,11924.0,57.365,102
2024-02-06 10:15:00-05:00,57.25,57.38,57.14,57.38,17575.0,57.251,138
2024-02-06 10:20:00-05:00,57.36,57.45,57.28,57.34,40785.0,57.321,199
2024-02-06 10:25:00-05:00,57.33,57.34,57.28,57.32,45916.0,57.305,357
2024-02-06 10:30:00-05:00,57.34,57.36,57.24,57.25,64696.0,57.273,264
2024-02-06 10:35:00-05:00,57.25,57.29,57.01,57.24,34263.0,57.205,181
2024-02-06 10:40:00-05:00,57.22,57.25,57.11,57.18,35249.0,57.219,167
2024-02-06 10:45:00-05:00,57.18,57.25,57.09,57.22,16472.0,57.157,132
2024-02-06 10:50:00-05:00,57.21,57.31,57.2,57.26,16094.0,57.235,127
2024-02-06 10:55:00-05:00,57.26,57.26,57.1,57.12,52244.0,57.191,217
2024-02-06 11:00:00-05:00,57.11,57.28,57.11,57.26,15462.0,57.212,108
2024-02-06 11:05:00-05:00,57.24,57.24,57.2,57.21,38755.0,57.202,169
2024-02-06 11:10:00-05:00,57.2,57.3,57.2,57.2,67929.0,57.249,164
2024-02-06 11:15:00-05:00,57.2,57.24,57.02,57.06,18694.0,57.137,118
2024-02-06 11:20:00-05:00,57.08,57.22,57.0,57.21,16100.0,57.114,123
2024-02-06 11:25:00-05:00,57.2,57.24,57.12,57.23,12867.0,57.179,77
2024-02-06 11:30:00-05:00,57.23,57.24,57.16,57.2,10771.0,57.207,92
2024-02-06 11:35:00-05:00,57.22,57.22,57.04,57.05,55935.0,57.157,185
2024-02-06 11:40:00-05:00,57.03,57.1,56.69,56.69,77613.0,56.994,197
2024-02-06 11:45:00-05:00,56.68,56.71,56.59,56.64,16700.0,56.65,145
2024-02-06 11:50:00-05:00,56.64,56.8,56.62,56.63,32346.0,56.7,238
2024-02-06 11:55:00-05:00,56.67,56.85,56.61,56.82,34643.0,56.712,295
2024-02-06 12:00:00-05:00,56.84,56.93,56.78,56.81,17437.0,56.869,158
2024-02-06 12:05:00-05:00,56.81,56.93,56.71,56.91,24541.0,56.808,180
2024-02-06 12:10:00-05:00,56.88,56.94,56.83,56.93,64446.0,56.893,316
2024-02-06 12:15:00-05:00,56.94,57.01,56.9,56.98,22914.0,56.953,162
2024-02-06 12:20:00-05:00,56.97,57.02,56.93,56.97,41541.0,56.96,201
2024-02-06 12:25:00-05:00,56.98,57.04,56.95,56.95,13727.0,56.987,96
2024-02-06 12:30:00-05:00,56.95,57.05,56.95,57.04,13384.0,56.999,97
2024-02-06 12:35:00-05:00,57.03,57.03,56.98,56.98,14600.0,57.005,109
2024-02-06 12:40:00-05:00,56.98,57.03,56.95,57.02,12466.0,56.984,98
2024-02-06 12:45:00-05:00,57.02,57.05,57.0,57.01,14601.0,57.025,117
2024-02-06 12:50:00-05:00,57.0,57.11,57.0,57.07,12730.0,57.061,94
2024-02-06 12:55:00-05:00,57.07,57.2,57.01,57.2,21947.0,57.076,162
2024-02-06 13:00:00-05:00,57.2,57.3,57.19,57.23,16849.0,57.251,122
2024-02-06 13:05:00-05:00,57.24,57.32,57.23,57.32,20860.0,57.259,135
2024-02-06 13:10:00-05:00,57.31,57.36,57.16,57.3,31887.0,57.288,243
2024-02-06 13:15:00-05:00,57.29,57.32,57.25,57.26,13152.0,57.295,89
2024-02-06 13:20:00-05:00,57.26,57.27,57.14,57.19,32346.0,57.188,265
2024-02-06 13:25:00-05:00,57.18,57.26,57.07,57.19,31395.0,57.181,203
2024-02-06 13:30:00-05:00,57.2,57.36,57.2,57.36,20769.0,57.267,149
2024-02-06 13:35:00-05:00,57.34,57.4,57.33,57.37,20631.0,57.372,143
2024-02-06 13:40:00-05:00,57.36,57.48,57.35,57.45,21163.0,57.409,138
2024-02-06 13:45:00-05:00,57.45,57.51,57.44,57.5,16842.0,57.473,114
2024-02-06 13:50:00-05:00,57.51,57.57,57.42,57.45,26805.0,57.485,186
2024-02-06 13:55:00-05:00,57.46,57.56,57.43,57.48,19770.0,57.488,135
2024-02-06 14:00:00-05:00,57.47,57.49,57.35,57.39,37907.0,57.407,213
2024-02-06 14:05:00-05:00,57.39,57.4,57.31,57.37,12332.0,57.363,102
2024-02-06 14:10:00-05:00,57.38,57.5,57.37,57.48,15004.0,57.441,89
2024-02-06 14:15:00-05:00,57.48,57.62,57.48,57.57,21154.0,57.566,164
2024-02-06 14:20:00-05:00,57.56,57.66,57.53,57.61,15259.0,57.583,110
2024-02-06 14:25:00-05:00,57.61,57.65,57.54,57.56,14768.0,57.605,113
2024-02-06 14:30:00-05:00,57.55,57.63,57.51,57.63,17644.0,57.558,116
2024-02-06 14:35:00-05:00,57.63,57.63,57.51,57.55,16804.0,57.568,100
2024-02-06 14:40:00-05:00,57.56,57.58,57.5,57.53,17418.0,57.545,131
2024-02-06 14:45:00-05:00,57.53,57.8,57.53,57.78,33790.0,57.672,237
2024-02-06 14:50:00-05:00,57.8,57.91,57.73,57.87,29836.0,57.837,208
2024-02-06 14:55:00-05:00,57.86,57.87,57.73,57.75,15681.0,57.794,125
2024-02-06 15:00:00-05:00,57.76,57.76,57.65,57.69,18176.0,57.69,134
2024-02-06 15:05:00-05:00,57.68,57.69,57.59,57.61,28084.0,57.637,229
2024-02-06 15:10:00-05:00,57.61,57.62,57.47,57.48,23518.0,57.556,177
2024-02-06 15:15:00-05:00,57.48,57.54,57.39,57.46,26972.0,57.462,183
2024-02-06 15:20:00-05:00,57.44,57.47,57.38,57.42,24492.0,57.428,187
2024-02-06 15:25:00-05:00,57.41,57.5,57.38,57.38,28885.0,57.457,225
2024-02-06 15:30:00-05:00,57.39,57.39,57.29,57.35,39169.0,57.334,285
2024-02-06 15:35:00-05:00,57.34,57.34,57.24,57.28,36428.0,57.291,273
2024-02-06 15:40:00-05:00,57.28,57.45,57.21,57.33,57680.0,57.305,377
2024-02-06 15:45:00-05:00,57.31,57.38,57.24,57.3,59978.0,57.292,434
2024-02-06 15:50:00-05:00,57.29,57.3,57.18,57.27,106952.0,57.214,725
2024-02-06 15:55:00-05:00,57.28,57.32,57.17,57.24,323664.0,57.249,1628
2024-02-07 09:30:00-05:00,58.13,58.2,57.49,57.72,37413.0,57.95,121
2024-02-07 09:35:00-05:00,57.74,58.1,57.74,58.01,5461.0,57.948,47
2024-02-07 09:40:00-05:00,58.01,58.05,57.75,57.84,10757.0,57.835,79
2024-02-07 09:45:00-05:00,57.84,58.04,57.75,58.01,14429.0,57.835,83
2024-02-07 09:50:00-05:00,58.05,58.14,57.97,58.14,10749.0,58.023,80
2024-02-07 09:55:00-05:00,58.12,58.22,58.0,58.2,14623.0,58.118,108
2024-02-07 10:00:00-05:00,58.21,58.33,58.12,58.28,36781.0,58.19,181
2024-02-07 10:05:00-05:00,58.29,58.37,58.22,58.29,10844.0,58.3,75
2024-02-07 10:10:00-05:00,58.29,58.51,58.29,58.42,13193.0,58.404,97
2024-02-07 10:15:00-05:00,58.38,58.39,58.32,58.35,9402.0,58.355,66
2024-02-07 10:20:00-05:00,58.36,58.36,58.17,58.18,9235.0,58.258,65
2024-02-07 10:25:00-05:00,58.15,58.42,58.15,58.42,30578.0,58.262,154
2024-02-07 10:30:00-05:00,58.43,58.44,58.25,58.36,17335.0,58.285,80
2024-02-07 10:35:00-05:00,58.35,58.43,58.31,58.37,32179.0,58.355,114
2024-02-07 10:40:00-05:00,58.35,58.36,58.26,58.27,8482.0,58.326,49
2024-02-07 10:45:00-05:00,58.26,58.39,58.2,58.33,6791.0,58.321,40
2024-02-07 10:50:00-05:00,58.31,58.4,58.25,58.35,8228.0,58.325,62
2024-02-07 10:55:00-05:00,58.35,58.35,58.13,58.26,21111.0,58.211,165
2024-02-07 11:00:00-05:00,58.31,58.33,58.2,58.2,3406.0,58.264,31
2024-02-07 11:05:00-05:00,58.21,58.41,58.21,58.41,6727.0,58.335,55
2024-02-07 11:10:00-05:00,58.4,58.41,58.28,58.32,5657.0,58.359,50
2024-02-07 11:15:00-05:00,58.32,58.37,58.26,58.36,5260.0,58.305,40
2024-02-07 11:20:00-05:00,58.36,58.36,58.25,58.27,2479.0,58.297,20
2024-02-07 11:25:00-05:00,58.28,58.31,58.2,58.2,5297.0,58.273,44
2024-02-07 11:30:00-05:00,58.19,58.28,58.18,58.25,5362.0,58.225,43
2024-02-07 11:35:00-05:00,58.23,58.26,58.2,58.24,2024.0,58.224,17
2024-02-07 11:40:00-05:00,58.26,58.33,58.24,58.33,4511.0,58.29,36
2024-02-07 11:45:00-05:00,58.33,58.35,58.24,58.33,5847.0,58.301,51
2024-02-07 11:50:00-05:00,58.31,58.34,58.28,58.31,5247.0,58.312,45
2024-02-07 11:55:00-05:00,58.32,58.33,58.29,58.3,3367.0,58.304,31
2024-02-07 12:00:00-05:00,58.3,58.33,58.26,58.33,5538.0,58.294,43
2024-02-07 12:05:00-05:00,58.33,58.37,58.33,58.33,3906.0,58.341,34
2024-02-07 12:10:00-05:00,58.32,58.35,58.28,58.34,4154.0,58.321,40
2024-02-07 12:15:00-05:00,58.34,58.41,58.34,58.39,7349.0,58.374,53
2024-02-07 12:20:00-05:00,58.38,58.44,58.38,58.4,4865.0,58.414,43
2024-02-07 12:25:00-05:00,58.4,58.42,58.38,58.41,3258.0,58.401,27
2024-02-07 12:30:00-05:00,58.4,58.44,58.39,58.44,3377.0,58.417,29
2024-02-07 12:35:00-05:00,58.42,58.43,58.34,58.38,6680.0,58.389,55
2024-02-07 12:40:00-05:00,58.37,58.37,58.31,58.33,3735.0,58.341,35
2024-02-07 12:45:00-05:00,58.35,58.43,58.34,58.39,4488.0,58.378,37
2024-02-07 12:50:00-05:00,58.39,58.5,58.36,58.49,4469.0,58.418,38
2024-02-07 12:55:00-05:00,58.5,58.6,58.49,58.6,7900.0,58.531,65
2024-02-07 13:00:00-05:00,58.6,58.71,58.55,58.55,8077.0,58.625,72
2024-02-07 13:05:00-05:00,58.56,58.56,58.43,58.43,3328.0,58.492,22
2024-02-07 13:10:00-05:00,58.46,58.49,58.45,58.48,6864.0,58.467,41
2024-02-07 13:15:00-05:00,58.49,58.5,58.41,58.41,27688.0,58.463,109
2024-02-07 13:20:00-05:00,58.38,58.38,58.34,58.34,5990.0,58.357,45
2024-02-07 13:25:00-05:00,58.34,58.36,58.3,58.35,6931.0,58.337,46
2024-02-07 13:30:00-05:00,58.35,58.41,58.34,58.34,9527.0,58.373,64
2024-02-07 13:35:00-05:00,58.34,58.34,58.23,58.26,6789.0,58.254,49
2024-02-07 13:40:00-05:00,58.27,58.27,58.12,58.12,7150.0,58.193,54
2024-02-07 13:45:00-05:00,58.11,58.23,58.1,58.23,5217.0,58.163,36
2024-02-07 13:50:00-05:00,58.22,58.29,58.2,58.28,10436.0,58.245,65
2024-02-07 13:55:00-05:00,58.27,58.28,58.22,58.28,5692.0,58.249,47
2024-02-07 14:00:00-05:00,58.28,58.32,58.27,58.3,5742.0,58.299,47
2024-02-07 14:05:00-05:00,58.3,58.34,58.28,58.32,5827.0,58.31,46
2024-02-07 14:10:00-05:00,58.32,58.33,58.27,58.29,4471.0,58.306,37
2024-02-07 14:15:00-05:00,58.28,58.32,58.27,58.3,5246.0,58.292,46
2024-02-07 14:20:00-05:00,58.3,58.37,58.3,58.36,3035.0,58.343,18
2024-02-07 14:25:00-05:00,58.36,58.36,58.31,58.32,7689.0,58.335,61
2024-02-07 14:30:00-05:00,58.33,58.33,58.21,58.22,10058.0,58.279,73
2024-02-07 14:35:00-05:00,58.22,58.26,58.21,58.23,10795.0,58.228,97
2024-02-07 14:40:00-05:00,58.22,58.36,58.21,58.36,13603.0,58.258,100
2024-02-07 14:45:00-05:00,58.36,58.4,58.34,58.34,7421.0,58.366,40
2024-02-07 14:50:00-05:00,58.37,58.37,58.31,58.34,4773.0,58.338,29
2024-02-07 14:55:00-05:00,58.34,58.38,58.33,58.38,8712.0,58.355,51
2024-02-07 15:00:00-05:00,58.38,58.43,58.35,58.4,7700.0,58.392,47
2024-02-07 15:05:00-05:00,58.41,58.45,58.39,58.44,5048.0,58.423,40
2024-02-07 15:10:00-05:00,58.45,58.46,58.43,58.46,5929.0,58.451,52
2024-02-07 15:15:00-05:00,58.46,58.49,58.43,58.49,11127.0,58.466,84
2024-02-07 15:20:00-05:00,58.5,58.5,58.41,58.48,14523.0,58.454,114
2024-02-07 15:25:00-05:00,58.48,58.52,58.4,58.4,12291.0,58.481,92
2024-02-07 15:30:00-05:00,58.41,58.48,58.39,58.45,8253.0,58.429,67
2024-02-07 15:35:00-05:00,58.45,58.53,58.42,58.45,16816.0,58.484,126
2024-02-07 15:40:00-05:00,58.45,58.48,58.36,58.37,27508.0,58.422,156
2024-02-07 15:45:00-05:00,58.37,58.4,58.3,58.4,20489.0,58.343,157
2024-02-07 15:50:00-05:00,58.4,58.45,58.39,58.41,29721.0,58.424,226
2024-02-07 15:55:00-05:00,58.41,58.51,58.41,58.49,92673.0,58.473,556
2024-02-08 09:30:00-05:00,58.58,58.81,58.41,58.8,18869.0,58.57,46
2024-02-08 09:35:00-05:00,58.81,58.82,58.64,58.76,5441.0,58.714,51
2024-02-08 09:40:00-05:00,58.81,58.83,58.63,58.79,9213.0,58.711,65
2024-02-08 09:45:00-05:00,58.76,58.76,58.54,58.68,5185.0,58.679,44
2024-02-08 09:50:00-05:00,58.6,58.65,58.43,58.63,7030.0,58.56,42
2024-02-08 09:55:00-05:00,58.65,58.7,58.59,58.59,5773.0,58.638,49
2024-02-08 10:00:00-05:00,58.59,58.76,58.54,58.76,15641.0,58.621,94
2024-02-08 10:05:00-05:00,58.8,58.91,58.73,58.79,5906.0,58.85,38
2024-02-08 10:10:00-05:00,58.84,58.91,58.82,58.82,6406.0,58.858,50
2024-02-08 10:15:00-05:00,58.81,58.85,58.76,58.82,4493.0,58.807,41
2024-02-08 10:20:00-05:00,58.84,58.85,58.64,58.66,4838.0,58.773,40
2024-02-08 10:25:00-05:00,58.67,58.82,58.67,58.82,9105.0,58.732,76
2024-02-08 10:30:00-05:00,58.8,58.91,58.79,58.86,15315.0,58.854,127
2024-02-08 10:35:00-05:00,58.85,58.88,58.75,58.77,13244.0,58.806,101
2024-02-08 10:40:00-05:00,58.77,58.81,58.67,58.7,14701.0,58.747,127
2024-02-08 10:45:00-05:00,58.7,58.71,58.62,58.66,4661.0,58.662,43
2024-02-08 10:50:00-05:00,58.64,58.65,58.39,58.43,16883.0,58.515,139
2024-02-08 10:55:00-05:00,58.42,58.54,58.41,58.5,17353.0,58.49,104
2024-02-08 11:00:00-05:00,58.51,58.51,58.34,58.36,30346.0,58.471,231
2024-02-08 11:05:00-05:00,58.36,58.45,58.34,58.4,7027.0,58.399,63
2024-02-08 11:10:00-05:00,58.43,58.6,58.4,58.58,8336.0,58.536,75
2024-02-08 11:15:00-05:00,58.59,58.71,58.58,58.66,12803.0,58.65,106
2024-02-08 11:20:00-05:00,58.66,58.72,58.64,58.72,5842.0,58.684,46
2024-02-08 11:25:00-05:00,58.73,58.74,58.65,58.66,5558.0,58.69,50
2024-02-08 11:30:00-05:00,58.66,58.7,58.62,58.66,9073.0,58.662,84
2024-02-08 11:35:00-05:00,58.67,58.73,58.66,58.7,11203.0,58.694,78
2024-02-08 11:40:00-05:00,58.69,58.77,58.68,58.76,6604.0,58.714,47
2024-02-08 11:45:00-05:00,58.78,58.92,58.78,58.88,7497.0,58.858,57
2024-02-08 11:50:00-05:00,58.89,58.9,58.83,58.87,6772.0,58.856,51
2024-02-08 11:55:00-05:00,58.86,58.88,58.75,58.81,7386.0,58.839,66
2024-02-08 12:00:00-05:00,58.81,58.87,58.81,58.87,4748.0,58.838,37
2024-02-08 12:05:00-05:00,58.88,58.98,58.87,58.94,16064.0,58.936,98
2024-02-08 12:10:00-05:00,58.95,58.98,58.88,58.91,9142.0,58.933,72
2024-02-08 12:15:00-05:00,58.93,59.02,58.93,59.0,15229.0,58.993,69
2024-02-08 12:20:00-05:00,59.0,59.02,58.96,59.02,6945.0,58.989,40
2024-02-08 12:25:00-05:00,59.01,59.05,59.0,59.05,5590.0,59.023,44
2024-02-08 12:30:00-05:00,59.05,59.06,58.93,58.96,9997.0,59.017,79
2024-02-08 12:35:00-05:00,58.97,59.09,58.97,59.07,5966.0,59.03,50
2024-02-08 12:40:00-05:00,59.07,59.08,58.93,58.96,5624.0,59.014,43
2024-02-08 12:45:00-05:00,58.93,58.95,58.89,58.89,6040.0,58.918,44
2024-02-08 12:50:00-05:00,58.91,58.94,58.9,58.93,3556.0,58.924,29
2024-02-08 12:55:00-05:00,58.93,58.96,58.92,58.92,9085.0,58.936,73
2024-02-08 13:00:00-05:00,58.94,59.12,58.92,59.09,22810.0,58.979,108
2024-02-08 13:05:00-05:00,59.08,59.16,59.07,59.16,7266.0,59.104,54
2024-02-08 13:10:00-05:00,59.15,59.2,59.14,59.2,6098.0,59.159,54
2024-02-08 13:15:00-05:00,59.2,59.22,59.15,59.15,5963.0,59.18,48
2024-02-08 13:20:00-05:00,59.14,59.15,59.11,59.12,4543.0,59.127,36
2024-02-08 13:25:00-05:00,59.1,59.18,59.08,59.17,10058.0,59.131,80
2024-02-08 13:30:00-05:00,59.18,59.24,59.17,59.24,8540.0,59.196,61
2024-02-08 13:35:00-05:00,59.25,59.32,59.24,59.28,12232.0,59.281,93
2024-02-08 13:40:00-05:00,59.27,59.31,59.23,59.3,13416.0,59.286,91
2024-02-08 13:45:00-05:00,59.31,59.36,59.3,59.31,7112.0,59.331,58
2024-02-08 13:50:00-05:00,59.32,59.35,59.29,59.31,9689.0,59.321,72
2024-02-08 13:55:00-05:00,59.3,59.4,59.28,59.39,7871.0,59.347,62
2024-02-08 14:00:00-05:00,59.4,59.45,59.39,59.44,12595.0,59.425,98
2024-02-08 14:05:00-05:00,59.44,59.49,59.43,59.49,11391.0,59.453,78
2024-02-08 14:10:00-05:00,59.5,59.53,59.48,59.51,10228.0,59.511,76
2024-02-08 14:15:00-05:00,59.52,59.57,59.51,59.53,15368.0,59.535,108
2024-02-08 14:20:00-05:00,59.52,59.52,59.46,59.49,11162.0,59.493,87
2024-02-08 14:25:00-05:00,59.5,59.57,59.5,59.52,14467.0,59.54,115
2024-02-08 14:30:00-05:00,59.52,59.57,59.45,59.46,11679.0,59.53,90
2024-02-08 14:35:00-05:00,59.45,59.51,59.37,59.51,14898.0,59.426,96
2024-02-08 14:40:00-05:00,59.49,59.53,59.46,59.46,4151.0,59.507,37
2024-02-08 14:45:00-05:00,59.46,59.51,59.45,59.47,7955.0,59.487,60
2024-02-08 14:50:00-05:00,59.45,59.52,59.45,59.45,9623.0,59.492,70
2024-02-08 14:55:00-05:00,59.45,59.51,59.44,59.46,8691.0,59.481,67
2024-02-08 15:00:00-05:00,59.46,59.46,59.38,59.39,13002.0,59.427,107
2024-02-08 15:05:00-05:00,59.37,59.39,59.35,59.35,12447.0,59.375,92
2024-02-08 15:10:00-05:00,59.34,59.36,59.25,59.26,9949.0,59.317,68
2024-02-08 15:15:00-05:00,59.24,59.3,59.23,59.3,9514.0,59.256,78
2024-02-08 15:20:00-05:00,59.31,59.32,59.23,59.23,8021.0,59.276,68
2024-02-08 15:25:00-05:00,59.22,59.26,59.19,59.22,9823.0,59.224,78
2024-02-08 15:30:00-05:00,59.22,59.22,59.14,59.2,13947.0,59.179,111
2024-02-08 15:35:00-05:00,59.19,59.21,59.14,59.19,18331.0,59.185,132
2024-02-08 15:40:00-05:00,59.18,59.3,59.18,59.27,19913.0,59.247,162
2024-02-08 15:45:00-05:00,59.28,59.3,59.24,59.24,23057.0,59.267,180
2024-02-08 15:50:00-05:00,59.24,59.29,59.15,59.17,42770.0,59.2,351
2024-02-08 15:55:00-05:00,59.18,59.26,59.13,59.13,163689.0,59.201,979
2024-02-09 09:30:00-05:00,59.15,59.2,58.65,59.0,14891.0,59.09,36
2024-02-09 09:35:00-05:00,59.0,59.21,58.98,58.99,5014.0,59.06,45
2024-02-09 09:40:00-05:00,58.99,59.26,58.99,59.04,4621.0,59.12,42
2024-02-09 09:45:00-05:00,58.89,58.94,58.78,58.86,9997.0,58.833,55
2024-02-09 09:50:00-05:00,58.86,58.86,58.72,58.82,4248.0,58.78,41
2024-02-09 09:55:00-05:00,58.83,58.95,58.76,58.94,10915.0,58.841,105
2024-02-09 10:00:00-05:00,58.95,58.95,58.79,58.86,3686.0,58.883,34
2024-02-09 10:05:00-05:00,58.83,58.94,58.81,58.94,5704.0,58.877,53
2024-02-09 10:10:00-05:00,58.95,58.96,58.85,58.86,9493.0,58.923,83
2024-02-09 10:15:00-05:00,58.82,58.83,58.71,58.73,2078.0,58.761,19
2024-02-09 10:20:00-05:00,58.71,58.81,58.66,58.81,7579.0,58.708,61
2024-02-09 10:25:00-05:00,58.77,58.93,58.77,58.9,8529.0,58.87,72
2024-02-09 10:30:00-05:00,58.91,58.92,58.73,58.75,9297.0,58.847,57
2024-02-09 10:35:00-05:00,58.77,58.77,58.66,58.69,7016.0,58.712,63
2024-02-09 10:40:00-05:00,58.69,58.69,58.53,58.55,8079.0,58.586,71
2024-02-09 10:45:00-05:00,58.57,58.61,58.5,58.52,9646.0,58.556,76
2024-02-09 10:50:00-05:00,58.52,58.52,58.39,58.46,9815.0,58.44,87
2024-02-09 10:55:00-05:00,58.44,58.6,58.36,58.54,22730.0,58.514,177
2024-02-09 11:00:00-05:00,58.51,58.61,58.5,58.55,8123.0,58.548,71
2024-02-09 11:05:00-05:00,58.54,58.57,58.5,58.54,7853.0,58.532,68
2024-02-09 11:10:00-05:00,58.51,58.55,58.5,58.52,4790.0,58.524,42
2024-02-09 11:15:00-05:00,58.53,58.53,58.34,58.34,9111.0,58.463,76
2024-02-09 11:20:00-05:00,58.34,58.36,58.26,58.26,10946.0,58.321,90
2024-02-09 11:25:00-05:00,58.26,58.34,58.21,58.3,8722.0,58.275,75
2024-02-09 11:30:00-05:00,58.28,58.38,58.28,58.28,4661.0,58.327,40
2024-02-09 11:35:00-05:00,58.28,58.33,58.22,58.33,9572.0,58.261,74
2024-02-09 11:40:00-05:00,58.33,58.33,58.25,58.3,3997.0,58.296,30
2024-02-09 11:45:00-05:00,58.3,58.45,58.3,58.39,11510.0,58.377,65
2024-02-09 11:50:00-05:00,58.41,58.42,58.27,58.28,4742.0,58.313,39
2024-02-09 11:55:00-05:00,58.31,58.43,58.31,58.4,3246.0,58.378,27
2024-02-09 12:00:00-05:00,58.41,58.5,58.4,58.48,5392.0,58.441,47
2024-02-09 12:05:00-05:00,58.46,58.52,58.44,58.47,7084.0,58.467,65
2024-02-09 12:10:00-05:00,58.48,58.6,58.46,58.6,11965.0,58.534,69
2024-02-09 12:15:00-05:00,58.62,58.64,58.55,58.6,11328.0,58.581,106
2024-02-09 12:20:00-05:00,58.61,58.64,58.59,58.64,8100.0,58.611,53
2024-02-09 12:25:00-05:00,58.62,58.65,58.57,58.63,5380.0,58.606,44
2024-02-09 12:30:00-05:00,58.63,58.67,58.61,58.64,15858.0,58.643,66
2024-02-09 12:35:00-05:00,58.63,58.64,58.61,58.64,11328.0,58.624,80
2024-02-09 12:40:00-05:00,58.65,58.74,58.65,58.74,3670.0,58.686,34
2024-02-09 12:45:00-05:00,58.73,58.81,58.73,58.78,9084.0,58.771,65
2024-02-09 12:50:00-05:00,58.79,58.87,58.77,58.87,4829.0,58.823,39
2024-02-09 12:55:00-05:00,58.88,58.91,58.87,58.9,5364.0,58.882,45
2024-02-09 13:00:00-05:00,58.9,58.91,58.84,58.86,7137.0,58.877,63
2024-02-09 13:05:00-05:00,58.85,58.87,58.78,58.86,5150.0,58.82,48
2024-02-09 13:10:00-05:00,58.88,58.95,58.88,58.9,6699.0,58.909,63
2024-02-09 13:15:00-05:00,58.91,58.94,58.87,58.94,4770.0,58.902,41
2024-02-09 13:20:00-05:00,58.95,59.02,58.95,59.02,4028.0,58.986,37
2024-02-09 13:25:00-05:00,59.01,59.01,58.94,59.0,8770.0,58.97,77
2024-02-09 13:30:00-05:00,59.0,59.01,58.95,59.01,4722.0,58.985,44
2024-02-09 13:35:00-05:00,59.01,59.06,59.0,59.02,13566.0,59.026,68
2024-02-09 13:40:00-05:00,59.01,59.01,58.93,58.98,8379.0,58.967,72
2024-02-09 13:45:00-05:00,58.99,59.04,58.98,59.04,6887.0,59.003,51
2024-02-09 13:50:00-05:00,59.03,59.05,58.99,59.01,7492.0,59.01,59
2024-02-09 13:55:00-05:00,59.0,59.06,58.99,59.02,10007.0,59.024,84
2024-02-09 14:00:00-05:00,59.04,59.09,59.01,59.08,7222.0,59.052,66
2024-02-09 14:05:00-05:00,59.07,59.07,59.02,59.06,4623.0,59.042,40
2024-02-09 14:10:00-05:00,59.05,59.09,59.05,59.09,4033.0,59.07,36
2024-02-09 14:15:00-05:00,59.09,59.14,59.05,59.14,9815.0,59.093,76
2024-02-09 14:20:00-05:00,59.14,59.15,59.08,59.08,7743.0,59.128,68
2024-02-09 14:25:00-05:00,59.08,59.15,59.08,59.12,5873.0,59.11,44
2024-02-09 14:30:00-05:00,59.13,59.13,59.02,59.05,7313.0,59.064,65
2024-02-09 14:35:00-05:00,59.04,59.07,59.03,59.05,7472.0,59.047,64
2024-02-09 14:40:00-05:00,59.05,59.1,59.05,59.09,7102.0,59.078,58
2024-02-09 14:45:00-05:00,59.09,59.1,59.06,59.06,7752.0,59.082,69
2024-02-09 14:50:00-05:00,59.05,59.06,58.99,59.0,10119.0,59.021,88
2024-02-09 14:55:00-05:00,59.0,59.07,58.99,59.07,19626.0,59.019,116
2024-02-09 15:00:00-05:00,59.07,59.07,58.94,58.98,9374.0,58.977,84
2024-02-09 15:05:00-05:00,58.98,58.98,58.91,58.96,7023.0,58.942,47
2024-02-09 15:10:00-05:00,58.94,59.01,58.94,59.0,10968.0,58.97,97
2024-02-09 15:15:00-05:00,58.99,58.99,58.93,58.93,12319.0,58.964,108
2024-02-09 15:20:00-05:00,58.94,58.94,58.92,58.93,11145.0,58.934,86
2024-02-09 15:25:00-05:00,58.93,58.96,58.9,58.93,26856.0,58.925,193
2024-02-09 15:30:00-05:00,58.93,58.96,58.9,58.93,26383.0,58.924,185
2024-02-09 15:35:00-05:00,58.93,59.02,58.93,58.99,20460.0,58.979,152
2024-02-09 15:40:00-05:00,58.97,58.97,58.88,58.9,44994.0,58.92,253
2024-02-09 15:45:00-05:00,58.91,59.02,58.91,59.01,36650.0,58.984,283
2024-02-09 15:50:00-05:00,59.01,59.1,58.98,59.1,98953.0,59.033,544
2024-02-09 15:55:00-05:00,59.1,59.18,59.06,59.17,152902.0,59.126,1050
2024-02-12 09:30:00-05:00,59.36,59.49,59.2,59.43,19060.0,59.379,60
2024-02-12 09:35:00-05:00,59.44,59.53,59.38,59.53,7326.0,59.472,44
2024-02-12 09:40:00-05:00,59.54,59.7,59.53,59.65,2213.0,59.592,14
2024-02-12 09:45:00-05:00,59.61,59.78,59.61,59.76,5491.0,59.717,33
2024-02-12 09:50:00-05:00,59.8,59.99,59.8,59.92,3493.0,59.904,28
2024-02-12 09:55:00-05:00,59.92,59.97,59.86,59.93,7916.0,59.896,61
2024-02-12 10:00:00-05:00,59.95,59.99,59.91,59.93,6681.0,59.963,36
2024-02-12 10:05:00-05:00,59.93,60.04,59.83,60.03,35932.0,59.984,142
2024-02-12 10:10:00-05:00,60.05,60.05,59.86,59.86,6720.0,59.943,41
2024-02-12 10:15:00-05:00,59.86,60.0,59.81,59.94,9610.0,59.854,52
2024-02-12 10:20:00-05:00,59.93,59.98,59.9,59.98,8138.0,59.935,54
2024-02-12 10:25:00-05:00,59.95,59.95,59.86,59.87,3032.0,59.909,28
2024-02-12 10:30:00-05:00,59.88,60.0,59.83,59.85,5894.0,59.903,46
2024-02-12 10:35:00-05:00,59.83,59.85,59.66,59.66,18252.0,59.805,98
2024-02-12 10:40:00-05:00,59.69,59.8,59.66,59.77,11090.0,59.73,94
2024-02-12 10:45:00-05:00,59.77,59.87,59.75,59.86,8971.0,59.814,70
2024-02-12 10:50:00-05:00,59.86,59.9,59.84,59.9,5528.0,59.87,52
2024-02-12 10:55:00-05:00,59.9,59.93,59.81,59.85,5569.0,59.857,43
2024-02-12 11:00:00-05:00,59.85,60.0,59.84,60.0,11194.0,59.957,94
2024-02-12 11:05:00-05:00,59.99,60.01,59.95,59.98,15496.0,59.977,104
2024-02-12 11:10:00-05:00,60.0,60.01,59.95,59.97,16219.0,59.963,64
2024-02-12 11:15:00-05:00,59.95,60.01,59.95,59.97,21771.0,59.964,86
2024-02-12 11:20:00-05:00,59.95,60.01,59.91,59.98,6143.0,59.955,43
2024-02-12 11:25:00-05:00,59.97,60.01,59.97,59.98,3784.0,59.992,30
2024-02-12 11:30:00-05:00,59.98,60.1,59.98,60.08,4287.0,60.056,37
2024-02-12 11:35:00-05:00,60.04,60.05,60.01,60.03,3337.0,60.035,25
2024-02-12 11:40:00-05:00,60.04,60.06,60.0,60.05,4293.0,60.031,38
2024-02-12 11:45:00-05:00,60.06,60.12,60.06,60.1,8129.0,60.09,53
2024-02-12 11:50:00-05:00,60.11,60.14,60.1,60.14,3245.0,60.115,28
2024-02-12 11:55:00-05:00,60.15,60.23,60.14,60.19,7273.0,60.178,56
2024-02-12 12:00:00-05:00,60.2,60.3,60.18,60.3,4971.0,60.228,34
2024-02-12 12:05:00-05:00,60.3,60.4,60.3,60.35,4988.0,60.351,31
2024-02-12 12:10:00-05:00,60.34,60.38,60.33,60.35,4218.0,60.363,32
2024-02-12 12:15:00-05:00,60.35,60.49,60.33,60.47,8744.0,60.399,55
2024-02-12 12:20:00-05:00,60.49,60.53,60.47,60.51,9556.0,60.5,84
2024-02-12 12:25:00-05:00,60.5,60.52,60.42,60.51,5783.0,60.478,52
2024-02-12 12:30:00-05:00,60.5,60.51,60.41,60.42,3419.0,60.472,32
2024-02-12 12:35:00-05:00,60.41,60.45,60.37,60.38,3550.0,60.408,30
2024-02-12 12:40:00-05:00,60.36,60.42,60.34,60.41,13676.0,60.364,87
2024-02-12 12:45:00-05:00,60.39,60.4,60.24,60.31,16101.0,60.332,92
2024-02-12 12:50:00-05:00,60.3,60.36,60.3,60.35,2075.0,60.339,17
2024-02-12 12:55:00-05:00,60.35,60.37,60.32,60.37,6290.0,60.347,59
2024-02-12 13:00:00-05:00,60.38,60.42,60.35,60.41,12021.0,60.395,39
2024-02-12 13:05:00-05:00,60.42,60.49,60.42,60.49,4582.0,60.473,43
2024-02-12 13:10:00-05:00,60.5,60.58,60.48,60.51,8180.0,60.52,38
2024-02-12 13:15:00-05:00,60.5,60.56,60.49,60.55,4341.0,60.512,34
2024-02-12 13:20:00-05:00,60.57,60.57,60.52,60.56,2038.0,60.541,17
2024-02-12 13:25:00-05:00,60.53,60.59,60.49,60.58,4923.0,60.556,45
2024-02-12 13:30:00-05:00,60.56,60.66,60.55,60.66,8040.0,60.628,69
2024-02-12 13:35:00-05:00,60.66,60.66,60.57,60.58,7033.0,60.622,65
2024-02-12 13:40:00-05:00,60.55,60.57,60.49,60.51,4201.0,60.541,40
2024-02-12 13:45:00-05:00,60.54,60.62,60.54,60.58,4252.0,60.57,41
2024-02-12 13:50:00-05:00,60.58,60.65,60.52,60.56,8083.0,60.581,61
2024-02-12 13:55:00-05:00,60.58,60.6,60.36,60.37,6444.0,60.519,48
2024-02-12 14:00:00-05:00,60.39,60.44,60.36,60.42,3841.0,60.393,30
2024-02-12 14:05:00-05:00,60.42,60.55,60.42,60.55,5127.0,60.476,44
2024-02-12 14:10:00-05:00,60.55,60.6,60.54,60.56,8683.0,60.579,59
2024-02-12 14:15:00-05:00,60.55,60.58,60.44,60.46,8867.0,60.524,80
2024-02-12 14:20:00-05:00,60.46,60.51,60.41,60.42,8306.0,60.481,74
2024-02-12 14:25:00-05:00,60.41,60.46,60.41,60.46,6667.0,60.437,57
2024-02-12 14:30:00-05:00,60.44,60.46,60.41,60.41,4087.0,60.428,38
2024-02-12 14:35:00-05:00,60.4,60.44,60.38,60.41,6529.0,60.412,54
2024-02-12 14:40:00-05:00,60.4,60.42,60.38,60.4,4723.0,60.403,39
2024-02-12 14:45:00-05:00,60.4,60.4,60.3,60.3,6036.0,60.349,54
2024-02-12 14:50:00-05:00,60.29,60.32,60.27,60.32,4201.0,60.303,39
2024-02-12 14:55:00-05:00,60.31,60.41,60.3,60.41,7986.0,60.358,50
2024-02-12 15:00:00-05:00,60.41,60.46,60.39,60.41,5940.0,60.426,53
2024-02-12 15:05:00-05:00,60.42,60.45,60.41,60.43,2869.0,60.426,24
2024-02-12 15:10:00-05:00,60.42,60.46,60.38,60.45,8500.0,60.413,64
2024-02-12 15:15:00-05:00,60.44,60.44,60.4,60.4,8958.0,60.417,66
2024-02-12 15:20:00-05:00,60.39,60.46,60.39,60.44,7848.0,60.422,59
2024-02-12 15:25:00-05:00,60.43,60.48,60.42,60.45,9687.0,60.444,78
2024-02-12 15:30:00-05:00,60.44,60.52,60.43,60.51,9293.0,60.471,84
2024-02-12 15:35:00-05:00,60.5,60.53,60.48,60.51,10529.0,60.496,97
2024-02-12 15:40:00-05:00,60.5,60.54,60.5,60.54,11034.0,60.517,92
2024-02-12 15:45:00-05:00,60.53,60.64,60.52,60.59,28940.0,60.588,241
2024-02-12 15:50:00-05:00,60.6,60.61,60.42,60.46,45988.0,60.513,324
2024-02-12 15:55:00-05:00,60.47,60.53,60.45,60.53,111194.0,60.493,689
2024-02-13 09:30:00-05:00,59.63,60.05,59.57,60.02,34610.0,59.793,76
2024-02-13 09:35:00-05:00,60.01,60.13,59.67,59.7,15407.0,59.892,101
2024-02-13 09:40:00-05:00,59.74,59.81,59.57,59.74,34482.0,59.724,166
2024-02-13 09:45:00-05:00,59.77,59.82,59.4,59.5,18918.0,59.642,101
2024-02-13 09:50:00-05:00,59.54,59.62,59.33,59.48,47611.0,59.52,212
2024-02-13 09:55:00-05:00,59.54,59.56,59.32,59.51,25119.0,59.469,112
2024-02-13 10:00:00-05:00,59.51,59.55,59.34,59.35,42789.0,59.457,186
2024-02-13 10:05:00-05:00,59.4,59.42,59.23,59.3,15927.0,59.305,87
2024-02-13 10:10:00-05:00,59.25,59.35,59.21,59.22,5970.0,59.263,47
2024-02-13 10:15:00-05:00,59.21,59.35,59.19,59.35,79308.0,59.285,276
2024-02-13 10:20:00-05:00,59.34,59.35,59.15,59.21,17131.0,59.242,145
2024-02-13 10:25:00-05:00,59.19,59.37,59.19,59.37,32490.0,59.258,229
2024-02-13 10:30:00-05:00,59.34,59.39,59.26,59.28,20158.0,59.315,162
2024-02-13 10:35:00-05:00,59.3,59.3,59.06,59.09,50783.0,59.234,285
2024-02-13 10:40:00-05:00,59.06,59.11,58.95,59.01,28400.0,59.028,174
2024-02-13 10:45:00-05:00,59.02,59.02,58.89,58.99,10729.0,58.965,87
2024-02-13 10:50:00-05:00,58.95,58.99,58.8,58.97,18399.0,58.896,101
2024-02-13 10:55:00-05:00,58.97,59.02,58.88,59.01,28651.0,58.962,132
2024-02-13 11:00:00-05:00,59.02,59.22,59.0,59.17,23831.0,59.082,122
2024-02-13 11:05:00-05:00,59.18,59.23,59.12,59.2,9418.0,59.182,67
2024-02-13 11:10:00-05:00,59.2,59.4,59.2,59.4,16398.0,59.262,109
2024-02-13 11:15:00-05:00,59.41,59.42,59.3,59.32,3405.0,59.358,30
2024-02-13 11:20:00-05:00,59.35,59.51,59.34,59.48,7719.0,59.446,51
2024-02-13 11:25:00-05:00,59.51,59.52,59.41,59.41,6647.0,59.495,41
2024-02-13 11:30:00-05:00,59.44,59.58,59.44,59.58,9557.0,59.502,81
2024-02-13 11:35:00-05:00,59.57,59.6,59.53,59.59,3263.0,59.564,26
2024-02-13 11:40:00-05:00,59.6,59.63,59.55,59.55,8812.0,59.604,48
2024-02-13 11:45:00-05:00,59.57,59.63,59.57,59.62,2031.0,59.601,16
2024-02-13 11:50:00-05:00,59.63,59.67,59.6,59.6,7359.0,59.639,47
2024-02-13 11:55:00-05:00,59.59,59.61,59.55,59.61,5057.0,59.585,40
2024-02-13 12:00:00-05:00,59.61,59.64,59.55,59.64,4596.0,59.59,34
2024-02-13 12:05:00-05:00,59.62,59.67,59.6,59.64,9527.0,59.632,27
2024-02-13 12:10:00-05:00,59.64,59.66,59.6,59.66,5151.0,59.627,33
2024-02-13 12:15:00-05:00,59.68,59.69,59.58,59.61,2565.0,59.629,24
2024-02-13 12:20:00-05:00,59.6,59.63,59.53,59.53,7596.0,59.589,38
2024-02-13 12:25:00-05:00,59.52,59.55,59.5,59.51,4746.0,59.522,26
2024-02-13 12:30:00-05:00,59.5,59.58,59.49,59.55,4091.0,59.545,25
2024-02-13 12:35:00-05:00,59.56,59.64,59.52,59.64,16058.0,59.565,55
2024-02-13 12:40:00-05:00,59.64,59.65,59.58,59.65,3316.0,59.613,31
2024-02-13 12:45:00-05:00,59.64,59.64,59.58,59.59,3694.0,59.611,26
2024-02-13 12:50:00-05:00,59.59,59.62,59.54,59.58,15834.0,59.584,41
2024-02-13 12:55:00-05:00,59.57,59.7,59.57,59.68,7586.0,59.638,51
2024-02-13 13:00:00-05:00,59.7,59.7,59.5,59.52,32172.0,59.578,52
2024-02-13 13:05:00-05:00,59.54,59.55,59.35,59.35,7289.0,59.483,55
2024-02-13 13:10:00-05:00,59.29,59.4,59.25,59.39,17254.0,59.314,104
2024-02-13 13:15:00-05:00,59.39,59.43,59.35,59.43,8002.0,59.395,61
2024-02-13 13:20:00-05:00,59.41,59.51,59.41,59.42,20382.0,59.455,141
2024-02-13 13:25:00-05:00,59.4,59.43,59.32,59.4,4243.0,59.375,37
2024-02-13 13:30:00-05:00,59.4,59.41,59.26,59.32,6757.0,59.346,54
2024-02-13 13:35:00-05:00,59.3,59.36,59.26,59.36,5282.0,59.293,48
2024-02-13 13:40:00-05:00,59.33,59.34,59.25,59.29,4459.0,59.295,35
2024-02-13 13:45:00-05:00,59.31,59.4,59.3,59.4,8261.0,59.339,69
2024-02-13 13:50:00-05:00,59.39,59.4,59.35,59.35,3958.0,59.373,38
2024-02-13 13:55:00-05:00,59.32,59.41,59.32,59.41,5703.0,59.362,42
2024-02-13 14:00:00-05:00,59.42,59.42,59.31,59.33,6450.0,59.38,56
2024-02-13 14:05:00-05:00,59.31,59.33,59.24,59.26,2491.0,59.282,20
2024-02-13 14:10:00-05:00,59.26,59.26,59.14,59.17,7971.0,59.193,52
2024-02-13 14:15:00-05:00,59.17,59.31,59.17,59.29,36125.0,59.207,151
2024-02-13 14:20:00-05:00,59.29,59.32,59.26,59.29,7489.0,59.301,53
2024-02-13 14:25:00-05:00,59.26,59.29,59.24,59.26,4536.0,59.264,39
2024-02-13 14:30:00-05:00,59.25,59.33,59.2,59.33,11488.0,59.225,75
2024-02-13 14:35:00-05:00,59.33,59.33,59.23,59.26,5862.0,59.286,49
2024-02-13 14:40:00-05:00,59.27,59.3,59.21,59.22,5176.0,59.263,41
2024-02-13 14:45:00-05:00,59.22,59.26,59.18,59.19,22718.0,59.215,131
2024-02-13 14:50:00-05:00,59.2,59.23,59.07,59.13,42959.0,59.17,195
2024-02-13 14:55:00-05:00,59.12,59.17,59.08,59.16,46041.0,59.149,216
2024-02-13 15:00:00-05:00,59.15,59.16,59.05,59.07,110057.0,59.136,397
2024-02-13 15:05:00-05:00,59.08,59.2,59.08,59.19,40539.0,59.141,170
2024-02-13 15:10:00-05:00,59.2,59.25,59.18,59.2,5069.0,59.223,42
2024-02-13 15:15:00-05:00,59.18,59.25,59.16,59.23,9024.0,59.199,55
2024-02-13 15:20:00-05:00,59.24,59.24,59.16,59.23,10932.0,59.217,77
2024-02-13 15:25:00-05:00,59.22,59.26,59.17,59.26,12750.0,59.216,83
2024-02-13 15:30:00-05:00,59.27,59.35,59.23,59.35,19100.0,59.282,126
2024-02-13 15:35:00-05:00,59.36,59.42,59.35,59.41,11001.0,59.39,92
2024-02-13 15:40:00-05:00,59.41,59.54,59.4,59.5,12971.0,59.463,106
2024-02-13 15:45:00-05:00,59.5,59.57,59.48,59.53,24152.0,59.526,189
2024-02-13 15:50:00-05:00,59.55,59.59,59.46,59.57,47366.0,59.527,357
2024-02-13 15:55:00-05:00,59.58,59.83,59.58,59.82,105024.0,59.744,662
2024-02-14 09:30:00-05:00,60.86,61.98,60.69,61.98,92087.0,61.19,321
2024-02-14 09:35:00-05:00,61.98,62.58,61.68,62.23,92242.0,62.116,542
2024-02-14 09:40:00-05:00,62.21,62.49,62.04,62.19,46316.0,62.249,371
2024-02-14 09:45:00-05:00,62.25,62.31,61.87,62.05,68984.0,62.08,562
2024-02-14 09:50:00-05:00,62.06,62.14,61.86,62.02,55038.0,62.027,320
2024-02-14 09:55:00-05:00,62.03,62.09,61.92,62.05,34066.0,62.039,305
2024-02-14 10:00:00-05:00,62.07,62.28,62.01,62.27,43300.0,62.123,370
2024-02-14 10:05:00-05:00,62.24,62.26,61.88,62.12,26108.0,62.07,216
2024-02-14 10:10:00-05:00,62.13,62.28,62.1,62.13,19877.0,62.167,174
2024-02-14 10:15:00-05:00,62.11,62.43,62.05,62.32,47582.0,62.254,294
2024-02-14 10:20:00-05:00,62.35,62.5,62.33,62.38,19421.0,62.403,172
2024-02-14 10:25:00-05:00,62.38,62.44,62.16,62.24,22651.0,62.345,192
2024-02-14 10:30:00-05:00,62.23,62.4,62.2,62.35,44864.0,62.313,368
2024-02-14 10:35:00-05:00,62.36,62.36,61.95,62.2,21023.0,62.174,185
2024-02-14 10:40:00-05:00,62.2,62.2,61.82,62.01,23403.0,61.976,185
2024-02-14 10:45:00-05:00,62.02,62.07,61.91,61.93,10587.0,61.981,95
2024-02-14 10:50:00-05:00,61.93,61.93,61.71,61.76,15975.0,61.771,133
2024-02-14 10:55:00-05:00,61.74,61.82,61.64,61.71,25898.0,61.745,214
2024-02-14 11:00:00-05:00,61.72,61.94,61.62,61.93,23923.0,61.778,199
2024-02-14 11:05:00-05:00,61.94,61.97,61.76,61.76,15916.0,61.869,138
2024-02-14 11:10:00-05:00,61.75,61.79,61.7,61.73,13922.0,61.741,115
2024-02-14 11:15:00-05:00,61.72,61.81,61.7,61.78,21349.0,61.758,174
2024-02-14 11:20:00-05:00,61.79,61.84,61.68,61.83,20027.0,61.752,154
2024-02-14 11:25:00-05:00,61.82,62.1,61.79,62.09,21494.0,61.902,178
2024-02-14 11:30:00-05:00,62.09,62.1,61.91,61.92,28609.0,61.998,177
2024-02-14 11:35:00-05:00,61.93,62.0,61.93,62.0,18558.0,61.967,164
2024-02-14 11:40:00-05:00,62.0,62.02,61.89,62.01,19393.0,61.962,175
2024-02-14 11:45:00-05:00,62.01,62.02,61.95,62.01,12719.0,61.994,106
2024-02-14 11:50:00-05:00,61.99,62.01,61.91,61.91,11794.0,61.972,103
2024-02-14 11:55:00-05:00,61.93,62.0,61.9,61.98,9511.0,61.96,80
2024-02-14 12:00:00-05:00,61.98,61.99,61.71,61.74,25181.0,61.791,209
2024-02-14 12:05:00-05:00,61.75,61.75,61.63,61.68,13581.0,61.699,106
2024-02-14 12:10:00-05:00,61.71,61.88,61.71,61.87,11086.0,61.778,102
2024-02-14 12:15:00-05:00,61.87,61.91,61.82,61.9,18220.0,61.876,154
2024-02-14 12:20:00-05:00,61.89,62.05,61.89,62.02,22180.0,61.969,167
2024-02-14 12:25:00-05:00,62.02,62.11,61.95,62.11,11505.0,62.02,91
2024-02-14 12:30:00-05:00,62.11,62.12,61.96,62.0,15490.0,62.017,141
2024-02-14 12:35:00-05:00,62.0,62.16,61.98,62.11,13057.0,62.061,114
2024-02-14 12:40:00-05:00,62.12,62.31,62.11,62.28,12960.0,62.229,97
2024-02-14 12:45:00-05:00,62.27,62.34,62.18,62.18,23827.0,62.232,189
2024-02-14 12:50:00-05:00,62.19,62.21,62.15,62.17,8411.0,62.177,71
2024-02-14 12:55:00-05:00,62.17,62.24,62.12,62.12,13520.0,62.191,115
2024-02-14 13:00:00-05:00,62.12,62.14,62.04,62.07,8019.0,62.084,68
2024-02-14 13:05:00-05:00,62.07,62.13,62.05,62.06,8981.0,62.091,80
2024-02-14 13:10:00-05:00,62.05,62.05,61.87,61.87,7038.0,61.978,61
2024-02-14 13:15:00-05:00,61.89,61.97,61.85,61.94,9739.0,61.917,74
2024-02-14 13:20:00-05:00,61.92,61.94,61.85,61.86,6695.0,61.902,53
2024-02-14 13:25:00-05:00,61.86,61.92,61.86,61.92,7065.0,61.902,60
2024-02-14 13:30:00-05:00,61.92,61.94,61.85,61.93,7023.0,61.894,54
2024-02-14 13:35:00-05:00,61.93,61.99,61.93,61.98,9172.0,61.962,76
2024-02-14 13:40:00-05:00,61.98,62.02,61.95,61.95,12691.0,61.998,102
2024-02-14 13:45:00-05:00,61.95,62.04,61.91,62.03,15724.0,61.959,107
2024-02-14 13:50:00-05:00,62.04,62.04,61.92,61.98,13080.0,61.97,100
2024-02-14 13:55:00-05:00,62.0,62.0,61.79,61.79,10617.0,61.886,85
2024-02-14 14:00:00-05:00,61.82,61.88,61.76,61.77,9164.0,61.841,86
2024-02-14 14:05:00-05:00,61.73,61.77,61.65,61.72,34571.0,61.731,257
2024-02-14 14:10:00-05:00,61.72,62.05,61.72,62.04,25782.0,61.904,206
2024-02-14 14:15:00-05:00,62.03,62.07,61.91,61.96,10934.0,61.986,98
2024-02-14 14:20:00-05:00,61.95,62.02,61.88,62.01,14242.0,61.96,107
2024-02-14 14:25:00-05:00,62.01,62.18,62.01,62.18,15080.0,62.115,105
2024-02-14 14:30:00-05:00,62.22,62.32,62.18,62.29,19472.0,62.248,158
2024-02-14 14:35:00-05:00,62.3,62.37,62.3,62.32,15731.0,62.333,118
2024-02-14 14:40:00-05:00,62.3,62.38,62.29,62.35,10213.0,62.353,75
2024-02-14 14:45:00-05:00,62.36,62.37,62.28,62.35,19184.0,62.319,154
2024-02-14 14:50:00-05:00,62.35,62.4,62.26,62.39,18273.0,62.332,154
2024-02-14 14:55:00-05:00,62.38,62.46,62.34,62.42,20327.0,62.393,170
2024-02-14 15:00:00-05:00,62.43,62.46,62.37,62.42,23385.0,62.409,182
2024-02-14 15:05:00-05:00,62.42,62.42,62.27,62.29,17125.0,62.367,141
2024-02-14 15:10:00-05:00,62.3,62.3,62.15,62.16,16562.0,62.226,123
2024-02-14 15:15:00-05:00,62.16,62.23,62.13,62.14,14070.0,62.177,113
2024-02-14 15:20:00-05:00,62.14,62.16,62.1,62.14,13344.0,62.139,112
2024-02-14 15:25:00-05:00,62.14,62.23,62.09,62.09,24360.0,62.152,189
2024-02-14 15:30:00-05:00,62.1,62.13,62.0,62.13,27718.0,62.077,218
2024-02-14 15:35:00-05:00,62.14,62.22,62.14,62.2,26659.0,62.181,225
2024-02-14 15:40:00-05:00,62.2,62.26,62.18,62.23,32549.0,62.218,236
2024-02-14 15:45:00-05:00,62.23,62.35,62.22,62.29,44175.0,62.299,345
2024-02-14 15:50:00-05:00,62.28,62.32,62.11,62.18,76464.0,62.183,607
2024-02-14 15:55:00-05:00,62.17,62.19,62.0,62.0,243763.0,62.057,1376
2024-02-15 09:30:00-05:00,62.0,62.31,61.78,61.78,26771.0,62.008,54
2024-02-15 09:35:00-05:00,61.87,62.17,61.77,62.07,16950.0,62.026,112
2024-02-15 09:40:00-05:00,62.15,62.29,61.97,62.14,8019.0,62.155,68
2024-02-15 09:45:00-05:00,62.15,62.3,62.05,62.11,14428.0,62.166,121
2024-02-15 09:50:00-05:00,62.06,62.13,61.89,61.96,9900.0,62.022,88
2024-02-15 09:55:00-05:00,61.94,61.95,61.74,61.81,11969.0,61.832,103
2024-02-15 10:00:00-05:00,61.81,61.87,61.64,61.77,12614.0,61.772,100
2024-02-15 10:05:00-05:00,61.75,61.8,61.6,61.8,10309.0,61.685,85
2024-02-15 10:10:00-05:00,61.82,61.88,61.71,61.76,5061.0,61.804,47
2024-02-15 10:15:00-05:00,61.8,61.92,61.77,61.91,3356.0,61.857,29
2024-02-15 10:20:00-05:00,61.93,61.96,61.81,61.86,7531.0,61.88,48
2024-02-15 10:25:00-05:00,61.88,61.88,61.72,61.8,8437.0,61.777,61
2024-02-15 10:30:00-05:00,61.8,61.82,61.69,61.72,8806.0,61.742,67
2024-02-15 10:35:00-05:00,61.73,61.86,61.72,61.86,5294.0,61.786,50
2024-02-15 10:40:00-05:00,61.84,61.85,61.8,61.83,6120.0,61.826,45
2024-02-15 10:45:00-05:00,61.8,61.9,61.74,61.74,9001.0,61.825,71
2024-02-15 10:50:00-05:00,61.77,61.77,61.56,61.69,32419.0,61.65,238
2024-02-15 10:55:00-05:00,61.7,61.78,61.7,61.71,8386.0,61.727,72
2024-02-15 11:00:00-05:00,61.7,61.75,61.7,61.7,5218.0,61.725,45
2024-02-15 11:05:00-05:00,61.73,61.74,61.66,61.73,10739.0,61.7,88
2024-02-15 11:10:00-05:00,61.73,61.81,61.68,61.77,7897.0,61.744,68
2024-02-15 11:15:00-05:00,61.78,61.81,61.72,61.75,6367.0,61.756,54
2024-02-15 11:20:00-05:00,61.74,61.75,61.64,61.7,15312.0,61.686,135
2024-02-15 11:25:00-05:00,61.7,61.76,61.69,61.7,6122.0,61.73,50
2024-02-15 11:30:00-05:00,61.68,61.69,61.6,61.66,16024.0,61.656,129
2024-02-15 11:35:00-05:00,61.67,61.75,61.66,61.75,8021.0,61.709,65
2024-02-15 11:40:00-05:00,61.76,61.77,61.67,61.72,6067.0,61.73,53
2024-02-15 11:45:00-05:00,61.73,61.76,61.67,61.73,10626.0,61.724,86
2024-02-15 11:50:00-05:00,61.72,61.72,61.63,61.7,7664.0,61.68,61
2024-02-15 11:55:00-05:00,61.69,61.76,61.67,61.76,7062.0,61.72,58
2024-02-15 12:00:00-05:00,61.75,61.8,61.74,61.8,5689.0,61.776,43
2024-02-15 12:05:00-05:00,61.8,61.81,61.75,61.78,4547.0,61.785,37
2024-02-15 12:10:00-05:00,61.79,61.81,61.76,61.78,2902.0,61.787,24
2024-02-15 12:15:00-05:00,61.79,61.84,61.74,61.84,5928.0,61.787,50
2024-02-15 12:20:00-05:00,61.83,61.83,61.7,61.77,9335.0,61.767,81
2024-02-15 12:25:00-05:00,61.77,61.79,61.73,61.78,6375.0,61.759,56
2024-02-15 12:30:00-05:00,61.77,61.8,61.74,61.8,5583.0,61.771,51
2024-02-15 12:35:00-05:00,61.8,61.84,61.8,61.83,7210.0,61.815,58
2024-02-15 12:40:00-05:00,61.83,61.91,61.82,61.88,7692.0,61.862,65
2024-02-15 12:45:00-05:00,61.88,61.9,61.85,61.88,8017.0,61.879,67
2024-02-15 12:50:00-05:00,61.88,61.94,61.88,61.9,9740.0,61.907,83
2024-02-15 12:55:00-05:00,61.91,61.95,61.84,61.85,18813.0,61.901,119
2024-02-15 13:00:00-05:00,61.85,61.99,61.84,61.94,19606.0,61.907,161
2024-02-15 13:05:00-05:00,61.95,62.02,61.95,61.99,19974.0,61.992,168
2024-02-15 13:10:00-05:00,61.99,62.08,61.93,61.93,16924.0,62.024,145
2024-02-15 13:15:00-05:00,61.95,62.02,61.94,62.02,6905.0,61.994,59
2024-02-15 13:20:00-05:00,62.01,62.11,61.98,62.07,9887.0,62.038,82
2024-02-15 13:25:00-05:00,62.07,62.09,62.04,62.06,14362.0,62.069,76
2024-02-15 13:30:00-05:00,62.09,62.14,62.07,62.13,11145.0,62.103,82
2024-02-15 13:35:00-05:00,62.13,62.15,62.05,62.06,23095.0,62.112,72
2024-02-15 13:40:00-05:00,62.06,62.08,61.97,62.04,15453.0,62.016,116
2024-02-15 13:45:00-05:00,62.04,62.11,62.02,62.08,14748.0,62.061,106
2024-02-15 13:50:00-05:00,62.09,62.18,62.08,62.17,14162.0,62.138,114
2024-02-15 13:55:00-05:00,62.17,62.17,62.05,62.09,10157.0,62.114,77
2024-02-15 14:00:00-05:00,62.09,62.16,62.06,62.12,11485.0,62.113,80
2024-02-15 14:05:00-05:00,62.12,62.24,62.09,62.22,44470.0,62.2,150
2024-02-15 14:10:00-05:00,62.21,62.22,62.09,62.14,12564.0,62.144,96
2024-02-15 14:15:00-05:00,62.13,62.17,62.12,62.17,14494.0,62.146,115
2024-02-15 14:20:00-05:00,62.16,62.2,62.16,62.19,14930.0,62.182,110
2024-02-15 14:25:00-05:00,62.18,62.21,62.1,62.16,22548.0,62.152,158
2024-02-15 14:30:00-05:00,62.16,62.2,62.1,62.2,45375.0,62.158,212
2024-02-15 14:35:00-05:00,62.2,62.21,62.11,62.12,13834.0,62.163,118
2024-02-15 14:40:00-05:00,62.13,62.14,62.05,62.08,11206.0,62.097,97
2024-02-15 14:45:00-05:00,62.08,62.1,62.06,62.08,19168.0,62.081,141
2024-02-15 14:50:00-05:00,62.09,62.13,62.06,62.11,15871.0,62.1,135
2024-02-15 14:55:00-05:00,62.12,62.27,62.12,62.27,16433.0,62.196,142
2024-02-15 15:00:00-05:00,62.28,62.29,62.16,62.17,16567.0,62.213,113
2024-02-15 15:05:00-05:00,62.17,62.17,62.02,62.09,36375.0,62.065,151
2024-02-15 15:10:00-05:00,62.08,62.14,62.08,62.1,18262.0,62.105,157
2024-02-15 15:15:00-05:00,62.1,62.18,62.09,62.17,16164.0,62.122,130
2024-02-15 15:20:00-05:00,62.18,62.3,62.17,62.24,18662.0,62.261,160
2024-02-15 15:25:00-05:00,62.25,62.42,62.25,62.36,16583.0,62.34,138
2024-02-15 15:30:00-05:00,62.36,62.48,62.35,62.39,26197.0,62.419,216
2024-02-15 15:35:00-05:00,62.39,62.41,62.34,62.38,28928.0,62.379,236
2024-02-15 15:40:00-05:00,62.38,62.47,62.37,62.44,28880.0,62.425,245
2024-02-15 15:45:00-05:00,62.43,62.44,62.29,62.34,50816.0,62.354,414
2024-02-15 15:50:00-05:00,62.34,62.37,62.15,62.16,96386.0,62.213,716
2024-02-15 15:55:00-05:00,62.15,62.33,62.15,62.23,207606.0,62.253,1194
2024-02-16 09:30:00-05:00,61.94,62.13,61.9,61.97,46908.0,61.953,40
2024-02-16 09:35:00-05:00,61.98,62.0,61.76,61.86,9148.0,61.904,51
2024-02-16 09:40:00-05:00,61.9,61.98,61.66,61.79,3149.0,61.823,28
2024-02-16 09:45:00-05:00,61.78,61.85,61.57,61.79,4930.0,61.734,44
2024-02-16 09:50:00-05:00,61.84,61.96,61.74,61.74,4359.0,61.868,33
2024-02-16 09:55:00-05:00,61.65,61.7,61.6,61.63,4278.0,61.655,34
2024-02-16 10:00:00-05:00,61.64,61.69,61.56,61.66,11126.0,61.632,83
2024-02-16 10:05:00-05:00,61.67,61.81,61.66,61.74,10567.0,61.738,75
2024-02-16 10:10:00-05:00,61.71,62.01,61.7,61.99,6579.0,61.847,61
2024-02-16 10:15:00-05:00,62.0,62.15,61.83,61.9,16441.0,62.027,91
2024-02-16 10:20:00-05:00,61.89,62.12,61.84,62.05,6716.0,61.992,58
2024-02-16 10:25:00-05:00,62.02,62.22,61.99,62.17,16968.0,62.118,130
2024-02-16 10:30:00-05:00,62.13,62.2,62.06,62.19,7615.0,62.12,64
2024-02-16 10:35:00-05:00,62.21,62.4,62.18,62.4,16442.0,62.277,135
2024-02-16 10:40:00-05:00,62.44,62.44,62.16,62.28,16558.0,62.264,130
2024-02-16 10:45:00-05:00,62.27,62.36,62.26,62.3,10490.0,62.321,79
2024-02-16 10:50:00-05:00,62.3,62.35,62.24,62.33,7292.0,62.294,63
2024-02-16 10:55:00-05:00,62.33,62.36,62.28,62.35,9058.0,62.31,87
2024-02-16 11:00:00-05:00,62.35,62.37,62.17,62.19,5960.0,62.268,57
2024-02-16 11:05:00-05:00,62.19,62.3,62.16,62.19,7952.0,62.222,69
2024-02-16 11:10:00-05:00,62.18,62.19,62.0,62.02,10852.0,62.076,84
2024-02-16 11:15:00-05:00,62.0,62.21,61.99,62.2,8734.0,62.078,80
2024-02-16 11:20:00-05:00,62.21,62.3,62.19,62.28,15329.0,62.238,116
2024-02-16 11:25:00-05:00,62.3,62.3,62.08,62.11,17843.0,62.188,148
2024-02-16 11:30:00-05:00,62.13,62.18,62.06,62.1,8516.0,62.134,73
2024-02-16 11:35:00-05:00,62.09,62.12,61.99,62.11,10869.0,62.045,87
2024-02-16 11:40:00-05:00,62.12,62.13,62.03,62.09,12420.0,62.078,101
2024-02-16 11:45:00-05:00,62.1,62.19,62.08,62.15,12045.0,62.131,107
2024-02-16 11:50:00-05:00,62.16,62.31,62.14,62.29,12517.0,62.238,115
2024-02-16 11:55:00-05:00,62.3,62.4,62.27,62.34,9065.0,62.345,78
2024-02-16 12:00:00-05:00,62.34,62.42,62.33,62.42,9818.0,62.373,76
2024-02-16 12:05:00-05:00,62.42,62.44,62.37,62.44,9110.0,62.413,74
2024-02-16 12:10:00-05:00,62.44,62.44,62.39,62.43,6559.0,62.41,52
2024-02-16 12:15:00-05:00,62.42,62.57,62.42,62.57,6740.0,62.473,55
2024-02-16 12:20:00-05:00,62.57,62.57,62.45,62.49,8753.0,62.5,73
2024-02-16 12:25:00-05:00,62.5,62.53,62.48,62.53,6059.0,62.501,51
2024-02-16 12:30:00-05:00,62.54,62.59,62.52,62.59,8711.0,62.556,69
2024-02-16 12:35:00-05:00,62.58,62.58,62.48,62.54,13250.0,62.544,83
2024-02-16 12:40:00-05:00,62.54,62.59,62.52,62.58,3766.0,62.541,35
2024-02-16 12:45:00-05:00,62.57,62.62,62.56,62.61,9886.0,62.594,79
2024-02-16 12:50:00-05:00,62.6,62.6,62.49,62.55,8328.0,62.546,69
2024-02-16 12:55:00-05:00,62.54,62.56,62.43,62.45,7233.0,62.491,57
2024-02-16 13:00:00-05:00,62.44,62.44,62.31,62.31,7498.0,62.368,62
2024-02-16 13:05:00-05:00,62.3,62.37,62.29,62.33,4691.0,62.334,39
2024-02-16 13:10:00-05:00,62.33,62.37,62.29,62.37,4701.0,62.323,36
2024-02-16 13:15:00-05:00,62.36,62.39,62.34,62.38,6708.0,62.372,57
2024-02-16 13:20:00-05:00,62.37,62.47,62.35,62.45,9875.0,62.417,82
2024-02-16 13:25:00-05:00,62.45,62.45,62.37,62.42,9750.0,62.406,84
2024-02-16 13:30:00-05:00,62.43,62.45,62.4,62.4,13687.0,62.43,79
2024-02-16 13:35:00-05:00,62.4,62.43,62.34,62.43,7634.0,62.386,69
2024-02-16 13:40:00-05:00,62.44,62.45,62.4,62.45,7910.0,62.424,64
2024-02-16 13:45:00-05:00,62.45,62.46,62.37,62.43,9682.0,62.416,79
2024-02-16 13:50:00-05:00,62.43,62.45,62.43,62.43,6244.0,62.442,55
2024-02-16 13:55:00-05:00,62.42,62.5,62.41,62.5,9200.0,62.443,77
2024-02-16 14:00:00-05:00,62.51,62.59,62.51,62.57,7291.0,62.56,60
2024-02-16 14:05:00-05:00,62.57,62.59,62.52,62.57,8689.0,62.563,78
2024-02-16 14:10:00-05:00,62.57,62.61,62.55,62.6,7868.0,62.587,70
2024-02-16 14:15:00-05:00,62.6,62.65,62.6,62.6,9158.0,62.623,79
2024-02-16 14:20:00-05:00,62.6,62.67,62.6,62.65,11377.0,62.637,97
2024-02-16 14:25:00-05:00,62.66,62.68,62.6,62.61,6634.0,62.65,59
2024-02-16 14:30:00-05:00,62.61,62.64,62.55,62.55,13938.0,62.598,119
2024-02-16 14:35:00-05:00,62.55,62.55,62.47,62.52,7921.0,62.509,64
2024-02-16 14:40:00-05:00,62.53,62.57,62.52,62.57,11139.0,62.542,90
2024-02-16 14:45:00-05:00,62.56,62.57,62.33,62.36,14189.0,62.433,115
2024-02-16 14:50:00-05:00,62.35,62.45,62.32,62.43,16477.0,62.382,126
2024-02-16 14:55:00-05:00,62.41,62.47,62.38,62.45,12523.0,62.418,107
2024-02-16 15:00:00-05:00,62.45,62.51,62.42,62.46,12049.0,62.468,102
2024-02-16 15:05:00-05:00,62.47,62.48,62.44,62.45,7764.0,62.462,66
2024-02-16 15:10:00-05:00,62.45,62.45,62.35,62.38,14055.0,62.39,109
2024-02-16 15:15:00-05:00,62.38,62.4,62.35,62.39,12705.0,62.377,110
2024-02-16 15:20:00-05:00,62.4,62.42,62.34,62.4,16146.0,62.378,125
2024-02-16 15:25:00-05:00,62.4,62.4,62.33,62.37,19361.0,62.37,136
2024-02-16 15:30:00-05:00,62.38,62.45,62.36,62.38,24848.0,62.407,153
2024-02-16 15:35:00-05:00,62.39,62.4,62.18,62.25,22069.0,62.253,173
2024-02-16 15:40:00-05:00,62.24,62.26,62.12,62.14,22594.0,62.196,171
2024-02-16 15:45:00-05:00,62.14,62.2,62.14,62.15,34985.0,62.17,263
2024-02-16 15:50:00-05:00,62.16,62.22,62.06,62.1,59259.0,62.134,436
2024-02-16 15:55:00-05:00,62.11,62.15,62.05,62.09,106567.0,62.097,690
2024-02-20 09:30:00-05:00,62.03,62.14,61.62,62.11,61587.0,62.015,105
2024-02-20 09:35:00-05:00,62.13,62.31,62.02,62.26,31016.0,62.158,219
2024-02-20 09:40:00-05:00,62.26,62.51,62.26,62.44,41110.0,62.411,313
2024-02-20 09:45:00-05:00,62.44,62.44,61.89,62.1,53462.0,62.117,345
2024-02-20 09:50:00-05:00,62.1,62.35,62.09,62.13,10996.0,62.199,89
2024-02-20 09:55:00-05:00,62.12,62.13,61.94,61.94,9720.0,62.053,83
2024-02-20 10:00:00-05:00,61.96,62.21,61.96,62.13,7325.0,62.089,66
2024-02-20 10:05:00-05:00,62.11,62.16,61.9,62.05,13583.0,62.02,116
2024-02-20 10:10:00-05:00,62.07,62.18,62.01,62.11,9538.0,62.091,77
2024-02-20 10:15:00-05:00,62.1,62.2,62.03,62.14,11878.0,62.123,69
2024-02-20 10:20:00-05:00,62.18,62.29,62.12,62.2,9316.0,62.199,78
2024-02-20 10:25:00-05:00,62.21,62.33,62.19,62.28,10375.0,62.272,80
2024-02-20 10:30:00-05:00,62.28,62.33,62.09,62.1,9180.0,62.221,75
2024-02-20 10:35:00-05:00,62.11,62.11,62.0,62.07,8009.0,62.053,58
2024-02-20 10:40:00-05:00,62.07,62.19,62.03,62.1,12482.0,62.113,101
2024-02-20 10:45:00-05:00,62.13,62.28,62.12,62.25,7347.0,62.2,59
2024-02-20 10:50:00-05:00,62.27,62.34,62.25,62.32,7633.0,62.304,53
2024-02-20 10:55:00-05:00,62.29,62.33,62.24,62.3,16798.0,62.293,117
2024-02-20 11:00:00-05:00,62.28,62.34,62.24,62.34,19672.0,62.292,136
2024-02-20 11:05:00-05:00,62.34,62.44,62.3,62.32,11847.0,62.371,83
2024-02-20 11:10:00-05:00,62.31,62.36,62.28,62.31,10161.0,62.33,85
2024-02-20 11:15:00-05:00,62.31,62.42,62.29,62.41,14735.0,62.366,116
2024-02-20 11:20:00-05:00,62.41,62.48,62.35,62.4,10071.0,62.423,76
2024-02-20 11:25:00-05:00,62.4,62.45,62.31,62.34,25246.0,62.392,186
2024-02-20 11:30:00-05:00,62.35,62.39,62.32,62.33,9020.0,62.353,74
2024-02-20 11:35:00-05:00,62.31,62.37,62.3,62.33,7567.0,62.339,69
2024-02-20 11:40:00-05:00,62.33,62.37,62.3,62.35,8697.0,62.325,70
2024-02-20 11:45:00-05:00,62.35,62.44,62.35,62.37,13138.0,62.398,99
2024-02-20 11:50:00-05:00,62.36,62.42,62.33,62.4,5691.0,62.372,49
2024-02-20 11:55:00-05:00,62.41,62.41,62.33,62.35,4447.0,62.357,38
2024-02-20 12:00:00-05:00,62.33,62.35,62.2,62.21,4719.0,62.26,38
2024-02-20 12:05:00-05:00,62.22,62.24,62.19,62.22,5283.0,62.22,45
2024-02-20 12:10:00-05:00,62.21,62.21,62.1,62.12,4560.0,62.136,37
2024-02-20 12:15:00-05:00,62.11,62.14,62.02,62.08,12398.0,62.093,103
2024-02-20 12:20:00-05:00,62.07,62.08,61.99,62.03,7815.0,62.028,71
2024-02-20 12:25:00-05:00,62.03,62.06,62.0,62.02,5421.0,62.03,46
2024-02-20 12:30:00-05:00,62.03,62.07,61.99,62.02,6658.0,62.039,49
2024-02-20 12:35:00-05:00,62.03,62.06,61.97,61.99,6166.0,62.02,55
2024-02-20 12:40:00-05:00,61.99,62.08,61.99,62.04,8168.0,62.031,62
2024-02-20 12:45:00-05:00,62.04,62.06,61.97,61.99,3474.0,62.019,32
2024-02-20 12:50:00-05:00,61.99,62.09,61.99,62.08,9814.0,62.044,65
2024-02-20 12:55:00-05:00,62.09,62.1,62.05,62.05,6260.0,62.083,44
2024-02-20 13:00:00-05:00,62.06,62.12,62.06,62.09,4002.0,62.085,32
2024-02-20 13:05:00-05:00,62.06,62.08,61.99,61.99,4406.0,62.028,36
2024-02-20 13:10:00-05:00,61.98,62.02,61.98,62.0,6884.0,61.999,52
2024-02-20 13:15:00-05:00,62.0,62.0,61.89,61.92,7002.0,61.92,51
2024-02-20 13:20:00-05:00,61.92,61.97,61.91,61.95,7671.0,61.947,49
2024-02-20 13:25:00-05:00,61.96,61.96,61.85,61.87,8779.0,61.909,68
2024-02-20 13:30:00-05:00,61.84,61.84,61.78,61.82,8149.0,61.819,61
2024-02-20 13:35:00-05:00,61.82,61.83,61.77,61.78,9260.0,61.809,60
2024-02-20 13:40:00-05:00,61.77,61.83,61.75,61.77,7049.0,61.79,55
2024-02-20 13:45:00-05:00,61.77,61.8,61.73,61.75,8284.0,61.768,63
2024-02-20 13:50:00-05:00,61.73,61.85,61.73,61.73,7336.0,61.784,56
2024-02-20 13:55:00-05:00,61.74,61.8,61.71,61.8,6067.0,61.747,46
2024-02-20 14:00:00-05:00,61.78,61.78,61.72,61.74,5334.0,61.754,44
2024-02-20 14:05:00-05:00,61.73,61.74,61.7,61.71,5720.0,61.719,49
2024-02-20 14:10:00-05:00,61.7,61.7,61.67,61.69,7292.0,61.687,59
2024-02-20 14:15:00-05:00,61.68,61.77,61.68,61.77,9236.0,61.714,77
2024-02-20 14:20:00-05:00,61.77,61.77,61.72,61.74,7374.0,61.742,61
2024-02-20 14:25:00-05:00,61.74,61.77,61.69,61.77,9651.0,61.722,74
2024-02-20 14:30:00-05:00,61.76,61.78,61.74,61.75,7731.0,61.759,57
2024-02-20 14:35:00-05:00,61.78,61.82,61.77,61.81,4297.0,61.799,35
2024-02-20 14:40:00-05:00,61.82,61.91,61.82,61.88,6576.0,61.874,43
2024-02-20 14:45:00-05:00,61.87,61.92,61.87,61.89,2987.0,61.898,24
2024-02-20 14:50:00-05:00,61.92,62.03,61.9,62.02,10391.0,61.976,76
2024-02-20 14:55:00-05:00,62.03,62.03,62.0,62.0,4391.0,62.015,37
2024-02-20 15:00:00-05:00,62.01,62.01,61.91,61.93,7064.0,61.943,61
2024-02-20 15:05:00-05:00,61.93,61.95,61.91,61.94,4829.0,61.929,42
2024-02-20 15:10:00-05:00,61.93,62.04,61.92,62.02,8188.0,61.985,56
2024-02-20 15:15:00-05:00,62.02,62.05,62.0,62.03,6518.0,62.028,55
2024-02-20 15:20:00-05:00,62.04,62.08,62.03,62.08,7724.0,62.057,64
2024-02-20 15:25:00-05:00,62.09,62.17,62.09,62.11,6004.0,62.134,42
2024-02-20 15:30:00-05:00,62.11,62.14,61.96,61.96,18378.0,62.07,150
2024-02-20 15:35:00-05:00,61.95,61.97,61.88,61.88,16097.0,61.93,143
2024-02-20 15:40:00-05:00,61.87,61.88,61.74,61.76,7166.0,61.811,53
2024-02-20 15:45:00-05:00,61.78,61.81,61.72,61.81,15714.0,61.768,111
2024-02-20 15:50:00-05:00,61.82,61.84,61.72,61.77,19329.0,61.769,162
2024-02-20 15:55:00-05:00,61.77,61.92,61.71,61.9,87122.0,61.798,594
2024-02-21 09:30:00-05:00,61.88,61.88,61.46,61.48,33516.0,61.77,55
2024-02-21 09:35:00-05:00,61.49,61.63,61.39,61.61,9193.0,61.511,76
2024-02-21 09:40:00-05:00,61.66,61.85,61.65,61.76,7791.0,61.756,69
2024-02-21 09:45:00-05:00,61.83,61.86,61.55,61.65,8044.0,61.741,70
2024-02-21 09:50:00-05:00,61.65,61.81,61.6,61.63,9311.0,61.741,81
2024-02-21 09:55:00-05:00,61.67,61.7,61.51,61.58,9252.0,61.599,81
2024-02-21 10:00:00-05:00,61.58,61.7,61.54,61.61,24326.0,61.633,187
2024-02-21 10:05:00-05:00,61.58,61.63,61.33,61.49,17320.0,61.471,136
2024-02-21 10:10:00-05:00,61.49,61.49,61.25,61.29,35044.0,61.319,204
2024-02-21 10:15:00-05:00,61.29,61.34,61.21,61.32,24645.0,61.294,189
2024-02-21 10:20:00-05:00,61.33,61.33,61.05,61.13,36567.0,61.144,239
2024-02-21 10:25:00-05:00,61.13,61.28,61.11,61.23,26615.0,61.202,194
2024-02-21 10:30:00-05:00,61.23,61.27,61.14,61.21,22301.0,61.22,187
2024-02-21 10:35:00-05:00,61.23,61.35,61.21,61.35,11339.0,61.264,96
2024-02-21 10:40:00-05:00,61.37,61.39,61.33,61.36,8732.0,61.363,68
2024-02-21 10:45:00-05:00,61.35,61.39,61.26,61.38,10928.0,61.326,76
2024-02-21 10:50:00-05:00,61.39,61.55,61.39,61.4,7387.0,61.48,64
2024-02-21 10:55:00-05:00,61.39,61.48,61.36,61.46,11285.0,61.43,83
2024-02-21 11:00:00-05:00,61.47,61.53,61.47,61.52,5989.0,61.501,56
2024-02-21 11:05:00-05:00,61.52,61.57,61.48,61.57,13071.0,61.522,94
2024-02-21 11:10:00-05:00,61.55,61.63,61.52,61.63,7903.0,61.571,68
2024-02-21 11:15:00-05:00,61.63,61.67,61.56,61.56,16578.0,61.627,99
2024-02-21 11:20:00-05:00,61.58,61.6,61.39,61.41,8578.0,61.477,73
2024-02-21 11:25:00-05:00,61.45,61.49,61.41,61.43,12288.0,61.447,103
2024-02-21 11:30:00-05:00,61.42,61.42,61.35,61.37,6276.0,61.385,56
2024-02-21 11:35:00-05:00,61.35,61.42,61.28,61.33,12894.0,61.346,85
2024-02-21 11:40:00-05:00,61.31,61.34,61.28,61.31,5349.0,61.313,51
2024-02-21 11:45:00-05:00,61.3,61.38,61.25,61.34,16079.0,61.328,148
2024-02-21 11:50:00-05:00,61.34,61.34,61.27,61.29,4960.0,61.316,42
2024-02-21 11:55:00-05:00,61.3,61.3,61.24,61.26,6929.0,61.265,60
2024-02-21 12:00:00-05:00,61.24,61.26,61.23,61.25,2926.0,61.239,16
2024-02-21 12:05:00-05:00,61.25,61.25,61.13,61.14,8009.0,61.205,65
2024-02-21 12:10:00-05:00,61.14,61.17,61.07,61.16,16044.0,61.124,133
2024-02-21 12:15:00-05:00,61.16,61.2,61.13,61.14,10282.0,61.17,85
2024-02-21 12:20:00-05:00,61.14,61.19,61.13,61.15,18699.0,61.169,149
2024-02-21 12:25:00-05:00,61.15,61.15,61.03,61.03,6433.0,61.075,48
2024-02-21 12:30:00-05:00,61.05,61.09,61.03,61.07,25797.0,61.061,175
2024-02-21 12:35:00-05:00,61.07,61.09,61.03,61.08,11923.0,61.063,89
2024-02-21 12:40:00-05:00,61.07,61.07,60.99,61.0,13701.0,61.032,108
2024-02-21 12:45:00-05:00,61.0,61.09,60.99,61.08,6338.0,61.045,48
2024-02-21 12:50:00-05:00,61.09,61.16,61.06,61.12,6999.0,61.107,53
2024-02-21 12:55:00-05:00,61.13,61.19,61.11,61.17,3264.0,61.16,23
2024-02-21 13:00:00-05:00,61.18,61.18,61.06,61.13,13032.0,61.122,95
2024-02-21 13:05:00-05:00,61.14,61.32,61.14,61.32,4269.0,61.219,37
2024-02-21 13:10:00-05:00,61.33,61.36,61.32,61.34,2789.0,61.346,21
2024-02-21 13:15:00-05:00,61.35,61.37,61.32,61.37,12412.0,61.347,112
2024-02-21 13:20:00-05:00,61.38,61.43,61.38,61.4,2138.0,61.405,15
2024-02-21 13:25:00-05:00,61.41,61.44,61.4,61.44,1682.0,61.416,11
2024-02-21 13:30:00-05:00,61.44,61.44,61.38,61.43,4892.0,61.42,28
2024-02-21 13:35:00-05:00,61.45,61.6,61.45,61.6,5986.0,61.527,47
2024-02-21 13:40:00-05:00,61.6,61.6,61.5,61.55,18008.0,61.552,116
2024-02-21 13:45:00-05:00,61.54,61.55,61.48,61.54,6571.0,61.521,46
2024-02-21 13:50:00-05:00,61.54,61.55,61.53,61.54,3665.0,61.544,26
2024-02-21 13:55:00-05:00,61.54,61.59,61.53,61.59,8172.0,61.558,73
2024-02-21 14:00:00-05:00,61.57,61.69,61.5,61.68,8009.0,61.578,62
2024-02-21 14:05:00-05:00,61.67,61.68,61.54,61.6,6205.0,61.615,49
2024-02-21 14:10:00-05:00,61.6,61.62,61.55,61.57,3916.0,61.579,28
2024-02-21 14:15:00-05:00,61.56,61.58,61.49,61.5,5803.0,61.553,46
2024-02-21 14:20:00-05:00,61.5,61.52,61.46,61.48,3680.0,61.5,30
2024-02-21 14:25:00-05:00,61.47,61.54,61.44,61.53,7656.0,61.494,56
2024-02-21 14:30:00-05:00,61.52,61.54,61.49,61.52,4082.0,61.51,31
2024-02-21 14:35:00-05:00,61.51,61.54,61.44,61.45,6440.0,61.487,45
2024-02-21 14:40:00-05:00,61.45,61.47,61.43,61.45,5285.0,61.453,36
2024-02-21 14:45:00-05:00,61.46,61.51,61.44,61.5,14749.0,61.481,84
2024-02-21 14:50:00-05:00,61.51,61.51,61.49,61.51,3758.0,61.503,31
2024-02-21 14:55:00-05:00,61.51,61.53,61.43,61.43,9214.0,61.494,63
2024-02-21 15:00:00-05:00,61.43,61.46,61.42,61.45,4530.0,61.441,35
2024-02-21 15:05:00-05:00,61.45,61.49,61.44,61.49,7017.0,61.456,46
2024-02-21 15:10:00-05:00,61.52,61.52,61.43,61.44,9630.0,61.475,66
2024-02-21 15:15:00-05:00,61.42,61.46,61.38,61.39,9178.0,61.418,67
2024-02-21 15:20:00-05:00,61.39,61.39,61.29,61.34,6806.0,61.328,53
2024-02-21 15:25:00-05:00,61.35,61.45,61.34,61.43,10162.0,61.393,76
2024-02-21 15:30:00-05:00,61.43,61.57,61.43,61.57,17051.0,61.504,117
2024-02-21 15:35:00-05:00,61.58,61.69,61.57,61.69,17275.0,61.63,128
2024-02-21 15:40:00-05:00,61.69,61.75,61.67,61.69,12612.0,61.705,92
2024-02-21 15:45:00-05:00,61.68,61.7,61.6,61.63,12820.0,61.656,106
2024-02-21 15:50:00-05:00,61.63,61.67,61.6,61.63,30350.0,61.632,221
2024-02-21 15:55:00-05:00,61.63,61.71,61.63,61.68,75616.0,61.666,399
2024-02-22 09:30:00-05:00,61.63,61.72,61.42,61.58,22612.0,61.628,26
2024-02-22 09:35:00-05:00,61.59,61.72,61.57,61.71,4622.0,61.62,34
2024-02-22 09:40:00-05:00,61.7,61.7,61.38,61.43,6247.0,61.574,53
2024-02-22 09:45:00-05:00,61.48,61.61,61.39,61.57,5652.0,61.47,36
2024-02-22 09:50:00-05:00,61.58,61.7,61.42,61.42,12967.0,61.571,102
2024-02-22 09:55:00-05:00,61.42,61.66,61.42,61.62,8187.0,61.594,70
2024-02-22 10:00:00-05:00,61.62,61.79,61.61,61.73,16637.0,61.672,87
2024-02-22 10:05:00-05:00,61.71,61.73,61.61,61.64,5944.0,61.662,45
2024-02-22 10:10:00-05:00,61.63,61.63,61.5,61.51,5324.0,61.558,45
2024-02-22 10:15:00-05:00,61.52,61.55,61.39,61.41,8291.0,61.467,72
2024-02-22 10:20:00-05:00,61.39,61.42,61.32,61.35,9456.0,61.361,85
2024-02-22 10:25:00-05:00,61.35,61.37,61.24,61.34,12668.0,61.313,87
2024-02-22 10:30:00-05:00,61.32,61.5,61.29,61.48,26699.0,61.39,142
2024-02-22 10:35:00-05:00,61.47,61.47,61.37,61.39,12337.0,61.408,99
2024-02-22 10:40:00-05:00,61.4,61.41,61.3,61.35,18521.0,61.365,137
2024-02-22 10:45:00-05:00,61.35,61.37,61.29,61.35,11583.0,61.341,100
2024-02-22 10:50:00-05:00,61.34,61.47,61.33,61.43,29627.0,61.382,154
2024-02-22 10:55:00-05:00,61.44,61.52,61.44,61.51,10246.0,61.485,86
2024-02-22 11:00:00-05:00,61.52,61.56,61.48,61.52,15079.0,61.523,133
2024-02-22 11:05:00-05:00,61.52,61.55,61.46,61.55,10443.0,61.516,90
2024-02-22 11:10:00-05:00,61.55,61.58,61.49,61.5,9564.0,61.534,74
2024-02-22 11:15:00-05:00,61.5,61.54,61.49,61.53,12082.0,61.51,102
2024-02-22 11:20:00-05:00,61.53,61.56,61.49,61.52,8357.0,61.53,64
2024-02-22 11:25:00-05:00,61.51,61.51,61.43,61.47,8586.0,61.472,70
2024-02-22 11:30:00-05:00,61.47,61.47,61.41,61.46,12376.0,61.448,99
2024-02-22 11:35:00-05:00,61.45,61.49,61.42,61.48,12758.0,61.447,93
2024-02-22 11:40:00-05:00,61.48,61.49,61.44,61.48,7470.0,61.467,58
2024-02-22 11:45:00-05:00,61.47,61.48,61.37,61.4,15993.0,61.43,130
2024-02-22 11:50:00-05:00,61.41,61.43,61.34,61.35,6659.0,61.394,48
2024-02-22 11:55:00-05:00,61.32,61.34,61.28,61.29,12711.0,61.314,104
2024-02-22 12:00:00-05:00,61.26,61.32,61.26,61.31,17611.0,61.293,135
2024-02-22 12:05:00-05:00,61.3,61.36,61.28,61.36,30426.0,61.318,77
2024-02-22 12:10:00-05:00,61.36,61.46,61.29,61.41,31965.0,61.407,124
2024-02-22 12:15:00-05:00,61.43,61.44,61.38,61.39,8390.0,61.418,67
2024-02-22 12:20:00-05:00,61.39,61.47,61.36,61.47,8602.0,61.412,76
2024-02-22 12:25:00-05:00,61.46,61.46,61.44,61.44,2859.0,61.45,23
2024-02-22 12:30:00-05:00,61.44,61.55,61.43,61.55,10281.0,61.489,67
2024-02-22 12:35:00-05:00,61.55,61.58,61.47,61.55,9987.0,61.535,72
2024-02-22 12:40:00-05:00,61.55,61.6,61.54,61.6,3928.0,61.574,30
2024-02-22 12:45:00-05:00,61.59,61.6,61.58,61.6,1813.0,61.59,17
2024-02-22 12:50:00-05:00,61.59,61.59,61.51,61.51,2632.0,61.562,24
2024-02-22 12:55:00-05:00,61.51,61.59,61.5,61.57,5099.0,61.555,37
2024-02-22 13:00:00-05:00,61.56,61.56,61.47,61.54,4149.0,61.524,31
2024-02-22 13:05:00-05:00,61.53,61.6,61.5,61.6,13840.0,61.528,70
2024-02-22 13:10:00-05:00,61.59,61.59,61.48,61.48,6553.0,61.533,49
2024-02-22 13:15:00-05:00,61.47,61.56,61.46,61.56,4535.0,61.519,39
2024-02-22 13:20:00-05:00,61.55,61.61,61.54,61.61,4363.0,61.57,35
2024-02-22 13:25:00-05:00,61.6,61.62,61.59,61.62,2673.0,61.6,22
2024-02-22 13:30:00-05:00,61.63,61.72,61.63,61.72,4228.0,61.671,36
2024-02-22 13:35:00-05:00,61.73,61.8,61.73,61.8,4935.0,61.764,42
2024-02-22 13:40:00-05:00,61.8,61.85,61.8,61.85,4053.0,61.82,30
2024-02-22 13:45:00-05:00,61.85,61.85,61.72,61.81,48418.0,61.778,115
2024-02-22 13:50:00-05:00,61.8,61.8,61.66,61.66,19378.0,61.723,51
2024-02-22 13:55:00-05:00,61.66,61.7,61.66,61.7,6077.0,61.69,53
2024-02-22 14:00:00-05:00,61.7,61.71,61.67,61.68,4553.0,61.69,40
2024-02-22 14:05:00-05:00,61.67,61.69,61.65,61.68,4976.0,61.673,43
2024-02-22 14:10:00-05:00,61.68,61.77,61.68,61.74,22220.0,61.745,91
2024-02-22 14:15:00-05:00,61.75,61.79,61.75,61.77,4965.0,61.766,39
2024-02-22 14:20:00-05:00,61.77,61.78,61.75,61.77,3149.0,61.768,24
2024-02-22 14:25:00-05:00,61.76,61.8,61.76,61.79,4662.0,61.777,38
2024-02-22 14:30:00-05:00,61.78,61.8,61.62,61.62,11741.0,61.725,82
2024-02-22 14:35:00-05:00,61.6,61.79,61.6,61.78,77663.0,61.689,148
2024-02-22 14:40:00-05:00,61.79,61.8,61.72,61.76,25028.0,61.753,110
2024-02-22 14:45:00-05:00,61.77,61.78,61.6,61.61,15196.0,61.704,105
2024-02-22 14:50:00-05:00,61.61,61.65,61.58,61.65,10237.0,61.621,76
2024-02-22 14:55:00-05:00,61.64,61.65,61.53,61.58,14350.0,61.585,84
2024-02-22 15:00:00-05:00,61.58,61.64,61.54,61.61,14668.0,61.587,98
2024-02-22 15:05:00-05:00,61.6,61.62,61.58,61.59,7637.0,61.598,59
2024-02-22 15:10:00-05:00,61.59,61.64,61.56,61.62,16159.0,61.602,127
2024-02-22 15:15:00-05:00,61.62,61.66,61.62,61.66,8246.0,61.634,68
2024-02-22 15:20:00-05:00,61.65,61.72,61.65,61.71,8665.0,61.675,71
2024-02-22 15:25:00-05:00,61.71,61.73,61.67,61.7,12098.0,61.697,97
2024-02-22 15:30:00-05:00,61.69,61.69,61.59,61.6,13289.0,61.641,108
2024-02-22 15:35:00-05:00,61.6,61.64,61.56,61.63,27748.0,61.587,188
2024-02-22 15:40:00-05:00,61.63,61.78,61.63,61.75,21160.0,61.723,161
2024-02-22 15:45:00-05:00,61.74,61.74,61.71,61.74,18815.0,61.727,139
2024-02-22 15:50:00-05:00,61.74,61.75,61.56,61.61,38368.0,61.623,279
2024-02-22 15:55:00-05:00,61.61,61.7,61.58,61.6,115108.0,61.647,680
2024-02-23 09:30:00-05:00,62.03,62.26,61.98,62.22,16893.0,62.06,67
2024-02-23 09:35:00-05:00,62.29,62.43,62.17,62.42,4520.0,62.291,39
2024-02-23 09:40:00-05:00,62.42,62.51,62.36,62.48,5799.0,62.453,48
2024-02-23 09:45:00-05:00,62.42,62.49,62.3,62.48,4024.0,62.421,34
2024-02-23 09:50:00-05:00,62.48,62.48,62.29,62.41,5325.0,62.378,47
2024-02-23 09:55:00-05:00,62.44,62.45,62.25,62.26,13613.0,62.312,86
2024-02-23 10:00:00-05:00,62.3,62.36,62.25,62.29,5248.0,62.305,44
2024-02-23 10:05:00-05:00,62.32,62.43,62.31,62.42,6178.0,62.373,47
2024-02-23 10:10:00-05:00,62.41,62.51,62.38,62.48,7596.0,62.435,44
2024-02-23 10:15:00-05:00,62.5,62.7,62.49,62.69,13872.0,62.588,92
2024-02-23 10:20:00-05:00,62.71,62.71,62.57,62.6,8208.0,62.645,63
2024-02-23 10:25:00-05:00,62.6,62.62,62.56,62.59,6666.0,62.599,58
2024-02-23 10:30:00-05:00,62.59,62.63,62.57,62.59,7160.0,62.594,57
2024-02-23 10:35:00-05:00,62.6,62.62,62.5,62.62,4991.0,62.55,37
2024-02-23 10:40:00-05:00,62.64,62.74,62.63,62.69,8111.0,62.689,62
2024-02-23 10:45:00-05:00,62.7,62.73,62.63,62.67,4770.0,62.677,40
2024-02-23 10:50:00-05:00,62.68,62.72,62.64,62.66,6632.0,62.676,52
2024-02-23 10:55:00-05:00,62.68,62.8,62.67,62.75,5237.0,62.748,43
2024-02-23 11:00:00-05:00,62.75,62.79,62.63,62.63,6731.0,62.722,54
2024-02-23 11:05:00-05:00,62.63,62.71,62.63,62.67,6464.0,62.67,56
2024-02-23 11:10:00-05:00,62.66,62.66,62.58,62.62,4427.0,62.616,40
2024-02-23 11:15:00-05:00,62.61,62.72,62.6,62.71,6263.0,62.658,42
2024-02-23 11:20:00-05:00,62.72,62.79,62.7,62.78,7569.0,62.743,66
2024-02-23 11:25:00-05:00,62.79,62.79,62.7,62.76,5195.0,62.745,40
2024-02-23 11:30:00-05:00,62.76,62.76,62.67,62.7,9133.0,62.722,75
2024-02-23 11:35:00-05:00,62.71,62.73,62.68,62.72,12323.0,62.709,53
2024-02-23 11:40:00-05:00,62.75,62.76,62.66,62.67,8689.0,62.722,73
2024-02-23 11:45:00-05:00,62.65,62.72,62.64,62.7,7128.0,62.688,58
2024-02-23 11:50:00-05:00,62.69,62.7,62.59,62.6,4873.0,62.641,35
2024-02-23 11:55:00-05:00,62.62,62.7,62.57,62.63,8281.0,62.635,68
2024-02-23 12:00:00-05:00,62.63,62.74,62.62,62.74,3834.0,62.673,37
2024-02-23 12:05:00-05:00,62.75,62.94,62.75,62.94,13857.0,62.856,120
2024-02-23 12:10:00-05:00,62.94,62.94,62.87,62.92,13762.0,62.907,118
2024-02-23 12:15:00-05:00,62.92,62.92,62.8,62.89,12035.0,62.846,109
2024-02-23 12:20:00-05:00,62.88,62.89,62.79,62.84,8207.0,62.835,74
2024-02-23 12:25:00-05:00,62.84,62.85,62.75,62.84,16245.0,62.797,127
2024-02-23 12:30:00-05:00,62.85,62.94,62.84,62.91,19508.0,62.884,182
2024-02-23 12:35:00-05:00,62.91,62.92,62.72,62.72,11484.0,62.858,67
2024-02-23 12:40:00-05:00,62.72,62.81,62.66,62.79,16383.0,62.723,137
2024-02-23 12:45:00-05:00,62.8,62.8,62.68,62.71,15808.0,62.749,127
2024-02-23 12:50:00-05:00,62.72,62.73,62.6,62.61,7487.0,62.67,59
2024-02-23 12:55:00-05:00,62.61,62.61,62.5,62.54,6197.0,62.54,52
2024-02-23 13:00:00-05:00,62.55,62.56,62.49,62.54,7785.0,62.52,68
2024-02-23 13:05:00-05:00,62.53,62.57,62.52,62.57,5708.0,62.55,55
2024-02-23 13:10:00-05:00,62.58,62.59,62.54,62.58,6756.0,62.569,53
2024-02-23 13:15:00-05:00,62.58,62.62,62.56,62.56,4325.0,62.589,42
2024-02-23 13:20:00-05:00,62.58,62.65,62.58,62.64,3517.0,62.612,35
2024-02-23 13:25:00-05:00,62.64,62.68,62.61,62.62,9176.0,62.645,73
2024-02-23 13:30:00-05:00,62.62,62.66,62.58,62.58,7155.0,62.634,65
2024-02-23 13:35:00-05:00,62.58,62.59,62.54,62.59,6437.0,62.566,50
2024-02-23 13:40:00-05:00,62.58,62.63,62.52,62.52,9182.0,62.579,74
2024-02-23 13:45:00-05:00,62.54,62.54,62.51,62.51,3550.0,62.52,30
2024-02-23 13:50:00-05:00,62.53,62.54,62.49,62.5,9584.0,62.514,61
2024-02-23 13:55:00-05:00,62.53,62.55,62.49,62.53,8947.0,62.517,74
2024-02-23 14:00:00-05:00,62.53,62.58,62.53,62.54,6529.0,62.55,54
2024-02-23 14:05:00-05:00,62.54,62.61,62.53,62.61,7901.0,62.566,69
2024-02-23 14:10:00-05:00,62.61,62.62,62.51,62.53,7629.0,62.584,61
2024-02-23 14:15:00-05:00,62.54,62.56,62.5,62.53,6372.0,62.54,53
2024-02-23 14:20:00-05:00,62.54,62.55,62.49,62.5,10109.0,62.517,63
2024-02-23 14:25:00-05:00,62.49,62.56,62.49,62.56,10410.0,62.52,57
2024-02-23 14:30:00-05:00,62.55,62.63,62.53,62.63,5881.0,62.57,51
2024-02-23 14:35:00-05:00,62.63,62.65,62.59,62.64,7192.0,62.625,56
2024-02-23 14:40:00-05:00,62.64,62.64,62.59,62.61,9254.0,62.619,68
2024-02-23 14:45:00-05:00,62.61,62.69,62.6,62.69,6574.0,62.648,52
2024-02-23 14:50:00-05:00,62.7,62.71,62.57,62.59,11053.0,62.665,92
2024-02-23 14:55:00-05:00,62.61,62.65,62.61,62.65,4258.0,62.636,39
2024-02-23 15:00:00-05:00,62.65,62.66,62.63,62.66,8478.0,62.648,75
2024-02-23 15:05:00-05:00,62.65,62.68,62.6,62.65,7976.0,62.639,69
2024-02-23 15:10:00-05:00,62.65,62.71,62.65,62.68,11532.0,62.673,91
2024-02-23 15:15:00-05:00,62.69,62.71,62.65,62.66,5632.0,62.681,49
2024-02-23 15:20:00-05:00,62.67,62.69,62.62,62.69,12728.0,62.661,86
2024-02-23 15:25:00-05:00,62.7,62.75,62.6,62.64,12907.0,62.687,103
2024-02-23 15:30:00-05:00,62.65,62.73,62.65,62.73,8238.0,62.686,62
2024-02-23 15:35:00-05:00,62.72,62.74,62.64,62.68,19388.0,62.693,159
2024-02-23 15:40:00-05:00,62.7,62.75,62.67,62.68,22256.0,62.713,159
2024-02-23 15:45:00-05:00,62.68,62.83,62.68,62.82,29739.0,62.777,235
2024-02-23 15:50:00-05:00,62.83,62.89,62.82,62.87,63963.0,62.861,482
2024-02-23 15:55:00-05:00,62.87,62.93,62.87,62.89,148517.0,62.902,884
2024-02-26 09:30:00-05:00,62.69,62.89,62.56,62.85,31562.0,62.698,30
2024-02-26 09:35:00-05:00,62.98,63.08,62.81,62.82,12807.0,62.957,87
2024-02-26 09:40:00-05:00,62.76,62.83,62.63,62.7,12120.0,62.712,55
2024-02-26 09:45:00-05:00,62.71,62.9,62.7,62.88,7560.0,62.78,46
2024-02-26 09:50:00-05:00,62.98,63.07,62.89,62.9,5249.0,62.97,38
2024-02-26 09:55:00-05:00,62.95,63.17,62.95,63.14,10740.0,63.07,54
2024-02-26 10:00:00-05:00,63.17,63.25,63.1,63.13,15869.0,63.168,134
2024-02-26 10:05:00-05:00,63.12,63.23,63.09,63.15,14155.0,63.164,119
2024-02-26 10:10:00-05:00,63.14,63.19,63.06,63.07,11444.0,63.138,81
2024-02-26 10:15:00-05:00,63.09,63.12,62.98,63.08,41191.0,63.071,250
2024-02-26 10:20:00-05:00,63.01,63.14,62.97,63.12,19934.0,63.044,122
2024-02-26 10:25:00-05:00,63.12,63.22,63.1,63.19,5131.0,63.161,33
2024-02-26 10:30:00-05:00,63.2,63.25,63.15,63.19,18753.0,63.204,133
2024-02-26 10:35:00-05:00,63.19,63.29,63.18,63.2,18251.0,63.252,119
2024-02-26 10:40:00-05:00,63.21,63.25,63.17,63.22,32304.0,63.204,126
2024-02-26 10:45:00-05:00,63.2,63.21,63.02,63.18,10761.0,63.094,74
2024-02-26 10:50:00-05:00,63.15,63.22,63.1,63.22,12367.0,63.152,79
2024-02-26 10:55:00-05:00,63.22,63.27,63.15,63.16,5802.0,63.209,41
2024-02-26 11:00:00-05:00,63.18,63.21,63.13,63.18,11908.0,63.175,86
2024-02-26 11:05:00-05:00,63.18,63.24,63.16,63.24,11511.0,63.192,85
2024-02-26 11:10:00-05:00,63.23,63.23,63.07,63.09,22261.0,63.154,144
2024-02-26 11:15:00-05:00,63.08,63.14,63.06,63.13,10671.0,63.111,49
2024-02-26 11:20:00-05:00,63.11,63.12,62.87,62.91,25410.0,62.996,117
2024-02-26 11:25:00-05:00,62.92,62.92,62.78,62.8,23433.0,62.857,166
2024-02-26 11:30:00-05:00,62.79,62.85,62.78,62.84,18382.0,62.82,91
2024-02-26 11:35:00-05:00,62.84,62.86,62.81,62.86,13041.0,62.839,109
2024-02-26 11:40:00-05:00,62.85,62.86,62.71,62.73,8731.0,62.799,61
2024-02-26 11:45:00-05:00,62.74,62.87,62.72,62.87,8235.0,62.801,70
2024-02-26 11:50:00-05:00,62.88,62.9,62.82,62.84,6962.0,62.868,59
2024-02-26 11:55:00-05:00,62.84,62.9,62.83,62.84,12149.0,62.859,90
2024-02-26 12:00:00-05:00,62.83,62.86,62.81,62.82,8259.0,62.834,76
2024-02-26 12:05:00-05:00,62.83,62.86,62.79,62.84,6923.0,62.831,60
2024-02-26 12:10:00-05:00,62.84,62.85,62.81,62.81,6357.0,62.827,53
2024-02-26 12:15:00-05:00,62.81,62.81,62.78,62.8,6205.0,62.791,54
2024-02-26 12:20:00-05:00,62.78,62.84,62.72,62.75,13597.0,62.788,113
2024-02-26 12:25:00-05:00,62.76,62.85,62.75,62.84,14547.0,62.785,68
2024-02-26 12:30:00-05:00,62.81,62.83,62.76,62.78,18213.0,62.79,122
2024-02-26 12:35:00-05:00,62.78,62.86,62.77,62.84,37087.0,62.827,207
2024-02-26 12:40:00-05:00,62.83,62.86,62.82,62.85,9633.0,62.838,67
2024-02-26 12:45:00-05:00,62.86,62.88,62.83,62.83,8090.0,62.864,60
2024-02-26 12:50:00-05:00,62.83,62.92,62.82,62.9,24149.0,62.855,150
2024-02-26 12:55:00-05:00,62.9,62.92,62.88,62.92,7993.0,62.895,64
2024-02-26 13:00:00-05:00,62.92,62.96,62.87,62.96,9147.0,62.931,73
2024-02-26 13:05:00-05:00,62.95,62.99,62.92,62.97,10743.0,62.965,74
2024-02-26 13:10:00-05:00,62.97,63.03,62.96,63.03,4602.0,63.001,30
2024-02-26 13:15:00-05:00,63.04,63.04,62.96,63.0,9451.0,62.985,73
2024-02-26 13:20:00-05:00,63.0,63.03,62.98,63.02,16690.0,63.004,119
2024-02-26 13:25:00-05:00,63.02,63.05,62.98,63.05,19923.0,63.015,109
2024-02-26 13:30:00-05:00,63.05,63.1,63.04,63.08,11444.0,63.073,101
2024-02-26 13:35:00-05:00,63.08,63.09,62.84,62.94,12711.0,62.974,92
2024-02-26 13:40:00-05:00,62.93,62.95,62.84,62.95,8109.0,62.899,54
2024-02-26 13:45:00-05:00,62.96,62.99,62.94,62.95,8721.0,62.968,66
2024-02-26 13:50:00-05:00,62.95,62.99,62.94,62.97,6507.0,62.964,52
2024-02-26 13:55:00-05:00,62.97,62.99,62.94,62.99,9095.0,62.969,72
2024-02-26 14:00:00-05:00,62.99,63.03,62.99,63.01,14459.0,63.012,125
2024-02-26 14:05:00-05:00,63.02,63.05,62.94,62.96,7680.0,63.007,65
2024-02-26 14:10:00-05:00,62.97,62.98,62.89,62.92,11366.0,62.926,99
2024-02-26 14:15:00-05:00,62.92,62.95,62.88,62.95,11229.0,62.912,85
2024-02-26 14:20:00-05:00,62.96,62.96,62.76,62.8,10586.0,62.863,74
2024-02-26 14:25:00-05:00,62.81,62.86,62.8,62.86,6369.0,62.822,33
2024-02-26 14:30:00-05:00,62.87,62.89,62.78,62.81,22914.0,62.843,142
2024-02-26 14:35:00-05:00,62.82,62.82,62.74,62.76,3746.0,62.769,31
2024-02-26 14:40:00-05:00,62.76,62.77,62.72,62.77,7210.0,62.74,52
2024-02-26 14:45:00-05:00,62.76,62.8,62.74,62.77,9030.0,62.773,64
2024-02-26 14:50:00-05:00,62.76,62.81,62.75,62.77,8253.0,62.778,60
2024-02-26 14:55:00-05:00,62.77,62.88,62.77,62.84,8098.0,62.839,62
2024-02-26 15:00:00-05:00,62.85,62.87,62.82,62.84,5579.0,62.847,47
2024-02-26 15:05:00-05:00,62.85,62.85,62.8,62.81,6078.0,62.833,47
2024-02-26 15:10:00-05:00,62.82,62.84,62.79,62.8,6346.0,62.813,50
2024-02-26 15:15:00-05:00,62.81,62.83,62.73,62.74,6030.0,62.782,54
2024-02-26 15:20:00-05:00,62.74,62.81,62.73,62.8,17839.0,62.772,132
2024-02-26 15:25:00-05:00,62.81,62.86,62.74,62.76,13344.0,62.811,118
2024-02-26 15:30:00-05:00,62.76,62.77,62.66,62.72,21159.0,62.731,158
2024-02-26 15:35:00-05:00,62.71,62.75,62.64,62.64,19441.0,62.721,147
2024-02-26 15:40:00-05:00,62.64,62.64,62.49,62.5,18421.0,62.545,115
2024-02-26 15:45:00-05:00,62.5,62.54,62.47,62.52,23917.0,62.505,171
2024-02-26 15:50:00-05:00,62.53,62.53,62.44,62.5,42249.0,62.498,268
2024-02-26 15:55:00-05:00,62.5,62.54,62.37,62.38,128648.0,62.477,573
2024-02-27 09:30:00-05:00,62.72,62.96,62.65,62.87,12661.0,62.754,36
2024-02-27 09:35:00-05:00,62.85,63.49,62.81,63.29,31308.0,63.209,186
2024-02-27 09:40:00-05:00,63.33,63.55,63.2,63.26,10956.0,63.385,95
2024-02-27 09:45:00-05:00,63.18,63.44,63.18,63.29,5781.0,63.301,52
2024-02-27 09:50:00-05:00,63.3,63.32,63.1,63.16,6913.0,63.195,58
2024-02-27 09:55:00-05:00,63.16,63.23,63.11,63.14,12404.0,63.169,82
2024-02-27 10:00:00-05:00,63.1,63.23,62.93,62.94,11162.0,63.057,87
2024-02-27 10:05:00-05:00,62.93,62.99,62.87,62.92,10272.0,62.927,77
2024-02-27 10:10:00-05:00,62.94,62.95,62.66,62.77,15640.0,62.778,123
2024-02-27 10:15:00-05:00,62.77,62.9,62.77,62.78,20890.0,62.813,164
2024-02-27 10:20:00-05:00,62.77,62.77,62.54,62.54,7878.0,62.666,64
2024-02-27 10:25:00-05:00,62.54,62.71,62.54,62.69,18683.0,62.607,128
2024-02-27 10:30:00-05:00,62.7,62.77,62.69,62.74,15240.0,62.724,97
2024-02-27 10:35:00-05:00,62.73,62.76,62.59,62.6,8374.0,62.686,65
2024-02-27 10:40:00-05:00,62.61,62.65,62.57,62.58,9093.0,62.613,64
2024-02-27 10:45:00-05:00,62.58,62.67,62.52,62.67,8766.0,62.592,70
2024-02-27 10:50:00-05:00,62.67,62.73,62.65,62.7,7804.0,62.691,58
2024-02-27 10:55:00-05:00,62.7,62.79,62.68,62.68,14976.0,62.743,118
2024-02-27 11:00:00-05:00,62.7,62.73,62.61,62.68,10164.0,62.663,76
2024-02-27 11:05:00-05:00,62.66,62.71,62.65,62.7,7862.0,62.677,55
2024-02-27 11:10:00-05:00,62.67,62.71,62.62,62.62,6696.0,62.68,39
2024-02-27 11:15:00-05:00,62.65,62.7,62.57,62.61,9222.0,62.633,75
2024-02-27 11:20:00-05:00,62.6,62.64,62.58,62.64,6624.0,62.601,43
2024-02-27 11:25:00-05:00,62.64,62.68,62.53,62.53,11465.0,62.621,81
2024-02-27 11:30:00-05:00,62.55,62.59,62.51,62.59,12377.0,62.561,91
2024-02-27 11:35:00-05:00,62.58,62.67,62.54,62.67,13218.0,62.597,69
2024-02-27 11:40:00-05:00,62.67,62.67,62.59,62.61,6488.0,62.642,50
2024-02-27 11:45:00-05:00,62.59,62.62,62.58,62.6,10623.0,62.6,67
2024-02-27 11:50:00-05:00,62.61,62.62,62.53,62.59,7811.0,62.586,58
2024-02-27 11:55:00-05:00,62.6,62.64,62.59,62.6,7225.0,62.619,52
2024-02-27 12:00:00-05:00,62.62,62.62,62.53,62.53,3946.0,62.568,33
2024-02-27 12:05:00-05:00,62.52,62.52,62.49,62.51,7275.0,62.504,52
2024-02-27 12:10:00-05:00,62.51,62.53,62.48,62.49,6238.0,62.508,48
2024-02-27 12:15:00-05:00,62.48,62.55,62.48,62.55,9029.0,62.51,79
2024-02-27 12:20:00-05:00,62.55,62.56,62.43,62.45,4380.0,62.53,32
2024-02-27 12:25:00-05:00,62.45,62.51,62.44,62.5,7119.0,62.481,56
2024-02-27 12:30:00-05:00,62.5,62.56,62.49,62.56,7738.0,62.508,55
2024-02-27 12:35:00-05:00,62.57,62.58,62.52,62.52,6176.0,62.557,52
2024-02-27 12:40:00-05:00,62.52,62.54,62.48,62.51,5040.0,62.507,42
2024-02-27 12:45:00-05:00,62.51,62.55,62.5,62.53,6557.0,62.527,51
2024-02-27 12:50:00-05:00,62.54,62.59,62.53,62.59,5537.0,62.568,39
2024-02-27 12:55:00-05:00,62.58,62.58,62.53,62.57,8577.0,62.553,70
2024-02-27 13:00:00-05:00,62.56,62.61,62.51,62.6,6751.0,62.561,54
2024-02-27 13:05:00-05:00,62.6,62.61,62.57,62.6,7567.0,62.596,47
2024-02-27 13:10:00-05:00,62.6,62.63,62.57,62.59,11047.0,62.603,81
2024-02-27 13:15:00-05:00,62.59,62.62,62.58,62.61,6122.0,62.597,48
2024-02-27 13:20:00-05:00,62.6,62.63,62.55,62.62,6304.0,62.6,53
2024-02-27 13:25:00-05:00,62.63,62.65,62.6,62.64,13486.0,62.62,94
2024-02-27 13:30:00-05:00,62.64,62.66,62.54,62.64,9661.0,62.608,69
2024-02-27 13:35:00-05:00,62.65,62.77,62.65,62.76,9661.0,62.726,68
2024-02-27 13:40:00-05:00,62.78,62.78,62.67,62.67,6238.0,62.72,47
2024-02-27 13:45:00-05:00,62.67,62.76,62.62,62.76,10153.0,62.673,80
2024-02-27 13:50:00-05:00,62.77,62.84,62.76,62.78,16844.0,62.807,133
2024-02-27 13:55:00-05:00,62.78,62.79,62.7,62.7,6649.0,62.747,52
2024-02-27 14:00:00-05:00,62.7,62.7,62.65,62.67,12209.0,62.674,95
2024-02-27 14:05:00-05:00,62.67,62.76,62.67,62.73,10842.0,62.725,79
2024-02-27 14:10:00-05:00,62.72,62.72,62.63,62.63,5952.0,62.678,43
2024-02-27 14:15:00-05:00,62.63,62.71,62.63,62.63,13047.0,62.676,106
2024-02-27 14:20:00-05:00,62.62,62.64,62.58,62.61,9168.0,62.61,80
2024-02-27 14:25:00-05:00,62.61,62.64,62.6,62.61,9437.0,62.623,81
2024-02-27 14:30:00-05:00,62.61,62.65,62.55,62.56,13292.0,62.6,106
2024-02-27 14:35:00-05:00,62.55,62.56,62.42,62.42,12231.0,62.494,90
2024-02-27 14:40:00-05:00,62.43,62.44,62.32,62.35,21105.0,62.376,156
2024-02-27 14:45:00-05:00,62.34,62.41,62.3,62.37,18787.0,62.357,144
2024-02-27 14:50:00-05:00,62.37,62.46,62.36,62.43,10372.0,62.41,91
2024-02-27 14:55:00-05:00,62.43,62.49,62.39,62.46,15647.0,62.441,118
2024-02-27 15:00:00-05:00,62.47,62.56,62.47,62.56,10892.0,62.516,87
2024-02-27 15:05:00-05:00,62.57,62.58,62.53,62.55,11246.0,62.554,100
2024-02-27 15:10:00-05:00,62.55,62.59,62.52,62.55,10159.0,62.558,81
2024-02-27 15:15:00-05:00,62.55,62.58,62.51,62.52,14396.0,62.548,86
2024-02-27 15:20:00-05:00,62.51,62.59,62.5,62.59,12532.0,62.535,92
2024-02-27 15:25:00-05:00,62.61,62.67,62.58,62.59,12570.0,62.618,93
2024-02-27 15:30:00-05:00,62.59,62.61,62.54,62.59,19482.0,62.583,149
2024-02-27 15:35:00-05:00,62.59,62.63,62.55,62.58,12790.0,62.594,109
2024-02-27 15:40:00-05:00,62.57,62.62,62.54,62.6,38473.0,62.573,302
2024-02-27 15:45:00-05:00,62.59,62.6,62.41,62.43,51029.0,62.512,409
2024-02-27 15:50:00-05:00,62.44,62.59,62.43,62.53,84935.0,62.533,627
2024-02-27 15:55:00-05:00,62.53,62.66,62.51,62.62,126705.0,62.575,820
2024-02-28 09:30:00-05:00,62.21,62.62,62.19,62.62,23478.0,62.277,52
2024-02-28 09:35:00-05:00,62.58,62.64,62.43,62.45,6556.0,62.545,56
2024-02-28 09:40:00-05:00,62.52,62.8,62.51,62.78,5517.0,62.662,50
2024-02-28 09:45:00-05:00,62.77,63.04,62.77,62.91,15847.0,62.943,125
2024-02-28 09:50:00-05:00,62.92,63.07,62.86,62.88,10475.0,62.947,72
2024-02-28 09:55:00-05:00,62.89,63.04,62.84,63.0,18979.0,62.955,101
2024-02-28 10:00:00-05:00,63.02,63.07,62.88,63.04,13687.0,63.011,72
2024-02-28 10:05:00-05:00,63.04,63.11,63.01,63.07,15127.0,63.051,120
2024-02-28 10:10:00-05:00,63.04,63.09,63.01,63.08,6684.0,63.06,56
2024-02-28 10:15:00-05:00,63.05,63.09,62.94,62.95,8889.0,63.022,72
2024-02-28 10:20:00-05:00,62.97,63.06,62.97,63.05,15086.0,63.032,90
2024-02-28 10:25:00-05:00,63.05,63.14,63.05,63.09,11557.0,63.086,66
2024-02-28 10:30:00-05:00,63.07,63.13,63.07,63.12,11819.0,63.101,91
2024-02-28 10:35:00-05:00,63.13,63.16,63.07,63.08,17207.0,63.11,147
2024-02-28 10:40:00-05:00,63.07,63.22,63.07,63.19,9199.0,63.154,85
2024-02-28 10:45:00-05:00,63.2,63.25,63.13,63.21,12339.0,63.189,100
2024-02-28 10:50:00-05:00,63.21,63.31,63.21,63.24,12712.0,63.265,111
2024-02-28 10:55:00-05:00,63.25,63.33,63.24,63.26,11031.0,63.29,89
2024-02-28 11:00:00-05:00,63.27,63.3,63.17,63.2,6997.0,63.238,60
2024-02-28 11:05:00-05:00,63.2,63.23,63.15,63.16,7006.0,63.191,63
2024-02-28 11:10:00-05:00,63.16,63.16,63.09,63.13,10372.0,63.146,77
2024-02-28 11:15:00-05:00,63.14,63.15,63.01,63.03,6057.0,63.094,53
2024-02-28 11:20:00-05:00,63.03,63.06,63.0,63.04,5483.0,63.044,50
2024-02-28 11:25:00-05:00,63.03,63.05,62.98,63.02,8559.0,63.02,70
2024-02-28 11:30:00-05:00,63.02,63.02,62.92,62.96,6258.0,62.981,46
2024-02-28 11:35:00-05:00,62.96,63.03,62.96,63.0,7631.0,62.993,63
2024-02-28 11:40:00-05:00,63.02,63.02,62.9,62.91,4875.0,62.985,37
2024-02-28 11:45:00-05:00,62.93,62.97,62.9,62.96,2968.0,62.932,22
2024-02-28 11:50:00-05:00,62.96,62.97,62.91,62.93,6758.0,62.937,46
2024-02-28 11:55:00-05:00,62.94,62.98,62.9,62.94,7408.0,62.935,62
2024-02-28 12:00:00-05:00,62.94,62.96,62.91,62.95,5914.0,62.942,49
2024-02-28 12:05:00-05:00,62.96,62.99,62.91,62.95,9426.0,62.944,80
2024-02-28 12:10:00-05:00,62.95,63.03,62.92,62.94,28304.0,62.998,85
2024-02-28 12:15:00-05:00,62.95,62.96,62.82,62.89,21745.0,62.87,59
2024-02-28 12:20:00-05:00,62.86,62.95,62.86,62.92,7288.0,62.895,48
2024-02-28 12:25:00-05:00,62.92,62.96,62.9,62.95,12705.0,62.931,75
2024-02-28 12:30:00-05:00,62.93,62.93,62.79,62.81,5996.0,62.86,47
2024-02-28 12:35:00-05:00,62.82,62.87,62.8,62.8,4813.0,62.833,33
2024-02-28 12:40:00-05:00,62.8,62.87,62.8,62.87,5540.0,62.823,41
2024-02-28 12:45:00-05:00,62.84,62.85,62.58,62.65,22465.0,62.676,141
2024-02-28 12:50:00-05:00,62.64,62.75,62.57,62.75,23694.0,62.658,123
2024-02-28 12:55:00-05:00,62.75,62.82,62.72,62.72,5464.0,62.77,49
2024-02-28 13:00:00-05:00,62.71,62.71,62.65,62.69,4934.0,62.687,43
2024-02-28 13:05:00-05:00,62.67,62.69,62.59,62.64,5896.0,62.639,54
2024-02-28 13:10:00-05:00,62.64,62.67,62.61,62.66,3717.0,62.642,35
2024-02-28 13:15:00-05:00,62.66,62.66,62.59,62.64,4815.0,62.638,44
2024-02-28 13:20:00-05:00,62.63,62.66,62.62,62.64,3764.0,62.642,33
2024-02-28 13:25:00-05:00,62.61,62.7,62.61,62.7,9566.0,62.669,72
2024-02-28 13:30:00-05:00,62.69,62.72,62.67,62.72,6777.0,62.691,57
2024-02-28 13:35:00-05:00,62.72,62.73,62.64,62.66,8299.0,62.682,54
2024-02-28 13:40:00-05:00,62.67,62.7,62.64,62.69,7924.0,62.674,57
2024-02-28 13:45:00-05:00,62.69,62.75,62.66,62.74,8410.0,62.693,44
2024-02-28 13:50:00-05:00,62.73,62.85,62.73,62.85,5693.0,62.81,49
2024-02-28 13:55:00-05:00,62.86,63.0,62.86,62.96,19280.0,62.939,141
2024-02-28 14:00:00-05:00,62.96,62.97,62.9,62.9,6514.0,62.939,50
2024-02-28 14:05:00-05:00,62.88,62.88,62.75,62.87,9539.0,62.821,51
2024-02-28 14:10:00-05:00,62.86,62.86,62.73,62.75,6603.0,62.8,54
2024-02-28 14:15:00-05:00,62.73,62.83,62.73,62.83,4477.0,62.79,32
2024-02-28 14:20:00-05:00,62.83,62.88,62.81,62.86,10010.0,62.851,82
2024-02-28 14:25:00-05:00,62.86,62.88,62.77,62.77,9480.0,62.839,73
2024-02-28 14:30:00-05:00,62.76,62.76,62.68,62.7,6633.0,62.736,54
2024-02-28 14:35:00-05:00,62.68,62.68,62.6,62.66,11929.0,62.637,71
2024-02-28 14:40:00-05:00,62.65,62.68,62.64,62.67,4502.0,62.662,38
2024-02-28 14:45:00-05:00,62.66,62.7,62.6,62.61,10580.0,62.655,79
2024-02-28 14:50:00-05:00,62.62,62.67,62.6,62.67,7547.0,62.628,59
2024-02-28 14:55:00-05:00,62.66,62.68,62.55,62.57,16170.0,62.619,88
2024-02-28 15:00:00-05:00,62.56,62.69,62.56,62.69,9553.0,62.647,66
2024-02-28 15:05:00-05:00,62.68,62.68,62.63,62.66,5982.0,62.657,42
2024-02-28 15:10:00-05:00,62.66,62.73,62.63,62.73,9374.0,62.693,78
2024-02-28 15:15:00-05:00,62.72,62.74,62.67,62.68,7278.0,62.712,55
2024-02-28 15:20:00-05:00,62.68,62.69,62.63,62.67,9913.0,62.656,84
2024-02-28 15:25:00-05:00,62.67,62.72,62.65,62.71,8549.0,62.688,71
2024-02-28 15:30:00-05:00,62.72,62.73,62.66,62.68,13520.0,62.708,108
2024-02-28 15:35:00-05:00,62.67,62.67,62.61,62.61,10146.0,62.649,84
2024-02-28 15:40:00-05:00,62.61,62.63,62.56,62.63,10747.0,62.593,80
2024-02-28 15:45:00-05:00,62.64,62.66,62.58,62.66,21051.0,62.626,165
2024-02-28 15:50:00-05:00,62.66,62.67,62.53,62.65,43562.0,62.601,302
2024-02-28 15:55:00-05:00,62.66,62.84,62.66,62.83,98137.0,62.791,619
2024-02-29 09:30:00-05:00,62.92,63.45,62.92,63.38,23562.0,63.055,73
2024-02-29 09:35:00-05:00,63.34,64.11,63.33,64.11,34205.0,63.796,231
2024-02-29 09:40:00-05:00,64.11,64.35,63.99,64.33,55353.0,64.167,285
2024-02-29 09:45:00-05:00,64.36,64.5,64.04,64.26,108158.0,64.261,666
2024-02-29 09:50:00-05:00,64.22,64.43,64.2,64.29,36051.0,64.275,290
2024-02-29 09:55:00-05:00,64.28,64.39,64.09,64.18,55924.0,64.239,323
2024-02-29 10:00:00-05:00,64.13,64.18,63.83,63.89,26228.0,64.019,177
2024-02-29 10:05:00-05:00,63.85,63.88,63.58,63.6,11361.0,63.733,82
2024-02-29 10:10:00-05:00,63.61,63.68,63.52,63.53,24671.0,63.599,123
2024-02-29 10:15:00-05:00,63.54,63.79,63.53,63.71,18601.0,63.683,111
2024-02-29 10:20:00-05:00,63.71,63.82,63.66,63.73,22317.0,63.724,165
2024-02-29 10:25:00-05:00,63.75,63.92,63.75,63.92,9936.0,63.837,72
2024-02-29 10:30:00-05:00,63.95,64.11,63.86,64.0,23052.0,64.013,175
2024-02-29 10:35:00-05:00,64.0,64.17,63.98,64.12,19695.0,64.103,157
2024-02-29 10:40:00-05:00,64.12,64.19,64.06,64.1,20929.0,64.121,161
2024-02-29 10:45:00-05:00,64.08,64.18,64.0,64.18,17146.0,64.073,126
2024-02-29 10:50:00-05:00,64.17,64.17,63.95,63.96,9376.0,64.039,71
2024-02-29 10:55:00-05:00,63.96,64.08,63.94,63.95,13969.0,64.024,107
2024-02-29 11:00:00-05:00,63.96,63.96,63.86,63.94,11459.0,63.923,94
2024-02-29 11:05:00-05:00,63.94,64.11,63.94,64.11,17621.0,64.027,130
2024-02-29 11:10:00-05:00,64.09,64.11,64.02,64.07,10737.0,64.061,94
2024-02-29 11:15:00-05:00,64.08,64.19,64.08,64.16,13719.0,64.147,106
2024-02-29 11:20:00-05:00,64.16,64.2,64.06,64.11,11812.0,64.139,99
2024-02-29 11:25:00-05:00,64.12,64.12,64.0,64.0,10704.0,64.075,80
2024-02-29 11:30:00-05:00,63.98,64.01,63.88,63.9,9559.0,63.955,78
2024-02-29 11:35:00-05:00,63.87,63.89,63.76,63.79,6745.0,63.798,39
2024-02-29 11:40:00-05:00,63.76,63.81,63.65,63.71,11908.0,63.751,94
2024-02-29 11:45:00-05:00,63.7,63.79,63.66,63.75,7330.0,63.74,54
2024-02-29 11:50:00-05:00,63.74,63.76,63.68,63.69,4401.0,63.727,30
2024-02-29 11:55:00-05:00,63.7,63.72,63.66,63.66,4891.0,63.692,34
2024-02-29 12:00:00-05:00,63.67,63.74,63.63,63.63,5672.0,63.684,40
2024-02-29 12:05:00-05:00,63.59,63.63,63.57,63.57,4394.0,63.598,38
2024-02-29 12:10:00-05:00,63.58,63.58,63.54,63.55,3496.0,63.561,31
2024-02-29 12:15:00-05:00,63.57,63.68,63.57,63.67,8034.0,63.614,68
2024-02-29 12:20:00-05:00,63.68,63.73,63.68,63.73,3406.0,63.705,29
2024-02-29 12:25:00-05:00,63.73,63.73,63.67,63.69,4745.0,63.707,38
2024-02-29 12:30:00-05:00,63.7,63.73,63.64,63.73,5191.0,63.69,45
2024-02-29 12:35:00-05:00,63.75,63.87,63.72,63.87,11049.0,63.784,97
2024-02-29 12:40:00-05:00,63.86,63.95,63.84,63.94,10147.0,63.894,79
2024-02-29 12:45:00-05:00,63.94,63.97,63.9,63.91,5701.0,63.935,49
2024-02-29 12:50:00-05:00,63.91,63.97,63.91,63.93,7576.0,63.937,61
2024-02-29 12:55:00-05:00,63.92,63.93,63.85,63.91,8144.0,63.894,66
2024-02-29 13:00:00-05:00,63.92,63.92,63.84,63.9,7477.0,63.881,61
2024-02-29 13:05:00-05:00,63.9,63.92,63.86,63.92,8754.0,63.884,53
2024-02-29 13:10:00-05:00,63.93,63.98,63.92,63.98,4106.0,63.95,36
2024-02-29 13:15:00-05:00,63.98,63.98,63.86,63.91,10230.0,63.904,83
2024-02-29 13:20:00-05:00,63.96,63.96,63.85,63.88,6764.0,63.909,63
2024-02-29 13:25:00-05:00,63.88,63.93,63.88,63.89,6827.0,63.899,52
2024-02-29 13:30:00-05:00,63.89,63.96,63.88,63.94,7302.0,63.93,62
2024-02-29 13:35:00-05:00,63.94,63.95,63.85,63.85,7361.0,63.896,63
2024-02-29 13:40:00-05:00,63.85,63.91,63.84,63.9,8118.0,63.863,58
2024-02-29 13:45:00-05:00,63.9,63.91,63.86,63.87,11460.0,63.886,81
2024-02-29 13:50:00-05:00,63.86,63.87,63.82,63.85,6567.0,63.846,57
2024-02-29 13:55:00-05:00,63.88,63.89,63.83,63.89,6916.0,63.865,53
2024-02-29 14:00:00-05:00,63.89,63.94,63.89,63.94,4902.0,63.922,41
2024-02-29 14:05:00-05:00,63.94,63.94,63.87,63.91,6372.0,63.904,51
2024-02-29 14:10:00-05:00,63.92,63.94,63.86,63.88,7982.0,63.904,68
2024-02-29 14:15:00-05:00,63.9,63.97,63.86,63.94,6631.0,63.926,58
2024-02-29 14:20:00-05:00,63.94,63.96,63.91,63.94,5943.0,63.932,52
2024-02-29 14:25:00-05:00,63.93,63.97,63.87,63.91,6018.0,63.922,52
2024-02-29 14:30:00-05:00,63.92,64.0,63.92,63.95,6672.0,63.961,56
2024-02-29 14:35:00-05:00,63.95,63.97,63.93,63.97,5121.0,63.949,44
2024-02-29 14:40:00-05:00,63.98,64.01,63.98,63.99,6688.0,63.994,54
2024-02-29 14:45:00-05:00,63.99,64.07,63.99,64.01,7308.0,64.034,61
2024-02-29 14:50:00-05:00,64.0,64.06,64.0,64.03,5961.0,64.034,48
2024-02-29 14:55:00-05:00,64.03,64.07,64.0,64.03,8443.0,64.028,73
2024-02-29 15:00:00-05:00,64.04,64.11,64.03,64.09,8056.0,64.077,66
2024-02-29 15:05:00-05:00,64.09,64.14,64.08,64.14,5955.0,64.105,53
2024-02-29 15:10:00-05:00,64.14,64.19,64.11,64.14,29631.0,64.155,193
2024-02-29 15:15:00-05:00,64.15,64.18,64.09,64.09,16123.0,64.149,117
2024-02-29 15:20:00-05:00,64.08,64.08,63.96,64.01,14055.0,64.013,92
2024-02-29 15:25:00-05:00,64.0,64.03,63.97,64.01,6649.0,63.996,56
2024-02-29 15:30:00-05:00,64.02,64.05,64.01,64.04,12513.0,64.024,90
2024-02-29 15:35:00-05:00,64.04,64.08,63.98,64.06,14315.0,64.035,114
2024-02-29 15:40:00-05:00,64.06,64.18,64.06,64.17,19534.0,64.139,138
2024-02-29 15:45:00-05:00,64.18,64.27,64.16,64.22,31060.0,64.215,245
2024-02-29 15:50:00-05:00,64.24,64.26,64.12,64.25,81378.0,64.208,580
2024-02-29 15:55:00-05:00,64.25,64.29,64.0,64.0,225683.0,64.113,1164
2024-03-01 09:30:00-05:00,63.71,64.0,63.63,63.65,19810.0,63.736,50
2024-03-01 09:35:00-05:00,63.61,63.64,63.4,63.4,4456.0,63.549,33
2024-03-01 09:40:00-05:00,63.4,63.49,63.27,63.3,3721.0,63.376,32
2024-03-01 09:45:00-05:00,63.29,63.38,63.14,63.38,3611.0,63.25,33
2024-03-01 09:50:00-05:00,63.36,63.36,63.09,63.29,12809.0,63.213,114
2024-03-01 09:55:00-05:00,63.23,63.53,63.22,63.53,11766.0,63.29,42
2024-03-01 10:00:00-05:00,63.53,63.74,63.53,63.67,12889.0,63.613,85
2024-03-01 10:05:00-05:00,63.7,63.98,63.7,63.97,6921.0,63.873,57
2024-03-01 10:10:00-05:00,63.97,64.04,63.88,64.02,8849.0,63.974,78
2024-03-01 10:15:00-05:00,63.96,64.09,63.95,64.07,5105.0,64.029,41
2024-03-01 10:20:00-05:00,64.09,64.27,64.09,64.24,6892.0,64.198,60
2024-03-01 10:25:00-05:00,64.25,64.35,64.22,64.26,7449.0,64.283,67
2024-03-01 10:30:00-05:00,64.27,64.32,64.06,64.1,10681.0,64.211,76
2024-03-01 10:35:00-05:00,64.1,64.15,64.04,64.11,9071.0,64.094,66
2024-03-01 10:40:00-05:00,64.11,64.19,64.11,64.16,6948.0,64.152,61
2024-03-01 10:45:00-05:00,64.18,64.2,64.07,64.07,6154.0,64.145,55
2024-03-01 10:50:00-05:00,64.06,64.24,64.06,64.18,10658.0,64.151,85
2024-03-01 10:55:00-05:00,64.17,64.18,64.03,64.08,15496.0,64.099,103
2024-03-01 11:00:00-05:00,64.08,64.11,64.04,64.07,12757.0,64.074,72
2024-03-01 11:05:00-05:00,64.09,64.13,64.06,64.1,9929.0,64.096,62
2024-03-01 11:10:00-05:00,64.09,64.12,64.06,64.07,8235.0,64.09,58
2024-03-01 11:15:00-05:00,64.06,64.07,64.0,64.05,8554.0,64.038,66
2024-03-01 11:20:00-05:00,64.06,64.11,63.89,63.91,15233.0,64.008,107
2024-03-01 11:25:00-05:00,63.92,63.92,63.81,63.81,9642.0,63.868,69
2024-03-01 11:30:00-05:00,63.77,63.86,63.77,63.8,7225.0,63.799,44
2024-03-01 11:35:00-05:00,63.8,63.87,63.7,63.86,13774.0,63.797,114
2024-03-01 11:40:00-05:00,63.85,63.86,63.7,63.7,12291.0,63.768,78
2024-03-01 11:45:00-05:00,63.74,63.98,63.74,63.96,11842.0,63.849,93
2024-03-01 11:50:00-05:00,63.96,63.98,63.9,63.95,3167.0,63.951,30
2024-03-01 11:55:00-05:00,63.99,64.03,63.95,64.01,7834.0,64.0,55
2024-03-01 12:00:00-05:00,64.02,64.13,64.01,64.11,7491.0,64.079,43
2024-03-01 12:05:00-05:00,64.11,64.12,64.04,64.06,4638.0,64.079,42
2024-03-01 12:10:00-05:00,64.06,64.13,64.05,64.12,4958.0,64.1,37
2024-03-01 12:15:00-05:00,64.14,64.15,64.07,64.14,8180.0,64.113,59
2024-03-01 12:20:00-05:00,64.14,64.14,64.07,64.1,4988.0,64.105,43
2024-03-01 12:25:00-05:00,64.09,64.13,64.07,64.08,4979.0,64.091,42
2024-03-01 12:30:00-05:00,64.1,64.15,64.08,64.14,5252.0,64.112,47
2024-03-01 12:35:00-05:00,64.13,64.15,64.05,64.05,6652.0,64.109,55
2024-03-01 12:40:00-05:00,64.06,64.1,64.03,64.09,5668.0,64.07,44
2024-03-01 12:45:00-05:00,64.1,64.15,64.07,64.13,7819.0,64.106,64
2024-03-01 12:50:00-05:00,64.13,64.14,64.01,64.02,5982.0,64.071,45
2024-03-01 12:55:00-05:00,64.03,64.03,63.97,63.98,4652.0,63.993,40
2024-03-01 13:00:00-05:00,63.96,64.04,63.94,64.02,4314.0,63.997,28
2024-03-01 13:05:00-05:00,63.99,64.01,63.97,63.98,3922.0,63.992,35
2024-03-01 13:10:00-05:00,63.98,64.03,63.95,63.96,6639.0,63.993,47
2024-03-01 13:15:00-05:00,63.96,63.98,63.87,63.9,5933.0,63.925,53
2024-03-01 13:20:00-05:00,63.9,63.96,63.85,63.96,7368.0,63.907,58
2024-03-01 13:25:00-05:00,63.96,63.98,63.88,63.88,4493.0,63.944,41
2024-03-01 13:30:00-05:00,63.89,63.89,63.85,63.86,4009.0,63.866,24
2024-03-01 13:35:00-05:00,63.86,63.95,63.86,63.94,8572.0,63.903,69
2024-03-01 13:40:00-05:00,63.94,63.94,63.9,63.94,5306.0,63.922,47
2024-03-01 13:45:00-05:00,63.94,63.98,63.93,63.96,5003.0,63.955,42
2024-03-01 13:50:00-05:00,63.95,64.0,63.95,63.96,5128.0,63.969,42
2024-03-01 13:55:00-05:00,63.98,64.05,63.97,64.05,5797.0,64.011,48
2024-03-01 14:00:00-05:00,64.07,64.13,64.07,64.13,4350.0,64.089,37
2024-03-01 14:05:00-05:00,64.13,64.13,63.95,64.08,11974.0,64.029,92
2024-03-01 14:10:00-05:00,64.07,64.12,64.05,64.11,12855.0,64.082,59
2024-03-01 14:15:00-05:00,64.12,64.12,64.05,64.05,5102.0,64.091,41
2024-03-01 14:20:00-05:00,64.04,64.05,63.97,64.05,7389.0,64.014,65
2024-03-01 14:25:00-05:00,64.05,64.13,64.04,64.13,6777.0,64.087,59
2024-03-01 14:30:00-05:00,64.12,64.12,64.04,64.07,6599.0,64.077,56
2024-03-01 14:35:00-05:00,64.08,64.11,64.07,64.08,6376.0,64.09,58
2024-03-01 14:40:00-05:00,64.07,64.1,64.06,64.07,6968.0,64.087,55
2024-03-01 14:45:00-05:00,64.06,64.08,64.04,64.06,8682.0,64.063,74
2024-03-01 14:50:00-05:00,64.06,64.15,64.06,64.12,9484.0,64.107,85
2024-03-01 14:55:00-05:00,64.13,64.19,64.12,64.17,14746.0,64.158,105
2024-03-01 15:00:00-05:00,64.16,64.16,64.08,64.14,9660.0,64.127,73
2024-03-01 15:05:00-05:00,64.14,64.2,64.11,64.19,17720.0,64.149,150
2024-03-01 15:10:00-05:00,64.18,64.22,64.17,64.21,11402.0,64.187,105
2024-03-01 15:15:00-05:00,64.2,64.25,64.19,64.23,11589.0,64.209,80
2024-03-01 15:20:00-05:00,64.22,64.27,64.18,64.2,15331.0,64.217,133
2024-03-01 15:25:00-05:00,64.21,64.25,64.21,64.24,12063.0,64.232,98
2024-03-01 15:30:00-05:00,64.24,64.32,64.23,64.29,22250.0,64.267,118
2024-03-01 15:35:00-05:00,64.32,64.32,64.2,64.2,19447.0,64.252,147
2024-03-01 15:40:00-05:00,64.2,64.28,64.15,64.26,17451.0,64.219,135
2024-03-01 15:45:00-05:00,64.25,64.31,64.23,64.27,30490.0,64.26,204
2024-03-01 15:50:00-05:00,64.25,64.3,64.16,64.26,52912.0,64.266,356
2024-03-01 15:55:00-05:00,64.26,64.33,64.24,64.28,131712.0,64.294,864
2024-03-04 09:30:00-05:00,65.2,65.43,64.84,65.28,43800.0,65.2,91
2024-03-04 09:35:00-05:00,65.36,65.44,65.05,65.44,34841.0,65.242,144
2024-03-04 09:40:00-05:00,65.43,65.5,65.31,65.49,13392.0,65.412,86
2024-03-04 09:45:00-05:00,65.49,65.5,65.14,65.14,33523.0,65.423,167
2024-03-04 09:50:00-05:00,65.16,65.2,64.92,65.12,20219.0,65.06,128
2024-03-04 09:55:00-05:00,65.09,65.19,65.02,65.09,13643.0,65.093,99
2024-03-04 10:00:00-05:00,65.03,65.07,64.95,64.98,16232.0,65.015,81
2024-03-04 10:05:00-05:00,64.98,65.0,64.66,64.76,31009.0,64.824,199
2024-03-04 10:10:00-05:00,64.76,64.92,64.75,64.8,19961.0,64.812,118
2024-03-04 10:15:00-05:00,64.79,64.96,64.78,64.87,34384.0,64.887,166
2024-03-04 10:20:00-05:00,64.88,65.1,64.88,65.09,18173.0,64.953,110
2024-03-04 10:25:00-05:00,65.11,65.15,64.98,65.0,14693.0,65.093,109
2024-03-04 10:30:00-05:00,65.02,65.02,64.93,64.97,26967.0,64.967,195
2024-03-04 10:35:00-05:00,64.97,64.97,64.82,64.89,28887.0,64.877,144
2024-03-04 10:40:00-05:00,64.89,65.01,64.87,65.01,10220.0,64.919,76
2024-03-04 10:45:00-05:00,65.02,65.02,64.94,65.0,21454.0,64.974,134
2024-03-04 10:50:00-05:00,64.98,65.02,64.89,64.91,22391.0,64.949,120
2024-03-04 10:55:00-05:00,64.91,64.96,64.89,64.91,17946.0,64.924,127
2024-03-04 11:00:00-05:00,64.92,64.96,64.85,64.96,16217.0,64.891,113
2024-03-04 11:05:00-05:00,64.96,65.0,64.9,64.99,23893.0,64.948,154
2024-03-04 11:10:00-05:00,64.99,65.04,64.93,65.03,25886.0,64.985,158
2024-03-04 11:15:00-05:00,65.04,65.08,64.97,65.0,33036.0,65.002,181
2024-03-04 11:20:00-05:00,65.0,65.03,64.78,64.83,38538.0,64.879,188
2024-03-04 11:25:00-05:00,64.83,64.89,64.79,64.87,7711.0,64.831,48
2024-03-04 11:30:00-05:00,64.87,64.87,64.61,64.67,17688.0,64.726,154
2024-03-04 11:35:00-05:00,64.67,64.72,64.62,64.66,16555.0,64.66,89
2024-03-04 11:40:00-05:00,64.67,64.74,64.65,64.72,7977.0,64.689,62
2024-03-04 11:45:00-05:00,64.73,64.87,64.73,64.79,14559.0,64.82,81
2024-03-04 11:50:00-05:00,64.8,64.94,64.79,64.83,47291.0,64.883,140
2024-03-04 11:55:00-05:00,64.84,64.93,64.82,64.9,25469.0,64.874,147
2024-03-04 12:00:00-05:00,64.9,64.96,64.81,64.91,31331.0,64.879,177
2024-03-04 12:05:00-05:00,64.91,64.92,64.88,64.91,11359.0,64.902,73
2024-03-04 12:10:00-05:00,64.9,64.91,64.83,64.84,10225.0,64.879,47
2024-03-04 12:15:00-05:00,64.85,64.85,64.77,64.83,14760.0,64.793,92
2024-03-04 12:20:00-05:00,64.83,64.86,64.78,64.86,17624.0,64.828,101
2024-03-04 12:25:00-05:00,64.86,64.88,64.68,64.79,71059.0,64.819,334
2024-03-04 12:30:00-05:00,64.79,64.96,64.76,64.92,35147.0,64.856,177
2024-03-04 12:35:00-05:00,64.9,64.92,64.87,64.89,6599.0,64.883,55
2024-03-04 12:40:00-05:00,64.9,64.91,64.88,64.9,6624.0,64.897,60
2024-03-04 12:45:00-05:00,64.89,64.92,64.87,64.92,7100.0,64.893,64
2024-03-04 12:50:00-05:00,64.91,64.97,64.85,64.96,8177.0,64.913,75
2024-03-04 12:55:00-05:00,64.96,64.97,64.92,64.95,10294.0,64.946,73
2024-03-04 13:00:00-05:00,64.95,64.98,64.87,64.98,8931.0,64.929,74
2024-03-04 13:05:00-05:00,64.98,65.02,64.91,64.96,24198.0,64.977,136
2024-03-04 13:10:00-05:00,64.92,64.99,64.92,64.94,8447.0,64.957,64
2024-03-04 13:15:00-05:00,64.94,64.94,64.8,64.81,14231.0,64.904,112
2024-03-04 13:20:00-05:00,64.81,64.81,64.66,64.67,7516.0,64.736,63
2024-03-04 13:25:00-05:00,64.67,64.67,64.58,64.58,7814.0,64.622,45
2024-03-04 13:30:00-05:00,64.58,64.6,64.53,64.59,12099.0,64.566,79
2024-03-04 13:35:00-05:00,64.59,64.6,64.48,64.51,8417.0,64.546,55
2024-03-04 13:40:00-05:00,64.51,64.56,64.49,64.52,6847.0,64.528,64
2024-03-04 13:45:00-05:00,64.52,64.61,64.52,64.61,9178.0,64.578,64
2024-03-04 13:50:00-05:00,64.61,64.71,64.61,64.7,5916.0,64.661,51
2024-03-04 13:55:00-05:00,64.7,64.7,64.61,64.64,5072.0,64.641,45
2024-03-04 14:00:00-05:00,64.64,64.67,64.63,64.64,3383.0,64.652,31
2024-03-04 14:05:00-05:00,64.64,64.66,64.57,64.58,4256.0,64.641,38
2024-03-04 14:10:00-05:00,64.58,64.58,64.52,64.54,4399.0,64.552,36
2024-03-04 14:15:00-05:00,64.54,64.55,64.46,64.48,13343.0,64.518,64
2024-03-04 14:20:00-05:00,64.48,64.53,64.45,64.49,8791.0,64.482,76
2024-03-04 14:25:00-05:00,64.49,64.52,64.39,64.4,9906.0,64.48,77
2024-03-04 14:30:00-05:00,64.4,64.49,64.4,64.47,12457.0,64.458,109
2024-03-04 14:35:00-05:00,64.47,64.66,64.46,64.66,7642.0,64.551,67
2024-03-04 14:40:00-05:00,64.67,64.69,64.62,64.68,7772.0,64.662,37
2024-03-04 14:45:00-05:00,64.69,64.71,64.66,64.69,6320.0,64.677,48
2024-03-04 14:50:00-05:00,64.67,64.71,64.63,64.64,6257.0,64.672,54
2024-03-04 14:55:00-05:00,64.65,64.7,64.55,64.58,11112.0,64.635,83
2024-03-04 15:00:00-05:00,64.57,64.58,64.45,64.45,13995.0,64.525,112
2024-03-04 15:05:00-05:00,64.42,64.47,64.34,64.47,17534.0,64.393,126
2024-03-04 15:10:00-05:00,64.47,64.56,64.47,64.52,10470.0,64.53,58
2024-03-04 15:15:00-05:00,64.53,64.62,64.51,64.59,8422.0,64.575,63
2024-03-04 15:20:00-05:00,64.59,64.59,64.45,64.53,15217.0,64.501,87
2024-03-04 15:25:00-05:00,64.53,64.57,64.46,64.46,8003.0,64.532,60
2024-03-04 15:30:00-05:00,64.46,64.54,64.44,64.52,19348.0,64.502,115
2024-03-04 15:35:00-05:00,64.51,64.58,64.44,64.58,18359.0,64.494,150
2024-03-04 15:40:00-05:00,64.58,64.59,64.52,64.57,18167.0,64.549,117
2024-03-04 15:45:00-05:00,64.58,64.6,64.52,64.56,29126.0,64.565,242
2024-03-04 15:50:00-05:00,64.55,64.59,64.5,64.53,50284.0,64.542,405
2024-03-04 15:55:00-05:00,64.54,64.61,64.45,64.52,125346.0,64.492,848
2024-03-05 09:30:00-05:00,64.52,64.69,64.37,64.5,24072.0,64.523,31
2024-03-05 09:35:00-05:00,64.47,64.82,64.42,64.75,16379.0,64.629,99
2024-03-05 09:40:00-05:00,64.75,64.79,64.65,64.76,4405.0,64.725,36
2024-03-05 09:45:00-05:00,64.7,64.78,64.59,64.59,6126.0,64.707,39
2024-03-05 09:50:00-05:00,64.59,64.65,64.5,64.5,10708.0,64.598,52
2024-03-05 09:55:00-05:00,64.52,64.58,64.43,64.58,3125.0,64.511,26
2024-03-05 10:00:00-05:00,64.6,64.68,64.51,64.64,13340.0,64.6,72
2024-03-05 10:05:00-05:00,64.63,64.68,64.52,64.53,7252.0,64.575,41
2024-03-05 10:10:00-05:00,64.5,64.61,64.49,64.56,17906.0,64.557,87
2024-03-05 10:15:00-05:00,64.56,64.58,64.39,64.47,10155.0,64.447,59
2024-03-05 10:20:00-05:00,64.46,64.57,64.43,64.46,7728.0,64.514,64
2024-03-05 10:25:00-05:00,64.43,64.56,64.41,64.5,8248.0,64.46,49
2024-03-05 10:30:00-05:00,64.47,64.54,64.45,64.51,6576.0,64.505,48
2024-03-05 10:35:00-05:00,64.49,64.51,64.42,64.51,11749.0,64.46,78
2024-03-05 10:40:00-05:00,64.53,64.71,64.5,64.64,14280.0,64.644,62
2024-03-05 10:45:00-05:00,64.66,64.7,64.6,64.66,4919.0,64.649,44
2024-03-05 10:50:00-05:00,64.67,64.69,64.64,64.67,2452.0,64.658,24
2024-03-05 10:55:00-05:00,64.69,64.78,64.68,64.7,4843.0,64.725,41
2024-03-05 11:00:00-05:00,64.69,64.74,64.69,64.71,9337.0,64.715,44
2024-03-05 11:05:00-05:00,64.7,64.84,64.7,64.84,5423.0,64.792,40
2024-03-05 11:10:00-05:00,64.84,64.85,64.74,64.77,5342.0,64.774,36
2024-03-05 11:15:00-05:00,64.73,64.76,64.63,64.66,10179.0,64.692,79
2024-03-05 11:20:00-05:00,64.67,64.67,64.55,64.58,11238.0,64.622,44
2024-03-05 11:25:00-05:00,64.57,64.58,64.46,64.52,4133.0,64.522,37
2024-03-05 11:30:00-05:00,64.52,64.58,64.51,64.52,5627.0,64.536,34
2024-03-05 11:35:00-05:00,64.52,64.6,64.52,64.53,5347.0,64.563,38
2024-03-05 11:40:00-05:00,64.53,64.53,64.4,64.42,6670.0,64.467,55
2024-03-05 11:45:00-05:00,64.42,64.46,64.37,64.38,5752.0,64.419,43
2024-03-05 11:50:00-05:00,64.37,64.39,64.3,64.3,6319.0,64.367,38
2024-03-05 11:55:00-05:00,64.31,64.4,64.31,64.39,7368.0,64.341,46
2024-03-05 12:00:00-05:00,64.35,64.35,64.3,64.32,5122.0,64.32,37
2024-03-05 12:05:00-05:00,64.33,64.38,64.31,64.34,4623.0,64.351,40
2024-03-05 12:10:00-05:00,64.34,64.37,64.34,64.34,4142.0,64.363,39
2024-03-05 12:15:00-05:00,64.37,64.43,64.36,64.42,3921.0,64.388,33
2024-03-05 12:20:00-05:00,64.42,64.45,64.38,64.45,5694.0,64.41,51
2024-03-05 12:25:00-05:00,64.45,64.45,64.34,64.34,3762.0,64.385,31
2024-03-05 12:30:00-05:00,64.33,64.34,64.28,64.28,2919.0,64.308,23
2024-03-05 12:35:00-05:00,64.3,64.31,64.21,64.26,5323.0,64.263,50
2024-03-05 12:40:00-05:00,64.28,64.35,64.24,64.34,3657.0,64.294,35
2024-03-05 12:45:00-05:00,64.35,64.41,64.34,64.36,5819.0,64.363,49
2024-03-05 12:50:00-05:00,64.35,64.38,64.34,64.37,4931.0,64.359,38
2024-03-05 12:55:00-05:00,64.36,64.37,64.32,64.33,4752.0,64.351,41
2024-03-05 13:00:00-05:00,64.31,64.34,64.28,64.32,3905.0,64.308,36
2024-03-05 13:05:00-05:00,64.33,64.42,64.33,64.42,7547.0,64.357,44
2024-03-05 13:10:00-05:00,64.44,64.44,64.39,64.39,2364.0,64.41,18
2024-03-05 13:15:00-05:00,64.4,64.41,64.35,64.36,6494.0,64.382,53
2024-03-05 13:20:00-05:00,64.36,64.38,64.35,64.35,7164.0,64.365,50
2024-03-05 13:25:00-05:00,64.35,64.4,64.32,64.38,9433.0,64.37,74
2024-03-05 13:30:00-05:00,64.39,64.46,64.38,64.44,5112.0,64.423,37
2024-03-05 13:35:00-05:00,64.42,64.42,64.35,64.4,4551.0,64.384,41
2024-03-05 13:40:00-05:00,64.41,64.42,64.35,64.36,6792.0,64.405,60
2024-03-05 13:45:00-05:00,64.37,64.42,64.35,64.4,10518.0,64.375,72
2024-03-05 13:50:00-05:00,64.41,64.41,64.33,64.33,4140.0,64.38,36
2024-03-05 13:55:00-05:00,64.31,64.34,64.24,64.24,2174.0,64.299,21
2024-03-05 14:00:00-05:00,64.2,64.26,64.15,64.19,6215.0,64.226,58
2024-03-05 14:05:00-05:00,64.17,64.18,64.1,64.1,20215.0,64.14,140
2024-03-05 14:10:00-05:00,64.11,64.19,64.06,64.17,11895.0,64.115,104
2024-03-05 14:15:00-05:00,64.17,64.21,64.11,64.11,7601.0,64.166,51
2024-03-05 14:20:00-05:00,64.13,64.17,64.1,64.12,9369.0,64.126,73
2024-03-05 14:25:00-05:00,64.12,64.24,64.12,64.24,7031.0,64.195,58
2024-03-05 14:30:00-05:00,64.22,64.22,64.06,64.06,5236.0,64.114,37
2024-03-05 14:35:00-05:00,64.06,64.06,64.0,64.02,9235.0,64.035,80
2024-03-05 14:40:00-05:00,64.01,64.02,63.94,63.95,5642.0,63.99,46
2024-03-05 14:45:00-05:00,63.95,63.95,63.89,63.91,9874.0,63.923,88
2024-03-05 14:50:00-05:00,63.91,63.94,63.91,63.91,7930.0,63.926,60
2024-03-05 14:55:00-05:00,63.91,63.94,63.81,63.82,8088.0,63.862,66
2024-03-05 15:00:00-05:00,63.81,63.81,63.66,63.7,13123.0,63.704,101
2024-03-05 15:05:00-05:00,63.72,63.78,63.7,63.78,6830.0,63.741,57
2024-03-05 15:10:00-05:00,63.78,63.82,63.7,63.74,12281.0,63.762,90
2024-03-05 15:15:00-05:00,63.73,63.83,63.73,63.81,12297.0,63.79,93
2024-03-05 15:20:00-05:00,63.81,63.89,63.81,63.85,11107.0,63.854,97
2024-03-05 15:25:00-05:00,63.84,63.88,63.75,63.75,11319.0,63.822,90
2024-03-05 15:30:00-05:00,63.75,63.9,63.74,63.9,15379.0,63.815,125
2024-03-05 15:35:00-05:00,63.9,63.95,63.88,63.9,7736.0,63.915,66
2024-03-05 15:40:00-05:00,63.91,63.91,63.83,63.84,23060.0,63.868,176
2024-03-05 15:45:00-05:00,63.83,63.94,63.82,63.92,21526.0,63.879,168
2024-03-05 15:50:00-05:00,63.91,63.95,63.81,63.94,38930.0,63.899,314
2024-03-05 15:55:00-05:00,63.93,63.95,63.82,63.83,91475.0,63.873,595
2024-03-06 09:30:00-05:00,64.19,64.48,64.12,64.27,17562.0,64.226,58
2024-03-06 09:35:00-05:00,64.23,64.23,64.02,64.14,3197.0,64.132,30
2024-03-06 09:40:00-05:00,64.21,64.21,64.02,64.05,3579.0,64.089,33
2024-03-06 09:45:00-05:00,64.06,64.34,64.06,64.22,4964.0,64.224,43
2024-03-06 09:50:00-05:00,64.21,64.36,64.09,64.35,10102.0,64.175,57
2024-03-06 09:55:00-05:00,64.39,64.39,64.21,64.35,7639.0,64.292,53
2024-03-06 10:00:00-05:00,64.28,64.29,64.08,64.08,7415.0,64.219,51
2024-03-06 10:05:00-05:00,64.12,64.13,64.02,64.06,5268.0,64.057,38
2024-03-06 10:10:00-05:00,64.08,64.2,64.08,64.19,9378.0,64.15,67
2024-03-06 10:15:00-05:00,64.19,64.22,64.13,64.15,7879.0,64.178,59
2024-03-06 10:20:00-05:00,64.16,64.17,64.06,64.16,7876.0,64.084,60
2024-03-06 10:25:00-05:00,64.13,64.13,64.04,64.04,4835.0,64.075,36
2024-03-06 10:30:00-05:00,64.02,64.07,63.94,64.07,5331.0,63.998,44
2024-03-06 10:35:00-05:00,64.06,64.1,63.96,64.05,6751.0,64.02,55
2024-03-06 10:40:00-05:00,64.06,64.17,64.02,64.14,10562.0,64.084,82
2024-03-06 10:45:00-05:00,64.14,64.15,63.93,63.99,8329.0,64.014,58
2024-03-06 10:50:00-05:00,63.96,64.0,63.93,63.97,11044.0,63.973,94
2024-03-06 10:55:00-05:00,63.97,64.06,63.96,64.06,5937.0,63.997,41
2024-03-07 09:30:00-05:00,64.69,64.83,64.55,64.7,19646.0,64.699,31
2024-03-07 09:35:00-05:00,64.64,64.74,64.46,64.46,4249.0,64.608,37
2024-03-07 09:40:00-05:00,64.46,64.57,64.44,64.45,3751.0,64.495,34
2024-03-07 09:45:00-05:00,64.42,64.54,64.35,64.38,4880.0,64.429,42
2024-03-07 09:50:00-05:00,64.39,64.51,64.36,64.49,4075.0,64.435,38
2024-03-07 09:55:00-05:00,64.5,64.62,64.5,64.57,5483.0,64.554,39
2024-03-07 10:00:00-05:00,64.57,64.63,64.43,64.45,5787.0,64.535,45
2024-03-07 10:05:00-05:00,64.44,64.5,64.4,64.47,5468.0,64.449,47
2024-03-07 10:10:00-05:00,64.48,64.53,64.45,64.45,3868.0,64.483,35
2024-03-07 10:15:00-05:00,64.47,64.53,64.4,64.44,4390.0,64.453,40
2024-03-07 10:20:00-05:00,64.41,64.46,64.4,64.44,3169.0,64.428,28
2024-03-07 10:25:00-05:00,64.43,64.46,64.42,64.45,5195.0,64.44,41
2024-03-07 10:30:00-05:00,64.45,64.52,64.44,64.5,11284.0,64.493,87
2024-03-07 10:35:00-05:00,64.51,64.51,64.46,64.51,7892.0,64.489,65
2024-03-07 10:40:00-05:00,64.51,64.54,64.45,64.46,5528.0,64.491,49
2024-03-07 10:45:00-05:00,64.45,64.58,64.45,64.58,4280.0,64.495,36
2024-03-07 10:50:00-05:00,64.63,64.67,64.56,64.63,14371.0,64.615,81
2024-03-07 10:55:00-05:00,64.64,64.96,64.63,64.96,48171.0,64.795,220
2024-03-07 11:00:00-05:00,64.97,65.09,64.96,65.03,32063.0,65.017,183
2024-03-07 11:05:00-05:00,65.05,65.05,64.87,64.95,22533.0,64.966,120
2024-03-07 11:10:00-05:00,64.96,64.96,64.86,64.87,4838.0,64.924,39
2024-03-07 11:15:00-05:00,64.87,64.87,64.79,64.83,6242.0,64.83,40
2024-03-07 11:20:00-05:00,64.81,64.82,64.69,64.7,5141.0,64.768,42
2024-03-07 11:25:00-05:00,64.71,64.72,64.54,64.67,12838.0,64.625,98
2024-03-07 11:30:00-05:00,64.65,64.65,64.56,64.59,7697.0,64.61,59
2024-03-07 11:35:00-05:00,64.6,64.77,64.58,64.75,7544.0,64.721,63
2024-03-07 11:40:00-05:00,64.74,64.76,64.67,64.72,6674.0,64.728,42
2024-03-07 11:45:00-05:00,64.73,64.73,64.64,64.66,4709.0,64.687,37
2024-03-07 11:50:00-05:00,64.66,64.69,64.62,64.63,3540.0,64.666,28
2024-03-07 11:55:00-05:00,64.63,64.74,64.6,64.73,10064.0,64.669,74
2024-03-07 12:00:00-05:00,64.71,64.74,64.63,64.63,3206.0,64.686,26
2024-03-07 12:05:00-05:00,64.63,64.7,64.63,64.68,5517.0,64.664,46
2024-03-07 12:10:00-05:00,64.66,64.69,64.63,64.64,1826.0,64.658,15
2024-03-07 12:15:00-05:00,64.64,64.65,64.61,64.64,3192.0,64.626,28
2024-03-07 12:20:00-05:00,64.63,64.7,64.62,64.7,5090.0,64.656,38
2024-03-07 12:25:00-05:00,64.69,64.69,64.61,64.63,2426.0,64.635,20
2024-03-07 12:30:00-05:00,64.6,64.65,64.58,64.63,3808.0,64.613,28
2024-03-07 12:35:00-05:00,64.62,64.67,64.57,64.64,6654.0,64.626,58
2024-03-07 12:40:00-05:00,64.66,64.67,64.58,64.67,4373.0,64.635,41
2024-03-07 12:45:00-05:00,64.65,64.66,64.6,64.61,3414.0,64.63,30
2024-03-07 12:50:00-05:00,64.62,64.7,64.6,64.68,5204.0,64.654,40
2024-03-07 12:55:00-05:00,64.7,64.74,64.69,64.73,5472.0,64.713,46
2024-03-07 13:00:00-05:00,64.73,64.77,64.72,64.76,2508.0,64.753,20
2024-03-07 13:05:00-05:00,64.78,64.81,64.75,64.76,6282.0,64.783,40
2024-03-07 13:10:00-05:00,64.79,64.79,64.7,64.7,1807.0,64.757,16
2024-03-07 13:15:00-05:00,64.74,64.78,64.72,64.73,2311.0,64.744,19
2024-03-07 13:20:00-05:00,64.75,64.76,64.69,64.69,3736.0,64.731,30
2024-03-07 13:25:00-05:00,64.7,64.71,64.69,64.7,4007.0,64.699,30
2024-03-07 13:30:00-05:00,64.71,64.72,64.66,64.69,5463.0,64.691,46
2024-03-07 13:35:00-05:00,64.7,64.73,64.67,64.71,8460.0,64.701,56
2024-03-07 13:40:00-05:00,64.7,64.81,64.7,64.81,4915.0,64.742,37
2024-03-07 13:45:00-05:00,64.81,64.84,64.78,64.84,4732.0,64.815,32
2024-03-07 13:50:00-05:00,64.84,64.89,64.82,64.89,6902.0,64.859,52
2024-03-07 13:55:00-05:00,64.89,64.93,64.89,64.9,7112.0,64.905,35
2024-03-07 14:00:00-05:00,64.9,64.92,64.88,64.89,4757.0,64.898,35
2024-03-07 14:05:00-05:00,64.9,64.9,64.85,64.86,4906.0,64.867,22
2024-03-07 14:10:00-05:00,64.84,64.9,64.84,64.9,4487.0,64.873,37
2024-03-07 14:15:00-05:00,64.91,64.93,64.88,64.9,5461.0,64.903,33
2024-03-07 14:20:00-05:00,64.9,64.9,64.82,64.86,6458.0,64.861,50
2024-03-07 14:25:00-05:00,64.84,64.87,64.84,64.86,4206.0,64.854,35
2024-03-07 14:30:00-05:00,64.85,64.9,64.84,64.85,4975.0,64.867,41
2024-03-07 14:35:00-05:00,64.86,64.89,64.86,64.89,7008.0,64.878,53
2024-03-07 14:40:00-05:00,64.89,64.91,64.78,64.78,4840.0,64.851,44
2024-03-07 14:45:00-05:00,64.78,64.83,64.77,64.8,5357.0,64.804,43
2024-03-07 14:50:00-05:00,64.79,64.84,64.79,64.81,13230.0,64.82,79
2024-03-07 14:55:00-05:00,64.83,64.92,64.82,64.9,17469.0,64.866,120
2024-03-07 15:00:00-05:00,64.89,64.94,64.86,64.91,9752.0,64.902,81
2024-03-07 15:05:00-05:00,64.91,64.92,64.86,64.92,7680.0,64.886,67
2024-03-07 15:10:00-05:00,64.92,64.98,64.92,64.97,8184.0,64.945,65
2024-03-07 15:15:00-05:00,64.98,65.03,64.96,65.01,8518.0,64.991,63
2024-03-07 15:20:00-05:00,65.01,65.04,64.94,64.98,11428.0,64.992,68
2024-03-07 15:25:00-05:00,64.98,65.04,64.98,65.04,18011.0,65.027,74
2024-03-07 15:30:00-05:00,65.03,65.06,64.99,65.06,8949.0,65.031,66
2024-03-07 15:35:00-05:00,65.06,65.16,64.99,65.01,86306.0,65.109,299
2024-03-07 15:40:00-05:00,65.01,65.08,65.0,65.06,35115.0,65.058,233
2024-03-07 15:45:00-05:00,65.06,65.26,65.06,65.19,261230.0,65.202,845
2024-03-07 15:50:00-05:00,65.18,65.25,65.08,65.24,109023.0,65.176,681
2024-03-07 15:55:00-05:00,65.23,65.29,65.11,65.17,171021.0,65.19,710
2024-03-08 09:30:00-05:00,65.15,65.47,65.15,65.46,12254.0,65.215,23
2024-03-08 09:35:00-05:00,65.39,65.4,65.1,65.13,4441.0,65.261,36
2024-03-08 09:40:00-05:00,65.11,65.29,65.05,65.29,3739.0,65.148,33
2024-03-08 09:45:00-05:00,65.28,65.45,65.28,65.32,4345.0,65.358,36
2024-03-08 09:50:00-05:00,65.36,65.36,65.27,65.32,3351.0,65.318,27
2024-03-08 09:55:00-05:00,65.32,65.45,65.32,65.45,3189.0,65.403,26
2024-03-08 10:00:00-05:00,65.45,65.48,65.38,65.45,5493.0,65.429,38
2024-03-08 10:05:00-05:00,65.45,65.58,65.39,65.4,9479.0,65.482,75
2024-03-08 10:10:00-05:00,65.39,65.42,65.38,65.39,6823.0,65.403,62
2024-03-08 10:15:00-05:00,65.44,65.47,65.39,65.4,6629.0,65.427,50
2024-03-08 10:20:00-05:00,65.42,65.44,65.36,65.38,9388.0,65.387,40
2024-03-08 10:25:00-05:00,65.4,65.48,65.39,65.39,5035.0,65.443,41
2024-03-08 10:30:00-05:00,65.37,65.44,65.27,65.28,11321.0,65.354,86
2024-03-08 10:35:00-05:00,65.28,65.46,65.23,65.41,10829.0,65.35,65
2024-03-08 10:40:00-05:00,65.4,65.46,65.38,65.41,6197.0,65.427,48
2024-03-08 10:45:00-05:00,65.41,65.52,65.4,65.51,8639.0,65.453,57
2024-03-08 10:50:00-05:00,65.51,65.52,65.45,65.52,5446.0,65.476,46
2024-03-08 10:55:00-05:00,65.54,65.62,65.52,65.57,19371.0,65.576,98
2024-03-08 11:00:00-05:00,65.58,65.59,65.51,65.54,7079.0,65.557,41
2024-03-08 11:05:00-05:00,65.53,65.64,65.53,65.6,11578.0,65.599,89
2024-03-08 11:10:00-05:00,65.62,65.62,65.53,65.56,6743.0,65.569,47
2024-03-08 11:15:00-05:00,65.56,65.7,65.56,65.65,9294.0,65.636,67
2024-03-08 11:20:00-05:00,65.62,65.67,65.57,65.67,8828.0,65.611,44
2024-03-08 11:25:00-05:00,65.67,65.68,65.6,65.61,3680.0,65.631,29
2024-03-08 11:30:00-05:00,65.61,65.69,65.53,65.55,10041.0,65.601,72
2024-03-08 11:35:00-05:00,65.58,65.61,65.52,65.53,4467.0,65.558,39
2024-03-08 11:40:00-05:00,65.54,65.54,65.47,65.51,5054.0,65.493,43
2024-03-08 11:45:00-05:00,65.52,65.68,65.51,65.66,7556.0,65.615,50
2024-03-08 11:50:00-05:00,65.68,65.72,65.68,65.69,2060.0,65.701,19
2024-03-08 11:55:00-05:00,65.7,65.72,65.64,65.69,4623.0,65.678,40
2024-03-08 12:00:00-05:00,65.7,65.75,65.67,65.69,11266.0,65.732,74
2024-03-08 12:05:00-05:00,65.68,65.72,65.66,65.7,6933.0,65.696,62
2024-03-08 12:10:00-05:00,65.7,65.75,65.68,65.72,11945.0,65.723,93
2024-03-08 12:15:00-05:00,65.72,65.73,65.65,65.66,4738.0,65.697,37
2024-03-08 12:20:00-05:00,65.65,65.65,65.47,65.52,6591.0,65.549,63
2024-03-08 12:25:00-05:00,65.51,65.58,65.5,65.58,5792.0,65.535,54
2024-03-08 12:30:00-05:00,65.6,65.64,65.56,65.62,8213.0,65.58,47
2024-03-08 12:35:00-05:00,65.63,65.65,65.59,65.65,4418.0,65.616,19
2024-03-08 12:40:00-05:00,65.67,65.75,65.63,65.69,6785.0,65.68,53
2024-03-08 12:45:00-05:00,65.66,65.68,65.56,65.59,3147.0,65.6,28
2024-03-08 12:50:00-05:00,65.59,65.59,65.51,65.52,2673.0,65.557,22
2024-03-08 12:55:00-05:00,65.52,65.69,65.48,65.62,9337.0,65.564,56
2024-03-08 13:00:00-05:00,65.59,65.6,65.54,65.54,3155.0,65.573,28
2024-03-08 13:05:00-05:00,65.57,65.62,65.57,65.62,3587.0,65.594,31
2024-03-08 13:10:00-05:00,65.63,65.67,65.63,65.66,3205.0,65.645,26
2024-03-08 13:15:00-05:00,65.66,65.68,65.63,65.64,4084.0,65.652,38
2024-03-08 13:20:00-05:00,65.65,65.71,65.61,65.69,4777.0,65.663,36
2024-03-08 13:25:00-05:00,65.7,65.74,65.64,65.65,5331.0,65.691,49
2024-03-08 13:30:00-05:00,65.66,65.71,65.64,65.68,4968.0,65.678,39
2024-03-08 13:35:00-05:00,65.67,65.69,65.58,65.58,6052.0,65.623,47
2024-03-08 13:40:00-05:00,65.54,65.6,65.49,65.49,15643.0,65.559,117
2024-03-08 13:45:00-05:00,65.52,65.53,65.49,65.51,2519.0,65.515,22
2024-03-08 13:50:00-05:00,65.51,65.55,65.5,65.51,3874.0,65.522,31
2024-03-08 13:55:00-05:00,65.51,65.57,65.47,65.56,4671.0,65.521,41
2024-03-08 14:00:00-05:00,65.57,65.65,65.57,65.63,4255.0,65.615,32
2024-03-08 14:05:00-05:00,65.63,65.64,65.54,65.58,6059.0,65.573,53
2024-03-08 14:10:00-05:00,65.59,65.61,65.58,65.59,4855.0,65.594,36
2024-03-08 14:15:00-05:00,65.62,65.63,65.59,65.62,4074.0,65.614,31
2024-03-08 14:20:00-05:00,65.64,65.73,65.64,65.68,8640.0,65.692,60
2024-03-08 14:25:00-05:00,65.68,65.75,65.66,65.73,9431.0,65.71,75
2024-03-08 14:30:00-05:00,65.73,65.74,65.68,65.7,3361.0,65.707,27
2024-03-08 14:35:00-05:00,65.7,65.7,65.61,65.61,3641.0,65.671,34
2024-03-08 14:40:00-05:00,65.6,65.67,65.6,65.64,4646.0,65.637,39
2024-03-08 14:45:00-05:00,65.65,65.67,65.62,65.63,5993.0,65.654,55
2024-03-08 14:50:00-05:00,65.65,65.72,65.6,65.67,12708.0,65.656,109
2024-03-08 14:55:00-05:00,65.69,65.69,65.59,65.63,6789.0,65.641,54
2024-03-08 15:00:00-05:00,65.63,65.67,65.62,65.64,5268.0,65.641,44
2024-03-08 15:05:00-05:00,65.63,65.66,65.58,65.58,7457.0,65.628,64
2024-03-08 15:10:00-05:00,65.56,65.57,65.48,65.55,9445.0,65.539,88
2024-03-08 15:15:00-05:00,65.56,65.6,65.56,65.59,9156.0,65.579,78
2024-03-08 15:20:00-05:00,65.57,65.61,65.57,65.58,6402.0,65.588,56
2024-03-08 15:25:00-05:00,65.59,65.6,65.46,65.48,17000.0,65.54,141
2024-03-08 15:30:00-05:00,65.47,65.55,65.45,65.53,18894.0,65.499,169
2024-03-08 15:35:00-05:00,65.53,65.54,65.47,65.48,20866.0,65.502,177
2024-03-08 15:40:00-05:00,65.48,65.52,65.4,65.4,26105.0,65.479,225
2024-03-08 15:45:00-05:00,65.41,65.45,65.34,65.34,42096.0,65.394,280
2024-03-08 15:50:00-05:00,65.32,65.37,65.25,65.37,35107.0,65.324,296
2024-03-08 15:55:00-05:00,65.36,65.38,65.19,65.25,111467.0,65.247,722
2024-03-11 09:30:00-04:00,65.11,65.76,65.1,65.75,15736.0,65.241,58
2024-03-11 09:35:00-04:00,65.69,65.73,65.39,65.42,4041.0,65.516,37
2024-03-11 09:40:00-04:00,65.38,65.62,65.37,65.55,4001.0,65.507,37
2024-03-11 09:45:00-04:00,65.53,65.56,65.41,65.49,6148.0,65.476,43
2024-03-11 09:50:00-04:00,65.46,65.51,65.46,65.49,1554.0,65.475,13
2024-03-11 09:55:00-04:00,65.49,65.49,65.27,65.37,5644.0,65.362,35
2024-03-11 10:00:00-04:00,65.36,65.39,65.28,65.36,6730.0,65.333,43
2024-03-11 10:05:00-04:00,65.35,65.35,65.28,65.31,6103.0,65.309,39
2024-03-11 10:10:00-04:00,65.33,65.37,65.28,65.32,8350.0,65.332,75
2024-03-11 10:15:00-04:00,65.35,65.43,65.29,65.43,7797.0,65.335,52
2024-03-11 10:20:00-04:00,65.47,65.54,65.39,65.4,5145.0,65.475,41
2024-03-11 10:25:00-04:00,65.37,65.39,65.31,65.39,4029.0,65.347,36
2024-03-11 10:30:00-04:00,65.39,65.41,65.33,65.33,3969.0,65.356,29
2024-03-11 10:35:00-04:00,65.34,65.35,65.23,65.3,8663.0,65.278,73
2024-03-11 10:40:00-04:00,65.31,65.38,65.3,65.34,7331.0,65.342,60
2024-03-11 10:45:00-04:00,65.38,65.52,65.38,65.52,3062.0,65.453,23
2024-03-11 10:50:00-04:00,65.54,65.54,65.38,65.44,3788.0,65.44,28
2024-03-11 10:55:00-04:00,65.45,65.59,65.44,65.58,8119.0,65.507,70
2024-03-11 11:00:00-04:00,65.59,65.59,65.47,65.48,7033.0,65.513,52
2024-03-11 11:05:00-04:00,65.49,65.58,65.48,65.57,6420.0,65.526,51
2024-03-11 11:10:00-04:00,65.55,65.57,65.47,65.51,6760.0,65.52,54
2024-03-11 11:15:00-04:00,65.49,65.56,65.44,65.45,5814.0,65.529,47
2024-03-11 11:20:00-04:00,65.45,65.51,65.45,65.5,4230.0,65.472,37
2024-03-11 11:25:00-04:00,65.49,65.52,65.42,65.44,5605.0,65.473,42
2024-03-11 11:30:00-04:00,65.44,65.47,65.39,65.42,7653.0,65.439,52
2024-03-11 11:35:00-04:00,65.43,65.51,65.39,65.46,7315.0,65.441,57
2024-03-11 11:40:00-04:00,65.47,65.58,65.45,65.5,4828.0,65.526,42
2024-03-11 11:45:00-04:00,65.5,65.59,65.49,65.56,4176.0,65.542,38
2024-03-11 11:50:00-04:00,65.59,65.62,65.56,65.59,16698.0,65.588,140
2024-03-11 11:55:00-04:00,65.6,65.6,65.48,65.5,5261.0,65.555,39
2024-03-11 12:00:00-04:00,65.47,65.5,65.4,65.44,3514.0,65.451,30
2024-03-11 12:05:00-04:00,65.44,65.52,65.44,65.48,5101.0,65.478,28
2024-03-11 12:10:00-04:00,65.47,65.58,65.47,65.58,3813.0,65.532,36
2024-03-11 12:15:00-04:00,65.59,65.61,65.52,65.52,9467.0,65.572,70
2024-03-11 12:20:00-04:00,65.53,65.54,65.51,65.52,2367.0,65.524,20
2024-03-11 12:25:00-04:00,65.52,65.57,65.51,65.57,5239.0,65.536,45
2024-03-11 12:30:00-04:00,65.59,65.6,65.55,65.56,10094.0,65.576,64
2024-03-11 12:35:00-04:00,65.53,65.61,65.52,65.59,6054.0,65.593,38
2024-03-11 12:40:00-04:00,65.6,65.61,65.58,65.6,4467.0,65.595,39
2024-03-11 12:45:00-04:00,65.6,65.61,65.58,65.6,14534.0,65.597,110
2024-03-11 12:50:00-04:00,65.59,65.77,65.58,65.76,7089.0,65.639,49
2024-03-11 12:55:00-04:00,65.76,65.77,65.71,65.74,4199.0,65.737,38
2024-03-11 13:00:00-04:00,65.72,65.72,65.65,65.69,4061.0,65.692,39
2024-03-11 13:05:00-04:00,65.72,65.83,65.71,65.73,10246.0,65.758,83
2024-03-11 13:10:00-04:00,65.76,65.78,65.68,65.74,6052.0,65.74,51
2024-03-11 13:15:00-04:00,65.75,65.85,65.74,65.85,3737.0,65.802,33
2024-03-11 13:20:00-04:00,65.85,65.9,65.84,65.86,6119.0,65.868,52
2024-03-11 13:25:00-04:00,65.84,65.91,65.84,65.89,3728.0,65.89,33
2024-03-11 13:30:00-04:00,65.9,65.9,65.86,65.87,4927.0,65.882,40
2024-03-11 13:35:00-04:00,65.87,65.96,65.84,65.9,5300.0,65.891,43
2024-03-11 13:40:00-04:00,65.89,65.93,65.87,65.9,4318.0,65.898,35
2024-03-11 13:45:00-04:00,65.9,65.96,65.9,65.91,5372.0,65.933,48
2024-03-11 13:50:00-04:00,65.91,65.93,65.87,65.92,8551.0,65.905,78
2024-03-11 13:55:00-04:00,65.93,65.97,65.91,65.96,4015.0,65.935,35
2024-03-11 14:00:00-04:00,65.96,66.05,65.92,66.04,10804.0,65.995,82
2024-03-11 14:05:00-04:00,66.03,66.08,66.0,66.07,15891.0,66.033,101
2024-03-11 14:10:00-04:00,66.08,66.11,65.98,66.01,11104.0,66.051,98
2024-03-11 14:15:00-04:00,66.02,66.12,66.01,66.08,11620.0,66.08,100
2024-03-11 14:20:00-04:00,66.07,66.08,65.94,66.01,14215.0,66.01,108
2024-03-11 14:25:00-04:00,66.0,66.07,65.95,66.06,27911.0,66.034,117
2024-03-11 14:30:00-04:00,66.07,66.16,66.07,66.16,17720.0,66.12,148
2024-03-11 14:35:00-04:00,66.15,66.24,66.15,66.2,12358.0,66.201,113
2024-03-11 14:40:00-04:00,66.21,66.29,66.21,66.23,16416.0,66.258,135
2024-03-11 14:45:00-04:00,66.25,66.35,66.2,66.32,13077.0,66.282,119
2024-03-11 14:50:00-04:00,66.32,66.39,66.31,66.36,15599.0,66.349,131
2024-03-11 14:55:00-04:00,66.38,66.39,66.29,66.32,20400.0,66.341,167
2024-03-11 15:00:00-04:00,66.32,66.32,66.2,66.28,14523.0,66.271,127
2024-03-11 15:05:00-04:00,66.28,66.34,66.27,66.33,16418.0,66.311,138
2024-03-11 15:10:00-04:00,66.32,66.37,66.26,66.37,14959.0,66.308,119
2024-03-11 15:15:00-04:00,66.38,66.4,66.3,66.38,13483.0,66.349,116
2024-03-11 15:20:00-04:00,66.37,66.38,66.28,66.35,15526.0,66.338,136
2024-03-11 15:25:00-04:00,66.36,66.38,66.31,66.35,15256.0,66.349,136
2024-03-11 15:30:00-04:00,66.34,66.35,66.17,66.17,22329.0,66.245,167
2024-03-11 15:35:00-04:00,66.18,66.2,66.06,66.09,28381.0,66.142,208
2024-03-11 15:40:00-04:00,66.09,66.13,66.06,66.07,21147.0,66.089,162
2024-03-11 15:45:00-04:00,66.08,66.15,66.07,66.11,46949.0,66.107,337
2024-03-11 15:50:00-04:00,66.12,66.13,65.84,65.86,50095.0,65.983,392
2024-03-11 15:55:00-04:00,65.86,66.01,65.84,65.95,137766.0,65.91,801
2024-03-12 09:30:00-04:00,66.0,66.25,65.98,66.04,12248.0,66.027,17
2024-03-12 09:35:00-04:00,65.98,65.98,65.78,65.83,4097.0,65.836,34
2024-03-12 09:40:00-04:00,65.83,65.95,65.83,65.87,8279.0,65.871,33
2024-03-12 09:45:00-04:00,65.8,65.82,65.75,65.77,3227.0,65.788,29
2024-03-12 09:50:00-04:00,65.8,65.91,65.8,65.82,3770.0,65.854,36
2024-03-12 09:55:00-04:00,65.86,65.98,65.85,65.97,4444.0,65.925,43
2024-03-12 10:00:00-04:00,65.98,66.06,65.96,65.99,6897.0,66.001,57
2024-03-12 10:05:00-04:00,66.0,66.02,65.87,65.99,5690.0,65.967,52
2024-03-12 10:10:00-04:00,66.02,66.08,65.97,66.04,6383.0,66.016,62
2024-03-12 10:15:00-04:00,66.05,66.05,65.94,65.98,7497.0,65.994,67
2024-03-12 10:20:00-04:00,65.98,66.01,65.91,65.94,9227.0,65.958,70
2024-03-12 10:25:00-04:00,65.94,65.97,65.93,65.95,6813.0,65.954,56
2024-03-12 10:30:00-04:00,65.94,65.94,65.74,65.8,9464.0,65.85,79
2024-03-12 10:35:00-04:00,65.8,65.8,65.41,65.62,39081.0,65.662,212
2024-03-12 10:40:00-04:00,65.62,65.75,65.59,65.75,10431.0,65.647,66
2024-03-12 10:45:00-04:00,65.73,65.73,65.64,65.7,4432.0,65.668,29
2024-03-12 10:50:00-04:00,65.68,65.72,65.55,65.72,12575.0,65.627,100
2024-03-12 10:55:00-04:00,65.72,65.75,65.65,65.68,10149.0,65.711,86
2024-03-12 11:00:00-04:00,65.67,65.72,65.67,65.7,3679.0,65.686,31
2024-03-12 11:05:00-04:00,65.72,65.79,65.72,65.79,2508.0,65.756,21
2024-03-12 11:10:00-04:00,65.79,65.86,65.75,65.75,6089.0,65.8,51
2024-03-12 11:15:00-04:00,65.76,65.76,65.74,65.74,3701.0,65.751,26
2024-03-12 11:20:00-04:00,65.77,65.78,65.56,65.61,9969.0,65.673,72
2024-03-12 11:25:00-04:00,65.62,65.64,65.57,65.64,4957.0,65.6,43
2024-03-12 11:30:00-04:00,65.62,65.62,65.51,65.54,7357.0,65.565,61
2024-03-12 11:35:00-04:00,65.53,65.62,65.53,65.6,13760.0,65.565,63
2024-03-12 11:40:00-04:00,65.61,65.61,65.5,65.5,5722.0,65.549,41
2024-03-12 11:45:00-04:00,65.49,65.51,65.37,65.42,5880.0,65.448,48
2024-03-12 11:50:00-04:00,65.42,65.54,65.41,65.53,5635.0,65.459,45
2024-03-12 11:55:00-04:00,65.53,65.55,65.45,65.46,9352.0,65.519,67
2024-03-12 12:00:00-04:00,65.46,65.46,65.37,65.39,4556.0,65.408,32
2024-03-12 12:05:00-04:00,65.38,65.39,65.32,65.32,5218.0,65.352,43
2024-03-12 12:10:00-04:00,65.32,65.38,65.29,65.29,6782.0,65.344,43
2024-03-12 12:15:00-04:00,65.28,65.28,65.13,65.15,11016.0,65.197,91
2024-03-12 12:20:00-04:00,65.14,65.19,65.11,65.14,6595.0,65.151,56
2024-03-12 12:25:00-04:00,65.15,65.18,65.14,65.16,9268.0,65.155,78
2024-03-12 12:30:00-04:00,65.15,65.18,65.1,65.14,7982.0,65.137,51
2024-03-12 12:35:00-04:00,65.14,65.31,65.07,65.26,25680.0,65.215,113
2024-03-12 12:40:00-04:00,65.26,65.26,65.05,65.09,15885.0,65.144,111
2024-03-12 12:45:00-04:00,65.1,65.11,64.99,65.05,14636.0,65.048,111
2024-03-12 12:50:00-04:00,65.06,65.15,65.04,65.14,3871.0,65.096,27
2024-03-12 12:55:00-04:00,65.17,65.24,65.17,65.22,5988.0,65.199,49
2024-03-12 13:00:00-04:00,65.21,65.21,65.09,65.15,10516.0,65.149,78
2024-03-12 13:05:00-04:00,65.15,65.15,65.04,65.04,6069.0,65.081,42
2024-03-12 13:10:00-04:00,65.03,65.03,64.98,65.01,5906.0,65.004,54
2024-03-12 13:15:00-04:00,64.99,65.06,64.99,65.05,5425.0,65.024,48
2024-03-12 13:20:00-04:00,65.04,65.08,65.03,65.06,5020.0,65.061,37
2024-03-12 13:25:00-04:00,65.06,65.06,64.94,64.94,11995.0,65.017,83
2024-03-12 13:30:00-04:00,64.95,64.95,64.85,64.85,6356.0,64.885,40
2024-03-12 13:35:00-04:00,64.86,65.01,64.85,65.0,7018.0,64.899,53
2024-03-12 13:40:00-04:00,65.0,65.06,64.97,65.05,4729.0,65.005,30
2024-03-12 13:45:00-04:00,65.05,65.12,65.05,65.12,7072.0,65.083,49
2024-03-12 13:50:00-04:00,65.13,65.19,65.12,65.19,4610.0,65.156,31
2024-03-12 13:55:00-04:00,65.19,65.21,65.16,65.19,7707.0,65.186,52
2024-03-12 14:00:00-04:00,65.2,65.2,65.12,65.16,13409.0,65.162,91
2024-03-12 14:05:00-04:00,65.15,65.29,65.12,65.29,7971.0,65.178,45
2024-03-12 14:10:00-04:00,65.29,65.36,65.28,65.3,7677.0,65.333,63
2024-03-12 14:15:00-04:00,65.31,65.34,65.3,65.33,4865.0,65.32,40
2024-03-12 14:20:00-04:00,65.32,65.42,65.31,65.33,11729.0,65.365,88
2024-03-12 14:25:00-04:00,65.33,65.34,65.28,65.34,5851.0,65.304,43
2024-03-12 14:30:00-04:00,65.34,65.4,65.34,65.34,5063.0,65.373,45
2024-03-12 14:35:00-04:00,65.35,65.39,65.3,65.35,6386.0,65.348,56
2024-03-12 14:40:00-04:00,65.33,65.37,65.25,65.28,8150.0,65.307,73
2024-03-12 14:45:00-04:00,65.27,65.36,65.25,65.33,17588.0,65.298,151
2024-03-12 14:50:00-04:00,65.34,65.4,65.33,65.38,4111.0,65.379,38
2024-03-12 14:55:00-04:00,65.38,65.46,65.38,65.44,6100.0,65.435,56
2024-03-12 15:00:00-04:00,65.43,65.48,65.4,65.43,6774.0,65.437,53
2024-03-12 15:05:00-04:00,65.43,65.43,65.37,65.38,4930.0,65.406,40
2024-03-12 15:10:00-04:00,65.38,65.43,65.34,65.41,13552.0,65.363,67
2024-03-12 15:15:00-04:00,65.41,65.46,65.38,65.4,6969.0,65.419,60
2024-03-12 15:20:00-04:00,65.4,65.45,65.4,65.44,11540.0,65.427,82
2024-03-12 15:25:00-04:00,65.44,65.46,65.39,65.41,12152.0,65.417,98
2024-03-12 15:30:00-04:00,65.41,65.42,65.34,65.34,17621.0,65.394,133
2024-03-12 15:35:00-04:00,65.34,65.37,65.3,65.37,19942.0,65.327,161
2024-03-12 15:40:00-04:00,65.37,65.42,65.36,65.37,12371.0,65.378,110
2024-03-12 15:45:00-04:00,65.36,65.49,65.35,65.47,20893.0,65.414,171
2024-03-12 15:50:00-04:00,65.47,65.56,65.42,65.55,27148.0,65.48,211
2024-03-12 15:55:00-04:00,65.55,65.62,65.47,65.49,72549.0,65.538,471
2024-03-13 09:30:00-04:00,65.53,65.75,65.37,65.72,32275.0,65.562,103
2024-03-13 09:35:00-04:00,65.73,65.74,65.58,65.62,5789.0,65.635,47
2024-03-13 09:40:00-04:00,65.65,65.7,65.53,65.55,3574.0,65.624,30
2024-03-13 09:45:00-04:00,65.59,65.73,65.55,65.56,6461.0,65.645,58
2024-03-13 09:50:00-04:00,65.57,65.57,65.46,65.52,6408.0,65.511,57
2024-03-13 09:55:00-04:00,65.54,65.63,65.5,65.57,2406.0,65.57,23
2024-03-13 10:00:00-04:00,65.58,65.66,65.47,65.5,4976.0,65.555,41
2024-03-13 10:05:00-04:00,65.46,65.46,65.3,65.33,2933.0,65.386,25
2024-03-13 10:10:00-04:00,65.33,65.41,65.31,65.33,3685.0,65.349,33
2024-03-13 10:15:00-04:00,65.29,65.3,65.21,65.22,4011.0,65.263,30
2024-03-13 10:20:00-04:00,65.22,65.37,65.22,65.35,5853.0,65.322,51
2024-03-13 10:25:00-04:00,65.33,65.33,65.21,65.24,7299.0,65.275,61
2024-03-13 10:30:00-04:00,65.25,65.28,65.09,65.15,7743.0,65.185,61
2024-03-13 10:35:00-04:00,65.17,65.17,65.07,65.1,4522.0,65.119,40
2024-03-13 10:40:00-04:00,65.09,65.09,64.88,64.95,11007.0,64.956,96
2024-03-13 10:45:00-04:00,64.96,64.99,64.88,64.88,7713.0,64.924,64
2024-03-13 10:50:00-04:00,64.89,64.96,64.79,64.92,10080.0,64.877,82
2024-03-13 10:55:00-04:00,64.91,64.98,64.89,64.94,6921.0,64.945,56
2024-03-13 11:00:00-04:00,64.95,64.95,64.83,64.88,6411.0,64.894,38
2024-03-13 11:05:00-04:00,64.88,64.89,64.85,64.86,2863.0,64.866,26
2024-03-13 11:10:00-04:00,64.85,64.93,64.81,64.93,6048.0,64.846,49
2024-03-13 11:15:00-04:00,64.92,64.97,64.9,64.94,4807.0,64.925,41
2024-03-13 11:20:00-04:00,64.95,65.06,64.95,65.03,3959.0,64.997,31
2024-03-13 11:25:00-04:00,65.03,65.14,65.02,65.14,4614.0,65.078,39
2024-03-13 11:30:00-04:00,65.12,65.16,65.1,65.13,6148.0,65.13,45
2024-03-13 11:35:00-04:00,65.14,65.25,65.14,65.22,4167.0,65.204,35
2024-03-13 11:40:00-04:00,65.23,65.43,65.22,65.42,6592.0,65.36,49
2024-03-13 11:45:00-04:00,65.43,65.46,65.41,65.45,8515.0,65.439,52
2024-03-13 11:50:00-04:00,65.41,65.44,65.38,65.43,3405.0,65.412,28
2024-03-13 11:55:00-04:00,65.42,65.45,65.34,65.36,3466.0,65.4,31
2024-03-13 12:00:00-04:00,65.35,65.4,65.33,65.4,8148.0,65.361,36
2024-03-13 12:05:00-04:00,65.38,65.68,65.37,65.66,12530.0,65.58,106
2024-03-13 12:10:00-04:00,65.67,65.67,65.55,65.56,8278.0,65.626,59
2024-03-13 12:15:00-04:00,65.57,65.59,65.51,65.54,5642.0,65.556,43
2024-03-13 12:20:00-04:00,65.54,65.6,65.49,65.52,4869.0,65.551,43
2024-03-13 12:25:00-04:00,65.54,65.57,65.47,65.51,7425.0,65.518,52
2024-03-13 12:30:00-04:00,65.49,65.54,65.46,65.51,5223.0,65.513,47
2024-03-13 12:35:00-04:00,65.52,65.59,65.52,65.59,5402.0,65.56,39
2024-03-13 12:40:00-04:00,65.59,65.6,65.57,65.58,3332.0,65.595,27
2024-03-13 12:45:00-04:00,65.59,65.62,65.51,65.52,6488.0,65.59,31
2024-03-13 12:50:00-04:00,65.51,65.54,65.47,65.5,5372.0,65.51,42
2024-03-13 12:55:00-04:00,65.51,65.52,65.46,65.47,3438.0,65.489,27
2024-03-13 13:00:00-04:00,65.43,65.51,65.41,65.46,5557.0,65.458,46
2024-03-13 13:05:00-04:00,65.46,65.48,65.41,65.44,2276.0,65.442,17
2024-03-13 13:10:00-04:00,65.44,65.5,65.43,65.49,3740.0,65.456,31
2024-03-13 13:15:00-04:00,65.48,65.49,65.44,65.46,3133.0,65.468,28
2024-03-13 13:20:00-04:00,65.45,65.54,65.45,65.46,4123.0,65.496,37
2024-03-13 13:25:00-04:00,65.48,65.49,65.41,65.41,3250.0,65.461,26
2024-03-13 13:30:00-04:00,65.42,65.42,65.37,65.37,4294.0,65.395,37
2024-03-13 13:35:00-04:00,65.37,65.42,65.36,65.42,3741.0,65.401,34
2024-03-13 13:40:00-04:00,65.43,65.47,65.35,65.37,4376.0,65.416,35
2024-03-13 13:45:00-04:00,65.37,65.39,65.34,65.37,4569.0,65.371,39
2024-03-13 13:50:00-04:00,65.35,65.47,65.35,65.45,6362.0,65.405,56
2024-03-13 13:55:00-04:00,65.45,65.47,65.38,65.38,4065.0,65.429,35
2024-03-13 14:00:00-04:00,65.36,65.42,65.36,65.4,4904.0,65.394,41
2024-03-13 14:05:00-04:00,65.39,65.4,65.34,65.34,5663.0,65.371,51
2024-03-13 14:10:00-04:00,65.36,65.42,65.35,65.4,5284.0,65.383,36
2024-03-13 14:15:00-04:00,65.41,65.45,65.4,65.41,5432.0,65.423,50
2024-03-13 14:20:00-04:00,65.4,65.44,65.39,65.41,6062.0,65.416,38
2024-03-13 14:25:00-04:00,65.4,65.42,65.36,65.39,6202.0,65.394,50
2024-03-13 14:30:00-04:00,65.38,65.41,65.36,65.38,4285.0,65.386,37
2024-03-13 14:35:00-04:00,65.38,65.41,65.37,65.39,4754.0,65.396,32
2024-03-13 14:40:00-04:00,65.39,65.4,65.31,65.32,6033.0,65.358,48
2024-03-13 14:45:00-04:00,65.31,65.35,65.29,65.32,6491.0,65.333,53
2024-03-13 14:50:00-04:00,65.33,65.35,65.32,65.34,4744.0,65.335,41
2024-03-13 14:55:00-04:00,65.37,65.38,65.32,65.33,5011.0,65.346,44
2024-03-13 15:00:00-04:00,65.32,65.33,65.3,65.33,7101.0,65.322,54
2024-03-13 15:05:00-04:00,65.33,65.38,65.28,65.37,8776.0,65.321,61
2024-03-13 15:10:00-04:00,65.37,65.41,65.36,65.39,7873.0,65.384,58
2024-03-13 15:15:00-04:00,65.37,65.38,65.31,65.31,6572.0,65.354,55
2024-03-13 15:20:00-04:00,65.31,65.42,65.31,65.4,5821.0,65.374,50
2024-03-13 15:25:00-04:00,65.42,65.43,65.19,65.28,14202.0,65.301,105
2024-03-13 15:30:00-04:00,65.3,65.45,65.29,65.41,12679.0,65.379,113
2024-03-13 15:35:00-04:00,65.4,65.45,65.38,65.43,8291.0,65.412,73
2024-03-13 15:40:00-04:00,65.42,65.45,65.37,65.37,9643.0,65.406,87
2024-03-13 15:45:00-04:00,65.37,65.44,65.36,65.37,12499.0,65.402,107
2024-03-13 15:50:00-04:00,65.38,65.4,65.28,65.35,27186.0,65.318,217
2024-03-13 15:55:00-04:00,65.34,65.34,65.25,65.3,60297.0,65.299,410
2024-03-14 09:30:00-04:00,64.94,65.13,64.86,64.89,23847.0,64.949,62
2024-03-14 09:35:00-04:00,64.93,65.02,64.81,64.86,11184.0,64.938,59
2024-03-14 09:40:00-04:00,64.9,64.93,64.65,64.79,4751.0,64.819,44
2024-03-14 09:45:00-04:00,64.77,64.85,64.46,64.57,7955.0,64.651,57
2024-03-14 09:50:00-04:00,64.58,64.58,64.4,64.48,5239.0,64.48,44
2024-03-14 09:55:00-04:00,64.5,64.54,64.36,64.39,11543.0,64.439,79
2024-03-14 10:00:00-04:00,64.37,64.55,64.35,64.48,10834.0,64.451,84
2024-03-14 10:05:00-04:00,64.48,64.72,64.48,64.72,7615.0,64.575,61
2024-03-14 10:10:00-04:00,64.75,64.77,64.63,64.63,6396.0,64.732,49
2024-03-14 10:15:00-04:00,64.63,64.73,64.61,64.72,9650.0,64.667,62
2024-03-14 10:20:00-04:00,64.72,64.78,64.69,64.69,4940.0,64.734,39
2024-03-14 10:25:00-04:00,64.71,64.73,64.63,64.65,5036.0,64.673,37
2024-03-14 10:30:00-04:00,64.66,64.75,64.66,64.75,8292.0,64.717,64
2024-03-14 10:35:00-04:00,64.73,64.76,64.68,64.68,8211.0,64.728,66
2024-03-14 10:40:00-04:00,64.68,64.76,64.68,64.7,24854.0,64.699,65
2024-03-14 10:45:00-04:00,64.7,64.73,64.6,64.6,16226.0,64.682,66
2024-03-14 10:50:00-04:00,64.59,64.64,64.56,64.59,13729.0,64.591,98
2024-03-14 10:55:00-04:00,64.59,64.67,64.57,64.6,9828.0,64.611,74
2024-03-14 11:00:00-04:00,64.6,64.72,64.58,64.69,5605.0,64.639,42
2024-03-14 11:05:00-04:00,64.68,64.75,64.65,64.68,10773.0,64.7,58
2024-03-14 11:10:00-04:00,64.7,64.78,64.69,64.72,4867.0,64.737,35
2024-03-14 11:15:00-04:00,64.72,64.77,64.64,64.68,4967.0,64.706,38
2024-03-14 11:20:00-04:00,64.68,64.71,64.64,64.68,8286.0,64.665,52
2024-03-14 11:25:00-04:00,64.67,64.76,64.65,64.67,8931.0,64.693,52
2024-03-14 11:30:00-04:00,64.68,64.73,64.65,64.7,5123.0,64.687,33
2024-03-14 11:35:00-04:00,64.74,64.76,64.7,64.7,7043.0,64.734,48
2024-03-14 11:40:00-04:00,64.69,64.72,64.63,64.72,4260.0,64.677,30
2024-03-14 11:45:00-04:00,64.72,64.72,64.68,64.68,6389.0,64.7,40
2024-03-14 11:50:00-04:00,64.66,64.74,64.66,64.7,3468.0,64.705,26
2024-03-14 11:55:00-04:00,64.69,64.72,64.67,64.72,4111.0,64.691,29
2024-03-14 12:00:00-04:00,64.72,64.74,64.69,64.7,4249.0,64.709,32
2024-03-14 12:05:00-04:00,64.7,64.71,64.57,64.61,9329.0,64.623,70
2024-03-14 12:10:00-04:00,64.62,64.63,64.55,64.56,7117.0,64.581,57
2024-03-14 12:15:00-04:00,64.56,64.56,64.51,64.54,4588.0,64.533,37
2024-03-14 12:20:00-04:00,64.53,64.59,64.51,64.58,4237.0,64.534,36
2024-03-14 12:25:00-04:00,64.58,64.61,64.57,64.59,3487.0,64.597,28
2024-03-14 12:30:00-04:00,64.59,64.62,64.57,64.57,7785.0,64.6,47
2024-03-14 12:35:00-04:00,64.58,64.63,64.58,64.61,6404.0,64.61,44
2024-03-14 12:40:00-04:00,64.62,64.66,64.57,64.6,4849.0,64.62,34
2024-03-14 12:45:00-04:00,64.61,64.61,64.57,64.57,3677.0,64.595,24
2024-03-14 12:50:00-04:00,64.57,64.58,64.5,64.55,6562.0,64.526,49
2024-03-14 12:55:00-04:00,64.55,64.59,64.51,64.51,4541.0,64.551,35
2024-03-14 13:00:00-04:00,64.49,64.55,64.49,64.52,3249.0,64.521,24
2024-03-14 13:05:00-04:00,64.52,64.53,64.46,64.49,9475.0,64.497,73
2024-03-14 13:10:00-04:00,64.48,64.48,64.38,64.41,8655.0,64.413,60
2024-03-14 13:15:00-04:00,64.4,64.4,64.24,64.24,8465.0,64.34,55
2024-03-14 13:20:00-04:00,64.24,64.24,64.15,64.2,9170.0,64.2,70
2024-03-14 13:25:00-04:00,64.17,64.27,64.17,64.27,7659.0,64.209,62
2024-03-14 13:30:00-04:00,64.26,64.34,64.22,64.31,9895.0,64.273,62
2024-03-14 13:35:00-04:00,64.3,64.4,64.28,64.4,4333.0,64.339,37
2024-03-14 13:40:00-04:00,64.41,64.49,64.39,64.49,7593.0,64.442,54
2024-03-14 13:45:00-04:00,64.52,64.61,64.52,64.54,7919.0,64.561,67
2024-03-14 13:50:00-04:00,64.54,64.61,64.53,64.59,7809.0,64.58,63
2024-03-14 13:55:00-04:00,64.6,64.63,64.56,64.6,17286.0,64.604,102
2024-03-14 14:00:00-04:00,64.6,64.61,64.56,64.6,10121.0,64.596,80
2024-03-14 14:05:00-04:00,64.6,64.64,64.6,64.61,19022.0,64.62,119
2024-03-14 14:10:00-04:00,64.6,64.65,64.58,64.63,17403.0,64.607,105
2024-03-14 14:15:00-04:00,64.63,64.69,64.62,64.63,14733.0,64.656,113
2024-03-14 14:20:00-04:00,64.65,64.68,64.63,64.64,14220.0,64.654,92
2024-03-14 14:25:00-04:00,64.65,64.67,64.58,64.6,9311.0,64.636,61
2024-03-14 14:30:00-04:00,64.58,64.59,64.48,64.53,7498.0,64.547,55
2024-03-14 14:35:00-04:00,64.52,64.57,64.49,64.49,6989.0,64.518,55
2024-03-14 14:40:00-04:00,64.51,64.53,64.45,64.53,7614.0,64.484,63
2024-03-14 14:45:00-04:00,64.52,64.54,64.48,64.54,7528.0,64.495,48
2024-03-14 14:50:00-04:00,64.56,64.59,64.54,64.57,7956.0,64.563,62
2024-03-14 14:55:00-04:00,64.58,64.62,64.53,64.62,10769.0,64.577,68
2024-03-14 15:00:00-04:00,64.61,64.61,64.51,64.53,8244.0,64.548,62
2024-03-14 15:05:00-04:00,64.53,64.56,64.37,64.46,13223.0,64.478,96
2024-03-14 15:10:00-04:00,64.44,64.45,64.36,64.39,10314.0,64.403,74
2024-03-14 15:15:00-04:00,64.38,64.5,64.38,64.38,8187.0,64.441,51
2024-03-14 15:20:00-04:00,64.36,64.38,64.28,64.31,11964.0,64.336,87
2024-03-14 15:25:00-04:00,64.3,64.33,64.26,64.31,8763.0,64.296,64
2024-03-14 15:30:00-04:00,64.3,64.3,64.15,64.21,14888.0,64.18,107
2024-03-14 15:35:00-04:00,64.21,64.29,64.16,64.28,10293.0,64.229,81
2024-03-14 15:40:00-04:00,64.29,64.37,64.29,64.36,18323.0,64.335,141
2024-03-14 15:45:00-04:00,64.36,64.62,64.36,64.6,28620.0,64.468,201
2024-03-14 15:50:00-04:00,64.61,64.67,64.5,64.66,52594.0,64.62,374
2024-03-14 15:55:00-04:00,64.65,64.71,64.59,64.69,111567.0,64.66,720
2024-03-15 09:30:00-04:00,63.85,64.77,63.53,64.53,346056.0,63.862,82
2024-03-15 09:35:00-04:00,64.41,64.69,64.41,64.51,2595.0,64.543,22
2024-03-15 09:40:00-04:00,64.56,64.76,64.45,64.47,9309.0,64.576,77
2024-03-15 09:45:00-04:00,64.49,64.58,64.22,64.23,7559.0,64.37,63
2024-03-15 09:50:00-04:00,64.27,64.44,64.2,64.25,8301.0,64.301,64
2024-03-15 09:55:00-04:00,64.29,64.45,64.25,64.27,3377.0,64.349,28
2024-03-15 10:00:00-04:00,64.25,64.41,64.11,64.37,4111.0,64.25,39
2024-03-15 10:05:00-04:00,64.41,64.41,64.15,64.19,4552.0,64.25,34
2024-03-15 10:10:00-04:00,64.18,64.24,64.16,64.16,2031.0,64.199,18
2024-03-15 10:15:00-04:00,64.19,64.21,64.14,64.15,2870.0,64.175,26
2024-03-15 10:20:00-04:00,64.12,64.19,64.03,64.06,2400.0,64.122,22
2024-03-15 10:25:00-04:00,64.05,64.22,64.05,64.22,4178.0,64.097,33
2024-03-15 10:30:00-04:00,64.27,64.31,64.19,64.26,6597.0,64.247,51
2024-03-15 10:35:00-04:00,64.26,64.26,64.18,64.24,3677.0,64.212,34
2024-03-15 10:40:00-04:00,64.28,64.34,64.15,64.19,3823.0,64.233,32
2024-03-15 10:45:00-04:00,64.19,64.23,64.16,64.21,2402.0,64.194,22
2024-03-15 10:50:00-04:00,64.21,64.21,64.02,64.06,17383.0,64.108,122
2024-03-15 10:55:00-04:00,64.09,64.13,64.07,64.13,5880.0,64.11,52
2024-03-15 11:00:00-04:00,64.15,64.18,63.98,64.03,4360.0,64.079,40
2024-03-15 11:05:00-04:00,64.01,64.03,63.91,63.95,6292.0,63.979,50
2024-03-15 11:10:00-04:00,63.95,64.02,63.82,63.94,10004.0,63.932,73
2024-03-15 11:15:00-04:00,63.97,64.01,63.86,63.87,6219.0,63.945,45
2024-03-15 11:20:00-04:00,63.85,63.98,63.84,63.96,6099.0,63.904,52
2024-03-15 11:25:00-04:00,63.98,64.03,63.9,63.91,8989.0,63.961,79
2024-03-15 11:30:00-04:00,63.9,63.96,63.8,63.8,10979.0,63.891,87
2024-03-15 11:35:00-04:00,63.8,63.86,63.76,63.8,15170.0,63.809,87
2024-03-15 11:40:00-04:00,63.78,63.8,63.71,63.72,10394.0,63.762,92
2024-03-15 11:45:00-04:00,63.73,63.86,63.72,63.84,12324.0,63.795,109
2024-03-15 11:50:00-04:00,63.85,63.89,63.78,63.78,10175.0,63.853,72
2024-03-15 11:55:00-04:00,63.78,63.91,63.78,63.91,7170.0,63.849,63
2024-03-15 12:00:00-04:00,63.89,63.94,63.88,63.89,9156.0,63.904,75
2024-03-15 12:05:00-04:00,63.89,64.02,63.89,64.0,8545.0,63.943,69
2024-03-15 12:10:00-04:00,63.99,64.04,63.99,64.02,3509.0,64.01,30
2024-03-15 12:15:00-04:00,64.01,64.02,63.99,64.0,7176.0,64.01,56
2024-03-15 12:20:00-04:00,64.0,64.04,63.97,63.98,4367.0,64.017,39
2024-03-15 12:25:00-04:00,63.99,64.02,63.97,64.0,7637.0,63.995,69
2024-03-15 12:30:00-04:00,64.01,64.09,63.96,64.01,42944.0,63.998,117
2024-03-15 12:35:00-04:00,64.0,64.05,63.94,64.01,9390.0,63.987,77
2024-03-15 12:40:00-04:00,64.0,64.0,63.91,63.94,8633.0,63.959,75
2024-03-15 12:45:00-04:00,63.95,64.01,63.95,63.96,12919.0,63.976,103
2024-03-15 12:50:00-04:00,63.99,64.01,63.97,63.99,3662.0,63.996,32
2024-03-15 12:55:00-04:00,63.99,64.07,63.98,64.07,4522.0,64.033,37
2024-03-15 13:00:00-04:00,64.02,64.03,63.96,63.96,3894.0,64.004,34
2024-03-15 13:05:00-04:00,63.95,64.04,63.95,64.03,9683.0,64.0,82
2024-03-15 13:10:00-04:00,64.05,64.06,64.0,64.01,8100.0,64.016,59
2024-03-15 13:15:00-04:00,64.01,64.03,63.99,63.99,6216.0,64.006,48
2024-03-15 13:20:00-04:00,64.01,64.1,64.01,64.09,6733.0,64.045,53
2024-03-15 13:25:00-04:00,64.12,64.12,64.07,64.09,4538.0,64.098,37
2024-03-15 13:30:00-04:00,64.09,64.16,64.09,64.16,6700.0,64.12,61
2024-03-15 13:35:00-04:00,64.17,64.22,64.15,64.2,4536.0,64.188,40
2024-03-15 13:40:00-04:00,64.22,64.24,64.18,64.2,7180.0,64.205,41
2024-03-15 13:45:00-04:00,64.2,64.22,64.17,64.2,6847.0,64.197,54
2024-03-15 13:50:00-04:00,64.2,64.22,64.19,64.21,3668.0,64.203,34
2024-03-15 13:55:00-04:00,64.2,64.24,64.2,64.2,5395.0,64.214,50
2024-03-15 14:00:00-04:00,64.2,64.23,64.12,64.13,8975.0,64.193,79
2024-03-15 14:05:00-04:00,64.12,64.13,64.02,64.03,11805.0,64.07,99
2024-03-15 14:10:00-04:00,64.02,64.11,64.02,64.08,16006.0,64.065,124
2024-03-15 14:15:00-04:00,64.06,64.2,64.05,64.16,18914.0,64.127,154
2024-03-15 14:20:00-04:00,64.17,64.22,64.16,64.18,11653.0,64.18,102
2024-03-15 14:25:00-04:00,64.17,64.18,64.06,64.1,5707.0,64.125,53
2024-03-15 14:30:00-04:00,64.09,64.18,64.06,64.18,32660.0,64.145,228
2024-03-15 14:35:00-04:00,64.15,64.18,64.15,64.18,12078.0,64.16,95
2024-03-15 14:40:00-04:00,64.18,64.21,64.16,64.16,5588.0,64.188,45
2024-03-15 14:45:00-04:00,64.17,64.17,64.07,64.14,17982.0,64.106,102
2024-03-15 14:50:00-04:00,64.14,64.18,64.12,64.16,8429.0,64.153,76
2024-03-15 14:55:00-04:00,64.16,64.19,64.14,64.16,11862.0,64.161,89
2024-03-15 15:00:00-04:00,64.16,64.19,64.13,64.16,10007.0,64.159,72
2024-03-15 15:05:00-04:00,64.16,64.16,64.03,64.1,20801.0,64.114,134
2024-03-15 15:10:00-04:00,64.09,64.14,64.09,64.11,9822.0,64.113,51
2024-03-15 15:15:00-04:00,64.1,64.12,64.09,64.1,22742.0,64.095,138
2024-03-15 15:20:00-04:00,64.1,64.28,64.09,64.28,90413.0,64.2,524
2024-03-15 15:25:00-04:00,64.28,64.31,64.22,64.28,27737.0,64.267,230
2024-03-15 15:30:00-04:00,64.27,64.28,64.25,64.26,36873.0,64.257,297
2024-03-15 15:35:00-04:00,64.26,64.33,64.25,64.25,21064.0,64.284,137
2024-03-15 15:40:00-04:00,64.26,64.34,64.26,64.32,32017.0,64.3,209
2024-03-15 15:45:00-04:00,64.32,64.38,64.3,64.34,35547.0,64.335,264
2024-03-15 15:50:00-04:00,64.34,64.36,64.03,64.03,58737.0,64.16,431
2024-03-15 15:55:00-04:00,64.03,64.12,63.85,64.1,252746.0,64.024,1260
2024-03-18 09:30:00-04:00,64.68,65.14,64.58,65.05,50039.0,64.731,97
2024-03-18 09:35:00-04:00,65.03,65.08,64.77,64.82,15911.0,64.965,120
2024-03-18 09:40:00-04:00,64.84,64.94,64.8,64.9,12807.0,64.872,101
2024-03-18 09:45:00-04:00,64.87,64.9,64.63,64.73,36784.0,64.789,269
2024-03-18 09:50:00-04:00,64.69,65.07,64.69,64.83,8471.0,64.896,53
2024-03-18 09:55:00-04:00,64.83,64.92,64.78,64.9,5373.0,64.845,36
2024-03-18 10:00:00-04:00,64.89,64.9,64.82,64.89,15929.0,64.88,98
2024-03-18 10:05:00-04:00,64.91,64.91,64.75,64.84,15111.0,64.838,117
2024-03-18 10:10:00-04:00,64.84,64.9,64.82,64.89,9246.0,64.878,68
2024-03-18 10:15:00-04:00,64.89,64.91,64.76,64.89,17612.0,64.855,123
2024-03-18 10:20:00-04:00,64.9,64.92,64.82,64.89,21355.0,64.877,133
2024-03-18 10:25:00-04:00,64.88,64.89,64.82,64.82,9485.0,64.86,72
2024-03-18 10:30:00-04:00,64.81,64.91,64.79,64.9,14295.0,64.866,99
2024-03-18 10:35:00-04:00,64.92,65.15,64.88,65.12,21417.0,65.023,165
2024-03-18 10:40:00-04:00,65.14,65.15,65.09,65.13,12435.0,65.13,92
2024-03-18 10:45:00-04:00,65.14,65.25,65.07,65.21,46479.0,65.161,376
2024-03-18 10:50:00-04:00,65.2,65.32,65.2,65.31,9858.0,65.252,77
2024-03-18 10:55:00-04:00,65.33,65.47,65.3,65.34,17758.0,65.393,125
2024-03-18 11:00:00-04:00,65.35,65.42,65.31,65.31,14678.0,65.384,66
2024-03-18 11:05:00-04:00,65.3,65.32,65.26,65.28,7685.0,65.29,62
2024-03-18 11:10:00-04:00,65.27,65.37,65.27,65.36,7499.0,65.317,58
2024-03-18 11:15:00-04:00,65.37,65.38,65.32,65.36,6108.0,65.357,44
2024-03-18 11:20:00-04:00,65.39,65.41,65.32,65.36,8147.0,65.368,67
2024-03-18 11:25:00-04:00,65.37,65.44,65.32,65.34,10360.0,65.382,80
2024-03-18 11:30:00-04:00,65.35,65.41,65.34,65.39,13447.0,65.383,101
2024-03-18 11:35:00-04:00,65.39,65.42,65.36,65.41,8846.0,65.39,66
2024-03-18 11:40:00-04:00,65.41,65.42,65.31,65.31,11143.0,65.383,78
2024-03-18 11:45:00-04:00,65.32,65.39,65.32,65.36,5502.0,65.361,44
2024-03-18 11:50:00-04:00,65.34,65.36,65.31,65.31,4919.0,65.336,44
2024-03-18 11:55:00-04:00,65.3,65.3,65.24,65.24,9567.0,65.264,78
2024-03-18 12:00:00-04:00,65.26,65.26,65.18,65.18,7649.0,65.236,54
2024-03-18 12:05:00-04:00,65.17,65.24,65.16,65.24,4273.0,65.188,38
2024-03-18 12:10:00-04:00,65.24,65.3,65.21,65.28,10748.0,65.25,68
2024-03-18 12:15:00-04:00,65.28,65.32,65.22,65.3,11323.0,65.268,77
2024-03-18 12:20:00-04:00,65.3,65.42,65.3,65.39,16064.0,65.382,112
2024-03-18 12:25:00-04:00,65.38,65.38,65.32,65.37,7721.0,65.357,55
2024-03-18 12:30:00-04:00,65.37,65.39,65.32,65.33,11076.0,65.361,87
2024-03-18 12:35:00-04:00,65.31,65.31,65.27,65.27,4709.0,65.287,38
2024-03-18 12:40:00-04:00,65.28,65.28,65.17,65.18,6349.0,65.211,46
2024-03-18 12:45:00-04:00,65.18,65.19,65.06,65.06,4819.0,65.137,29
2024-03-18 12:50:00-04:00,65.06,65.07,65.01,65.03,8065.0,65.042,48
2024-03-18 12:55:00-04:00,65.03,65.04,65.0,65.01,3014.0,65.013,25
2024-03-18 13:00:00-04:00,65.0,65.0,64.9,64.91,6539.0,64.955,46
2024-03-18 13:05:00-04:00,64.92,64.98,64.9,64.96,7700.0,64.929,59
2024-03-18 13:10:00-04:00,64.96,65.01,64.92,64.97,6773.0,64.954,63
2024-03-18 13:15:00-04:00,65.01,65.01,64.93,64.93,4542.0,64.973,37
2024-03-18 13:20:00-04:00,64.92,64.97,64.92,64.93,3229.0,64.945,30
2024-03-18 13:25:00-04:00,64.93,64.96,64.87,64.94,6337.0,64.925,43
2024-03-18 13:30:00-04:00,64.94,64.97,64.92,64.97,3076.0,64.936,28
2024-03-18 13:35:00-04:00,64.96,65.01,64.95,64.98,6594.0,64.98,46
2024-03-18 13:40:00-04:00,64.97,64.98,64.93,64.95,5015.0,64.948,46
2024-03-18 13:45:00-04:00,64.95,64.99,64.95,64.99,4818.0,64.966,36
2024-03-18 13:50:00-04:00,64.99,65.16,64.98,65.11,20026.0,65.082,131
2024-03-18 13:55:00-04:00,65.11,65.2,65.11,65.2,13762.0,65.161,82
2024-03-18 14:00:00-04:00,65.2,65.22,65.17,65.21,11135.0,65.198,98
2024-03-18 14:05:00-04:00,65.21,65.21,65.12,65.14,8442.0,65.166,78
2024-03-18 14:10:00-04:00,65.13,65.21,65.1,65.2,11558.0,65.151,86
2024-03-18 14:15:00-04:00,65.2,65.21,65.15,65.18,13532.0,65.178,84
2024-03-18 14:20:00-04:00,65.19,65.2,65.16,65.17,7861.0,65.178,61
2024-03-18 14:25:00-04:00,65.17,65.18,65.1,65.16,8648.0,65.144,73
2024-03-18 14:30:00-04:00,65.15,65.24,65.15,65.24,12071.0,65.187,108
2024-03-18 14:35:00-04:00,65.24,65.25,65.2,65.25,9172.0,65.224,71
2024-03-18 14:40:00-04:00,65.25,65.25,65.13,65.17,11768.0,65.198,92
2024-03-18 14:45:00-04:00,65.17,65.18,65.13,65.13,8886.0,65.159,72
2024-03-18 14:50:00-04:00,65.13,65.21,65.13,65.17,12650.0,65.177,97
2024-03-18 14:55:00-04:00,65.17,65.2,65.16,65.19,10883.0,65.18,79
2024-03-18 15:00:00-04:00,65.2,65.23,65.15,65.16,12038.0,65.191,92
2024-03-18 15:05:00-04:00,65.15,65.19,65.14,65.19,13793.0,65.168,100
2024-03-18 15:10:00-04:00,65.19,65.24,65.18,65.19,13890.0,65.209,108
2024-03-18 15:15:00-04:00,65.18,65.2,65.15,65.16,13139.0,65.185,102
2024-03-18 15:20:00-04:00,65.16,65.17,65.08,65.1,15212.0,65.135,126
2024-03-18 15:25:00-04:00,65.1,65.2,65.08,65.11,25274.0,65.142,186
2024-03-18 15:30:00-04:00,65.11,65.13,65.07,65.12,20576.0,65.104,137
2024-03-18 15:35:00-04:00,65.12,65.13,65.02,65.02,18317.0,65.072,134
2024-03-18 15:40:00-04:00,65.01,65.13,65.01,65.11,28712.0,65.088,193
2024-03-18 15:45:00-04:00,65.11,65.11,64.99,64.99,34016.0,65.037,204
2024-03-18 15:50:00-04:00,64.99,65.03,64.9,64.94,57142.0,64.947,403
2024-03-18 15:55:00-04:00,64.94,64.96,64.75,64.78,163117.0,64.844,879
2024-03-19 09:30:00-04:00,64.52,64.57,64.02,64.48,39104.0,64.481,117
2024-03-19 09:35:00-04:00,64.39,64.61,64.36,64.61,13896.0,64.486,92
2024-03-19 09:40:00-04:00,64.6,64.63,64.37,64.43,12264.0,64.539,94
2024-03-19 09:45:00-04:00,64.46,64.5,64.32,64.35,5859.0,64.446,37
2024-03-19 09:50:00-04:00,64.33,64.45,64.33,64.36,6173.0,64.358,36
2024-03-19 09:55:00-04:00,64.44,64.47,64.35,64.43,4695.0,64.4,37
2024-03-19 10:00:00-04:00,64.43,64.44,64.43,64.43,800.0,64.433,6
2024-03-19 10:05:00-04:00,64.41,64.58,64.37,64.54,11770.0,64.442,76
2024-03-19 10:10:00-04:00,64.53,64.55,64.39,64.46,7589.0,64.487,53
2024-03-19 10:15:00-04:00,64.49,64.54,64.31,64.33,12793.0,64.426,99
2024-03-19 10:20:00-04:00,64.36,64.45,64.34,64.42,7334.0,64.415,47
2024-03-19 10:25:00-04:00,64.4,64.46,64.34,64.44,8195.0,64.402,63
2024-03-19 10:30:00-04:00,64.47,64.58,64.45,64.58,16505.0,64.494,73
2024-03-19 10:35:00-04:00,64.56,64.6,64.46,64.59,7214.0,64.544,58
2024-03-19 10:40:00-04:00,64.59,64.6,64.48,64.49,9708.0,64.557,62
2024-03-19 10:45:00-04:00,64.51,64.54,64.4,64.43,4568.0,64.473,35
2024-03-19 10:50:00-04:00,64.45,64.55,64.45,64.55,7154.0,64.519,46
2024-03-19 10:55:00-04:00,64.57,64.6,64.5,64.5,6550.0,64.547,50
2024-03-19 11:00:00-04:00,64.5,64.65,64.47,64.6,26346.0,64.57,194
2024-03-19 11:05:00-04:00,64.64,64.7,64.62,64.7,10529.0,64.676,80
2024-03-19 11:10:00-04:00,64.7,64.74,64.67,64.73,12781.0,64.714,114
2024-03-19 11:15:00-04:00,64.72,64.73,64.65,64.7,7564.0,64.703,58
2024-03-19 11:20:00-04:00,64.71,64.74,64.69,64.7,4181.0,64.716,28
2024-03-19 11:25:00-04:00,64.7,64.78,64.69,64.75,14754.0,64.729,100
2024-03-19 11:30:00-04:00,64.75,64.75,64.7,64.73,18628.0,64.717,60
2024-03-19 11:35:00-04:00,64.73,64.83,64.72,64.82,10772.0,64.764,84
2024-03-19 11:40:00-04:00,64.84,64.88,64.84,64.85,2476.0,64.853,19
2024-03-19 11:45:00-04:00,64.9,64.93,64.9,64.91,8048.0,64.905,18
2024-03-19 11:50:00-04:00,64.91,64.97,64.89,64.97,13412.0,64.91,53
2024-03-19 11:55:00-04:00,64.98,65.05,64.98,65.03,3418.0,65.005,23
2024-03-19 12:00:00-04:00,65.04,65.09,65.04,65.09,3168.0,65.067,31
2024-03-19 12:05:00-04:00,65.09,65.17,65.08,65.13,10544.0,65.139,52
2024-03-19 12:10:00-04:00,65.14,65.17,65.14,65.14,5839.0,65.157,40
2024-03-19 12:15:00-04:00,65.14,65.24,65.13,65.17,11121.0,65.195,97
2024-03-19 12:20:00-04:00,65.17,65.25,65.16,65.22,7597.0,65.215,60
2024-03-19 12:25:00-04:00,65.21,65.27,65.2,65.2,6712.0,65.243,52
2024-03-19 12:30:00-04:00,65.22,65.22,65.13,65.13,7173.0,65.17,56
2024-03-19 12:35:00-04:00,65.16,65.2,65.13,65.19,9361.0,65.168,76
2024-03-19 12:40:00-04:00,65.19,65.31,65.15,65.31,41165.0,65.187,82
2024-03-19 12:45:00-04:00,65.29,65.29,65.17,65.19,16450.0,65.216,97
2024-03-19 12:50:00-04:00,65.18,65.18,65.04,65.05,12102.0,65.107,94
2024-03-19 12:55:00-04:00,65.08,65.08,65.05,65.08,2303.0,65.068,18
2024-03-19 13:00:00-04:00,65.06,65.1,65.01,65.05,6163.0,65.067,45
2024-03-19 13:05:00-04:00,65.04,65.1,65.01,65.07,3858.0,65.053,30
2024-03-19 13:10:00-04:00,65.08,65.11,65.07,65.1,1614.0,65.093,14
2024-03-19 13:15:00-04:00,65.08,65.08,64.98,65.01,8839.0,65.012,25
2024-03-19 13:20:00-04:00,64.99,65.0,64.93,64.96,4129.0,64.976,30
2024-03-19 13:25:00-04:00,64.94,65.05,64.93,65.05,3075.0,65.007,25
2024-03-19 13:30:00-04:00,65.04,65.05,65.0,65.01,5895.0,65.027,34
2024-03-19 13:35:00-04:00,65.0,65.06,64.99,65.06,2781.0,65.009,22
2024-03-19 13:40:00-04:00,65.06,65.12,65.03,65.04,11072.0,65.09,82
2024-03-19 13:45:00-04:00,65.04,65.06,65.01,65.04,8469.0,65.031,51
2024-03-19 13:50:00-04:00,65.06,65.1,65.06,65.06,5645.0,65.075,33
2024-03-19 13:55:00-04:00,65.06,65.08,65.0,65.01,7118.0,65.023,44
2024-03-19 14:00:00-04:00,64.99,64.99,64.89,64.91,2890.0,64.929,23
2024-03-19 14:05:00-04:00,64.91,64.97,64.91,64.97,3215.0,64.947,27
2024-03-19 14:10:00-04:00,64.96,64.96,64.88,64.91,8047.0,64.937,46
2024-03-19 14:15:00-04:00,64.89,64.98,64.89,64.94,7189.0,64.939,52
2024-03-19 14:20:00-04:00,64.95,64.99,64.94,64.98,6661.0,64.965,40
2024-03-19 14:25:00-04:00,64.99,65.0,64.94,64.95,11661.0,64.973,63
2024-03-19 14:30:00-04:00,64.94,64.94,64.87,64.87,7526.0,64.907,52
2024-03-19 14:35:00-04:00,64.86,64.88,64.83,64.84,7282.0,64.864,39
2024-03-19 14:40:00-04:00,64.84,64.87,64.82,64.84,6545.0,64.848,44
2024-03-19 14:45:00-04:00,64.84,64.91,64.83,64.91,17446.0,64.885,100
2024-03-19 14:50:00-04:00,64.89,64.95,64.89,64.89,6137.0,64.919,43
2024-03-19 14:55:00-04:00,64.89,64.9,64.81,64.85,10185.0,64.854,69
2024-03-19 15:00:00-04:00,64.84,64.91,64.83,64.9,8207.0,64.87,47
2024-03-19 15:05:00-04:00,64.91,64.98,64.89,64.96,7892.0,64.931,56
2024-03-19 15:10:00-04:00,64.97,64.97,64.86,64.89,13582.0,64.9,42
2024-03-19 15:15:00-04:00,64.87,64.87,64.79,64.81,7966.0,64.837,51
2024-03-19 15:20:00-04:00,64.82,64.84,64.78,64.81,6219.0,64.812,47
2024-03-19 15:25:00-04:00,64.8,64.8,64.75,64.76,7128.0,64.78,54
2024-03-19 15:30:00-04:00,64.77,64.8,64.75,64.78,7613.0,64.773,63
2024-03-19 15:35:00-04:00,64.8,64.82,64.78,64.81,15599.0,64.802,122
2024-03-19 15:40:00-04:00,64.81,64.84,64.77,64.81,14932.0,64.813,123
2024-03-19 15:45:00-04:00,64.82,64.82,64.64,64.64,23016.0,64.746,167
2024-03-19 15:50:00-04:00,64.65,64.74,64.59,64.73,34381.0,64.65,280
2024-03-19 15:55:00-04:00,64.73,64.74,64.58,64.62,95549.0,64.672,648
2024-03-20 09:30:00-04:00,64.39,64.72,64.39,64.6,18168.0,64.436,30
2024-03-20 09:35:00-04:00,64.73,64.9,64.72,64.9,9595.0,64.742,32
2024-03-20 09:40:00-04:00,64.95,64.95,64.87,64.92,961.0,64.921,7
2024-03-20 09:45:00-04:00,64.85,65.0,64.84,64.97,3242.0,64.94,23
2024-03-20 09:50:00-04:00,64.9,64.98,64.87,64.87,10955.0,64.935,45
2024-03-20 09:55:00-04:00,64.93,65.08,64.92,65.08,6545.0,64.993,36
2024-03-20 10:00:00-04:00,65.06,65.06,64.97,65.05,4432.0,65.001,29
2024-03-20 10:05:00-04:00,65.08,65.22,65.05,65.22,2620.0,65.096,21
2024-03-20 10:10:00-04:00,65.22,65.3,65.21,65.28,7353.0,65.251,23
2024-03-20 10:15:00-04:00,65.33,65.36,65.3,65.35,6718.0,65.332,34
2024-03-20 10:20:00-04:00,65.38,65.38,65.33,65.37,5568.0,65.359,32
2024-03-20 10:25:00-04:00,65.37,65.39,65.3,65.3,3910.0,65.347,27
2024-03-20 10:30:00-04:00,65.32,65.32,65.17,65.17,12871.0,65.251,68
2024-03-20 10:35:00-04:00,65.16,65.19,65.11,65.11,4386.0,65.149,33
2024-03-20 10:40:00-04:00,65.09,65.17,65.06,65.13,6828.0,65.09,50
2024-03-20 10:45:00-04:00,65.14,65.14,65.07,65.11,9567.0,65.12,48
2024-03-20 10:50:00-04:00,65.11,65.12,65.03,65.12,6781.0,65.081,47
2024-03-20 10:55:00-04:00,65.09,65.31,65.07,65.31,10956.0,65.235,65
2024-03-20 11:00:00-04:00,65.29,65.3,65.08,65.14,7251.0,65.201,56
2024-03-20 11:05:00-04:00,65.17,65.23,65.16,65.22,4067.0,65.208,26
2024-03-20 11:10:00-04:00,65.23,65.26,65.21,65.26,2227.0,65.239,15
2024-03-20 11:15:00-04:00,65.26,65.28,65.23,65.24,6464.0,65.256,36
2024-03-20 11:20:00-04:00,65.21,65.21,65.07,65.07,4405.0,65.118,19
2024-03-20 11:25:00-04:00,65.08,65.1,65.04,65.09,3076.0,65.06,30
2024-03-20 11:30:00-04:00,65.1,65.11,65.05,65.11,5561.0,65.083,42
2024-03-20 11:35:00-04:00,65.13,65.14,65.1,65.13,3427.0,65.109,20
2024-03-20 11:40:00-04:00,65.13,65.14,65.08,65.13,6731.0,65.111,46
2024-03-20 11:45:00-04:00,65.12,65.14,65.08,65.08,3818.0,65.111,35
2024-03-20 11:50:00-04:00,65.07,65.11,65.07,65.11,3387.0,65.092,28
2024-03-20 11:55:00-04:00,65.09,65.09,65.05,65.06,1776.0,65.08,15
2024-03-20 12:00:00-04:00,65.05,65.05,64.96,64.98,4154.0,65.005,30
2024-03-20 12:05:00-04:00,64.99,65.09,64.98,65.09,2304.0,65.027,19
2024-03-20 12:10:00-04:00,65.08,65.09,65.06,65.06,913.0,65.077,9
2024-03-20 12:15:00-04:00,65.06,65.1,65.03,65.03,7344.0,65.056,40
2024-03-20 12:20:00-04:00,65.05,65.09,65.05,65.06,3073.0,65.078,21
2024-03-20 12:25:00-04:00,65.1,65.13,65.07,65.13,1780.0,65.116,12
2024-03-20 12:30:00-04:00,65.15,65.15,65.03,65.06,7846.0,65.083,39
2024-03-20 12:35:00-04:00,65.08,65.2,65.08,65.17,3558.0,65.156,25
2024-03-20 12:40:00-04:00,65.17,65.18,65.12,65.14,3551.0,65.143,31
2024-03-20 12:45:00-04:00,65.15,65.15,65.12,65.13,1468.0,65.136,12
2024-03-20 12:50:00-04:00,65.13,65.15,65.11,65.13,4405.0,65.138,29
2024-03-20 12:55:00-04:00,65.12,65.19,65.12,65.14,3889.0,65.159,33
2024-03-20 13:00:00-04:00,65.13,65.15,65.09,65.09,3223.0,65.116,23
2024-03-20 13:05:00-04:00,65.09,65.09,65.06,65.07,557.0,65.074,5
2024-03-20 13:10:00-04:00,65.05,65.06,65.01,65.06,4063.0,65.04,32
2024-03-20 13:15:00-04:00,65.06,65.09,65.02,65.08,3032.0,65.061,23
2024-03-20 13:20:00-04:00,65.09,65.1,65.05,65.09,2224.0,65.075,18
2024-03-20 13:25:00-04:00,65.09,65.13,65.09,65.13,1075.0,65.118,9
2024-03-20 13:30:00-04:00,65.12,65.16,65.1,65.12,6488.0,65.119,33
2024-03-20 13:35:00-04:00,65.13,65.13,65.11,65.13,2089.0,65.126,17
2024-03-20 13:40:00-04:00,65.11,65.12,65.07,65.11,4783.0,65.099,37
2024-03-20 13:45:00-04:00,65.11,65.16,65.11,65.16,1784.0,65.13,13
2024-03-20 13:50:00-04:00,65.18,65.18,65.1,65.12,5176.0,65.138,33
2024-03-20 13:55:00-04:00,65.12,65.14,65.08,65.08,3291.0,65.122,20
2024-03-20 14:00:00-04:00,65.06,65.4,65.06,65.32,16275.0,65.321,110
2024-03-20 14:05:00-04:00,65.34,65.4,65.28,65.28,17281.0,65.36,91
2024-03-20 14:10:00-04:00,65.29,65.35,65.26,65.28,3476.0,65.309,25
2024-03-20 14:15:00-04:00,65.3,65.3,65.18,65.18,4884.0,65.24,39
2024-03-20 14:20:00-04:00,65.17,65.24,65.13,65.15,3140.0,65.193,23
2024-03-20 14:25:00-04:00,65.15,65.28,65.15,65.28,5049.0,65.199,36
2024-03-20 14:30:00-04:00,65.3,65.32,65.08,65.09,7494.0,65.207,43
2024-03-20 14:35:00-04:00,65.06,65.34,65.06,65.28,3209.0,65.114,25
2024-03-20 14:40:00-04:00,65.34,65.4,65.21,65.32,8456.0,65.284,52
2024-03-20 14:45:00-04:00,65.34,65.45,65.34,65.44,17208.0,65.397,122
2024-03-20 14:50:00-04:00,65.44,65.5,65.31,65.34,12668.0,65.419,94
2024-03-20 14:55:00-04:00,65.36,65.42,65.36,65.4,8528.0,65.389,70
2024-03-20 15:00:00-04:00,65.4,65.4,65.32,65.36,5055.0,65.373,41
2024-03-20 15:05:00-04:00,65.37,65.4,65.3,65.34,8792.0,65.353,67
2024-03-20 15:10:00-04:00,65.4,65.42,65.33,65.37,9226.0,65.369,77
2024-03-20 15:15:00-04:00,65.35,65.39,65.32,65.39,12388.0,65.351,107
2024-03-20 15:20:00-04:00,65.4,65.46,65.33,65.46,9188.0,65.388,73
2024-03-20 15:25:00-04:00,65.45,65.53,65.41,65.5,13193.0,65.479,84
2024-03-20 15:30:00-04:00,65.48,65.58,65.48,65.56,13883.0,65.526,110
2024-03-20 15:35:00-04:00,65.55,65.55,65.38,65.42,7867.0,65.437,68
2024-03-20 15:40:00-04:00,65.44,65.5,65.42,65.48,9438.0,65.464,85
2024-03-20 15:45:00-04:00,65.48,65.49,65.26,65.27,23187.0,65.366,194
2024-03-20 15:50:00-04:00,65.25,65.3,65.23,65.26,29107.0,65.26,216
2024-03-20 15:55:00-04:00,65.27,65.3,65.18,65.25,69266.0,65.222,486
2024-03-21 09:30:00-04:00,65.36,65.48,65.15,65.32,9607.0,65.352,5
2024-03-21 09:35:00-04:00,65.29,65.42,65.26,65.37,13076.0,65.358,65
2024-03-21 09:40:00-04:00,65.41,65.57,65.4,65.54,7419.0,65.456,49
2024-03-21 09:45:00-04:00,65.54,65.64,65.44,65.64,5170.0,65.534,41
2024-03-21 09:50:00-04:00,65.64,65.8,65.64,65.8,8773.0,65.715,54
2024-03-21 09:55:00-04:00,65.88,66.0,65.88,65.95,6220.0,65.948,40
2024-03-21 10:00:00-04:00,65.98,65.98,65.64,65.67,6472.0,65.83,51
2024-03-21 10:05:00-04:00,65.65,65.69,65.59,65.63,9404.0,65.639,74
2024-03-21 10:10:00-04:00,65.64,65.68,65.61,65.67,7316.0,65.64,55
2024-03-21 10:15:00-04:00,65.68,65.72,65.59,65.66,7252.0,65.643,45
2024-03-21 10:20:00-04:00,65.66,65.74,65.63,65.73,7208.0,65.676,56
2024-03-21 10:25:00-04:00,65.74,65.83,65.65,65.65,7372.0,65.758,59
2024-03-21 10:30:00-04:00,65.66,65.81,65.63,65.68,11884.0,65.716,91
2024-03-21 10:35:00-04:00,65.69,65.74,65.68,65.74,5607.0,65.714,35
2024-03-21 10:40:00-04:00,65.74,65.9,65.73,65.83,23040.0,65.834,87
2024-03-21 10:45:00-04:00,65.85,65.89,65.77,65.8,7298.0,65.833,36
2024-03-21 10:50:00-04:00,65.81,65.81,65.78,65.79,6427.0,65.795,38
2024-03-21 10:55:00-04:00,65.79,65.97,65.79,65.97,6736.0,65.879,55
2024-03-21 11:00:00-04:00,66.0,66.0,65.91,65.98,7357.0,65.963,37
2024-03-21 11:05:00-04:00,65.98,65.98,65.89,65.92,4314.0,65.949,31
2024-03-21 11:10:00-04:00,65.94,65.95,65.84,65.84,6476.0,65.906,44
2024-03-21 11:15:00-04:00,65.85,65.88,65.81,65.81,9266.0,65.836,66
2024-03-21 11:20:00-04:00,65.81,65.87,65.81,65.84,4344.0,65.842,31
2024-03-21 11:25:00-04:00,65.84,65.84,65.8,65.8,4594.0,65.825,37
2024-03-21 11:30:00-04:00,65.78,65.83,65.76,65.78,7180.0,65.795,48
2024-03-21 11:35:00-04:00,65.79,65.84,65.79,65.83,5316.0,65.827,39
2024-03-21 11:40:00-04:00,65.82,65.96,65.82,65.96,11198.0,65.881,83
2024-03-21 11:45:00-04:00,65.96,66.03,65.96,66.02,10062.0,66.001,74
2024-03-21 11:50:00-04:00,66.0,66.02,65.95,66.0,4895.0,65.991,45
2024-03-21 11:55:00-04:00,66.01,66.08,66.0,66.06,7448.0,66.048,58
2024-03-21 12:00:00-04:00,66.06,66.07,65.99,66.01,5670.0,66.021,51
2024-03-21 12:05:00-04:00,66.02,66.06,66.01,66.02,6188.0,66.037,50
2024-03-21 12:10:00-04:00,66.01,66.06,66.01,66.06,4639.0,66.034,38
2024-03-21 12:15:00-04:00,66.06,66.07,66.03,66.03,5365.0,66.053,31
2024-03-21 12:20:00-04:00,66.03,66.05,65.99,66.0,4208.0,66.018,35
2024-03-21 12:25:00-04:00,66.01,66.02,65.99,66.01,4227.0,66.011,37
2024-03-21 12:30:00-04:00,66.01,66.01,65.97,65.98,4458.0,65.997,33
2024-03-21 12:35:00-04:00,65.96,65.98,65.93,65.97,2519.0,65.952,21
2024-03-21 12:40:00-04:00,65.97,66.0,65.95,66.0,7559.0,65.976,54
2024-03-21 12:45:00-04:00,65.99,66.03,65.97,66.01,4453.0,65.998,39
2024-03-21 12:50:00-04:00,66.02,66.05,65.97,66.01,12526.0,66.02,64
2024-03-21 12:55:00-04:00,66.0,66.07,66.0,66.06,3606.0,66.025,26
2024-03-21 13:00:00-04:00,66.05,66.05,65.92,65.95,3780.0,65.98,31
2024-03-21 13:05:00-04:00,65.94,65.94,65.88,65.9,4101.0,65.913,33
2024-03-21 13:10:00-04:00,65.89,65.89,65.78,65.78,4602.0,65.83,44
2024-03-21 13:15:00-04:00,65.75,65.75,65.71,65.74,4557.0,65.733,39
2024-03-21 13:20:00-04:00,65.74,65.77,65.71,65.75,5465.0,65.749,39
2024-03-21 13:25:00-04:00,65.74,65.74,65.68,65.72,4665.0,65.714,40
2024-03-21 13:30:00-04:00,65.71,65.72,65.66,65.67,3730.0,65.696,30
2024-03-21 13:35:00-04:00,65.69,65.69,65.63,65.64,6805.0,65.658,51
2024-03-21 13:40:00-04:00,65.64,65.7,65.61,65.68,6067.0,65.645,49
2024-03-21 13:45:00-04:00,65.69,65.79,65.69,65.79,5181.0,65.747,37
2024-03-21 13:50:00-04:00,65.78,65.81,65.75,65.78,8262.0,65.779,67
2024-03-21 13:55:00-04:00,65.78,65.83,65.77,65.79,3597.0,65.793,33
2024-03-21 14:00:00-04:00,65.79,65.81,65.76,65.81,5953.0,65.787,48
2024-03-21 14:05:00-04:00,65.8,65.84,65.8,65.81,6728.0,65.823,55
2024-03-21 14:10:00-04:00,65.82,65.82,65.76,65.77,9098.0,65.786,82
2024-03-21 14:15:00-04:00,65.75,65.76,65.68,65.71,5648.0,65.716,45
2024-03-21 14:20:00-04:00,65.71,65.77,65.7,65.77,7700.0,65.726,44
2024-03-21 14:25:00-04:00,65.79,65.83,65.76,65.83,5292.0,65.792,34
2024-03-21 14:30:00-04:00,65.81,65.82,65.78,65.79,4529.0,65.799,33
2024-03-21 14:35:00-04:00,65.79,65.79,65.73,65.76,5264.0,65.757,47
2024-03-21 14:40:00-04:00,65.76,65.78,65.73,65.76,4875.0,65.763,38
2024-03-21 14:45:00-04:00,65.76,65.77,65.69,65.69,6215.0,65.756,51
2024-03-21 14:50:00-04:00,65.7,65.74,65.69,65.72,6862.0,65.721,55
2024-03-21 14:55:00-04:00,65.72,65.74,65.7,65.7,5220.0,65.722,47
2024-03-21 15:00:00-04:00,65.7,65.73,65.7,65.71,4929.0,65.716,37
2024-03-21 15:05:00-04:00,65.71,65.74,65.67,65.71,8382.0,65.716,73
2024-03-21 15:10:00-04:00,65.71,65.71,65.67,65.7,5458.0,65.688,47
2024-03-21 15:15:00-04:00,65.68,65.73,65.64,65.68,9202.0,65.682,63
2024-03-21 15:20:00-04:00,65.67,65.72,65.64,65.71,9816.0,65.68,72
2024-03-21 15:25:00-04:00,65.7,65.74,65.7,65.72,5577.0,65.718,43
2024-03-21 15:30:00-04:00,65.72,65.76,65.65,65.65,11666.0,65.717,96
2024-03-21 15:35:00-04:00,65.67,65.67,65.58,65.6,5942.0,65.624,52
2024-03-21 15:40:00-04:00,65.6,65.65,65.6,65.65,9188.0,65.623,74
2024-03-21 15:45:00-04:00,65.64,65.7,65.63,65.64,15844.0,65.661,99
2024-03-21 15:50:00-04:00,65.65,65.66,65.56,65.59,28053.0,65.596,223
2024-03-21 15:55:00-04:00,65.58,65.6,65.51,65.52,77304.0,65.544,485
2024-03-22 09:30:00-04:00,65.8,66.17,65.42,66.17,21807.0,65.791,43
2024-03-22 09:35:00-04:00,66.13,66.26,66.06,66.24,6630.0,66.112,45
2024-03-22 09:40:00-04:00,66.2,66.26,66.16,66.23,10848.0,66.191,78
2024-03-22 09:45:00-04:00,66.23,66.24,66.13,66.14,10551.0,66.179,86
2024-03-22 09:50:00-04:00,66.14,66.19,66.06,66.13,5268.0,66.124,37
2024-03-22 09:55:00-04:00,66.1,66.12,65.95,66.08,7302.0,66.056,51
2024-03-22 10:00:00-04:00,66.08,66.09,66.02,66.09,6229.0,66.051,52
2024-03-22 10:05:00-04:00,66.11,66.19,66.09,66.13,9475.0,66.127,50
2024-03-22 10:10:00-04:00,66.14,66.17,66.12,66.16,4552.0,66.143,38
2024-03-22 10:15:00-04:00,66.16,66.22,66.15,66.15,11566.0,66.19,67
2024-03-22 10:20:00-04:00,66.15,66.15,66.07,66.11,6044.0,66.107,51
2024-03-22 10:25:00-04:00,66.13,66.13,66.0,66.11,7801.0,66.066,55
2024-03-22 10:30:00-04:00,66.11,66.13,66.08,66.08,8478.0,66.112,49
2024-03-22 10:35:00-04:00,66.09,66.1,66.06,66.09,7888.0,66.088,50
2024-03-22 10:40:00-04:00,66.09,66.09,65.93,65.93,7577.0,66.024,64
2024-03-22 10:45:00-04:00,65.97,65.97,65.88,65.9,5352.0,65.912,38
2024-03-22 10:50:00-04:00,65.9,65.92,65.86,65.88,6432.0,65.894,50
2024-03-22 10:55:00-04:00,65.88,65.89,65.84,65.84,5581.0,65.863,37
2024-03-22 11:00:00-04:00,65.85,66.0,65.83,66.0,6673.0,65.901,55
2024-03-22 11:05:00-04:00,66.0,66.02,65.98,65.99,5184.0,65.994,38
2024-03-22 11:10:00-04:00,66.0,66.06,66.0,66.01,4925.0,66.016,40
2024-03-22 11:15:00-04:00,66.01,66.04,65.96,66.03,4180.0,66.003,34
2024-03-22 11:20:00-04:00,66.06,66.08,66.04,66.06,5028.0,66.064,39
2024-03-22 11:25:00-04:00,66.07,66.16,66.06,66.16,7897.0,66.102,61
2024-03-22 11:30:00-04:00,66.16,66.24,66.15,66.22,15835.0,66.186,105
2024-03-22 11:35:00-04:00,66.23,66.24,66.13,66.14,8993.0,66.201,78
2024-03-22 11:40:00-04:00,66.14,66.24,66.14,66.23,4040.0,66.193,37
2024-03-22 11:45:00-04:00,66.23,66.24,66.18,66.19,12994.0,66.21,106
2024-03-22 11:50:00-04:00,66.19,66.25,66.08,66.09,7339.0,66.196,66
2024-03-22 11:55:00-04:00,66.08,66.13,66.05,66.06,5964.0,66.088,54
2024-03-22 12:00:00-04:00,66.08,66.08,65.97,65.97,5772.0,66.021,37
2024-03-22 12:05:00-04:00,65.98,66.02,65.98,66.02,4198.0,65.998,33
2024-03-22 12:10:00-04:00,66.01,66.01,65.94,65.95,6057.0,65.977,40
2024-03-22 12:15:00-04:00,65.96,66.0,65.92,65.92,14646.0,65.969,91
2024-03-22 12:20:00-04:00,65.92,66.04,65.91,66.04,3507.0,65.971,33
2024-03-22 12:25:00-04:00,66.04,66.06,65.98,66.01,5666.0,66.031,35
2024-03-22 12:30:00-04:00,66.04,66.08,65.96,66.0,8872.0,66.038,58
2024-03-22 12:35:00-04:00,66.01,66.04,66.01,66.03,3933.0,66.02,33
2024-03-22 12:40:00-04:00,66.04,66.11,66.03,66.09,7260.0,66.07,60
2024-03-22 12:45:00-04:00,66.1,66.11,66.01,66.04,6003.0,66.072,53
2024-03-22 12:50:00-04:00,66.04,66.08,66.03,66.06,5170.0,66.06,38
2024-03-22 12:55:00-04:00,66.06,66.06,65.94,65.96,5518.0,65.984,50
2024-03-22 13:00:00-04:00,65.96,65.97,65.88,65.9,7417.0,65.921,61
2024-03-22 13:05:00-04:00,65.91,65.94,65.86,65.87,9215.0,65.907,64
2024-03-22 13:10:00-04:00,65.86,65.86,65.75,65.77,6147.0,65.801,49
2024-03-22 13:15:00-04:00,65.79,65.92,65.79,65.91,6464.0,65.879,38
2024-03-22 13:20:00-04:00,65.92,65.99,65.92,65.97,1912.0,65.964,16
2024-03-22 13:25:00-04:00,65.99,66.01,65.95,65.98,4658.0,65.981,40
2024-03-22 13:30:00-04:00,65.99,66.03,65.97,66.03,6133.0,65.994,49
2024-03-22 13:35:00-04:00,66.04,66.1,66.02,66.05,10283.0,66.054,88
2024-03-22 13:40:00-04:00,66.06,66.07,66.01,66.04,7214.0,66.044,56
2024-03-22 13:45:00-04:00,66.03,66.07,65.96,66.0,11424.0,66.042,71
2024-03-22 13:50:00-04:00,65.99,66.03,65.99,66.03,8024.0,66.015,48
2024-03-22 13:55:00-04:00,66.04,66.06,66.02,66.03,7721.0,66.046,47
2024-03-22 14:00:00-04:00,66.05,66.12,66.04,66.06,18455.0,66.078,101
2024-03-22 14:05:00-04:00,66.04,66.1,66.03,66.07,9501.0,66.069,82
2024-03-22 14:10:00-04:00,66.09,66.16,66.08,66.16,6313.0,66.128,45
2024-03-22 14:15:00-04:00,66.15,66.19,66.13,66.14,10210.0,66.169,81
2024-03-22 14:20:00-04:00,66.15,66.2,66.08,66.18,11907.0,66.15,98
2024-03-22 14:25:00-04:00,66.19,66.23,66.17,66.2,10229.0,66.205,86
2024-03-22 14:30:00-04:00,66.2,66.21,66.08,66.08,10138.0,66.117,80
2024-03-22 14:35:00-04:00,66.09,66.1,66.06,66.07,9029.0,66.08,72
2024-03-22 14:40:00-04:00,66.05,66.07,65.97,66.0,18815.0,66.031,110
2024-03-22 14:45:00-04:00,66.01,66.08,66.01,66.03,15412.0,66.045,124
2024-03-22 14:50:00-04:00,66.03,66.04,65.99,66.04,10255.0,66.028,75
2024-03-22 14:55:00-04:00,66.06,66.09,66.01,66.08,10650.0,66.059,80
2024-03-22 15:00:00-04:00,66.06,66.09,66.06,66.08,6810.0,66.075,55
2024-03-22 15:05:00-04:00,66.09,66.1,65.96,65.97,10287.0,66.039,83
2024-03-22 15:10:00-04:00,65.98,65.98,65.85,65.95,12901.0,65.905,98
2024-03-22 15:15:00-04:00,65.96,65.98,65.87,65.88,10741.0,65.929,73
2024-03-22 15:20:00-04:00,65.88,65.94,65.86,65.92,10063.0,65.91,79
2024-03-22 15:25:00-04:00,65.92,65.97,65.92,65.95,11266.0,65.942,94
2024-03-22 15:30:00-04:00,65.95,66.0,65.94,65.96,9010.0,65.964,82
2024-03-22 15:35:00-04:00,65.97,65.99,65.93,65.97,9548.0,65.96,82
2024-03-22 15:40:00-04:00,65.96,66.06,65.95,66.06,13621.0,65.991,116
2024-03-22 15:45:00-04:00,66.06,66.16,66.05,66.16,22209.0,66.11,176
2024-03-22 15:50:00-04:00,66.22,66.23,66.12,66.2,43483.0,66.181,348
2024-03-22 15:55:00-04:00,66.19,66.3,66.18,66.23,136945.0,66.242,827
2024-03-25 09:30:00-04:00,66.23,66.53,66.01,66.37,24493.0,66.347,88
2024-03-25 09:35:00-04:00,66.39,66.58,66.33,66.58,7934.0,66.381,41
2024-03-25 09:40:00-04:00,66.56,66.69,66.56,66.69,3186.0,66.592,15
2024-03-25 09:45:00-04:00,66.62,66.62,66.45,66.48,9622.0,66.546,41
2024-03-25 09:50:00-04:00,66.48,66.53,66.44,66.44,5797.0,66.472,40
2024-03-25 09:55:00-04:00,66.47,66.62,66.47,66.62,1414.0,66.529,14
2024-03-25 10:00:00-04:00,66.58,66.61,66.54,66.54,7114.0,66.569,35
2024-03-25 10:05:00-04:00,66.54,66.58,66.5,66.51,6407.0,66.525,40
2024-03-25 10:10:00-04:00,66.53,66.53,66.46,66.49,4591.0,66.487,29
2024-03-25 10:15:00-04:00,66.47,66.49,66.38,66.38,5773.0,66.43,32
2024-03-25 10:20:00-04:00,66.41,66.41,66.37,66.4,3014.0,66.395,28
2024-03-25 10:25:00-04:00,66.4,66.43,66.36,66.4,6464.0,66.407,34
2024-03-25 10:30:00-04:00,66.41,66.44,66.39,66.44,2138.0,66.409,13
2024-03-25 10:35:00-04:00,66.46,66.46,66.4,66.41,7383.0,66.422,41
2024-03-25 10:40:00-04:00,66.42,66.43,66.36,66.38,4945.0,66.4,37
2024-03-25 10:45:00-04:00,66.39,66.4,66.37,66.39,6362.0,66.383,39
2024-03-25 10:50:00-04:00,66.39,66.4,66.35,66.4,8486.0,66.382,55
2024-03-25 10:55:00-04:00,66.4,66.43,66.39,66.43,9519.0,66.413,79
2024-03-25 11:00:00-04:00,66.43,66.45,66.4,66.43,14725.0,66.424,105
2024-03-25 11:05:00-04:00,66.44,66.55,66.41,66.55,7135.0,66.458,65
2024-03-25 11:10:00-04:00,66.53,66.6,66.5,66.56,9432.0,66.548,71
2024-03-25 11:15:00-04:00,66.56,66.69,66.56,66.64,9030.0,66.636,71
2024-03-25 11:20:00-04:00,66.63,66.68,66.6,66.67,6665.0,66.651,50
2024-03-25 11:25:00-04:00,66.64,66.7,66.64,66.69,6984.0,66.668,58
2024-03-25 11:30:00-04:00,66.69,66.7,66.64,66.66,7257.0,66.671,51
2024-03-25 11:35:00-04:00,66.66,66.67,66.36,66.36,9928.0,66.518,66
2024-03-25 11:40:00-04:00,66.38,66.39,66.32,66.37,17436.0,66.367,133
2024-03-25 11:45:00-04:00,66.38,66.5,66.31,66.44,17451.0,66.39,128
2024-03-25 11:50:00-04:00,66.42,66.5,66.42,66.47,6069.0,66.446,30
2024-03-25 11:55:00-04:00,66.47,66.55,66.47,66.54,8812.0,66.513,61
2024-03-25 12:00:00-04:00,66.53,66.57,66.52,66.52,5940.0,66.545,41
2024-03-25 12:05:00-04:00,66.52,66.54,66.49,66.51,3812.0,66.514,29
2024-03-25 12:10:00-04:00,66.5,66.57,66.5,66.56,6823.0,66.535,54
2024-03-25 12:15:00-04:00,66.56,66.61,66.52,66.52,7544.0,66.577,51
2024-03-25 12:20:00-04:00,66.5,66.57,66.5,66.55,4334.0,66.536,30
2024-03-25 12:25:00-04:00,66.55,66.56,66.49,66.51,5382.0,66.533,38
2024-03-25 12:30:00-04:00,66.52,66.56,66.49,66.56,4693.0,66.513,33
2024-03-25 12:35:00-04:00,66.57,66.58,66.54,66.56,5398.0,66.564,45
2024-03-25 12:40:00-04:00,66.55,66.56,66.54,66.56,2956.0,66.552,22
2024-03-25 12:45:00-04:00,66.54,66.54,66.52,66.53,4536.0,66.53,25
2024-03-25 12:50:00-04:00,66.51,66.52,66.46,66.48,4804.0,66.501,36
2024-03-25 12:55:00-04:00,66.49,66.59,66.49,66.58,6755.0,66.518,47
2024-03-25 13:00:00-04:00,66.59,66.62,66.58,66.58,4085.0,66.593,30
2024-03-25 13:05:00-04:00,66.58,66.6,66.55,66.55,7738.0,66.574,43
2024-03-25 13:10:00-04:00,66.56,66.56,66.49,66.5,1877.0,66.524,16
2024-03-25 13:15:00-04:00,66.49,66.49,66.42,66.45,10147.0,66.453,61
2024-03-25 13:20:00-04:00,66.47,66.49,66.35,66.35,17557.0,66.416,70
2024-03-25 13:25:00-04:00,66.36,66.45,66.35,66.43,9611.0,66.389,62
2024-03-25 13:30:00-04:00,66.42,66.46,66.42,66.45,1862.0,66.434,14
2024-03-25 13:35:00-04:00,66.45,66.5,66.44,66.47,6448.0,66.473,47
2024-03-25 13:40:00-04:00,66.45,66.48,66.44,66.45,3060.0,66.457,28
2024-03-25 13:45:00-04:00,66.45,66.47,66.42,66.44,5157.0,66.439,36
2024-03-25 13:50:00-04:00,66.44,66.44,66.41,66.42,4862.0,66.421,25
2024-03-25 13:55:00-04:00,66.42,66.44,66.42,66.42,3134.0,66.431,25
2024-03-25 14:00:00-04:00,66.42,66.42,66.36,66.37,5863.0,66.384,42
2024-03-25 14:05:00-04:00,66.37,66.4,66.36,66.37,3319.0,66.386,30
2024-03-25 14:10:00-04:00,66.37,66.45,66.37,66.45,4883.0,66.412,39
2024-03-25 14:15:00-04:00,66.44,66.49,66.43,66.46,2802.0,66.462,25
2024-03-25 14:20:00-04:00,66.46,66.47,66.43,66.44,3543.0,66.448,28
2024-03-25 14:25:00-04:00,66.45,66.47,66.41,66.43,6409.0,66.447,54
2024-03-25 14:30:00-04:00,66.42,66.44,66.4,66.42,5881.0,66.421,39
2024-03-25 14:35:00-04:00,66.41,66.43,66.41,66.41,3804.0,66.417,30
2024-03-25 14:40:00-04:00,66.42,66.48,66.41,66.45,4798.0,66.454,42
2024-03-25 14:45:00-04:00,66.45,66.46,66.43,66.45,4198.0,66.444,35
2024-03-25 14:50:00-04:00,66.44,66.44,66.37,66.4,7754.0,66.399,44
2024-03-25 14:55:00-04:00,66.4,66.43,66.39,66.41,4733.0,66.407,41
2024-03-25 15:00:00-04:00,66.41,66.41,66.32,66.32,4850.0,66.368,43
2024-03-25 15:05:00-04:00,66.32,66.33,66.29,66.29,3417.0,66.307,30
2024-03-25 15:10:00-04:00,66.28,66.31,66.27,66.31,7794.0,66.283,71
2024-03-25 15:15:00-04:00,66.31,66.37,66.3,66.35,7066.0,66.33,57
2024-03-25 15:20:00-04:00,66.33,66.33,66.27,66.3,7270.0,66.296,58
2024-03-25 15:25:00-04:00,66.3,66.36,66.28,66.36,3977.0,66.314,34
2024-03-25 15:30:00-04:00,66.36,66.38,66.33,66.38,7865.0,66.352,64
2024-03-25 15:35:00-04:00,66.37,66.41,66.35,66.39,11193.0,66.374,98
2024-03-25 15:40:00-04:00,66.41,66.44,66.41,66.41,8188.0,66.424,75
2024-03-25 15:45:00-04:00,66.42,66.45,66.4,66.42,18415.0,66.427,151
2024-03-25 15:50:00-04:00,66.42,66.45,66.35,66.45,39072.0,66.407,279
2024-03-25 15:55:00-04:00,66.46,66.55,66.4,66.52,90891.0,66.459,625
2024-03-26 09:30:00-04:00,66.62,66.73,66.28,66.4,22255.0,66.596,64
2024-03-26 09:35:00-04:00,66.36,66.39,66.19,66.27,15491.0,66.278,125
2024-03-26 09:40:00-04:00,66.26,66.57,66.26,66.53,40386.0,66.394,102
2024-03-26 09:45:00-04:00,66.5,66.7,66.5,66.64,8028.0,66.638,36
2024-03-26 09:50:00-04:00,66.64,66.66,66.49,66.53,5092.0,66.602,17
2024-03-26 09:55:00-04:00,66.57,66.63,66.48,66.5,4526.0,66.554,29
2024-03-26 10:00:00-04:00,66.53,66.55,66.41,66.53,5999.0,66.515,40
2024-03-26 10:05:00-04:00,66.55,66.58,66.34,66.42,13395.0,66.473,94
2024-03-26 10:10:00-04:00,66.42,66.47,66.32,66.45,9617.0,66.414,69
2024-03-26 10:15:00-04:00,66.43,66.5,66.38,66.43,11816.0,66.438,93
2024-03-26 10:20:00-04:00,66.42,66.47,66.39,66.44,8878.0,66.436,71
2024-03-26 10:25:00-04:00,66.43,66.47,66.39,66.42,10485.0,66.433,76
2024-03-26 10:30:00-04:00,66.42,66.42,66.35,66.41,9325.0,66.375,64
2024-03-26 10:35:00-04:00,66.4,66.59,66.4,66.57,6801.0,66.536,41
2024-03-26 10:40:00-04:00,66.56,66.57,66.5,66.51,10148.0,66.529,72
2024-03-26 10:45:00-04:00,66.51,66.55,66.48,66.55,9111.0,66.517,71
2024-03-26 10:50:00-04:00,66.56,66.64,66.52,66.52,11347.0,66.568,74
2024-03-26 10:55:00-04:00,66.52,66.59,66.52,66.58,8416.0,66.564,63
2024-03-26 11:00:00-04:00,66.57,66.64,66.54,66.56,29975.0,66.573,164
2024-03-26 11:05:00-04:00,66.55,66.55,66.51,66.53,4486.0,66.534,38
2024-03-26 11:10:00-04:00,66.53,66.54,66.49,66.51,5408.0,66.513,46
2024-03-26 11:15:00-04:00,66.51,66.59,66.48,66.59,13208.0,66.521,98
2024-03-26 11:20:00-04:00,66.58,66.64,66.56,66.64,8425.0,66.618,72
2024-03-26 11:25:00-04:00,66.64,66.69,66.57,66.66,77160.0,66.642,501
2024-03-26 11:30:00-04:00,66.65,66.66,66.6,66.61,10224.0,66.636,77
2024-03-26 11:35:00-04:00,66.6,66.61,66.53,66.54,5785.0,66.582,48
2024-03-26 11:40:00-04:00,66.53,66.6,66.53,66.59,3812.0,66.559,32
2024-03-26 11:45:00-04:00,66.6,66.68,66.59,66.67,10644.0,66.631,80
2024-03-26 11:50:00-04:00,66.67,66.68,66.57,66.57,7732.0,66.647,60
2024-03-26 11:55:00-04:00,66.55,66.59,66.5,66.59,4275.0,66.54,37
2024-03-26 12:00:00-04:00,66.58,66.58,66.52,66.55,4384.0,66.549,31
2024-03-26 12:05:00-04:00,66.54,66.66,66.53,66.62,10864.0,66.596,67
2024-03-26 12:10:00-04:00,66.63,66.67,66.62,66.65,3386.0,66.654,27
2024-03-26 12:15:00-04:00,66.65,66.65,66.6,66.63,7679.0,66.627,56
2024-03-26 12:20:00-04:00,66.63,66.64,66.61,66.62,6445.0,66.629,51
2024-03-26 12:25:00-04:00,66.63,66.67,66.54,66.54,14474.0,66.622,106
2024-03-26 12:30:00-04:00,66.51,66.56,66.51,66.53,5346.0,66.538,34
2024-03-26 12:35:00-04:00,66.55,66.63,66.54,66.59,10129.0,66.598,88
2024-03-26 12:40:00-04:00,66.59,66.63,66.59,66.62,6911.0,66.606,51
2024-03-26 12:45:00-04:00,66.62,66.65,66.6,66.65,8210.0,66.622,55
2024-03-26 12:50:00-04:00,66.65,66.68,66.64,66.68,8342.0,66.662,53
2024-03-26 12:55:00-04:00,66.67,66.7,66.59,66.64,47507.0,66.653,70
2024-03-26 13:00:00-04:00,66.63,66.67,66.57,66.57,7114.0,66.635,57
2024-03-26 13:05:00-04:00,66.56,66.57,66.36,66.36,9945.0,66.451,73
2024-03-26 13:10:00-04:00,66.35,66.47,66.33,66.4,11184.0,66.388,75
2024-03-26 13:15:00-04:00,66.42,66.48,66.4,66.44,3602.0,66.445,27
2024-03-26 13:20:00-04:00,66.46,66.47,66.39,66.41,4156.0,66.437,32
2024-03-26 13:25:00-04:00,66.4,66.54,66.39,66.42,34027.0,66.483,124
2024-03-26 13:30:00-04:00,66.44,66.45,66.36,66.42,8959.0,66.406,60
2024-03-26 13:35:00-04:00,66.44,66.49,66.39,66.43,10469.0,66.441,72
2024-03-26 13:40:00-04:00,66.41,66.44,66.37,66.37,9139.0,66.41,71
2024-03-26 13:45:00-04:00,66.4,66.57,66.39,66.56,23466.0,66.496,118
2024-03-26 13:50:00-04:00,66.56,66.56,66.45,66.47,15822.0,66.514,86
2024-03-26 13:55:00-04:00,66.47,66.53,66.47,66.52,6400.0,66.51,41
2024-03-26 14:00:00-04:00,66.52,66.52,66.45,66.46,7145.0,66.494,56
2024-03-26 14:05:00-04:00,66.47,66.55,66.44,66.5,22975.0,66.5,109
2024-03-26 14:10:00-04:00,66.5,66.52,66.48,66.51,8632.0,66.503,55
2024-03-26 14:15:00-04:00,66.5,66.61,66.49,66.58,6970.0,66.568,48
2024-03-26 14:20:00-04:00,66.57,66.63,66.55,66.6,11573.0,66.577,88
2024-03-26 14:25:00-04:00,66.61,66.62,66.54,66.55,4657.0,66.586,39
2024-03-26 14:30:00-04:00,66.54,66.55,66.49,66.49,6405.0,66.531,48
2024-03-26 14:35:00-04:00,66.47,66.5,66.46,66.47,10096.0,66.481,76
2024-03-26 14:40:00-04:00,66.46,66.52,66.46,66.5,5777.0,66.505,39
2024-03-26 14:45:00-04:00,66.5,66.56,66.5,66.53,12398.0,66.53,94
2024-03-26 14:50:00-04:00,66.52,66.52,66.47,66.49,5901.0,66.491,49
2024-03-26 14:55:00-04:00,66.49,66.52,66.47,66.48,9688.0,66.497,59
2024-03-26 15:00:00-04:00,66.48,66.48,66.43,66.44,5891.0,66.461,39
2024-03-26 15:05:00-04:00,66.45,66.45,66.35,66.38,8946.0,66.392,68
2024-03-26 15:10:00-04:00,66.37,66.45,66.37,66.45,6537.0,66.41,49
2024-03-26 15:15:00-04:00,66.45,66.47,66.37,66.37,13068.0,66.429,93
2024-03-26 15:20:00-04:00,66.37,66.38,66.36,66.36,8517.0,66.366,53
2024-03-26 15:25:00-04:00,66.35,66.37,66.25,66.37,16227.0,66.297,131
2024-03-26 15:30:00-04:00,66.36,66.37,66.29,66.31,13107.0,66.329,90
2024-03-26 15:35:00-04:00,66.31,66.35,66.28,66.34,12567.0,66.312,103
2024-03-26 15:40:00-04:00,66.35,66.42,66.34,66.4,16206.0,66.393,139
2024-03-26 15:45:00-04:00,66.4,66.42,66.33,66.34,21871.0,66.379,171
2024-03-26 15:50:00-04:00,66.33,66.43,66.33,66.42,35876.0,66.378,265
2024-03-26 15:55:00-04:00,66.43,66.47,66.35,66.46,108053.0,66.425,678
2024-03-27 09:30:00-04:00,66.8,67.01,66.68,66.94,36278.0,66.831,106
2024-03-27 09:35:00-04:00,66.99,67.17,66.99,67.13,4547.0,67.094,36
2024-03-27 09:40:00-04:00,67.16,67.33,67.05,67.21,22813.0,67.205,140
2024-03-27 09:45:00-04:00,67.25,67.38,67.14,67.16,17129.0,67.242,103
2024-03-27 09:50:00-04:00,67.17,67.27,67.09,67.15,22770.0,67.177,127
2024-03-27 09:55:00-04:00,67.18,67.31,67.05,67.19,29611.0,67.168,180
2024-03-27 10:00:00-04:00,67.18,67.21,67.08,67.17,10282.0,67.151,93
2024-03-27 10:05:00-04:00,67.15,67.24,67.03,67.23,11376.0,67.148,97
2024-03-27 10:10:00-04:00,67.28,67.39,67.23,67.27,12064.0,67.301,86
2024-03-27 10:15:00-04:00,67.25,67.32,67.13,67.25,20259.0,67.224,163
2024-03-27 10:20:00-04:00,67.26,67.26,67.1,67.16,6452.0,67.173,53
2024-03-27 10:25:00-04:00,67.19,67.25,67.14,67.23,20755.0,67.201,172
2024-03-27 10:30:00-04:00,67.26,67.39,67.26,67.36,9085.0,67.34,72
2024-03-27 10:35:00-04:00,67.33,67.39,67.27,67.28,10283.0,67.324,79
2024-03-27 10:40:00-04:00,67.28,67.28,67.14,67.14,16737.0,67.198,122
2024-03-27 10:45:00-04:00,67.12,67.24,67.12,67.22,18995.0,67.175,109
2024-03-27 10:50:00-04:00,67.22,67.25,67.16,67.23,8091.0,67.189,66
2024-03-27 10:55:00-04:00,67.23,67.28,67.2,67.24,9398.0,67.246,72
2024-03-27 11:00:00-04:00,67.24,67.34,67.2,67.25,24504.0,67.254,172
2024-03-27 11:05:00-04:00,67.27,67.33,67.1,67.21,15829.0,67.199,110
2024-03-27 11:10:00-04:00,67.24,67.3,67.17,67.17,4261.0,67.258,26
2024-03-27 11:15:00-04:00,67.18,67.18,67.1,67.15,5800.0,67.137,25
2024-03-27 11:20:00-04:00,67.14,67.21,67.14,67.2,4377.0,67.189,30
2024-03-27 11:25:00-04:00,67.2,67.22,67.11,67.14,8334.0,67.181,55
2024-03-27 11:30:00-04:00,67.13,67.17,67.12,67.15,8631.0,67.148,62
2024-03-27 11:35:00-04:00,67.15,67.15,67.11,67.11,5877.0,67.129,34
2024-03-27 11:40:00-04:00,67.09,67.1,67.04,67.09,6442.0,67.076,45
2024-03-27 11:45:00-04:00,67.09,67.11,67.03,67.03,8140.0,67.082,52
2024-03-27 11:50:00-04:00,67.02,67.02,66.85,66.92,7146.0,66.929,57
2024-03-27 11:55:00-04:00,66.89,66.91,66.8,66.81,4016.0,66.857,33
2024-03-27 12:00:00-04:00,66.83,66.91,66.83,66.88,6935.0,66.863,54
2024-03-27 12:05:00-04:00,66.89,66.93,66.86,66.92,6129.0,66.901,44
2024-03-27 12:10:00-04:00,66.93,66.95,66.86,66.86,6065.0,66.918,43
2024-03-27 12:15:00-04:00,66.88,66.89,66.85,66.88,3744.0,66.869,33
2024-03-27 12:20:00-04:00,66.89,66.91,66.85,66.87,6820.0,66.89,48
2024-03-27 12:25:00-04:00,66.88,66.92,66.87,66.92,1706.0,66.892,17
2024-03-27 12:30:00-04:00,66.92,66.99,66.91,66.95,8016.0,66.965,53
2024-03-27 12:35:00-04:00,66.94,66.95,66.9,66.95,3362.0,66.923,31
2024-03-27 12:40:00-04:00,66.95,66.95,66.9,66.92,4777.0,66.933,40
2024-03-27 12:45:00-04:00,66.93,66.93,66.91,66.91,4219.0,66.914,26
2024-03-27 12:50:00-04:00,66.9,66.96,66.89,66.9,5545.0,66.92,40
2024-03-27 12:55:00-04:00,66.87,66.88,66.78,66.78,4448.0,66.832,38
2024-03-27 13:00:00-04:00,66.78,66.78,66.72,66.72,9631.0,66.743,70
2024-03-27 13:05:00-04:00,66.71,66.73,66.63,66.63,6745.0,66.688,56
2024-03-27 13:10:00-04:00,66.66,66.67,66.59,66.59,7669.0,66.631,60
2024-03-27 13:15:00-04:00,66.6,66.73,66.6,66.73,3030.0,66.662,27
2024-03-27 13:20:00-04:00,66.7,66.72,66.69,66.7,4177.0,66.702,26
2024-03-27 13:25:00-04:00,66.69,66.8,66.69,66.8,8705.0,66.74,47
2024-03-27 13:30:00-04:00,66.78,66.8,66.77,66.78,5479.0,66.785,35
2024-03-27 13:35:00-04:00,66.79,66.87,66.79,66.84,6897.0,66.84,45
2024-03-27 13:40:00-04:00,66.84,66.84,66.76,66.78,4439.0,66.806,36
2024-03-27 13:45:00-04:00,66.78,66.79,66.77,66.79,2770.0,66.783,24
2024-03-27 13:50:00-04:00,66.78,66.79,66.77,66.77,3583.0,66.778,25
2024-03-27 13:55:00-04:00,66.78,66.78,66.76,66.76,5007.0,66.774,40
2024-03-27 14:00:00-04:00,66.78,66.84,66.77,66.84,3749.0,66.787,30
2024-03-27 14:05:00-04:00,66.85,66.86,66.82,66.85,6302.0,66.838,36
2024-03-27 14:10:00-04:00,66.86,66.88,66.84,66.86,6353.0,66.863,36
2024-03-27 14:15:00-04:00,66.86,66.89,66.82,66.87,6721.0,66.847,54
2024-03-27 14:20:00-04:00,66.87,66.88,66.85,66.85,2710.0,66.856,16
2024-03-27 14:25:00-04:00,66.85,66.9,66.84,66.89,3228.0,66.86,25
2024-03-27 14:30:00-04:00,66.89,66.92,66.85,66.9,9047.0,66.893,64
2024-03-27 14:35:00-04:00,66.89,66.91,66.86,66.86,4560.0,66.883,33
2024-03-27 14:40:00-04:00,66.87,66.92,66.85,66.9,7682.0,66.894,52
2024-03-27 14:45:00-04:00,66.9,66.97,66.89,66.96,4791.0,66.931,34
2024-03-27 14:50:00-04:00,66.97,66.97,66.86,66.86,6660.0,66.939,44
2024-03-27 14:55:00-04:00,66.86,66.91,66.86,66.9,5515.0,66.887,33
2024-03-27 15:00:00-04:00,66.93,66.96,66.9,66.96,5268.0,66.924,44
2024-03-27 15:05:00-04:00,66.96,66.98,66.94,66.94,8341.0,66.963,55
2024-03-27 15:10:00-04:00,66.95,66.99,66.94,66.94,11667.0,66.96,70
2024-03-27 15:15:00-04:00,66.92,66.92,66.83,66.89,4809.0,66.865,44
2024-03-27 15:20:00-04:00,66.89,66.92,66.87,66.92,4563.0,66.894,39
2024-03-27 15:25:00-04:00,66.94,67.02,66.92,66.98,13369.0,66.973,85
2024-03-27 15:30:00-04:00,66.99,67.06,66.98,67.04,8574.0,67.011,56
2024-03-27 15:35:00-04:00,67.03,67.04,66.99,67.02,13436.0,67.017,110
2024-03-27 15:40:00-04:00,67.02,67.09,67.02,67.05,15091.0,67.047,121
2024-03-27 15:45:00-04:00,67.05,67.06,66.9,66.91,17410.0,66.977,152
2024-03-27 15:50:00-04:00,66.92,67.06,66.89,67.03,38220.0,66.989,287
2024-03-27 15:55:00-04:00,67.03,67.16,67.01,67.14,86820.0,67.097,552
2024-03-28 09:30:00-04:00,67.23,67.28,67.06,67.18,36318.0,67.222,46
2024-03-28 09:35:00-04:00,67.18,67.35,67.1,67.2,11692.0,67.235,68
2024-03-28 09:40:00-04:00,67.25,67.4,67.21,67.31,4506.0,67.316,35
2024-03-28 09:45:00-04:00,67.31,67.32,67.21,67.27,4951.0,67.27,45
2024-03-28 09:50:00-04:00,67.28,67.35,67.18,67.18,63457.0,67.234,78
2024-03-28 09:55:00-04:00,67.22,67.28,67.19,67.25,8453.0,67.222,63
2024-03-28 10:00:00-04:00,67.27,67.44,67.25,67.44,7502.0,67.348,46
2024-03-28 10:05:00-04:00,67.47,67.62,67.43,67.61,39511.0,67.487,60
2024-03-28 10:10:00-04:00,67.61,67.66,67.47,67.5,7848.0,67.56,54
2024-03-28 10:15:00-04:00,67.49,67.49,67.3,67.33,7665.0,67.392,55
2024-03-28 10:20:00-04:00,67.3,67.5,67.3,67.5,6694.0,67.394,47
2024-03-28 10:25:00-04:00,67.49,67.61,67.48,67.59,4036.0,67.548,34
2024-03-28 10:30:00-04:00,67.62,67.68,67.6,67.63,8046.0,67.633,50
2024-03-28 10:35:00-04:00,67.63,67.66,67.58,67.59,7246.0,67.616,44
2024-03-28 10:40:00-04:00,67.6,67.63,67.59,67.61,5453.0,67.606,46
2024-03-28 10:45:00-04:00,67.6,67.69,67.6,67.63,4730.0,67.654,40
2024-03-28 10:50:00-04:00,67.63,67.75,67.62,67.72,5759.0,67.692,37
2024-03-28 10:55:00-04:00,67.71,67.72,67.65,67.67,6676.0,67.692,56
2024-03-28 11:00:00-04:00,67.7,67.72,67.64,67.67,7900.0,67.677,43
2024-03-28 11:05:00-04:00,67.66,67.68,67.6,67.65,4164.0,67.639,34
2024-03-28 11:10:00-04:00,67.66,67.75,67.65,67.75,4685.0,67.711,35
2024-03-28 11:15:00-04:00,67.73,67.78,67.67,67.7,13399.0,67.718,110
2024-03-28 11:20:00-04:00,67.69,67.73,67.67,67.73,5974.0,67.687,41
2024-03-28 11:25:00-04:00,67.74,67.83,67.73,67.76,11565.0,67.784,71
2024-03-28 11:30:00-04:00,67.76,67.76,67.7,67.72,6249.0,67.733,49
2024-03-28 11:35:00-04:00,67.72,67.77,67.68,67.72,6305.0,67.726,49
2024-03-28 11:40:00-04:00,67.73,67.76,67.71,67.73,4094.0,67.736,37
2024-03-28 11:45:00-04:00,67.73,67.73,67.64,67.68,4384.0,67.693,39
2024-03-28 11:50:00-04:00,67.69,67.77,67.69,67.77,6756.0,67.73,45
2024-03-28 11:55:00-04:00,67.77,67.8,67.69,67.77,5131.0,67.751,41
2024-03-28 12:00:00-04:00,67.78,67.81,67.73,67.75,8941.0,67.749,50
2024-03-28 12:05:00-04:00,67.76,67.84,67.75,67.8,3944.0,67.81,34
2024-03-28 12:10:00-04:00,67.78,67.8,67.77,67.77,3767.0,67.79,29
2024-03-28 12:15:00-04:00,67.76,67.79,67.75,67.78,6435.0,67.77,43
2024-03-28 12:20:00-04:00,67.79,67.81,67.79,67.81,2091.0,67.796,18
2024-03-28 12:25:00-04:00,67.8,67.82,67.75,67.75,8875.0,67.793,67
2024-03-28 12:30:00-04:00,67.74,67.74,67.69,67.69,3402.0,67.712,30
2024-03-28 12:35:00-04:00,67.69,67.75,67.68,67.75,5009.0,67.723,39
2024-03-28 12:40:00-04:00,67.74,67.77,67.72,67.76,3248.0,67.751,28
2024-03-28 12:45:00-04:00,67.77,67.77,67.72,67.76,5002.0,67.753,42
2024-03-28 12:50:00-04:00,67.78,67.79,67.76,67.78,2139.0,67.779,18
2024-03-28 12:55:00-04:00,67.79,67.8,67.73,67.75,3263.0,67.771,25
2024-03-28 13:00:00-04:00,67.76,67.85,67.76,67.81,4469.0,67.81,34
2024-03-28 13:05:00-04:00,67.81,67.84,67.78,67.81,5668.0,67.809,42
2024-03-28 13:10:00-04:00,67.82,67.82,67.78,67.79,5592.0,67.804,43
2024-03-28 13:15:00-04:00,67.81,67.84,67.76,67.78,4914.0,67.796,30
2024-03-28 13:20:00-04:00,67.78,67.78,67.74,67.76,4632.0,67.766,34
2024-03-28 13:25:00-04:00,67.76,67.8,67.74,67.78,25678.0,67.752,56
2024-03-28 13:30:00-04:00,67.77,67.78,67.64,67.64,7886.0,67.723,60
2024-03-28 13:35:00-04:00,67.62,67.65,67.6,67.65,3690.0,67.628,29
2024-03-28 13:40:00-04:00,67.63,67.63,67.57,67.62,4617.0,67.602,40
2024-03-28 13:45:00-04:00,67.64,67.64,67.62,67.64,3442.0,67.632,31
2024-03-28 13:50:00-04:00,67.64,67.64,67.58,67.58,4506.0,67.615,32
2024-03-28 13:55:00-04:00,67.58,67.61,67.58,67.6,4727.0,67.596,40
2024-03-28 14:00:00-04:00,67.59,67.63,67.59,67.63,4182.0,67.613,33
2024-03-28 14:05:00-04:00,67.61,67.64,67.58,67.58,19772.0,67.607,80
2024-03-28 14:10:00-04:00,67.58,67.59,67.54,67.58,5423.0,67.571,43
2024-03-28 14:15:00-04:00,67.58,67.63,67.58,67.61,6715.0,67.612,36
2024-03-28 14:20:00-04:00,67.6,67.69,67.6,67.69,6128.0,67.657,49
2024-03-28 14:25:00-04:00,67.68,67.7,67.65,67.66,5091.0,67.682,31
2024-03-28 14:30:00-04:00,67.66,67.67,67.62,67.62,6650.0,67.638,54
2024-03-28 14:35:00-04:00,67.62,67.63,67.57,67.61,7695.0,67.6,62
2024-03-28 14:40:00-04:00,67.6,67.66,67.59,67.62,7700.0,67.624,61
2024-03-28 14:45:00-04:00,67.62,67.62,67.51,67.52,4784.0,67.55,45
2024-03-28 14:50:00-04:00,67.53,67.55,67.52,67.54,6271.0,67.536,46
2024-03-28 14:55:00-04:00,67.53,67.62,67.51,67.61,11688.0,67.548,98
2024-03-28 15:00:00-04:00,67.6,67.61,67.57,67.58,6207.0,67.582,49
2024-03-28 15:05:00-04:00,67.58,67.58,67.52,67.55,7788.0,67.549,64
2024-03-28 15:10:00-04:00,67.55,67.56,67.5,67.51,6805.0,67.536,55
2024-03-28 15:15:00-04:00,67.49,67.51,67.47,67.5,9550.0,67.49,71
2024-03-28 15:20:00-04:00,67.5,67.51,67.45,67.48,12530.0,67.475,102
2024-03-28 15:25:00-04:00,67.47,67.6,67.46,67.6,13357.0,67.5,107
2024-03-28 15:30:00-04:00,67.6,67.71,67.59,67.59,11169.0,67.656,81
2024-03-28 15:35:00-04:00,67.59,67.59,67.53,67.54,9356.0,67.556,72
2024-03-28 15:40:00-04:00,67.53,67.53,67.41,67.52,17090.0,67.477,137
2024-03-28 15:45:00-04:00,67.53,67.56,67.41,67.41,13945.0,67.495,120
2024-03-28 15:50:00-04:00,67.41,67.48,67.29,67.47,38142.0,67.406,264
2024-03-28 15:55:00-04:00,67.47,67.49,67.32,67.33,120342.0,67.407,741
2024-04-01 09:30:00-04:00,67.64,67.64,67.36,67.37,13712.0,67.594,26
2024-04-01 09:35:00-04:00,67.32,67.6,67.29,67.47,41039.0,67.518,211
2024-04-01 09:40:00-04:00,67.47,67.47,67.2,67.28,7095.0,67.332,52
2024-04-01 09:45:00-04:00,67.22,67.39,67.21,67.39,7615.0,67.3,34
2024-04-01 09:50:00-04:00,67.33,67.43,67.31,67.31,5333.0,67.352,34
2024-04-01 09:55:00-04:00,67.33,67.37,67.25,67.27,4879.0,67.321,43
2024-04-01 10:00:00-04:00,67.28,67.33,67.17,67.26,8123.0,67.272,61
2024-04-01 10:05:00-04:00,67.19,67.22,67.06,67.09,7658.0,67.123,37
2024-04-01 10:10:00-04:00,67.1,67.13,67.02,67.02,16748.0,67.071,57
2024-04-01 10:15:00-04:00,67.02,67.16,66.97,67.16,11474.0,67.037,58
2024-04-01 10:20:00-04:00,67.12,67.14,67.08,67.12,3181.0,67.125,24
2024-04-01 10:25:00-04:00,67.13,67.18,67.07,67.14,7627.0,67.111,41
2024-04-01 10:30:00-04:00,67.09,67.11,67.03,67.11,6023.0,67.068,39
2024-04-01 10:35:00-04:00,67.1,67.21,67.1,67.21,5323.0,67.157,28
2024-04-01 10:40:00-04:00,67.19,67.22,67.17,67.19,5546.0,67.197,36
2024-04-01 10:45:00-04:00,67.2,67.27,67.19,67.27,3507.0,67.233,24
2024-04-01 10:50:00-04:00,67.26,67.27,67.22,67.27,6128.0,67.244,44
2024-04-01 10:55:00-04:00,67.23,67.23,67.2,67.2,3901.0,67.222,23
2024-04-01 11:00:00-04:00,67.22,67.3,67.22,67.27,9354.0,67.266,40
2024-04-01 11:05:00-04:00,67.27,67.31,67.25,67.31,2146.0,67.27,17
2024-04-01 11:10:00-04:00,67.31,67.39,67.29,67.37,17526.0,67.333,135
2024-04-01 11:15:00-04:00,67.38,67.41,67.35,67.36,7960.0,67.379,54
2024-04-01 11:20:00-04:00,67.39,67.41,67.35,67.37,13585.0,67.388,90
2024-04-01 11:25:00-04:00,67.38,67.43,67.37,67.41,9359.0,67.405,80
2024-04-01 11:30:00-04:00,67.4,67.46,67.4,67.45,7131.0,67.442,52
2024-04-01 11:35:00-04:00,67.45,67.47,67.37,67.43,8135.0,67.414,43
2024-04-01 11:40:00-04:00,67.41,67.41,67.36,67.36,5537.0,67.389,34
2024-04-01 11:45:00-04:00,67.35,67.39,67.34,67.38,8241.0,67.365,75
2024-04-01 11:50:00-04:00,67.38,67.42,67.37,67.42,7569.0,67.39,39
2024-04-01 11:55:00-04:00,67.42,67.42,67.24,67.27,20217.0,67.362,157
2024-04-01 12:00:00-04:00,67.23,67.28,67.23,67.27,1450.0,67.258,9
2024-04-01 12:05:00-04:00,67.3,67.35,67.29,67.34,6696.0,67.308,30
2024-04-01 12:10:00-04:00,67.33,67.34,67.28,67.3,3328.0,67.298,19
2024-04-01 12:15:00-04:00,67.29,67.31,67.29,67.3,4180.0,67.298,20
2024-04-01 12:20:00-04:00,67.3,67.3,67.26,67.28,8291.0,67.286,43
2024-04-01 12:25:00-04:00,67.29,67.37,67.29,67.37,6550.0,67.331,38
2024-04-01 12:30:00-04:00,67.37,67.42,67.37,67.41,3467.0,67.392,22
2024-04-01 12:35:00-04:00,67.42,67.45,67.39,67.45,3849.0,67.413,30
2024-04-01 12:40:00-04:00,67.44,67.51,67.42,67.46,33202.0,67.473,87
2024-04-01 12:45:00-04:00,67.45,67.45,67.42,67.42,4494.0,67.437,33
2024-04-01 12:50:00-04:00,67.42,67.46,67.42,67.45,4373.0,67.438,23
2024-04-01 12:55:00-04:00,67.45,67.45,67.39,67.42,5755.0,67.42,30
2024-04-01 13:00:00-04:00,67.42,67.43,67.36,67.36,8613.0,67.403,58
2024-04-01 13:05:00-04:00,67.36,67.41,67.36,67.4,4704.0,67.379,26
2024-04-01 13:10:00-04:00,67.41,67.42,67.36,67.41,3100.0,67.387,18
2024-04-01 13:15:00-04:00,67.42,67.45,67.39,67.41,6121.0,67.405,28
2024-04-01 13:20:00-04:00,67.39,67.41,67.35,67.39,4302.0,67.378,29
2024-04-01 13:25:00-04:00,67.4,67.44,67.39,67.44,3415.0,67.413,26
2024-04-01 13:30:00-04:00,67.42,67.43,67.37,67.38,2422.0,67.389,17
2024-04-01 13:35:00-04:00,67.39,67.48,67.39,67.47,2929.0,67.439,28
2024-04-01 13:40:00-04:00,67.45,67.5,67.45,67.5,3086.0,67.46,19
2024-04-01 13:45:00-04:00,67.47,67.51,67.47,67.49,3718.0,67.493,25
2024-04-01 13:50:00-04:00,67.5,67.5,67.44,67.45,1659.0,67.476,14
2024-04-01 13:55:00-04:00,67.45,67.46,67.42,67.44,2420.0,67.444,20
2024-04-01 14:00:00-04:00,67.44,67.44,67.38,67.4,2995.0,67.416,21
2024-04-01 14:05:00-04:00,67.4,67.42,67.37,67.39,4151.0,67.393,24
2024-04-01 14:10:00-04:00,67.39,67.4,67.35,67.37,3030.0,67.373,24
2024-04-01 14:15:00-04:00,67.36,67.42,67.36,67.42,2036.0,67.389,17
2024-04-01 14:20:00-04:00,67.43,67.43,67.41,67.41,3212.0,67.418,18
2024-04-01 14:25:00-04:00,67.42,67.43,67.39,67.43,3040.0,67.41,26
2024-04-01 14:30:00-04:00,67.43,67.45,67.41,67.41,2527.0,67.426,24
2024-04-01 14:35:00-04:00,67.41,67.44,67.41,67.43,1554.0,67.422,13
2024-04-01 14:40:00-04:00,67.44,67.46,67.42,67.42,1392.0,67.438,11
2024-04-01 14:45:00-04:00,67.43,67.46,67.38,67.46,3822.0,67.414,31
2024-04-01 14:50:00-04:00,67.46,67.47,67.42,67.46,3740.0,67.44,30
2024-04-01 14:55:00-04:00,67.45,67.46,67.39,67.4,3458.0,67.431,24
2024-04-01 15:00:00-04:00,67.39,67.41,67.37,67.39,2894.0,67.385,26
2024-04-01 15:05:00-04:00,67.4,67.44,67.4,67.42,2899.0,67.416,24
2024-04-01 15:10:00-04:00,67.42,67.43,67.42,67.42,1251.0,67.425,11
2024-04-01 15:15:00-04:00,67.42,67.49,67.42,67.48,6446.0,67.467,52
2024-04-01 15:20:00-04:00,67.48,67.5,67.44,67.48,16302.0,67.467,87
2024-04-01 15:25:00-04:00,67.48,67.5,67.45,67.5,5563.0,67.475,45
2024-04-01 15:30:00-04:00,67.5,67.51,67.44,67.5,18763.0,67.488,146
2024-04-01 15:35:00-04:00,67.49,67.63,67.49,67.58,24043.0,67.54,133
2024-04-01 15:40:00-04:00,67.58,67.68,67.56,67.63,24061.0,67.635,178
2024-04-01 15:45:00-04:00,67.63,67.81,67.62,67.8,20847.0,67.741,156
2024-04-01 15:50:00-04:00,67.78,67.82,67.72,67.79,31758.0,67.766,230
2024-04-01 15:55:00-04:00,67.78,67.97,67.75,67.84,110504.0,67.88,654
2024-04-02 09:30:00-04:00,67.36,67.39,67.01,67.36,23577.0,67.293,62
2024-04-02 09:35:00-04:00,67.31,67.43,67.17,67.43,7408.0,67.303,52
2024-04-02 09:40:00-04:00,67.42,67.42,67.22,67.27,5304.0,67.347,21
2024-04-02 09:45:00-04:00,67.15,67.28,67.02,67.02,11101.0,67.157,95
2024-04-02 09:50:00-04:00,67.0,67.01,66.75,67.01,9289.0,66.908,73
2024-04-02 09:55:00-04:00,67.01,67.01,66.59,66.62,11456.0,66.742,75
2024-04-02 10:00:00-04:00,66.53,66.58,66.4,66.51,15470.0,66.491,109
2024-04-02 10:05:00-04:00,66.52,66.83,66.52,66.64,17348.0,66.647,133
2024-04-02 10:10:00-04:00,66.67,66.67,66.47,66.56,12106.0,66.57,105
2024-04-02 10:15:00-04:00,66.55,66.6,66.5,66.6,8147.0,66.545,67
2024-04-02 10:20:00-04:00,66.64,66.77,66.56,66.67,11234.0,66.653,88
2024-04-02 10:25:00-04:00,66.69,66.89,66.66,66.81,9586.0,66.808,82
2024-04-02 10:30:00-04:00,66.81,67.01,66.8,66.97,9458.0,66.944,65
2024-04-02 10:35:00-04:00,66.97,67.02,66.86,66.9,9265.0,66.957,73
2024-04-02 10:40:00-04:00,66.9,66.98,66.84,66.98,7610.0,66.915,60
2024-04-02 10:45:00-04:00,66.99,67.04,66.98,66.99,7980.0,67.001,64
2024-04-02 10:50:00-04:00,66.99,67.0,66.95,66.97,9912.0,66.966,58
2024-04-02 10:55:00-04:00,66.96,67.0,66.92,66.97,6878.0,66.956,54
2024-04-02 11:00:00-04:00,66.97,66.98,66.94,66.97,4353.0,66.962,38
2024-04-02 11:05:00-04:00,66.95,67.05,66.95,67.04,9339.0,67.01,59
2024-04-02 11:10:00-04:00,67.03,67.12,67.03,67.09,5867.0,67.093,43
2024-04-02 11:15:00-04:00,67.09,67.13,67.04,67.13,4553.0,67.077,37
2024-04-02 11:20:00-04:00,67.13,67.16,67.0,67.06,5052.0,67.094,42
2024-04-02 11:25:00-04:00,67.04,67.11,67.04,67.09,4978.0,67.069,42
2024-04-02 11:30:00-04:00,67.1,67.16,67.09,67.15,6247.0,67.112,46
2024-04-02 11:35:00-04:00,67.15,67.18,67.06,67.09,9280.0,67.117,70
2024-04-02 11:40:00-04:00,67.09,67.17,67.08,67.14,6354.0,67.131,35
2024-04-02 11:45:00-04:00,67.14,67.18,67.12,67.17,4389.0,67.146,32
2024-04-02 11:50:00-04:00,67.17,67.25,67.14,67.24,7964.0,67.203,47
2024-04-02 11:55:00-04:00,67.24,67.27,67.19,67.27,8713.0,67.242,39
2024-04-02 12:00:00-04:00,67.27,67.32,67.2,67.25,4054.0,67.261,33
2024-04-02 12:05:00-04:00,67.23,67.27,67.23,67.27,4896.0,67.254,41
2024-04-02 12:10:00-04:00,67.26,67.27,67.21,67.21,3981.0,67.243,31
2024-04-02 12:15:00-04:00,67.22,67.25,67.19,67.21,5418.0,67.221,44
2024-04-02 12:20:00-04:00,67.22,67.3,67.22,67.29,3839.0,67.27,35
2024-04-02 12:25:00-04:00,67.29,67.32,67.26,67.32,3402.0,67.293,29
2024-04-02 12:30:00-04:00,67.33,67.34,67.24,67.27,6596.0,67.28,38
2024-04-02 12:35:00-04:00,67.26,67.33,67.26,67.32,3629.0,67.296,33
2024-04-02 12:40:00-04:00,67.33,67.4,67.31,67.37,4168.0,67.342,39
2024-04-02 12:45:00-04:00,67.39,67.46,67.38,67.43,10121.0,67.402,64
2024-04-02 12:50:00-04:00,67.42,67.42,67.35,67.35,3118.0,67.39,22
2024-04-02 12:55:00-04:00,67.37,67.46,67.35,67.45,6504.0,67.395,39
2024-04-02 13:00:00-04:00,67.44,67.46,67.4,67.41,5811.0,67.429,47
2024-04-02 13:05:00-04:00,67.41,67.46,67.4,67.44,6390.0,67.423,45
2024-04-02 13:10:00-04:00,67.44,67.47,67.41,67.44,8019.0,67.444,63
2024-04-02 13:15:00-04:00,67.43,67.45,67.4,67.41,17143.0,67.427,143
2024-04-02 13:20:00-04:00,67.42,67.43,67.19,67.27,23381.0,67.344,96
2024-04-02 13:25:00-04:00,67.27,67.28,67.25,67.27,2243.0,67.272,21
2024-04-02 13:30:00-04:00,67.27,67.29,67.22,67.25,5012.0,67.245,33
2024-04-02 13:35:00-04:00,67.26,67.26,67.17,67.19,4587.0,67.209,36
2024-04-02 13:40:00-04:00,67.2,67.22,67.14,67.17,6325.0,67.18,48
2024-04-02 13:45:00-04:00,67.18,67.22,67.13,67.22,3288.0,67.176,28
2024-04-02 13:50:00-04:00,67.23,67.27,67.21,67.26,3955.0,67.237,34
2024-04-02 13:55:00-04:00,67.26,67.3,67.25,67.3,5082.0,67.279,38
2024-04-02 14:00:00-04:00,67.29,67.3,67.19,67.25,6415.0,67.253,52
2024-04-02 14:05:00-04:00,67.27,67.31,67.22,67.3,5986.0,67.276,50
2024-04-02 14:10:00-04:00,67.29,67.29,67.24,67.26,3865.0,67.261,29
2024-04-02 14:15:00-04:00,67.25,67.3,67.2,67.3,4763.0,67.247,42
2024-04-02 14:20:00-04:00,67.31,67.32,67.28,67.31,6495.0,67.301,37
2024-04-02 14:25:00-04:00,67.33,67.38,67.33,67.36,5294.0,67.363,48
2024-04-02 14:30:00-04:00,67.36,67.43,67.36,67.37,7236.0,67.4,51
2024-04-02 14:35:00-04:00,67.37,67.42,67.36,67.41,3344.0,67.383,30
2024-04-02 14:40:00-04:00,67.42,67.46,67.42,67.43,6399.0,67.438,45
2024-04-02 14:45:00-04:00,67.44,67.44,67.34,67.44,7410.0,67.395,57
2024-04-02 14:50:00-04:00,67.44,67.48,67.41,67.48,8316.0,67.444,61
2024-04-02 14:55:00-04:00,67.49,67.51,67.46,67.51,4051.0,67.49,36
2024-04-02 15:00:00-04:00,67.51,67.51,67.39,67.42,6270.0,67.44,43
2024-04-02 15:05:00-04:00,67.43,67.48,67.4,67.44,7421.0,67.442,57
2024-04-02 15:10:00-04:00,67.45,67.47,67.36,67.37,6316.0,67.418,46
2024-04-02 15:15:00-04:00,67.36,67.37,67.3,67.32,7143.0,67.346,57
2024-04-02 15:20:00-04:00,67.34,67.36,67.29,67.3,4539.0,67.327,40
2024-04-02 15:25:00-04:00,67.31,67.32,67.28,67.3,7594.0,67.299,52
2024-04-02 15:30:00-04:00,67.28,67.39,67.27,67.36,8170.0,67.333,61
2024-04-02 15:35:00-04:00,67.37,67.4,67.33,67.37,8395.0,67.364,75
2024-04-02 15:40:00-04:00,67.37,67.39,67.35,67.38,9652.0,67.369,85
2024-04-02 15:45:00-04:00,67.39,67.4,67.31,67.31,11621.0,67.381,95
2024-04-02 15:50:00-04:00,67.3,67.38,67.24,67.38,21368.0,67.288,177
2024-04-02 15:55:00-04:00,67.38,67.45,67.37,67.43,59362.0,67.411,432
2024-04-03 09:30:00-04:00,67.09,67.3,66.92,67.3,32265.0,67.125,50
2024-04-03 09:35:00-04:00,67.31,67.51,67.25,67.5,8686.0,67.427,73
2024-04-03 09:40:00-04:00,67.49,67.54,67.46,67.51,3074.0,67.513,30
2024-04-03 09:45:00-04:00,67.5,67.5,67.24,67.28,6187.0,67.398,33
2024-04-03 09:50:00-04:00,67.28,67.28,67.1,67.12,8429.0,67.169,73
2024-04-03 09:55:00-04:00,67.1,67.18,67.08,67.18,8491.0,67.12,69
2024-04-03 10:00:00-04:00,67.22,67.3,67.15,67.15,15943.0,67.214,101
2024-04-03 10:05:00-04:00,67.19,67.24,67.19,67.19,3507.0,67.209,30
2024-04-03 10:10:00-04:00,67.18,67.3,67.18,67.29,4022.0,67.225,34
2024-04-03 10:15:00-04:00,67.28,67.28,67.23,67.27,4832.0,67.254,33
2024-04-03 10:20:00-04:00,67.28,67.39,67.28,67.34,7286.0,67.343,45
2024-04-03 10:25:00-04:00,67.37,67.39,67.36,67.39,2048.0,67.374,19
2024-04-03 10:30:00-04:00,67.39,67.43,67.3,67.34,7762.0,67.359,39
2024-04-03 10:35:00-04:00,67.33,67.36,67.13,67.13,7140.0,67.312,40
2024-04-03 10:40:00-04:00,67.13,67.15,66.95,66.97,31177.0,67.108,74
2024-04-03 10:45:00-04:00,66.97,67.11,66.96,67.06,7097.0,67.043,48
2024-04-03 10:50:00-04:00,67.08,67.19,67.06,67.17,15371.0,67.1,62
2024-04-03 10:55:00-04:00,67.16,67.16,67.06,67.09,13474.0,67.115,63
2024-04-03 11:00:00-04:00,67.09,67.18,67.07,67.17,2431.0,67.115,18
2024-04-03 11:05:00-04:00,67.17,67.23,67.16,67.17,8656.0,67.197,33
2024-04-03 11:10:00-04:00,67.14,67.19,67.12,67.15,1995.0,67.147,16
2024-04-03 11:15:00-04:00,67.21,67.21,67.15,67.19,1388.0,67.177,13
2024-04-03 11:20:00-04:00,67.17,67.27,67.17,67.23,6363.0,67.234,38
2024-04-03 11:25:00-04:00,67.24,67.26,67.18,67.23,6436.0,67.22,47
2024-04-03 11:30:00-04:00,67.2,67.23,67.15,67.16,7879.0,67.203,39
2024-04-03 11:35:00-04:00,67.17,67.19,67.14,67.14,2987.0,67.164,16
2024-04-03 11:40:00-04:00,67.12,67.13,67.07,67.07,3866.0,67.105,31
2024-04-03 11:45:00-04:00,67.04,67.08,67.03,67.06,4847.0,67.059,37
2024-04-03 11:50:00-04:00,67.08,67.09,67.05,67.05,3160.0,67.071,24
2024-04-03 11:55:00-04:00,67.06,67.07,67.03,67.04,3610.0,67.051,28
2024-04-03 12:00:00-04:00,67.03,67.07,66.99,67.06,6276.0,67.032,47
2024-04-03 12:05:00-04:00,67.07,67.09,67.06,67.09,2038.0,67.08,18
2024-04-03 12:10:00-04:00,67.1,67.17,67.05,67.06,5404.0,67.107,35
2024-04-03 12:15:00-04:00,67.04,67.13,67.0,67.12,5192.0,67.083,41
2024-04-03 12:20:00-04:00,67.11,67.17,67.11,67.12,4324.0,67.136,30
2024-04-03 12:25:00-04:00,67.1,67.18,67.1,67.17,4099.0,67.148,30
2024-04-03 12:30:00-04:00,67.18,67.18,67.08,67.09,3673.0,67.129,29
2024-04-03 12:35:00-04:00,67.08,67.11,66.99,67.01,9337.0,67.057,53
2024-04-03 12:40:00-04:00,67.01,67.08,67.01,67.04,1844.0,67.058,13
2024-04-03 12:45:00-04:00,67.03,67.09,67.02,67.09,1593.0,67.057,13
2024-04-03 12:50:00-04:00,67.07,67.13,67.07,67.12,4037.0,67.096,23
2024-04-03 12:55:00-04:00,67.12,67.13,67.06,67.06,5011.0,67.096,37
2024-04-03 13:00:00-04:00,67.08,67.08,66.97,66.98,2399.0,67.037,23
2024-04-03 13:05:00-04:00,66.98,67.04,66.97,67.01,6611.0,67.001,55
2024-04-03 13:10:00-04:00,67.01,67.03,66.97,66.97,3833.0,67.002,34
2024-04-03 13:15:00-04:00,66.98,66.98,66.95,66.96,5185.0,66.966,48
2024-04-03 13:20:00-04:00,66.95,66.96,66.91,66.92,3649.0,66.94,32
2024-04-03 13:25:00-04:00,66.92,66.94,66.9,66.92,3980.0,66.918,36
2024-04-03 13:30:00-04:00,66.92,66.93,66.88,66.92,5671.0,66.907,45
2024-04-03 13:35:00-04:00,66.92,66.94,66.91,66.94,5978.0,66.924,44
2024-04-03 13:40:00-04:00,66.95,67.02,66.94,66.99,5244.0,66.982,46
2024-04-03 13:45:00-04:00,66.99,67.02,66.97,67.02,2713.0,66.987,25
2024-04-03 13:50:00-04:00,67.01,67.02,66.99,67.02,3695.0,67.001,30
2024-04-03 13:55:00-04:00,67.03,67.03,66.95,67.0,7456.0,66.997,53
2024-04-03 14:00:00-04:00,67.01,67.01,66.98,66.98,2721.0,66.999,21
2024-04-03 14:05:00-04:00,66.98,66.98,66.94,66.95,6558.0,66.958,56
2024-04-03 14:10:00-04:00,66.96,66.96,66.94,66.96,5583.0,66.953,45
2024-04-03 14:15:00-04:00,66.97,66.97,66.92,66.92,3879.0,66.947,37
2024-04-03 14:20:00-04:00,66.9,66.93,66.85,66.93,7620.0,66.893,61
2024-04-03 14:25:00-04:00,66.93,66.95,66.92,66.95,6147.0,66.936,54
2024-04-03 14:30:00-04:00,66.95,66.95,66.92,66.92,9307.0,66.938,72
2024-04-03 14:35:00-04:00,66.92,66.92,66.87,66.87,4727.0,66.901,43
2024-04-03 14:40:00-04:00,66.87,66.89,66.86,66.89,6372.0,66.879,60
2024-04-03 14:45:00-04:00,66.89,66.9,66.85,66.9,5182.0,66.867,38
2024-04-03 14:50:00-04:00,66.9,66.92,66.88,66.88,8001.0,66.905,59
2024-04-03 14:55:00-04:00,66.88,66.88,66.76,66.77,6091.0,66.833,51
2024-04-03 15:00:00-04:00,66.77,66.82,66.75,66.81,6848.0,66.781,59
2024-04-03 15:05:00-04:00,66.8,66.81,66.77,66.77,5383.0,66.79,47
2024-04-03 15:10:00-04:00,66.78,66.8,66.68,66.69,11831.0,66.756,93
2024-04-03 15:15:00-04:00,66.69,66.74,66.59,66.67,11004.0,66.668,98
2024-04-03 15:20:00-04:00,66.67,66.68,66.65,66.67,12696.0,66.667,93
2024-04-03 15:25:00-04:00,66.67,66.71,66.66,66.67,9385.0,66.69,73
2024-04-03 15:30:00-04:00,66.66,66.76,66.65,66.67,17131.0,66.705,144
2024-04-03 15:35:00-04:00,66.67,66.83,66.67,66.81,17648.0,66.753,135
2024-04-03 15:40:00-04:00,66.81,66.88,66.8,66.88,14286.0,66.845,117
2024-04-03 15:45:00-04:00,66.88,66.88,66.73,66.85,31121.0,66.797,264
2024-04-03 15:50:00-04:00,66.86,66.86,66.7,66.71,36895.0,66.763,293
2024-04-03 15:55:00-04:00,66.72,66.77,66.69,66.72,101398.0,66.721,643
2024-04-04 09:30:00-04:00,66.2,66.52,65.88,66.11,54359.0,66.212,157
2024-04-04 09:35:00-04:00,66.12,66.77,66.12,66.76,18161.0,66.389,138
2024-04-04 09:40:00-04:00,66.76,67.01,66.54,66.59,16411.0,66.728,109
2024-04-04 09:45:00-04:00,66.56,66.56,66.32,66.39,27141.0,66.481,62
2024-04-04 09:50:00-04:00,66.4,66.51,66.23,66.35,9778.0,66.39,83
2024-04-04 09:55:00-04:00,66.35,66.67,66.35,66.55,20107.0,66.578,110
2024-04-04 10:00:00-04:00,66.56,66.75,66.56,66.64,15608.0,66.673,134
2024-04-04 10:05:00-04:00,66.64,66.68,66.59,66.65,9761.0,66.643,73
2024-04-04 10:10:00-04:00,66.65,66.83,66.62,66.7,24957.0,66.743,176
2024-04-04 10:15:00-04:00,66.7,66.76,66.66,66.69,20054.0,66.713,164
2024-04-04 10:20:00-04:00,66.7,66.86,66.69,66.86,22930.0,66.752,193
2024-04-04 10:25:00-04:00,66.86,67.0,66.82,66.93,15704.0,66.909,113
2024-04-04 10:30:00-04:00,66.94,67.03,66.9,67.03,5375.0,66.926,47
2024-04-04 10:35:00-04:00,66.99,67.01,66.89,66.9,7932.0,66.949,63
2024-04-04 10:40:00-04:00,66.9,67.0,66.87,66.89,13971.0,66.922,104
2024-04-04 10:45:00-04:00,66.87,66.89,66.81,66.81,8557.0,66.856,71
2024-04-04 10:50:00-04:00,66.84,66.9,66.8,66.81,13485.0,66.851,114
2024-04-04 10:55:00-04:00,66.81,66.84,66.72,66.74,13691.0,66.785,83
2024-04-04 11:00:00-04:00,66.72,66.8,66.71,66.8,6609.0,66.738,45
2024-04-04 11:05:00-04:00,66.79,66.79,66.71,66.73,8340.0,66.755,64
2024-04-04 11:10:00-04:00,66.73,66.74,66.66,66.67,8028.0,66.697,68
2024-04-04 11:15:00-04:00,66.68,66.68,66.56,66.57,13134.0,66.609,88
2024-04-04 11:20:00-04:00,66.57,66.58,66.42,66.56,11834.0,66.501,103
2024-04-04 11:25:00-04:00,66.56,66.65,66.55,66.59,8447.0,66.592,65
2024-04-04 11:30:00-04:00,66.58,66.68,66.53,66.65,11464.0,66.609,103
2024-04-04 11:35:00-04:00,66.66,66.67,66.58,66.58,7589.0,66.616,60
2024-04-04 11:40:00-04:00,66.6,66.67,66.59,66.65,9968.0,66.638,85
2024-04-04 11:45:00-04:00,66.66,66.7,66.61,66.67,9745.0,66.65,80
2024-04-04 11:50:00-04:00,66.67,66.7,66.65,66.7,11585.0,66.669,101
2024-04-04 11:55:00-04:00,66.72,66.75,66.69,66.72,5929.0,66.715,50
2024-04-04 12:00:00-04:00,66.72,66.73,66.68,66.69,8568.0,66.703,78
2024-04-04 12:05:00-04:00,66.69,66.83,66.69,66.83,8309.0,66.752,71
2024-04-04 12:10:00-04:00,66.83,66.83,66.76,66.77,6977.0,66.788,63
2024-04-04 12:15:00-04:00,66.78,66.78,66.7,66.71,6415.0,66.741,43
2024-04-04 12:20:00-04:00,66.71,66.74,66.7,66.73,5411.0,66.721,43
2024-04-04 12:25:00-04:00,66.73,66.78,66.72,66.75,7267.0,66.753,59
2024-04-04 12:30:00-04:00,66.74,66.79,66.73,66.78,4887.0,66.764,35
2024-04-04 12:35:00-04:00,66.78,66.78,66.73,66.75,5868.0,66.749,48
2024-04-04 12:40:00-04:00,66.75,66.76,66.73,66.75,3361.0,66.749,24
2024-04-04 12:45:00-04:00,66.75,66.77,66.73,66.76,6045.0,66.743,50
2024-04-04 12:50:00-04:00,66.75,66.75,66.68,66.72,6139.0,66.709,50
2024-04-04 12:55:00-04:00,66.72,66.77,66.72,66.76,5947.0,66.748,53
2024-04-04 13:00:00-04:00,66.76,66.76,66.73,66.76,3557.0,66.75,34
2024-04-04 13:05:00-04:00,66.76,66.8,66.76,66.79,4923.0,66.779,39
2024-04-04 13:10:00-04:00,66.79,66.86,66.79,66.82,9045.0,66.84,45
2024-04-04 13:15:00-04:00,66.82,66.82,66.78,66.79,3994.0,66.805,35
2024-04-04 13:20:00-04:00,66.78,66.84,66.78,66.84,5939.0,66.808,52
2024-04-04 13:25:00-04:00,66.84,66.9,66.84,66.89,5938.0,66.873,51
2024-04-04 13:30:00-04:00,66.88,66.88,66.79,66.81,6175.0,66.826,55
2024-04-04 13:35:00-04:00,66.8,66.84,66.8,66.82,7304.0,66.823,61
2024-04-04 13:40:00-04:00,66.81,66.84,66.79,66.81,6501.0,66.813,54
2024-04-04 13:45:00-04:00,66.81,66.82,66.77,66.8,11836.0,66.781,77
2024-04-04 13:50:00-04:00,66.81,66.83,66.79,66.79,6132.0,66.815,51
2024-04-04 13:55:00-04:00,66.78,66.8,66.71,66.72,8300.0,66.751,65
2024-04-04 14:00:00-04:00,66.71,66.75,66.7,66.73,8812.0,66.728,51
2024-04-04 14:05:00-04:00,66.73,66.77,66.65,66.65,10003.0,66.706,75
2024-04-04 14:10:00-04:00,66.63,66.63,66.55,66.61,5212.0,66.602,47
2024-04-04 14:15:00-04:00,66.6,66.6,66.46,66.48,5566.0,66.523,48
2024-04-04 14:20:00-04:00,66.48,66.56,66.46,66.52,15908.0,66.512,72
2024-04-04 14:25:00-04:00,66.51,66.51,66.3,66.3,9036.0,66.42,68
2024-04-04 14:30:00-04:00,66.28,66.31,66.22,66.26,15296.0,66.253,130
2024-04-04 14:35:00-04:00,66.25,66.39,66.25,66.34,8022.0,66.337,72
2024-04-04 14:40:00-04:00,66.33,66.42,66.21,66.23,36564.0,66.309,220
2024-04-04 14:45:00-04:00,66.24,66.32,66.24,66.28,13150.0,66.285,88
2024-04-04 14:50:00-04:00,66.28,66.3,66.24,66.27,16303.0,66.259,107
2024-04-04 14:55:00-04:00,66.25,66.28,66.19,66.24,45563.0,66.234,328
2024-04-04 15:00:00-04:00,66.21,66.22,66.09,66.1,32031.0,66.177,238
2024-04-04 15:05:00-04:00,66.11,66.16,66.07,66.11,18729.0,66.109,150
2024-04-04 15:10:00-04:00,66.07,66.15,66.0,66.15,47367.0,66.034,240
2024-04-04 15:15:00-04:00,66.14,66.22,66.13,66.2,45788.0,66.16,335
2024-04-04 15:20:00-04:00,66.2,66.28,66.19,66.24,49957.0,66.215,331
2024-04-04 15:25:00-04:00,66.23,66.32,66.06,66.06,47795.0,66.194,331
2024-04-04 15:30:00-04:00,66.05,66.23,66.04,66.21,53943.0,66.141,376
2024-04-04 15:35:00-04:00,66.21,66.24,66.15,66.21,56945.0,66.196,409
2024-04-04 15:40:00-04:00,66.21,66.22,65.97,66.07,41767.0,66.08,303
2024-04-04 15:45:00-04:00,66.07,66.18,65.96,65.99,93911.0,66.1,550
2024-04-04 15:50:00-04:00,65.99,66.0,65.73,65.88,92813.0,65.847,728
2024-04-04 15:55:00-04:00,65.88,66.0,65.83,65.99,180480.0,65.91,1152
2024-04-05 09:30:00-04:00,65.93,66.12,65.87,65.91,34253.0,65.942,122
2024-04-05 09:35:00-04:00,65.97,66.2,65.96,66.09,11807.0,66.062,107
2024-04-05 09:40:00-04:00,66.06,66.12,65.97,66.08,9044.0,66.018,81
2024-04-05 09:45:00-04:00,66.08,66.11,65.99,66.06,13494.0,66.025,113
2024-04-05 09:50:00-04:00,66.06,66.19,66.06,66.11,9425.0,66.119,75
2024-04-05 09:55:00-04:00,66.11,66.24,66.11,66.19,6768.0,66.189,62
2024-04-05 10:00:00-04:00,66.22,66.23,66.08,66.15,7677.0,66.166,66
2024-04-05 10:05:00-04:00,66.17,66.2,66.02,66.06,7868.0,66.112,68
2024-04-05 10:10:00-04:00,66.08,66.16,66.06,66.14,5688.0,66.111,48
2024-04-05 10:15:00-04:00,66.14,66.2,66.13,66.19,8068.0,66.152,68
2024-04-05 10:20:00-04:00,66.19,66.26,66.19,66.26,5857.0,66.225,53
2024-04-05 10:25:00-04:00,66.26,66.26,66.1,66.14,6410.0,66.172,58
2024-04-05 10:30:00-04:00,66.12,66.24,66.09,66.23,7234.0,66.18,56
2024-04-05 10:35:00-04:00,66.22,66.22,66.11,66.16,6048.0,66.154,55
2024-04-05 10:40:00-04:00,66.16,66.21,66.15,66.15,9482.0,66.188,72
2024-04-05 10:45:00-04:00,66.15,66.26,66.1,66.25,7770.0,66.189,64
2024-04-05 10:50:00-04:00,66.26,66.32,66.24,66.3,6561.0,66.276,64
2024-04-05 10:55:00-04:00,66.29,66.45,66.29,66.45,22495.0,66.408,145
2024-04-05 10:55:00-04:00,66.29,66.44,66.29,66.44,5898.0,66.34,46
2024-04-05 11:00:00-04:00,66.44,66.5,66.42,66.45,17510.0,66.459,147
2024-04-05 11:05:00-04:00,66.45,66.46,66.33,66.35,13355.0,66.389,101
2024-04-05 11:10:00-04:00,66.32,66.4,66.32,66.4,4792.0,66.368,44
2024-04-05 11:15:00-04:00,66.41,66.41,66.33,66.33,5839.0,66.383,49
2024-04-05 11:20:00-04:00,66.35,66.5,66.35,66.49,2987.0,66.457,26
2024-04-05 11:25:00-04:00,66.48,66.57,66.45,66.57,7013.0,66.478,54
2024-04-05 11:30:00-04:00,66.55,66.56,66.51,66.51,4489.0,66.541,35
2024-04-05 11:35:00-04:00,66.52,66.52,66.43,66.46,7004.0,66.462,66
2024-04-05 11:40:00-04:00,66.47,66.6,66.47,66.59,5738.0,66.55,38
2024-04-05 11:45:00-04:00,66.59,66.6,66.54,66.55,2964.0,66.581,27
2024-04-05 11:50:00-04:00,66.55,66.57,66.54,66.55,5160.0,66.554,43
2024-04-05 11:55:00-04:00,66.57,66.65,66.56,66.64,3767.0,66.617,36
2024-04-05 12:00:00-04:00,66.63,66.78,66.62,66.77,9048.0,66.676,68
2024-04-05 12:05:00-04:00,66.77,66.77,66.59,66.63,4423.0,66.662,37
2024-04-05 12:10:00-04:00,66.63,66.66,66.6,66.62,4537.0,66.63,43
2024-04-05 12:15:00-04:00,66.64,66.68,66.58,66.68,6895.0,66.619,61
2024-04-05 12:20:00-04:00,66.69,66.69,66.64,66.65,2915.0,66.661,27
2024-04-05 12:25:00-04:00,66.65,66.65,66.57,66.59,4927.0,66.605,47
2024-04-05 12:30:00-04:00,66.57,66.58,66.49,66.49,2585.0,66.528,24
2024-04-05 12:35:00-04:00,66.52,66.52,66.44,66.48,4447.0,66.482,39
2024-04-05 12:40:00-04:00,66.46,66.49,66.43,66.47,4325.0,66.455,40
2024-04-05 12:45:00-04:00,66.47,66.49,66.45,66.46,4823.0,66.469,39
2024-04-05 12:50:00-04:00,66.46,66.48,66.45,66.46,5702.0,66.464,53
2024-04-05 12:55:00-04:00,66.45,66.45,66.38,66.42,8187.0,66.404,73
2024-04-05 13:00:00-04:00,66.41,66.42,66.39,66.4,3342.0,66.404,29
2024-04-05 13:05:00-04:00,66.4,66.41,66.27,66.38,8107.0,66.349,60
2024-04-05 13:10:00-04:00,66.4,66.4,66.36,66.38,5597.0,66.382,46
2024-04-05 13:15:00-04:00,66.38,66.38,66.33,66.33,4284.0,66.349,36
2024-04-05 13:20:00-04:00,66.32,66.36,66.3,66.36,8880.0,66.325,71
2024-04-05 13:25:00-04:00,66.36,66.36,66.31,66.33,4802.0,66.329,40
2024-04-05 13:30:00-04:00,66.33,66.34,66.31,66.34,6299.0,66.325,57
2024-04-05 13:35:00-04:00,66.35,66.42,66.34,66.39,6332.0,66.36,53
2024-04-05 13:40:00-04:00,66.37,66.4,66.36,66.39,5231.0,66.375,45
2024-04-05 13:45:00-04:00,66.37,66.39,66.3,66.35,7193.0,66.344,59
2024-04-05 13:50:00-04:00,66.36,66.37,66.28,66.29,4910.0,66.308,42
2024-04-05 13:55:00-04:00,66.29,66.32,66.21,66.25,6404.0,66.257,48
2024-04-05 14:00:00-04:00,66.25,66.25,66.13,66.18,12297.0,66.178,90
2024-04-05 14:05:00-04:00,66.19,66.35,66.18,66.33,6342.0,66.276,54
2024-04-05 14:10:00-04:00,66.39,66.39,66.31,66.36,5713.0,66.352,48
2024-04-05 14:15:00-04:00,66.34,66.39,66.32,66.37,4110.0,66.351,37
2024-04-05 14:20:00-04:00,66.37,66.43,66.37,66.37,7691.0,66.399,67
2024-04-05 14:25:00-04:00,66.37,66.38,66.29,66.29,5513.0,66.349,51
2024-04-05 14:30:00-04:00,66.31,66.35,66.28,66.34,4711.0,66.313,37
2024-04-05 14:35:00-04:00,66.34,66.39,66.34,66.37,4059.0,66.362,36
2024-04-05 14:40:00-04:00,66.36,66.39,66.32,66.34,6349.0,66.342,56
2024-04-05 14:45:00-04:00,66.31,66.33,66.22,66.23,6969.0,66.279,57
2024-04-05 14:50:00-04:00,66.22,66.3,66.21,66.3,5442.0,66.251,47
2024-04-05 14:55:00-04:00,66.29,66.31,66.26,66.31,7408.0,66.292,70
2024-04-05 15:00:00-04:00,66.31,66.36,66.31,66.34,11370.0,66.333,64
2024-04-05 15:05:00-04:00,66.35,66.37,66.3,66.33,7010.0,66.338,44
2024-04-05 15:10:00-04:00,66.33,66.39,66.31,66.37,6133.0,66.333,51
2024-04-05 15:15:00-04:00,66.38,66.39,66.33,66.38,5510.0,66.358,51
2024-04-05 15:20:00-04:00,66.38,66.38,66.32,66.37,7046.0,66.352,62
2024-04-05 15:25:00-04:00,66.36,66.39,66.35,66.36,4005.0,66.362,39
2024-04-05 15:30:00-04:00,66.35,66.44,66.33,66.44,8343.0,66.362,67
2024-04-05 15:35:00-04:00,66.43,66.43,66.34,66.34,10405.0,66.373,70
2024-04-05 15:40:00-04:00,66.35,66.36,66.3,66.31,8946.0,66.33,76
2024-04-05 15:45:00-04:00,66.3,66.44,66.29,66.44,16772.0,66.38,134
2024-04-05 15:50:00-04:00,66.44,66.49,66.4,66.48,22372.0,66.448,185
2024-04-05 15:55:00-04:00,66.49,66.52,66.4,66.48,99298.0,66.463,638
2024-04-08 09:30:00-04:00,66.69,66.86,66.57,66.57,31153.0,66.689,48
2024-04-08 09:35:00-04:00,66.53,67.09,66.53,66.96,6790.0,66.936,45
2024-04-08 09:40:00-04:00,66.97,67.02,66.93,66.93,3123.0,66.975,27
2024-04-08 09:45:00-04:00,66.9,66.9,66.74,66.81,9200.0,66.8,82
2024-04-08 09:50:00-04:00,66.81,66.87,66.75,66.76,5417.0,66.819,49
2024-04-08 09:55:00-04:00,66.76,66.92,66.75,66.92,8229.0,66.845,49
2024-04-08 10:00:00-04:00,66.92,66.92,66.76,66.81,14627.0,66.827,129
2024-04-08 10:05:00-04:00,66.82,66.95,66.69,66.72,21649.0,66.865,59
2024-04-08 10:10:00-04:00,66.72,66.72,66.59,66.7,12544.0,66.648,109
2024-04-08 10:15:00-04:00,66.7,66.73,66.65,66.67,7359.0,66.683,60
2024-04-08 10:20:00-04:00,66.65,66.84,66.65,66.76,14466.0,66.767,111
2024-04-08 10:25:00-04:00,66.76,66.91,66.76,66.88,10542.0,66.823,75
2024-04-08 10:30:00-04:00,66.88,66.88,66.75,66.82,8622.0,66.818,71
2024-04-08 10:35:00-04:00,66.84,66.86,66.73,66.77,14764.0,66.798,102
2024-04-08 10:40:00-04:00,66.77,66.86,66.77,66.82,2582.0,66.807,23
2024-04-08 10:45:00-04:00,66.83,66.88,66.79,66.81,16884.0,66.833,122
2024-04-08 10:50:00-04:00,66.81,66.82,66.74,66.81,4800.0,66.781,38
2024-04-08 10:55:00-04:00,66.82,66.82,66.76,66.77,12687.0,66.785,103
2024-04-08 11:00:00-04:00,66.78,66.8,66.66,66.69,15770.0,66.724,102
2024-04-08 11:05:00-04:00,66.67,66.67,66.58,66.6,6356.0,66.632,61
2024-04-08 11:10:00-04:00,66.61,66.65,66.54,66.55,7934.0,66.6,64
2024-04-08 11:15:00-04:00,66.56,66.68,66.56,66.68,3305.0,66.635,29
2024-04-08 11:20:00-04:00,66.68,66.85,66.68,66.83,10571.0,66.768,78
2024-04-08 11:25:00-04:00,66.82,66.82,66.73,66.76,4800.0,66.78,47
2024-04-08 11:30:00-04:00,66.77,66.83,66.76,66.82,3162.0,66.789,29
2024-04-08 11:35:00-04:00,66.81,66.82,66.74,66.8,10648.0,66.783,75
2024-04-08 11:40:00-04:00,66.81,66.84,66.75,66.81,5719.0,66.801,52
2024-04-08 11:45:00-04:00,66.79,66.82,66.71,66.78,10063.0,66.773,90
2024-04-08 11:50:00-04:00,66.79,66.8,66.74,66.75,8377.0,66.776,72
2024-04-08 11:55:00-04:00,66.77,66.78,66.75,66.78,5383.0,66.758,51
2024-04-08 12:00:00-04:00,66.75,66.78,66.73,66.74,4464.0,66.747,42
2024-04-08 12:05:00-04:00,66.74,66.74,66.68,66.69,4917.0,66.711,48
2024-04-08 12:10:00-04:00,66.69,66.71,66.61,66.61,4536.0,66.676,39
2024-04-08 12:15:00-04:00,66.61,66.71,66.61,66.71,8028.0,66.628,54
2024-04-08 12:20:00-04:00,66.68,66.71,66.66,66.7,4720.0,66.686,38
2024-04-08 12:25:00-04:00,66.7,66.79,66.7,66.79,5869.0,66.755,44
2024-04-08 12:30:00-04:00,66.8,66.81,66.73,66.77,4513.0,66.769,38
2024-04-08 12:35:00-04:00,66.74,66.76,66.71,66.71,3206.0,66.732,29
2024-04-08 12:40:00-04:00,66.72,66.78,66.71,66.76,1798.0,66.744,17
2024-04-08 12:45:00-04:00,66.77,66.77,66.74,66.76,3936.0,66.755,30
2024-04-08 12:50:00-04:00,66.76,66.79,66.75,66.79,4942.0,66.772,40
2024-04-08 12:55:00-04:00,66.78,66.86,66.77,66.86,10383.0,66.819,79
2024-04-08 13:00:00-04:00,66.87,66.88,66.79,66.79,9902.0,66.859,54
2024-04-08 13:05:00-04:00,66.79,66.84,66.77,66.82,7746.0,66.81,63
2024-04-08 13:10:00-04:00,66.81,66.83,66.77,66.81,5939.0,66.795,54
2024-04-08 13:15:00-04:00,66.8,66.83,66.77,66.83,4906.0,66.794,43
2024-04-08 13:20:00-04:00,66.83,66.83,66.76,66.78,5454.0,66.786,49
2024-04-08 13:25:00-04:00,66.78,66.83,66.75,66.83,7748.0,66.789,73
2024-04-08 13:30:00-04:00,66.84,66.84,66.75,66.75,7201.0,66.777,64
2024-04-08 13:35:00-04:00,66.75,66.77,66.72,66.74,5176.0,66.749,42
2024-04-08 13:40:00-04:00,66.74,66.76,66.71,66.72,5800.0,66.739,55
2024-04-08 13:45:00-04:00,66.73,66.73,66.69,66.72,5408.0,66.715,40
2024-04-08 13:50:00-04:00,66.71,66.79,66.71,66.75,6066.0,66.757,50
2024-04-08 13:55:00-04:00,66.77,66.84,66.77,66.78,4858.0,66.808,43
2024-04-08 14:00:00-04:00,66.78,66.82,66.75,66.75,6064.0,66.796,57
2024-04-08 14:05:00-04:00,66.76,66.79,66.76,66.79,872.0,66.775,7
2024-04-08 14:10:00-04:00,66.79,66.8,66.74,66.75,5706.0,66.776,41
2024-04-08 14:15:00-04:00,66.76,66.76,66.73,66.73,5418.0,66.745,42
2024-04-08 14:20:00-04:00,66.73,66.74,66.69,66.69,2771.0,66.722,22
2024-04-08 14:25:00-04:00,66.69,66.71,66.67,66.67,4183.0,66.688,37
2024-04-08 14:30:00-04:00,66.67,66.7,66.63,66.68,4341.0,66.661,40
2024-04-08 14:35:00-04:00,66.68,66.71,66.63,66.64,6131.0,66.671,52
2024-04-08 14:40:00-04:00,66.65,66.68,66.63,66.68,4391.0,66.658,36
2024-04-08 14:45:00-04:00,66.67,66.68,66.61,66.62,4622.0,66.654,37
2024-04-08 14:50:00-04:00,66.61,66.62,66.46,66.51,8158.0,66.533,60
2024-04-08 14:55:00-04:00,66.52,66.52,66.47,66.5,7854.0,66.503,59
2024-04-08 15:00:00-04:00,66.52,66.58,66.52,66.57,8031.0,66.549,65
2024-04-08 15:05:00-04:00,66.57,66.59,66.55,66.58,6197.0,66.565,52
2024-04-08 15:10:00-04:00,66.57,66.59,66.55,66.56,7376.0,66.565,67
2024-04-08 15:15:00-04:00,66.55,66.58,66.53,66.54,9509.0,66.551,79
2024-04-08 15:20:00-04:00,66.54,66.55,66.48,66.48,15129.0,66.51,129
2024-04-08 15:25:00-04:00,66.49,66.51,66.46,66.48,11267.0,66.487,97
2024-04-08 15:30:00-04:00,66.47,66.65,66.46,66.62,9943.0,66.541,78
2024-04-08 15:35:00-04:00,66.63,66.64,66.58,66.59,6906.0,66.608,55
2024-04-08 15:40:00-04:00,66.59,66.59,66.54,66.55,10185.0,66.567,77
2024-04-08 15:45:00-04:00,66.56,66.64,66.54,66.64,11746.0,66.586,94
2024-04-08 15:50:00-04:00,66.63,66.63,66.53,66.55,39205.0,66.57,278
2024-04-08 15:55:00-04:00,66.55,66.64,66.48,66.63,126161.0,66.548,721
2024-04-09 09:30:00-04:00,66.95,67.23,66.95,67.23,13515.0,66.997,27
2024-04-09 09:35:00-04:00,67.23,67.39,67.16,67.33,1850.0,67.24,17
2024-04-09 09:40:00-04:00,67.38,67.38,67.1,67.12,5152.0,67.194,33
2024-04-09 09:45:00-04:00,67.15,67.15,67.04,67.05,4657.0,67.077,34
2024-04-09 09:50:00-04:00,67.03,67.09,66.94,66.94,8561.0,67.014,57
2024-04-09 09:55:00-04:00,66.94,67.01,66.79,66.97,11361.0,66.904,83
2024-04-09 10:00:00-04:00,66.98,67.01,66.76,66.82,8125.0,66.899,58
2024-04-09 10:05:00-04:00,66.81,66.88,66.77,66.81,7444.0,66.813,55
2024-04-09 10:10:00-04:00,66.78,66.81,66.72,66.76,6619.0,66.758,45
2024-04-09 10:15:00-04:00,66.77,66.87,66.77,66.87,8237.0,66.808,51
2024-04-09 10:20:00-04:00,66.89,66.97,66.84,66.84,11315.0,66.885,61
2024-04-09 10:25:00-04:00,66.88,67.0,66.8,66.85,6356.0,66.91,54
2024-04-09 10:30:00-04:00,66.83,66.83,66.67,66.81,10292.0,66.745,85
2024-04-09 10:35:00-04:00,66.83,66.96,66.82,66.87,6196.0,66.883,51
2024-04-09 10:40:00-04:00,66.92,67.02,66.91,67.01,8488.0,66.97,75
2024-04-09 10:45:00-04:00,67.03,67.03,66.93,66.95,8164.0,66.981,65
2024-04-09 10:50:00-04:00,66.97,67.07,66.93,66.97,6843.0,66.992,58
2024-04-09 10:55:00-04:00,66.97,67.08,66.96,67.08,7673.0,67.021,62
2024-04-09 11:00:00-04:00,67.08,67.11,66.98,67.06,6837.0,67.055,57
2024-04-09 11:05:00-04:00,67.06,67.2,67.03,67.2,7366.0,67.107,60
2024-04-09 11:10:00-04:00,67.18,67.27,67.18,67.19,9640.0,67.213,86
2024-04-09 11:15:00-04:00,67.2,67.29,67.18,67.28,4339.0,67.232,40
2024-04-09 11:20:00-04:00,67.27,67.3,67.21,67.28,10452.0,67.246,85
2024-04-09 11:25:00-04:00,67.29,67.41,67.29,67.37,6699.0,67.361,53
2024-04-09 11:30:00-04:00,67.36,67.41,67.3,67.34,7325.0,67.352,61
2024-04-09 11:35:00-04:00,67.33,67.39,67.32,67.38,8151.0,67.358,74
2024-04-09 11:40:00-04:00,67.37,67.51,67.34,67.48,18711.0,67.4,142
2024-04-09 11:45:00-04:00,67.48,67.57,67.43,67.55,15876.0,67.494,113
2024-04-09 11:50:00-04:00,67.55,67.63,67.49,67.62,10191.0,67.551,79
2024-04-09 11:55:00-04:00,67.63,67.63,67.5,67.52,9172.0,67.542,80
2024-04-09 12:00:00-04:00,67.53,67.53,67.47,67.52,7274.0,67.507,55
2024-04-09 12:05:00-04:00,67.52,67.52,67.44,67.47,8496.0,67.475,70
2024-04-09 12:10:00-04:00,67.47,67.5,67.45,67.48,4952.0,67.474,44
2024-04-09 12:15:00-04:00,67.48,67.56,67.42,67.43,12126.0,67.498,102
2024-04-09 12:20:00-04:00,67.43,67.43,67.37,67.38,9570.0,67.4,67
2024-04-09 12:25:00-04:00,67.36,67.4,67.34,67.34,5065.0,67.376,43
2024-04-09 12:30:00-04:00,67.35,67.38,67.35,67.37,5725.0,67.365,48
2024-04-09 12:35:00-04:00,67.36,67.36,67.34,67.36,4020.0,67.354,34
2024-04-09 12:40:00-04:00,67.35,67.35,67.27,67.27,4932.0,67.316,44
2024-04-09 12:45:00-04:00,67.26,67.27,67.22,67.25,6151.0,67.252,36
2024-04-09 12:50:00-04:00,67.25,67.25,67.13,67.14,4610.0,67.199,42
2024-04-09 12:55:00-04:00,67.15,67.18,67.11,67.13,4731.0,67.151,35
2024-04-09 13:00:00-04:00,67.13,67.18,67.12,67.18,8432.0,67.148,72
2024-04-09 13:05:00-04:00,67.19,67.26,67.17,67.25,4752.0,67.208,43
2024-04-09 13:10:00-04:00,67.26,67.27,67.22,67.24,5484.0,67.233,48
2024-04-09 13:15:00-04:00,67.21,67.26,67.2,67.24,4825.0,67.23,41
2024-04-09 13:20:00-04:00,67.24,67.25,67.22,67.22,5200.0,67.23,46
2024-04-09 13:25:00-04:00,67.22,67.22,67.17,67.2,3997.0,67.188,31
2024-04-09 13:30:00-04:00,67.22,67.26,67.22,67.25,3015.0,67.238,28
2024-04-09 13:35:00-04:00,67.24,67.25,67.16,67.17,5995.0,67.19,48
2024-04-09 13:40:00-04:00,67.18,67.2,67.14,67.15,4664.0,67.175,42
2024-04-09 13:45:00-04:00,67.15,67.25,67.14,67.25,5105.0,67.194,46
2024-04-09 13:50:00-04:00,67.24,67.25,67.22,67.25,3599.0,67.238,29
2024-04-09 13:55:00-04:00,67.26,67.26,67.19,67.21,4986.0,67.227,38
2024-04-09 14:00:00-04:00,67.2,67.2,67.07,67.18,8334.0,67.151,54
2024-04-09 14:05:00-04:00,67.18,67.29,67.17,67.27,7097.0,67.212,52
2024-04-09 14:10:00-04:00,67.28,67.29,67.25,67.29,6959.0,67.269,43
2024-04-09 14:15:00-04:00,67.29,67.31,67.26,67.3,7886.0,67.287,58
2024-04-09 14:20:00-04:00,67.31,67.37,67.29,67.33,10668.0,67.334,77
2024-04-09 14:25:00-04:00,67.33,67.37,67.21,67.22,7181.0,67.279,57
2024-04-09 14:30:00-04:00,67.21,67.23,67.19,67.23,6278.0,67.205,41
2024-04-09 14:35:00-04:00,67.23,67.27,67.22,67.23,6481.0,67.24,43
2024-04-09 14:40:00-04:00,67.23,67.26,67.2,67.2,7623.0,67.232,50
2024-04-09 14:45:00-04:00,67.2,67.28,67.19,67.25,5675.0,67.23,42
2024-04-09 14:50:00-04:00,67.26,67.28,67.24,67.26,16318.0,67.266,60
2024-04-09 14:55:00-04:00,67.26,67.29,67.26,67.27,6806.0,67.274,41
2024-04-09 15:00:00-04:00,67.27,67.32,67.24,67.27,10992.0,67.279,72
2024-04-09 15:05:00-04:00,67.27,67.27,67.1,67.1,9257.0,67.22,70
2024-04-09 15:10:00-04:00,67.09,67.11,67.04,67.07,9863.0,67.077,74
2024-04-09 15:15:00-04:00,67.08,67.26,67.07,67.24,8580.0,67.175,70
2024-04-09 15:20:00-04:00,67.24,67.27,67.2,67.27,15968.0,67.233,106
2024-04-09 15:25:00-04:00,67.27,67.34,67.23,67.33,18757.0,67.267,116
2024-04-09 15:30:00-04:00,67.33,67.43,67.29,67.3,17382.0,67.347,131
2024-04-09 15:35:00-04:00,67.3,67.3,67.15,67.16,15542.0,67.236,115
2024-04-09 15:40:00-04:00,67.16,67.23,67.16,67.23,20424.0,67.194,170
2024-04-09 15:45:00-04:00,67.23,67.24,67.1,67.23,30001.0,67.16,229
2024-04-09 15:50:00-04:00,67.23,67.27,67.17,67.26,44325.0,67.22,321
2024-04-09 15:55:00-04:00,67.26,67.4,67.25,67.36,129805.0,67.333,863
2024-04-10 09:30:00-04:00,65.7,66.26,65.69,66.15,47746.0,65.945,132
2024-04-10 09:35:00-04:00,66.19,66.34,66.13,66.28,54086.0,66.21,122
2024-04-10 09:40:00-04:00,66.26,66.26,66.0,66.2,9837.0,66.097,71
2024-04-10 09:45:00-04:00,66.2,66.2,65.98,66.06,9459.0,66.069,73
2024-04-10 09:50:00-04:00,66.03,66.19,66.03,66.13,24118.0,66.091,177
2024-04-10 09:55:00-04:00,66.12,66.16,66.03,66.08,9402.0,66.08,76
2024-04-10 10:00:00-04:00,66.11,66.36,66.05,66.34,8388.0,66.215,64
2024-04-10 10:05:00-04:00,66.32,66.34,66.22,66.33,17826.0,66.277,149
2024-04-10 10:10:00-04:00,66.3,66.43,66.28,66.34,7995.0,66.368,65
2024-04-10 10:15:00-04:00,66.28,66.39,66.21,66.33,10353.0,66.287,78
2024-04-10 10:20:00-04:00,66.3,66.44,66.3,66.39,8954.0,66.368,68
2024-04-10 10:25:00-04:00,66.4,66.4,66.28,66.36,9386.0,66.347,76
2024-04-10 10:30:00-04:00,66.31,66.4,66.29,66.33,9065.0,66.332,65
2024-04-10 10:35:00-04:00,66.36,66.48,66.17,66.41,23865.0,66.338,172
2024-04-10 10:40:00-04:00,66.41,66.51,66.32,66.37,12132.0,66.416,101
2024-04-10 10:45:00-04:00,66.35,66.42,66.19,66.24,8629.0,66.318,65
2024-04-10 10:50:00-04:00,66.22,66.28,66.16,66.16,7058.0,66.215,65
2024-04-10 10:55:00-04:00,66.17,66.25,66.17,66.23,9609.0,66.213,83
2024-04-10 11:00:00-04:00,66.24,66.28,66.19,66.22,6885.0,66.225,61
2024-04-10 11:05:00-04:00,66.22,66.23,66.16,66.22,7599.0,66.201,61
2024-04-10 11:10:00-04:00,66.21,66.24,66.14,66.19,7039.0,66.179,59
2024-04-10 11:15:00-04:00,66.19,66.24,66.17,66.2,8151.0,66.205,61
2024-04-10 11:20:00-04:00,66.22,66.33,66.21,66.31,7735.0,66.276,53
2024-04-10 11:25:00-04:00,66.28,66.37,66.24,66.37,7997.0,66.29,64
2024-04-10 11:30:00-04:00,66.37,66.37,66.25,66.31,7820.0,66.304,68
2024-04-10 11:35:00-04:00,66.31,66.36,66.23,66.23,4560.0,66.282,36
2024-04-10 11:40:00-04:00,66.24,66.28,66.21,66.23,13942.0,66.238,115
2024-04-10 11:45:00-04:00,66.22,66.28,66.21,66.26,6717.0,66.239,49
2024-04-10 11:50:00-04:00,66.26,66.27,66.22,66.25,9095.0,66.25,77
2024-04-10 11:55:00-04:00,66.24,66.29,66.24,66.25,9711.0,66.257,87
2024-04-10 12:00:00-04:00,66.23,66.23,66.08,66.13,6810.0,66.141,45
2024-04-10 12:05:00-04:00,66.12,66.24,66.11,66.23,4737.0,66.185,32
2024-04-10 12:10:00-04:00,66.23,66.23,66.13,66.14,3502.0,66.173,27
2024-04-10 12:15:00-04:00,66.14,66.15,66.11,66.14,4732.0,66.125,32
2024-04-10 12:20:00-04:00,66.13,66.2,66.11,66.2,4952.0,66.146,29
2024-04-10 12:25:00-04:00,66.18,66.24,66.18,66.19,5236.0,66.209,37
2024-04-10 12:30:00-04:00,66.17,66.23,66.14,66.14,4692.0,66.176,31
2024-04-10 12:35:00-04:00,66.17,66.23,66.17,66.19,5555.0,66.191,36
2024-04-10 12:40:00-04:00,66.18,66.21,66.14,66.15,27605.0,66.194,84
2024-04-10 12:45:00-04:00,66.17,66.24,66.16,66.23,9828.0,66.201,70
2024-04-10 12:50:00-04:00,66.25,66.29,66.22,66.27,12659.0,66.243,104
2024-04-10 12:55:00-04:00,66.26,66.36,66.26,66.33,10200.0,66.299,79
2024-04-10 13:00:00-04:00,66.33,66.35,66.15,66.17,27067.0,66.241,191
2024-04-10 13:05:00-04:00,66.18,66.23,66.14,66.15,13029.0,66.186,117
2024-04-10 13:10:00-04:00,66.15,66.26,66.15,66.26,10761.0,66.211,86
2024-04-10 13:15:00-04:00,66.25,66.38,66.19,66.38,11027.0,66.27,81
2024-04-10 13:20:00-04:00,66.38,66.65,66.38,66.63,13270.0,66.557,106
2024-04-10 13:25:00-04:00,66.59,66.63,66.53,66.53,8948.0,66.584,65
2024-04-10 13:30:00-04:00,66.53,66.58,66.24,66.27,16872.0,66.457,126
2024-04-10 13:35:00-04:00,66.3,66.31,66.2,66.29,6419.0,66.267,45
2024-04-10 13:40:00-04:00,66.25,66.33,66.22,66.26,7318.0,66.276,56
2024-04-10 13:45:00-04:00,66.25,66.26,66.21,66.24,4981.0,66.236,40
2024-04-10 13:50:00-04:00,66.22,66.25,66.19,66.22,5300.0,66.224,46
2024-04-10 13:55:00-04:00,66.22,66.41,66.22,66.28,8962.0,66.299,74
2024-04-10 14:00:00-04:00,66.29,66.38,66.26,66.33,7035.0,66.316,48
2024-04-10 14:05:00-04:00,66.34,66.36,66.27,66.31,4592.0,66.322,34
2024-04-10 14:10:00-04:00,66.31,66.36,66.26,66.33,5568.0,66.306,40
2024-04-10 14:15:00-04:00,66.39,66.39,66.22,66.25,3707.0,66.316,27
2024-04-10 14:20:00-04:00,66.28,66.3,66.12,66.14,4137.0,66.203,32
2024-04-10 14:25:00-04:00,66.16,66.21,66.09,66.12,13319.0,66.142,91
2024-04-10 14:30:00-04:00,66.13,66.18,66.12,66.18,7818.0,66.151,54
2024-04-10 14:35:00-04:00,66.18,66.21,66.14,66.21,10010.0,66.179,65
2024-04-10 14:40:00-04:00,66.2,66.25,66.18,66.23,5990.0,66.213,44
2024-04-10 14:45:00-04:00,66.24,66.25,66.22,66.24,5725.0,66.232,40
2024-04-10 14:50:00-04:00,66.23,66.36,66.23,66.28,10733.0,66.288,82
2024-04-10 14:55:00-04:00,66.28,66.29,66.15,66.2,10904.0,66.215,86
2024-04-10 15:00:00-04:00,66.21,66.28,66.21,66.24,10195.0,66.238,85
2024-04-10 15:05:00-04:00,66.22,66.29,66.21,66.28,8825.0,66.257,64
2024-04-10 15:10:00-04:00,66.3,66.4,66.3,66.4,8782.0,66.345,69
2024-04-10 15:15:00-04:00,66.43,66.49,66.42,66.45,24562.0,66.457,117
2024-04-10 15:20:00-04:00,66.46,66.58,66.46,66.58,10787.0,66.509,83
2024-04-10 15:25:00-04:00,66.58,66.6,66.51,66.52,19118.0,66.553,112
2024-04-10 15:30:00-04:00,66.52,66.52,66.39,66.42,14593.0,66.451,115
2024-04-10 15:35:00-04:00,66.42,66.48,66.4,66.48,21805.0,66.43,152
2024-04-10 15:40:00-04:00,66.48,66.6,66.47,66.6,22493.0,66.523,166
2024-04-10 15:45:00-04:00,66.61,66.69,66.56,66.61,27405.0,66.61,189
2024-04-10 15:50:00-04:00,66.6,66.66,66.51,66.62,40081.0,66.59,306
2024-04-10 15:55:00-04:00,66.63,66.81,66.63,66.78,122895.0,66.757,742
2024-04-11 09:30:00-04:00,66.76,66.76,66.3,66.36,33595.0,66.571,68
2024-04-11 09:35:00-04:00,66.29,66.48,66.28,66.41,7929.0,66.392,69
2024-04-11 09:40:00-04:00,66.37,66.52,66.32,66.32,10607.0,66.445,76
2024-04-11 09:45:00-04:00,66.39,66.46,66.33,66.43,11681.0,66.397,100
2024-04-11 09:50:00-04:00,66.41,66.44,66.36,66.43,3673.0,66.399,32
2024-04-11 09:55:00-04:00,66.48,66.66,66.48,66.61,4652.0,66.551,43
2024-04-11 10:00:00-04:00,66.61,66.61,66.4,66.4,3514.0,66.511,32
2024-04-11 10:05:00-04:00,66.44,66.59,66.4,66.56,4684.0,66.508,40
2024-04-11 10:10:00-04:00,66.59,66.59,66.49,66.52,4582.0,66.536,39
2024-04-11 10:15:00-04:00,66.5,66.51,66.35,66.35,4319.0,66.432,36
2024-04-11 10:20:00-04:00,66.37,66.43,66.37,66.39,4686.0,66.395,43
2024-04-11 10:25:00-04:00,66.37,66.45,66.27,66.27,4156.0,66.345,32
2024-04-11 10:30:00-04:00,66.3,66.39,66.3,66.36,3484.0,66.345,32
2024-04-11 10:35:00-04:00,66.41,66.41,66.3,66.38,4400.0,66.344,38
2024-04-11 10:40:00-04:00,66.43,66.43,66.37,66.42,4244.0,66.406,34
2024-04-11 10:45:00-04:00,66.44,66.49,66.39,66.43,8084.0,66.453,52
2024-04-11 10:50:00-04:00,66.44,66.48,66.37,66.37,4148.0,66.431,32
2024-04-11 10:55:00-04:00,66.34,66.34,66.22,66.28,5070.0,66.291,43
2024-04-11 11:00:00-04:00,66.29,66.37,66.25,66.36,2139.0,66.32,21
2024-04-11 11:05:00-04:00,66.34,66.35,66.29,66.29,1605.0,66.319,15
2024-04-11 11:10:00-04:00,66.33,66.37,66.31,66.31,3119.0,66.346,27
2024-04-11 11:15:00-04:00,66.31,66.36,66.3,66.31,5912.0,66.326,48
2024-04-11 11:20:00-04:00,66.33,66.39,66.33,66.38,3202.0,66.37,26
2024-04-11 11:25:00-04:00,66.38,66.38,66.3,66.33,3772.0,66.347,33
2024-04-11 11:30:00-04:00,66.35,66.39,66.31,66.37,4374.0,66.353,28
2024-04-11 11:35:00-04:00,66.37,66.41,66.34,66.36,3781.0,66.377,34
2024-04-11 11:40:00-04:00,66.4,66.43,66.36,66.36,2658.0,66.401,22
2024-04-11 11:45:00-04:00,66.39,66.44,66.35,66.36,10338.0,66.394,72
2024-04-11 11:50:00-04:00,66.38,66.41,66.33,66.41,5427.0,66.364,39
2024-04-11 11:55:00-04:00,66.44,66.49,66.43,66.49,2599.0,66.471,23
2024-04-11 12:00:00-04:00,66.47,66.5,66.44,66.5,3754.0,66.468,33
2024-04-11 12:05:00-04:00,66.48,66.51,66.45,66.46,2228.0,66.484,19
2024-04-11 12:10:00-04:00,66.47,66.48,66.42,66.48,2637.0,66.453,21
2024-04-11 12:15:00-04:00,66.46,66.49,66.43,66.49,2671.0,66.464,23
2024-04-11 12:20:00-04:00,66.48,66.48,66.45,66.47,2920.0,66.467,26
2024-04-11 12:25:00-04:00,66.47,66.5,66.44,66.46,2151.0,66.477,21
2024-04-11 12:30:00-04:00,66.42,66.44,66.41,66.43,2561.0,66.423,24
2024-04-11 12:35:00-04:00,66.43,66.44,66.4,66.44,4788.0,66.421,24
2024-04-11 12:40:00-04:00,66.45,66.49,66.45,66.45,3369.0,66.459,22
2024-04-11 12:45:00-04:00,66.47,66.54,66.46,66.54,2353.0,66.486,19
2024-04-11 12:50:00-04:00,66.51,66.51,66.45,66.45,1640.0,66.48,12
2024-04-11 12:55:00-04:00,66.46,66.49,66.45,66.46,3726.0,66.467,31
2024-04-11 13:00:00-04:00,66.48,66.61,66.46,66.6,8713.0,66.499,71
2024-04-11 13:05:00-04:00,66.58,66.67,66.57,66.62,2963.0,66.622,22
2024-04-11 13:10:00-04:00,66.63,66.64,66.57,66.57,6704.0,66.61,54
2024-04-11 13:15:00-04:00,66.59,66.64,66.56,66.63,4599.0,66.609,34
2024-04-11 13:20:00-04:00,66.66,66.67,66.59,66.61,14255.0,66.632,78
2024-04-11 13:25:00-04:00,66.63,66.68,66.6,66.61,9889.0,66.635,61
2024-04-11 13:30:00-04:00,66.61,66.63,66.6,66.63,2313.0,66.622,20
2024-04-11 13:35:00-04:00,66.6,66.62,66.59,66.6,3230.0,66.603,26
2024-04-11 13:40:00-04:00,66.58,66.58,66.5,66.51,4065.0,66.525,33
2024-04-11 13:45:00-04:00,66.49,66.52,66.45,66.51,8211.0,66.482,67
2024-04-11 13:50:00-04:00,66.49,66.53,66.48,66.52,3007.0,66.503,27
2024-04-11 13:55:00-04:00,66.52,66.53,66.47,66.49,3919.0,66.505,27
2024-04-11 14:00:00-04:00,66.47,66.56,66.47,66.5,5676.0,66.523,39
2024-04-11 14:05:00-04:00,66.5,66.56,66.46,66.46,13225.0,66.527,89
2024-04-11 14:10:00-04:00,66.46,66.46,66.4,66.4,14023.0,66.432,100
2024-04-11 14:15:00-04:00,66.4,66.41,66.31,66.31,6633.0,66.383,57
2024-04-11 14:20:00-04:00,66.3,66.39,66.29,66.38,10444.0,66.335,79
2024-04-11 14:25:00-04:00,66.38,66.39,66.36,66.37,5592.0,66.381,50
2024-04-11 14:30:00-04:00,66.36,66.45,66.33,66.44,10895.0,66.377,92
2024-04-11 14:35:00-04:00,66.45,66.55,66.44,66.53,6026.0,66.474,52
2024-04-11 14:40:00-04:00,66.55,66.56,66.53,66.55,2792.0,66.547,27
2024-04-11 14:45:00-04:00,66.56,66.56,66.51,66.53,10438.0,66.531,88
2024-04-11 14:50:00-04:00,66.54,66.54,66.47,66.47,13273.0,66.509,77
2024-04-11 14:55:00-04:00,66.45,66.46,66.43,66.44,8601.0,66.447,75
2024-04-11 15:00:00-04:00,66.45,66.78,66.45,66.58,22878.0,66.605,147
2024-04-11 15:05:00-04:00,66.57,66.63,66.54,66.61,5592.0,66.578,42
2024-04-11 15:10:00-04:00,66.6,66.61,66.54,66.55,5596.0,66.572,48
2024-04-11 15:15:00-04:00,66.55,66.55,66.48,66.51,6432.0,66.516,53
2024-04-11 15:20:00-04:00,66.51,66.63,66.49,66.62,7283.0,66.56,54
2024-04-11 15:25:00-04:00,66.61,66.62,66.57,66.58,11226.0,66.597,83
2024-04-11 15:30:00-04:00,66.58,66.58,66.48,66.56,10764.0,66.525,77
2024-04-11 15:35:00-04:00,66.57,66.58,66.41,66.41,12836.0,66.474,92
2024-04-11 15:40:00-04:00,66.42,66.44,66.32,66.43,20074.0,66.368,148
2024-04-11 15:45:00-04:00,66.43,66.43,66.31,66.41,19010.0,66.368,154
2024-04-11 15:50:00-04:00,66.4,66.41,66.34,66.41,34587.0,66.38,276
2024-04-11 15:55:00-04:00,66.42,66.57,66.34,66.35,131983.0,66.445,729
2024-04-12 09:30:00-04:00,65.69,66.04,65.22,65.84,18526.0,65.698,35
2024-04-12 09:35:00-04:00,66.18,66.18,66.02,66.18,3516.0,66.135,27
2024-04-12 09:40:00-04:00,66.13,66.18,66.06,66.06,18287.0,66.101,107
2024-04-12 09:45:00-04:00,66.12,66.12,65.85,66.06,24162.0,65.979,150
2024-04-12 09:50:00-04:00,66.1,66.18,65.9,65.9,6963.0,66.021,45
2024-04-12 09:55:00-04:00,65.94,65.98,65.89,65.95,8536.0,65.943,55
2024-04-12 10:00:00-04:00,65.92,65.99,65.85,65.95,28339.0,65.939,181
2024-04-12 10:05:00-04:00,65.95,66.0,65.79,65.8,17801.0,65.897,137
2024-04-12 10:10:00-04:00,65.8,65.86,65.78,65.84,7799.0,65.814,59
2024-04-12 10:15:00-04:00,65.85,65.91,65.77,65.86,13508.0,65.82,109
2024-04-12 10:20:00-04:00,65.87,65.87,65.8,65.81,10413.0,65.835,90
2024-04-12 10:25:00-04:00,65.81,65.82,65.72,65.8,5884.0,65.778,51
2024-04-12 10:30:00-04:00,65.83,65.89,65.8,65.8,6553.0,65.852,41
2024-04-12 10:35:00-04:00,65.82,65.84,65.76,65.76,9531.0,65.807,71
2024-04-12 10:40:00-04:00,65.78,65.83,65.74,65.77,9892.0,65.787,79
2024-04-12 10:45:00-04:00,65.77,65.78,65.69,65.69,11968.0,65.759,91
2024-04-12 10:50:00-04:00,65.68,65.69,65.61,65.61,8505.0,65.646,81
2024-04-12 10:55:00-04:00,65.63,65.72,65.61,65.68,8340.0,65.678,52
2024-04-12 11:00:00-04:00,65.66,65.79,65.66,65.79,7753.0,65.695,70
2024-04-12 11:05:00-04:00,65.8,65.81,65.72,65.73,10578.0,65.77,79
2024-04-12 11:10:00-04:00,65.73,65.85,65.72,65.8,7352.0,65.798,55
2024-04-12 11:15:00-04:00,65.81,65.81,65.75,65.77,6643.0,65.767,57
2024-04-12 11:20:00-04:00,65.76,65.79,65.73,65.75,10447.0,65.756,85
2024-04-12 11:25:00-04:00,65.74,65.76,65.65,65.66,15367.0,65.732,98
2024-04-12 11:30:00-04:00,65.64,65.65,65.58,65.61,14279.0,65.621,81
2024-04-12 11:35:00-04:00,65.62,65.67,65.6,65.63,9847.0,65.642,68
2024-04-12 11:40:00-04:00,65.62,65.63,65.59,65.63,8411.0,65.612,61
2024-04-12 11:45:00-04:00,65.63,65.66,65.6,65.61,13970.0,65.631,86
2024-04-12 11:50:00-04:00,65.61,65.61,65.41,65.56,34750.0,65.498,218
2024-04-12 11:55:00-04:00,65.56,65.66,65.56,65.59,9659.0,65.614,55
2024-04-12 12:00:00-04:00,65.57,65.57,65.51,65.54,7605.0,65.541,58
2024-04-12 12:05:00-04:00,65.55,65.57,65.51,65.55,6296.0,65.543,48
2024-04-12 12:10:00-04:00,65.56,65.62,65.54,65.57,6555.0,65.57,52
2024-04-12 12:15:00-04:00,65.56,65.58,65.49,65.5,8396.0,65.556,58
2024-04-12 12:20:00-04:00,65.5,65.54,65.49,65.5,6447.0,65.516,55
2024-04-12 12:25:00-04:00,65.5,65.53,65.47,65.49,11655.0,65.505,84
2024-04-12 12:30:00-04:00,65.48,65.5,65.42,65.44,7400.0,65.467,56
2024-04-12 12:35:00-04:00,65.44,65.44,65.31,65.35,8243.0,65.367,58
2024-04-12 12:40:00-04:00,65.35,65.4,65.34,65.4,11079.0,65.368,81
2024-04-12 12:45:00-04:00,65.39,65.41,65.36,65.38,8179.0,65.387,57
2024-04-12 12:50:00-04:00,65.36,65.47,65.36,65.46,9049.0,65.399,69
2024-04-12 12:55:00-04:00,65.45,65.46,65.37,65.37,12071.0,65.401,73
2024-04-12 13:00:00-04:00,65.35,65.39,65.33,65.39,9726.0,65.365,77
2024-04-12 13:05:00-04:00,65.39,65.43,65.38,65.4,9483.0,65.409,74
2024-04-12 13:10:00-04:00,65.4,65.5,65.39,65.5,13369.0,65.45,102
2024-04-12 13:15:00-04:00,65.5,65.58,65.49,65.55,23839.0,65.542,155
2024-04-12 13:20:00-04:00,65.56,65.56,65.42,65.45,16275.0,65.499,130
2024-04-12 13:25:00-04:00,65.46,65.51,65.34,65.37,28255.0,65.464,219
2024-04-12 13:30:00-04:00,65.37,65.37,65.25,65.26,5083.0,65.312,42
2024-04-12 13:35:00-04:00,65.28,65.36,65.24,65.36,15503.0,65.287,115
2024-04-12 13:40:00-04:00,65.36,65.5,65.35,65.49,12379.0,65.452,73
2024-04-12 13:45:00-04:00,65.5,65.67,65.48,65.65,15447.0,65.567,126
2024-04-12 13:50:00-04:00,65.66,65.71,65.6,65.6,11313.0,65.68,94
2024-04-12 13:55:00-04:00,65.59,65.61,65.54,65.57,6996.0,65.572,54
2024-04-12 14:00:00-04:00,65.56,65.57,65.48,65.51,9006.0,65.531,68
2024-04-12 14:05:00-04:00,65.5,65.69,65.49,65.66,12198.0,65.601,88
2024-04-12 14:10:00-04:00,65.66,65.68,65.6,65.64,6936.0,65.639,58
2024-04-12 14:15:00-04:00,65.62,65.72,65.61,65.65,9351.0,65.662,78
2024-04-12 14:20:00-04:00,65.66,65.72,65.66,65.67,13782.0,65.676,109
2024-04-12 14:25:00-04:00,65.66,65.67,65.61,65.62,19094.0,65.637,147
2024-04-12 14:30:00-04:00,65.62,65.62,65.41,65.41,19548.0,65.538,135
2024-04-12 14:35:00-04:00,65.4,65.42,65.35,65.4,11674.0,65.376,85
2024-04-12 14:40:00-04:00,65.39,65.41,65.27,65.34,14630.0,65.365,95
2024-04-12 14:45:00-04:00,65.34,65.35,65.29,65.31,9923.0,65.315,57
2024-04-12 14:50:00-04:00,65.31,65.34,65.28,65.31,6815.0,65.322,52
2024-04-12 14:55:00-04:00,65.31,65.35,65.29,65.31,21672.0,65.334,84
2024-04-12 15:00:00-04:00,65.31,65.31,65.19,65.23,16917.0,65.23,92
2024-04-12 15:05:00-04:00,65.22,65.28,65.19,65.24,12036.0,65.249,67
2024-04-12 15:10:00-04:00,65.24,65.28,65.21,65.23,17853.0,65.24,83
2024-04-12 15:15:00-04:00,65.21,65.32,65.21,65.31,26405.0,65.255,119
2024-04-12 15:20:00-04:00,65.31,65.41,65.31,65.4,13063.0,65.348,70
2024-04-12 15:25:00-04:00,65.4,65.43,65.36,65.38,17932.0,65.397,81
2024-04-12 15:30:00-04:00,65.39,65.42,65.33,65.4,27894.0,65.382,104
2024-04-12 15:35:00-04:00,65.4,65.4,65.24,65.25,33161.0,65.349,196
2024-04-12 15:40:00-04:00,65.24,65.42,65.22,65.42,16291.0,65.303,130
2024-04-12 15:45:00-04:00,65.42,65.49,65.35,65.49,21920.0,65.426,179
2024-04-12 15:50:00-04:00,65.49,65.62,65.29,65.36,46487.0,65.388,357
2024-04-12 15:55:00-04:00,65.36,65.54,65.36,65.52,137083.0,65.488,782
2024-04-15 09:30:00-04:00,66.14,66.44,66.04,66.44,16037.0,66.271,30
2024-04-15 09:35:00-04:00,66.34,66.35,65.9,65.9,12331.0,66.028,72
2024-04-15 09:40:00-04:00,65.89,66.08,65.83,66.03,19829.0,65.894,97
2024-04-15 09:45:00-04:00,66.02,66.2,66.02,66.09,6694.0,66.057,39
2024-04-15 09:50:00-04:00,66.01,66.06,66.01,66.06,501.0,66.038,5
2024-04-15 09:55:00-04:00,66.08,66.18,66.05,66.12,5580.0,66.11,38
2024-04-15 10:00:00-04:00,66.16,66.16,65.9,65.91,11177.0,65.967,63
2024-04-15 10:05:00-04:00,65.91,65.94,65.87,65.87,13986.0,65.904,92
2024-04-15 10:10:00-04:00,65.87,65.89,65.75,65.76,16974.0,65.804,102
2024-04-15 10:15:00-04:00,65.77,65.98,65.74,65.94,11041.0,65.835,60
2024-04-15 10:20:00-04:00,65.97,65.97,65.9,65.91,9315.0,65.92,45
2024-04-15 10:25:00-04:00,65.9,65.96,65.9,65.94,12501.0,65.941,83
2024-04-15 10:30:00-04:00,65.94,66.02,65.91,65.94,5835.0,65.973,42
2024-04-15 10:35:00-04:00,65.94,65.96,65.88,65.9,14505.0,65.914,84
2024-04-15 10:40:00-04:00,65.88,65.9,65.79,65.81,3918.0,65.855,32
2024-04-15 10:45:00-04:00,65.8,65.93,65.75,65.93,20673.0,65.798,120
2024-04-15 10:50:00-04:00,65.94,65.94,65.84,65.85,11189.0,65.905,77
2024-04-15 10:55:00-04:00,65.87,65.9,65.84,65.84,6157.0,65.871,47
2024-04-15 11:00:00-04:00,65.86,65.9,65.82,65.88,19706.0,65.854,124
2024-04-15 11:05:00-04:00,65.87,65.87,65.82,65.84,18405.0,65.849,135
2024-04-15 11:10:00-04:00,65.84,65.84,65.72,65.72,21472.0,65.804,148
2024-04-15 11:15:00-04:00,65.72,65.74,65.67,65.69,8823.0,65.704,64
2024-04-15 11:20:00-04:00,65.66,65.71,65.64,65.7,5551.0,65.668,38
2024-04-15 11:25:00-04:00,65.68,65.79,65.68,65.78,6470.0,65.725,50
2024-04-15 11:30:00-04:00,65.78,65.91,65.77,65.91,12635.0,65.81,61
2024-04-15 11:35:00-04:00,65.92,66.03,65.9,66.02,14922.0,65.954,102
2024-04-15 11:40:00-04:00,66.03,66.06,65.93,65.95,24678.0,65.984,98
2024-04-15 11:45:00-04:00,65.9,65.92,65.7,65.7,14253.0,65.831,69
2024-04-15 11:50:00-04:00,65.7,65.76,65.64,65.73,15487.0,65.696,102
2024-04-15 11:55:00-04:00,65.76,65.78,65.72,65.73,7859.0,65.748,46
2024-04-15 12:00:00-04:00,65.72,65.72,65.66,65.71,10258.0,65.688,61
2024-04-15 12:05:00-04:00,65.69,65.69,65.6,65.61,6029.0,65.651,37
2024-04-15 12:10:00-04:00,65.59,65.64,65.55,65.58,15788.0,65.591,70
2024-04-15 12:15:00-04:00,65.58,65.58,65.47,65.53,7081.0,65.517,55
2024-04-15 12:20:00-04:00,65.52,65.54,65.39,65.41,11012.0,65.463,55
2024-04-15 12:25:00-04:00,65.42,65.43,65.35,65.35,8724.0,65.402,60
2024-04-15 12:30:00-04:00,65.33,65.34,65.28,65.34,9170.0,65.31,49
2024-04-15 12:35:00-04:00,65.34,65.35,65.28,65.31,7416.0,65.316,41
2024-04-15 12:40:00-04:00,65.27,65.32,65.26,65.29,7699.0,65.279,57
2024-04-15 12:45:00-04:00,65.28,65.29,65.24,65.26,6678.0,65.268,47
2024-04-15 12:50:00-04:00,65.26,65.33,65.26,65.3,5876.0,65.285,44
2024-04-15 12:55:00-04:00,65.28,65.29,65.25,65.27,7848.0,65.269,62
2024-04-15 13:00:00-04:00,65.25,65.29,65.25,65.28,7216.0,65.267,44
2024-04-15 13:05:00-04:00,65.28,65.38,65.27,65.38,5081.0,65.345,37
2024-04-15 13:10:00-04:00,65.38,65.38,65.3,65.31,6375.0,65.332,51
2024-04-15 13:15:00-04:00,65.31,65.36,65.28,65.28,23261.0,65.334,87
2024-04-15 13:20:00-04:00,65.27,65.27,65.09,65.16,19411.0,65.213,146
2024-04-15 13:25:00-04:00,65.16,65.16,64.92,64.92,8126.0,65.039,40
2024-04-15 13:30:00-04:00,64.92,65.02,64.85,65.01,13493.0,64.937,95
2024-04-15 13:35:00-04:00,64.98,65.06,64.93,64.93,6880.0,65.008,40
2024-04-15 13:40:00-04:00,64.91,65.07,64.9,64.99,12648.0,64.983,84
2024-04-15 13:45:00-04:00,64.99,65.0,64.87,64.95,12547.0,64.909,78
2024-04-15 13:50:00-04:00,64.96,64.96,64.88,64.89,17395.0,64.921,128
2024-04-15 13:55:00-04:00,64.87,64.97,64.83,64.95,7471.0,64.882,61
2024-04-15 14:00:00-04:00,64.91,64.92,64.8,64.82,6764.0,64.867,41
2024-04-15 14:05:00-04:00,64.84,64.86,64.77,64.8,9422.0,64.814,67
2024-04-15 14:10:00-04:00,64.78,64.79,64.67,64.69,10736.0,64.723,62
2024-04-15 14:15:00-04:00,64.65,64.7,64.62,64.7,9167.0,64.665,71
2024-04-15 14:20:00-04:00,64.7,64.72,64.61,64.61,13014.0,64.66,77
2024-04-15 14:25:00-04:00,64.61,64.64,64.58,64.63,12306.0,64.615,83
2024-04-15 14:30:00-04:00,64.63,64.79,64.63,64.78,11586.0,64.691,86
2024-04-15 14:35:00-04:00,64.8,64.81,64.71,64.71,15961.0,64.774,107
2024-04-15 14:40:00-04:00,64.72,64.74,64.6,64.61,8212.0,64.691,64
2024-04-15 14:45:00-04:00,64.61,64.61,64.49,64.5,13485.0,64.536,83
2024-04-15 14:50:00-04:00,64.5,64.51,64.44,64.45,15807.0,64.479,111
2024-04-15 14:55:00-04:00,64.43,64.56,64.43,64.55,21997.0,64.497,136
2024-04-15 15:00:00-04:00,64.55,64.57,64.4,64.41,14577.0,64.508,103
2024-04-15 15:05:00-04:00,64.36,64.52,64.36,64.52,13958.0,64.426,102
2024-04-15 15:10:00-04:00,64.52,64.56,64.47,64.48,14995.0,64.521,84
2024-04-15 15:15:00-04:00,64.48,64.49,64.4,64.43,15466.0,64.46,118
2024-04-15 15:20:00-04:00,64.42,64.58,64.4,64.54,20011.0,64.507,142
2024-04-15 15:25:00-04:00,64.54,64.61,64.53,64.54,14587.0,64.563,101
2024-04-15 15:30:00-04:00,64.54,64.69,64.54,64.65,20573.0,64.643,135
2024-04-15 15:35:00-04:00,64.64,64.64,64.56,64.58,27977.0,64.595,193
2024-04-15 15:40:00-04:00,64.58,64.62,64.49,64.5,38515.0,64.578,225
2024-04-15 15:45:00-04:00,64.49,64.65,64.49,64.64,31113.0,64.546,247
2024-04-15 15:50:00-04:00,64.63,64.64,64.57,64.64,44506.0,64.61,294
2024-04-15 15:55:00-04:00,64.64,64.67,64.58,64.6,103623.0,64.641,636
2024-04-16 09:30:00-04:00,64.5,64.5,64.15,64.15,17336.0,64.42,34
2024-04-16 09:35:00-04:00,64.2,64.21,63.98,63.98,3927.0,64.089,31
2024-04-16 09:40:00-04:00,63.97,64.03,63.67,63.7,6459.0,63.865,51
2024-04-16 09:45:00-04:00,63.77,63.85,63.57,63.61,5906.0,63.738,47
2024-04-16 09:50:00-04:00,63.61,63.72,63.56,63.67,15768.0,63.647,111
2024-04-16 09:55:00-04:00,63.63,63.76,63.63,63.67,56876.0,63.694,484
2024-04-16 10:00:00-04:00,63.67,63.87,63.57,63.85,17696.0,63.675,131
2024-04-16 10:05:00-04:00,63.85,64.04,63.85,64.04,12274.0,63.935,99
2024-04-16 10:10:00-04:00,64.03,64.24,64.01,64.14,8864.0,64.117,65
2024-04-16 10:15:00-04:00,64.17,64.18,64.11,64.14,8558.0,64.154,70
2024-04-16 10:20:00-04:00,64.14,64.14,64.02,64.04,8638.0,64.066,79
2024-04-16 10:25:00-04:00,64.05,64.06,63.98,64.05,13515.0,64.018,124
2024-04-16 10:30:00-04:00,64.07,64.1,63.84,63.84,14038.0,64.009,111
2024-04-16 10:35:00-04:00,63.86,63.92,63.8,63.8,8154.0,63.86,65
2024-04-16 10:40:00-04:00,63.84,63.98,63.8,63.98,11580.0,63.895,87
2024-04-16 10:45:00-04:00,63.98,64.02,63.92,64.0,8618.0,63.973,56
2024-04-16 10:50:00-04:00,64.01,64.03,63.87,63.94,10428.0,63.961,89
2024-04-16 10:55:00-04:00,63.94,63.99,63.9,63.99,10825.0,63.955,81
2024-04-16 11:00:00-04:00,63.99,64.15,63.92,64.13,10053.0,64.023,84
2024-04-16 11:05:00-04:00,64.14,64.21,64.11,64.16,8379.0,64.154,67
2024-04-16 11:10:00-04:00,64.17,64.21,64.13,64.15,9217.0,64.178,61
2024-04-16 11:15:00-04:00,64.16,64.18,64.09,64.13,8177.0,64.144,65
2024-04-16 11:20:00-04:00,64.14,64.2,64.11,64.2,5631.0,64.152,43
2024-04-16 11:25:00-04:00,64.2,64.25,64.18,64.23,8722.0,64.212,62
2024-04-16 11:30:00-04:00,64.24,64.32,64.21,64.24,13821.0,64.256,108
2024-04-16 11:35:00-04:00,64.24,64.42,64.24,64.38,7430.0,64.341,51
2024-04-16 11:40:00-04:00,64.39,64.5,64.39,64.49,6162.0,64.461,44
2024-04-16 11:45:00-04:00,64.48,64.53,64.45,64.47,16279.0,64.479,81
2024-04-16 11:50:00-04:00,64.48,64.5,64.43,64.5,9183.0,64.471,63
2024-04-16 11:55:00-04:00,64.5,64.54,64.43,64.43,15577.0,64.503,119
2024-04-16 12:00:00-04:00,64.42,64.43,64.3,64.35,8355.0,64.357,67
2024-04-16 12:05:00-04:00,64.36,64.47,64.33,64.47,19780.0,64.388,113
2024-04-16 12:10:00-04:00,64.49,64.51,64.45,64.49,4494.0,64.478,38
2024-04-16 12:15:00-04:00,64.49,64.5,64.47,64.47,5365.0,64.487,45
2024-04-16 12:20:00-04:00,64.46,64.46,64.35,64.36,8762.0,64.392,66
2024-04-16 12:25:00-04:00,64.35,64.47,64.35,64.4,9424.0,64.411,76
2024-04-16 12:30:00-04:00,64.4,64.42,64.38,64.41,4361.0,64.4,34
2024-04-16 12:35:00-04:00,64.39,64.39,64.29,64.32,16174.0,64.338,95
2024-04-16 12:40:00-04:00,64.33,64.34,64.23,64.23,6155.0,64.303,51
2024-04-16 12:45:00-04:00,64.23,64.31,64.21,64.31,8209.0,64.262,68
2024-04-16 12:50:00-04:00,64.3,64.34,64.26,64.27,6404.0,64.313,52
2024-04-16 12:55:00-04:00,64.26,64.3,64.23,64.29,5515.0,64.261,48
2024-04-16 13:00:00-04:00,64.29,64.29,64.17,64.18,5402.0,64.205,48
2024-04-16 13:05:00-04:00,64.18,64.28,64.15,64.24,10773.0,64.217,82
2024-04-16 13:10:00-04:00,64.23,64.29,64.22,64.29,5591.0,64.255,47
2024-04-16 13:15:00-04:00,64.28,64.43,64.28,64.42,8201.0,64.365,62
2024-04-16 13:20:00-04:00,64.41,64.47,64.4,64.44,6799.0,64.432,57
2024-04-16 13:25:00-04:00,64.45,64.5,64.34,64.36,11501.0,64.429,93
2024-04-16 13:30:00-04:00,64.37,64.37,64.13,64.33,19713.0,64.248,155
2024-04-16 13:35:00-04:00,64.36,64.42,64.28,64.3,8563.0,64.362,68
2024-04-16 13:40:00-04:00,64.32,64.41,64.3,64.3,8119.0,64.353,71
2024-04-16 13:45:00-04:00,64.3,64.35,64.24,64.24,6747.0,64.304,61
2024-04-16 13:50:00-04:00,64.24,64.28,64.1,64.23,13134.0,64.177,99
2024-04-16 13:55:00-04:00,64.24,64.28,64.21,64.27,7835.0,64.235,64
2024-04-16 14:00:00-04:00,64.26,64.27,64.17,64.26,8663.0,64.221,65
2024-04-16 14:05:00-04:00,64.28,64.53,64.24,64.53,12862.0,64.401,83
2024-04-16 14:10:00-04:00,64.51,64.54,64.39,64.39,9959.0,64.486,73
2024-04-16 14:15:00-04:00,64.3,64.3,64.15,64.15,7930.0,64.244,65
2024-04-16 14:20:00-04:00,64.16,64.16,64.06,64.1,13097.0,64.111,98
2024-04-16 14:25:00-04:00,64.12,64.2,64.05,64.08,7169.0,64.128,60
2024-04-16 14:30:00-04:00,64.09,64.21,64.07,64.2,10696.0,64.129,86
2024-04-16 14:35:00-04:00,64.2,64.27,64.17,64.22,9726.0,64.219,83
2024-04-16 14:40:00-04:00,64.2,64.27,64.19,64.25,9121.0,64.226,75
2024-04-16 14:45:00-04:00,64.26,64.28,64.21,64.25,13487.0,64.239,111
2024-04-16 14:50:00-04:00,64.23,64.33,64.22,64.27,18048.0,64.287,128
2024-04-16 14:55:00-04:00,64.26,64.31,64.23,64.28,45440.0,64.272,371
2024-04-16 15:00:00-04:00,64.29,64.3,64.16,64.19,21540.0,64.239,164
2024-04-16 15:05:00-04:00,64.18,64.23,64.15,64.21,16551.0,64.197,121
2024-04-16 15:10:00-04:00,64.2,64.27,64.17,64.24,28460.0,64.215,153
2024-04-16 15:15:00-04:00,64.24,64.26,64.18,64.23,18720.0,64.222,151
2024-04-16 15:20:00-04:00,64.22,64.31,64.19,64.28,21767.0,64.251,161
2024-04-16 15:25:00-04:00,64.27,64.29,64.24,64.25,45894.0,64.273,321
2024-04-16 15:30:00-04:00,64.25,64.25,64.01,64.01,30396.0,64.166,228
2024-04-16 15:35:00-04:00,63.99,64.11,63.96,63.97,38856.0,64.047,243
2024-04-16 15:40:00-04:00,63.97,63.97,63.86,63.89,43863.0,63.911,326
2024-04-16 15:45:00-04:00,63.89,63.96,63.82,63.88,61210.0,63.871,403
2024-04-16 15:50:00-04:00,63.88,63.92,63.81,63.86,69258.0,63.866,461
2024-04-16 15:55:00-04:00,63.85,63.87,63.67,63.76,182122.0,63.744,1091
2024-04-17 09:30:00-04:00,64.26,64.41,63.88,64.04,13132.0,64.221,24
2024-04-17 09:35:00-04:00,64.0,64.12,63.89,63.89,7137.0,63.985,58
2024-04-17 09:40:00-04:00,63.95,64.15,63.95,64.15,6682.0,64.029,51
2024-04-17 09:45:00-04:00,64.13,64.15,64.03,64.12,7383.0,64.092,53
2024-04-17 09:50:00-04:00,64.12,64.24,64.09,64.21,7957.0,64.17,64
2024-04-17 09:55:00-04:00,64.21,64.36,64.21,64.29,6484.0,64.292,43
2024-04-17 10:00:00-04:00,64.3,64.35,64.19,64.28,11040.0,64.287,88
2024-04-17 10:05:00-04:00,64.28,64.3,64.26,64.3,9944.0,64.284,66
2024-04-17 10:10:00-04:00,64.3,64.31,64.24,64.24,7742.0,64.269,64
2024-04-17 10:15:00-04:00,64.23,64.31,64.19,64.27,8535.0,64.242,60
2024-04-17 10:20:00-04:00,64.25,64.25,64.15,64.23,5792.0,64.193,51
2024-04-17 10:25:00-04:00,64.24,64.28,64.23,64.23,5298.0,64.251,34
2024-04-17 10:30:00-04:00,64.23,64.25,64.17,64.2,8604.0,64.2,69
2024-04-17 10:35:00-04:00,64.2,64.21,64.12,64.14,25270.0,64.193,114
2024-04-17 10:40:00-04:00,64.15,64.19,64.1,64.11,8684.0,64.142,68
2024-04-17 10:45:00-04:00,64.12,64.13,64.01,64.03,10439.0,64.085,81
2024-04-17 10:50:00-04:00,64.03,64.03,63.79,63.83,7785.0,63.901,64
2024-04-17 10:55:00-04:00,63.85,64.11,63.85,64.08,13693.0,64.032,114
2024-04-17 11:00:00-04:00,64.08,64.21,64.08,64.2,7924.0,64.162,57
2024-04-17 11:05:00-04:00,64.2,64.21,64.1,64.18,9024.0,64.169,58
2024-04-17 11:10:00-04:00,64.22,64.26,64.16,64.17,5471.0,64.204,47
2024-04-17 11:15:00-04:00,64.2,64.21,64.12,64.12,5212.0,64.165,41
2024-04-17 11:20:00-04:00,64.14,64.15,64.09,64.09,4735.0,64.122,39
2024-04-17 11:25:00-04:00,64.09,64.15,64.08,64.09,7969.0,64.107,50
2024-04-17 11:30:00-04:00,64.08,64.08,63.89,63.92,6052.0,63.983,46
2024-04-17 11:35:00-04:00,63.94,64.14,63.93,64.1,9934.0,64.036,56
2024-04-17 11:40:00-04:00,64.1,64.18,64.07,64.12,6510.0,64.117,50
2024-04-17 11:45:00-04:00,64.13,64.16,64.09,64.1,8014.0,64.125,60
2024-04-17 11:50:00-04:00,64.11,64.17,64.1,64.15,7022.0,64.14,53
2024-04-17 11:55:00-04:00,64.14,64.17,64.08,64.11,12447.0,64.134,99
2024-04-17 12:00:00-04:00,64.1,64.1,63.98,63.98,10565.0,64.026,55
2024-04-17 12:05:00-04:00,64.0,64.0,63.86,63.89,4545.0,63.917,36
2024-04-17 12:10:00-04:00,63.9,64.05,63.89,64.01,10211.0,64.001,50
2024-04-17 12:15:00-04:00,64.01,64.05,63.98,64.04,5116.0,64.004,43
2024-04-17 12:20:00-04:00,64.04,64.05,63.97,64.04,3312.0,64.02,28
2024-04-17 12:25:00-04:00,64.06,64.08,64.03,64.06,4943.0,64.06,46
2024-04-17 12:30:00-04:00,64.04,64.04,63.98,64.01,2760.0,64.011,27
2024-04-17 12:35:00-04:00,64.03,64.03,63.97,63.97,6144.0,64.007,47
2024-04-17 12:40:00-04:00,63.98,64.02,63.91,63.92,5682.0,63.967,46
2024-04-17 12:45:00-04:00,63.93,63.94,63.87,63.88,10463.0,63.905,70
2024-04-17 12:50:00-04:00,63.88,63.94,63.84,63.94,4781.0,63.882,40
2024-04-17 12:55:00-04:00,63.93,63.95,63.89,63.91,5395.0,63.926,40
2024-04-17 13:00:00-04:00,63.9,63.95,63.88,63.93,7466.0,63.914,61
2024-04-17 13:05:00-04:00,63.92,63.97,63.9,63.96,7914.0,63.932,53
2024-04-17 13:10:00-04:00,63.97,64.03,63.96,64.03,3915.0,63.985,29
2024-04-17 13:15:00-04:00,64.05,64.16,64.05,64.15,8558.0,64.124,56
2024-04-17 13:20:00-04:00,64.19,64.21,64.17,64.18,4600.0,64.195,38
2024-04-17 13:25:00-04:00,64.19,64.23,64.16,64.23,6339.0,64.201,48
2024-04-17 13:30:00-04:00,64.25,64.27,64.21,64.23,7606.0,64.242,50
2024-04-17 13:35:00-04:00,64.25,64.28,64.25,64.28,3756.0,64.266,29
2024-04-17 13:40:00-04:00,64.27,64.28,64.23,64.25,12037.0,64.252,93
2024-04-17 13:45:00-04:00,64.24,64.24,64.11,64.14,15829.0,64.151,118
2024-04-17 13:50:00-04:00,64.15,64.15,64.1,64.13,19137.0,64.127,156
2024-04-17 13:55:00-04:00,64.12,64.17,64.1,64.1,35247.0,64.13,213
2024-04-17 14:00:00-04:00,64.1,64.1,64.01,64.04,11152.0,64.052,89
2024-04-17 14:05:00-04:00,64.03,64.04,63.96,63.99,10752.0,64.0,84
2024-04-17 14:10:00-04:00,63.99,63.99,63.9,63.9,8480.0,63.928,73
2024-04-17 14:15:00-04:00,63.91,63.94,63.88,63.93,13802.0,63.907,102
2024-04-17 14:20:00-04:00,63.92,63.93,63.85,63.85,9194.0,63.898,74
2024-04-17 14:25:00-04:00,63.86,63.95,63.85,63.93,9133.0,63.902,74
2024-04-17 14:30:00-04:00,63.94,64.06,63.92,64.05,12536.0,63.969,81
2024-04-17 14:35:00-04:00,64.06,64.06,63.9,63.98,7368.0,63.992,61
2024-04-17 14:40:00-04:00,64.0,64.24,63.98,64.23,6074.0,64.082,49
2024-04-17 14:45:00-04:00,64.26,64.29,64.21,64.23,6419.0,64.249,54
2024-04-17 14:50:00-04:00,64.23,64.27,64.07,64.07,7150.0,64.21,50
2024-04-17 14:55:00-04:00,64.08,64.14,64.05,64.06,7239.0,64.092,57
2024-04-17 15:00:00-04:00,64.06,64.06,63.97,64.01,6657.0,64.009,53
2024-04-17 15:05:00-04:00,64.02,64.06,64.02,64.03,5676.0,64.032,45
2024-04-17 15:10:00-04:00,64.03,64.03,63.93,63.95,6815.0,63.96,56
2024-04-17 15:15:00-04:00,63.95,64.02,63.93,63.99,8958.0,63.981,77
2024-04-17 15:20:00-04:00,64.02,64.04,63.99,64.02,9209.0,64.019,68
2024-04-17 15:25:00-04:00,64.02,64.02,63.95,63.95,11614.0,63.986,96
2024-04-17 15:30:00-04:00,63.95,64.09,63.95,64.06,13763.0,64.039,97
2024-04-17 15:35:00-04:00,64.04,64.04,63.92,63.96,16305.0,63.992,125
2024-04-17 15:40:00-04:00,63.96,64.0,63.92,63.95,12043.0,63.946,97
2024-04-17 15:45:00-04:00,63.95,63.99,63.92,63.93,22803.0,63.951,162
2024-04-17 15:50:00-04:00,63.94,63.96,63.85,63.96,36866.0,63.904,264
2024-04-17 15:55:00-04:00,63.95,64.0,63.9,63.93,100868.0,63.959,622
2024-04-18 09:30:00-04:00,64.25,64.25,64.1,64.1,32237.0,64.24,12
2024-04-18 09:35:00-04:00,64.09,64.14,64.09,64.11,8696.0,64.097,48
2024-04-18 09:40:00-04:00,64.1,64.22,64.09,64.09,4943.0,64.159,27
2024-04-18 09:45:00-04:00,64.03,64.08,63.9,64.08,7211.0,63.987,59
2024-04-18 09:50:00-04:00,64.08,64.1,63.99,64.06,6468.0,64.051,47
2024-04-18 09:55:00-04:00,64.07,64.24,64.07,64.24,4534.0,64.17,26
2024-04-18 10:00:00-04:00,64.33,64.39,64.07,64.07,4101.0,64.269,33
2024-04-18 10:05:00-04:00,64.12,64.22,64.1,64.22,5472.0,64.151,40
2024-04-18 10:10:00-04:00,64.23,64.28,64.21,64.28,3912.0,64.241,33
2024-04-18 10:15:00-04:00,64.31,64.33,64.28,64.33,5356.0,64.305,36
2024-04-18 10:20:00-04:00,64.33,64.41,64.28,64.41,11905.0,64.35,81
2024-04-18 10:25:00-04:00,64.43,64.55,64.43,64.49,15710.0,64.496,106
2024-04-18 10:30:00-04:00,64.46,64.6,64.46,64.57,10717.0,64.52,57
2024-04-18 10:35:00-04:00,64.55,64.56,64.47,64.48,17180.0,64.511,104
2024-04-18 10:40:00-04:00,64.48,64.52,64.36,64.36,10438.0,64.472,70
2024-04-18 10:45:00-04:00,64.38,64.45,64.3,64.32,7432.0,64.375,49
2024-04-18 10:50:00-04:00,64.35,64.42,64.31,64.42,5206.0,64.374,40
2024-04-18 10:55:00-04:00,64.42,64.53,64.42,64.53,5112.0,64.494,41
2024-04-18 11:00:00-04:00,64.53,64.6,64.5,64.51,10717.0,64.56,66
2024-04-18 11:05:00-04:00,64.51,64.51,64.48,64.51,1034.0,64.503,7
2024-04-18 11:10:00-04:00,64.49,64.62,64.49,64.59,8147.0,64.559,60
2024-04-18 11:15:00-04:00,64.62,64.63,64.59,64.59,2344.0,64.605,15
2024-04-18 11:20:00-04:00,64.65,64.71,64.63,64.71,3102.0,64.681,22
2024-04-18 11:25:00-04:00,64.71,64.8,64.65,64.7,14277.0,64.7,92
2024-04-18 11:30:00-04:00,64.71,64.71,64.65,64.67,4632.0,64.675,30
2024-04-18 11:35:00-04:00,64.69,64.71,64.68,64.71,4631.0,64.693,34
2024-04-18 11:40:00-04:00,64.72,64.72,64.58,64.58,8054.0,64.669,56
2024-04-18 11:45:00-04:00,64.57,64.6,64.55,64.6,3627.0,64.572,29
2024-04-18 11:50:00-04:00,64.59,64.61,64.58,64.6,3644.0,64.589,22
2024-04-18 11:55:00-04:00,64.6,64.65,64.6,64.63,5051.0,64.625,48
2024-04-18 12:00:00-04:00,64.63,64.67,64.58,64.59,7807.0,64.633,65
2024-04-18 12:05:00-04:00,64.59,64.59,64.5,64.56,9529.0,64.538,42
2024-04-18 12:10:00-04:00,64.56,64.6,64.54,64.58,7443.0,64.577,61
2024-04-18 12:15:00-04:00,64.58,64.6,64.56,64.59,6961.0,64.582,55
2024-04-18 12:20:00-04:00,64.58,64.6,64.52,64.54,5299.0,64.558,42
2024-04-18 12:25:00-04:00,64.54,64.56,64.48,64.51,7626.0,64.526,62
2024-04-18 12:30:00-04:00,64.52,64.52,64.37,64.37,4637.0,64.465,41
2024-04-18 12:35:00-04:00,64.38,64.45,64.35,64.38,7428.0,64.398,61
2024-04-18 12:40:00-04:00,64.39,64.39,64.33,64.37,4112.0,64.353,31
2024-04-18 12:45:00-04:00,64.38,64.38,64.31,64.36,6000.0,64.351,50
2024-04-18 12:50:00-04:00,64.35,64.36,64.27,64.27,3914.0,64.302,33
2024-04-18 12:55:00-04:00,64.28,64.32,64.27,64.27,3941.0,64.296,32
2024-04-18 13:00:00-04:00,64.27,64.3,64.23,64.24,7820.0,64.28,63
2024-04-18 13:05:00-04:00,64.25,64.3,64.24,64.27,8091.0,64.277,66
2024-04-18 13:10:00-04:00,64.28,64.29,64.24,64.26,7066.0,64.263,56
2024-04-18 13:15:00-04:00,64.26,64.27,64.2,64.25,12440.0,64.235,88
2024-04-18 13:20:00-04:00,64.27,64.29,64.24,64.25,5364.0,64.271,40
2024-04-18 13:25:00-04:00,64.24,64.33,64.24,64.33,15734.0,64.288,96
2024-04-18 13:30:00-04:00,64.32,64.32,64.24,64.28,8176.0,64.263,77
2024-04-18 13:35:00-04:00,64.28,64.32,64.28,64.3,3356.0,64.295,28
2024-04-18 13:40:00-04:00,64.31,64.33,64.24,64.33,7374.0,64.28,63
2024-04-18 13:45:00-04:00,64.32,64.35,64.3,64.34,8323.0,64.327,49
2024-04-18 13:50:00-04:00,64.33,64.35,64.26,64.3,7558.0,64.308,69
2024-04-18 13:55:00-04:00,64.31,64.34,64.29,64.34,3644.0,64.313,30
2024-04-18 14:00:00-04:00,64.33,64.33,64.24,64.3,5175.0,64.287,44
2024-04-18 14:05:00-04:00,64.28,64.29,64.24,64.26,6623.0,64.264,56
2024-04-18 14:10:00-04:00,64.25,64.33,64.24,64.28,9458.0,64.275,68
2024-04-18 14:15:00-04:00,64.27,64.33,64.26,64.31,4653.0,64.305,38
2024-04-18 14:20:00-04:00,64.33,64.34,64.3,64.31,14842.0,64.325,113
2024-04-18 14:25:00-04:00,64.29,64.34,64.24,64.25,17131.0,64.294,124
2024-04-18 14:30:00-04:00,64.24,64.25,64.15,64.17,15548.0,64.221,122
2024-04-18 14:35:00-04:00,64.18,64.27,64.18,64.27,11715.0,64.24,95
2024-04-18 14:40:00-04:00,64.27,64.32,64.24,64.32,4700.0,64.279,38
2024-04-18 14:45:00-04:00,64.3,64.33,64.28,64.29,12779.0,64.309,95
2024-04-18 14:50:00-04:00,64.28,64.31,64.24,64.26,6389.0,64.266,56
2024-04-18 14:55:00-04:00,64.25,64.28,64.24,64.24,7255.0,64.262,57
2024-04-18 15:00:00-04:00,64.26,64.33,64.25,64.31,8662.0,64.294,62
2024-04-18 15:05:00-04:00,64.31,64.34,64.3,64.34,14711.0,64.324,92
2024-04-18 15:10:00-04:00,64.33,64.4,64.33,64.38,8844.0,64.37,59
2024-04-18 15:15:00-04:00,64.39,64.39,64.32,64.35,8680.0,64.365,66
2024-04-18 15:20:00-04:00,64.35,64.39,64.25,64.36,15655.0,64.334,101
2024-04-18 15:25:00-04:00,64.35,64.37,64.33,64.34,9484.0,64.348,68
2024-04-18 15:30:00-04:00,64.35,64.44,64.34,64.42,18244.0,64.404,127
2024-04-18 15:35:00-04:00,64.42,64.43,64.39,64.4,9919.0,64.41,85
2024-04-18 15:40:00-04:00,64.4,64.45,64.38,64.43,25584.0,64.401,131
2024-04-18 15:45:00-04:00,64.43,64.5,64.38,64.44,22368.0,64.452,167
2024-04-18 15:50:00-04:00,64.44,64.46,64.38,64.38,44827.0,64.427,331
2024-04-18 15:55:00-04:00,64.39,64.41,64.33,64.35,105487.0,64.37,637
2024-04-19 09:30:00-04:00,64.26,64.53,64.13,64.53,86442.0,64.262,17
2024-04-19 09:35:00-04:00,64.44,64.69,64.43,64.69,4748.0,64.534,30
2024-04-19 09:40:00-04:00,64.72,64.75,64.62,64.66,9568.0,64.707,53
2024-04-19 09:45:00-04:00,64.72,64.78,64.7,64.78,3536.0,64.726,25
2024-04-19 09:50:00-04:00,64.75,64.85,64.69,64.85,3810.0,64.746,31
2024-04-19 09:55:00-04:00,64.85,64.93,64.85,64.91,5578.0,64.876,39
2024-04-19 10:00:00-04:00,64.92,64.94,64.81,64.85,4051.0,64.891,31
2024-04-19 10:05:00-04:00,64.87,64.91,64.83,64.91,7519.0,64.879,54
2024-04-19 10:10:00-04:00,64.89,64.89,64.76,64.85,7901.0,64.83,69
2024-04-19 10:15:00-04:00,64.86,64.87,64.8,64.81,4579.0,64.834,33
2024-04-19 10:20:00-04:00,64.79,64.91,64.79,64.84,7652.0,64.858,62
2024-04-19 10:25:00-04:00,64.84,64.92,64.83,64.92,8776.0,64.875,71
2024-04-19 10:30:00-04:00,64.93,64.93,64.7,64.7,7614.0,64.81,65
2024-04-19 10:35:00-04:00,64.68,64.68,64.62,64.63,7015.0,64.651,55
2024-04-19 10:40:00-04:00,64.62,64.79,64.62,64.73,21494.0,64.744,79
2024-04-19 10:45:00-04:00,64.76,64.82,64.76,64.77,8456.0,64.788,61
2024-04-19 10:50:00-04:00,64.78,64.86,64.75,64.86,8892.0,64.791,57
2024-04-19 10:55:00-04:00,64.84,64.85,64.75,64.77,9879.0,64.786,70
2024-04-19 11:00:00-04:00,64.76,64.83,64.73,64.83,8923.0,64.757,60
2024-04-19 11:05:00-04:00,64.83,64.94,64.81,64.89,43368.0,64.884,119
2024-04-19 11:10:00-04:00,64.91,65.03,64.9,65.03,5308.0,64.96,42
2024-04-19 11:15:00-04:00,65.04,65.04,64.94,64.95,7212.0,64.979,55
2024-04-19 11:20:00-04:00,64.95,64.98,64.92,64.95,8310.0,64.943,41
2024-04-19 11:25:00-04:00,64.95,65.01,64.87,64.93,13695.0,64.961,79
2024-04-19 11:30:00-04:00,64.94,64.96,64.9,64.91,5203.0,64.923,38
2024-04-19 11:35:00-04:00,64.91,64.96,64.9,64.95,6967.0,64.931,57
2024-04-19 11:40:00-04:00,64.96,64.97,64.91,64.96,9422.0,64.937,78
2024-04-19 11:45:00-04:00,64.97,64.97,64.89,64.89,4271.0,64.926,29
2024-04-19 11:50:00-04:00,64.91,64.95,64.9,64.94,9798.0,64.927,57
2024-04-19 11:55:00-04:00,64.94,64.95,64.91,64.94,8082.0,64.934,61
2024-04-19 12:00:00-04:00,64.96,65.0,64.94,64.95,5378.0,64.981,38
2024-04-19 12:05:00-04:00,64.95,64.95,64.92,64.92,2872.0,64.935,25
2024-04-19 12:10:00-04:00,64.92,64.92,64.78,64.78,3664.0,64.853,33
2024-04-19 12:15:00-04:00,64.78,64.79,64.67,64.67,10698.0,64.742,87
2024-04-19 12:20:00-04:00,64.67,64.7,64.64,64.66,4651.0,64.675,37
2024-04-19 12:25:00-04:00,64.66,64.7,64.64,64.68,5602.0,64.672,43
2024-04-19 12:30:00-04:00,64.67,64.69,64.63,64.69,9707.0,64.667,68
2024-04-19 12:35:00-04:00,64.7,64.71,64.64,64.67,3336.0,64.678,25
2024-04-19 12:40:00-04:00,64.67,64.72,64.65,64.72,2413.0,64.681,21
2024-04-19 12:45:00-04:00,64.71,64.75,64.7,64.73,5771.0,64.725,45
2024-04-19 12:50:00-04:00,64.72,64.84,64.72,64.8,7755.0,64.802,67
2024-04-19 12:55:00-04:00,64.81,64.88,64.8,64.85,7625.0,64.846,64
2024-04-19 13:00:00-04:00,64.86,64.92,64.85,64.92,3858.0,64.883,36
2024-04-19 13:05:00-04:00,64.92,64.96,64.9,64.92,5509.0,64.926,43
2024-04-19 13:10:00-04:00,64.93,64.93,64.9,64.91,9646.0,64.908,57
2024-04-19 13:15:00-04:00,64.91,65.0,64.88,64.94,28246.0,64.963,128
2024-04-19 13:20:00-04:00,64.96,64.96,64.86,64.88,5191.0,64.901,45
2024-04-19 13:25:00-04:00,64.88,64.88,64.79,64.79,5455.0,64.837,42
2024-04-19 13:30:00-04:00,64.8,64.85,64.79,64.83,3863.0,64.821,28
2024-04-19 13:35:00-04:00,64.83,64.86,64.81,64.84,8236.0,64.835,63
2024-04-19 13:40:00-04:00,64.84,64.86,64.83,64.85,5216.0,64.845,38
2024-04-19 13:45:00-04:00,64.85,64.91,64.84,64.91,4858.0,64.874,39
2024-04-19 13:50:00-04:00,64.92,65.0,64.92,64.98,3914.0,64.965,33
2024-04-19 13:55:00-04:00,65.01,65.01,64.88,64.92,4245.0,64.928,34
2024-04-19 14:00:00-04:00,64.91,64.91,64.81,64.86,6838.0,64.859,54
2024-04-19 14:05:00-04:00,64.86,64.96,64.84,64.95,7588.0,64.89,56
2024-04-19 14:10:00-04:00,64.95,64.97,64.89,64.91,4693.0,64.923,33
2024-04-19 14:15:00-04:00,64.9,64.93,64.89,64.92,5826.0,64.907,44
2024-04-19 14:20:00-04:00,64.92,64.96,64.9,64.96,8020.0,64.92,55
2024-04-19 14:25:00-04:00,64.97,64.98,64.88,64.89,8829.0,64.938,65
2024-04-19 14:30:00-04:00,64.89,64.91,64.87,64.88,5065.0,64.893,41
2024-04-19 14:35:00-04:00,64.86,64.9,64.84,64.84,6102.0,64.88,42
2024-04-19 14:40:00-04:00,64.81,64.87,64.81,64.82,6659.0,64.832,44
2024-04-19 14:45:00-04:00,64.83,64.92,64.79,64.92,6778.0,64.853,52
2024-04-19 14:50:00-04:00,64.92,64.92,64.88,64.9,6139.0,64.897,41
2024-04-19 14:55:00-04:00,64.91,64.95,64.91,64.93,4860.0,64.938,38
2024-04-19 15:00:00-04:00,64.94,65.01,64.93,64.98,7305.0,64.961,54
2024-04-19 15:05:00-04:00,64.97,64.97,64.88,64.94,9043.0,64.932,67
2024-04-19 15:10:00-04:00,64.92,64.98,64.9,64.95,5982.0,64.942,46
2024-04-19 15:15:00-04:00,64.97,64.97,64.86,64.94,10237.0,64.908,90
2024-04-19 15:20:00-04:00,64.93,64.94,64.85,64.85,8480.0,64.908,65
2024-04-19 15:25:00-04:00,64.86,64.94,64.85,64.92,11122.0,64.897,74
2024-04-19 15:30:00-04:00,64.92,64.98,64.86,64.98,16649.0,64.906,120
2024-04-19 15:35:00-04:00,64.98,64.98,64.88,64.9,14490.0,64.929,118
2024-04-19 15:40:00-04:00,64.88,64.91,64.83,64.9,15080.0,64.859,120
2024-04-19 15:45:00-04:00,64.9,64.97,64.87,64.97,22029.0,64.919,195
2024-04-19 15:50:00-04:00,64.96,64.96,64.84,64.95,32583.0,64.887,279
2024-04-19 15:55:00-04:00,64.95,65.02,64.92,64.95,85585.0,64.974,604
2024-04-22 09:30:00-04:00,65.17,65.24,64.82,64.85,14276.0,65.128,19
2024-04-22 09:35:00-04:00,64.82,64.82,64.65,64.68,5682.0,64.736,47
2024-04-22 09:40:00-04:00,64.71,64.92,64.71,64.92,6172.0,64.79,48
2024-04-22 09:45:00-04:00,64.88,64.96,64.84,64.89,2601.0,64.892,18
2024-04-22 09:50:00-04:00,64.92,64.95,64.87,64.91,4235.0,64.906,30
2024-04-22 09:55:00-04:00,64.92,64.99,64.88,64.95,3498.0,64.922,30
2024-04-22 10:00:00-04:00,65.0,65.02,64.96,65.0,6072.0,64.995,36
2024-04-22 10:05:00-04:00,64.98,65.07,64.96,64.98,10299.0,65.027,60
2024-04-22 10:10:00-04:00,65.01,65.05,64.92,64.92,10832.0,65.013,50
2024-04-22 10:15:00-04:00,64.92,64.96,64.87,64.91,8504.0,64.921,69
2024-04-22 10:20:00-04:00,64.88,64.92,64.82,64.92,5506.0,64.861,50
2024-04-22 10:25:00-04:00,64.91,65.02,64.9,65.01,10328.0,64.954,81
2024-04-22 10:30:00-04:00,65.02,65.07,64.95,65.04,12841.0,65.004,96
2024-04-22 10:35:00-04:00,65.07,65.08,64.8,64.81,16507.0,64.976,107
2024-04-22 10:40:00-04:00,64.83,64.9,64.79,64.9,6458.0,64.832,46
2024-04-22 10:45:00-04:00,64.86,65.06,64.85,65.06,18396.0,65.008,60
2024-04-22 10:50:00-04:00,65.05,65.14,65.03,65.09,11042.0,65.069,90
2024-04-22 10:55:00-04:00,65.09,65.15,65.04,65.15,6061.0,65.1,42
2024-04-22 11:00:00-04:00,65.11,65.22,65.1,65.19,6483.0,65.155,50
2024-04-22 11:05:00-04:00,65.16,65.16,64.95,64.96,19090.0,65.034,157
2024-04-22 11:10:00-04:00,64.97,64.97,64.88,64.97,8675.0,64.927,61
2024-04-22 11:15:00-04:00,64.98,65.0,64.94,64.97,9415.0,64.981,80
2024-04-22 11:20:00-04:00,64.98,65.0,64.93,64.94,8953.0,64.964,59
2024-04-22 11:25:00-04:00,64.94,64.96,64.87,64.89,11359.0,64.915,99
2024-04-22 11:30:00-04:00,64.89,64.94,64.81,64.82,10405.0,64.87,75
2024-04-22 11:35:00-04:00,64.83,64.88,64.82,64.82,12348.0,64.853,81
2024-04-22 11:40:00-04:00,64.84,64.86,64.73,64.83,6451.0,64.796,51
2024-04-22 11:45:00-04:00,64.83,64.88,64.83,64.87,7630.0,64.851,46
2024-04-22 11:50:00-04:00,64.89,64.97,64.88,64.96,4515.0,64.917,33
2024-04-22 11:55:00-04:00,64.97,65.02,64.95,64.96,11290.0,64.977,74
2024-04-22 12:00:00-04:00,64.97,65.0,64.95,65.0,9015.0,64.978,71
2024-04-22 12:05:00-04:00,65.01,65.07,64.99,65.07,7760.0,65.031,65
2024-04-22 12:10:00-04:00,65.07,65.13,65.05,65.11,8870.0,65.093,61
2024-04-22 12:15:00-04:00,65.11,65.17,65.08,65.08,7512.0,65.121,55
2024-04-22 12:20:00-04:00,65.05,65.1,65.03,65.03,4435.0,65.06,37
2024-04-22 12:25:00-04:00,65.04,65.04,64.95,65.02,9033.0,64.991,67
2024-04-22 12:30:00-04:00,65.02,65.03,64.93,64.93,6475.0,64.989,54
2024-04-22 12:35:00-04:00,64.94,64.97,64.93,64.95,4327.0,64.948,41
2024-04-22 12:40:00-04:00,64.94,64.97,64.93,64.97,5714.0,64.944,38
2024-04-22 12:45:00-04:00,64.97,65.06,64.93,65.06,14461.0,64.98,76
2024-04-22 12:50:00-04:00,65.06,65.15,65.05,65.1,17034.0,65.122,94
2024-04-22 12:55:00-04:00,65.1,65.26,65.09,65.26,8368.0,65.162,71
2024-04-22 13:00:00-04:00,65.29,65.37,65.26,65.33,8444.0,65.311,64
2024-04-22 13:05:00-04:00,65.33,65.34,65.29,65.3,9493.0,65.316,78
2024-04-22 13:10:00-04:00,65.3,65.36,65.29,65.35,10118.0,65.324,87
2024-04-22 13:15:00-04:00,65.34,65.35,65.27,65.29,8788.0,65.313,70
2024-04-22 13:20:00-04:00,65.31,65.42,65.3,65.4,13142.0,65.339,68
2024-04-22 13:25:00-04:00,65.41,65.49,65.41,65.48,7463.0,65.438,64
2024-04-22 13:30:00-04:00,65.5,65.5,65.39,65.43,15049.0,65.441,95
2024-04-22 13:35:00-04:00,65.43,65.48,65.39,65.45,6550.0,65.429,52
2024-04-22 13:40:00-04:00,65.45,65.48,65.45,65.46,5203.0,65.46,43
2024-04-22 13:45:00-04:00,65.46,65.54,65.46,65.53,7806.0,65.49,62
2024-04-22 13:50:00-04:00,65.54,65.65,65.5,65.62,9788.0,65.561,85
2024-04-22 13:55:00-04:00,65.65,65.65,65.56,65.62,7372.0,65.589,64
2024-04-22 14:00:00-04:00,65.63,65.72,65.62,65.72,7683.0,65.663,61
2024-04-22 14:05:00-04:00,65.71,65.78,65.7,65.74,9512.0,65.74,81
2024-04-22 14:10:00-04:00,65.76,65.76,65.68,65.76,10326.0,65.719,86
2024-04-22 14:15:00-04:00,65.76,65.76,65.68,65.75,13194.0,65.73,101
2024-04-22 14:20:00-04:00,65.75,65.83,65.74,65.82,8575.0,65.789,62
2024-04-22 14:25:00-04:00,65.83,65.89,65.81,65.86,11704.0,65.847,97
2024-04-22 14:30:00-04:00,65.85,65.91,65.85,65.87,9398.0,65.875,77
2024-04-22 14:35:00-04:00,65.87,65.93,65.84,65.86,9911.0,65.894,85
2024-04-22 14:40:00-04:00,65.86,65.87,65.74,65.75,12782.0,65.776,105
2024-04-22 14:45:00-04:00,65.75,65.83,65.7,65.8,13001.0,65.773,112
2024-04-22 14:50:00-04:00,65.79,65.86,65.77,65.86,18606.0,65.803,96
2024-04-22 14:55:00-04:00,65.85,65.87,65.79,65.86,11724.0,65.833,92
2024-04-22 15:00:00-04:00,65.86,65.92,65.86,65.89,9055.0,65.89,68
2024-04-22 15:05:00-04:00,65.89,65.91,65.85,65.88,9857.0,65.876,75
2024-04-22 15:10:00-04:00,65.88,65.88,65.82,65.85,7937.0,65.852,67
2024-04-22 15:15:00-04:00,65.85,65.85,65.68,65.69,10511.0,65.764,74
2024-04-22 15:20:00-04:00,65.68,65.73,65.64,65.7,11068.0,65.686,82
2024-04-22 15:25:00-04:00,65.69,65.7,65.63,65.68,14057.0,65.664,75
2024-04-22 15:30:00-04:00,65.65,65.71,65.55,65.55,15907.0,65.658,127
2024-04-22 15:35:00-04:00,65.54,65.57,65.45,65.54,16811.0,65.511,128
2024-04-22 15:40:00-04:00,65.54,65.54,65.4,65.42,18323.0,65.467,153
2024-04-22 15:45:00-04:00,65.4,65.52,65.4,65.51,23929.0,65.445,210
2024-04-22 15:50:00-04:00,65.5,65.54,65.41,65.53,53699.0,65.484,416
2024-04-22 15:55:00-04:00,65.52,65.53,65.36,65.45,145256.0,65.424,905
2024-04-23 09:30:00-04:00,65.2,65.39,65.02,65.06,23410.0,65.173,86
2024-04-23 09:35:00-04:00,65.0,65.07,64.78,65.06,12538.0,64.964,95
2024-04-23 09:40:00-04:00,65.07,65.07,64.9,65.0,8619.0,64.959,71
2024-04-23 09:45:00-04:00,65.02,65.24,64.97,65.22,15173.0,65.038,118
2024-04-23 09:50:00-04:00,65.25,65.26,65.02,65.23,10429.0,65.136,90
2024-04-23 09:55:00-04:00,65.23,65.31,65.22,65.31,5019.0,65.265,45
2024-04-23 10:00:00-04:00,65.29,65.45,65.27,65.45,8738.0,65.359,77
2024-04-23 10:05:00-04:00,65.43,65.5,65.38,65.44,6412.0,65.442,51
2024-04-23 10:10:00-04:00,65.43,65.57,65.43,65.53,7724.0,65.516,64
2024-04-23 10:15:00-04:00,65.51,65.51,65.39,65.44,7459.0,65.436,67
2024-04-23 10:20:00-04:00,65.46,65.53,65.45,65.53,7653.0,65.487,73
2024-04-23 10:25:00-04:00,65.51,65.64,65.51,65.62,13262.0,65.585,112
2024-04-23 10:30:00-04:00,65.63,65.68,65.58,65.63,9102.0,65.628,78
2024-04-23 10:35:00-04:00,65.65,65.68,65.54,65.54,10162.0,65.6,86
2024-04-23 10:40:00-04:00,65.54,65.7,65.54,65.63,7493.0,65.632,55
2024-04-23 10:45:00-04:00,65.62,65.64,65.54,65.59,7611.0,65.591,67
2024-04-23 10:50:00-04:00,65.61,65.68,65.59,65.65,6103.0,65.639,50
2024-04-23 10:55:00-04:00,65.66,65.73,65.65,65.72,7550.0,65.697,56
2024-04-23 11:00:00-04:00,65.71,65.74,65.53,65.53,9752.0,65.637,81
2024-04-23 11:05:00-04:00,65.54,65.59,65.54,65.57,6975.0,65.566,54
2024-04-23 11:10:00-04:00,65.58,65.7,65.58,65.69,5308.0,65.641,47
2024-04-23 11:15:00-04:00,65.7,65.78,65.67,65.78,6548.0,65.733,51
2024-04-23 11:20:00-04:00,65.77,65.77,65.7,65.76,9386.0,65.748,71
2024-04-23 11:25:00-04:00,65.76,65.79,65.73,65.73,5837.0,65.761,47
2024-04-23 11:30:00-04:00,65.72,65.76,65.71,65.73,7180.0,65.727,49
2024-04-23 11:35:00-04:00,65.72,65.74,65.66,65.73,5744.0,65.699,52
2024-04-23 11:40:00-04:00,65.73,65.78,65.73,65.75,8203.0,65.748,49
2024-04-23 11:45:00-04:00,65.74,65.78,65.71,65.78,10921.0,65.738,50
2024-04-23 11:50:00-04:00,65.76,65.77,65.64,65.65,8993.0,65.711,74
2024-04-23 11:55:00-04:00,65.64,65.77,65.64,65.74,9484.0,65.727,77
2024-04-23 12:00:00-04:00,65.75,65.77,65.62,65.63,11154.0,65.697,96
2024-04-23 12:05:00-04:00,65.65,65.68,65.62,65.65,4638.0,65.653,41
2024-04-23 12:10:00-04:00,65.64,65.71,65.64,65.7,3552.0,65.686,31
2024-04-23 12:15:00-04:00,65.72,65.74,65.68,65.71,6843.0,65.712,52
2024-04-23 12:20:00-04:00,65.72,65.76,65.68,65.75,4618.0,65.726,41
2024-04-23 12:25:00-04:00,65.75,65.76,65.67,65.69,5017.0,65.723,41
2024-04-23 12:30:00-04:00,65.71,65.78,65.71,65.78,4744.0,65.753,36
2024-04-23 12:35:00-04:00,65.77,65.82,65.75,65.81,5271.0,65.779,46
2024-04-23 12:40:00-04:00,65.82,65.84,65.73,65.74,6047.0,65.766,47
2024-04-23 12:45:00-04:00,65.74,65.77,65.67,65.68,6250.0,65.708,50
2024-04-23 12:50:00-04:00,65.67,65.67,65.6,65.65,6997.0,65.642,62
2024-04-23 12:55:00-04:00,65.63,65.63,65.6,65.62,3089.0,65.622,29
2024-04-23 13:00:00-04:00,65.64,65.66,65.55,65.6,4920.0,65.607,36
2024-04-23 13:05:00-04:00,65.63,65.68,65.63,65.65,3210.0,65.655,25
2024-04-23 13:10:00-04:00,65.65,65.69,65.6,65.6,4967.0,65.638,39
2024-04-23 13:15:00-04:00,65.6,65.66,65.58,65.65,5571.0,65.613,45
2024-04-23 13:20:00-04:00,65.65,65.65,65.59,65.61,7303.0,65.614,48
2024-04-23 13:25:00-04:00,65.59,65.76,65.59,65.76,4683.0,65.677,43
2024-04-23 13:30:00-04:00,65.76,65.86,65.76,65.86,4514.0,65.798,35
2024-04-23 13:35:00-04:00,65.86,65.9,65.79,65.81,8459.0,65.854,66
2024-04-23 13:40:00-04:00,65.8,65.85,65.78,65.84,5220.0,65.818,43
2024-04-23 13:45:00-04:00,65.85,65.9,65.83,65.87,6810.0,65.865,50
2024-04-23 13:50:00-04:00,65.86,65.88,65.84,65.86,4182.0,65.861,37
2024-04-23 13:55:00-04:00,65.87,65.88,65.84,65.88,3254.0,65.863,30
2024-04-23 14:00:00-04:00,65.9,65.91,65.85,65.88,5823.0,65.882,49
2024-04-23 14:05:00-04:00,65.88,65.91,65.87,65.9,4445.0,65.893,32
2024-04-23 14:10:00-04:00,65.89,65.95,65.87,65.9,6433.0,65.909,52
2024-04-23 14:15:00-04:00,65.92,65.94,65.9,65.92,4811.0,65.925,35
2024-04-23 14:20:00-04:00,65.91,65.92,65.9,65.91,3310.0,65.909,27
2024-04-23 14:25:00-04:00,65.91,65.93,65.86,65.87,8030.0,65.912,63
2024-04-23 14:30:00-04:00,65.86,65.92,65.85,65.86,8319.0,65.888,62
2024-04-23 14:35:00-04:00,65.85,65.9,65.85,65.88,2796.0,65.87,25
2024-04-23 14:40:00-04:00,65.89,65.94,65.89,65.92,6614.0,65.925,54
2024-04-23 14:45:00-04:00,65.92,65.92,65.78,65.78,8242.0,65.853,69
2024-04-23 14:50:00-04:00,65.79,65.81,65.77,65.78,5527.0,65.791,44
2024-04-23 14:55:00-04:00,65.78,65.81,65.78,65.8,4658.0,65.799,37
2024-04-23 15:00:00-04:00,65.8,65.81,65.71,65.73,6480.0,65.756,51
2024-04-23 15:05:00-04:00,65.73,65.84,65.72,65.83,12925.0,65.796,105
2024-04-23 15:10:00-04:00,65.83,65.85,65.73,65.73,15263.0,65.811,104
2024-04-23 15:15:00-04:00,65.72,65.74,65.67,65.69,5951.0,65.696,51
2024-04-23 15:20:00-04:00,65.69,65.7,65.62,65.63,8741.0,65.668,55
2024-04-23 15:25:00-04:00,65.62,65.66,65.6,65.66,7806.0,65.627,67
2024-04-23 15:30:00-04:00,65.66,65.74,65.64,65.74,15047.0,65.686,119
2024-04-23 15:35:00-04:00,65.73,65.73,65.63,65.63,10402.0,65.694,82
2024-04-23 15:40:00-04:00,65.64,65.66,65.59,65.63,15393.0,65.628,111
2024-04-23 15:45:00-04:00,65.63,65.65,65.6,65.65,13821.0,65.63,112
2024-04-23 15:50:00-04:00,65.65,65.77,65.62,65.68,34339.0,65.703,228
2024-04-23 15:55:00-04:00,65.68,65.68,65.47,65.48,116481.0,65.524,674
2024-04-24 09:30:00-04:00,65.26,65.59,65.17,65.47,22874.0,65.293,33
2024-04-24 09:35:00-04:00,65.4,65.5,65.21,65.3,7577.0,65.332,56
2024-04-24 09:40:00-04:00,65.3,65.36,65.26,65.29,7100.0,65.306,54
2024-04-24 09:45:00-04:00,65.29,65.37,65.21,65.22,7775.0,65.277,72
2024-04-24 09:50:00-04:00,65.24,65.33,65.23,65.3,9396.0,65.286,81
2024-04-24 09:55:00-04:00,65.3,65.32,65.25,65.25,12773.0,65.281,100
2024-04-24 10:00:00-04:00,65.26,65.28,65.07,65.09,26382.0,65.22,215
2024-04-24 10:05:00-04:00,65.09,65.15,65.03,65.11,20242.0,65.1,161
2024-04-24 10:10:00-04:00,65.12,65.37,65.12,65.28,11293.0,65.229,100
2024-04-24 10:15:00-04:00,65.25,65.25,65.11,65.19,9426.0,65.177,79
2024-04-24 10:20:00-04:00,65.18,65.23,65.11,65.22,6140.0,65.172,55
2024-04-24 10:25:00-04:00,65.22,65.25,65.17,65.23,10917.0,65.213,93
2024-04-24 10:30:00-04:00,65.23,65.27,65.17,65.19,17251.0,65.216,124
2024-04-24 10:35:00-04:00,65.18,65.24,65.02,65.03,22237.0,65.114,168
2024-04-24 10:40:00-04:00,65.02,65.04,64.99,65.04,12504.0,65.014,100
2024-04-24 10:45:00-04:00,65.05,65.18,65.01,65.06,24901.0,65.096,132
2024-04-24 10:50:00-04:00,65.05,65.06,64.95,65.01,10166.0,65.021,78
2024-04-24 10:55:00-04:00,65.01,65.01,64.85,64.88,8251.0,64.905,70
2024-04-24 11:00:00-04:00,64.89,65.01,64.84,64.88,11559.0,64.928,88
2024-04-24 11:05:00-04:00,64.91,64.91,64.84,64.88,4667.0,64.876,43
2024-04-24 11:10:00-04:00,64.89,64.97,64.86,64.97,8253.0,64.903,64
2024-04-24 11:15:00-04:00,64.97,64.99,64.93,64.97,12084.0,64.958,55
2024-04-24 11:20:00-04:00,64.97,64.97,64.87,64.88,4394.0,64.922,33
2024-04-24 11:25:00-04:00,64.88,64.98,64.88,64.98,3981.0,64.931,35
2024-04-24 11:30:00-04:00,64.98,65.07,64.97,65.06,7224.0,65.005,57
2024-04-24 11:35:00-04:00,65.06,65.06,64.91,64.92,13919.0,64.971,99
2024-04-24 11:40:00-04:00,64.92,64.97,64.82,64.82,10815.0,64.919,82
2024-04-24 11:45:00-04:00,64.8,64.87,64.8,64.84,11016.0,64.837,77
2024-04-24 11:50:00-04:00,64.84,64.86,64.82,64.86,8168.0,64.837,62
2024-04-24 11:55:00-04:00,64.86,64.89,64.83,64.88,9741.0,64.859,72
2024-04-24 12:00:00-04:00,64.88,64.9,64.78,64.8,12841.0,64.822,104
2024-04-24 12:05:00-04:00,64.8,64.84,64.78,64.8,17296.0,64.81,108
2024-04-24 12:10:00-04:00,64.8,64.8,64.71,64.75,4726.0,64.763,39
2024-04-24 12:15:00-04:00,64.76,64.76,64.69,64.72,7247.0,64.727,40
2024-04-24 12:20:00-04:00,64.72,64.76,64.7,64.73,17070.0,64.725,70
2024-04-24 12:25:00-04:00,64.73,64.79,64.7,64.76,10709.0,64.753,85
2024-04-24 12:30:00-04:00,64.75,64.75,64.59,64.59,8846.0,64.661,61
2024-04-24 12:35:00-04:00,64.62,64.72,64.57,64.67,14836.0,64.607,71
2024-04-24 12:40:00-04:00,64.66,64.71,64.64,64.65,11879.0,64.661,65
2024-04-24 12:45:00-04:00,64.64,64.64,64.56,64.59,3045.0,64.598,25
2024-04-24 12:50:00-04:00,64.58,64.65,64.57,64.65,3028.0,64.61,27
2024-04-24 12:55:00-04:00,64.65,64.72,64.65,64.69,4855.0,64.678,44
2024-04-24 13:00:00-04:00,64.69,64.7,64.55,64.56,7408.0,64.636,55
2024-04-24 13:05:00-04:00,64.55,64.59,64.55,64.56,6791.0,64.567,58
2024-04-24 13:10:00-04:00,64.55,64.62,64.55,64.62,2847.0,64.584,25
2024-04-24 13:15:00-04:00,64.63,64.75,64.63,64.72,8564.0,64.683,43
2024-04-24 13:20:00-04:00,64.71,64.79,64.7,64.79,4661.0,64.746,37
2024-04-24 13:25:00-04:00,64.8,64.82,64.67,64.68,11227.0,64.727,79
2024-04-24 13:30:00-04:00,64.7,64.78,64.69,64.7,11247.0,64.724,85
2024-04-24 13:35:00-04:00,64.7,64.89,64.7,64.87,6220.0,64.802,43
2024-04-24 13:40:00-04:00,64.86,64.89,64.84,64.89,4754.0,64.865,37
2024-04-24 13:45:00-04:00,64.89,64.94,64.88,64.93,4003.0,64.915,33
2024-04-24 13:50:00-04:00,64.92,64.95,64.86,64.87,11649.0,64.893,79
2024-04-24 13:55:00-04:00,64.87,64.91,64.86,64.87,7349.0,64.876,59
2024-04-24 14:00:00-04:00,64.86,64.86,64.8,64.81,3878.0,64.828,26
2024-04-24 14:05:00-04:00,64.8,64.86,64.78,64.85,20671.0,64.809,121
2024-04-24 14:10:00-04:00,64.87,64.9,64.78,64.78,5410.0,64.867,39
2024-04-24 14:15:00-04:00,64.75,64.78,64.72,64.77,7666.0,64.75,56
2024-04-24 14:20:00-04:00,64.76,64.86,64.76,64.86,14850.0,64.805,70
2024-04-24 14:25:00-04:00,64.86,64.92,64.82,64.88,6867.0,64.869,56
2024-04-24 14:30:00-04:00,64.87,64.87,64.78,64.8,5729.0,64.824,48
2024-04-24 14:35:00-04:00,64.79,64.93,64.79,64.91,5337.0,64.867,44
2024-04-24 14:40:00-04:00,64.92,64.98,64.91,64.93,6291.0,64.942,53
2024-04-24 14:45:00-04:00,64.94,64.99,64.88,64.96,14983.0,64.931,88
2024-04-24 14:50:00-04:00,64.96,65.04,64.96,65.04,4206.0,64.988,38
2024-04-24 14:55:00-04:00,65.03,65.03,64.97,64.97,6877.0,65.005,57
2024-04-24 15:00:00-04:00,64.97,65.03,64.94,64.96,13309.0,64.992,78
2024-04-24 15:05:00-04:00,64.95,65.03,64.95,65.03,5808.0,64.98,38
2024-04-24 15:10:00-04:00,65.03,65.08,65.03,65.06,10421.0,65.055,80
2024-04-24 15:15:00-04:00,65.05,65.12,65.05,65.1,6312.0,65.091,44
2024-04-24 15:20:00-04:00,65.1,65.11,65.03,65.07,11613.0,65.068,72
2024-04-24 15:25:00-04:00,65.09,65.2,65.07,65.19,20792.0,65.141,130
2024-04-24 15:30:00-04:00,65.19,65.3,65.19,65.29,24068.0,65.232,127
2024-04-24 15:35:00-04:00,65.29,65.29,65.19,65.2,23329.0,65.247,147
2024-04-24 15:40:00-04:00,65.2,65.23,65.16,65.16,18463.0,65.196,148
2024-04-24 15:45:00-04:00,65.17,65.23,65.1,65.15,28594.0,65.162,200
2024-04-24 15:50:00-04:00,65.15,65.23,65.07,65.22,41038.0,65.168,276
2024-04-24 15:55:00-04:00,65.22,65.22,65.14,65.19,103402.0,65.186,617
2024-04-25 09:30:00-04:00,65.71,65.81,65.25,65.33,70424.0,65.56,101
2024-04-25 09:35:00-04:00,65.28,65.33,64.75,64.75,13695.0,65.079,100
2024-04-25 09:40:00-04:00,64.75,64.93,64.5,64.86,10418.0,64.764,89
2024-04-25 09:45:00-04:00,64.84,64.91,64.64,64.64,13026.0,64.746,102
2024-04-25 09:50:00-04:00,64.68,64.68,64.47,64.57,22860.0,64.576,172
2024-04-25 09:55:00-04:00,64.59,64.97,64.56,64.97,20676.0,64.8,150
2024-04-25 10:00:00-04:00,64.94,64.97,64.63,64.71,17085.0,64.849,116
2024-04-25 10:05:00-04:00,64.73,64.76,64.56,64.56,14153.0,64.674,105
2024-04-25 10:10:00-04:00,64.58,64.6,64.51,64.59,14085.0,64.561,121
2024-04-25 10:15:00-04:00,64.58,64.7,64.56,64.69,24757.0,64.611,213
2024-04-25 10:20:00-04:00,64.7,64.79,64.65,64.65,19249.0,64.731,154
2024-04-25 10:25:00-04:00,64.65,64.87,64.64,64.86,13809.0,64.743,112
2024-04-25 10:30:00-04:00,64.84,64.84,64.64,64.64,12952.0,64.775,104
2024-04-25 10:35:00-04:00,64.67,64.86,64.65,64.86,16878.0,64.757,109
2024-04-25 10:40:00-04:00,64.87,64.87,64.66,64.7,13518.0,64.756,118
2024-04-25 10:45:00-04:00,64.69,64.8,64.67,64.71,20291.0,64.732,157
2024-04-25 10:50:00-04:00,64.73,64.83,64.68,64.81,16269.0,64.751,119
2024-04-25 10:55:00-04:00,64.83,64.92,64.73,64.73,21443.0,64.847,148
2024-04-25 11:00:00-04:00,64.73,64.86,64.72,64.79,8812.0,64.794,71
2024-04-25 11:05:00-04:00,64.78,64.82,64.74,64.81,5748.0,64.778,46
2024-04-25 11:10:00-04:00,64.82,64.91,64.82,64.89,6599.0,64.875,49
2024-04-25 11:15:00-04:00,64.87,64.98,64.82,64.97,23147.0,64.878,119
2024-04-25 11:20:00-04:00,64.95,64.97,64.88,64.97,11606.0,64.921,73
2024-04-25 11:25:00-04:00,64.98,65.05,64.95,65.05,11462.0,64.989,87
2024-04-25 11:30:00-04:00,65.07,65.14,64.96,64.96,18384.0,65.064,122
2024-04-25 11:35:00-04:00,64.97,64.98,64.9,64.93,23063.0,64.94,153
2024-04-25 11:40:00-04:00,64.94,64.96,64.9,64.92,6540.0,64.927,49
2024-04-25 11:45:00-04:00,64.91,64.97,64.86,64.97,11674.0,64.908,93
2024-04-25 11:50:00-04:00,64.96,65.05,64.96,65.05,6301.0,65.005,50
2024-04-25 11:55:00-04:00,65.06,65.15,65.03,65.15,12371.0,65.099,93
2024-04-25 12:00:00-04:00,65.14,65.23,65.09,65.19,11261.0,65.176,86
2024-04-25 12:05:00-04:00,65.18,65.21,65.06,65.06,12720.0,65.143,85
2024-04-25 12:10:00-04:00,65.05,65.07,64.99,65.03,11195.0,65.03,88
2024-04-25 12:15:00-04:00,65.04,65.1,65.03,65.05,9557.0,65.052,76
2024-04-25 12:20:00-04:00,65.05,65.12,65.04,65.11,6354.0,65.08,45
2024-04-25 12:25:00-04:00,65.09,65.16,65.07,65.15,6629.0,65.1,43
2024-04-25 12:30:00-04:00,65.15,65.19,65.13,65.19,7568.0,65.156,55
2024-04-25 12:35:00-04:00,65.18,65.19,65.11,65.11,8742.0,65.152,65
2024-04-25 12:40:00-04:00,65.12,65.16,65.09,65.16,9021.0,65.116,74
2024-04-25 12:45:00-04:00,65.17,65.23,65.16,65.2,11584.0,65.195,78
2024-04-25 12:50:00-04:00,65.2,65.2,65.11,65.12,8766.0,65.167,62
2024-04-25 12:55:00-04:00,65.11,65.19,65.09,65.19,11552.0,65.127,85
2024-04-25 13:00:00-04:00,65.17,65.27,65.16,65.27,14318.0,65.208,88
2024-04-25 13:05:00-04:00,65.26,65.27,65.22,65.23,7750.0,65.25,54
2024-04-25 13:10:00-04:00,65.22,65.22,65.08,65.17,10810.0,65.145,77
2024-04-25 13:15:00-04:00,65.14,65.18,65.1,65.16,6872.0,65.14,51
2024-04-25 13:20:00-04:00,65.15,65.17,65.09,65.09,7118.0,65.129,56
2024-04-25 13:25:00-04:00,65.1,65.17,65.09,65.17,6474.0,65.13,50
2024-04-25 13:30:00-04:00,65.15,65.21,65.15,65.19,7210.0,65.186,56
2024-04-25 13:35:00-04:00,65.18,65.25,65.14,65.24,10396.0,65.195,79
2024-04-25 13:40:00-04:00,65.23,65.34,65.23,65.32,7291.0,65.286,55
2024-04-25 13:45:00-04:00,65.33,65.38,65.32,65.32,13021.0,65.345,90
2024-04-25 13:50:00-04:00,65.31,65.34,65.29,65.34,6763.0,65.312,51
2024-04-25 13:55:00-04:00,65.34,65.34,65.29,65.29,10930.0,65.326,69
2024-04-25 14:00:00-04:00,65.3,65.37,65.26,65.35,12647.0,65.311,101
2024-04-25 14:05:00-04:00,65.36,65.39,65.27,65.36,13505.0,65.329,106
2024-04-25 14:10:00-04:00,65.35,65.4,65.31,65.38,9438.0,65.355,74
2024-04-25 14:15:00-04:00,65.39,65.45,65.39,65.45,12829.0,65.421,107
2024-04-25 14:20:00-04:00,65.46,65.48,65.42,65.46,12621.0,65.446,96
2024-04-25 14:25:00-04:00,65.46,65.51,65.24,65.24,20051.0,65.402,148
2024-04-25 14:30:00-04:00,65.24,65.39,65.23,65.33,9194.0,65.313,80
2024-04-25 14:35:00-04:00,65.32,65.32,65.26,65.29,15696.0,65.288,104
2024-04-25 14:40:00-04:00,65.29,65.3,65.22,65.26,7652.0,65.264,66
2024-04-25 14:45:00-04:00,65.26,65.28,65.24,65.28,9436.0,65.261,80
2024-04-25 14:50:00-04:00,65.28,65.29,65.21,65.28,19094.0,65.263,131
2024-04-25 14:55:00-04:00,65.28,65.43,65.23,65.38,21642.0,65.337,143
2024-04-25 15:00:00-04:00,65.37,65.47,65.37,65.42,12263.0,65.413,92
2024-04-25 15:05:00-04:00,65.41,65.42,65.39,65.4,12415.0,65.405,87
2024-04-25 15:10:00-04:00,65.41,65.46,65.41,65.46,8568.0,65.437,55
2024-04-25 15:15:00-04:00,65.46,65.5,65.42,65.46,40096.0,65.463,277
2024-04-25 15:20:00-04:00,65.45,65.5,65.45,65.49,13160.0,65.486,105
2024-04-25 15:25:00-04:00,65.49,65.58,65.42,65.48,49117.0,65.498,312
2024-04-25 15:30:00-04:00,65.48,65.62,65.45,65.52,45067.0,65.528,334
2024-04-25 15:35:00-04:00,65.52,65.54,65.48,65.49,30690.0,65.512,225
2024-04-25 15:40:00-04:00,65.5,65.51,65.41,65.45,52660.0,65.455,304
2024-04-25 15:45:00-04:00,65.45,65.47,65.25,65.26,40988.0,65.373,296
2024-04-25 15:50:00-04:00,65.25,65.44,65.2,65.41,57414.0,65.33,371
2024-04-25 15:55:00-04:00,65.41,65.52,65.37,65.47,159596.0,65.439,882
2024-04-26 09:30:00-04:00,66.5,68.99,66.38,68.4,92525.0,67.847,306
2024-04-26 09:35:00-04:00,68.35,69.31,67.66,69.08,39389.0,68.565,194
2024-04-26 09:40:00-04:00,69.26,69.34,68.75,68.95,46466.0,69.009,212
2024-04-26 09:45:00-04:00,69.07,69.66,68.97,69.64,35639.0,69.352,227
2024-04-26 09:50:00-04:00,69.57,69.77,68.97,69.02,56616.0,69.523,284
2024-04-26 09:55:00-04:00,69.02,69.17,68.97,69.17,23164.0,69.076,166
2024-04-26 10:00:00-04:00,69.08,69.68,69.0,69.56,39771.0,69.262,184
2024-04-26 10:05:00-04:00,69.51,69.6,69.32,69.43,32958.0,69.472,197
2024-04-26 10:10:00-04:00,69.5,69.64,69.22,69.33,51265.0,69.445,286
2024-04-26 10:15:00-04:00,69.3,69.43,69.24,69.37,20140.0,69.343,152
2024-04-26 10:20:00-04:00,69.37,69.66,69.32,69.55,33391.0,69.533,241
2024-04-26 10:25:00-04:00,69.57,69.57,69.25,69.3,21289.0,69.45,136
2024-04-26 10:30:00-04:00,69.34,69.34,69.23,69.31,22060.0,69.289,142
2024-04-26 10:35:00-04:00,69.34,69.49,69.24,69.3,19132.0,69.343,137
2024-04-26 10:40:00-04:00,69.26,69.32,69.18,69.18,17050.0,69.268,141
2024-04-26 10:45:00-04:00,69.18,69.28,69.04,69.16,37235.0,69.156,158
2024-04-26 10:50:00-04:00,69.15,69.22,68.92,69.1,25836.0,69.108,167
2024-04-26 10:55:00-04:00,69.1,69.1,68.84,69.02,21534.0,68.951,159
2024-04-26 11:00:00-04:00,69.0,69.15,68.92,69.05,14067.0,69.032,119
2024-04-26 11:05:00-04:00,69.04,69.04,68.66,68.7,37335.0,68.827,252
2024-04-26 11:10:00-04:00,68.71,68.72,68.34,68.34,37584.0,68.493,265
2024-04-26 11:15:00-04:00,68.33,68.7,68.25,68.7,42494.0,68.442,274
2024-04-26 11:20:00-04:00,68.65,68.98,68.58,68.61,35627.0,68.769,238
2024-04-26 11:25:00-04:00,68.57,68.79,68.54,68.79,12064.0,68.66,107
2024-04-26 11:30:00-04:00,68.76,68.82,68.49,68.52,23895.0,68.604,167
2024-04-26 11:35:00-04:00,68.52,68.82,68.5,68.66,17881.0,68.696,141
2024-04-26 11:40:00-04:00,68.66,69.14,68.61,69.0,56130.0,68.83,333
2024-04-26 11:45:00-04:00,69.02,70.0,68.96,69.33,31549.0,69.138,236
2024-04-26 11:50:00-04:00,69.35,69.71,69.25,69.57,72110.0,69.504,483
2024-04-26 11:55:00-04:00,69.59,70.11,69.56,69.92,124608.0,69.886,607
2024-04-26 12:00:00-04:00,69.92,70.05,69.69,70.05,24354.0,69.848,170
2024-04-26 12:05:00-04:00,70.05,70.19,69.71,69.71,27815.0,69.927,166
2024-04-26 12:10:00-04:00,69.71,69.89,69.69,69.87,14638.0,69.787,108
2024-04-26 12:15:00-04:00,69.83,70.02,69.82,70.02,19513.0,69.899,108
2024-04-26 12:20:00-04:00,70.0,70.07,69.89,70.0,11752.0,69.982,85
2024-04-26 12:25:00-04:00,69.97,70.24,69.95,70.06,22649.0,70.102,121
2024-04-26 12:30:00-04:00,70.05,70.31,70.05,70.23,30791.0,70.171,156
2024-04-26 12:35:00-04:00,70.21,70.35,70.19,70.34,27376.0,70.266,162
2024-04-26 12:40:00-04:00,70.33,70.46,70.22,70.3,30810.0,70.369,213
2024-04-26 12:45:00-04:00,70.31,70.67,70.31,70.64,22616.0,70.506,165
2024-04-26 12:50:00-04:00,70.62,70.64,70.45,70.5,46422.0,70.542,247
2024-04-26 12:55:00-04:00,70.52,70.64,70.41,70.49,28957.0,70.524,167
2024-04-26 13:00:00-04:00,70.5,70.5,70.24,70.42,23644.0,70.351,157
2024-04-26 13:05:00-04:00,70.47,70.62,70.36,70.41,18928.0,70.478,136
2024-04-26 13:10:00-04:00,70.38,70.39,70.24,70.38,19083.0,70.295,135
2024-04-26 13:15:00-04:00,70.41,70.5,70.39,70.48,31187.0,70.474,168
2024-04-26 13:20:00-04:00,70.46,70.49,70.34,70.44,21799.0,70.398,153
2024-04-26 13:25:00-04:00,70.46,70.47,70.33,70.37,18802.0,70.399,138
2024-04-26 13:30:00-04:00,70.35,70.36,70.27,70.34,18656.0,70.307,121
2024-04-26 13:35:00-04:00,70.38,70.57,70.35,70.57,21720.0,70.465,151
2024-04-26 13:40:00-04:00,70.59,70.75,70.46,70.64,53544.0,70.588,358
2024-04-26 13:45:00-04:00,70.62,70.71,70.56,70.58,37365.0,70.641,246
2024-04-26 13:50:00-04:00,70.58,70.58,70.39,70.44,22186.0,70.461,163
2024-04-26 13:55:00-04:00,70.42,70.44,70.35,70.44,24141.0,70.371,159
2024-04-26 14:00:00-04:00,70.48,70.56,70.42,70.44,18199.0,70.484,131
2024-04-26 14:05:00-04:00,70.44,70.44,70.26,70.33,25550.0,70.335,172
2024-04-26 14:10:00-04:00,70.28,70.28,70.07,70.08,31951.0,70.135,202
2024-04-26 14:15:00-04:00,70.11,70.16,70.05,70.12,34288.0,70.099,234
2024-04-26 14:20:00-04:00,70.1,70.18,70.03,70.16,32513.0,70.107,205
2024-04-26 14:25:00-04:00,70.13,70.16,70.09,70.15,22086.0,70.124,141
2024-04-26 14:30:00-04:00,70.15,70.16,70.02,70.05,22406.0,70.091,160
2024-04-26 14:35:00-04:00,70.05,70.17,70.03,70.11,32645.0,70.109,220
2024-04-26 14:40:00-04:00,70.12,70.34,70.11,70.16,40755.0,70.192,296
2024-04-26 14:45:00-04:00,70.16,70.25,70.09,70.25,20895.0,70.15,134
2024-04-26 14:50:00-04:00,70.25,70.36,70.17,70.31,35257.0,70.266,198
2024-04-26 14:55:00-04:00,70.31,70.37,70.26,70.3,26962.0,70.32,184
2024-04-26 15:00:00-04:00,70.29,70.29,70.11,70.2,26475.0,70.186,185
2024-04-26 15:05:00-04:00,70.2,70.29,70.19,70.19,29866.0,70.244,203
2024-04-26 15:10:00-04:00,70.2,70.23,70.15,70.21,22042.0,70.186,161
2024-04-26 15:15:00-04:00,70.21,70.28,70.11,70.12,30411.0,70.211,199
2024-04-26 15:20:00-04:00,70.12,70.27,70.11,70.17,36615.0,70.2,258
2024-04-26 15:25:00-04:00,70.16,70.16,70.02,70.02,27698.0,70.112,177
2024-04-26 15:30:00-04:00,70.03,70.03,69.81,69.95,39663.0,69.912,289
2024-04-26 15:35:00-04:00,69.95,70.03,69.85,69.85,42534.0,69.972,298
2024-04-26 15:40:00-04:00,69.88,69.9,69.79,69.83,45362.0,69.839,307
2024-04-26 15:45:00-04:00,69.83,69.88,69.69,69.78,82740.0,69.777,566
2024-04-26 15:50:00-04:00,69.77,69.78,69.64,69.73,142385.0,69.695,934
2024-04-26 15:55:00-04:00,69.73,69.88,69.61,69.79,267106.0,69.769,1425
2024-04-29 09:30:00-04:00,70.25,70.82,70.2,70.76,50704.0,70.335,86
2024-04-29 09:35:00-04:00,70.72,70.74,70.47,70.51,8733.0,70.585,67
2024-04-29 09:40:00-04:00,70.51,70.69,70.41,70.5,60602.0,70.537,197
2024-04-29 09:45:00-04:00,70.52,70.58,70.21,70.4,23914.0,70.439,119
2024-04-29 09:50:00-04:00,70.45,70.45,70.17,70.3,21200.0,70.335,111
2024-04-29 09:55:00-04:00,70.39,70.39,70.13,70.18,10318.0,70.253,84
2024-04-29 10:00:00-04:00,70.22,70.4,70.12,70.12,20783.0,70.29,146
2024-04-29 10:05:00-04:00,70.11,70.12,69.89,70.0,16156.0,70.037,123
2024-04-29 10:10:00-04:00,70.04,70.48,70.04,70.44,19869.0,70.319,145
2024-04-29 10:15:00-04:00,70.43,70.53,70.38,70.47,23840.0,70.459,184
2024-04-29 10:20:00-04:00,70.47,70.57,70.43,70.56,27787.0,70.488,202
2024-04-29 10:25:00-04:00,70.56,70.57,70.44,70.53,17578.0,70.509,130
2024-04-29 10:30:00-04:00,70.55,70.71,70.52,70.56,27154.0,70.584,185
2024-04-29 10:35:00-04:00,70.54,70.65,70.49,70.65,24123.0,70.554,166
2024-04-29 10:40:00-04:00,70.64,70.67,70.45,70.47,23573.0,70.544,148
2024-04-29 10:45:00-04:00,70.48,70.52,70.43,70.47,18387.0,70.492,117
2024-04-29 10:50:00-04:00,70.46,70.48,70.43,70.47,10711.0,70.46,80
2024-04-29 10:55:00-04:00,70.48,70.48,70.36,70.37,14203.0,70.421,112
2024-04-29 11:00:00-04:00,70.35,70.39,70.29,70.37,17295.0,70.343,119
2024-04-29 11:05:00-04:00,70.4,70.4,70.29,70.3,19306.0,70.363,154
2024-04-29 11:10:00-04:00,70.31,70.38,70.28,70.34,9005.0,70.332,72
2024-04-29 11:15:00-04:00,70.32,70.35,70.23,70.25,13856.0,70.327,115
2024-04-29 11:20:00-04:00,70.23,70.29,70.16,70.2,16817.0,70.237,136
2024-04-29 11:25:00-04:00,70.21,70.35,70.18,70.29,10957.0,70.293,84
2024-04-29 11:30:00-04:00,70.29,70.34,70.27,70.33,11535.0,70.315,64
2024-04-29 11:35:00-04:00,70.33,70.35,70.26,70.34,19331.0,70.322,108
2024-04-29 11:40:00-04:00,70.33,70.35,70.31,70.32,12984.0,70.339,114
2024-04-29 11:45:00-04:00,70.31,70.32,70.21,70.21,8947.0,70.285,69
2024-04-29 11:50:00-04:00,70.23,70.28,70.21,70.25,10436.0,70.242,74
2024-04-29 11:55:00-04:00,70.23,70.3,70.23,70.3,9613.0,70.261,61
2024-04-29 12:00:00-04:00,70.3,70.32,70.28,70.3,8701.0,70.303,63
2024-04-29 12:05:00-04:00,70.3,70.3,70.2,70.21,9658.0,70.251,68
2024-04-29 12:10:00-04:00,70.21,70.21,70.14,70.15,11606.0,70.193,80
2024-04-29 12:15:00-04:00,70.18,70.21,70.16,70.17,8839.0,70.188,64
2024-04-29 12:20:00-04:00,70.17,70.25,70.14,70.19,34509.0,70.189,179
2024-04-29 12:25:00-04:00,70.21,70.23,70.17,70.22,8872.0,70.199,64
2024-04-29 12:30:00-04:00,70.22,70.35,70.21,70.35,15456.0,70.293,112
2024-04-29 12:35:00-04:00,70.34,70.35,70.29,70.31,22077.0,70.333,150
2024-04-29 12:40:00-04:00,70.31,70.36,70.3,70.35,23557.0,70.343,145
2024-04-29 12:45:00-04:00,70.35,70.6,70.34,70.59,22762.0,70.395,175
2024-04-29 12:50:00-04:00,70.58,70.72,70.55,70.55,12965.0,70.644,104
2024-04-29 12:55:00-04:00,70.6,70.6,70.54,70.6,16937.0,70.594,148
2024-04-29 13:00:00-04:00,70.6,70.6,70.48,70.5,7974.0,70.573,67
2024-04-29 13:05:00-04:00,70.48,70.49,70.43,70.45,6563.0,70.461,55
2024-04-29 13:10:00-04:00,70.45,70.49,70.42,70.48,7553.0,70.448,53
2024-04-29 13:15:00-04:00,70.49,70.54,70.48,70.52,5287.0,70.509,44
2024-04-29 13:20:00-04:00,70.53,70.57,70.52,70.54,5656.0,70.546,46
2024-04-29 13:25:00-04:00,70.53,70.53,70.38,70.38,13672.0,70.472,95
2024-04-29 13:30:00-04:00,70.39,70.47,70.35,70.47,6241.0,70.411,48
2024-04-29 13:35:00-04:00,70.48,70.5,70.45,70.48,9304.0,70.477,60
2024-04-29 13:40:00-04:00,70.48,70.55,70.46,70.55,37635.0,70.519,200
2024-04-29 13:45:00-04:00,70.55,70.66,70.54,70.66,13793.0,70.571,118
2024-04-29 13:50:00-04:00,70.68,70.69,70.53,70.54,15516.0,70.61,118
2024-04-29 13:55:00-04:00,70.54,70.55,70.5,70.52,9410.0,70.534,56
2024-04-29 14:00:00-04:00,70.54,70.55,70.49,70.55,11645.0,70.54,97
2024-04-29 14:05:00-04:00,70.54,70.55,70.49,70.52,6387.0,70.526,48
2024-04-29 14:10:00-04:00,70.49,70.5,70.43,70.47,9709.0,70.458,58
2024-04-29 14:15:00-04:00,70.46,70.51,70.41,70.41,6512.0,70.465,50
2024-04-29 14:20:00-04:00,70.4,70.41,70.32,70.32,4152.0,70.366,37
2024-04-29 14:25:00-04:00,70.31,70.41,70.3,70.4,7550.0,70.362,65
2024-04-29 14:30:00-04:00,70.42,70.45,70.35,70.43,12584.0,70.41,108
2024-04-29 14:35:00-04:00,70.45,70.52,70.44,70.52,4168.0,70.47,38
2024-04-29 14:40:00-04:00,70.53,70.55,70.46,70.5,13229.0,70.511,101
2024-04-29 14:45:00-04:00,70.5,70.5,70.45,70.49,6952.0,70.486,55
2024-04-29 14:50:00-04:00,70.49,70.5,70.45,70.48,7594.0,70.469,63
2024-04-29 14:55:00-04:00,70.48,70.5,70.46,70.5,14117.0,70.486,116
2024-04-29 15:00:00-04:00,70.49,70.5,70.3,70.39,17836.0,70.404,159
2024-04-29 15:05:00-04:00,70.4,70.4,70.3,70.34,14236.0,70.335,116
2024-04-29 15:10:00-04:00,70.34,70.34,70.2,70.24,11408.0,70.261,92
2024-04-29 15:15:00-04:00,70.24,70.32,70.22,70.3,14394.0,70.27,115
2024-04-29 15:20:00-04:00,70.3,70.3,70.18,70.18,13180.0,70.252,115
2024-04-29 15:25:00-04:00,70.17,70.2,70.11,70.17,13604.0,70.167,113
2024-04-29 15:30:00-04:00,70.17,70.33,70.16,70.3,22482.0,70.216,173
2024-04-29 15:35:00-04:00,70.29,70.34,70.28,70.31,21279.0,70.311,165
2024-04-29 15:40:00-04:00,70.31,70.53,70.3,70.48,26862.0,70.427,224
2024-04-29 15:45:00-04:00,70.48,70.5,70.45,70.45,33230.0,70.491,199
2024-04-29 15:50:00-04:00,70.45,70.76,70.43,70.75,94271.0,70.558,597
2024-04-29 15:55:00-04:00,70.75,70.79,70.55,70.72,201155.0,70.637,942
2024-04-30 09:30:00-04:00,70.36,70.6,70.29,70.49,71108.0,70.415,140
2024-04-30 09:35:00-04:00,70.41,70.54,70.22,70.4,15722.0,70.4,136
2024-04-30 09:40:00-04:00,70.4,70.81,70.35,70.81,12760.0,70.52,108
2024-04-30 09:45:00-04:00,70.87,71.06,70.82,70.95,19775.0,70.941,155
2024-04-30 09:50:00-04:00,70.93,70.96,70.78,70.84,11164.0,70.877,95
2024-04-30 09:55:00-04:00,70.84,71.01,70.84,70.93,7025.0,70.952,62
2024-04-30 10:00:00-04:00,70.92,71.03,70.9,70.98,17898.0,70.973,126
2024-04-30 10:05:00-04:00,70.99,71.04,70.96,71.02,24974.0,70.997,193
2024-04-30 10:10:00-04:00,70.98,71.31,70.94,71.31,28036.0,71.097,193
2024-04-30 10:15:00-04:00,71.3,71.32,71.13,71.16,33783.0,71.231,109
2024-04-30 10:20:00-04:00,71.17,71.25,71.08,71.2,19926.0,71.174,120
2024-04-30 10:25:00-04:00,71.22,71.25,70.95,70.95,18928.0,71.099,141
2024-04-30 10:30:00-04:00,70.93,71.01,70.9,70.94,19213.0,70.953,139
2024-04-30 10:35:00-04:00,70.95,71.01,70.82,70.9,25640.0,70.936,197
2024-04-30 10:40:00-04:00,70.9,71.0,70.89,70.98,22600.0,70.951,101
2024-04-30 10:45:00-04:00,70.98,71.11,70.81,70.83,53765.0,70.959,403
2024-04-30 10:50:00-04:00,70.82,70.85,70.76,70.8,68182.0,70.799,251
2024-04-30 10:55:00-04:00,70.8,70.95,70.75,70.8,369377.0,70.802,341
2024-04-30 11:00:00-04:00,70.78,70.85,70.65,70.65,31672.0,70.759,130
2024-04-30 11:05:00-04:00,70.56,70.61,70.28,70.28,148790.0,70.535,379
2024-04-30 11:10:00-04:00,70.26,70.29,70.13,70.19,16365.0,70.236,79
2024-04-30 11:15:00-04:00,70.18,70.2,70.09,70.12,18725.0,70.163,75
2024-04-30 11:20:00-04:00,70.13,70.28,70.11,70.27,37549.0,70.172,70
2024-04-30 11:25:00-04:00,70.28,70.38,70.28,70.3,11454.0,70.328,64
2024-04-30 11:30:00-04:00,70.32,70.32,70.16,70.24,83096.0,70.241,219
2024-04-30 11:35:00-04:00,70.24,70.31,70.22,70.29,4667.0,70.258,37
2024-04-30 11:40:00-04:00,70.3,70.3,69.83,69.86,103177.0,70.004,235
2024-04-30 11:45:00-04:00,69.87,69.99,69.84,69.98,12839.0,69.932,93
2024-04-30 11:50:00-04:00,70.0,70.07,69.96,69.96,11934.0,70.023,95
2024-04-30 11:55:00-04:00,69.99,70.07,69.96,70.0,11902.0,70.0,78
2024-04-30 12:00:00-04:00,70.0,70.09,69.9,69.9,12032.0,70.03,74
2024-04-30 12:05:00-04:00,69.9,69.92,69.82,69.89,6330.0,69.87,49
2024-04-30 12:10:00-04:00,69.88,69.9,69.73,69.84,9746.0,69.829,64
2024-04-30 12:15:00-04:00,69.83,69.83,69.77,69.8,4928.0,69.807,38
2024-04-30 12:20:00-04:00,69.83,69.97,69.83,69.94,7115.0,69.904,59
2024-04-30 12:25:00-04:00,69.95,69.96,69.82,69.86,7664.0,69.903,57
2024-04-30 12:30:00-04:00,69.85,69.85,69.75,69.75,4338.0,69.793,33
2024-04-30 12:35:00-04:00,69.77,69.8,69.66,69.75,102990.0,69.702,253
2024-04-30 12:40:00-04:00,69.75,69.82,69.7,69.8,11499.0,69.774,58
2024-04-30 12:45:00-04:00,69.8,69.9,69.79,69.87,10742.0,69.856,74
2024-04-30 12:50:00-04:00,69.9,69.96,69.83,69.85,6514.0,69.897,53
2024-04-30 12:55:00-04:00,69.86,69.92,69.79,69.79,9357.0,69.851,71
2024-04-30 13:00:00-04:00,69.76,69.84,69.72,69.74,12378.0,69.756,37
2024-04-30 13:05:00-04:00,69.64,69.84,69.64,69.83,6826.0,69.773,60
2024-04-30 13:10:00-04:00,69.84,69.85,69.75,69.81,4882.0,69.798,45
2024-04-30 13:15:00-04:00,69.8,69.84,69.78,69.82,3820.0,69.809,35
2024-04-30 13:20:00-04:00,69.81,69.83,69.7,69.71,6182.0,69.767,50
2024-04-30 13:25:00-04:00,69.69,69.78,69.69,69.72,4122.0,69.741,38
2024-04-30 13:30:00-04:00,69.72,69.75,69.68,69.75,3598.0,69.721,24
2024-04-30 13:35:00-04:00,69.77,69.78,69.66,69.67,7597.0,69.722,64
2024-04-30 13:40:00-04:00,69.69,69.85,69.69,69.84,8119.0,69.757,55
2024-04-30 13:45:00-04:00,69.84,70.06,69.84,70.05,22589.0,69.971,134
2024-04-30 13:50:00-04:00,70.05,70.16,70.04,70.16,10452.0,70.083,73
2024-04-30 13:55:00-04:00,70.16,70.17,69.96,70.0,35945.0,70.079,140
2024-04-30 14:00:00-04:00,70.01,70.08,69.96,69.96,8072.0,70.036,56
2024-04-30 14:05:00-04:00,69.94,70.02,69.88,69.89,14776.0,69.962,95
2024-04-30 14:10:00-04:00,69.87,69.92,69.87,69.89,8047.0,69.895,56
2024-04-30 14:15:00-04:00,69.89,69.93,69.87,69.87,7643.0,69.897,69
2024-04-30 14:20:00-04:00,69.88,69.93,69.87,69.89,6842.0,69.903,59
2024-04-30 14:25:00-04:00,69.9,69.9,69.78,69.81,7759.0,69.836,60
2024-04-30 14:30:00-04:00,69.8,69.9,69.8,69.9,10290.0,69.867,58
2024-04-30 14:35:00-04:00,69.9,69.96,69.88,69.9,24284.0,69.907,134
2024-04-30 14:40:00-04:00,69.9,69.96,69.89,69.93,5446.0,69.919,45
2024-04-30 14:45:00-04:00,69.94,69.96,69.72,69.81,20595.0,69.837,165
2024-04-30 14:50:00-04:00,69.79,69.82,69.73,69.81,9961.0,69.761,51
2024-04-30 14:55:00-04:00,69.81,69.81,69.7,69.72,7748.0,69.743,62
2024-04-30 15:00:00-04:00,69.73,69.74,69.63,69.71,19225.0,69.671,88
2024-04-30 15:05:00-04:00,69.72,69.75,69.7,69.72,6864.0,69.721,58
2024-04-30 15:10:00-04:00,69.73,69.75,69.69,69.72,6476.0,69.715,57
2024-04-30 15:15:00-04:00,69.72,69.76,69.68,69.75,16401.0,69.716,129
2024-04-30 15:20:00-04:00,69.76,69.79,69.59,69.62,18542.0,69.704,137
2024-04-30 15:25:00-04:00,69.62,69.69,69.55,69.55,36687.0,69.654,238
2024-04-30 15:30:00-04:00,69.56,69.62,69.48,69.57,29996.0,69.557,237
2024-04-30 15:35:00-04:00,69.57,69.58,69.43,69.51,43443.0,69.514,317
2024-04-30 15:40:00-04:00,69.51,69.65,69.45,69.61,45815.0,69.55,322
2024-04-30 15:45:00-04:00,69.6,69.67,69.55,69.65,33257.0,69.601,222
2024-04-30 15:50:00-04:00,69.65,69.82,69.62,69.75,81535.0,69.734,573
2024-04-30 15:55:00-04:00,69.74,69.8,69.55,69.59,169807.0,69.658,998
2024-05-01 09:30:00-04:00,69.57,69.77,68.9,69.26,52408.0,69.34,156
2024-05-01 09:35:00-04:00,69.19,69.22,68.47,68.65,21419.0,68.882,119
2024-05-01 09:40:00-04:00,68.69,68.75,68.43,68.47,14714.0,68.579,125
2024-05-01 09:45:00-04:00,68.54,68.85,68.4,68.85,11952.0,68.607,97
2024-05-01 09:50:00-04:00,68.84,68.84,68.49,68.69,13656.0,68.655,121
2024-05-01 09:55:00-04:00,68.69,68.72,68.52,68.56,20844.0,68.609,126
2024-05-01 10:00:00-04:00,68.58,68.83,68.5,68.75,15919.0,68.669,129
2024-05-01 10:05:00-04:00,68.78,68.85,68.55,68.55,15692.0,68.729,125
2024-05-01 10:10:00-04:00,68.54,68.66,68.5,68.58,12976.0,68.576,106
2024-05-01 10:15:00-04:00,68.58,68.64,68.46,68.47,14722.0,68.562,97
2024-05-01 10:20:00-04:00,68.47,68.49,68.16,68.17,20773.0,68.272,151
2024-05-01 10:25:00-04:00,68.17,68.33,68.15,68.31,17574.0,68.216,142
2024-05-01 10:30:00-04:00,68.33,68.34,68.19,68.19,18788.0,68.269,118
2024-05-01 10:35:00-04:00,68.22,68.25,68.15,68.16,35045.0,68.181,271
2024-05-01 10:40:00-04:00,68.17,68.33,68.06,68.32,45191.0,68.156,342
2024-05-01 10:45:00-04:00,68.32,68.39,68.22,68.39,19713.0,68.273,169
2024-05-01 10:50:00-04:00,68.39,68.47,68.31,68.39,19269.0,68.399,154
2024-05-01 10:55:00-04:00,68.4,68.45,68.31,68.37,16355.0,68.384,124
2024-05-01 11:00:00-04:00,68.39,68.5,68.34,68.47,21268.0,68.398,116
2024-05-01 11:05:00-04:00,68.47,68.55,68.45,68.45,15673.0,68.517,119
2024-05-01 11:10:00-04:00,68.44,68.45,68.22,68.25,19065.0,68.298,154
2024-05-01 11:15:00-04:00,68.23,68.3,68.18,68.27,14164.0,68.245,109
2024-05-01 11:20:00-04:00,68.26,68.41,68.23,68.39,13825.0,68.305,110
2024-05-01 11:25:00-04:00,68.39,68.5,68.32,68.43,21184.0,68.393,143
2024-05-01 11:30:00-04:00,68.44,68.45,68.3,68.4,18537.0,68.388,137
2024-05-01 11:35:00-04:00,68.4,68.44,68.25,68.42,19642.0,68.332,136
2024-05-01 11:40:00-04:00,68.42,68.42,68.29,68.35,14564.0,68.344,112
2024-05-01 11:45:00-04:00,68.34,68.41,68.33,68.36,14079.0,68.363,95
2024-05-01 11:50:00-04:00,68.36,68.57,68.34,68.52,13246.0,68.43,100
2024-05-01 11:55:00-04:00,68.52,68.54,68.39,68.41,17794.0,68.476,138
2024-05-01 12:00:00-04:00,68.39,68.41,68.29,68.29,14204.0,68.359,106
2024-05-01 12:05:00-04:00,68.29,68.32,68.17,68.18,12081.0,68.252,91
2024-05-01 12:10:00-04:00,68.18,68.22,68.13,68.2,7797.0,68.174,68
2024-05-01 12:15:00-04:00,68.19,68.28,68.17,68.25,23212.0,68.216,144
2024-05-01 12:20:00-04:00,68.26,68.35,68.25,68.26,11128.0,68.297,97
2024-05-01 12:25:00-04:00,68.27,68.35,68.26,68.33,12072.0,68.302,101
2024-05-01 12:30:00-04:00,68.34,68.41,68.34,68.37,8629.0,68.383,77
2024-05-01 12:35:00-04:00,68.36,68.37,68.29,68.31,26989.0,68.327,142
2024-05-01 12:40:00-04:00,68.32,68.32,68.23,68.23,13025.0,68.264,102
2024-05-01 12:45:00-04:00,68.23,68.27,68.14,68.17,18511.0,68.213,134
2024-05-01 12:50:00-04:00,68.17,68.2,68.14,68.18,21332.0,68.169,165
2024-05-01 12:55:00-04:00,68.18,68.3,68.18,68.23,22657.0,68.248,175
2024-05-01 13:00:00-04:00,68.21,68.21,68.01,68.01,13046.0,68.124,110
2024-05-01 13:05:00-04:00,68.03,68.11,68.03,68.04,12288.0,68.063,82
2024-05-01 13:10:00-04:00,68.03,68.07,67.98,68.06,17106.0,68.032,133
2024-05-01 13:15:00-04:00,68.04,68.07,67.97,68.04,19469.0,68.023,148
2024-05-01 13:20:00-04:00,68.05,68.05,67.93,67.95,15018.0,67.998,127
2024-05-01 13:25:00-04:00,67.95,68.06,67.92,68.01,14747.0,67.977,111
2024-05-01 13:30:00-04:00,68.01,68.08,68.01,68.05,20894.0,68.052,171
2024-05-01 13:35:00-04:00,68.07,68.28,68.06,68.25,28339.0,68.136,159
2024-05-01 13:40:00-04:00,68.24,68.24,68.12,68.12,12555.0,68.186,107
2024-05-01 13:45:00-04:00,68.11,68.17,68.08,68.17,41589.0,68.136,147
2024-05-01 13:50:00-04:00,68.15,68.16,68.02,68.09,18054.0,68.092,145
2024-05-01 13:55:00-04:00,68.1,68.17,68.07,68.12,33506.0,68.139,150
2024-05-01 14:00:00-04:00,68.13,68.25,68.07,68.16,32953.0,68.166,213
2024-05-01 14:05:00-04:00,68.14,68.14,67.98,68.04,28697.0,68.037,225
2024-05-01 14:10:00-04:00,68.04,68.14,68.04,68.13,26115.0,68.111,192
2024-05-01 14:15:00-04:00,68.17,68.24,68.01,68.09,23813.0,68.123,206
2024-05-01 14:20:00-04:00,68.07,68.08,67.99,68.03,24545.0,68.045,195
2024-05-01 14:25:00-04:00,68.03,68.26,68.01,68.24,25497.0,68.15,215
2024-05-01 14:30:00-04:00,68.26,68.28,67.92,68.27,41825.0,68.111,307
2024-05-01 14:35:00-04:00,68.28,68.38,67.98,68.36,36542.0,68.204,227
2024-05-01 14:40:00-04:00,68.35,68.68,68.34,68.68,26665.0,68.526,212
2024-05-01 14:45:00-04:00,68.7,68.83,68.56,68.82,18301.0,68.68,151
2024-05-01 14:50:00-04:00,68.84,68.96,68.84,68.89,20570.0,68.897,151
2024-05-01 14:55:00-04:00,68.9,69.0,68.82,68.94,17546.0,68.924,140
2024-05-01 15:00:00-04:00,68.97,69.1,68.74,68.75,18481.0,68.966,139
2024-05-01 15:05:00-04:00,68.75,68.97,68.65,68.89,29938.0,68.814,194
2024-05-01 15:10:00-04:00,68.89,68.94,68.69,68.78,17294.0,68.8,146
2024-05-01 15:15:00-04:00,68.75,68.8,68.64,68.66,16479.0,68.711,139
2024-05-01 15:20:00-04:00,68.66,68.77,68.57,68.76,21194.0,68.667,174
2024-05-01 15:25:00-04:00,68.76,68.77,68.58,68.61,22899.0,68.69,194
2024-05-01 15:30:00-04:00,68.6,68.7,68.52,68.53,31173.0,68.604,241
2024-05-01 15:35:00-04:00,68.52,68.57,68.44,68.52,55108.0,68.51,444
2024-05-01 15:40:00-04:00,68.53,68.64,68.49,68.56,36322.0,68.562,304
2024-05-01 15:45:00-04:00,68.56,68.74,68.53,68.59,51188.0,68.616,403
2024-05-01 15:50:00-04:00,68.59,68.59,68.26,68.32,85304.0,68.373,654
2024-05-01 15:55:00-04:00,68.32,68.37,68.16,68.23,260180.0,68.272,1780
2024-05-02 09:30:00-04:00,69.0,69.15,68.66,68.67,32499.0,68.984,89
2024-05-02 09:35:00-04:00,68.43,68.52,68.15,68.15,11519.0,68.331,98
2024-05-02 09:40:00-04:00,68.15,68.37,68.1,68.29,16794.0,68.27,146
2024-05-02 09:45:00-04:00,68.24,68.3,68.18,68.25,11101.0,68.247,89
2024-05-02 09:50:00-04:00,68.24,68.31,68.17,68.28,13486.0,68.251,111
2024-05-02 09:55:00-04:00,68.27,68.31,68.18,68.23,16281.0,68.267,122
2024-05-02 10:00:00-04:00,68.23,68.32,68.15,68.23,12184.0,68.239,109
2024-05-02 10:05:00-04:00,68.25,68.26,68.04,68.1,13123.0,68.172,108
2024-05-02 10:10:00-04:00,68.1,68.29,68.1,68.28,12461.0,68.213,114
2024-05-02 10:15:00-04:00,68.28,68.48,68.27,68.28,11817.0,68.395,104
2024-05-02 10:20:00-04:00,68.31,68.32,68.19,68.3,22156.0,68.271,169
2024-05-02 10:25:00-04:00,68.31,68.36,68.18,68.18,18772.0,68.301,132
2024-05-02 10:30:00-04:00,68.21,68.28,68.11,68.27,64096.0,68.186,256
2024-05-02 10:35:00-04:00,68.28,68.44,68.25,68.27,17806.0,68.326,157
2024-05-02 10:40:00-04:00,68.27,68.29,68.21,68.22,13335.0,68.248,120
2024-05-02 10:45:00-04:00,68.24,68.53,68.18,68.53,17676.0,68.339,136
2024-05-02 10:50:00-04:00,68.53,68.64,68.52,68.56,10998.0,68.57,83
2024-05-02 10:55:00-04:00,68.56,68.7,68.54,68.66,11359.0,68.614,89
2024-05-02 11:00:00-04:00,68.67,68.67,68.59,68.63,11767.0,68.627,92
2024-05-02 11:05:00-04:00,68.62,68.69,68.6,68.65,12559.0,68.646,98
2024-05-02 11:10:00-04:00,68.66,68.68,68.58,68.63,16024.0,68.653,125
2024-05-02 11:15:00-04:00,68.64,68.68,68.44,68.44,21620.0,68.606,128
2024-05-02 11:20:00-04:00,68.44,68.45,68.35,68.37,10147.0,68.403,93
2024-05-02 11:25:00-04:00,68.36,68.43,68.27,68.36,17295.0,68.343,137
2024-05-02 11:30:00-04:00,68.35,68.57,68.34,68.52,11127.0,68.493,88
2024-05-02 11:35:00-04:00,68.53,68.61,68.48,68.48,7806.0,68.548,74
2024-05-02 11:40:00-04:00,68.5,68.51,68.37,68.4,16996.0,68.419,125
2024-05-02 11:45:00-04:00,68.41,68.43,68.35,68.36,7575.0,68.381,64
2024-05-02 11:50:00-04:00,68.37,68.46,68.35,68.45,4641.0,68.417,42
2024-05-02 11:55:00-04:00,68.44,68.49,68.44,68.49,5511.0,68.468,50
2024-05-02 12:00:00-04:00,68.5,68.53,68.33,68.33,10360.0,68.439,89
2024-05-02 12:05:00-04:00,68.32,68.33,68.21,68.23,11784.0,68.287,88
2024-05-02 12:10:00-04:00,68.23,68.27,68.19,68.2,10998.0,68.241,98
2024-05-02 12:15:00-04:00,68.23,68.24,68.16,68.23,4633.0,68.19,41
2024-05-02 12:20:00-04:00,68.24,68.3,68.22,68.29,7693.0,68.251,74
2024-05-02 12:25:00-04:00,68.33,68.33,68.21,68.24,7132.0,68.289,66
2024-05-02 12:30:00-04:00,68.22,68.24,68.14,68.14,11596.0,68.183,84
2024-05-02 12:35:00-04:00,68.16,68.2,68.08,68.19,10233.0,68.135,81
2024-05-02 12:40:00-04:00,68.18,68.26,68.18,68.25,7511.0,68.22,66
2024-05-02 12:45:00-04:00,68.25,68.3,68.24,68.26,9065.0,68.266,66
2024-05-02 12:50:00-04:00,68.27,68.29,68.22,68.23,8847.0,68.264,76
2024-05-02 12:55:00-04:00,68.22,68.3,68.19,68.29,8829.0,68.269,69
2024-05-02 13:00:00-04:00,68.29,68.4,68.28,68.34,16808.0,68.318,144
2024-05-02 13:05:00-04:00,68.35,68.38,68.3,68.33,7176.0,68.334,64
2024-05-02 13:10:00-04:00,68.35,68.47,68.33,68.41,17385.0,68.421,146
2024-05-02 13:15:00-04:00,68.41,68.51,68.41,68.44,12252.0,68.475,109
2024-05-02 13:20:00-04:00,68.43,68.48,68.34,68.37,15762.0,68.411,140
2024-05-02 13:25:00-04:00,68.39,68.42,68.37,68.39,8995.0,68.394,78
2024-05-02 13:30:00-04:00,68.41,68.45,68.31,68.34,10863.0,68.404,99
2024-05-02 13:35:00-04:00,68.33,68.33,68.28,68.3,6966.0,68.305,61
2024-05-02 13:40:00-04:00,68.3,68.37,68.29,68.33,14915.0,68.341,114
2024-05-02 13:45:00-04:00,68.32,68.38,68.32,68.32,5118.0,68.354,48
2024-05-02 13:50:00-04:00,68.33,68.36,68.3,68.32,11112.0,68.329,90
2024-05-02 13:55:00-04:00,68.31,68.32,68.26,68.28,9801.0,68.29,80
2024-05-02 14:00:00-04:00,68.28,68.28,68.22,68.26,9646.0,68.251,80
2024-05-02 14:05:00-04:00,68.27,68.36,68.25,68.28,27374.0,68.286,201
2024-05-02 14:10:00-04:00,68.28,68.36,68.28,68.36,7809.0,68.315,70
2024-05-02 14:15:00-04:00,68.36,68.37,68.21,68.23,18636.0,68.295,135
2024-05-02 14:20:00-04:00,68.25,68.27,68.21,68.27,11642.0,68.24,107
2024-05-02 14:25:00-04:00,68.28,68.3,68.26,68.29,12722.0,68.289,104
2024-05-02 14:30:00-04:00,68.3,68.36,68.29,68.31,13861.0,68.323,124
2024-05-02 14:35:00-04:00,68.31,68.39,68.31,68.37,6177.0,68.357,55
2024-05-02 14:40:00-04:00,68.37,68.4,68.36,68.37,3990.0,68.382,32
2024-05-02 14:45:00-04:00,68.39,68.43,68.33,68.33,14932.0,68.384,127
2024-05-02 14:50:00-04:00,68.32,68.35,68.29,68.31,8818.0,68.312,78
2024-05-02 14:55:00-04:00,68.31,68.33,68.28,68.33,8182.0,68.305,71
2024-05-02 15:00:00-04:00,68.32,68.34,68.12,68.18,14032.0,68.218,113
2024-05-02 15:05:00-04:00,68.17,68.26,68.17,68.24,9251.0,68.225,81
2024-05-02 15:10:00-04:00,68.27,68.32,68.17,68.2,16143.0,68.242,144
2024-05-02 15:15:00-04:00,68.21,68.24,68.1,68.1,12790.0,68.172,110
2024-05-02 15:20:00-04:00,68.11,68.19,68.11,68.14,12060.0,68.149,102
2024-05-02 15:25:00-04:00,68.13,68.13,68.08,68.09,13492.0,68.102,111
2024-05-02 15:30:00-04:00,68.09,68.1,67.99,68.01,18657.0,68.043,150
2024-05-02 15:35:00-04:00,68.01,68.01,67.85,67.94,26757.0,67.916,221
2024-05-02 15:40:00-04:00,67.95,67.98,67.85,67.9,58349.0,67.916,419
2024-05-02 15:45:00-04:00,67.88,67.92,67.81,67.87,30120.0,67.859,239
2024-05-02 15:50:00-04:00,67.86,67.93,67.79,67.89,52638.0,67.874,402
2024-05-02 15:55:00-04:00,67.88,68.01,67.82,68.0,121052.0,67.904,758
2024-05-03 09:30:00-04:00,68.41,68.89,68.29,68.46,24333.0,68.453,108
2024-05-03 09:35:00-04:00,68.36,68.42,68.17,68.34,13514.0,68.308,95
2024-05-03 09:40:00-04:00,68.33,68.49,68.33,68.49,7202.0,68.452,61
2024-05-03 09:45:00-04:00,68.52,68.84,68.48,68.77,22818.0,68.627,110
2024-05-03 09:50:00-04:00,68.77,68.79,68.61,68.72,10696.0,68.694,81
2024-05-03 09:55:00-04:00,68.71,68.75,68.66,68.69,12005.0,68.708,92
2024-05-03 10:00:00-04:00,68.7,68.74,68.33,68.36,20774.0,68.513,177
2024-05-03 10:05:00-04:00,68.37,68.55,68.35,68.45,17657.0,68.436,140
2024-05-03 10:10:00-04:00,68.48,68.56,68.35,68.45,17960.0,68.425,127
2024-05-03 10:15:00-04:00,68.5,68.61,68.4,68.41,15147.0,68.508,125
2024-05-03 10:20:00-04:00,68.41,68.44,68.21,68.42,10033.0,68.297,82
2024-05-03 10:25:00-04:00,68.4,68.58,68.31,68.58,15698.0,68.395,135
2024-05-03 10:30:00-04:00,68.63,68.66,68.53,68.53,8853.0,68.601,75
2024-05-03 10:35:00-04:00,68.55,68.83,68.51,68.8,21227.0,68.672,173
2024-05-03 10:40:00-04:00,68.8,68.93,68.75,68.88,37956.0,68.846,128
2024-05-03 10:45:00-04:00,68.88,68.9,68.53,68.54,31274.0,68.718,185
2024-05-03 10:50:00-04:00,68.54,68.63,68.46,68.51,14807.0,68.53,125
2024-05-03 10:55:00-04:00,68.51,68.57,68.48,68.55,13963.0,68.539,118
2024-05-03 11:00:00-04:00,68.56,68.63,68.53,68.54,7494.0,68.579,64
2024-05-03 11:05:00-04:00,68.53,68.68,68.52,68.57,14047.0,68.585,109
2024-05-03 11:10:00-04:00,68.56,68.6,68.53,68.59,11872.0,68.572,96
2024-05-03 11:15:00-04:00,68.59,68.74,68.58,68.64,12377.0,68.683,79
2024-05-03 11:20:00-04:00,68.63,68.69,68.61,68.64,33277.0,68.629,164
2024-05-03 11:25:00-04:00,68.65,68.68,68.49,68.51,15405.0,68.571,119
2024-05-03 11:30:00-04:00,68.51,68.64,68.5,68.61,14430.0,68.605,123
2024-05-03 11:35:00-04:00,68.62,68.68,68.61,68.67,13038.0,68.642,109
2024-05-03 11:40:00-04:00,68.68,68.77,68.58,68.58,20659.0,68.717,180
2024-05-03 11:45:00-04:00,68.6,68.6,68.38,68.41,16646.0,68.456,120
2024-05-03 11:50:00-04:00,68.4,68.6,68.4,68.5,13809.0,68.527,116
2024-05-03 11:55:00-04:00,68.51,68.56,68.49,68.52,9646.0,68.529,84
2024-05-03 12:00:00-04:00,68.53,68.6,68.52,68.59,7884.0,68.565,67
2024-05-03 12:05:00-04:00,68.59,68.64,68.54,68.64,17767.0,68.583,135
2024-05-03 12:10:00-04:00,68.64,68.65,68.56,68.56,15831.0,68.599,128
2024-05-03 12:15:00-04:00,68.56,68.63,68.53,68.55,13734.0,68.566,109
2024-05-03 12:20:00-04:00,68.55,68.56,68.51,68.53,10415.0,68.54,91
2024-05-03 12:25:00-04:00,68.53,68.55,68.47,68.49,14752.0,68.526,123
2024-05-03 12:30:00-04:00,68.52,68.52,68.45,68.46,8694.0,68.487,77
2024-05-03 12:35:00-04:00,68.47,68.47,68.36,68.44,18294.0,68.415,120
2024-05-03 12:40:00-04:00,68.43,68.5,68.4,68.42,12513.0,68.448,102
2024-05-03 12:45:00-04:00,68.4,68.49,68.4,68.44,13234.0,68.466,97
2024-05-03 12:50:00-04:00,68.44,68.45,68.36,68.4,11364.0,68.407,97
2024-05-03 12:55:00-04:00,68.39,68.39,68.32,68.39,13356.0,68.359,87
2024-05-03 13:00:00-04:00,68.39,68.4,68.34,68.38,11709.0,68.373,101
2024-05-03 13:05:00-04:00,68.37,68.42,68.37,68.4,11596.0,68.385,86
2024-05-03 13:10:00-04:00,68.4,68.49,68.39,68.45,13564.0,68.43,92
2024-05-03 13:15:00-04:00,68.45,68.52,68.4,68.46,18302.0,68.452,134
2024-05-03 13:20:00-04:00,68.41,68.43,68.37,68.41,6387.0,68.396,57
2024-05-03 13:25:00-04:00,68.4,68.43,68.37,68.41,10454.0,68.397,86
2024-05-03 13:30:00-04:00,68.41,68.49,68.37,68.49,5956.0,68.402,51
2024-05-03 13:35:00-04:00,68.48,68.61,68.43,68.59,13749.0,68.488,105
2024-05-03 13:40:00-04:00,68.59,68.72,68.56,68.63,7986.0,68.649,61
2024-05-03 13:45:00-04:00,68.61,68.63,68.55,68.56,6439.0,68.591,55
2024-05-03 13:50:00-04:00,68.56,68.73,68.55,68.72,14034.0,68.639,46
2024-05-03 13:55:00-04:00,68.73,68.82,68.71,68.79,9766.0,68.773,82
2024-05-03 14:00:00-04:00,68.77,68.78,68.7,68.73,11889.0,68.731,89
2024-05-03 14:05:00-04:00,68.72,68.77,68.7,68.73,9052.0,68.734,74
2024-05-03 14:10:00-04:00,68.73,68.75,68.65,68.66,8273.0,68.701,68
2024-05-03 14:15:00-04:00,68.67,68.76,68.64,68.76,21150.0,68.676,146
2024-05-03 14:20:00-04:00,68.75,68.8,68.71,68.74,9426.0,68.752,80
2024-05-03 14:25:00-04:00,68.73,68.76,68.72,68.73,7236.0,68.74,65
2024-05-03 14:30:00-04:00,68.73,68.83,68.72,68.82,6786.0,68.778,62
2024-05-03 14:35:00-04:00,68.81,68.84,68.75,68.75,10144.0,68.809,94
2024-05-03 14:40:00-04:00,68.77,68.81,68.72,68.79,10681.0,68.764,93
2024-05-03 14:45:00-04:00,68.79,68.79,68.71,68.74,13035.0,68.746,106
2024-05-03 14:50:00-04:00,68.74,68.74,68.67,68.67,7974.0,68.706,70
2024-05-03 14:55:00-04:00,68.67,68.68,68.62,68.66,13563.0,68.646,116
2024-05-03 15:00:00-04:00,68.64,68.71,68.62,68.69,23959.0,68.672,137
2024-05-03 15:05:00-04:00,68.69,68.72,68.68,68.72,9949.0,68.701,83
2024-05-03 15:10:00-04:00,68.71,68.72,68.65,68.66,15653.0,68.685,131
2024-05-03 15:15:00-04:00,68.66,68.72,68.61,68.68,18188.0,68.677,149
2024-05-03 15:20:00-04:00,68.68,68.7,68.67,68.69,15856.0,68.687,136
2024-05-03 15:25:00-04:00,68.68,68.68,68.63,68.66,18516.0,68.651,152
2024-05-03 15:30:00-04:00,68.65,68.66,68.61,68.64,23348.0,68.635,176
2024-05-03 15:35:00-04:00,68.64,68.68,68.61,68.62,23860.0,68.641,191
2024-05-03 15:40:00-04:00,68.61,68.69,68.61,68.67,18239.0,68.646,155
2024-05-03 15:45:00-04:00,68.66,68.72,68.62,68.64,40822.0,68.673,351
2024-05-03 15:50:00-04:00,68.63,68.73,68.62,68.69,50342.0,68.684,408
2024-05-03 15:55:00-04:00,68.69,68.69,68.55,68.61,168543.0,68.62,990
2024-05-06 09:30:00-04:00,68.86,68.93,68.67,68.86,25429.0,68.862,52
2024-05-06 09:35:00-04:00,68.89,69.28,68.78,69.15,32071.0,68.991,221
2024-05-06 09:40:00-04:00,69.15,69.55,69.15,69.48,11926.0,69.394,92
2024-05-06 09:45:00-04:00,69.54,69.59,69.32,69.32,4570.0,69.501,34
2024-05-06 09:50:00-04:00,69.33,69.36,69.2,69.28,13729.0,69.291,93
2024-05-06 09:55:00-04:00,69.28,69.29,69.16,69.19,9974.0,69.223,81
2024-05-06 10:00:00-04:00,69.19,69.34,69.18,69.28,12464.0,69.271,83
2024-05-06 10:05:00-04:00,69.3,69.37,69.21,69.37,15734.0,69.284,102
2024-05-06 10:10:00-04:00,69.39,69.42,69.33,69.38,10341.0,69.376,68
2024-05-06 10:15:00-04:00,69.37,69.45,69.32,69.35,10797.0,69.387,83
2024-05-06 10:20:00-04:00,69.34,69.43,69.33,69.36,13382.0,69.363,95
2024-05-06 10:25:00-04:00,69.36,69.41,69.34,69.41,7550.0,69.378,57
2024-05-06 10:30:00-04:00,69.43,69.47,69.24,69.25,16517.0,69.358,112
2024-05-06 10:35:00-04:00,69.25,69.27,69.19,69.19,11730.0,69.247,88
2024-05-06 10:40:00-04:00,69.21,69.21,68.99,69.03,17765.0,69.136,91
2024-05-06 10:45:00-04:00,69.05,69.13,69.05,69.13,6678.0,69.096,61
2024-05-06 10:50:00-04:00,69.13,69.13,68.97,69.0,19438.0,69.015,138
2024-05-06 10:55:00-04:00,68.99,69.07,68.94,68.95,9878.0,68.987,83
2024-05-06 11:00:00-04:00,68.93,68.94,68.88,68.93,6007.0,68.915,50
2024-05-06 11:05:00-04:00,68.92,68.98,68.89,68.95,10289.0,68.931,72
2024-05-06 11:10:00-04:00,68.95,69.0,68.84,68.85,13940.0,68.912,107
2024-05-06 11:15:00-04:00,68.86,68.99,68.85,68.95,6402.0,68.923,51
2024-05-06 11:20:00-04:00,68.95,68.95,68.9,68.91,6997.0,68.919,53
2024-05-06 11:25:00-04:00,68.9,69.0,68.89,68.99,9818.0,68.944,77
2024-05-06 11:30:00-04:00,68.97,69.05,68.92,68.92,10368.0,68.996,81
2024-05-06 11:35:00-04:00,68.92,68.94,68.85,68.9,13002.0,68.901,93
2024-05-06 11:40:00-04:00,68.9,68.98,68.88,68.93,9554.0,68.94,53
2024-05-06 11:45:00-04:00,68.92,68.96,68.89,68.94,6905.0,68.928,52
2024-05-06 11:50:00-04:00,68.94,68.95,68.88,68.92,11877.0,68.904,92
2024-05-06 11:55:00-04:00,68.94,68.96,68.89,68.9,6159.0,68.931,49
2024-05-06 12:00:00-04:00,68.86,68.9,68.84,68.87,3091.0,68.875,27
2024-05-06 12:05:00-04:00,68.87,68.92,68.85,68.86,12764.0,68.879,103
2024-05-06 12:10:00-04:00,68.85,68.85,68.77,68.81,9436.0,68.802,47
2024-05-06 12:15:00-04:00,68.81,68.81,68.74,68.74,6346.0,68.797,50
2024-05-06 12:20:00-04:00,68.74,68.82,68.73,68.79,12880.0,68.757,89
2024-05-06 12:25:00-04:00,68.79,68.86,68.79,68.86,4115.0,68.813,35
2024-05-06 12:30:00-04:00,68.86,68.87,68.82,68.84,8729.0,68.847,71
2024-05-06 12:35:00-04:00,68.84,68.89,68.8,68.82,8087.0,68.846,62
2024-05-06 12:40:00-04:00,68.83,68.83,68.74,68.75,7803.0,68.784,58
2024-05-06 12:45:00-04:00,68.75,68.84,68.72,68.81,14218.0,68.773,111
2024-05-06 12:50:00-04:00,68.82,68.83,68.79,68.81,14880.0,68.809,115
2024-05-06 12:55:00-04:00,68.82,68.84,68.82,68.83,3648.0,68.83,34
2024-05-06 13:00:00-04:00,68.83,68.87,68.82,68.84,8640.0,68.842,70
2024-05-06 13:05:00-04:00,68.85,68.86,68.78,68.8,8373.0,68.822,61
2024-05-06 13:10:00-04:00,68.81,68.84,68.79,68.8,5379.0,68.815,42
2024-05-06 13:15:00-04:00,68.8,68.83,68.73,68.76,18608.0,68.782,101
2024-05-06 13:20:00-04:00,68.74,68.77,68.73,68.75,10195.0,68.754,69
2024-05-06 13:25:00-04:00,68.77,68.77,68.72,68.75,9088.0,68.743,65
2024-05-06 13:30:00-04:00,68.76,68.79,68.75,68.77,9561.0,68.773,62
2024-05-06 13:35:00-04:00,68.77,68.85,68.76,68.85,14832.0,68.793,86
2024-05-06 13:40:00-04:00,68.84,68.85,68.75,68.76,6575.0,68.791,48
2024-05-06 13:45:00-04:00,68.76,68.76,68.72,68.74,11742.0,68.743,86
2024-05-06 13:50:00-04:00,68.74,68.77,68.74,68.75,7730.0,68.754,52
2024-05-06 13:55:00-04:00,68.8,68.8,68.76,68.78,7307.0,68.78,64
2024-05-06 14:00:00-04:00,68.77,68.85,68.77,68.79,15324.0,68.812,86
2024-05-06 14:05:00-04:00,68.79,68.91,68.78,68.85,12430.0,68.837,87
2024-05-06 14:10:00-04:00,68.85,68.95,68.84,68.89,10798.0,68.896,87
2024-05-06 14:15:00-04:00,68.89,68.92,68.87,68.87,11598.0,68.902,71
2024-05-06 14:20:00-04:00,68.87,68.88,68.81,68.86,8218.0,68.857,52
2024-05-06 14:25:00-04:00,68.87,68.89,68.82,68.83,11326.0,68.853,85
2024-05-06 14:30:00-04:00,68.83,68.83,68.79,68.79,14530.0,68.818,104
2024-05-06 14:35:00-04:00,68.79,68.8,68.75,68.76,7680.0,68.782,64
2024-05-06 14:40:00-04:00,68.75,68.77,68.72,68.75,8398.0,68.749,71
2024-05-06 14:45:00-04:00,68.75,68.78,68.73,68.76,8658.0,68.755,67
2024-05-06 14:50:00-04:00,68.76,68.78,68.7,68.72,12487.0,68.745,94
2024-05-06 14:55:00-04:00,68.73,68.73,68.64,68.67,13218.0,68.679,97
2024-05-06 15:00:00-04:00,68.67,68.75,68.63,68.73,26954.0,68.694,105
2024-05-06 15:05:00-04:00,68.74,68.75,68.68,68.72,7924.0,68.725,57
2024-05-06 15:10:00-04:00,68.72,68.72,68.62,68.66,16110.0,68.66,113
2024-05-06 15:15:00-04:00,68.66,68.76,68.65,68.68,15861.0,68.702,92
2024-05-06 15:20:00-04:00,68.69,68.69,68.65,68.66,12614.0,68.67,99
2024-05-06 15:25:00-04:00,68.66,68.67,68.55,68.56,16475.0,68.631,123
2024-05-06 15:30:00-04:00,68.56,68.7,68.54,68.63,20020.0,68.633,145
2024-05-06 15:35:00-04:00,68.63,68.76,68.61,68.73,30283.0,68.675,215
2024-05-06 15:40:00-04:00,68.74,68.76,68.68,68.75,29812.0,68.722,182
2024-05-06 15:45:00-04:00,68.75,68.8,68.68,68.8,37178.0,68.744,255
2024-05-06 15:50:00-04:00,68.81,68.84,68.69,68.84,50624.0,68.75,378
2024-05-06 15:55:00-04:00,68.84,68.94,68.81,68.89,170224.0,68.882,969
2024-05-07 09:30:00-04:00,69.0,69.15,68.66,68.87,23731.0,68.993,69
2024-05-07 09:35:00-04:00,68.9,69.13,68.83,68.99,14715.0,68.977,112
2024-05-07 09:40:00-04:00,69.03,69.13,69.0,69.07,10169.0,69.077,89
2024-05-07 09:45:00-04:00,69.07,69.17,69.0,69.0,14569.0,69.094,116
2024-05-07 09:50:00-04:00,69.14,69.3,69.13,69.15,8010.0,69.203,75
2024-05-07 09:55:00-04:00,69.19,69.26,69.1,69.1,8680.0,69.177,76
2024-05-07 10:00:00-04:00,69.12,69.41,69.1,69.41,13093.0,69.258,102
2024-05-07 10:05:00-04:00,69.43,69.66,69.4,69.56,28377.0,69.562,207
2024-05-07 10:10:00-04:00,69.58,69.61,69.48,69.58,16148.0,69.538,130
2024-05-07 10:15:00-04:00,69.58,69.61,69.48,69.55,19142.0,69.561,154
2024-05-07 10:20:00-04:00,69.56,69.58,69.45,69.48,8612.0,69.513,77
2024-05-07 10:25:00-04:00,69.53,69.6,69.36,69.37,7696.0,69.512,71
2024-05-07 10:30:00-04:00,69.38,69.52,69.37,69.46,6921.0,69.469,58
2024-05-07 10:35:00-04:00,69.45,69.51,69.35,69.4,15082.0,69.41,127
2024-05-07 10:40:00-04:00,69.4,69.42,69.36,69.38,12834.0,69.399,105
2024-05-07 10:45:00-04:00,69.38,69.49,69.31,69.46,16530.0,69.39,102
2024-05-07 10:50:00-04:00,69.53,69.58,69.45,69.45,6661.0,69.52,61
2024-05-07 10:55:00-04:00,69.46,69.48,69.4,69.41,8906.0,69.439,59
2024-05-07 11:00:00-04:00,69.41,69.42,69.34,69.34,8020.0,69.386,71
2024-05-07 11:05:00-04:00,69.34,69.35,69.29,69.34,7114.0,69.314,65
2024-05-07 11:10:00-04:00,69.35,69.36,69.29,69.3,8457.0,69.324,60
2024-05-07 11:15:00-04:00,69.29,69.31,69.14,69.17,10266.0,69.231,90
2024-05-07 11:20:00-04:00,69.17,69.18,69.07,69.09,9095.0,69.14,60
2024-05-07 11:25:00-04:00,69.09,69.18,69.06,69.17,6999.0,69.11,48
2024-05-07 11:30:00-04:00,69.15,69.18,69.09,69.14,9766.0,69.138,79
2024-05-07 11:35:00-04:00,69.16,69.28,69.15,69.28,5167.0,69.19,48
2024-05-07 11:40:00-04:00,69.27,69.27,69.17,69.18,10434.0,69.222,71
2024-05-07 11:45:00-04:00,69.17,69.23,69.16,69.2,7546.0,69.193,66
2024-05-07 11:50:00-04:00,69.2,69.26,69.19,69.24,4973.0,69.226,41
2024-05-07 11:55:00-04:00,69.23,69.24,69.19,69.19,8657.0,69.218,51
2024-05-07 12:00:00-04:00,69.19,69.22,69.17,69.22,8033.0,69.204,30
2024-05-07 12:05:00-04:00,69.25,69.31,69.22,69.24,9557.0,69.263,76
2024-05-07 12:10:00-04:00,69.25,69.3,69.23,69.27,7600.0,69.25,69
2024-05-07 12:15:00-04:00,69.26,69.29,69.25,69.29,4319.0,69.271,38
2024-05-07 12:20:00-04:00,69.28,69.29,69.26,69.29,4232.0,69.28,31
2024-05-07 12:25:00-04:00,69.3,69.31,69.26,69.26,5243.0,69.286,46
2024-05-07 12:30:00-04:00,69.27,69.29,69.2,69.22,9813.0,69.248,83
2024-05-07 12:35:00-04:00,69.23,69.24,69.19,69.24,4777.0,69.215,43
2024-05-07 12:40:00-04:00,69.26,69.28,69.1,69.1,5802.0,69.213,52
2024-05-07 12:45:00-04:00,69.1,69.21,69.1,69.21,9960.0,69.137,76
2024-05-07 12:50:00-04:00,69.2,69.21,69.17,69.17,4376.0,69.189,37
2024-05-07 12:55:00-04:00,69.15,69.2,69.13,69.19,4960.0,69.175,45
2024-05-07 13:00:00-04:00,69.21,69.25,69.19,69.19,6474.0,69.227,51
2024-05-07 13:05:00-04:00,69.18,69.21,69.16,69.16,6326.0,69.179,47
2024-05-07 13:10:00-04:00,69.19,69.25,69.16,69.2,7989.0,69.206,64
2024-05-07 13:15:00-04:00,69.22,69.26,69.21,69.21,3561.0,69.236,30
2024-05-07 13:20:00-04:00,69.21,69.27,69.21,69.27,6367.0,69.24,53
2024-05-07 13:25:00-04:00,69.26,69.29,69.26,69.27,6599.0,69.279,61
2024-05-07 13:30:00-04:00,69.28,69.29,69.26,69.28,6190.0,69.28,50
2024-05-07 13:35:00-04:00,69.29,69.31,69.23,69.26,10608.0,69.272,83
2024-05-07 13:40:00-04:00,69.26,69.28,69.24,69.26,9534.0,69.265,63
2024-05-07 13:45:00-04:00,69.26,69.27,69.17,69.18,9709.0,69.231,76
2024-05-07 13:50:00-04:00,69.17,69.22,69.15,69.2,7109.0,69.193,61
2024-05-07 13:55:00-04:00,69.19,69.22,69.18,69.18,6184.0,69.201,56
2024-05-07 14:00:00-04:00,69.2,69.24,69.2,69.22,9364.0,69.221,41
2024-05-07 14:05:00-04:00,69.21,69.24,69.16,69.16,6744.0,69.213,61
2024-05-07 14:10:00-04:00,69.17,69.17,69.09,69.14,6170.0,69.14,54
2024-05-07 14:15:00-04:00,69.13,69.16,69.02,69.07,10981.0,69.089,90
2024-05-07 14:20:00-04:00,69.06,69.16,69.06,69.14,5968.0,69.116,51
2024-05-07 14:25:00-04:00,69.13,69.13,69.07,69.07,5571.0,69.1,45
2024-05-07 14:30:00-04:00,69.07,69.12,69.02,69.12,10209.0,69.052,85
2024-05-07 14:35:00-04:00,69.11,69.15,69.09,69.11,11345.0,69.116,91
2024-05-07 14:40:00-04:00,69.12,69.16,69.06,69.15,8007.0,69.11,73
2024-05-07 14:45:00-04:00,69.16,69.18,69.07,69.07,10828.0,69.126,82
2024-05-07 14:50:00-04:00,69.09,69.14,69.05,69.12,10536.0,69.094,67
2024-05-07 14:55:00-04:00,69.12,69.18,69.1,69.17,9631.0,69.145,73
2024-05-07 15:00:00-04:00,69.18,69.2,69.14,69.14,10955.0,69.188,80
2024-05-07 15:05:00-04:00,69.15,69.24,69.14,69.22,5478.0,69.206,47
2024-05-07 15:10:00-04:00,69.2,69.2,69.1,69.13,8917.0,69.132,64
2024-05-07 15:15:00-04:00,69.14,69.18,69.04,69.1,10176.0,69.115,83
2024-05-07 15:20:00-04:00,69.12,69.17,69.09,69.09,9724.0,69.131,84
2024-05-07 15:25:00-04:00,69.09,69.18,69.07,69.17,10742.0,69.121,83
2024-05-07 15:30:00-04:00,69.17,69.18,69.09,69.13,15231.0,69.15,114
2024-05-07 15:35:00-04:00,69.13,69.17,69.12,69.16,12736.0,69.14,99
2024-05-07 15:40:00-04:00,69.16,69.18,69.12,69.17,27104.0,69.143,169
2024-05-07 15:45:00-04:00,69.18,69.19,69.07,69.1,29127.0,69.154,188
2024-05-07 15:50:00-04:00,69.11,69.19,69.1,69.19,41312.0,69.138,295
2024-05-07 15:55:00-04:00,69.18,69.24,69.12,69.21,121719.0,69.189,743
2024-05-08 09:30:00-04:00,68.94,69.37,68.74,69.3,25028.0,68.976,63
2024-05-08 09:35:00-04:00,69.31,69.33,68.96,69.05,10784.0,69.13,88
2024-05-08 09:40:00-04:00,69.09,69.19,68.9,69.14,21403.0,69.057,161
2024-05-08 09:45:00-04:00,69.14,69.25,69.01,69.13,12758.0,69.17,90
2024-05-08 09:50:00-04:00,69.14,69.17,69.06,69.09,7648.0,69.104,71
2024-05-08 09:55:00-04:00,69.05,69.06,68.95,69.02,9999.0,69.019,73
2024-05-08 10:00:00-04:00,69.02,69.2,68.97,69.17,52914.0,69.096,246
2024-05-08 10:05:00-04:00,69.17,69.54,69.16,69.5,19822.0,69.298,145
2024-05-08 10:10:00-04:00,69.48,69.49,69.18,69.21,8799.0,69.277,64
2024-05-08 10:15:00-04:00,69.26,69.27,69.18,69.24,7864.0,69.235,69
2024-05-08 10:20:00-04:00,69.26,69.38,69.21,69.21,11991.0,69.306,95
2024-05-08 10:25:00-04:00,69.2,69.24,69.11,69.2,8425.0,69.178,74
2024-05-08 10:30:00-04:00,69.2,69.33,69.2,69.29,22788.0,69.283,88
2024-05-08 10:35:00-04:00,69.26,69.29,69.17,69.17,11202.0,69.247,90
2024-05-08 10:40:00-04:00,69.17,69.2,69.15,69.15,5600.0,69.181,44
2024-05-08 10:45:00-04:00,69.16,69.51,69.15,69.44,18518.0,69.365,115
2024-05-08 10:50:00-04:00,69.44,69.44,69.36,69.42,8569.0,69.395,68
2024-05-08 10:55:00-04:00,69.48,69.53,69.42,69.47,25395.0,69.482,157
2024-05-08 11:00:00-04:00,69.47,69.52,69.41,69.41,16800.0,69.484,100
2024-05-08 11:05:00-04:00,69.41,69.46,69.37,69.37,10331.0,69.425,64
2024-05-08 11:10:00-04:00,69.39,69.39,69.28,69.28,15675.0,69.325,110
2024-05-08 11:15:00-04:00,69.27,69.48,69.25,69.4,28387.0,69.374,141
2024-05-08 11:20:00-04:00,69.38,69.45,69.37,69.44,16306.0,69.407,99
2024-05-08 11:25:00-04:00,69.44,69.56,69.42,69.56,14188.0,69.513,82
2024-05-08 11:30:00-04:00,69.59,69.64,69.55,69.59,10081.0,69.596,70
2024-05-08 11:35:00-04:00,69.59,69.64,69.52,69.64,9628.0,69.553,52
2024-05-08 11:40:00-04:00,69.64,69.66,69.58,69.63,8229.0,69.613,61
2024-05-08 11:45:00-04:00,69.62,69.71,69.6,69.71,11222.0,69.626,70
2024-05-08 11:50:00-04:00,69.73,69.73,69.59,69.61,15038.0,69.656,102
2024-05-08 11:55:00-04:00,69.61,69.63,69.57,69.58,6833.0,69.596,54
2024-05-08 12:00:00-04:00,69.58,69.63,69.57,69.59,11802.0,69.603,86
2024-05-08 12:05:00-04:00,69.6,69.74,69.58,69.72,10682.0,69.668,82
2024-05-08 12:10:00-04:00,69.73,69.78,69.71,69.78,7543.0,69.732,56
2024-05-08 12:15:00-04:00,69.78,69.84,69.76,69.84,8182.0,69.8,69
2024-05-08 12:20:00-04:00,69.83,69.84,69.79,69.79,10606.0,69.807,81
2024-05-08 12:25:00-04:00,69.81,69.9,69.8,69.86,7239.0,69.854,56
2024-05-08 12:30:00-04:00,69.88,69.88,69.78,69.8,9273.0,69.832,72
2024-05-08 12:35:00-04:00,69.79,69.79,69.74,69.79,9778.0,69.763,78
2024-05-08 12:40:00-04:00,69.8,69.8,69.71,69.77,7942.0,69.754,62
2024-05-08 12:45:00-04:00,69.77,69.81,69.77,69.79,6208.0,69.8,44
2024-05-08 12:50:00-04:00,69.79,69.8,69.75,69.8,11241.0,69.777,79
2024-05-08 12:55:00-04:00,69.8,69.82,69.62,69.67,11917.0,69.708,97
2024-05-08 13:00:00-04:00,69.67,69.8,69.67,69.8,9026.0,69.736,72
2024-05-08 13:05:00-04:00,69.8,69.89,69.8,69.87,6092.0,69.842,45
2024-05-08 13:10:00-04:00,69.86,69.87,69.8,69.82,7491.0,69.829,62
2024-05-08 13:15:00-04:00,69.82,69.88,69.81,69.85,9733.0,69.85,64
2024-05-08 13:20:00-04:00,69.85,69.88,69.81,69.85,12029.0,69.858,95
2024-05-08 13:25:00-04:00,69.86,69.88,69.83,69.85,7136.0,69.856,54
2024-05-08 13:30:00-04:00,69.86,69.87,69.77,69.78,11122.0,69.835,92
2024-05-08 13:35:00-04:00,69.78,69.85,69.78,69.85,9030.0,69.82,65
2024-05-08 13:40:00-04:00,69.84,69.84,69.78,69.81,11403.0,69.816,87
2024-05-08 13:45:00-04:00,69.8,69.9,69.8,69.88,8802.0,69.847,68
2024-05-08 13:50:00-04:00,69.88,69.92,69.87,69.91,8688.0,69.888,68
2024-05-08 13:55:00-04:00,69.9,69.92,69.87,69.9,12348.0,69.893,99
2024-05-08 14:00:00-04:00,69.9,69.93,69.87,69.91,12582.0,69.904,94
2024-05-08 14:05:00-04:00,69.9,69.94,69.87,69.88,11624.0,69.897,98
2024-05-08 14:10:00-04:00,69.92,69.95,69.89,69.91,12113.0,69.926,81
2024-05-08 14:15:00-04:00,69.91,69.95,69.88,69.93,11658.0,69.919,80
2024-05-08 14:20:00-04:00,69.92,69.98,69.92,69.96,17084.0,69.951,106
2024-05-08 14:25:00-04:00,69.95,70.01,69.94,69.98,13773.0,69.978,95
2024-05-08 14:30:00-04:00,69.99,70.04,69.98,69.98,12575.0,70.001,92
2024-05-08 14:35:00-04:00,69.99,69.99,69.95,69.99,10273.0,69.973,79
2024-05-08 14:40:00-04:00,69.99,70.0,69.91,69.92,11121.0,69.963,92
2024-05-08 14:45:00-04:00,69.92,69.93,69.85,69.93,12817.0,69.897,93
2024-05-08 14:50:00-04:00,69.95,69.99,69.93,69.94,11616.0,69.967,88
2024-05-08 14:55:00-04:00,69.93,69.95,69.92,69.93,11038.0,69.938,76
2024-05-08 15:00:00-04:00,69.92,69.95,69.87,69.92,15278.0,69.91,114
2024-05-08 15:05:00-04:00,69.92,69.93,69.87,69.91,9978.0,69.896,73
2024-05-08 15:10:00-04:00,69.9,69.9,69.84,69.86,9565.0,69.862,80
2024-05-08 15:15:00-04:00,69.87,69.89,69.81,69.89,18948.0,69.837,116
2024-05-08 15:20:00-04:00,69.9,69.92,69.87,69.89,12276.0,69.89,78
2024-05-08 15:25:00-04:00,69.89,69.94,69.88,69.9,17139.0,69.913,112
2024-05-08 15:30:00-04:00,69.91,69.99,69.91,69.98,11733.0,69.946,79
2024-05-08 15:35:00-04:00,69.98,70.0,69.9,69.9,22594.0,69.976,131
2024-05-08 15:40:00-04:00,69.91,70.02,69.89,70.01,25256.0,69.951,153
2024-05-08 15:45:00-04:00,70.01,70.08,69.96,69.99,36315.0,70.03,237
2024-05-08 15:50:00-04:00,70.0,70.11,69.99,70.06,54590.0,70.063,382
2024-05-08 15:55:00-04:00,70.06,70.07,69.85,69.89,132628.0,69.948,723
2024-05-09 09:30:00-04:00,70.17,70.3,70.03,70.15,22879.0,70.182,96
2024-05-09 09:35:00-04:00,70.15,70.2,69.94,69.98,8000.0,70.08,53
2024-05-09 09:40:00-04:00,69.98,70.21,69.95,70.15,11491.0,70.113,63
2024-05-09 09:45:00-04:00,70.19,70.39,70.19,70.29,11454.0,70.302,84
2024-05-09 09:50:00-04:00,70.28,70.35,70.11,70.19,21440.0,70.256,131
2024-05-09 09:55:00-04:00,70.23,70.28,70.19,70.26,11886.0,70.24,80
2024-05-09 10:00:00-04:00,70.25,70.3,70.2,70.2,23564.0,70.243,142
2024-05-09 10:05:00-04:00,70.18,70.31,70.16,70.31,11712.0,70.241,77
2024-05-09 10:10:00-04:00,70.31,70.37,70.29,70.3,13969.0,70.321,95
2024-05-09 10:15:00-04:00,70.28,70.38,70.26,70.31,9697.0,70.323,77
2024-05-09 10:20:00-04:00,70.32,70.43,70.31,70.42,8927.0,70.364,73
2024-05-09 10:25:00-04:00,70.41,70.46,70.4,70.42,11371.0,70.436,78
2024-05-09 10:30:00-04:00,70.42,70.42,70.29,70.32,15537.0,70.354,115
2024-05-09 10:35:00-04:00,70.31,70.31,70.22,70.22,19270.0,70.28,138
2024-05-09 10:40:00-04:00,70.22,70.23,69.97,70.02,12648.0,70.102,88
2024-05-09 10:45:00-04:00,70.04,70.09,70.0,70.08,11691.0,70.043,87
2024-05-09 10:50:00-04:00,70.11,70.19,70.07,70.16,15535.0,70.122,118
2024-05-09 10:55:00-04:00,70.19,70.19,70.07,70.07,11700.0,70.112,88
2024-05-09 11:00:00-04:00,70.06,70.06,69.95,70.0,16037.0,70.012,108
2024-05-09 11:05:00-04:00,69.98,69.99,69.78,69.79,14287.0,69.863,114
2024-05-09 11:10:00-04:00,69.78,69.85,69.77,69.8,11650.0,69.803,85
2024-05-09 11:15:00-04:00,69.8,69.8,69.73,69.78,12870.0,69.759,103
2024-05-09 11:20:00-04:00,69.77,69.78,69.65,69.74,14044.0,69.707,108
2024-05-09 11:25:00-04:00,69.75,69.79,69.75,69.78,10575.0,69.772,82
2024-05-09 11:30:00-04:00,69.79,69.84,69.74,69.76,23529.0,69.78,134
2024-05-09 11:35:00-04:00,69.75,69.75,69.63,69.63,12158.0,69.693,96
2024-05-09 11:40:00-04:00,69.66,69.7,69.61,69.62,7383.0,69.657,63
2024-05-09 11:45:00-04:00,69.61,69.65,69.58,69.58,16140.0,69.621,115
2024-05-09 11:50:00-04:00,69.57,69.65,69.53,69.65,13395.0,69.564,106
2024-05-09 11:55:00-04:00,69.66,69.78,69.64,69.76,21222.0,69.707,172
2024-05-09 12:00:00-04:00,69.77,69.83,69.74,69.78,16776.0,69.797,132
2024-05-09 12:05:00-04:00,69.78,69.8,69.72,69.73,16538.0,69.753,134
2024-05-09 12:10:00-04:00,69.74,69.75,69.64,69.64,17900.0,69.707,128
2024-05-09 12:15:00-04:00,69.64,69.68,69.62,69.63,6618.0,69.656,53
2024-05-09 12:20:00-04:00,69.64,69.65,69.58,69.58,6573.0,69.625,58
2024-05-09 12:25:00-04:00,69.6,69.71,69.58,69.66,9882.0,69.632,81
2024-05-09 12:30:00-04:00,69.66,69.7,69.61,69.66,13162.0,69.654,100
2024-05-09 12:35:00-04:00,69.66,69.68,69.6,69.65,7933.0,69.636,62
2024-05-09 12:40:00-04:00,69.65,69.67,69.58,69.59,44682.0,69.626,158
2024-05-09 12:45:00-04:00,69.58,69.58,69.43,69.44,14734.0,69.493,115
2024-05-09 12:50:00-04:00,69.44,69.51,69.42,69.48,12138.0,69.458,95
2024-05-09 12:55:00-04:00,69.47,69.49,69.43,69.45,14083.0,69.459,113
2024-05-09 13:00:00-04:00,69.45,69.51,69.42,69.49,11451.0,69.462,100
2024-05-09 13:05:00-04:00,69.48,69.51,69.46,69.47,6642.0,69.489,59
2024-05-09 13:10:00-04:00,69.48,69.56,69.47,69.55,7028.0,69.526,62
2024-05-09 13:15:00-04:00,69.54,69.54,69.5,69.51,10949.0,69.518,87
2024-05-09 13:20:00-04:00,69.5,69.54,69.47,69.47,11016.0,69.493,87
2024-05-09 13:25:00-04:00,69.46,69.48,69.44,69.45,8721.0,69.463,72
2024-05-09 13:30:00-04:00,69.45,69.48,69.42,69.46,11724.0,69.456,88
2024-05-09 13:35:00-04:00,69.45,69.48,69.41,69.48,9300.0,69.446,78
2024-05-09 13:40:00-04:00,69.47,69.47,69.44,69.47,11658.0,69.458,95
2024-05-09 13:45:00-04:00,69.47,69.48,69.41,69.41,8245.0,69.452,67
2024-05-09 13:50:00-04:00,69.42,69.45,69.39,69.44,18445.0,69.428,130
2024-05-09 13:55:00-04:00,69.44,69.45,69.41,69.42,11502.0,69.432,100
2024-05-09 14:00:00-04:00,69.42,69.48,69.41,69.47,11697.0,69.447,87
2024-05-09 14:05:00-04:00,69.47,69.52,69.46,69.5,14324.0,69.486,118
2024-05-09 14:10:00-04:00,69.51,69.54,69.5,69.52,6618.0,69.52,59
2024-05-09 14:15:00-04:00,69.51,69.51,69.42,69.47,13910.0,69.468,114
2024-05-09 14:20:00-04:00,69.48,69.51,69.47,69.5,10854.0,69.478,94
2024-05-09 14:25:00-04:00,69.51,69.52,69.45,69.49,13156.0,69.489,113
2024-05-09 14:30:00-04:00,69.48,69.51,69.47,69.5,14327.0,69.488,115
2024-05-09 14:35:00-04:00,69.5,69.63,69.48,69.6,17277.0,69.576,149
2024-05-09 14:40:00-04:00,69.59,69.61,69.57,69.61,14890.0,69.586,122
2024-05-09 14:45:00-04:00,69.61,69.66,69.57,69.57,16246.0,69.609,136
2024-05-09 14:50:00-04:00,69.58,69.58,69.52,69.52,8710.0,69.553,76
2024-05-09 14:55:00-04:00,69.53,69.57,69.52,69.55,15137.0,69.54,115
2024-05-09 15:00:00-04:00,69.56,69.56,69.49,69.52,12218.0,69.523,102
2024-05-09 15:05:00-04:00,69.52,69.59,69.52,69.59,12298.0,69.561,107
2024-05-09 15:10:00-04:00,69.59,69.65,69.58,69.65,13672.0,69.614,116
2024-05-09 15:15:00-04:00,69.64,69.64,69.59,69.59,36850.0,69.611,251
2024-05-09 15:20:00-04:00,69.59,69.65,69.55,69.58,21993.0,69.596,164
2024-05-09 15:25:00-04:00,69.58,69.61,69.56,69.6,15467.0,69.588,103
2024-05-09 15:30:00-04:00,69.6,69.62,69.59,69.62,17142.0,69.607,121
2024-05-09 15:35:00-04:00,69.63,69.67,69.62,69.64,16700.0,69.636,116
2024-05-09 15:40:00-04:00,69.64,69.65,69.59,69.64,18816.0,69.622,119
2024-05-09 15:45:00-04:00,69.64,69.66,69.61,69.66,32610.0,69.638,219
2024-05-09 15:50:00-04:00,69.68,69.76,69.64,69.71,45588.0,69.704,355
2024-05-09 15:55:00-04:00,69.72,69.73,69.6,69.63,159299.0,69.667,783
2024-05-10 09:30:00-04:00,69.78,69.81,69.04,69.58,22556.0,69.749,46
2024-05-10 09:35:00-04:00,69.59,69.66,69.41,69.61,7262.0,69.523,52
2024-05-10 09:40:00-04:00,69.61,69.63,69.4,69.48,11937.0,69.511,90
2024-05-10 09:45:00-04:00,69.46,69.58,69.34,69.51,8382.0,69.478,65
2024-05-10 09:50:00-04:00,69.5,69.74,69.5,69.66,9760.0,69.661,70
2024-05-10 09:55:00-04:00,69.66,69.72,69.53,69.58,8921.0,69.636,70
2024-05-10 10:00:00-04:00,69.57,69.58,69.25,69.42,9434.0,69.348,76
2024-05-10 10:05:00-04:00,69.45,69.49,69.39,69.41,8801.0,69.438,65
2024-05-10 10:10:00-04:00,69.44,69.44,69.28,69.28,6922.0,69.353,57
2024-05-10 10:15:00-04:00,69.26,69.37,69.25,69.31,13869.0,69.303,67
2024-05-10 10:20:00-04:00,69.32,69.47,69.28,69.47,10617.0,69.358,86
2024-05-10 10:25:00-04:00,69.47,69.49,69.36,69.36,12157.0,69.431,88
2024-05-10 10:30:00-04:00,69.37,69.47,69.35,69.46,6802.0,69.432,50
2024-05-10 10:35:00-04:00,69.46,69.46,69.29,69.29,11170.0,69.369,88
2024-05-10 10:40:00-04:00,69.26,69.28,69.15,69.2,34366.0,69.196,251
2024-05-10 10:45:00-04:00,69.22,69.23,69.04,69.04,37844.0,69.169,247
2024-05-10 10:50:00-04:00,69.04,69.2,68.98,69.06,27498.0,69.058,163
2024-05-10 10:55:00-04:00,69.04,69.17,69.03,69.15,12180.0,69.114,97
2024-05-10 11:00:00-04:00,69.14,69.15,68.96,68.96,13407.0,69.082,120
2024-05-10 11:05:00-04:00,68.98,69.06,68.96,69.03,9299.0,69.028,81
2024-05-10 11:10:00-04:00,69.03,69.15,69.02,69.13,18012.0,69.101,122
2024-05-10 11:15:00-04:00,69.15,69.15,69.1,69.14,11521.0,69.127,68
2024-05-10 11:20:00-04:00,69.12,69.17,69.07,69.15,11485.0,69.117,80
2024-05-10 11:25:00-04:00,69.13,69.16,69.11,69.14,10349.0,69.134,66
2024-05-10 11:30:00-04:00,69.13,69.17,69.13,69.13,11033.0,69.145,86
2024-05-10 11:35:00-04:00,69.13,69.15,69.11,69.14,9406.0,69.126,70
2024-05-10 11:40:00-04:00,69.13,69.22,69.1,69.12,9218.0,69.162,69
2024-05-10 11:45:00-04:00,69.14,69.18,69.12,69.16,12404.0,69.152,94
2024-05-10 11:50:00-04:00,69.14,69.19,69.14,69.17,15289.0,69.163,45
2024-05-10 11:55:00-04:00,69.17,69.17,69.02,69.08,14028.0,69.093,111
2024-05-10 12:00:00-04:00,69.06,69.11,69.05,69.09,6472.0,69.073,54
2024-05-10 12:05:00-04:00,69.08,69.13,69.07,69.09,7811.0,69.097,65
2024-05-10 12:10:00-04:00,69.1,69.22,69.1,69.19,9044.0,69.162,56
2024-05-10 12:15:00-04:00,69.22,69.23,69.15,69.17,8247.0,69.184,64
2024-05-10 12:20:00-04:00,69.17,69.21,69.15,69.19,9216.0,69.18,76
2024-05-10 12:25:00-04:00,69.19,69.23,69.15,69.16,12409.0,69.188,75
2024-05-10 12:30:00-04:00,69.15,69.18,69.14,69.17,4416.0,69.165,34
2024-05-10 12:35:00-04:00,69.16,69.2,69.15,69.15,6777.0,69.176,53
2024-05-10 12:40:00-04:00,69.14,69.19,69.14,69.14,4965.0,69.167,41
2024-05-10 12:45:00-04:00,69.14,69.21,69.13,69.2,11167.0,69.178,93
2024-05-10 12:50:00-04:00,69.2,69.21,69.1,69.1,5224.0,69.154,44
2024-05-10 12:55:00-04:00,69.1,69.1,69.03,69.07,9428.0,69.075,85
2024-05-10 13:00:00-04:00,69.07,69.12,69.03,69.06,7417.0,69.07,64
2024-05-10 13:05:00-04:00,69.05,69.07,69.02,69.03,10350.0,69.052,82
2024-05-10 13:10:00-04:00,69.03,69.05,69.0,69.02,10773.0,69.026,81
2024-05-10 13:15:00-04:00,69.02,69.02,68.91,68.92,10887.0,68.959,84
2024-05-10 13:20:00-04:00,68.92,68.93,68.85,68.88,9052.0,68.883,69
2024-05-10 13:25:00-04:00,68.88,68.9,68.85,68.88,6037.0,68.873,49
2024-05-10 13:30:00-04:00,68.87,68.93,68.86,68.92,11562.0,68.901,90
2024-05-10 13:35:00-04:00,68.92,68.94,68.91,68.93,11578.0,68.924,94
2024-05-10 13:40:00-04:00,68.94,69.0,68.93,68.99,10414.0,68.965,75
2024-05-10 13:45:00-04:00,68.98,69.05,68.88,69.02,12122.0,68.962,100
2024-05-10 13:50:00-04:00,69.03,69.07,69.02,69.07,5225.0,69.036,41
2024-05-10 13:55:00-04:00,69.06,69.14,69.05,69.11,10514.0,69.086,83
2024-05-10 14:00:00-04:00,69.11,69.11,69.03,69.05,9711.0,69.062,82
2024-05-10 14:05:00-04:00,69.04,69.11,69.02,69.1,8866.0,69.065,72
2024-05-10 14:10:00-04:00,69.09,69.13,69.07,69.07,7646.0,69.096,56
2024-05-10 14:15:00-04:00,69.09,69.1,69.06,69.07,8963.0,69.074,32
2024-05-10 14:20:00-04:00,69.07,69.12,69.07,69.12,7620.0,69.094,61
2024-05-10 14:25:00-04:00,69.11,69.14,69.09,69.14,5328.0,69.109,42
2024-05-10 14:30:00-04:00,69.13,69.17,69.1,69.13,13362.0,69.143,103
2024-05-10 14:35:00-04:00,69.12,69.12,69.06,69.06,5850.0,69.096,41
2024-05-10 14:40:00-04:00,69.07,69.1,69.06,69.09,7827.0,69.086,55
2024-05-10 14:45:00-04:00,69.1,69.11,69.07,69.09,10262.0,69.096,68
2024-05-10 14:50:00-04:00,69.1,69.1,69.05,69.06,13569.0,69.089,110
2024-05-10 14:55:00-04:00,69.06,69.1,69.05,69.06,16789.0,69.063,120
2024-05-10 15:00:00-04:00,69.08,69.11,69.08,69.08,14445.0,69.093,83
2024-05-10 15:05:00-04:00,69.09,69.11,69.08,69.1,12222.0,69.093,90
2024-05-10 15:10:00-04:00,69.1,69.11,69.08,69.08,17933.0,69.096,131
2024-05-10 15:15:00-04:00,69.09,69.11,69.08,69.09,20083.0,69.099,157
2024-05-10 15:20:00-04:00,69.08,69.1,68.99,69.0,27324.0,69.059,132
2024-05-10 15:25:00-04:00,69.01,69.03,68.94,68.97,12283.0,68.994,95
2024-05-10 15:30:00-04:00,68.97,69.06,68.95,69.06,14003.0,68.996,117
2024-05-10 15:35:00-04:00,69.07,69.14,69.06,69.09,15027.0,69.114,109
2024-05-10 15:40:00-04:00,69.09,69.09,69.0,69.0,16503.0,69.032,114
2024-05-10 15:45:00-04:00,69.01,69.04,68.99,69.0,28220.0,69.017,224
2024-05-10 15:50:00-04:00,69.0,69.19,68.95,69.19,34530.0,69.035,236
2024-05-10 15:55:00-04:00,69.19,69.26,69.11,69.15,142180.0,69.198,762
2024-05-13 09:30:00-04:00,69.52,69.8,69.37,69.39,23784.0,69.52,34
2024-05-13 09:35:00-04:00,69.45,69.66,69.45,69.66,5155.0,69.547,40
2024-05-13 09:40:00-04:00,69.65,69.82,69.65,69.65,10569.0,69.722,80
2024-05-13 09:45:00-04:00,69.66,69.66,69.45,69.54,8256.0,69.542,73
2024-05-13 09:50:00-04:00,69.54,69.75,69.52,69.73,7871.0,69.656,65
2024-05-13 09:55:00-04:00,69.73,69.79,69.54,69.54,7659.0,69.666,66
2024-05-13 10:00:00-04:00,69.54,69.76,69.5,69.74,12934.0,69.645,112
2024-05-13 10:05:00-04:00,69.74,69.83,69.69,69.73,9867.0,69.744,85
2024-05-13 10:10:00-04:00,69.72,69.77,69.64,69.64,9274.0,69.696,71
2024-05-13 10:15:00-04:00,69.66,69.69,69.58,69.58,8164.0,69.652,70
2024-05-13 10:20:00-04:00,69.56,69.7,69.56,69.61,9295.0,69.651,72
2024-05-13 10:25:00-04:00,69.62,69.62,69.48,69.48,12429.0,69.58,86
2024-05-13 10:30:00-04:00,69.51,69.52,69.37,69.41,14744.0,69.411,113
2024-05-13 10:35:00-04:00,69.41,69.51,69.4,69.45,11626.0,69.456,83
2024-05-13 10:40:00-04:00,69.45,69.5,69.44,69.45,8700.0,69.471,68
2024-05-13 10:45:00-04:00,69.48,69.5,69.43,69.44,4110.0,69.469,31
2024-05-13 10:50:00-04:00,69.42,69.42,69.32,69.32,11526.0,69.387,91
2024-05-13 10:55:00-04:00,69.34,69.45,69.31,69.45,16333.0,69.378,125
2024-05-13 11:00:00-04:00,69.44,69.49,69.42,69.42,12712.0,69.447,100
2024-05-13 11:05:00-04:00,69.42,69.52,69.41,69.51,14939.0,69.45,121
2024-05-13 11:10:00-04:00,69.52,69.54,69.49,69.52,11111.0,69.522,90
2024-05-13 11:15:00-04:00,69.52,69.58,69.5,69.54,16347.0,69.543,126
2024-05-13 11:20:00-04:00,69.54,69.55,69.51,69.52,8918.0,69.528,70
2024-05-13 11:25:00-04:00,69.52,69.57,69.38,69.38,13182.0,69.481,110
2024-05-13 11:30:00-04:00,69.36,69.43,69.32,69.39,9029.0,69.385,67
2024-05-13 11:35:00-04:00,69.38,69.46,69.34,69.46,8623.0,69.403,71
2024-05-13 11:40:00-04:00,69.45,69.46,69.32,69.33,11255.0,69.401,82
2024-05-13 11:45:00-04:00,69.35,69.39,69.32,69.34,5540.0,69.351,45
2024-05-13 11:50:00-04:00,69.34,69.34,69.22,69.26,8179.0,69.275,73
2024-05-13 11:55:00-04:00,69.26,69.33,69.24,69.26,11080.0,69.271,81
2024-05-13 12:00:00-04:00,69.26,69.31,69.23,69.3,8733.0,69.276,57
2024-05-13 12:05:00-04:00,69.28,69.28,69.21,69.27,12479.0,69.238,81
2024-05-13 12:10:00-04:00,69.27,69.27,69.11,69.11,20726.0,69.183,148
2024-05-13 12:15:00-04:00,69.12,69.16,69.1,69.16,22463.0,69.129,172
2024-05-13 12:20:00-04:00,69.16,69.24,69.13,69.15,25891.0,69.172,191
2024-05-13 12:25:00-04:00,69.15,69.23,69.14,69.23,12688.0,69.188,107
2024-05-13 12:30:00-04:00,69.23,69.23,69.13,69.17,28228.0,69.175,228
2024-05-13 12:35:00-04:00,69.16,69.21,69.15,69.2,14483.0,69.184,120
2024-05-13 12:40:00-04:00,69.19,69.19,69.15,69.16,7494.0,69.175,66
2024-05-13 12:45:00-04:00,69.16,69.17,69.13,69.17,14030.0,69.147,112
2024-05-13 12:50:00-04:00,69.17,69.18,69.14,69.17,8081.0,69.166,58
2024-05-13 12:55:00-04:00,69.17,69.24,69.16,69.16,11167.0,69.197,91
2024-05-13 13:00:00-04:00,69.16,69.16,69.12,69.13,5737.0,69.145,51
2024-05-13 13:05:00-04:00,69.12,69.12,69.06,69.12,9982.0,69.09,64
2024-05-13 13:10:00-04:00,69.1,69.11,69.04,69.08,7838.0,69.09,66
2024-05-13 13:15:00-04:00,69.1,69.15,69.1,69.11,9073.0,69.122,69
2024-05-13 13:20:00-04:00,69.11,69.11,69.04,69.04,7395.0,69.076,61
2024-05-13 13:25:00-04:00,69.04,69.11,69.03,69.11,9713.0,69.053,41
2024-05-13 13:30:00-04:00,69.11,69.11,69.08,69.1,7077.0,69.094,44
2024-05-13 13:35:00-04:00,69.09,69.1,69.04,69.09,6480.0,69.072,46
2024-05-13 13:40:00-04:00,69.08,69.13,69.01,69.13,9781.0,69.061,73
2024-05-13 13:45:00-04:00,69.13,69.16,69.11,69.14,6860.0,69.138,57
2024-05-13 13:50:00-04:00,69.15,69.22,69.15,69.21,8853.0,69.192,61
2024-05-13 13:55:00-04:00,69.22,69.24,69.21,69.24,10622.0,69.222,60
2024-05-13 14:00:00-04:00,69.24,69.25,69.11,69.15,9905.0,69.173,73
2024-05-13 14:05:00-04:00,69.16,69.17,69.14,69.17,3899.0,69.161,32
2024-05-13 14:10:00-04:00,69.16,69.2,69.14,69.14,8840.0,69.175,68
2024-05-13 14:15:00-04:00,69.16,69.19,69.15,69.17,8250.0,69.17,55
2024-05-13 14:20:00-04:00,69.17,69.2,69.16,69.18,6700.0,69.183,48
2024-05-13 14:25:00-04:00,69.17,69.24,69.16,69.22,5034.0,69.2,42
2024-05-13 14:30:00-04:00,69.22,69.24,69.19,69.23,7565.0,69.214,58
2024-05-13 14:35:00-04:00,69.24,69.25,69.22,69.23,8235.0,69.234,61
2024-05-13 14:40:00-04:00,69.23,69.24,69.21,69.23,4879.0,69.226,39
2024-05-13 14:45:00-04:00,69.24,69.25,69.17,69.18,9712.0,69.215,81
2024-05-13 14:50:00-04:00,69.17,69.23,69.15,69.22,9039.0,69.189,71
2024-05-13 14:55:00-04:00,69.21,69.22,69.16,69.16,13098.0,69.201,109
2024-05-13 15:00:00-04:00,69.15,69.26,69.13,69.23,14886.0,69.197,104
2024-05-13 15:05:00-04:00,69.24,69.28,69.22,69.23,13040.0,69.253,73
2024-05-13 15:10:00-04:00,69.22,69.28,69.21,69.22,9943.0,69.248,78
2024-05-13 15:15:00-04:00,69.21,69.29,69.2,69.27,13001.0,69.244,95
2024-05-13 15:20:00-04:00,69.28,69.3,69.18,69.18,10250.0,69.243,89
2024-05-13 15:25:00-04:00,69.18,69.2,69.13,69.15,8911.0,69.173,73
2024-05-13 15:30:00-04:00,69.16,69.22,69.15,69.21,12692.0,69.19,98
2024-05-13 15:35:00-04:00,69.21,69.24,69.18,69.23,23028.0,69.217,169
2024-05-13 15:40:00-04:00,69.23,69.31,69.22,69.31,15201.0,69.26,119
2024-05-13 15:45:00-04:00,69.31,69.31,69.24,69.26,24021.0,69.285,199
2024-05-13 15:50:00-04:00,69.26,69.35,69.16,69.3,53021.0,69.298,311
2024-05-13 15:55:00-04:00,69.3,69.3,69.23,69.28,139921.0,69.258,728
2024-05-14 09:30:00-04:00,69.71,69.87,69.25,69.62,25171.0,69.65,73
2024-05-14 09:35:00-04:00,69.58,69.79,69.39,69.6,14033.0,69.601,106
2024-05-14 09:40:00-04:00,69.63,70.1,69.62,70.07,16013.0,69.954,97
2024-05-14 09:45:00-04:00,70.12,70.12,69.88,69.9,13218.0,69.977,112
2024-05-14 09:50:00-04:00,69.91,69.91,69.78,69.85,9265.0,69.811,85
2024-05-14 09:55:00-04:00,69.83,69.98,69.81,69.98,12502.0,69.882,57
2024-05-14 10:00:00-04:00,69.98,70.0,69.9,69.93,12652.0,69.939,109
2024-05-14 10:05:00-04:00,69.93,70.03,69.87,70.03,21624.0,69.948,110
2024-05-14 10:10:00-04:00,70.04,70.07,69.98,70.01,11860.0,70.028,95
2024-05-14 10:15:00-04:00,70.01,70.07,70.0,70.02,10084.0,70.031,88
2024-05-14 10:20:00-04:00,70.03,70.08,69.92,70.04,38385.0,70.052,61
2024-05-14 10:25:00-04:00,70.06,70.07,69.98,70.04,11499.0,70.019,73
2024-05-14 10:30:00-04:00,70.04,70.08,69.97,70.08,11490.0,70.022,79
2024-05-14 10:35:00-04:00,70.07,70.13,69.96,69.97,18511.0,70.056,136
2024-05-14 10:40:00-04:00,69.97,70.0,69.91,69.97,21708.0,69.959,96
2024-05-14 10:45:00-04:00,69.99,70.04,69.9,69.94,11573.0,69.966,94
2024-05-14 10:50:00-04:00,69.94,70.02,69.93,69.98,8220.0,69.982,63
2024-05-14 10:55:00-04:00,69.98,69.98,69.79,69.87,9266.0,69.895,85
2024-05-14 11:00:00-04:00,69.87,69.91,69.83,69.89,4953.0,69.857,45
2024-05-14 11:05:00-04:00,69.91,69.94,69.88,69.93,11819.0,69.913,85
2024-05-14 11:10:00-04:00,69.92,69.98,69.91,69.97,8868.0,69.947,61
2024-05-14 11:15:00-04:00,69.97,70.01,69.9,69.93,11292.0,69.973,85
2024-05-14 11:20:00-04:00,69.95,69.96,69.93,69.96,4447.0,69.947,26
2024-05-14 11:25:00-04:00,69.97,69.99,69.95,69.98,11777.0,69.969,81
2024-05-14 11:30:00-04:00,69.97,69.98,69.9,69.96,12985.0,69.947,97
2024-05-14 11:35:00-04:00,69.97,69.98,69.91,69.96,8135.0,69.942,56
2024-05-14 11:40:00-04:00,69.97,70.0,69.93,69.94,14904.0,69.959,106
2024-05-14 11:45:00-04:00,69.94,69.96,69.94,69.94,3100.0,69.95,29
2024-05-14 11:50:00-04:00,69.94,69.96,69.88,69.9,11007.0,69.923,75
2024-05-14 11:55:00-04:00,69.89,69.89,69.79,69.8,11413.0,69.85,81
2024-05-14 12:00:00-04:00,69.8,69.88,69.78,69.87,7400.0,69.836,61
2024-05-14 12:05:00-04:00,69.87,69.94,69.86,69.94,7475.0,69.909,52
2024-05-14 12:10:00-04:00,69.94,69.95,69.91,69.95,8528.0,69.931,68
2024-05-14 12:15:00-04:00,69.96,69.99,69.93,69.97,12739.0,69.959,88
2024-05-14 12:20:00-04:00,69.96,69.97,69.93,69.97,5574.0,69.947,43
2024-05-14 12:25:00-04:00,69.97,69.98,69.9,69.9,13781.0,69.961,102
2024-05-14 12:30:00-04:00,69.91,69.92,69.85,69.89,8647.0,69.895,64
2024-05-14 12:35:00-04:00,69.89,69.91,69.88,69.9,5113.0,69.899,44
2024-05-14 12:40:00-04:00,69.89,69.91,69.84,69.84,7568.0,69.883,65
2024-05-14 12:45:00-04:00,69.84,69.84,69.78,69.79,6817.0,69.809,54
2024-05-14 12:50:00-04:00,69.8,69.84,69.76,69.78,7633.0,69.803,63
2024-05-14 12:55:00-04:00,69.79,69.79,69.76,69.77,6435.0,69.779,52
2024-05-14 13:00:00-04:00,69.78,69.78,69.75,69.76,9239.0,69.764,49
2024-05-14 13:05:00-04:00,69.79,69.84,69.79,69.83,3259.0,69.819,21
2024-05-14 13:10:00-04:00,69.83,69.83,69.72,69.79,14092.0,69.792,113
2024-05-14 13:15:00-04:00,69.78,69.83,69.78,69.83,7888.0,69.815,62
2024-05-14 13:20:00-04:00,69.83,69.88,69.82,69.87,4005.0,69.856,37
2024-05-14 13:25:00-04:00,69.87,69.87,69.79,69.84,15510.0,69.841,120
2024-05-14 13:30:00-04:00,69.84,69.86,69.82,69.86,4448.0,69.835,35
2024-05-14 13:35:00-04:00,69.85,69.93,69.84,69.92,11612.0,69.89,83
2024-05-14 13:40:00-04:00,69.91,69.94,69.9,69.93,9024.0,69.917,70
2024-05-14 13:45:00-04:00,69.93,69.94,69.82,69.91,9395.0,69.89,73
2024-05-14 13:50:00-04:00,69.91,69.92,69.87,69.9,8052.0,69.896,58
2024-05-14 13:55:00-04:00,69.92,69.96,69.9,69.91,8288.0,69.932,70
2024-05-14 14:00:00-04:00,69.91,69.92,69.9,69.92,4181.0,69.913,37
2024-05-14 14:05:00-04:00,69.91,69.96,69.9,69.95,9298.0,69.936,79
2024-05-14 14:10:00-04:00,69.95,69.96,69.89,69.92,10491.0,69.925,81
2024-05-14 14:15:00-04:00,69.91,69.95,69.89,69.9,7051.0,69.915,60
2024-05-14 14:20:00-04:00,69.9,69.95,69.89,69.94,8093.0,69.912,67
2024-05-14 14:25:00-04:00,69.94,69.95,69.91,69.92,6404.0,69.928,49
2024-05-14 14:30:00-04:00,69.92,69.94,69.89,69.94,12074.0,69.912,91
2024-05-14 14:35:00-04:00,69.94,69.98,69.94,69.97,7305.0,69.966,55
2024-05-14 14:40:00-04:00,69.96,70.09,69.96,70.03,26110.0,70.046,154
2024-05-14 14:45:00-04:00,70.03,70.03,69.97,70.02,6767.0,69.995,53
2024-05-14 14:50:00-04:00,70.03,70.05,70.01,70.05,15978.0,70.021,58
2024-05-14 14:55:00-04:00,70.05,70.11,70.03,70.11,13362.0,70.081,90
2024-05-14 15:00:00-04:00,70.11,70.11,70.07,70.08,9028.0,70.089,66
2024-05-14 15:05:00-04:00,70.11,70.12,69.98,70.0,27300.0,70.037,169
2024-05-14 15:10:00-04:00,70.0,70.08,69.99,70.04,13929.0,70.033,85
2024-05-14 15:15:00-04:00,70.04,70.11,70.03,70.06,9855.0,70.079,74
2024-05-14 15:20:00-04:00,70.06,70.08,70.04,70.07,16774.0,70.062,119
2024-05-14 15:25:00-04:00,70.06,70.06,70.02,70.04,10464.0,70.044,76
2024-05-14 15:30:00-04:00,70.03,70.04,69.99,70.0,13406.0,70.019,87
2024-05-14 15:35:00-04:00,69.98,70.02,69.96,70.0,17445.0,69.988,110
2024-05-14 15:40:00-04:00,70.0,70.04,69.98,70.02,19027.0,70.015,133
2024-05-14 15:45:00-04:00,70.03,70.03,69.96,70.0,22847.0,70.004,153
2024-05-14 15:50:00-04:00,70.0,70.08,70.0,70.06,46813.0,70.036,310
2024-05-14 15:55:00-04:00,70.07,70.16,70.0,70.04,174650.0,70.106,798
2024-05-15 09:30:00-04:00,70.6,70.87,70.51,70.69,22562.0,70.636,60
2024-05-15 09:35:00-04:00,70.65,70.67,70.57,70.63,4471.0,70.626,16
2024-05-15 09:40:00-04:00,70.63,70.97,70.62,70.97,13298.0,70.79,33
2024-05-15 09:45:00-04:00,70.91,70.91,70.67,70.68,18060.0,70.747,41
2024-05-15 09:50:00-04:00,70.63,70.69,70.63,70.69,5384.0,70.66,41
2024-05-15 09:55:00-04:00,70.67,70.67,70.24,70.32,13467.0,70.369,90
2024-05-15 10:00:00-04:00,70.38,70.5,70.32,70.47,3442.0,70.426,28
2024-05-15 10:05:00-04:00,70.5,70.66,70.46,70.59,20645.0,70.56,119
2024-05-15 10:10:00-04:00,70.58,70.58,70.37,70.42,4623.0,70.489,42
2024-05-15 10:15:00-04:00,70.42,70.48,70.38,70.42,4050.0,70.42,36
2024-05-15 10:20:00-04:00,70.37,70.53,70.31,70.44,70206.0,70.474,178
2024-05-15 10:25:00-04:00,70.44,70.51,70.43,70.49,6780.0,70.48,51
2024-05-15 10:30:00-04:00,70.5,70.65,70.46,70.63,36202.0,70.533,86
2024-05-15 10:35:00-04:00,70.67,70.71,70.6,70.65,6170.0,70.667,45
2024-05-15 10:40:00-04:00,70.64,70.68,70.62,70.66,10514.0,70.648,65
2024-05-15 10:45:00-04:00,70.67,70.74,70.65,70.73,8153.0,70.686,68
2024-05-15 10:50:00-04:00,70.75,70.76,70.62,70.63,8199.0,70.699,63
2024-05-15 10:55:00-04:00,70.63,70.68,70.61,70.62,4410.0,70.634,34
2024-05-15 11:00:00-04:00,70.62,70.64,70.53,70.61,4375.0,70.576,38
2024-05-15 11:05:00-04:00,70.58,70.67,70.52,70.64,4993.0,70.595,35
2024-05-15 11:10:00-04:00,70.61,70.65,70.55,70.59,18563.0,70.582,135
2024-05-15 11:15:00-04:00,70.6,70.69,70.58,70.66,36532.0,70.65,223
2024-05-15 11:20:00-04:00,70.67,70.68,70.55,70.55,13891.0,70.608,91
2024-05-15 11:25:00-04:00,70.55,70.63,70.53,70.62,24527.0,70.596,107
2024-05-15 11:30:00-04:00,70.62,70.67,70.62,70.66,7985.0,70.653,56
2024-05-15 11:35:00-04:00,70.66,70.66,70.59,70.63,8165.0,70.62,72
2024-05-15 11:40:00-04:00,70.65,70.72,70.64,70.71,3081.0,70.689,26
2024-05-15 11:45:00-04:00,70.7,70.74,70.69,70.7,6678.0,70.703,55
2024-05-15 11:50:00-04:00,70.71,70.71,70.63,70.66,5570.0,70.666,45
2024-05-15 11:55:00-04:00,70.66,70.66,70.59,70.59,4626.0,70.627,39
2024-05-15 12:00:00-04:00,70.58,70.6,70.54,70.55,4569.0,70.561,40
2024-05-15 12:05:00-04:00,70.54,70.55,70.47,70.49,3785.0,70.503,32
2024-05-15 12:10:00-04:00,70.49,70.5,70.48,70.49,2586.0,70.493,20
2024-05-15 12:15:00-04:00,70.5,70.5,70.46,70.48,5691.0,70.475,50
2024-05-15 12:20:00-04:00,70.47,70.47,70.38,70.39,8686.0,70.43,54
2024-05-15 12:25:00-04:00,70.41,70.44,70.4,70.43,3260.0,70.42,27
2024-05-15 12:30:00-04:00,70.44,70.46,70.43,70.44,5650.0,70.445,49
2024-05-15 12:35:00-04:00,70.45,70.48,70.42,70.44,5011.0,70.45,38
2024-05-15 12:40:00-04:00,70.45,70.47,70.44,70.47,3422.0,70.457,32
2024-05-15 12:45:00-04:00,70.46,70.48,70.43,70.43,5980.0,70.458,54
2024-05-15 12:50:00-04:00,70.43,70.46,70.4,70.46,4167.0,70.423,35
2024-05-15 12:55:00-04:00,70.47,70.49,70.36,70.41,6094.0,70.427,48
2024-05-15 13:00:00-04:00,70.43,70.47,70.42,70.47,3753.0,70.449,36
2024-05-15 13:05:00-04:00,70.46,70.5,70.46,70.48,7505.0,70.476,54
2024-05-15 13:10:00-04:00,70.48,70.51,70.47,70.49,5801.0,70.479,53
2024-05-15 13:15:00-04:00,70.51,70.52,70.49,70.51,2535.0,70.509,22
2024-05-15 13:20:00-04:00,70.5,70.52,70.48,70.48,3213.0,70.496,28
2024-05-15 13:25:00-04:00,70.49,70.53,70.49,70.5,4964.0,70.504,36
2024-05-15 13:30:00-04:00,70.5,70.5,70.47,70.48,4034.0,70.481,33
2024-05-15 13:35:00-04:00,70.48,70.5,70.42,70.47,6454.0,70.465,51
2024-05-15 13:40:00-04:00,70.46,70.48,70.41,70.42,5747.0,70.444,45
2024-05-15 13:45:00-04:00,70.42,70.45,70.39,70.4,4807.0,70.41,35
2024-05-15 13:50:00-04:00,70.41,70.44,70.41,70.42,2421.0,70.422,24
2024-05-15 13:55:00-04:00,70.42,70.42,70.37,70.37,5203.0,70.391,43
2024-05-15 14:00:00-04:00,70.38,70.39,70.33,70.39,3839.0,70.355,31
2024-05-15 14:05:00-04:00,70.39,70.4,70.37,70.39,5321.0,70.385,43
2024-05-15 14:10:00-04:00,70.37,70.39,70.35,70.39,3817.0,70.374,30
2024-05-15 14:15:00-04:00,70.4,70.4,70.3,70.33,7873.0,70.337,58
2024-05-15 14:20:00-04:00,70.34,70.34,70.29,70.34,4910.0,70.309,42
2024-05-15 14:25:00-04:00,70.34,70.38,70.31,70.38,5364.0,70.339,51
2024-05-15 14:30:00-04:00,70.39,70.39,70.34,70.34,5602.0,70.358,47
2024-05-15 14:35:00-04:00,70.35,70.39,70.31,70.39,6164.0,70.335,50
2024-05-15 14:40:00-04:00,70.38,70.38,70.32,70.34,8579.0,70.34,55
2024-05-15 14:45:00-04:00,70.34,70.38,70.3,70.36,5471.0,70.327,36
2024-05-15 14:50:00-04:00,70.37,70.37,70.32,70.33,6341.0,70.338,43
2024-05-15 14:55:00-04:00,70.34,70.39,70.34,70.37,6121.0,70.363,47
2024-05-15 15:00:00-04:00,70.38,70.39,70.33,70.34,8884.0,70.356,69
2024-05-15 15:05:00-04:00,70.34,70.37,70.32,70.36,5727.0,70.345,50
2024-05-15 15:10:00-04:00,70.35,70.44,70.35,70.42,9180.0,70.399,73
2024-05-15 15:15:00-04:00,70.41,70.48,70.39,70.44,10553.0,70.434,85
2024-05-15 15:20:00-04:00,70.47,70.51,70.45,70.46,10722.0,70.475,82
2024-05-15 15:25:00-04:00,70.46,70.52,70.45,70.48,11395.0,70.484,83
2024-05-15 15:30:00-04:00,70.48,70.5,70.45,70.47,14354.0,70.471,112
2024-05-15 15:35:00-04:00,70.47,70.55,70.46,70.51,15161.0,70.498,127
2024-05-15 15:40:00-04:00,70.51,70.59,70.5,70.58,15690.0,70.562,111
2024-05-15 15:45:00-04:00,70.57,70.58,70.48,70.52,26132.0,70.525,178
2024-05-15 15:50:00-04:00,70.51,70.55,70.43,70.54,36977.0,70.494,259
2024-05-15 15:55:00-04:00,70.54,70.73,70.52,70.52,145391.0,70.623,722
2024-05-16 09:30:00-04:00,70.53,70.7,70.44,70.64,10260.0,70.56,24
2024-05-16 09:35:00-04:00,70.62,70.72,70.56,70.59,3950.0,70.598,35
2024-05-16 09:40:00-04:00,70.62,70.62,70.34,70.34,4436.0,70.446,43
2024-05-16 09:45:00-04:00,70.38,70.48,70.36,70.48,4751.0,70.418,40
2024-05-16 09:50:00-04:00,70.48,70.53,70.38,70.38,7204.0,70.466,62
2024-05-16 09:55:00-04:00,70.35,70.36,70.24,70.3,11334.0,70.305,65
2024-05-16 10:00:00-04:00,70.3,70.32,70.24,70.32,9731.0,70.287,69
2024-05-16 10:05:00-04:00,70.32,70.37,70.27,70.3,13937.0,70.321,124
2024-05-16 10:10:00-04:00,70.33,70.42,70.31,70.42,2559.0,70.352,23
2024-05-16 10:15:00-04:00,70.44,70.53,70.44,70.53,9556.0,70.476,65
2024-05-16 10:20:00-04:00,70.53,70.61,70.43,70.48,42296.0,70.575,169
2024-05-16 10:25:00-04:00,70.48,70.54,70.46,70.5,7217.0,70.502,56
2024-05-16 10:30:00-04:00,70.52,70.55,70.5,70.53,5129.0,70.521,45
2024-05-16 10:35:00-04:00,70.52,70.54,70.49,70.53,4893.0,70.509,31
2024-05-16 10:40:00-04:00,70.53,70.57,70.5,70.52,4445.0,70.538,31
2024-05-16 10:45:00-04:00,70.53,70.53,70.42,70.45,4563.0,70.481,33
2024-05-16 10:50:00-04:00,70.46,70.5,70.46,70.46,12066.0,70.477,91
2024-05-16 10:55:00-04:00,70.46,70.56,70.46,70.47,13080.0,70.514,95
2024-05-16 11:00:00-04:00,70.46,70.49,70.41,70.47,3662.0,70.444,28
2024-05-16 11:05:00-04:00,70.46,70.61,70.46,70.58,10469.0,70.561,83
2024-05-16 11:10:00-04:00,70.59,70.59,70.48,70.48,5725.0,70.549,39
2024-05-16 11:15:00-04:00,70.47,70.53,70.45,70.5,8636.0,70.491,65
2024-05-16 11:20:00-04:00,70.5,70.59,70.46,70.57,10183.0,70.504,60
2024-05-16 11:25:00-04:00,70.59,70.64,70.59,70.6,6211.0,70.617,37
2024-05-16 11:30:00-04:00,70.59,70.63,70.58,70.62,7278.0,70.602,44
2024-05-16 11:35:00-04:00,70.62,70.62,70.55,70.59,7479.0,70.593,45
2024-05-16 11:40:00-04:00,70.59,70.66,70.59,70.66,3436.0,70.614,32
2024-05-16 11:45:00-04:00,70.67,70.69,70.63,70.69,15149.0,70.642,41
2024-05-16 11:50:00-04:00,70.7,70.71,70.67,70.69,5812.0,70.695,44
2024-05-16 11:55:00-04:00,70.69,70.74,70.69,70.72,4440.0,70.716,34
2024-05-16 12:00:00-04:00,70.72,70.72,70.64,70.66,11259.0,70.685,75
2024-05-16 12:05:00-04:00,70.67,70.73,70.67,70.73,1869.0,70.705,16
2024-05-16 12:10:00-04:00,70.75,70.75,70.71,70.73,3906.0,70.729,32
2024-05-16 12:15:00-04:00,70.72,70.75,70.72,70.73,5920.0,70.736,43
2024-05-16 12:20:00-04:00,70.74,70.75,70.71,70.73,6165.0,70.729,50
2024-05-16 12:25:00-04:00,70.74,70.77,70.73,70.75,4609.0,70.751,31
2024-05-16 12:30:00-04:00,70.74,70.75,70.71,70.72,6834.0,70.729,42
2024-05-16 12:35:00-04:00,70.71,70.71,70.63,70.64,7361.0,70.669,53
2024-05-16 12:40:00-04:00,70.64,70.69,70.61,70.69,8062.0,70.642,61
2024-05-16 12:45:00-04:00,70.7,70.76,70.7,70.74,8759.0,70.736,58
2024-05-16 12:50:00-04:00,70.73,70.76,70.73,70.74,3242.0,70.747,25
2024-05-16 12:55:00-04:00,70.73,70.77,70.73,70.76,5280.0,70.75,39
2024-05-16 13:00:00-04:00,70.76,70.79,70.69,70.75,8324.0,70.756,54
2024-05-16 13:05:00-04:00,70.76,70.8,70.76,70.78,3530.0,70.784,23
2024-05-16 13:10:00-04:00,70.78,70.78,70.73,70.74,3883.0,70.758,33
2024-05-16 13:15:00-04:00,70.74,70.74,70.69,70.7,4316.0,70.721,39
2024-05-16 13:20:00-04:00,70.7,70.7,70.57,70.57,18730.0,70.653,83
2024-05-16 13:25:00-04:00,70.57,70.67,70.56,70.63,7195.0,70.612,50
2024-05-16 13:30:00-04:00,70.63,70.64,70.6,70.61,4209.0,70.622,31
2024-05-16 13:35:00-04:00,70.6,70.6,70.52,70.55,4576.0,70.545,38
2024-05-16 13:40:00-04:00,70.53,70.55,70.51,70.52,6628.0,70.531,44
2024-05-16 13:45:00-04:00,70.52,70.52,70.46,70.48,4750.0,70.49,29
2024-05-16 13:50:00-04:00,70.49,70.56,70.49,70.53,4649.0,70.536,36
2024-05-16 13:55:00-04:00,70.53,70.53,70.49,70.53,2277.0,70.508,18
2024-05-16 14:00:00-04:00,70.53,70.53,70.5,70.5,5182.0,70.518,44
2024-05-16 14:05:00-04:00,70.51,70.54,70.49,70.52,5321.0,70.519,44
2024-05-16 14:10:00-04:00,70.51,70.52,70.46,70.47,6606.0,70.489,51
2024-05-16 14:15:00-04:00,70.48,70.5,70.48,70.5,1920.0,70.493,19
2024-05-16 14:20:00-04:00,70.51,70.53,70.5,70.51,6165.0,70.516,51
2024-05-16 14:25:00-04:00,70.52,70.53,70.47,70.5,3533.0,70.501,29
2024-05-16 14:30:00-04:00,70.52,70.56,70.52,70.53,5815.0,70.539,51
2024-05-16 14:35:00-04:00,70.53,70.56,70.53,70.56,2801.0,70.545,21
2024-05-16 14:40:00-04:00,70.56,70.58,70.53,70.55,5229.0,70.557,41
2024-05-16 14:45:00-04:00,70.55,70.57,70.54,70.57,3303.0,70.556,24
2024-05-16 14:50:00-04:00,70.56,70.56,70.53,70.55,5259.0,70.549,49
2024-05-16 14:55:00-04:00,70.56,70.56,70.42,70.47,14303.0,70.488,113
2024-05-16 15:00:00-04:00,70.48,70.48,70.41,70.45,13738.0,70.452,77
2024-05-16 15:05:00-04:00,70.45,70.56,70.45,70.54,5376.0,70.53,39
2024-05-16 15:10:00-04:00,70.54,70.54,70.39,70.39,15274.0,70.456,107
2024-05-16 15:15:00-04:00,70.4,70.4,70.35,70.38,10512.0,70.379,88
2024-05-16 15:20:00-04:00,70.38,70.38,70.32,70.34,13392.0,70.358,110
2024-05-16 15:25:00-04:00,70.34,70.37,70.33,70.34,8517.0,70.349,65
2024-05-16 15:30:00-04:00,70.36,70.42,70.35,70.39,11137.0,70.397,86
2024-05-16 15:35:00-04:00,70.39,70.43,70.37,70.41,15334.0,70.404,115
2024-05-16 15:40:00-04:00,70.42,70.46,70.4,70.4,15965.0,70.437,112
2024-05-16 15:45:00-04:00,70.4,70.45,70.37,70.37,36351.0,70.417,218
2024-05-16 15:50:00-04:00,70.38,70.45,70.31,70.41,41264.0,70.382,297
2024-05-16 15:55:00-04:00,70.41,70.41,70.18,70.23,112546.0,70.271,592
2024-05-17 09:30:00-04:00,70.32,70.54,70.21,70.49,31830.0,70.32,10
2024-05-17 09:35:00-04:00,70.38,70.42,70.29,70.37,6785.0,70.372,39
2024-05-17 09:40:00-04:00,70.37,70.43,70.37,70.43,1501.0,70.395,12
2024-05-17 09:45:00-04:00,70.39,70.39,70.29,70.34,3463.0,70.345,26
2024-05-17 09:50:00-04:00,70.36,70.41,70.22,70.25,17635.0,70.339,90
2024-05-17 09:55:00-04:00,70.25,70.25,70.2,70.2,1253.0,70.218,11
2024-05-17 10:00:00-04:00,70.21,70.21,70.11,70.19,8230.0,70.167,50
2024-05-17 10:05:00-04:00,70.14,70.17,70.03,70.08,16077.0,70.078,100
2024-05-17 10:10:00-04:00,70.11,70.13,70.08,70.09,4001.0,70.111,36
2024-05-17 10:15:00-04:00,70.09,70.18,70.09,70.11,9975.0,70.108,40
2024-05-17 10:20:00-04:00,70.1,70.14,70.1,70.13,4353.0,70.121,34
2024-05-17 10:25:00-04:00,70.13,70.13,69.97,70.01,16095.0,70.022,62
2024-05-17 10:30:00-04:00,69.97,70.02,69.96,69.98,3983.0,69.989,36
2024-05-17 10:35:00-04:00,69.98,69.99,69.93,69.95,3229.0,69.953,26
2024-05-17 10:40:00-04:00,69.94,69.97,69.93,69.95,2168.0,69.947,20
2024-05-17 10:45:00-04:00,69.95,69.97,69.88,69.92,8156.0,69.919,67
2024-05-17 10:50:00-04:00,69.9,69.97,69.9,69.93,3056.0,69.94,28
2024-05-17 10:55:00-04:00,69.95,69.98,69.95,69.96,2242.0,69.962,21
2024-05-17 11:00:00-04:00,69.97,70.08,69.96,70.07,18070.0,70.044,141
2024-05-17 11:05:00-04:00,70.03,70.03,70.0,70.03,1717.0,70.017,16
2024-05-17 11:10:00-04:00,70.03,70.07,70.01,70.05,6813.0,70.039,65
2024-05-17 11:15:00-04:00,70.08,70.08,69.93,69.95,5082.0,70.011,41
2024-05-17 11:20:00-04:00,69.92,69.95,69.91,69.91,4407.0,69.928,36
2024-05-17 11:25:00-04:00,69.91,69.92,69.85,69.87,6534.0,69.891,46
2024-05-17 11:30:00-04:00,69.87,69.87,69.84,69.86,8319.0,69.857,56
2024-05-17 11:35:00-04:00,69.85,69.9,69.83,69.85,7066.0,69.858,62
2024-05-17 11:40:00-04:00,69.85,69.92,69.85,69.92,6009.0,69.879,55
2024-05-17 11:45:00-04:00,69.93,69.94,69.89,69.9,5712.0,69.921,50
2024-05-17 11:50:00-04:00,69.9,69.93,69.9,69.92,4343.0,69.913,40
2024-05-17 11:55:00-04:00,69.93,69.95,69.88,69.9,20196.0,69.904,70
2024-05-17 12:00:00-04:00,69.91,69.97,69.9,69.95,3401.0,69.947,29
2024-05-17 12:05:00-04:00,69.94,69.94,69.9,69.91,9612.0,69.921,59
2024-05-17 12:10:00-04:00,69.9,69.92,69.87,69.89,6774.0,69.901,47
2024-05-17 12:15:00-04:00,69.89,69.91,69.84,69.87,6938.0,69.867,44
2024-05-17 12:20:00-04:00,69.87,69.87,69.82,69.86,6403.0,69.849,55
2024-05-17 12:25:00-04:00,69.86,69.86,69.78,69.8,4435.0,69.824,41
2024-05-17 12:30:00-04:00,69.79,69.83,69.73,69.81,13027.0,69.751,50
2024-05-17 12:35:00-04:00,69.81,69.83,69.77,69.78,6582.0,69.795,60
2024-05-17 12:40:00-04:00,69.77,69.78,69.73,69.73,3162.0,69.757,26
2024-05-17 12:45:00-04:00,69.73,69.78,69.71,69.78,3181.0,69.743,31
2024-05-17 12:50:00-04:00,69.79,69.81,69.79,69.79,2683.0,69.796,25
2024-05-17 12:55:00-04:00,69.81,69.83,69.8,69.81,5998.0,69.813,52
2024-05-17 13:00:00-04:00,69.8,69.83,69.8,69.82,1766.0,69.812,14
2024-05-17 13:05:00-04:00,69.83,69.83,69.82,69.82,300.0,69.827,3
2024-05-17 13:10:00-04:00,69.83,69.85,69.82,69.84,4292.0,69.837,38
2024-05-17 13:15:00-04:00,69.84,69.87,69.82,69.85,3462.0,69.84,31
2024-05-17 13:20:00-04:00,69.84,69.86,69.82,69.86,1696.0,69.836,14
2024-05-17 13:25:00-04:00,69.86,69.89,69.86,69.89,1400.0,69.877,11
2024-05-17 13:30:00-04:00,69.89,69.9,69.86,69.88,3327.0,69.88,29
2024-05-17 13:35:00-04:00,69.86,69.91,69.85,69.9,3931.0,69.888,33
2024-05-17 13:40:00-04:00,69.89,69.95,69.88,69.95,2805.0,69.905,23
2024-05-17 13:45:00-04:00,69.95,69.95,69.92,69.95,2614.0,69.939,20
2024-05-17 13:50:00-04:00,69.94,69.95,69.86,69.89,7880.0,69.922,48
2024-05-17 13:55:00-04:00,69.91,69.92,69.89,69.91,2124.0,69.904,20
2024-05-17 14:00:00-04:00,69.9,69.92,69.89,69.92,4889.0,69.907,39
2024-05-17 14:05:00-04:00,69.93,69.97,69.93,69.94,2500.0,69.949,20
2024-05-17 14:10:00-04:00,69.94,69.94,69.91,69.91,3329.0,69.922,24
2024-05-17 14:15:00-04:00,69.91,69.93,69.9,69.93,1497.0,69.916,9
2024-05-17 14:20:00-04:00,69.95,69.95,69.88,69.91,5937.0,69.913,49
2024-05-17 14:25:00-04:00,69.93,69.96,69.93,69.95,3579.0,69.952,25
2024-05-17 14:30:00-04:00,69.97,69.98,69.96,69.96,1485.0,69.968,9
2024-05-17 14:35:00-04:00,69.96,69.98,69.95,69.97,1784.0,69.961,17
2024-05-17 14:40:00-04:00,69.98,69.98,69.95,69.96,1039.0,69.96,8
2024-05-17 14:45:00-04:00,69.97,69.99,69.97,69.99,1307.0,69.982,11
2024-05-17 14:50:00-04:00,69.99,70.0,69.94,69.97,4315.0,69.968,30
2024-05-17 14:55:00-04:00,69.99,70.0,69.96,69.97,2085.0,69.979,16
2024-05-17 15:00:00-04:00,69.98,69.98,69.93,69.93,3057.0,69.964,21
2024-05-17 15:05:00-04:00,69.94,69.99,69.93,69.98,4679.0,69.958,36
2024-05-17 15:10:00-04:00,69.98,70.01,69.98,70.0,4758.0,69.996,35
2024-05-17 15:15:00-04:00,70.0,70.05,70.0,70.02,6921.0,70.025,49
2024-05-17 15:20:00-04:00,70.03,70.06,70.03,70.06,1505.0,70.042,11
2024-05-17 15:25:00-04:00,70.04,70.11,70.04,70.07,9508.0,70.058,68
2024-05-17 15:30:00-04:00,70.07,70.07,70.01,70.03,7796.0,70.032,38
2024-05-17 15:35:00-04:00,70.02,70.08,70.0,70.05,9514.0,70.041,71
2024-05-17 15:40:00-04:00,70.05,70.07,70.03,70.06,8142.0,70.052,52
2024-05-17 15:45:00-04:00,70.06,70.07,70.01,70.03,9085.0,70.039,73
2024-05-17 15:50:00-04:00,70.02,70.11,69.99,70.1,17269.0,70.061,135
2024-05-17 15:55:00-04:00,70.1,70.16,70.09,70.12,82347.0,70.123,502
2024-05-20 09:30:00-04:00,70.07,70.44,70.07,70.3,26023.0,70.15,50
2024-05-20 09:35:00-04:00,70.27,70.29,70.11,70.16,10920.0,70.213,45
2024-05-20 09:40:00-04:00,70.19,70.19,70.13,70.17,1900.0,70.17,10
2024-05-20 09:45:00-04:00,70.17,70.27,70.11,70.13,7536.0,70.224,52
2024-05-20 09:50:00-04:00,70.09,70.16,70.05,70.15,7279.0,70.137,43
2024-05-20 09:55:00-04:00,70.14,70.15,70.05,70.13,3450.0,70.112,27
2024-05-20 10:00:00-04:00,70.15,70.28,70.13,70.2,11112.0,70.187,56
2024-05-20 10:05:00-04:00,70.22,70.34,70.21,70.34,3533.0,70.285,25
2024-05-20 10:10:00-04:00,70.36,70.43,70.36,70.39,4102.0,70.403,31
2024-05-20 10:15:00-04:00,70.39,70.39,70.31,70.31,2748.0,70.361,24
2024-05-20 10:20:00-04:00,70.34,70.38,70.3,70.36,7909.0,70.343,45
2024-05-20 10:25:00-04:00,70.39,70.43,70.35,70.4,4631.0,70.387,29
2024-05-20 10:30:00-04:00,70.37,70.39,70.35,70.36,1505.0,70.365,15
2024-05-20 10:35:00-04:00,70.37,70.45,70.37,70.45,3967.0,70.401,35
2024-05-20 10:40:00-04:00,70.45,70.54,70.44,70.54,3101.0,70.472,28
2024-05-20 10:45:00-04:00,70.55,70.55,70.48,70.5,6225.0,70.52,53
2024-05-20 10:50:00-04:00,70.52,70.53,70.4,70.42,3990.0,70.482,37
2024-05-20 10:55:00-04:00,70.44,70.55,70.44,70.54,7202.0,70.491,37
2024-05-20 11:00:00-04:00,70.53,70.54,70.48,70.49,4460.0,70.505,39
2024-05-20 11:05:00-04:00,70.5,70.51,70.45,70.45,3687.0,70.487,27
2024-05-20 11:10:00-04:00,70.46,70.63,70.45,70.63,8286.0,70.529,66
2024-05-20 11:15:00-04:00,70.63,70.73,70.62,70.7,4760.0,70.684,45
2024-05-20 11:20:00-04:00,70.68,70.7,70.62,70.65,4630.0,70.653,39
2024-05-20 11:25:00-04:00,70.63,70.65,70.6,70.64,4217.0,70.627,40
2024-05-20 11:30:00-04:00,70.63,70.63,70.57,70.6,4730.0,70.599,31
2024-05-20 11:35:00-04:00,70.59,70.59,70.46,70.47,11349.0,70.529,65
2024-05-20 11:40:00-04:00,70.46,70.48,70.39,70.39,10447.0,70.452,77
2024-05-20 11:45:00-04:00,70.39,70.41,70.36,70.38,6704.0,70.388,54
2024-05-20 11:50:00-04:00,70.38,70.45,70.36,70.38,8232.0,70.402,70
2024-05-20 11:55:00-04:00,70.4,70.4,70.37,70.38,2863.0,70.388,22
2024-05-20 12:00:00-04:00,70.38,70.4,70.36,70.37,4734.0,70.378,36
2024-05-20 12:05:00-04:00,70.34,70.36,70.32,70.33,2095.0,70.341,18
2024-05-20 12:10:00-04:00,70.34,70.35,70.34,70.35,3378.0,70.345,25
2024-05-20 12:15:00-04:00,70.35,70.35,70.29,70.3,4149.0,70.325,32
2024-05-20 12:20:00-04:00,70.3,70.32,70.27,70.27,6531.0,70.304,53
2024-05-20 12:25:00-04:00,70.26,70.28,70.25,70.26,3176.0,70.262,24
2024-05-20 12:30:00-04:00,70.26,70.26,70.21,70.23,4858.0,70.238,37
2024-05-20 12:35:00-04:00,70.23,70.25,70.21,70.22,12329.0,70.235,99
2024-05-20 12:40:00-04:00,70.22,70.23,70.21,70.22,3767.0,70.223,30
2024-05-20 12:45:00-04:00,70.21,70.26,70.2,70.2,7306.0,70.223,66
2024-05-20 12:50:00-04:00,70.21,70.21,70.17,70.18,1986.0,70.197,18
2024-05-20 12:55:00-04:00,70.17,70.2,70.16,70.2,6832.0,70.179,52
2024-05-20 13:00:00-04:00,70.2,70.2,70.15,70.15,2939.0,70.168,24
2024-05-20 13:05:00-04:00,70.15,70.15,70.13,70.14,1107.0,70.138,8
2024-05-20 13:10:00-04:00,70.14,70.16,70.13,70.13,3210.0,70.146,24
2024-05-20 13:15:00-04:00,70.14,70.15,70.13,70.13,1755.0,70.138,16
2024-05-20 13:20:00-04:00,70.13,70.13,70.05,70.08,8460.0,70.09,59
2024-05-20 13:25:00-04:00,70.08,70.11,70.05,70.08,4888.0,70.076,37
2024-05-20 13:30:00-04:00,70.07,70.1,70.03,70.1,7612.0,70.057,61
2024-05-20 13:35:00-04:00,70.09,70.1,70.08,70.09,1768.0,70.087,13
2024-05-20 13:40:00-04:00,70.09,70.1,70.04,70.04,6254.0,70.072,44
2024-05-20 13:45:00-04:00,70.05,70.06,70.03,70.04,6008.0,70.039,29
2024-05-20 13:50:00-04:00,70.04,70.05,70.01,70.01,5066.0,70.035,32
2024-05-20 13:55:00-04:00,70.01,70.01,69.91,69.92,5321.0,69.964,48
2024-05-20 14:00:00-04:00,69.92,69.93,69.87,69.9,7558.0,69.9,60
2024-05-20 14:05:00-04:00,69.9,69.91,69.81,69.84,10068.0,69.849,85
2024-05-20 14:10:00-04:00,69.83,69.85,69.82,69.83,4657.0,69.833,34
2024-05-20 14:15:00-04:00,69.82,69.84,69.79,69.81,7567.0,69.814,61
2024-05-20 14:20:00-04:00,69.81,69.82,69.79,69.79,3051.0,69.809,27
2024-05-20 14:25:00-04:00,69.79,69.82,69.79,69.81,5510.0,69.803,49
2024-05-20 14:30:00-04:00,69.81,69.82,69.79,69.81,4435.0,69.812,41
2024-05-20 14:35:00-04:00,69.8,69.8,69.75,69.78,7276.0,69.782,56
2024-05-20 14:40:00-04:00,69.78,69.82,69.75,69.81,9973.0,69.791,77
2024-05-20 14:45:00-04:00,69.82,69.83,69.81,69.82,1937.0,69.815,16
2024-05-20 14:50:00-04:00,69.81,69.82,69.77,69.77,6401.0,69.795,46
2024-05-20 14:55:00-04:00,69.77,69.78,69.75,69.76,4794.0,69.77,43
2024-05-20 15:00:00-04:00,69.75,69.89,69.74,69.89,9831.0,69.803,84
2024-05-20 15:05:00-04:00,69.88,69.91,69.87,69.89,5748.0,69.888,41
2024-05-20 15:10:00-04:00,69.88,69.97,69.86,69.97,29555.0,69.894,89
2024-05-20 15:15:00-04:00,69.97,69.98,69.92,69.94,10388.0,69.943,48
2024-05-20 15:20:00-04:00,69.95,69.95,69.92,69.93,6624.0,69.931,45
2024-05-20 15:25:00-04:00,69.93,69.93,69.87,69.89,12439.0,69.901,81
2024-05-20 15:30:00-04:00,69.89,69.94,69.86,69.87,8714.0,69.896,60
2024-05-20 15:35:00-04:00,69.87,69.95,69.87,69.94,13524.0,69.915,90
2024-05-20 15:40:00-04:00,69.95,69.96,69.91,69.93,12518.0,69.933,91
2024-05-20 15:45:00-04:00,69.93,70.01,69.9,70.01,17556.0,69.939,130
2024-05-20 15:50:00-04:00,70.01,70.04,69.97,70.01,23227.0,70.012,155
2024-05-20 15:55:00-04:00,70.01,70.13,69.97,70.08,109099.0,70.066,632
2024-05-21 09:30:00-04:00,70.09,70.43,69.76,70.03,20902.0,70.109,75
2024-05-21 09:35:00-04:00,70.04,70.14,69.97,70.02,3627.0,70.022,26
2024-05-21 09:40:00-04:00,69.98,70.13,69.98,70.09,3321.0,70.082,22
2024-05-21 09:45:00-04:00,70.14,70.2,70.1,70.12,11437.0,70.128,52
2024-05-21 09:50:00-04:00,70.12,70.15,70.0,70.03,5640.0,70.057,28
2024-05-21 09:55:00-04:00,70.03,70.24,70.03,70.1,7219.0,70.135,50
2024-05-21 10:00:00-04:00,70.13,70.16,70.01,70.12,8578.0,70.088,53
2024-05-21 10:05:00-04:00,70.13,70.21,70.13,70.19,10862.0,70.163,73
2024-05-21 10:10:00-04:00,70.22,70.24,70.19,70.23,15814.0,70.212,92
2024-05-21 10:15:00-04:00,70.22,70.27,70.19,70.23,11870.0,70.229,75
2024-05-21 10:20:00-04:00,70.22,70.23,70.18,70.19,5826.0,70.205,41
2024-05-21 10:25:00-04:00,70.19,70.19,70.12,70.14,20047.0,70.147,100
2024-05-21 10:30:00-04:00,70.14,70.14,70.05,70.06,5888.0,70.114,39
2024-05-21 10:35:00-04:00,70.06,70.14,70.05,70.07,8580.0,70.076,42
2024-05-21 10:40:00-04:00,70.1,70.1,70.02,70.05,4153.0,70.067,28
2024-05-21 10:45:00-04:00,70.06,70.06,70.0,70.01,3540.0,70.021,21
2024-05-21 10:50:00-04:00,70.0,70.01,69.92,69.98,3624.0,69.975,25
2024-05-21 10:55:00-04:00,70.0,70.02,69.94,69.95,3225.0,69.995,30
2024-05-21 11:00:00-04:00,69.94,69.94,69.91,69.92,2214.0,69.924,19
2024-05-21 11:05:00-04:00,69.94,69.94,69.86,69.88,3487.0,69.906,26
2024-05-21 11:10:00-04:00,69.87,69.91,69.87,69.9,3501.0,69.883,27
2024-05-21 11:15:00-04:00,69.89,69.97,69.89,69.97,1687.0,69.935,13
2024-05-21 11:20:00-04:00,69.95,69.98,69.91,69.93,6064.0,69.952,43
2024-05-21 11:25:00-04:00,69.93,70.01,69.91,70.01,2914.0,69.955,26
2024-05-21 11:30:00-04:00,70.02,70.1,70.0,70.01,5008.0,70.052,41
2024-05-21 11:35:00-04:00,70.03,70.03,69.99,70.02,1671.0,70.01,12
2024-05-21 11:40:00-04:00,70.01,70.01,69.97,69.98,1789.0,69.993,11
2024-05-21 11:45:00-04:00,69.97,70.01,69.96,70.01,3117.0,69.981,24
2024-05-21 11:50:00-04:00,69.99,70.01,69.98,69.98,3716.0,69.99,30
2024-05-21 11:55:00-04:00,69.97,69.97,69.9,69.9,2406.0,69.945,21
2024-05-21 12:00:00-04:00,69.92,69.95,69.91,69.95,2860.0,69.931,26
2024-05-21 12:05:00-04:00,69.93,69.95,69.9,69.95,3655.0,69.925,26
2024-05-21 12:10:00-04:00,69.99,70.01,69.96,70.0,2235.0,69.984,17
2024-05-21 12:15:00-04:00,70.0,70.06,69.99,70.06,4215.0,70.009,38
2024-05-21 12:20:00-04:00,70.06,70.17,70.06,70.17,4568.0,70.123,37
2024-05-21 12:25:00-04:00,70.16,70.17,70.13,70.17,2060.0,70.143,13
2024-05-21 12:30:00-04:00,70.2,70.2,70.13,70.18,3759.0,70.151,19
2024-05-21 12:35:00-04:00,70.16,70.19,70.16,70.17,2845.0,70.174,18
2024-05-21 12:40:00-04:00,70.16,70.19,70.15,70.19,2525.0,70.177,20
2024-05-21 12:45:00-04:00,70.2,70.22,70.16,70.19,3406.0,70.204,19
2024-05-21 12:50:00-04:00,70.22,70.23,70.2,70.2,2028.0,70.217,18
2024-05-21 12:55:00-04:00,70.21,70.21,70.19,70.2,300.0,70.2,2
2024-05-21 13:00:00-04:00,70.18,70.25,70.17,70.17,2664.0,70.216,24
2024-05-21 13:05:00-04:00,70.17,70.22,70.17,70.19,2467.0,70.19,14
2024-05-21 13:10:00-04:00,70.21,70.21,70.14,70.16,3175.0,70.173,18
2024-05-21 13:15:00-04:00,70.15,70.18,70.15,70.16,3136.0,70.158,16
2024-05-21 13:20:00-04:00,70.15,70.16,70.13,70.15,3251.0,70.139,20
2024-05-21 13:25:00-04:00,70.16,70.24,70.16,70.21,9486.0,70.204,22
2024-05-21 13:30:00-04:00,70.2,70.23,70.2,70.23,840.0,70.218,5
2024-05-21 13:35:00-04:00,70.24,70.24,70.2,70.23,2334.0,70.222,16
2024-05-21 13:40:00-04:00,70.24,70.25,70.23,70.25,1425.0,70.238,8
2024-05-21 13:45:00-04:00,70.24,70.26,70.24,70.26,1528.0,70.244,7
2024-05-21 13:50:00-04:00,70.26,70.26,70.19,70.19,9814.0,70.214,42
2024-05-21 13:55:00-04:00,70.2,70.23,70.17,70.17,6753.0,70.187,25
2024-05-21 14:00:00-04:00,70.19,70.19,70.16,70.17,5000.0,70.179,21
2024-05-21 14:05:00-04:00,70.16,70.2,70.16,70.18,2650.0,70.177,17
2024-05-21 14:10:00-04:00,70.17,70.17,70.15,70.16,2399.0,70.165,18
2024-05-21 14:15:00-04:00,70.18,70.19,70.15,70.15,5501.0,70.176,23
2024-05-21 14:20:00-04:00,70.15,70.15,70.13,70.14,3264.0,70.146,25
2024-05-21 14:25:00-04:00,70.15,70.15,70.13,70.14,3057.0,70.14,23
2024-05-21 14:30:00-04:00,70.15,70.18,70.13,70.13,12839.0,70.156,64
2024-05-21 14:35:00-04:00,70.14,70.14,70.08,70.08,1697.0,70.101,15
2024-05-21 14:40:00-04:00,70.09,70.09,70.04,70.04,3362.0,70.061,27
2024-05-21 14:45:00-04:00,70.05,70.12,70.05,70.11,2721.0,70.099,20
2024-05-21 14:50:00-04:00,70.11,70.14,70.11,70.14,800.0,70.116,8
2024-05-21 14:55:00-04:00,70.15,70.16,70.13,70.13,5961.0,70.144,34
2024-05-21 15:00:00-04:00,70.15,70.15,70.13,70.15,3034.0,70.145,18
2024-05-21 15:05:00-04:00,70.15,70.16,70.12,70.13,7823.0,70.141,54
2024-05-21 15:10:00-04:00,70.13,70.15,70.12,70.13,7033.0,70.136,53
2024-05-21 15:15:00-04:00,70.13,70.17,70.13,70.16,7759.0,70.144,45
2024-05-21 15:20:00-04:00,70.16,70.17,70.14,70.15,4354.0,70.157,26
2024-05-21 15:25:00-04:00,70.15,70.17,70.11,70.15,8158.0,70.138,60
2024-05-21 15:30:00-04:00,70.15,70.19,70.15,70.19,5371.0,70.166,35
2024-05-21 15:35:00-04:00,70.2,70.22,70.14,70.14,9135.0,70.184,68
2024-05-21 15:40:00-04:00,70.14,70.17,70.11,70.14,14034.0,70.147,83
2024-05-21 15:45:00-04:00,70.14,70.18,70.12,70.15,12521.0,70.144,104
2024-05-21 15:50:00-04:00,70.16,70.27,70.14,70.16,59261.0,70.191,331
2024-05-21 15:55:00-04:00,70.16,70.33,70.15,70.32,77158.0,70.264,422
2024-05-22 09:30:00-04:00,69.62,69.78,69.39,69.76,30982.0,69.592,68
2024-05-22 09:35:00-04:00,69.72,69.88,69.57,69.88,13634.0,69.746,96
2024-05-22 09:40:00-04:00,69.88,70.24,69.88,70.2,8739.0,70.072,63
2024-05-22 09:45:00-04:00,70.2,70.2,69.89,69.92,16348.0,70.078,102
2024-05-22 09:50:00-04:00,69.89,69.95,69.71,69.75,5532.0,69.869,49
2024-05-22 09:55:00-04:00,69.78,69.81,69.72,69.72,14479.0,69.761,80
2024-05-22 10:00:00-04:00,69.73,69.82,69.62,69.66,9313.0,69.704,84
2024-05-22 10:05:00-04:00,69.66,69.75,69.57,69.59,11228.0,69.671,96
2024-05-22 10:10:00-04:00,69.64,69.66,69.59,69.59,9096.0,69.634,83
2024-05-22 10:15:00-04:00,69.59,69.78,69.59,69.76,8056.0,69.728,68
2024-05-22 10:20:00-04:00,69.76,69.82,69.75,69.82,4422.0,69.794,38
2024-05-22 10:25:00-04:00,69.83,69.9,69.83,69.9,6854.0,69.87,63
2024-05-22 10:30:00-04:00,69.88,69.91,69.8,69.81,8888.0,69.872,68
2024-05-22 10:35:00-04:00,69.8,69.89,69.8,69.88,3466.0,69.868,29
2024-05-22 10:40:00-04:00,69.88,69.88,69.81,69.85,6622.0,69.859,52
2024-05-22 10:45:00-04:00,69.84,69.94,69.83,69.94,3644.0,69.869,33
2024-05-22 10:50:00-04:00,69.94,69.94,69.91,69.92,4092.0,69.93,34
2024-05-22 10:55:00-04:00,69.93,69.97,69.82,69.9,8543.0,69.915,71
2024-05-22 11:00:00-04:00,69.91,69.95,69.91,69.95,3241.0,69.929,23
2024-05-22 11:05:00-04:00,69.95,70.0,69.95,69.98,3559.0,69.98,22
2024-05-22 11:10:00-04:00,69.97,69.99,69.82,69.84,9730.0,69.926,76
2024-05-22 11:15:00-04:00,69.84,69.87,69.8,69.8,12927.0,69.837,75
2024-05-22 11:20:00-04:00,69.8,69.83,69.76,69.82,6495.0,69.803,50
2024-05-22 11:25:00-04:00,69.82,69.87,69.8,69.82,19928.0,69.827,128
2024-05-22 11:30:00-04:00,69.83,69.83,69.74,69.81,10282.0,69.794,82
2024-05-22 11:35:00-04:00,69.82,69.86,69.8,69.85,9544.0,69.842,78
2024-05-22 11:40:00-04:00,69.83,69.86,69.81,69.82,6951.0,69.84,54
2024-05-22 11:45:00-04:00,69.81,69.81,69.71,69.75,11575.0,69.757,43
2024-05-22 11:50:00-04:00,69.74,69.74,69.62,69.65,9816.0,69.669,84
2024-05-22 11:55:00-04:00,69.64,69.68,69.64,69.67,2508.0,69.651,20
2024-05-22 12:00:00-04:00,69.67,69.71,69.66,69.69,5151.0,69.684,34
2024-05-22 12:05:00-04:00,69.7,69.72,69.67,69.69,9158.0,69.695,62
2024-05-22 12:10:00-04:00,69.69,69.76,69.69,69.76,5042.0,69.704,42
2024-05-22 12:15:00-04:00,69.78,69.78,69.75,69.78,3163.0,69.768,19
2024-05-22 12:20:00-04:00,69.78,69.84,69.76,69.84,3040.0,69.782,27
2024-05-22 12:25:00-04:00,69.85,69.98,69.85,69.98,3346.0,69.917,21
2024-05-22 12:30:00-04:00,69.98,69.98,69.93,69.95,8122.0,69.956,53
2024-05-22 12:35:00-04:00,69.95,69.98,69.94,69.97,2529.0,69.96,21
2024-05-22 12:40:00-04:00,69.99,70.0,69.96,69.96,4574.0,69.983,36
2024-05-22 12:45:00-04:00,69.97,69.99,69.94,69.96,2967.0,69.966,26
2024-05-22 12:50:00-04:00,69.96,69.97,69.95,69.96,2300.0,69.954,23
2024-05-22 12:55:00-04:00,69.97,70.02,69.97,69.98,5857.0,70.002,49
2024-05-22 13:00:00-04:00,69.99,70.01,69.98,70.01,1098.0,69.991,7
2024-05-22 13:05:00-04:00,70.01,70.04,70.01,70.01,3636.0,70.023,33
2024-05-22 13:10:00-04:00,70.02,70.04,70.0,70.01,4118.0,70.021,33
2024-05-22 13:15:00-04:00,70.02,70.02,70.0,70.0,4460.0,70.001,23
2024-05-22 13:20:00-04:00,70.0,70.01,69.95,69.98,7610.0,69.978,36
2024-05-22 13:25:00-04:00,69.97,69.97,69.91,69.92,7936.0,69.944,49
2024-05-22 13:30:00-04:00,69.92,69.93,69.91,69.91,3642.0,69.916,26
2024-05-22 13:35:00-04:00,69.92,69.95,69.82,69.91,35586.0,69.903,130
2024-05-22 13:40:00-04:00,69.93,69.93,69.86,69.88,7286.0,69.91,37
2024-05-22 13:45:00-04:00,69.87,69.98,69.87,69.98,5237.0,69.899,43
2024-05-22 13:50:00-04:00,69.98,70.02,69.96,69.97,5790.0,69.992,50
2024-05-22 13:55:00-04:00,69.96,70.01,69.96,70.0,4190.0,69.981,20
2024-05-22 14:00:00-04:00,69.99,70.03,69.81,69.88,6248.0,69.953,55
2024-05-22 14:05:00-04:00,69.94,69.94,69.89,69.92,3236.0,69.925,29
2024-05-22 14:10:00-04:00,69.92,69.95,69.87,69.87,4313.0,69.921,35
2024-05-22 14:15:00-04:00,69.89,69.89,69.81,69.84,5688.0,69.838,37
2024-05-22 14:20:00-04:00,69.83,69.83,69.74,69.81,6013.0,69.794,52
2024-05-22 14:25:00-04:00,69.81,69.83,69.76,69.77,5116.0,69.8,44
2024-05-22 14:30:00-04:00,69.76,69.83,69.76,69.8,5944.0,69.797,52
2024-05-22 14:35:00-04:00,69.8,69.85,69.79,69.85,4125.0,69.816,40
2024-05-22 14:40:00-04:00,69.85,69.86,69.8,69.81,4126.0,69.827,36
2024-05-22 14:45:00-04:00,69.8,69.9,69.79,69.88,5784.0,69.854,55
2024-05-22 14:50:00-04:00,69.88,69.89,69.84,69.85,4421.0,69.865,39
2024-05-22 14:55:00-04:00,69.86,69.91,69.85,69.91,4969.0,69.89,43
2024-05-22 15:00:00-04:00,69.91,69.96,69.91,69.96,3253.0,69.951,31
2024-05-22 15:05:00-04:00,69.98,70.05,69.97,70.05,5443.0,70.022,47
2024-05-22 15:10:00-04:00,70.04,70.04,69.99,70.0,5255.0,70.01,39
2024-05-22 15:15:00-04:00,70.01,70.05,69.89,69.89,13407.0,70.013,48
2024-05-22 15:20:00-04:00,69.88,70.0,69.86,69.96,11552.0,69.929,95
2024-05-22 15:25:00-04:00,69.96,69.97,69.92,69.93,7272.0,69.943,62
2024-05-22 15:30:00-04:00,69.94,70.09,69.92,70.04,12028.0,70.003,94
2024-05-22 15:35:00-04:00,70.05,70.06,69.98,70.05,14670.0,70.021,87
2024-05-22 15:40:00-04:00,70.04,70.04,69.97,69.97,9302.0,70.013,83
2024-05-22 15:45:00-04:00,69.97,69.99,69.84,69.89,25388.0,69.917,205
2024-05-22 15:50:00-04:00,69.88,70.07,69.87,70.04,35997.0,69.992,287
2024-05-22 15:55:00-04:00,70.05,70.15,69.98,70.13,152314.0,70.077,837
2024-05-23 09:30:00-04:00,70.05,70.28,69.8,70.04,25773.0,70.045,23
2024-05-23 09:35:00-04:00,69.97,69.97,69.82,69.92,2959.0,69.951,14
2024-05-23 09:40:00-04:00,69.91,69.91,69.74,69.87,9334.0,69.827,63
2024-05-23 09:45:00-04:00,69.89,69.94,69.7,69.7,6822.0,69.82,43
2024-05-23 09:50:00-04:00,69.65,69.66,69.33,69.33,10193.0,69.517,67
2024-05-23 09:55:00-04:00,69.36,69.5,69.31,69.43,21939.0,69.419,145
2024-05-23 10:00:00-04:00,69.41,69.51,69.38,69.45,7143.0,69.464,61
2024-05-23 10:05:00-04:00,69.48,69.56,69.44,69.48,6113.0,69.514,46
2024-05-23 10:10:00-04:00,69.5,69.51,69.39,69.44,10690.0,69.453,78
2024-05-23 10:15:00-04:00,69.44,69.51,69.42,69.43,5610.0,69.468,44
2024-05-23 10:20:00-04:00,69.44,69.44,69.3,69.32,6040.0,69.352,46
2024-05-23 10:25:00-04:00,69.34,69.34,69.25,69.27,9214.0,69.307,69
2024-05-23 10:30:00-04:00,69.26,69.27,69.19,69.2,8912.0,69.237,63
2024-05-23 10:35:00-04:00,69.2,69.23,69.17,69.19,9511.0,69.201,58
2024-05-23 10:40:00-04:00,69.21,69.24,69.16,69.19,7701.0,69.198,52
2024-05-23 10:45:00-04:00,69.2,69.21,69.1,69.12,7297.0,69.148,56
2024-05-23 10:50:00-04:00,69.1,69.1,68.99,68.99,8243.0,69.042,61
2024-05-23 10:55:00-04:00,68.98,69.15,68.98,69.12,11396.0,69.044,86
2024-05-23 11:00:00-04:00,69.12,69.29,69.12,69.29,3213.0,69.217,26
2024-05-23 11:05:00-04:00,69.29,69.3,69.19,69.26,13986.0,69.266,60
2024-05-23 11:10:00-04:00,69.26,69.26,69.17,69.17,27289.0,69.19,40
2024-05-23 11:15:00-04:00,69.2,69.23,69.17,69.17,17798.0,69.192,89
2024-05-23 11:20:00-04:00,69.19,69.27,69.19,69.22,5373.0,69.235,38
2024-05-23 11:25:00-04:00,69.21,69.23,69.14,69.14,5056.0,69.201,35
2024-05-23 11:30:00-04:00,69.11,69.11,69.07,69.09,3287.0,69.092,23
2024-05-23 11:35:00-04:00,69.12,69.12,68.97,68.97,9285.0,69.049,72
2024-05-23 11:40:00-04:00,68.98,68.98,68.89,68.92,7264.0,68.937,56
2024-05-23 11:45:00-04:00,68.94,68.98,68.88,68.93,15387.0,68.951,123
2024-05-23 11:50:00-04:00,68.94,68.98,68.94,68.97,5715.0,68.968,47
2024-05-23 11:55:00-04:00,68.98,69.03,68.9,68.9,18014.0,68.986,122
2024-05-23 12:00:00-04:00,68.9,69.08,68.89,69.05,25118.0,69.008,181
2024-05-23 12:05:00-04:00,69.04,69.04,68.95,69.01,13269.0,69.002,86
2024-05-23 12:10:00-04:00,69.0,69.02,68.97,68.98,11830.0,68.998,97
2024-05-23 12:15:00-04:00,68.99,68.99,68.86,68.87,10982.0,68.938,81
2024-05-23 12:20:00-04:00,68.88,68.97,68.87,68.97,12362.0,68.908,100
2024-05-23 12:25:00-04:00,68.96,69.02,68.96,69.0,9494.0,68.992,64
2024-05-23 12:30:00-04:00,69.0,69.11,68.99,69.11,4713.0,69.045,36
2024-05-23 12:35:00-04:00,69.12,69.14,69.07,69.09,11250.0,69.117,93
2024-05-23 12:40:00-04:00,69.09,69.09,69.03,69.04,3173.0,69.06,27
2024-05-23 12:45:00-04:00,69.04,69.04,68.99,69.02,6450.0,69.018,44
2024-05-23 12:50:00-04:00,69.0,69.03,68.94,68.99,7712.0,68.997,58
2024-05-23 12:55:00-04:00,68.99,68.99,68.92,68.95,7105.0,68.956,51
2024-05-23 13:00:00-04:00,68.95,68.96,68.91,68.91,7469.0,68.94,55
2024-05-23 13:05:00-04:00,68.93,68.97,68.91,68.96,8711.0,68.935,51
2024-05-23 13:10:00-04:00,68.97,68.99,68.92,68.93,9348.0,68.966,55
2024-05-23 13:15:00-04:00,68.94,68.95,68.89,68.9,4768.0,68.928,35
2024-05-23 13:20:00-04:00,68.88,68.88,68.79,68.83,8390.0,68.83,67
2024-05-23 13:25:00-04:00,68.83,68.89,68.8,68.86,10976.0,68.836,87
2024-05-23 13:30:00-04:00,68.85,68.85,68.81,68.82,6285.0,68.821,52
2024-05-23 13:35:00-04:00,68.81,68.83,68.7,68.72,15328.0,68.762,103
2024-05-23 13:40:00-04:00,68.72,68.77,68.62,68.62,6497.0,68.727,51
2024-05-23 13:45:00-04:00,68.64,68.69,68.63,68.69,3745.0,68.662,28
2024-05-23 13:50:00-04:00,68.7,68.74,68.6,68.64,11024.0,68.704,88
2024-05-23 13:55:00-04:00,68.61,68.61,68.52,68.55,12998.0,68.574,88
2024-05-23 14:00:00-04:00,68.54,68.55,68.49,68.5,6208.0,68.525,44
2024-05-23 14:05:00-04:00,68.51,68.54,68.46,68.54,12028.0,68.506,83
2024-05-23 14:10:00-04:00,68.54,68.55,68.44,68.48,4694.0,68.512,35
2024-05-23 14:15:00-04:00,68.5,68.52,68.41,68.42,6837.0,68.497,56
2024-05-23 14:20:00-04:00,68.42,68.47,68.39,68.39,10453.0,68.444,74
2024-05-23 14:25:00-04:00,68.39,68.45,68.38,68.44,17637.0,68.418,135
2024-05-23 14:30:00-04:00,68.44,68.49,68.38,68.43,14659.0,68.439,109
2024-05-23 14:35:00-04:00,68.45,68.52,68.37,68.5,19553.0,68.447,142
2024-05-23 14:40:00-04:00,68.5,68.52,68.43,68.43,10760.0,68.489,76
2024-05-23 14:45:00-04:00,68.45,68.52,68.42,68.49,14889.0,68.447,91
2024-05-23 14:50:00-04:00,68.48,68.57,68.47,68.56,7802.0,68.525,65
2024-05-23 14:55:00-04:00,68.57,68.59,68.53,68.56,9400.0,68.565,82
2024-05-23 15:00:00-04:00,68.57,68.61,68.54,68.57,12589.0,68.57,89
2024-05-23 15:05:00-04:00,68.59,68.65,68.59,68.65,11564.0,68.635,86
2024-05-23 15:10:00-04:00,68.65,68.66,68.6,68.66,9644.0,68.63,72
2024-05-23 15:15:00-04:00,68.67,68.7,68.64,68.67,15223.0,68.676,114
2024-05-23 15:20:00-04:00,68.67,68.71,68.6,68.63,12087.0,68.663,59
2024-05-23 15:25:00-04:00,68.64,68.67,68.63,68.66,14287.0,68.652,118
2024-05-23 15:30:00-04:00,68.66,68.67,68.61,68.66,22575.0,68.647,139
2024-05-23 15:35:00-04:00,68.67,68.67,68.6,68.61,10707.0,68.651,83
2024-05-23 15:40:00-04:00,68.61,68.63,68.56,68.62,29631.0,68.603,221
2024-05-23 15:45:00-04:00,68.6,68.68,68.54,68.66,16058.0,68.614,118
2024-05-23 15:50:00-04:00,68.66,68.66,68.57,68.61,20000.0,68.612,153
2024-05-23 15:55:00-04:00,68.62,68.62,68.52,68.56,90056.0,68.57,474
2024-05-24 09:30:00-04:00,68.98,69.13,68.95,68.97,16816.0,68.987,21
2024-05-24 09:35:00-04:00,68.91,69.01,68.79,68.97,7337.0,68.886,62
2024-05-24 09:40:00-04:00,68.91,68.91,68.51,68.51,5691.0,68.68,41
2024-05-24 09:45:00-04:00,68.49,68.56,68.45,68.55,12521.0,68.507,83
2024-05-24 09:50:00-04:00,68.52,68.6,68.45,68.56,10123.0,68.542,76
2024-05-24 09:55:00-04:00,68.54,68.55,68.47,68.47,8000.0,68.515,54
2024-05-24 10:00:00-04:00,68.52,68.68,68.5,68.65,17687.0,68.583,140
2024-05-24 10:05:00-04:00,68.66,68.66,68.48,68.49,34874.0,68.611,48
2024-05-24 10:10:00-04:00,68.49,68.53,68.45,68.45,5519.0,68.501,45
2024-05-24 10:15:00-04:00,68.44,68.47,68.31,68.31,25034.0,68.426,82
2024-05-24 10:20:00-04:00,68.32,68.34,68.09,68.11,23124.0,68.153,196
2024-05-24 10:25:00-04:00,68.09,68.29,68.09,68.13,18982.0,68.203,113
2024-05-24 10:30:00-04:00,68.11,68.18,68.09,68.15,21147.0,68.125,148
2024-05-24 10:35:00-04:00,68.13,68.28,68.01,68.26,67992.0,68.136,288
2024-05-24 10:40:00-04:00,68.34,68.4,68.07,68.09,41819.0,68.259,239
2024-05-24 10:45:00-04:00,68.11,68.24,68.08,68.23,29225.0,68.153,185
2024-05-24 10:50:00-04:00,68.23,68.24,68.15,68.2,39806.0,68.209,231
2024-05-24 10:55:00-04:00,68.22,68.32,68.18,68.31,30872.0,68.205,177
2024-05-24 11:00:00-04:00,68.33,68.34,68.19,68.24,30689.0,68.235,188
2024-05-24 11:05:00-04:00,68.23,68.42,68.23,68.36,10900.0,68.322,79
2024-05-24 11:10:00-04:00,68.34,68.39,68.3,68.37,11085.0,68.329,62
2024-05-24 11:15:00-04:00,68.37,68.42,68.32,68.33,12576.0,68.365,72
2024-05-24 11:20:00-04:00,68.33,68.34,68.25,68.32,8501.0,68.299,51
2024-05-24 11:25:00-04:00,68.32,68.33,68.25,68.27,7232.0,68.295,52
2024-05-24 11:30:00-04:00,68.26,68.35,68.25,68.33,11249.0,68.301,72
2024-05-24 11:35:00-04:00,68.33,68.34,68.17,68.2,24249.0,68.223,112
2024-05-24 11:40:00-04:00,68.19,68.2,68.09,68.09,14612.0,68.161,93
2024-05-24 11:45:00-04:00,68.09,68.15,68.06,68.13,26540.0,68.113,142
2024-05-24 11:50:00-04:00,68.14,68.15,68.08,68.15,15471.0,68.112,112
2024-05-24 11:55:00-04:00,68.15,68.2,68.12,68.17,24947.0,68.162,140
2024-05-24 12:00:00-04:00,68.16,68.21,68.05,68.06,14730.0,68.114,92
2024-05-24 12:05:00-04:00,68.05,68.08,68.01,68.02,16718.0,68.043,124
2024-05-24 12:10:00-04:00,68.02,68.2,68.01,68.19,12838.0,68.094,76
2024-05-24 12:15:00-04:00,68.2,68.22,68.18,68.22,3388.0,68.196,23
2024-05-24 12:20:00-04:00,68.23,68.23,68.11,68.11,7331.0,68.187,56
2024-05-24 12:25:00-04:00,68.11,68.11,68.05,68.08,5565.0,68.087,43
2024-05-24 12:30:00-04:00,68.1,68.13,68.05,68.05,5154.0,68.102,32
2024-05-24 12:35:00-04:00,68.05,68.09,68.05,68.09,6711.0,68.069,38
2024-05-24 12:40:00-04:00,68.09,68.18,68.09,68.18,3492.0,68.127,31
2024-05-24 12:45:00-04:00,68.18,68.3,68.18,68.3,2965.0,68.222,26
2024-05-24 12:50:00-04:00,68.29,68.38,68.29,68.38,2519.0,68.334,22
2024-05-24 12:55:00-04:00,68.38,68.38,68.32,68.37,3955.0,68.352,36
2024-05-24 13:00:00-04:00,68.39,68.39,68.26,68.26,5639.0,68.329,52
2024-05-24 13:05:00-04:00,68.26,68.28,68.25,68.26,2183.0,68.259,19
2024-05-24 13:10:00-04:00,68.24,68.3,68.24,68.3,3157.0,68.28,29
2024-05-24 13:15:00-04:00,68.32,68.45,68.32,68.45,3414.0,68.4,24
2024-05-24 13:20:00-04:00,68.46,68.54,68.44,68.53,3534.0,68.471,29
2024-05-24 13:25:00-04:00,68.54,68.62,68.53,68.61,5329.0,68.574,44
2024-05-24 13:30:00-04:00,68.59,68.61,68.53,68.55,5792.0,68.578,54
2024-05-24 13:35:00-04:00,68.58,68.67,68.58,68.62,5167.0,68.636,47
2024-05-24 13:40:00-04:00,68.62,68.62,68.5,68.56,6236.0,68.54,52
2024-05-24 13:45:00-04:00,68.56,68.61,68.52,68.57,6812.0,68.56,61
2024-05-24 13:50:00-04:00,68.56,68.6,68.52,68.55,5541.0,68.562,44
2024-05-24 13:55:00-04:00,68.55,68.59,68.53,68.57,5085.0,68.553,46
2024-05-24 14:00:00-04:00,68.59,68.64,68.57,68.63,3094.0,68.606,28
2024-05-24 14:05:00-04:00,68.62,68.66,68.6,68.65,3271.0,68.634,21
2024-05-24 14:10:00-04:00,68.65,68.67,68.61,68.65,3200.0,68.64,31
2024-05-24 14:15:00-04:00,68.66,68.67,68.62,68.62,3523.0,68.641,25
2024-05-24 14:20:00-04:00,68.61,68.61,68.54,68.54,2029.0,68.582,18
2024-05-24 14:25:00-04:00,68.53,68.55,68.53,68.54,2957.0,68.542,14
2024-05-24 14:30:00-04:00,68.55,68.59,68.54,68.57,3121.0,68.564,26
2024-05-24 14:35:00-04:00,68.55,68.58,68.54,68.57,3623.0,68.56,29
2024-05-24 14:40:00-04:00,68.58,68.67,68.58,68.67,4608.0,68.628,35
2024-05-24 14:45:00-04:00,68.68,68.78,68.66,68.78,10666.0,68.709,66
2024-05-24 14:50:00-04:00,68.77,68.81,68.74,68.8,9908.0,68.77,53
2024-05-24 14:55:00-04:00,68.8,68.82,68.76,68.82,5965.0,68.802,42
2024-05-24 15:00:00-04:00,68.79,68.82,68.68,68.71,10476.0,68.757,69
2024-05-24 15:05:00-04:00,68.72,68.81,68.7,68.77,9146.0,68.772,48
2024-05-24 15:10:00-04:00,68.76,68.82,68.76,68.79,7717.0,68.803,44
2024-05-24 15:15:00-04:00,68.79,68.86,68.78,68.85,7336.0,68.808,42
2024-05-24 15:20:00-04:00,68.85,68.86,68.83,68.84,9215.0,68.848,47
2024-05-24 15:25:00-04:00,68.85,68.86,68.85,68.85,10794.0,68.853,57
2024-05-24 15:30:00-04:00,68.85,68.85,68.79,68.85,21100.0,68.833,121
2024-05-24 15:35:00-04:00,68.84,68.87,68.8,68.85,17133.0,68.831,112
2024-05-24 15:40:00-04:00,68.83,68.87,68.74,68.78,23434.0,68.817,126
2024-05-24 15:45:00-04:00,68.78,68.87,68.78,68.86,11954.0,68.842,76
2024-05-24 15:50:00-04:00,68.85,68.89,68.78,68.88,50328.0,68.838,217
2024-05-24 15:55:00-04:00,68.88,68.92,68.87,68.88,46389.0,68.897,335
2024-05-28 09:30:00-04:00,68.83,68.88,68.48,68.48,26027.0,68.781,37
2024-05-28 09:35:00-04:00,68.41,68.48,68.24,68.24,6098.0,68.413,31
2024-05-28 09:40:00-04:00,68.18,68.41,68.09,68.41,9968.0,68.247,68
2024-05-28 09:45:00-04:00,68.39,68.4,68.08,68.23,12065.0,68.238,94
2024-05-28 09:50:00-04:00,68.25,68.36,68.25,68.3,8372.0,68.3,67
2024-05-28 09:55:00-04:00,68.31,68.37,68.18,68.25,6902.0,68.243,52
2024-05-28 10:00:00-04:00,68.27,68.39,68.26,68.35,5828.0,68.337,43
2024-05-28 10:05:00-04:00,68.36,68.45,68.34,68.44,7633.0,68.398,43
2024-05-28 10:10:00-04:00,68.45,68.46,68.37,68.44,7204.0,68.438,49
2024-05-28 10:15:00-04:00,68.46,68.47,68.27,68.27,7972.0,68.372,70
2024-05-28 10:20:00-04:00,68.28,68.37,68.28,68.36,8102.0,68.316,55
2024-05-28 10:25:00-04:00,68.39,68.45,68.32,68.33,8473.0,68.4,59
2024-05-28 10:30:00-04:00,68.31,68.36,68.3,68.32,5647.0,68.322,42
2024-05-28 10:35:00-04:00,68.33,68.33,68.22,68.23,9993.0,68.277,61
2024-05-28 10:40:00-04:00,68.23,68.27,68.23,68.25,6167.0,68.256,51
2024-05-28 10:45:00-04:00,68.25,68.28,68.22,68.28,13387.0,68.251,93
2024-05-28 10:50:00-04:00,68.28,68.38,68.28,68.34,11280.0,68.355,50
2024-05-28 10:55:00-04:00,68.37,68.41,68.28,68.3,12966.0,68.336,96
2024-05-28 11:00:00-04:00,68.28,68.3,68.25,68.25,3813.0,68.263,33
2024-05-28 11:05:00-04:00,68.24,68.25,68.13,68.19,10629.0,68.197,79
2024-05-28 11:10:00-04:00,68.18,68.25,68.18,68.25,6267.0,68.233,41
2024-05-28 11:15:00-04:00,68.21,68.21,68.12,68.15,4583.0,68.157,42
2024-05-28 11:20:00-04:00,68.2,68.25,68.16,68.25,5209.0,68.208,43
2024-05-28 11:25:00-04:00,68.27,68.27,68.21,68.22,6248.0,68.242,36
2024-05-28 11:30:00-04:00,68.2,68.23,68.17,68.17,6887.0,68.201,54
2024-05-28 11:35:00-04:00,68.17,68.21,68.14,68.21,11567.0,68.166,82
2024-05-28 11:40:00-04:00,68.22,68.24,68.14,68.23,13992.0,68.199,100
2024-05-28 11:45:00-04:00,68.24,68.24,68.19,68.2,5337.0,68.212,42
2024-05-28 11:50:00-04:00,68.2,68.22,68.15,68.15,6217.0,68.201,55
2024-05-28 11:55:00-04:00,68.18,68.19,68.12,68.12,6445.0,68.169,53
2024-05-28 12:00:00-04:00,68.14,68.14,68.08,68.08,6549.0,68.12,50
2024-05-28 12:05:00-04:00,68.08,68.1,68.03,68.05,8438.0,68.069,62
2024-05-28 12:10:00-04:00,68.04,68.08,68.02,68.03,6146.0,68.055,48
2024-05-28 12:15:00-04:00,68.04,68.04,68.0,68.01,9377.0,68.013,57
2024-05-28 12:20:00-04:00,68.0,68.02,67.94,67.94,6995.0,67.993,48
2024-05-28 12:25:00-04:00,67.94,67.94,67.92,67.94,6310.0,67.932,52
2024-05-28 12:30:00-04:00,67.94,67.95,67.91,67.93,14394.0,67.927,86
2024-05-28 12:35:00-04:00,67.94,67.97,67.9,67.97,15075.0,67.933,94
2024-05-28 12:40:00-04:00,67.97,68.04,67.95,67.95,14059.0,67.99,92
2024-05-28 12:45:00-04:00,67.96,67.96,67.86,67.89,10355.0,67.906,73
2024-05-28 12:50:00-04:00,67.91,67.91,67.85,67.88,7798.0,67.879,66
2024-05-28 12:55:00-04:00,67.86,67.88,67.83,67.83,7684.0,67.85,63
2024-05-28 13:00:00-04:00,67.82,67.82,67.65,67.67,11080.0,67.725,86
2024-05-28 13:05:00-04:00,67.66,67.68,67.63,67.65,18414.0,67.653,113
2024-05-28 13:10:00-04:00,67.66,67.71,67.66,67.68,8372.0,67.692,51
2024-05-28 13:15:00-04:00,67.67,67.7,67.63,67.68,8622.0,67.661,56
2024-05-28 13:20:00-04:00,67.67,67.67,67.63,67.64,4984.0,67.653,37
2024-05-28 13:25:00-04:00,67.65,67.67,67.61,67.63,10260.0,67.648,74
2024-05-28 13:30:00-04:00,67.62,67.66,67.61,67.64,5590.0,67.639,46
2024-05-28 13:35:00-04:00,67.64,67.65,67.61,67.61,10934.0,67.629,72
2024-05-28 13:40:00-04:00,67.62,67.64,67.59,67.62,9483.0,67.618,67
2024-05-28 13:45:00-04:00,67.61,67.61,67.52,67.56,7164.0,67.567,49
2024-05-28 13:50:00-04:00,67.55,67.55,67.42,67.46,10608.0,67.484,77
2024-05-28 13:55:00-04:00,67.47,67.53,67.46,67.52,9959.0,67.49,71
2024-05-28 14:00:00-04:00,67.51,67.55,67.5,67.55,5570.0,67.52,47
2024-05-28 14:05:00-04:00,67.54,67.59,67.53,67.54,9897.0,67.556,59
2024-05-28 14:10:00-04:00,67.53,67.58,67.53,67.56,12031.0,67.547,84
2024-05-28 14:15:00-04:00,67.55,67.57,67.52,67.53,14117.0,67.548,105
2024-05-28 14:20:00-04:00,67.52,67.52,67.43,67.46,13173.0,67.461,84
2024-05-28 14:25:00-04:00,67.45,67.46,67.36,67.37,13210.0,67.412,95
2024-05-28 14:30:00-04:00,67.37,67.37,67.29,67.35,13747.0,67.327,96
2024-05-28 14:35:00-04:00,67.36,67.36,67.29,67.33,7382.0,67.33,54
2024-05-28 14:40:00-04:00,67.33,67.36,67.32,67.34,8389.0,67.337,53
2024-05-28 14:45:00-04:00,67.33,67.36,67.3,67.33,8741.0,67.329,55
2024-05-28 14:50:00-04:00,67.32,67.33,67.28,67.28,8458.0,67.299,66
2024-05-28 14:55:00-04:00,67.28,67.34,67.28,67.31,11536.0,67.309,85
2024-05-28 15:00:00-04:00,67.3,67.3,67.2,67.26,10673.0,67.249,80
2024-05-28 15:05:00-04:00,67.25,67.44,67.25,67.44,17488.0,67.373,122
2024-05-28 15:10:00-04:00,67.44,67.48,67.4,67.42,10913.0,67.435,75
2024-05-28 15:15:00-04:00,67.41,67.44,67.41,67.43,11627.0,67.429,64
2024-05-28 15:20:00-04:00,67.44,67.46,67.4,67.4,23622.0,67.435,180
2024-05-28 15:25:00-04:00,67.41,67.45,67.36,67.38,16321.0,67.4,103
2024-05-28 15:30:00-04:00,67.38,67.41,67.35,67.4,23345.0,67.377,180
2024-05-28 15:35:00-04:00,67.39,67.49,67.37,67.39,22510.0,67.417,166
2024-05-28 15:40:00-04:00,67.38,67.43,67.37,67.37,18860.0,67.385,156
2024-05-28 15:45:00-04:00,67.37,67.4,67.29,67.3,34401.0,67.336,270
2024-05-28 15:50:00-04:00,67.31,67.47,67.31,67.38,56014.0,67.399,430
2024-05-28 15:55:00-04:00,67.39,67.5,67.35,67.47,130339.0,67.428,782
2024-05-29 09:30:00-04:00,66.96,67.15,66.94,67.02,12401.0,66.974,23
2024-05-29 09:35:00-04:00,67.0,67.33,67.0,67.33,1100.0,67.107,8
2024-05-29 09:40:00-04:00,67.33,67.33,67.24,67.28,5296.0,67.277,41
2024-05-29 09:45:00-04:00,67.23,67.28,67.01,67.08,6128.0,67.132,57
2024-05-29 09:50:00-04:00,67.08,67.18,67.07,67.18,3302.0,67.13,29
2024-05-29 09:55:00-04:00,67.18,67.24,67.18,67.23,3861.0,67.216,34
2024-05-29 10:00:00-04:00,67.23,67.28,67.16,67.19,5147.0,67.242,40
2024-05-29 10:05:00-04:00,67.19,67.22,67.08,67.08,2852.0,67.159,27
2024-05-29 10:10:00-04:00,67.1,67.1,66.9,66.98,8579.0,66.974,56
2024-05-29 10:15:00-04:00,66.98,67.04,66.84,66.91,7877.0,66.945,57
2024-05-29 10:20:00-04:00,66.95,67.1,66.89,67.09,75187.0,66.963,309
2024-05-29 10:25:00-04:00,67.1,67.35,67.07,67.21,20382.0,67.243,123
2024-05-29 10:30:00-04:00,67.2,67.33,67.2,67.26,47324.0,67.262,87
2024-05-29 10:35:00-04:00,67.28,67.3,67.23,67.28,10815.0,67.274,79
2024-05-29 10:40:00-04:00,67.26,67.28,67.17,67.18,7919.0,67.241,62
2024-05-29 10:45:00-04:00,67.16,67.17,67.07,67.09,16446.0,67.098,84
2024-05-29 10:50:00-04:00,67.1,67.11,66.97,66.97,6419.0,67.035,48
2024-05-29 10:55:00-04:00,66.97,67.05,66.97,67.05,7652.0,67.013,53
2024-05-29 11:00:00-04:00,67.04,67.04,66.99,67.0,3176.0,67.005,27
2024-05-29 11:05:00-04:00,66.99,67.03,66.99,67.03,6593.0,67.01,39
2024-05-29 11:10:00-04:00,67.02,67.03,66.93,67.0,13446.0,66.968,88
2024-05-29 11:15:00-04:00,67.01,67.12,67.01,67.12,17057.0,67.093,119
2024-05-29 11:20:00-04:00,67.13,67.2,67.12,67.13,8923.0,67.16,78
2024-05-29 11:25:00-04:00,67.1,67.12,67.08,67.12,11750.0,67.104,86
2024-05-29 11:30:00-04:00,67.12,67.12,67.05,67.08,18273.0,67.078,113
2024-05-29 11:35:00-04:00,67.07,67.13,67.06,67.13,5485.0,67.093,46
2024-05-29 11:40:00-04:00,67.13,67.14,67.04,67.06,13346.0,67.101,91
2024-05-29 11:45:00-04:00,67.06,67.1,66.96,66.98,10541.0,67.013,70
2024-05-29 11:50:00-04:00,66.99,66.99,66.91,66.92,5954.0,66.948,38
2024-05-29 11:55:00-04:00,66.92,66.99,66.91,66.97,6600.0,66.95,47
2024-05-29 12:00:00-04:00,66.96,66.97,66.76,66.82,7263.0,66.852,53
2024-05-29 12:05:00-04:00,66.82,66.88,66.82,66.87,5873.0,66.85,42
2024-05-29 12:10:00-04:00,66.87,66.89,66.8,66.8,4197.0,66.851,29
2024-05-29 12:15:00-04:00,66.82,66.85,66.81,66.83,7086.0,66.837,50
2024-05-29 12:20:00-04:00,66.84,66.87,66.82,66.85,10868.0,66.842,45
2024-05-29 12:25:00-04:00,66.86,66.91,66.86,66.87,5582.0,66.884,42
2024-05-29 12:30:00-04:00,66.87,66.91,66.8,66.82,8535.0,66.837,63
2024-05-29 12:35:00-04:00,66.82,66.84,66.79,66.83,9299.0,66.818,64
2024-05-29 12:40:00-04:00,66.82,66.86,66.78,66.85,8085.0,66.817,76
2024-05-29 12:45:00-04:00,66.86,66.91,66.85,66.91,7098.0,66.883,40
2024-05-29 12:50:00-04:00,66.91,66.93,66.9,66.92,4786.0,66.913,41
2024-05-29 12:55:00-04:00,66.91,66.91,66.85,66.87,5090.0,66.879,43
2024-05-29 13:00:00-04:00,66.86,66.89,66.78,66.78,5689.0,66.829,47
2024-05-29 13:05:00-04:00,66.79,66.85,66.78,66.84,7419.0,66.81,62
2024-05-29 13:10:00-04:00,66.85,66.87,66.83,66.85,4154.0,66.85,39
2024-05-29 13:15:00-04:00,66.84,66.84,66.82,66.83,1627.0,66.83,12
2024-05-29 13:20:00-04:00,66.83,66.88,66.82,66.88,4214.0,66.853,35
2024-05-29 13:25:00-04:00,66.89,66.91,66.82,66.9,15385.0,66.854,74
2024-05-29 13:30:00-04:00,66.9,66.92,66.89,66.92,5111.0,66.907,42
2024-05-29 13:35:00-04:00,66.9,66.9,66.84,66.86,3196.0,66.866,27
2024-05-29 13:40:00-04:00,66.86,66.86,66.82,66.83,3601.0,66.839,29
2024-05-29 13:45:00-04:00,66.83,66.87,66.82,66.86,4299.0,66.847,35
2024-05-29 13:50:00-04:00,66.87,66.88,66.82,66.87,9856.0,66.863,74
2024-05-29 13:55:00-04:00,66.88,66.89,66.85,66.85,5487.0,66.868,39
2024-05-29 14:00:00-04:00,66.83,66.89,66.8,66.82,17735.0,66.837,113
2024-05-29 14:05:00-04:00,66.82,66.83,66.79,66.8,14006.0,66.811,81
2024-05-29 14:10:00-04:00,66.79,66.81,66.74,66.78,24441.0,66.79,127
2024-05-29 14:15:00-04:00,66.78,66.78,66.73,66.73,14007.0,66.757,84
2024-05-29 14:20:00-04:00,66.73,66.75,66.7,66.7,9927.0,66.731,75
2024-05-29 14:25:00-04:00,66.71,66.75,66.71,66.72,19042.0,66.729,91
2024-05-29 14:30:00-04:00,66.72,66.75,66.72,66.75,7260.0,66.732,55
2024-05-29 14:35:00-04:00,66.75,66.75,66.73,66.73,11427.0,66.747,69
2024-05-29 14:40:00-04:00,66.73,66.74,66.66,66.66,8825.0,66.715,76
2024-05-29 14:45:00-04:00,66.67,66.68,66.63,66.63,14361.0,66.646,92
2024-05-29 14:50:00-04:00,66.63,66.64,66.6,66.62,13870.0,66.622,105
2024-05-29 14:55:00-04:00,66.63,66.66,66.62,66.63,11268.0,66.638,85
2024-05-29 15:00:00-04:00,66.64,66.7,66.61,66.65,37185.0,66.646,145
2024-05-29 15:05:00-04:00,66.67,66.67,66.6,66.62,38899.0,66.615,159
2024-05-29 15:10:00-04:00,66.6,66.64,66.6,66.62,10699.0,66.613,86
2024-05-29 15:15:00-04:00,66.62,66.63,66.6,66.6,10937.0,66.614,79
2024-05-29 15:20:00-04:00,66.61,66.68,66.6,66.64,17268.0,66.623,123
2024-05-29 15:25:00-04:00,66.64,66.77,66.61,66.72,36837.0,66.705,207
2024-05-29 15:30:00-04:00,66.74,66.75,66.65,66.7,20896.0,66.696,166
2024-05-29 15:35:00-04:00,66.7,66.7,66.62,66.63,24605.0,66.65,194
2024-05-29 15:40:00-04:00,66.64,66.65,66.6,66.63,37458.0,66.626,292
2024-05-29 15:45:00-04:00,66.63,66.64,66.6,66.61,42108.0,66.614,264
2024-05-29 15:50:00-04:00,66.61,66.65,66.6,66.61,85084.0,66.615,565
2024-05-29 15:55:00-04:00,66.61,66.61,66.45,66.55,186348.0,66.52,1045
2024-05-30 09:30:00-04:00,66.6,66.87,66.59,66.65,21147.0,66.636,45
2024-05-30 09:35:00-04:00,66.66,66.8,66.61,66.72,10782.0,66.695,84
2024-05-30 09:40:00-04:00,66.81,66.94,66.77,66.85,8897.0,66.879,66
2024-05-30 09:45:00-04:00,66.8,66.99,66.79,66.91,8262.0,66.883,44
2024-05-30 09:50:00-04:00,66.91,66.99,66.91,66.99,10957.0,66.929,79
2024-05-30 09:55:00-04:00,67.02,67.17,67.0,67.14,5382.0,67.099,43
2024-05-30 10:00:00-04:00,67.22,67.36,67.21,67.31,10740.0,67.294,76
2024-05-30 10:05:00-04:00,67.29,67.34,67.24,67.3,8430.0,67.305,61
2024-05-30 10:10:00-04:00,67.29,67.31,67.19,67.21,11630.0,67.258,98
2024-05-30 10:15:00-04:00,67.21,67.33,67.21,67.33,3967.0,67.274,36
2024-05-30 10:20:00-04:00,67.34,67.55,67.32,67.52,40272.0,67.423,274
2024-05-30 10:25:00-04:00,67.52,67.52,67.36,67.39,18887.0,67.427,93
2024-05-30 10:30:00-04:00,67.38,67.4,67.31,67.36,4487.0,67.355,37
2024-05-30 10:35:00-04:00,67.35,67.41,67.34,67.38,6223.0,67.376,46
2024-05-30 10:40:00-04:00,67.42,67.5,67.4,67.49,25978.0,67.44,129
2024-05-30 10:45:00-04:00,67.48,67.57,67.47,67.56,12667.0,67.504,49
2024-05-30 10:50:00-04:00,67.58,67.66,67.54,67.65,9616.0,67.616,60
2024-05-30 10:55:00-04:00,67.66,67.68,67.62,67.63,3872.0,67.653,25
2024-05-30 11:00:00-04:00,67.63,67.7,67.59,67.68,11178.0,67.637,53
2024-05-30 11:05:00-04:00,67.66,67.7,67.64,67.68,5086.0,67.673,37
2024-05-30 11:10:00-04:00,67.67,67.69,67.64,67.65,4545.0,67.671,32
2024-05-30 11:15:00-04:00,67.62,67.68,67.61,67.68,3893.0,67.638,29
2024-05-30 11:20:00-04:00,67.69,67.75,67.69,67.72,6335.0,67.706,29
2024-05-30 11:25:00-04:00,67.75,67.79,67.75,67.78,2608.0,67.772,24
2024-05-30 11:30:00-04:00,67.77,67.83,67.74,67.83,9860.0,67.772,69
2024-05-30 11:35:00-04:00,67.84,67.85,67.78,67.8,6451.0,67.805,55
2024-05-30 11:40:00-04:00,67.83,67.84,67.78,67.8,4653.0,67.815,41
2024-05-30 11:45:00-04:00,67.8,67.83,67.79,67.8,3122.0,67.803,28
2024-05-30 11:50:00-04:00,67.8,67.82,67.78,67.78,6504.0,67.806,57
2024-05-30 11:55:00-04:00,67.79,67.89,67.77,67.84,6761.0,67.837,58
2024-05-30 12:00:00-04:00,67.85,67.93,67.85,67.93,5813.0,67.907,34
2024-05-30 12:05:00-04:00,67.94,67.96,67.87,67.88,5517.0,67.919,44
2024-05-30 12:10:00-04:00,67.89,67.95,67.87,67.9,5212.0,67.908,42
2024-05-30 12:15:00-04:00,67.9,67.91,67.87,67.88,4200.0,67.883,36
2024-05-30 12:20:00-04:00,67.87,67.91,67.87,67.91,8057.0,67.881,47
2024-05-30 12:25:00-04:00,67.89,67.9,67.85,67.88,7422.0,67.882,43
2024-05-30 12:30:00-04:00,67.89,67.94,67.84,67.94,4398.0,67.897,32
2024-05-30 12:35:00-04:00,67.95,68.0,67.95,68.0,3765.0,67.973,32
2024-05-30 12:40:00-04:00,67.99,68.01,67.97,68.0,6229.0,67.995,45
2024-05-30 12:45:00-04:00,68.0,68.03,67.97,67.98,4084.0,67.997,36
2024-05-30 12:50:00-04:00,68.01,68.02,67.94,67.95,3088.0,68.003,27
2024-05-30 12:55:00-04:00,67.95,68.0,67.95,67.99,4083.0,67.974,33
2024-05-30 13:00:00-04:00,68.0,68.04,68.0,68.03,4214.0,68.027,35
2024-05-30 13:05:00-04:00,68.03,68.11,68.03,68.11,13282.0,68.068,84
2024-05-30 13:10:00-04:00,68.11,68.18,68.11,68.15,6292.0,68.144,56
2024-05-30 13:15:00-04:00,68.14,68.15,68.08,68.08,6740.0,68.122,60
2024-05-30 13:20:00-04:00,68.04,68.07,68.03,68.05,4450.0,68.054,35
2024-05-30 13:25:00-04:00,68.06,68.07,68.04,68.07,3794.0,68.059,33
2024-05-30 13:30:00-04:00,68.07,68.12,68.06,68.12,4079.0,68.086,29
2024-05-30 13:35:00-04:00,68.11,68.17,68.1,68.15,3858.0,68.139,32
2024-05-30 13:40:00-04:00,68.15,68.19,68.14,68.16,6461.0,68.161,50
2024-05-30 13:45:00-04:00,68.15,68.17,68.04,68.06,5278.0,68.101,38
2024-05-30 13:50:00-04:00,68.05,68.07,68.01,68.07,6868.0,68.041,50
2024-05-30 13:55:00-04:00,68.07,68.24,68.07,68.16,28762.0,68.161,160
2024-05-30 14:00:00-04:00,68.13,68.21,68.1,68.1,13486.0,68.16,103
2024-05-30 14:05:00-04:00,68.1,68.13,68.05,68.07,5275.0,68.085,39
2024-05-30 14:10:00-04:00,68.07,68.09,68.05,68.06,3846.0,68.074,22
2024-05-30 14:15:00-04:00,68.06,68.06,67.97,68.0,4262.0,68.007,35
2024-05-30 14:20:00-04:00,68.01,68.03,68.0,68.02,5654.0,68.014,46
2024-05-30 14:25:00-04:00,68.03,68.12,68.03,68.11,4955.0,68.066,36
2024-05-30 14:30:00-04:00,68.12,68.18,68.12,68.15,6078.0,68.155,47
2024-05-30 14:35:00-04:00,68.14,68.15,68.09,68.1,4566.0,68.118,36
2024-05-30 14:40:00-04:00,68.11,68.14,68.11,68.14,3750.0,68.124,25
2024-05-30 14:45:00-04:00,68.15,68.18,68.14,68.18,4659.0,68.159,38
2024-05-30 14:50:00-04:00,68.18,68.19,68.13,68.15,6281.0,68.159,49
2024-05-30 14:55:00-04:00,68.15,68.19,68.15,68.18,5309.0,68.164,42
2024-05-30 15:00:00-04:00,68.19,68.25,68.18,68.2,7012.0,68.208,55
2024-05-30 15:05:00-04:00,68.2,68.22,68.18,68.2,4606.0,68.199,34
2024-05-30 15:10:00-04:00,68.19,68.25,68.16,68.24,7375.0,68.187,60
2024-05-30 15:15:00-04:00,68.25,68.26,68.17,68.21,15582.0,68.225,109
2024-05-30 15:20:00-04:00,68.2,68.22,68.07,68.08,14440.0,68.157,108
2024-05-30 15:25:00-04:00,68.08,68.21,68.08,68.21,13157.0,68.133,112
2024-05-30 15:30:00-04:00,68.22,68.26,68.22,68.26,15272.0,68.249,131
2024-05-30 15:35:00-04:00,68.26,68.32,68.24,68.32,25335.0,68.271,188
2024-05-30 15:40:00-04:00,68.31,68.44,68.31,68.37,24246.0,68.371,196
2024-05-30 15:45:00-04:00,68.36,68.42,68.32,68.37,23210.0,68.377,178
2024-05-30 15:50:00-04:00,68.36,68.52,68.33,68.52,46877.0,68.449,345
2024-05-30 15:55:00-04:00,68.52,68.73,68.52,68.66,254219.0,68.609,1465
2024-05-31 09:30:00-04:00,68.55,68.7,68.49,68.53,17013.0,68.56,30
2024-05-31 09:35:00-04:00,68.5,68.57,68.49,68.51,6896.0,68.519,48
2024-05-31 09:40:00-04:00,68.55,68.74,68.51,68.71,13196.0,68.631,103
2024-05-31 09:45:00-04:00,68.72,68.72,68.5,68.53,7305.0,68.589,57
2024-05-31 09:50:00-04:00,68.61,68.68,68.55,68.56,5927.0,68.591,44
2024-05-31 09:55:00-04:00,68.56,68.77,68.55,68.77,5214.0,68.661,44
2024-05-31 10:00:00-04:00,68.77,68.94,68.71,68.86,13865.0,68.817,115
2024-05-31 10:05:00-04:00,68.85,68.9,68.76,68.85,8078.0,68.818,69
2024-05-31 10:10:00-04:00,68.84,68.88,68.69,68.69,8479.0,68.784,69
2024-05-31 10:15:00-04:00,68.69,68.88,68.67,68.85,7547.0,68.77,69
2024-05-31 10:20:00-04:00,68.83,69.05,68.82,68.98,16015.0,68.967,104
2024-05-31 10:25:00-04:00,69.0,69.0,68.87,68.87,8989.0,68.951,78
2024-05-31 10:30:00-04:00,68.83,68.94,68.83,68.94,9148.0,68.905,83
2024-05-31 10:35:00-04:00,68.93,69.06,68.89,69.04,13510.0,69.003,78
2024-05-31 10:40:00-04:00,69.04,69.05,68.85,68.92,31738.0,68.939,55
2024-05-31 10:45:00-04:00,68.89,68.91,68.85,68.88,9886.0,68.886,51
2024-05-31 10:50:00-04:00,68.88,68.92,68.8,68.86,7430.0,68.869,63
2024-05-31 10:55:00-04:00,68.84,68.87,68.79,68.87,13331.0,68.829,105
2024-05-31 11:00:00-04:00,68.88,68.96,68.82,68.82,7058.0,68.905,63
2024-05-31 11:05:00-04:00,68.8,68.87,68.8,68.86,4659.0,68.834,44
2024-05-31 11:10:00-04:00,68.87,68.88,68.78,68.86,9464.0,68.83,80
2024-05-31 11:15:00-04:00,68.88,68.88,68.78,68.78,3575.0,68.831,29
2024-05-31 11:20:00-04:00,68.79,68.8,68.66,68.69,7657.0,68.715,71
2024-05-31 11:25:00-04:00,68.7,68.7,68.64,68.67,5117.0,68.682,45
2024-05-31 11:30:00-04:00,68.65,68.7,68.63,68.66,5869.0,68.66,52
2024-05-31 11:35:00-04:00,68.66,68.73,68.66,68.72,7916.0,68.69,75
2024-05-31 11:40:00-04:00,68.75,68.79,68.68,68.7,5147.0,68.733,36
2024-05-31 11:45:00-04:00,68.69,68.69,68.67,68.68,5135.0,68.683,29
2024-05-31 11:50:00-04:00,68.69,68.69,68.61,68.61,6858.0,68.665,65
2024-05-31 11:55:00-04:00,68.63,68.65,68.62,68.65,4666.0,68.636,41
2024-05-31 12:00:00-04:00,68.64,68.64,68.52,68.56,8018.0,68.577,35
2024-05-31 12:05:00-04:00,68.56,68.59,68.52,68.58,4343.0,68.562,39
2024-05-31 12:10:00-04:00,68.57,68.57,68.54,68.54,6111.0,68.557,56
2024-05-31 12:15:00-04:00,68.54,68.54,68.47,68.5,5896.0,68.497,57
2024-05-31 12:20:00-04:00,68.52,68.54,68.5,68.53,3464.0,68.522,31
2024-05-31 12:25:00-04:00,68.52,68.53,68.48,68.48,6650.0,68.507,54
2024-05-31 12:30:00-04:00,68.48,68.52,68.47,68.52,5501.0,68.5,45
2024-05-31 12:35:00-04:00,68.5,68.52,68.48,68.5,4906.0,68.496,39
2024-05-31 12:40:00-04:00,68.51,68.52,68.46,68.47,4776.0,68.49,36
2024-05-31 12:45:00-04:00,68.48,68.49,68.45,68.45,3868.0,68.472,33
2024-05-31 12:50:00-04:00,68.47,68.5,68.46,68.5,3097.0,68.48,19
2024-05-31 12:55:00-04:00,68.49,68.5,68.48,68.5,3554.0,68.49,29
2024-05-31 13:00:00-04:00,68.49,68.52,68.49,68.51,4371.0,68.51,41
2024-05-31 13:05:00-04:00,68.51,68.51,68.47,68.49,6496.0,68.499,57
2024-05-31 13:10:00-04:00,68.48,68.53,68.48,68.52,12210.0,68.503,55
2024-05-31 13:15:00-04:00,68.53,68.59,68.52,68.58,11687.0,68.535,72
2024-05-31 13:20:00-04:00,68.57,68.58,68.55,68.57,4657.0,68.567,40
2024-05-31 13:25:00-04:00,68.57,68.6,68.56,68.6,5394.0,68.589,44
2024-05-31 13:30:00-04:00,68.61,68.62,68.57,68.58,9957.0,68.589,86
2024-05-31 13:35:00-04:00,68.58,68.63,68.58,68.62,9156.0,68.611,68
2024-05-31 13:40:00-04:00,68.62,68.62,68.45,68.5,9019.0,68.543,79
2024-05-31 13:45:00-04:00,68.48,68.51,68.46,68.47,6680.0,68.499,53
2024-05-31 13:50:00-04:00,68.47,68.5,68.45,68.48,8976.0,68.484,80
2024-05-31 13:55:00-04:00,68.48,68.58,68.47,68.55,8417.0,68.533,71
2024-05-31 14:00:00-04:00,68.53,68.55,68.49,68.51,6441.0,68.513,53
2024-05-31 14:05:00-04:00,68.49,68.54,68.49,68.51,11683.0,68.521,86
2024-05-31 14:10:00-04:00,68.53,68.62,68.52,68.58,31610.0,68.552,133
2024-05-31 14:15:00-04:00,68.59,68.59,68.52,68.55,11571.0,68.555,95
2024-05-31 14:20:00-04:00,68.55,68.55,68.51,68.52,9159.0,68.533,64
2024-05-31 14:25:00-04:00,68.53,68.54,68.5,68.52,8694.0,68.518,60
2024-05-31 14:30:00-04:00,68.52,68.52,68.43,68.45,13395.0,68.468,116
2024-05-31 14:35:00-04:00,68.47,68.52,68.46,68.49,15035.0,68.487,115
2024-05-31 14:40:00-04:00,68.49,68.55,68.49,68.53,11271.0,68.521,89
2024-05-31 14:45:00-04:00,68.53,68.55,68.48,68.49,12596.0,68.521,90
2024-05-31 14:50:00-04:00,68.5,68.51,68.47,68.48,10367.0,68.498,85
2024-05-31 14:55:00-04:00,68.48,68.53,68.47,68.51,11927.0,68.512,86
2024-05-31 15:00:00-04:00,68.51,68.54,68.47,68.48,11297.0,68.505,89
2024-05-31 15:05:00-04:00,68.48,68.56,68.46,68.55,18401.0,68.498,141
2024-05-31 15:10:00-04:00,68.55,68.56,68.52,68.55,13864.0,68.536,100
2024-05-31 15:15:00-04:00,68.55,68.59,68.54,68.54,9269.0,68.569,69
2024-05-31 15:20:00-04:00,68.54,68.61,68.53,68.59,10956.0,68.553,93
2024-05-31 15:25:00-04:00,68.6,68.63,68.51,68.51,17733.0,68.585,131
2024-05-31 15:30:00-04:00,68.5,68.54,68.5,68.52,14781.0,68.518,118
2024-05-31 15:35:00-04:00,68.51,68.52,68.46,68.47,22763.0,68.491,144
2024-05-31 15:40:00-04:00,68.47,68.68,68.47,68.67,36277.0,68.557,272
2024-05-31 15:45:00-04:00,68.67,68.69,68.63,68.69,44817.0,68.664,337
2024-05-31 15:50:00-04:00,68.69,69.03,68.67,69.03,104447.0,68.819,666
2024-05-31 15:55:00-04:00,69.03,69.52,69.01,69.43,345143.0,69.339,1470
2024-06-03 09:30:00-04:00,69.03,69.49,68.75,68.81,30267.0,69.02,30
2024-06-03 09:35:00-04:00,68.78,69.13,68.7,69.13,8694.0,68.905,68
2024-06-03 09:40:00-04:00,69.13,69.73,69.13,69.73,12165.0,69.38,80
2024-06-03 09:45:00-04:00,69.6,69.73,69.45,69.59,13463.0,69.564,98
2024-06-03 09:50:00-04:00,69.61,69.69,69.49,69.63,9061.0,69.593,50
2024-06-03 09:55:00-04:00,69.51,69.51,69.3,69.34,4845.0,69.401,40
2024-06-03 10:00:00-04:00,69.35,69.61,69.35,69.46,9351.0,69.476,83
2024-06-03 10:05:00-04:00,69.46,69.61,69.41,69.5,15463.0,69.53,126
2024-06-03 10:10:00-04:00,69.52,69.67,69.52,69.65,3700.0,69.601,24
2024-06-03 10:15:00-04:00,69.67,69.69,69.25,69.25,14619.0,69.502,110
2024-06-03 10:20:00-04:00,69.21,69.26,69.09,69.09,12019.0,69.176,92
2024-06-03 10:25:00-04:00,69.14,69.14,69.05,69.06,3102.0,69.07,19
2024-06-03 10:30:00-04:00,69.06,69.12,69.0,69.01,8621.0,69.075,70
2024-06-03 10:35:00-04:00,69.03,69.04,68.99,69.01,3995.0,69.019,36
2024-06-03 10:40:00-04:00,68.99,69.09,68.95,68.95,9295.0,69.032,56
2024-06-03 10:45:00-04:00,69.0,69.05,68.75,68.8,4039.0,68.898,35
2024-06-03 10:50:00-04:00,68.83,68.87,68.73,68.78,2533.0,68.816,23
2024-06-03 10:55:00-04:00,68.73,68.87,68.73,68.87,4058.0,68.834,32
2024-06-03 11:00:00-04:00,68.78,68.9,68.78,68.78,7104.0,68.849,45
2024-06-03 11:05:00-04:00,68.78,68.84,68.74,68.8,2754.0,68.799,22
2024-06-03 11:10:00-04:00,68.83,68.87,68.75,68.81,5029.0,68.83,42
2024-06-03 11:15:00-04:00,68.76,68.77,68.67,68.68,2160.0,68.725,20
2024-06-03 11:20:00-04:00,68.64,68.69,68.56,68.56,9731.0,68.626,66
2024-06-03 11:25:00-04:00,68.56,68.59,68.51,68.59,4304.0,68.561,37
2024-06-03 11:30:00-04:00,68.56,68.56,68.34,68.34,17778.0,68.508,59
2024-06-03 11:35:00-04:00,68.38,68.56,68.35,68.52,10947.0,68.467,92
2024-06-03 11:40:00-04:00,68.54,68.55,68.45,68.45,3057.0,68.488,27
2024-06-03 11:45:00-04:00,68.45,68.57,68.4,68.54,10672.0,68.511,84
2024-06-03 11:50:00-04:00,68.54,68.6,68.5,68.5,9575.0,68.569,66
2024-06-03 11:55:00-04:00,68.48,68.56,68.43,68.52,11860.0,68.483,97
2024-06-03 12:00:00-04:00,68.52,68.6,68.51,68.51,7960.0,68.559,60
2024-06-03 12:05:00-04:00,68.54,68.6,68.51,68.59,6537.0,68.573,52
2024-06-03 12:10:00-04:00,68.6,68.6,68.47,68.48,17516.0,68.582,69
2024-06-03 12:15:00-04:00,68.48,68.52,68.45,68.45,2557.0,68.477,25
2024-06-03 12:20:00-04:00,68.48,68.49,68.4,68.44,6003.0,68.437,52
2024-06-03 12:25:00-04:00,68.43,68.47,68.43,68.45,4419.0,68.449,35
2024-06-03 12:30:00-04:00,68.45,68.46,68.38,68.38,5982.0,68.433,51
2024-06-03 12:35:00-04:00,68.4,68.53,68.4,68.52,4634.0,68.481,30
2024-06-03 12:40:00-04:00,68.52,68.55,68.49,68.53,6516.0,68.519,46
2024-06-03 12:45:00-04:00,68.52,68.62,68.49,68.56,18609.0,68.59,149
2024-06-03 12:50:00-04:00,68.55,68.55,68.39,68.51,4489.0,68.493,43
2024-06-03 12:55:00-04:00,68.52,68.54,68.47,68.49,8879.0,68.505,83
2024-06-03 13:00:00-04:00,68.48,68.49,68.43,68.48,3372.0,68.466,31
2024-06-03 13:05:00-04:00,68.48,68.59,68.45,68.52,9135.0,68.505,78
2024-06-03 13:10:00-04:00,68.51,68.53,68.44,68.53,7319.0,68.473,66
2024-06-03 13:15:00-04:00,68.53,68.7,68.52,68.7,18283.0,68.601,144
2024-06-03 13:20:00-04:00,68.73,68.83,68.72,68.77,9384.0,68.775,74
2024-06-03 13:25:00-04:00,68.79,68.88,68.77,68.88,9401.0,68.824,84
2024-06-03 13:30:00-04:00,68.88,68.93,68.78,68.81,8198.0,68.864,71
2024-06-03 13:35:00-04:00,68.83,68.95,68.81,68.93,5224.0,68.881,43
2024-06-03 13:40:00-04:00,68.95,69.0,68.91,68.98,3835.0,68.966,34
2024-06-03 13:45:00-04:00,68.98,69.06,68.97,69.06,10652.0,69.01,83
2024-06-03 13:50:00-04:00,69.04,69.06,68.97,68.98,4750.0,69.025,45
2024-06-03 13:55:00-04:00,68.97,69.0,68.91,68.99,7357.0,68.962,68
2024-06-03 14:00:00-04:00,69.0,69.05,68.98,68.99,6338.0,69.006,55
2024-06-03 14:05:00-04:00,68.98,69.1,68.98,69.07,6523.0,69.048,47
2024-06-03 14:10:00-04:00,69.08,69.13,69.03,69.06,10302.0,69.09,76
2024-06-03 14:15:00-04:00,69.08,69.18,69.08,69.18,5141.0,69.116,47
2024-06-03 14:20:00-04:00,69.18,69.27,69.16,69.27,8326.0,69.202,59
2024-06-03 14:25:00-04:00,69.24,69.26,69.15,69.18,8425.0,69.206,79
2024-06-03 14:30:00-04:00,69.19,69.22,69.16,69.18,6665.0,69.187,63
2024-06-03 14:35:00-04:00,69.2,69.23,69.19,69.2,5650.0,69.209,43
2024-06-03 14:40:00-04:00,69.22,69.27,69.15,69.15,15084.0,69.201,131
2024-06-03 14:45:00-04:00,69.15,69.23,69.13,69.21,6595.0,69.181,63
2024-06-03 14:50:00-04:00,69.2,69.23,69.17,69.19,6145.0,69.198,54
2024-06-03 14:55:00-04:00,69.19,69.29,69.19,69.29,11622.0,69.239,91
2024-06-03 15:00:00-04:00,69.3,69.33,69.29,69.29,6482.0,69.308,55
2024-06-03 15:05:00-04:00,69.28,69.32,69.25,69.32,6155.0,69.28,55
2024-06-03 15:10:00-04:00,69.32,69.38,69.31,69.37,17722.0,69.341,151
2024-06-03 15:15:00-04:00,69.36,69.37,69.33,69.35,16938.0,69.349,139
2024-06-03 15:20:00-04:00,69.36,69.42,69.32,69.4,26146.0,69.368,205
2024-06-03 15:25:00-04:00,69.4,69.41,69.34,69.34,10942.0,69.363,85
2024-06-03 15:30:00-04:00,69.34,69.41,69.33,69.38,20229.0,69.371,153
2024-06-03 15:35:00-04:00,69.38,69.47,69.34,69.4,28150.0,69.399,219
2024-06-03 15:40:00-04:00,69.41,69.46,69.39,69.45,43041.0,69.409,288
2024-06-03 15:45:00-04:00,69.45,69.51,69.41,69.5,29532.0,69.461,240
2024-06-03 15:50:00-04:00,69.5,69.67,69.46,69.62,57458.0,69.553,470
2024-06-03 15:55:00-04:00,69.6,69.66,69.56,69.66,210012.0,69.613,1265
2024-06-04 09:30:00-04:00,69.09,69.28,68.9,68.98,27646.0,69.074,46
2024-06-04 09:35:00-04:00,69.09,69.16,69.03,69.16,2120.0,69.101,17
2024-06-04 09:40:00-04:00,69.13,69.16,69.05,69.16,4399.0,69.103,34
2024-06-04 09:45:00-04:00,69.16,69.17,69.08,69.08,4489.0,69.134,39
2024-06-04 09:50:00-04:00,69.12,69.2,69.11,69.13,5270.0,69.163,45
2024-06-04 09:55:00-04:00,69.12,69.16,68.91,68.93,8537.0,68.99,45
2024-06-04 10:00:00-04:00,68.93,69.0,68.85,69.0,21643.0,68.925,180
2024-06-04 10:05:00-04:00,68.98,69.0,68.81,68.87,10370.0,68.883,82
2024-06-04 10:10:00-04:00,68.86,68.86,68.7,68.73,9377.0,68.779,81
2024-06-04 10:15:00-04:00,68.73,68.9,68.73,68.9,11627.0,68.856,93
2024-06-04 10:20:00-04:00,68.89,68.94,68.84,68.85,15834.0,68.885,105
2024-06-04 10:25:00-04:00,68.86,68.99,68.8,68.96,17283.0,68.894,138
2024-06-04 10:30:00-04:00,68.97,69.02,68.89,68.89,16052.0,68.983,107
2024-06-04 10:35:00-04:00,68.85,68.85,68.63,68.67,12872.0,68.756,88
2024-06-04 10:40:00-04:00,68.69,68.71,68.64,68.69,17343.0,68.673,129
2024-06-04 10:45:00-04:00,68.7,68.7,68.56,68.62,7226.0,68.646,60
2024-06-04 10:50:00-04:00,68.61,68.61,68.5,68.52,5869.0,68.562,49
2024-06-04 10:55:00-04:00,68.5,68.52,68.39,68.4,9397.0,68.447,63
2024-06-04 10:55:00-04:00,68.5,68.52,68.39,68.42,7039.0,68.46,44
2024-06-04 11:00:00-04:00,68.41,68.51,68.37,68.49,13124.0,68.415,110
2024-06-04 11:05:00-04:00,68.51,68.51,68.46,68.48,9517.0,68.482,83
2024-06-04 11:10:00-04:00,68.49,68.61,68.49,68.61,4479.0,68.546,38
2024-06-04 11:15:00-04:00,68.62,68.71,68.62,68.7,12286.0,68.682,71
2024-06-04 11:20:00-04:00,68.69,68.69,68.62,68.67,12481.0,68.662,89
2024-06-04 11:25:00-04:00,68.68,68.74,68.64,68.64,3032.0,68.682,30
2024-06-04 11:30:00-04:00,68.62,68.66,68.5,68.51,5641.0,68.601,52
2024-06-04 11:35:00-04:00,68.54,68.58,68.52,68.58,3909.0,68.55,35
2024-06-04 11:40:00-04:00,68.59,68.6,68.51,68.52,4483.0,68.563,40
2024-06-04 11:45:00-04:00,68.52,68.56,68.49,68.56,5904.0,68.526,45
2024-06-04 11:50:00-04:00,68.57,68.63,68.57,68.63,3466.0,68.591,31
2024-06-04 11:55:00-04:00,68.61,68.61,68.5,68.53,4884.0,68.562,39
2024-06-04 12:00:00-04:00,68.51,68.56,68.48,68.56,4167.0,68.502,34
2024-06-04 12:05:00-04:00,68.57,68.57,68.54,68.57,4017.0,68.562,34
2024-06-04 12:10:00-04:00,68.58,68.58,68.55,68.56,3297.0,68.564,26
2024-06-04 12:15:00-04:00,68.56,68.61,68.56,68.61,5461.0,68.578,45
2024-06-04 12:20:00-04:00,68.62,68.64,68.6,68.64,2577.0,68.621,24
2024-06-04 12:25:00-04:00,68.65,68.69,68.63,68.69,11741.0,68.667,104
2024-06-04 12:30:00-04:00,68.68,68.69,68.63,68.66,6612.0,68.653,50
2024-06-04 12:35:00-04:00,68.67,68.68,68.64,68.66,7310.0,68.658,62
2024-06-04 12:40:00-04:00,68.66,68.74,68.65,68.72,11254.0,68.696,89
2024-06-04 12:45:00-04:00,68.74,68.81,68.74,68.8,8501.0,68.783,63
2024-06-04 12:50:00-04:00,68.81,68.81,68.67,68.77,7326.0,68.753,53
2024-06-04 12:55:00-04:00,68.78,68.84,68.78,68.79,3448.0,68.807,28
2024-06-04 13:00:00-04:00,68.83,68.83,68.77,68.78,3557.0,68.782,30
2024-06-04 13:05:00-04:00,68.78,68.79,68.67,68.68,3263.0,68.73,26
2024-06-04 13:10:00-04:00,68.7,68.76,68.68,68.74,4211.0,68.716,33
2024-06-04 13:15:00-04:00,68.74,68.83,68.73,68.82,5584.0,68.777,45
2024-06-04 13:20:00-04:00,68.83,68.84,68.79,68.81,7105.0,68.814,61
2024-06-04 13:25:00-04:00,68.79,68.82,68.74,68.81,5528.0,68.786,47
2024-06-04 13:30:00-04:00,68.82,68.84,68.79,68.82,7659.0,68.806,60
2024-06-04 13:35:00-04:00,68.83,68.83,68.8,68.82,11547.0,68.819,92
2024-06-04 13:40:00-04:00,68.81,68.91,68.8,68.85,15421.0,68.847,133
2024-06-04 13:45:00-04:00,68.85,68.87,68.84,68.85,8768.0,68.853,83
2024-06-04 13:50:00-04:00,68.86,68.88,68.82,68.86,13890.0,68.847,95
2024-06-04 13:55:00-04:00,68.85,68.97,68.85,68.97,5805.0,68.898,45
2024-06-04 14:00:00-04:00,68.96,68.97,68.87,68.89,5181.0,68.926,43
2024-06-04 14:05:00-04:00,68.88,68.9,68.87,68.89,4200.0,68.889,37
2024-06-04 14:10:00-04:00,68.9,69.06,68.88,69.0,34081.0,69.004,202
2024-06-04 14:15:00-04:00,69.01,69.05,68.98,69.03,7922.0,69.014,72
2024-06-04 14:20:00-04:00,69.03,69.11,69.03,69.11,7403.0,69.081,62
2024-06-04 14:25:00-04:00,69.12,69.14,69.06,69.1,7828.0,69.101,65
2024-06-04 14:30:00-04:00,69.09,69.11,69.07,69.1,9620.0,69.092,41
2024-06-04 14:35:00-04:00,69.1,69.14,69.1,69.12,11620.0,69.111,52
2024-06-04 14:40:00-04:00,69.12,69.16,69.1,69.16,6219.0,69.119,48
2024-06-04 14:45:00-04:00,69.17,69.21,69.14,69.16,7655.0,69.17,71
2024-06-04 14:50:00-04:00,69.17,69.17,69.13,69.14,11561.0,69.153,72
2024-06-04 14:55:00-04:00,69.14,69.18,69.12,69.16,9521.0,69.148,73
2024-06-04 15:00:00-04:00,69.16,69.16,69.09,69.15,15486.0,69.138,102
2024-06-04 15:05:00-04:00,69.15,69.18,69.09,69.09,21613.0,69.131,129
2024-06-04 15:10:00-04:00,69.09,69.2,69.09,69.2,11455.0,69.137,88
2024-06-04 15:15:00-04:00,69.19,69.22,69.11,69.14,18627.0,69.181,134
2024-06-04 15:20:00-04:00,69.14,69.18,69.11,69.12,32598.0,69.143,161
2024-06-04 15:25:00-04:00,69.12,69.12,69.05,69.09,21016.0,69.086,176
2024-06-04 15:30:00-04:00,69.08,69.1,69.01,69.09,19557.0,69.065,174
2024-06-04 15:35:00-04:00,69.08,69.1,69.0,69.01,28019.0,69.049,215
2024-06-04 15:40:00-04:00,69.01,69.09,68.99,69.07,30328.0,69.038,228
2024-06-04 15:45:00-04:00,69.07,69.16,69.01,69.13,53529.0,69.081,396
2024-06-04 15:50:00-04:00,69.11,69.16,69.03,69.15,70461.0,69.086,543
2024-06-04 15:55:00-04:00,69.15,69.17,69.05,69.1,140877.0,69.091,933
2024-06-05 09:30:00-04:00,68.96,69.27,68.84,69.14,12407.0,69.028,44
2024-06-05 09:35:00-04:00,69.14,69.15,68.96,69.02,5244.0,69.051,47
2024-06-05 09:40:00-04:00,69.06,69.16,68.94,69.12,9212.0,69.056,64
2024-06-05 09:45:00-04:00,69.08,69.21,68.9,69.03,7669.0,69.087,64
2024-06-05 09:50:00-04:00,69.0,69.13,68.99,69.04,11828.0,69.053,55
2024-06-05 09:55:00-04:00,69.05,69.14,69.04,69.13,4646.0,69.084,41
2024-06-05 10:00:00-04:00,69.09,69.09,68.9,68.94,8110.0,69.03,70
2024-06-05 10:05:00-04:00,68.9,68.93,68.82,68.84,8292.0,68.875,67
2024-06-05 10:10:00-04:00,68.84,68.84,68.73,68.76,4381.0,68.784,34
2024-06-05 10:15:00-04:00,68.78,68.8,68.69,68.69,9745.0,68.77,81
2024-06-05 10:20:00-04:00,68.71,68.92,68.68,68.91,14169.0,68.758,124
2024-06-05 10:25:00-04:00,68.92,68.99,68.89,68.99,7004.0,68.929,57
2024-06-05 10:30:00-04:00,69.0,69.05,68.95,69.03,5271.0,69.004,41
2024-06-05 10:35:00-04:00,69.05,69.08,69.0,69.08,8923.0,69.043,72
2024-06-05 10:40:00-04:00,69.08,69.11,69.01,69.01,6007.0,69.077,49
2024-06-05 10:45:00-04:00,68.97,69.04,68.97,69.03,5533.0,69.012,47
2024-06-05 10:50:00-04:00,69.04,69.1,69.04,69.09,3856.0,69.059,33
2024-06-05 10:55:00-04:00,69.08,69.09,68.99,69.04,10411.0,69.05,82
2024-06-05 11:00:00-04:00,69.03,69.13,69.02,69.13,8037.0,69.051,53
2024-06-05 11:05:00-04:00,69.13,69.13,69.08,69.08,5405.0,69.116,38
2024-06-05 11:10:00-04:00,69.09,69.16,69.09,69.16,4389.0,69.121,36
2024-06-05 11:15:00-04:00,69.16,69.17,69.11,69.15,7673.0,69.146,57
2024-06-05 11:20:00-04:00,69.15,69.18,69.12,69.15,5642.0,69.147,49
2024-06-05 11:25:00-04:00,69.14,69.14,69.03,69.06,10488.0,69.107,77
2024-06-05 11:30:00-04:00,69.07,69.17,69.07,69.17,1967.0,69.106,19
2024-06-05 11:35:00-04:00,69.18,69.26,69.18,69.26,4190.0,69.221,37
2024-06-05 11:40:00-04:00,69.28,69.31,69.26,69.28,8295.0,69.294,61
2024-06-05 11:45:00-04:00,69.3,69.33,69.3,69.33,4352.0,69.311,35
2024-06-05 11:50:00-04:00,69.31,69.4,69.29,69.4,9127.0,69.331,76
2024-06-05 11:55:00-04:00,69.39,69.48,69.38,69.48,4142.0,69.423,37
2024-06-05 12:00:00-04:00,69.48,69.57,69.48,69.53,5235.0,69.526,45
2024-06-05 12:05:00-04:00,69.53,69.54,69.48,69.48,4647.0,69.522,40
2024-06-05 12:10:00-04:00,69.49,69.49,69.43,69.44,10916.0,69.459,79
2024-06-05 12:15:00-04:00,69.44,69.5,69.43,69.49,5394.0,69.476,42
2024-06-05 12:20:00-04:00,69.51,69.51,69.45,69.47,5995.0,69.488,47
2024-06-05 12:25:00-04:00,69.45,69.47,69.41,69.42,9013.0,69.448,65
2024-06-05 12:30:00-04:00,69.42,69.48,69.41,69.47,5412.0,69.455,41
2024-06-05 12:35:00-04:00,69.48,69.59,69.48,69.59,2103.0,69.544,21
2024-06-05 12:40:00-04:00,69.59,69.65,69.58,69.62,4969.0,69.629,32
2024-06-05 12:45:00-04:00,69.62,69.64,69.6,69.64,4317.0,69.616,27
2024-06-05 12:50:00-04:00,69.64,69.64,69.54,69.56,4885.0,69.608,43
2024-06-05 12:55:00-04:00,69.56,69.56,69.51,69.52,3968.0,69.545,32
2024-06-05 13:00:00-04:00,69.52,69.53,69.5,69.53,3004.0,69.517,26
2024-06-05 13:05:00-04:00,69.52,69.53,69.51,69.51,4349.0,69.522,29
2024-06-05 13:10:00-04:00,69.53,69.55,69.53,69.53,3008.0,69.54,23
2024-06-05 13:15:00-04:00,69.55,69.57,69.53,69.55,6408.0,69.556,55
2024-06-05 13:20:00-04:00,69.53,69.53,69.39,69.39,7995.0,69.46,66
2024-06-05 13:25:00-04:00,69.35,69.43,69.35,69.42,2978.0,69.408,25
2024-06-05 13:30:00-04:00,69.41,69.44,69.41,69.43,3982.0,69.424,26
2024-06-05 13:35:00-04:00,69.43,69.44,69.4,69.4,5801.0,69.421,46
2024-06-05 13:40:00-04:00,69.41,69.5,69.41,69.5,6882.0,69.45,59
2024-06-05 13:45:00-04:00,69.49,69.52,69.43,69.43,6437.0,69.491,49
2024-06-05 13:50:00-04:00,69.42,69.47,69.42,69.45,6364.0,69.445,40
2024-06-05 13:55:00-04:00,69.45,69.49,69.45,69.49,3439.0,69.467,29
2024-06-05 14:00:00-04:00,69.49,69.5,69.48,69.5,4872.0,69.486,34
2024-06-05 14:05:00-04:00,69.49,69.49,69.43,69.45,3748.0,69.464,34
2024-06-05 14:10:00-04:00,69.46,69.52,69.46,69.52,4732.0,69.496,39
2024-06-05 14:15:00-04:00,69.52,69.55,69.51,69.54,3286.0,69.53,26
2024-06-05 14:20:00-04:00,69.54,69.62,69.54,69.62,8878.0,69.576,70
2024-06-05 14:25:00-04:00,69.62,69.62,69.58,69.6,6980.0,69.599,58
2024-06-05 14:30:00-04:00,69.59,69.64,69.59,69.62,11880.0,69.616,50
2024-06-05 14:35:00-04:00,69.62,69.62,69.55,69.59,6976.0,69.59,40
2024-06-05 14:40:00-04:00,69.61,69.65,69.61,69.64,4498.0,69.633,35
2024-06-05 14:45:00-04:00,69.65,69.67,69.65,69.66,6665.0,69.66,43
2024-06-05 14:50:00-04:00,69.67,69.72,69.67,69.7,7978.0,69.707,58
2024-06-05 14:55:00-04:00,69.71,69.75,69.71,69.73,6512.0,69.729,50
2024-06-05 15:00:00-04:00,69.72,69.78,69.72,69.77,9862.0,69.755,83
2024-06-05 15:05:00-04:00,69.77,69.77,69.72,69.73,7075.0,69.743,54
2024-06-05 15:10:00-04:00,69.74,69.79,69.7,69.78,15535.0,69.737,102
2024-06-05 15:15:00-04:00,69.77,69.82,69.77,69.82,6038.0,69.797,47
2024-06-05 15:20:00-04:00,69.83,69.83,69.67,69.69,20254.0,69.755,152
2024-06-05 15:25:00-04:00,69.7,69.78,69.69,69.74,12972.0,69.752,101
2024-06-05 15:30:00-04:00,69.74,69.88,69.71,69.88,18434.0,69.786,139
2024-06-05 15:35:00-04:00,69.87,69.91,69.84,69.9,17513.0,69.87,144
2024-06-05 15:40:00-04:00,69.9,69.92,69.86,69.88,17021.0,69.894,132
2024-06-05 15:45:00-04:00,69.88,69.94,69.77,69.78,31468.0,69.882,239
2024-06-05 15:50:00-04:00,69.75,69.99,69.71,69.95,44931.0,69.893,341
2024-06-05 15:55:00-04:00,69.94,70.05,69.91,69.97,158276.0,69.997,888
2024-06-06 09:30:00-04:00,69.9,69.97,69.58,69.73,11619.0,69.848,15
2024-06-06 09:35:00-04:00,69.79,69.79,69.69,69.7,616.0,69.728,5
2024-06-06 09:40:00-04:00,69.76,69.88,69.67,69.88,4713.0,69.77,29
2024-06-06 09:45:00-04:00,69.89,69.9,69.79,69.85,1500.0,69.845,15
2024-06-06 09:50:00-04:00,69.8,69.9,69.76,69.9,3224.0,69.821,25
2024-06-06 09:55:00-04:00,69.92,70.07,69.92,69.99,11613.0,69.997,39
2024-06-06 10:00:00-04:00,70.02,70.05,69.69,69.69,7663.0,69.909,65
2024-06-06 10:05:00-04:00,69.7,69.75,69.62,69.73,6733.0,69.694,54
2024-06-06 10:10:00-04:00,69.7,69.7,69.38,69.38,17458.0,69.535,55
2024-06-06 10:15:00-04:00,69.39,69.4,69.15,69.15,4310.0,69.232,28
2024-06-06 10:20:00-04:00,69.15,69.29,69.09,69.19,13435.0,69.182,104
2024-06-06 10:25:00-04:00,69.18,69.29,69.18,69.25,3620.0,69.215,28
2024-06-06 10:30:00-04:00,69.28,69.29,69.13,69.17,4505.0,69.224,35
2024-06-06 10:35:00-04:00,69.15,69.18,69.06,69.06,7410.0,69.112,64
2024-06-06 10:40:00-04:00,69.05,69.2,69.02,69.17,26187.0,69.126,106
2024-06-06 10:45:00-04:00,69.21,69.33,69.21,69.27,7916.0,69.276,52
2024-06-06 10:50:00-04:00,69.27,69.43,69.23,69.42,33164.0,69.356,32
2024-06-06 10:55:00-04:00,69.42,69.47,69.32,69.34,8529.0,69.432,49
2024-06-06 11:00:00-04:00,69.32,69.34,69.21,69.22,3788.0,69.259,28
2024-06-06 11:05:00-04:00,69.22,69.28,69.18,69.27,16060.0,69.221,65
2024-06-06 11:10:00-04:00,69.29,69.34,69.26,69.3,5369.0,69.291,48
2024-06-06 11:15:00-04:00,69.3,69.34,69.28,69.29,2476.0,69.308,22
2024-06-06 11:20:00-04:00,69.31,69.35,69.29,69.32,5539.0,69.314,48
2024-06-06 11:25:00-04:00,69.32,69.41,69.32,69.34,7641.0,69.375,60
2024-06-06 11:30:00-04:00,69.34,69.44,69.34,69.37,7533.0,69.384,67
2024-06-06 11:35:00-04:00,69.38,69.46,69.37,69.44,2708.0,69.41,26
2024-06-06 11:40:00-04:00,69.44,69.54,69.44,69.52,3739.0,69.492,34
2024-06-06 11:45:00-04:00,69.53,69.62,69.53,69.61,2958.0,69.577,28
2024-06-06 11:50:00-04:00,69.63,69.67,69.61,69.65,4762.0,69.631,42
2024-06-06 11:55:00-04:00,69.66,69.69,69.58,69.58,4513.0,69.634,38
2024-06-06 12:00:00-04:00,69.59,69.61,69.55,69.61,5274.0,69.581,30
2024-06-06 12:05:00-04:00,69.6,69.61,69.53,69.55,2041.0,69.57,20
2024-06-06 12:10:00-04:00,69.54,69.58,69.52,69.58,2941.0,69.552,25
2024-06-06 12:15:00-04:00,69.58,69.67,69.53,69.63,7098.0,69.589,39
2024-06-06 12:20:00-04:00,69.65,69.65,69.53,69.55,5044.0,69.567,46
2024-06-06 12:25:00-04:00,69.54,69.61,69.54,69.61,1647.0,69.564,16
2024-06-06 12:30:00-04:00,69.63,69.65,69.61,69.63,3374.0,69.626,30
2024-06-06 12:35:00-04:00,69.63,69.7,69.63,69.67,3506.0,69.663,25
2024-06-06 12:40:00-04:00,69.67,69.71,69.67,69.67,1902.0,69.682,17
2024-06-06 12:45:00-04:00,69.68,69.73,69.64,69.72,5006.0,69.674,39
2024-06-06 12:50:00-04:00,69.69,69.73,69.69,69.73,1919.0,69.702,17
2024-06-06 12:55:00-04:00,69.73,69.73,69.64,69.64,2797.0,69.682,24
2024-06-06 13:00:00-04:00,69.65,69.66,69.63,69.66,1528.0,69.653,13
2024-06-06 13:05:00-04:00,69.66,69.66,69.54,69.56,2930.0,69.593,26
2024-06-06 13:10:00-04:00,69.57,69.6,69.57,69.59,2024.0,69.583,17
2024-06-06 13:15:00-04:00,69.6,69.65,69.59,69.64,3624.0,69.621,25
2024-06-06 13:20:00-04:00,69.65,69.69,69.62,69.65,3061.0,69.653,23
2024-06-06 13:25:00-04:00,69.66,69.66,69.59,69.59,3828.0,69.634,29
2024-06-06 13:30:00-04:00,69.63,69.68,69.61,69.67,2715.0,69.631,24
2024-06-06 13:35:00-04:00,69.69,69.72,69.68,69.72,2678.0,69.705,20
2024-06-06 13:40:00-04:00,69.7,69.73,69.7,69.73,1413.0,69.715,13
2024-06-06 13:45:00-04:00,69.72,69.74,69.69,69.71,3614.0,69.716,29
2024-06-06 13:50:00-04:00,69.69,69.73,69.68,69.7,3716.0,69.703,36
2024-06-06 13:55:00-04:00,69.71,69.73,69.68,69.73,5878.0,69.71,25
2024-06-06 14:00:00-04:00,69.7,69.7,69.6,69.61,2500.0,69.658,19
2024-06-06 14:05:00-04:00,69.53,69.58,69.51,69.52,5123.0,69.538,42
2024-06-06 14:10:00-04:00,69.54,69.59,69.5,69.59,3404.0,69.552,28
2024-06-06 14:15:00-04:00,69.57,69.69,69.56,69.67,4936.0,69.632,39
2024-06-06 14:20:00-04:00,69.69,69.78,69.68,69.75,8816.0,69.739,46
2024-06-06 14:25:00-04:00,69.74,69.75,69.72,69.73,3990.0,69.738,28
2024-06-06 14:30:00-04:00,69.73,69.77,69.72,69.75,6625.0,69.738,51
2024-06-06 14:35:00-04:00,69.72,69.75,69.69,69.74,4992.0,69.717,38
2024-06-06 14:40:00-04:00,69.74,69.78,69.74,69.75,2942.0,69.76,28
2024-06-06 14:45:00-04:00,69.77,69.82,69.77,69.82,4587.0,69.794,40
2024-06-06 14:50:00-04:00,69.8,69.87,69.79,69.87,4601.0,69.828,38
2024-06-06 14:55:00-04:00,69.85,69.86,69.83,69.83,2702.0,69.844,22
2024-06-06 15:00:00-04:00,69.83,69.86,69.81,69.84,4535.0,69.835,37
2024-06-06 15:05:00-04:00,69.86,69.87,69.76,69.76,14304.0,69.834,63
2024-06-06 15:10:00-04:00,69.79,69.8,69.76,69.77,6884.0,69.776,59
2024-06-06 15:15:00-04:00,69.76,69.77,69.74,69.74,9418.0,69.756,64
2024-06-06 15:20:00-04:00,69.73,69.8,69.73,69.79,8523.0,69.771,60
2024-06-06 15:25:00-04:00,69.79,69.8,69.75,69.78,9514.0,69.768,79
2024-06-06 15:30:00-04:00,69.77,69.78,69.73,69.73,12841.0,69.755,90
2024-06-06 15:35:00-04:00,69.74,69.74,69.69,69.69,10981.0,69.712,90
2024-06-06 15:40:00-04:00,69.69,69.7,69.64,69.69,12143.0,69.671,96
2024-06-06 15:45:00-04:00,69.69,69.84,69.67,69.82,19093.0,69.761,153
2024-06-06 15:50:00-04:00,69.82,69.88,69.77,69.81,23049.0,69.826,162
2024-06-06 15:55:00-04:00,69.8,69.8,69.69,69.78,120775.0,69.726,518
2024-06-07 09:30:00-04:00,69.42,69.61,69.42,69.61,9932.0,69.43,8
2024-06-07 09:35:00-04:00,69.51,69.63,69.44,69.63,3079.0,69.514,20
2024-06-07 09:40:00-04:00,69.6,69.69,69.53,69.66,507.0,69.628,5
2024-06-07 09:45:00-04:00,69.67,69.68,69.57,69.64,3934.0,69.629,25
2024-06-07 09:50:00-04:00,69.63,69.72,69.57,69.57,9283.0,69.679,28
2024-06-07 09:55:00-04:00,69.55,69.6,69.55,69.58,900.0,69.577,6
2024-06-07 10:00:00-04:00,69.59,69.61,69.56,69.59,2981.0,69.579,25
2024-06-07 10:05:00-04:00,69.6,69.6,69.4,69.41,5303.0,69.506,45
2024-06-07 10:10:00-04:00,69.4,69.4,69.32,69.36,6511.0,69.341,32
2024-06-07 10:15:00-04:00,69.34,69.34,69.25,69.27,9976.0,69.304,49
2024-06-07 10:20:00-04:00,69.29,69.37,69.23,69.37,7315.0,69.306,61
2024-06-07 10:25:00-04:00,69.36,69.38,69.26,69.26,6877.0,69.322,45
2024-06-07 10:30:00-04:00,69.25,69.25,69.09,69.13,5955.0,69.171,45
2024-06-07 10:35:00-04:00,69.14,69.27,69.13,69.27,7723.0,69.201,67
2024-06-07 10:40:00-04:00,69.25,69.32,69.19,69.19,9288.0,69.239,75
2024-06-07 10:45:00-04:00,69.16,69.21,69.16,69.2,6323.0,69.197,42
2024-06-07 10:50:00-04:00,69.17,69.17,69.01,69.02,7972.0,69.064,61
2024-06-07 10:55:00-04:00,69.05,69.1,69.02,69.03,8408.0,69.051,56
2024-06-07 11:00:00-04:00,69.02,69.15,68.98,69.14,5812.0,69.062,54
2024-06-07 11:05:00-04:00,69.13,69.13,69.06,69.06,2940.0,69.093,25
2024-06-07 11:10:00-04:00,69.05,69.09,69.02,69.09,4251.0,69.061,40
2024-06-07 11:15:00-04:00,69.1,69.14,69.01,69.01,10465.0,69.078,83
2024-06-07 11:20:00-04:00,69.0,69.03,68.97,69.02,4369.0,68.991,36
2024-06-07 11:25:00-04:00,69.03,69.03,68.97,68.97,4109.0,68.995,34
2024-06-07 11:30:00-04:00,69.01,69.05,69.01,69.01,5588.0,69.026,48
2024-06-07 11:35:00-04:00,69.0,69.0,68.96,68.99,3735.0,68.984,34
2024-06-07 11:40:00-04:00,69.0,69.04,68.99,69.02,3628.0,69.022,31
2024-06-07 11:45:00-04:00,69.03,69.04,68.99,69.01,3754.0,69.017,28
2024-06-07 11:50:00-04:00,69.0,69.01,68.9,68.9,8952.0,68.957,59
2024-06-07 11:55:00-04:00,68.88,68.92,68.84,68.9,9810.0,68.877,72
2024-06-07 12:00:00-04:00,68.9,68.91,68.77,68.81,8770.0,68.842,72
2024-06-07 12:05:00-04:00,68.82,68.87,68.75,68.79,22666.0,68.797,87
2024-06-07 12:10:00-04:00,68.79,68.83,68.76,68.76,9929.0,68.807,82
2024-06-07 12:15:00-04:00,68.75,68.75,68.68,68.69,8630.0,68.712,80
2024-06-07 12:20:00-04:00,68.67,68.71,68.62,68.63,10536.0,68.658,75
2024-06-07 12:25:00-04:00,68.64,68.81,68.64,68.77,25324.0,68.703,124
2024-06-07 12:30:00-04:00,68.79,68.81,68.64,68.72,8805.0,68.73,66
2024-06-07 12:35:00-04:00,68.7,68.75,68.68,68.75,5138.0,68.717,43
2024-06-07 12:40:00-04:00,68.73,68.74,68.67,68.71,4406.0,68.704,42
2024-06-07 12:45:00-04:00,68.71,68.71,68.63,68.65,6138.0,68.661,49
2024-06-07 12:50:00-04:00,68.66,68.72,68.65,68.72,4847.0,68.673,46
2024-06-07 12:55:00-04:00,68.74,68.87,68.74,68.86,5399.0,68.826,38
2024-06-07 13:00:00-04:00,68.87,68.87,68.73,68.75,4578.0,68.782,42
2024-06-07 13:05:00-04:00,68.75,68.76,68.67,68.71,6034.0,68.716,47
2024-06-07 13:10:00-04:00,68.7,68.75,68.66,68.71,6997.0,68.712,67
2024-06-07 13:15:00-04:00,68.73,68.75,68.67,68.69,6251.0,68.718,49
2024-06-07 13:20:00-04:00,68.69,68.78,68.67,68.78,11891.0,68.709,85
2024-06-07 13:25:00-04:00,68.78,68.79,68.67,68.73,13076.0,68.727,98
2024-06-07 13:30:00-04:00,68.75,68.76,68.68,68.75,6298.0,68.728,54
2024-06-07 13:35:00-04:00,68.75,68.89,68.75,68.89,6166.0,68.818,50
2024-06-07 13:40:00-04:00,68.87,68.87,68.81,68.85,12801.0,68.85,68
2024-06-07 13:45:00-04:00,68.86,68.88,68.83,68.84,2400.0,68.859,21
2024-06-07 13:50:00-04:00,68.84,68.86,68.8,68.8,8865.0,68.833,49
2024-06-07 13:55:00-04:00,68.79,68.79,68.76,68.76,2773.0,68.777,25
2024-06-07 14:00:00-04:00,68.75,68.75,68.61,68.62,7393.0,68.679,65
2024-06-07 14:05:00-04:00,68.62,68.63,68.55,68.59,6274.0,68.591,52
2024-06-07 14:10:00-04:00,68.58,68.64,68.57,68.61,6200.0,68.609,52
2024-06-07 14:15:00-04:00,68.62,68.65,68.61,68.64,4547.0,68.639,38
2024-06-07 14:20:00-04:00,68.65,68.78,68.65,68.76,6304.0,68.747,52
2024-06-07 14:25:00-04:00,68.77,68.8,68.76,68.78,4967.0,68.783,42
2024-06-07 14:30:00-04:00,68.78,68.82,68.77,68.78,5163.0,68.793,36
2024-06-07 14:35:00-04:00,68.77,68.85,68.77,68.83,3920.0,68.827,36
2024-06-07 14:40:00-04:00,68.84,68.86,68.8,68.81,5302.0,68.828,46
2024-06-07 14:45:00-04:00,68.82,68.87,68.77,68.84,6845.0,68.82,64
2024-06-07 14:50:00-04:00,68.85,68.86,68.75,68.81,12380.0,68.812,53
2024-06-07 14:55:00-04:00,68.82,68.83,68.78,68.79,5091.0,68.801,39
2024-06-07 15:00:00-04:00,68.79,68.8,68.73,68.73,12848.0,68.763,90
2024-06-07 15:05:00-04:00,68.74,68.75,68.66,68.67,7063.0,68.704,65
2024-06-07 15:10:00-04:00,68.67,68.68,68.59,68.64,37598.0,68.617,248
2024-06-07 15:15:00-04:00,68.62,68.67,68.62,68.65,8242.0,68.656,77
2024-06-07 15:20:00-04:00,68.65,68.66,68.59,68.63,12468.0,68.628,112
2024-06-07 15:25:00-04:00,68.62,68.63,68.59,68.6,11159.0,68.606,88
2024-06-07 15:30:00-04:00,68.59,68.68,68.58,68.63,10767.0,68.628,90
2024-06-07 15:35:00-04:00,68.62,68.69,68.61,68.63,25075.0,68.663,128
2024-06-07 15:40:00-04:00,68.63,68.65,68.54,68.56,28679.0,68.591,207
2024-06-07 15:45:00-04:00,68.56,68.56,68.42,68.43,46017.0,68.469,310
2024-06-07 15:50:00-04:00,68.43,68.45,68.32,68.42,41885.0,68.408,323
2024-06-07 15:55:00-04:00,68.43,68.47,68.37,68.47,111095.0,68.425,523
2024-06-10 09:30:00-04:00,68.09,68.4,67.67,68.04,26228.0,68.125,89
2024-06-10 09:35:00-04:00,68.12,68.12,67.47,67.65,9699.0,67.764,80
2024-06-10 09:40:00-04:00,67.64,67.81,67.49,67.76,7493.0,67.604,58
2024-06-10 09:45:00-04:00,67.78,67.96,67.78,67.78,7196.0,67.903,59
2024-06-10 09:50:00-04:00,67.78,68.0,67.78,67.81,5686.0,67.871,45
2024-06-10 09:55:00-04:00,67.8,67.9,67.8,67.86,3321.0,67.849,29
2024-06-10 10:00:00-04:00,67.89,67.89,67.75,67.79,5665.0,67.791,49
2024-06-10 10:05:00-04:00,67.82,67.83,67.75,67.75,7008.0,67.788,54
2024-06-10 10:10:00-04:00,67.77,67.81,67.69,67.75,7344.0,67.745,56
2024-06-10 10:15:00-04:00,67.72,67.74,67.67,67.7,8416.0,67.712,70
2024-06-10 10:20:00-04:00,67.71,67.77,67.66,67.74,9129.0,67.694,77
2024-06-10 10:25:00-04:00,67.77,67.77,67.68,67.7,15319.0,67.727,90
2024-06-10 10:30:00-04:00,67.7,67.82,67.7,67.81,5074.0,67.74,39
2024-06-10 10:35:00-04:00,67.81,67.86,67.8,67.84,9954.0,67.825,68
2024-06-10 10:40:00-04:00,67.84,67.93,67.84,67.92,4917.0,67.891,36
2024-06-10 10:45:00-04:00,67.93,67.98,67.87,67.9,10481.0,67.935,54
2024-06-10 10:50:00-04:00,67.89,67.9,67.74,67.83,6947.0,67.815,55
2024-06-10 10:55:00-04:00,67.8,67.82,67.73,67.74,7288.0,67.774,62
2024-06-10 11:00:00-04:00,67.74,67.76,67.68,67.7,7309.0,67.706,47
2024-06-10 11:05:00-04:00,67.7,67.71,67.65,67.68,9588.0,67.684,73
2024-06-10 11:10:00-04:00,67.67,67.74,67.64,67.74,11047.0,67.684,95
2024-06-10 11:15:00-04:00,67.74,67.77,67.67,67.67,7752.0,67.727,64
2024-06-10 11:20:00-04:00,67.67,67.75,67.67,67.72,4461.0,67.721,38
2024-06-10 11:25:00-04:00,67.72,67.73,67.66,67.71,6086.0,67.703,54
2024-06-10 11:30:00-04:00,67.72,67.73,67.66,67.66,8567.0,67.682,60
2024-06-10 11:35:00-04:00,67.66,67.71,67.61,67.68,5702.0,67.664,55
2024-06-10 11:40:00-04:00,67.69,67.7,67.66,67.69,6765.0,67.676,59
2024-06-10 11:45:00-04:00,67.71,67.71,67.67,67.68,3846.0,67.689,29
2024-06-10 11:50:00-04:00,67.7,67.76,67.68,67.75,8642.0,67.694,59
2024-06-10 11:55:00-04:00,67.75,67.75,67.67,67.68,10673.0,67.693,63
2024-06-10 12:00:00-04:00,67.67,67.68,67.66,67.68,4540.0,67.67,41
2024-06-10 12:05:00-04:00,67.69,67.72,67.64,67.68,10303.0,67.681,80
2024-06-10 12:10:00-04:00,67.7,67.77,67.7,67.77,6653.0,67.736,60
2024-06-10 12:15:00-04:00,67.76,67.78,67.76,67.78,5728.0,67.772,53
2024-06-10 12:20:00-04:00,67.79,67.85,67.79,67.83,5758.0,67.818,50
2024-06-10 12:25:00-04:00,67.84,67.85,67.79,67.79,4599.0,67.814,39
2024-06-10 12:30:00-04:00,67.79,67.79,67.71,67.74,5838.0,67.747,42
2024-06-10 12:35:00-04:00,67.74,67.75,67.71,67.72,6724.0,67.733,55
2024-06-10 12:40:00-04:00,67.72,67.87,67.72,67.87,3831.0,67.766,32
2024-06-10 12:45:00-04:00,67.91,67.98,67.88,67.97,7327.0,67.909,55
2024-06-10 12:50:00-04:00,67.97,67.97,67.91,67.95,5243.0,67.934,39
2024-06-10 12:55:00-04:00,67.95,68.05,67.95,68.05,5762.0,68.015,40
2024-06-10 13:00:00-04:00,68.04,68.05,67.95,68.02,7618.0,67.994,57
2024-06-10 13:05:00-04:00,68.01,68.01,67.93,67.96,5175.0,67.968,45
2024-06-10 13:10:00-04:00,67.96,67.96,67.95,67.96,1500.0,67.958,15
2024-06-10 13:15:00-04:00,67.96,67.98,67.96,67.97,5453.0,67.969,41
2024-06-10 13:20:00-04:00,67.97,68.06,67.97,68.04,4652.0,68.034,34
2024-06-10 13:25:00-04:00,68.05,68.15,68.04,68.15,4261.0,68.086,30
2024-06-10 13:30:00-04:00,68.15,68.15,68.05,68.05,8118.0,68.1,58
2024-06-10 13:35:00-04:00,68.06,68.1,68.05,68.08,6070.0,68.077,47
2024-06-10 13:40:00-04:00,68.07,68.19,68.07,68.15,6237.0,68.131,43
2024-06-10 13:45:00-04:00,68.16,68.26,68.14,68.25,4338.0,68.195,34
2024-06-10 13:50:00-04:00,68.26,68.26,68.19,68.22,2825.0,68.22,25
2024-06-10 13:55:00-04:00,68.22,68.22,68.15,68.16,6737.0,68.182,51
2024-06-10 14:00:00-04:00,68.16,68.19,68.15,68.18,5390.0,68.171,45
2024-06-10 14:05:00-04:00,68.18,68.2,68.15,68.18,7159.0,68.178,59
2024-06-10 14:10:00-04:00,68.17,68.24,68.16,68.24,7326.0,68.186,61
2024-06-10 14:15:00-04:00,68.23,68.28,68.19,68.26,8106.0,68.217,66
2024-06-10 14:20:00-04:00,68.26,68.29,68.21,68.21,9291.0,68.245,64
2024-06-10 14:25:00-04:00,68.2,68.27,68.2,68.22,10976.0,68.229,89
2024-06-10 14:30:00-04:00,68.22,68.27,68.21,68.23,8707.0,68.242,64
2024-06-10 14:35:00-04:00,68.23,68.24,68.19,68.21,12807.0,68.218,89
2024-06-10 14:40:00-04:00,68.21,68.21,68.16,68.17,4191.0,68.181,37
2024-06-10 14:45:00-04:00,68.17,68.22,68.15,68.15,6881.0,68.187,53
2024-06-10 14:50:00-04:00,68.16,68.17,68.14,68.17,6521.0,68.157,50
2024-06-10 14:55:00-04:00,68.17,68.25,68.17,68.19,8843.0,68.204,71
2024-06-10 15:00:00-04:00,68.19,68.2,68.18,68.19,4393.0,68.195,39
2024-06-10 15:05:00-04:00,68.18,68.21,68.17,68.18,6258.0,68.189,43
2024-06-10 15:10:00-04:00,68.17,68.22,68.15,68.22,7873.0,68.17,62
2024-06-10 15:15:00-04:00,68.24,68.24,68.19,68.21,5183.0,68.214,44
2024-06-10 15:20:00-04:00,68.2,68.24,68.2,68.22,8943.0,68.227,65
2024-06-10 15:25:00-04:00,68.22,68.23,68.2,68.23,7084.0,68.213,56
2024-06-10 15:30:00-04:00,68.23,68.24,68.17,68.18,8239.0,68.195,64
2024-06-10 15:35:00-04:00,68.19,68.26,68.19,68.23,14284.0,68.23,97
2024-06-10 15:40:00-04:00,68.23,68.3,68.19,68.3,18670.0,68.244,131
2024-06-10 15:45:00-04:00,68.3,68.31,68.22,68.22,17753.0,68.259,137
2024-06-10 15:50:00-04:00,68.22,68.33,68.2,68.32,40670.0,68.28,288
2024-06-10 15:55:00-04:00,68.31,68.42,68.25,68.42,150254.0,68.341,813
2024-06-11 09:30:00-04:00,68.3,68.3,67.9,67.95,18764.0,68.231,31
2024-06-11 09:35:00-04:00,67.95,68.07,67.89,68.0,60089.0,67.99,215
2024-06-11 09:40:00-04:00,68.0,68.1,67.94,68.08,5185.0,68.047,42
2024-06-11 09:45:00-04:00,68.1,68.1,67.81,67.87,3560.0,67.953,26
2024-06-11 09:50:00-04:00,67.89,67.91,67.77,67.81,3524.0,67.858,31
2024-06-11 09:55:00-04:00,67.81,67.92,67.79,67.86,6557.0,67.878,55
2024-06-11 10:00:00-04:00,67.8,67.94,67.73,67.73,9905.0,67.843,69
2024-06-11 10:05:00-04:00,67.73,67.8,67.67,67.8,13814.0,67.742,113
2024-06-11 10:10:00-04:00,67.78,67.96,67.77,67.95,7058.0,67.851,62
2024-06-11 10:15:00-04:00,67.95,68.03,67.91,68.03,8392.0,67.955,67
2024-06-11 10:20:00-04:00,68.02,68.04,68.0,68.03,3464.0,68.015,29
2024-06-11 10:25:00-04:00,68.04,68.08,68.03,68.03,7542.0,68.059,56
2024-06-11 10:30:00-04:00,68.0,68.07,67.97,68.06,8578.0,68.027,70
2024-06-11 10:35:00-04:00,68.06,68.08,68.01,68.01,6236.0,68.053,49
2024-06-11 10:40:00-04:00,68.02,68.08,67.99,68.07,5203.0,68.014,43
2024-06-11 10:45:00-04:00,68.07,68.12,68.03,68.05,8369.0,68.079,68
2024-06-11 10:50:00-04:00,68.06,68.08,68.0,68.04,4453.0,68.043,38
2024-06-11 10:55:00-04:00,68.03,68.03,67.91,67.92,10548.0,67.961,84
2024-06-11 11:00:00-04:00,67.92,68.01,67.89,67.89,11521.0,67.97,93
2024-06-11 11:05:00-04:00,67.88,68.03,67.88,68.01,7602.0,67.975,62
2024-06-11 11:10:00-04:00,68.01,68.03,67.89,67.9,7968.0,67.983,51
2024-06-11 11:15:00-04:00,67.92,67.93,67.89,67.92,5250.0,67.914,45
2024-06-11 11:20:00-04:00,67.9,67.93,67.9,67.9,1800.0,67.914,18
2024-06-11 11:25:00-04:00,67.92,67.92,67.8,67.82,13787.0,67.875,95
2024-06-11 11:30:00-04:00,67.82,67.89,67.81,67.86,16258.0,67.851,129
2024-06-11 11:35:00-04:00,67.84,67.87,67.72,67.76,17906.0,67.8,104
2024-06-11 11:40:00-04:00,67.76,67.82,67.75,67.78,20548.0,67.785,164
2024-06-11 11:45:00-04:00,67.78,67.81,67.76,67.79,10947.0,67.792,81
2024-06-11 11:50:00-04:00,67.8,67.8,67.73,67.75,12911.0,67.753,101
2024-06-11 11:55:00-04:00,67.76,67.79,67.73,67.76,13024.0,67.76,97
2024-06-11 12:00:00-04:00,67.76,67.77,67.6,67.68,93429.0,67.687,165
2024-06-11 12:05:00-04:00,67.67,67.69,67.5,67.62,17241.0,67.599,106
2024-06-11 12:10:00-04:00,67.62,67.7,67.61,67.67,13463.0,67.645,67
2024-06-11 12:15:00-04:00,67.66,67.7,67.65,67.67,5083.0,67.679,40
2024-06-11 12:20:00-04:00,67.67,67.68,67.59,67.61,5336.0,67.655,44
2024-06-11 12:25:00-04:00,67.62,67.67,67.58,67.63,13136.0,67.614,87
2024-06-11 12:30:00-04:00,67.63,67.64,67.56,67.58,12699.0,67.592,86
2024-06-11 12:35:00-04:00,67.59,67.61,67.57,67.59,7173.0,67.594,61
2024-06-11 12:40:00-04:00,67.59,67.65,67.56,67.64,17431.0,67.586,130
2024-06-11 12:45:00-04:00,67.63,67.63,67.59,67.61,13285.0,67.615,102
2024-06-11 12:50:00-04:00,67.62,67.62,67.52,67.56,37746.0,67.588,126
2024-06-11 12:55:00-04:00,67.56,67.7,67.55,67.7,20575.0,67.598,142
2024-06-11 13:00:00-04:00,67.71,67.82,67.67,67.82,6981.0,67.74,54
2024-06-11 13:05:00-04:00,67.81,67.85,67.79,67.81,4822.0,67.814,37
2024-06-11 13:10:00-04:00,67.81,67.82,67.79,67.79,4816.0,67.803,39
2024-06-11 13:15:00-04:00,67.8,67.81,67.77,67.77,4820.0,67.791,31
2024-06-11 13:20:00-04:00,67.76,67.81,67.76,67.78,5254.0,67.796,39
2024-06-11 13:25:00-04:00,67.78,67.87,67.78,67.86,6460.0,67.828,56
2024-06-11 13:30:00-04:00,67.87,67.88,67.84,67.84,4110.0,67.864,27
2024-06-11 13:35:00-04:00,67.85,67.92,67.8,67.92,5377.0,67.85,45
2024-06-11 13:40:00-04:00,67.9,67.9,67.86,67.89,5982.0,67.889,48
2024-06-11 13:45:00-04:00,67.89,67.94,67.88,67.9,6298.0,67.916,39
2024-06-11 13:50:00-04:00,67.88,67.95,67.88,67.95,8631.0,67.915,69
2024-06-11 13:55:00-04:00,67.93,67.95,67.89,67.89,11768.0,67.918,44
2024-06-11 14:00:00-04:00,67.89,67.89,67.75,67.82,20707.0,67.803,106
2024-06-11 14:05:00-04:00,67.84,67.84,67.7,67.73,14792.0,67.752,93
2024-06-11 14:10:00-04:00,67.73,67.76,67.7,67.76,10824.0,67.735,87
2024-06-11 14:15:00-04:00,67.76,67.77,67.73,67.77,9967.0,67.752,83
2024-06-11 14:20:00-04:00,67.77,67.78,67.66,67.67,20238.0,67.739,131
2024-06-11 14:25:00-04:00,67.68,67.72,67.68,67.72,8625.0,67.701,72
2024-06-11 14:30:00-04:00,67.71,67.72,67.66,67.66,15822.0,67.691,121
2024-06-11 14:35:00-04:00,67.66,67.66,67.59,67.64,9596.0,67.624,81
2024-06-11 14:40:00-04:00,67.64,67.67,67.6,67.6,11140.0,67.637,88
2024-06-11 14:45:00-04:00,67.61,67.8,67.6,67.77,75977.0,67.727,363
2024-06-11 14:50:00-04:00,67.73,67.83,67.71,67.8,20047.0,67.778,137
2024-06-11 14:55:00-04:00,67.78,67.78,67.65,67.71,18654.0,67.694,141
2024-06-11 15:00:00-04:00,67.72,67.72,67.66,67.69,10635.0,67.693,91
2024-06-11 15:05:00-04:00,67.7,67.78,67.69,67.78,12341.0,67.748,91
2024-06-11 15:10:00-04:00,67.78,67.83,67.73,67.74,8640.0,67.77,65
2024-06-11 15:15:00-04:00,67.74,67.74,67.66,67.7,11733.0,67.702,92
2024-06-11 15:20:00-04:00,67.7,67.71,67.66,67.67,14442.0,67.693,109
2024-06-11 15:25:00-04:00,67.67,67.68,67.61,67.61,20048.0,67.643,157
2024-06-11 15:30:00-04:00,67.61,67.66,67.59,67.64,28226.0,67.625,195
2024-06-11 15:35:00-04:00,67.63,67.64,67.58,67.61,54486.0,67.61,303
2024-06-11 15:40:00-04:00,67.61,67.63,67.59,67.61,46966.0,67.609,302
2024-06-11 15:45:00-04:00,67.61,67.65,67.58,67.58,53213.0,67.611,338
2024-06-11 15:50:00-04:00,67.6,67.64,67.58,67.62,54382.0,67.609,368
2024-06-11 15:55:00-04:00,67.63,67.87,67.62,67.87,180281.0,67.772,997
2024-06-12 09:30:00-04:00,68.51,68.85,68.34,68.54,21046.0,68.509,32
2024-06-12 09:35:00-04:00,68.51,68.69,68.3,68.4,11325.0,68.488,62
2024-06-12 09:40:00-04:00,68.42,68.55,68.37,68.53,4962.0,68.447,38
2024-06-12 09:45:00-04:00,68.54,68.75,68.49,68.72,30434.0,68.544,108
2024-06-12 09:50:00-04:00,68.71,68.75,68.57,68.6,5291.0,68.649,49
2024-06-12 09:55:00-04:00,68.6,68.65,68.41,68.43,6007.0,68.487,31
2024-06-12 10:00:00-04:00,68.41,68.41,68.05,68.05,7263.0,68.205,54
2024-06-12 10:05:00-04:00,68.1,68.11,67.83,67.93,17783.0,67.958,144
2024-06-12 10:10:00-04:00,67.94,67.99,67.85,67.96,7166.0,67.91,52
2024-06-12 10:15:00-04:00,67.97,68.3,67.95,68.3,16573.0,68.169,64
2024-06-12 10:20:00-04:00,68.3,68.49,68.29,68.39,9926.0,68.39,76
2024-06-12 10:25:00-04:00,68.4,68.4,68.31,68.31,5204.0,68.351,33
2024-06-12 10:30:00-04:00,68.27,68.33,68.26,68.3,5391.0,68.294,40
2024-06-12 10:35:00-04:00,68.27,68.3,68.12,68.12,8733.0,68.214,64
2024-06-12 10:40:00-04:00,68.12,68.12,67.86,67.86,11520.0,68.018,52
2024-06-12 10:45:00-04:00,67.87,67.99,67.83,67.95,19215.0,67.903,116
2024-06-12 10:50:00-04:00,67.92,67.92,67.75,67.79,10125.0,67.851,59
2024-06-12 10:55:00-04:00,67.8,67.83,67.7,67.73,11399.0,67.79,96
2024-06-12 11:00:00-04:00,67.7,67.74,67.61,67.71,15235.0,67.673,106
2024-06-12 11:05:00-04:00,67.72,67.73,67.62,67.7,11765.0,67.68,93
2024-06-12 11:10:00-04:00,67.7,67.75,67.68,67.68,12843.0,67.722,102
2024-06-12 11:15:00-04:00,67.62,67.66,67.53,67.56,9249.0,67.605,69
2024-06-12 11:20:00-04:00,67.58,67.61,67.49,67.52,12121.0,67.564,90
2024-06-12 11:25:00-04:00,67.51,67.56,67.47,67.48,7778.0,67.515,52
2024-06-12 11:30:00-04:00,67.47,67.47,67.35,67.35,6693.0,67.427,55
2024-06-12 11:35:00-04:00,67.33,67.35,67.25,67.3,9967.0,67.303,79
2024-06-12 11:40:00-04:00,67.31,67.41,67.31,67.31,9304.0,67.359,78
2024-06-12 11:45:00-04:00,67.32,67.34,67.25,67.28,8838.0,67.297,65
2024-06-12 11:50:00-04:00,67.28,67.35,67.23,67.34,11389.0,67.278,89
2024-06-12 11:55:00-04:00,67.39,67.44,67.29,67.31,18751.0,67.337,70
2024-06-12 12:00:00-04:00,67.29,67.29,67.22,67.23,3756.0,67.246,34
2024-06-12 12:05:00-04:00,67.28,67.32,67.26,67.3,4170.0,67.282,38
2024-06-12 12:10:00-04:00,67.3,67.31,67.22,67.23,10536.0,67.261,82
2024-06-12 12:15:00-04:00,67.23,67.41,67.23,67.41,6941.0,67.33,45
2024-06-12 12:20:00-04:00,67.42,67.46,67.36,67.43,13440.0,67.411,79
2024-06-12 12:25:00-04:00,67.42,67.45,67.36,67.4,10460.0,67.409,57
2024-06-12 12:30:00-04:00,67.4,67.51,67.4,67.51,4307.0,67.444,27
2024-06-12 12:35:00-04:00,67.5,67.58,67.48,67.56,3174.0,67.497,9
2024-06-12 12:40:00-04:00,67.57,67.67,67.57,67.67,3466.0,67.615,23
2024-06-12 12:45:00-04:00,67.67,67.68,67.64,67.64,2841.0,67.654,27
2024-06-12 12:50:00-04:00,67.64,67.74,67.61,67.72,5508.0,67.672,50
2024-06-12 12:55:00-04:00,67.72,67.73,67.55,67.56,5052.0,67.639,42
2024-06-12 13:00:00-04:00,67.54,67.58,67.53,67.57,1714.0,67.56,15
2024-06-12 13:05:00-04:00,67.56,67.61,67.56,67.57,8872.0,67.577,49
2024-06-12 13:10:00-04:00,67.59,67.59,67.56,67.56,1964.0,67.575,16
2024-06-12 13:15:00-04:00,67.56,67.57,67.47,67.48,3856.0,67.515,35
2024-06-12 13:20:00-04:00,67.47,67.47,67.36,67.37,10887.0,67.432,67
2024-06-12 13:25:00-04:00,67.4,67.49,67.39,67.47,5876.0,67.446,50
2024-06-12 13:30:00-04:00,67.46,67.48,67.39,67.42,10248.0,67.435,70
2024-06-12 13:35:00-04:00,67.43,67.45,67.4,67.41,5518.0,67.422,43
2024-06-12 13:40:00-04:00,67.41,67.42,67.33,67.34,13625.0,67.378,102
2024-06-12 13:45:00-04:00,67.33,67.36,67.29,67.31,11765.0,67.316,72
2024-06-12 13:50:00-04:00,67.31,67.33,67.29,67.3,9300.0,67.31,68
2024-06-12 13:55:00-04:00,67.3,67.32,67.22,67.25,13451.0,67.278,93
2024-06-12 14:00:00-04:00,67.23,67.28,66.85,67.18,25869.0,67.054,174
2024-06-12 14:05:00-04:00,67.19,67.23,67.08,67.13,14963.0,67.155,108
2024-06-12 14:10:00-04:00,67.15,67.22,67.12,67.22,10536.0,67.168,85
2024-06-12 14:15:00-04:00,67.23,67.35,67.23,67.33,16437.0,67.308,113
2024-06-12 14:20:00-04:00,67.34,67.35,67.29,67.33,3900.0,67.321,30
2024-06-12 14:25:00-04:00,67.33,67.48,67.33,67.37,11783.0,67.393,74
2024-06-12 14:30:00-04:00,67.36,67.45,67.2,67.38,11369.0,67.338,99
2024-06-12 14:35:00-04:00,67.35,67.39,67.19,67.31,8950.0,67.289,73
2024-06-12 14:40:00-04:00,67.32,67.32,67.08,67.21,19415.0,67.201,147
2024-06-12 14:45:00-04:00,67.17,67.19,67.02,67.05,20452.0,67.134,144
2024-06-12 14:50:00-04:00,67.02,67.19,67.02,67.07,13987.0,67.116,96
2024-06-12 14:55:00-04:00,67.09,67.27,67.08,67.15,12496.0,67.194,88
2024-06-12 15:00:00-04:00,67.13,67.38,67.13,67.24,10979.0,67.228,80
2024-06-12 15:05:00-04:00,67.23,67.37,67.22,67.35,9730.0,67.29,70
2024-06-12 15:10:00-04:00,67.34,67.42,67.27,67.33,11299.0,67.352,82
2024-06-12 15:15:00-04:00,67.33,67.38,67.28,67.36,17590.0,67.321,106
2024-06-12 15:20:00-04:00,67.36,67.37,67.23,67.23,12479.0,67.315,100
2024-06-12 15:25:00-04:00,67.25,67.33,67.12,67.14,22610.0,67.207,156
2024-06-12 15:30:00-04:00,67.13,67.16,67.06,67.15,30288.0,67.114,246
2024-06-12 15:35:00-04:00,67.14,67.23,67.09,67.1,54328.0,67.192,241
2024-06-12 15:40:00-04:00,67.1,67.14,67.06,67.1,42843.0,67.104,299
2024-06-12 15:45:00-04:00,67.11,67.14,66.86,66.87,59090.0,67.015,453
2024-06-12 15:50:00-04:00,66.89,67.14,66.86,67.14,67036.0,67.046,497
2024-06-12 15:55:00-04:00,67.15,67.2,67.09,67.13,124768.0,67.141,842
2024-06-13 09:30:00-04:00,67.02,67.17,66.75,67.17,17388.0,67.013,16
2024-06-13 09:35:00-04:00,67.06,67.21,66.95,67.13,4892.0,67.096,35
2024-06-13 09:40:00-04:00,67.13,67.14,66.93,67.0,14483.0,67.009,102
2024-06-13 09:45:00-04:00,66.97,67.0,66.57,66.58,10182.0,66.935,75
2024-06-13 09:50:00-04:00,66.63,66.63,66.35,66.48,6999.0,66.503,60
2024-06-13 09:55:00-04:00,66.49,66.49,66.29,66.29,3181.0,66.403,30
2024-06-13 10:00:00-04:00,66.31,66.4,65.94,65.95,20428.0,66.24,128
2024-06-13 10:05:00-04:00,65.93,65.98,65.85,65.88,21853.0,65.903,173
2024-06-13 10:10:00-04:00,65.89,65.97,65.77,65.81,21295.0,65.873,162
2024-06-13 10:15:00-04:00,65.83,65.92,65.73,65.73,19668.0,65.83,165
2024-06-13 10:20:00-04:00,65.74,65.78,65.66,65.7,14108.0,65.717,126
2024-06-13 10:25:00-04:00,65.68,65.7,65.58,65.59,21641.0,65.629,118
2024-06-13 10:30:00-04:00,65.59,65.63,65.51,65.51,26468.0,65.587,190
2024-06-13 10:35:00-04:00,65.54,65.56,65.5,65.52,32268.0,65.528,258
2024-06-13 10:40:00-04:00,65.53,65.55,65.35,65.42,19093.0,65.424,149
2024-06-13 10:45:00-04:00,65.42,65.46,65.34,65.41,25021.0,65.409,191
2024-06-13 10:50:00-04:00,65.42,65.52,65.42,65.49,18835.0,65.479,131
2024-06-13 10:55:00-04:00,65.51,65.54,65.45,65.46,27866.0,65.498,174
2024-06-13 11:00:00-04:00,65.46,65.62,65.44,65.61,16481.0,65.551,122
2024-06-13 11:05:00-04:00,65.62,65.72,65.61,65.72,10383.0,65.675,67
2024-06-13 11:10:00-04:00,65.72,65.75,65.58,65.58,16399.0,65.656,102
2024-06-13 11:15:00-04:00,65.59,65.72,65.59,65.71,5300.0,65.659,37
2024-06-13 11:20:00-04:00,65.71,65.74,65.68,65.73,10801.0,65.702,68
2024-06-13 11:25:00-04:00,65.74,65.79,65.73,65.76,3951.0,65.756,31
2024-06-13 11:30:00-04:00,65.78,65.79,65.71,65.76,13724.0,65.751,84
2024-06-13 11:35:00-04:00,65.77,65.79,65.74,65.77,5103.0,65.758,37
2024-06-13 11:40:00-04:00,65.76,65.8,65.7,65.7,11515.0,65.766,61
2024-06-13 11:45:00-04:00,65.71,65.8,65.7,65.78,6241.0,65.741,43
2024-06-13 11:50:00-04:00,65.81,65.92,65.81,65.89,10872.0,65.899,54
2024-06-13 11:55:00-04:00,65.91,65.97,65.9,65.91,9586.0,65.934,66
2024-06-13 12:00:00-04:00,65.89,65.89,65.78,65.85,6021.0,65.827,50
2024-06-13 12:05:00-04:00,65.86,65.9,65.85,65.85,8413.0,65.88,52
2024-06-13 12:10:00-04:00,65.84,65.92,65.84,65.92,3601.0,65.886,27
2024-06-13 12:15:00-04:00,65.93,65.93,65.85,65.89,11827.0,65.892,72
2024-06-13 12:20:00-04:00,65.88,65.99,65.87,65.9,6638.0,65.942,47
2024-06-13 12:25:00-04:00,65.9,65.91,65.82,65.89,4715.0,65.864,41
2024-06-13 12:30:00-04:00,65.91,65.97,65.89,65.92,9266.0,65.937,57
2024-06-13 12:35:00-04:00,65.92,65.94,65.84,65.86,11124.0,65.903,94
2024-06-13 12:40:00-04:00,65.86,65.9,65.86,65.88,2876.0,65.874,25
2024-06-13 12:45:00-04:00,65.88,65.88,65.79,65.83,8061.0,65.846,70
2024-06-13 12:50:00-04:00,65.84,65.95,65.84,65.95,4528.0,65.917,37
2024-06-13 12:55:00-04:00,65.95,66.05,65.94,66.0,10545.0,65.987,67
2024-06-13 13:00:00-04:00,65.98,66.05,65.95,65.95,5310.0,65.999,38
2024-06-13 13:05:00-04:00,65.95,66.12,65.95,66.12,7616.0,66.006,58
2024-06-13 13:10:00-04:00,66.09,66.12,66.08,66.08,3288.0,66.091,29
2024-06-13 13:15:00-04:00,66.07,66.07,66.04,66.07,3998.0,66.052,29
2024-06-13 13:20:00-04:00,66.06,66.06,66.0,66.02,8942.0,66.035,71
2024-06-13 13:25:00-04:00,66.02,66.1,66.0,66.09,7313.0,66.064,61
2024-06-13 13:30:00-04:00,66.09,66.09,66.07,66.09,800.0,66.076,5
2024-06-13 13:35:00-04:00,66.07,66.08,66.02,66.03,41121.0,66.053,89
2024-06-13 13:40:00-04:00,66.02,66.02,65.97,65.98,9804.0,65.994,76
2024-06-13 13:45:00-04:00,65.97,65.99,65.95,65.98,8668.0,65.973,57
2024-06-13 13:50:00-04:00,65.98,66.0,65.98,65.98,2179.0,65.983,21
2024-06-13 13:55:00-04:00,65.99,66.06,65.98,66.01,14008.0,66.014,92
2024-06-13 14:00:00-04:00,66.01,66.04,65.96,65.96,5732.0,66.008,52
2024-06-13 14:05:00-04:00,65.96,66.06,65.96,66.05,6039.0,66.011,49
2024-06-13 14:10:00-04:00,66.08,66.11,66.06,66.06,4803.0,66.088,40
2024-06-13 14:15:00-04:00,66.06,66.07,65.99,66.02,12644.0,66.035,80
2024-06-13 14:20:00-04:00,66.01,66.01,65.98,65.98,3224.0,65.992,23
2024-06-13 14:25:00-04:00,65.98,66.0,65.92,65.93,7341.0,65.955,62
2024-06-13 14:30:00-04:00,65.94,65.99,65.93,65.98,12232.0,65.952,92
2024-06-13 14:35:00-04:00,65.98,65.98,65.94,65.94,4627.0,65.959,33
2024-06-13 14:40:00-04:00,65.94,65.97,65.92,65.95,9224.0,65.948,64
2024-06-13 14:45:00-04:00,65.93,65.95,65.91,65.94,5335.0,65.932,39
2024-06-13 14:50:00-04:00,65.94,65.98,65.94,65.97,6515.0,65.969,48
2024-06-13 14:55:00-04:00,65.97,66.02,65.97,65.99,6109.0,65.994,48
2024-06-13 15:00:00-04:00,66.0,66.09,65.99,66.09,3873.0,66.052,32
2024-06-13 15:05:00-04:00,66.09,66.09,66.03,66.06,6304.0,66.075,51
2024-06-13 15:10:00-04:00,66.05,66.08,66.02,66.07,6356.0,66.057,54
2024-06-13 15:15:00-04:00,66.06,66.06,66.02,66.02,9608.0,66.04,79
2024-06-13 15:20:00-04:00,66.02,66.03,65.98,65.99,8400.0,66.003,67
2024-06-13 15:25:00-04:00,65.98,66.05,65.96,66.02,14407.0,66.001,108
2024-06-13 15:30:00-04:00,66.01,66.09,65.99,66.09,15503.0,66.053,126
2024-06-13 15:35:00-04:00,66.09,66.25,66.04,66.23,23608.0,66.147,183
2024-06-13 15:40:00-04:00,66.24,66.25,66.14,66.15,17759.0,66.169,137
2024-06-13 15:45:00-04:00,66.15,66.3,66.15,66.24,24143.0,66.239,186
2024-06-13 15:50:00-04:00,66.23,66.33,66.18,66.32,48289.0,66.263,324
2024-06-13 15:55:00-04:00,66.31,66.31,66.21,66.22,122032.0,66.267,770
2024-06-14 09:30:00-04:00,65.87,66.05,65.63,65.73,32990.0,65.858,73
2024-06-14 09:35:00-04:00,65.74,65.85,65.68,65.74,9813.0,65.81,63
2024-06-14 09:40:00-04:00,65.77,65.85,65.66,65.84,11351.0,65.799,63
2024-06-14 09:45:00-04:00,65.84,65.85,65.56,65.56,14955.0,65.758,73
2024-06-14 09:50:00-04:00,65.56,65.57,65.47,65.48,3919.0,65.508,34
2024-06-14 09:55:00-04:00,65.49,65.54,65.45,65.45,3533.0,65.49,25
2024-06-14 10:00:00-04:00,65.43,65.44,65.23,65.31,4330.0,65.31,36
2024-06-14 10:05:00-04:00,65.3,65.33,65.21,65.27,3081.0,65.278,22
2024-06-14 10:10:00-04:00,65.25,65.43,65.24,65.43,4468.0,65.335,39
2024-06-14 10:15:00-04:00,65.36,65.51,65.36,65.5,3704.0,65.464,20
2024-06-14 10:20:00-04:00,65.46,65.51,65.45,65.47,4174.0,65.475,27
2024-06-14 10:25:00-04:00,65.44,65.53,65.4,65.51,3580.0,65.433,31
2024-06-14 10:30:00-04:00,65.5,65.5,65.31,65.4,6188.0,65.39,49
2024-06-14 10:35:00-04:00,65.38,65.41,65.29,65.33,5318.0,65.328,33
2024-06-14 10:40:00-04:00,65.29,65.35,65.27,65.35,3132.0,65.316,23
2024-06-14 10:45:00-04:00,65.35,65.5,65.35,65.49,3014.0,65.448,19
2024-06-14 10:50:00-04:00,65.48,65.61,65.47,65.61,2637.0,65.52,23
2024-06-14 10:55:00-04:00,65.62,65.74,65.58,65.73,4072.0,65.67,31
2024-06-14 11:00:00-04:00,65.76,65.83,65.75,65.8,2706.0,65.798,20
2024-06-14 11:05:00-04:00,65.81,65.84,65.76,65.84,5211.0,65.802,45
2024-06-14 11:10:00-04:00,65.82,65.85,65.79,65.8,6817.0,65.823,52
2024-06-14 11:15:00-04:00,65.82,65.85,65.76,65.84,11982.0,65.809,60
2024-06-14 11:20:00-04:00,65.83,65.85,65.78,65.84,6218.0,65.826,54
2024-06-14 11:25:00-04:00,65.85,65.97,65.84,65.97,23719.0,65.865,178
2024-06-14 11:30:00-04:00,65.99,66.04,65.87,65.89,9878.0,65.969,79
2024-06-14 11:35:00-04:00,65.9,65.92,65.84,65.9,3377.0,65.881,27
2024-06-14 11:40:00-04:00,65.9,65.91,65.83,65.85,4398.0,65.851,27
2024-06-14 11:45:00-04:00,65.82,65.82,65.68,65.69,3635.0,65.74,30
2024-06-14 11:50:00-04:00,65.67,65.76,65.66,65.74,4961.0,65.707,40
2024-06-14 11:55:00-04:00,65.75,65.84,65.75,65.84,3253.0,65.789,27
2024-06-14 12:00:00-04:00,65.81,65.82,65.74,65.76,4518.0,65.775,41
2024-06-14 12:05:00-04:00,65.76,65.86,65.76,65.86,3757.0,65.787,25
2024-06-14 12:10:00-04:00,65.84,65.91,65.83,65.9,5678.0,65.867,38
2024-06-14 12:15:00-04:00,65.91,65.93,65.86,65.87,3811.0,65.899,31
2024-06-14 12:20:00-04:00,65.87,65.88,65.85,65.86,3129.0,65.866,28
2024-06-14 12:25:00-04:00,65.84,65.89,65.84,65.88,7168.0,65.851,62
2024-06-14 12:30:00-04:00,65.87,65.95,65.87,65.93,2433.0,65.911,20
2024-06-14 12:35:00-04:00,65.94,65.95,65.89,65.95,4561.0,65.92,41
2024-06-14 12:40:00-04:00,65.94,65.94,65.87,65.89,3023.0,65.9,23
2024-06-14 12:45:00-04:00,65.89,65.9,65.85,65.89,7064.0,65.877,58
2024-06-14 12:50:00-04:00,65.9,65.92,65.88,65.89,5872.0,65.89,44
2024-06-14 12:55:00-04:00,65.9,65.95,65.9,65.92,2307.0,65.919,20
2024-06-14 13:00:00-04:00,65.92,65.94,65.9,65.91,3435.0,65.921,29
2024-06-14 13:05:00-04:00,65.91,65.93,65.9,65.92,5619.0,65.914,49
2024-06-14 13:10:00-04:00,65.92,65.94,65.9,65.92,2988.0,65.916,25
2024-06-14 13:15:00-04:00,65.93,65.94,65.86,65.9,6311.0,65.894,53
2024-06-14 13:20:00-04:00,65.91,65.93,65.81,65.81,7912.0,65.857,49
2024-06-14 13:25:00-04:00,65.83,65.9,65.83,65.86,5261.0,65.86,43
2024-06-14 13:30:00-04:00,65.87,65.88,65.81,65.86,6176.0,65.842,48
2024-06-14 13:35:00-04:00,65.83,65.91,65.83,65.88,5309.0,65.861,48
2024-06-14 13:40:00-04:00,65.87,65.89,65.84,65.84,3751.0,65.865,32
2024-06-14 13:45:00-04:00,65.84,65.92,65.84,65.9,3949.0,65.887,21
2024-06-14 13:50:00-04:00,65.9,65.92,65.87,65.9,4361.0,65.886,35
2024-06-14 13:55:00-04:00,65.89,65.89,65.85,65.86,4841.0,65.878,36
2024-06-14 14:00:00-04:00,65.87,65.88,65.8,65.84,6352.0,65.831,52
2024-06-14 14:05:00-04:00,65.84,65.87,65.8,65.81,4933.0,65.839,42
2024-06-14 14:10:00-04:00,65.8,65.81,65.74,65.75,6711.0,65.771,54
2024-06-14 14:15:00-04:00,65.76,65.86,65.73,65.86,8641.0,65.782,63
2024-06-14 14:20:00-04:00,65.83,65.87,65.8,65.81,7134.0,65.819,54
2024-06-14 14:25:00-04:00,65.8,65.84,65.77,65.83,4819.0,65.803,40
2024-06-14 14:30:00-04:00,65.83,65.9,65.82,65.9,4194.0,65.858,31
2024-06-14 14:35:00-04:00,65.91,65.93,65.91,65.93,4628.0,65.922,31
2024-06-14 14:40:00-04:00,65.92,65.93,65.88,65.92,3855.0,65.908,36
2024-06-14 14:45:00-04:00,65.94,65.98,65.94,65.97,3815.0,65.953,30
2024-06-14 14:50:00-04:00,65.98,65.99,65.96,65.98,4557.0,65.978,39
2024-06-14 14:55:00-04:00,65.99,65.99,65.94,65.99,3406.0,65.967,30
2024-06-14 15:00:00-04:00,65.97,65.97,65.93,65.94,4091.0,65.954,33
2024-06-14 15:05:00-04:00,65.94,65.96,65.92,65.94,4981.0,65.94,42
2024-06-14 15:10:00-04:00,65.92,65.94,65.88,65.93,7679.0,65.912,53
2024-06-14 15:15:00-04:00,65.95,66.02,65.93,66.02,5039.0,65.991,36
2024-06-14 15:20:00-04:00,66.03,66.08,65.98,66.08,13198.0,66.027,91
2024-06-14 15:25:00-04:00,66.08,66.14,66.05,66.14,9894.0,66.081,71
2024-06-14 15:30:00-04:00,66.15,66.17,66.07,66.07,14230.0,66.124,86
2024-06-14 15:35:00-04:00,66.06,66.14,66.05,66.13,6671.0,66.1,55
2024-06-14 15:40:00-04:00,66.13,66.13,66.03,66.05,16498.0,66.08,108
2024-06-14 15:45:00-04:00,66.05,66.09,66.0,66.03,19625.0,66.045,132
2024-06-14 15:50:00-04:00,66.02,66.14,65.99,66.1,42876.0,66.082,320
2024-06-14 15:55:00-04:00,66.11,66.11,65.98,66.01,136281.0,66.043,798
2024-06-17 09:30:00-04:00,65.91,66.46,65.91,66.46,17617.0,65.964,22
2024-06-17 09:35:00-04:00,66.54,66.61,66.29,66.36,6484.0,66.461,48
2024-06-17 09:40:00-04:00,66.26,66.41,66.21,66.39,5464.0,66.344,26
2024-06-17 09:45:00-04:00,66.39,66.43,66.27,66.36,6825.0,66.334,52
2024-06-17 09:50:00-04:00,66.37,66.4,66.18,66.18,6302.0,66.305,52
2024-06-17 09:55:00-04:00,66.23,66.32,66.23,66.28,23268.0,66.279,48
2024-06-17 10:00:00-04:00,66.25,66.48,66.21,66.48,12396.0,66.31,110
2024-06-17 10:05:00-04:00,66.47,66.51,66.43,66.51,4795.0,66.474,39
2024-06-17 10:10:00-04:00,66.49,66.49,66.3,66.31,19836.0,66.353,118
2024-06-17 10:15:00-04:00,66.33,66.33,66.21,66.3,8972.0,66.281,72
2024-06-17 10:20:00-04:00,66.27,66.29,66.14,66.2,9364.0,66.232,79
2024-06-17 10:25:00-04:00,66.18,66.38,66.18,66.33,14954.0,66.284,99
2024-06-17 10:30:00-04:00,66.33,66.33,66.25,66.27,6334.0,66.301,52
2024-06-17 10:35:00-04:00,66.31,66.33,66.23,66.23,9612.0,66.281,61
2024-06-17 10:40:00-04:00,66.24,66.25,66.11,66.13,9207.0,66.198,73
2024-06-17 10:45:00-04:00,66.14,66.17,66.12,66.15,3404.0,66.144,23
2024-06-17 10:50:00-04:00,66.15,66.22,66.15,66.18,6103.0,66.185,55
2024-06-17 10:55:00-04:00,66.2,66.26,66.15,66.26,3343.0,66.194,28
2024-06-17 11:00:00-04:00,66.25,66.32,66.25,66.27,4451.0,66.287,40
2024-06-17 11:05:00-04:00,66.28,66.32,66.21,66.25,4205.0,66.259,31
2024-06-17 11:10:00-04:00,66.26,66.34,66.26,66.34,5830.0,66.285,40
2024-06-17 11:15:00-04:00,66.34,66.42,66.34,66.42,4011.0,66.385,33
2024-06-17 11:20:00-04:00,66.45,66.48,66.43,66.48,5570.0,66.458,47
2024-06-17 11:25:00-04:00,66.46,66.52,66.45,66.46,8142.0,66.49,64
2024-06-17 11:30:00-04:00,66.42,66.43,66.38,66.43,4049.0,66.412,30
2024-06-17 11:35:00-04:00,66.42,66.43,66.34,66.36,5307.0,66.378,42
2024-06-17 11:40:00-04:00,66.36,66.39,66.34,66.38,3196.0,66.373,27
2024-06-17 11:45:00-04:00,66.38,66.39,66.36,66.36,2614.0,66.37,17
2024-06-17 11:50:00-04:00,66.41,66.43,66.39,66.4,2932.0,66.414,23
2024-06-17 11:55:00-04:00,66.39,66.44,66.37,66.42,3423.0,66.412,30
2024-06-17 12:00:00-04:00,66.42,66.49,66.42,66.49,3746.0,66.449,33
2024-06-17 12:05:00-04:00,66.51,66.53,66.5,66.53,5244.0,66.521,33
2024-06-17 12:10:00-04:00,66.52,66.54,66.51,66.52,4376.0,66.521,33
2024-06-17 12:15:00-04:00,66.52,66.52,66.44,66.47,6511.0,66.474,50
2024-06-17 12:20:00-04:00,66.46,66.51,66.44,66.51,2376.0,66.48,19
2024-06-17 12:25:00-04:00,66.53,66.56,66.49,66.55,4214.0,66.518,33
2024-06-17 12:30:00-04:00,66.56,66.57,66.49,66.49,7043.0,66.533,60
2024-06-17 12:35:00-04:00,66.48,66.51,66.44,66.48,6917.0,66.483,47
2024-06-17 12:40:00-04:00,66.5,66.51,66.47,66.48,4271.0,66.491,36
2024-06-17 12:45:00-04:00,66.47,66.49,66.45,66.49,2747.0,66.473,26
2024-06-17 12:50:00-04:00,66.5,66.57,66.5,66.55,3418.0,66.546,23
2024-06-17 12:55:00-04:00,66.54,66.57,66.54,66.57,4616.0,66.556,33
2024-06-17 13:00:00-04:00,66.57,66.58,66.55,66.57,3001.0,66.573,30
2024-06-17 13:05:00-04:00,66.58,66.6,66.56,66.58,5217.0,66.585,49
2024-06-17 13:10:00-04:00,66.57,66.57,66.54,66.56,2317.0,66.552,22
2024-06-17 13:15:00-04:00,66.56,66.6,66.56,66.58,4648.0,66.575,39
2024-06-17 13:20:00-04:00,66.59,66.6,66.53,66.55,7293.0,66.582,60
2024-06-17 13:25:00-04:00,66.55,66.55,66.51,66.51,4946.0,66.538,21
2024-06-17 13:30:00-04:00,66.52,66.58,66.51,66.52,6696.0,66.54,60
2024-06-17 13:35:00-04:00,66.52,66.54,66.5,66.52,3043.0,66.517,27
2024-06-17 13:40:00-04:00,66.52,66.6,66.49,66.5,9615.0,66.553,71
2024-06-17 13:45:00-04:00,66.5,66.5,66.46,66.49,3791.0,66.491,30
2024-06-17 13:50:00-04:00,66.51,66.55,66.51,66.53,3686.0,66.532,33
2024-06-17 13:55:00-04:00,66.54,66.55,66.39,66.41,5808.0,66.462,50
2024-06-17 14:00:00-04:00,66.43,66.47,66.4,66.45,3712.0,66.44,31
2024-06-17 14:05:00-04:00,66.49,66.6,66.49,66.57,6863.0,66.573,62
2024-06-17 14:10:00-04:00,66.55,66.56,66.52,66.54,4243.0,66.539,34
2024-06-17 14:15:00-04:00,66.55,66.59,66.54,66.55,5718.0,66.56,32
2024-06-17 14:20:00-04:00,66.56,66.59,66.54,66.56,5728.0,66.568,45
2024-06-17 14:25:00-04:00,66.56,66.59,66.54,66.58,3767.0,66.569,34
2024-06-17 14:30:00-04:00,66.59,66.6,66.56,66.58,7225.0,66.577,63
2024-06-17 14:35:00-04:00,66.58,66.6,66.56,66.59,7379.0,66.585,51
2024-06-17 14:40:00-04:00,66.59,66.6,66.56,66.57,5743.0,66.582,51
2024-06-17 14:45:00-04:00,66.57,66.58,66.48,66.54,7835.0,66.528,64
2024-06-17 14:50:00-04:00,66.54,66.56,66.52,66.53,5275.0,66.539,40
2024-06-17 14:55:00-04:00,66.53,66.56,66.51,66.52,6586.0,66.528,48
2024-06-17 15:00:00-04:00,66.53,66.56,66.51,66.56,7597.0,66.534,57
2024-06-17 15:05:00-04:00,66.55,66.56,66.5,66.5,6408.0,66.529,54
2024-06-17 15:10:00-04:00,66.51,66.52,66.48,66.51,9359.0,66.501,70
2024-06-17 15:15:00-04:00,66.51,66.56,66.47,66.53,8850.0,66.515,72
2024-06-17 15:20:00-04:00,66.53,66.54,66.47,66.53,6522.0,66.513,55
2024-06-17 15:25:00-04:00,66.53,66.59,66.53,66.59,8935.0,66.569,83
2024-06-17 15:30:00-04:00,66.58,66.6,66.52,66.58,19103.0,66.577,150
2024-06-17 15:35:00-04:00,66.58,66.6,66.55,66.59,10686.0,66.572,81
2024-06-17 15:40:00-04:00,66.59,66.6,66.46,66.46,33612.0,66.577,241
2024-06-17 15:45:00-04:00,66.45,66.47,66.4,66.47,22303.0,66.436,175
2024-06-17 15:50:00-04:00,66.46,66.56,66.42,66.54,36946.0,66.509,307
2024-06-17 15:55:00-04:00,66.53,66.53,66.39,66.46,120973.0,66.45,799
2024-06-18 09:30:00-04:00,66.53,66.86,66.47,66.82,28964.0,66.569,53
2024-06-18 09:35:00-04:00,66.82,66.88,66.67,66.79,6263.0,66.777,46
2024-06-18 09:40:00-04:00,66.85,66.92,66.78,66.87,10103.0,66.844,72
2024-06-18 09:45:00-04:00,66.84,66.97,66.79,66.87,4518.0,66.881,28
2024-06-18 09:50:00-04:00,66.85,66.85,66.68,66.68,9427.0,66.778,56
2024-06-18 09:55:00-04:00,66.63,66.73,66.63,66.72,9311.0,66.676,66
2024-06-18 10:00:00-04:00,66.75,66.84,66.69,66.81,11884.0,66.779,88
2024-06-18 10:05:00-04:00,66.79,66.88,66.67,66.67,17729.0,66.764,88
2024-06-18 10:10:00-04:00,66.67,66.71,66.56,66.61,12323.0,66.631,84
2024-06-18 10:15:00-04:00,66.6,66.71,66.58,66.7,9257.0,66.647,72
2024-06-18 10:20:00-04:00,66.7,66.73,66.67,66.7,4930.0,66.709,42
2024-06-18 10:25:00-04:00,66.67,66.71,66.59,66.67,19967.0,66.658,109
2024-06-18 10:30:00-04:00,66.66,66.67,66.54,66.58,14957.0,66.569,78
2024-06-18 10:35:00-04:00,66.57,66.61,66.5,66.59,13855.0,66.564,90
2024-06-18 10:40:00-04:00,66.59,66.6,66.4,66.41,8641.0,66.492,55
2024-06-18 10:45:00-04:00,66.39,66.39,66.24,66.24,19679.0,66.322,136
2024-06-18 10:50:00-04:00,66.25,66.25,66.04,66.06,11375.0,66.13,71
2024-06-18 10:55:00-04:00,66.03,66.12,66.03,66.07,13487.0,66.078,77
2024-06-18 11:00:00-04:00,66.06,66.19,66.03,66.17,11123.0,66.104,81
2024-06-18 11:05:00-04:00,66.17,66.22,66.15,66.2,9657.0,66.195,69
2024-06-18 11:10:00-04:00,66.2,66.24,66.18,66.24,7798.0,66.217,68
2024-06-18 11:15:00-04:00,66.26,66.37,66.25,66.32,9951.0,66.314,76
2024-06-18 11:20:00-04:00,66.34,66.35,66.2,66.2,11035.0,66.296,74
2024-06-18 11:25:00-04:00,66.19,66.19,66.1,66.18,8864.0,66.142,64
2024-06-18 11:30:00-04:00,66.19,66.21,66.17,66.21,8000.0,66.193,60
2024-06-18 11:35:00-04:00,66.22,66.27,66.14,66.15,9520.0,66.228,84
2024-06-18 11:40:00-04:00,66.16,66.22,66.16,66.2,6925.0,66.186,66
2024-06-18 11:45:00-04:00,66.2,66.21,66.14,66.21,8714.0,66.176,67
2024-06-18 11:50:00-04:00,66.22,66.24,66.09,66.09,16063.0,66.19,103
2024-06-18 11:55:00-04:00,66.09,66.1,65.97,66.06,7102.0,66.034,46
2024-06-18 12:00:00-04:00,66.06,66.07,65.98,65.98,10280.0,66.026,47
2024-06-18 12:05:00-04:00,65.95,66.08,65.95,66.08,7709.0,65.998,49
2024-06-18 12:10:00-04:00,66.09,66.32,66.09,66.32,23095.0,66.187,129
2024-06-18 12:15:00-04:00,66.32,66.4,66.31,66.36,8353.0,66.345,62
2024-06-18 12:20:00-04:00,66.36,66.42,66.36,66.39,14387.0,66.397,77
2024-06-18 12:25:00-04:00,66.38,66.41,66.15,66.21,32106.0,66.273,207
2024-06-18 12:30:00-04:00,66.17,66.17,63.81,64.34,335105.0,64.772,2158
2024-06-18 12:35:00-04:00,64.4,64.75,62.86,63.79,241340.0,63.894,1302
2024-06-18 12:40:00-04:00,63.72,64.53,63.58,64.2,76752.0,64.233,496
2024-06-18 12:45:00-04:00,64.32,64.44,63.95,64.02,52529.0,64.2,227
2024-06-18 12:50:00-04:00,63.96,64.24,63.69,64.12,172537.0,63.978,543
2024-06-18 12:55:00-04:00,64.12,64.37,63.76,63.8,137419.0,64.104,461
2024-06-18 13:00:00-04:00,63.74,63.97,63.42,63.48,76643.0,63.756,524
2024-06-18 13:05:00-04:00,63.48,63.57,62.9,63.37,118923.0,63.271,545
2024-06-18 13:10:00-04:00,63.32,63.8,63.28,63.59,62556.0,63.532,221
2024-06-18 13:15:00-04:00,63.55,64.0,63.37,63.8,55454.0,63.564,234
2024-06-18 13:20:00-04:00,63.84,63.84,63.62,63.76,14638.0,63.718,111
2024-06-18 13:25:00-04:00,63.78,63.87,63.52,63.54,10896.0,63.748,85
2024-06-18 13:30:00-04:00,63.59,63.68,63.4,63.61,27597.0,63.53,158
2024-06-18 13:35:00-04:00,63.61,63.63,63.39,63.52,16715.0,63.507,122
2024-06-18 13:40:00-04:00,63.49,63.58,63.34,63.57,15364.0,63.432,125
2024-06-18 13:45:00-04:00,63.57,63.6,63.23,63.29,20809.0,63.402,139
2024-06-18 13:50:00-04:00,63.31,63.31,63.06,63.18,26820.0,63.197,208
2024-06-18 13:55:00-04:00,63.18,63.18,62.72,62.86,38892.0,62.884,313
2024-06-18 14:00:00-04:00,62.82,63.1,62.73,62.99,25430.0,62.918,195
2024-06-18 14:05:00-04:00,63.03,63.04,62.77,62.77,36239.0,62.871,295
2024-06-18 14:10:00-04:00,62.81,62.81,62.42,62.45,45859.0,62.583,331
2024-06-18 14:15:00-04:00,62.44,62.72,62.43,62.61,42260.0,62.589,324
2024-06-18 14:20:00-04:00,62.63,62.98,62.49,62.83,30575.0,62.764,224
2024-06-18 14:25:00-04:00,62.86,63.08,62.86,63.07,19220.0,63.007,153
2024-06-18 14:30:00-04:00,63.09,63.18,62.98,63.18,23139.0,63.07,175
2024-06-18 14:35:00-04:00,63.18,63.3,63.12,63.13,23207.0,63.203,179
2024-06-18 14:40:00-04:00,63.11,63.31,63.06,63.17,18102.0,63.201,128
2024-06-18 14:45:00-04:00,63.17,63.19,62.86,62.89,35187.0,63.04,281
2024-06-18 14:50:00-04:00,62.89,62.92,62.63,62.64,54240.0,62.739,194
2024-06-18 14:55:00-04:00,62.64,62.79,62.64,62.73,22894.0,62.717,167
2024-06-18 15:00:00-04:00,62.72,62.81,62.53,62.57,36923.0,62.66,223
2024-06-18 15:05:00-04:00,62.6,62.65,62.49,62.55,34721.0,62.563,203
2024-06-18 15:10:00-04:00,62.57,62.66,62.44,62.63,29475.0,62.542,184
2024-06-18 15:15:00-04:00,62.66,62.84,62.53,62.78,50284.0,62.684,221
2024-06-18 15:20:00-04:00,62.81,62.84,62.51,62.57,70831.0,62.665,384
2024-06-18 15:25:00-04:00,62.54,62.69,62.5,62.58,56560.0,62.583,418
2024-06-18 15:30:00-04:00,62.58,62.58,62.34,62.38,72113.0,62.483,426
2024-06-18 15:35:00-04:00,62.37,62.37,62.13,62.15,75507.0,62.248,471
2024-06-18 15:40:00-04:00,62.13,62.22,61.88,61.99,92292.0,62.032,678
2024-06-18 15:45:00-04:00,62.0,62.12,61.97,62.09,100905.0,62.037,750
2024-06-18 15:50:00-04:00,62.09,62.38,62.08,62.21,150863.0,62.247,1025
2024-06-18 15:55:00-04:00,62.18,62.32,62.1,62.26,338167.0,62.223,1762
2024-06-20 09:30:00-04:00,61.91,62.07,60.75,60.78,135767.0,61.295,588
2024-06-20 09:35:00-04:00,60.86,60.87,59.63,59.79,128858.0,60.223,850
2024-06-20 09:40:00-04:00,59.91,59.99,59.12,59.99,119184.0,59.535,504
2024-06-20 09:45:00-04:00,59.9,60.22,59.66,59.95,131740.0,59.828,375
2024-06-20 09:50:00-04:00,59.95,60.37,59.92,60.03,105349.0,60.07,737
2024-06-20 09:55:00-04:00,60.06,60.55,60.02,60.37,47224.0,60.324,318
2024-06-20 10:00:00-04:00,60.43,61.06,60.43,60.75,57800.0,60.802,464
2024-06-20 10:05:00-04:00,60.74,60.86,60.63,60.8,59491.0,60.724,388
2024-06-20 10:10:00-04:00,60.78,60.95,60.48,60.77,72527.0,60.752,405
2024-06-20 10:15:00-04:00,60.8,60.88,60.72,60.73,55752.0,60.775,384
2024-06-20 10:20:00-04:00,60.73,60.87,60.56,60.76,81161.0,60.725,521
2024-06-20 10:25:00-04:00,60.75,60.91,60.73,60.84,60862.0,60.809,335
2024-06-20 10:30:00-04:00,60.84,61.1,60.82,61.02,57232.0,61.009,320
2024-06-20 10:35:00-04:00,61.04,61.05,60.81,60.9,32237.0,60.899,248
2024-06-20 10:40:00-04:00,60.9,60.9,60.47,60.48,41290.0,60.62,305
2024-06-20 10:45:00-04:00,60.47,60.57,60.25,60.28,114055.0,60.388,760
2024-06-20 10:50:00-04:00,60.27,60.43,60.18,60.22,56243.0,60.306,391
2024-06-20 10:55:00-04:00,60.19,60.51,60.18,60.37,48531.0,60.361,333
2024-06-20 11:00:00-04:00,60.37,60.42,60.11,60.11,38016.0,60.247,269
2024-06-20 11:05:00-04:00,60.11,60.13,59.78,59.82,58273.0,59.928,393
2024-06-20 11:10:00-04:00,59.82,59.9,59.6,59.65,61465.0,59.762,417
2024-06-20 11:15:00-04:00,59.68,60.09,59.61,59.94,30732.0,59.884,221
2024-06-20 11:20:00-04:00,59.94,60.12,59.86,60.08,20854.0,59.938,142
2024-06-20 11:25:00-04:00,60.09,60.17,59.98,60.03,41413.0,60.057,311
2024-06-20 11:30:00-04:00,60.07,60.07,59.87,59.91,75269.0,59.918,305
2024-06-20 11:35:00-04:00,59.91,60.06,59.73,60.01,49606.0,59.893,319
2024-06-20 11:40:00-04:00,60.01,60.4,60.01,60.09,39720.0,60.251,215
2024-06-20 11:45:00-04:00,60.18,60.23,60.11,60.18,26584.0,60.17,183
2024-06-20 11:50:00-04:00,60.19,60.27,60.15,60.22,18679.0,60.208,118
2024-06-20 11:55:00-04:00,60.2,60.29,60.15,60.23,30804.0,60.224,214
2024-06-20 12:00:00-04:00,60.25,60.31,60.18,60.2,19419.0,60.222,144
2024-06-20 12:05:00-04:00,60.18,60.27,60.18,60.26,29322.0,60.234,206
2024-06-20 12:10:00-04:00,60.27,60.6,60.26,60.34,57519.0,60.419,337
2024-06-20 12:15:00-04:00,60.34,60.47,60.31,60.4,38980.0,60.402,248
2024-06-20 12:20:00-04:00,60.42,60.42,60.21,60.33,22637.0,60.318,153
2024-06-20 12:25:00-04:00,60.31,60.45,60.23,60.36,21646.0,60.336,144
2024-06-20 12:30:00-04:00,60.35,60.51,60.35,60.38,20202.0,60.426,167
2024-06-20 12:35:00-04:00,60.39,60.5,60.36,60.5,21182.0,60.407,173
2024-06-20 12:40:00-04:00,60.51,60.53,60.3,60.36,15025.0,60.392,117
2024-06-20 12:45:00-04:00,60.34,60.45,60.2,60.29,32938.0,60.328,198
2024-06-20 12:50:00-04:00,60.3,60.52,60.28,60.44,19300.0,60.427,151
2024-06-20 12:55:00-04:00,60.44,60.52,60.43,60.52,42841.0,60.477,157
2024-06-20 13:00:00-04:00,60.5,60.53,60.4,60.43,12988.0,60.437,101
2024-06-20 13:05:00-04:00,60.43,60.46,60.32,60.32,15238.0,60.394,118
2024-06-20 13:10:00-04:00,60.32,60.44,60.31,60.42,8839.0,60.377,72
2024-06-20 13:15:00-04:00,60.43,60.43,60.22,60.24,50099.0,60.323,287
2024-06-20 13:20:00-04:00,60.26,60.46,60.23,60.43,18464.0,60.286,145
2024-06-20 13:25:00-04:00,60.46,60.47,60.34,60.45,30910.0,60.409,159
2024-06-20 13:30:00-04:00,60.45,60.48,60.36,60.46,24474.0,60.412,180
2024-06-20 13:35:00-04:00,60.46,60.56,60.41,60.55,33187.0,60.483,180
2024-06-20 13:40:00-04:00,60.58,60.68,60.53,60.57,13635.0,60.611,117
2024-06-20 13:45:00-04:00,60.57,60.61,60.5,60.55,28042.0,60.544,142
2024-06-20 13:50:00-04:00,60.56,60.57,60.43,60.52,18429.0,60.504,140
2024-06-20 13:55:00-04:00,60.53,60.56,60.39,60.41,19667.0,60.499,162
2024-06-20 14:00:00-04:00,60.41,60.46,60.37,60.46,17579.0,60.407,138
2024-06-20 14:05:00-04:00,60.45,60.46,60.38,60.44,25283.0,60.403,194
2024-06-20 14:10:00-04:00,60.43,60.45,60.21,60.33,27626.0,60.329,209
2024-06-20 14:15:00-04:00,60.32,60.38,60.19,60.38,20213.0,60.271,165
2024-06-20 14:20:00-04:00,60.39,60.41,60.31,60.38,12848.0,60.355,111
2024-06-20 14:25:00-04:00,60.39,60.61,60.33,60.33,59765.0,60.476,337
2024-06-20 14:30:00-04:00,60.33,60.42,60.26,60.32,39027.0,60.355,310
2024-06-20 14:35:00-04:00,60.33,60.42,60.32,60.33,24991.0,60.371,203
2024-06-20 14:40:00-04:00,60.35,60.35,60.27,60.29,28464.0,60.315,165
2024-06-20 14:45:00-04:00,60.28,60.33,60.27,60.33,23866.0,60.295,176
2024-06-20 14:50:00-04:00,60.33,60.35,60.22,60.27,27984.0,60.273,217
2024-06-20 14:55:00-04:00,60.29,60.29,60.21,60.23,33040.0,60.234,268
2024-06-20 15:00:00-04:00,60.23,60.33,60.12,60.32,30279.0,60.231,228
2024-06-20 15:05:00-04:00,60.31,60.44,60.29,60.41,41874.0,60.36,313
2024-06-20 15:10:00-04:00,60.41,60.43,60.39,60.4,21295.0,60.407,177
2024-06-20 15:15:00-04:00,60.4,60.53,60.4,60.53,38394.0,60.475,285
2024-06-20 15:20:00-04:00,60.55,60.55,60.41,60.46,67136.0,60.479,412
2024-06-20 15:25:00-04:00,60.46,60.52,60.38,60.52,43436.0,60.452,320
2024-06-20 15:30:00-04:00,60.51,60.51,60.37,60.4,54964.0,60.416,409
2024-06-20 15:35:00-04:00,60.4,60.41,60.25,60.36,46964.0,60.309,326
2024-06-20 15:40:00-04:00,60.37,60.49,60.34,60.41,84669.0,60.406,547
2024-06-20 15:45:00-04:00,60.4,60.41,60.31,60.36,90899.0,60.359,631
2024-06-20 15:50:00-04:00,60.35,60.52,60.33,60.42,162830.0,60.441,912
2024-06-20 15:55:00-04:00,60.42,60.46,60.28,60.43,353154.0,60.347,1944
2024-06-21 09:30:00-04:00,60.82,61.25,60.67,60.73,440344.0,60.831,139
2024-06-21 09:35:00-04:00,60.75,61.22,60.61,61.11,19464.0,60.982,122
2024-06-21 09:40:00-04:00,61.1,61.29,61.0,61.21,20521.0,61.114,170
2024-06-21 09:45:00-04:00,61.06,61.27,60.96,61.11,19065.0,61.148,115
2024-06-21 09:50:00-04:00,61.11,61.17,60.92,61.03,54616.0,61.058,253
2024-06-21 09:55:00-04:00,61.02,61.19,60.88,60.96,25235.0,61.023,177
2024-06-21 10:00:00-04:00,60.96,61.15,60.92,61.09,13882.0,61.021,115
2024-06-21 10:05:00-04:00,61.13,61.32,61.13,61.28,11128.0,61.222,87
2024-06-21 10:10:00-04:00,61.29,61.37,61.06,61.17,23344.0,61.203,162
2024-06-21 10:15:00-04:00,61.14,61.18,61.05,61.15,9634.0,61.114,71
2024-06-21 10:20:00-04:00,61.16,61.19,61.01,61.18,11523.0,61.116,65
2024-06-21 10:25:00-04:00,61.17,61.17,60.98,61.04,18956.0,61.097,134
2024-06-21 10:30:00-04:00,61.06,61.2,61.01,61.17,15159.0,61.147,114
2024-06-21 10:35:00-04:00,61.17,61.23,60.95,60.96,28132.0,61.126,209
2024-06-21 10:40:00-04:00,60.99,61.03,60.88,60.94,23939.0,60.97,121
2024-06-21 10:45:00-04:00,60.93,61.09,60.91,61.09,16140.0,60.957,118
2024-06-21 10:50:00-04:00,61.09,61.15,61.06,61.07,10702.0,61.099,74
2024-06-21 10:55:00-04:00,61.07,61.1,60.87,60.87,15853.0,60.999,123
2024-06-21 11:00:00-04:00,60.89,60.89,60.73,60.79,9720.0,60.791,77
2024-06-21 11:05:00-04:00,60.78,60.85,60.7,60.76,16167.0,60.764,104
2024-06-21 11:10:00-04:00,60.77,60.78,60.68,60.7,13208.0,60.734,103
2024-06-21 11:15:00-04:00,60.7,60.74,60.62,60.64,12927.0,60.69,87
2024-06-21 11:20:00-04:00,60.64,60.66,60.57,60.58,15728.0,60.63,119
2024-06-21 11:25:00-04:00,60.57,60.57,60.47,60.55,15669.0,60.528,113
2024-06-21 11:30:00-04:00,60.55,60.56,60.4,60.41,21855.0,60.456,155
2024-06-21 11:35:00-04:00,60.4,60.54,60.4,60.54,14689.0,60.464,97
2024-06-21 11:40:00-04:00,60.54,60.73,60.54,60.6,14808.0,60.655,115
2024-06-21 11:45:00-04:00,60.6,60.76,60.58,60.74,15142.0,60.681,106
2024-06-21 11:50:00-04:00,60.73,60.82,60.7,60.82,16212.0,60.746,140
2024-06-21 11:55:00-04:00,60.85,60.93,60.79,60.83,14584.0,60.874,112
2024-06-21 12:00:00-04:00,60.84,60.91,60.82,60.86,9917.0,60.851,78
2024-06-21 12:05:00-04:00,60.86,60.86,60.71,60.73,15202.0,60.756,116
2024-06-21 12:10:00-04:00,60.73,60.81,60.71,60.73,13471.0,60.751,99
2024-06-21 12:15:00-04:00,60.73,60.73,60.67,60.71,10432.0,60.701,79
2024-06-21 12:20:00-04:00,60.71,60.73,60.66,60.71,10509.0,60.695,82
2024-06-21 12:25:00-04:00,60.71,60.72,60.67,60.7,9583.0,60.698,70
2024-06-21 12:30:00-04:00,60.7,60.75,60.7,60.75,9428.0,60.732,81
2024-06-21 12:35:00-04:00,60.75,60.75,60.65,60.66,12281.0,60.687,96
2024-06-21 12:40:00-04:00,60.67,60.71,60.64,60.71,10816.0,60.664,77
2024-06-21 12:45:00-04:00,60.71,60.72,60.56,60.67,14974.0,60.653,96
2024-06-21 12:50:00-04:00,60.66,60.8,60.64,60.8,10212.0,60.713,66
2024-06-21 12:55:00-04:00,60.81,60.81,60.72,60.75,12572.0,60.768,94
2024-06-21 13:00:00-04:00,60.73,60.75,60.72,60.74,7242.0,60.736,48
2024-06-21 13:05:00-04:00,60.75,60.76,60.69,60.7,10401.0,60.732,72
2024-06-21 13:10:00-04:00,60.7,60.76,60.68,60.73,10492.0,60.722,73
2024-06-21 13:15:00-04:00,60.73,60.75,60.67,60.72,15881.0,60.716,108
2024-06-21 13:20:00-04:00,60.73,60.73,60.65,60.69,8467.0,60.68,57
2024-06-21 13:25:00-04:00,60.68,60.76,60.66,60.75,9696.0,60.706,79
2024-06-21 13:30:00-04:00,60.74,60.75,60.7,60.71,10458.0,60.727,84
2024-06-21 13:35:00-04:00,60.71,60.79,60.7,60.79,9606.0,60.751,75
2024-06-21 13:40:00-04:00,60.8,60.81,60.72,60.73,9498.0,60.766,62
2024-06-21 13:45:00-04:00,60.75,60.77,60.72,60.73,10230.0,60.75,65
2024-06-21 13:50:00-04:00,60.73,60.74,60.62,60.62,17203.0,60.689,112
2024-06-21 13:55:00-04:00,60.62,60.64,60.58,60.6,8312.0,60.612,69
2024-06-21 14:00:00-04:00,60.58,60.6,60.51,60.53,11933.0,60.553,84
2024-06-21 14:05:00-04:00,60.57,60.61,60.57,60.58,7438.0,60.582,67
2024-06-21 14:10:00-04:00,60.58,60.61,60.58,60.59,12654.0,60.594,99
2024-06-21 14:15:00-04:00,60.59,60.64,60.59,60.61,11208.0,60.617,96
2024-06-21 14:20:00-04:00,60.61,60.61,60.51,60.52,15902.0,60.545,118
2024-06-21 14:25:00-04:00,60.52,60.57,60.51,60.56,9599.0,60.542,82
2024-06-21 14:30:00-04:00,60.56,60.59,60.53,60.56,11344.0,60.552,96
2024-06-21 14:35:00-04:00,60.56,60.58,60.48,60.54,11349.0,60.546,97
2024-06-21 14:40:00-04:00,60.54,60.54,60.5,60.52,11647.0,60.518,95
2024-06-21 14:45:00-04:00,60.53,60.61,60.52,60.57,12685.0,60.563,92
2024-06-21 14:50:00-04:00,60.57,60.58,60.48,60.51,19848.0,60.521,125
2024-06-21 14:55:00-04:00,60.49,60.58,60.48,60.55,14543.0,60.515,110
2024-06-21 15:00:00-04:00,60.55,60.55,60.43,60.43,14063.0,60.486,107
2024-06-21 15:05:00-04:00,60.43,60.49,60.38,60.45,13197.0,60.443,100
2024-06-21 15:10:00-04:00,60.46,60.51,60.45,60.51,17174.0,60.483,134
2024-06-21 15:15:00-04:00,60.51,60.57,60.5,60.5,18549.0,60.525,145
2024-06-21 15:20:00-04:00,60.51,60.54,60.41,60.47,26978.0,60.472,189
2024-06-21 15:25:00-04:00,60.47,60.49,60.41,60.46,18664.0,60.449,146
2024-06-21 15:30:00-04:00,60.46,60.46,60.39,60.44,21834.0,60.429,158
2024-06-21 15:35:00-04:00,60.43,60.51,60.41,60.5,28095.0,60.467,189
2024-06-21 15:40:00-04:00,60.49,60.49,60.29,60.32,61258.0,60.372,396
2024-06-21 15:45:00-04:00,60.32,60.59,60.32,60.39,78667.0,60.451,463
2024-06-21 15:50:00-04:00,60.4,60.5,60.37,60.38,102924.0,60.449,709
2024-06-21 15:55:00-04:00,60.38,60.66,60.38,60.65,258682.0,60.561,1448
2024-06-24 09:30:00-04:00,60.69,60.87,60.48,60.51,40727.0,60.677,58
2024-06-24 09:35:00-04:00,60.5,60.95,60.3,60.87,13088.0,60.558,87
2024-06-24 09:40:00-04:00,61.0,61.15,60.98,61.1,16766.0,61.07,85
2024-06-24 09:45:00-04:00,61.03,61.46,61.03,61.43,41813.0,61.381,311
2024-06-24 09:50:00-04:00,61.43,61.44,61.26,61.27,33496.0,61.381,121
2024-06-24 09:55:00-04:00,61.24,61.33,61.2,61.28,8392.0,61.266,51
2024-06-24 10:00:00-04:00,61.31,61.39,61.27,61.3,8712.0,61.34,63
2024-06-24 10:05:00-04:00,61.34,61.51,61.3,61.46,10499.0,61.389,81
2024-06-24 10:10:00-04:00,61.48,61.52,61.45,61.48,8953.0,61.494,63
2024-06-24 10:15:00-04:00,61.48,61.6,61.48,61.6,12409.0,61.535,63
2024-06-24 10:20:00-04:00,61.61,61.7,61.38,61.45,30783.0,61.477,127
2024-06-24 10:25:00-04:00,61.42,61.53,61.4,61.4,12537.0,61.447,65
2024-06-24 10:30:00-04:00,61.4,61.48,61.35,61.44,13302.0,61.426,87
2024-06-24 10:35:00-04:00,61.41,61.64,61.38,61.61,22193.0,61.465,122
2024-06-24 10:40:00-04:00,61.61,61.81,61.6,61.76,11956.0,61.731,82
2024-06-24 10:45:00-04:00,61.78,61.87,61.74,61.83,19085.0,61.832,99
2024-06-24 10:50:00-04:00,61.81,61.83,61.7,61.75,18828.0,61.756,137
2024-06-24 10:55:00-04:00,61.76,61.83,61.62,61.62,16049.0,61.762,117
2024-06-24 11:00:00-04:00,61.69,61.71,61.58,61.71,7138.0,61.665,47
2024-06-24 11:05:00-04:00,61.7,61.86,61.69,61.82,9354.0,61.767,63
2024-06-24 11:10:00-04:00,61.81,61.84,61.69,61.69,7523.0,61.774,59
2024-06-24 11:15:00-04:00,61.67,61.7,61.6,61.61,9246.0,61.638,74
2024-06-24 11:20:00-04:00,61.62,61.65,61.53,61.64,23113.0,61.629,203
2024-06-24 11:25:00-04:00,61.61,61.62,61.56,61.56,8240.0,61.593,62
2024-06-24 11:30:00-04:00,61.55,61.58,61.5,61.51,6388.0,61.539,52
2024-06-24 11:35:00-04:00,61.49,61.53,61.47,61.5,8090.0,61.504,61
2024-06-24 11:40:00-04:00,61.53,61.61,61.53,61.58,5480.0,61.573,42
2024-06-24 11:45:00-04:00,61.59,61.59,61.47,61.48,6536.0,61.545,50
2024-06-24 11:50:00-04:00,61.47,61.48,61.37,61.44,16507.0,61.409,133
2024-06-24 11:55:00-04:00,61.41,61.49,61.33,61.44,21398.0,61.415,129
2024-06-24 12:00:00-04:00,61.42,61.45,61.38,61.41,13220.0,61.436,40
2024-06-24 12:05:00-04:00,61.39,61.39,61.31,61.38,11214.0,61.359,42
2024-06-24 12:10:00-04:00,61.38,61.39,61.33,61.39,8277.0,61.369,54
2024-06-24 12:15:00-04:00,61.37,61.4,61.34,61.38,10040.0,61.367,60
2024-06-24 12:20:00-04:00,61.38,61.41,61.36,61.37,8374.0,61.382,70
2024-06-24 12:25:00-04:00,61.35,61.39,61.33,61.34,5146.0,61.364,41
2024-06-24 12:30:00-04:00,61.35,61.35,61.31,61.32,7273.0,61.332,50
2024-06-24 12:35:00-04:00,61.33,61.43,61.33,61.42,7287.0,61.386,44
2024-06-24 12:40:00-04:00,61.41,61.42,61.32,61.39,5895.0,61.375,48
2024-06-24 12:45:00-04:00,61.4,61.44,61.37,61.38,7110.0,61.399,57
2024-06-24 12:50:00-04:00,61.38,61.4,61.34,61.35,8476.0,61.375,60
2024-06-24 12:55:00-04:00,61.36,61.38,61.34,61.35,4056.0,61.362,33
2024-06-24 13:00:00-04:00,61.35,61.4,61.32,61.36,8884.0,61.352,73
2024-06-24 13:05:00-04:00,61.37,61.37,61.25,61.25,7327.0,61.334,49
2024-06-24 13:10:00-04:00,61.25,61.45,61.25,61.42,22329.0,61.373,82
2024-06-24 13:15:00-04:00,61.42,61.46,61.38,61.43,12882.0,61.417,79
2024-06-24 13:20:00-04:00,61.43,61.44,61.4,61.42,6607.0,61.424,46
2024-06-24 13:25:00-04:00,61.42,61.52,61.41,61.48,7537.0,61.48,60
2024-06-24 13:30:00-04:00,61.49,61.49,61.43,61.46,11351.0,61.465,73
2024-06-24 13:35:00-04:00,61.45,61.52,61.43,61.52,6086.0,61.486,50
2024-06-24 13:40:00-04:00,61.52,61.54,61.46,61.47,10561.0,61.519,63
2024-06-24 13:45:00-04:00,61.47,61.49,61.44,61.44,5312.0,61.464,44
2024-06-24 13:50:00-04:00,61.44,61.44,61.38,61.4,7086.0,61.413,50
2024-06-24 13:55:00-04:00,61.41,61.45,61.39,61.42,9184.0,61.42,65
2024-06-24 14:00:00-04:00,61.42,61.47,61.39,61.46,8794.0,61.418,73
2024-06-24 14:05:00-04:00,61.46,61.51,61.46,61.51,7548.0,61.495,57
2024-06-24 14:10:00-04:00,61.5,61.55,61.49,61.54,8985.0,61.526,62
2024-06-24 14:15:00-04:00,61.53,61.6,61.53,61.59,7260.0,61.553,55
2024-06-24 14:20:00-04:00,61.56,61.59,61.54,61.58,11580.0,61.571,68
2024-06-24 14:25:00-04:00,61.59,61.6,61.55,61.56,10438.0,61.571,85
2024-06-24 14:30:00-04:00,61.57,61.61,61.55,61.56,10228.0,61.588,81
2024-06-24 14:35:00-04:00,61.56,61.61,61.56,61.61,10196.0,61.589,61
2024-06-24 14:40:00-04:00,61.62,61.65,61.61,61.61,8818.0,61.623,71
2024-06-24 14:45:00-04:00,61.61,61.65,61.58,61.62,11668.0,61.614,91
2024-06-24 14:50:00-04:00,61.63,61.73,61.62,61.71,17949.0,61.671,148
2024-06-24 14:55:00-04:00,61.72,61.72,61.62,61.65,9267.0,61.667,77
2024-06-24 15:00:00-04:00,61.65,61.67,61.63,61.64,13064.0,61.651,97
2024-06-24 15:05:00-04:00,61.64,61.68,61.57,61.6,24922.0,61.644,151
2024-06-24 15:10:00-04:00,61.6,61.73,61.59,61.71,41462.0,61.65,267
2024-06-24 15:15:00-04:00,61.69,61.79,61.69,61.79,17396.0,61.738,124
2024-06-24 15:20:00-04:00,61.79,61.81,61.71,61.73,19716.0,61.771,149
2024-06-24 15:25:00-04:00,61.73,61.8,61.73,61.8,17096.0,61.78,135
2024-06-24 15:30:00-04:00,61.8,61.82,61.58,61.61,21578.0,61.701,171
2024-06-24 15:35:00-04:00,61.6,61.7,61.6,61.65,24075.0,61.66,177
2024-06-24 15:40:00-04:00,61.65,61.67,61.55,61.57,31567.0,61.627,240
2024-06-24 15:45:00-04:00,61.55,61.68,61.55,61.68,35466.0,61.623,261
2024-06-24 15:50:00-04:00,61.67,61.78,61.65,61.71,49882.0,61.719,346
2024-06-24 15:55:00-04:00,61.71,61.72,61.54,61.56,177491.0,61.639,1015
2024-06-25 09:30:00-04:00,61.95,62.25,61.66,62.16,83664.0,61.961,187
2024-06-25 09:35:00-04:00,62.16,62.47,62.07,62.44,27561.0,62.284,143
2024-06-25 09:40:00-04:00,62.38,62.48,62.26,62.35,19521.0,62.36,146
2024-06-25 09:45:00-04:00,62.3,62.5,62.25,62.5,15652.0,62.337,96
2024-06-25 09:50:00-04:00,62.47,62.6,62.37,62.49,22518.0,62.487,183
2024-06-25 09:55:00-04:00,62.47,62.47,62.24,62.35,20393.0,62.353,161
2024-06-25 10:00:00-04:00,62.33,62.37,62.05,62.16,26311.0,62.215,215
2024-06-25 10:05:00-04:00,62.16,62.18,61.93,61.93,27141.0,62.077,213
2024-06-25 10:10:00-04:00,61.93,62.05,61.86,62.04,20869.0,61.984,164
2024-06-25 10:15:00-04:00,62.05,62.15,62.02,62.05,21981.0,62.084,165
2024-06-25 10:20:00-04:00,62.05,62.12,61.9,61.93,41509.0,62.046,237
2024-06-25 10:25:00-04:00,61.9,61.91,61.77,61.81,19825.0,61.847,141
2024-06-25 10:30:00-04:00,61.81,61.82,61.56,61.57,24412.0,61.681,159
2024-06-25 10:35:00-04:00,61.61,61.69,61.57,61.63,17930.0,61.626,128
2024-06-25 10:40:00-04:00,61.63,61.63,61.52,61.6,17328.0,61.555,136
2024-06-25 10:45:00-04:00,61.58,61.58,61.45,61.48,12751.0,61.529,96
2024-06-25 10:50:00-04:00,61.48,61.56,61.45,61.55,14564.0,61.508,93
2024-06-25 10:55:00-04:00,61.55,61.58,61.44,61.44,15471.0,61.548,125
2024-06-25 11:00:00-04:00,61.45,61.45,61.24,61.3,12833.0,61.334,98
2024-06-25 11:05:00-04:00,61.3,61.31,61.27,61.29,10575.0,61.293,66
2024-06-25 11:10:00-04:00,61.27,61.4,61.26,61.33,10181.0,61.337,87
2024-06-25 11:15:00-04:00,61.33,61.34,61.26,61.33,8891.0,61.302,72
2024-06-25 11:20:00-04:00,61.32,61.34,61.23,61.26,22541.0,61.27,109
2024-06-25 11:25:00-04:00,61.23,61.27,61.14,61.17,32349.0,61.19,155
2024-06-25 11:30:00-04:00,61.17,61.18,61.1,61.12,12308.0,61.132,95
2024-06-25 11:35:00-04:00,61.12,61.18,61.1,61.14,15015.0,61.15,118
2024-06-25 11:40:00-04:00,61.16,61.16,61.0,61.1,38484.0,61.084,155
2024-06-25 11:45:00-04:00,61.1,61.21,61.1,61.19,8071.0,61.148,64
2024-06-25 11:50:00-04:00,61.2,61.2,61.08,61.09,9398.0,61.152,68
2024-06-25 11:55:00-04:00,61.1,61.15,61.04,61.15,14245.0,61.084,96
2024-06-25 12:00:00-04:00,61.14,61.14,61.06,61.1,5966.0,61.095,45
2024-06-25 12:05:00-04:00,61.11,61.12,61.09,61.11,7001.0,61.107,37
2024-06-25 12:10:00-04:00,61.12,61.14,61.08,61.11,9995.0,61.118,69
2024-06-25 12:15:00-04:00,61.13,61.13,60.9,60.93,33197.0,60.96,181
2024-06-25 12:20:00-04:00,60.95,61.03,60.82,60.84,36358.0,60.916,215
2024-06-25 12:25:00-04:00,60.86,60.9,60.78,60.82,16380.0,60.861,115
2024-06-25 12:30:00-04:00,60.82,60.85,60.76,60.85,13030.0,60.797,104
2024-06-25 12:35:00-04:00,60.86,60.95,60.86,60.94,5362.0,60.915,47
2024-06-25 12:40:00-04:00,60.95,60.95,60.84,60.85,9600.0,60.888,84
2024-06-25 12:45:00-04:00,60.84,60.86,60.8,60.86,10988.0,60.825,78
2024-06-25 12:50:00-04:00,60.86,61.04,60.86,61.02,10621.0,60.96,73
2024-06-25 12:55:00-04:00,61.09,61.1,60.98,61.02,7580.0,61.032,63
2024-06-25 13:00:00-04:00,61.02,61.02,60.99,60.99,5090.0,61.001,44
2024-06-25 13:05:00-04:00,61.0,61.06,60.98,61.03,5198.0,61.012,43
2024-06-25 13:10:00-04:00,61.03,61.04,61.01,61.03,4399.0,61.025,35
2024-06-25 13:15:00-04:00,61.05,61.06,61.03,61.04,7084.0,61.044,56
2024-06-25 13:20:00-04:00,61.04,61.05,61.01,61.02,5718.0,61.025,45
2024-06-25 13:25:00-04:00,61.02,61.06,61.01,61.05,4377.0,61.038,39
2024-06-25 13:30:00-04:00,61.06,61.06,61.04,61.06,6595.0,61.053,61
2024-06-25 13:35:00-04:00,61.07,61.11,61.0,61.0,8370.0,61.059,73
2024-06-25 13:40:00-04:00,61.01,61.07,61.0,61.01,4677.0,61.027,43
2024-06-25 13:45:00-04:00,61.02,61.1,61.0,61.1,18335.0,61.039,154
2024-06-25 13:50:00-04:00,61.13,61.26,61.1,61.25,6044.0,61.206,54
2024-06-25 13:55:00-04:00,61.27,61.31,61.23,61.23,7443.0,61.279,64
2024-06-25 14:00:00-04:00,61.24,61.28,61.2,61.24,10849.0,61.229,92
2024-06-25 14:05:00-04:00,61.27,61.27,61.24,61.27,7597.0,61.253,64
2024-06-25 14:10:00-04:00,61.27,61.38,61.27,61.37,7154.0,61.332,60
2024-06-25 14:15:00-04:00,61.38,61.45,61.31,61.42,18933.0,61.376,98
2024-06-25 14:20:00-04:00,61.42,61.42,61.35,61.37,17398.0,61.395,95
2024-06-25 14:25:00-04:00,61.37,61.51,61.37,61.51,7082.0,61.445,54
2024-06-25 14:30:00-04:00,61.51,61.58,61.45,61.49,21923.0,61.49,134
2024-06-25 14:35:00-04:00,61.48,61.55,61.47,61.49,21127.0,61.502,102
2024-06-25 14:40:00-04:00,61.5,61.61,61.47,61.56,30040.0,61.527,142
2024-06-25 14:45:00-04:00,61.57,61.58,61.4,61.4,18438.0,61.499,118
2024-06-25 14:50:00-04:00,61.41,61.44,61.4,61.41,9060.0,61.419,57
2024-06-25 14:55:00-04:00,61.41,61.43,61.38,61.38,15501.0,61.407,108
2024-06-25 15:00:00-04:00,61.38,61.39,61.33,61.39,17512.0,61.35,91
2024-06-25 15:05:00-04:00,61.4,61.41,61.33,61.38,14521.0,61.375,101
2024-06-25 15:10:00-04:00,61.37,61.37,61.32,61.32,10247.0,61.347,64
2024-06-25 15:15:00-04:00,61.33,61.39,61.32,61.32,14203.0,61.355,119
2024-06-25 15:20:00-04:00,61.33,61.36,61.28,61.35,15533.0,61.317,112
2024-06-25 15:25:00-04:00,61.37,61.38,61.34,61.37,13646.0,61.368,111
2024-06-25 15:30:00-04:00,61.37,61.37,61.27,61.3,17943.0,61.301,138
2024-06-25 15:35:00-04:00,61.3,61.32,61.27,61.28,25563.0,61.288,180
2024-06-25 15:40:00-04:00,61.28,61.32,61.24,61.3,41268.0,61.276,280
2024-06-25 15:45:00-04:00,61.3,61.39,61.28,61.37,33689.0,61.318,219
2024-06-25 15:50:00-04:00,61.36,61.52,61.36,61.45,69792.0,61.44,462
2024-06-25 15:55:00-04:00,61.45,61.48,61.37,61.41,137762.0,61.399,756
2024-06-26 09:30:00-04:00,61.23,61.78,61.12,61.72,22494.0,61.325,59
2024-06-26 09:35:00-04:00,61.69,61.69,61.35,61.4,8267.0,61.542,63
2024-06-26 09:40:00-04:00,61.39,61.44,61.28,61.38,6887.0,61.353,49
2024-06-26 09:45:00-04:00,61.41,61.58,61.41,61.46,16775.0,61.447,57
2024-06-26 09:50:00-04:00,61.5,61.52,61.26,61.3,7199.0,61.382,58
2024-06-26 09:55:00-04:00,61.3,61.33,61.21,61.3,9110.0,61.265,52
2024-06-26 10:00:00-04:00,61.29,61.29,61.19,61.2,5828.0,61.23,44
2024-06-26 10:05:00-04:00,61.21,61.22,60.89,60.89,7140.0,61.047,61
2024-06-26 10:10:00-04:00,60.95,61.12,60.95,60.97,12009.0,61.038,64
2024-06-26 10:15:00-04:00,61.04,61.11,61.04,61.07,5503.0,61.09,41
2024-06-26 10:20:00-04:00,61.09,61.12,60.96,61.06,8280.0,61.03,68
2024-06-26 10:25:00-04:00,61.04,61.06,60.9,60.94,10629.0,61.001,85
2024-06-26 10:30:00-04:00,60.97,60.97,60.81,60.81,8862.0,60.869,70
2024-06-26 10:35:00-04:00,60.81,60.81,60.71,60.75,9289.0,60.758,81
2024-06-26 10:40:00-04:00,60.73,60.88,60.73,60.85,11002.0,60.807,79
2024-06-26 10:45:00-04:00,60.85,60.85,60.79,60.8,8871.0,60.83,59
2024-06-26 10:50:00-04:00,60.82,60.92,60.78,60.8,6490.0,60.846,47
2024-06-26 10:55:00-04:00,60.81,60.88,60.8,60.84,8140.0,60.842,56
2024-06-26 11:00:00-04:00,60.84,60.95,60.81,60.95,7985.0,60.871,64
2024-06-26 11:05:00-04:00,60.94,60.96,60.85,60.85,7095.0,60.919,54
2024-06-26 11:10:00-04:00,60.84,60.84,60.79,60.8,5673.0,60.824,41
2024-06-26 11:15:00-04:00,60.79,60.86,60.79,60.82,11104.0,60.815,74
2024-06-26 11:20:00-04:00,60.83,60.86,60.79,60.84,8062.0,60.828,62
2024-06-26 11:25:00-04:00,60.84,60.92,60.84,60.89,6197.0,60.865,44
2024-06-26 11:30:00-04:00,60.89,60.91,60.85,60.86,7615.0,60.891,61
2024-06-26 11:35:00-04:00,60.84,60.85,60.81,60.83,7139.0,60.833,53
2024-06-26 11:40:00-04:00,60.85,60.87,60.82,60.84,7424.0,60.851,63
2024-06-26 11:45:00-04:00,60.84,60.9,60.84,60.89,4462.0,60.864,33
2024-06-26 11:50:00-04:00,60.9,60.92,60.88,60.91,7676.0,60.901,52
2024-06-26 11:55:00-04:00,60.92,60.92,60.76,60.76,7316.0,60.801,59
2024-06-26 12:00:00-04:00,60.76,60.82,60.75,60.82,4146.0,60.771,39
2024-06-26 12:05:00-04:00,60.82,60.85,60.8,60.8,6307.0,60.819,50
2024-06-26 12:10:00-04:00,60.79,60.85,60.78,60.82,9740.0,60.815,70
2024-06-26 12:15:00-04:00,60.83,60.84,60.81,60.83,4003.0,60.829,34
2024-06-26 12:20:00-04:00,60.81,60.83,60.8,60.82,4341.0,60.814,37
2024-06-26 12:25:00-04:00,60.82,60.83,60.81,60.83,4239.0,60.819,39
2024-06-26 12:30:00-04:00,60.82,60.82,60.65,60.65,6824.0,60.752,52
2024-06-26 12:35:00-04:00,60.65,60.69,60.63,60.68,5578.0,60.655,39
2024-06-26 12:40:00-04:00,60.68,60.68,60.58,60.62,6658.0,60.626,61
2024-06-26 12:45:00-04:00,60.62,60.66,60.61,60.66,4859.0,60.638,31
2024-06-26 12:50:00-04:00,60.65,60.7,60.65,60.68,7784.0,60.675,60
2024-06-26 12:55:00-04:00,60.68,60.69,60.65,60.68,8908.0,60.673,77
2024-06-26 13:00:00-04:00,60.67,60.69,60.65,60.66,6665.0,60.677,58
2024-06-26 13:05:00-04:00,60.66,60.68,60.61,60.67,4689.0,60.652,40
2024-06-26 13:10:00-04:00,60.66,60.69,60.65,60.69,4683.0,60.669,38
2024-06-26 13:15:00-04:00,60.67,60.67,60.6,60.61,3009.0,60.638,26
2024-06-26 13:20:00-04:00,60.6,60.66,60.59,60.62,4549.0,60.62,38
2024-06-26 13:25:00-04:00,60.64,60.72,60.63,60.71,5737.0,60.657,41
2024-06-26 13:30:00-04:00,60.71,60.74,60.69,60.7,3900.0,60.722,32
2024-06-26 13:35:00-04:00,60.69,60.7,60.64,60.65,5059.0,60.669,42
2024-06-26 13:40:00-04:00,60.63,60.65,60.62,60.65,4244.0,60.636,34
2024-06-26 13:45:00-04:00,60.65,60.66,60.56,60.56,6551.0,60.64,39
2024-06-26 13:50:00-04:00,60.56,60.61,60.56,60.6,5002.0,60.595,35
2024-06-26 13:55:00-04:00,60.61,60.62,60.57,60.59,8609.0,60.598,57
2024-06-26 14:00:00-04:00,60.59,60.63,60.58,60.62,3150.0,60.6,29
2024-06-26 14:05:00-04:00,60.62,60.68,60.61,60.68,7572.0,60.651,53
2024-06-26 14:10:00-04:00,60.67,60.67,60.61,60.61,7055.0,60.625,47
2024-06-26 14:15:00-04:00,60.62,60.66,60.61,60.65,5433.0,60.637,37
2024-06-26 14:20:00-04:00,60.64,60.67,60.63,60.67,8146.0,60.65,53
2024-06-26 14:25:00-04:00,60.67,60.71,60.64,60.64,7954.0,60.678,66
2024-06-26 14:30:00-04:00,60.66,60.7,60.64,60.69,7099.0,60.676,67
2024-06-26 14:35:00-04:00,60.69,60.69,60.64,60.67,7304.0,60.661,64
2024-06-26 14:40:00-04:00,60.67,60.69,60.65,60.65,9285.0,60.665,79
2024-06-26 14:45:00-04:00,60.65,60.76,60.65,60.74,11239.0,60.692,71
2024-06-26 14:50:00-04:00,60.74,60.76,60.72,60.75,10431.0,60.743,81
2024-06-26 14:55:00-04:00,60.75,60.77,60.7,60.74,9102.0,60.738,74
2024-06-26 15:00:00-04:00,60.76,60.77,60.73,60.75,8076.0,60.755,69
2024-06-26 15:05:00-04:00,60.77,60.77,60.68,60.71,17369.0,60.723,127
2024-06-26 15:10:00-04:00,60.72,60.75,60.7,60.74,10365.0,60.728,70
2024-06-26 15:15:00-04:00,60.75,60.76,60.72,60.75,9834.0,60.74,78
2024-06-26 15:20:00-04:00,60.75,60.76,60.68,60.71,13267.0,60.721,104
2024-06-26 15:25:00-04:00,60.71,60.71,60.65,60.68,17203.0,60.67,114
2024-06-26 15:30:00-04:00,60.68,60.68,60.6,60.66,25098.0,60.636,171
2024-06-26 15:35:00-04:00,60.66,60.76,60.65,60.73,25407.0,60.703,200
2024-06-26 15:40:00-04:00,60.73,60.74,60.63,60.66,23230.0,60.701,151
2024-06-26 15:45:00-04:00,60.66,60.66,60.61,60.61,11968.0,60.63,97
2024-06-26 15:50:00-04:00,60.62,60.69,60.61,60.68,47332.0,60.645,349
2024-06-26 15:55:00-04:00,60.68,60.78,60.64,60.64,81046.0,60.697,531
2024-06-27 09:30:00-04:00,60.51,60.9,60.51,60.9,25333.0,60.604,54
2024-06-27 09:35:00-04:00,60.89,61.0,60.84,60.87,8880.0,60.929,68
2024-06-27 09:40:00-04:00,60.9,61.18,60.87,61.16,22133.0,61.066,158
2024-06-27 09:45:00-04:00,61.17,61.26,61.08,61.2,26415.0,61.186,169
2024-06-27 09:50:00-04:00,61.14,61.16,60.96,61.12,20059.0,61.054,119
2024-06-27 09:55:00-04:00,61.13,61.38,61.12,61.37,20358.0,61.321,139
2024-06-27 10:00:00-04:00,61.37,61.52,61.3,61.38,22679.0,61.42,169
2024-06-27 10:05:00-04:00,61.35,61.35,61.25,61.3,14950.0,61.296,112
2024-06-27 10:10:00-04:00,61.31,61.45,61.27,61.28,19427.0,61.374,129
2024-06-27 10:15:00-04:00,61.28,61.29,61.09,61.2,19284.0,61.216,144
2024-06-27 10:20:00-04:00,61.2,61.3,61.16,61.29,13585.0,61.23,115
2024-06-27 10:25:00-04:00,61.29,61.29,61.21,61.26,18793.0,61.245,111
2024-06-27 10:30:00-04:00,61.27,61.38,61.26,61.38,13955.0,61.343,94
2024-06-27 10:35:00-04:00,61.38,61.43,61.33,61.43,10964.0,61.379,84
2024-06-27 10:40:00-04:00,61.43,61.45,61.37,61.43,11646.0,61.419,83
2024-06-27 10:45:00-04:00,61.45,61.47,61.39,61.43,9696.0,61.431,71
2024-06-27 10:50:00-04:00,61.43,61.43,61.17,61.23,8739.0,61.307,71
2024-06-27 10:55:00-04:00,61.22,61.3,61.19,61.29,10922.0,61.228,82
2024-06-27 11:00:00-04:00,61.31,61.31,61.18,61.2,14219.0,61.233,93
2024-06-27 11:05:00-04:00,61.19,61.22,61.15,61.15,8153.0,61.19,64
2024-06-27 11:10:00-04:00,61.17,61.23,61.11,61.17,13422.0,61.175,103
2024-06-27 11:15:00-04:00,61.17,61.18,61.11,61.13,11284.0,61.147,91
2024-06-27 11:20:00-04:00,61.12,61.14,61.07,61.1,15425.0,61.106,108
2024-06-27 11:25:00-04:00,61.1,61.14,61.05,61.13,12515.0,61.103,97
2024-06-27 11:30:00-04:00,61.13,61.22,61.13,61.17,9369.0,61.173,63
2024-06-27 11:35:00-04:00,61.17,61.25,61.15,61.25,8345.0,61.182,63
2024-06-27 11:40:00-04:00,61.24,61.26,61.18,61.25,5819.0,61.214,39
2024-06-27 11:45:00-04:00,61.23,61.23,61.1,61.11,7335.0,61.148,54
2024-06-27 11:50:00-04:00,61.13,61.2,61.13,61.15,6509.0,61.16,50
2024-06-27 11:55:00-04:00,61.15,61.17,61.07,61.08,4018.0,61.11,35
2024-06-27 12:00:00-04:00,61.09,61.11,61.04,61.04,4050.0,61.071,36
2024-06-27 12:05:00-04:00,61.04,61.06,61.01,61.03,4283.0,61.031,30
2024-06-27 12:10:00-04:00,61.03,61.09,61.02,61.05,6824.0,61.064,45
2024-06-27 12:15:00-04:00,61.04,61.06,61.01,61.03,8088.0,61.028,65
2024-06-27 12:20:00-04:00,61.02,61.03,60.96,60.98,2247.0,61.002,20
2024-06-27 12:25:00-04:00,60.99,60.99,60.91,60.95,3439.0,60.946,30
2024-06-27 12:30:00-04:00,60.94,60.98,60.91,60.95,8971.0,60.946,61
2024-06-27 12:35:00-04:00,60.95,60.95,60.88,60.94,9117.0,60.915,81
2024-06-27 12:40:00-04:00,60.94,60.95,60.88,60.9,3178.0,60.922,24
2024-06-27 12:45:00-04:00,60.9,60.96,60.9,60.95,3966.0,60.94,35
2024-06-27 12:50:00-04:00,60.96,61.0,60.95,61.0,9146.0,60.984,69
2024-06-27 12:55:00-04:00,60.98,60.98,60.93,60.96,6050.0,60.96,44
2024-06-27 13:00:00-04:00,60.96,61.0,60.95,60.95,3301.0,60.971,30
2024-06-27 13:05:00-04:00,60.94,60.96,60.9,60.9,4018.0,60.945,32
2024-06-27 13:10:00-04:00,60.88,60.93,60.88,60.9,4678.0,60.908,33
2024-06-27 13:15:00-04:00,60.89,60.9,60.86,60.89,2600.0,60.882,25
2024-06-27 13:20:00-04:00,60.88,60.89,60.86,60.89,4455.0,60.884,35
2024-06-27 13:25:00-04:00,60.89,60.93,60.89,60.91,5997.0,60.912,53
2024-06-27 13:30:00-04:00,60.91,60.91,60.75,60.75,5691.0,60.824,43
2024-06-27 13:35:00-04:00,60.79,60.81,60.75,60.79,5202.0,60.788,39
2024-06-27 13:40:00-04:00,60.78,60.79,60.72,60.74,4723.0,60.767,37
2024-06-27 13:45:00-04:00,60.73,60.76,60.73,60.76,5252.0,60.743,44
2024-06-27 13:50:00-04:00,60.76,60.8,60.73,60.79,4524.0,60.767,39
2024-06-27 13:55:00-04:00,60.78,60.8,60.74,60.76,5044.0,60.779,39
2024-06-27 14:00:00-04:00,60.76,60.76,60.68,60.72,15974.0,60.72,68
2024-06-27 14:05:00-04:00,60.72,60.82,60.68,60.76,6778.0,60.758,56
2024-06-27 14:10:00-04:00,60.75,60.79,60.69,60.69,11871.0,60.75,63
2024-06-27 14:15:00-04:00,60.68,60.68,60.63,60.67,8553.0,60.65,62
2024-06-27 14:20:00-04:00,60.68,60.68,60.65,60.66,7423.0,60.667,57
2024-06-27 14:25:00-04:00,60.66,60.74,60.66,60.73,15479.0,60.696,88
2024-06-27 14:30:00-04:00,60.73,60.83,60.73,60.83,9669.0,60.783,76
2024-06-27 14:35:00-04:00,60.83,60.84,60.8,60.82,5998.0,60.821,54
2024-06-27 14:40:00-04:00,60.83,60.83,60.76,60.81,9880.0,60.804,74
2024-06-27 14:45:00-04:00,60.82,60.93,60.82,60.91,10922.0,60.893,93
2024-06-27 14:50:00-04:00,60.93,60.94,60.9,60.94,5417.0,60.922,48
2024-06-27 14:55:00-04:00,60.93,60.97,60.92,60.94,8585.0,60.948,77
2024-06-27 15:00:00-04:00,60.94,60.97,60.91,60.94,9625.0,60.95,80
2024-06-27 15:05:00-04:00,60.92,60.99,60.92,60.98,9607.0,60.956,77
2024-06-27 15:10:00-04:00,60.99,61.02,60.94,61.01,14237.0,60.971,93
2024-06-27 15:15:00-04:00,61.02,61.07,61.01,61.01,12474.0,61.044,103
2024-06-27 15:20:00-04:00,61.02,61.06,61.01,61.04,17332.0,61.042,124
2024-06-27 15:25:00-04:00,61.04,61.1,61.04,61.09,20607.0,61.082,145
2024-06-27 15:30:00-04:00,61.09,61.11,61.04,61.09,17704.0,61.086,136
2024-06-27 15:35:00-04:00,61.09,61.21,61.06,61.18,20157.0,61.15,130
2024-06-27 15:40:00-04:00,61.18,61.29,61.17,61.17,23623.0,61.229,160
2024-06-27 15:45:00-04:00,61.18,61.2,61.11,61.11,22784.0,61.173,157
2024-06-27 15:50:00-04:00,61.11,61.24,61.06,61.06,49738.0,61.144,313
2024-06-27 15:55:00-04:00,61.06,61.12,61.03,61.08,126411.0,61.071,623
2024-06-28 09:30:00-04:00,61.2,61.5,60.88,60.88,40436.0,61.159,134
2024-06-28 09:35:00-04:00,60.96,61.2,60.76,60.83,18227.0,61.01,135
2024-06-28 09:40:00-04:00,60.8,60.91,60.34,60.41,21044.0,60.565,152
2024-06-28 09:45:00-04:00,60.35,60.37,60.11,60.23,22732.0,60.245,179
2024-06-28 09:50:00-04:00,60.27,60.43,60.17,60.38,17888.0,60.276,131
2024-06-28 09:55:00-04:00,60.39,60.42,60.26,60.29,14753.0,60.359,114
2024-06-28 10:00:00-04:00,60.3,60.59,60.26,60.54,131424.0,60.314,302
2024-06-28 10:05:00-04:00,60.55,60.74,60.51,60.67,78129.0,60.591,266
2024-06-28 10:10:00-04:00,60.68,60.71,60.41,60.47,103436.0,60.564,217
2024-06-28 10:15:00-04:00,60.48,60.62,60.42,60.6,59898.0,60.52,275
2024-06-28 10:20:00-04:00,60.6,60.74,60.59,60.63,74376.0,60.679,164
2024-06-28 10:25:00-04:00,60.63,60.69,60.44,60.45,33565.0,60.618,214
2024-06-28 10:30:00-04:00,60.45,60.47,60.39,60.43,16296.0,60.427,115
2024-06-28 10:35:00-04:00,60.43,60.59,60.43,60.5,65570.0,60.506,199
2024-06-28 10:40:00-04:00,60.49,60.51,60.35,60.42,21198.0,60.439,166
2024-06-28 10:45:00-04:00,60.42,60.46,60.41,60.42,13688.0,60.43,106
2024-06-28 10:50:00-04:00,60.42,60.44,60.33,60.36,20590.0,60.391,150
2024-06-28 10:55:00-04:00,60.36,60.37,60.25,60.37,19913.0,60.301,136
2024-06-28 11:00:00-04:00,60.35,60.35,60.16,60.16,12136.0,60.284,92
2024-06-28 11:05:00-04:00,60.11,60.29,60.11,60.26,25793.0,60.191,128
2024-06-28 11:10:00-04:00,60.25,60.27,60.21,60.26,18194.0,60.249,132
2024-06-28 11:15:00-04:00,60.26,60.29,60.25,60.26,14549.0,60.269,109
2024-06-28 11:20:00-04:00,60.27,60.27,60.09,60.1,15714.0,60.147,114
2024-06-28 11:25:00-04:00,60.11,60.15,60.08,60.13,11535.0,60.116,84
2024-06-28 11:30:00-04:00,60.13,60.2,60.13,60.2,13949.0,60.147,104
2024-06-28 11:35:00-04:00,60.2,60.28,60.18,60.28,13498.0,60.224,80
2024-06-28 11:40:00-04:00,60.3,60.34,60.27,60.28,14988.0,60.302,114
2024-06-28 11:45:00-04:00,60.29,60.33,60.11,60.13,10892.0,60.236,85
2024-06-28 11:50:00-04:00,60.11,60.22,60.11,60.2,12401.0,60.173,88
2024-06-28 11:55:00-04:00,60.2,60.26,60.18,60.26,13026.0,60.216,96
2024-06-28 12:00:00-04:00,60.23,60.25,60.17,60.21,15241.0,60.205,107
2024-06-28 12:05:00-04:00,60.19,60.19,60.09,60.12,12181.0,60.131,91
2024-06-28 12:10:00-04:00,60.12,60.15,60.05,60.1,18353.0,60.11,144
2024-06-28 12:15:00-04:00,60.09,60.09,60.0,60.08,17688.0,60.051,121
2024-06-28 12:20:00-04:00,60.08,60.11,60.06,60.11,13061.0,60.076,105
2024-06-28 12:25:00-04:00,60.11,60.11,60.05,60.05,13501.0,60.073,110
2024-06-28 12:30:00-04:00,60.05,60.11,60.02,60.07,20062.0,60.068,130
2024-06-28 12:35:00-04:00,60.07,60.07,59.98,60.0,15650.0,60.02,105
2024-06-28 12:40:00-04:00,59.98,60.08,59.98,60.07,17287.0,60.029,134
2024-06-28 12:45:00-04:00,60.07,60.1,60.02,60.05,13309.0,60.056,104
2024-06-28 12:50:00-04:00,60.04,60.07,59.99,60.02,11960.0,60.027,93
2024-06-28 12:55:00-04:00,60.02,60.04,60.01,60.01,12933.0,60.026,98
2024-06-28 13:00:00-04:00,60.0,60.11,59.98,60.1,14626.0,60.048,112
2024-06-28 13:05:00-04:00,60.1,60.2,60.08,60.15,14572.0,60.134,110
2024-06-28 13:10:00-04:00,60.16,60.2,60.14,60.16,16564.0,60.162,126
2024-06-28 13:15:00-04:00,60.14,60.26,60.14,60.23,17067.0,60.182,119
2024-06-28 13:20:00-04:00,60.22,60.24,60.14,60.15,11454.0,60.187,92
2024-06-28 13:25:00-04:00,60.15,60.17,60.07,60.08,16403.0,60.115,116
2024-06-28 13:30:00-04:00,60.06,60.12,60.01,60.06,20629.0,60.058,137
2024-06-28 13:35:00-04:00,60.06,60.06,59.94,59.97,15726.0,59.999,121
2024-06-28 13:40:00-04:00,59.97,60.06,59.85,59.87,12458.0,59.954,100
2024-06-28 13:45:00-04:00,59.88,59.95,59.87,59.94,7876.0,59.917,61
2024-06-28 13:50:00-04:00,59.95,60.02,59.94,60.0,13922.0,59.992,100
2024-06-28 13:55:00-04:00,59.99,60.07,59.99,60.05,14842.0,60.024,107
2024-06-28 14:00:00-04:00,60.05,60.07,59.99,60.0,19546.0,60.023,134
2024-06-28 14:05:00-04:00,60.0,60.04,59.97,59.98,23216.0,59.995,155
2024-06-28 14:10:00-04:00,60.0,60.0,59.93,59.94,7955.0,59.963,61
2024-06-28 14:15:00-04:00,59.94,59.96,59.92,59.96,9436.0,59.941,76
2024-06-28 14:20:00-04:00,59.95,59.96,59.88,59.95,13388.0,59.924,105
2024-06-28 14:25:00-04:00,59.96,60.06,59.93,59.95,49822.0,60.002,175
2024-06-28 14:30:00-04:00,59.91,59.94,59.81,59.93,18107.0,59.891,126
2024-06-28 14:35:00-04:00,59.93,59.93,59.78,59.85,16062.0,59.838,123
2024-06-28 14:40:00-04:00,59.84,59.86,59.74,59.74,13444.0,59.813,101
2024-06-28 14:45:00-04:00,59.74,59.77,59.69,59.71,19025.0,59.734,134
2024-06-28 14:50:00-04:00,59.71,59.77,59.69,59.73,16405.0,59.729,114
2024-06-28 14:55:00-04:00,59.73,59.76,59.69,59.76,27535.0,59.717,180
2024-06-28 15:00:00-04:00,59.74,59.74,59.62,59.63,18710.0,59.686,148
2024-06-28 15:05:00-04:00,59.63,59.65,59.6,59.62,17872.0,59.626,134
2024-06-28 15:10:00-04:00,59.62,59.67,59.61,59.64,23709.0,59.634,150
2024-06-28 15:15:00-04:00,59.64,59.66,59.6,59.63,19156.0,59.624,143
2024-06-28 15:20:00-04:00,59.63,59.67,59.58,59.62,23164.0,59.626,180
2024-06-28 15:25:00-04:00,59.62,59.64,59.56,59.63,24299.0,59.606,174
2024-06-28 15:30:00-04:00,59.64,59.71,59.57,59.69,33423.0,59.643,270
2024-06-28 15:35:00-04:00,59.69,59.69,59.61,59.62,26571.0,59.64,196
2024-06-28 15:40:00-04:00,59.62,59.72,59.6,59.61,47409.0,59.651,342
2024-06-28 15:45:00-04:00,59.62,59.73,59.6,59.63,59346.0,59.649,448
2024-06-28 15:50:00-04:00,59.61,59.77,59.58,59.72,107818.0,59.706,702
2024-06-28 15:55:00-04:00,59.72,59.99,59.69,59.99,333040.0,59.854,1873
2024-07-01 09:30:00-04:00,60.3,60.56,60.07,60.43,19463.0,60.337,43
2024-07-01 09:35:00-04:00,60.4,60.44,60.15,60.26,6938.0,60.255,60
2024-07-01 09:40:00-04:00,60.21,60.35,60.11,60.24,7526.0,60.267,50
2024-07-01 09:45:00-04:00,60.2,60.23,60.08,60.12,11500.0,60.177,89
2024-07-01 09:50:00-04:00,60.16,60.45,60.15,60.41,5310.0,60.325,41
2024-07-01 09:55:00-04:00,60.41,60.43,60.21,60.27,9963.0,60.297,79
2024-07-01 10:00:00-04:00,60.3,60.43,60.18,60.24,8434.0,60.304,60
2024-07-01 10:05:00-04:00,60.18,60.23,60.13,60.17,8583.0,60.192,66
2024-07-01 10:10:00-04:00,60.14,60.14,60.01,60.03,8482.0,60.071,69
2024-07-01 10:15:00-04:00,60.03,60.06,59.88,59.91,10832.0,59.965,75
2024-07-01 10:20:00-04:00,59.88,59.88,59.73,59.82,15236.0,59.809,133
2024-07-01 10:25:00-04:00,59.84,59.94,59.82,59.86,6955.0,59.873,58
2024-07-01 10:30:00-04:00,59.86,59.86,59.76,59.78,5812.0,59.812,49
2024-07-01 10:35:00-04:00,59.76,59.78,59.72,59.76,5511.0,59.763,36
2024-07-01 10:40:00-04:00,59.79,59.79,59.7,59.72,9870.0,59.757,73
2024-07-01 10:45:00-04:00,59.72,59.73,59.59,59.61,7758.0,59.663,65
2024-07-01 10:50:00-04:00,59.62,59.68,59.6,59.68,10294.0,59.641,78
2024-07-01 10:55:00-04:00,59.69,59.72,59.65,59.68,7092.0,59.686,57
2024-07-01 11:00:00-04:00,59.67,59.7,59.64,59.68,9776.0,59.668,74
2024-07-01 11:05:00-04:00,59.68,59.92,59.67,59.83,9493.0,59.822,73
2024-07-01 11:10:00-04:00,59.84,59.84,59.66,59.66,13697.0,59.755,51
2024-07-01 11:15:00-04:00,59.67,59.67,59.58,59.61,7669.0,59.628,55
2024-07-01 11:20:00-04:00,59.64,59.64,59.58,59.6,7407.0,59.604,55
2024-07-01 11:25:00-04:00,59.61,59.7,59.55,59.55,6866.0,59.643,53
2024-07-01 11:30:00-04:00,59.59,59.7,59.58,59.7,4647.0,59.656,34
2024-07-01 11:35:00-04:00,59.71,59.73,59.66,59.69,9781.0,59.694,57
2024-07-01 11:40:00-04:00,59.7,59.71,59.64,59.64,9483.0,59.686,64
2024-07-01 11:45:00-04:00,59.65,59.69,59.63,59.69,9954.0,59.672,39
2024-07-01 11:50:00-04:00,59.7,59.77,59.68,59.77,6123.0,59.723,52
2024-07-01 11:55:00-04:00,59.77,59.78,59.71,59.76,7394.0,59.757,51
2024-07-01 12:00:00-04:00,59.76,59.77,59.65,59.65,9580.0,59.703,55
2024-07-01 12:05:00-04:00,59.64,59.72,59.64,59.71,4308.0,59.686,32
2024-07-01 12:10:00-04:00,59.7,59.71,59.62,59.62,4514.0,59.675,37
2024-07-01 12:15:00-04:00,59.61,59.61,59.47,59.49,10562.0,59.521,73
2024-07-01 12:20:00-04:00,59.5,59.57,59.48,59.57,7857.0,59.506,66
2024-07-01 12:25:00-04:00,59.58,59.6,59.54,59.58,4891.0,59.578,38
2024-07-01 12:30:00-04:00,59.59,59.6,59.53,59.54,4279.0,59.568,35
2024-07-01 12:35:00-04:00,59.54,59.56,59.52,59.52,4460.0,59.538,35
2024-07-01 12:40:00-04:00,59.53,59.58,59.53,59.57,3665.0,59.56,28
2024-07-01 12:45:00-04:00,59.57,59.61,59.53,59.53,7343.0,59.587,47
2024-07-01 12:50:00-04:00,59.5,59.52,59.44,59.46,3664.0,59.486,29
2024-07-01 12:55:00-04:00,59.44,59.5,59.43,59.5,5272.0,59.448,39
2024-07-01 13:00:00-04:00,59.48,59.53,59.46,59.53,4051.0,59.498,37
2024-07-01 13:05:00-04:00,59.55,59.59,59.53,59.55,5206.0,59.555,46
2024-07-01 13:10:00-04:00,59.55,59.58,59.52,59.52,3263.0,59.55,30
2024-07-01 13:15:00-04:00,59.53,59.58,59.52,59.56,4622.0,59.555,30
2024-07-01 13:20:00-04:00,59.58,59.58,59.51,59.52,16715.0,59.563,63
2024-07-01 13:25:00-04:00,59.53,59.55,59.45,59.45,18442.0,59.504,61
2024-07-01 13:30:00-04:00,59.46,59.46,59.35,59.37,27327.0,59.4,178
2024-07-01 13:35:00-04:00,59.37,59.37,59.3,59.3,4790.0,59.331,34
2024-07-01 13:40:00-04:00,59.32,59.34,59.3,59.3,10906.0,59.314,66
2024-07-01 13:45:00-04:00,59.3,59.34,59.27,59.27,6085.0,59.305,46
2024-07-01 13:50:00-04:00,59.29,59.35,59.28,59.35,3211.0,59.316,20
2024-07-01 13:55:00-04:00,59.35,59.37,59.28,59.32,7693.0,59.323,61
2024-07-01 14:00:00-04:00,59.31,59.32,59.28,59.31,5397.0,59.299,38
2024-07-01 14:05:00-04:00,59.31,59.39,59.31,59.38,5097.0,59.351,40
2024-07-01 14:10:00-04:00,59.39,59.43,59.36,59.39,6698.0,59.4,47
2024-07-01 14:15:00-04:00,59.42,59.42,59.3,59.4,9261.0,59.354,56
2024-07-01 14:20:00-04:00,59.4,59.43,59.35,59.42,7449.0,59.404,63
2024-07-01 14:25:00-04:00,59.41,59.41,59.33,59.41,6396.0,59.377,48
2024-07-01 14:30:00-04:00,59.4,59.42,59.32,59.34,10797.0,59.386,73
2024-07-01 14:35:00-04:00,59.35,59.41,59.34,59.41,5295.0,59.39,42
2024-07-01 14:40:00-04:00,59.41,59.45,59.4,59.41,7896.0,59.42,66
2024-07-01 14:45:00-04:00,59.43,59.47,59.41,59.44,10612.0,59.447,82
2024-07-01 14:50:00-04:00,59.42,59.45,59.4,59.44,5960.0,59.425,54
2024-07-01 14:55:00-04:00,59.44,59.56,59.43,59.5,21034.0,59.51,152
2024-07-01 15:00:00-04:00,59.5,59.5,59.42,59.42,8040.0,59.456,69
2024-07-01 15:05:00-04:00,59.43,59.45,59.41,59.45,7089.0,59.431,59
2024-07-01 15:10:00-04:00,59.45,59.45,59.35,59.38,36287.0,59.403,102
2024-07-01 15:15:00-04:00,59.38,59.41,59.37,59.41,11219.0,59.396,94
2024-07-01 15:20:00-04:00,59.42,59.48,59.41,59.47,26943.0,59.458,123
2024-07-01 15:25:00-04:00,59.47,59.53,59.43,59.53,20941.0,59.476,153
2024-07-01 15:30:00-04:00,59.52,59.59,59.52,59.55,18781.0,59.562,133
2024-07-01 15:35:00-04:00,59.56,59.59,59.54,59.56,20815.0,59.565,152
2024-07-01 15:40:00-04:00,59.57,59.59,59.52,59.53,28290.0,59.564,220
2024-07-01 15:45:00-04:00,59.54,59.66,59.54,59.57,21512.0,59.607,169
2024-07-01 15:50:00-04:00,59.57,59.63,59.57,59.63,30463.0,59.611,231
2024-07-01 15:55:00-04:00,59.63,59.63,59.48,59.55,115485.0,59.549,661
2024-07-02 09:30:00-04:00,59.4,59.64,59.2,59.33,15345.0,59.384,42
2024-07-02 09:35:00-04:00,59.38,59.44,59.16,59.38,11599.0,59.346,78
2024-07-02 09:40:00-04:00,59.44,59.53,59.42,59.42,11421.0,59.495,67
2024-07-02 09:45:00-04:00,59.45,59.68,59.43,59.55,13653.0,59.531,65
2024-07-02 09:50:00-04:00,59.53,59.55,59.39,59.4,5352.0,59.432,46
2024-07-02 09:55:00-04:00,59.45,59.51,59.39,59.4,7670.0,59.453,69
2024-07-02 10:00:00-04:00,59.39,59.4,59.31,59.37,6499.0,59.374,57
2024-07-02 10:05:00-04:00,59.37,59.37,59.15,59.16,5871.0,59.245,36
2024-07-02 10:10:00-04:00,59.15,59.33,59.13,59.29,9175.0,59.239,57
2024-07-02 10:15:00-04:00,59.28,59.34,59.24,59.26,8160.0,59.288,58
2024-07-02 10:20:00-04:00,59.27,59.4,59.26,59.4,4850.0,59.337,36
2024-07-02 10:25:00-04:00,59.39,59.44,59.36,59.42,9985.0,59.398,77
2024-07-02 10:30:00-04:00,59.41,59.5,59.4,59.49,13031.0,59.442,100
2024-07-02 10:35:00-04:00,59.48,59.49,59.37,59.48,12964.0,59.428,109
2024-07-02 10:40:00-04:00,59.47,59.47,59.34,59.34,8040.0,59.401,72
2024-07-02 10:45:00-04:00,59.32,59.36,59.26,59.28,6441.0,59.33,43
2024-07-02 10:50:00-04:00,59.29,59.29,59.06,59.14,8781.0,59.161,62
2024-07-02 10:55:00-04:00,59.15,59.23,59.14,59.2,6947.0,59.19,53
2024-07-02 11:00:00-04:00,59.21,59.23,59.18,59.21,8072.0,59.208,67
2024-07-02 11:05:00-04:00,59.22,59.22,59.13,59.14,4910.0,59.196,40
2024-07-02 11:10:00-04:00,59.12,59.2,59.12,59.19,6033.0,59.173,50
2024-07-02 11:15:00-04:00,59.21,59.32,59.21,59.27,5677.0,59.278,48
2024-07-02 11:20:00-04:00,59.28,59.28,59.18,59.22,6445.0,59.22,51
2024-07-02 11:25:00-04:00,59.23,59.3,59.23,59.29,5652.0,59.264,46
2024-07-02 11:30:00-04:00,59.27,59.27,59.18,59.24,7639.0,59.217,59
2024-07-02 11:35:00-04:00,59.25,59.27,59.18,59.26,6066.0,59.239,46
2024-07-02 11:40:00-04:00,59.27,59.28,59.22,59.24,8889.0,59.249,50
2024-07-02 11:45:00-04:00,59.25,59.29,59.17,59.18,9938.0,59.235,84
2024-07-02 11:50:00-04:00,59.2,59.25,59.08,59.08,7713.0,59.191,71
2024-07-02 11:55:00-04:00,59.1,59.11,59.02,59.07,12145.0,59.069,86
2024-07-02 12:00:00-04:00,59.07,59.11,59.03,59.04,5271.0,59.076,44
2024-07-02 12:05:00-04:00,59.04,59.05,58.96,59.01,9445.0,59.013,71
2024-07-02 12:10:00-04:00,59.01,59.04,58.99,59.01,8359.0,59.023,35
2024-07-02 12:15:00-04:00,59.02,59.1,58.94,59.1,7406.0,59.012,60
2024-07-02 12:20:00-04:00,59.11,59.17,59.11,59.15,3757.0,59.14,31
2024-07-02 12:25:00-04:00,59.16,59.28,59.16,59.25,5110.0,59.229,38
2024-07-02 12:30:00-04:00,59.24,59.28,59.23,59.25,5250.0,59.255,31
2024-07-02 12:35:00-04:00,59.27,59.28,59.2,59.21,3450.0,59.25,31
2024-07-02 12:40:00-04:00,59.23,59.23,59.15,59.17,6593.0,59.202,45
2024-07-02 12:45:00-04:00,59.18,59.2,59.15,59.16,4127.0,59.177,33
2024-07-02 12:50:00-04:00,59.18,59.2,59.15,59.15,5456.0,59.17,27
2024-07-02 12:55:00-04:00,59.16,59.18,59.14,59.16,3341.0,59.161,32
2024-07-02 13:00:00-04:00,59.16,59.18,59.16,59.17,3504.0,59.168,27
2024-07-02 13:05:00-04:00,59.18,59.2,59.17,59.18,6766.0,59.181,33
2024-07-02 13:10:00-04:00,59.18,59.25,59.18,59.24,4482.0,59.223,39
2024-07-02 13:15:00-04:00,59.24,59.25,59.2,59.22,5222.0,59.223,34
2024-07-02 13:20:00-04:00,59.21,59.21,59.12,59.13,6898.0,59.158,49
2024-07-02 13:25:00-04:00,59.15,59.15,59.1,59.1,5266.0,59.128,43
2024-07-02 13:30:00-04:00,59.11,59.15,59.11,59.15,3563.0,59.137,31
2024-07-02 13:35:00-04:00,59.15,59.18,59.14,59.18,6760.0,59.159,49
2024-07-02 13:40:00-04:00,59.18,59.21,59.17,59.21,8796.0,59.191,56
2024-07-02 13:45:00-04:00,59.21,59.21,59.12,59.15,9316.0,59.182,71
2024-07-02 13:50:00-04:00,59.15,59.26,59.15,59.26,6978.0,59.205,59
2024-07-02 13:55:00-04:00,59.26,59.37,59.25,59.35,3727.0,59.322,28
2024-07-02 14:00:00-04:00,59.35,59.36,59.32,59.33,7666.0,59.339,66
2024-07-02 14:05:00-04:00,59.33,59.36,59.26,59.33,9378.0,59.309,75
2024-07-02 14:10:00-04:00,59.33,59.44,59.33,59.44,6228.0,59.4,50
2024-07-02 14:15:00-04:00,59.44,59.47,59.43,59.45,4859.0,59.455,40
2024-07-02 14:20:00-04:00,59.46,59.46,59.35,59.35,5994.0,59.382,51
2024-07-02 14:25:00-04:00,59.35,59.4,59.35,59.37,6219.0,59.377,47
2024-07-02 14:30:00-04:00,59.36,59.51,59.35,59.49,8178.0,59.445,68
2024-07-02 14:35:00-04:00,59.49,59.51,59.46,59.46,7031.0,59.496,61
2024-07-02 14:40:00-04:00,59.46,59.51,59.44,59.51,8026.0,59.471,60
2024-07-02 14:45:00-04:00,59.5,59.52,59.49,59.51,8779.0,59.508,71
2024-07-02 14:50:00-04:00,59.52,59.56,59.51,59.55,8726.0,59.532,67
2024-07-02 14:55:00-04:00,59.54,59.57,59.53,59.55,9470.0,59.557,75
2024-07-02 15:00:00-04:00,59.54,59.58,59.52,59.58,5569.0,59.554,46
2024-07-02 15:05:00-04:00,59.59,59.6,59.54,59.59,11164.0,59.581,87
2024-07-02 15:10:00-04:00,59.59,59.59,59.47,59.48,14661.0,59.519,104
2024-07-02 15:15:00-04:00,59.5,59.55,59.47,59.55,17778.0,59.504,138
2024-07-02 15:20:00-04:00,59.56,59.6,59.51,59.54,10734.0,59.576,78
2024-07-02 15:25:00-04:00,59.53,59.57,59.53,59.56,9561.0,59.551,81
2024-07-02 15:30:00-04:00,59.56,59.59,59.54,59.58,10524.0,59.567,90
2024-07-02 15:35:00-04:00,59.58,59.6,59.55,59.57,17524.0,59.585,119
2024-07-02 15:40:00-04:00,59.57,59.6,59.57,59.6,28200.0,59.596,196
2024-07-02 15:45:00-04:00,59.6,59.6,59.54,59.57,21468.0,59.573,168
2024-07-02 15:50:00-04:00,59.56,59.59,59.49,59.57,36786.0,59.547,294
2024-07-02 15:55:00-04:00,59.56,59.72,59.53,59.72,133400.0,59.617,711
2024-07-03 09:30:00-04:00,59.63,59.79,59.44,59.73,27203.0,59.64,66
2024-07-03 09:35:00-04:00,59.72,59.83,59.71,59.83,7935.0,59.789,50
2024-07-03 09:40:00-04:00,59.87,59.97,59.76,59.94,13178.0,59.891,80
2024-07-03 09:45:00-04:00,59.94,60.06,59.94,59.97,10164.0,60.0,77
2024-07-03 09:50:00-04:00,59.97,60.01,59.93,60.01,9943.0,59.987,78
2024-07-03 09:55:00-04:00,60.0,60.07,59.96,60.07,9411.0,60.013,78
2024-07-03 10:00:00-04:00,60.08,60.34,60.07,60.27,14000.0,60.232,115
2024-07-03 10:05:00-04:00,60.27,60.29,60.18,60.23,12115.0,60.248,99
2024-07-03 10:10:00-04:00,60.23,60.42,60.22,60.33,13990.0,60.339,107
2024-07-03 10:15:00-04:00,60.33,60.33,60.21,60.22,11292.0,60.281,81
2024-07-03 10:20:00-04:00,60.21,60.37,60.21,60.35,22503.0,60.315,146
2024-07-03 10:25:00-04:00,60.34,60.43,60.28,60.29,15921.0,60.345,112
2024-07-03 10:30:00-04:00,60.29,60.32,60.26,60.28,9966.0,60.297,87
2024-07-03 10:35:00-04:00,60.3,60.3,60.18,60.19,11472.0,60.254,83
2024-07-03 10:40:00-04:00,60.18,60.18,59.99,60.0,12782.0,60.064,93
2024-07-03 10:45:00-04:00,59.99,60.03,59.95,60.0,9282.0,59.987,70
2024-07-03 10:50:00-04:00,60.01,60.06,59.98,60.01,6186.0,60.016,53
2024-07-03 10:55:00-04:00,60.03,60.08,60.0,60.04,9048.0,60.041,78
2024-07-03 11:00:00-04:00,60.06,60.07,60.05,60.07,3555.0,60.069,26
2024-07-03 11:05:00-04:00,60.07,60.07,59.92,59.92,4194.0,59.997,34
2024-07-03 11:10:00-04:00,59.93,59.97,59.93,59.95,4957.0,59.949,39
2024-07-03 11:15:00-04:00,59.96,60.01,59.96,59.99,6372.0,59.98,53
2024-07-03 11:20:00-04:00,60.0,60.11,59.96,59.96,13610.0,60.06,60
2024-07-03 11:25:00-04:00,59.96,59.96,59.81,59.81,7666.0,59.893,39
2024-07-03 11:30:00-04:00,59.8,59.91,59.8,59.9,7407.0,59.863,64
2024-07-03 11:35:00-04:00,59.89,59.96,59.87,59.96,6205.0,59.912,38
2024-07-03 11:40:00-04:00,59.96,59.96,59.85,59.85,3521.0,59.901,24
2024-07-03 11:45:00-04:00,59.84,59.88,59.82,59.86,5773.0,59.857,50
2024-07-03 11:50:00-04:00,59.85,59.9,59.84,59.88,7213.0,59.872,58
2024-07-03 11:55:00-04:00,59.87,59.88,59.83,59.86,9564.0,59.857,74
2024-07-03 12:00:00-04:00,59.86,59.96,59.8,59.95,8713.0,59.871,71
2024-07-03 12:05:00-04:00,59.94,60.01,59.93,60.0,20222.0,59.976,129
2024-07-03 12:10:00-04:00,59.99,60.06,59.98,60.06,13101.0,60.022,96
2024-07-03 12:15:00-04:00,60.05,60.08,60.03,60.07,7782.0,60.058,70
2024-07-03 12:20:00-04:00,60.07,60.07,60.02,60.06,7323.0,60.044,61
2024-07-03 12:25:00-04:00,60.06,60.06,59.98,59.98,10888.0,60.027,85
2024-07-03 12:30:00-04:00,59.96,60.04,59.96,60.03,13536.0,60.001,113
2024-07-03 12:35:00-04:00,60.04,60.09,60.02,60.09,13234.0,60.056,94
2024-07-03 12:40:00-04:00,60.07,60.17,60.06,60.07,21248.0,60.11,164
2024-07-03 12:45:00-04:00,60.08,60.08,59.97,60.01,12827.0,60.009,104
2024-07-03 12:50:00-04:00,60.02,60.11,60.01,60.08,24228.0,60.068,185
2024-07-03 12:55:00-04:00,60.09,60.11,59.98,60.02,82847.0,60.043,534
2024-07-05 09:30:00-04:00,59.82,59.86,59.46,59.61,21896.0,59.767,34
2024-07-05 09:35:00-04:00,59.6,59.6,59.11,59.28,12835.0,59.293,92
2024-07-05 09:40:00-04:00,59.32,59.49,59.16,59.36,9675.0,59.331,73
2024-07-05 09:45:00-04:00,59.46,59.52,59.34,59.41,11005.0,59.436,85
2024-07-05 09:50:00-04:00,59.32,59.46,59.3,59.42,6763.0,59.391,60
2024-07-05 09:55:00-04:00,59.42,59.42,59.17,59.21,7528.0,59.276,67
2024-07-05 10:00:00-04:00,59.22,59.34,59.12,59.15,12110.0,59.205,104
2024-07-05 10:05:00-04:00,59.15,59.18,58.99,59.1,11154.0,59.082,88
2024-07-05 10:10:00-04:00,59.07,59.38,58.98,59.38,12286.0,59.184,91
2024-07-05 10:15:00-04:00,59.36,59.36,59.14,59.21,8908.0,59.229,73
2024-07-05 10:20:00-04:00,59.21,59.34,59.18,59.24,11721.0,59.264,93
2024-07-05 10:25:00-04:00,59.24,59.28,59.1,59.16,6607.0,59.157,57
2024-07-05 10:30:00-04:00,59.14,59.23,59.12,59.18,11388.0,59.175,84
2024-07-05 10:35:00-04:00,59.15,59.2,59.1,59.1,7613.0,59.143,70
2024-07-05 10:40:00-04:00,59.1,59.22,59.1,59.22,6885.0,59.169,52
2024-07-05 10:45:00-04:00,59.22,59.27,59.18,59.18,10899.0,59.227,88
2024-07-05 10:50:00-04:00,59.18,59.44,59.07,59.41,37279.0,59.209,264
2024-07-05 10:55:00-04:00,59.41,59.45,59.15,59.17,35597.0,59.321,140
2024-07-05 11:00:00-04:00,59.18,59.29,59.15,59.28,3868.0,59.214,32
2024-07-05 11:05:00-04:00,59.32,59.48,59.31,59.37,9016.0,59.401,70
2024-07-05 11:10:00-04:00,59.4,59.4,59.31,59.31,5529.0,59.361,38
2024-07-05 11:15:00-04:00,59.32,59.43,59.31,59.4,7882.0,59.389,52
2024-07-05 11:20:00-04:00,59.4,59.45,59.39,59.4,5855.0,59.415,45
2024-07-05 11:25:00-04:00,59.4,59.42,59.31,59.35,5205.0,59.35,47
2024-07-05 11:30:00-04:00,59.34,59.34,59.2,59.2,9541.0,59.26,75
2024-07-05 11:35:00-04:00,59.24,59.24,59.16,59.22,4753.0,59.183,41
2024-07-05 11:40:00-04:00,59.17,59.19,59.12,59.17,7276.0,59.163,65
2024-07-05 11:45:00-04:00,59.17,59.29,59.16,59.28,5932.0,59.227,55
2024-07-05 11:50:00-04:00,59.29,59.3,59.28,59.28,4406.0,59.289,39
2024-07-05 11:55:00-04:00,59.29,59.29,59.19,59.21,8407.0,59.245,72
2024-07-05 12:00:00-04:00,59.22,59.22,59.17,59.18,7706.0,59.192,61
2024-07-05 12:05:00-04:00,59.18,59.23,59.16,59.22,8499.0,59.198,55
2024-07-05 12:10:00-04:00,59.23,59.24,59.17,59.17,3406.0,59.22,26
2024-07-05 12:15:00-04:00,59.17,59.25,59.16,59.2,10008.0,59.194,84
2024-07-05 12:20:00-04:00,59.19,59.3,59.19,59.3,6479.0,59.259,57
2024-07-05 12:25:00-04:00,59.3,59.3,59.19,59.27,18961.0,59.246,145
2024-07-05 12:30:00-04:00,59.26,59.31,59.26,59.29,3255.0,59.296,29
2024-07-05 12:35:00-04:00,59.3,59.36,59.29,59.32,5764.0,59.327,45
2024-07-05 12:40:00-04:00,59.31,59.33,59.3,59.33,3296.0,59.322,28
2024-07-05 12:45:00-04:00,59.33,59.36,59.31,59.36,6510.0,59.33,59
2024-07-05 12:50:00-04:00,59.36,59.38,59.33,59.38,5165.0,59.365,39
2024-07-05 12:55:00-04:00,59.36,59.41,59.36,59.4,4308.0,59.394,36
2024-07-05 13:00:00-04:00,59.4,59.4,59.33,59.37,8795.0,59.368,70
2024-07-05 13:05:00-04:00,59.38,59.46,59.38,59.45,3612.0,59.426,28
2024-07-05 13:10:00-04:00,59.45,59.48,59.42,59.42,7641.0,59.455,60
2024-07-05 13:15:00-04:00,59.42,59.44,59.37,59.38,5287.0,59.414,44
2024-07-05 13:20:00-04:00,59.37,59.37,59.31,59.32,5995.0,59.34,52
2024-07-05 13:25:00-04:00,59.32,59.45,59.31,59.41,11383.0,59.393,98
2024-07-05 13:30:00-04:00,59.41,59.41,59.37,59.4,4479.0,59.405,34
2024-07-05 13:35:00-04:00,59.43,59.49,59.41,59.49,7721.0,59.457,62
2024-07-05 13:40:00-04:00,59.48,59.5,59.47,59.48,4130.0,59.487,30
2024-07-05 13:45:00-04:00,59.48,59.48,59.4,59.43,5072.0,59.44,43
2024-07-05 13:50:00-04:00,59.43,59.45,59.4,59.44,9113.0,59.428,63
2024-07-05 13:55:00-04:00,59.44,59.53,59.44,59.51,4838.0,59.496,40
2024-07-05 14:00:00-04:00,59.52,59.52,59.43,59.45,4165.0,59.477,29
2024-07-05 14:05:00-04:00,59.45,59.46,59.36,59.37,6702.0,59.42,54
2024-07-05 14:10:00-04:00,59.37,59.41,59.35,59.41,7904.0,59.378,57
2024-07-05 14:15:00-04:00,59.41,59.44,59.41,59.43,3733.0,59.423,33
2024-07-05 14:20:00-04:00,59.45,59.45,59.42,59.42,4956.0,59.43,42
2024-07-05 14:25:00-04:00,59.41,59.46,59.41,59.45,11154.0,59.444,79
2024-07-05 14:30:00-04:00,59.45,59.45,59.39,59.42,7183.0,59.42,62
2024-07-05 14:35:00-04:00,59.43,59.46,59.41,59.45,6012.0,59.438,46
2024-07-05 14:40:00-04:00,59.44,59.54,59.44,59.5,8664.0,59.505,68
2024-07-05 14:45:00-04:00,59.52,59.54,59.51,59.54,5561.0,59.523,36
2024-07-05 14:50:00-04:00,59.52,59.54,59.48,59.52,13810.0,59.515,95
2024-07-05 14:55:00-04:00,59.52,59.6,59.5,59.56,13588.0,59.543,89
2024-07-05 15:00:00-04:00,59.55,59.55,59.46,59.46,6401.0,59.495,52
2024-07-05 15:05:00-04:00,59.45,59.47,59.43,59.45,9449.0,59.451,72
2024-07-05 15:10:00-04:00,59.45,59.51,59.44,59.46,11330.0,59.475,94
2024-07-05 15:15:00-04:00,59.47,59.48,59.43,59.43,10182.0,59.46,85
2024-07-05 15:20:00-04:00,59.42,59.46,59.42,59.46,15986.0,59.445,137
2024-07-05 15:25:00-04:00,59.46,59.46,59.38,59.38,9435.0,59.429,69
2024-07-05 15:30:00-04:00,59.39,59.45,59.35,59.43,17838.0,59.389,143
2024-07-05 15:35:00-04:00,59.42,59.48,59.39,59.46,18669.0,59.441,146
2024-07-05 15:40:00-04:00,59.46,59.54,59.45,59.51,30646.0,59.496,232
2024-07-05 15:45:00-04:00,59.5,59.59,59.5,59.53,20348.0,59.537,157
2024-07-05 15:50:00-04:00,59.52,59.7,59.49,59.65,41324.0,59.626,330
2024-07-05 15:55:00-04:00,59.66,59.69,59.58,59.64,116320.0,59.63,782
2024-07-08 09:30:00-04:00,59.93,60.46,59.93,60.1,20728.0,60.062,53
2024-07-08 09:35:00-04:00,60.12,60.12,60.05,60.09,2561.0,60.095,9
2024-07-08 09:40:00-04:00,60.07,60.07,59.99,59.99,300.0,60.04,3
2024-07-08 09:45:00-04:00,59.99,60.01,59.89,59.98,3142.0,59.948,25
2024-07-08 09:50:00-04:00,59.97,60.03,59.92,59.92,9557.0,59.981,32
2024-07-08 09:55:00-04:00,59.91,60.08,59.9,59.97,6628.0,59.983,55
2024-07-08 10:00:00-04:00,59.92,60.08,59.92,59.93,2810.0,59.978,20
2024-07-08 10:05:00-04:00,59.93,60.01,59.8,59.9,7987.0,59.88,42
2024-07-08 10:10:00-04:00,59.9,59.95,59.85,59.95,3578.0,59.894,30
2024-07-08 10:15:00-04:00,59.91,59.94,59.83,59.86,3645.0,59.894,25
2024-07-08 10:20:00-04:00,59.82,59.96,59.79,59.96,10352.0,59.839,89
2024-07-08 10:25:00-04:00,60.01,60.01,59.85,59.86,4395.0,59.911,38
2024-07-08 10:30:00-04:00,59.77,59.84,59.76,59.8,2897.0,59.798,28
2024-07-08 10:35:00-04:00,59.8,59.89,59.8,59.89,2800.0,59.828,25
2024-07-08 10:40:00-04:00,59.87,59.92,59.85,59.88,2295.0,59.877,21
2024-07-08 10:45:00-04:00,59.9,59.98,59.9,59.98,7064.0,59.97,18
2024-07-08 10:50:00-04:00,59.98,60.08,59.98,60.06,4489.0,60.039,38
2024-07-08 10:55:00-04:00,60.06,60.1,59.98,59.98,4302.0,60.062,30
2024-07-08 11:00:00-04:00,60.01,60.08,59.99,60.07,5298.0,60.021,36
2024-07-08 11:05:00-04:00,60.07,60.07,59.97,59.99,5378.0,60.03,44
2024-07-08 11:10:00-04:00,59.99,59.99,59.95,59.96,3100.0,59.975,25
2024-07-08 11:15:00-04:00,59.94,60.0,59.94,59.97,9161.0,59.978,83
2024-07-08 11:20:00-04:00,59.97,59.98,59.95,59.95,5079.0,59.967,41
2024-07-08 11:25:00-04:00,59.97,59.97,59.92,59.92,5588.0,59.935,45
2024-07-08 11:30:00-04:00,59.86,59.9,59.85,59.89,6338.0,59.887,53
2024-07-08 11:35:00-04:00,59.86,59.88,59.82,59.82,3389.0,59.845,25
2024-07-08 11:40:00-04:00,59.81,59.83,59.77,59.79,5031.0,59.806,41
2024-07-08 11:45:00-04:00,59.79,59.85,59.77,59.77,7004.0,59.818,50
2024-07-08 11:50:00-04:00,59.79,59.83,59.79,59.8,4195.0,59.811,36
2024-07-08 11:55:00-04:00,59.78,59.82,59.75,59.82,3600.0,59.787,30
2024-07-08 12:00:00-04:00,59.83,59.85,59.8,59.85,6742.0,59.821,55
2024-07-08 12:05:00-04:00,59.86,59.91,59.78,59.79,9473.0,59.836,63
2024-07-08 12:10:00-04:00,59.79,59.82,59.76,59.81,2444.0,59.803,21
2024-07-08 12:15:00-04:00,59.82,59.85,59.8,59.84,4441.0,59.824,32
2024-07-08 12:20:00-04:00,59.86,59.88,59.84,59.88,2134.0,59.863,21
2024-07-08 12:25:00-04:00,59.88,59.92,59.88,59.92,2847.0,59.898,26
2024-07-08 12:30:00-04:00,59.91,59.97,59.86,59.97,9988.0,59.908,70
2024-07-08 12:35:00-04:00,59.96,60.06,59.96,60.05,5760.0,60.012,44
2024-07-08 12:40:00-04:00,60.04,60.07,60.01,60.01,6736.0,60.036,45
2024-07-08 12:45:00-04:00,60.03,60.1,60.03,60.09,3890.0,60.053,30
2024-07-08 12:50:00-04:00,60.1,60.11,60.08,60.11,10069.0,60.094,54
2024-07-08 12:55:00-04:00,60.1,60.14,60.06,60.07,9130.0,60.104,76
2024-07-08 13:00:00-04:00,60.07,60.13,60.03,60.03,9203.0,60.088,46
2024-07-08 13:05:00-04:00,60.02,60.05,59.98,59.98,4015.0,60.029,30
2024-07-08 13:10:00-04:00,59.98,60.0,59.93,59.97,3208.0,59.959,26
2024-07-08 13:15:00-04:00,59.96,59.98,59.86,59.98,17827.0,59.926,34
2024-07-08 13:20:00-04:00,59.98,60.08,59.96,60.05,9026.0,60.004,69
2024-07-08 13:25:00-04:00,60.08,60.09,60.0,60.02,4660.0,60.052,31
2024-07-08 13:30:00-04:00,60.03,60.07,60.02,60.07,5036.0,60.055,44
2024-07-08 13:35:00-04:00,60.07,60.11,60.06,60.11,4431.0,60.086,40
2024-07-08 13:40:00-04:00,60.1,60.15,60.09,60.15,6261.0,60.112,56
2024-07-08 13:45:00-04:00,60.15,60.16,60.14,60.14,3469.0,60.151,30
2024-07-08 13:50:00-04:00,60.16,60.16,60.09,60.13,8118.0,60.12,65
2024-07-08 13:55:00-04:00,60.13,60.17,60.12,60.16,4359.0,60.14,34
2024-07-08 14:00:00-04:00,60.16,60.17,60.13,60.14,5844.0,60.148,54
2024-07-08 14:05:00-04:00,60.14,60.17,60.14,60.16,6619.0,60.155,56
2024-07-08 14:10:00-04:00,60.17,60.17,60.06,60.07,17001.0,60.108,134
2024-07-08 14:15:00-04:00,60.08,60.09,60.06,60.07,10581.0,60.079,90
2024-07-08 14:20:00-04:00,60.09,60.09,60.03,60.04,5576.0,60.053,45
2024-07-08 14:25:00-04:00,60.04,60.05,59.99,60.05,11963.0,60.031,104
2024-07-08 14:30:00-04:00,60.04,60.08,60.02,60.05,9509.0,60.057,69
2024-07-08 14:35:00-04:00,60.05,60.13,60.05,60.12,13917.0,60.083,106
2024-07-08 14:40:00-04:00,60.13,60.13,60.05,60.09,14903.0,60.099,109
2024-07-08 14:45:00-04:00,60.1,60.15,60.08,60.15,16583.0,60.113,125
2024-07-08 14:50:00-04:00,60.15,60.2,60.15,60.19,15110.0,60.173,120
2024-07-08 14:55:00-04:00,60.2,60.25,60.19,60.24,12643.0,60.224,99
2024-07-08 15:00:00-04:00,60.25,60.26,60.15,60.16,11339.0,60.188,85
2024-07-08 15:05:00-04:00,60.16,60.24,60.16,60.24,10679.0,60.206,86
2024-07-08 15:10:00-04:00,60.25,60.25,60.13,60.18,10542.0,60.186,75
2024-07-08 15:15:00-04:00,60.18,60.18,60.13,60.14,8028.0,60.154,68
2024-07-08 15:20:00-04:00,60.14,60.18,60.13,60.15,13540.0,60.158,114
2024-07-08 15:25:00-04:00,60.15,60.16,60.09,60.1,9311.0,60.134,79
2024-07-08 15:30:00-04:00,60.1,60.13,60.06,60.12,13268.0,60.095,110
2024-07-08 15:35:00-04:00,60.12,60.12,60.03,60.04,18176.0,60.069,116
2024-07-08 15:40:00-04:00,60.05,60.06,60.01,60.04,17216.0,60.036,123
2024-07-08 15:45:00-04:00,60.03,60.04,59.94,59.97,33650.0,59.995,222
2024-07-08 15:50:00-04:00,59.97,60.02,59.85,59.89,32694.0,59.921,253
2024-07-08 15:55:00-04:00,59.9,59.93,59.87,59.92,101719.0,59.901,480
2024-07-09 09:30:00-04:00,59.31,59.67,59.09,59.09,27546.0,59.315,18
2024-07-09 09:35:00-04:00,59.19,59.25,59.03,59.15,2214.0,59.154,18
2024-07-09 09:40:00-04:00,59.15,59.28,59.15,59.27,946.0,59.253,7
2024-07-09 09:45:00-04:00,59.31,59.52,59.24,59.51,9193.0,59.337,24
2024-07-09 09:50:00-04:00,59.43,59.46,59.36,59.36,1657.0,59.42,15
2024-07-09 09:55:00-04:00,59.42,59.49,59.35,59.42,9931.0,59.423,69
2024-07-09 10:00:00-04:00,59.42,59.45,59.32,59.37,5239.0,59.38,43
2024-07-09 10:05:00-04:00,59.37,59.4,59.32,59.33,6883.0,59.364,45
2024-07-09 10:10:00-04:00,59.31,59.31,59.22,59.24,7315.0,59.266,45
2024-07-09 10:15:00-04:00,59.23,59.23,59.17,59.21,7820.0,59.207,56
2024-07-09 10:20:00-04:00,59.21,59.26,59.17,59.19,6723.0,59.217,47
2024-07-09 10:25:00-04:00,59.21,59.26,59.17,59.23,8224.0,59.21,75
2024-07-09 10:30:00-04:00,59.22,59.22,59.06,59.12,7109.0,59.113,60
2024-07-09 10:35:00-04:00,59.13,59.27,59.13,59.27,7200.0,59.215,55
2024-07-09 10:40:00-04:00,59.24,59.26,59.14,59.16,5213.0,59.198,40
2024-07-09 10:45:00-04:00,59.16,59.17,59.11,59.11,4865.0,59.143,41
2024-07-09 10:50:00-04:00,59.12,59.12,59.06,59.07,5720.0,59.08,43
2024-07-09 10:55:00-04:00,59.08,59.13,59.07,59.08,6817.0,59.101,51
2024-07-09 11:00:00-04:00,59.1,59.1,59.07,59.08,3662.0,59.09,30
2024-07-09 11:05:00-04:00,59.11,59.24,59.1,59.21,8062.0,59.15,67
2024-07-09 11:10:00-04:00,59.2,59.22,59.11,59.15,6510.0,59.162,48
2024-07-09 11:15:00-04:00,59.15,59.17,59.1,59.1,5172.0,59.149,40
2024-07-09 11:20:00-04:00,59.09,59.12,59.06,59.08,6045.0,59.09,51
2024-07-09 11:25:00-04:00,59.07,59.09,59.05,59.09,7158.0,59.064,58
2024-07-09 11:30:00-04:00,59.1,59.15,59.09,59.13,6506.0,59.112,49
2024-07-09 11:35:00-04:00,59.13,59.16,59.1,59.16,6052.0,59.128,48
2024-07-09 11:40:00-04:00,59.15,59.21,59.12,59.18,7385.0,59.177,59
2024-07-09 11:45:00-04:00,59.21,59.27,59.19,59.23,4486.0,59.239,32
2024-07-09 11:50:00-04:00,59.24,59.32,59.22,59.3,5290.0,59.286,46
2024-07-09 11:55:00-04:00,59.29,59.29,59.23,59.28,5253.0,59.267,36
2024-07-09 12:00:00-04:00,59.28,59.32,59.26,59.28,3813.0,59.288,28
2024-07-09 12:05:00-04:00,59.29,59.31,59.24,59.24,6267.0,59.278,48
2024-07-09 12:10:00-04:00,59.24,59.25,59.19,59.23,8179.0,59.222,51
2024-07-09 12:15:00-04:00,59.21,59.24,59.18,59.2,5540.0,59.21,44
2024-07-09 12:20:00-04:00,59.2,59.24,59.19,59.21,5941.0,59.207,40
2024-07-09 12:25:00-04:00,59.23,59.29,59.22,59.27,3874.0,59.254,32
2024-07-09 12:30:00-04:00,59.31,59.41,59.31,59.41,3322.0,59.38,23
2024-07-09 12:35:00-04:00,59.39,59.39,59.26,59.29,5608.0,59.322,35
2024-07-09 12:40:00-04:00,59.32,59.37,59.31,59.37,3651.0,59.325,29
2024-07-09 12:45:00-04:00,59.35,59.41,59.35,59.38,3981.0,59.385,33
2024-07-09 12:50:00-04:00,59.37,59.37,59.3,59.37,7137.0,59.341,61
2024-07-09 12:55:00-04:00,59.39,59.43,59.38,59.42,5706.0,59.411,48
2024-07-09 13:00:00-04:00,59.43,59.51,59.43,59.51,5120.0,59.472,40
2024-07-09 13:05:00-04:00,59.5,59.5,59.48,59.48,3270.0,59.485,25
2024-07-09 13:10:00-04:00,59.49,59.53,59.46,59.5,2851.0,59.498,18
2024-07-09 13:15:00-04:00,59.52,59.52,59.35,59.42,6633.0,59.436,55
2024-07-09 13:20:00-04:00,59.42,59.43,59.37,59.43,3824.0,59.395,23
2024-07-09 13:25:00-04:00,59.42,59.43,59.38,59.43,2705.0,59.403,22
2024-07-09 13:30:00-04:00,59.46,59.56,59.45,59.56,4960.0,59.49,40
2024-07-09 13:35:00-04:00,59.56,59.59,59.49,59.5,5872.0,59.554,46
2024-07-09 13:40:00-04:00,59.5,59.51,59.34,59.34,3111.0,59.43,28
2024-07-09 13:45:00-04:00,59.35,59.35,59.31,59.33,4816.0,59.337,39
2024-07-09 13:50:00-04:00,59.31,59.33,59.24,59.26,3409.0,59.296,29
2024-07-09 13:55:00-04:00,59.25,59.27,59.21,59.21,7646.0,59.247,63
2024-07-09 14:00:00-04:00,59.2,59.2,59.14,59.15,3531.0,59.172,28
2024-07-09 14:05:00-04:00,59.17,59.18,59.14,59.18,7747.0,59.166,64
2024-07-09 14:10:00-04:00,59.17,59.21,59.17,59.2,11829.0,59.195,46
2024-07-09 14:15:00-04:00,59.2,59.2,59.15,59.15,4250.0,59.168,41
2024-07-09 14:20:00-04:00,59.15,59.23,59.15,59.16,11042.0,59.186,82
2024-07-09 14:25:00-04:00,59.16,59.18,59.15,59.16,6006.0,59.167,46
2024-07-09 14:30:00-04:00,59.15,59.16,59.08,59.13,9676.0,59.129,78
2024-07-09 14:35:00-04:00,59.12,59.15,59.11,59.14,6149.0,59.13,52
2024-07-09 14:40:00-04:00,59.13,59.13,59.05,59.07,5117.0,59.086,32
2024-07-09 14:45:00-04:00,59.07,59.1,58.97,58.97,17147.0,59.024,145
2024-07-09 14:50:00-04:00,58.95,58.99,58.95,58.96,11953.0,58.967,104
2024-07-09 14:55:00-04:00,58.95,58.97,58.92,58.94,10435.0,58.942,86
2024-07-09 15:00:00-04:00,58.95,58.95,58.82,58.83,9604.0,58.894,90
2024-07-09 15:05:00-04:00,58.82,58.87,58.79,58.86,10094.0,58.826,86
2024-07-09 15:10:00-04:00,58.86,58.86,58.83,58.85,14963.0,58.848,111
2024-07-09 15:15:00-04:00,58.86,58.86,58.84,58.84,8149.0,58.85,67
2024-07-09 15:20:00-04:00,58.85,58.88,58.8,58.82,13626.0,58.839,120
2024-07-09 15:25:00-04:00,58.82,58.82,58.78,58.82,17976.0,58.797,125
2024-07-09 15:30:00-04:00,58.82,58.82,58.72,58.73,24369.0,58.761,187
2024-07-09 15:35:00-04:00,58.73,58.83,58.72,58.81,24796.0,58.774,146
2024-07-09 15:40:00-04:00,58.8,58.85,58.74,58.74,39340.0,58.808,285
2024-07-09 15:45:00-04:00,58.75,58.79,58.71,58.75,29203.0,58.744,224
2024-07-09 15:50:00-04:00,58.75,58.94,58.74,58.83,49659.0,58.821,363
2024-07-09 15:55:00-04:00,58.85,58.88,58.79,58.86,107564.0,58.834,660
2024-07-10 09:30:00-04:00,59.33,59.39,59.17,59.17,18158.0,59.309,30
2024-07-10 09:35:00-04:00,59.3,59.58,59.3,59.53,10183.0,59.448,60
2024-07-10 09:40:00-04:00,59.51,59.72,59.5,59.72,13783.0,59.58,80
2024-07-10 09:45:00-04:00,59.73,59.87,59.65,59.8,14100.0,59.793,89
2024-07-10 09:50:00-04:00,59.73,59.74,59.55,59.59,15456.0,59.683,70
2024-07-10 09:55:00-04:00,59.61,59.76,59.45,59.5,18247.0,59.594,60
2024-07-10 10:00:00-04:00,59.5,59.55,59.37,59.46,12615.0,59.454,69
2024-07-10 10:05:00-04:00,59.41,59.79,59.4,59.75,32190.0,59.501,259
2024-07-10 10:10:00-04:00,59.75,59.79,59.64,59.68,6425.0,59.714,54
2024-07-10 10:15:00-04:00,59.71,59.77,59.65,59.72,6944.0,59.7,49
2024-07-10 10:20:00-04:00,59.77,59.81,59.69,59.72,9559.0,59.754,76
2024-07-10 10:25:00-04:00,59.71,59.76,59.61,59.62,8601.0,59.672,71
2024-07-10 10:30:00-04:00,59.61,59.61,59.49,59.54,10412.0,59.548,84
2024-07-10 10:35:00-04:00,59.56,59.59,59.51,59.53,8176.0,59.55,62
2024-07-10 10:40:00-04:00,59.53,59.53,59.44,59.49,6583.0,59.502,56
2024-07-10 10:45:00-04:00,59.51,59.54,59.45,59.51,5987.0,59.495,50
2024-07-10 10:50:00-04:00,59.48,59.58,59.48,59.58,3503.0,59.525,32
2024-07-10 10:55:00-04:00,59.58,59.6,59.51,59.58,5253.0,59.566,43
2024-07-10 11:00:00-04:00,59.56,59.59,59.54,59.57,7870.0,59.577,61
2024-07-10 11:05:00-04:00,59.57,59.67,59.56,59.67,7855.0,59.612,68
2024-07-10 11:10:00-04:00,59.68,59.73,59.63,59.69,11331.0,59.681,100
2024-07-10 11:15:00-04:00,59.69,59.69,59.63,59.64,5617.0,59.658,44
2024-07-10 11:20:00-04:00,59.64,59.67,59.6,59.65,17759.0,59.644,80
2024-07-10 11:25:00-04:00,59.66,59.73,59.62,59.69,6746.0,59.672,57
2024-07-10 11:30:00-04:00,59.69,59.75,59.68,59.69,7281.0,59.707,63
2024-07-10 11:35:00-04:00,59.69,59.7,59.66,59.69,6069.0,59.683,47
2024-07-10 11:40:00-04:00,59.69,59.7,59.61,59.61,5184.0,59.674,46
2024-07-10 11:45:00-04:00,59.63,59.67,59.61,59.65,4784.0,59.635,40
2024-07-10 11:50:00-04:00,59.66,59.73,59.66,59.69,6146.0,59.696,48
2024-07-10 11:55:00-04:00,59.69,59.7,59.6,59.6,5755.0,59.666,33
2024-07-10 12:00:00-04:00,59.61,59.7,59.6,59.68,6046.0,59.649,48
2024-07-10 12:05:00-04:00,59.68,59.7,59.66,59.7,6019.0,59.685,41
2024-07-10 12:10:00-04:00,59.7,59.78,59.69,59.75,13316.0,59.73,90
2024-07-10 12:15:00-04:00,59.78,59.78,59.72,59.74,6838.0,59.746,52
2024-07-10 12:20:00-04:00,59.75,59.83,59.71,59.83,9195.0,59.761,72
2024-07-10 12:25:00-04:00,59.8,59.83,59.79,59.79,5844.0,59.809,40
2024-07-10 12:30:00-04:00,59.78,59.78,59.74,59.76,8239.0,59.759,41
2024-07-10 12:35:00-04:00,59.76,59.76,59.71,59.71,4425.0,59.735,35
2024-07-10 12:40:00-04:00,59.72,59.72,59.67,59.71,5434.0,59.704,43
2024-07-10 12:45:00-04:00,59.7,59.72,59.62,59.62,11104.0,59.693,87
2024-07-10 12:50:00-04:00,59.64,59.66,59.62,59.66,6783.0,59.647,45
2024-07-10 12:55:00-04:00,59.64,59.66,59.63,59.66,7196.0,59.646,53
2024-07-10 13:00:00-04:00,59.67,59.7,59.62,59.63,15315.0,59.654,113
2024-07-10 13:05:00-04:00,59.63,59.63,59.61,59.63,5743.0,59.623,44
2024-07-10 13:10:00-04:00,59.63,59.68,59.62,59.67,9325.0,59.653,72
2024-07-10 13:15:00-04:00,59.67,59.7,59.62,59.62,6655.0,59.656,52
2024-07-10 13:20:00-04:00,59.62,59.64,59.54,59.54,7609.0,59.599,51
2024-07-10 13:25:00-04:00,59.53,59.53,59.48,59.48,4361.0,59.492,39
2024-07-10 13:30:00-04:00,59.49,59.5,59.4,59.4,8092.0,59.435,70
2024-07-10 13:35:00-04:00,59.4,59.4,59.37,59.38,10076.0,59.386,91
2024-07-10 13:40:00-04:00,59.39,59.4,59.36,59.36,6434.0,59.381,54
2024-07-10 13:45:00-04:00,59.37,59.38,59.34,59.34,6576.0,59.358,57
2024-07-10 13:50:00-04:00,59.35,59.35,59.24,59.3,9644.0,59.289,79
2024-07-10 13:55:00-04:00,59.3,59.31,59.27,59.29,8566.0,59.294,69
2024-07-10 14:00:00-04:00,59.29,59.33,59.28,59.28,15930.0,59.291,103
2024-07-10 14:05:00-04:00,59.29,59.4,59.27,59.38,15380.0,59.327,118
2024-07-10 14:10:00-04:00,59.37,59.37,59.29,59.3,10078.0,59.338,82
2024-07-10 14:15:00-04:00,59.3,59.32,59.26,59.28,26817.0,59.297,143
2024-07-10 14:20:00-04:00,59.28,59.29,59.21,59.23,12071.0,59.26,94
2024-07-10 14:25:00-04:00,59.22,59.22,59.18,59.21,11805.0,59.206,99
2024-07-10 14:30:00-04:00,59.21,59.26,59.2,59.25,10687.0,59.232,82
2024-07-10 14:35:00-04:00,59.25,59.26,59.22,59.23,9891.0,59.25,74
2024-07-10 14:40:00-04:00,59.22,59.22,59.15,59.15,7161.0,59.179,61
2024-07-10 14:45:00-04:00,59.16,59.2,59.15,59.19,16748.0,59.175,147
2024-07-10 14:50:00-04:00,59.19,59.19,59.16,59.18,7485.0,59.174,60
2024-07-10 14:55:00-04:00,59.18,59.23,59.17,59.19,17093.0,59.192,120
2024-07-10 15:00:00-04:00,59.2,59.24,59.19,59.21,16492.0,59.207,120
2024-07-10 15:05:00-04:00,59.21,59.25,59.2,59.2,21272.0,59.228,156
2024-07-10 15:10:00-04:00,59.19,59.23,59.17,59.18,20614.0,59.196,149
2024-07-10 15:15:00-04:00,59.19,59.24,59.19,59.23,15052.0,59.223,107
2024-07-10 15:20:00-04:00,59.23,59.24,59.19,59.21,19718.0,59.217,142
2024-07-10 15:25:00-04:00,59.21,59.27,59.2,59.25,26187.0,59.239,185
2024-07-10 15:30:00-04:00,59.25,59.35,59.24,59.32,35110.0,59.293,230
2024-07-10 15:35:00-04:00,59.32,59.32,59.26,59.29,32331.0,59.293,224
2024-07-10 15:40:00-04:00,59.29,59.31,59.26,59.26,24626.0,59.284,145
2024-07-10 15:45:00-04:00,59.26,59.36,59.26,59.33,52989.0,59.299,369
2024-07-10 15:50:00-04:00,59.32,59.36,59.28,59.31,70488.0,59.332,474
2024-07-10 15:55:00-04:00,59.31,59.37,59.26,59.27,179060.0,59.308,907
2024-07-11 09:30:00-04:00,60.0,60.11,59.66,59.66,21651.0,59.979,23
2024-07-11 09:35:00-04:00,59.69,59.88,59.57,59.88,7079.0,59.78,62
2024-07-11 09:40:00-04:00,59.88,60.15,59.87,60.12,5434.0,60.037,44
2024-07-11 09:45:00-04:00,60.09,60.3,59.98,60.29,8370.0,60.174,49
2024-07-11 09:50:00-04:00,60.27,60.47,60.25,60.42,7092.0,60.344,52
2024-07-11 09:55:00-04:00,60.42,60.42,60.15,60.23,19039.0,60.274,138
2024-07-11 10:00:00-04:00,60.23,60.44,60.23,60.43,7821.0,60.342,63
2024-07-11 10:05:00-04:00,60.45,60.54,60.38,60.47,11333.0,60.445,74
2024-07-11 10:10:00-04:00,60.47,60.62,60.46,60.53,23780.0,60.537,151
2024-07-11 10:15:00-04:00,60.55,60.62,60.49,60.49,31469.0,60.535,230
2024-07-11 10:20:00-04:00,60.49,60.54,60.43,60.45,14972.0,60.486,86
2024-07-11 10:25:00-04:00,60.45,60.47,60.36,60.43,19886.0,60.416,151
2024-07-11 10:30:00-04:00,60.45,60.59,60.42,60.53,12878.0,60.491,107
2024-07-11 10:35:00-04:00,60.53,60.53,60.41,60.53,10232.0,60.464,69
2024-07-11 10:40:00-04:00,60.52,60.53,60.36,60.39,12060.0,60.461,95
2024-07-11 10:45:00-04:00,60.41,60.55,60.41,60.54,9234.0,60.49,80
2024-07-11 10:50:00-04:00,60.55,60.59,60.46,60.46,12003.0,60.542,97
2024-07-11 10:55:00-04:00,60.47,60.56,60.47,60.56,6835.0,60.529,45
2024-07-11 11:00:00-04:00,60.55,60.55,60.43,60.47,6935.0,60.478,54
2024-07-11 11:05:00-04:00,60.47,60.55,60.43,60.53,5099.0,60.505,40
2024-07-11 11:10:00-04:00,60.55,60.61,60.55,60.57,8137.0,60.578,63
2024-07-11 11:15:00-04:00,60.55,60.57,60.52,60.57,4122.0,60.548,32
2024-07-11 11:20:00-04:00,60.57,60.6,60.51,60.55,12688.0,60.567,68
2024-07-11 11:25:00-04:00,60.57,60.6,60.54,60.59,5296.0,60.575,43
2024-07-11 11:30:00-04:00,60.63,60.63,60.55,60.55,9617.0,60.602,75
2024-07-11 11:35:00-04:00,60.55,60.63,60.55,60.63,10151.0,60.585,79
2024-07-11 11:40:00-04:00,60.63,60.64,60.51,60.53,6579.0,60.577,48
2024-07-11 11:45:00-04:00,60.54,60.55,60.52,60.52,3279.0,60.535,29
2024-07-11 11:50:00-04:00,60.52,60.59,60.52,60.59,3906.0,60.563,29
2024-07-11 11:55:00-04:00,60.59,60.65,60.53,60.54,6473.0,60.59,51
2024-07-11 12:00:00-04:00,60.52,60.52,60.43,60.45,5002.0,60.463,40
2024-07-11 12:05:00-04:00,60.44,60.45,60.34,60.41,7478.0,60.398,61
2024-07-11 12:10:00-04:00,60.43,60.43,60.36,60.42,3659.0,60.395,26
2024-07-11 12:15:00-04:00,60.45,60.45,60.36,60.37,4850.0,60.397,36
2024-07-11 12:20:00-04:00,60.37,60.37,60.3,60.32,4505.0,60.327,33
2024-07-11 12:25:00-04:00,60.32,60.34,60.25,60.32,8312.0,60.314,68
2024-07-11 12:30:00-04:00,60.32,60.33,60.28,60.29,3384.0,60.301,24
2024-07-11 12:35:00-04:00,60.29,60.29,60.15,60.2,8789.0,60.227,69
2024-07-11 12:40:00-04:00,60.18,60.32,60.17,60.29,37552.0,60.21,72
2024-07-11 12:45:00-04:00,60.26,60.34,60.26,60.33,76334.0,60.322,75
2024-07-11 12:50:00-04:00,60.3,60.32,60.22,60.22,105048.0,60.252,93
2024-07-11 12:55:00-04:00,60.25,60.47,60.24,60.43,9265.0,60.363,58
2024-07-11 13:00:00-04:00,60.47,60.66,60.47,60.56,8906.0,60.566,63
2024-07-11 13:05:00-04:00,60.58,60.6,60.55,60.58,2153.0,60.575,15
2024-07-11 13:10:00-04:00,60.58,60.6,60.45,60.5,9534.0,60.508,62
2024-07-11 13:15:00-04:00,60.49,60.56,60.49,60.53,4724.0,60.521,33
2024-07-11 13:20:00-04:00,60.54,60.62,60.53,60.59,6457.0,60.583,46
2024-07-11 13:25:00-04:00,60.57,60.61,60.56,60.59,24133.0,60.593,28
2024-07-11 13:30:00-04:00,60.59,60.64,60.58,60.63,9594.0,60.603,66
2024-07-11 13:35:00-04:00,60.63,60.68,60.59,60.68,5546.0,60.636,43
2024-07-11 13:40:00-04:00,60.66,60.75,60.66,60.72,9415.0,60.713,75
2024-07-11 13:45:00-04:00,60.71,60.73,60.59,60.59,10403.0,60.656,71
2024-07-11 13:50:00-04:00,60.59,60.61,60.44,60.45,42431.0,60.526,219
2024-07-11 13:55:00-04:00,60.44,60.58,60.44,60.54,37040.0,60.469,123
2024-07-11 14:00:00-04:00,60.57,60.57,60.49,60.5,4858.0,60.526,35
2024-07-11 14:05:00-04:00,60.51,60.56,60.49,60.5,5978.0,60.517,44
2024-07-11 14:10:00-04:00,60.5,60.55,60.49,60.54,6300.0,60.527,43
2024-07-11 14:15:00-04:00,60.55,60.55,60.53,60.54,4347.0,60.543,35
2024-07-11 14:20:00-04:00,60.53,60.53,60.45,60.51,7493.0,60.482,60
2024-07-11 14:25:00-04:00,60.52,60.52,60.47,60.48,8681.0,60.497,72
2024-07-11 14:30:00-04:00,60.49,60.54,60.47,60.53,23693.0,60.51,163
2024-07-11 14:35:00-04:00,60.54,60.56,60.49,60.53,9096.0,60.531,66
2024-07-11 14:40:00-04:00,60.53,60.59,60.51,60.59,14511.0,60.538,109
2024-07-11 14:45:00-04:00,60.6,60.65,60.6,60.65,12660.0,60.623,102
2024-07-11 14:50:00-04:00,60.65,60.68,60.65,60.67,15397.0,60.661,112
2024-07-11 14:55:00-04:00,60.67,60.69,60.55,60.65,45345.0,60.638,188
2024-07-11 15:00:00-04:00,60.65,60.77,60.64,60.76,20212.0,60.732,77
2024-07-11 15:05:00-04:00,60.77,60.87,60.7,60.83,43207.0,60.771,203
2024-07-11 15:10:00-04:00,60.82,60.84,60.76,60.77,25376.0,60.818,115
2024-07-11 15:15:00-04:00,60.78,60.82,60.74,60.81,16447.0,60.792,91
2024-07-11 15:20:00-04:00,60.81,60.87,60.8,60.82,13269.0,60.839,98
2024-07-11 15:25:00-04:00,60.81,60.89,60.79,60.8,18199.0,60.837,121
2024-07-11 15:30:00-04:00,60.8,60.81,60.7,60.71,21274.0,60.758,155
2024-07-11 15:35:00-04:00,60.71,60.71,60.52,60.57,31682.0,60.609,250
2024-07-11 15:40:00-04:00,60.56,60.61,60.51,60.53,44707.0,60.575,363
2024-07-11 15:45:00-04:00,60.53,60.56,60.47,60.49,37679.0,60.515,317
2024-07-11 15:50:00-04:00,60.49,60.56,60.45,60.46,61672.0,60.502,484
2024-07-11 15:55:00-04:00,60.46,60.52,60.44,60.5,149639.0,60.487,858
2024-07-12 09:30:00-04:00,61.05,61.23,60.84,61.07,26711.0,61.037,91
2024-07-12 09:35:00-04:00,61.07,61.26,61.06,61.16,5859.0,61.168,37
2024-07-12 09:40:00-04:00,61.07,61.15,61.06,61.12,7721.0,61.115,45
2024-07-12 09:45:00-04:00,61.12,61.13,61.07,61.1,4058.0,61.111,34
2024-07-12 09:50:00-04:00,61.09,61.11,60.88,60.98,8484.0,60.986,67
2024-07-12 09:55:00-04:00,60.98,61.0,60.95,60.95,3143.0,60.977,21
2024-07-12 10:00:00-04:00,60.95,60.97,60.88,60.96,6192.0,60.929,51
2024-07-12 10:05:00-04:00,60.97,61.12,60.97,61.06,9280.0,61.057,75
2024-07-12 10:10:00-04:00,61.02,61.04,60.99,61.04,4037.0,61.019,32
2024-07-12 10:15:00-04:00,61.05,61.09,61.03,61.08,4023.0,61.06,36
2024-07-12 10:20:00-04:00,61.08,61.27,61.07,61.22,9314.0,61.17,74
2024-07-12 10:25:00-04:00,61.2,61.33,61.12,61.32,7836.0,61.21,61
2024-07-12 10:30:00-04:00,61.32,61.35,61.27,61.3,12337.0,61.313,91
2024-07-12 10:35:00-04:00,61.29,61.32,61.27,61.29,8459.0,61.299,72
2024-07-12 10:40:00-04:00,61.3,61.34,61.22,61.31,8476.0,61.286,71
2024-07-12 10:45:00-04:00,61.31,61.31,61.14,61.15,11246.0,61.226,85
2024-07-12 10:50:00-04:00,61.19,61.21,61.13,61.14,6475.0,61.171,55
2024-07-12 10:55:00-04:00,61.14,61.19,61.12,61.19,15338.0,61.141,97
2024-07-12 11:00:00-04:00,61.2,61.29,61.19,61.27,17967.0,61.263,86
2024-07-12 11:05:00-04:00,61.27,61.37,61.26,61.35,7720.0,61.329,60
2024-07-12 11:10:00-04:00,61.35,61.43,61.34,61.42,5694.0,61.378,49
2024-07-12 11:15:00-04:00,61.43,61.48,61.41,61.47,8485.0,61.448,76
2024-07-12 11:20:00-04:00,61.48,61.48,61.39,61.41,4632.0,61.431,42
2024-07-12 11:25:00-04:00,61.4,61.41,61.31,61.35,10822.0,61.37,83
2024-07-12 11:30:00-04:00,61.35,61.37,61.33,61.35,11599.0,61.356,89
2024-07-12 11:35:00-04:00,61.35,61.35,61.28,61.3,6592.0,61.316,49
2024-07-12 11:40:00-04:00,61.3,61.35,61.3,61.34,5209.0,61.323,46
2024-07-12 11:45:00-04:00,61.34,61.39,61.28,61.3,10619.0,61.348,67
2024-07-12 11:50:00-04:00,61.31,61.38,61.29,61.35,7333.0,61.346,63
2024-07-12 11:55:00-04:00,61.35,61.38,61.34,61.34,6652.0,61.36,60
2024-07-12 12:00:00-04:00,61.33,61.33,61.22,61.25,11590.0,61.253,52
2024-07-12 12:05:00-04:00,61.25,61.29,61.23,61.29,6978.0,61.258,58
2024-07-12 12:10:00-04:00,61.3,61.37,61.27,61.27,12824.0,61.315,65
2024-07-12 12:15:00-04:00,61.27,61.28,61.22,61.28,11054.0,61.249,92
2024-07-12 12:20:00-04:00,61.28,61.28,61.16,61.16,28228.0,61.219,84
2024-07-12 12:25:00-04:00,61.17,61.17,61.1,61.13,23795.0,61.13,166
2024-07-12 12:30:00-04:00,61.13,61.15,61.09,61.14,11888.0,61.125,108
2024-07-12 12:35:00-04:00,61.14,61.14,60.88,60.95,68261.0,61.02,256
2024-07-12 12:40:00-04:00,60.96,60.96,60.85,60.85,11863.0,60.913,89
2024-07-12 12:45:00-04:00,60.83,60.88,60.8,60.8,19334.0,60.855,108
2024-07-12 12:50:00-04:00,60.8,60.87,60.79,60.82,17052.0,60.823,89
2024-07-12 12:55:00-04:00,60.82,60.84,60.67,60.67,47437.0,60.759,310
2024-07-12 13:00:00-04:00,60.66,60.68,60.52,60.59,38054.0,60.626,241
2024-07-12 13:05:00-04:00,60.59,60.73,60.59,60.67,24831.0,60.662,161
2024-07-12 13:10:00-04:00,60.67,60.76,60.66,60.68,12787.0,60.697,101
2024-07-12 13:15:00-04:00,60.7,60.7,60.57,60.62,18094.0,60.624,136
2024-07-12 13:20:00-04:00,60.62,60.68,60.54,60.64,25016.0,60.619,209
2024-07-12 13:25:00-04:00,60.63,60.63,60.46,60.52,44938.0,60.514,333
2024-07-12 13:30:00-04:00,60.52,60.77,60.51,60.74,41404.0,60.644,288
2024-07-12 13:35:00-04:00,60.73,60.73,60.55,60.65,57347.0,60.601,230
2024-07-12 13:40:00-04:00,60.65,60.65,60.38,60.49,79329.0,60.504,407
2024-07-12 13:45:00-04:00,60.51,60.58,60.48,60.56,20928.0,60.523,163
2024-07-12 13:50:00-04:00,60.56,60.58,60.45,60.5,26696.0,60.521,211
2024-07-12 13:55:00-04:00,60.51,60.66,60.51,60.58,19002.0,60.604,142
2024-07-12 14:00:00-04:00,60.58,60.67,60.54,60.66,17338.0,60.6,129
2024-07-12 14:05:00-04:00,60.66,60.76,60.65,60.75,18750.0,60.711,133
2024-07-12 14:10:00-04:00,60.76,60.79,60.73,60.77,11558.0,60.761,87
2024-07-12 14:15:00-04:00,60.77,60.86,60.77,60.86,8378.0,60.815,71
2024-07-12 14:20:00-04:00,60.86,60.95,60.85,60.93,13448.0,60.917,103
2024-07-12 14:25:00-04:00,60.92,60.97,60.9,60.97,9143.0,60.934,71
2024-07-12 14:30:00-04:00,60.97,60.97,60.92,60.94,10971.0,60.943,74
2024-07-12 14:35:00-04:00,60.94,60.94,60.87,60.91,15793.0,60.922,131
2024-07-12 14:40:00-04:00,60.92,60.97,60.9,60.95,10138.0,60.933,78
2024-07-12 14:45:00-04:00,60.95,61.01,60.95,61.0,7561.0,60.989,62
2024-07-12 14:50:00-04:00,61.0,61.0,60.96,60.97,7982.0,60.978,66
2024-07-12 14:55:00-04:00,60.98,61.02,60.91,60.91,19762.0,60.957,141
2024-07-12 15:00:00-04:00,60.91,61.0,60.85,60.99,13148.0,60.911,104
2024-07-12 15:05:00-04:00,60.99,60.99,60.94,60.97,8628.0,60.971,69
2024-07-12 15:10:00-04:00,60.97,60.97,60.76,60.77,38871.0,60.855,259
2024-07-12 15:15:00-04:00,60.77,60.84,60.76,60.81,13228.0,60.801,108
2024-07-12 15:20:00-04:00,60.8,60.84,60.75,60.83,17410.0,60.785,143
2024-07-12 15:25:00-04:00,60.83,60.89,60.83,60.86,17651.0,60.852,127
2024-07-12 15:30:00-04:00,60.86,60.87,60.76,60.83,20592.0,60.821,167
2024-07-12 15:35:00-04:00,60.82,60.93,60.81,60.87,29210.0,60.867,217
2024-07-12 15:40:00-04:00,60.86,60.88,60.66,60.69,36465.0,60.785,286
2024-07-12 15:45:00-04:00,60.7,60.77,60.68,60.69,32711.0,60.715,276
2024-07-12 15:50:00-04:00,60.7,60.76,60.67,60.72,45584.0,60.707,379
2024-07-12 15:55:00-04:00,60.72,60.84,60.71,60.82,205524.0,60.797,1280
2024-07-15 09:30:00-04:00,60.71,61.11,60.66,61.03,16316.0,60.737,38
2024-07-15 09:35:00-04:00,61.06,61.12,60.8,60.96,7487.0,61.014,63
2024-07-15 09:40:00-04:00,60.95,61.02,60.91,60.94,8685.0,60.955,78
2024-07-15 09:45:00-04:00,60.98,61.02,60.87,60.99,5626.0,60.944,47
2024-07-15 09:50:00-04:00,60.97,61.16,60.96,61.15,14168.0,61.074,100
2024-07-15 09:55:00-04:00,61.13,61.16,61.07,61.14,4007.0,61.129,33
2024-07-15 10:00:00-04:00,61.13,61.27,61.09,61.24,10163.0,61.16,82
2024-07-15 10:05:00-04:00,61.24,61.24,61.1,61.23,9884.0,61.155,72
2024-07-15 10:10:00-04:00,61.24,61.27,61.18,61.2,6273.0,61.225,48
2024-07-15 10:15:00-04:00,61.23,61.27,61.17,61.22,9392.0,61.225,76
2024-07-15 10:20:00-04:00,61.23,61.27,61.21,61.26,6263.0,61.241,55
2024-07-15 10:25:00-04:00,61.23,61.24,61.11,61.15,9504.0,61.173,85
2024-07-15 10:30:00-04:00,61.16,61.35,61.15,61.32,13144.0,61.244,108
2024-07-15 10:35:00-04:00,61.3,61.42,61.3,61.37,14545.0,61.365,114
2024-07-15 10:40:00-04:00,61.39,61.43,61.33,61.39,9440.0,61.379,80
2024-07-15 10:45:00-04:00,61.39,61.43,61.35,61.37,15291.0,61.395,126
2024-07-15 10:50:00-04:00,61.35,61.43,61.21,61.41,9775.0,61.318,81
2024-07-15 10:55:00-04:00,61.39,61.4,61.19,61.28,12632.0,61.299,106
2024-07-15 11:00:00-04:00,61.28,61.41,61.28,61.37,13577.0,61.36,66
2024-07-15 11:05:00-04:00,61.39,61.41,61.19,61.19,21208.0,61.315,130
2024-07-15 11:10:00-04:00,61.21,61.29,61.18,61.25,11429.0,61.221,61
2024-07-15 11:15:00-04:00,61.24,61.28,61.16,61.28,14861.0,61.194,92
2024-07-15 11:20:00-04:00,61.27,61.36,61.27,61.34,9366.0,61.313,63
2024-07-15 11:25:00-04:00,61.35,61.38,61.28,61.38,8547.0,61.327,57
2024-07-15 11:30:00-04:00,61.38,61.64,61.36,61.63,13525.0,61.542,102
2024-07-15 11:35:00-04:00,61.62,61.63,61.52,61.61,17825.0,61.565,122
2024-07-15 11:40:00-04:00,61.6,61.69,61.59,61.66,12456.0,61.644,98
2024-07-15 11:45:00-04:00,61.64,61.71,61.6,61.64,7179.0,61.66,57
2024-07-15 11:50:00-04:00,61.62,61.72,61.62,61.66,6120.0,61.664,50
2024-07-15 11:55:00-04:00,61.66,61.68,61.63,61.63,5275.0,61.662,45
2024-07-15 12:00:00-04:00,61.63,61.63,61.46,61.46,10938.0,61.561,74
2024-07-15 12:05:00-04:00,61.44,61.49,61.41,61.48,7386.0,61.446,66
2024-07-15 12:10:00-04:00,61.5,61.52,61.46,61.52,7230.0,61.494,54
2024-07-15 12:15:00-04:00,61.49,61.49,61.44,61.47,3741.0,61.456,29
2024-07-15 12:20:00-04:00,61.49,61.57,61.46,61.57,12597.0,61.506,76
2024-07-15 12:25:00-04:00,61.55,61.56,61.47,61.48,9177.0,61.523,72
2024-07-15 12:30:00-04:00,61.46,61.48,61.45,61.48,4579.0,61.465,35
2024-07-15 12:35:00-04:00,61.48,61.55,61.48,61.53,6226.0,61.521,52
2024-07-15 12:40:00-04:00,61.53,61.54,61.48,61.51,6849.0,61.511,57
2024-07-15 12:45:00-04:00,61.49,61.5,61.45,61.47,5474.0,61.481,42
2024-07-15 12:50:00-04:00,61.48,61.48,61.43,61.45,8045.0,61.456,74
2024-07-15 12:55:00-04:00,61.46,61.46,61.39,61.4,5665.0,61.426,44
2024-07-15 13:00:00-04:00,61.4,61.4,61.36,61.37,7174.0,61.377,66
2024-07-15 13:05:00-04:00,61.36,61.41,61.36,61.4,5714.0,61.39,49
2024-07-15 13:10:00-04:00,61.39,61.4,61.33,61.35,4626.0,61.364,39
2024-07-15 13:15:00-04:00,61.33,61.45,61.33,61.44,8847.0,61.381,78
2024-07-15 13:20:00-04:00,61.43,61.43,61.37,61.4,7328.0,61.401,47
2024-07-15 13:25:00-04:00,61.42,61.42,61.3,61.3,9020.0,61.361,68
2024-07-15 13:30:00-04:00,61.3,61.31,61.26,61.26,6786.0,61.287,61
2024-07-15 13:35:00-04:00,61.28,61.31,61.25,61.26,7200.0,61.279,60
2024-07-15 13:40:00-04:00,61.28,61.33,61.24,61.24,15639.0,61.291,128
2024-07-15 13:45:00-04:00,61.24,61.28,61.19,61.19,6347.0,61.234,54
2024-07-15 13:50:00-04:00,61.2,61.3,61.18,61.29,9882.0,61.257,91
2024-07-15 13:55:00-04:00,61.3,61.32,61.23,61.23,7774.0,61.293,61
2024-07-15 14:00:00-04:00,61.23,61.27,61.2,61.27,9103.0,61.229,76
2024-07-15 14:05:00-04:00,61.27,61.28,61.2,61.23,5765.0,61.227,49
2024-07-15 14:10:00-04:00,61.23,61.26,61.2,61.21,5137.0,61.233,44
2024-07-15 14:15:00-04:00,61.21,61.29,61.19,61.27,8037.0,61.229,58
2024-07-15 14:20:00-04:00,61.27,61.28,61.25,61.28,4082.0,61.264,34
2024-07-15 14:25:00-04:00,61.27,61.31,61.25,61.29,6046.0,61.267,49
2024-07-15 14:30:00-04:00,61.29,61.31,61.27,61.28,5521.0,61.289,52
2024-07-15 14:35:00-04:00,61.29,61.31,61.27,61.27,6451.0,61.289,53
2024-07-15 14:40:00-04:00,61.27,61.31,61.25,61.27,10497.0,61.291,72
2024-07-15 14:45:00-04:00,61.27,61.27,61.2,61.21,10463.0,61.231,82
2024-07-15 14:50:00-04:00,61.2,61.23,61.15,61.16,22248.0,61.189,134
2024-07-15 14:55:00-04:00,61.16,61.24,61.16,61.23,20715.0,61.2,146
2024-07-15 15:00:00-04:00,61.23,61.25,61.2,61.24,8789.0,61.233,61
2024-07-15 15:05:00-04:00,61.24,61.24,61.19,61.2,11476.0,61.218,91
2024-07-15 15:10:00-04:00,61.2,61.21,61.17,61.2,14978.0,61.188,105
2024-07-15 15:15:00-04:00,61.2,61.23,61.14,61.2,18696.0,61.188,134
2024-07-15 15:20:00-04:00,61.21,61.25,61.19,61.25,9338.0,61.211,80
2024-07-15 15:25:00-04:00,61.25,61.26,61.19,61.2,9373.0,61.225,72
2024-07-15 15:30:00-04:00,61.2,61.26,61.2,61.26,12034.0,61.246,98
2024-07-15 15:35:00-04:00,61.27,61.31,61.26,61.26,14514.0,61.282,109
2024-07-15 15:40:00-04:00,61.25,61.27,61.13,61.15,23024.0,61.231,183
2024-07-15 15:45:00-04:00,61.14,61.19,61.11,61.13,20676.0,61.147,160
2024-07-15 15:50:00-04:00,61.1,61.11,61.0,61.05,50648.0,61.048,329
2024-07-15 15:55:00-04:00,61.06,61.14,61.02,61.14,119883.0,61.057,692
2024-07-16 09:30:00-04:00,61.15,61.46,61.15,61.33,10659.0,61.215,22
2024-07-16 09:35:00-04:00,61.31,61.32,61.0,61.0,5305.0,61.17,27
2024-07-16 09:40:00-04:00,61.08,61.37,61.07,61.37,3314.0,61.256,29
2024-07-16 09:45:00-04:00,61.44,61.67,61.41,61.63,2542.0,61.519,21
2024-07-16 09:50:00-04:00,61.63,61.68,61.62,61.64,4132.0,61.648,34
2024-07-16 09:55:00-04:00,61.64,61.83,61.64,61.83,3163.0,61.758,26
2024-07-16 10:00:00-04:00,61.83,61.95,61.8,61.89,5616.0,61.878,36
2024-07-16 10:05:00-04:00,61.89,61.89,61.56,61.59,5686.0,61.745,48
2024-07-16 10:10:00-04:00,61.59,61.67,61.54,61.65,6963.0,61.615,60
2024-07-16 10:15:00-04:00,61.66,61.66,61.56,61.57,4681.0,61.604,39
2024-07-16 10:20:00-04:00,61.57,61.6,61.53,61.59,2182.0,61.561,18
2024-07-16 10:25:00-04:00,61.55,61.61,61.47,61.5,4669.0,61.557,37
2024-07-16 10:30:00-04:00,61.48,61.53,61.38,61.38,6085.0,61.456,52
2024-07-16 10:35:00-04:00,61.38,61.4,61.15,61.16,15515.0,61.286,99
2024-07-16 10:40:00-04:00,61.17,61.25,61.17,61.21,4833.0,61.213,45
2024-07-16 10:45:00-04:00,61.18,61.26,61.18,61.21,3253.0,61.227,27
2024-07-16 10:50:00-04:00,61.2,61.29,61.2,61.29,2236.0,61.261,21
2024-07-16 10:55:00-04:00,61.29,61.29,61.14,61.15,10713.0,61.221,68
2024-07-16 11:00:00-04:00,61.14,61.2,61.08,61.18,6418.0,61.126,56
2024-07-16 11:05:00-04:00,61.18,61.26,61.17,61.24,2996.0,61.208,27
2024-07-16 11:10:00-04:00,61.25,61.35,61.17,61.24,12063.0,61.25,80
2024-07-16 11:15:00-04:00,61.19,61.28,61.17,61.28,6854.0,61.213,48
2024-07-16 11:20:00-04:00,61.27,61.3,61.26,61.28,5109.0,61.284,37
2024-07-16 11:25:00-04:00,61.29,61.33,61.26,61.32,10779.0,61.295,79
2024-07-16 11:30:00-04:00,61.33,61.37,61.3,61.35,7540.0,61.332,53
2024-07-16 11:35:00-04:00,61.35,61.55,61.35,61.55,11567.0,61.439,86
2024-07-16 11:40:00-04:00,61.53,61.58,61.5,61.57,6079.0,61.531,38
2024-07-16 11:45:00-04:00,61.58,61.71,61.57,61.71,4729.0,61.631,34
2024-07-16 11:50:00-04:00,61.73,61.75,61.68,61.75,6579.0,61.726,47
2024-07-16 11:55:00-04:00,61.74,61.74,61.69,61.71,5372.0,61.721,40
2024-07-16 12:00:00-04:00,61.73,61.73,61.61,61.66,14943.0,61.662,74
2024-07-16 12:05:00-04:00,61.66,61.76,61.64,61.73,9232.0,61.741,37
2024-07-16 12:10:00-04:00,61.75,61.78,61.72,61.73,9285.0,61.748,68
2024-07-16 12:15:00-04:00,61.74,61.75,61.71,61.71,8481.0,61.731,65
2024-07-16 12:20:00-04:00,61.74,61.78,61.73,61.78,4978.0,61.756,42
2024-07-16 12:25:00-04:00,61.74,61.74,61.65,61.72,7123.0,61.706,50
2024-07-16 12:30:00-04:00,61.73,61.77,61.71,61.77,4873.0,61.745,30
2024-07-16 12:35:00-04:00,61.78,61.8,61.77,61.78,4518.0,61.791,21
2024-07-16 12:40:00-04:00,61.79,61.81,61.75,61.75,5757.0,61.781,42
2024-07-16 12:45:00-04:00,61.74,61.82,61.73,61.8,5060.0,61.781,43
2024-07-16 12:50:00-04:00,61.77,61.78,61.74,61.76,3630.0,61.752,29
2024-07-16 12:55:00-04:00,61.75,61.77,61.72,61.73,4595.0,61.756,40
2024-07-16 13:00:00-04:00,61.71,61.74,61.7,61.7,3796.0,61.721,32
2024-07-16 13:05:00-04:00,61.7,61.73,61.62,61.73,4698.0,61.687,38
2024-07-16 13:10:00-04:00,61.73,61.74,61.71,61.73,3234.0,61.724,24
2024-07-16 13:15:00-04:00,61.73,61.74,61.67,61.72,3885.0,61.705,25
2024-07-16 13:20:00-04:00,61.72,61.72,61.69,61.7,2085.0,61.711,19
2024-07-16 13:25:00-04:00,61.7,61.73,61.69,61.73,2789.0,61.706,22
2024-07-16 13:30:00-04:00,61.71,61.75,61.71,61.73,2710.0,61.735,23
2024-07-16 13:35:00-04:00,61.74,61.74,61.71,61.74,2169.0,61.726,18
2024-07-16 13:40:00-04:00,61.72,61.75,61.71,61.75,2575.0,61.728,18
2024-07-16 13:45:00-04:00,61.79,61.85,61.79,61.84,2263.0,61.828,20
2024-07-16 13:50:00-04:00,61.85,61.85,61.81,61.85,3947.0,61.833,30
2024-07-16 13:55:00-04:00,61.84,61.88,61.84,61.87,2108.0,61.865,15
2024-07-16 14:00:00-04:00,61.85,61.96,61.85,61.94,5901.0,61.904,40
2024-07-16 14:05:00-04:00,61.95,61.97,61.92,61.95,3251.0,61.949,25
2024-07-16 14:10:00-04:00,61.95,62.01,61.93,61.97,4102.0,61.977,34
2024-07-16 14:15:00-04:00,61.96,61.96,61.87,61.91,6284.0,61.921,43
2024-07-16 14:20:00-04:00,61.91,61.97,61.91,61.93,3082.0,61.938,29
2024-07-16 14:25:00-04:00,61.93,61.96,61.92,61.94,3518.0,61.944,28
2024-07-16 14:30:00-04:00,61.94,61.96,61.94,61.96,4321.0,61.952,33
2024-07-16 14:35:00-04:00,61.97,62.05,61.97,62.04,3299.0,62.012,24
2024-07-16 14:40:00-04:00,62.05,62.05,61.99,62.03,5396.0,62.022,38
2024-07-16 14:45:00-04:00,62.02,62.02,61.97,62.01,6083.0,61.996,44
2024-07-16 14:50:00-04:00,62.0,62.04,62.0,62.04,2722.0,62.008,22
2024-07-16 14:55:00-04:00,62.05,62.05,62.0,62.01,3959.0,62.022,37
2024-07-16 15:00:00-04:00,62.01,62.01,61.95,61.97,4457.0,61.972,33
2024-07-16 15:05:00-04:00,61.97,62.03,61.97,62.03,5931.0,61.991,47
2024-07-16 15:10:00-04:00,62.03,62.11,62.03,62.08,5435.0,62.076,41
2024-07-16 15:15:00-04:00,62.08,62.08,62.02,62.04,4784.0,62.056,39
2024-07-16 15:20:00-04:00,62.05,62.1,62.03,62.08,3456.0,62.056,31
2024-07-16 15:25:00-04:00,62.09,62.12,62.07,62.12,2741.0,62.086,21
2024-07-16 15:30:00-04:00,62.11,62.17,62.11,62.15,4686.0,62.144,44
2024-07-16 15:35:00-04:00,62.13,62.22,62.13,62.17,11092.0,62.179,68
2024-07-16 15:40:00-04:00,62.16,62.2,62.11,62.15,11445.0,62.151,83
2024-07-16 15:45:00-04:00,62.14,62.2,62.12,62.12,21338.0,62.157,181
2024-07-16 15:50:00-04:00,62.11,62.21,62.1,62.14,25644.0,62.152,200
2024-07-16 15:55:00-04:00,62.15,62.18,62.05,62.11,62033.0,62.114,339
2024-07-17 09:30:00-04:00,61.56,61.86,61.37,61.74,16567.0,61.596,36
2024-07-17 09:35:00-04:00,61.75,61.89,61.74,61.79,4999.0,61.816,35
2024-07-17 09:40:00-04:00,61.8,61.95,61.74,61.95,6167.0,61.843,50
2024-07-17 09:45:00-04:00,61.97,62.15,61.97,62.12,3227.0,62.083,29
2024-07-17 09:50:00-04:00,62.12,62.26,62.02,62.14,10041.0,62.14,77
2024-07-17 09:55:00-04:00,62.15,62.47,62.14,62.42,16048.0,62.325,109
2024-07-17 10:00:00-04:00,62.41,62.58,62.23,62.49,17571.0,62.454,103
2024-07-17 10:05:00-04:00,62.47,62.48,62.4,62.41,8391.0,62.44,70
2024-07-17 10:10:00-04:00,62.39,62.64,62.36,62.62,8143.0,62.525,65
2024-07-17 10:15:00-04:00,62.59,62.6,62.54,62.6,4827.0,62.578,43
2024-07-17 10:20:00-04:00,62.59,62.62,62.46,62.47,15676.0,62.549,107
2024-07-17 10:25:00-04:00,62.47,62.49,62.31,62.38,8607.0,62.426,69
2024-07-17 10:30:00-04:00,62.36,62.44,62.35,62.43,4963.0,62.406,38
2024-07-17 10:35:00-04:00,62.42,62.44,62.32,62.35,10525.0,62.378,77
2024-07-17 10:40:00-04:00,62.36,62.41,62.29,62.32,9294.0,62.356,73
2024-07-17 10:45:00-04:00,62.33,62.43,62.33,62.41,4680.0,62.373,38
2024-07-17 10:50:00-04:00,62.43,62.56,62.41,62.48,9893.0,62.478,79
2024-07-17 10:55:00-04:00,62.46,62.49,62.41,62.41,7546.0,62.457,64
2024-07-17 11:00:00-04:00,62.39,62.45,62.34,62.34,9466.0,62.404,78
2024-07-17 11:05:00-04:00,62.38,62.51,62.38,62.51,16195.0,62.456,90
2024-07-17 11:10:00-04:00,62.53,62.54,62.49,62.53,9115.0,62.523,69
2024-07-17 11:15:00-04:00,62.53,62.54,62.42,62.54,7328.0,62.501,66
2024-07-17 11:20:00-04:00,62.54,62.57,62.51,62.56,13547.0,62.535,120
2024-07-17 11:25:00-04:00,62.56,62.59,62.49,62.49,9849.0,62.55,83
2024-07-17 11:30:00-04:00,62.47,62.51,62.45,62.47,5764.0,62.474,42
2024-07-17 11:35:00-04:00,62.47,62.51,62.41,62.47,7161.0,62.465,60
2024-07-17 11:40:00-04:00,62.48,62.5,62.43,62.45,7154.0,62.469,59
2024-07-17 11:45:00-04:00,62.45,62.45,62.39,62.39,4164.0,62.423,39
2024-07-17 11:50:00-04:00,62.4,62.41,62.37,62.41,4823.0,62.397,37
2024-07-17 11:55:00-04:00,62.42,62.45,62.4,62.44,8510.0,62.429,61
2024-07-17 12:00:00-04:00,62.44,62.44,62.34,62.34,6119.0,62.399,43
2024-07-17 12:05:00-04:00,62.34,62.35,62.22,62.22,10680.0,62.276,57
2024-07-17 12:10:00-04:00,62.25,62.3,62.24,62.24,4289.0,62.269,34
2024-07-17 12:15:00-04:00,62.24,62.31,62.24,62.31,5301.0,62.283,44
2024-07-17 12:20:00-04:00,62.31,62.32,62.25,62.25,4192.0,62.296,36
2024-07-17 12:25:00-04:00,62.24,62.29,62.22,62.24,12101.0,62.25,89
2024-07-17 12:30:00-04:00,62.23,62.29,62.22,62.22,7777.0,62.264,68
2024-07-17 12:35:00-04:00,62.21,62.21,62.11,62.11,2476.0,62.169,22
2024-07-17 12:40:00-04:00,62.1,62.17,62.1,62.17,2872.0,62.128,19
2024-07-17 12:45:00-04:00,62.17,62.27,62.17,62.27,8660.0,62.219,66
2024-07-17 12:50:00-04:00,62.27,62.27,62.2,62.24,4191.0,62.23,40
2024-07-17 12:55:00-04:00,62.25,62.32,62.25,62.31,6154.0,62.287,49
2024-07-17 13:00:00-04:00,62.3,62.33,62.28,62.32,4768.0,62.32,36
2024-07-17 13:05:00-04:00,62.32,62.37,62.3,62.36,4829.0,62.322,38
2024-07-17 13:10:00-04:00,62.36,62.36,62.31,62.32,5295.0,62.34,42
2024-07-17 13:15:00-04:00,62.31,62.31,62.25,62.25,5731.0,62.278,49
2024-07-17 13:20:00-04:00,62.25,62.26,62.23,62.25,3873.0,62.248,33
2024-07-17 13:25:00-04:00,62.24,62.3,62.24,62.26,7315.0,62.275,67
2024-07-17 13:30:00-04:00,62.25,62.25,62.19,62.2,4845.0,62.226,43
2024-07-17 13:35:00-04:00,62.18,62.19,62.17,62.18,2501.0,62.18,22
2024-07-17 13:40:00-04:00,62.17,62.21,62.15,62.21,5338.0,62.186,48
2024-07-17 13:45:00-04:00,62.22,62.24,62.18,62.19,3059.0,62.225,28
2024-07-17 13:50:00-04:00,62.19,62.19,62.14,62.15,3050.0,62.162,29
2024-07-17 13:55:00-04:00,62.14,62.2,62.14,62.17,3639.0,62.174,27
2024-07-17 14:00:00-04:00,62.17,62.2,62.14,62.14,3291.0,62.169,30
2024-07-17 14:05:00-04:00,62.13,62.17,62.08,62.17,5608.0,62.118,30
2024-07-17 14:10:00-04:00,62.18,62.2,62.17,62.19,5162.0,62.182,42
2024-07-17 14:15:00-04:00,62.19,62.27,62.18,62.27,5277.0,62.226,40
2024-07-17 14:20:00-04:00,62.28,62.33,62.27,62.33,9215.0,62.316,80
2024-07-17 14:25:00-04:00,62.33,62.4,62.33,62.4,3660.0,62.366,32
2024-07-17 14:30:00-04:00,62.38,62.45,62.37,62.45,7706.0,62.385,58
2024-07-17 14:35:00-04:00,62.45,62.48,62.43,62.46,7653.0,62.45,59
2024-07-17 14:40:00-04:00,62.46,62.47,62.43,62.43,8321.0,62.458,67
2024-07-17 14:45:00-04:00,62.44,62.51,62.37,62.4,15640.0,62.438,117
2024-07-17 14:50:00-04:00,62.4,62.41,62.3,62.33,7563.0,62.36,63
2024-07-17 14:55:00-04:00,62.33,62.4,62.32,62.4,13359.0,62.345,109
2024-07-17 15:00:00-04:00,62.39,62.39,62.33,62.35,9671.0,62.358,83
2024-07-17 15:05:00-04:00,62.34,62.37,62.29,62.37,20243.0,62.337,123
2024-07-17 15:10:00-04:00,62.36,62.38,62.32,62.32,14606.0,62.352,87
2024-07-17 15:15:00-04:00,62.3,62.33,62.24,62.31,11460.0,62.28,72
2024-07-17 15:20:00-04:00,62.32,62.32,62.22,62.29,9984.0,62.277,84
2024-07-17 15:25:00-04:00,62.3,62.33,62.27,62.27,8990.0,62.298,81
2024-07-17 15:30:00-04:00,62.27,62.33,62.24,62.29,13046.0,62.279,107
2024-07-17 15:35:00-04:00,62.3,62.33,62.18,62.19,12627.0,62.243,87
2024-07-17 15:40:00-04:00,62.19,62.19,62.09,62.1,19727.0,62.165,148
2024-07-17 15:45:00-04:00,62.1,62.12,62.05,62.05,14938.0,62.075,123
2024-07-17 15:50:00-04:00,62.06,62.09,61.98,62.02,30616.0,62.02,206
2024-07-17 15:55:00-04:00,62.01,62.02,61.88,61.92,87566.0,61.921,523
2024-07-18 09:30:00-04:00,61.53,61.96,61.53,61.78,19998.0,61.665,28
2024-07-18 09:35:00-04:00,61.91,62.25,61.91,62.23,3200.0,62.136,23
2024-07-18 09:40:00-04:00,62.21,62.29,62.18,62.25,3000.0,62.237,22
2024-07-18 09:45:00-04:00,62.27,62.37,62.19,62.23,8975.0,62.254,53
2024-07-18 09:50:00-04:00,62.23,62.35,62.13,62.33,9245.0,62.26,61
2024-07-18 09:55:00-04:00,62.3,62.56,62.26,62.56,3180.0,62.423,25
2024-07-18 10:00:00-04:00,62.54,62.8,62.54,62.61,7139.0,62.673,56
2024-07-18 10:05:00-04:00,62.57,62.61,62.42,62.42,3580.0,62.508,30
2024-07-18 10:10:00-04:00,62.41,62.48,62.41,62.45,3980.0,62.449,35
2024-07-18 10:15:00-04:00,62.44,62.52,62.44,62.45,9405.0,62.477,58
2024-07-18 10:20:00-04:00,62.52,62.55,62.44,62.51,4926.0,62.52,35
2024-07-18 10:25:00-04:00,62.51,62.6,62.47,62.52,8743.0,62.527,66
2024-07-18 10:30:00-04:00,62.54,62.57,62.4,62.41,4694.0,62.518,42
2024-07-18 10:35:00-04:00,62.43,62.49,62.39,62.49,15695.0,62.434,60
2024-07-18 10:40:00-04:00,62.5,62.56,62.43,62.53,13221.0,62.462,46
2024-07-18 10:45:00-04:00,62.54,62.61,62.5,62.53,5548.0,62.561,39
2024-07-18 10:50:00-04:00,62.54,62.6,62.5,62.6,3418.0,62.551,28
2024-07-18 10:55:00-04:00,62.66,62.68,62.52,62.52,4096.0,62.625,33
2024-07-18 11:00:00-04:00,62.57,62.65,62.55,62.63,3622.0,62.621,30
2024-07-18 11:05:00-04:00,62.64,62.66,62.57,62.58,5428.0,62.602,37
2024-07-18 11:10:00-04:00,62.58,62.61,62.54,62.55,9871.0,62.585,48
2024-07-18 11:15:00-04:00,62.53,62.59,62.43,62.43,5627.0,62.538,47
2024-07-18 11:20:00-04:00,62.43,62.52,62.4,62.51,4412.0,62.466,38
2024-07-18 11:25:00-04:00,62.49,62.58,62.42,62.57,3959.0,62.522,27
2024-07-18 11:30:00-04:00,62.6,62.66,62.57,62.58,3859.0,62.603,33
2024-07-18 11:35:00-04:00,62.58,62.59,62.5,62.51,4460.0,62.54,34
2024-07-18 11:40:00-04:00,62.5,62.53,62.49,62.5,4555.0,62.509,38
2024-07-18 11:45:00-04:00,62.5,62.51,62.37,62.38,2906.0,62.458,25
2024-07-18 11:50:00-04:00,62.38,62.38,62.27,62.29,2985.0,62.337,25
2024-07-18 11:55:00-04:00,62.27,62.3,62.23,62.3,3920.0,62.259,31
2024-07-18 12:00:00-04:00,62.3,62.35,62.27,62.32,10697.0,62.301,50
2024-07-18 12:05:00-04:00,62.31,62.37,62.31,62.36,4129.0,62.348,32
2024-07-18 12:10:00-04:00,62.35,62.37,62.28,62.28,4668.0,62.329,25
2024-07-18 12:15:00-04:00,62.27,62.29,62.2,62.22,2832.0,62.247,20
2024-07-18 12:20:00-04:00,62.23,62.41,62.23,62.31,9659.0,62.322,76
2024-07-18 12:25:00-04:00,62.3,62.3,62.16,62.16,3523.0,62.233,27
2024-07-18 12:30:00-04:00,62.17,62.24,62.15,62.24,2127.0,62.199,16
2024-07-18 12:35:00-04:00,62.21,62.22,62.19,62.21,3456.0,62.203,20
2024-07-18 12:40:00-04:00,62.17,62.18,62.13,62.15,2633.0,62.163,22
2024-07-18 12:45:00-04:00,62.16,62.26,62.15,62.23,3583.0,62.195,32
2024-07-18 12:50:00-04:00,62.24,62.3,62.24,62.3,1827.0,62.283,17
2024-07-18 12:55:00-04:00,62.3,62.36,62.29,62.36,1298.0,62.331,12
2024-07-18 13:00:00-04:00,62.36,62.38,62.34,62.35,2918.0,62.359,22
2024-07-18 13:05:00-04:00,62.37,62.38,62.34,62.37,2755.0,62.365,23
2024-07-18 13:10:00-04:00,62.37,62.37,62.32,62.32,2152.0,62.344,17
2024-07-18 13:15:00-04:00,62.32,62.35,62.27,62.28,4932.0,62.314,40
2024-07-18 13:20:00-04:00,62.26,62.27,62.15,62.15,5278.0,62.212,45
2024-07-18 13:25:00-04:00,62.15,62.19,62.14,62.15,2765.0,62.16,24
2024-07-18 13:30:00-04:00,62.17,62.19,62.13,62.17,5761.0,62.161,41
2024-07-18 13:35:00-04:00,62.16,62.24,62.13,62.21,5047.0,62.162,36
2024-07-18 13:40:00-04:00,62.23,62.24,62.22,62.22,1979.0,62.225,17
2024-07-18 13:45:00-04:00,62.23,62.23,62.17,62.2,4726.0,62.206,40
2024-07-18 13:50:00-04:00,62.18,62.18,62.12,62.13,3705.0,62.153,32
2024-07-18 13:55:00-04:00,62.13,62.13,62.04,62.08,8807.0,62.069,43
2024-07-18 14:00:00-04:00,62.09,62.09,62.02,62.04,3483.0,62.047,33
2024-07-18 14:05:00-04:00,62.04,62.04,61.94,61.94,9907.0,61.974,72
2024-07-18 14:10:00-04:00,61.94,61.96,61.89,61.95,16735.0,61.939,65
2024-07-18 14:15:00-04:00,61.96,61.97,61.93,61.94,5007.0,61.953,37
2024-07-18 14:20:00-04:00,61.96,62.0,61.96,62.0,4517.0,61.972,43
2024-07-18 14:25:00-04:00,62.0,62.03,61.95,61.95,4600.0,61.997,41
2024-07-18 14:30:00-04:00,61.95,62.01,61.94,62.01,4746.0,61.971,37
2024-07-18 14:35:00-04:00,62.01,62.02,61.83,61.84,11253.0,61.917,79
2024-07-18 14:40:00-04:00,61.81,61.85,61.77,61.78,7349.0,61.803,58
2024-07-18 14:45:00-04:00,61.78,61.87,61.76,61.83,8319.0,61.821,63
2024-07-18 14:50:00-04:00,61.83,61.85,61.78,61.81,6273.0,61.821,55
2024-07-18 14:55:00-04:00,61.81,61.86,61.81,61.82,8428.0,61.834,65
2024-07-18 15:00:00-04:00,61.82,61.87,61.78,61.82,6726.0,61.837,58
2024-07-18 15:05:00-04:00,61.82,61.82,61.75,61.75,7372.0,61.782,55
2024-07-18 15:10:00-04:00,61.75,61.75,61.62,61.63,9565.0,61.674,82
2024-07-18 15:15:00-04:00,61.65,61.7,61.63,61.63,9787.0,61.668,77
2024-07-18 15:20:00-04:00,61.62,61.62,61.58,61.58,8931.0,61.599,73
2024-07-18 15:25:00-04:00,61.56,61.73,61.56,61.7,19558.0,61.661,162
2024-07-18 15:30:00-04:00,61.7,61.77,61.69,61.71,17395.0,61.727,111
2024-07-18 15:35:00-04:00,61.71,61.77,61.71,61.75,22534.0,61.749,157
2024-07-18 15:40:00-04:00,61.76,61.79,61.72,61.75,22606.0,61.759,176
2024-07-18 15:45:00-04:00,61.75,61.77,61.61,61.77,22062.0,61.668,165
2024-07-18 15:50:00-04:00,61.72,61.72,61.61,61.61,22705.0,61.649,182
2024-07-18 15:55:00-04:00,61.61,61.77,61.6,61.71,57700.0,61.705,363
2024-07-19 09:30:00-04:00,61.72,61.72,61.03,61.03,84134.0,61.69,39
2024-07-19 09:35:00-04:00,61.05,61.41,61.05,61.34,4630.0,61.32,38
2024-07-19 09:40:00-04:00,61.32,61.49,61.31,61.46,5546.0,61.414,48
2024-07-19 09:45:00-04:00,61.42,61.42,61.31,61.4,4695.0,61.384,38
2024-07-19 09:50:00-04:00,61.4,61.4,61.1,61.15,9590.0,61.235,71
2024-07-19 09:55:00-04:00,61.16,61.27,61.16,61.25,3965.0,61.204,26
2024-07-19 10:00:00-04:00,61.26,61.26,61.14,61.17,7279.0,61.186,57
2024-07-19 10:05:00-04:00,61.15,61.29,61.12,61.27,6475.0,61.219,53
2024-07-19 10:10:00-04:00,61.31,61.38,61.27,61.3,4468.0,61.321,33
2024-07-19 10:15:00-04:00,61.27,61.27,61.18,61.2,7221.0,61.221,59
2024-07-19 10:20:00-04:00,61.19,61.21,61.16,61.17,3633.0,61.187,28
2024-07-19 10:25:00-04:00,61.16,61.17,61.1,61.16,5346.0,61.132,30
2024-07-19 10:30:00-04:00,61.15,61.32,61.15,61.26,5263.0,61.259,40
2024-07-19 10:35:00-04:00,61.23,61.24,61.11,61.15,7065.0,61.151,58
2024-07-19 10:40:00-04:00,61.14,61.15,61.02,61.08,10617.0,61.088,84
2024-07-19 10:45:00-04:00,61.08,61.12,60.93,60.95,5970.0,61.037,43
2024-07-19 10:50:00-04:00,60.9,60.98,60.86,60.98,8060.0,60.916,48
2024-07-19 10:55:00-04:00,60.93,60.93,60.82,60.88,4754.0,60.875,41
2024-07-19 11:00:00-04:00,60.86,60.92,60.83,60.84,8801.0,60.881,74
2024-07-19 11:05:00-04:00,60.82,60.85,60.78,60.83,7744.0,60.808,55
2024-07-19 11:10:00-04:00,60.85,60.87,60.73,60.79,9922.0,60.817,60
2024-07-19 11:15:00-04:00,60.79,60.88,60.78,60.87,5590.0,60.816,41
2024-07-19 11:20:00-04:00,60.87,60.9,60.81,60.82,7249.0,60.857,62
2024-07-19 11:25:00-04:00,60.81,60.83,60.75,60.83,8156.0,60.786,56
2024-07-19 11:30:00-04:00,60.82,60.86,60.78,60.86,5183.0,60.82,44
2024-07-19 11:35:00-04:00,60.86,60.9,60.81,60.84,11076.0,60.855,77
2024-07-19 11:40:00-04:00,60.85,60.86,60.74,60.75,6500.0,60.814,56
2024-07-19 11:45:00-04:00,60.76,60.83,60.7,60.76,13848.0,60.73,81
2024-07-19 11:50:00-04:00,60.77,60.85,60.75,60.8,5697.0,60.812,51
2024-07-19 11:55:00-04:00,60.8,60.95,60.76,60.92,23551.0,60.834,163
2024-07-19 12:00:00-04:00,60.88,60.92,60.84,60.88,5736.0,60.863,42
2024-07-19 12:05:00-04:00,60.87,61.04,60.86,61.04,23069.0,60.924,124
2024-07-19 12:10:00-04:00,61.08,61.17,61.06,61.16,12333.0,61.112,100
2024-07-19 12:15:00-04:00,61.17,61.36,61.04,61.04,13898.0,61.22,117
2024-07-19 12:20:00-04:00,61.02,61.03,60.92,60.97,4050.0,60.972,36
2024-07-19 12:25:00-04:00,60.93,60.98,60.85,60.87,8908.0,60.911,70
2024-07-19 12:30:00-04:00,60.87,60.96,60.87,60.94,9377.0,60.924,75
2024-07-19 12:35:00-04:00,60.97,61.04,60.94,61.02,11006.0,60.99,74
2024-07-19 12:40:00-04:00,61.01,61.02,60.97,60.97,2890.0,60.994,23
2024-07-19 12:45:00-04:00,60.99,61.0,60.95,60.97,10184.0,60.972,78
2024-07-19 12:50:00-04:00,60.97,60.97,60.91,60.91,5678.0,60.937,46
2024-07-19 12:55:00-04:00,60.92,60.94,60.88,60.91,8524.0,60.918,63
2024-07-19 13:00:00-04:00,60.9,60.9,60.76,60.76,5170.0,60.822,42
2024-07-19 13:05:00-04:00,60.78,60.79,60.69,60.74,6736.0,60.734,49
2024-07-19 13:10:00-04:00,60.74,60.77,60.71,60.74,7904.0,60.745,57
2024-07-19 13:15:00-04:00,60.76,60.8,60.71,60.72,7892.0,60.763,70
2024-07-19 13:20:00-04:00,60.7,60.84,60.7,60.79,7425.0,60.758,49
2024-07-19 13:25:00-04:00,60.79,60.81,60.77,60.8,4593.0,60.793,31
2024-07-19 13:30:00-04:00,60.8,60.8,60.76,60.79,6267.0,60.777,41
2024-07-19 13:35:00-04:00,60.78,60.96,60.76,60.96,7744.0,60.852,62
2024-07-19 13:40:00-04:00,60.95,61.01,60.9,61.01,11346.0,60.947,74
2024-07-19 13:45:00-04:00,61.01,61.09,60.98,61.07,11908.0,61.019,97
2024-07-19 13:50:00-04:00,61.06,61.12,61.06,61.1,2350.0,61.093,19
2024-07-19 13:55:00-04:00,61.13,61.19,61.1,61.1,46553.0,61.143,204
2024-07-19 14:00:00-04:00,61.11,61.12,61.1,61.11,10427.0,61.113,74
2024-07-19 14:05:00-04:00,61.11,61.12,61.07,61.08,6472.0,61.099,57
2024-07-19 14:10:00-04:00,61.07,61.07,60.99,61.06,10995.0,61.035,90
2024-07-19 14:15:00-04:00,61.06,61.08,61.04,61.05,7602.0,61.064,66
2024-07-19 14:20:00-04:00,61.04,61.06,60.97,60.98,13295.0,61.016,100
2024-07-19 14:25:00-04:00,60.98,61.02,60.91,60.94,7631.0,60.976,64
2024-07-19 14:30:00-04:00,60.94,60.95,60.86,60.91,15724.0,60.906,109
2024-07-19 14:35:00-04:00,60.92,60.95,60.91,60.92,4566.0,60.932,40
2024-07-19 14:40:00-04:00,60.94,60.96,60.86,60.87,9851.0,60.918,80
2024-07-19 14:45:00-04:00,60.86,60.89,60.83,60.88,9932.0,60.867,81
2024-07-19 14:50:00-04:00,60.88,61.0,60.88,61.0,11073.0,60.942,88
2024-07-19 14:55:00-04:00,60.99,61.01,60.95,60.97,11033.0,60.992,85
2024-07-19 15:00:00-04:00,60.98,61.09,60.98,61.07,10806.0,61.056,77
2024-07-19 15:05:00-04:00,61.07,61.15,61.02,61.15,35767.0,61.079,233
2024-07-19 15:10:00-04:00,61.15,61.15,61.1,61.11,27969.0,61.121,133
2024-07-19 15:15:00-04:00,61.11,61.15,61.08,61.13,12638.0,61.116,97
2024-07-19 15:20:00-04:00,61.14,61.18,61.07,61.09,27953.0,61.124,190
2024-07-19 15:25:00-04:00,61.08,61.09,61.01,61.05,18613.0,61.059,142
2024-07-19 15:30:00-04:00,61.05,61.09,61.01,61.02,19300.0,61.047,138
2024-07-19 15:35:00-04:00,61.03,61.06,60.98,61.0,21289.0,61.032,163
2024-07-19 15:40:00-04:00,61.01,61.05,60.96,61.0,29382.0,61.0,194
2024-07-19 15:45:00-04:00,61.01,61.03,60.97,61.03,20487.0,61.0,142
2024-07-19 15:50:00-04:00,61.03,61.07,60.95,60.95,47625.0,61.014,324
2024-07-19 15:55:00-04:00,60.96,61.04,60.94,61.04,120959.0,60.977,741
2024-07-22 09:30:00-04:00,61.1,61.5,61.1,61.44,20924.0,61.235,61
2024-07-22 09:35:00-04:00,61.44,61.45,61.12,61.26,21663.0,61.249,155
2024-07-22 09:40:00-04:00,61.26,61.4,61.16,61.2,42462.0,61.275,239
2024-07-22 09:45:00-04:00,61.17,61.17,60.69,60.75,23646.0,61.014,128
2024-07-22 09:50:00-04:00,60.74,60.89,60.72,60.72,12206.0,60.825,107
2024-07-22 09:55:00-04:00,60.71,60.71,60.45,60.48,12710.0,60.541,73
2024-07-22 10:00:00-04:00,60.4,60.41,60.24,60.28,19323.0,60.315,148
2024-07-22 10:05:00-04:00,60.26,60.45,60.25,60.41,11722.0,60.346,92
2024-07-22 10:10:00-04:00,60.41,60.68,60.38,60.63,8718.0,60.543,72
2024-07-22 10:15:00-04:00,60.62,60.76,60.61,60.74,13013.0,60.709,91
2024-07-22 10:20:00-04:00,60.74,60.84,60.74,60.78,10344.0,60.794,74
2024-07-22 10:25:00-04:00,60.8,60.8,60.72,60.79,12618.0,60.765,101
2024-07-22 10:30:00-04:00,60.79,60.79,60.68,60.74,17161.0,60.738,137
2024-07-22 10:35:00-04:00,60.73,60.89,60.72,60.88,12638.0,60.802,94
2024-07-22 10:40:00-04:00,60.89,61.01,60.85,61.0,7180.0,60.937,52
2024-07-22 10:45:00-04:00,61.0,61.0,60.9,60.94,8262.0,60.944,67
2024-07-22 10:50:00-04:00,60.96,60.96,60.86,60.93,9193.0,60.922,76
2024-07-22 10:55:00-04:00,60.93,60.94,60.87,60.94,12002.0,60.915,100
2024-07-22 11:00:00-04:00,60.94,61.02,60.89,60.96,15385.0,60.953,108
2024-07-22 11:05:00-04:00,60.97,60.98,60.87,60.89,5662.0,60.928,41
2024-07-22 11:10:00-04:00,60.92,60.93,60.88,60.93,4632.0,60.899,39
2024-07-22 11:15:00-04:00,60.97,61.0,60.94,60.98,7447.0,60.978,67
2024-07-22 11:20:00-04:00,60.97,60.97,60.87,60.9,5781.0,60.923,47
2024-07-22 11:25:00-04:00,60.9,61.06,60.89,60.97,5716.0,60.98,49
2024-07-22 11:30:00-04:00,60.95,60.96,60.93,60.94,5348.0,60.938,27
2024-07-22 11:35:00-04:00,60.93,60.95,60.86,60.86,5916.0,60.902,46
2024-07-22 11:40:00-04:00,60.86,60.89,60.79,60.88,8870.0,60.841,62
2024-07-22 11:45:00-04:00,60.88,60.9,60.82,60.88,4159.0,60.877,39
2024-07-22 11:50:00-04:00,60.88,60.93,60.87,60.9,9071.0,60.901,83
2024-07-22 11:55:00-04:00,60.9,60.94,60.87,60.93,5684.0,60.896,49
2024-07-22 12:00:00-04:00,60.96,61.06,60.96,61.03,4887.0,61.006,41
2024-07-22 12:05:00-04:00,61.04,61.11,61.03,61.11,4627.0,61.072,32
2024-07-22 12:10:00-04:00,61.1,61.14,61.04,61.1,8115.0,61.099,73
2024-07-22 12:15:00-04:00,61.11,61.24,61.1,61.24,4960.0,61.173,43
2024-07-22 12:20:00-04:00,61.23,61.29,61.2,61.29,4873.0,61.229,45
2024-07-22 12:25:00-04:00,61.29,61.31,61.15,61.16,8255.0,61.234,69
2024-07-22 12:30:00-04:00,61.17,61.19,61.13,61.17,7218.0,61.162,49
2024-07-22 12:35:00-04:00,61.17,61.29,61.16,61.27,4804.0,61.233,45
2024-07-22 12:40:00-04:00,61.27,61.27,61.21,61.22,4701.0,61.238,45
2024-07-22 12:45:00-04:00,61.22,61.22,61.1,61.12,7062.0,61.15,59
2024-07-22 12:50:00-04:00,61.12,61.23,61.12,61.23,3450.0,61.188,33
2024-07-22 12:55:00-04:00,61.23,61.31,61.22,61.31,5154.0,61.267,44
2024-07-22 13:00:00-04:00,61.31,61.31,61.22,61.23,7152.0,61.265,59
2024-07-22 13:05:00-04:00,61.24,61.28,61.23,61.25,4004.0,61.257,33
2024-07-22 13:10:00-04:00,61.26,61.28,61.25,61.27,3545.0,61.268,32
2024-07-22 13:15:00-04:00,61.28,61.34,61.27,61.32,5377.0,61.307,44
2024-07-22 13:20:00-04:00,61.32,61.33,61.23,61.28,3706.0,61.281,34
2024-07-22 13:25:00-04:00,61.29,61.38,61.28,61.3,9221.0,61.333,79
2024-07-22 13:30:00-04:00,61.32,61.41,61.28,61.39,12679.0,61.335,112
2024-07-22 13:35:00-04:00,61.39,61.39,61.2,61.3,17142.0,61.264,76
2024-07-22 13:40:00-04:00,61.3,61.32,61.2,61.21,7478.0,61.278,53
2024-07-22 13:45:00-04:00,61.2,61.25,61.19,61.21,7352.0,61.224,52
2024-07-22 13:50:00-04:00,61.24,61.39,61.23,61.32,10317.0,61.337,78
2024-07-22 13:55:00-04:00,61.33,61.37,61.27,61.31,5305.0,61.324,51
2024-07-22 14:00:00-04:00,61.31,61.33,61.23,61.23,4431.0,61.283,36
2024-07-22 14:05:00-04:00,61.23,61.24,61.13,61.13,6642.0,61.195,50
2024-07-22 14:10:00-04:00,61.12,61.14,61.07,61.08,3107.0,61.098,27
2024-07-22 14:15:00-04:00,61.08,61.12,61.07,61.12,7671.0,61.089,71
2024-07-22 14:20:00-04:00,61.11,61.16,61.0,61.04,10464.0,61.091,83
2024-07-22 14:25:00-04:00,61.04,61.06,61.02,61.04,5571.0,61.038,39
2024-07-22 14:30:00-04:00,61.04,61.14,61.04,61.11,21980.0,61.113,79
2024-07-22 14:35:00-04:00,61.1,61.14,61.06,61.14,9325.0,61.098,61
2024-07-22 14:40:00-04:00,61.14,61.16,61.09,61.13,9492.0,61.127,69
2024-07-22 14:45:00-04:00,61.12,61.13,61.09,61.1,7847.0,61.115,66
2024-07-22 14:50:00-04:00,61.1,61.16,61.09,61.14,8770.0,61.119,71
2024-07-22 14:55:00-04:00,61.14,61.17,61.09,61.14,11074.0,61.129,86
2024-07-22 15:00:00-04:00,61.14,61.21,61.08,61.2,15205.0,61.132,108
2024-07-22 15:05:00-04:00,61.2,61.22,61.15,61.2,10188.0,61.189,64
2024-07-22 15:10:00-04:00,61.21,61.25,61.2,61.24,11585.0,61.222,95
2024-07-22 15:15:00-04:00,61.24,61.32,61.24,61.27,10830.0,61.292,85
2024-07-22 15:20:00-04:00,61.23,61.32,61.23,61.27,16060.0,61.283,127
2024-07-22 15:25:00-04:00,61.28,61.28,61.21,61.23,15421.0,61.261,120
2024-07-22 15:30:00-04:00,61.22,61.29,61.18,61.23,15373.0,61.239,125
2024-07-22 15:35:00-04:00,61.22,61.34,61.2,61.32,33781.0,61.246,156
2024-07-22 15:40:00-04:00,61.34,61.34,61.12,61.14,49374.0,61.233,308
2024-07-22 15:45:00-04:00,61.14,61.29,61.13,61.18,36340.0,61.209,241
2024-07-22 15:50:00-04:00,61.18,61.24,61.12,61.17,59334.0,61.189,415
2024-07-22 15:55:00-04:00,61.18,61.33,61.17,61.31,159234.0,61.238,832
2024-07-23 09:30:00-04:00,63.18,63.7,62.8,63.53,134860.0,63.22,480
2024-07-23 09:35:00-04:00,63.52,63.53,62.98,62.98,36830.0,63.243,246
2024-07-23 09:40:00-04:00,62.98,62.98,62.17,62.31,17543.0,62.715,112
2024-07-23 09:45:00-04:00,62.23,62.74,62.21,62.64,21334.0,62.439,180
2024-07-23 09:50:00-04:00,62.57,62.68,62.48,62.56,16512.0,62.532,122
2024-07-23 09:55:00-04:00,62.57,62.63,62.45,62.53,30322.0,62.537,230
2024-07-23 10:00:00-04:00,62.53,62.86,62.36,62.84,33905.0,62.636,193
2024-07-23 10:05:00-04:00,62.85,63.02,62.76,62.91,59532.0,62.921,192
2024-07-23 10:10:00-04:00,62.9,63.07,62.77,63.05,13952.0,62.903,110
2024-07-23 10:15:00-04:00,63.03,63.03,62.83,62.85,16854.0,62.921,138
2024-07-23 10:20:00-04:00,62.86,63.01,62.85,62.91,25020.0,62.946,197
2024-07-23 10:25:00-04:00,62.93,62.95,62.75,62.79,18852.0,62.846,161
2024-07-23 10:30:00-04:00,62.79,63.02,62.76,62.94,20266.0,62.876,137
2024-07-23 10:35:00-04:00,62.94,62.95,62.73,62.78,12435.0,62.844,106
2024-07-23 10:40:00-04:00,62.78,62.79,62.62,62.71,14825.0,62.71,117
2024-07-23 10:45:00-04:00,62.71,62.71,62.59,62.6,12109.0,62.647,93
2024-07-23 10:50:00-04:00,62.6,62.77,62.59,62.72,12082.0,62.676,90
2024-07-23 10:55:00-04:00,62.71,62.99,62.69,62.98,20458.0,62.892,141
2024-07-23 11:00:00-04:00,62.96,63.03,62.88,63.0,15073.0,62.952,107
2024-07-23 11:05:00-04:00,62.99,63.07,62.96,63.07,9482.0,63.005,82
2024-07-23 11:10:00-04:00,63.05,63.07,62.95,63.01,13405.0,63.02,105
2024-07-23 11:15:00-04:00,63.01,63.07,62.99,63.04,8048.0,63.035,66
2024-07-23 11:20:00-04:00,63.03,63.17,63.01,63.16,43057.0,63.143,148
2024-07-23 11:25:00-04:00,63.15,63.2,63.06,63.16,15907.0,63.14,108
2024-07-23 11:30:00-04:00,63.16,63.16,63.08,63.13,8965.0,63.12,78
2024-07-23 11:35:00-04:00,63.1,63.21,62.98,63.15,9272.0,63.078,76
2024-07-23 11:40:00-04:00,63.17,63.29,63.15,63.25,9201.0,63.22,86
2024-07-23 11:45:00-04:00,63.26,63.26,63.12,63.12,12452.0,63.166,99
2024-07-23 11:50:00-04:00,63.12,63.16,63.08,63.16,10069.0,63.114,81
2024-07-23 11:55:00-04:00,63.16,63.17,63.09,63.13,13474.0,63.132,92
2024-07-23 12:00:00-04:00,63.15,63.25,63.1,63.2,10113.0,63.175,86
2024-07-23 12:05:00-04:00,63.19,63.19,63.0,63.02,11340.0,63.07,88
2024-07-23 12:10:00-04:00,63.02,63.07,63.0,63.07,10508.0,63.029,81
2024-07-23 12:15:00-04:00,63.05,63.05,62.87,62.96,11366.0,62.943,84
2024-07-23 12:20:00-04:00,62.97,63.03,62.95,62.99,14326.0,62.977,104
2024-07-23 12:25:00-04:00,62.97,63.1,62.95,63.09,6716.0,63.005,59
2024-07-23 12:30:00-04:00,63.08,63.1,63.03,63.04,7792.0,63.057,65
2024-07-23 12:35:00-04:00,63.04,63.04,62.94,62.99,7871.0,62.984,64
2024-07-23 12:40:00-04:00,62.99,63.06,62.98,63.05,12557.0,63.011,98
2024-07-23 12:45:00-04:00,63.06,63.15,63.05,63.09,14482.0,63.102,107
2024-07-23 12:50:00-04:00,63.08,63.1,63.0,63.04,5754.0,63.053,43
2024-07-23 12:55:00-04:00,63.03,63.04,62.98,63.01,7089.0,63.005,60
2024-07-23 13:00:00-04:00,62.99,63.05,62.94,63.04,9428.0,62.998,76
2024-07-23 13:05:00-04:00,63.02,63.07,62.98,63.05,6491.0,63.01,45
2024-07-23 13:10:00-04:00,63.04,63.07,63.04,63.07,3481.0,63.055,29
2024-07-23 13:15:00-04:00,63.05,63.13,63.02,63.08,8180.0,63.08,70
2024-07-23 13:20:00-04:00,63.1,63.13,63.08,63.09,5517.0,63.103,45
2024-07-23 13:25:00-04:00,63.07,63.13,63.07,63.08,4027.0,63.097,32
2024-07-23 13:30:00-04:00,63.06,63.07,62.91,62.92,8174.0,63.051,50
2024-07-23 13:35:00-04:00,62.94,62.97,62.91,62.95,3385.0,62.949,27
2024-07-23 13:40:00-04:00,62.97,63.03,62.96,63.03,5402.0,62.983,49
2024-07-23 13:45:00-04:00,63.03,63.03,62.97,63.0,4170.0,63.003,37
2024-07-23 13:50:00-04:00,62.99,63.04,62.99,63.02,3922.0,63.019,29
2024-07-23 13:55:00-04:00,63.03,63.06,63.01,63.03,6145.0,63.041,52
2024-07-23 14:00:00-04:00,63.04,63.05,63.01,63.02,2241.0,63.031,18
2024-07-23 14:05:00-04:00,63.02,63.08,62.98,63.07,11132.0,63.02,89
2024-07-23 14:10:00-04:00,63.11,63.13,63.05,63.06,6023.0,63.085,41
2024-07-23 14:15:00-04:00,63.05,63.05,63.02,63.04,4069.0,63.038,36
2024-07-23 14:20:00-04:00,63.02,63.05,63.01,63.02,8601.0,63.027,74
2024-07-23 14:25:00-04:00,62.99,63.01,62.94,62.95,10272.0,62.981,84
2024-07-23 14:30:00-04:00,62.95,62.97,62.94,62.95,4386.0,62.957,39
2024-07-23 14:35:00-04:00,62.95,63.0,62.94,62.98,7125.0,62.984,62
2024-07-23 14:40:00-04:00,63.0,63.0,62.93,62.93,4953.0,62.969,42
2024-07-23 14:45:00-04:00,62.97,63.01,62.92,62.96,12323.0,62.974,111
2024-07-23 14:50:00-04:00,62.95,62.95,62.9,62.92,5532.0,62.926,46
2024-07-23 14:55:00-04:00,62.92,62.94,62.9,62.92,6701.0,62.922,54
2024-07-23 15:00:00-04:00,62.91,62.91,62.8,62.81,3347.0,62.839,31
2024-07-23 15:05:00-04:00,62.83,62.86,62.83,62.84,4166.0,62.844,34
2024-07-23 15:10:00-04:00,62.85,62.85,62.8,62.84,4922.0,62.827,44
2024-07-23 15:15:00-04:00,62.83,62.85,62.79,62.85,8220.0,62.821,72
2024-07-23 15:20:00-04:00,62.83,62.87,62.8,62.86,7639.0,62.84,64
2024-07-23 15:25:00-04:00,62.87,62.9,62.81,62.87,9189.0,62.862,66
2024-07-23 15:30:00-04:00,62.86,62.86,62.7,62.7,14851.0,62.806,97
2024-07-23 15:35:00-04:00,62.7,62.71,62.63,62.66,11035.0,62.677,86
2024-07-23 15:40:00-04:00,62.65,62.65,62.53,62.55,22146.0,62.578,183
2024-07-23 15:45:00-04:00,62.55,62.65,62.55,62.63,34136.0,62.607,239
2024-07-23 15:50:00-04:00,62.63,62.7,62.59,62.59,65366.0,62.637,441
2024-07-23 15:55:00-04:00,62.6,62.75,62.55,62.71,177651.0,62.648,907
2024-07-24 09:30:00-04:00,62.82,62.88,62.49,62.8,18642.0,62.797,25
2024-07-24 09:35:00-04:00,62.83,63.06,62.82,62.94,5314.0,62.921,41
2024-07-24 09:40:00-04:00,63.03,63.13,62.72,63.01,9579.0,62.961,76
2024-07-24 09:45:00-04:00,62.95,63.01,62.73,62.75,3473.0,62.861,28
2024-07-24 09:50:00-04:00,62.75,62.81,62.59,62.6,6522.0,62.694,58
2024-07-24 09:55:00-04:00,62.54,62.6,62.38,62.45,9602.0,62.471,52
2024-07-24 10:00:00-04:00,62.46,62.54,62.32,62.32,7265.0,62.429,45
2024-07-24 10:05:00-04:00,62.35,62.44,62.31,62.44,5572.0,62.357,32
2024-07-24 10:10:00-04:00,62.43,62.49,62.37,62.4,3239.0,62.414,29
2024-07-24 10:15:00-04:00,62.37,62.37,62.32,62.32,2651.0,62.346,23
2024-07-24 10:20:00-04:00,62.29,62.33,62.25,62.25,3629.0,62.292,35
2024-07-24 10:25:00-04:00,62.25,62.37,62.2,62.37,8609.0,62.256,70
2024-07-24 10:30:00-04:00,62.34,62.43,62.3,62.3,5343.0,62.364,46
2024-07-24 10:35:00-04:00,62.28,62.29,62.22,62.26,8576.0,62.259,49
2024-07-24 10:40:00-04:00,62.27,62.38,62.27,62.38,3007.0,62.312,26
2024-07-24 10:45:00-04:00,62.36,62.48,62.34,62.41,8482.0,62.413,61
2024-07-24 10:50:00-04:00,62.38,62.5,62.38,62.41,24536.0,62.447,144
2024-07-24 10:55:00-04:00,62.37,62.48,62.37,62.41,3772.0,62.444,33
2024-07-24 11:00:00-04:00,62.4,62.4,62.28,62.31,1806.0,62.317,18
2024-07-24 11:05:00-04:00,62.28,62.32,62.27,62.31,4491.0,62.292,34
2024-07-24 11:10:00-04:00,62.33,62.36,62.31,62.31,3076.0,62.338,26
2024-07-24 11:15:00-04:00,62.31,62.38,62.28,62.3,4996.0,62.337,39
2024-07-24 11:20:00-04:00,62.28,62.33,62.26,62.32,6248.0,62.285,42
2024-07-24 11:25:00-04:00,62.34,62.41,62.34,62.4,4215.0,62.37,35
2024-07-24 11:30:00-04:00,62.39,62.48,62.38,62.48,2516.0,62.444,23
2024-07-24 11:35:00-04:00,62.49,62.52,62.46,62.49,6565.0,62.49,58
2024-07-24 11:40:00-04:00,62.49,62.56,62.48,62.52,3597.0,62.519,29
2024-07-24 11:45:00-04:00,62.51,62.51,62.36,62.41,4145.0,62.437,32
2024-07-24 11:50:00-04:00,62.43,62.43,62.37,62.39,2263.0,62.396,20
2024-07-24 11:55:00-04:00,62.38,62.42,62.38,62.42,7087.0,62.395,60
2024-07-24 12:00:00-04:00,62.46,62.56,62.46,62.5,7206.0,62.51,60
2024-07-24 12:05:00-04:00,62.5,62.5,62.44,62.46,6118.0,62.458,38
2024-07-24 12:10:00-04:00,62.45,62.59,62.45,62.53,10630.0,62.532,84
2024-07-24 12:15:00-04:00,62.54,62.56,62.5,62.51,6644.0,62.542,43
2024-07-24 12:20:00-04:00,62.51,62.54,62.45,62.47,6875.0,62.515,59
2024-07-24 12:25:00-04:00,62.42,62.44,62.4,62.43,4046.0,62.424,38
2024-07-24 12:30:00-04:00,62.42,62.42,62.35,62.35,5171.0,62.398,39
2024-07-24 12:35:00-04:00,62.36,62.37,62.33,62.36,3904.0,62.349,32
2024-07-24 12:40:00-04:00,62.34,62.38,62.34,62.37,8816.0,62.359,73
2024-07-24 12:45:00-04:00,62.36,62.41,62.35,62.39,4485.0,62.381,43
2024-07-24 12:50:00-04:00,62.38,62.4,62.38,62.38,1647.0,62.383,15
2024-07-24 12:55:00-04:00,62.38,62.38,62.36,62.37,3901.0,62.37,33
2024-07-24 13:00:00-04:00,62.37,62.41,62.35,62.37,6623.0,62.384,49
2024-07-24 13:05:00-04:00,62.37,62.44,62.37,62.43,4393.0,62.407,36
2024-07-24 13:10:00-04:00,62.43,62.44,62.38,62.39,1605.0,62.406,15
2024-07-24 13:15:00-04:00,62.37,62.39,62.29,62.32,4034.0,62.346,33
2024-07-24 13:20:00-04:00,62.31,62.31,62.27,62.29,2904.0,62.289,23
2024-07-24 13:25:00-04:00,62.27,62.27,62.2,62.22,3396.0,62.234,30
2024-07-24 13:30:00-04:00,62.22,62.22,62.18,62.22,6013.0,62.198,42
2024-07-24 13:35:00-04:00,62.23,62.36,62.23,62.33,6505.0,62.318,54
2024-07-24 13:40:00-04:00,62.32,62.35,62.29,62.33,4674.0,62.323,41
2024-07-24 13:45:00-04:00,62.33,62.35,62.26,62.27,4966.0,62.298,43
2024-07-24 13:50:00-04:00,62.25,62.31,62.21,62.31,7081.0,62.258,58
2024-07-24 13:55:00-04:00,62.3,62.32,62.25,62.32,5738.0,62.273,44
2024-07-24 14:00:00-04:00,62.3,62.33,62.29,62.3,6440.0,62.312,52
2024-07-24 14:05:00-04:00,62.28,62.32,62.25,62.26,8194.0,62.285,64
2024-07-24 14:10:00-04:00,62.24,62.26,62.23,62.25,3679.0,62.244,32
2024-07-24 14:15:00-04:00,62.25,62.26,62.14,62.17,7700.0,62.193,62
2024-07-24 14:20:00-04:00,62.13,62.14,62.05,62.06,3695.0,62.099,29
2024-07-24 14:25:00-04:00,62.07,62.08,62.0,62.0,4252.0,62.044,36
2024-07-24 14:30:00-04:00,62.01,62.08,61.97,62.04,16843.0,62.04,99
2024-07-24 14:35:00-04:00,62.04,62.04,61.95,61.97,4400.0,61.996,32
2024-07-24 14:40:00-04:00,61.97,61.97,61.87,61.92,7446.0,61.925,55
2024-07-24 14:45:00-04:00,61.92,61.99,61.91,61.98,8337.0,61.948,79
2024-07-24 14:50:00-04:00,61.97,61.99,61.91,61.98,10930.0,61.96,81
2024-07-24 14:55:00-04:00,62.01,62.05,62.01,62.03,2319.0,62.031,22
2024-07-24 15:00:00-04:00,62.03,62.12,62.03,62.05,15725.0,62.078,114
2024-07-24 15:05:00-04:00,62.06,62.08,62.01,62.05,6634.0,62.042,61
2024-07-24 15:10:00-04:00,62.05,62.08,62.02,62.08,5876.0,62.052,48
2024-07-24 15:15:00-04:00,62.07,62.12,62.05,62.1,14513.0,62.091,96
2024-07-24 15:20:00-04:00,62.1,62.14,62.07,62.09,8482.0,62.107,78
2024-07-24 15:25:00-04:00,62.08,62.13,62.07,62.1,9280.0,62.101,82
2024-07-24 15:30:00-04:00,62.11,62.2,62.04,62.19,26333.0,62.1,139
2024-07-24 15:35:00-04:00,62.19,62.2,62.11,62.12,11188.0,62.138,92
2024-07-24 15:40:00-04:00,62.12,62.19,62.09,62.14,18990.0,62.133,165
2024-07-24 15:45:00-04:00,62.13,62.13,62.0,62.02,20070.0,62.065,162
2024-07-24 15:50:00-04:00,62.02,62.11,61.89,61.94,44209.0,61.97,334
2024-07-24 15:55:00-04:00,61.93,62.1,61.91,62.06,114030.0,62.008,662
2024-07-25 09:30:00-04:00,61.94,62.14,61.85,61.86,12199.0,61.962,23
2024-07-25 09:35:00-04:00,62.07,62.35,62.07,62.22,4663.0,62.21,22
2024-07-25 09:40:00-04:00,62.18,62.18,62.05,62.16,6607.0,62.122,44
2024-07-25 09:45:00-04:00,62.16,62.3,62.09,62.3,7908.0,62.178,61
2024-07-25 09:50:00-04:00,62.3,62.61,62.3,62.6,4463.0,62.411,39
2024-07-25 09:55:00-04:00,62.6,62.6,62.33,62.52,9451.0,62.462,70
2024-07-25 10:00:00-04:00,62.53,62.59,62.32,62.42,23888.0,62.453,173
2024-07-25 10:05:00-04:00,62.42,62.5,62.35,62.43,15396.0,62.431,115
2024-07-25 10:10:00-04:00,62.46,62.47,62.3,62.34,9946.0,62.396,84
2024-07-25 10:15:00-04:00,62.34,62.58,62.34,62.58,4933.0,62.485,43
2024-07-25 10:20:00-04:00,62.58,62.58,62.48,62.55,2782.0,62.524,26
2024-07-25 10:25:00-04:00,62.52,62.53,62.44,62.47,3116.0,62.497,24
2024-07-25 10:30:00-04:00,62.43,62.52,62.42,62.45,4681.0,62.46,39
2024-07-25 10:35:00-04:00,62.41,62.46,62.34,62.35,8488.0,62.402,75
2024-07-25 10:40:00-04:00,62.34,62.45,62.3,62.34,7856.0,62.365,67
2024-07-25 10:45:00-04:00,62.31,62.33,62.18,62.26,4591.0,62.244,36
2024-07-25 10:50:00-04:00,62.26,62.36,62.24,62.35,4362.0,62.282,36
2024-07-25 10:55:00-04:00,62.39,62.54,62.38,62.54,8888.0,62.475,45
2024-07-25 11:00:00-04:00,62.52,62.61,62.51,62.58,2372.0,62.577,20
2024-07-25 11:05:00-04:00,62.56,62.58,62.52,62.53,7695.0,62.558,67
2024-07-25 11:10:00-04:00,62.54,62.55,62.49,62.51,6261.0,62.531,56
2024-07-25 11:15:00-04:00,62.49,62.59,62.49,62.53,3312.0,62.551,31
2024-07-25 11:20:00-04:00,62.53,62.55,62.51,62.55,5453.0,62.532,24
2024-07-25 11:25:00-04:00,62.53,62.55,62.49,62.51,6246.0,62.518,54
2024-07-25 11:30:00-04:00,62.52,62.62,62.52,62.62,3204.0,62.551,29
2024-07-25 11:35:00-04:00,62.62,62.63,62.58,62.63,3599.0,62.608,26
2024-07-25 11:40:00-04:00,62.63,62.63,62.52,62.56,5732.0,62.574,45
2024-07-25 11:45:00-04:00,62.57,62.64,62.57,62.64,919.0,62.591,9
2024-07-25 11:50:00-04:00,62.64,62.67,62.6,62.65,2846.0,62.653,21
2024-07-25 11:55:00-04:00,62.67,62.69,62.63,62.68,2561.0,62.662,22
2024-07-25 12:00:00-04:00,62.71,62.72,62.67,62.69,2696.0,62.695,24
2024-07-25 12:05:00-04:00,62.68,62.68,62.67,62.68,200.0,62.679,2
2024-07-25 12:10:00-04:00,62.69,62.74,62.68,62.73,2847.0,62.711,24
2024-07-25 12:15:00-04:00,62.73,62.8,62.72,62.79,8433.0,62.757,38
2024-07-25 12:20:00-04:00,62.79,62.79,62.7,62.77,3075.0,62.739,28
2024-07-25 12:25:00-04:00,62.74,62.78,62.73,62.77,3325.0,62.758,24
2024-07-25 12:30:00-04:00,62.76,62.8,62.74,62.78,3205.0,62.772,24
2024-07-25 12:35:00-04:00,62.78,62.85,62.78,62.84,2107.0,62.811,15
2024-07-25 12:40:00-04:00,62.87,62.94,62.87,62.92,905.0,62.908,9
2024-07-25 12:45:00-04:00,62.93,62.93,62.84,62.86,2995.0,62.878,28
2024-07-25 12:50:00-04:00,62.87,62.89,62.87,62.89,2731.0,62.878,10
2024-07-25 12:55:00-04:00,62.9,62.95,62.88,62.89,2918.0,62.91,23
2024-07-25 13:00:00-04:00,62.91,62.94,62.89,62.91,3398.0,62.918,19
2024-07-25 13:05:00-04:00,62.9,62.96,62.89,62.96,3718.0,62.919,16
2024-07-25 13:10:00-04:00,62.95,62.97,62.92,62.93,2583.0,62.937,22
2024-07-25 13:15:00-04:00,62.92,62.92,62.85,62.85,1730.0,62.891,16
2024-07-25 13:20:00-04:00,62.84,62.85,62.78,62.83,6061.0,62.826,43
2024-07-25 13:25:00-04:00,62.84,62.84,62.77,62.78,1762.0,62.8,17
2024-07-25 13:30:00-04:00,62.79,62.84,62.79,62.79,3988.0,62.805,30
2024-07-25 13:35:00-04:00,62.79,62.84,62.77,62.83,4384.0,62.79,34
2024-07-25 13:40:00-04:00,62.83,62.86,62.77,62.77,4509.0,62.812,39
2024-07-25 13:45:00-04:00,62.77,62.77,62.66,62.67,4550.0,62.71,34
2024-07-25 13:50:00-04:00,62.66,62.66,62.56,62.56,5847.0,62.614,53
2024-07-25 13:55:00-04:00,62.57,62.57,62.53,62.55,7386.0,62.552,55
2024-07-25 14:00:00-04:00,62.55,62.58,62.52,62.53,7957.0,62.545,69
2024-07-25 14:05:00-04:00,62.54,62.55,62.5,62.53,7503.0,62.523,56
2024-07-25 14:10:00-04:00,62.51,62.54,62.5,62.51,3843.0,62.516,32
2024-07-25 14:15:00-04:00,62.5,62.55,62.5,62.55,2723.0,62.53,24
2024-07-25 14:20:00-04:00,62.54,62.57,62.49,62.5,7746.0,62.541,68
2024-07-25 14:25:00-04:00,62.5,62.5,62.43,62.45,2189.0,62.459,20
2024-07-25 14:30:00-04:00,62.44,62.49,62.44,62.47,5147.0,62.463,42
2024-07-25 14:35:00-04:00,62.47,62.47,62.41,62.41,2151.0,62.443,19
2024-07-25 14:40:00-04:00,62.42,62.42,62.37,62.37,6930.0,62.396,54
2024-07-25 14:45:00-04:00,62.38,62.39,62.27,62.28,8781.0,62.322,70
2024-07-25 14:50:00-04:00,62.29,62.31,62.24,62.29,5054.0,62.288,41
2024-07-25 14:55:00-04:00,62.29,62.37,62.28,62.37,4000.0,62.333,33
2024-07-25 15:00:00-04:00,62.36,62.39,62.29,62.29,7576.0,62.353,68
2024-07-25 15:05:00-04:00,62.3,62.32,62.24,62.25,6663.0,62.289,56
2024-07-25 15:10:00-04:00,62.25,62.28,62.24,62.26,5206.0,62.264,43
2024-07-25 15:15:00-04:00,62.28,62.38,62.28,62.38,8963.0,62.318,68
2024-07-25 15:20:00-04:00,62.38,62.4,62.35,62.39,7295.0,62.372,58
2024-07-25 15:25:00-04:00,62.38,62.49,62.38,62.45,9382.0,62.445,72
2024-07-25 15:30:00-04:00,62.45,62.46,62.35,62.35,6345.0,62.428,49
2024-07-25 15:35:00-04:00,62.37,62.37,62.23,62.28,11366.0,62.302,96
2024-07-25 15:40:00-04:00,62.28,62.28,62.22,62.25,8093.0,62.247,71
2024-07-25 15:45:00-04:00,62.25,62.32,62.19,62.29,13824.0,62.253,115
2024-07-25 15:50:00-04:00,62.28,62.34,62.11,62.11,32701.0,62.229,247
2024-07-25 15:55:00-04:00,62.12,62.16,62.03,62.05,78567.0,62.091,458
2024-07-26 09:30:00-04:00,62.62,62.7,62.05,62.23,9386.0,62.587,12
2024-07-26 09:35:00-04:00,62.36,62.75,62.36,62.75,2733.0,62.59,24
2024-07-26 09:40:00-04:00,62.8,62.83,62.63,62.71,2843.0,62.699,24
2024-07-26 09:45:00-04:00,62.84,63.15,62.81,63.1,9769.0,63.016,33
2024-07-26 09:50:00-04:00,63.0,63.09,62.94,63.04,3910.0,63.009,26
2024-07-26 09:55:00-04:00,63.01,63.01,62.79,62.79,2369.0,62.938,20
2024-07-26 10:00:00-04:00,62.74,63.06,62.67,63.06,3940.0,62.887,30
2024-07-26 10:05:00-04:00,63.05,63.16,63.01,63.04,2979.0,63.063,27
2024-07-26 10:10:00-04:00,63.01,63.01,62.73,62.75,2962.0,62.813,27
2024-07-26 10:15:00-04:00,62.75,62.86,62.71,62.84,3516.0,62.797,33
2024-07-26 10:20:00-04:00,62.83,62.91,62.8,62.89,4011.0,62.856,31
2024-07-26 10:25:00-04:00,62.91,62.96,62.85,62.92,4708.0,62.916,43
2024-07-26 10:30:00-04:00,62.94,62.94,62.68,62.76,16556.0,62.874,66
2024-07-26 10:35:00-04:00,62.68,62.75,62.6,62.75,5455.0,62.667,35
2024-07-26 10:40:00-04:00,62.75,62.83,62.71,62.8,2385.0,62.77,23
2024-07-26 10:45:00-04:00,62.81,62.89,62.79,62.83,2308.0,62.835,22
2024-07-26 10:50:00-04:00,62.76,62.87,62.7,62.87,4338.0,62.766,41
2024-07-26 10:55:00-04:00,62.85,62.91,62.82,62.89,2800.0,62.867,26
2024-07-26 11:00:00-04:00,62.93,62.98,62.89,62.93,5347.0,62.932,48
2024-07-26 11:05:00-04:00,62.87,62.93,62.83,62.83,8432.0,62.873,45
2024-07-26 11:10:00-04:00,62.83,62.9,62.8,62.84,3755.0,62.847,33
2024-07-26 11:15:00-04:00,62.87,62.88,62.75,62.75,4829.0,62.796,42
2024-07-26 11:20:00-04:00,62.75,62.84,62.73,62.84,5580.0,62.796,49
2024-07-26 11:25:00-04:00,62.84,62.84,62.77,62.77,1204.0,62.812,12
2024-07-26 11:30:00-04:00,62.8,62.8,62.71,62.73,5162.0,62.754,47
2024-07-26 11:35:00-04:00,62.7,62.81,62.68,62.81,6021.0,62.727,41
2024-07-26 11:40:00-04:00,62.79,62.81,62.78,62.8,722.0,62.799,7
2024-07-26 11:45:00-04:00,62.79,62.87,62.78,62.83,4180.0,62.82,35
2024-07-26 11:50:00-04:00,62.86,63.03,62.85,63.03,8559.0,62.939,68
2024-07-26 11:55:00-04:00,63.06,63.23,63.05,63.23,12212.0,63.143,86
2024-07-26 12:00:00-04:00,63.2,63.34,63.19,63.24,10643.0,63.282,84
2024-07-26 12:05:00-04:00,63.22,63.28,63.2,63.26,14980.0,63.245,59
2024-07-26 12:10:00-04:00,63.26,63.3,63.2,63.3,13426.0,63.257,64
2024-07-26 12:15:00-04:00,63.3,63.3,63.12,63.12,821.0,63.197,7
2024-07-26 12:20:00-04:00,63.08,63.1,63.05,63.07,1939.0,63.078,18
2024-07-26 12:25:00-04:00,63.05,63.16,63.05,63.12,3834.0,63.124,19
2024-07-26 12:30:00-04:00,63.14,63.16,63.11,63.13,3206.0,63.134,26
2024-07-26 12:35:00-04:00,63.13,63.17,63.12,63.14,2007.0,63.143,19
2024-07-26 12:40:00-04:00,63.18,63.21,63.16,63.2,649.0,63.191,6
2024-07-26 12:45:00-04:00,63.22,63.31,63.2,63.26,76543.0,63.203,42
2024-07-26 12:50:00-04:00,63.24,63.32,63.21,63.31,2889.0,63.255,26
2024-07-26 12:55:00-04:00,63.34,63.35,63.26,63.32,2249.0,63.301,18
2024-07-26 13:00:00-04:00,63.31,63.34,63.31,63.34,408.0,63.33,3
2024-07-26 13:05:00-04:00,63.31,63.32,63.26,63.27,1430.0,63.289,13
2024-07-26 13:10:00-04:00,63.27,63.31,63.26,63.3,2601.0,63.283,20
2024-07-26 13:15:00-04:00,63.31,63.33,63.31,63.32,1499.0,63.318,12
2024-07-26 13:20:00-04:00,63.34,63.39,63.33,63.39,3053.0,63.352,19
2024-07-26 13:25:00-04:00,63.4,63.42,63.38,63.4,4164.0,63.403,30
2024-07-26 13:30:00-04:00,63.41,63.42,63.34,63.34,3688.0,63.397,32
2024-07-26 13:35:00-04:00,63.3,63.3,63.24,63.24,15875.0,63.253,97
2024-07-26 13:40:00-04:00,63.28,63.28,63.2,63.28,10149.0,63.248,60
2024-07-26 13:45:00-04:00,63.27,63.33,63.27,63.28,6275.0,63.314,28
2024-07-26 13:50:00-04:00,63.25,63.25,63.17,63.17,1734.0,63.209,15
2024-07-26 13:55:00-04:00,63.17,63.25,63.17,63.19,2521.0,63.216,23
2024-07-26 14:00:00-04:00,63.19,63.22,63.18,63.2,1469.0,63.207,12
2024-07-26 14:05:00-04:00,63.15,63.18,63.15,63.17,1542.0,63.164,12
2024-07-26 14:10:00-04:00,63.18,63.25,63.17,63.2,4779.0,63.208,35
2024-07-26 14:15:00-04:00,63.2,63.2,63.07,63.09,3087.0,63.144,25
2024-07-26 14:20:00-04:00,63.1,63.14,63.1,63.11,3092.0,63.114,28
2024-07-26 14:25:00-04:00,63.1,63.14,63.1,63.13,4685.0,63.13,28
2024-07-26 14:30:00-04:00,63.11,63.13,63.06,63.07,3252.0,63.107,29
2024-07-26 14:35:00-04:00,63.11,63.13,63.1,63.13,2765.0,63.119,22
2024-07-26 14:40:00-04:00,63.13,63.13,63.01,63.02,3307.0,63.055,30
2024-07-26 14:45:00-04:00,63.04,63.06,63.01,63.06,3729.0,63.038,28
2024-07-26 14:50:00-04:00,63.07,63.09,63.06,63.08,2431.0,63.077,20
2024-07-26 14:55:00-04:00,63.07,63.09,63.06,63.08,4901.0,63.078,44
2024-07-26 15:00:00-04:00,63.08,63.08,63.01,63.01,13833.0,63.043,119
2024-07-26 15:05:00-04:00,63.01,63.05,62.99,63.04,10536.0,63.01,78
2024-07-26 15:10:00-04:00,63.05,63.23,63.05,63.21,6420.0,63.14,51
2024-07-26 15:15:00-04:00,63.21,63.22,63.15,63.2,5559.0,63.188,43
2024-07-26 15:20:00-04:00,63.21,63.27,63.2,63.27,4183.0,63.227,34
2024-07-26 15:25:00-04:00,63.28,63.34,63.26,63.26,6060.0,63.287,45
2024-07-26 15:30:00-04:00,63.25,63.28,63.18,63.21,11300.0,63.236,85
2024-07-26 15:35:00-04:00,63.21,63.31,63.21,63.25,22538.0,63.27,159
2024-07-26 15:40:00-04:00,63.25,63.27,63.21,63.21,13889.0,63.246,107
2024-07-26 15:45:00-04:00,63.22,63.31,63.22,63.29,14906.0,63.258,113
2024-07-26 15:50:00-04:00,63.31,63.38,63.17,63.17,30304.0,63.286,228
2024-07-26 15:55:00-04:00,63.16,63.33,63.12,63.26,111643.0,63.229,745
2024-07-29 09:30:00-04:00,63.49,63.67,63.25,63.32,17150.0,63.486,29
2024-07-29 09:35:00-04:00,63.21,63.4,63.21,63.4,3699.0,63.253,14
2024-07-29 09:40:00-04:00,63.5,63.62,63.39,63.43,5066.0,63.557,43
2024-07-29 09:45:00-04:00,63.34,63.44,63.13,63.18,2316.0,63.284,20
2024-07-29 09:50:00-04:00,63.06,63.13,62.98,63.13,7664.0,63.072,66
2024-07-29 09:55:00-04:00,63.1,63.27,63.07,63.17,4337.0,63.142,22
2024-07-29 10:00:00-04:00,63.17,63.35,63.15,63.35,18210.0,63.22,42
2024-07-29 10:05:00-04:00,63.33,63.35,63.2,63.24,1398.0,63.257,13
2024-07-29 10:10:00-04:00,63.23,63.24,63.07,63.08,5355.0,63.189,33
2024-07-29 10:15:00-04:00,63.02,63.11,62.97,63.02,3755.0,63.029,32
2024-07-29 10:20:00-04:00,62.99,63.09,62.99,63.09,1870.0,63.057,17
2024-07-29 10:25:00-04:00,63.06,63.09,62.99,63.03,5257.0,63.033,48
2024-07-29 10:30:00-04:00,63.03,63.03,62.91,62.92,4048.0,62.945,31
2024-07-29 10:35:00-04:00,62.89,62.91,62.79,62.83,11156.0,62.858,90
2024-07-29 10:40:00-04:00,62.83,62.96,62.8,62.96,4422.0,62.894,39
2024-07-29 10:45:00-04:00,62.96,62.96,62.84,62.87,3872.0,62.879,30
2024-07-29 10:50:00-04:00,62.88,62.98,62.87,62.98,4913.0,62.926,39
2024-07-29 10:55:00-04:00,62.99,63.04,62.99,63.02,5368.0,63.014,38
2024-07-29 11:00:00-04:00,63.03,63.03,62.95,62.97,11115.0,63.001,41
2024-07-29 11:05:00-04:00,62.96,63.0,62.93,63.0,6622.0,62.965,60
2024-07-29 11:10:00-04:00,63.0,63.03,62.95,62.98,3376.0,63.002,25
2024-07-29 11:15:00-04:00,62.96,63.02,62.96,63.0,1807.0,63.0,17
2024-07-29 11:20:00-04:00,63.01,63.12,63.01,63.12,4267.0,63.066,35
2024-07-29 11:25:00-04:00,63.11,63.14,63.05,63.05,4154.0,63.091,33
2024-07-29 11:30:00-04:00,63.05,63.06,62.98,62.99,4455.0,63.02,42
2024-07-29 11:35:00-04:00,63.0,63.0,62.92,62.97,8653.0,62.955,60
2024-07-29 11:40:00-04:00,62.95,63.01,62.94,62.98,2785.0,62.981,23
2024-07-29 11:45:00-04:00,63.01,63.17,63.0,63.17,3970.0,63.078,32
2024-07-29 11:50:00-04:00,63.17,63.21,63.15,63.16,3446.0,63.169,27
2024-07-29 11:55:00-04:00,63.17,63.19,63.12,63.13,5841.0,63.154,52
2024-07-29 12:00:00-04:00,63.13,63.16,63.13,63.14,2790.0,63.146,25
2024-07-29 12:05:00-04:00,63.15,63.2,63.15,63.2,4754.0,63.17,42
2024-07-29 12:10:00-04:00,63.19,63.25,63.18,63.21,4031.0,63.219,32
2024-07-29 12:15:00-04:00,63.2,63.3,63.19,63.26,4016.0,63.242,36
2024-07-29 12:20:00-04:00,63.24,63.25,63.17,63.2,5650.0,63.22,43
2024-07-29 12:25:00-04:00,63.2,63.22,63.1,63.1,8454.0,63.171,44
2024-07-29 12:30:00-04:00,63.11,63.15,63.03,63.08,5783.0,63.102,51
2024-07-29 12:35:00-04:00,63.08,63.12,63.06,63.06,1801.0,63.085,15
2024-07-29 12:40:00-04:00,63.08,63.11,63.04,63.05,7744.0,63.071,36
2024-07-29 12:45:00-04:00,63.06,63.09,63.05,63.09,1507.0,63.08,15
2024-07-29 12:50:00-04:00,63.09,63.11,63.06,63.08,3644.0,63.086,30
2024-07-29 12:55:00-04:00,63.08,63.1,63.07,63.09,1202.0,63.089,9
2024-07-29 13:00:00-04:00,63.1,63.11,63.02,63.03,2136.0,63.074,19
2024-07-29 13:05:00-04:00,63.04,63.08,63.03,63.08,1931.0,63.058,17
2024-07-29 13:10:00-04:00,63.09,63.14,63.09,63.14,2023.0,63.122,19
2024-07-29 13:15:00-04:00,63.14,63.17,63.1,63.17,3709.0,63.132,31
2024-07-29 13:20:00-04:00,63.16,63.16,63.12,63.12,3346.0,63.135,21
2024-07-29 13:25:00-04:00,63.11,63.11,63.05,63.06,4067.0,63.068,32
2024-07-29 13:30:00-04:00,63.02,63.03,62.98,63.03,5153.0,63.011,46
2024-07-29 13:35:00-04:00,63.03,63.06,63.02,63.05,4494.0,63.042,38
2024-07-29 13:40:00-04:00,63.05,63.12,63.05,63.1,6981.0,63.089,49
2024-07-29 13:45:00-04:00,63.11,63.11,63.03,63.03,3941.0,63.088,31
2024-07-29 13:50:00-04:00,63.03,63.05,63.02,63.04,5582.0,63.041,43
2024-07-29 13:55:00-04:00,63.04,63.11,63.04,63.1,4481.0,63.073,37
2024-07-29 14:00:00-04:00,63.09,63.1,63.04,63.09,4795.0,63.071,42
2024-07-29 14:05:00-04:00,63.11,63.13,63.1,63.11,2170.0,63.115,20
2024-07-29 14:10:00-04:00,63.12,63.13,63.09,63.11,4871.0,63.112,43
2024-07-29 14:15:00-04:00,63.1,63.1,63.05,63.1,4141.0,63.08,36
2024-07-29 14:20:00-04:00,63.1,63.15,63.08,63.15,9152.0,63.108,49
2024-07-29 14:25:00-04:00,63.15,63.28,63.15,63.23,5674.0,63.219,52
2024-07-29 14:30:00-04:00,63.23,63.23,63.18,63.23,5872.0,63.212,46
2024-07-29 14:35:00-04:00,63.2,63.24,63.2,63.24,3714.0,63.223,30
2024-07-29 14:40:00-04:00,63.25,63.28,63.25,63.25,3172.0,63.268,29
2024-07-29 14:45:00-04:00,63.23,63.24,63.18,63.2,5037.0,63.211,42
2024-07-29 14:50:00-04:00,63.2,63.2,63.08,63.1,4706.0,63.135,39
2024-07-29 14:55:00-04:00,63.11,63.16,63.11,63.15,6488.0,63.14,49
2024-07-29 15:00:00-04:00,63.14,63.16,63.12,63.16,6802.0,63.143,52
2024-07-29 15:05:00-04:00,63.15,63.19,63.13,63.15,24690.0,63.168,88
2024-07-29 15:10:00-04:00,63.15,63.23,63.15,63.22,7655.0,63.187,62
2024-07-29 15:15:00-04:00,63.21,63.23,63.18,63.19,7267.0,63.21,56
2024-07-29 15:20:00-04:00,63.18,63.27,63.18,63.25,7745.0,63.23,63
2024-07-29 15:25:00-04:00,63.24,63.29,63.24,63.29,4677.0,63.261,44
2024-07-29 15:30:00-04:00,63.29,63.32,63.21,63.25,13409.0,63.249,99
2024-07-29 15:35:00-04:00,63.26,63.32,63.24,63.32,19557.0,63.302,77
2024-07-29 15:40:00-04:00,63.33,63.34,63.31,63.34,17239.0,63.324,132
2024-07-29 15:45:00-04:00,63.34,63.44,63.28,63.44,19475.0,63.344,161
2024-07-29 15:50:00-04:00,63.43,63.49,63.24,63.27,30603.0,63.376,244
2024-07-29 15:55:00-04:00,63.27,63.29,63.2,63.23,73368.0,63.24,508
2024-07-30 09:30:00-04:00,63.16,63.25,63.02,63.24,6052.0,63.167,9
2024-07-30 09:35:00-04:00,63.17,63.32,63.14,63.24,1668.0,63.204,14
2024-07-30 09:40:00-04:00,63.19,63.27,62.99,63.04,4578.0,63.1,30
2024-07-30 09:45:00-04:00,63.1,63.26,62.97,63.23,1500.0,63.102,15
2024-07-30 09:50:00-04:00,63.26,63.27,63.14,63.27,1846.0,63.225,16
2024-07-30 09:55:00-04:00,63.27,63.42,63.18,63.31,2584.0,63.279,25
2024-07-30 10:00:00-04:00,63.34,63.34,63.14,63.15,8825.0,63.196,50
2024-07-30 10:05:00-04:00,63.12,63.12,63.02,63.02,5352.0,63.072,51
2024-07-30 10:10:00-04:00,63.02,63.04,62.76,62.82,14091.0,62.903,100
2024-07-30 10:15:00-04:00,62.8,62.89,62.78,62.87,5443.0,62.828,46
2024-07-30 10:20:00-04:00,62.86,62.96,62.8,62.94,2626.0,62.869,25
2024-07-30 10:25:00-04:00,62.93,62.99,62.91,62.92,3207.0,62.948,31
2024-07-30 10:30:00-04:00,62.92,63.14,62.91,63.07,3893.0,63.044,33
2024-07-30 10:35:00-04:00,63.05,63.18,63.03,63.17,5790.0,63.091,53
2024-07-30 10:40:00-04:00,63.17,63.19,63.02,63.05,5874.0,63.085,45
2024-07-30 10:45:00-04:00,63.06,63.2,63.03,63.12,9052.0,63.13,69
2024-07-30 10:50:00-04:00,63.14,63.21,63.1,63.21,6400.0,63.15,53
2024-07-30 10:55:00-04:00,63.21,63.29,63.1,63.1,4464.0,63.224,35
2024-07-30 11:00:00-04:00,63.12,63.17,63.03,63.07,4371.0,63.088,31
2024-07-30 11:05:00-04:00,63.09,63.18,63.05,63.11,3522.0,63.107,32
2024-07-30 11:10:00-04:00,63.09,63.23,63.08,63.2,2491.0,63.127,24
2024-07-30 11:15:00-04:00,63.19,63.22,63.1,63.2,3325.0,63.165,27
2024-07-30 11:20:00-04:00,63.23,63.25,63.13,63.24,4991.0,63.193,43
2024-07-30 11:25:00-04:00,63.21,63.34,63.19,63.19,6635.0,63.268,55
2024-07-30 11:30:00-04:00,63.23,63.24,63.15,63.2,7362.0,63.194,52
2024-07-30 11:35:00-04:00,63.18,63.29,63.18,63.2,5139.0,63.238,48
2024-07-30 11:40:00-04:00,63.2,63.25,63.19,63.2,8458.0,63.224,78
2024-07-30 11:45:00-04:00,63.19,63.22,63.17,63.22,3519.0,63.191,34
2024-07-30 11:50:00-04:00,63.2,63.2,63.11,63.14,2764.0,63.142,26
2024-07-30 11:55:00-04:00,63.13,63.18,63.12,63.17,1978.0,63.159,16
2024-07-30 12:00:00-04:00,63.17,63.24,63.09,63.09,5596.0,63.192,48
2024-07-30 12:05:00-04:00,63.1,63.17,63.09,63.13,5130.0,63.131,37
2024-07-30 12:10:00-04:00,63.1,63.15,63.1,63.12,2659.0,63.117,25
2024-07-30 12:15:00-04:00,63.1,63.11,62.93,62.96,11948.0,63.026,87
2024-07-30 12:20:00-04:00,62.98,63.02,62.97,63.02,5593.0,62.999,50
2024-07-30 12:25:00-04:00,63.02,63.03,62.92,63.01,6750.0,62.982,58
2024-07-30 12:30:00-04:00,63.01,63.06,62.97,63.0,4121.0,63.012,35
2024-07-30 12:35:00-04:00,63.0,63.02,62.98,63.0,4731.0,63.001,42
2024-07-30 12:40:00-04:00,63.01,63.05,62.99,63.0,5506.0,63.02,50
2024-07-30 12:45:00-04:00,62.98,63.03,62.97,63.01,5068.0,63.004,41
2024-07-30 12:50:00-04:00,63.02,63.03,62.92,62.92,3950.0,63.006,36
2024-07-30 12:55:00-04:00,62.92,63.0,62.89,62.89,5295.0,62.958,49
2024-07-30 13:00:00-04:00,62.89,62.93,62.85,62.93,4463.0,62.888,36
2024-07-30 13:05:00-04:00,62.93,62.99,62.89,62.99,3687.0,62.928,33
2024-07-30 13:10:00-04:00,63.0,63.03,62.94,62.99,3254.0,62.979,25
2024-07-30 13:15:00-04:00,62.98,63.0,62.94,62.95,2432.0,62.972,21
2024-07-30 13:20:00-04:00,62.95,63.0,62.95,62.97,3217.0,62.969,26
2024-07-30 13:25:00-04:00,62.99,62.99,62.87,62.88,4859.0,62.929,37
2024-07-30 13:30:00-04:00,62.91,62.95,62.88,62.95,4660.0,62.914,45
2024-07-30 13:35:00-04:00,62.95,63.02,62.93,62.98,5193.0,62.969,47
2024-07-30 13:40:00-04:00,62.98,62.99,62.97,62.98,1760.0,62.979,17
2024-07-30 13:45:00-04:00,63.0,63.01,62.95,62.98,3269.0,62.986,28
2024-07-30 13:50:00-04:00,62.96,62.98,62.94,62.94,4450.0,62.962,31
2024-07-30 13:55:00-04:00,62.95,63.0,62.94,62.99,4008.0,62.98,36
2024-07-30 14:00:00-04:00,62.99,63.03,62.98,63.02,3723.0,63.003,31
2024-07-30 14:05:00-04:00,63.03,63.04,63.02,63.04,2940.0,63.03,26
2024-07-30 14:10:00-04:00,63.03,63.03,62.98,62.99,4315.0,63.005,35
2024-07-30 14:15:00-04:00,62.96,63.02,62.96,63.01,5920.0,62.995,51
2024-07-30 14:20:00-04:00,63.02,63.02,62.98,62.98,3131.0,62.995,29
2024-07-30 14:25:00-04:00,62.97,62.97,62.9,62.93,2914.0,62.936,25
2024-07-30 14:30:00-04:00,62.94,62.95,62.92,62.95,4715.0,62.936,40
2024-07-30 14:35:00-04:00,62.95,63.0,62.95,62.98,3748.0,62.981,36
2024-07-30 14:40:00-04:00,62.97,63.0,62.96,62.97,4989.0,62.982,42
2024-07-30 14:45:00-04:00,62.98,62.98,62.86,62.87,4703.0,62.913,44
2024-07-30 14:50:00-04:00,62.88,62.97,62.88,62.95,4010.0,62.926,39
2024-07-30 14:55:00-04:00,62.95,63.04,62.95,63.04,6647.0,62.982,54
2024-07-30 15:00:00-04:00,63.04,63.04,62.99,63.01,6148.0,63.014,51
2024-07-30 15:05:00-04:00,63.01,63.13,63.0,63.07,35617.0,63.024,86
2024-07-30 15:10:00-04:00,63.08,63.08,63.04,63.07,4416.0,63.065,42
2024-07-30 15:15:00-04:00,63.07,63.12,63.07,63.1,7446.0,63.095,53
2024-07-30 15:20:00-04:00,63.1,63.19,63.09,63.16,14476.0,63.138,85
2024-07-30 15:25:00-04:00,63.16,63.19,63.14,63.18,6329.0,63.167,57
2024-07-30 15:30:00-04:00,63.18,63.29,63.15,63.22,18793.0,63.195,118
2024-07-30 15:35:00-04:00,63.22,63.29,63.22,63.22,20152.0,63.254,132
2024-07-30 15:40:00-04:00,63.24,63.25,63.2,63.22,10167.0,63.228,92
2024-07-30 15:45:00-04:00,63.22,63.37,63.2,63.36,22540.0,63.28,176
2024-07-30 15:50:00-04:00,63.38,63.42,63.25,63.31,42507.0,63.322,361
2024-07-30 15:55:00-04:00,63.31,63.4,63.21,63.26,124324.0,63.323,760
2024-07-31 09:30:00-04:00,63.25,63.25,62.87,62.87,12213.0,63.225,13
2024-07-31 09:35:00-04:00,63.23,63.5,63.09,63.47,6179.0,63.343,43
2024-07-31 09:40:00-04:00,63.5,63.55,63.35,63.52,2538.0,63.461,20
2024-07-31 09:45:00-04:00,63.44,63.62,63.38,63.46,8361.0,63.489,59
2024-07-31 09:50:00-04:00,63.4,63.42,63.2,63.34,8720.0,63.308,71
2024-07-31 09:55:00-04:00,63.36,63.36,63.17,63.28,7146.0,63.248,49
2024-07-31 10:00:00-04:00,63.29,63.59,63.21,63.58,24980.0,63.345,71
2024-07-31 10:05:00-04:00,63.62,63.62,63.37,63.41,4710.0,63.518,43
2024-07-31 10:10:00-04:00,63.44,63.8,63.44,63.8,8572.0,63.598,69
2024-07-31 10:15:00-04:00,63.81,64.09,63.79,64.02,13254.0,63.989,101
2024-07-31 10:20:00-04:00,64.06,64.06,63.79,63.85,8492.0,63.886,62
2024-07-31 10:25:00-04:00,63.83,64.01,63.82,63.89,5091.0,63.893,40
2024-07-31 10:30:00-04:00,63.86,63.96,63.86,63.88,5793.0,63.907,44
2024-07-31 10:35:00-04:00,63.88,63.88,63.75,63.76,5064.0,63.815,39
2024-07-31 10:40:00-04:00,63.77,63.89,63.73,63.89,8316.0,63.787,73
2024-07-31 10:45:00-04:00,63.91,64.03,63.86,63.89,5813.0,63.963,50
2024-07-31 10:50:00-04:00,63.88,63.88,63.66,63.8,6289.0,63.729,59
2024-07-31 10:55:00-04:00,63.81,63.98,63.76,63.98,5497.0,63.849,40
2024-07-31 11:00:00-04:00,63.96,64.14,63.95,64.04,14954.0,64.038,82
2024-07-31 11:05:00-04:00,64.01,64.03,63.94,64.0,4722.0,63.998,36
2024-07-31 11:10:00-04:00,63.97,64.0,63.88,63.92,5339.0,63.943,44
2024-07-31 11:15:00-04:00,63.93,64.0,63.88,64.0,5357.0,63.945,44
2024-07-31 11:20:00-04:00,63.97,64.0,63.95,64.0,2268.0,63.973,18
2024-07-31 11:25:00-04:00,64.0,64.02,63.89,63.92,6146.0,63.967,39
2024-07-31 11:30:00-04:00,63.89,64.0,63.88,63.93,6955.0,63.926,59
2024-07-31 11:35:00-04:00,63.94,63.94,63.88,63.89,5638.0,63.907,38
2024-07-31 11:40:00-04:00,63.88,63.91,63.82,63.91,4526.0,63.869,41
2024-07-31 11:45:00-04:00,63.92,64.06,63.91,63.97,6835.0,63.981,58
2024-07-31 11:50:00-04:00,63.97,64.09,63.91,64.03,14884.0,63.992,95
2024-07-31 11:55:00-04:00,64.01,64.06,63.97,64.06,4101.0,64.023,37
2024-07-31 12:00:00-04:00,64.08,64.15,64.05,64.15,4055.0,64.109,27
2024-07-31 12:05:00-04:00,64.13,64.19,64.06,64.16,6446.0,64.122,54
2024-07-31 12:10:00-04:00,64.14,64.21,64.11,64.2,4966.0,64.159,41
2024-07-31 12:15:00-04:00,64.18,64.23,64.16,64.2,5050.0,64.201,45
2024-07-31 12:20:00-04:00,64.19,64.3,64.19,64.25,5420.0,64.242,46
2024-07-31 12:25:00-04:00,64.26,64.28,64.2,64.27,6286.0,64.232,47
2024-07-31 12:30:00-04:00,64.27,64.29,64.27,64.27,1743.0,64.276,14
2024-07-31 12:35:00-04:00,64.24,64.26,64.21,64.23,4407.0,64.23,36
2024-07-31 12:40:00-04:00,64.21,64.27,64.18,64.24,9066.0,64.225,73
2024-07-31 12:45:00-04:00,64.24,64.27,64.23,64.27,1603.0,64.25,13
2024-07-31 12:50:00-04:00,64.27,64.27,64.2,64.21,3792.0,64.225,32
2024-07-31 12:55:00-04:00,64.2,64.22,64.14,64.14,4337.0,64.189,40
2024-07-31 13:00:00-04:00,64.13,64.17,64.11,64.13,3547.0,64.145,30
2024-07-31 13:05:00-04:00,64.16,64.16,64.1,64.1,4273.0,64.136,39
2024-07-31 13:10:00-04:00,64.08,64.11,64.07,64.11,3246.0,64.096,27
2024-07-31 13:15:00-04:00,64.11,64.14,64.02,64.02,7273.0,64.108,58
2024-07-31 13:20:00-04:00,64.03,64.08,64.0,64.07,6724.0,64.041,57
2024-07-31 13:25:00-04:00,64.04,64.08,64.0,64.06,5242.0,64.044,41
2024-07-31 13:30:00-04:00,64.04,64.04,63.96,64.0,6397.0,63.994,49
2024-07-31 13:35:00-04:00,64.01,64.05,63.93,63.98,7745.0,63.996,60
2024-07-31 13:40:00-04:00,63.98,64.04,63.97,64.03,9904.0,63.992,64
2024-07-31 13:45:00-04:00,64.03,64.03,63.98,63.99,4123.0,64.001,34
2024-07-31 13:50:00-04:00,64.01,64.13,64.01,64.12,4284.0,64.09,38
2024-07-31 13:55:00-04:00,64.14,64.16,64.1,64.14,4415.0,64.136,40
2024-07-31 14:00:00-04:00,64.11,64.11,63.92,64.02,10529.0,63.996,87
2024-07-31 14:05:00-04:00,64.06,64.12,63.97,63.97,4138.0,64.052,33
2024-07-31 14:10:00-04:00,63.99,64.08,63.99,64.08,6447.0,64.02,55
2024-07-31 14:15:00-04:00,64.1,64.13,64.07,64.12,4848.0,64.102,40
2024-07-31 14:20:00-04:00,64.14,64.16,64.1,64.12,5162.0,64.13,39
2024-07-31 14:25:00-04:00,64.1,64.19,64.06,64.19,6629.0,64.119,55
2024-07-31 14:30:00-04:00,64.22,64.23,64.09,64.14,13748.0,64.149,100
2024-07-31 14:35:00-04:00,64.14,64.14,64.02,64.11,9869.0,64.097,87
2024-07-31 14:40:00-04:00,64.09,64.23,64.09,64.23,6756.0,64.165,47
2024-07-31 14:45:00-04:00,64.26,64.33,64.24,64.32,4622.0,64.29,39
2024-07-31 14:50:00-04:00,64.31,64.41,64.31,64.4,6230.0,64.357,49
2024-07-31 14:55:00-04:00,64.38,64.47,64.35,64.44,10974.0,64.411,94
2024-07-31 15:00:00-04:00,64.45,64.53,64.41,64.42,11516.0,64.467,97
2024-07-31 15:05:00-04:00,64.44,64.52,64.44,64.48,8280.0,64.475,70
2024-07-31 15:10:00-04:00,64.5,64.5,64.37,64.46,11768.0,64.441,92
2024-07-31 15:15:00-04:00,64.46,64.53,64.33,64.33,12512.0,64.443,104
2024-07-31 15:20:00-04:00,64.35,64.5,64.32,64.34,12638.0,64.405,101
2024-07-31 15:25:00-04:00,64.3,64.35,64.16,64.23,11465.0,64.273,86
2024-07-31 15:30:00-04:00,64.23,64.27,64.12,64.19,28218.0,64.186,213
2024-07-31 15:35:00-04:00,64.19,64.28,64.17,64.18,15367.0,64.217,121
2024-07-31 15:40:00-04:00,64.19,64.3,64.16,64.24,18431.0,64.228,144
2024-07-31 15:45:00-04:00,64.23,64.3,64.14,64.18,22289.0,64.219,188
2024-07-31 15:50:00-04:00,64.18,64.24,63.96,64.06,47808.0,64.074,376
2024-07-31 15:55:00-04:00,64.03,64.06,63.82,63.82,135085.0,63.942,881
2024-08-01 09:30:00-04:00,62.33,63.0,61.0,61.95,58814.0,61.905,220
2024-08-01 09:35:00-04:00,62.29,63.2,61.94,63.06,26361.0,62.753,210
2024-08-01 09:40:00-04:00,63.06,63.77,62.95,63.53,12795.0,63.507,85
2024-08-01 09:45:00-04:00,63.52,63.6,62.91,63.09,17346.0,63.169,90
2024-08-01 09:50:00-04:00,63.0,63.03,62.68,62.68,15687.0,62.878,135
2024-08-01 09:55:00-04:00,62.77,62.8,62.04,62.11,24289.0,62.445,160
2024-08-01 10:00:00-04:00,62.08,62.31,61.89,62.3,9349.0,62.127,73
2024-08-01 10:05:00-04:00,62.24,62.28,61.78,61.94,11940.0,62.026,108
2024-08-01 10:10:00-04:00,62.04,62.21,61.98,62.18,14411.0,62.1,121
2024-08-01 10:15:00-04:00,62.18,62.18,61.89,62.08,17576.0,62.004,149
2024-08-01 10:20:00-04:00,62.15,62.43,62.14,62.43,7428.0,62.265,59
2024-08-01 10:25:00-04:00,62.43,62.5,62.27,62.28,7629.0,62.407,63
2024-08-01 10:30:00-04:00,62.24,62.32,62.17,62.28,5852.0,62.249,54
2024-08-01 10:35:00-04:00,62.35,62.36,62.02,62.08,12709.0,62.145,110
2024-08-01 10:40:00-04:00,62.08,62.31,62.07,62.29,13702.0,62.192,110
2024-08-01 10:45:00-04:00,62.32,62.44,62.24,62.28,12200.0,62.326,94
2024-08-01 10:50:00-04:00,62.25,62.3,61.89,62.07,17491.0,62.109,114
2024-08-01 10:55:00-04:00,62.07,62.19,61.95,62.0,17510.0,62.078,91
2024-08-01 11:00:00-04:00,62.0,62.05,61.82,61.82,11418.0,61.965,96
2024-08-01 11:05:00-04:00,61.82,61.92,61.78,61.9,11271.0,61.85,87
2024-08-01 11:10:00-04:00,61.89,61.97,61.72,61.75,14486.0,61.845,99
2024-08-01 11:15:00-04:00,61.77,62.04,61.77,61.83,11883.0,61.925,98
2024-08-01 11:20:00-04:00,61.88,61.88,61.63,61.77,7180.0,61.754,61
2024-08-01 11:25:00-04:00,61.79,61.84,61.74,61.81,12329.0,61.799,90
2024-08-01 11:30:00-04:00,61.83,61.89,61.59,61.62,6705.0,61.786,57
2024-08-01 11:35:00-04:00,61.58,61.86,61.58,61.86,8679.0,61.73,63
2024-08-01 11:40:00-04:00,61.8,62.08,61.77,62.07,7585.0,61.878,63
2024-08-01 11:45:00-04:00,62.08,62.1,61.83,61.92,12846.0,61.933,100
2024-08-01 11:50:00-04:00,61.96,62.11,61.95,62.07,7195.0,62.021,63
2024-08-01 11:55:00-04:00,62.09,62.23,62.09,62.22,19145.0,62.134,106
2024-08-01 12:00:00-04:00,62.22,62.6,62.21,62.6,10024.0,62.338,83
2024-08-01 12:05:00-04:00,62.6,62.65,62.43,62.55,40975.0,62.545,231
2024-08-01 12:10:00-04:00,62.57,62.62,62.27,62.3,32614.0,62.406,109
2024-08-01 12:15:00-04:00,62.26,62.54,62.21,62.5,11231.0,62.387,92
2024-08-01 12:20:00-04:00,62.51,62.58,62.43,62.53,6873.0,62.51,45
2024-08-01 12:25:00-04:00,62.55,62.88,62.55,62.85,13980.0,62.73,110
2024-08-01 12:30:00-04:00,62.85,62.89,62.51,62.57,5043.0,62.765,48
2024-08-01 12:35:00-04:00,62.6,62.64,62.43,62.45,10936.0,62.534,84
2024-08-01 12:40:00-04:00,62.44,62.73,62.43,62.71,6770.0,62.57,58
2024-08-01 12:45:00-04:00,62.69,62.79,62.66,62.68,9710.0,62.72,62
2024-08-01 12:50:00-04:00,62.71,62.88,62.63,62.86,8577.0,62.742,59
2024-08-01 12:55:00-04:00,62.87,63.08,62.81,62.93,13337.0,62.957,96
2024-08-01 13:00:00-04:00,62.92,63.0,62.9,62.96,12246.0,62.95,96
2024-08-01 13:05:00-04:00,62.95,62.99,62.91,62.97,15933.0,62.951,114
2024-08-01 13:10:00-04:00,62.98,62.98,62.83,62.88,15366.0,62.876,113
2024-08-01 13:15:00-04:00,62.86,62.92,62.81,62.92,10080.0,62.863,79
2024-08-01 13:20:00-04:00,62.89,63.07,62.86,63.07,9268.0,62.982,71
2024-08-01 13:25:00-04:00,63.07,63.23,63.06,63.2,11973.0,63.142,104
2024-08-01 13:30:00-04:00,63.18,63.32,63.16,63.32,9833.0,63.217,84
2024-08-01 13:35:00-04:00,63.32,63.34,63.15,63.18,24986.0,63.266,160
2024-08-01 13:40:00-04:00,63.19,63.27,63.17,63.2,23228.0,63.213,106
2024-08-01 13:45:00-04:00,63.16,63.28,63.07,63.28,11387.0,63.163,82
2024-08-01 13:50:00-04:00,63.29,63.29,63.14,63.27,10128.0,63.235,85
2024-08-01 13:55:00-04:00,63.29,63.44,63.29,63.44,6417.0,63.374,48
2024-08-01 14:00:00-04:00,63.46,63.5,63.38,63.43,10682.0,63.425,84
2024-08-01 14:05:00-04:00,63.41,63.66,63.4,63.64,19798.0,63.596,153
2024-08-01 14:10:00-04:00,63.62,63.72,63.58,63.66,28068.0,63.639,204
2024-08-01 14:15:00-04:00,63.66,63.75,63.63,63.67,19252.0,63.69,152
2024-08-01 14:20:00-04:00,63.67,63.85,63.67,63.8,15432.0,63.806,121
2024-08-01 14:25:00-04:00,63.8,63.81,63.64,63.81,25235.0,63.705,201
2024-08-01 14:30:00-04:00,63.77,63.8,63.71,63.8,20654.0,63.748,166
2024-08-01 14:35:00-04:00,63.8,63.92,63.8,63.89,10507.0,63.866,87
2024-08-01 14:40:00-04:00,63.87,63.97,63.86,63.97,22241.0,63.9,161
2024-08-01 14:45:00-04:00,63.98,64.07,63.92,64.02,19468.0,64.015,152
2024-08-01 14:50:00-04:00,64.02,64.14,63.99,64.09,16150.0,64.072,130
2024-08-01 14:55:00-04:00,64.09,64.27,64.05,64.21,20197.0,64.172,156
2024-08-01 15:00:00-04:00,64.21,64.29,64.12,64.16,24411.0,64.184,195
2024-08-01 15:05:00-04:00,64.16,64.24,64.13,64.16,19180.0,64.169,143
2024-08-01 15:10:00-04:00,64.14,64.42,64.13,64.42,40670.0,64.276,278
2024-08-01 15:15:00-04:00,64.42,64.43,64.28,64.43,35199.0,64.352,264
2024-08-01 15:20:00-04:00,64.41,64.55,64.39,64.51,24568.0,64.445,180
2024-08-01 15:25:00-04:00,64.53,64.76,64.53,64.67,44399.0,64.67,318
2024-08-01 15:30:00-04:00,64.7,64.78,64.58,64.6,58708.0,64.642,333
2024-08-01 15:35:00-04:00,64.59,64.71,64.56,64.67,36159.0,64.626,281
2024-08-01 15:40:00-04:00,64.64,64.88,64.62,64.77,51101.0,64.775,353
2024-08-01 15:45:00-04:00,64.76,64.83,64.5,64.63,132859.0,64.68,907
2024-08-01 15:50:00-04:00,64.64,64.72,64.36,64.49,152755.0,64.52,851
2024-08-01 15:55:00-04:00,64.5,64.68,64.43,64.52,208268.0,64.588,1370
2024-08-02 09:30:00-04:00,64.09,64.09,63.57,63.75,21294.0,64.04,23
2024-08-02 09:35:00-04:00,63.85,64.27,63.71,64.27,3801.0,63.966,31
2024-08-02 09:40:00-04:00,64.26,64.77,64.17,64.7,16135.0,64.422,128
2024-08-02 09:45:00-04:00,64.7,64.78,64.53,64.54,17376.0,64.675,78
2024-08-02 09:50:00-04:00,64.62,64.71,64.25,64.29,18235.0,64.472,102
2024-08-02 09:55:00-04:00,64.25,64.38,64.1,64.17,9773.0,64.208,73
2024-08-02 10:00:00-04:00,64.14,64.31,64.11,64.28,15286.0,64.2,124
2024-08-02 10:05:00-04:00,64.28,64.3,64.15,64.17,17372.0,64.217,121
2024-08-02 10:10:00-04:00,64.15,64.15,63.94,64.0,20485.0,64.003,145
2024-08-02 10:15:00-04:00,63.97,64.23,63.94,64.01,45270.0,64.023,152
2024-08-02 10:20:00-04:00,64.01,64.01,63.87,63.95,13565.0,63.931,114
2024-08-02 10:25:00-04:00,63.92,64.13,63.86,64.08,10244.0,64.01,89
2024-08-02 10:30:00-04:00,64.07,64.18,63.97,64.0,7533.0,64.074,54
2024-08-02 10:35:00-04:00,64.03,64.08,63.98,64.01,9799.0,64.013,49
2024-08-02 10:40:00-04:00,64.03,64.07,63.98,63.98,8475.0,64.035,62
2024-08-02 10:45:00-04:00,63.98,63.98,63.82,63.89,9098.0,63.891,70
2024-08-02 10:50:00-04:00,63.96,64.02,63.78,63.82,55556.0,63.964,232
2024-08-02 10:55:00-04:00,63.78,63.8,63.66,63.71,9334.0,63.737,76
2024-08-02 11:00:00-04:00,63.65,63.65,63.33,63.37,9184.0,63.508,66
2024-08-02 11:05:00-04:00,63.32,63.46,63.32,63.35,5788.0,63.389,35
2024-08-02 11:10:00-04:00,63.34,63.37,63.03,63.06,4983.0,63.147,39
2024-08-02 11:15:00-04:00,63.03,63.12,62.95,63.07,7454.0,63.056,60
2024-08-02 11:20:00-04:00,63.06,63.06,62.86,62.86,10847.0,62.956,88
2024-08-02 11:25:00-04:00,62.86,62.99,62.79,62.99,8254.0,62.881,62
2024-08-02 11:30:00-04:00,62.99,63.03,62.88,62.88,6197.0,62.972,46
2024-08-02 11:35:00-04:00,62.87,63.04,62.84,62.95,10702.0,62.944,84
2024-08-02 11:40:00-04:00,62.93,63.05,62.89,63.04,9759.0,62.984,75
2024-08-02 11:45:00-04:00,63.01,63.34,63.01,63.34,7487.0,63.181,67
2024-08-02 11:50:00-04:00,63.34,63.35,63.13,63.26,14384.0,63.231,124
2024-08-02 11:55:00-04:00,63.26,63.37,63.24,63.32,12930.0,63.304,93
2024-08-02 12:00:00-04:00,63.35,63.47,63.32,63.43,8092.0,63.421,65
2024-08-02 12:05:00-04:00,63.46,63.61,63.38,63.59,6222.0,63.495,56
2024-08-02 12:10:00-04:00,63.56,63.56,63.38,63.53,11637.0,63.459,81
2024-08-02 12:15:00-04:00,63.55,63.64,63.5,63.59,10386.0,63.565,57
2024-08-02 12:20:00-04:00,63.61,63.69,63.57,63.67,13568.0,63.619,82
2024-08-02 12:25:00-04:00,63.65,63.81,63.62,63.75,8631.0,63.718,72
2024-08-02 12:30:00-04:00,63.75,63.86,63.71,63.83,6818.0,63.792,49
2024-08-02 12:35:00-04:00,63.83,63.89,63.79,63.87,3011.0,63.845,27
2024-08-02 12:40:00-04:00,63.87,63.96,63.83,63.95,10027.0,63.901,78
2024-08-02 12:45:00-04:00,63.96,64.04,63.91,64.03,8783.0,63.977,58
2024-08-02 12:50:00-04:00,64.01,64.03,63.71,63.72,9313.0,63.86,73
2024-08-02 12:55:00-04:00,63.72,63.77,63.67,63.72,7200.0,63.725,60
2024-08-02 13:00:00-04:00,63.68,63.72,63.43,63.43,8872.0,63.587,71
2024-08-02 13:05:00-04:00,63.47,63.64,63.38,63.64,7036.0,63.476,58
2024-08-02 13:10:00-04:00,63.64,63.64,63.54,63.56,3542.0,63.574,27
2024-08-02 13:15:00-04:00,63.58,63.72,63.56,63.71,6792.0,63.645,56
2024-08-02 13:20:00-04:00,63.72,63.87,63.7,63.83,16414.0,63.819,122
2024-08-02 13:25:00-04:00,63.85,63.93,63.83,63.9,5426.0,63.88,30
2024-08-02 13:30:00-04:00,63.88,63.95,63.85,63.95,9425.0,63.906,69
2024-08-02 13:35:00-04:00,63.96,63.96,63.9,63.91,3242.0,63.93,31
2024-08-02 13:40:00-04:00,63.91,63.96,63.88,63.91,12513.0,63.93,76
2024-08-02 13:45:00-04:00,63.9,63.98,63.88,63.89,9633.0,63.929,82
2024-08-02 13:50:00-04:00,63.85,63.92,63.84,63.85,53259.0,63.898,150
2024-08-02 13:55:00-04:00,63.78,63.94,63.78,63.91,5815.0,63.862,48
2024-08-02 14:00:00-04:00,63.94,63.94,63.88,63.89,5930.0,63.901,49
2024-08-02 14:05:00-04:00,63.86,64.03,63.86,64.03,5726.0,63.963,47
2024-08-02 14:10:00-04:00,64.04,64.23,64.03,64.22,10633.0,64.147,82
2024-08-02 14:15:00-04:00,64.22,64.36,64.22,64.36,9263.0,64.264,68
2024-08-02 14:20:00-04:00,64.39,64.5,64.35,64.38,8170.0,64.433,64
2024-08-02 14:25:00-04:00,64.39,64.46,64.37,64.46,4195.0,64.426,37
2024-08-02 14:30:00-04:00,64.46,64.48,64.41,64.43,5560.0,64.445,42
2024-08-02 14:35:00-04:00,64.39,64.46,64.39,64.42,8186.0,64.429,62
2024-08-02 14:40:00-04:00,64.39,64.57,64.39,64.53,8279.0,64.495,67
2024-08-02 14:45:00-04:00,64.51,64.54,64.49,64.49,3736.0,64.518,34
2024-08-02 14:50:00-04:00,64.49,64.55,64.45,64.49,11201.0,64.506,90
2024-08-02 14:55:00-04:00,64.53,64.73,64.53,64.73,17583.0,64.644,137
2024-08-02 15:00:00-04:00,64.73,64.75,64.67,64.73,18816.0,64.718,142
2024-08-02 15:05:00-04:00,64.75,64.78,64.67,64.75,10142.0,64.724,74
2024-08-02 15:10:00-04:00,64.76,64.78,64.71,64.76,15050.0,64.751,111
2024-08-02 15:15:00-04:00,64.76,64.76,64.68,64.7,15118.0,64.727,116
2024-08-02 15:20:00-04:00,64.69,64.78,64.63,64.66,22805.0,64.71,177
2024-08-02 15:25:00-04:00,64.68,64.74,64.6,64.62,14770.0,64.666,123
2024-08-02 15:30:00-04:00,64.62,64.66,64.4,64.45,22113.0,64.581,141
2024-08-02 15:35:00-04:00,64.44,64.47,64.32,64.34,17668.0,64.39,152
2024-08-02 15:40:00-04:00,64.34,64.4,64.31,64.39,14932.0,64.355,126
2024-08-02 15:45:00-04:00,64.39,64.53,64.36,64.46,35667.0,64.432,297
2024-08-02 15:50:00-04:00,64.43,64.58,64.38,64.58,70954.0,64.46,521
2024-08-02 15:55:00-04:00,64.58,64.8,64.54,64.76,250603.0,64.679,1298
2024-08-05 09:30:00-04:00,63.63,64.36,63.56,64.13,44644.0,63.833,110
2024-08-05 09:35:00-04:00,64.13,64.33,63.48,63.72,33887.0,63.833,178
2024-08-05 09:40:00-04:00,63.84,64.09,62.85,62.93,64852.0,63.583,322
2024-08-05 09:45:00-04:00,63.03,63.2,62.81,62.92,29205.0,62.999,169
2024-08-05 09:50:00-04:00,62.97,63.22,62.85,62.86,29882.0,63.037,152
2024-08-05 09:55:00-04:00,62.84,62.93,62.63,62.78,21013.0,62.824,117
2024-08-05 10:00:00-04:00,62.71,63.3,62.7,62.97,23080.0,62.963,132
2024-08-05 10:05:00-04:00,62.97,63.0,62.6,62.6,16144.0,62.816,126
2024-08-05 10:10:00-04:00,62.53,62.72,62.47,62.58,15020.0,62.588,124
2024-08-05 10:15:00-04:00,62.53,62.65,62.44,62.58,11637.0,62.546,105
2024-08-05 10:20:00-04:00,62.55,62.58,62.39,62.54,15585.0,62.507,125
2024-08-05 10:25:00-04:00,62.59,62.83,62.54,62.63,11163.0,62.694,100
2024-08-05 10:30:00-04:00,62.59,62.84,62.54,62.83,15575.0,62.63,90
2024-08-05 10:35:00-04:00,62.85,62.87,62.53,62.55,12556.0,62.641,115
2024-08-05 10:40:00-04:00,62.55,62.74,62.52,62.73,10691.0,62.611,89
2024-08-05 10:45:00-04:00,62.76,62.76,62.56,62.57,12379.0,62.666,95
2024-08-05 10:50:00-04:00,62.59,62.86,62.58,62.77,14374.0,62.695,127
2024-08-05 10:55:00-04:00,62.75,62.75,62.59,62.61,8001.0,62.644,70
2024-08-05 11:00:00-04:00,62.63,62.76,62.63,62.67,13302.0,62.686,113
2024-08-05 11:05:00-04:00,62.67,62.92,62.65,62.91,22512.0,62.779,178
2024-08-05 11:10:00-04:00,62.88,62.88,62.65,62.7,26520.0,62.784,193
2024-08-05 11:15:00-04:00,62.7,62.71,62.54,62.6,14909.0,62.639,115
2024-08-05 11:20:00-04:00,62.58,62.75,62.56,62.7,19606.0,62.671,143
2024-08-05 11:25:00-04:00,62.7,62.81,62.7,62.75,7480.0,62.764,63
2024-08-05 11:30:00-04:00,62.73,62.89,62.72,62.84,12501.0,62.809,99
2024-08-05 11:35:00-04:00,62.84,63.08,62.84,62.99,17618.0,62.945,101
2024-08-05 11:40:00-04:00,62.99,63.04,62.89,63.02,13162.0,62.961,66
2024-08-05 11:45:00-04:00,63.02,63.05,62.91,62.91,8968.0,62.971,69
2024-08-05 11:50:00-04:00,62.9,62.9,62.76,62.85,10143.0,62.822,68
2024-08-05 11:55:00-04:00,62.86,63.01,62.8,62.99,14798.0,62.885,71
2024-08-05 12:00:00-04:00,62.99,62.99,62.86,62.87,10861.0,62.933,64
2024-08-05 12:05:00-04:00,62.87,62.93,62.8,62.91,15759.0,62.846,65
2024-08-05 12:10:00-04:00,62.93,62.98,62.86,62.94,12320.0,62.922,71
2024-08-05 12:15:00-04:00,62.95,63.1,62.92,62.96,20228.0,62.988,90
2024-08-05 12:20:00-04:00,62.98,63.07,62.96,63.03,4712.0,63.015,40
2024-08-05 12:25:00-04:00,63.01,63.21,63.0,63.21,10341.0,63.114,84
2024-08-05 12:30:00-04:00,63.19,63.23,63.14,63.22,4180.0,63.182,38
2024-08-05 12:35:00-04:00,63.22,63.37,63.22,63.27,13521.0,63.324,94
2024-08-05 12:40:00-04:00,63.31,63.34,63.25,63.26,8448.0,63.299,74
2024-08-05 12:45:00-04:00,63.28,63.3,63.22,63.24,10941.0,63.265,93
2024-08-05 12:50:00-04:00,63.25,63.26,63.17,63.24,8398.0,63.222,67
2024-08-05 12:55:00-04:00,63.24,63.43,63.21,63.42,9141.0,63.307,80
2024-08-05 13:00:00-04:00,63.39,63.39,63.26,63.26,9469.0,63.321,75
2024-08-05 13:05:00-04:00,63.23,63.3,63.14,63.29,8232.0,63.22,73
2024-08-05 13:10:00-04:00,63.29,63.31,63.16,63.19,5396.0,63.233,47
2024-08-05 13:15:00-04:00,63.21,63.27,63.2,63.23,6099.0,63.237,49
2024-08-05 13:20:00-04:00,63.26,63.31,63.24,63.3,9093.0,63.281,75
2024-08-05 13:25:00-04:00,63.31,63.36,63.28,63.3,9964.0,63.318,70
2024-08-05 13:30:00-04:00,63.3,63.35,63.22,63.32,10804.0,63.279,90
2024-08-05 13:35:00-04:00,63.31,63.36,63.28,63.33,6319.0,63.32,51
2024-08-05 13:40:00-04:00,63.32,63.36,63.28,63.29,6472.0,63.326,52
2024-08-05 13:45:00-04:00,63.31,63.32,63.24,63.25,5346.0,63.274,43
2024-08-05 13:50:00-04:00,63.23,63.23,63.12,63.14,8330.0,63.164,63
2024-08-05 13:55:00-04:00,63.15,63.15,63.1,63.13,5650.0,63.129,46
2024-08-05 14:00:00-04:00,63.14,63.16,63.02,63.15,11209.0,63.098,90
2024-08-05 14:05:00-04:00,63.15,63.26,63.14,63.26,7400.0,63.207,54
2024-08-05 14:10:00-04:00,63.27,63.3,63.24,63.27,8064.0,63.269,65
2024-08-05 14:15:00-04:00,63.27,63.35,63.23,63.35,9323.0,63.287,81
2024-08-05 14:20:00-04:00,63.34,63.36,63.28,63.28,7348.0,63.316,53
2024-08-05 14:25:00-04:00,63.24,63.28,63.11,63.28,8551.0,63.196,64
2024-08-05 14:30:00-04:00,63.27,63.3,63.23,63.25,18097.0,63.267,100
2024-08-05 14:35:00-04:00,63.22,63.24,63.18,63.19,3983.0,63.207,37
2024-08-05 14:40:00-04:00,63.17,63.28,63.13,63.15,9923.0,63.191,80
2024-08-05 14:45:00-04:00,63.16,63.18,63.12,63.13,5946.0,63.152,50
2024-08-05 14:50:00-04:00,63.16,63.28,63.14,63.25,8950.0,63.217,71
2024-08-05 14:55:00-04:00,63.26,63.31,63.24,63.29,18655.0,63.283,94
2024-08-05 15:00:00-04:00,63.3,63.34,63.23,63.28,12957.0,63.293,110
2024-08-05 15:05:00-04:00,63.26,63.27,63.16,63.17,11265.0,63.212,91
2024-08-05 15:10:00-04:00,63.17,63.2,63.1,63.12,17054.0,63.154,129
2024-08-05 15:15:00-04:00,63.12,63.13,62.99,63.0,12072.0,63.055,95
2024-08-05 15:20:00-04:00,62.99,63.07,62.98,62.99,14054.0,63.013,113
2024-08-05 15:25:00-04:00,62.97,62.97,62.9,62.92,15600.0,62.925,128
2024-08-05 15:30:00-04:00,62.94,62.97,62.81,62.88,27333.0,62.895,224
2024-08-05 15:35:00-04:00,62.88,62.95,62.7,62.72,16949.0,62.829,146
2024-08-05 15:40:00-04:00,62.72,62.82,62.68,62.75,27052.0,62.741,213
2024-08-05 15:45:00-04:00,62.74,62.79,62.65,62.74,23736.0,62.719,170
2024-08-05 15:50:00-04:00,62.73,62.82,62.65,62.72,48539.0,62.739,378
2024-08-05 15:55:00-04:00,62.73,62.76,62.61,62.68,143911.0,62.681,825
2024-08-06 09:30:00-04:00,62.88,62.88,62.66,62.83,15901.0,62.877,6
2024-08-06 09:35:00-04:00,63.06,63.2,62.89,63.03,2113.0,63.073,15
2024-08-06 09:40:00-04:00,63.19,63.24,63.07,63.24,785.0,63.18,7
2024-08-06 09:45:00-04:00,63.22,63.34,63.02,63.28,4451.0,63.139,34
2024-08-06 09:50:00-04:00,63.35,63.64,63.35,63.51,4188.0,63.517,36
2024-08-06 09:55:00-04:00,63.59,63.78,63.59,63.65,2566.0,63.661,21
2024-08-06 10:00:00-04:00,63.61,63.77,63.55,63.62,4845.0,63.67,41
2024-08-06 10:05:00-04:00,63.57,63.91,63.48,63.91,5158.0,63.696,39
2024-08-06 10:10:00-04:00,63.87,63.96,63.8,63.85,3587.0,63.867,27
2024-08-06 10:15:00-04:00,63.86,63.87,63.58,63.69,7450.0,63.698,58
2024-08-06 10:20:00-04:00,63.73,63.74,63.52,63.6,10266.0,63.609,80
2024-08-06 10:25:00-04:00,63.66,63.69,63.54,63.6,7761.0,63.606,60
2024-08-06 10:30:00-04:00,63.63,63.69,63.51,63.58,8563.0,63.581,46
2024-08-06 10:35:00-04:00,63.61,63.72,63.58,63.65,4326.0,63.644,34
2024-08-06 10:40:00-04:00,63.62,63.85,63.61,63.85,6873.0,63.745,56
2024-08-06 10:45:00-04:00,63.85,63.98,63.85,63.98,5263.0,63.916,41
2024-08-06 10:50:00-04:00,63.95,63.95,63.78,63.86,5598.0,63.855,45
2024-08-06 10:55:00-04:00,63.83,63.83,63.69,63.73,4078.0,63.744,36
2024-08-06 11:00:00-04:00,63.75,63.88,63.64,63.86,5840.0,63.739,52
2024-08-06 11:05:00-04:00,63.87,63.92,63.77,63.77,5432.0,63.859,37
2024-08-06 11:10:00-04:00,63.74,63.74,63.63,63.64,8971.0,63.666,64
2024-08-06 11:15:00-04:00,63.64,63.76,63.64,63.7,4530.0,63.698,42
2024-08-06 11:20:00-04:00,63.66,63.7,63.58,63.6,4359.0,63.633,40
2024-08-06 11:25:00-04:00,63.6,63.65,63.49,63.5,4354.0,63.568,38
2024-08-06 11:30:00-04:00,63.52,63.67,63.48,63.65,7267.0,63.579,61
2024-08-06 11:35:00-04:00,63.68,63.78,63.62,63.74,4294.0,63.686,37
2024-08-06 11:40:00-04:00,63.72,63.73,63.63,63.73,4396.0,63.688,33
2024-08-06 11:45:00-04:00,63.76,63.79,63.73,63.79,3940.0,63.759,31
2024-08-06 11:50:00-04:00,63.8,63.89,63.8,63.82,4373.0,63.834,37
2024-08-06 11:55:00-04:00,63.84,63.92,63.84,63.92,3577.0,63.867,28
2024-08-06 12:00:00-04:00,63.92,63.99,63.89,63.97,9229.0,63.943,72
2024-08-06 12:05:00-04:00,63.99,64.06,63.98,64.06,4054.0,64.015,28
2024-08-06 12:10:00-04:00,64.04,64.09,63.97,64.08,8857.0,64.021,50
2024-08-06 12:15:00-04:00,64.1,64.12,64.06,64.1,6581.0,64.083,48
2024-08-06 12:20:00-04:00,64.1,64.11,64.05,64.06,6976.0,64.09,42
2024-08-06 12:25:00-04:00,64.06,64.06,63.95,64.02,5039.0,63.996,39
2024-08-06 12:30:00-04:00,64.02,64.02,63.92,63.92,7023.0,63.967,36
2024-08-06 12:35:00-04:00,63.91,63.97,63.86,63.97,6862.0,63.914,49
2024-08-06 12:40:00-04:00,63.96,63.96,63.91,63.94,2417.0,63.935,20
2024-08-06 12:45:00-04:00,63.94,63.95,63.84,63.84,4478.0,63.904,36
2024-08-06 12:50:00-04:00,63.86,64.06,63.86,64.06,12958.0,63.99,61
2024-08-06 12:55:00-04:00,64.05,64.05,63.98,63.98,5515.0,64.013,35
2024-08-06 13:00:00-04:00,63.95,64.15,63.92,64.06,66091.0,64.03,155
2024-08-06 13:05:00-04:00,64.06,64.07,64.0,64.03,2620.0,64.027,22
2024-08-06 13:10:00-04:00,64.01,64.03,63.92,63.95,5579.0,64.007,37
2024-08-06 13:15:00-04:00,63.98,64.03,63.97,64.0,5412.0,63.999,40
2024-08-06 13:20:00-04:00,63.99,64.02,63.92,63.93,3929.0,63.969,34
2024-08-06 13:25:00-04:00,63.92,63.99,63.92,63.97,10288.0,63.965,55
2024-08-06 13:30:00-04:00,63.98,64.04,63.98,64.03,8215.0,64.01,40
2024-08-06 13:35:00-04:00,64.03,64.14,64.03,64.14,5317.0,64.08,41
2024-08-06 13:40:00-04:00,64.15,64.15,64.02,64.13,8985.0,64.113,52
2024-08-06 13:45:00-04:00,64.1,64.12,64.07,64.12,6344.0,64.096,35
2024-08-06 13:50:00-04:00,64.1,64.17,64.08,64.16,3249.0,64.107,26
2024-08-06 13:55:00-04:00,64.17,64.2,64.13,64.13,5489.0,64.174,33
2024-08-06 14:00:00-04:00,64.14,64.15,64.06,64.09,6908.0,64.109,54
2024-08-06 14:05:00-04:00,64.06,64.1,64.05,64.09,8978.0,64.073,69
2024-08-06 14:10:00-04:00,64.11,64.2,64.11,64.2,11698.0,64.15,71
2024-08-06 14:15:00-04:00,64.19,64.32,64.19,64.32,5435.0,64.244,46
2024-08-06 14:20:00-04:00,64.32,64.42,64.31,64.41,5091.0,64.374,44
2024-08-06 14:25:00-04:00,64.41,64.52,64.4,64.52,7408.0,64.454,53
2024-08-06 14:30:00-04:00,64.52,64.56,64.44,64.51,8911.0,64.51,71
2024-08-06 14:35:00-04:00,64.49,64.54,64.48,64.52,5763.0,64.509,51
2024-08-06 14:40:00-04:00,64.52,64.52,64.44,64.47,6080.0,64.481,54
2024-08-06 14:45:00-04:00,64.47,64.51,64.44,64.48,6524.0,64.478,46
2024-08-06 14:50:00-04:00,64.48,64.51,64.42,64.45,6516.0,64.456,57
2024-08-06 14:55:00-04:00,64.45,64.46,64.29,64.33,11982.0,64.398,92
2024-08-06 15:00:00-04:00,64.31,64.33,64.12,64.13,7642.0,64.246,60
2024-08-06 15:05:00-04:00,64.14,64.17,64.05,64.11,9605.0,64.104,76
2024-08-06 15:10:00-04:00,64.1,64.22,64.07,64.22,7238.0,64.128,59
2024-08-06 15:15:00-04:00,64.22,64.22,64.06,64.07,5983.0,64.136,51
2024-08-06 15:20:00-04:00,64.09,64.24,64.06,64.24,10852.0,64.155,91
2024-08-06 15:25:00-04:00,64.22,64.28,64.15,64.17,9243.0,64.215,79
2024-08-06 15:30:00-04:00,64.19,64.21,64.11,64.19,10469.0,64.154,90
2024-08-06 15:35:00-04:00,64.18,64.19,64.09,64.09,17349.0,64.149,138
2024-08-06 15:40:00-04:00,64.08,64.1,63.86,63.87,13457.0,64.012,108
2024-08-06 15:45:00-04:00,63.83,63.87,63.68,63.72,19503.0,63.752,156
2024-08-06 15:50:00-04:00,63.7,63.7,63.4,63.41,43807.0,63.504,342
2024-08-06 15:55:00-04:00,63.4,63.4,63.27,63.3,145751.0,63.329,907
2024-08-07 09:30:00-04:00,63.7,63.7,63.11,63.68,14457.0,63.655,4
2024-08-07 09:35:00-04:00,63.66,63.88,63.48,63.78,1400.0,63.738,13
2024-08-07 09:40:00-04:00,63.63,63.85,63.62,63.85,667.0,63.777,5
2024-08-07 09:45:00-04:00,63.8,64.03,63.63,63.69,10614.0,63.842,80
2024-08-07 09:50:00-04:00,63.66,63.88,63.65,63.88,5179.0,63.771,44
2024-08-07 09:55:00-04:00,63.91,64.11,63.9,64.11,5685.0,64.014,40
2024-08-07 10:00:00-04:00,64.15,64.18,63.99,64.0,8829.0,64.091,71
2024-08-07 10:05:00-04:00,63.98,64.2,63.94,64.16,2578.0,64.071,19
2024-08-07 10:10:00-04:00,64.14,64.14,64.06,64.11,2670.0,64.109,22
2024-08-07 10:15:00-04:00,64.17,64.22,63.98,64.12,8215.0,64.102,66
2024-08-07 10:20:00-04:00,64.12,64.18,64.07,64.1,3948.0,64.125,30
2024-08-07 10:25:00-04:00,64.13,64.13,63.85,63.89,5512.0,63.939,32
2024-08-07 10:30:00-04:00,63.86,63.98,63.81,63.85,6238.0,63.851,45
2024-08-07 10:35:00-04:00,63.81,63.98,63.81,63.94,5713.0,63.888,45
2024-08-07 10:40:00-04:00,63.92,64.05,63.92,64.05,1992.0,63.976,13
2024-08-07 10:45:00-04:00,64.08,64.16,64.05,64.11,5288.0,64.119,39
2024-08-07 10:50:00-04:00,64.09,64.14,63.94,63.94,4724.0,64.069,32
2024-08-07 10:55:00-04:00,63.92,64.09,63.92,64.0,7161.0,64.024,58
2024-08-07 11:00:00-04:00,64.02,64.09,63.95,64.06,6235.0,64.025,43
2024-08-07 11:05:00-04:00,64.06,64.07,64.02,64.06,2227.0,64.04,18
2024-08-07 11:10:00-04:00,64.12,64.14,63.99,64.0,4014.0,64.074,35
2024-08-07 11:15:00-04:00,64.0,64.06,63.94,63.97,1933.0,64.006,17
2024-08-07 11:20:00-04:00,63.99,64.01,63.96,63.99,4103.0,63.979,34
2024-08-07 11:25:00-04:00,63.96,64.07,63.96,64.06,4102.0,64.005,32
2024-08-07 11:30:00-04:00,64.07,64.15,64.07,64.09,5850.0,64.111,43
2024-08-07 11:35:00-04:00,64.11,64.27,64.11,64.24,4588.0,64.207,32
2024-08-07 11:40:00-04:00,64.22,64.24,64.09,64.09,4963.0,64.19,36
2024-08-07 11:45:00-04:00,64.0,64.08,63.98,64.08,5643.0,64.024,43
2024-08-07 11:50:00-04:00,64.06,64.1,64.03,64.06,3237.0,64.065,23
2024-08-07 11:55:00-04:00,64.05,64.06,63.93,63.93,5558.0,64.019,28
2024-08-07 12:00:00-04:00,63.95,63.99,63.83,63.88,7757.0,63.929,44
2024-08-07 12:05:00-04:00,63.9,63.92,63.85,63.86,4128.0,63.877,32
2024-08-07 12:10:00-04:00,63.85,63.89,63.79,63.89,4431.0,63.831,37
2024-08-07 12:15:00-04:00,63.86,63.86,63.8,63.86,3130.0,63.843,27
2024-08-07 12:20:00-04:00,63.87,63.92,63.86,63.9,3364.0,63.898,30
2024-08-07 12:25:00-04:00,63.94,63.94,63.86,63.92,5707.0,63.887,31
2024-08-07 12:30:00-04:00,63.89,63.89,63.81,63.87,2129.0,63.85,19
2024-08-07 12:35:00-04:00,63.87,63.87,63.79,63.83,3052.0,63.837,22
2024-08-07 12:40:00-04:00,63.83,63.85,63.73,63.76,4049.0,63.79,31
2024-08-07 12:45:00-04:00,63.74,63.76,63.69,63.71,7116.0,63.703,45
2024-08-07 12:50:00-04:00,63.69,63.74,63.65,63.68,9960.0,63.689,71
2024-08-07 12:55:00-04:00,63.66,63.68,63.63,63.64,2953.0,63.658,23
2024-08-07 13:00:00-04:00,63.65,63.65,63.5,63.51,4702.0,63.578,42
2024-08-07 13:05:00-04:00,63.51,63.54,63.41,63.43,4108.0,63.495,30
2024-08-07 13:10:00-04:00,63.44,63.46,63.32,63.32,4269.0,63.404,33
2024-08-07 13:15:00-04:00,63.33,63.33,63.26,63.27,5775.0,63.292,44
2024-08-07 13:20:00-04:00,63.31,63.38,63.3,63.38,4448.0,63.326,35
2024-08-07 13:25:00-04:00,63.39,63.5,63.39,63.43,4432.0,63.461,30
2024-08-07 13:30:00-04:00,63.44,63.51,63.44,63.5,2779.0,63.481,22
2024-08-07 13:35:00-04:00,63.51,63.57,63.51,63.53,6248.0,63.535,48
2024-08-07 13:40:00-04:00,63.51,63.52,63.44,63.44,4164.0,63.479,30
2024-08-07 13:45:00-04:00,63.45,63.45,63.32,63.35,4878.0,63.387,38
2024-08-07 13:50:00-04:00,63.35,63.38,63.3,63.38,3323.0,63.339,27
2024-08-07 13:55:00-04:00,63.36,63.41,63.31,63.4,4166.0,63.347,34
2024-08-07 14:00:00-04:00,63.45,63.45,63.34,63.36,5355.0,63.41,44
2024-08-07 14:05:00-04:00,63.38,63.39,63.29,63.3,3977.0,63.336,29
2024-08-07 14:10:00-04:00,63.3,63.31,63.23,63.24,9931.0,63.252,66
2024-08-07 14:15:00-04:00,63.24,63.34,63.21,63.28,23823.0,63.24,174
2024-08-07 14:20:00-04:00,63.27,63.29,63.21,63.22,8205.0,63.257,77
2024-08-07 14:25:00-04:00,63.21,63.27,63.17,63.18,10284.0,63.209,73
2024-08-07 14:30:00-04:00,63.16,63.16,63.09,63.12,2879.0,63.111,25
2024-08-07 14:35:00-04:00,63.1,63.12,63.07,63.12,5229.0,63.097,44
2024-08-07 14:40:00-04:00,63.13,63.23,63.1,63.23,7433.0,63.158,57
2024-08-07 14:45:00-04:00,63.22,63.22,63.12,63.18,6503.0,63.177,49
2024-08-07 14:50:00-04:00,63.18,63.25,63.16,63.23,8945.0,63.207,70
2024-08-07 14:55:00-04:00,63.22,63.26,63.18,63.23,11397.0,63.219,83
2024-08-07 15:00:00-04:00,63.23,63.35,63.22,63.34,16080.0,63.288,73
2024-08-07 15:05:00-04:00,63.35,63.38,63.33,63.37,6491.0,63.353,46
2024-08-07 15:10:00-04:00,63.38,63.44,63.36,63.39,10843.0,63.401,77
2024-08-07 15:15:00-04:00,63.41,63.44,63.4,63.44,8992.0,63.423,76
2024-08-07 15:20:00-04:00,63.44,63.46,63.37,63.41,10551.0,63.422,86
2024-08-07 15:25:00-04:00,63.4,63.42,63.33,63.38,11012.0,63.379,87
2024-08-07 15:30:00-04:00,63.36,63.36,63.25,63.35,20705.0,63.319,146
2024-08-07 15:35:00-04:00,63.35,63.43,63.29,63.32,19779.0,63.357,157
2024-08-07 15:40:00-04:00,63.3,63.3,63.14,63.15,16469.0,63.24,130
2024-08-07 15:45:00-04:00,63.15,63.41,63.15,63.26,28809.0,63.316,223
2024-08-07 15:50:00-04:00,63.24,63.24,62.94,62.99,34566.0,63.047,244
2024-08-07 15:55:00-04:00,63.0,63.01,62.89,62.95,115285.0,62.947,737
2024-08-08 09:30:00-04:00,63.29,63.52,63.25,63.25,12066.0,63.291,4
2024-08-08 09:35:00-04:00,63.2,63.5,63.12,63.12,4593.0,63.292,35
2024-08-08 09:40:00-04:00,63.22,63.4,63.13,63.25,4777.0,63.238,41
2024-08-08 09:45:00-04:00,63.27,63.4,63.18,63.2,12082.0,63.274,99
2024-08-08 09:50:00-04:00,63.24,63.4,63.21,63.36,5409.0,63.318,51
2024-08-08 09:55:00-04:00,63.37,63.42,63.22,63.22,5446.0,63.324,45
2024-08-08 10:00:00-04:00,63.25,63.64,63.21,63.48,18572.0,63.412,93
2024-08-08 10:05:00-04:00,63.5,63.51,63.16,63.19,8753.0,63.311,70
2024-08-08 10:10:00-04:00,63.19,63.22,63.09,63.14,18264.0,63.162,91
2024-08-08 10:15:00-04:00,63.11,63.16,63.03,63.1,6730.0,63.102,55
2024-08-08 10:20:00-04:00,63.07,63.19,63.03,63.16,12301.0,63.115,104
2024-08-08 10:25:00-04:00,63.15,63.34,63.15,63.34,9418.0,63.249,77
2024-08-08 10:30:00-04:00,63.35,63.35,63.2,63.33,9750.0,63.269,74
2024-08-08 10:35:00-04:00,63.27,63.33,63.25,63.3,7737.0,63.279,65
2024-08-08 10:40:00-04:00,63.32,63.32,63.13,63.17,12850.0,63.228,101
2024-08-08 10:45:00-04:00,63.17,63.18,63.09,63.13,8782.0,63.137,76
2024-08-08 10:50:00-04:00,63.13,63.14,63.08,63.1,14623.0,63.108,132
2024-08-08 10:55:00-04:00,63.11,63.17,63.1,63.16,6699.0,63.141,56
2024-08-08 11:00:00-04:00,63.16,63.33,63.15,63.29,8150.0,63.236,68
2024-08-08 11:05:00-04:00,63.29,63.41,63.28,63.3,10719.0,63.345,91
2024-08-08 11:10:00-04:00,63.32,63.34,63.11,63.11,10630.0,63.234,86
2024-08-08 11:15:00-04:00,63.13,63.17,63.1,63.11,9685.0,63.131,85
2024-08-08 11:20:00-04:00,63.13,63.19,63.1,63.15,11883.0,63.141,101
2024-08-08 11:25:00-04:00,63.13,63.29,63.12,63.23,10204.0,63.212,77
2024-08-08 11:30:00-04:00,63.21,63.25,63.18,63.25,8059.0,63.222,66
2024-08-08 11:35:00-04:00,63.23,63.27,63.18,63.23,10863.0,63.237,80
2024-08-08 11:40:00-04:00,63.24,63.27,63.13,63.18,5161.0,63.203,42
2024-08-08 11:45:00-04:00,63.17,63.19,63.1,63.15,9539.0,63.138,75
2024-08-08 11:50:00-04:00,63.13,63.21,63.13,63.17,6151.0,63.186,52
2024-08-08 11:55:00-04:00,63.17,63.21,63.12,63.13,3996.0,63.173,35
2024-08-08 12:00:00-04:00,63.13,63.17,63.09,63.15,4945.0,63.124,44
2024-08-08 12:05:00-04:00,63.16,63.25,63.15,63.17,9453.0,63.2,78
2024-08-08 12:10:00-04:00,63.18,63.19,63.1,63.11,6100.0,63.146,52
2024-08-08 12:15:00-04:00,63.11,63.16,63.1,63.14,8548.0,63.129,71
2024-08-08 12:20:00-04:00,63.16,63.21,63.16,63.19,9890.0,63.19,80
2024-08-08 12:25:00-04:00,63.19,63.25,63.17,63.21,10916.0,63.201,84
2024-08-08 12:30:00-04:00,63.21,63.21,63.13,63.18,5663.0,63.166,45
2024-08-08 12:35:00-04:00,63.17,63.17,63.08,63.09,11886.0,63.114,94
2024-08-08 12:40:00-04:00,63.08,63.12,63.07,63.11,17276.0,63.091,107
2024-08-08 12:45:00-04:00,63.1,63.18,63.1,63.18,10751.0,63.121,78
2024-08-08 12:50:00-04:00,63.2,63.22,63.15,63.22,8085.0,63.182,73
2024-08-08 12:55:00-04:00,63.24,63.24,63.11,63.11,4442.0,63.205,38
2024-08-08 13:00:00-04:00,63.1,63.13,63.05,63.08,11349.0,63.081,93
2024-08-08 13:05:00-04:00,63.08,63.19,63.05,63.13,20013.0,63.095,133
2024-08-08 13:10:00-04:00,63.13,63.23,63.1,63.22,6315.0,63.153,54
2024-08-08 13:15:00-04:00,63.22,63.42,63.22,63.42,6635.0,63.313,49
2024-08-08 13:20:00-04:00,63.45,63.48,63.37,63.37,5574.0,63.441,46
2024-08-08 13:25:00-04:00,63.37,63.46,63.36,63.46,5543.0,63.399,46
2024-08-08 13:30:00-04:00,63.45,63.49,63.4,63.47,9517.0,63.462,54
2024-08-08 13:35:00-04:00,63.45,63.45,63.37,63.4,5525.0,63.414,47
2024-08-08 13:40:00-04:00,63.43,63.45,63.4,63.4,5569.0,63.424,47
2024-08-08 13:45:00-04:00,63.39,63.41,63.31,63.32,4057.0,63.368,32
2024-08-08 13:50:00-04:00,63.3,63.34,63.3,63.32,4676.0,63.315,39
2024-08-08 13:55:00-04:00,63.31,63.35,63.29,63.32,9948.0,63.308,87
2024-08-08 14:00:00-04:00,63.31,63.37,63.29,63.35,8450.0,63.331,65
2024-08-08 14:05:00-04:00,63.36,63.44,63.34,63.44,6285.0,63.396,54
2024-08-08 14:10:00-04:00,63.43,63.44,63.35,63.38,4497.0,63.392,41
2024-08-08 14:15:00-04:00,63.37,63.44,63.35,63.44,7256.0,63.403,64
2024-08-08 14:20:00-04:00,63.44,63.48,63.4,63.47,5586.0,63.427,50
2024-08-08 14:25:00-04:00,63.48,63.5,63.34,63.41,8063.0,63.398,66
2024-08-08 14:30:00-04:00,63.41,63.45,63.4,63.44,5426.0,63.431,46
2024-08-08 14:35:00-04:00,63.44,63.44,63.31,63.36,9011.0,63.383,73
2024-08-08 14:40:00-04:00,63.35,63.4,63.29,63.36,10053.0,63.329,87
2024-08-08 14:45:00-04:00,63.35,63.36,63.3,63.35,8762.0,63.325,74
2024-08-08 14:50:00-04:00,63.33,63.38,63.31,63.33,12092.0,63.348,71
2024-08-08 14:55:00-04:00,63.33,63.38,63.33,63.34,13041.0,63.352,88
2024-08-08 15:00:00-04:00,63.35,63.39,63.29,63.29,10315.0,63.353,86
2024-08-08 15:05:00-04:00,63.29,63.45,63.27,63.44,11478.0,63.357,87
2024-08-08 15:10:00-04:00,63.43,63.45,63.43,63.43,7343.0,63.443,61
2024-08-08 15:15:00-04:00,63.42,63.45,63.36,63.42,9713.0,63.411,82
2024-08-08 15:20:00-04:00,63.42,63.49,63.38,63.41,9211.0,63.434,79
2024-08-08 15:25:00-04:00,63.43,63.44,63.3,63.3,17366.0,63.373,138
2024-08-08 15:30:00-04:00,63.29,63.33,63.18,63.23,22271.0,63.258,170
2024-08-08 15:35:00-04:00,63.21,63.22,63.15,63.2,26577.0,63.182,189
2024-08-08 15:40:00-04:00,63.2,63.33,63.19,63.3,27888.0,63.267,202
2024-08-08 15:45:00-04:00,63.3,63.37,63.23,63.23,29523.0,63.294,230
2024-08-08 15:50:00-04:00,63.23,63.24,63.14,63.17,52420.0,63.18,397
2024-08-08 15:55:00-04:00,63.18,63.2,63.14,63.19,138596.0,63.164,895
2024-08-09 09:30:00-04:00,63.2,63.49,62.83,62.87,9990.0,63.177,11
2024-08-09 09:35:00-04:00,62.87,63.14,62.87,62.94,12337.0,63.041,71
2024-08-09 09:40:00-04:00,63.0,63.0,62.8,62.8,1896.0,62.92,14
2024-08-09 09:45:00-04:00,62.82,62.86,62.63,62.63,5164.0,62.702,21
2024-08-09 09:50:00-04:00,62.56,62.82,62.47,62.8,4618.0,62.676,35
2024-08-09 09:55:00-04:00,62.77,62.86,62.77,62.8,8276.0,62.823,72
2024-08-09 10:00:00-04:00,62.8,62.91,62.77,62.91,9707.0,62.804,54
2024-08-09 10:05:00-04:00,62.9,62.92,62.78,62.82,6606.0,62.857,57
2024-08-09 10:10:00-04:00,62.81,62.87,62.79,62.82,12251.0,62.825,82
2024-08-09 10:15:00-04:00,62.8,62.81,62.72,62.77,10256.0,62.783,69
2024-08-09 10:20:00-04:00,62.79,62.96,62.78,62.93,6562.0,62.862,50
2024-08-09 10:25:00-04:00,62.93,62.93,62.84,62.85,6773.0,62.889,41
2024-08-09 10:30:00-04:00,62.83,62.86,62.77,62.84,5202.0,62.815,47
2024-08-09 10:35:00-04:00,62.81,62.9,62.79,62.83,5322.0,62.838,41
2024-08-09 10:40:00-04:00,62.8,62.94,62.8,62.9,5312.0,62.906,41
2024-08-09 10:45:00-04:00,62.91,62.97,62.9,62.95,22604.0,62.929,135
2024-08-09 10:50:00-04:00,62.95,63.04,62.91,63.04,23322.0,62.986,122
2024-08-09 10:55:00-04:00,63.03,63.09,62.95,62.96,13282.0,63.053,80
2024-08-09 11:00:00-04:00,62.97,62.98,62.88,62.89,12494.0,62.925,85
2024-08-09 11:05:00-04:00,62.89,63.0,62.85,62.98,31330.0,62.938,99
2024-08-09 11:10:00-04:00,62.98,63.02,62.95,63.0,29735.0,62.976,157
2024-08-09 11:15:00-04:00,62.99,62.99,62.95,62.98,4210.0,62.971,33
2024-08-09 11:20:00-04:00,62.95,62.95,62.89,62.92,4637.0,62.924,37
2024-08-09 11:25:00-04:00,62.9,62.9,62.71,62.72,7277.0,62.794,57
2024-08-09 11:30:00-04:00,62.72,62.76,62.72,62.75,7891.0,62.744,63
2024-08-09 11:35:00-04:00,62.73,62.73,62.6,62.66,14073.0,62.683,105
2024-08-09 11:40:00-04:00,62.68,62.68,62.54,62.54,7747.0,62.593,54
2024-08-09 11:45:00-04:00,62.54,62.59,62.53,62.58,5014.0,62.553,41
2024-08-09 11:50:00-04:00,62.59,62.61,62.5,62.5,7952.0,62.558,57
2024-08-09 11:55:00-04:00,62.52,62.52,62.29,62.31,8806.0,62.376,75
2024-08-09 12:00:00-04:00,62.3,62.34,62.27,62.33,7257.0,62.308,59
2024-08-09 12:05:00-04:00,62.34,62.38,62.3,62.37,3501.0,62.345,30
2024-08-09 12:10:00-04:00,62.36,62.37,62.34,62.36,6135.0,62.356,45
2024-08-09 12:15:00-04:00,62.36,62.38,62.32,62.36,8302.0,62.351,66
2024-08-09 12:20:00-04:00,62.37,62.38,62.27,62.27,7266.0,62.327,51
2024-08-09 12:25:00-04:00,62.28,62.33,62.27,62.27,6412.0,62.299,54
2024-08-09 12:30:00-04:00,62.27,62.31,62.27,62.28,4893.0,62.289,41
2024-08-09 12:35:00-04:00,62.29,62.31,62.24,62.31,13063.0,62.278,65
2024-08-09 12:40:00-04:00,62.3,62.3,62.27,62.28,4388.0,62.289,38
2024-08-09 12:45:00-04:00,62.28,62.32,62.28,62.32,6142.0,62.297,48
2024-08-09 12:50:00-04:00,62.33,62.37,62.29,62.3,6115.0,62.334,53
2024-08-09 12:55:00-04:00,62.29,62.4,62.29,62.4,4526.0,62.345,36
2024-08-09 13:00:00-04:00,62.41,62.45,62.37,62.37,6989.0,62.416,51
2024-08-09 13:05:00-04:00,62.33,62.35,62.27,62.32,5158.0,62.313,43
2024-08-09 13:10:00-04:00,62.33,62.38,62.28,62.38,4779.0,62.312,42
2024-08-09 13:15:00-04:00,62.37,62.41,62.36,62.39,5879.0,62.383,51
2024-08-09 13:20:00-04:00,62.4,62.48,62.4,62.46,3883.0,62.447,32
2024-08-09 13:25:00-04:00,62.45,62.5,62.44,62.5,5672.0,62.465,41
2024-08-09 13:30:00-04:00,62.51,62.53,62.45,62.51,6079.0,62.494,51
2024-08-09 13:35:00-04:00,62.52,62.57,62.51,62.56,5873.0,62.534,50
2024-08-09 13:40:00-04:00,62.56,62.58,62.49,62.51,11421.0,62.539,81
2024-08-09 13:45:00-04:00,62.5,62.53,62.48,62.5,4842.0,62.506,42
2024-08-09 13:50:00-04:00,62.5,62.5,62.35,62.39,10660.0,62.451,90
2024-08-09 13:55:00-04:00,62.39,62.39,62.34,62.36,4222.0,62.361,30
2024-08-09 14:00:00-04:00,62.34,62.34,62.26,62.28,8457.0,62.307,71
2024-08-09 14:05:00-04:00,62.27,62.36,62.27,62.36,4751.0,62.308,42
2024-08-09 14:10:00-04:00,62.36,62.36,62.3,62.31,11575.0,62.328,81
2024-08-09 14:15:00-04:00,62.3,62.31,62.26,62.27,8271.0,62.284,70
2024-08-09 14:20:00-04:00,62.26,62.3,62.23,62.29,8215.0,62.27,66
2024-08-09 14:25:00-04:00,62.3,62.32,62.28,62.28,7239.0,62.297,62
2024-08-09 14:30:00-04:00,62.28,62.29,62.23,62.25,9302.0,62.269,77
2024-08-09 14:35:00-04:00,62.24,62.24,62.21,62.22,6053.0,62.225,45
2024-08-09 14:40:00-04:00,62.23,62.26,62.23,62.25,10349.0,62.244,75
2024-08-09 14:45:00-04:00,62.25,62.3,62.21,62.27,12418.0,62.253,93
2024-08-09 14:50:00-04:00,62.28,62.33,62.25,62.29,11593.0,62.289,78
2024-08-09 14:55:00-04:00,62.28,62.36,62.24,62.34,12692.0,62.3,92
2024-08-09 15:00:00-04:00,62.35,62.37,62.27,62.27,23246.0,62.298,147
2024-08-09 15:05:00-04:00,62.28,62.34,62.27,62.34,11279.0,62.297,82
2024-08-09 15:10:00-04:00,62.35,62.36,62.32,62.35,9787.0,62.343,79
2024-08-09 15:15:00-04:00,62.35,62.42,62.35,62.42,9236.0,62.389,79
2024-08-09 15:20:00-04:00,62.41,62.42,62.26,62.3,15693.0,62.328,114
2024-08-09 15:25:00-04:00,62.3,62.4,62.3,62.37,14243.0,62.364,96
2024-08-09 15:30:00-04:00,62.36,62.4,62.33,62.38,20152.0,62.352,140
2024-08-09 15:35:00-04:00,62.38,62.4,62.33,62.33,29277.0,62.373,199
2024-08-09 15:40:00-04:00,62.34,62.4,62.29,62.3,26742.0,62.359,174
2024-08-09 15:45:00-04:00,62.3,62.3,62.21,62.27,25047.0,62.259,179
2024-08-09 15:50:00-04:00,62.27,62.3,62.17,62.18,48561.0,62.216,332
2024-08-09 15:55:00-04:00,62.19,62.39,62.19,62.3,161507.0,62.307,932
2024-08-12 09:30:00-04:00,62.29,62.61,62.12,62.42,15522.0,62.296,30
2024-08-12 09:35:00-04:00,62.32,62.37,62.15,62.15,7328.0,62.233,51
2024-08-12 09:40:00-04:00,62.18,62.31,62.17,62.25,13074.0,62.245,84
2024-08-12 09:45:00-04:00,62.24,62.32,62.16,62.23,9293.0,62.237,47
2024-08-12 09:50:00-04:00,62.25,62.27,61.91,61.91,6210.0,62.13,49
2024-08-12 09:55:00-04:00,61.93,62.0,61.87,62.0,8851.0,61.936,73
2024-08-12 10:00:00-04:00,61.98,62.1,61.94,62.06,15324.0,62.015,71
2024-08-12 10:05:00-04:00,62.04,62.22,62.01,62.22,12811.0,62.12,92
2024-08-12 10:10:00-04:00,62.21,62.21,62.12,62.19,9380.0,62.154,78
2024-08-12 10:15:00-04:00,62.18,62.2,62.15,62.18,4430.0,62.169,44
2024-08-12 10:20:00-04:00,62.16,62.16,62.1,62.14,6968.0,62.138,63
2024-08-12 10:25:00-04:00,62.17,62.31,62.16,62.26,13469.0,62.224,111
2024-08-12 10:30:00-04:00,62.27,62.36,62.26,62.35,9207.0,62.315,87
2024-08-12 10:35:00-04:00,62.35,62.51,62.35,62.51,15015.0,62.469,127
2024-08-12 10:40:00-04:00,62.51,62.53,62.5,62.5,16161.0,62.519,66
2024-08-12 10:45:00-04:00,62.5,62.62,62.48,62.61,26097.0,62.53,172
2024-08-12 10:50:00-04:00,62.61,62.69,62.59,62.65,20828.0,62.643,144
2024-08-12 10:55:00-04:00,62.66,62.68,62.6,62.61,4894.0,62.647,41
2024-08-12 11:00:00-04:00,62.6,62.67,62.6,62.62,6580.0,62.634,56
2024-08-12 11:05:00-04:00,62.61,62.63,62.56,62.58,5493.0,62.602,51
2024-08-12 11:10:00-04:00,62.58,62.63,62.57,62.61,6560.0,62.608,42
2024-08-12 11:15:00-04:00,62.61,62.7,62.6,62.7,8752.0,62.618,76
2024-08-12 11:20:00-04:00,62.69,62.72,62.6,62.6,16526.0,62.686,126
2024-08-12 11:25:00-04:00,62.59,62.63,62.53,62.61,5112.0,62.582,47
2024-08-12 11:30:00-04:00,62.61,62.63,62.59,62.62,4942.0,62.602,44
2024-08-12 11:35:00-04:00,62.59,62.62,62.49,62.49,16768.0,62.557,125
2024-08-12 11:40:00-04:00,62.49,62.5,62.41,62.47,20994.0,62.475,102
2024-08-12 11:45:00-04:00,62.46,62.46,62.44,62.46,2285.0,62.451,22
2024-08-12 11:50:00-04:00,62.46,62.52,62.45,62.51,20327.0,62.485,171
2024-08-12 11:55:00-04:00,62.51,62.6,62.49,62.58,15300.0,62.539,118
2024-08-12 12:00:00-04:00,62.57,62.63,62.56,62.58,13306.0,62.589,113
2024-08-12 12:05:00-04:00,62.59,62.59,62.45,62.48,10286.0,62.506,84
2024-08-12 12:10:00-04:00,62.48,62.54,62.48,62.54,7339.0,62.511,63
2024-08-12 12:15:00-04:00,62.53,62.54,62.46,62.46,7176.0,62.512,60
2024-08-12 12:20:00-04:00,62.45,62.45,62.34,62.39,10406.0,62.396,83
2024-08-12 12:25:00-04:00,62.4,62.4,62.35,62.36,8053.0,62.368,70
2024-08-12 12:30:00-04:00,62.35,62.35,62.24,62.25,9064.0,62.297,51
2024-08-12 12:35:00-04:00,62.25,62.3,62.21,62.3,10142.0,62.253,79
2024-08-12 12:40:00-04:00,62.3,62.31,62.29,62.29,6244.0,62.302,56
2024-08-12 12:45:00-04:00,62.3,62.31,62.18,62.19,16398.0,62.273,134
2024-08-12 12:50:00-04:00,62.13,62.17,62.12,62.17,7494.0,62.142,56
2024-08-12 12:55:00-04:00,62.16,62.17,62.09,62.13,8589.0,62.139,69
2024-08-12 13:00:00-04:00,62.13,62.13,62.05,62.11,17731.0,62.073,82
2024-08-12 13:05:00-04:00,62.11,62.11,61.97,62.0,8719.0,62.05,68
2024-08-12 13:10:00-04:00,61.98,61.98,61.93,61.95,3294.0,61.947,27
2024-08-12 13:15:00-04:00,61.95,61.98,61.95,61.96,6136.0,61.964,49
2024-08-12 13:20:00-04:00,61.95,62.02,61.92,61.95,7862.0,61.966,61
2024-08-12 13:25:00-04:00,61.94,61.97,61.89,61.96,6571.0,61.94,55
2024-08-12 13:30:00-04:00,61.97,62.04,61.96,62.04,7488.0,61.992,66
2024-08-12 13:35:00-04:00,62.05,62.05,61.94,61.98,13741.0,61.989,111
2024-08-12 13:40:00-04:00,61.99,62.0,61.97,61.98,3408.0,61.978,27
2024-08-12 13:45:00-04:00,61.97,62.03,61.96,61.99,14682.0,61.996,120
2024-08-12 13:50:00-04:00,61.98,61.98,61.84,61.87,8679.0,61.882,69
2024-08-12 13:55:00-04:00,61.86,61.92,61.86,61.91,9910.0,61.889,74
2024-08-12 14:00:00-04:00,61.91,61.94,61.9,61.93,5907.0,61.919,43
2024-08-12 14:05:00-04:00,61.92,61.92,61.88,61.89,5115.0,61.898,32
2024-08-12 14:10:00-04:00,61.9,61.98,61.9,61.97,6876.0,61.94,56
2024-08-12 14:15:00-04:00,61.97,62.01,61.9,61.9,10826.0,61.976,77
2024-08-12 14:20:00-04:00,61.92,61.95,61.85,61.87,12212.0,61.902,86
2024-08-12 14:25:00-04:00,61.89,61.96,61.88,61.95,7096.0,61.925,61
2024-08-12 14:30:00-04:00,61.94,61.94,61.91,61.92,6325.0,61.928,43
2024-08-12 14:35:00-04:00,61.92,61.94,61.9,61.93,7736.0,61.914,64
2024-08-12 14:40:00-04:00,61.91,61.96,61.89,61.9,5027.0,61.923,37
2024-08-12 14:45:00-04:00,61.9,61.92,61.87,61.9,6414.0,61.897,44
2024-08-12 14:50:00-04:00,61.92,61.99,61.91,61.98,7556.0,61.972,47
2024-08-12 14:55:00-04:00,61.98,62.01,61.97,61.97,13092.0,61.985,95
2024-08-12 15:00:00-04:00,61.95,61.99,61.92,61.98,10878.0,61.951,71
2024-08-12 15:05:00-04:00,61.99,62.04,61.98,62.03,14147.0,62.005,104
2024-08-12 15:10:00-04:00,62.03,62.04,62.0,62.01,11688.0,62.02,91
2024-08-12 15:15:00-04:00,62.0,62.0,61.95,61.95,13522.0,61.985,103
2024-08-12 15:20:00-04:00,61.95,61.96,61.89,61.93,14526.0,61.92,96
2024-08-12 15:25:00-04:00,61.94,61.98,61.94,61.95,12791.0,61.959,84
2024-08-12 15:30:00-04:00,61.96,61.99,61.91,61.92,21067.0,61.965,155
2024-08-12 15:35:00-04:00,61.92,61.97,61.92,61.94,17613.0,61.945,136
2024-08-12 15:40:00-04:00,61.95,61.97,61.89,61.93,26312.0,61.934,177
2024-08-12 15:45:00-04:00,61.93,61.93,61.84,61.88,21463.0,61.889,160
2024-08-12 15:50:00-04:00,61.89,62.03,61.88,62.02,43344.0,61.99,314
2024-08-12 15:55:00-04:00,62.02,62.09,61.98,62.06,120794.0,62.025,809
2024-08-13 09:30:00-04:00,62.42,62.42,62.34,62.34,12028.0,62.418,4
2024-08-13 09:35:00-04:00,62.58,62.63,62.41,62.41,1037.0,62.533,7
2024-08-13 09:40:00-04:00,62.58,62.68,62.43,62.55,1450.0,62.54,13
2024-08-13 09:45:00-04:00,62.44,62.57,62.4,62.54,19340.0,62.458,150
2024-08-13 09:50:00-04:00,62.61,62.78,62.48,62.48,7785.0,62.663,68
2024-08-13 09:55:00-04:00,62.48,62.48,62.43,62.43,2797.0,62.463,27
2024-08-13 10:00:00-04:00,62.43,62.43,62.24,62.25,7530.0,62.325,58
2024-08-13 10:05:00-04:00,62.24,62.34,62.18,62.34,8038.0,62.261,68
2024-08-13 10:10:00-04:00,62.35,62.44,62.34,62.4,8644.0,62.384,56
2024-08-13 10:15:00-04:00,62.4,62.4,62.28,62.28,5522.0,62.335,53
2024-08-13 10:20:00-04:00,62.29,62.31,62.26,62.28,5825.0,62.28,28
2024-08-13 10:25:00-04:00,62.28,62.28,62.22,62.22,9947.0,62.245,90
2024-08-13 10:30:00-04:00,62.23,62.25,62.14,62.25,8065.0,62.2,72
2024-08-13 10:35:00-04:00,62.25,62.3,62.23,62.3,7339.0,62.25,64
2024-08-13 10:40:00-04:00,62.29,62.44,62.29,62.41,24932.0,62.367,91
2024-08-13 10:45:00-04:00,62.41,62.41,62.33,62.39,5399.0,62.378,44
2024-08-13 10:50:00-04:00,62.37,62.41,62.37,62.39,5722.0,62.388,51
2024-08-13 10:55:00-04:00,62.37,62.46,62.36,62.45,4584.0,62.396,38
2024-08-13 11:00:00-04:00,62.46,62.51,62.46,62.48,7068.0,62.485,55
2024-08-13 11:05:00-04:00,62.47,62.49,62.41,62.41,13312.0,62.444,112
2024-08-13 11:10:00-04:00,62.42,62.44,62.39,62.44,12939.0,62.418,91
2024-08-13 11:15:00-04:00,62.46,62.58,62.45,62.56,5270.0,62.512,34
2024-08-13 11:20:00-04:00,62.56,62.6,62.54,62.58,4018.0,62.56,35
2024-08-13 11:25:00-04:00,62.59,62.61,62.56,62.57,8650.0,62.587,82
2024-08-13 11:30:00-04:00,62.57,62.59,62.56,62.58,4596.0,62.576,33
2024-08-13 11:35:00-04:00,62.56,62.6,62.56,62.58,3891.0,62.574,32
2024-08-13 11:40:00-04:00,62.59,62.64,62.58,62.61,6995.0,62.604,56
2024-08-13 11:45:00-04:00,62.62,62.65,62.62,62.65,442.0,62.636,4
2024-08-13 11:50:00-04:00,62.65,62.71,62.65,62.69,4200.0,62.676,34
2024-08-13 11:55:00-04:00,62.67,62.71,62.66,62.68,3019.0,62.686,24
2024-08-13 12:00:00-04:00,62.68,62.74,62.67,62.72,5163.0,62.701,47
2024-08-13 12:05:00-04:00,62.72,62.79,62.71,62.78,3607.0,62.762,35
2024-08-13 12:10:00-04:00,62.8,62.84,62.77,62.78,9064.0,62.802,78
2024-08-13 12:15:00-04:00,62.78,62.83,62.77,62.82,7366.0,62.802,70
2024-08-13 12:20:00-04:00,62.83,62.89,62.83,62.85,12087.0,62.853,100
2024-08-13 12:25:00-04:00,62.84,62.85,62.74,62.75,6062.0,62.803,45
2024-08-13 12:30:00-04:00,62.73,62.74,62.69,62.72,5449.0,62.713,41
2024-08-13 12:35:00-04:00,62.72,62.76,62.72,62.76,3451.0,62.739,30
2024-08-13 12:40:00-04:00,62.79,62.84,62.79,62.8,5033.0,62.802,42
2024-08-13 12:45:00-04:00,62.8,62.86,62.77,62.85,6197.0,62.823,49
2024-08-13 12:50:00-04:00,62.84,62.88,62.84,62.86,4163.0,62.861,36
2024-08-13 12:55:00-04:00,62.87,62.87,62.82,62.84,6453.0,62.855,54
2024-08-13 13:00:00-04:00,62.83,62.84,62.75,62.76,3741.0,62.817,33
2024-08-13 13:05:00-04:00,62.75,62.81,62.74,62.76,3229.0,62.775,25
2024-08-13 13:10:00-04:00,62.75,62.75,62.7,62.73,1891.0,62.728,14
2024-08-13 13:15:00-04:00,62.76,62.79,62.75,62.76,3291.0,62.769,22
2024-08-13 13:20:00-04:00,62.75,62.76,62.73,62.73,2218.0,62.744,17
2024-08-13 13:25:00-04:00,62.73,62.76,62.72,62.73,2558.0,62.735,23
2024-08-13 13:30:00-04:00,62.73,62.73,62.63,62.67,4078.0,62.681,32
2024-08-13 13:35:00-04:00,62.67,62.72,62.66,62.72,5265.0,62.698,39
2024-08-13 13:40:00-04:00,62.71,62.74,62.7,62.72,3114.0,62.714,21
2024-08-13 13:45:00-04:00,62.73,62.73,62.64,62.72,4925.0,62.7,35
2024-08-13 13:50:00-04:00,62.71,62.74,62.65,62.67,4998.0,62.695,37
2024-08-13 13:55:00-04:00,62.68,62.69,62.65,62.65,1991.0,62.669,17
2024-08-13 14:00:00-04:00,62.63,62.69,62.63,62.68,3224.0,62.666,28
2024-08-13 14:05:00-04:00,62.68,62.68,62.62,62.63,6120.0,62.664,52
2024-08-13 14:10:00-04:00,62.63,62.63,62.6,62.63,4675.0,62.619,40
2024-08-13 14:15:00-04:00,62.63,62.65,62.56,62.58,6151.0,62.614,54
2024-08-13 14:20:00-04:00,62.58,62.6,62.56,62.59,2656.0,62.579,24
2024-08-13 14:25:00-04:00,62.58,62.64,62.58,62.61,5656.0,62.615,41
2024-08-13 14:30:00-04:00,62.6,62.6,62.56,62.59,5272.0,62.584,42
2024-08-13 14:35:00-04:00,62.59,62.68,62.59,62.68,2620.0,62.629,13
2024-08-13 14:40:00-04:00,62.67,62.69,62.67,62.68,2453.0,62.681,18
2024-08-13 14:45:00-04:00,62.68,62.68,62.61,62.64,11951.0,62.654,73
2024-08-13 14:50:00-04:00,62.63,62.63,62.58,62.61,6273.0,62.605,48
2024-08-13 14:55:00-04:00,62.61,62.62,62.59,62.62,4350.0,62.606,35
2024-08-13 15:00:00-04:00,62.61,62.65,62.6,62.63,4855.0,62.627,41
2024-08-13 15:05:00-04:00,62.62,62.65,62.57,62.59,9545.0,62.611,64
2024-08-13 15:10:00-04:00,62.58,62.6,62.56,62.58,8253.0,62.576,72
2024-08-13 15:15:00-04:00,62.57,62.58,62.51,62.55,10060.0,62.553,82
2024-08-13 15:20:00-04:00,62.55,62.61,62.53,62.61,6304.0,62.561,48
2024-08-13 15:25:00-04:00,62.62,62.62,62.53,62.62,5909.0,62.581,49
2024-08-13 15:30:00-04:00,62.6,62.65,62.57,62.6,12345.0,62.599,97
2024-08-13 15:35:00-04:00,62.59,62.68,62.55,62.66,13748.0,62.594,119
2024-08-13 15:40:00-04:00,62.67,62.67,62.57,62.57,14237.0,62.61,115
2024-08-13 15:45:00-04:00,62.6,62.71,62.57,62.71,14718.0,62.623,112
2024-08-13 15:50:00-04:00,62.7,62.74,62.48,62.48,30244.0,62.57,250
2024-08-13 15:55:00-04:00,62.47,62.58,62.47,62.53,79479.0,62.542,526
2024-08-14 09:30:00-04:00,63.15,63.43,63.15,63.43,25569.0,63.18,9
2024-08-14 09:35:00-04:00,63.43,63.61,63.29,63.58,9426.0,63.442,68
2024-08-14 09:40:00-04:00,63.54,63.54,63.3,63.3,2971.0,63.434,23
2024-08-14 09:45:00-04:00,63.29,63.37,63.11,63.22,3121.0,63.224,22
2024-08-14 09:50:00-04:00,63.21,63.21,62.93,62.93,5962.0,63.021,42
2024-08-14 09:55:00-04:00,63.01,63.03,62.97,62.97,2589.0,62.991,18
2024-08-14 10:00:00-04:00,62.96,63.04,62.91,62.96,10045.0,62.949,45
2024-08-14 10:05:00-04:00,62.96,63.05,62.86,63.04,5520.0,62.961,47
2024-08-14 10:10:00-04:00,63.06,63.09,62.96,62.96,5457.0,63.04,41
2024-08-14 10:15:00-04:00,62.94,62.99,62.89,62.95,2914.0,62.93,24
2024-08-14 10:20:00-04:00,62.93,62.96,62.89,62.91,4007.0,62.924,33
2024-08-14 10:25:00-04:00,62.93,62.93,62.8,62.83,7210.0,62.857,48
2024-08-14 10:30:00-04:00,62.86,62.91,62.75,62.75,9783.0,62.828,65
2024-08-14 10:35:00-04:00,62.73,62.8,62.73,62.78,7961.0,62.774,35
2024-08-14 10:40:00-04:00,62.78,62.84,62.75,62.76,5341.0,62.807,44
2024-08-14 10:45:00-04:00,62.74,62.76,62.7,62.71,3125.0,62.722,25
2024-08-14 10:50:00-04:00,62.72,62.72,62.67,62.69,7856.0,62.699,55
2024-08-14 10:55:00-04:00,62.69,62.79,62.69,62.79,6203.0,62.732,50
2024-08-14 11:00:00-04:00,62.76,62.76,62.74,62.74,1311.0,62.754,8
2024-08-14 11:05:00-04:00,62.76,62.76,62.6,62.6,7961.0,62.676,67
2024-08-14 11:10:00-04:00,62.64,62.64,62.57,62.59,4881.0,62.588,29
2024-08-14 11:15:00-04:00,62.59,62.63,62.52,62.55,6176.0,62.585,42
2024-08-14 11:20:00-04:00,62.55,62.57,62.45,62.47,6890.0,62.519,49
2024-08-14 11:25:00-04:00,62.48,62.54,62.46,62.5,18258.0,62.487,97
2024-08-14 11:30:00-04:00,62.5,62.66,62.49,62.65,13722.0,62.583,90
2024-08-14 11:35:00-04:00,62.66,62.69,62.64,62.69,6325.0,62.662,51
2024-08-14 11:40:00-04:00,62.71,62.71,62.63,62.67,5316.0,62.678,38
2024-08-14 11:45:00-04:00,62.67,62.69,62.62,62.63,3996.0,62.659,33
2024-08-14 11:50:00-04:00,62.64,62.65,62.6,62.62,8768.0,62.622,48
2024-08-14 11:55:00-04:00,62.61,62.62,62.52,62.58,6395.0,62.57,49
2024-08-14 12:00:00-04:00,62.57,62.68,62.57,62.66,14754.0,62.627,69
2024-08-14 12:05:00-04:00,62.67,62.67,62.64,62.65,5148.0,62.656,37
2024-08-14 12:10:00-04:00,62.64,62.67,62.63,62.65,4654.0,62.647,36
2024-08-14 12:15:00-04:00,62.66,62.67,62.58,62.59,10773.0,62.624,87
2024-08-14 12:20:00-04:00,62.59,62.6,62.44,62.45,9693.0,62.528,73
2024-08-14 12:25:00-04:00,62.44,62.46,62.43,62.44,10012.0,62.442,75
2024-08-14 12:30:00-04:00,62.44,62.57,62.41,62.57,16364.0,62.477,82
2024-08-14 12:35:00-04:00,62.55,62.6,62.55,62.6,3169.0,62.568,26
2024-08-14 12:40:00-04:00,62.6,62.61,62.48,62.5,7176.0,62.543,57
2024-08-14 12:45:00-04:00,62.5,62.5,62.48,62.49,3228.0,62.486,28
2024-08-14 12:50:00-04:00,62.48,62.55,62.48,62.54,13090.0,62.5,76
2024-08-14 12:55:00-04:00,62.53,62.58,62.53,62.57,4156.0,62.56,38
2024-08-14 13:00:00-04:00,62.56,62.57,62.53,62.55,11794.0,62.548,53
2024-08-14 13:05:00-04:00,62.56,62.59,62.54,62.57,5293.0,62.577,40
2024-08-14 13:10:00-04:00,62.55,62.55,62.48,62.5,2486.0,62.506,20
2024-08-14 13:15:00-04:00,62.51,62.6,62.51,62.59,4226.0,62.561,33
2024-08-14 13:20:00-04:00,62.59,62.59,62.55,62.55,9836.0,62.56,37
2024-08-14 13:25:00-04:00,62.55,62.55,62.5,62.5,6424.0,62.527,42
2024-08-14 13:30:00-04:00,62.49,62.52,62.48,62.49,4984.0,62.495,42
2024-08-14 13:35:00-04:00,62.5,62.53,62.46,62.47,8905.0,62.491,58
2024-08-14 13:40:00-04:00,62.45,62.49,62.45,62.49,3291.0,62.478,31
2024-08-14 13:45:00-04:00,62.49,62.53,62.48,62.51,8764.0,62.51,66
2024-08-14 13:50:00-04:00,62.52,62.54,62.5,62.53,4413.0,62.52,34
2024-08-14 13:55:00-04:00,62.54,62.6,62.52,62.54,14790.0,62.565,86
2024-08-14 14:00:00-04:00,62.53,62.53,62.45,62.47,5422.0,62.489,41
2024-08-14 14:05:00-04:00,62.47,62.48,62.44,62.45,4310.0,62.461,32
2024-08-14 14:10:00-04:00,62.44,62.48,62.44,62.46,11443.0,62.452,86
2024-08-14 14:15:00-04:00,62.44,62.44,62.33,62.34,6359.0,62.412,54
2024-08-14 14:20:00-04:00,62.34,62.36,62.31,62.33,8879.0,62.34,77
2024-08-14 14:25:00-04:00,62.34,62.36,62.28,62.3,10304.0,62.338,79
2024-08-14 14:30:00-04:00,62.3,62.31,62.25,62.3,14901.0,62.28,91
2024-08-14 14:35:00-04:00,62.3,62.4,62.29,62.38,11356.0,62.342,82
2024-08-14 14:40:00-04:00,62.38,62.39,62.3,62.3,13350.0,62.356,95
2024-08-14 14:45:00-04:00,62.28,62.29,62.24,62.26,7686.0,62.267,66
2024-08-14 14:50:00-04:00,62.25,62.32,62.25,62.32,10809.0,62.29,83
2024-08-14 14:55:00-04:00,62.32,62.37,62.29,62.34,21900.0,62.329,133
2024-08-14 15:00:00-04:00,62.33,62.33,62.26,62.28,11281.0,62.281,61
2024-08-14 15:05:00-04:00,62.27,62.32,62.27,62.28,22913.0,62.292,167
2024-08-14 15:10:00-04:00,62.3,62.36,62.27,62.27,15887.0,62.316,116
2024-08-14 15:15:00-04:00,62.26,62.27,62.19,62.23,9692.0,62.215,73
2024-08-14 15:20:00-04:00,62.21,62.23,62.08,62.12,14742.0,62.16,79
2024-08-14 15:25:00-04:00,62.12,62.24,62.04,62.04,41801.0,62.159,245
2024-08-14 15:30:00-04:00,62.06,62.2,62.03,62.15,27273.0,62.143,204
2024-08-14 15:35:00-04:00,62.13,62.17,62.13,62.16,22991.0,62.144,146
2024-08-14 15:40:00-04:00,62.17,62.19,62.1,62.1,32222.0,62.165,252
2024-08-14 15:45:00-04:00,62.12,62.12,62.01,62.05,17067.0,62.06,122
2024-08-14 15:50:00-04:00,62.05,62.15,62.04,62.12,36491.0,62.094,309
2024-08-14 15:55:00-04:00,62.12,62.27,62.12,62.18,81343.0,62.213,613
2024-08-15 09:30:00-04:00,62.6,63.11,62.26,63.08,21069.0,62.614,23
2024-08-15 09:35:00-04:00,63.16,63.24,63.08,63.08,535.0,63.148,4
2024-08-15 09:40:00-04:00,63.24,63.24,62.92,62.99,3133.0,63.007,27
2024-08-15 09:45:00-04:00,62.98,63.05,62.95,63.01,3865.0,63.0,31
2024-08-15 09:50:00-04:00,63.02,63.05,62.84,62.84,6820.0,62.989,35
2024-08-15 09:55:00-04:00,62.75,62.75,62.62,62.62,5274.0,62.658,33
2024-08-15 10:00:00-04:00,62.66,62.78,62.65,62.78,14632.0,62.72,77
2024-08-15 10:05:00-04:00,62.75,62.78,62.69,62.71,12275.0,62.715,82
2024-08-15 10:10:00-04:00,62.7,62.87,62.66,62.87,16353.0,62.738,146
2024-08-15 10:15:00-04:00,62.87,62.93,62.81,62.84,4797.0,62.849,37
2024-08-15 10:20:00-04:00,62.81,62.88,62.79,62.79,7224.0,62.829,64
2024-08-15 10:25:00-04:00,62.8,62.84,62.77,62.77,7371.0,62.811,57
2024-08-15 10:30:00-04:00,62.76,62.86,62.76,62.81,5905.0,62.816,26
2024-08-15 10:35:00-04:00,62.85,62.92,62.79,62.79,5762.0,62.847,47
2024-08-15 10:40:00-04:00,62.78,62.89,62.77,62.89,7122.0,62.807,45
2024-08-15 10:45:00-04:00,62.89,62.9,62.84,62.86,5342.0,62.865,50
2024-08-15 10:50:00-04:00,62.87,62.97,62.87,62.9,6885.0,62.927,52
2024-08-15 10:55:00-04:00,62.89,62.95,62.89,62.95,2219.0,62.902,16
2024-08-15 11:00:00-04:00,62.94,63.0,62.9,62.98,4797.0,62.95,35
2024-08-15 11:05:00-04:00,62.96,63.02,62.93,63.02,4248.0,62.964,40
2024-08-15 11:10:00-04:00,63.03,63.06,63.0,63.05,4424.0,63.024,38
2024-08-15 11:15:00-04:00,63.07,63.09,63.05,63.05,4136.0,63.065,34
2024-08-15 11:20:00-04:00,63.05,63.06,63.01,63.04,6115.0,63.036,52
2024-08-15 11:25:00-04:00,63.05,63.09,63.03,63.05,4216.0,63.067,40
2024-08-15 11:30:00-04:00,63.05,63.11,63.05,63.09,3281.0,63.089,29
2024-08-15 11:35:00-04:00,63.11,63.12,63.07,63.08,6747.0,63.091,49
2024-08-15 11:40:00-04:00,63.08,63.09,63.0,63.07,9727.0,63.062,79
2024-08-15 11:45:00-04:00,63.07,63.15,63.06,63.14,1832.0,63.1,18
2024-08-15 11:50:00-04:00,63.15,63.15,63.11,63.12,5558.0,63.125,42
2024-08-15 11:55:00-04:00,63.12,63.14,63.04,63.06,6019.0,63.103,48
2024-08-15 12:00:00-04:00,63.07,63.12,63.07,63.12,1741.0,63.096,14
2024-08-15 12:05:00-04:00,63.15,63.15,63.13,63.15,500.0,63.142,5
2024-08-15 12:10:00-04:00,63.15,63.16,63.11,63.11,5939.0,63.134,33
2024-08-15 12:15:00-04:00,63.11,63.18,63.11,63.18,3141.0,63.161,24
2024-08-15 12:20:00-04:00,63.18,63.23,63.17,63.2,3444.0,63.195,28
2024-08-15 12:25:00-04:00,63.19,63.21,63.16,63.17,2656.0,63.18,23
2024-08-15 12:30:00-04:00,63.16,63.19,63.14,63.17,1988.0,63.168,15
2024-08-15 12:35:00-04:00,63.18,63.19,63.15,63.16,2714.0,63.162,22
2024-08-15 12:40:00-04:00,63.16,63.18,63.13,63.15,7454.0,63.149,56
2024-08-15 12:45:00-04:00,63.15,63.17,63.09,63.13,11472.0,63.118,27
2024-08-15 12:50:00-04:00,63.15,63.17,63.15,63.15,810.0,63.155,6
2024-08-15 12:55:00-04:00,63.17,63.17,63.1,63.11,3675.0,63.142,30
2024-08-15 13:00:00-04:00,63.15,63.17,63.14,63.15,3040.0,63.154,9
2024-08-15 13:05:00-04:00,63.19,63.19,63.12,63.19,3655.0,63.159,27
2024-08-15 13:10:00-04:00,63.19,63.22,63.18,63.2,1862.0,63.202,15
2024-08-15 13:15:00-04:00,63.2,63.22,63.18,63.18,2938.0,63.198,18
2024-08-15 13:20:00-04:00,63.18,63.18,63.12,63.14,6043.0,63.141,52
2024-08-15 13:25:00-04:00,63.14,63.21,63.13,63.2,5585.0,63.161,51
2024-08-15 13:30:00-04:00,63.2,63.24,63.19,63.2,5963.0,63.208,43
2024-08-15 13:35:00-04:00,63.21,63.26,63.2,63.2,4560.0,63.232,34
2024-08-15 13:40:00-04:00,63.19,63.21,63.17,63.18,3347.0,63.19,27
2024-08-15 13:45:00-04:00,63.18,63.18,63.12,63.13,3152.0,63.145,24
2024-08-15 13:50:00-04:00,63.16,63.16,63.13,63.15,3165.0,63.139,25
2024-08-15 13:55:00-04:00,63.16,63.19,63.13,63.15,7283.0,63.159,49
2024-08-15 14:00:00-04:00,63.14,63.17,63.12,63.17,3532.0,63.137,20
2024-08-15 14:05:00-04:00,63.17,63.18,63.14,63.15,5443.0,63.152,39
2024-08-15 14:10:00-04:00,63.14,63.2,63.14,63.18,6705.0,63.172,36
2024-08-15 14:15:00-04:00,63.18,63.18,63.15,63.17,3555.0,63.17,26
2024-08-15 14:20:00-04:00,63.18,63.18,63.1,63.12,3124.0,63.142,25
2024-08-15 14:25:00-04:00,63.12,63.16,63.12,63.14,3186.0,63.138,23
2024-08-15 14:30:00-04:00,63.15,63.2,63.1,63.2,12489.0,63.127,95
2024-08-15 14:35:00-04:00,63.23,63.26,63.2,63.22,4045.0,63.24,34
2024-08-15 14:40:00-04:00,63.22,63.25,63.22,63.22,1590.0,63.227,11
2024-08-15 14:45:00-04:00,63.24,63.26,63.16,63.16,4643.0,63.199,41
2024-08-15 14:50:00-04:00,63.16,63.21,63.11,63.12,9711.0,63.154,75
2024-08-15 14:55:00-04:00,63.12,63.12,63.06,63.08,7097.0,63.095,55
2024-08-15 15:00:00-04:00,63.08,63.08,63.01,63.05,7541.0,63.044,47
2024-08-15 15:05:00-04:00,63.04,63.07,63.03,63.06,8003.0,63.053,58
2024-08-15 15:10:00-04:00,63.07,63.08,63.06,63.06,4763.0,63.068,35
2024-08-15 15:15:00-04:00,63.06,63.13,63.05,63.13,7873.0,63.094,53
2024-08-15 15:20:00-04:00,63.13,63.18,63.13,63.18,15869.0,63.146,124
2024-08-15 15:25:00-04:00,63.16,63.19,63.14,63.19,9291.0,63.16,66
2024-08-15 15:30:00-04:00,63.17,63.18,63.13,63.15,9922.0,63.151,65
2024-08-15 15:35:00-04:00,63.15,63.18,63.15,63.15,12447.0,63.165,93
2024-08-15 15:40:00-04:00,63.16,63.16,63.13,63.14,36987.0,63.142,196
2024-08-15 15:45:00-04:00,63.14,63.15,62.99,63.0,37896.0,63.084,270
2024-08-15 15:50:00-04:00,63.0,63.08,62.91,62.94,42353.0,62.985,333
2024-08-15 15:55:00-04:00,62.94,63.0,62.88,63.0,102489.0,62.926,635
2024-08-16 09:30:00-04:00,62.89,62.9,62.64,62.7,48555.0,62.882,25
2024-08-16 09:35:00-04:00,62.82,62.94,62.76,62.76,1369.0,62.848,7
2024-08-16 09:40:00-04:00,62.89,62.9,62.78,62.86,5150.0,62.871,34
2024-08-16 09:45:00-04:00,62.9,62.9,62.73,62.82,5798.0,62.828,42
2024-08-16 09:50:00-04:00,62.78,62.8,62.73,62.74,1420.0,62.752,10
2024-08-16 09:55:00-04:00,62.78,62.96,62.78,62.87,4182.0,62.901,31
2024-08-16 10:00:00-04:00,62.85,63.0,62.79,62.81,17464.0,62.916,94
2024-08-16 10:05:00-04:00,62.77,62.86,62.74,62.76,3200.0,62.8,26
2024-08-16 10:10:00-04:00,62.75,62.78,62.7,62.78,2428.0,62.729,21
2024-08-16 10:15:00-04:00,62.75,62.84,62.74,62.83,10139.0,62.795,89
2024-08-16 10:20:00-04:00,62.85,62.85,62.72,62.8,4667.0,62.797,36
2024-08-16 10:25:00-04:00,62.8,62.83,62.74,62.74,5444.0,62.783,33
2024-08-16 10:30:00-04:00,62.76,62.77,62.66,62.69,4512.0,62.703,37
2024-08-16 10:35:00-04:00,62.68,62.74,62.66,62.73,2058.0,62.687,12
2024-08-16 10:40:00-04:00,62.74,62.89,62.74,62.87,9411.0,62.83,57
2024-08-16 10:45:00-04:00,62.9,62.94,62.89,62.92,6577.0,62.914,34
2024-08-16 10:50:00-04:00,62.92,62.95,62.9,62.94,3841.0,62.921,27
2024-08-16 10:55:00-04:00,62.95,62.95,62.88,62.88,6156.0,62.913,50
2024-08-16 11:00:00-04:00,62.89,62.91,62.88,62.9,2315.0,62.893,20
2024-08-16 11:05:00-04:00,62.91,62.96,62.91,62.95,2277.0,62.941,16
2024-08-16 11:10:00-04:00,62.98,63.04,62.97,62.97,8549.0,62.999,45
2024-08-16 11:15:00-04:00,62.97,63.14,62.97,63.12,3582.0,63.043,31
2024-08-16 11:20:00-04:00,63.11,63.15,63.11,63.15,1118.0,63.124,9
2024-08-16 11:25:00-04:00,63.13,63.25,63.13,63.23,6145.0,63.192,47
2024-08-16 11:30:00-04:00,63.21,63.21,63.18,63.19,839.0,63.186,6
2024-08-16 11:35:00-04:00,63.19,63.24,63.16,63.16,5756.0,63.206,37
2024-08-16 11:40:00-04:00,63.15,63.24,63.15,63.24,5039.0,63.183,15
2024-08-16 11:45:00-04:00,63.25,63.41,63.24,63.41,14776.0,63.295,63
2024-08-16 11:50:00-04:00,63.41,63.41,63.34,63.35,3162.0,63.378,30
2024-08-16 11:55:00-04:00,63.32,63.35,63.3,63.3,4116.0,63.33,32
2024-08-16 12:00:00-04:00,63.32,63.35,63.28,63.35,3111.0,63.312,14
2024-08-16 12:05:00-04:00,63.34,63.37,63.33,63.37,1846.0,63.36,15
2024-08-16 12:10:00-04:00,63.37,63.37,63.32,63.35,1622.0,63.349,14
2024-08-16 12:15:00-04:00,63.41,63.48,63.4,63.42,4941.0,63.43,36
2024-08-16 12:20:00-04:00,63.43,63.45,63.41,63.45,1843.0,63.424,18
2024-08-16 12:25:00-04:00,63.45,63.46,63.37,63.42,6187.0,63.408,49
2024-08-16 12:30:00-04:00,63.43,63.46,63.42,63.45,6785.0,63.452,24
2024-08-16 12:35:00-04:00,63.43,63.43,63.35,63.37,1400.0,63.388,13
2024-08-16 12:40:00-04:00,63.35,63.36,63.34,63.35,3298.0,63.344,23
2024-08-16 12:45:00-04:00,63.34,63.41,63.33,63.41,3198.0,63.349,27
2024-08-16 12:50:00-04:00,63.39,63.4,63.35,63.36,2895.0,63.365,18
2024-08-16 12:55:00-04:00,63.37,63.44,63.36,63.39,2610.0,63.403,26
2024-08-16 13:00:00-04:00,63.4,63.4,63.35,63.36,2257.0,63.371,17
2024-08-16 13:05:00-04:00,63.37,63.37,63.33,63.34,5506.0,63.347,36
2024-08-16 13:10:00-04:00,63.35,63.35,63.31,63.31,4500.0,63.32,32
2024-08-16 13:15:00-04:00,63.34,63.34,63.29,63.29,2010.0,63.319,17
2024-08-16 13:20:00-04:00,63.29,63.29,63.22,63.22,3379.0,63.247,26
2024-08-16 13:25:00-04:00,63.21,63.23,63.19,63.23,4115.0,63.217,37
2024-08-16 13:30:00-04:00,63.25,63.25,63.24,63.24,1943.0,63.244,15
2024-08-16 13:35:00-04:00,63.26,63.31,63.26,63.28,3443.0,63.288,25
2024-08-16 13:40:00-04:00,63.3,63.3,63.27,63.29,1485.0,63.278,12
2024-08-16 13:45:00-04:00,63.29,63.29,63.21,63.24,3722.0,63.259,30
2024-08-16 13:50:00-04:00,63.22,63.22,63.2,63.21,1378.0,63.211,11
2024-08-16 13:55:00-04:00,63.22,63.27,63.22,63.25,2655.0,63.249,23
2024-08-16 14:00:00-04:00,63.25,63.25,63.23,63.24,3535.0,63.24,27
2024-08-16 14:05:00-04:00,63.23,63.25,63.23,63.23,1734.0,63.235,13
2024-08-16 14:10:00-04:00,63.23,63.23,63.19,63.21,2287.0,63.216,20
2024-08-16 14:15:00-04:00,63.21,63.25,63.21,63.25,2551.0,63.223,23
2024-08-16 14:20:00-04:00,63.26,63.26,63.16,63.16,3903.0,63.217,31
2024-08-16 14:25:00-04:00,63.16,63.2,63.15,63.2,1508.0,63.179,14
2024-08-16 14:30:00-04:00,63.19,63.19,63.18,63.19,2843.0,63.184,21
2024-08-16 14:35:00-04:00,63.21,63.23,63.18,63.23,2698.0,63.202,22
2024-08-16 14:40:00-04:00,63.24,63.29,63.21,63.21,6555.0,63.251,44
2024-08-16 14:45:00-04:00,63.21,63.24,63.21,63.23,2243.0,63.229,17
2024-08-16 14:50:00-04:00,63.22,63.26,63.21,63.26,5515.0,63.229,46
2024-08-16 14:55:00-04:00,63.25,63.31,63.23,63.31,3977.0,63.244,32
2024-08-16 15:00:00-04:00,63.31,63.33,63.28,63.31,11007.0,63.313,43
2024-08-16 15:05:00-04:00,63.3,63.32,63.3,63.3,2793.0,63.306,19
2024-08-16 15:10:00-04:00,63.32,63.33,63.29,63.33,10607.0,63.304,52
2024-08-16 15:15:00-04:00,63.32,63.36,63.31,63.35,6265.0,63.331,53
2024-08-16 15:20:00-04:00,63.34,63.36,63.3,63.3,6639.0,63.337,45
2024-08-16 15:25:00-04:00,63.31,63.35,63.27,63.34,6179.0,63.311,43
2024-08-16 15:30:00-04:00,63.34,63.39,63.33,63.37,9842.0,63.354,80
2024-08-16 15:35:00-04:00,63.37,63.44,63.37,63.4,7019.0,63.409,63
2024-08-16 15:40:00-04:00,63.41,63.45,63.4,63.43,12951.0,63.428,101
2024-08-16 15:45:00-04:00,63.43,63.46,63.4,63.41,15814.0,63.427,131
2024-08-16 15:50:00-04:00,63.41,63.46,63.39,63.45,17556.0,63.432,131
2024-08-16 15:55:00-04:00,63.44,63.49,63.41,63.41,69254.0,63.445,362
2024-08-19 09:30:00-04:00,63.5,63.93,63.39,63.79,15619.0,63.524,26
2024-08-19 09:35:00-04:00,63.78,63.86,63.59,63.61,8898.0,63.686,80
2024-08-19 09:40:00-04:00,63.59,63.59,63.32,63.32,2111.0,63.449,16
2024-08-19 09:45:00-04:00,63.42,63.52,63.36,63.37,6062.0,63.408,49
2024-08-19 09:50:00-04:00,63.35,63.45,63.32,63.41,5311.0,63.401,42
2024-08-19 09:55:00-04:00,63.37,63.49,63.34,63.41,3852.0,63.389,33
2024-08-19 10:00:00-04:00,63.31,63.6,63.3,63.57,26920.0,63.47,105
2024-08-19 10:05:00-04:00,63.56,63.64,63.56,63.58,13974.0,63.601,54
2024-08-19 10:10:00-04:00,63.62,63.68,63.54,63.58,5599.0,63.606,40
2024-08-19 10:15:00-04:00,63.59,63.66,63.5,63.5,3430.0,63.582,31
2024-08-19 10:20:00-04:00,63.5,63.51,63.45,63.48,1813.0,63.477,15
2024-08-19 10:25:00-04:00,63.49,63.58,63.48,63.54,5213.0,63.531,36
2024-08-19 10:30:00-04:00,63.55,63.58,63.53,63.54,7235.0,63.549,48
2024-08-19 10:35:00-04:00,63.54,63.56,63.46,63.46,5109.0,63.529,41
2024-08-19 10:40:00-04:00,63.46,63.53,63.43,63.48,5020.0,63.482,41
2024-08-19 10:45:00-04:00,63.51,63.51,63.4,63.46,8563.0,63.459,57
2024-08-19 10:50:00-04:00,63.5,63.51,63.43,63.45,2948.0,63.457,25
2024-08-19 10:55:00-04:00,63.46,63.5,63.43,63.49,4674.0,63.468,36
2024-08-19 11:00:00-04:00,63.49,63.51,63.47,63.5,3211.0,63.486,22
2024-08-19 11:05:00-04:00,63.47,63.48,63.44,63.45,3314.0,63.459,28
2024-08-19 11:10:00-04:00,63.44,63.46,63.4,63.43,3419.0,63.432,27
2024-08-19 11:15:00-04:00,63.48,63.55,63.47,63.55,6950.0,63.49,35
2024-08-19 11:20:00-04:00,63.53,63.54,63.49,63.51,4112.0,63.516,23
2024-08-19 11:25:00-04:00,63.53,63.54,63.4,63.42,3319.0,63.491,18
2024-08-19 11:30:00-04:00,63.42,63.46,63.38,63.42,2199.0,63.418,17
2024-08-19 11:35:00-04:00,63.45,63.49,63.45,63.49,602.0,63.457,6
2024-08-19 11:40:00-04:00,63.45,63.47,63.44,63.46,2292.0,63.457,21
2024-08-19 11:45:00-04:00,63.47,63.49,63.44,63.46,2305.0,63.462,18
2024-08-19 11:50:00-04:00,63.47,63.49,63.44,63.45,3561.0,63.479,28
2024-08-19 11:55:00-04:00,63.48,63.49,63.4,63.44,6148.0,63.444,48
2024-08-19 12:00:00-04:00,63.46,63.58,63.46,63.54,5794.0,63.535,52
2024-08-19 12:05:00-04:00,63.55,63.59,63.54,63.59,1182.0,63.565,10
2024-08-19 12:10:00-04:00,63.59,63.59,63.59,63.59,300.0,63.59,3
2024-08-19 12:15:00-04:00,63.59,63.62,63.58,63.6,2675.0,63.594,21
2024-08-19 12:20:00-04:00,63.59,63.61,63.58,63.61,2924.0,63.598,18
2024-08-19 12:25:00-04:00,63.6,63.67,63.6,63.63,3345.0,63.631,29
2024-08-19 12:30:00-04:00,63.62,63.63,63.59,63.6,5579.0,63.61,47
2024-08-19 12:35:00-04:00,63.6,63.61,63.6,63.61,700.0,63.601,6
2024-08-19 12:40:00-04:00,63.59,63.6,63.55,63.55,3757.0,63.576,23
2024-08-19 12:45:00-04:00,63.55,63.57,63.54,63.56,2624.0,63.556,22
2024-08-19 12:50:00-04:00,63.57,63.57,63.56,63.57,1831.0,63.569,15
2024-08-19 12:55:00-04:00,63.56,63.6,63.53,63.58,5124.0,63.56,37
2024-08-19 13:00:00-04:00,63.59,63.6,63.56,63.6,3814.0,63.576,32
2024-08-19 13:05:00-04:00,63.62,63.62,63.6,63.61,5138.0,63.614,39
2024-08-19 13:10:00-04:00,63.61,63.61,63.58,63.6,4691.0,63.594,29
2024-08-19 13:15:00-04:00,63.6,63.61,63.55,63.55,3828.0,63.572,34
2024-08-19 13:20:00-04:00,63.54,63.58,63.53,63.55,3407.0,63.553,23
2024-08-19 13:25:00-04:00,63.54,63.54,63.5,63.52,3301.0,63.518,31
2024-08-19 13:30:00-04:00,63.52,63.52,63.49,63.51,3656.0,63.505,28
2024-08-19 13:35:00-04:00,63.52,63.55,63.51,63.51,4950.0,63.529,42
2024-08-19 13:40:00-04:00,63.5,63.52,63.49,63.5,2904.0,63.504,19
2024-08-19 13:45:00-04:00,63.51,63.54,63.51,63.52,1940.0,63.522,16
2024-08-19 13:50:00-04:00,63.52,63.52,63.46,63.46,5157.0,63.502,34
2024-08-19 13:55:00-04:00,63.45,63.5,63.45,63.46,5293.0,63.48,44
2024-08-19 14:00:00-04:00,63.47,63.52,63.47,63.5,2625.0,63.491,19
2024-08-19 14:05:00-04:00,63.49,63.49,63.43,63.43,3651.0,63.47,22
2024-08-19 14:10:00-04:00,63.43,63.45,63.42,63.43,5336.0,63.433,49
2024-08-19 14:15:00-04:00,63.43,63.43,63.42,63.42,3975.0,63.424,19
2024-08-19 14:20:00-04:00,63.42,63.45,63.42,63.43,4951.0,63.433,39
2024-08-19 14:25:00-04:00,63.43,63.43,63.39,63.39,5483.0,63.405,40
2024-08-19 14:30:00-04:00,63.39,63.4,63.38,63.38,1786.0,63.39,16
2024-08-19 14:35:00-04:00,63.38,63.41,63.38,63.41,6035.0,63.388,51
2024-08-19 14:40:00-04:00,63.42,63.51,63.42,63.5,4656.0,63.481,30
2024-08-19 14:45:00-04:00,63.51,63.51,63.44,63.44,5741.0,63.479,40
2024-08-19 14:50:00-04:00,63.44,63.48,63.44,63.48,4476.0,63.456,34
2024-08-19 14:55:00-04:00,63.47,63.48,63.43,63.43,6147.0,63.461,54
2024-08-19 15:00:00-04:00,63.43,63.44,63.4,63.4,5117.0,63.42,42
2024-08-19 15:05:00-04:00,63.4,63.42,63.39,63.41,2287.0,63.404,16
2024-08-19 15:10:00-04:00,63.4,63.41,63.39,63.41,3619.0,63.399,24
2024-08-19 15:15:00-04:00,63.41,63.45,63.4,63.43,3676.0,63.426,29
2024-08-19 15:20:00-04:00,63.43,63.46,63.42,63.45,10217.0,63.436,68
2024-08-19 15:25:00-04:00,63.47,63.52,63.46,63.51,5469.0,63.492,43
2024-08-19 15:30:00-04:00,63.5,63.5,63.47,63.48,11445.0,63.488,81
2024-08-19 15:35:00-04:00,63.49,63.5,63.44,63.5,9613.0,63.472,77
2024-08-19 15:40:00-04:00,63.5,63.53,63.49,63.51,5894.0,63.51,52
2024-08-19 15:45:00-04:00,63.51,63.59,63.5,63.57,7314.0,63.553,64
2024-08-19 15:50:00-04:00,63.58,63.62,63.52,63.6,18380.0,63.565,137
2024-08-19 15:55:00-04:00,63.59,63.71,63.53,63.67,95224.0,63.627,649
2024-08-20 09:30:00-04:00,63.66,63.66,63.49,63.58,10783.0,63.649,5
2024-08-20 09:35:00-04:00,63.51,63.51,63.44,63.47,2379.0,63.477,9
2024-08-20 09:40:00-04:00,63.49,63.49,63.39,63.48,2466.0,63.447,23
2024-08-20 09:45:00-04:00,63.51,63.56,63.44,63.56,2338.0,63.494,23
2024-08-20 09:50:00-04:00,63.55,63.55,63.48,63.49,5912.0,63.51,35
2024-08-20 09:55:00-04:00,63.5,63.51,63.34,63.34,784.0,63.459,7
2024-08-20 10:00:00-04:00,63.38,63.4,63.34,63.39,1442.0,63.381,12
2024-08-20 10:05:00-04:00,63.39,63.56,63.39,63.51,11017.0,63.443,21
2024-08-20 10:10:00-04:00,63.48,63.58,63.47,63.53,9209.0,63.533,51
2024-08-20 10:15:00-04:00,63.55,63.58,63.51,63.52,6981.0,63.537,38
2024-08-20 10:20:00-04:00,63.5,63.5,63.33,63.38,3748.0,63.383,35
2024-08-20 10:25:00-04:00,63.38,63.51,63.38,63.47,5649.0,63.448,30
2024-08-20 10:30:00-04:00,63.47,63.55,63.46,63.54,2764.0,63.508,24
2024-08-20 10:35:00-04:00,63.51,63.55,63.49,63.49,3811.0,63.51,24
2024-08-20 10:40:00-04:00,63.51,63.56,63.51,63.53,5533.0,63.531,43
2024-08-20 10:45:00-04:00,63.53,63.56,63.52,63.52,4690.0,63.53,36
2024-08-20 10:50:00-04:00,63.52,63.52,63.5,63.51,2693.0,63.511,21
2024-08-20 10:55:00-04:00,63.51,63.53,63.47,63.47,4541.0,63.498,38
2024-08-20 11:00:00-04:00,63.45,63.45,63.36,63.39,3977.0,63.391,30
2024-08-20 11:05:00-04:00,63.39,63.49,63.39,63.48,3030.0,63.437,26
2024-08-20 11:10:00-04:00,63.46,63.46,63.38,63.39,4389.0,63.435,29
2024-08-20 11:15:00-04:00,63.37,63.39,63.35,63.35,3053.0,63.367,25
2024-08-20 11:20:00-04:00,63.35,63.36,63.31,63.31,7223.0,63.331,24
2024-08-20 11:25:00-04:00,63.27,63.28,63.2,63.27,5515.0,63.25,49
2024-08-20 11:30:00-04:00,63.27,63.28,63.24,63.28,2324.0,63.271,18
2024-08-20 11:35:00-04:00,63.27,63.29,63.26,63.29,1652.0,63.276,13
2024-08-20 11:40:00-04:00,63.28,63.29,63.21,63.22,10565.0,63.241,64
2024-08-20 11:45:00-04:00,63.2,63.2,63.13,63.16,3280.0,63.156,28
2024-08-20 11:50:00-04:00,63.16,63.22,63.15,63.21,2716.0,63.187,23
2024-08-20 11:55:00-04:00,63.21,63.3,63.2,63.3,3625.0,63.24,19
2024-08-20 12:00:00-04:00,63.33,63.36,63.32,63.36,3680.0,63.345,18
2024-08-20 12:05:00-04:00,63.34,63.36,63.33,63.34,7752.0,63.341,51
2024-08-20 12:10:00-04:00,63.33,63.33,63.27,63.28,2270.0,63.307,20
2024-08-20 12:15:00-04:00,63.26,63.27,63.26,63.27,2004.0,63.263,12
2024-08-20 12:20:00-04:00,63.27,63.3,63.27,63.28,1613.0,63.285,13
2024-08-20 12:25:00-04:00,63.3,63.37,63.3,63.37,1788.0,63.312,16
2024-08-20 12:30:00-04:00,63.34,63.35,63.33,63.34,6132.0,63.337,40
2024-08-20 12:35:00-04:00,63.34,63.38,63.34,63.38,4887.0,63.368,32
2024-08-20 12:40:00-04:00,63.39,63.39,63.37,63.37,1501.0,63.373,12
2024-08-20 12:45:00-04:00,63.36,63.36,63.31,63.33,3966.0,63.339,28
2024-08-20 12:50:00-04:00,63.32,63.34,63.32,63.33,1466.0,63.324,13
2024-08-20 12:55:00-04:00,63.33,63.36,63.33,63.34,2250.0,63.345,14
2024-08-20 13:00:00-04:00,63.33,63.33,63.28,63.29,1673.0,63.307,11
2024-08-20 13:05:00-04:00,63.29,63.35,63.29,63.35,1067.0,63.323,9
2024-08-20 13:10:00-04:00,63.36,63.36,63.31,63.31,3903.0,63.33,16
2024-08-20 13:15:00-04:00,63.32,63.34,63.32,63.32,1063.0,63.327,9
2024-08-20 13:20:00-04:00,63.35,63.36,63.34,63.34,2253.0,63.349,19
2024-08-20 13:25:00-04:00,63.33,63.36,63.33,63.34,6266.0,63.338,50
2024-08-20 13:30:00-04:00,63.34,63.34,63.26,63.27,6487.0,63.318,49
2024-08-20 13:35:00-04:00,63.27,63.28,63.18,63.19,2238.0,63.241,20
2024-08-20 13:40:00-04:00,63.2,63.27,63.2,63.25,2336.0,63.238,15
2024-08-20 13:45:00-04:00,63.25,63.26,63.23,63.23,500.0,63.243,5
2024-08-20 13:50:00-04:00,63.23,63.23,63.21,63.23,1729.0,63.227,10
2024-08-20 13:55:00-04:00,63.22,63.23,63.17,63.17,3069.0,63.195,27
2024-08-20 14:00:00-04:00,63.17,63.17,63.15,63.16,2585.0,63.159,19
2024-08-20 14:05:00-04:00,63.17,63.23,63.17,63.23,5341.0,63.21,40
2024-08-20 14:10:00-04:00,63.23,63.31,63.23,63.3,4212.0,63.269,33
2024-08-20 14:15:00-04:00,63.3,63.35,63.3,63.35,1830.0,63.324,17
2024-08-20 14:20:00-04:00,63.37,63.38,63.36,63.38,2282.0,63.368,19
2024-08-20 14:25:00-04:00,63.38,63.38,63.36,63.36,4938.0,63.366,36
2024-08-20 14:30:00-04:00,63.36,63.36,63.34,63.34,2284.0,63.35,19
2024-08-20 14:35:00-04:00,63.35,63.36,63.31,63.32,4138.0,63.339,31
2024-08-20 14:40:00-04:00,63.31,63.34,63.28,63.3,4090.0,63.31,28
2024-08-20 14:45:00-04:00,63.32,63.32,63.3,63.32,2559.0,63.312,24
2024-08-20 14:50:00-04:00,63.32,63.35,63.31,63.32,2760.0,63.329,23
2024-08-20 14:55:00-04:00,63.32,63.34,63.3,63.3,5338.0,63.314,36
2024-08-20 15:00:00-04:00,63.32,63.32,63.29,63.3,2558.0,63.3,23
2024-08-20 15:05:00-04:00,63.29,63.31,63.28,63.31,3404.0,63.293,30
2024-08-20 15:10:00-04:00,63.32,63.38,63.31,63.34,14127.0,63.327,91
2024-08-20 15:15:00-04:00,63.33,63.35,63.3,63.32,10383.0,63.321,78
2024-08-20 15:20:00-04:00,63.31,63.31,63.29,63.3,2603.0,63.298,19
2024-08-20 15:25:00-04:00,63.31,63.34,63.3,63.33,6255.0,63.322,50
2024-08-20 15:30:00-04:00,63.33,63.33,63.23,63.23,15786.0,63.296,82
2024-08-20 15:35:00-04:00,63.23,63.27,63.17,63.18,44057.0,63.235,181
2024-08-20 15:40:00-04:00,63.16,63.18,63.04,63.07,91460.0,63.092,203
2024-08-20 15:45:00-04:00,63.06,63.17,63.02,63.14,36275.0,63.116,261
2024-08-20 15:50:00-04:00,63.15,63.17,63.02,63.09,38606.0,63.084,305
2024-08-20 15:55:00-04:00,63.09,63.32,63.09,63.3,107495.0,63.268,518
2024-08-21 09:30:00-04:00,63.46,63.66,63.33,63.66,9955.0,63.493,11
2024-08-21 09:35:00-04:00,63.66,63.66,63.66,63.66,0.0,63.66,0
2024-08-21 09:40:00-04:00,63.52,63.65,63.49,63.65,1857.0,63.524,13
2024-08-21 09:45:00-04:00,63.66,63.69,63.63,63.67,809.0,63.666,8
2024-08-21 09:50:00-04:00,63.63,63.65,63.58,63.58,4512.0,63.615,41
2024-08-21 09:55:00-04:00,63.58,63.64,63.57,63.62,3902.0,63.607,29
2024-08-21 10:00:00-04:00,63.58,63.7,63.52,63.58,9286.0,63.621,78
2024-08-21 10:05:00-04:00,63.54,63.56,63.49,63.49,2981.0,63.532,25
2024-08-21 10:10:00-04:00,63.47,63.49,63.46,63.48,1200.0,63.472,12
2024-08-21 10:15:00-04:00,63.46,63.52,63.44,63.52,3304.0,63.477,27
2024-08-21 10:20:00-04:00,63.49,63.54,63.48,63.54,2259.0,63.499,16
2024-08-21 10:25:00-04:00,63.55,63.62,63.55,63.56,17757.0,63.584,65
2024-08-21 10:30:00-04:00,63.58,63.62,63.52,63.59,3723.0,63.569,29
2024-08-21 10:35:00-04:00,63.62,63.67,63.62,63.63,4702.0,63.647,32
2024-08-21 10:40:00-04:00,63.64,63.64,63.6,63.61,3388.0,63.621,32
2024-08-21 10:45:00-04:00,63.62,63.64,63.43,63.43,2117.0,63.564,18
2024-08-21 10:50:00-04:00,63.41,63.45,63.36,63.36,4963.0,63.411,44
2024-08-21 10:55:00-04:00,63.35,63.36,63.32,63.35,5016.0,63.34,38
2024-08-21 11:00:00-04:00,63.35,63.43,63.35,63.43,1889.0,63.373,18
2024-08-21 11:05:00-04:00,63.45,63.48,63.43,63.46,1900.0,63.447,18
2024-08-21 11:10:00-04:00,63.48,63.51,63.48,63.49,1347.0,63.496,9
2024-08-21 11:15:00-04:00,63.5,63.54,63.5,63.53,4666.0,63.523,20
2024-08-21 11:20:00-04:00,63.55,63.58,63.52,63.56,5875.0,63.55,45
2024-08-21 11:25:00-04:00,63.57,63.57,63.48,63.48,1388.0,63.54,10
2024-08-21 11:30:00-04:00,63.48,63.49,63.43,63.48,1056.0,63.462,10
2024-08-21 11:35:00-04:00,63.48,63.48,63.48,63.48,100.0,63.48,1
2024-08-21 11:40:00-04:00,63.47,63.51,63.47,63.49,1300.0,63.495,12
2024-08-21 11:45:00-04:00,63.5,63.51,63.45,63.47,6486.0,63.477,47
2024-08-21 11:50:00-04:00,63.48,63.49,63.47,63.49,2837.0,63.48,23
2024-08-21 11:55:00-04:00,63.47,63.48,63.45,63.45,2063.0,63.464,17
2024-08-21 12:00:00-04:00,63.43,63.44,63.43,63.43,742.0,63.433,7
2024-08-21 12:05:00-04:00,63.45,63.49,63.45,63.46,3496.0,63.468,24
2024-08-21 12:10:00-04:00,63.46,63.48,63.44,63.46,16458.0,63.452,33
2024-08-21 12:15:00-04:00,63.45,63.48,63.45,63.47,694.0,63.47,5
2024-08-21 12:20:00-04:00,63.47,63.53,63.47,63.52,3152.0,63.5,23
2024-08-21 12:25:00-04:00,63.53,63.56,63.51,63.51,2362.0,63.527,14
2024-08-21 12:30:00-04:00,63.52,63.53,63.5,63.51,4623.0,63.516,39
2024-08-21 12:35:00-04:00,63.52,63.57,63.52,63.57,1182.0,63.539,8
2024-08-21 12:40:00-04:00,63.55,63.57,63.55,63.57,400.0,63.565,3
2024-08-21 12:45:00-04:00,63.61,63.66,63.61,63.65,1162.0,63.639,8
2024-08-21 12:50:00-04:00,63.66,63.69,63.65,63.69,3416.0,63.662,25
2024-08-21 12:55:00-04:00,63.7,63.72,63.69,63.72,828.0,63.701,6
2024-08-21 13:00:00-04:00,63.72,63.72,63.7,63.71,730.0,63.713,6
2024-08-21 13:05:00-04:00,63.71,63.74,63.7,63.74,625.0,63.724,5
2024-08-21 13:10:00-04:00,63.73,63.76,63.73,63.74,1402.0,63.748,11
2024-08-21 13:15:00-04:00,63.75,63.81,63.75,63.79,2928.0,63.766,24
2024-08-21 13:20:00-04:00,63.8,63.82,63.79,63.79,1868.0,63.801,16
2024-08-21 13:25:00-04:00,63.79,63.82,63.79,63.82,500.0,63.807,5
2024-08-21 13:30:00-04:00,63.82,63.83,63.8,63.81,1780.0,63.816,16
2024-08-21 13:35:00-04:00,63.8,63.86,63.78,63.85,6620.0,63.823,44
2024-08-21 13:40:00-04:00,63.84,63.86,63.84,63.86,3426.0,63.846,23
2024-08-21 13:45:00-04:00,63.87,63.91,63.87,63.91,8668.0,63.889,49
2024-08-21 13:50:00-04:00,63.91,63.98,63.91,63.98,4550.0,63.928,34
2024-08-21 13:55:00-04:00,63.97,63.97,63.88,63.9,3245.0,63.927,26
2024-08-21 14:00:00-04:00,63.91,64.0,63.91,63.96,6983.0,63.951,48
2024-08-21 14:05:00-04:00,63.93,63.96,63.93,63.96,782.0,63.956,7
2024-08-21 14:10:00-04:00,63.94,63.94,63.93,63.93,1407.0,63.933,8
2024-08-21 14:15:00-04:00,63.95,63.98,63.95,63.98,3728.0,63.957,15
2024-08-21 14:20:00-04:00,63.98,63.98,63.94,63.96,2555.0,63.963,18
2024-08-21 14:25:00-04:00,63.98,63.98,63.96,63.96,700.0,63.971,7
2024-08-21 14:30:00-04:00,63.97,64.01,63.97,63.99,5697.0,63.988,43
2024-08-21 14:35:00-04:00,63.98,63.98,63.92,63.94,7097.0,63.939,36
2024-08-21 14:40:00-04:00,63.93,63.97,63.93,63.97,1809.0,63.942,13
2024-08-21 14:45:00-04:00,63.96,63.96,63.94,63.95,2252.0,63.956,8
2024-08-21 14:50:00-04:00,63.96,63.96,63.93,63.94,2788.0,63.945,19
2024-08-21 14:55:00-04:00,63.93,63.95,63.92,63.93,4530.0,63.933,33
2024-08-21 15:00:00-04:00,63.92,63.92,63.89,63.91,7943.0,63.903,41
2024-08-21 15:05:00-04:00,63.92,63.92,63.87,63.87,7944.0,63.89,62
2024-08-21 15:10:00-04:00,63.88,63.9,63.85,63.85,4853.0,63.871,34
2024-08-21 15:15:00-04:00,63.85,63.93,63.85,63.87,6886.0,63.876,49
2024-08-21 15:20:00-04:00,63.86,63.86,63.82,63.83,4602.0,63.836,37
2024-08-21 15:25:00-04:00,63.82,63.95,63.82,63.95,5972.0,63.87,45
2024-08-21 15:30:00-04:00,63.94,63.94,63.89,63.9,4786.0,63.915,42
2024-08-21 15:35:00-04:00,63.9,63.95,63.89,63.94,5348.0,63.926,48
2024-08-21 15:40:00-04:00,63.95,64.0,63.9,63.91,8132.0,63.954,58
2024-08-21 15:45:00-04:00,63.92,63.94,63.84,63.92,15819.0,63.903,67
2024-08-21 15:50:00-04:00,63.92,63.96,63.84,63.91,16702.0,63.908,135
2024-08-21 15:55:00-04:00,63.92,63.98,63.91,63.93,69350.0,63.94,409
2024-08-22 09:30:00-04:00,64.02,64.02,63.6,63.75,28438.0,64.0,23
2024-08-22 09:35:00-04:00,63.81,63.87,63.81,63.83,700.0,63.853,6
2024-08-22 09:40:00-04:00,63.93,63.94,63.78,63.78,1477.0,63.851,13
2024-08-22 09:45:00-04:00,63.82,63.86,63.64,63.67,5254.0,63.742,30
2024-08-22 09:50:00-04:00,63.63,63.67,63.52,63.6,4652.0,63.583,41
2024-08-22 09:55:00-04:00,63.62,63.7,63.6,63.62,2626.0,63.635,22
2024-08-22 10:00:00-04:00,63.62,63.68,63.56,63.58,5337.0,63.632,44
2024-08-22 10:05:00-04:00,63.58,63.59,63.49,63.49,2483.0,63.529,23
2024-08-22 10:10:00-04:00,63.5,63.62,63.48,63.62,6023.0,63.51,27
2024-08-22 10:15:00-04:00,63.6,63.75,63.6,63.74,4627.0,63.66,34
2024-08-22 10:20:00-04:00,63.74,63.74,63.63,63.68,5962.0,63.678,46
2024-08-22 10:25:00-04:00,63.71,63.77,63.71,63.76,2323.0,63.748,20
2024-08-22 10:30:00-04:00,63.77,63.83,63.75,63.79,6350.0,63.779,42
2024-08-22 10:35:00-04:00,63.8,63.87,63.8,63.87,1355.0,63.838,13
2024-08-22 10:40:00-04:00,63.84,63.88,63.81,63.83,5241.0,63.842,32
2024-08-22 10:45:00-04:00,63.84,63.91,63.84,63.89,2110.0,63.883,20
2024-08-22 10:50:00-04:00,63.89,63.91,63.89,63.9,2437.0,63.896,17
2024-08-22 10:55:00-04:00,63.88,63.89,63.85,63.86,3424.0,63.869,27
2024-08-22 11:00:00-04:00,63.86,63.88,63.85,63.87,1558.0,63.868,13
2024-08-22 11:05:00-04:00,63.86,63.89,63.8,63.83,2777.0,63.851,24
2024-08-22 11:10:00-04:00,63.84,63.88,63.84,63.84,1347.0,63.85,9
2024-08-22 11:15:00-04:00,63.82,63.83,63.79,63.79,3528.0,63.807,31
2024-08-22 11:20:00-04:00,63.78,63.8,63.77,63.79,2560.0,63.782,23
2024-08-22 11:25:00-04:00,63.82,63.86,63.82,63.85,1724.0,63.841,15
2024-08-22 11:30:00-04:00,63.84,63.89,63.83,63.89,2425.0,63.845,20
2024-08-22 11:35:00-04:00,63.88,63.91,63.88,63.9,8886.0,63.884,25
2024-08-22 11:40:00-04:00,63.92,63.94,63.89,63.91,3844.0,63.912,32
2024-08-22 11:45:00-04:00,63.9,63.94,63.83,63.85,4907.0,63.899,38
2024-08-22 11:50:00-04:00,63.83,63.83,63.81,63.83,1560.0,63.822,15
2024-08-22 11:55:00-04:00,63.85,63.88,63.84,63.86,3770.0,63.86,34
2024-08-22 12:00:00-04:00,63.88,63.9,63.86,63.9,1801.0,63.877,13
2024-08-22 12:05:00-04:00,63.89,63.91,63.88,63.89,2376.0,63.896,21
2024-08-22 12:10:00-04:00,63.9,63.93,63.85,63.86,3128.0,63.888,27
2024-08-22 12:15:00-04:00,63.86,63.9,63.86,63.9,2365.0,63.888,19
2024-08-22 12:20:00-04:00,63.91,63.94,63.89,63.89,1401.0,63.908,10
2024-08-22 12:25:00-04:00,63.91,63.97,63.9,63.97,2331.0,63.933,16
2024-08-22 12:30:00-04:00,63.98,63.98,63.94,63.96,3621.0,63.956,21
2024-08-22 12:35:00-04:00,63.96,63.98,63.94,63.96,2920.0,63.955,24
2024-08-22 12:40:00-04:00,63.97,63.98,63.95,63.96,2115.0,63.966,18
2024-08-22 12:45:00-04:00,63.94,63.96,63.94,63.94,1485.0,63.946,11
2024-08-22 12:50:00-04:00,63.95,63.95,63.9,63.9,1912.0,63.924,18
2024-08-22 12:55:00-04:00,63.9,63.91,63.86,63.9,3565.0,63.888,28
2024-08-22 13:00:00-04:00,63.89,63.89,63.82,63.83,1880.0,63.85,17
2024-08-22 13:05:00-04:00,63.82,63.91,63.82,63.9,3461.0,63.862,22
2024-08-22 13:10:00-04:00,63.9,63.94,63.88,63.89,2284.0,63.91,17
2024-08-22 13:15:00-04:00,63.88,63.95,63.87,63.95,3270.0,63.918,26
2024-08-22 13:20:00-04:00,63.96,64.01,63.95,63.98,2300.0,63.975,22
2024-08-22 13:25:00-04:00,63.96,63.97,63.93,63.93,3561.0,63.948,31
2024-08-22 13:30:00-04:00,63.9,63.95,63.87,63.92,7943.0,63.905,67
2024-08-22 13:35:00-04:00,63.9,63.96,63.89,63.93,3374.0,63.916,29
2024-08-22 13:40:00-04:00,63.93,63.96,63.91,63.95,2138.0,63.931,18
2024-08-22 13:45:00-04:00,63.93,63.95,63.89,63.89,3509.0,63.92,29
2024-08-22 13:50:00-04:00,63.91,63.91,63.82,63.82,5180.0,63.874,45
2024-08-22 13:55:00-04:00,63.8,63.85,63.8,63.83,4056.0,63.816,29
2024-08-22 14:00:00-04:00,63.83,63.84,63.8,63.83,4606.0,63.818,41
2024-08-22 14:05:00-04:00,63.82,63.87,63.82,63.85,1934.0,63.845,18
2024-08-22 14:10:00-04:00,63.87,63.87,63.8,63.82,4809.0,63.833,37
2024-08-22 14:15:00-04:00,63.85,63.87,63.81,63.85,4362.0,63.841,38
2024-08-22 14:20:00-04:00,63.86,63.86,63.8,63.8,7921.0,63.822,67
2024-08-22 14:25:00-04:00,63.79,63.82,63.79,63.82,5078.0,63.798,36
2024-08-22 14:30:00-04:00,63.8,63.84,63.72,63.82,8636.0,63.786,66
2024-08-22 14:35:00-04:00,63.81,63.82,63.78,63.78,5524.0,63.804,27
2024-08-22 14:40:00-04:00,63.78,63.79,63.76,63.76,6246.0,63.768,36
2024-08-22 14:45:00-04:00,63.76,63.83,63.76,63.81,3860.0,63.798,35
2024-08-22 14:50:00-04:00,63.82,63.84,63.8,63.84,3440.0,63.82,21
2024-08-22 14:55:00-04:00,63.84,63.85,63.76,63.77,7091.0,63.813,53
2024-08-22 15:00:00-04:00,63.78,63.83,63.78,63.81,2179.0,63.805,21
2024-08-22 15:05:00-04:00,63.82,63.85,63.8,63.85,3658.0,63.823,31
2024-08-22 15:10:00-04:00,63.85,63.89,63.85,63.88,3575.0,63.865,30
2024-08-22 15:15:00-04:00,63.87,63.88,63.81,63.82,4399.0,63.854,35
2024-08-22 15:20:00-04:00,63.81,63.81,63.74,63.77,11657.0,63.786,93
2024-08-22 15:25:00-04:00,63.77,63.79,63.72,63.73,6508.0,63.746,58
2024-08-22 15:30:00-04:00,63.73,63.77,63.69,63.72,10117.0,63.719,80
2024-08-22 15:35:00-04:00,63.71,63.77,63.71,63.75,15134.0,63.74,110
2024-08-22 15:40:00-04:00,63.74,63.76,63.72,63.74,13057.0,63.737,88
2024-08-22 15:45:00-04:00,63.75,63.77,63.67,63.75,14414.0,63.722,115
2024-08-22 15:50:00-04:00,63.76,63.84,63.67,63.7,20637.0,63.722,164
2024-08-22 15:55:00-04:00,63.7,63.85,63.66,63.82,69935.0,63.743,380
2024-08-23 09:30:00-04:00,64.09,64.1,63.74,63.74,4731.0,64.068,5
2024-08-23 09:35:00-04:00,64.08,64.28,63.87,64.27,2234.0,64.142,18
2024-08-23 09:40:00-04:00,64.27,64.27,64.08,64.08,800.0,64.222,3
2024-08-23 09:45:00-04:00,64.13,64.13,64.06,64.06,2447.0,64.09,16
2024-08-23 09:50:00-04:00,64.05,64.08,63.99,64.06,21120.0,64.069,24
2024-08-23 09:55:00-04:00,64.11,64.11,64.02,64.02,2097.0,64.046,16
2024-08-23 10:00:00-04:00,64.06,64.21,64.06,64.2,6550.0,64.154,48
2024-08-23 10:05:00-04:00,64.2,64.36,64.18,64.36,3653.0,64.235,27
2024-08-23 10:10:00-04:00,64.37,64.61,64.37,64.51,6217.0,64.484,40
2024-08-23 10:15:00-04:00,64.51,64.54,64.42,64.42,6309.0,64.481,50
2024-08-23 10:20:00-04:00,64.45,64.6,64.4,64.59,1796.0,64.517,14
2024-08-23 10:25:00-04:00,64.62,64.66,64.62,64.64,1918.0,64.646,12
2024-08-23 10:30:00-04:00,64.61,64.66,64.6,64.63,6192.0,64.629,48
2024-08-23 10:35:00-04:00,64.63,64.68,64.58,64.58,4749.0,64.626,39
2024-08-23 10:40:00-04:00,64.57,64.6,64.5,64.52,5174.0,64.55,43
2024-08-23 10:45:00-04:00,64.47,64.47,64.21,64.25,15248.0,64.38,112
2024-08-23 10:50:00-04:00,64.24,64.33,64.23,64.33,11347.0,64.266,85
2024-08-23 10:55:00-04:00,64.39,64.5,64.38,64.48,3737.0,64.448,26
2024-08-23 11:00:00-04:00,64.48,64.65,64.45,64.65,4747.0,64.495,37
2024-08-23 11:05:00-04:00,64.68,64.76,64.65,64.76,2161.0,64.688,13
2024-08-23 11:10:00-04:00,64.76,64.81,64.71,64.8,4277.0,64.754,28
2024-08-23 11:15:00-04:00,64.8,64.91,64.8,64.85,5144.0,64.846,39
2024-08-23 11:20:00-04:00,64.84,64.85,64.79,64.81,1963.0,64.814,14
2024-08-23 11:25:00-04:00,64.83,64.85,64.82,64.82,1729.0,64.833,16
2024-08-23 11:30:00-04:00,64.85,64.97,64.84,64.97,10075.0,64.873,60
2024-08-23 11:35:00-04:00,64.96,65.02,64.96,64.99,8948.0,65.001,37
2024-08-23 11:40:00-04:00,64.97,64.98,64.92,64.93,3804.0,64.954,27
2024-08-23 11:45:00-04:00,64.91,64.91,64.85,64.86,3219.0,64.88,28
2024-08-23 11:50:00-04:00,64.82,64.82,64.71,64.71,5075.0,64.762,40
2024-08-23 11:55:00-04:00,64.7,64.72,64.58,64.58,4351.0,64.667,30
2024-08-23 12:00:00-04:00,64.58,64.58,64.47,64.54,2911.0,64.518,23
2024-08-23 12:05:00-04:00,64.57,64.57,64.53,64.57,1412.0,64.552,12
2024-08-23 12:10:00-04:00,64.58,64.58,64.51,64.51,1663.0,64.538,15
2024-08-23 12:15:00-04:00,64.52,64.52,64.43,64.48,2118.0,64.479,16
2024-08-23 12:20:00-04:00,64.48,64.48,64.44,64.45,802.0,64.469,6
2024-08-23 12:25:00-04:00,64.43,64.43,64.35,64.38,4200.0,64.386,28
2024-08-23 12:30:00-04:00,64.38,64.4,64.36,64.39,2903.0,64.384,25
2024-08-23 12:35:00-04:00,64.42,64.44,64.41,64.41,1452.0,64.418,13
2024-08-23 12:40:00-04:00,64.38,64.38,64.26,64.37,3896.0,64.321,27
2024-08-23 12:45:00-04:00,64.36,64.38,64.33,64.38,3339.0,64.345,19
2024-08-23 12:50:00-04:00,64.42,64.45,64.41,64.41,1859.0,64.423,15
2024-08-23 12:55:00-04:00,64.42,64.47,64.42,64.47,600.0,64.454,6
2024-08-23 13:00:00-04:00,64.45,64.47,64.43,64.44,2745.0,64.444,21
2024-08-23 13:05:00-04:00,64.44,64.44,64.44,64.44,0.0,64.44,0
2024-08-23 13:10:00-04:00,64.47,64.47,64.45,64.45,700.0,64.456,5
2024-08-23 13:15:00-04:00,64.48,64.51,64.47,64.47,3537.0,64.49,26
2024-08-23 13:20:00-04:00,64.49,64.55,64.49,64.55,1708.0,64.512,13
2024-08-23 13:25:00-04:00,64.52,64.55,64.5,64.54,2675.0,64.524,20
2024-08-23 13:30:00-04:00,64.53,64.53,64.5,64.5,2102.0,64.513,13
2024-08-23 13:35:00-04:00,64.5,64.53,64.5,64.51,1806.0,64.509,10
2024-08-23 13:40:00-04:00,64.51,64.51,64.48,64.48,1648.0,64.498,15
2024-08-23 13:45:00-04:00,64.48,64.48,64.44,64.46,4047.0,64.459,25
2024-08-23 13:50:00-04:00,64.47,64.5,64.46,64.48,1750.0,64.48,12
2024-08-23 13:55:00-04:00,64.48,64.51,64.47,64.51,1275.0,64.501,10
2024-08-23 14:00:00-04:00,64.49,64.52,64.49,64.52,2092.0,64.502,13
2024-08-23 14:05:00-04:00,64.5,64.5,64.48,64.49,1344.0,64.493,11
2024-08-23 14:10:00-04:00,64.48,64.51,64.47,64.49,5293.0,64.481,29
2024-08-23 14:15:00-04:00,64.5,64.51,64.49,64.5,1822.0,64.504,17
2024-08-23 14:20:00-04:00,64.49,64.51,64.46,64.51,3511.0,64.482,26
2024-08-23 14:25:00-04:00,64.52,64.52,64.48,64.48,1665.0,64.495,9
2024-08-23 14:30:00-04:00,64.47,64.49,64.46,64.47,2437.0,64.471,19
2024-08-23 14:35:00-04:00,64.47,64.52,64.47,64.51,7456.0,64.5,25
2024-08-23 14:40:00-04:00,64.5,64.52,64.5,64.5,2867.0,64.506,22
2024-08-23 14:45:00-04:00,64.51,64.51,64.48,64.48,2252.0,64.494,16
2024-08-23 14:50:00-04:00,64.48,64.49,64.46,64.48,2282.0,64.474,18
2024-08-23 14:55:00-04:00,64.49,64.5,64.46,64.48,4508.0,64.483,29
2024-08-23 15:00:00-04:00,64.47,64.48,64.45,64.46,2325.0,64.466,21
2024-08-23 15:05:00-04:00,64.46,64.53,64.46,64.51,2141.0,64.485,19
2024-08-23 15:10:00-04:00,64.54,64.59,64.54,64.58,4955.0,64.561,29
2024-08-23 15:15:00-04:00,64.59,64.59,64.55,64.55,2494.0,64.564,19
2024-08-23 15:20:00-04:00,64.57,64.58,64.56,64.58,1590.0,64.571,9
2024-08-23 15:25:00-04:00,64.57,64.62,64.56,64.62,4018.0,64.582,34
2024-08-23 15:30:00-04:00,64.63,64.67,64.62,64.65,7607.0,64.64,53
2024-08-23 15:35:00-04:00,64.63,64.64,64.55,64.58,9263.0,64.615,65
2024-08-23 15:40:00-04:00,64.58,64.59,64.52,64.55,5280.0,64.564,44
2024-08-23 15:45:00-04:00,64.53,64.64,64.51,64.63,7657.0,64.566,63
2024-08-23 15:50:00-04:00,64.66,64.68,64.57,64.67,11062.0,64.626,94
2024-08-23 15:55:00-04:00,64.67,64.69,64.54,64.55,53244.0,64.577,332
2024-08-26 09:30:00-04:00,64.74,64.94,64.74,64.81,8747.0,64.759,7
2024-08-26 09:35:00-04:00,64.86,65.0,64.61,64.91,5689.0,64.788,45
2024-08-26 09:40:00-04:00,64.81,64.86,64.74,64.86,4391.0,64.803,26
2024-08-26 09:45:00-04:00,64.91,64.96,64.89,64.92,3184.0,64.925,28
2024-08-26 09:50:00-04:00,64.97,64.98,64.75,64.8,5524.0,64.874,48
2024-08-26 09:55:00-04:00,64.82,64.88,64.79,64.88,3570.0,64.814,31
2024-08-26 10:00:00-04:00,64.89,64.98,64.85,64.91,3211.0,64.903,27
2024-08-26 10:05:00-04:00,64.9,65.02,64.89,65.01,4619.0,64.942,41
2024-08-26 10:10:00-04:00,65.02,65.02,64.91,64.91,3325.0,64.99,26
2024-08-26 10:15:00-04:00,64.93,64.97,64.9,64.92,3562.0,64.928,25
2024-08-26 10:20:00-04:00,64.92,64.98,64.88,64.95,3653.0,64.928,31
2024-08-26 10:25:00-04:00,64.96,65.04,64.92,65.04,2569.0,64.962,18
2024-08-26 10:30:00-04:00,65.06,65.09,65.05,65.08,3628.0,65.071,29
2024-08-26 10:35:00-04:00,65.11,65.12,65.06,65.09,4267.0,65.081,32
2024-08-26 10:40:00-04:00,65.08,65.08,64.84,64.88,4980.0,64.987,40
2024-08-26 10:45:00-04:00,64.9,64.92,64.87,64.87,2060.0,64.896,18
2024-08-26 10:50:00-04:00,64.88,64.89,64.84,64.85,2699.0,64.86,22
2024-08-26 10:55:00-04:00,64.85,64.85,64.78,64.84,9692.0,64.834,70
2024-08-26 11:00:00-04:00,64.82,64.82,64.73,64.76,8908.0,64.768,23
2024-08-26 11:05:00-04:00,64.76,64.79,64.73,64.73,5402.0,64.753,38
2024-08-26 11:10:00-04:00,64.73,64.74,64.71,64.72,2766.0,64.722,19
2024-08-26 11:15:00-04:00,64.73,64.79,64.71,64.71,4476.0,64.752,34
2024-08-26 11:20:00-04:00,64.71,64.71,64.6,64.67,9897.0,64.654,56
2024-08-26 11:25:00-04:00,64.68,64.68,64.6,64.62,6093.0,64.638,40
2024-08-26 11:30:00-04:00,64.62,64.62,64.58,64.6,6690.0,64.597,44
2024-08-26 11:35:00-04:00,64.61,64.63,64.51,64.53,6351.0,64.568,42
2024-08-26 11:40:00-04:00,64.55,64.55,64.5,64.5,2200.0,64.531,17
2024-08-26 11:45:00-04:00,64.45,64.45,64.4,64.44,1554.0,64.425,14
2024-08-26 11:50:00-04:00,64.42,64.5,64.42,64.43,2667.0,64.455,22
2024-08-26 11:55:00-04:00,64.45,64.46,64.42,64.45,2583.0,64.438,16
2024-08-26 12:00:00-04:00,64.44,64.46,64.42,64.44,1291.0,64.439,11
2024-08-26 12:05:00-04:00,64.45,64.49,64.44,64.46,5329.0,64.468,37
2024-08-26 12:10:00-04:00,64.49,64.49,64.45,64.45,3100.0,64.469,22
2024-08-26 12:15:00-04:00,64.46,64.48,64.45,64.47,2215.0,64.47,19
2024-08-26 12:20:00-04:00,64.46,64.49,64.46,64.46,4604.0,64.469,26
2024-08-26 12:25:00-04:00,64.45,64.46,64.42,64.42,2715.0,64.441,18
2024-08-26 12:30:00-04:00,64.44,64.45,64.42,64.42,1292.0,64.437,12
2024-08-26 12:35:00-04:00,64.42,64.49,64.42,64.49,2590.0,64.467,20
2024-08-26 12:40:00-04:00,64.48,64.49,64.43,64.43,3411.0,64.46,22
2024-08-26 12:45:00-04:00,64.45,64.48,64.45,64.46,2376.0,64.464,19
2024-08-26 12:50:00-04:00,64.47,64.52,64.47,64.51,1258.0,64.505,10
2024-08-26 12:55:00-04:00,64.51,64.55,64.5,64.54,3803.0,64.512,25
2024-08-26 13:00:00-04:00,64.58,64.6,64.57,64.59,920.0,64.591,5
2024-08-26 13:05:00-04:00,64.59,64.6,64.49,64.52,7618.0,64.548,37
2024-08-26 13:10:00-04:00,64.52,64.59,64.52,64.59,905.0,64.548,8
2024-08-26 13:15:00-04:00,64.58,64.6,64.53,64.53,2788.0,64.587,20
2024-08-26 13:20:00-04:00,64.56,64.57,64.55,64.56,1095.0,64.56,8
2024-08-26 13:25:00-04:00,64.58,64.58,64.53,64.54,2883.0,64.557,24
2024-08-26 13:30:00-04:00,64.54,64.54,64.5,64.51,3353.0,64.523,26
2024-08-26 13:35:00-04:00,64.48,64.48,64.44,64.44,2455.0,64.455,21
2024-08-26 13:40:00-04:00,64.45,64.46,64.43,64.45,2081.0,64.441,16
2024-08-26 13:45:00-04:00,64.43,64.43,64.39,64.42,3279.0,64.41,28
2024-08-26 13:50:00-04:00,64.4,64.42,64.39,64.41,1631.0,64.403,12
2024-08-26 13:55:00-04:00,64.41,64.42,64.4,64.4,959.0,64.41,8
2024-08-26 14:00:00-04:00,64.41,64.42,64.4,64.42,4727.0,64.403,18
2024-08-26 14:05:00-04:00,64.42,64.47,64.38,64.44,8880.0,64.419,73
2024-08-26 14:10:00-04:00,64.43,64.44,64.4,64.4,2884.0,64.419,16
2024-08-26 14:15:00-04:00,64.4,64.41,64.4,64.41,763.0,64.407,6
2024-08-26 14:20:00-04:00,64.43,64.46,64.42,64.44,3395.0,64.438,29
2024-08-26 14:25:00-04:00,64.43,64.44,64.41,64.43,2070.0,64.425,17
2024-08-26 14:30:00-04:00,64.43,64.45,64.4,64.41,4603.0,64.425,39
2024-08-26 14:35:00-04:00,64.42,64.46,64.42,64.42,2320.0,64.443,20
2024-08-26 14:40:00-04:00,64.42,64.45,64.42,64.44,1442.0,64.435,12
2024-08-26 14:45:00-04:00,64.43,64.44,64.38,64.39,6566.0,64.404,50
2024-08-26 14:50:00-04:00,64.39,64.44,64.38,64.42,5837.0,64.4,51
2024-08-26 14:55:00-04:00,64.43,64.46,64.43,64.44,2725.0,64.44,26
2024-08-26 15:00:00-04:00,64.43,64.43,64.4,64.4,4192.0,64.406,38
2024-08-26 15:05:00-04:00,64.41,64.42,64.39,64.4,6456.0,64.405,35
2024-08-26 15:10:00-04:00,64.41,64.43,64.4,64.4,3444.0,64.413,30
2024-08-26 15:15:00-04:00,64.41,64.45,64.4,64.42,5812.0,64.418,45
2024-08-26 15:20:00-04:00,64.42,64.42,64.39,64.41,7783.0,64.405,56
2024-08-26 15:25:00-04:00,64.41,64.42,64.39,64.4,7705.0,64.4,60
2024-08-26 15:30:00-04:00,64.4,64.4,64.3,64.32,15621.0,64.353,113
2024-08-26 15:35:00-04:00,64.33,64.33,64.29,64.29,9612.0,64.31,77
2024-08-26 15:40:00-04:00,64.3,64.4,64.29,64.35,23077.0,64.349,152
2024-08-26 15:45:00-04:00,64.35,64.36,64.26,64.31,20883.0,64.318,164
2024-08-26 15:50:00-04:00,64.32,64.38,64.25,64.32,29617.0,64.304,240
2024-08-26 15:55:00-04:00,64.32,64.37,64.26,64.34,89505.0,64.311,575
2024-08-27 09:30:00-04:00,64.24,64.32,64.13,64.13,7060.0,64.236,5
2024-08-27 09:35:00-04:00,64.12,64.17,64.05,64.05,2200.0,64.09,18
2024-08-27 09:40:00-04:00,64.03,64.28,63.97,64.21,5221.0,64.128,47
2024-08-27 09:45:00-04:00,64.2,64.21,63.99,64.14,6711.0,64.137,52
2024-08-27 09:50:00-04:00,64.14,64.17,64.05,64.12,3406.0,64.099,32
2024-08-27 09:55:00-04:00,64.12,64.15,64.0,64.06,3088.0,64.067,29
2024-08-27 10:00:00-04:00,64.03,64.28,64.03,64.26,2905.0,64.151,24
2024-08-27 10:05:00-04:00,64.3,64.31,64.18,64.18,2217.0,64.212,17
2024-08-27 10:10:00-04:00,64.2,64.23,64.04,64.06,3037.0,64.152,25
2024-08-27 10:15:00-04:00,64.09,64.12,64.01,64.12,2711.0,64.065,24
2024-08-27 10:20:00-04:00,64.1,64.13,64.08,64.08,3673.0,64.099,29
2024-08-27 10:25:00-04:00,64.08,64.17,64.04,64.15,5515.0,64.1,45
2024-08-27 10:30:00-04:00,64.18,64.21,64.08,64.08,4513.0,64.176,35
2024-08-27 10:35:00-04:00,64.09,64.23,64.08,64.17,3107.0,64.169,22
2024-08-27 10:40:00-04:00,64.17,64.2,64.17,64.2,2829.0,64.183,23
2024-08-27 10:45:00-04:00,64.21,64.23,64.17,64.2,5048.0,64.193,35
2024-08-27 10:50:00-04:00,64.17,64.17,64.13,64.14,2991.0,64.151,25
2024-08-27 10:55:00-04:00,64.14,64.19,64.11,64.14,6713.0,64.149,45
2024-08-27 11:00:00-04:00,64.14,64.14,64.1,64.1,3911.0,64.118,18
2024-08-27 11:05:00-04:00,64.1,64.1,64.01,64.01,10744.0,64.042,94
2024-08-27 11:10:00-04:00,64.01,64.05,63.97,63.98,5902.0,64.01,44
2024-08-27 11:15:00-04:00,63.97,63.98,63.81,63.84,5641.0,63.882,46
2024-08-27 11:20:00-04:00,63.86,63.88,63.85,63.87,5363.0,63.865,42
2024-08-27 11:25:00-04:00,63.85,63.88,63.84,63.87,3728.0,63.861,31
2024-08-27 11:30:00-04:00,63.87,63.87,63.84,63.86,3337.0,63.847,20
2024-08-27 11:35:00-04:00,63.85,63.9,63.85,63.87,4492.0,63.877,32
2024-08-27 11:40:00-04:00,63.86,63.93,63.86,63.93,2154.0,63.889,17
2024-08-27 11:45:00-04:00,63.92,63.95,63.9,63.95,2160.0,63.923,19
2024-08-27 11:50:00-04:00,63.94,63.95,63.92,63.95,5734.0,63.93,34
2024-08-27 11:55:00-04:00,63.95,63.95,63.91,63.93,3971.0,63.93,30
2024-08-27 12:00:00-04:00,63.94,63.95,63.91,63.91,1381.0,63.938,13
2024-08-27 12:05:00-04:00,63.91,63.91,63.87,63.89,3730.0,63.891,24
2024-08-27 12:10:00-04:00,63.9,63.96,63.9,63.95,3052.0,63.927,19
2024-08-27 12:15:00-04:00,63.97,63.97,63.93,63.93,2260.0,63.942,18
2024-08-27 12:20:00-04:00,63.91,63.93,63.88,63.88,3376.0,63.902,28
2024-08-27 12:25:00-04:00,63.89,63.9,63.88,63.88,3495.0,63.892,17
2024-08-27 12:30:00-04:00,63.87,63.89,63.86,63.88,2234.0,63.871,19
2024-08-27 12:35:00-04:00,63.88,63.92,63.85,63.87,3174.0,63.887,25
2024-08-27 12:40:00-04:00,63.86,63.87,63.83,63.86,9116.0,63.846,43
2024-08-27 12:45:00-04:00,63.86,63.92,63.85,63.9,1908.0,63.897,13
2024-08-27 12:50:00-04:00,63.91,63.94,63.91,63.94,3366.0,63.926,19
2024-08-27 12:55:00-04:00,63.95,63.95,63.91,63.93,5172.0,63.926,31
2024-08-27 13:00:00-04:00,63.93,63.99,63.92,63.99,1300.0,63.946,13
2024-08-27 13:05:00-04:00,63.99,63.99,63.95,63.96,2481.0,63.975,20
2024-08-27 13:10:00-04:00,63.96,63.98,63.95,63.98,1309.0,63.966,13
2024-08-27 13:15:00-04:00,63.97,63.99,63.96,63.99,4444.0,63.975,32
2024-08-27 13:20:00-04:00,63.99,64.01,63.98,63.98,2415.0,63.993,22
2024-08-27 13:25:00-04:00,63.99,64.07,63.99,64.06,2181.0,64.019,19
2024-08-27 13:30:00-04:00,64.07,64.09,64.06,64.07,2772.0,64.071,24
2024-08-27 13:35:00-04:00,64.07,64.13,64.06,64.1,3605.0,64.102,31
2024-08-27 13:40:00-04:00,64.1,64.15,64.09,64.11,3026.0,64.112,24
2024-08-27 13:45:00-04:00,64.13,64.15,64.13,64.13,1995.0,64.133,14
2024-08-27 13:50:00-04:00,64.13,64.17,64.13,64.17,3351.0,64.151,29
2024-08-27 13:55:00-04:00,64.17,64.17,64.09,64.11,5955.0,64.127,44
2024-08-27 14:00:00-04:00,64.1,64.12,64.08,64.11,3828.0,64.096,25
2024-08-27 14:05:00-04:00,64.1,64.13,64.1,64.11,3654.0,64.112,26
2024-08-27 14:10:00-04:00,64.11,64.17,64.1,64.17,4451.0,64.133,38
2024-08-27 14:15:00-04:00,64.18,64.22,64.01,64.11,16120.0,64.079,100
2024-08-27 14:20:00-04:00,64.06,64.07,64.04,64.07,4100.0,64.056,37
2024-08-27 14:25:00-04:00,64.05,64.09,64.04,64.08,3205.0,64.055,25
2024-08-27 14:30:00-04:00,64.08,64.1,64.07,64.08,4385.0,64.083,36
2024-08-27 14:35:00-04:00,64.08,64.09,64.06,64.08,4864.0,64.075,37
2024-08-27 14:40:00-04:00,64.08,64.1,64.02,64.09,3844.0,64.063,36
2024-08-27 14:45:00-04:00,64.1,64.12,64.09,64.09,2182.0,64.101,18
2024-08-27 14:50:00-04:00,64.09,64.12,64.08,64.1,6750.0,64.097,58
2024-08-27 14:55:00-04:00,64.1,64.14,64.06,64.07,6769.0,64.111,60
2024-08-27 15:00:00-04:00,64.06,64.12,64.05,64.07,6416.0,64.088,49
2024-08-27 15:05:00-04:00,64.06,64.08,64.04,64.07,3460.0,64.067,23
2024-08-27 15:10:00-04:00,64.06,64.09,64.06,64.07,4760.0,64.075,44
2024-08-27 15:15:00-04:00,64.07,64.09,64.05,64.06,6021.0,64.064,52
2024-08-27 15:20:00-04:00,64.05,64.09,64.04,64.06,5164.0,64.06,45
2024-08-27 15:25:00-04:00,64.06,64.1,64.06,64.06,6022.0,64.078,52
2024-08-27 15:30:00-04:00,64.06,64.09,64.02,64.05,8900.0,64.053,69
2024-08-27 15:35:00-04:00,64.05,64.13,64.05,64.09,10680.0,64.084,93
2024-08-27 15:40:00-04:00,64.09,64.13,64.06,64.13,13239.0,64.092,117
2024-08-27 15:45:00-04:00,64.12,64.24,64.12,64.2,17671.0,64.192,134
2024-08-27 15:50:00-04:00,64.2,64.24,63.94,64.04,37621.0,64.027,297
2024-08-27 15:55:00-04:00,64.06,64.08,63.96,64.05,83582.0,64.036,517
2024-08-28 09:30:00-04:00,63.91,64.07,63.52,63.52,12856.0,63.852,39
2024-08-28 09:35:00-04:00,63.52,63.83,63.5,63.83,8628.0,63.551,49
2024-08-28 09:40:00-04:00,63.87,63.96,63.76,63.84,13147.0,63.844,92
2024-08-28 09:45:00-04:00,63.93,64.15,63.92,64.11,4248.0,64.081,31
2024-08-28 09:50:00-04:00,64.16,64.17,64.1,64.14,5274.0,64.127,42
2024-08-28 09:55:00-04:00,64.14,64.14,63.94,63.94,4709.0,64.06,40
2024-08-28 10:00:00-04:00,63.95,63.98,63.89,63.94,63828.0,63.939,109
2024-08-28 10:05:00-04:00,63.91,64.07,63.91,64.06,6175.0,64.016,42
2024-08-28 10:10:00-04:00,64.1,64.11,64.02,64.07,5843.0,64.065,32
2024-08-28 10:15:00-04:00,64.07,64.07,63.91,63.92,5555.0,63.96,33
2024-08-28 10:20:00-04:00,63.92,64.02,63.87,63.9,12138.0,63.938,78
2024-08-28 10:25:00-04:00,63.88,63.99,63.84,63.99,3875.0,63.876,26
2024-08-28 10:30:00-04:00,64.0,64.12,64.0,64.11,3620.0,64.039,26
2024-08-28 10:35:00-04:00,64.09,64.18,64.08,64.17,6414.0,64.129,45
2024-08-28 10:40:00-04:00,64.16,64.17,64.12,64.13,21425.0,64.144,81
2024-08-28 10:45:00-04:00,64.11,64.18,64.1,64.14,5103.0,64.149,30
2024-08-28 10:50:00-04:00,64.14,64.16,64.08,64.12,3702.0,64.118,29
2024-08-28 10:55:00-04:00,64.08,64.08,64.03,64.03,4965.0,64.052,35
2024-08-28 11:00:00-04:00,64.02,64.02,63.95,63.97,7276.0,63.982,60
2024-08-28 11:05:00-04:00,63.98,64.0,63.94,63.99,5163.0,63.972,43
2024-08-28 11:10:00-04:00,63.98,64.01,63.95,63.98,11407.0,63.988,87
2024-08-28 11:15:00-04:00,63.99,63.99,63.9,63.9,6806.0,63.932,63
2024-08-28 11:20:00-04:00,63.89,63.93,63.87,63.88,6239.0,63.904,49
2024-08-28 11:25:00-04:00,63.87,63.89,63.83,63.86,17127.0,63.856,137
2024-08-28 11:30:00-04:00,63.86,63.86,63.79,63.82,7959.0,63.813,65
2024-08-28 11:35:00-04:00,63.82,63.86,63.8,63.85,7276.0,63.832,56
2024-08-28 11:40:00-04:00,63.84,63.84,63.78,63.79,5678.0,63.814,45
2024-08-28 11:45:00-04:00,63.79,63.87,63.77,63.85,7335.0,63.811,56
2024-08-28 11:50:00-04:00,63.85,63.87,63.77,63.79,10856.0,63.815,73
2024-08-28 11:55:00-04:00,63.8,63.84,63.77,63.83,5130.0,63.81,36
2024-08-28 12:00:00-04:00,63.82,63.82,63.74,63.78,4577.0,63.779,38
2024-08-28 12:05:00-04:00,63.76,63.76,63.68,63.69,7168.0,63.727,61
2024-08-28 12:10:00-04:00,63.68,63.7,63.65,63.67,10345.0,63.675,71
2024-08-28 12:15:00-04:00,63.69,63.7,63.6,63.63,5154.0,63.649,44
2024-08-28 12:20:00-04:00,63.63,63.63,63.53,63.54,6435.0,63.602,53
2024-08-28 12:25:00-04:00,63.54,63.58,63.53,63.58,5299.0,63.553,26
2024-08-28 12:30:00-04:00,63.57,63.59,63.57,63.58,3544.0,63.579,30
2024-08-28 12:35:00-04:00,63.57,63.57,63.53,63.57,8663.0,63.55,62
2024-08-28 12:40:00-04:00,63.56,63.57,63.54,63.57,5112.0,63.549,37
2024-08-28 12:45:00-04:00,63.58,63.66,63.57,63.63,6044.0,63.621,45
2024-08-28 12:50:00-04:00,63.62,63.64,63.59,63.6,5392.0,63.61,41
2024-08-28 12:55:00-04:00,63.61,63.61,63.58,63.58,3411.0,63.589,29
2024-08-28 13:00:00-04:00,63.58,63.65,63.54,63.63,10477.0,63.594,76
2024-08-28 13:05:00-04:00,63.63,63.71,63.6,63.69,4099.0,63.627,37
2024-08-28 13:10:00-04:00,63.69,63.71,63.65,63.65,3222.0,63.68,26
2024-08-28 13:15:00-04:00,63.62,63.64,63.61,63.63,4160.0,63.622,33
2024-08-28 13:20:00-04:00,63.65,63.65,63.53,63.53,5168.0,63.6,37
2024-08-28 13:25:00-04:00,63.53,63.55,63.52,63.53,2550.0,63.532,20
2024-08-28 13:30:00-04:00,63.52,63.56,63.52,63.55,6943.0,63.539,47
2024-08-28 13:35:00-04:00,63.54,63.56,63.46,63.47,9166.0,63.526,73
2024-08-28 13:40:00-04:00,63.46,63.51,63.44,63.45,5523.0,63.482,44
2024-08-28 13:45:00-04:00,63.45,63.45,63.42,63.42,6052.0,63.434,44
2024-08-28 13:50:00-04:00,63.4,63.42,63.35,63.36,5044.0,63.391,40
2024-08-28 13:55:00-04:00,63.35,63.36,63.27,63.28,7952.0,63.321,66
2024-08-28 14:00:00-04:00,63.29,63.3,63.24,63.26,6066.0,63.27,49
2024-08-28 14:05:00-04:00,63.27,63.37,63.26,63.31,10011.0,63.314,77
2024-08-28 14:10:00-04:00,63.3,63.34,63.29,63.3,7596.0,63.304,70
2024-08-28 14:15:00-04:00,63.3,63.33,63.3,63.3,3781.0,63.309,28
2024-08-28 14:20:00-04:00,63.3,63.33,63.3,63.32,6300.0,63.315,51
2024-08-28 14:25:00-04:00,63.32,63.32,63.28,63.3,12746.0,63.298,94
2024-08-28 14:30:00-04:00,63.3,63.33,63.28,63.31,8277.0,63.306,58
2024-08-28 14:35:00-04:00,63.32,63.34,63.31,63.33,3832.0,63.324,33
2024-08-28 14:40:00-04:00,63.33,63.37,63.3,63.32,8213.0,63.35,50
2024-08-28 14:45:00-04:00,63.32,63.34,63.28,63.28,7384.0,63.319,56
2024-08-28 14:50:00-04:00,63.28,63.41,63.27,63.41,7584.0,63.349,60
2024-08-28 14:55:00-04:00,63.42,63.51,63.41,63.51,8194.0,63.452,64
2024-08-28 15:00:00-04:00,63.51,63.59,63.51,63.54,5785.0,63.535,43
2024-08-28 15:05:00-04:00,63.53,63.53,63.43,63.46,11050.0,63.499,93
2024-08-28 15:10:00-04:00,63.46,63.46,63.36,63.38,8444.0,63.403,60
2024-08-28 15:15:00-04:00,63.39,63.43,63.38,63.42,11523.0,63.402,83
2024-08-28 15:20:00-04:00,63.43,63.54,63.42,63.54,8616.0,63.475,55
2024-08-28 15:25:00-04:00,63.55,63.56,63.52,63.55,9713.0,63.538,76
2024-08-28 15:30:00-04:00,63.55,63.6,63.54,63.58,17055.0,63.567,116
2024-08-28 15:35:00-04:00,63.59,63.63,63.56,63.61,15990.0,63.581,120
2024-08-28 15:40:00-04:00,63.6,63.62,63.56,63.62,26224.0,63.593,183
2024-08-28 15:45:00-04:00,63.63,63.65,63.51,63.53,25173.0,63.587,181
2024-08-28 15:50:00-04:00,63.52,63.58,63.46,63.52,46486.0,63.521,358
2024-08-28 15:55:00-04:00,63.52,63.58,63.42,63.5,139369.0,63.472,857
2024-08-29 09:30:00-04:00,63.87,63.87,63.38,63.45,21794.0,63.6,66
2024-08-29 09:35:00-04:00,63.35,63.36,62.63,62.8,38676.0,62.921,275
2024-08-29 09:40:00-04:00,62.85,62.94,62.71,62.76,15757.0,62.81,121
2024-08-29 09:45:00-04:00,62.82,62.83,62.53,62.59,19223.0,62.635,109
2024-08-29 09:50:00-04:00,62.59,62.64,62.49,62.54,8695.0,62.556,80
2024-08-29 09:55:00-04:00,62.52,62.6,62.21,62.3,10741.0,62.45,83
2024-08-29 10:00:00-04:00,62.3,62.74,62.27,62.71,44304.0,62.457,313
2024-08-29 10:05:00-04:00,62.69,62.74,62.64,62.64,82256.0,62.698,145
2024-08-29 10:10:00-04:00,62.63,62.69,62.56,62.6,15818.0,62.613,113
2024-08-29 10:15:00-04:00,62.61,62.75,62.6,62.72,19444.0,62.699,122
2024-08-29 10:20:00-04:00,62.74,62.84,62.7,62.72,10283.0,62.766,85
2024-08-29 10:25:00-04:00,62.74,62.84,62.73,62.74,17686.0,62.783,122
2024-08-29 10:30:00-04:00,62.79,62.82,62.66,62.67,14412.0,62.751,104
2024-08-29 10:35:00-04:00,62.68,62.73,62.61,62.61,18267.0,62.681,118
2024-08-29 10:40:00-04:00,62.61,62.63,62.37,62.37,21557.0,62.473,166
2024-08-29 10:45:00-04:00,62.39,62.53,62.31,62.47,33800.0,62.44,247
2024-08-29 10:50:00-04:00,62.49,62.53,62.34,62.44,33487.0,62.417,204
2024-08-29 10:55:00-04:00,62.46,62.48,62.36,62.36,8737.0,62.408,70
2024-08-29 11:00:00-04:00,62.38,62.43,62.36,62.38,5303.0,62.389,46
2024-08-29 11:05:00-04:00,62.38,62.42,62.36,62.4,14005.0,62.391,109
2024-08-29 11:10:00-04:00,62.4,62.58,62.4,62.58,11624.0,62.454,98
2024-08-29 11:15:00-04:00,62.56,62.58,62.49,62.5,11756.0,62.528,84
2024-08-29 11:20:00-04:00,62.47,62.49,62.39,62.47,11282.0,62.429,89
2024-08-29 11:25:00-04:00,62.49,62.63,62.48,62.62,9757.0,62.574,81
2024-08-29 11:30:00-04:00,62.64,62.67,62.62,62.67,8389.0,62.642,66
2024-08-29 11:35:00-04:00,62.65,62.67,62.63,62.66,9253.0,62.653,72
2024-08-29 11:40:00-04:00,62.66,62.68,62.64,62.64,10177.0,62.654,83
2024-08-29 11:45:00-04:00,62.63,62.67,62.59,62.66,15314.0,62.621,124
2024-08-29 11:50:00-04:00,62.66,62.7,62.64,62.69,10145.0,62.669,66
2024-08-29 11:55:00-04:00,62.68,62.75,62.67,62.72,10862.0,62.715,86
2024-08-29 12:00:00-04:00,62.73,62.73,62.69,62.71,7619.0,62.71,60
2024-08-29 12:05:00-04:00,62.71,62.73,62.71,62.72,4311.0,62.722,37
2024-08-29 12:10:00-04:00,62.71,62.73,62.66,62.68,10631.0,62.705,73
2024-08-29 12:15:00-04:00,62.66,62.74,62.65,62.74,13010.0,62.687,107
2024-08-29 12:20:00-04:00,62.74,62.75,62.62,62.64,10507.0,62.696,87
2024-08-29 12:25:00-04:00,62.65,62.7,62.63,62.69,9650.0,62.651,78
2024-08-29 12:30:00-04:00,62.68,62.68,62.57,62.57,7879.0,62.622,66
2024-08-29 12:35:00-04:00,62.57,62.62,62.57,62.61,6308.0,62.6,51
2024-08-29 12:40:00-04:00,62.63,62.66,62.61,62.62,3666.0,62.637,31
2024-08-29 12:45:00-04:00,62.62,62.62,62.59,62.59,6062.0,62.607,54
2024-08-29 12:50:00-04:00,62.59,62.64,62.56,62.62,9707.0,62.599,79
2024-08-29 12:55:00-04:00,62.65,62.7,62.63,62.69,6021.0,62.668,44
2024-08-29 13:00:00-04:00,62.7,62.71,62.64,62.7,3885.0,62.679,31
2024-08-29 13:05:00-04:00,62.71,62.75,62.69,62.71,6035.0,62.722,41
2024-08-29 13:10:00-04:00,62.72,62.74,62.71,62.72,5325.0,62.717,38
2024-08-29 13:15:00-04:00,62.73,62.77,62.71,62.75,6303.0,62.74,42
2024-08-29 13:20:00-04:00,62.76,62.76,62.71,62.71,4126.0,62.745,35
2024-08-29 13:25:00-04:00,62.7,62.72,62.64,62.67,5586.0,62.687,43
2024-08-29 13:30:00-04:00,62.67,62.7,62.67,62.68,3951.0,62.683,32
2024-08-29 13:35:00-04:00,62.69,62.74,62.68,62.74,8960.0,62.708,73
2024-08-29 13:40:00-04:00,62.74,62.8,62.71,62.79,13653.0,62.743,88
2024-08-29 13:45:00-04:00,62.78,62.81,62.76,62.8,9064.0,62.787,52
2024-08-29 13:50:00-04:00,62.81,62.82,62.74,62.75,5057.0,62.781,44
2024-08-29 13:55:00-04:00,62.74,62.76,62.71,62.73,17254.0,62.739,110
2024-08-29 14:00:00-04:00,62.72,62.73,62.62,62.71,18177.0,62.686,148
2024-08-29 14:05:00-04:00,62.69,62.7,62.66,62.68,8621.0,62.676,69
2024-08-29 14:10:00-04:00,62.68,62.71,62.66,62.67,5625.0,62.691,48
2024-08-29 14:15:00-04:00,62.66,62.7,62.66,62.68,8454.0,62.687,51
2024-08-29 14:20:00-04:00,62.68,62.69,62.59,62.64,20559.0,62.661,144
2024-08-29 14:25:00-04:00,62.64,62.64,62.47,62.54,13297.0,62.548,117
2024-08-29 14:30:00-04:00,62.53,62.54,62.46,62.5,10843.0,62.509,82
2024-08-29 14:35:00-04:00,62.46,62.46,62.26,62.29,7572.0,62.365,60
2024-08-29 14:40:00-04:00,62.29,62.39,62.26,62.26,13188.0,62.328,69
2024-08-29 14:45:00-04:00,62.29,62.38,62.27,62.36,12521.0,62.334,92
2024-08-29 14:50:00-04:00,62.35,62.37,62.26,62.37,10005.0,62.328,56
2024-08-29 14:55:00-04:00,62.38,62.43,62.37,62.43,5451.0,62.389,43
2024-08-29 15:00:00-04:00,62.43,62.48,62.41,62.46,7561.0,62.447,45
2024-08-29 15:05:00-04:00,62.45,62.52,62.44,62.48,7244.0,62.46,45
2024-08-29 15:10:00-04:00,62.51,62.52,62.48,62.49,3438.0,62.497,21
2024-08-29 15:15:00-04:00,62.5,62.58,62.5,62.57,6879.0,62.536,58
2024-08-29 15:20:00-04:00,62.59,62.59,62.51,62.57,8823.0,62.559,66
2024-08-29 15:25:00-04:00,62.55,62.63,62.54,62.6,11316.0,62.596,67
2024-08-29 15:30:00-04:00,62.61,62.66,62.53,62.59,14702.0,62.606,82
2024-08-29 15:35:00-04:00,62.57,62.57,62.5,62.52,13098.0,62.536,85
2024-08-29 15:40:00-04:00,62.52,62.54,62.41,62.42,20793.0,62.478,156
2024-08-29 15:45:00-04:00,62.42,62.45,62.31,62.41,16247.0,62.39,137
2024-08-29 15:50:00-04:00,62.41,62.47,62.33,62.41,27317.0,62.413,225
2024-08-29 15:55:00-04:00,62.4,62.42,62.33,62.38,102058.0,62.38,673
2024-08-30 09:30:00-04:00,62.75,62.98,62.38,62.91,12142.0,62.748,24
2024-08-30 09:35:00-04:00,63.03,63.04,62.95,63.04,2352.0,62.992,18
2024-08-30 09:40:00-04:00,63.1,63.16,63.01,63.07,5837.0,63.072,49
2024-08-30 09:45:00-04:00,63.09,63.12,63.0,63.03,16141.0,63.052,127
2024-08-30 09:50:00-04:00,63.02,63.34,62.99,63.31,25312.0,63.073,116
2024-08-30 09:55:00-04:00,63.28,63.31,63.22,63.25,8897.0,63.267,75
2024-08-30 10:00:00-04:00,63.29,63.29,63.15,63.27,6560.0,63.229,52
2024-08-30 10:05:00-04:00,63.26,63.41,63.22,63.37,31618.0,63.265,60
2024-08-30 10:10:00-04:00,63.37,63.49,63.36,63.37,10352.0,63.428,74
2024-08-30 10:15:00-04:00,63.39,63.39,63.29,63.34,3873.0,63.335,32
2024-08-30 10:20:00-04:00,63.32,63.33,63.29,63.3,3678.0,63.31,33
2024-08-30 10:25:00-04:00,63.31,63.38,63.3,63.37,2832.0,63.327,25
2024-08-30 10:30:00-04:00,63.37,63.38,63.27,63.27,5178.0,63.331,45
2024-08-30 10:35:00-04:00,63.26,63.29,63.2,63.28,5545.0,63.254,45
2024-08-30 10:40:00-04:00,63.28,63.33,63.25,63.28,5995.0,63.298,46
2024-08-30 10:45:00-04:00,63.24,63.3,63.23,63.28,1950.0,63.276,16
2024-08-30 10:50:00-04:00,63.27,63.27,63.2,63.2,2474.0,63.251,20
2024-08-30 10:55:00-04:00,63.22,63.26,63.19,63.2,3114.0,63.221,23
2024-08-30 11:00:00-04:00,63.19,63.25,63.19,63.22,4454.0,63.23,33
2024-08-30 11:05:00-04:00,63.23,63.32,63.22,63.24,9709.0,63.265,44
2024-08-30 11:10:00-04:00,63.23,63.24,63.19,63.2,4668.0,63.224,26
2024-08-30 11:15:00-04:00,63.22,63.23,63.19,63.2,4612.0,63.209,35
2024-08-30 11:20:00-04:00,63.18,63.2,63.14,63.17,4096.0,63.173,35
2024-08-30 11:25:00-04:00,63.17,63.17,63.08,63.12,4205.0,63.123,31
2024-08-30 11:30:00-04:00,63.13,63.18,63.08,63.11,6288.0,63.133,51
2024-08-30 11:35:00-04:00,63.11,63.12,63.09,63.11,3895.0,63.107,34
2024-08-30 11:40:00-04:00,63.1,63.15,63.1,63.15,4919.0,63.124,31
2024-08-30 11:45:00-04:00,63.15,63.18,63.14,63.15,3652.0,63.156,27
2024-08-30 11:50:00-04:00,63.15,63.19,63.12,63.19,6127.0,63.159,36
2024-08-30 11:55:00-04:00,63.21,63.3,63.21,63.28,4317.0,63.269,28
2024-08-30 12:00:00-04:00,63.26,63.27,63.18,63.24,4161.0,63.24,35
2024-08-30 12:05:00-04:00,63.23,63.31,63.21,63.31,12385.0,63.268,29
2024-08-30 12:10:00-04:00,63.29,63.29,63.23,63.26,3440.0,63.26,29
2024-08-30 12:15:00-04:00,63.28,63.29,63.2,63.2,4298.0,63.25,34
2024-08-30 12:20:00-04:00,63.21,63.21,63.15,63.17,3126.0,63.183,25
2024-08-30 12:25:00-04:00,63.16,63.16,63.0,63.0,3493.0,63.091,25
2024-08-30 12:30:00-04:00,63.0,63.01,62.98,63.0,1722.0,62.993,13
2024-08-30 12:35:00-04:00,63.0,63.0,62.92,62.96,23324.0,62.977,25
2024-08-30 12:40:00-04:00,62.99,63.0,62.92,63.0,3066.0,62.962,26
2024-08-30 12:45:00-04:00,63.02,63.04,63.0,63.0,2947.0,63.012,22
2024-08-30 12:50:00-04:00,63.0,63.04,62.99,63.04,3833.0,63.023,28
2024-08-30 12:55:00-04:00,63.04,63.06,63.01,63.06,5289.0,63.038,37
2024-08-30 13:00:00-04:00,63.07,63.1,63.05,63.1,4491.0,63.07,31
2024-08-30 13:05:00-04:00,63.1,63.1,63.05,63.05,3043.0,63.07,25
2024-08-30 13:10:00-04:00,63.05,63.06,63.03,63.05,3180.0,63.046,23
2024-08-30 13:15:00-04:00,63.06,63.06,63.03,63.04,3277.0,63.046,26
2024-08-30 13:20:00-04:00,63.04,63.06,62.98,62.99,7859.0,63.025,64
2024-08-30 13:25:00-04:00,63.0,63.04,62.99,63.01,3697.0,63.013,31
2024-08-30 13:30:00-04:00,63.02,63.03,63.02,63.03,2058.0,63.026,17
2024-08-30 13:35:00-04:00,63.06,63.07,63.05,63.07,2149.0,63.061,20
2024-08-30 13:40:00-04:00,63.07,63.11,63.07,63.1,4887.0,63.09,44
2024-08-30 13:45:00-04:00,63.1,63.18,63.1,63.16,4759.0,63.147,39
2024-08-30 13:50:00-04:00,63.16,63.19,63.15,63.19,2956.0,63.172,23
2024-08-30 13:55:00-04:00,63.19,63.19,63.15,63.16,4341.0,63.171,35
2024-08-30 14:00:00-04:00,63.16,63.21,63.15,63.19,6039.0,63.186,42
2024-08-30 14:05:00-04:00,63.2,63.27,63.19,63.25,8751.0,63.243,69
2024-08-30 14:10:00-04:00,63.25,63.31,63.25,63.31,7703.0,63.283,47
2024-08-30 14:15:00-04:00,63.32,63.33,63.26,63.26,8053.0,63.302,44
2024-08-30 14:20:00-04:00,63.25,63.31,63.25,63.29,4943.0,63.285,37
2024-08-30 14:25:00-04:00,63.29,63.31,63.25,63.25,4102.0,63.274,35
2024-08-30 14:30:00-04:00,63.26,63.26,63.21,63.25,6143.0,63.24,50
2024-08-30 14:35:00-04:00,63.24,63.28,63.23,63.28,5209.0,63.254,41
2024-08-30 14:40:00-04:00,63.27,63.31,63.27,63.28,4596.0,63.288,37
2024-08-30 14:45:00-04:00,63.29,63.34,63.29,63.34,3700.0,63.323,30
2024-08-30 14:50:00-04:00,63.34,63.41,63.34,63.38,4315.0,63.376,37
2024-08-30 14:55:00-04:00,63.37,63.4,63.37,63.38,5989.0,63.38,50
2024-08-30 15:00:00-04:00,63.38,63.44,63.38,63.44,3151.0,63.405,26
2024-08-30 15:05:00-04:00,63.45,63.48,63.4,63.44,6988.0,63.453,58
2024-08-30 15:10:00-04:00,63.45,63.45,63.38,63.43,11242.0,63.432,55
2024-08-30 15:15:00-04:00,63.42,63.45,63.41,63.43,8587.0,63.429,59
2024-08-30 15:20:00-04:00,63.44,63.56,63.44,63.54,9734.0,63.512,66
2024-08-30 15:25:00-04:00,63.53,63.56,63.5,63.51,6489.0,63.528,58
2024-08-30 15:30:00-04:00,63.52,63.58,63.51,63.53,20154.0,63.548,153
2024-08-30 15:35:00-04:00,63.53,63.72,63.53,63.72,21528.0,63.646,103
2024-08-30 15:40:00-04:00,63.7,63.7,63.61,63.64,13522.0,63.663,111
2024-08-30 15:45:00-04:00,63.63,63.77,63.61,63.75,18800.0,63.705,148
2024-08-30 15:50:00-04:00,63.72,63.75,63.61,63.71,41296.0,63.687,334
2024-08-30 15:55:00-04:00,63.72,63.88,63.71,63.79,119037.0,63.806,725
2024-09-03 09:30:00-04:00,63.15,63.68,63.02,63.56,23516.0,63.292,47
2024-09-03 09:35:00-04:00,63.56,63.78,63.49,63.69,11957.0,63.61,102
2024-09-03 09:40:00-04:00,63.64,63.75,63.57,63.63,4261.0,63.654,38
2024-09-03 09:45:00-04:00,63.67,63.67,63.35,63.49,5334.0,63.502,39
2024-09-03 09:50:00-04:00,63.5,63.58,63.37,63.57,7961.0,63.454,67
2024-09-03 09:55:00-04:00,63.59,63.73,63.55,63.73,8855.0,63.611,45
2024-09-03 10:00:00-04:00,63.71,63.86,63.46,63.49,15519.0,63.693,136
2024-09-03 10:05:00-04:00,63.48,63.53,63.47,63.5,3195.0,63.499,30
2024-09-03 10:10:00-04:00,63.51,63.68,63.47,63.65,13493.0,63.561,99
2024-09-03 10:15:00-04:00,63.63,63.64,63.55,63.59,6459.0,63.591,55
2024-09-03 10:20:00-04:00,63.6,63.62,63.54,63.54,16146.0,63.566,82
2024-09-03 10:25:00-04:00,63.56,63.59,63.41,63.51,6379.0,63.499,61
2024-09-03 10:30:00-04:00,63.49,63.66,63.48,63.6,5238.0,63.581,42
2024-09-03 10:35:00-04:00,63.58,63.65,63.57,63.62,7585.0,63.599,62
2024-09-03 10:40:00-04:00,63.62,63.8,63.62,63.8,5034.0,63.719,40
2024-09-03 10:45:00-04:00,63.8,63.8,63.67,63.76,6640.0,63.747,60
2024-09-03 10:50:00-04:00,63.73,63.89,63.72,63.85,2624.0,63.797,24
2024-09-03 10:55:00-04:00,63.85,63.95,63.82,63.95,11211.0,63.921,34
2024-09-03 11:00:00-04:00,63.99,64.07,63.96,64.06,11055.0,64.02,75
2024-09-03 11:05:00-04:00,64.07,64.13,64.0,64.06,9580.0,64.075,76
2024-09-03 11:10:00-04:00,64.06,64.11,63.97,64.01,10779.0,64.051,58
2024-09-03 11:15:00-04:00,64.01,64.01,63.89,63.93,2482.0,63.962,21
2024-09-03 11:20:00-04:00,63.9,64.07,63.9,64.06,2748.0,64.01,21
2024-09-03 11:25:00-04:00,64.06,64.08,64.02,64.06,5506.0,64.051,38
2024-09-03 11:30:00-04:00,64.06,64.08,64.0,64.05,6346.0,64.03,45
2024-09-03 11:35:00-04:00,64.06,64.08,64.02,64.03,6280.0,64.054,47
2024-09-03 11:40:00-04:00,64.05,64.05,63.99,64.02,2869.0,64.02,23
2024-09-03 11:45:00-04:00,64.04,64.04,63.98,64.01,3135.0,64.012,25
2024-09-03 11:50:00-04:00,64.02,64.12,64.02,64.11,4080.0,64.053,37
2024-09-03 11:55:00-04:00,64.11,64.12,64.03,64.06,2147.0,64.077,17
2024-09-03 12:00:00-04:00,64.05,64.13,64.05,64.11,2492.0,64.094,20
2024-09-03 12:05:00-04:00,64.1,64.15,64.07,64.11,5130.0,64.108,40
2024-09-03 12:10:00-04:00,64.11,64.14,64.1,64.13,2036.0,64.126,17
2024-09-03 12:15:00-04:00,64.13,64.2,64.12,64.15,6880.0,64.153,49
2024-09-03 12:20:00-04:00,64.17,64.2,64.16,64.16,4692.0,64.173,37
2024-09-03 12:25:00-04:00,64.15,64.15,64.08,64.14,10313.0,64.12,54
2024-09-03 12:30:00-04:00,64.14,64.15,64.1,64.12,4519.0,64.124,35
2024-09-03 12:35:00-04:00,64.11,64.12,64.07,64.1,3309.0,64.106,27
2024-09-03 12:40:00-04:00,64.1,64.12,64.05,64.06,4176.0,64.09,31
2024-09-03 12:45:00-04:00,64.06,64.11,64.03,64.03,3432.0,64.064,29
2024-09-03 12:50:00-04:00,64.03,64.1,64.03,64.03,3769.0,64.058,28
2024-09-03 12:55:00-04:00,64.03,64.08,64.03,64.06,2426.0,64.048,22
2024-09-03 13:00:00-04:00,64.05,64.09,64.02,64.03,4320.0,64.05,37
2024-09-03 13:05:00-04:00,64.03,64.09,64.02,64.08,2614.0,64.059,23
2024-09-03 13:10:00-04:00,64.09,64.09,63.97,63.99,4062.0,64.031,29
2024-09-03 13:15:00-04:00,63.98,64.01,63.97,63.99,6264.0,63.989,54
2024-09-03 13:20:00-04:00,64.0,64.05,64.0,64.0,11881.0,64.026,87
2024-09-03 13:25:00-04:00,63.99,63.99,63.92,63.96,4883.0,63.952,34
2024-09-03 13:30:00-04:00,63.95,63.95,63.83,63.84,5706.0,63.893,50
2024-09-03 13:35:00-04:00,63.85,63.95,63.85,63.94,5506.0,63.905,43
2024-09-03 13:40:00-04:00,63.94,63.94,63.88,63.92,5372.0,63.92,46
2024-09-03 13:45:00-04:00,63.94,63.98,63.92,63.98,6080.0,63.946,43
2024-09-03 13:50:00-04:00,63.98,64.04,63.98,64.01,4341.0,64.008,33
2024-09-03 13:55:00-04:00,64.01,64.02,63.94,63.94,4462.0,63.987,28
2024-09-03 14:00:00-04:00,63.95,63.97,63.89,63.97,6248.0,63.938,47
2024-09-03 14:05:00-04:00,63.99,64.03,63.95,64.0,5378.0,63.993,47
2024-09-03 14:10:00-04:00,64.0,64.03,63.98,64.01,7198.0,64.004,60
2024-09-03 14:15:00-04:00,64.01,64.04,63.96,64.03,6970.0,64.007,49
2024-09-03 14:20:00-04:00,64.05,64.15,64.05,64.14,4675.0,64.119,37
2024-09-03 14:25:00-04:00,64.14,64.14,64.07,64.1,13437.0,64.103,54
2024-09-03 14:30:00-04:00,64.09,64.14,64.09,64.14,7711.0,64.108,51
2024-09-03 14:35:00-04:00,64.14,64.14,64.06,64.06,5956.0,64.103,35
2024-09-03 14:40:00-04:00,64.07,64.11,64.05,64.06,4487.0,64.078,34
2024-09-03 14:45:00-04:00,64.05,64.05,63.96,63.96,3521.0,64.006,30
2024-09-03 14:50:00-04:00,63.97,63.99,63.93,63.94,5529.0,63.957,46
2024-09-03 14:55:00-04:00,63.94,63.94,63.84,63.86,6924.0,63.872,48
2024-09-03 15:00:00-04:00,63.86,63.86,63.82,63.84,6847.0,63.838,55
2024-09-03 15:05:00-04:00,63.83,63.88,63.8,63.8,7481.0,63.835,57
2024-09-03 15:10:00-04:00,63.79,63.88,63.79,63.82,9052.0,63.838,76
2024-09-03 15:15:00-04:00,63.82,63.87,63.81,63.87,8346.0,63.839,48
2024-09-03 15:20:00-04:00,63.86,63.88,63.8,63.85,9222.0,63.842,69
2024-09-03 15:25:00-04:00,63.86,63.87,63.78,63.8,10153.0,63.825,72
2024-09-03 15:30:00-04:00,63.8,63.84,63.75,63.78,19113.0,63.796,151
2024-09-03 15:35:00-04:00,63.78,63.78,63.67,63.71,21057.0,63.691,141
2024-09-03 15:40:00-04:00,63.71,63.71,63.61,63.64,28348.0,63.667,209
2024-09-03 15:45:00-04:00,63.64,63.67,63.5,63.67,18179.0,63.595,147
2024-09-03 15:50:00-04:00,63.67,63.74,63.53,63.7,46468.0,63.656,365
2024-09-03 15:55:00-04:00,63.71,63.91,63.67,63.91,127641.0,63.808,670
2024-09-04 09:30:00-04:00,65.02,65.47,64.71,65.33,34388.0,65.046,50
2024-09-04 09:35:00-04:00,65.22,65.74,65.22,65.74,5929.0,65.515,43
2024-09-04 09:40:00-04:00,65.75,65.77,65.34,65.48,10661.0,65.575,86
2024-09-04 09:45:00-04:00,65.48,65.48,65.31,65.41,7919.0,65.402,57
2024-09-04 09:50:00-04:00,65.38,65.85,65.38,65.69,24275.0,65.668,179
2024-09-04 09:55:00-04:00,65.67,65.96,65.66,65.86,5849.0,65.822,52
2024-09-04 10:00:00-04:00,65.83,65.86,65.59,65.66,13765.0,65.727,86
2024-09-04 10:05:00-04:00,65.65,65.69,65.5,65.62,7445.0,65.593,57
2024-09-04 10:10:00-04:00,65.6,65.68,65.54,65.65,9003.0,65.613,75
2024-09-04 10:15:00-04:00,65.65,65.68,65.49,65.52,5820.0,65.604,50
2024-09-04 10:20:00-04:00,65.55,65.72,65.55,65.71,7626.0,65.673,51
2024-09-04 10:25:00-04:00,65.68,65.72,65.6,65.67,7669.0,65.651,58
2024-09-04 10:30:00-04:00,65.68,65.68,65.5,65.54,4884.0,65.59,43
2024-09-04 10:35:00-04:00,65.53,65.6,65.5,65.55,10399.0,65.564,56
2024-09-04 10:40:00-04:00,65.54,65.6,65.48,65.54,5193.0,65.547,48
2024-09-04 10:45:00-04:00,65.55,65.55,65.48,65.5,5104.0,65.506,35
2024-09-04 10:50:00-04:00,65.49,65.52,65.43,65.48,6136.0,65.476,44
2024-09-04 10:55:00-04:00,65.48,65.49,65.27,65.34,7115.0,65.377,59
2024-09-04 11:00:00-04:00,65.36,65.36,65.27,65.32,5427.0,65.311,46
2024-09-04 11:05:00-04:00,65.31,65.47,65.15,65.43,75108.0,65.287,202
2024-09-04 11:10:00-04:00,65.42,65.44,65.36,65.38,11442.0,65.41,59
2024-09-04 11:15:00-04:00,65.38,65.43,65.36,65.42,5341.0,65.397,41
2024-09-04 11:20:00-04:00,65.41,65.42,64.98,65.05,18347.0,65.145,129
2024-09-04 11:25:00-04:00,65.04,65.09,64.97,65.02,19651.0,65.031,144
2024-09-04 11:30:00-04:00,65.03,65.13,65.01,65.1,8930.0,65.087,63
2024-09-04 11:35:00-04:00,65.08,65.11,64.98,64.98,12963.0,65.04,98
2024-09-04 11:40:00-04:00,64.98,65.03,64.97,65.02,12587.0,65.002,92
2024-09-04 11:45:00-04:00,65.02,65.03,64.87,64.89,5225.0,64.968,39
2024-09-04 11:50:00-04:00,64.89,65.0,64.88,64.94,16601.0,64.945,67
2024-09-04 11:55:00-04:00,64.92,64.93,64.82,64.89,9995.0,64.878,82
2024-09-04 12:00:00-04:00,64.89,64.9,64.83,64.83,3710.0,64.867,34
2024-09-04 12:05:00-04:00,64.83,64.94,64.78,64.88,16211.0,64.883,105
2024-09-04 12:10:00-04:00,64.89,64.94,64.81,64.81,4031.0,64.876,36
2024-09-04 12:15:00-04:00,64.82,64.96,64.82,64.95,6561.0,64.906,44
2024-09-04 12:20:00-04:00,64.94,64.98,64.93,64.95,5028.0,64.954,33
2024-09-04 12:25:00-04:00,64.95,65.0,64.9,64.92,9080.0,64.973,55
2024-09-04 12:30:00-04:00,64.92,65.08,64.91,65.06,17413.0,65.017,123
2024-09-04 12:35:00-04:00,65.06,65.06,65.02,65.04,1732.0,65.036,14
2024-09-04 12:40:00-04:00,65.04,65.05,64.93,64.95,6600.0,65.0,52
2024-09-04 12:45:00-04:00,64.95,65.01,64.89,64.92,21559.0,64.96,111
2024-09-04 12:50:00-04:00,64.96,65.02,64.91,65.0,9257.0,64.936,42
2024-09-04 12:55:00-04:00,65.01,65.01,64.89,64.93,5918.0,64.963,35
2024-09-04 13:00:00-04:00,64.95,64.98,64.91,64.92,2769.0,64.94,23
2024-09-04 13:05:00-04:00,64.92,64.95,64.9,64.91,2720.0,64.925,26
2024-09-04 13:10:00-04:00,64.92,64.93,64.86,64.89,7369.0,64.895,44
2024-09-04 13:15:00-04:00,64.91,64.91,64.79,64.83,3624.0,64.833,32
2024-09-04 13:20:00-04:00,64.85,64.85,64.75,64.75,4910.0,64.797,40
2024-09-04 13:25:00-04:00,64.73,64.75,64.71,64.72,3083.0,64.728,28
2024-09-04 13:30:00-04:00,64.71,64.71,64.65,64.66,5773.0,64.672,39
2024-09-04 13:35:00-04:00,64.64,64.64,64.59,64.63,3839.0,64.618,32
2024-09-04 13:40:00-04:00,64.64,64.64,64.54,64.56,3965.0,64.594,34
2024-09-04 13:45:00-04:00,64.57,64.61,64.5,64.5,6956.0,64.573,65
2024-09-04 13:50:00-04:00,64.51,64.52,64.47,64.5,4701.0,64.494,42
2024-09-04 13:55:00-04:00,64.49,64.55,64.49,64.53,4411.0,64.524,34
2024-09-04 14:00:00-04:00,64.53,64.54,64.47,64.48,4802.0,64.5,41
2024-09-04 14:05:00-04:00,64.46,64.51,64.44,64.48,14294.0,64.475,61
2024-09-04 14:10:00-04:00,64.49,64.55,64.47,64.53,4567.0,64.5,41
2024-09-04 14:15:00-04:00,64.54,64.56,64.5,64.53,6915.0,64.534,56
2024-09-04 14:20:00-04:00,64.53,64.54,64.51,64.53,5090.0,64.526,44
2024-09-04 14:25:00-04:00,64.53,64.6,64.52,64.59,10103.0,64.572,76
2024-09-04 14:30:00-04:00,64.58,64.6,64.51,64.51,6781.0,64.56,58
2024-09-04 14:35:00-04:00,64.48,64.6,64.48,64.58,9691.0,64.552,84
2024-09-04 14:40:00-04:00,64.58,64.63,64.53,64.53,4546.0,64.573,39
2024-09-04 14:45:00-04:00,64.55,64.65,64.54,64.63,4986.0,64.597,47
2024-09-04 14:50:00-04:00,64.62,64.69,64.6,64.69,4612.0,64.619,43
2024-09-04 14:55:00-04:00,64.67,64.69,64.54,64.58,12922.0,64.601,88
2024-09-04 15:00:00-04:00,64.57,64.59,64.51,64.57,6076.0,64.556,52
2024-09-04 15:05:00-04:00,64.58,64.58,64.53,64.55,4507.0,64.547,40
2024-09-04 15:10:00-04:00,64.55,64.62,64.55,64.59,10301.0,64.579,83
2024-09-04 15:15:00-04:00,64.6,64.63,64.56,64.6,7480.0,64.6,58
2024-09-04 15:20:00-04:00,64.6,64.67,64.57,64.66,6365.0,64.617,56
2024-09-04 15:25:00-04:00,64.66,64.71,64.64,64.68,13355.0,64.676,95
2024-09-04 15:30:00-04:00,64.67,64.7,64.64,64.65,15864.0,64.667,109
2024-09-04 15:35:00-04:00,64.66,64.71,64.59,64.67,9299.0,64.642,81
2024-09-04 15:40:00-04:00,64.67,64.8,64.65,64.8,14384.0,64.693,120
2024-09-04 15:45:00-04:00,64.79,64.84,64.77,64.81,14068.0,64.801,116
2024-09-04 15:50:00-04:00,64.81,64.87,64.77,64.83,26047.0,64.813,205
2024-09-04 15:55:00-04:00,64.83,64.97,64.82,64.86,113930.0,64.901,657
2024-09-05 09:30:00-04:00,65.0,65.18,64.28,64.45,33742.0,64.621,146
2024-09-05 09:35:00-04:00,64.48,64.66,64.42,64.62,7889.0,64.565,64
2024-09-05 09:40:00-04:00,64.59,64.77,64.59,64.71,2617.0,64.677,23
2024-09-05 09:45:00-04:00,64.79,64.87,64.59,64.59,7927.0,64.721,68
2024-09-05 09:50:00-04:00,64.59,64.75,64.58,64.72,12312.0,64.685,40
2024-09-05 09:55:00-04:00,64.74,64.75,64.55,64.55,2717.0,64.621,19
2024-09-05 10:00:00-04:00,64.63,64.75,64.62,64.73,5145.0,64.679,35
2024-09-05 10:05:00-04:00,64.73,64.74,64.69,64.72,1602.0,64.71,13
2024-09-05 10:10:00-04:00,64.7,64.71,64.56,64.64,6441.0,64.619,42
2024-09-05 10:15:00-04:00,64.62,64.64,64.52,64.59,8408.0,64.58,61
2024-09-05 10:20:00-04:00,64.6,64.71,64.59,64.67,4499.0,64.651,34
2024-09-05 10:25:00-04:00,64.69,64.72,64.62,64.65,5215.0,64.666,42
2024-09-05 10:30:00-04:00,64.67,64.78,64.67,64.72,5989.0,64.732,47
2024-09-05 10:35:00-04:00,64.71,64.71,64.56,64.56,8062.0,64.609,54
2024-09-05 10:40:00-04:00,64.53,64.59,64.49,64.55,6069.0,64.55,53
2024-09-05 10:45:00-04:00,64.55,64.56,64.43,64.43,6318.0,64.484,57
2024-09-05 10:50:00-04:00,64.43,64.46,64.42,64.44,3140.0,64.436,29
2024-09-05 10:55:00-04:00,64.44,64.53,64.4,64.41,6163.0,64.467,49
2024-09-05 11:00:00-04:00,64.4,64.49,64.35,64.48,4207.0,64.413,37
2024-09-05 11:05:00-04:00,64.47,64.49,64.43,64.43,3671.0,64.459,31
2024-09-05 11:10:00-04:00,64.44,64.47,64.37,64.39,6786.0,64.419,50
2024-09-05 11:15:00-04:00,64.39,64.47,64.36,64.47,2423.0,64.428,23
2024-09-05 11:20:00-04:00,64.47,64.47,64.39,64.42,5970.0,64.421,50
2024-09-05 11:25:00-04:00,64.4,64.41,64.35,64.39,4289.0,64.381,37
2024-09-05 11:30:00-04:00,64.4,64.43,64.4,64.41,4540.0,64.412,45
2024-09-05 11:35:00-04:00,64.42,64.48,64.42,64.48,6595.0,64.457,58
2024-09-05 11:40:00-04:00,64.48,64.51,64.44,64.46,7687.0,64.465,65
2024-09-05 11:45:00-04:00,64.47,64.5,64.45,64.5,4724.0,64.479,41
2024-09-05 11:50:00-04:00,64.51,64.51,64.42,64.42,9738.0,64.481,63
2024-09-05 11:55:00-04:00,64.42,64.43,64.36,64.37,5958.0,64.4,55
2024-09-05 12:00:00-04:00,64.37,64.42,64.37,64.4,6934.0,64.404,54
2024-09-05 12:05:00-04:00,64.4,64.44,64.4,64.42,6889.0,64.422,61
2024-09-05 12:10:00-04:00,64.43,64.43,64.36,64.37,7812.0,64.397,72
2024-09-05 12:15:00-04:00,64.37,64.42,64.33,64.42,11317.0,64.351,101
2024-09-05 12:20:00-04:00,64.43,64.5,64.42,64.49,7715.0,64.451,59
2024-09-05 12:25:00-04:00,64.49,64.53,64.48,64.51,5527.0,64.507,48
2024-09-05 12:30:00-04:00,64.51,64.53,64.48,64.53,5678.0,64.501,45
2024-09-05 12:35:00-04:00,64.54,64.57,64.5,64.51,4513.0,64.536,37
2024-09-05 12:40:00-04:00,64.52,64.55,64.49,64.51,8333.0,64.519,66
2024-09-05 12:45:00-04:00,64.5,64.51,64.46,64.5,4663.0,64.49,42
2024-09-05 12:50:00-04:00,64.5,64.55,64.49,64.52,7559.0,64.523,55
2024-09-05 12:55:00-04:00,64.53,64.62,64.52,64.55,7990.0,64.572,63
2024-09-05 13:00:00-04:00,64.55,64.57,64.55,64.57,5205.0,64.56,39
2024-09-05 13:05:00-04:00,64.56,64.58,64.52,64.55,6449.0,64.545,56
2024-09-05 13:10:00-04:00,64.56,64.6,64.56,64.56,4504.0,64.58,38
2024-09-05 13:15:00-04:00,64.55,64.55,64.44,64.48,3838.0,64.481,30
2024-09-05 13:20:00-04:00,64.49,64.5,64.48,64.5,6307.0,64.495,50
2024-09-05 13:25:00-04:00,64.52,64.54,64.45,64.45,7162.0,64.502,52
2024-09-05 13:30:00-04:00,64.45,64.47,64.44,64.47,4186.0,64.456,34
2024-09-05 13:35:00-04:00,64.48,64.5,64.43,64.46,5379.0,64.47,51
2024-09-05 13:40:00-04:00,64.47,64.52,64.45,64.51,4837.0,64.471,41
2024-09-05 13:45:00-04:00,64.5,64.61,64.5,64.52,6067.0,64.546,55
2024-09-05 13:50:00-04:00,64.52,64.57,64.46,64.54,8708.0,64.515,75
2024-09-05 13:55:00-04:00,64.55,64.67,64.55,64.66,3606.0,64.588,31
2024-09-05 14:00:00-04:00,64.67,64.7,64.64,64.67,5961.0,64.669,48
2024-09-05 14:05:00-04:00,64.67,64.75,64.67,64.73,5106.0,64.712,41
2024-09-05 14:10:00-04:00,64.74,64.75,64.68,64.69,4103.0,64.708,36
2024-09-05 14:15:00-04:00,64.68,64.78,64.68,64.76,8877.0,64.718,73
2024-09-05 14:20:00-04:00,64.75,64.78,64.72,64.73,4042.0,64.748,34
2024-09-05 14:25:00-04:00,64.73,64.73,64.7,64.72,4944.0,64.712,44
2024-09-05 14:30:00-04:00,64.71,64.78,64.7,64.78,13111.0,64.733,72
2024-09-05 14:35:00-04:00,64.77,64.78,64.73,64.75,6204.0,64.753,52
2024-09-05 14:40:00-04:00,64.76,64.77,64.71,64.72,7997.0,64.728,66
2024-09-05 14:45:00-04:00,64.73,64.79,64.72,64.78,7023.0,64.753,61
2024-09-05 14:50:00-04:00,64.79,64.84,64.79,64.8,14506.0,64.795,42
2024-09-05 14:55:00-04:00,64.78,64.8,64.75,64.75,4294.0,64.781,38
2024-09-05 15:00:00-04:00,64.77,64.77,64.72,64.77,11238.0,64.747,79
2024-09-05 15:05:00-04:00,64.77,64.79,64.73,64.77,8108.0,64.758,56
2024-09-05 15:10:00-04:00,64.77,64.77,64.7,64.72,15728.0,64.729,96
2024-09-05 15:15:00-04:00,64.72,64.72,64.65,64.7,12240.0,64.681,104
2024-09-05 15:20:00-04:00,64.7,64.76,64.69,64.76,13758.0,64.718,100
2024-09-05 15:25:00-04:00,64.76,64.84,64.75,64.84,13691.0,64.778,103
2024-09-05 15:30:00-04:00,64.82,64.82,64.74,64.78,10862.0,64.779,82
2024-09-05 15:35:00-04:00,64.78,64.78,64.73,64.74,7971.0,64.763,70
2024-09-05 15:40:00-04:00,64.73,64.76,64.7,64.72,12944.0,64.731,108
2024-09-05 15:45:00-04:00,64.73,64.74,64.65,64.68,24265.0,64.701,188
2024-09-05 15:50:00-04:00,64.69,64.7,64.55,64.55,26723.0,64.599,209
2024-09-05 15:55:00-04:00,64.56,64.59,64.49,64.54,85600.0,64.531,484
2024-09-06 09:30:00-04:00,64.3,64.9,64.24,64.89,11552.0,64.409,19
2024-09-06 09:35:00-04:00,65.0,65.0,64.8,64.83,9716.0,64.85,50
2024-09-06 09:40:00-04:00,64.81,64.87,64.71,64.77,2915.0,64.767,18
2024-09-06 09:45:00-04:00,64.83,64.97,64.77,64.78,3290.0,64.872,30
2024-09-06 09:50:00-04:00,64.84,64.87,64.74,64.77,2047.0,64.826,19
2024-09-06 09:55:00-04:00,64.79,64.91,64.66,64.82,5723.0,64.803,34
2024-09-06 10:00:00-04:00,64.74,64.87,64.73,64.8,12180.0,64.81,95
2024-09-06 10:05:00-04:00,64.8,64.83,64.75,64.83,10262.0,64.78,72
2024-09-06 10:10:00-04:00,64.88,64.88,64.71,64.84,9040.0,64.784,70
2024-09-06 10:15:00-04:00,64.83,64.83,64.7,64.8,5307.0,64.753,39
2024-09-06 10:20:00-04:00,64.82,64.83,64.73,64.78,8525.0,64.776,57
2024-09-06 10:25:00-04:00,64.75,64.78,64.64,64.69,23984.0,64.7,153
2024-09-06 10:30:00-04:00,64.69,64.72,64.55,64.56,9564.0,64.663,61
2024-09-06 10:35:00-04:00,64.6,64.61,64.5,64.59,9211.0,64.562,78
2024-09-06 10:40:00-04:00,64.61,64.62,64.48,64.48,13911.0,64.575,107
2024-09-06 10:45:00-04:00,64.51,64.58,64.49,64.53,9723.0,64.528,71
2024-09-06 10:50:00-04:00,64.51,64.51,64.45,64.47,13569.0,64.484,74
2024-09-06 10:55:00-04:00,64.45,64.5,64.41,64.45,10978.0,64.463,83
2024-09-06 11:00:00-04:00,64.46,64.81,64.46,64.55,19273.0,64.638,144
2024-09-06 11:05:00-04:00,64.56,64.59,64.45,64.5,7389.0,64.516,56
2024-09-06 11:10:00-04:00,64.51,64.55,64.39,64.42,14245.0,64.474,100
2024-09-06 11:15:00-04:00,64.43,64.45,64.37,64.42,6305.0,64.414,44
2024-09-06 11:20:00-04:00,64.44,64.45,64.39,64.43,12316.0,64.417,91
2024-09-06 11:25:00-04:00,64.44,64.51,64.38,64.39,8162.0,64.463,62
2024-09-06 11:30:00-04:00,64.41,64.44,64.37,64.42,16708.0,64.419,133
2024-09-06 11:35:00-04:00,64.42,64.46,64.42,64.45,11932.0,64.444,87
2024-09-06 11:40:00-04:00,64.45,64.47,64.41,64.45,14302.0,64.441,113
2024-09-06 11:45:00-04:00,64.42,64.44,64.36,64.44,6530.0,64.403,50
2024-09-06 11:50:00-04:00,64.44,64.47,64.39,64.39,9361.0,64.434,59
2024-09-06 11:55:00-04:00,64.39,64.44,64.37,64.38,3566.0,64.408,25
2024-09-06 12:00:00-04:00,64.34,64.4,64.34,64.36,5132.0,64.372,42
2024-09-06 12:05:00-04:00,64.37,64.41,64.36,64.37,5306.0,64.384,36
2024-09-06 12:10:00-04:00,64.38,64.44,64.36,64.41,6373.0,64.393,49
2024-09-06 12:15:00-04:00,64.4,64.4,64.35,64.35,4336.0,64.374,28
2024-09-06 12:20:00-04:00,64.37,64.42,64.37,64.42,6658.0,64.394,49
2024-09-06 12:25:00-04:00,64.41,64.44,64.37,64.38,4735.0,64.412,34
2024-09-06 12:30:00-04:00,64.4,64.44,64.39,64.44,5929.0,64.414,46
2024-09-06 12:35:00-04:00,64.45,64.47,64.42,64.42,3225.0,64.444,29
2024-09-06 12:40:00-04:00,64.42,64.45,64.41,64.44,3850.0,64.433,31
2024-09-06 12:45:00-04:00,64.44,64.44,64.32,64.36,7214.0,64.376,54
2024-09-06 12:50:00-04:00,64.36,64.41,64.35,64.4,11609.0,64.376,41
2024-09-06 12:55:00-04:00,64.41,64.48,64.38,64.42,9138.0,64.42,47
2024-09-06 13:00:00-04:00,64.44,64.45,64.39,64.45,3030.0,64.428,25
2024-09-06 13:05:00-04:00,64.45,64.47,64.39,64.47,5470.0,64.428,32
2024-09-06 13:10:00-04:00,64.46,64.49,64.45,64.45,4923.0,64.472,33
2024-09-06 13:15:00-04:00,64.45,64.46,64.39,64.42,3743.0,64.417,34
2024-09-06 13:20:00-04:00,64.4,64.46,64.4,64.45,5678.0,64.436,39
2024-09-06 13:25:00-04:00,64.46,64.47,64.4,64.42,5555.0,64.439,51
2024-09-06 13:30:00-04:00,64.37,64.39,64.35,64.37,3717.0,64.375,25
2024-09-06 13:35:00-04:00,64.35,64.35,64.23,64.23,8556.0,64.279,70
2024-09-06 13:40:00-04:00,64.24,64.28,64.21,64.22,7250.0,64.252,53
2024-09-06 13:45:00-04:00,64.24,64.26,64.22,64.24,5552.0,64.237,47
2024-09-06 13:50:00-04:00,64.23,64.27,64.23,64.24,8369.0,64.255,54
2024-09-06 13:55:00-04:00,64.23,64.35,64.23,64.29,8670.0,64.304,67
2024-09-06 14:00:00-04:00,64.31,64.33,64.2,64.22,6592.0,64.26,44
2024-09-06 14:05:00-04:00,64.22,64.25,64.21,64.24,3657.0,64.235,31
2024-09-06 14:10:00-04:00,64.24,64.29,64.24,64.28,5162.0,64.268,40
2024-09-06 14:15:00-04:00,64.28,64.3,64.22,64.22,10857.0,64.278,52
2024-09-06 14:20:00-04:00,64.24,64.29,64.24,64.27,6525.0,64.265,43
2024-09-06 14:25:00-04:00,64.27,64.28,64.2,64.26,5035.0,64.25,38
2024-09-06 14:30:00-04:00,64.26,64.28,64.22,64.22,7663.0,64.259,36
2024-09-06 14:35:00-04:00,64.23,64.24,64.12,64.16,10226.0,64.186,51
2024-09-06 14:40:00-04:00,64.16,64.17,64.14,64.17,4267.0,64.164,28
2024-09-06 14:45:00-04:00,64.19,64.19,64.1,64.16,10626.0,64.155,47
2024-09-06 14:50:00-04:00,64.17,64.18,64.1,64.15,7477.0,64.142,34
2024-09-06 14:55:00-04:00,64.17,64.21,64.15,64.21,8946.0,64.193,49
2024-09-06 15:00:00-04:00,64.23,64.25,64.21,64.23,5418.0,64.23,32
2024-09-06 15:05:00-04:00,64.24,64.31,64.23,64.31,5224.0,64.276,41
2024-09-06 15:10:00-04:00,64.31,64.36,64.3,64.36,35576.0,64.345,93
2024-09-06 15:15:00-04:00,64.36,64.4,64.32,64.33,25215.0,64.375,105
2024-09-06 15:20:00-04:00,64.33,64.45,64.32,64.45,46712.0,64.43,173
2024-09-06 15:25:00-04:00,64.44,64.45,64.32,64.33,11149.0,64.404,87
2024-09-06 15:30:00-04:00,64.32,64.35,64.23,64.23,21576.0,64.299,113
2024-09-06 15:35:00-04:00,64.23,64.25,64.13,64.17,14231.0,64.19,111
2024-09-06 15:40:00-04:00,64.15,64.22,64.14,64.15,20743.0,64.177,162
2024-09-06 15:45:00-04:00,64.16,64.27,64.15,64.27,14300.0,64.205,117
2024-09-06 15:50:00-04:00,64.27,64.29,64.13,64.2,31444.0,64.189,239
2024-09-06 15:55:00-04:00,64.21,64.36,64.21,64.3,112966.0,64.312,698
2024-09-09 09:30:00-04:00,64.36,64.75,64.14,64.37,27774.0,64.374,95
2024-09-09 09:35:00-04:00,64.45,64.87,64.41,64.72,10867.0,64.715,90
2024-09-09 09:40:00-04:00,64.72,64.84,64.65,64.65,12515.0,64.709,81
2024-09-09 09:45:00-04:00,64.68,64.78,64.59,64.66,11606.0,64.655,68
2024-09-09 09:50:00-04:00,64.64,64.8,64.6,64.8,12984.0,64.694,78
2024-09-09 09:55:00-04:00,64.79,64.79,64.68,64.72,20259.0,64.718,110
2024-09-09 10:00:00-04:00,64.72,64.74,64.6,64.64,14499.0,64.685,122
2024-09-09 10:05:00-04:00,64.64,64.7,64.61,64.66,29212.0,64.66,199
2024-09-09 10:10:00-04:00,64.65,64.79,64.65,64.79,11687.0,64.711,97
2024-09-09 10:15:00-04:00,64.76,64.91,64.75,64.78,7958.0,64.838,73
2024-09-09 10:20:00-04:00,64.77,64.8,64.71,64.71,7997.0,64.761,65
2024-09-09 10:25:00-04:00,64.73,64.75,64.64,64.64,13184.0,64.71,72
2024-09-09 10:30:00-04:00,64.61,64.61,64.52,64.55,11878.0,64.568,90
2024-09-09 10:35:00-04:00,64.55,64.66,64.55,64.65,5145.0,64.611,43
2024-09-09 10:40:00-04:00,64.64,64.64,64.57,64.59,5711.0,64.61,40
2024-09-09 10:45:00-04:00,64.57,64.61,64.57,64.61,6473.0,64.595,53
2024-09-09 10:50:00-04:00,64.6,64.6,64.5,64.53,4450.0,64.553,39
2024-09-09 10:55:00-04:00,64.53,64.61,64.52,64.57,8969.0,64.569,70
2024-09-09 11:00:00-04:00,64.56,64.56,64.49,64.49,2855.0,64.533,23
2024-09-09 11:05:00-04:00,64.52,64.54,64.48,64.53,2245.0,64.511,20
2024-09-09 11:10:00-04:00,64.52,64.55,64.44,64.44,8621.0,64.491,39
2024-09-09 11:15:00-04:00,64.42,64.42,64.31,64.33,4169.0,64.342,33
2024-09-09 11:20:00-04:00,64.33,64.4,64.31,64.4,4860.0,64.372,39
2024-09-09 11:25:00-04:00,64.39,64.41,64.38,64.41,4837.0,64.396,32
2024-09-09 11:30:00-04:00,64.47,64.58,64.47,64.51,5602.0,64.521,38
2024-09-09 11:35:00-04:00,64.52,64.54,64.49,64.51,3759.0,64.52,35
2024-09-09 11:40:00-04:00,64.5,64.54,64.47,64.54,3681.0,64.503,28
2024-09-09 11:45:00-04:00,64.53,64.64,64.53,64.64,3940.0,64.579,28
2024-09-09 11:50:00-04:00,64.64,64.64,64.56,64.6,5989.0,64.601,40
2024-09-09 11:55:00-04:00,64.62,64.63,64.58,64.58,5297.0,64.609,36
2024-09-09 12:00:00-04:00,64.58,64.66,64.57,64.65,2607.0,64.599,20
2024-09-09 12:05:00-04:00,64.65,64.69,64.65,64.69,3713.0,64.679,30
2024-09-09 12:10:00-04:00,64.7,64.72,64.68,64.69,9664.0,64.704,52
2024-09-09 12:15:00-04:00,64.7,64.8,64.7,64.79,11217.0,64.718,59
2024-09-09 12:20:00-04:00,64.78,64.83,64.76,64.81,4285.0,64.795,32
2024-09-09 12:25:00-04:00,64.81,64.86,64.8,64.84,3225.0,64.84,26
2024-09-09 12:30:00-04:00,64.85,64.87,64.76,64.78,24971.0,64.825,66
2024-09-09 12:35:00-04:00,64.79,64.89,64.79,64.87,4512.0,64.838,32
2024-09-09 12:40:00-04:00,64.88,64.92,64.87,64.91,4506.0,64.89,34
2024-09-09 12:45:00-04:00,64.91,64.95,64.9,64.93,7417.0,64.923,59
2024-09-09 12:50:00-04:00,64.95,64.96,64.82,64.9,22911.0,64.9,38
2024-09-09 12:55:00-04:00,64.91,64.93,64.87,64.87,5119.0,64.896,42
2024-09-09 13:00:00-04:00,64.87,64.88,64.81,64.82,5318.0,64.841,35
2024-09-09 13:05:00-04:00,64.82,64.85,64.81,64.85,2081.0,64.824,17
2024-09-09 13:10:00-04:00,64.86,64.86,64.78,64.79,10518.0,64.807,72
2024-09-09 13:15:00-04:00,64.78,64.79,64.76,64.77,7828.0,64.777,67
2024-09-09 13:20:00-04:00,64.76,64.77,64.71,64.71,5176.0,64.741,43
2024-09-09 13:25:00-04:00,64.71,64.73,64.67,64.69,4328.0,64.714,38
2024-09-09 13:30:00-04:00,64.68,64.7,64.68,64.69,3456.0,64.684,33
2024-09-09 13:35:00-04:00,64.69,64.73,64.69,64.73,2598.0,64.713,21
2024-09-09 13:40:00-04:00,64.73,64.74,64.64,64.65,4260.0,64.711,36
2024-09-09 13:45:00-04:00,64.64,64.68,64.64,64.67,3936.0,64.67,29
2024-09-09 13:50:00-04:00,64.67,64.67,64.6,64.6,7697.0,64.61,63
2024-09-09 13:55:00-04:00,64.59,64.62,64.55,64.56,23683.0,64.603,89
2024-09-09 14:00:00-04:00,64.56,64.59,64.51,64.53,3715.0,64.573,32
2024-09-09 14:05:00-04:00,64.53,64.54,64.51,64.51,4550.0,64.525,34
2024-09-09 14:10:00-04:00,64.46,64.52,64.45,64.52,10715.0,64.473,85
2024-09-09 14:15:00-04:00,64.51,64.55,64.5,64.54,9715.0,64.531,60
2024-09-09 14:20:00-04:00,64.55,64.57,64.54,64.55,7123.0,64.55,48
2024-09-09 14:25:00-04:00,64.56,64.57,64.52,64.52,5667.0,64.547,41
2024-09-09 14:30:00-04:00,64.5,64.54,64.48,64.48,9189.0,64.506,62
2024-09-09 14:35:00-04:00,64.48,64.48,64.3,64.31,12412.0,64.417,65
2024-09-09 14:40:00-04:00,64.32,64.4,64.32,64.39,21149.0,64.385,99
2024-09-09 14:45:00-04:00,64.39,64.4,64.33,64.35,5605.0,64.362,46
2024-09-09 14:50:00-04:00,64.35,64.36,64.29,64.31,9202.0,64.318,65
2024-09-09 14:55:00-04:00,64.32,64.33,64.3,64.32,5436.0,64.309,47
2024-09-09 15:00:00-04:00,64.31,64.32,64.29,64.32,3359.0,64.304,25
2024-09-09 15:05:00-04:00,64.32,64.35,64.32,64.33,5250.0,64.333,32
2024-09-09 15:10:00-04:00,64.33,64.33,64.27,64.31,15003.0,64.311,67
2024-09-09 15:15:00-04:00,64.31,64.34,64.28,64.28,8883.0,64.299,59
2024-09-09 15:20:00-04:00,64.28,64.38,64.24,64.38,10349.0,64.299,82
2024-09-09 15:25:00-04:00,64.37,64.5,64.36,64.5,11277.0,64.434,94
2024-09-09 15:30:00-04:00,64.5,64.52,64.47,64.48,34069.0,64.48,178
2024-09-09 15:35:00-04:00,64.47,64.47,64.38,64.43,16890.0,64.436,88
2024-09-09 15:40:00-04:00,64.42,64.43,64.35,64.36,17414.0,64.414,109
2024-09-09 15:45:00-04:00,64.35,64.35,64.27,64.27,13078.0,64.304,99
2024-09-09 15:50:00-04:00,64.27,64.3,64.18,64.19,25472.0,64.229,176
2024-09-09 15:55:00-04:00,64.18,64.3,64.18,64.28,85449.0,64.229,467
2024-09-10 09:30:00-04:00,64.36,64.36,63.8,63.87,18363.0,64.177,49
2024-09-10 09:35:00-04:00,63.86,64.29,63.86,64.29,3486.0,64.044,31
2024-09-10 09:40:00-04:00,64.28,64.39,64.28,64.39,2676.0,64.344,19
2024-09-10 09:45:00-04:00,64.37,64.4,64.27,64.36,5216.0,64.331,45
2024-09-10 09:50:00-04:00,64.34,64.39,64.24,64.24,4178.0,64.327,37
2024-09-10 09:55:00-04:00,64.22,64.36,64.22,64.36,5137.0,64.29,36
2024-09-10 10:00:00-04:00,64.36,64.39,64.28,64.36,5912.0,64.334,33
2024-09-10 10:05:00-04:00,64.36,64.37,64.18,64.27,10387.0,64.316,91
2024-09-10 10:10:00-04:00,64.25,64.25,64.18,64.19,5865.0,64.214,48
2024-09-10 10:15:00-04:00,64.19,64.28,64.15,64.19,11108.0,64.212,77
2024-09-10 10:20:00-04:00,64.16,64.22,64.12,64.17,7643.0,64.171,68
2024-09-10 10:25:00-04:00,64.2,64.24,64.1,64.2,6617.0,64.168,55
2024-09-10 10:30:00-04:00,64.2,64.22,64.15,64.18,5566.0,64.177,46
2024-09-10 10:35:00-04:00,64.16,64.35,64.16,64.35,6298.0,64.259,48
2024-09-10 10:40:00-04:00,64.34,64.42,64.33,64.41,9699.0,64.385,68
2024-09-10 10:45:00-04:00,64.4,64.51,64.4,64.48,4855.0,64.45,39
2024-09-10 10:50:00-04:00,64.5,64.55,64.46,64.55,8056.0,64.494,57
2024-09-10 10:55:00-04:00,64.52,64.55,64.51,64.55,1767.0,64.529,14
2024-09-10 11:00:00-04:00,64.54,64.56,64.52,64.53,2307.0,64.535,17
2024-09-10 11:05:00-04:00,64.54,64.76,64.51,64.76,9943.0,64.6,61
2024-09-10 11:10:00-04:00,64.77,64.8,64.68,64.7,6786.0,64.75,42
2024-09-10 11:15:00-04:00,64.68,64.76,64.68,64.71,2905.0,64.715,28
2024-09-10 11:20:00-04:00,64.7,64.73,64.65,64.73,3309.0,64.682,30
2024-09-10 11:25:00-04:00,64.73,64.8,64.73,64.77,7777.0,64.768,69
2024-09-10 11:30:00-04:00,64.78,64.78,64.72,64.75,6717.0,64.751,56
2024-09-10 11:35:00-04:00,64.75,64.79,64.72,64.77,10782.0,64.752,86
2024-09-10 11:40:00-04:00,64.78,64.85,64.78,64.81,5797.0,64.807,49
2024-09-10 11:45:00-04:00,64.8,64.81,64.76,64.78,8469.0,64.789,62
2024-09-10 11:50:00-04:00,64.75,64.79,64.71,64.78,7636.0,64.752,59
2024-09-10 11:55:00-04:00,64.78,64.79,64.65,64.69,10498.0,64.751,77
2024-09-10 12:00:00-04:00,64.69,64.7,64.61,64.65,7874.0,64.644,59
2024-09-10 12:05:00-04:00,64.66,64.69,64.63,64.63,3970.0,64.662,34
2024-09-10 12:10:00-04:00,64.63,64.67,64.6,64.6,5937.0,64.635,49
2024-09-10 12:15:00-04:00,64.6,64.6,64.57,64.6,3348.0,64.588,27
2024-09-10 12:20:00-04:00,64.6,64.61,64.58,64.58,5572.0,64.594,34
2024-09-10 12:25:00-04:00,64.57,64.62,64.56,64.62,8161.0,64.582,63
2024-09-10 12:30:00-04:00,64.61,64.67,64.6,64.66,4925.0,64.638,36
2024-09-10 12:35:00-04:00,64.67,64.7,64.64,64.65,5948.0,64.68,45
2024-09-10 12:40:00-04:00,64.66,64.67,64.59,64.63,3379.0,64.627,27
2024-09-10 12:45:00-04:00,64.62,64.62,64.56,64.59,5997.0,64.591,50
2024-09-10 12:50:00-04:00,64.59,64.63,64.59,64.63,4496.0,64.609,35
2024-09-10 12:55:00-04:00,64.61,64.62,64.59,64.61,3226.0,64.603,28
2024-09-10 13:00:00-04:00,64.6,64.69,64.59,64.69,14116.0,64.634,65
2024-09-10 13:05:00-04:00,64.68,64.7,64.67,64.69,6555.0,64.685,43
2024-09-10 13:10:00-04:00,64.7,64.78,64.7,64.74,11956.0,64.723,67
2024-09-10 13:15:00-04:00,64.74,64.78,64.74,64.76,3196.0,64.757,29
2024-09-10 13:20:00-04:00,64.75,64.77,64.7,64.77,4561.0,64.736,40
2024-09-10 13:25:00-04:00,64.76,64.8,64.74,64.76,5821.0,64.766,50
2024-09-10 13:30:00-04:00,64.77,64.79,64.74,64.75,3495.0,64.768,29
2024-09-10 13:35:00-04:00,64.76,64.78,64.74,64.78,6753.0,64.761,47
2024-09-10 13:40:00-04:00,64.79,64.83,64.79,64.79,6103.0,64.809,52
2024-09-10 13:45:00-04:00,64.79,64.81,64.65,64.65,5589.0,64.763,47
2024-09-10 13:50:00-04:00,64.66,64.66,64.57,64.63,7148.0,64.595,53
2024-09-10 13:55:00-04:00,64.65,64.65,64.62,64.62,1746.0,64.633,14
2024-09-10 14:00:00-04:00,64.64,64.66,64.62,64.63,1600.0,64.639,15
2024-09-10 14:05:00-04:00,64.62,64.64,64.58,64.62,7745.0,64.622,49
2024-09-10 14:10:00-04:00,64.63,64.63,64.57,64.59,4612.0,64.595,42
2024-09-10 14:15:00-04:00,64.6,64.61,64.56,64.59,3158.0,64.586,25
2024-09-10 14:20:00-04:00,64.59,64.6,64.56,64.6,6199.0,64.581,46
2024-09-10 14:25:00-04:00,64.6,64.63,64.59,64.63,3832.0,64.606,31
2024-09-10 14:30:00-04:00,64.62,64.67,64.62,64.65,2752.0,64.639,20
2024-09-10 14:35:00-04:00,64.67,64.68,64.63,64.65,2395.0,64.656,18
2024-09-10 14:40:00-04:00,64.65,64.67,64.63,64.66,2917.0,64.643,23
2024-09-10 14:45:00-04:00,64.66,64.71,64.66,64.68,4429.0,64.683,38
2024-09-10 14:50:00-04:00,64.69,64.73,64.69,64.71,3865.0,64.703,29
2024-09-10 14:55:00-04:00,64.71,64.74,64.71,64.73,4975.0,64.726,41
2024-09-10 15:00:00-04:00,64.72,64.72,64.67,64.71,4686.0,64.691,29
2024-09-10 15:05:00-04:00,64.72,64.72,64.66,64.67,2611.0,64.682,17
2024-09-10 15:10:00-04:00,64.67,64.71,64.66,64.7,6472.0,64.69,52
2024-09-10 15:15:00-04:00,64.67,64.7,64.67,64.7,4297.0,64.682,37
2024-09-10 15:20:00-04:00,64.7,64.72,64.7,64.71,4384.0,64.713,32
2024-09-10 15:25:00-04:00,64.71,64.75,64.7,64.72,9843.0,64.722,65
2024-09-10 15:30:00-04:00,64.71,64.71,64.67,64.7,10066.0,64.689,62
2024-09-10 15:35:00-04:00,64.7,64.7,64.57,64.58,8991.0,64.607,77
2024-09-10 15:40:00-04:00,64.59,64.66,64.58,64.62,12629.0,64.611,101
2024-09-10 15:45:00-04:00,64.61,64.69,64.61,64.69,16964.0,64.659,134
2024-09-10 15:50:00-04:00,64.68,64.75,64.63,64.73,31636.0,64.673,230
2024-09-10 15:55:00-04:00,64.72,64.72,64.56,64.6,71460.0,64.587,389
2024-09-11 09:30:00-04:00,64.41,64.51,64.32,64.34,7467.0,64.378,36
2024-09-11 09:35:00-04:00,64.34,64.34,64.17,64.25,11917.0,64.225,66
2024-09-11 09:40:00-04:00,64.2,64.21,63.85,63.87,33547.0,64.039,196
2024-09-11 09:45:00-04:00,63.93,63.98,63.88,63.91,9227.0,63.917,82
2024-09-11 09:50:00-04:00,63.92,63.96,63.88,63.96,8003.0,63.916,61
2024-09-11 09:55:00-04:00,63.97,63.97,63.88,63.91,13305.0,63.907,117
2024-09-11 10:00:00-04:00,63.92,63.95,63.51,63.57,33721.0,63.859,278
2024-09-11 10:05:00-04:00,63.54,63.6,63.42,63.6,7312.0,63.518,55
2024-09-11 10:10:00-04:00,63.6,63.6,63.37,63.37,6641.0,63.553,51
2024-09-11 10:15:00-04:00,63.35,63.39,63.3,63.33,4171.0,63.338,36
2024-09-11 10:20:00-04:00,63.25,63.36,63.24,63.24,17404.0,63.302,50
2024-09-11 10:25:00-04:00,63.23,63.27,63.19,63.27,6234.0,63.234,33
2024-09-11 10:30:00-04:00,63.26,63.3,63.22,63.3,3340.0,63.25,23
2024-09-11 10:35:00-04:00,63.32,63.41,63.32,63.41,2101.0,63.36,16
2024-09-11 10:40:00-04:00,63.41,63.47,63.38,63.47,5220.0,63.418,46
2024-09-11 10:45:00-04:00,63.48,63.52,63.45,63.48,5340.0,63.479,41
2024-09-11 10:50:00-04:00,63.48,63.53,63.48,63.5,3247.0,63.507,26
2024-09-11 10:55:00-04:00,63.51,63.62,63.49,63.62,4264.0,63.554,37
2024-09-11 11:00:00-04:00,63.62,63.7,63.58,63.7,6357.0,63.639,37
2024-09-11 11:05:00-04:00,63.68,63.8,63.64,63.8,3178.0,63.706,26
2024-09-11 11:10:00-04:00,63.77,63.93,63.75,63.87,2653.0,63.834,23
2024-09-11 11:15:00-04:00,63.87,63.91,63.85,63.88,4032.0,63.88,32
2024-09-11 11:20:00-04:00,63.88,63.91,63.85,63.9,5719.0,63.877,53
2024-09-11 11:25:00-04:00,63.9,63.98,63.89,63.96,2717.0,63.949,23
2024-09-11 11:30:00-04:00,63.96,64.01,63.95,63.98,4746.0,63.989,41
2024-09-11 11:35:00-04:00,64.0,64.05,64.0,64.05,5712.0,64.022,41
2024-09-11 11:40:00-04:00,64.03,64.05,64.0,64.02,3003.0,64.026,28
2024-09-11 11:45:00-04:00,64.03,64.03,63.92,63.94,6350.0,63.966,31
2024-09-11 11:50:00-04:00,63.93,63.97,63.88,63.89,5234.0,63.934,44
2024-09-11 11:55:00-04:00,63.88,63.91,63.83,63.9,6236.0,63.882,58
2024-09-11 12:00:00-04:00,63.93,64.01,63.91,64.01,6135.0,63.932,54
2024-09-11 12:05:00-04:00,64.07,64.08,63.99,63.99,4854.0,64.051,25
2024-09-11 12:10:00-04:00,64.03,64.07,63.98,64.02,3200.0,64.029,25
2024-09-11 12:15:00-04:00,64.01,64.01,63.92,63.94,2154.0,63.966,17
2024-09-11 12:20:00-04:00,63.97,64.01,63.96,63.99,2441.0,63.978,19
2024-09-11 12:25:00-04:00,63.99,64.04,63.97,64.03,1508.0,64.004,9
2024-09-11 12:30:00-04:00,64.02,64.05,64.0,64.04,3577.0,64.022,32
2024-09-11 12:35:00-04:00,64.05,64.09,64.05,64.06,2154.0,64.068,17
2024-09-11 12:40:00-04:00,64.1,64.1,64.04,64.07,3719.0,64.077,23
2024-09-11 12:45:00-04:00,64.08,64.13,64.08,64.12,2022.0,64.101,19
2024-09-11 12:50:00-04:00,64.12,64.18,64.12,64.16,2219.0,64.148,18
2024-09-11 12:55:00-04:00,64.16,64.18,64.09,64.13,8014.0,64.125,47
2024-09-11 13:00:00-04:00,64.14,64.21,64.13,64.2,1626.0,64.179,15
2024-09-11 13:05:00-04:00,64.2,64.3,64.19,64.28,2066.0,64.255,16
2024-09-11 13:10:00-04:00,64.28,64.38,64.28,64.36,2989.0,64.349,21
2024-09-11 13:15:00-04:00,64.37,64.39,64.33,64.38,5081.0,64.356,45
2024-09-11 13:20:00-04:00,64.37,64.41,64.35,64.39,2953.0,64.384,28
2024-09-11 13:25:00-04:00,64.4,64.45,64.4,64.44,4599.0,64.429,41
2024-09-11 13:30:00-04:00,64.45,64.48,64.43,64.46,4289.0,64.457,35
2024-09-11 13:35:00-04:00,64.46,64.47,64.46,64.47,500.0,64.466,5
2024-09-11 13:40:00-04:00,64.48,64.5,64.47,64.48,2968.0,64.477,25
2024-09-11 13:45:00-04:00,64.5,64.58,64.48,64.54,5771.0,64.521,50
2024-09-11 13:50:00-04:00,64.55,64.57,64.52,64.53,4855.0,64.541,38
2024-09-11 13:55:00-04:00,64.54,64.57,64.5,64.56,5231.0,64.522,46
2024-09-11 14:00:00-04:00,64.55,64.59,64.54,64.58,4064.0,64.549,37
2024-09-11 14:05:00-04:00,64.57,64.59,64.55,64.59,2602.0,64.566,25
2024-09-11 14:10:00-04:00,64.59,64.59,64.55,64.56,2648.0,64.568,25
2024-09-11 14:15:00-04:00,64.55,64.57,64.51,64.55,6262.0,64.554,49
2024-09-11 14:20:00-04:00,64.55,64.59,64.54,64.59,1793.0,64.567,15
2024-09-11 14:25:00-04:00,64.59,64.61,64.58,64.6,3363.0,64.598,26
2024-09-11 14:30:00-04:00,64.6,64.67,64.58,64.67,5630.0,64.63,46
2024-09-11 14:35:00-04:00,64.65,64.72,64.63,64.72,1806.0,64.667,15
2024-09-11 14:40:00-04:00,64.73,64.77,64.73,64.77,601.0,64.753,6
2024-09-11 14:45:00-04:00,64.75,64.77,64.7,64.77,1721.0,64.736,16
2024-09-11 14:50:00-04:00,64.76,64.77,64.71,64.73,4126.0,64.745,27
2024-09-11 14:55:00-04:00,64.71,64.8,64.71,64.76,2939.0,64.772,27
2024-09-11 15:00:00-04:00,64.76,64.85,64.76,64.82,5648.0,64.81,45
2024-09-11 15:05:00-04:00,64.82,64.83,64.79,64.81,3099.0,64.822,28
2024-09-11 15:10:00-04:00,64.8,64.81,64.78,64.79,4699.0,64.793,20
2024-09-11 15:15:00-04:00,64.79,64.86,64.79,64.81,4805.0,64.826,38
2024-09-11 15:20:00-04:00,64.8,64.82,64.8,64.82,2927.0,64.813,28
2024-09-11 15:25:00-04:00,64.82,64.9,64.82,64.89,7088.0,64.872,56
2024-09-11 15:30:00-04:00,64.9,64.93,64.85,64.88,7078.0,64.891,53
2024-09-11 15:35:00-04:00,64.87,64.93,64.87,64.88,6708.0,64.899,60
2024-09-11 15:40:00-04:00,64.87,64.89,64.81,64.89,6506.0,64.85,55
2024-09-11 15:45:00-04:00,64.89,64.96,64.85,64.95,13765.0,64.921,116
2024-09-11 15:50:00-04:00,64.94,65.07,64.88,65.06,30860.0,64.98,238
2024-09-11 15:55:00-04:00,65.07,65.21,65.07,65.13,94497.0,65.147,583
2024-09-12 09:30:00-04:00,65.07,65.19,64.73,64.95,14972.0,65.029,31
2024-09-12 09:35:00-04:00,65.15,65.33,65.15,65.33,6709.0,65.237,30
2024-09-12 09:40:00-04:00,65.39,65.47,65.26,65.26,906.0,65.357,9
2024-09-12 09:45:00-04:00,65.28,65.29,65.02,65.07,3270.0,65.137,22
2024-09-12 09:50:00-04:00,65.03,65.17,64.97,64.97,2696.0,65.053,23
2024-09-12 09:55:00-04:00,64.96,65.03,64.9,64.9,3379.0,64.966,24
2024-09-12 10:00:00-04:00,64.88,64.89,64.82,64.86,2270.0,64.852,19
2024-09-12 10:05:00-04:00,64.86,65.05,64.86,65.03,2469.0,64.981,19
2024-09-12 10:10:00-04:00,65.01,65.08,64.99,65.05,4638.0,65.048,34
2024-09-12 10:15:00-04:00,65.04,65.23,65.04,65.2,8314.0,65.082,51
2024-09-12 10:20:00-04:00,65.18,65.24,65.17,65.18,2734.0,65.2,20
2024-09-12 10:25:00-04:00,65.27,65.27,65.19,65.23,3622.0,65.224,12
2024-09-12 10:30:00-04:00,65.26,65.26,65.15,65.22,1623.0,65.212,12
2024-09-12 10:35:00-04:00,65.21,65.21,65.15,65.19,1863.0,65.176,15
2024-09-12 10:40:00-04:00,65.18,65.21,65.16,65.21,6445.0,65.193,32
2024-09-12 10:45:00-04:00,65.22,65.33,65.22,65.32,2289.0,65.281,21
2024-09-12 10:50:00-04:00,65.32,65.32,65.24,65.25,4009.0,65.278,32
2024-09-12 10:55:00-04:00,65.26,65.27,65.18,65.18,2681.0,65.234,22
2024-09-12 11:00:00-04:00,65.11,65.21,65.11,65.21,2147.0,65.17,15
2024-09-12 11:05:00-04:00,65.22,65.23,65.18,65.18,2571.0,65.206,19
2024-09-12 11:10:00-04:00,65.18,65.25,65.16,65.24,4917.0,65.193,21
2024-09-12 11:15:00-04:00,65.24,65.26,65.15,65.17,2716.0,65.193,21
2024-09-12 11:20:00-04:00,65.16,65.21,65.16,65.19,2165.0,65.181,18
2024-09-12 11:25:00-04:00,65.2,65.2,65.12,65.17,3564.0,65.173,28
2024-09-12 11:30:00-04:00,65.17,65.23,65.15,65.18,2173.0,65.175,17
2024-09-12 11:35:00-04:00,65.2,65.27,65.2,65.26,1570.0,65.241,11
2024-09-12 11:40:00-04:00,65.26,65.3,65.26,65.26,2810.0,65.272,21
2024-09-12 11:45:00-04:00,65.26,65.27,65.22,65.25,2000.0,65.241,16
2024-09-12 11:50:00-04:00,65.25,65.25,65.23,65.25,1739.0,65.239,13
2024-09-12 11:55:00-04:00,65.24,65.27,65.2,65.2,3161.0,65.235,25
2024-09-12 12:00:00-04:00,65.2,65.24,65.18,65.23,2965.0,65.221,20
2024-09-12 12:05:00-04:00,65.23,65.27,65.23,65.27,1564.0,65.242,15
2024-09-12 12:10:00-04:00,65.27,65.27,65.22,65.23,2916.0,65.248,25
2024-09-12 12:15:00-04:00,65.23,65.24,65.18,65.24,2757.0,65.21,12
2024-09-12 12:20:00-04:00,65.25,65.26,65.21,65.21,2246.0,65.236,15
2024-09-12 12:25:00-04:00,65.21,65.23,65.17,65.17,2200.0,65.214,16
2024-09-12 12:30:00-04:00,65.17,65.17,65.15,65.15,1089.0,65.164,9
2024-09-12 12:35:00-04:00,65.18,65.18,65.11,65.13,3176.0,65.155,24
2024-09-12 12:40:00-04:00,65.11,65.22,65.1,65.22,2894.0,65.156,26
2024-09-12 12:45:00-04:00,65.23,65.26,65.23,65.25,1601.0,65.238,14
2024-09-12 12:50:00-04:00,65.26,65.38,65.25,65.38,3812.0,65.341,28
2024-09-12 12:55:00-04:00,65.38,65.5,65.37,65.48,3703.0,65.454,32
2024-09-12 13:00:00-04:00,65.48,65.51,65.46,65.51,1266.0,65.483,12
2024-09-12 13:05:00-04:00,65.51,65.54,65.49,65.53,2874.0,65.518,27
2024-09-12 13:10:00-04:00,65.52,65.55,65.52,65.55,1840.0,65.529,16
2024-09-12 13:15:00-04:00,65.56,65.57,65.52,65.54,2707.0,65.551,21
2024-09-12 13:20:00-04:00,65.53,65.6,65.53,65.59,3653.0,65.564,34
2024-09-12 13:25:00-04:00,65.62,65.62,65.58,65.59,2349.0,65.599,23
2024-09-12 13:30:00-04:00,65.59,65.66,65.59,65.66,2155.0,65.608,20
2024-09-12 13:35:00-04:00,65.65,65.68,65.65,65.67,3050.0,65.659,22
2024-09-12 13:40:00-04:00,65.67,65.73,65.67,65.71,1700.0,65.702,13
2024-09-12 13:45:00-04:00,65.72,65.77,65.71,65.76,4501.0,65.739,34
2024-09-12 13:50:00-04:00,65.78,65.87,65.78,65.86,5360.0,65.827,36
2024-09-12 13:55:00-04:00,65.88,65.89,65.82,65.82,5345.0,65.869,44
2024-09-12 14:00:00-04:00,65.82,65.85,65.8,65.84,9442.0,65.823,28
2024-09-12 14:05:00-04:00,65.83,65.85,65.73,65.74,7261.0,65.779,54
2024-09-12 14:10:00-04:00,65.75,65.77,65.73,65.74,2693.0,65.753,24
2024-09-12 14:15:00-04:00,65.74,65.77,65.68,65.69,3531.0,65.719,28
2024-09-12 14:20:00-04:00,65.69,65.72,65.69,65.72,2288.0,65.705,22
2024-09-12 14:25:00-04:00,65.72,65.75,65.71,65.71,3482.0,65.727,29
2024-09-12 14:30:00-04:00,65.72,65.72,65.7,65.72,2353.0,65.708,22
2024-09-12 14:35:00-04:00,65.73,65.73,65.7,65.71,4413.0,65.718,37
2024-09-12 14:40:00-04:00,65.72,65.72,65.68,65.7,2913.0,65.701,25
2024-09-12 14:45:00-04:00,65.7,65.71,65.68,65.68,3830.0,65.699,34
2024-09-12 14:50:00-04:00,65.67,65.67,65.5,65.59,5124.0,65.564,44
2024-09-12 14:55:00-04:00,65.59,65.63,65.57,65.61,4134.0,65.603,41
2024-09-12 15:00:00-04:00,65.6,65.61,65.55,65.55,3723.0,65.581,35
2024-09-12 15:05:00-04:00,65.56,65.62,65.56,65.62,2104.0,65.597,17
2024-09-12 15:10:00-04:00,65.63,65.63,65.58,65.6,4137.0,65.606,37
2024-09-12 15:15:00-04:00,65.59,65.63,65.59,65.62,3747.0,65.614,30
2024-09-12 15:20:00-04:00,65.61,65.65,65.6,65.64,4796.0,65.625,43
2024-09-12 15:25:00-04:00,65.64,65.66,65.61,65.62,12737.0,65.634,67
2024-09-12 15:30:00-04:00,65.61,65.62,65.56,65.59,7060.0,65.587,58
2024-09-12 15:35:00-04:00,65.59,65.65,65.59,65.63,6688.0,65.627,61
2024-09-12 15:40:00-04:00,65.64,65.65,65.6,65.63,6253.0,65.626,62
2024-09-12 15:45:00-04:00,65.63,65.71,65.6,65.62,20737.0,65.667,184
2024-09-12 15:50:00-04:00,65.61,65.67,65.56,65.59,33830.0,65.607,267
2024-09-12 15:55:00-04:00,65.59,65.64,65.5,65.63,112876.0,65.573,606
2024-09-13 09:30:00-04:00,66.11,66.32,66.11,66.28,18855.0,66.159,37
2024-09-13 09:35:00-04:00,66.36,66.36,66.1,66.19,1820.0,66.18,15
2024-09-13 09:40:00-04:00,66.14,66.16,66.05,66.13,2268.0,66.097,22
2024-09-13 09:45:00-04:00,66.17,66.37,66.12,66.36,3470.0,66.274,26
2024-09-13 09:50:00-04:00,66.36,66.36,66.18,66.23,7397.0,66.249,42
2024-09-13 09:55:00-04:00,66.23,66.26,66.15,66.24,3462.0,66.209,26
2024-09-13 10:00:00-04:00,66.22,66.33,66.1,66.14,15895.0,66.209,70
2024-09-13 10:05:00-04:00,66.13,66.13,66.02,66.06,7965.0,66.079,39
2024-09-13 10:10:00-04:00,65.97,66.06,65.87,66.0,7551.0,65.988,61
2024-09-13 10:15:00-04:00,65.98,66.14,65.96,66.14,2712.0,66.02,25
2024-09-13 10:20:00-04:00,66.12,66.18,66.1,66.18,1607.0,66.134,15
2024-09-13 10:25:00-04:00,66.24,66.25,66.12,66.2,3630.0,66.171,25
2024-09-13 10:30:00-04:00,66.16,66.19,66.11,66.12,5095.0,66.152,27
2024-09-13 10:35:00-04:00,66.11,66.3,66.1,66.28,6566.0,66.18,52
2024-09-13 10:40:00-04:00,66.27,66.34,66.27,66.34,2969.0,66.303,16
2024-09-13 10:45:00-04:00,66.31,66.32,66.26,66.28,2122.0,66.289,19
2024-09-13 10:50:00-04:00,66.3,66.3,66.21,66.21,3200.0,66.242,29
2024-09-13 10:55:00-04:00,66.21,66.28,66.13,66.18,5754.0,66.185,43
2024-09-13 11:00:00-04:00,66.17,66.18,66.12,66.13,3197.0,66.153,19
2024-09-13 11:05:00-04:00,66.13,66.15,66.08,66.1,5347.0,66.115,35
2024-09-13 11:10:00-04:00,66.1,66.13,66.06,66.11,8588.0,66.105,42
2024-09-13 11:15:00-04:00,66.12,66.14,66.08,66.12,4514.0,66.117,34
2024-09-13 11:20:00-04:00,66.11,66.15,66.09,66.15,5386.0,66.119,40
2024-09-13 11:25:00-04:00,66.15,66.17,66.1,66.12,4119.0,66.132,35
2024-09-13 11:30:00-04:00,66.12,66.17,66.12,66.17,3262.0,66.132,30
2024-09-13 11:35:00-04:00,66.17,66.2,66.16,66.19,2646.0,66.178,26
2024-09-13 11:40:00-04:00,66.21,66.29,66.19,66.28,4007.0,66.225,36
2024-09-13 11:45:00-04:00,66.29,66.3,66.28,66.28,1131.0,66.29,11
2024-09-13 11:50:00-04:00,66.27,66.29,66.22,66.24,5369.0,66.266,41
2024-09-13 11:55:00-04:00,66.25,66.26,66.22,66.22,2598.0,66.233,23
2024-09-13 12:00:00-04:00,66.23,66.27,66.23,66.26,2667.0,66.251,24
2024-09-13 12:05:00-04:00,66.25,66.27,66.24,66.27,5258.0,66.254,42
2024-09-13 12:10:00-04:00,66.26,66.28,66.24,66.25,2528.0,66.265,24
2024-09-13 12:15:00-04:00,66.21,66.25,66.21,66.22,1998.0,66.232,14
2024-09-13 12:20:00-04:00,66.22,66.25,66.16,66.17,3112.0,66.202,21
2024-09-13 12:25:00-04:00,66.16,66.17,66.1,66.1,4544.0,66.155,41
2024-09-13 12:30:00-04:00,66.1,66.1,66.04,66.08,5172.0,66.071,34
2024-09-13 12:35:00-04:00,66.08,66.12,66.05,66.05,4409.0,66.081,41
2024-09-13 12:40:00-04:00,66.06,66.1,66.03,66.03,10248.0,66.071,34
2024-09-13 12:45:00-04:00,66.03,66.08,66.0,66.01,4271.0,66.037,33
2024-09-13 12:50:00-04:00,66.02,66.05,65.98,65.99,2592.0,66.022,21
2024-09-13 12:55:00-04:00,66.0,66.0,65.97,65.98,2208.0,65.99,20
2024-09-13 13:00:00-04:00,65.99,66.03,65.99,66.03,2279.0,66.007,22
2024-09-13 13:05:00-04:00,66.02,66.04,66.0,66.01,3341.0,66.022,29
2024-09-13 13:10:00-04:00,66.02,66.02,65.98,65.99,2144.0,65.996,21
2024-09-13 13:15:00-04:00,65.98,66.06,65.98,66.05,3688.0,66.006,28
2024-09-13 13:20:00-04:00,66.05,66.05,65.98,66.0,3416.0,66.01,30
2024-09-13 13:25:00-04:00,66.02,66.08,66.02,66.08,2905.0,66.052,26
2024-09-13 13:30:00-04:00,66.07,66.14,66.07,66.12,2908.0,66.111,24
2024-09-13 13:35:00-04:00,66.11,66.17,66.11,66.15,10970.0,66.144,46
2024-09-13 13:40:00-04:00,66.14,66.14,66.05,66.06,4837.0,66.105,38
2024-09-13 13:45:00-04:00,66.05,66.08,66.02,66.02,3007.0,66.059,24
2024-09-13 13:50:00-04:00,66.03,66.03,65.98,66.0,5797.0,66.004,37
2024-09-13 13:55:00-04:00,66.0,66.01,65.96,65.96,6618.0,65.994,46
2024-09-13 14:00:00-04:00,65.95,65.96,65.84,65.88,6381.0,65.877,57
2024-09-13 14:05:00-04:00,65.86,65.95,65.86,65.89,6633.0,65.917,40
2024-09-13 14:10:00-04:00,65.88,65.94,65.88,65.93,6038.0,65.915,52
2024-09-13 14:15:00-04:00,65.92,65.93,65.89,65.89,3061.0,65.913,23
2024-09-13 14:20:00-04:00,65.9,65.9,65.82,65.83,5589.0,65.86,49
2024-09-13 14:25:00-04:00,65.8,65.82,65.79,65.79,5843.0,65.801,45
2024-09-13 14:30:00-04:00,65.79,65.8,65.77,65.79,4884.0,65.782,34
2024-09-13 14:35:00-04:00,65.79,65.81,65.77,65.8,3443.0,65.789,24
2024-09-13 14:40:00-04:00,65.81,65.9,65.8,65.88,6102.0,65.851,53
2024-09-13 14:45:00-04:00,65.88,65.9,65.88,65.89,3781.0,65.887,29
2024-09-13 14:50:00-04:00,65.88,65.92,65.87,65.91,6248.0,65.891,48
2024-09-13 14:55:00-04:00,65.9,65.92,65.9,65.92,2357.0,65.913,23
2024-09-13 15:00:00-04:00,65.91,65.93,65.86,65.93,8816.0,65.885,63
2024-09-13 15:05:00-04:00,65.94,65.96,65.92,65.95,5444.0,65.936,42
2024-09-13 15:10:00-04:00,65.95,65.95,65.92,65.94,7924.0,65.939,63
2024-09-13 15:15:00-04:00,65.94,65.97,65.93,65.95,10143.0,65.955,85
2024-09-13 15:20:00-04:00,65.95,65.96,65.82,65.84,11375.0,65.901,85
2024-09-13 15:25:00-04:00,65.85,65.91,65.84,65.91,7960.0,65.872,69
2024-09-13 15:30:00-04:00,65.91,65.95,65.9,65.92,18966.0,65.928,150
2024-09-13 15:35:00-04:00,65.92,65.92,65.83,65.91,17608.0,65.877,143
2024-09-13 15:40:00-04:00,65.91,65.93,65.86,65.89,13180.0,65.898,102
2024-09-13 15:45:00-04:00,65.88,65.94,65.88,65.9,12759.0,65.905,97
2024-09-13 15:50:00-04:00,65.91,66.01,65.89,66.01,25045.0,65.947,189
2024-09-13 15:55:00-04:00,66.01,66.05,65.95,65.98,78228.0,65.998,465
2024-09-16 09:30:00-04:00,66.24,66.77,66.06,66.7,20481.0,66.389,55
2024-09-16 09:35:00-04:00,66.69,66.75,66.51,66.52,2600.0,66.649,26
2024-09-16 09:40:00-04:00,66.53,66.54,66.34,66.38,4263.0,66.405,33
2024-09-16 09:45:00-04:00,66.38,66.62,66.34,66.62,6460.0,66.414,47
2024-09-16 09:50:00-04:00,66.63,66.67,66.56,66.65,3640.0,66.617,33
2024-09-16 09:55:00-04:00,66.64,66.68,66.61,66.66,2972.0,66.646,27
2024-09-16 10:00:00-04:00,66.7,66.79,66.66,66.71,5886.0,66.714,51
2024-09-16 10:05:00-04:00,66.68,66.78,66.68,66.75,3510.0,66.732,33
2024-09-16 10:10:00-04:00,66.76,66.8,66.72,66.75,4843.0,66.755,41
2024-09-16 10:15:00-04:00,66.75,66.91,66.74,66.91,3353.0,66.862,23
2024-09-16 10:20:00-04:00,66.91,66.99,66.89,66.9,9938.0,66.922,62
2024-09-16 10:25:00-04:00,66.91,66.91,66.82,66.84,4047.0,66.876,36
2024-09-16 10:30:00-04:00,66.84,66.85,66.77,66.84,7893.0,66.803,49
2024-09-16 10:35:00-04:00,66.87,66.9,66.82,66.84,4860.0,66.868,27
2024-09-16 10:40:00-04:00,66.82,66.83,66.74,66.81,3714.0,66.77,33
2024-09-16 10:45:00-04:00,66.81,66.87,66.8,66.81,14771.0,66.846,77
2024-09-16 10:50:00-04:00,66.83,66.84,66.67,66.7,4281.0,66.755,36
2024-09-16 10:55:00-04:00,66.7,66.7,66.58,66.58,2372.0,66.64,21
2024-09-16 11:00:00-04:00,66.59,66.62,66.54,66.59,3490.0,66.582,30
2024-09-16 11:05:00-04:00,66.58,66.58,66.51,66.58,6983.0,66.555,42
2024-09-16 11:10:00-04:00,66.6,66.6,66.44,66.44,2900.0,66.522,27
2024-09-16 11:15:00-04:00,66.43,66.49,66.43,66.45,4233.0,66.472,31
2024-09-16 11:20:00-04:00,66.44,66.47,66.38,66.47,2729.0,66.423,23
2024-09-16 11:25:00-04:00,66.45,66.45,66.38,66.39,1762.0,66.414,17
2024-09-16 11:30:00-04:00,66.4,66.44,66.38,66.43,2614.0,66.414,23
2024-09-16 11:35:00-04:00,66.42,66.45,66.42,66.44,2634.0,66.432,20
2024-09-16 11:40:00-04:00,66.44,66.46,66.43,66.44,3205.0,66.445,23
2024-09-16 11:45:00-04:00,66.42,66.52,66.42,66.49,2333.0,66.472,20
2024-09-16 11:50:00-04:00,66.5,66.52,66.45,66.5,5462.0,66.483,32
2024-09-16 11:55:00-04:00,66.51,66.52,66.42,66.5,10375.0,66.448,55
2024-09-16 12:00:00-04:00,66.5,66.53,66.49,66.51,3505.0,66.508,29
2024-09-16 12:05:00-04:00,66.53,66.62,66.53,66.62,1764.0,66.594,15
2024-09-16 12:10:00-04:00,66.61,66.66,66.6,66.63,6308.0,66.618,29
2024-09-16 12:15:00-04:00,66.64,66.65,66.62,66.62,1300.0,66.641,13
2024-09-16 12:20:00-04:00,66.63,66.65,66.62,66.64,4425.0,66.634,34
2024-09-16 12:25:00-04:00,66.65,66.71,66.61,66.63,5942.0,66.658,52
2024-09-16 12:30:00-04:00,66.64,66.69,66.64,66.69,2643.0,66.668,20
2024-09-16 12:35:00-04:00,66.69,66.71,66.68,66.69,17005.0,66.701,29
2024-09-16 12:40:00-04:00,66.68,66.72,66.67,66.71,1386.0,66.688,12
2024-09-16 12:45:00-04:00,66.72,66.73,66.67,66.71,3288.0,66.699,20
2024-09-16 12:50:00-04:00,66.72,66.74,66.7,66.72,2777.0,66.732,22
2024-09-16 12:55:00-04:00,66.7,66.75,66.7,66.73,1605.0,66.726,14
2024-09-16 13:00:00-04:00,66.75,66.79,66.74,66.78,2005.0,66.77,17
2024-09-16 13:05:00-04:00,66.78,66.78,66.69,66.77,5081.0,66.734,39
2024-09-16 13:10:00-04:00,66.76,66.77,66.75,66.76,1382.0,66.757,13
2024-09-16 13:15:00-04:00,66.75,66.75,66.73,66.74,1243.0,66.744,12
2024-09-16 13:20:00-04:00,66.74,66.76,66.73,66.73,2116.0,66.75,17
2024-09-16 13:25:00-04:00,66.75,66.83,66.72,66.76,3180.0,66.776,26
2024-09-16 13:30:00-04:00,66.78,66.81,66.77,66.81,2128.0,66.795,16
2024-09-16 13:35:00-04:00,66.82,66.83,66.77,66.81,2388.0,66.804,22
2024-09-16 13:40:00-04:00,66.83,66.85,66.83,66.84,2419.0,66.842,21
2024-09-16 13:45:00-04:00,66.84,66.84,66.82,66.83,2585.0,66.831,20
2024-09-16 13:50:00-04:00,66.83,66.84,66.79,66.81,3441.0,66.816,24
2024-09-16 13:55:00-04:00,66.81,66.85,66.81,66.81,3530.0,66.826,22
2024-09-16 14:00:00-04:00,66.8,66.85,66.78,66.8,3123.0,66.806,27
2024-09-16 14:05:00-04:00,66.8,66.82,66.77,66.81,4479.0,66.789,34
2024-09-16 14:10:00-04:00,66.82,66.86,66.82,66.85,900.0,66.843,9
2024-09-16 14:15:00-04:00,66.85,66.85,66.81,66.81,2755.0,66.83,21
2024-09-16 14:20:00-04:00,66.81,66.94,66.8,66.9,5502.0,66.853,43
2024-09-16 14:25:00-04:00,66.91,66.93,66.88,66.88,1740.0,66.912,13
2024-09-16 14:30:00-04:00,66.88,66.91,66.87,66.91,1696.0,66.886,13
2024-09-16 14:35:00-04:00,66.91,66.92,66.86,66.89,4112.0,66.893,26
2024-09-16 14:40:00-04:00,66.87,66.87,66.82,66.85,7507.0,66.845,53
2024-09-16 14:45:00-04:00,66.84,66.86,66.81,66.84,4349.0,66.84,32
2024-09-16 14:50:00-04:00,66.85,66.88,66.85,66.86,6279.0,66.86,40
2024-09-16 14:55:00-04:00,66.87,66.91,66.84,66.84,13984.0,66.863,65
2024-09-16 15:00:00-04:00,66.84,66.85,66.72,66.72,6011.0,66.781,49
2024-09-16 15:05:00-04:00,66.73,66.75,66.67,66.7,14591.0,66.694,64
2024-09-16 15:10:00-04:00,66.73,66.77,66.72,66.74,9084.0,66.742,53
2024-09-16 15:15:00-04:00,66.75,66.75,66.68,66.72,8231.0,66.721,64
2024-09-16 15:20:00-04:00,66.72,66.76,66.71,66.74,12139.0,66.732,75
2024-09-16 15:25:00-04:00,66.75,66.77,66.74,66.75,7633.0,66.755,56
2024-09-16 15:30:00-04:00,66.74,66.82,66.73,66.82,11283.0,66.765,80
2024-09-16 15:35:00-04:00,66.81,66.83,66.78,66.81,12005.0,66.802,80
2024-09-16 15:40:00-04:00,66.81,66.9,66.78,66.78,18103.0,66.841,136
2024-09-16 15:45:00-04:00,66.78,66.93,66.78,66.88,17126.0,66.87,112
2024-09-16 15:50:00-04:00,66.87,66.91,66.85,66.89,22898.0,66.873,139
2024-09-16 15:55:00-04:00,66.89,67.04,66.87,67.01,90001.0,66.963,472
2024-09-17 09:30:00-04:00,67.0,67.21,67.0,67.2,18553.0,67.04,35
2024-09-17 09:35:00-04:00,67.17,67.26,67.17,67.21,2098.0,67.238,16
2024-09-17 09:40:00-04:00,67.21,67.21,66.98,67.05,5352.0,67.093,32
2024-09-17 09:45:00-04:00,67.1,67.3,67.1,67.28,10244.0,67.243,37
2024-09-17 09:50:00-04:00,67.29,67.49,67.29,67.38,5518.0,67.418,44
2024-09-17 09:55:00-04:00,67.37,67.38,67.23,67.23,3170.0,67.305,26
2024-09-17 10:00:00-04:00,67.27,67.43,67.26,67.43,7670.0,67.31,38
2024-09-17 10:05:00-04:00,67.44,67.67,67.43,67.59,4755.0,67.609,43
2024-09-17 10:10:00-04:00,67.6,67.66,67.58,67.64,4098.0,67.616,36
2024-09-17 10:15:00-04:00,67.67,67.73,67.66,67.72,3002.0,67.701,29
2024-09-17 10:20:00-04:00,67.74,67.82,67.71,67.8,3652.0,67.768,34
2024-09-17 10:25:00-04:00,67.78,67.8,67.62,67.64,6106.0,67.703,55
2024-09-17 10:30:00-04:00,67.63,67.65,67.57,67.59,7669.0,67.615,48
2024-09-17 10:35:00-04:00,67.6,67.6,67.51,67.58,2648.0,67.554,23
2024-09-17 10:40:00-04:00,67.59,67.64,67.49,67.49,6682.0,67.593,41
2024-09-17 10:45:00-04:00,67.51,67.6,67.51,67.59,2490.0,67.548,20
2024-09-17 10:50:00-04:00,67.58,67.65,67.58,67.61,15636.0,67.609,31
2024-09-17 10:55:00-04:00,67.58,67.59,67.5,67.56,8637.0,67.551,43
2024-09-17 11:00:00-04:00,67.59,67.67,67.57,67.66,5163.0,67.623,44
2024-09-17 11:05:00-04:00,67.65,67.68,67.62,67.63,1400.0,67.649,14
2024-09-17 11:10:00-04:00,67.58,67.62,67.57,67.61,2304.0,67.597,17
2024-09-17 11:15:00-04:00,67.63,67.65,67.61,67.63,1630.0,67.632,14
2024-09-17 11:20:00-04:00,67.62,67.67,67.6,67.67,4563.0,67.636,21
2024-09-17 11:25:00-04:00,67.67,67.67,67.64,67.65,2907.0,67.656,24
2024-09-17 11:30:00-04:00,67.64,67.72,67.64,67.66,7613.0,67.669,49
2024-09-17 11:35:00-04:00,67.64,67.67,67.62,67.67,1107.0,67.646,7
2024-09-17 11:40:00-04:00,67.67,67.7,67.62,67.62,4048.0,67.662,31
2024-09-17 11:45:00-04:00,67.62,67.66,67.61,67.64,13338.0,67.623,38
2024-09-17 11:50:00-04:00,67.66,67.68,67.58,67.58,3935.0,67.64,29
2024-09-17 11:55:00-04:00,67.58,67.62,67.55,67.62,3270.0,67.584,29
2024-09-17 12:00:00-04:00,67.62,67.69,67.6,67.69,4293.0,67.66,37
2024-09-17 12:05:00-04:00,67.72,67.72,67.58,67.58,5638.0,67.664,39
2024-09-17 12:10:00-04:00,67.58,67.66,67.58,67.65,5881.0,67.604,36
2024-09-17 12:15:00-04:00,67.66,67.67,67.57,67.61,4586.0,67.624,32
2024-09-17 12:20:00-04:00,67.59,67.62,67.54,67.6,5718.0,67.576,47
2024-09-17 12:25:00-04:00,67.61,67.64,67.58,67.61,4774.0,67.604,40
2024-09-17 12:30:00-04:00,67.59,67.61,67.55,67.56,3390.0,67.584,31
2024-09-17 12:35:00-04:00,67.55,67.57,67.52,67.56,3356.0,67.548,27
2024-09-17 12:40:00-04:00,67.58,67.58,67.47,67.51,7634.0,67.518,53
2024-09-17 12:45:00-04:00,67.52,67.53,67.38,67.4,3821.0,67.461,34
2024-09-17 12:50:00-04:00,67.4,67.41,67.33,67.37,4027.0,67.378,33
2024-09-17 12:55:00-04:00,67.39,67.42,67.31,67.31,2325.0,67.378,22
2024-09-17 13:00:00-04:00,67.31,67.36,67.3,67.31,2743.0,67.343,15
2024-09-17 13:05:00-04:00,67.31,67.31,67.28,67.29,1647.0,67.289,9
2024-09-17 13:10:00-04:00,67.31,67.32,67.25,67.28,5284.0,67.288,40
2024-09-17 13:15:00-04:00,67.31,67.34,67.29,67.34,1853.0,67.32,16
2024-09-17 13:20:00-04:00,67.35,67.43,67.35,67.43,2731.0,67.383,22
2024-09-17 13:25:00-04:00,67.45,67.45,67.38,67.38,4664.0,67.411,34
2024-09-17 13:30:00-04:00,67.39,67.41,67.32,67.33,5328.0,67.359,40
2024-09-17 13:35:00-04:00,67.34,67.38,67.33,67.34,3123.0,67.352,20
2024-09-17 13:40:00-04:00,67.34,67.34,67.26,67.3,4062.0,67.302,27
2024-09-17 13:45:00-04:00,67.3,67.4,67.27,67.4,4551.0,67.324,28
2024-09-17 13:50:00-04:00,67.47,67.49,67.44,67.48,3278.0,67.472,26
2024-09-17 13:55:00-04:00,67.46,67.46,67.41,67.43,2461.0,67.429,21
2024-09-17 14:00:00-04:00,67.39,67.44,67.39,67.42,1702.0,67.414,15
2024-09-17 14:05:00-04:00,67.42,67.43,67.42,67.43,543.0,67.423,4
2024-09-17 14:10:00-04:00,67.45,67.45,67.37,67.37,4296.0,67.419,31
2024-09-17 14:15:00-04:00,67.38,67.4,67.35,67.35,2312.0,67.385,14
2024-09-17 14:20:00-04:00,67.37,67.4,67.35,67.35,2219.0,67.377,15
2024-09-17 14:25:00-04:00,67.35,67.39,67.34,67.39,1933.0,67.367,17
2024-09-17 14:30:00-04:00,67.38,67.4,67.37,67.38,1653.0,67.386,14
2024-09-17 14:35:00-04:00,67.39,67.44,67.39,67.43,1831.0,67.417,13
2024-09-17 14:40:00-04:00,67.42,67.44,67.41,67.42,2172.0,67.428,16
2024-09-17 14:45:00-04:00,67.43,67.44,67.31,67.36,5082.0,67.389,41
2024-09-17 14:50:00-04:00,67.36,67.37,67.32,67.37,2742.0,67.348,23
2024-09-17 14:55:00-04:00,67.4,67.41,67.33,67.34,5841.0,67.372,50
2024-09-17 15:00:00-04:00,67.33,67.34,67.29,67.3,4454.0,67.317,33
2024-09-17 15:05:00-04:00,67.3,67.31,67.25,67.26,18196.0,67.285,58
2024-09-17 15:10:00-04:00,67.27,67.3,67.23,67.28,32968.0,67.27,91
2024-09-17 15:15:00-04:00,67.27,67.28,67.2,67.21,6735.0,67.243,48
2024-09-17 15:20:00-04:00,67.21,67.21,67.04,67.05,15609.0,67.107,91
2024-09-17 15:25:00-04:00,67.07,67.12,67.05,67.12,6756.0,67.081,57
2024-09-17 15:30:00-04:00,67.12,67.14,67.1,67.12,9010.0,67.12,68
2024-09-17 15:35:00-04:00,67.11,67.16,67.08,67.15,8940.0,67.114,68
2024-09-17 15:40:00-04:00,67.16,67.22,67.16,67.19,11699.0,67.191,92
2024-09-17 15:45:00-04:00,67.19,67.27,67.19,67.22,16103.0,67.23,117
2024-09-17 15:50:00-04:00,67.22,67.28,67.18,67.27,26947.0,67.251,132
2024-09-17 15:55:00-04:00,67.26,67.37,67.17,67.22,90453.0,67.244,493
2024-09-18 09:30:00-04:00,67.72,67.72,67.13,67.25,16589.0,67.684,9
2024-09-18 09:35:00-04:00,67.23,67.38,67.23,67.37,1319.0,67.299,12
2024-09-18 09:40:00-04:00,67.34,67.34,67.31,67.34,625.0,67.33,6
2024-09-18 09:45:00-04:00,67.34,67.36,67.28,67.35,25159.0,67.337,49
2024-09-18 09:50:00-04:00,67.36,67.36,67.23,67.23,2021.0,67.288,16
2024-09-18 09:55:00-04:00,67.22,67.23,67.16,67.19,20625.0,67.212,38
2024-09-18 10:00:00-04:00,67.19,67.33,67.15,67.22,14523.0,67.237,65
2024-09-18 10:05:00-04:00,67.22,67.25,67.16,67.25,5374.0,67.205,41
2024-09-18 10:10:00-04:00,67.23,67.34,67.23,67.34,9388.0,67.265,25
2024-09-18 10:15:00-04:00,67.37,67.41,67.32,67.33,2531.0,67.376,24
2024-09-18 10:20:00-04:00,67.33,67.34,67.27,67.34,2967.0,67.301,22
2024-09-18 10:25:00-04:00,67.32,67.38,67.3,67.38,5686.0,67.331,41
2024-09-18 10:30:00-04:00,67.4,67.43,67.26,67.27,3815.0,67.391,25
2024-09-18 10:35:00-04:00,67.26,67.28,67.17,67.21,6158.0,67.219,33
2024-09-18 10:40:00-04:00,67.19,67.22,67.17,67.22,5099.0,67.201,38
2024-09-18 10:45:00-04:00,67.24,67.26,67.21,67.26,4525.0,67.234,27
2024-09-18 10:50:00-04:00,67.27,67.27,67.22,67.26,2916.0,67.251,24
2024-09-18 10:55:00-04:00,67.24,67.26,67.18,67.25,5544.0,67.223,38
2024-09-18 11:00:00-04:00,67.25,67.3,67.25,67.25,3694.0,67.275,27
2024-09-18 11:05:00-04:00,67.26,67.31,67.25,67.31,3847.0,67.281,32
2024-09-18 11:10:00-04:00,67.3,67.3,67.24,67.25,1819.0,67.261,12
2024-09-18 11:15:00-04:00,67.24,67.25,67.2,67.25,4657.0,67.228,33
2024-09-18 11:20:00-04:00,67.25,67.27,67.2,67.23,12902.0,67.24,71
2024-09-18 11:25:00-04:00,67.23,67.3,67.22,67.28,8146.0,67.258,64
2024-09-18 11:30:00-04:00,67.27,67.35,67.22,67.35,6534.0,67.257,54
2024-09-18 11:35:00-04:00,67.35,67.41,67.35,67.38,4260.0,67.381,26
2024-09-18 11:40:00-04:00,67.38,67.38,67.26,67.27,5988.0,67.318,53
2024-09-18 11:45:00-04:00,67.27,67.27,67.22,67.25,3073.0,67.242,24
2024-09-18 11:50:00-04:00,67.27,67.31,67.25,67.29,3114.0,67.274,28
2024-09-18 11:55:00-04:00,67.27,67.34,67.27,67.31,5265.0,67.301,45
2024-09-18 12:00:00-04:00,67.29,67.3,67.19,67.19,7319.0,67.236,53
2024-09-18 12:05:00-04:00,67.22,67.23,67.17,67.22,5333.0,67.205,47
2024-09-18 12:10:00-04:00,67.22,67.23,67.14,67.15,4916.0,67.188,42
2024-09-18 12:15:00-04:00,67.17,67.22,67.17,67.2,3228.0,67.206,23
2024-09-18 12:20:00-04:00,67.19,67.21,67.14,67.19,5543.0,67.177,40
2024-09-18 12:25:00-04:00,67.17,67.22,67.17,67.2,2624.0,67.2,22
2024-09-18 12:30:00-04:00,67.2,67.23,67.19,67.21,4733.0,67.213,41
2024-09-18 12:35:00-04:00,67.21,67.23,67.18,67.19,5247.0,67.21,35
2024-09-18 12:40:00-04:00,67.2,67.22,67.17,67.21,4700.0,67.206,35
2024-09-18 12:45:00-04:00,67.2,67.22,67.19,67.22,1900.0,67.209,17
2024-09-18 12:50:00-04:00,67.21,67.22,67.19,67.2,4294.0,67.208,29
2024-09-18 12:55:00-04:00,67.2,67.21,67.08,67.1,2733.0,67.165,22
2024-09-18 13:00:00-04:00,67.09,67.1,67.07,67.07,1200.0,67.085,12
2024-09-18 13:05:00-04:00,67.07,67.07,67.03,67.03,4576.0,67.055,29
2024-09-18 13:10:00-04:00,67.02,67.02,66.94,66.96,5445.0,66.981,30
2024-09-18 13:15:00-04:00,67.0,67.01,66.95,67.0,5396.0,66.983,45
2024-09-18 13:20:00-04:00,66.99,66.99,66.94,66.94,3972.0,66.96,34
2024-09-18 13:25:00-04:00,66.94,67.02,66.94,67.01,3592.0,66.967,33
2024-09-18 13:30:00-04:00,67.0,67.03,66.99,67.03,1563.0,67.009,14
2024-09-18 13:35:00-04:00,67.03,67.05,66.95,66.97,4076.0,67.006,32
2024-09-18 13:40:00-04:00,66.96,66.98,66.94,66.97,3537.0,66.966,27
2024-09-18 13:45:00-04:00,66.97,67.0,66.96,66.97,4534.0,66.98,39
2024-09-18 13:50:00-04:00,66.97,66.99,66.94,66.96,5525.0,66.967,41
2024-09-18 13:55:00-04:00,66.95,66.99,66.95,66.99,3522.0,66.964,24
2024-09-18 14:00:00-04:00,66.97,67.64,66.93,67.33,18599.0,67.296,95
2024-09-18 14:05:00-04:00,67.37,67.37,66.99,67.12,19030.0,67.243,78
2024-09-18 14:10:00-04:00,67.17,67.19,66.9,67.03,8276.0,67.058,48
2024-09-18 14:15:00-04:00,67.05,67.11,67.02,67.09,21544.0,67.075,90
2024-09-18 14:20:00-04:00,67.08,67.11,66.94,67.0,9720.0,67.0,37
2024-09-18 14:25:00-04:00,67.0,67.07,66.98,67.07,7472.0,67.012,40
2024-09-18 14:30:00-04:00,67.11,67.18,67.08,67.18,7262.0,67.133,36
2024-09-18 14:35:00-04:00,67.18,67.18,66.91,67.06,12001.0,67.021,67
2024-09-18 14:40:00-04:00,67.09,67.09,66.56,66.58,15766.0,66.778,109
2024-09-18 14:45:00-04:00,66.55,66.88,66.48,66.84,14684.0,66.639,113
2024-09-18 14:50:00-04:00,66.8,67.04,66.77,66.97,5673.0,66.937,49
2024-09-18 14:55:00-04:00,66.95,67.06,66.78,66.8,7014.0,66.933,61
2024-09-18 15:00:00-04:00,66.78,66.96,66.74,66.94,9240.0,66.81,69
2024-09-18 15:05:00-04:00,66.91,66.93,66.77,66.87,7408.0,66.855,57
2024-09-18 15:10:00-04:00,66.86,67.24,66.85,67.21,6896.0,67.053,55
2024-09-18 15:15:00-04:00,67.2,67.23,67.14,67.15,4078.0,67.182,37
2024-09-18 15:20:00-04:00,67.14,67.14,66.88,67.01,7785.0,67.011,64
2024-09-18 15:25:00-04:00,67.03,67.21,67.01,67.06,7027.0,67.107,61
2024-09-18 15:30:00-04:00,67.08,67.09,66.76,66.76,12761.0,66.955,106
2024-09-18 15:35:00-04:00,66.74,66.78,66.65,66.73,10297.0,66.731,85
2024-09-18 15:40:00-04:00,66.72,66.74,66.64,66.64,8770.0,66.689,71
2024-09-18 15:45:00-04:00,66.59,66.66,66.53,66.56,22268.0,66.605,178
2024-09-18 15:50:00-04:00,66.57,66.64,66.54,66.61,29994.0,66.599,231
2024-09-18 15:55:00-04:00,66.63,66.64,66.46,66.49,124448.0,66.534,645
2024-09-19 09:30:00-04:00,67.33,67.51,67.23,67.47,13608.0,67.344,31
2024-09-19 09:35:00-04:00,67.51,67.56,67.2,67.2,8055.0,67.356,57
2024-09-19 09:40:00-04:00,67.26,67.28,67.01,67.08,13884.0,67.167,80
2024-09-19 09:45:00-04:00,67.08,67.13,66.98,67.09,19399.0,67.092,64
2024-09-19 09:50:00-04:00,67.09,67.1,66.9,66.91,8532.0,66.969,71
2024-09-19 09:55:00-04:00,66.94,67.08,66.94,66.99,8112.0,67.028,68
2024-09-19 10:00:00-04:00,67.03,67.09,66.88,67.01,29694.0,66.966,110
2024-09-19 10:05:00-04:00,67.01,67.01,66.81,66.84,10590.0,66.913,91
2024-09-19 10:10:00-04:00,66.82,66.89,66.8,66.89,6039.0,66.853,56
2024-09-19 10:15:00-04:00,66.9,66.91,66.75,66.76,4914.0,66.834,49
2024-09-19 10:20:00-04:00,66.79,66.79,66.65,66.65,5549.0,66.728,52
2024-09-19 10:25:00-04:00,66.64,66.71,66.62,66.7,13371.0,66.675,93
2024-09-19 10:30:00-04:00,66.71,66.78,66.68,66.7,11967.0,66.733,71
2024-09-19 10:35:00-04:00,66.72,66.75,66.63,66.67,5525.0,66.687,51
2024-09-19 10:40:00-04:00,66.69,66.69,66.54,66.59,12187.0,66.61,74
2024-09-19 10:45:00-04:00,66.59,66.59,66.46,66.59,9599.0,66.537,77
2024-09-19 10:50:00-04:00,66.6,66.66,66.58,66.59,8089.0,66.624,53
2024-09-19 10:55:00-04:00,66.59,66.68,66.59,66.67,5184.0,66.646,41
2024-09-19 11:00:00-04:00,66.66,66.72,66.63,66.72,4697.0,66.668,44
2024-09-19 11:05:00-04:00,66.73,66.76,66.68,66.69,8493.0,66.725,68
2024-09-19 11:10:00-04:00,66.7,66.75,66.69,66.73,5450.0,66.722,48
2024-09-19 11:15:00-04:00,66.74,66.86,66.74,66.86,4827.0,66.806,40
2024-09-19 11:20:00-04:00,66.88,66.91,66.85,66.88,4505.0,66.883,41
2024-09-19 11:25:00-04:00,66.9,66.9,66.76,66.79,4580.0,66.828,39
2024-09-19 11:30:00-04:00,66.76,66.84,66.76,66.83,8211.0,66.815,57
2024-09-19 11:35:00-04:00,66.83,66.88,66.83,66.84,4846.0,66.859,33
2024-09-19 11:40:00-04:00,66.84,66.89,66.83,66.87,4310.0,66.862,33
2024-09-19 11:45:00-04:00,66.88,66.9,66.86,66.9,6671.0,66.885,43
2024-09-19 11:50:00-04:00,66.91,66.95,66.86,66.92,7817.0,66.914,54
2024-09-19 11:55:00-04:00,66.92,66.92,66.84,66.84,5008.0,66.902,37
2024-09-19 12:00:00-04:00,66.87,66.97,66.86,66.96,4470.0,66.925,36
2024-09-19 12:05:00-04:00,66.96,66.98,66.95,66.98,5931.0,66.966,48
2024-09-19 12:10:00-04:00,66.97,66.99,66.92,66.97,5506.0,66.964,49
2024-09-19 12:15:00-04:00,66.98,67.09,66.98,67.09,3744.0,67.039,26
2024-09-19 12:20:00-04:00,67.09,67.1,66.92,66.95,10141.0,67.019,70
2024-09-19 12:25:00-04:00,66.96,67.04,66.96,67.04,6907.0,67.015,49
2024-09-19 12:30:00-04:00,67.06,67.11,67.05,67.08,5105.0,67.087,39
2024-09-19 12:35:00-04:00,67.04,67.04,66.98,67.02,4045.0,67.002,19
2024-09-19 12:40:00-04:00,67.02,67.07,67.02,67.06,4629.0,67.038,35
2024-09-19 12:45:00-04:00,67.07,67.13,67.06,67.13,6755.0,67.091,50
2024-09-19 12:50:00-04:00,67.13,67.15,67.12,67.15,3282.0,67.137,22
2024-09-19 12:55:00-04:00,67.14,67.14,67.04,67.12,8903.0,67.092,65
2024-09-19 13:00:00-04:00,67.12,67.15,67.11,67.14,3989.0,67.131,31
2024-09-19 13:05:00-04:00,67.12,67.13,67.09,67.11,4185.0,67.114,27
2024-09-19 13:10:00-04:00,67.11,67.12,67.01,67.08,10476.0,67.059,45
2024-09-19 13:15:00-04:00,67.09,67.11,67.05,67.07,9948.0,67.085,58
2024-09-19 13:20:00-04:00,67.07,67.09,67.06,67.08,3600.0,67.066,32
2024-09-19 13:25:00-04:00,67.08,67.14,67.08,67.12,4021.0,67.112,34
2024-09-19 13:30:00-04:00,67.13,67.27,67.13,67.27,3902.0,67.2,37
2024-09-19 13:35:00-04:00,67.27,67.29,67.22,67.29,12946.0,67.238,74
2024-09-19 13:40:00-04:00,67.28,67.29,67.19,67.23,5983.0,67.234,40
2024-09-19 13:45:00-04:00,67.23,67.33,67.23,67.3,6207.0,67.294,39
2024-09-19 13:50:00-04:00,67.29,67.36,67.29,67.34,3036.0,67.326,24
2024-09-19 13:55:00-04:00,67.34,67.35,67.3,67.3,5222.0,67.326,41
2024-09-19 14:00:00-04:00,67.3,67.35,67.29,67.34,6960.0,67.322,55
2024-09-19 14:05:00-04:00,67.35,67.36,67.24,67.24,3192.0,67.328,26
2024-09-19 14:10:00-04:00,67.25,67.26,67.19,67.2,3368.0,67.227,29
2024-09-19 14:15:00-04:00,67.18,67.19,67.11,67.14,3915.0,67.167,36
2024-09-19 14:20:00-04:00,67.13,67.21,67.13,67.17,2285.0,67.16,19
2024-09-19 14:25:00-04:00,67.17,67.21,67.15,67.21,2676.0,67.185,20
2024-09-19 14:30:00-04:00,67.2,67.25,67.2,67.22,4150.0,67.227,27
2024-09-19 14:35:00-04:00,67.22,67.23,67.2,67.22,2392.0,67.215,18
2024-09-19 14:40:00-04:00,67.21,67.23,67.18,67.18,1441.0,67.204,13
2024-09-19 14:45:00-04:00,67.16,67.2,67.13,67.13,5259.0,67.158,42
2024-09-19 14:50:00-04:00,67.13,67.15,67.06,67.09,3925.0,67.107,27
2024-09-19 14:55:00-04:00,67.1,67.13,67.08,67.13,7980.0,67.114,29
2024-09-19 15:00:00-04:00,67.13,67.16,67.1,67.15,3009.0,67.125,27
2024-09-19 15:05:00-04:00,67.14,67.15,67.1,67.12,6311.0,67.126,41
2024-09-19 15:10:00-04:00,67.14,67.16,67.09,67.11,6511.0,67.122,49
2024-09-19 15:15:00-04:00,67.11,67.14,67.09,67.1,4387.0,67.112,31
2024-09-19 15:20:00-04:00,67.09,67.11,67.04,67.11,6912.0,67.071,52
2024-09-19 15:25:00-04:00,67.11,67.11,67.05,67.06,4265.0,67.084,40
2024-09-19 15:30:00-04:00,67.03,67.05,66.98,67.04,9987.0,67.02,58
2024-09-19 15:35:00-04:00,67.04,67.08,67.01,67.05,11776.0,67.047,68
2024-09-19 15:40:00-04:00,67.06,67.12,67.05,67.06,7489.0,67.088,60
2024-09-19 15:45:00-04:00,67.06,67.11,67.05,67.07,12357.0,67.087,98
2024-09-19 15:50:00-04:00,67.08,67.12,66.98,67.06,25935.0,67.033,171
2024-09-19 15:55:00-04:00,67.06,67.13,67.04,67.12,106011.0,67.084,568
2024-09-20 09:30:00-04:00,66.98,66.98,66.75,66.81,385587.0,66.979,26
2024-09-20 09:35:00-04:00,66.81,66.94,66.57,66.72,6447.0,66.806,47
2024-09-20 09:40:00-04:00,66.7,66.7,66.5,66.58,6178.0,66.615,36
2024-09-20 09:45:00-04:00,66.58,66.58,66.5,66.53,2302.0,66.536,13
2024-09-20 09:50:00-04:00,66.5,66.54,66.45,66.54,1690.0,66.483,10
2024-09-20 09:55:00-04:00,66.53,66.61,66.5,66.54,5123.0,66.549,35
2024-09-20 10:00:00-04:00,66.54,66.56,66.37,66.37,9038.0,66.467,60
2024-09-20 10:05:00-04:00,66.37,66.4,66.23,66.38,14111.0,66.317,117
2024-09-20 10:10:00-04:00,66.37,66.39,66.31,66.37,5646.0,66.354,45
2024-09-20 10:15:00-04:00,66.38,66.47,66.36,66.47,6680.0,66.408,38
2024-09-20 10:20:00-04:00,66.51,66.55,66.46,66.47,3693.0,66.518,25
2024-09-20 10:25:00-04:00,66.45,66.48,66.4,66.4,3463.0,66.447,27
2024-09-20 10:30:00-04:00,66.37,66.47,66.34,66.44,17252.0,66.419,59
2024-09-20 10:35:00-04:00,66.45,66.48,66.37,66.46,8342.0,66.44,43
2024-09-20 10:40:00-04:00,66.49,66.53,66.47,66.5,6436.0,66.503,28
2024-09-20 10:45:00-04:00,66.51,66.51,66.39,66.39,6135.0,66.447,48
2024-09-20 10:50:00-04:00,66.38,66.42,66.33,66.35,4301.0,66.376,27
2024-09-20 10:55:00-04:00,66.35,66.35,66.25,66.25,2112.0,66.295,17
2024-09-20 11:00:00-04:00,66.26,66.27,66.17,66.2,7586.0,66.209,53
2024-09-20 11:05:00-04:00,66.19,66.35,66.19,66.31,5008.0,66.276,32
2024-09-20 11:10:00-04:00,66.31,66.38,66.31,66.35,14102.0,66.346,27
2024-09-20 11:15:00-04:00,66.35,66.35,66.29,66.33,3628.0,66.331,23
2024-09-20 11:20:00-04:00,66.36,66.36,66.28,66.3,3538.0,66.312,26
2024-09-20 11:25:00-04:00,66.29,66.3,66.25,66.28,5816.0,66.275,37
2024-09-20 11:30:00-04:00,66.28,66.32,66.24,66.31,5470.0,66.282,37
2024-09-20 11:35:00-04:00,66.3,66.36,66.29,66.3,20004.0,66.327,135
2024-09-20 11:40:00-04:00,66.31,66.37,66.3,66.37,14159.0,66.33,108
2024-09-20 11:45:00-04:00,66.36,66.36,66.29,66.3,5799.0,66.318,46
2024-09-20 11:50:00-04:00,66.29,66.29,66.16,66.19,8287.0,66.21,50
2024-09-20 11:55:00-04:00,66.21,66.25,66.2,66.2,2696.0,66.223,19
2024-09-20 12:00:00-04:00,66.2,66.21,66.12,66.15,2830.0,66.159,26
2024-09-20 12:05:00-04:00,66.15,66.18,66.11,66.17,2670.0,66.146,16
2024-09-20 12:10:00-04:00,66.18,66.2,66.14,66.2,7372.0,66.169,59
2024-09-20 12:15:00-04:00,66.2,66.21,66.19,66.2,2665.0,66.198,20
2024-09-20 12:20:00-04:00,66.21,66.31,66.21,66.28,4468.0,66.262,36
2024-09-20 12:25:00-04:00,66.3,66.31,66.24,66.26,3728.0,66.267,31
2024-09-20 12:30:00-04:00,66.27,66.27,66.22,66.23,3217.0,66.247,25
2024-09-20 12:35:00-04:00,66.22,66.28,66.22,66.26,4185.0,66.252,38
2024-09-20 12:40:00-04:00,66.25,66.26,66.25,66.25,3273.0,66.255,26
2024-09-20 12:45:00-04:00,66.25,66.3,66.25,66.28,17581.0,66.269,136
2024-09-20 12:50:00-04:00,66.28,66.29,66.23,66.26,6255.0,66.269,51
2024-09-20 12:55:00-04:00,66.25,66.26,66.23,66.25,4937.0,66.246,40
2024-09-20 13:00:00-04:00,66.26,66.27,66.24,66.25,4978.0,66.254,34
2024-09-20 13:05:00-04:00,66.25,66.26,66.24,66.26,22724.0,66.249,78
2024-09-20 13:10:00-04:00,66.26,66.3,66.25,66.28,9151.0,66.274,66
2024-09-20 13:15:00-04:00,66.26,66.29,66.26,66.28,5695.0,66.273,41
2024-09-20 13:20:00-04:00,66.29,66.31,66.26,66.26,7658.0,66.292,56
2024-09-20 13:25:00-04:00,66.28,66.31,66.24,66.31,3257.0,66.28,26
2024-09-20 13:30:00-04:00,66.31,66.31,66.28,66.28,1684.0,66.298,12
2024-09-20 13:35:00-04:00,66.28,66.31,66.28,66.29,4343.0,66.296,24
2024-09-20 13:40:00-04:00,66.29,66.32,66.28,66.31,4941.0,66.304,37
2024-09-20 13:45:00-04:00,66.3,66.31,66.29,66.29,2324.0,66.298,18
2024-09-20 13:50:00-04:00,66.29,66.29,66.24,66.26,4273.0,66.265,37
2024-09-20 13:55:00-04:00,66.26,66.3,66.25,66.3,1611.0,66.275,14
2024-09-20 14:00:00-04:00,66.29,66.31,66.25,66.25,3177.0,66.281,23
2024-09-20 14:05:00-04:00,66.26,66.26,66.17,66.2,10543.0,66.205,28
2024-09-20 14:10:00-04:00,66.2,66.24,66.15,66.21,8738.0,66.197,69
2024-09-20 14:15:00-04:00,66.21,66.22,66.19,66.2,1714.0,66.205,16
2024-09-20 14:20:00-04:00,66.2,66.2,66.14,66.16,4892.0,66.16,44
2024-09-20 14:25:00-04:00,66.16,66.18,66.14,66.16,2442.0,66.161,22
2024-09-20 14:30:00-04:00,66.16,66.16,66.13,66.15,3530.0,66.147,30
2024-09-20 14:35:00-04:00,66.14,66.14,66.09,66.11,2436.0,66.117,20
2024-09-20 14:40:00-04:00,66.11,66.15,66.1,66.15,3037.0,66.118,25
2024-09-20 14:45:00-04:00,66.15,66.17,66.12,66.13,3680.0,66.145,29
2024-09-20 14:50:00-04:00,66.15,66.16,66.13,66.15,3971.0,66.149,33
2024-09-20 14:55:00-04:00,66.15,66.16,66.11,66.11,5562.0,66.136,50
2024-09-20 15:00:00-04:00,66.11,66.11,66.0,66.01,11973.0,66.04,71
2024-09-20 15:05:00-04:00,66.02,66.03,66.0,66.02,17830.0,66.013,113
2024-09-20 15:10:00-04:00,66.02,66.02,65.91,65.93,10910.0,65.964,77
2024-09-20 15:15:00-04:00,65.95,65.96,65.94,65.94,5370.0,65.954,37
2024-09-20 15:20:00-04:00,65.95,66.01,65.93,65.99,10972.0,65.986,56
2024-09-20 15:25:00-04:00,66.01,66.03,65.98,65.98,24561.0,66.009,124
2024-09-20 15:30:00-04:00,65.98,65.99,65.95,65.97,12490.0,65.974,98
2024-09-20 15:35:00-04:00,65.97,66.23,65.95,66.2,41811.0,66.074,271
2024-09-20 15:40:00-04:00,66.18,66.43,66.18,66.42,14721.0,66.304,109
2024-09-20 15:45:00-04:00,66.44,66.44,66.22,66.25,14442.0,66.322,109
2024-09-20 15:50:00-04:00,66.25,66.3,66.13,66.14,41089.0,66.199,293
2024-09-20 15:55:00-04:00,66.15,66.31,66.14,66.29,95325.0,66.239,550
2024-09-23 09:30:00-04:00,66.49,66.77,66.35,66.67,22209.0,66.514,51
2024-09-23 09:35:00-04:00,66.66,66.66,66.5,66.58,3463.0,66.592,29
2024-09-23 09:40:00-04:00,66.56,66.65,66.48,66.51,5333.0,66.568,36
2024-09-23 09:45:00-04:00,66.46,66.53,66.21,66.21,19843.0,66.338,104
2024-09-23 09:50:00-04:00,66.22,66.29,66.15,66.24,21494.0,66.211,107
2024-09-23 09:55:00-04:00,66.28,66.37,66.28,66.3,5505.0,66.314,45
2024-09-23 10:00:00-04:00,66.31,66.37,66.27,66.32,5449.0,66.317,41
2024-09-23 10:05:00-04:00,66.31,66.37,66.29,66.31,4474.0,66.324,36
2024-09-23 10:10:00-04:00,66.33,66.36,66.15,66.16,30419.0,66.254,74
2024-09-23 10:15:00-04:00,66.16,66.17,66.12,66.15,4879.0,66.147,39
2024-09-23 10:20:00-04:00,66.15,66.24,66.15,66.2,4372.0,66.196,38
2024-09-23 10:25:00-04:00,66.16,66.19,66.07,66.12,6532.0,66.106,59
2024-09-23 10:30:00-04:00,66.1,66.15,66.09,66.11,4874.0,66.117,41
2024-09-23 10:35:00-04:00,66.11,66.11,66.02,66.02,3037.0,66.073,26
2024-09-23 10:40:00-04:00,66.05,66.16,66.04,66.13,5381.0,66.102,45
2024-09-23 10:45:00-04:00,66.14,66.2,66.12,66.13,4528.0,66.147,40
2024-09-23 10:50:00-04:00,66.13,66.27,66.12,66.25,10488.0,66.191,64
2024-09-23 10:55:00-04:00,66.25,66.33,66.23,66.32,5231.0,66.273,39
2024-09-23 11:00:00-04:00,66.34,66.35,66.27,66.35,8402.0,66.316,54
2024-09-23 11:05:00-04:00,66.35,66.35,66.23,66.26,6194.0,66.281,53
2024-09-23 11:10:00-04:00,66.29,66.3,66.24,66.28,2475.0,66.279,22
2024-09-23 11:15:00-04:00,66.27,66.31,66.27,66.3,3497.0,66.283,33
2024-09-23 11:20:00-04:00,66.3,66.45,66.3,66.44,15353.0,66.411,80
2024-09-23 11:25:00-04:00,66.46,66.56,66.45,66.56,3746.0,66.5,34
2024-09-23 11:30:00-04:00,66.55,66.59,66.54,66.58,10850.0,66.572,88
2024-09-23 11:35:00-04:00,66.6,66.65,66.59,66.65,3405.0,66.608,30
2024-09-23 11:40:00-04:00,66.68,66.68,66.64,66.68,8423.0,66.653,73
2024-09-23 11:45:00-04:00,66.68,66.74,66.68,66.73,3394.0,66.699,26
2024-09-23 11:50:00-04:00,66.73,66.75,66.71,66.75,5933.0,66.729,48
2024-09-23 11:55:00-04:00,66.73,66.75,66.63,66.64,17827.0,66.7,150
2024-09-23 12:00:00-04:00,66.64,66.75,66.63,66.75,5202.0,66.669,43
2024-09-23 12:05:00-04:00,66.76,66.85,66.75,66.84,4018.0,66.797,32
2024-09-23 12:10:00-04:00,66.84,66.84,66.75,66.81,8868.0,66.786,60
2024-09-23 12:15:00-04:00,66.81,66.96,66.77,66.96,27637.0,66.799,49
2024-09-23 12:20:00-04:00,66.95,67.02,66.95,67.02,3500.0,66.986,29
2024-09-23 12:25:00-04:00,67.01,67.06,67.01,67.06,3741.0,67.022,29
2024-09-23 12:30:00-04:00,67.05,67.13,67.05,67.11,11083.0,67.087,89
2024-09-23 12:35:00-04:00,67.11,67.13,67.1,67.11,8232.0,67.109,67
2024-09-23 12:40:00-04:00,67.11,67.15,67.09,67.09,6595.0,67.117,51
2024-09-23 12:45:00-04:00,67.08,67.13,67.06,67.13,7388.0,67.091,59
2024-09-23 12:50:00-04:00,67.12,67.12,67.04,67.06,4154.0,67.07,37
2024-09-23 12:55:00-04:00,67.05,67.05,66.97,67.0,4578.0,67.003,36
2024-09-23 13:00:00-04:00,67.02,67.03,66.99,66.99,5906.0,67.017,35
2024-09-23 13:05:00-04:00,66.99,67.06,66.99,67.06,4273.0,67.005,26
2024-09-23 13:10:00-04:00,67.07,67.1,67.07,67.07,3048.0,67.083,24
2024-09-23 13:15:00-04:00,67.07,67.09,67.07,67.08,3012.0,67.076,28
2024-09-23 13:20:00-04:00,67.08,67.1,67.05,67.06,5702.0,67.064,49
2024-09-23 13:25:00-04:00,67.06,67.07,67.04,67.06,3643.0,67.059,29
2024-09-23 13:30:00-04:00,67.06,67.1,67.06,67.1,2772.0,67.083,19
2024-09-23 13:35:00-04:00,67.09,67.09,67.05,67.06,1775.0,67.062,17
2024-09-23 13:40:00-04:00,67.07,67.16,67.07,67.13,5162.0,67.111,44
2024-09-23 13:45:00-04:00,67.14,67.17,67.13,67.17,3480.0,67.154,30
2024-09-23 13:50:00-04:00,67.17,67.19,67.12,67.12,7215.0,67.138,64
2024-09-23 13:55:00-04:00,67.13,67.13,67.08,67.09,3654.0,67.097,29
2024-09-23 14:00:00-04:00,67.06,67.06,66.93,66.94,3205.0,67.009,26
2024-09-23 14:05:00-04:00,66.93,66.99,66.9,66.98,4585.0,66.942,36
2024-09-23 14:10:00-04:00,66.98,66.98,66.94,66.95,1200.0,66.963,12
2024-09-23 14:15:00-04:00,66.95,66.96,66.9,66.93,4568.0,66.938,34
2024-09-23 14:20:00-04:00,66.94,66.95,66.9,66.9,3654.0,66.923,33
2024-09-23 14:25:00-04:00,66.9,66.9,66.85,66.89,3474.0,66.875,28
2024-09-23 14:30:00-04:00,66.89,66.92,66.89,66.91,3712.0,66.904,35
2024-09-23 14:35:00-04:00,66.91,66.92,66.9,66.91,1000.0,66.909,10
2024-09-23 14:40:00-04:00,66.9,66.94,66.9,66.93,5474.0,66.923,47
2024-09-23 14:45:00-04:00,66.94,67.05,66.93,67.05,9765.0,66.976,73
2024-09-23 14:50:00-04:00,67.04,67.06,66.97,66.98,6518.0,67.03,60
2024-09-23 14:55:00-04:00,66.98,66.99,66.93,66.99,8772.0,66.968,62
2024-09-23 15:00:00-04:00,66.97,66.98,66.85,66.91,10021.0,66.895,65
2024-09-23 15:05:00-04:00,66.91,66.94,66.9,66.92,6981.0,66.918,53
2024-09-23 15:10:00-04:00,66.92,66.94,66.91,66.91,8535.0,66.925,56
2024-09-23 15:15:00-04:00,66.92,66.94,66.9,66.91,11479.0,66.916,76
2024-09-23 15:20:00-04:00,66.91,66.96,66.88,66.96,14643.0,66.905,107
2024-09-23 15:25:00-04:00,66.95,67.03,66.93,67.03,5749.0,66.975,45
2024-09-23 15:30:00-04:00,67.03,67.03,66.97,67.01,7776.0,66.995,58
2024-09-23 15:35:00-04:00,67.01,67.07,67.01,67.06,9632.0,67.029,86
2024-09-23 15:40:00-04:00,67.06,67.11,67.04,67.08,14512.0,67.073,107
2024-09-23 15:45:00-04:00,67.08,67.1,67.05,67.1,23072.0,67.071,159
2024-09-23 15:50:00-04:00,67.09,67.14,67.05,67.13,31694.0,67.086,215
2024-09-23 15:55:00-04:00,67.13,67.28,67.12,67.24,110498.0,67.228,657
2024-09-24 09:30:00-04:00,66.97,67.41,66.97,67.33,14647.0,66.997,10
2024-09-24 09:35:00-04:00,67.24,67.24,67.12,67.13,4252.0,67.16,41
2024-09-24 09:40:00-04:00,67.14,67.23,67.02,67.22,6583.0,67.102,49
2024-09-24 09:45:00-04:00,67.21,67.28,67.17,67.26,2070.0,67.231,20
2024-09-24 09:50:00-04:00,67.28,67.29,67.06,67.25,6703.0,67.178,60
2024-09-24 09:55:00-04:00,67.25,67.31,67.22,67.24,3878.0,67.256,36
2024-09-24 10:00:00-04:00,67.31,67.4,67.21,67.26,8878.0,67.317,78
2024-09-24 10:05:00-04:00,67.25,67.39,67.25,67.34,2631.0,67.334,25
2024-09-24 10:10:00-04:00,67.42,67.46,67.27,67.27,7422.0,67.352,59
2024-09-24 10:15:00-04:00,67.31,67.32,67.23,67.27,9865.0,67.278,38
2024-09-24 10:20:00-04:00,67.29,67.35,67.25,67.28,4247.0,67.308,38
2024-09-24 10:25:00-04:00,67.31,67.36,67.28,67.33,5958.0,67.33,35
2024-09-24 10:30:00-04:00,67.33,67.37,67.31,67.32,7658.0,67.345,63
2024-09-24 10:35:00-04:00,67.31,67.35,67.26,67.26,5989.0,67.29,48
2024-09-24 10:40:00-04:00,67.26,67.31,67.26,67.3,3611.0,67.287,31
2024-09-24 10:45:00-04:00,67.31,67.37,67.3,67.37,6244.0,67.335,58
2024-09-24 10:50:00-04:00,67.39,67.39,67.32,67.39,5369.0,67.362,45
2024-09-24 10:55:00-04:00,67.39,67.45,67.39,67.42,15414.0,67.407,88
2024-09-24 11:00:00-04:00,67.44,67.44,67.25,67.26,7416.0,67.324,64
2024-09-24 11:05:00-04:00,67.26,67.27,67.2,67.25,7086.0,67.242,57
2024-09-24 11:10:00-04:00,67.25,67.32,67.25,67.28,3022.0,67.293,28
2024-09-24 11:15:00-04:00,67.25,67.28,67.23,67.25,5080.0,67.257,43
2024-09-24 11:20:00-04:00,67.23,67.27,67.23,67.26,2474.0,67.249,24
2024-09-24 11:25:00-04:00,67.26,67.29,67.25,67.29,2567.0,67.267,24
2024-09-24 11:30:00-04:00,67.32,67.32,67.28,67.3,1701.0,67.3,13
2024-09-24 11:35:00-04:00,67.3,67.31,67.27,67.28,3564.0,67.286,32
2024-09-24 11:40:00-04:00,67.28,67.33,67.25,67.26,7071.0,67.279,66
2024-09-24 11:45:00-04:00,67.26,67.26,67.18,67.2,11835.0,67.237,55
2024-09-24 11:50:00-04:00,67.2,67.27,67.18,67.27,4122.0,67.229,30
2024-09-24 11:55:00-04:00,67.25,67.3,67.25,67.3,4536.0,67.266,25
2024-09-24 12:00:00-04:00,67.31,67.31,67.2,67.24,2945.0,67.262,26
2024-09-24 12:05:00-04:00,67.22,67.26,67.2,67.23,2251.0,67.233,20
2024-09-24 12:10:00-04:00,67.22,67.25,67.15,67.15,3994.0,67.189,30
2024-09-24 12:15:00-04:00,67.16,67.18,67.15,67.17,2684.0,67.163,17
2024-09-24 12:20:00-04:00,67.16,67.21,67.16,67.2,1968.0,67.176,16
2024-09-24 12:25:00-04:00,67.2,67.2,67.13,67.15,2613.0,67.179,26
2024-09-24 12:30:00-04:00,67.17,67.19,67.12,67.13,3795.0,67.152,31
2024-09-24 12:35:00-04:00,67.15,67.16,67.13,67.16,1951.0,67.146,18
2024-09-24 12:40:00-04:00,67.15,67.18,67.14,67.14,4058.0,67.164,25
2024-09-24 12:45:00-04:00,67.14,67.17,67.12,67.17,2308.0,67.142,22
2024-09-24 12:50:00-04:00,67.17,67.2,67.17,67.18,2718.0,67.187,21
2024-09-24 12:55:00-04:00,67.18,67.18,67.13,67.14,1816.0,67.15,18
2024-09-24 13:00:00-04:00,67.14,67.15,67.1,67.12,1472.0,67.13,13
2024-09-24 13:05:00-04:00,67.09,67.11,67.07,67.08,1103.0,67.092,10
2024-09-24 13:10:00-04:00,67.07,67.13,67.07,67.13,2458.0,67.109,24
2024-09-24 13:15:00-04:00,67.14,67.14,67.08,67.08,1632.0,67.106,16
2024-09-24 13:20:00-04:00,67.1,67.12,67.07,67.07,1996.0,67.099,19
2024-09-24 13:25:00-04:00,67.07,67.09,67.04,67.05,2726.0,67.061,26
2024-09-24 13:30:00-04:00,67.05,67.08,67.05,67.08,2040.0,67.064,19
2024-09-24 13:35:00-04:00,67.07,67.07,67.03,67.03,2060.0,67.055,19
2024-09-24 13:40:00-04:00,67.04,67.08,67.03,67.08,2830.0,67.048,26
2024-09-24 13:45:00-04:00,67.07,67.08,67.05,67.05,2348.0,67.066,21
2024-09-24 13:50:00-04:00,67.05,67.05,66.99,67.03,3669.0,67.025,33
2024-09-24 13:55:00-04:00,67.03,67.04,67.0,67.01,3673.0,67.022,31
2024-09-24 14:00:00-04:00,67.01,67.06,67.01,67.04,5776.0,67.033,39
2024-09-24 14:05:00-04:00,67.06,67.07,67.03,67.04,4462.0,67.054,33
2024-09-24 14:10:00-04:00,67.05,67.08,67.03,67.08,6023.0,67.067,35
2024-09-24 14:15:00-04:00,67.08,67.08,67.03,67.08,2985.0,67.055,24
2024-09-24 14:20:00-04:00,67.08,67.08,67.04,67.06,4565.0,67.058,35
2024-09-24 14:25:00-04:00,67.07,67.08,67.06,67.06,3549.0,67.072,28
2024-09-24 14:30:00-04:00,67.06,67.06,66.99,67.04,4731.0,67.031,45
2024-09-24 14:35:00-04:00,67.05,67.07,67.04,67.06,4135.0,67.052,37
2024-09-24 14:40:00-04:00,67.06,67.1,67.05,67.09,3609.0,67.069,35
2024-09-24 14:45:00-04:00,67.09,67.1,67.07,67.09,3447.0,67.085,32
2024-09-24 14:50:00-04:00,67.09,67.14,67.09,67.1,5125.0,67.107,43
2024-09-24 14:55:00-04:00,67.1,67.12,67.09,67.1,4706.0,67.107,42
2024-09-24 15:00:00-04:00,67.1,67.2,67.1,67.2,5162.0,67.142,46
2024-09-24 15:05:00-04:00,67.2,67.21,67.19,67.19,3853.0,67.199,34
2024-09-24 15:10:00-04:00,67.21,67.22,67.18,67.2,6663.0,67.205,39
2024-09-24 15:15:00-04:00,67.2,67.2,67.17,67.18,4972.0,67.188,42
2024-09-24 15:20:00-04:00,67.18,67.23,67.17,67.2,6627.0,67.199,55
2024-09-24 15:25:00-04:00,67.2,67.27,67.18,67.21,9006.0,67.217,83
2024-09-24 15:30:00-04:00,67.2,67.21,67.17,67.2,8543.0,67.195,54
2024-09-24 15:35:00-04:00,67.19,67.22,67.11,67.11,16192.0,67.163,91
2024-09-24 15:40:00-04:00,67.13,67.17,67.11,67.16,9251.0,67.132,59
2024-09-24 15:45:00-04:00,67.17,67.17,67.12,67.12,16473.0,67.145,134
2024-09-24 15:50:00-04:00,67.13,67.14,67.09,67.13,16511.0,67.116,123
2024-09-24 15:55:00-04:00,67.13,67.16,67.05,67.13,62270.0,67.103,435
2024-09-25 09:30:00-04:00,67.25,67.39,66.87,67.39,27713.0,67.224,38
2024-09-25 09:35:00-04:00,67.28,67.39,67.14,67.37,3067.0,67.33,26
2024-09-25 09:40:00-04:00,67.36,67.36,67.1,67.16,1500.0,67.212,15
2024-09-25 09:45:00-04:00,67.17,67.21,67.08,67.08,2700.0,67.139,23
2024-09-25 09:50:00-04:00,67.05,67.09,66.96,67.02,4546.0,67.044,41
2024-09-25 09:55:00-04:00,67.01,67.01,66.88,66.98,3826.0,66.95,37
2024-09-25 10:00:00-04:00,67.01,67.1,66.98,67.03,18636.0,67.045,89
2024-09-25 10:05:00-04:00,67.02,67.11,66.99,67.1,4836.0,67.046,41
2024-09-25 10:10:00-04:00,67.09,67.12,66.98,67.02,5655.0,67.059,48
2024-09-25 10:15:00-04:00,67.04,67.05,66.92,66.96,2960.0,67.001,24
2024-09-25 10:20:00-04:00,66.95,66.98,66.89,66.94,2572.0,66.946,24
2024-09-25 10:25:00-04:00,66.95,67.01,66.9,66.9,4083.0,66.943,36
2024-09-25 10:30:00-04:00,66.94,66.98,66.92,66.97,2127.0,66.956,16
2024-09-25 10:35:00-04:00,66.98,67.02,66.96,66.97,5329.0,66.993,38
2024-09-25 10:40:00-04:00,66.96,66.99,66.9,66.94,6231.0,66.969,24
2024-09-25 10:45:00-04:00,66.93,67.01,66.92,66.97,3908.0,66.956,36
2024-09-25 10:50:00-04:00,66.97,67.0,66.9,67.0,2603.0,66.944,22
2024-09-25 10:55:00-04:00,67.02,67.05,67.01,67.02,3389.0,67.029,23
2024-09-25 11:00:00-04:00,67.04,67.08,67.01,67.01,5880.0,67.052,46
2024-09-25 11:05:00-04:00,67.0,67.01,66.97,66.98,1279.0,66.99,12
2024-09-25 11:10:00-04:00,66.97,67.02,66.96,66.96,5384.0,66.991,41
2024-09-25 11:15:00-04:00,66.97,67.01,66.95,66.99,4780.0,66.97,41
2024-09-25 11:20:00-04:00,66.98,67.02,66.97,67.02,2822.0,67.001,23
2024-09-25 11:25:00-04:00,67.01,67.04,67.0,67.03,3647.0,67.021,26
2024-09-25 11:30:00-04:00,67.03,67.1,67.02,67.07,4234.0,67.067,40
2024-09-25 11:35:00-04:00,67.07,67.09,67.06,67.09,3732.0,67.075,35
2024-09-25 11:40:00-04:00,67.09,67.1,67.07,67.08,4765.0,67.091,44
2024-09-25 11:45:00-04:00,67.09,67.12,67.05,67.06,9138.0,67.073,47
2024-09-25 11:50:00-04:00,67.05,67.06,66.94,67.02,7642.0,66.985,63
2024-09-25 11:55:00-04:00,67.04,67.06,67.04,67.04,2970.0,67.047,28
2024-09-25 12:00:00-04:00,67.04,67.08,67.03,67.04,3269.0,67.06,25
2024-09-25 12:05:00-04:00,67.04,67.08,67.03,67.05,3930.0,67.057,30
2024-09-25 12:10:00-04:00,67.05,67.06,67.01,67.01,2738.0,67.038,21
2024-09-25 12:15:00-04:00,67.02,67.02,66.99,67.0,5453.0,67.002,19
2024-09-25 12:20:00-04:00,67.01,67.01,66.91,66.94,3463.0,66.961,32
2024-09-25 12:25:00-04:00,66.94,66.96,66.93,66.95,1200.0,66.945,12
2024-09-25 12:30:00-04:00,66.94,66.96,66.93,66.96,3115.0,66.946,30
2024-09-25 12:35:00-04:00,66.95,66.95,66.84,66.84,2562.0,66.899,22
2024-09-25 12:40:00-04:00,66.83,66.86,66.82,66.82,3054.0,66.845,29
2024-09-25 12:45:00-04:00,66.83,66.85,66.8,66.81,2120.0,66.826,21
2024-09-25 12:50:00-04:00,66.83,66.87,66.83,66.87,3660.0,66.852,34
2024-09-25 12:55:00-04:00,66.87,66.87,66.83,66.84,2497.0,66.85,24
2024-09-25 13:00:00-04:00,66.86,66.86,66.77,66.85,2659.0,66.822,26
2024-09-25 13:05:00-04:00,66.85,66.86,66.81,66.82,2846.0,66.84,25
2024-09-25 13:10:00-04:00,66.82,66.84,66.75,66.82,4088.0,66.788,32
2024-09-25 13:15:00-04:00,66.81,66.83,66.8,66.82,1924.0,66.818,19
2024-09-25 13:20:00-04:00,66.82,66.85,66.8,66.81,2411.0,66.817,19
2024-09-25 13:25:00-04:00,66.8,66.81,66.76,66.78,971.0,66.779,9
2024-09-25 13:30:00-04:00,66.77,66.77,66.72,66.72,2264.0,66.752,20
2024-09-25 13:35:00-04:00,66.72,66.74,66.64,66.72,4726.0,66.708,40
2024-09-25 13:40:00-04:00,66.71,66.72,66.68,66.7,1420.0,66.702,12
2024-09-25 13:45:00-04:00,66.7,66.72,66.67,66.71,4206.0,66.688,35
2024-09-25 13:50:00-04:00,66.71,66.74,66.69,66.74,3668.0,66.723,33
2024-09-25 13:55:00-04:00,66.74,66.74,66.7,66.71,3423.0,66.713,27
2024-09-25 14:00:00-04:00,66.71,66.71,66.66,66.7,3839.0,66.694,34
2024-09-25 14:05:00-04:00,66.7,66.74,66.69,66.73,7213.0,66.699,27
2024-09-25 14:10:00-04:00,66.74,66.76,66.72,66.75,5057.0,66.747,39
2024-09-25 14:15:00-04:00,66.73,66.76,66.71,66.75,2712.0,66.746,23
2024-09-25 14:20:00-04:00,66.74,66.75,66.72,66.75,1728.0,66.733,16
2024-09-25 14:25:00-04:00,66.76,66.78,66.75,66.76,3454.0,66.765,29
2024-09-25 14:30:00-04:00,66.77,66.82,66.76,66.82,2345.0,66.781,19
2024-09-25 14:35:00-04:00,66.84,66.87,66.82,66.84,3164.0,66.847,26
2024-09-25 14:40:00-04:00,66.85,66.89,66.84,66.87,3798.0,66.858,34
2024-09-25 14:45:00-04:00,66.85,66.86,66.73,66.73,8684.0,66.811,56
2024-09-25 14:50:00-04:00,66.74,66.74,66.71,66.73,8270.0,66.733,66
2024-09-25 14:55:00-04:00,66.73,66.74,66.64,66.65,7579.0,66.69,53
2024-09-25 15:00:00-04:00,66.65,66.65,66.58,66.62,9725.0,66.614,60
2024-09-25 15:05:00-04:00,66.62,66.64,66.56,66.58,7002.0,66.609,35
2024-09-25 15:10:00-04:00,66.58,66.6,66.55,66.55,6386.0,66.575,56
2024-09-25 15:15:00-04:00,66.55,66.55,66.5,66.52,11197.0,66.529,82
2024-09-25 15:20:00-04:00,66.53,66.53,66.49,66.5,7187.0,66.506,65
2024-09-25 15:25:00-04:00,66.49,66.54,66.47,66.51,14100.0,66.505,52
2024-09-25 15:30:00-04:00,66.5,66.5,66.39,66.41,10904.0,66.438,90
2024-09-25 15:35:00-04:00,66.4,66.41,66.29,66.3,14255.0,66.356,114
2024-09-25 15:40:00-04:00,66.29,66.29,66.26,66.28,10111.0,66.279,63
2024-09-25 15:45:00-04:00,66.28,66.31,66.24,66.28,21150.0,66.274,164
2024-09-25 15:50:00-04:00,66.29,66.34,66.27,66.33,21381.0,66.304,155
2024-09-25 15:55:00-04:00,66.34,66.44,66.33,66.43,59176.0,66.405,362
2024-09-26 09:30:00-04:00,67.12,67.38,66.79,66.79,19464.0,67.121,40
2024-09-26 09:35:00-04:00,66.9,66.94,66.85,66.89,2986.0,66.901,21
2024-09-26 09:40:00-04:00,66.95,67.09,66.91,67.08,8267.0,67.005,70
2024-09-26 09:45:00-04:00,67.11,67.15,66.98,67.12,4067.0,67.095,36
2024-09-26 09:50:00-04:00,67.11,67.18,66.97,67.05,11841.0,67.13,45
2024-09-26 09:55:00-04:00,67.03,67.04,66.99,67.01,1364.0,67.024,13
2024-09-26 10:00:00-04:00,67.02,67.15,66.79,66.8,9424.0,66.962,64
2024-09-26 10:05:00-04:00,66.8,66.8,66.67,66.72,4171.0,66.721,40
2024-09-26 10:10:00-04:00,66.72,66.97,66.72,66.97,3681.0,66.914,14
2024-09-26 10:15:00-04:00,66.97,66.99,66.82,66.83,16602.0,66.915,51
2024-09-26 10:20:00-04:00,66.78,66.86,66.74,66.75,3458.0,66.795,28
2024-09-26 10:25:00-04:00,66.74,66.78,66.59,66.66,12179.0,66.69,89
2024-09-26 10:30:00-04:00,66.69,66.86,66.67,66.83,5821.0,66.779,40
2024-09-26 10:35:00-04:00,66.83,66.89,66.81,66.88,4584.0,66.85,39
2024-09-26 10:40:00-04:00,66.88,66.89,66.82,66.87,3966.0,66.86,36
2024-09-26 10:45:00-04:00,66.93,67.03,66.92,67.03,3847.0,66.949,22
2024-09-26 10:50:00-04:00,67.03,67.11,67.0,67.07,4548.0,67.059,44
2024-09-26 10:55:00-04:00,67.05,67.07,66.97,66.99,3131.0,67.0,31
2024-09-26 11:00:00-04:00,66.98,67.09,66.98,67.03,2577.0,67.043,21
2024-09-26 11:05:00-04:00,67.02,67.03,66.97,66.99,6052.0,67.001,22
2024-09-26 11:10:00-04:00,66.99,67.08,66.99,67.08,2686.0,67.023,22
2024-09-26 11:15:00-04:00,67.08,67.19,67.08,67.15,13129.0,67.154,100
2024-09-26 11:20:00-04:00,67.15,67.17,67.12,67.17,3435.0,67.141,20
2024-09-26 11:25:00-04:00,67.18,67.19,67.09,67.09,8015.0,67.122,39
2024-09-26 11:30:00-04:00,67.08,67.13,67.08,67.13,1988.0,67.115,16
2024-09-26 11:35:00-04:00,67.12,67.16,67.07,67.15,3730.0,67.112,27
2024-09-26 11:40:00-04:00,67.15,67.23,67.15,67.23,2851.0,67.183,25
2024-09-26 11:45:00-04:00,67.23,67.24,67.22,67.22,1800.0,67.225,18
2024-09-26 11:50:00-04:00,67.2,67.26,67.18,67.24,1415.0,67.201,12
2024-09-26 11:55:00-04:00,67.25,67.28,67.24,67.24,1815.0,67.261,18
2024-09-26 12:00:00-04:00,67.23,67.24,67.14,67.2,3212.0,67.209,28
2024-09-26 12:05:00-04:00,67.2,67.24,67.2,67.22,1896.0,67.22,18
2024-09-26 12:10:00-04:00,67.24,67.3,67.24,67.28,2498.0,67.274,20
2024-09-26 12:15:00-04:00,67.29,67.3,67.26,67.3,3432.0,67.279,30
2024-09-26 12:20:00-04:00,67.3,67.3,67.1,67.15,27234.0,67.189,82
2024-09-26 12:25:00-04:00,67.13,67.15,67.04,67.07,7190.0,67.088,44
2024-09-26 12:30:00-04:00,67.06,67.15,67.06,67.09,4984.0,67.098,37
2024-09-26 12:35:00-04:00,67.13,67.16,67.11,67.16,1528.0,67.129,15
2024-09-26 12:40:00-04:00,67.15,67.2,67.15,67.17,2350.0,67.172,20
2024-09-26 12:45:00-04:00,67.17,67.19,67.16,67.19,2631.0,67.182,26
2024-09-26 12:50:00-04:00,67.2,67.2,67.14,67.15,2580.0,67.175,24
2024-09-26 12:55:00-04:00,67.15,67.17,67.13,67.14,3058.0,67.153,29
2024-09-26 13:00:00-04:00,67.15,67.18,67.13,67.16,3295.0,67.156,31
2024-09-26 13:05:00-04:00,67.16,67.23,67.12,67.23,41128.0,67.188,56
2024-09-26 13:10:00-04:00,67.22,67.22,67.14,67.16,4397.0,67.171,28
2024-09-26 13:15:00-04:00,67.15,67.15,67.07,67.09,14086.0,67.1,71
2024-09-26 13:20:00-04:00,67.09,67.15,67.04,67.05,18190.0,67.088,123
2024-09-26 13:25:00-04:00,67.05,67.07,67.0,67.04,27217.0,67.042,127
2024-09-26 13:30:00-04:00,67.03,67.13,67.03,67.12,6584.0,67.093,46
2024-09-26 13:35:00-04:00,67.11,67.15,67.08,67.15,10160.0,67.108,83
2024-09-26 13:40:00-04:00,67.13,67.14,67.09,67.14,15748.0,67.115,126
2024-09-26 13:45:00-04:00,67.14,67.15,67.12,67.13,9720.0,67.135,76
2024-09-26 13:50:00-04:00,67.13,67.18,67.08,67.1,10906.0,67.142,75
2024-09-26 13:55:00-04:00,67.11,67.15,67.09,67.14,10088.0,67.117,62
2024-09-26 14:00:00-04:00,67.12,67.12,67.02,67.03,6754.0,67.065,50
2024-09-26 14:05:00-04:00,67.03,67.05,66.97,67.0,4935.0,67.009,34
2024-09-26 14:10:00-04:00,67.01,67.03,66.99,67.02,4269.0,67.011,31
2024-09-26 14:15:00-04:00,67.03,67.04,66.98,66.99,2630.0,67.016,22
2024-09-26 14:20:00-04:00,66.99,67.01,66.94,66.95,2155.0,66.972,18
2024-09-26 14:25:00-04:00,66.95,66.95,66.88,66.89,3889.0,66.919,32
2024-09-26 14:30:00-04:00,66.88,66.89,66.85,66.88,2023.0,66.875,13
2024-09-26 14:35:00-04:00,66.9,66.94,66.87,66.89,4419.0,66.898,36
2024-09-26 14:40:00-04:00,66.87,66.88,66.85,66.86,1801.0,66.867,16
2024-09-26 14:45:00-04:00,66.86,66.94,66.85,66.94,2158.0,66.911,20
2024-09-26 14:50:00-04:00,66.94,67.0,66.91,66.97,2865.0,66.952,23
2024-09-26 14:55:00-04:00,66.97,66.97,66.94,66.95,3291.0,66.961,25
2024-09-26 15:00:00-04:00,66.95,67.01,66.94,66.98,7896.0,66.993,56
2024-09-26 15:05:00-04:00,66.98,67.01,66.96,66.98,7213.0,66.982,48
2024-09-26 15:10:00-04:00,66.99,67.02,66.97,66.99,9702.0,66.995,62
2024-09-26 15:15:00-04:00,66.98,66.98,66.9,66.9,8243.0,66.943,53
2024-09-26 15:20:00-04:00,66.9,66.91,66.87,66.88,10925.0,66.888,69
2024-09-26 15:25:00-04:00,66.87,66.89,66.83,66.88,6413.0,66.862,50
2024-09-26 15:30:00-04:00,66.88,66.88,66.79,66.82,16940.0,66.828,104
2024-09-26 15:35:00-04:00,66.82,66.87,66.81,66.86,9918.0,66.841,69
2024-09-26 15:40:00-04:00,66.86,66.89,66.85,66.88,9365.0,66.867,70
2024-09-26 15:45:00-04:00,66.88,66.91,66.85,66.9,12284.0,66.879,99
2024-09-26 15:50:00-04:00,66.9,67.01,66.89,66.99,41262.0,66.936,192
2024-09-26 15:55:00-04:00,67.0,67.04,66.96,66.98,104328.0,67.002,575
2024-09-27 09:30:00-04:00,67.0,67.23,66.84,67.23,14674.0,67.105,27
2024-09-27 09:35:00-04:00,67.3,67.32,67.24,67.27,6966.0,67.288,35
2024-09-27 09:40:00-04:00,67.27,67.27,67.15,67.16,5835.0,67.195,42
2024-09-27 09:45:00-04:00,67.15,67.15,66.98,66.99,14827.0,67.018,72
2024-09-27 09:50:00-04:00,66.97,67.16,66.93,67.16,13869.0,66.998,58
2024-09-27 09:55:00-04:00,67.18,67.3,67.15,67.19,16584.0,67.278,48
2024-09-27 10:00:00-04:00,67.2,67.34,67.09,67.34,17559.0,67.264,83
2024-09-27 10:05:00-04:00,67.35,67.38,67.29,67.38,3814.0,67.346,31
2024-09-27 10:10:00-04:00,67.38,67.45,67.32,67.43,9731.0,67.394,49
2024-09-27 10:15:00-04:00,67.43,67.52,67.42,67.52,14142.0,67.465,73
2024-09-27 10:20:00-04:00,67.58,67.71,67.57,67.71,3820.0,67.622,25
2024-09-27 10:25:00-04:00,67.77,67.78,67.74,67.78,2716.0,67.753,11
2024-09-27 10:30:00-04:00,67.76,67.81,67.76,67.81,2226.0,67.791,20
2024-09-27 10:35:00-04:00,67.83,67.87,67.81,67.82,5237.0,67.843,45
2024-09-27 10:40:00-04:00,67.82,67.82,67.74,67.77,2962.0,67.782,27
2024-09-27 10:45:00-04:00,67.76,67.8,67.71,67.72,3002.0,67.76,28
2024-09-27 10:50:00-04:00,67.7,67.75,67.66,67.66,3885.0,67.719,28
2024-09-27 10:55:00-04:00,67.62,67.62,67.54,67.56,3111.0,67.577,28
2024-09-27 11:00:00-04:00,67.56,67.61,67.56,67.56,3640.0,67.589,21
2024-09-27 11:05:00-04:00,67.61,67.65,67.6,67.62,2452.0,67.623,21
2024-09-27 11:10:00-04:00,67.62,67.66,67.6,67.66,3715.0,67.627,34
2024-09-27 11:15:00-04:00,67.66,67.68,67.63,67.67,3928.0,67.651,26
2024-09-27 11:20:00-04:00,67.65,67.73,67.64,67.71,6337.0,67.694,43
2024-09-27 11:25:00-04:00,67.71,67.72,67.66,67.67,4023.0,67.688,22
2024-09-27 11:30:00-04:00,67.67,67.69,67.65,67.65,2412.0,67.673,22
2024-09-27 11:35:00-04:00,67.65,67.75,67.62,67.73,25909.0,67.64,84
2024-09-27 11:40:00-04:00,67.71,67.71,67.66,67.7,4389.0,67.691,30
2024-09-27 11:45:00-04:00,67.71,67.73,67.71,67.72,2049.0,67.72,19
2024-09-27 11:50:00-04:00,67.72,67.75,67.63,67.63,10541.0,67.724,49
2024-09-27 11:55:00-04:00,67.63,67.68,67.63,67.64,5972.0,67.652,44
2024-09-27 12:00:00-04:00,67.64,67.65,67.6,67.64,5480.0,67.621,39
2024-09-27 12:05:00-04:00,67.64,67.64,67.51,67.54,36525.0,67.624,54
2024-09-27 12:10:00-04:00,67.55,67.55,67.47,67.47,2085.0,67.515,18
2024-09-27 12:15:00-04:00,67.46,67.49,67.33,67.33,19003.0,67.427,71
2024-09-27 12:20:00-04:00,67.36,67.42,67.36,67.41,3157.0,67.378,24
2024-09-27 12:25:00-04:00,67.42,67.42,67.37,67.37,5686.0,67.382,30
2024-09-27 12:30:00-04:00,67.36,67.36,67.28,67.3,4446.0,67.316,28
2024-09-27 12:35:00-04:00,67.31,67.4,67.31,67.38,2424.0,67.35,16
2024-09-27 12:40:00-04:00,67.4,67.4,67.35,67.37,2051.0,67.372,17
2024-09-27 12:45:00-04:00,67.35,67.36,67.26,67.26,3120.0,67.332,31
2024-09-27 12:50:00-04:00,67.27,67.32,67.27,67.31,1749.0,67.295,13
2024-09-27 12:55:00-04:00,67.31,67.35,67.31,67.34,1271.0,67.329,11
2024-09-27 13:00:00-04:00,67.36,67.41,67.34,67.4,6690.0,67.372,43
2024-09-27 13:05:00-04:00,67.4,67.4,67.21,67.21,4234.0,67.336,38
2024-09-27 13:10:00-04:00,67.2,67.24,67.2,67.2,2716.0,67.219,19
2024-09-27 13:15:00-04:00,67.2,67.2,67.16,67.19,2524.0,67.178,23
2024-09-27 13:20:00-04:00,67.2,67.21,67.19,67.2,1266.0,67.203,9
2024-09-27 13:25:00-04:00,67.2,67.21,67.16,67.19,2986.0,67.178,26
2024-09-27 13:30:00-04:00,67.21,67.23,67.2,67.22,2924.0,67.211,26
2024-09-27 13:35:00-04:00,67.22,67.22,67.15,67.15,2010.0,67.19,18
2024-09-27 13:40:00-04:00,67.17,67.21,67.16,67.2,3255.0,67.185,27
2024-09-27 13:45:00-04:00,67.2,67.23,67.19,67.22,4774.0,67.218,15
2024-09-27 13:50:00-04:00,67.22,67.22,67.18,67.19,2728.0,67.198,23
2024-09-27 13:55:00-04:00,67.18,67.21,67.16,67.19,8436.0,67.189,68
2024-09-27 14:00:00-04:00,67.19,67.22,67.19,67.22,4875.0,67.204,25
2024-09-27 14:05:00-04:00,67.21,67.25,67.18,67.23,14190.0,67.209,78
2024-09-27 14:10:00-04:00,67.24,67.31,67.24,67.31,3188.0,67.267,19
2024-09-27 14:15:00-04:00,67.3,67.31,67.23,67.23,6449.0,67.27,55
2024-09-27 14:20:00-04:00,67.22,67.31,67.22,67.31,12553.0,67.259,65
2024-09-27 14:25:00-04:00,67.31,67.36,67.31,67.35,14574.0,67.341,113
2024-09-27 14:30:00-04:00,67.35,67.36,67.24,67.29,4719.0,67.286,40
2024-09-27 14:35:00-04:00,67.29,67.32,67.27,67.31,3719.0,67.3,32
2024-09-27 14:40:00-04:00,67.31,67.32,67.25,67.27,5098.0,67.28,43
2024-09-27 14:45:00-04:00,67.28,67.36,67.28,67.34,2844.0,67.332,23
2024-09-27 14:50:00-04:00,67.34,67.39,67.33,67.39,4873.0,67.366,38
2024-09-27 14:55:00-04:00,67.38,67.44,67.38,67.43,3139.0,67.417,26
2024-09-27 15:00:00-04:00,67.43,67.46,67.43,67.44,4655.0,67.439,42
2024-09-27 15:05:00-04:00,67.44,67.44,67.38,67.42,7658.0,67.404,56
2024-09-27 15:10:00-04:00,67.42,67.43,67.39,67.41,6182.0,67.418,56
2024-09-27 15:15:00-04:00,67.41,67.42,67.32,67.32,12325.0,67.379,53
2024-09-27 15:20:00-04:00,67.31,67.42,67.31,67.38,23034.0,67.369,82
2024-09-27 15:25:00-04:00,67.39,67.42,67.36,67.38,5965.0,67.385,41
2024-09-27 15:30:00-04:00,67.38,67.4,67.34,67.39,14421.0,67.363,92
2024-09-27 15:35:00-04:00,67.4,67.41,67.35,67.38,9959.0,67.386,70
2024-09-27 15:40:00-04:00,67.38,67.38,67.33,67.35,11652.0,67.359,75
2024-09-27 15:45:00-04:00,67.36,67.38,67.33,67.37,16099.0,67.356,101
2024-09-27 15:50:00-04:00,67.36,67.53,67.34,67.42,36804.0,67.44,261
2024-09-27 15:55:00-04:00,67.42,67.55,67.4,67.47,119881.0,67.471,495
2024-09-30 09:30:00-04:00,67.1,67.35,66.97,66.97,16455.0,67.118,42
2024-09-30 09:35:00-04:00,67.03,67.19,67.01,67.02,3983.0,67.093,37
2024-09-30 09:40:00-04:00,67.03,67.15,67.01,67.08,1777.0,67.071,15
2024-09-30 09:45:00-04:00,67.03,67.12,67.01,67.05,2310.0,67.049,17
2024-09-30 09:50:00-04:00,67.1,67.12,67.04,67.08,7620.0,67.085,30
2024-09-30 09:55:00-04:00,67.09,67.16,67.04,67.16,1894.0,67.103,13
2024-09-30 10:00:00-04:00,67.19,67.28,67.19,67.25,4359.0,67.25,25
2024-09-30 10:05:00-04:00,67.26,67.4,67.26,67.4,1517.0,67.312,15
2024-09-30 10:10:00-04:00,67.38,67.38,67.33,67.38,1363.0,67.368,9
2024-09-30 10:15:00-04:00,67.38,67.41,67.34,67.35,1915.0,67.376,18
2024-09-30 10:20:00-04:00,67.35,67.37,67.31,67.32,6907.0,67.33,36
2024-09-30 10:25:00-04:00,67.31,67.33,67.22,67.22,3252.0,67.289,25
2024-09-30 10:30:00-04:00,67.22,67.33,67.22,67.29,2768.0,67.277,23
2024-09-30 10:35:00-04:00,67.29,67.33,67.29,67.31,801.0,67.313,6
2024-09-30 10:40:00-04:00,67.33,67.4,67.33,67.4,1382.0,67.367,10
2024-09-30 10:45:00-04:00,67.44,67.55,67.43,67.53,4969.0,67.482,33
2024-09-30 10:50:00-04:00,67.52,67.55,67.47,67.47,2622.0,67.521,18
2024-09-30 10:55:00-04:00,67.48,67.52,67.46,67.46,5924.0,67.498,29
2024-09-30 11:00:00-04:00,67.48,67.52,67.45,67.5,2225.0,67.488,18
2024-09-30 11:05:00-04:00,67.48,67.49,67.47,67.47,1608.0,67.481,15
2024-09-30 11:10:00-04:00,67.46,67.46,67.41,67.43,2331.0,67.436,20
2024-09-30 11:15:00-04:00,67.41,67.41,67.36,67.37,861.0,67.395,7
2024-09-30 11:20:00-04:00,67.39,67.42,67.38,67.42,2282.0,67.401,19
2024-09-30 11:25:00-04:00,67.42,67.42,67.37,67.39,2774.0,67.403,26
2024-09-30 11:30:00-04:00,67.38,67.47,67.38,67.45,5159.0,67.442,37
2024-09-30 11:35:00-04:00,67.43,67.46,67.41,67.41,3319.0,67.435,26
2024-09-30 11:40:00-04:00,67.4,67.42,67.37,67.41,1903.0,67.396,17
2024-09-30 11:45:00-04:00,67.43,67.47,67.43,67.44,2871.0,67.448,25
2024-09-30 11:50:00-04:00,67.44,67.47,67.43,67.46,4615.0,67.455,26
2024-09-30 11:55:00-04:00,67.46,67.58,67.46,67.56,5518.0,67.529,50
2024-09-30 12:00:00-04:00,67.56,67.61,67.56,67.61,1921.0,67.597,16
2024-09-30 12:05:00-04:00,67.61,67.66,67.6,67.62,9909.0,67.637,60
2024-09-30 12:10:00-04:00,67.61,67.62,67.59,67.62,3444.0,67.607,26
2024-09-30 12:15:00-04:00,67.64,67.66,67.63,67.64,3244.0,67.643,25
2024-09-30 12:20:00-04:00,67.65,67.66,67.62,67.65,4383.0,67.645,37
2024-09-30 12:25:00-04:00,67.66,67.69,67.65,67.69,2948.0,67.668,21
2024-09-30 12:30:00-04:00,67.69,67.71,67.68,67.69,2241.0,67.693,22
2024-09-30 12:35:00-04:00,67.7,67.74,67.7,67.73,2807.0,67.718,19
2024-09-30 12:40:00-04:00,67.74,67.77,67.73,67.76,3680.0,67.744,29
2024-09-30 12:45:00-04:00,67.76,67.8,67.75,67.75,5479.0,67.771,37
2024-09-30 12:50:00-04:00,67.74,67.79,67.74,67.78,2383.0,67.761,21
2024-09-30 12:55:00-04:00,67.78,67.83,67.78,67.83,2005.0,67.81,19
2024-09-30 13:00:00-04:00,67.83,67.84,67.81,67.84,2890.0,67.828,24
2024-09-30 13:05:00-04:00,67.86,67.91,67.85,67.88,6671.0,67.883,32
2024-09-30 13:10:00-04:00,67.89,67.92,67.87,67.89,5918.0,67.896,51
2024-09-30 13:15:00-04:00,67.89,67.92,67.88,67.92,3325.0,67.902,25
2024-09-30 13:20:00-04:00,67.91,67.93,67.84,67.84,3253.0,67.897,27
2024-09-30 13:25:00-04:00,67.86,67.86,67.8,67.83,3379.0,67.823,32
2024-09-30 13:30:00-04:00,67.84,67.84,67.81,67.82,4389.0,67.823,36
2024-09-30 13:35:00-04:00,67.83,67.86,67.82,67.83,4512.0,67.841,34
2024-09-30 13:40:00-04:00,67.83,67.87,67.83,67.87,2504.0,67.86,16
2024-09-30 13:45:00-04:00,67.88,67.88,67.84,67.85,5573.0,67.859,38
2024-09-30 13:50:00-04:00,67.85,67.85,67.83,67.84,2349.0,67.845,17
2024-09-30 13:55:00-04:00,67.84,67.86,67.78,67.81,5311.0,67.823,42
2024-09-30 14:00:00-04:00,67.8,67.8,67.77,67.77,2887.0,67.78,13
2024-09-30 14:05:00-04:00,67.77,67.77,67.69,67.71,5234.0,67.729,40
2024-09-30 14:10:00-04:00,67.7,67.7,67.6,67.6,3910.0,67.65,24
2024-09-30 14:15:00-04:00,67.57,67.61,67.53,67.53,6008.0,67.571,38
2024-09-30 14:20:00-04:00,67.53,67.53,67.4,67.44,4773.0,67.468,34
2024-09-30 14:25:00-04:00,67.45,67.49,67.41,67.48,8135.0,67.453,54
2024-09-30 14:30:00-04:00,67.47,67.56,67.43,67.53,6189.0,67.5,42
2024-09-30 14:35:00-04:00,67.53,67.62,67.53,67.59,4993.0,67.597,35
2024-09-30 14:40:00-04:00,67.61,67.64,67.61,67.63,3508.0,67.63,24
2024-09-30 14:45:00-04:00,67.64,67.68,67.64,67.66,5706.0,67.662,41
2024-09-30 14:50:00-04:00,67.67,67.67,67.6,67.64,5680.0,67.64,41
2024-09-30 14:55:00-04:00,67.64,67.64,67.53,67.53,8977.0,67.586,51
2024-09-30 15:00:00-04:00,67.53,67.54,67.46,67.47,6204.0,67.481,27
2024-09-30 15:05:00-04:00,67.47,67.49,67.45,67.45,12524.0,67.467,97
2024-09-30 15:10:00-04:00,67.47,67.51,67.44,67.48,19679.0,67.476,127
2024-09-30 15:15:00-04:00,67.49,67.5,67.44,67.48,12735.0,67.478,94
2024-09-30 15:20:00-04:00,67.48,67.54,67.48,67.52,12674.0,67.517,97
2024-09-30 15:25:00-04:00,67.52,67.55,67.52,67.53,10082.0,67.534,70
2024-09-30 15:30:00-04:00,67.53,67.61,67.51,67.61,22634.0,67.543,125
2024-09-30 15:35:00-04:00,67.59,67.67,67.57,67.66,6601.0,67.62,41
2024-09-30 15:40:00-04:00,67.65,67.71,67.64,67.71,4358.0,67.68,31
2024-09-30 15:45:00-04:00,67.7,67.76,67.7,67.73,9319.0,67.74,76
2024-09-30 15:50:00-04:00,67.73,67.9,67.7,67.87,21470.0,67.839,156
2024-09-30 15:55:00-04:00,67.86,67.95,67.84,67.88,99782.0,67.899,643
2024-10-01 09:30:00-04:00,67.88,67.88,67.56,67.63,9182.0,67.845,16
2024-10-01 09:35:00-04:00,67.54,67.77,67.48,67.77,5349.0,67.636,31
2024-10-01 09:40:00-04:00,67.78,67.88,67.75,67.84,3578.0,67.808,21
2024-10-01 09:45:00-04:00,67.83,67.86,67.68,67.83,6093.0,67.787,40
2024-10-01 09:50:00-04:00,67.83,67.84,67.77,67.79,9283.0,67.799,62
2024-10-01 09:55:00-04:00,67.78,67.87,67.76,67.85,5139.0,67.813,42
2024-10-01 10:00:00-04:00,67.88,67.94,67.75,67.79,8698.0,67.847,69
2024-10-01 10:05:00-04:00,67.79,67.81,67.6,67.66,11397.0,67.759,48
2024-10-01 10:10:00-04:00,67.56,67.65,67.52,67.59,3780.0,67.585,35
2024-10-01 10:15:00-04:00,67.59,67.63,67.53,67.55,4552.0,67.593,32
2024-10-01 10:20:00-04:00,67.56,67.83,67.55,67.73,4549.0,67.716,40
2024-10-01 10:25:00-04:00,67.74,67.74,67.66,67.73,5015.0,67.706,41
2024-10-01 10:30:00-04:00,67.76,67.79,67.68,67.79,4961.0,67.736,40
2024-10-01 10:35:00-04:00,67.78,67.89,67.76,67.88,3460.0,67.831,30
2024-10-01 10:40:00-04:00,67.88,67.93,67.85,67.91,3171.0,67.905,26
2024-10-01 10:45:00-04:00,67.91,67.93,67.84,67.84,6154.0,67.902,53
2024-10-01 10:50:00-04:00,67.85,67.87,67.77,67.8,3305.0,67.826,30
2024-10-01 10:55:00-04:00,67.78,67.83,67.74,67.83,5020.0,67.784,43
2024-10-01 11:00:00-04:00,67.84,67.85,67.76,67.79,2686.0,67.813,26
2024-10-01 11:05:00-04:00,67.77,67.77,67.66,67.67,6275.0,67.715,47
2024-10-01 11:10:00-04:00,67.65,67.73,67.64,67.72,5943.0,67.686,37
2024-10-01 11:15:00-04:00,67.71,67.76,67.69,67.75,3363.0,67.725,30
2024-10-01 11:20:00-04:00,67.77,67.86,67.74,67.84,3877.0,67.824,19
2024-10-01 11:25:00-04:00,67.83,67.99,67.83,67.99,4616.0,67.908,40
2024-10-01 11:30:00-04:00,67.98,68.02,67.95,68.02,10022.0,67.997,52
2024-10-01 11:35:00-04:00,68.02,68.03,67.96,68.03,6808.0,67.997,43
2024-10-01 11:40:00-04:00,68.03,68.12,68.02,68.08,10741.0,68.087,76
2024-10-01 11:45:00-04:00,68.05,68.09,68.04,68.06,3871.0,68.061,34
2024-10-01 11:50:00-04:00,68.06,68.09,68.06,68.09,3879.0,68.072,33
2024-10-01 11:55:00-04:00,68.1,68.1,67.99,68.0,5529.0,68.062,45
2024-10-01 12:00:00-04:00,67.99,67.99,67.92,67.97,3873.0,67.948,35
2024-10-01 12:05:00-04:00,67.98,68.02,67.93,67.93,3631.0,67.977,25
2024-10-01 12:10:00-04:00,67.93,67.99,67.92,67.94,4523.0,67.959,30
2024-10-01 12:15:00-04:00,67.94,67.96,67.89,67.92,1781.0,67.936,16
2024-10-01 12:20:00-04:00,67.92,67.93,67.88,67.88,1252.0,67.906,11
2024-10-01 12:25:00-04:00,67.89,67.91,67.82,67.89,3245.0,67.872,29
2024-10-01 12:30:00-04:00,67.89,67.91,67.76,67.81,3616.0,67.817,30
2024-10-01 12:35:00-04:00,67.8,67.8,67.78,67.78,1206.0,67.789,10
2024-10-01 12:40:00-04:00,67.78,67.8,67.75,67.78,2312.0,67.782,19
2024-10-01 12:45:00-04:00,67.78,67.78,67.71,67.77,4120.0,67.751,33
2024-10-01 12:50:00-04:00,67.78,67.94,67.78,67.93,5606.0,67.829,51
2024-10-01 12:55:00-04:00,67.92,68.05,67.88,67.95,2954.0,67.946,25
2024-10-01 13:00:00-04:00,67.92,67.93,67.83,67.88,2160.0,67.884,20
2024-10-01 13:05:00-04:00,67.85,67.88,67.83,67.88,1621.0,67.855,16
2024-10-01 13:10:00-04:00,67.88,67.9,67.83,67.84,2825.0,67.868,20
2024-10-01 13:15:00-04:00,67.84,67.86,67.79,67.86,3328.0,67.822,29
2024-10-01 13:20:00-04:00,67.86,67.91,67.82,67.84,3642.0,67.871,33
2024-10-01 13:25:00-04:00,67.84,67.91,67.83,67.9,7023.0,67.855,41
2024-10-01 13:30:00-04:00,67.9,68.02,67.89,67.99,5071.0,67.965,41
2024-10-01 13:35:00-04:00,67.97,67.99,67.74,67.81,25519.0,67.841,63
2024-10-01 13:40:00-04:00,67.8,67.81,67.7,67.77,16114.0,67.749,59
2024-10-01 13:45:00-04:00,67.77,67.79,67.73,67.74,3430.0,67.761,33
2024-10-01 13:50:00-04:00,67.73,67.78,67.72,67.75,4895.0,67.739,32
2024-10-01 13:55:00-04:00,67.73,67.76,67.65,67.7,10618.0,67.711,89
2024-10-01 14:00:00-04:00,67.7,67.75,67.67,67.74,21033.0,67.711,90
2024-10-01 14:05:00-04:00,67.71,67.76,67.67,67.71,9544.0,67.713,46
2024-10-01 14:10:00-04:00,67.7,67.8,67.69,67.8,2578.0,67.751,23
2024-10-01 14:15:00-04:00,67.82,67.86,67.82,67.84,3408.0,67.842,30
2024-10-01 14:20:00-04:00,67.84,67.88,67.83,67.88,3404.0,67.866,32
2024-10-01 14:25:00-04:00,67.9,67.91,67.87,67.91,3909.0,67.891,29
2024-10-01 14:30:00-04:00,67.9,67.96,67.89,67.93,5038.0,67.921,45
2024-10-01 14:35:00-04:00,67.95,67.98,67.93,67.97,3238.0,67.954,28
2024-10-01 14:40:00-04:00,67.98,68.01,67.94,67.94,6363.0,67.977,28
2024-10-01 14:45:00-04:00,67.95,67.96,67.9,67.94,6920.0,67.924,41
2024-10-01 14:50:00-04:00,67.95,67.98,67.93,67.94,2299.0,67.958,20
2024-10-01 14:55:00-04:00,67.95,67.98,67.94,67.95,3276.0,67.959,30
2024-10-01 15:00:00-04:00,67.95,67.95,67.86,67.88,4025.0,67.897,31
2024-10-01 15:05:00-04:00,67.88,67.91,67.86,67.89,5548.0,67.89,36
2024-10-01 15:10:00-04:00,67.9,67.9,67.8,67.81,3295.0,67.842,26
2024-10-01 15:15:00-04:00,67.81,67.82,67.79,67.81,5674.0,67.808,36
2024-10-01 15:20:00-04:00,67.81,67.86,67.81,67.84,5527.0,67.837,46
2024-10-01 15:25:00-04:00,67.84,67.9,67.84,67.87,8170.0,67.873,73
2024-10-01 15:30:00-04:00,67.87,67.9,67.84,67.85,10631.0,67.866,79
2024-10-01 15:35:00-04:00,67.85,67.86,67.75,67.85,9487.0,67.796,72
2024-10-01 15:40:00-04:00,67.86,67.92,67.75,67.88,47537.0,67.841,247
2024-10-01 15:45:00-04:00,67.87,67.88,67.76,67.78,8368.0,67.811,69
2024-10-01 15:50:00-04:00,67.77,67.79,67.58,67.62,14910.0,67.676,109
2024-10-01 15:55:00-04:00,67.6,67.62,67.53,67.6,59757.0,67.571,390
2024-10-02 09:30:00-04:00,67.35,67.35,67.1,67.1,9324.0,67.317,15
2024-10-02 09:35:00-04:00,67.19,67.31,67.14,67.15,4878.0,67.215,46
2024-10-02 09:40:00-04:00,67.15,67.22,67.13,67.22,1429.0,67.164,13
2024-10-02 09:45:00-04:00,67.2,67.45,67.19,67.4,3734.0,67.351,33
2024-10-02 09:50:00-04:00,67.42,67.5,67.41,67.45,2670.0,67.451,21
2024-10-02 09:55:00-04:00,67.48,67.49,67.27,67.3,6422.0,67.363,46
2024-10-02 10:00:00-04:00,67.32,67.46,67.32,67.41,2129.0,67.395,21
2024-10-02 10:05:00-04:00,67.48,67.49,67.38,67.39,3766.0,67.436,36
2024-10-02 10:10:00-04:00,67.41,67.48,67.38,67.45,2374.0,67.432,21
2024-10-02 10:15:00-04:00,67.44,67.44,67.25,67.25,2449.0,67.36,23
2024-10-02 10:20:00-04:00,67.29,67.3,67.11,67.11,2921.0,67.229,28
2024-10-02 10:25:00-04:00,67.11,67.17,67.06,67.06,2752.0,67.136,18
2024-10-02 10:30:00-04:00,67.02,67.17,67.01,67.14,5103.0,67.093,33
2024-10-02 10:35:00-04:00,67.17,67.17,67.03,67.07,2897.0,67.098,26
2024-10-02 10:40:00-04:00,67.08,67.15,67.08,67.14,2353.0,67.119,21
2024-10-02 10:45:00-04:00,67.14,67.17,67.14,67.17,2868.0,67.148,24
2024-10-02 10:50:00-04:00,67.19,67.23,67.14,67.16,5081.0,67.184,41
2024-10-02 10:55:00-04:00,67.17,67.31,67.17,67.31,2113.0,67.23,17
2024-10-03 09:30:00-04:00,66.25,66.25,65.77,65.88,20332.0,66.09,46
2024-10-03 09:35:00-04:00,65.88,65.89,65.69,65.69,3162.0,65.75,28
2024-10-03 09:40:00-04:00,65.66,65.66,65.53,65.56,3419.0,65.596,22
2024-10-03 09:45:00-04:00,65.51,65.66,65.46,65.47,2765.0,65.585,23
2024-10-03 09:50:00-04:00,65.48,65.53,65.37,65.4,6286.0,65.415,33
2024-10-03 09:55:00-04:00,65.42,65.5,65.41,65.5,3820.0,65.456,28
2024-10-03 10:00:00-04:00,65.53,65.63,65.47,65.63,4251.0,65.572,36
2024-10-03 10:05:00-04:00,65.63,65.68,65.55,65.67,5875.0,65.623,56
2024-10-03 10:10:00-04:00,65.72,65.89,65.68,65.69,3156.0,65.834,30
2024-10-03 10:15:00-04:00,65.83,65.89,65.82,65.85,3238.0,65.858,30
2024-10-03 10:20:00-04:00,65.85,65.86,65.7,65.7,2504.0,65.771,23
2024-10-03 10:25:00-04:00,65.71,65.77,65.71,65.73,1839.0,65.744,18
2024-10-03 10:30:00-04:00,65.7,65.76,65.67,65.74,3792.0,65.724,27
2024-10-03 10:35:00-04:00,65.76,65.78,65.73,65.78,3046.0,65.76,22
2024-10-03 10:40:00-04:00,65.78,65.8,65.58,65.63,5252.0,65.702,40
2024-10-03 10:45:00-04:00,65.63,65.72,65.6,65.65,2260.0,65.668,22
2024-10-03 10:50:00-04:00,65.65,65.68,65.63,65.67,778.0,65.651,7
2024-10-03 10:55:00-04:00,65.7,65.73,65.63,65.64,10389.0,65.704,31
2024-10-03 11:00:00-04:00,65.63,65.63,65.55,65.57,3648.0,65.578,21
2024-10-03 11:05:00-04:00,65.56,65.71,65.55,65.7,2884.0,65.62,24
2024-10-03 11:10:00-04:00,65.7,65.71,65.64,65.69,1960.0,65.679,16
2024-10-03 11:15:00-04:00,65.7,65.77,65.69,65.77,901.0,65.718,7
2024-10-03 11:20:00-04:00,65.78,65.78,65.73,65.76,2705.0,65.763,22
2024-10-03 11:25:00-04:00,65.76,65.77,65.72,65.77,2103.0,65.748,20
2024-10-03 11:30:00-04:00,65.8,65.87,65.8,65.86,1706.0,65.849,15
2024-10-03 11:35:00-04:00,65.86,65.88,65.8,65.8,4302.0,65.839,38
2024-10-03 11:40:00-04:00,65.81,65.94,65.81,65.93,7855.0,65.843,64
2024-10-03 11:45:00-04:00,65.93,65.96,65.92,65.95,3237.0,65.939,30
2024-10-03 11:50:00-04:00,65.97,66.01,65.96,65.96,3159.0,65.987,27
2024-10-03 11:55:00-04:00,65.97,65.97,65.92,65.94,1883.0,65.948,12
2024-10-03 12:00:00-04:00,65.95,65.97,65.95,65.95,1866.0,65.957,14
2024-10-03 12:05:00-04:00,65.97,65.99,65.97,65.99,1301.0,65.982,11
2024-10-03 12:10:00-04:00,66.01,66.03,66.0,66.01,2481.0,66.016,19
2024-10-03 12:15:00-04:00,66.01,66.02,65.97,65.98,3164.0,65.992,27
2024-10-03 12:20:00-04:00,65.98,65.98,65.96,65.98,2103.0,65.973,19
2024-10-03 12:25:00-04:00,65.98,65.99,65.95,65.95,2905.0,65.971,20
2024-10-03 12:30:00-04:00,65.94,65.94,65.91,65.92,2026.0,65.923,17
2024-10-03 12:35:00-04:00,65.91,65.92,65.88,65.88,5177.0,65.893,18
2024-10-03 12:40:00-04:00,65.89,65.9,65.73,65.73,3868.0,65.804,29
2024-10-03 12:45:00-04:00,65.72,65.73,65.65,65.66,5415.0,65.678,42
2024-10-03 12:50:00-04:00,65.64,65.65,65.58,65.59,4093.0,65.618,30
2024-10-03 12:55:00-04:00,65.62,65.67,65.61,65.64,7879.0,65.643,63
2024-10-03 13:00:00-04:00,65.64,65.64,65.6,65.61,3280.0,65.617,22
2024-10-03 13:05:00-04:00,65.61,65.61,65.55,65.55,2485.0,65.588,22
2024-10-03 13:10:00-04:00,65.55,65.55,65.52,65.54,3180.0,65.53,24
2024-10-03 13:15:00-04:00,65.53,65.54,65.51,65.51,2805.0,65.529,24
2024-10-03 13:20:00-04:00,65.51,65.56,65.51,65.55,5834.0,65.544,29
2024-10-03 13:25:00-04:00,65.54,65.6,65.49,65.51,8744.0,65.545,71
2024-10-03 13:30:00-04:00,65.51,65.56,65.51,65.55,6367.0,65.545,37
2024-10-03 13:35:00-04:00,65.56,65.57,65.54,65.56,6620.0,65.558,40
2024-10-03 13:40:00-04:00,65.56,65.57,65.51,65.57,9035.0,65.542,69
2024-10-03 13:45:00-04:00,65.57,65.61,65.57,65.57,4695.0,65.587,37
2024-10-03 13:50:00-04:00,65.56,65.58,65.55,65.57,4011.0,65.563,31
2024-10-03 13:55:00-04:00,65.56,65.6,65.56,65.6,4406.0,65.587,23
2024-10-03 14:00:00-04:00,65.59,65.6,65.57,65.6,5017.0,65.589,39
2024-10-03 14:05:00-04:00,65.61,65.65,65.61,65.65,3995.0,65.639,34
2024-10-03 14:10:00-04:00,65.66,65.68,65.65,65.67,7463.0,65.661,63
2024-10-03 14:15:00-04:00,65.68,65.7,65.65,65.7,6073.0,65.674,48
2024-10-03 14:20:00-04:00,65.71,65.74,65.68,65.73,8432.0,65.72,57
2024-10-03 14:25:00-04:00,65.74,65.76,65.71,65.74,6985.0,65.736,46
2024-10-03 14:30:00-04:00,65.74,65.74,65.69,65.71,3118.0,65.717,28
2024-10-03 14:35:00-04:00,65.72,65.72,65.66,65.67,2720.0,65.684,23
2024-10-03 14:40:00-04:00,65.67,65.68,65.67,65.68,2042.0,65.673,17
2024-10-03 14:45:00-04:00,65.67,65.68,65.64,65.64,10779.0,65.66,75
2024-10-03 14:50:00-04:00,65.65,65.71,65.64,65.67,5311.0,65.679,39
2024-10-03 14:55:00-04:00,65.67,65.69,65.6,65.61,3860.0,65.651,30
2024-10-03 15:00:00-04:00,65.6,65.63,65.58,65.63,6472.0,65.599,34
2024-10-03 15:05:00-04:00,65.62,65.62,65.53,65.54,7676.0,65.589,47
2024-10-03 15:10:00-04:00,65.54,65.54,65.49,65.53,9239.0,65.511,46
2024-10-03 15:15:00-04:00,65.53,65.58,65.51,65.58,13393.0,65.537,92
2024-10-03 15:20:00-04:00,65.59,65.61,65.58,65.59,6103.0,65.598,41
2024-10-03 15:25:00-04:00,65.6,65.63,65.57,65.59,13001.0,65.604,97
2024-10-03 15:30:00-04:00,65.59,65.59,65.5,65.5,13824.0,65.552,89
2024-10-03 15:35:00-04:00,65.5,65.53,65.49,65.5,12440.0,65.511,100
2024-10-03 15:40:00-04:00,65.51,65.51,65.4,65.4,23820.0,65.47,149
2024-10-03 15:45:00-04:00,65.39,65.39,65.28,65.35,19687.0,65.331,151
2024-10-03 15:50:00-04:00,65.39,65.4,65.27,65.33,28734.0,65.323,180
2024-10-03 15:55:00-04:00,65.32,65.37,65.28,65.34,119401.0,65.329,708
2024-10-04 09:30:00-04:00,65.73,65.83,65.4,65.83,17064.0,65.724,12
2024-10-04 09:35:00-04:00,65.81,65.98,65.77,65.8,2540.0,65.866,22
2024-10-04 09:40:00-04:00,65.86,65.91,65.85,65.91,1920.0,65.893,19
2024-10-04 09:45:00-04:00,65.95,65.99,65.93,65.98,2060.0,65.964,17
2024-10-04 09:50:00-04:00,65.97,65.97,65.88,65.89,3750.0,65.924,37
2024-10-04 09:55:00-04:00,65.89,65.9,65.75,65.88,3544.0,65.841,26
2024-10-04 10:00:00-04:00,65.9,65.97,65.87,65.92,2630.0,65.918,22
2024-10-04 10:05:00-04:00,65.94,66.04,65.86,65.91,6339.0,65.994,56
2024-10-04 10:10:00-04:00,65.87,65.94,65.83,65.94,2475.0,65.88,23
2024-10-04 10:15:00-04:00,65.92,65.99,65.92,65.93,3691.0,65.966,23
2024-10-04 10:20:00-04:00,65.92,65.94,65.67,65.67,2534.0,65.813,24
2024-10-04 10:25:00-04:00,65.66,65.66,65.51,65.57,2689.0,65.587,19
2024-10-04 10:30:00-04:00,65.56,65.68,65.36,65.45,4932.0,65.508,39
2024-10-04 10:35:00-04:00,65.44,65.45,65.3,65.3,2221.0,65.373,19
2024-10-04 10:40:00-04:00,65.29,65.36,65.29,65.36,3152.0,65.336,25
2024-10-04 10:45:00-04:00,65.39,65.47,65.36,65.47,1918.0,65.391,18
2024-10-04 10:50:00-04:00,65.48,65.56,65.48,65.53,3615.0,65.52,27
2024-10-04 10:55:00-04:00,65.57,65.64,65.55,65.64,6098.0,65.616,30
2024-10-04 11:00:00-04:00,65.63,65.63,65.54,65.56,2078.0,65.572,18
2024-10-04 11:05:00-04:00,65.54,65.61,65.54,65.6,1500.0,65.581,15
2024-10-04 11:10:00-04:00,65.62,65.65,65.58,65.59,2432.0,65.611,22
2024-10-04 11:15:00-04:00,65.58,65.58,65.55,65.56,2425.0,65.563,17
2024-10-04 11:20:00-04:00,65.54,65.54,65.45,65.49,4041.0,65.485,36
2024-10-04 11:25:00-04:00,65.47,65.5,65.44,65.49,3004.0,65.481,27
2024-10-04 11:30:00-04:00,65.49,65.53,65.46,65.51,3485.0,65.487,29
2024-10-04 11:35:00-04:00,65.51,65.58,65.51,65.58,1228.0,65.541,12
2024-10-04 11:40:00-04:00,65.6,65.6,65.56,65.58,2219.0,65.584,21
2024-10-04 11:45:00-04:00,65.56,65.62,65.56,65.62,4646.0,65.594,29
2024-10-04 11:50:00-04:00,65.63,65.7,65.63,65.69,7135.0,65.684,19
2024-10-04 11:55:00-04:00,65.67,65.69,65.63,65.66,3352.0,65.671,27
2024-10-04 12:00:00-04:00,65.67,65.72,65.64,65.71,1286.0,65.682,11
2024-10-04 12:05:00-04:00,65.73,65.74,65.66,65.66,3622.0,65.692,34
2024-10-04 12:10:00-04:00,65.66,65.7,65.66,65.68,1300.0,65.69,13
2024-10-04 12:15:00-04:00,65.71,65.75,65.71,65.73,1640.0,65.735,16
2024-10-04 12:20:00-04:00,65.75,65.75,65.62,65.62,3147.0,65.716,28
2024-10-04 12:25:00-04:00,65.62,65.64,65.6,65.61,1854.0,65.618,12
2024-10-04 12:30:00-04:00,65.61,65.62,65.58,65.61,1102.0,65.6,9
2024-10-04 12:35:00-04:00,65.63,65.77,65.63,65.76,3285.0,65.68,23
2024-10-04 12:40:00-04:00,65.76,65.78,65.73,65.77,1826.0,65.756,17
2024-10-04 12:45:00-04:00,65.77,65.79,65.77,65.79,1109.0,65.778,11
2024-10-04 12:50:00-04:00,65.79,65.79,65.73,65.73,1982.0,65.757,17
2024-10-04 12:55:00-04:00,65.75,65.75,65.72,65.74,1538.0,65.735,12
2024-10-04 13:00:00-04:00,65.75,65.76,65.73,65.76,1266.0,65.746,9
2024-10-04 13:05:00-04:00,65.76,65.78,65.72,65.72,2153.0,65.75,20
2024-10-04 13:10:00-04:00,65.73,65.8,65.73,65.79,2457.0,65.757,21
2024-10-04 13:15:00-04:00,65.81,65.85,65.8,65.85,1947.0,65.824,18
2024-10-04 13:20:00-04:00,65.85,65.87,65.83,65.86,4947.0,65.845,45
2024-10-04 13:25:00-04:00,65.85,65.85,65.78,65.8,4487.0,65.821,31
2024-10-04 13:30:00-04:00,65.79,65.81,65.77,65.79,1513.0,65.785,15
2024-10-04 13:35:00-04:00,65.78,65.79,65.64,65.68,2376.0,65.72,20
2024-10-04 13:40:00-04:00,65.68,65.75,65.68,65.75,1958.0,65.721,16
2024-10-04 13:45:00-04:00,65.75,65.75,65.67,65.67,1704.0,65.714,17
2024-10-04 13:50:00-04:00,65.66,65.66,65.59,65.65,8412.0,65.603,37
2024-10-04 13:55:00-04:00,65.65,65.69,65.64,65.64,4138.0,65.669,31
2024-10-04 14:00:00-04:00,65.64,65.66,65.61,65.64,11721.0,65.625,57
2024-10-04 14:05:00-04:00,65.64,65.71,65.63,65.67,5090.0,65.677,32
2024-10-04 14:10:00-04:00,65.7,65.71,65.63,65.63,4665.0,65.69,30
2024-10-04 14:15:00-04:00,65.62,65.64,65.59,65.62,1757.0,65.62,16
2024-10-04 14:20:00-04:00,65.64,65.68,65.64,65.65,2229.0,65.654,22
2024-10-04 14:25:00-04:00,65.65,65.67,65.64,65.64,2302.0,65.65,23
2024-10-04 14:30:00-04:00,65.65,65.68,65.63,65.68,4721.0,65.646,34
2024-10-04 14:35:00-04:00,65.68,65.73,65.68,65.72,3438.0,65.717,29
2024-10-04 14:40:00-04:00,65.73,65.74,65.72,65.73,4371.0,65.731,41
2024-10-04 14:45:00-04:00,65.73,65.77,65.73,65.77,1609.0,65.746,16
2024-10-04 14:50:00-04:00,65.78,65.8,65.76,65.77,5027.0,65.777,34
2024-10-04 14:55:00-04:00,65.77,65.83,65.77,65.81,6038.0,65.792,50
2024-10-04 15:00:00-04:00,65.81,65.82,65.79,65.82,3176.0,65.808,27
2024-10-04 15:05:00-04:00,65.81,65.84,65.81,65.82,4559.0,65.825,40
2024-10-04 15:10:00-04:00,65.82,65.86,65.81,65.84,5119.0,65.832,42
2024-10-04 15:15:00-04:00,65.84,65.86,65.82,65.86,1832.0,65.833,16
2024-10-04 15:20:00-04:00,65.85,65.93,65.84,65.93,5152.0,65.894,46
2024-10-04 15:25:00-04:00,65.93,65.98,65.91,65.94,5439.0,65.944,44
2024-10-04 15:30:00-04:00,65.93,66.02,65.9,66.02,3984.0,65.95,36
2024-10-04 15:35:00-04:00,66.02,66.05,66.0,66.02,6593.0,66.023,60
2024-10-04 15:40:00-04:00,66.03,66.07,66.03,66.05,6677.0,66.052,46
2024-10-04 15:45:00-04:00,66.05,66.11,66.02,66.09,13800.0,66.062,88
2024-10-04 15:50:00-04:00,66.1,66.13,66.07,66.09,17436.0,66.109,138
2024-10-04 15:55:00-04:00,66.09,66.1,66.01,66.02,53709.0,66.052,338
2024-10-07 09:30:00-04:00,65.36,65.43,64.89,64.89,36239.0,65.316,47
2024-10-07 09:35:00-04:00,64.88,65.05,64.74,64.92,16351.0,64.86,103
2024-10-07 09:40:00-04:00,64.89,64.9,64.55,64.62,7805.0,64.747,58
2024-10-07 09:45:00-04:00,64.69,64.71,64.59,64.63,9758.0,64.65,66
2024-10-07 09:50:00-04:00,64.67,64.73,64.58,64.7,8381.0,64.66,53
2024-10-07 09:55:00-04:00,64.76,64.79,64.61,64.61,13310.0,64.666,93
2024-10-07 10:00:00-04:00,64.6,64.81,64.6,64.74,5728.0,64.715,41
2024-10-07 10:05:00-04:00,64.77,64.92,64.71,64.92,16229.0,64.796,120
2024-10-07 10:10:00-04:00,64.94,65.02,64.92,65.01,6553.0,64.974,48
2024-10-07 10:15:00-04:00,64.98,65.01,64.88,64.88,7355.0,64.947,58
2024-10-07 10:20:00-04:00,64.87,64.9,64.82,64.87,5913.0,64.873,43
2024-10-07 10:25:00-04:00,64.84,64.89,64.78,64.84,14948.0,64.836,107
2024-10-07 10:30:00-04:00,64.8,64.91,64.8,64.91,7374.0,64.859,59
2024-10-07 10:35:00-04:00,64.88,64.92,64.81,64.85,6621.0,64.874,59
2024-10-07 10:40:00-04:00,64.86,64.88,64.8,64.8,3357.0,64.827,27
2024-10-07 10:45:00-04:00,64.81,64.82,64.66,64.67,10714.0,64.702,69
2024-10-07 10:50:00-04:00,64.68,64.76,64.64,64.64,4794.0,64.691,39
2024-10-07 10:55:00-04:00,64.64,64.64,64.49,64.5,12987.0,64.584,60
2024-10-07 11:00:00-04:00,64.46,64.49,64.37,64.45,9193.0,64.434,65
2024-10-07 11:05:00-04:00,64.47,64.52,64.44,64.44,4338.0,64.487,34
2024-10-07 11:10:00-04:00,64.44,64.47,64.36,64.37,6809.0,64.419,55
2024-10-07 11:15:00-04:00,64.37,64.43,64.28,64.34,10595.0,64.353,80
2024-10-07 11:20:00-04:00,64.36,64.44,64.35,64.42,4507.0,64.391,39
2024-10-07 11:25:00-04:00,64.42,64.45,64.32,64.35,7640.0,64.382,63
2024-10-07 11:30:00-04:00,64.36,64.36,64.31,64.34,4357.0,64.343,36
2024-10-07 11:35:00-04:00,64.33,64.37,64.31,64.35,5422.0,64.336,40
2024-10-07 11:40:00-04:00,64.37,64.42,64.37,64.37,7828.0,64.391,62
2024-10-07 11:45:00-04:00,64.37,64.39,64.34,64.34,3618.0,64.367,26
2024-10-07 11:50:00-04:00,64.34,64.39,64.31,64.39,5590.0,64.352,47
2024-10-07 11:55:00-04:00,64.4,64.41,64.34,64.35,5574.0,64.385,37
2024-10-07 12:00:00-04:00,64.35,64.35,64.25,64.25,3099.0,64.291,23
2024-10-07 12:05:00-04:00,64.23,64.25,64.15,64.18,6725.0,64.192,48
2024-10-07 12:10:00-04:00,64.17,64.18,64.12,64.17,4595.0,64.142,28
2024-10-07 12:15:00-04:00,64.16,64.16,64.11,64.14,3736.0,64.141,33
2024-10-07 12:20:00-04:00,64.14,64.22,64.13,64.2,47116.0,64.179,109
2024-10-07 12:25:00-04:00,64.21,64.21,64.14,64.14,3349.0,64.175,25
2024-10-07 12:30:00-04:00,64.16,64.17,64.09,64.17,3812.0,64.128,33
2024-10-07 12:35:00-04:00,64.18,64.2,64.13,64.13,3259.0,64.173,26
2024-10-07 12:40:00-04:00,64.09,64.11,64.06,64.09,2287.0,64.076,21
2024-10-07 12:45:00-04:00,64.1,64.11,64.07,64.09,2991.0,64.09,28
2024-10-07 12:50:00-04:00,64.11,64.14,64.1,64.11,2750.0,64.117,26
2024-10-07 12:55:00-04:00,64.09,64.11,64.05,64.06,4312.0,64.096,28
2024-10-07 13:00:00-04:00,64.07,64.09,64.02,64.09,8044.0,64.051,30
2024-10-07 13:05:00-04:00,64.09,64.09,63.98,63.98,3506.0,64.046,32
2024-10-07 13:10:00-04:00,63.98,64.02,63.97,64.01,4470.0,63.995,29
2024-10-07 13:15:00-04:00,64.01,64.05,63.85,63.88,13121.0,63.949,64
2024-10-07 13:20:00-04:00,63.88,63.94,63.82,63.86,11431.0,63.913,32
2024-10-07 13:25:00-04:00,63.85,63.9,63.83,63.86,9644.0,63.851,52
2024-10-07 13:30:00-04:00,63.84,63.85,63.8,63.84,5991.0,63.831,47
2024-10-07 13:35:00-04:00,63.83,63.84,63.78,63.79,3628.0,63.803,25
2024-10-07 13:40:00-04:00,63.78,63.8,63.73,63.77,7076.0,63.769,52
2024-10-07 13:45:00-04:00,63.76,63.77,63.72,63.75,4657.0,63.754,34
2024-10-07 13:50:00-04:00,63.74,63.75,63.7,63.71,2301.0,63.726,20
2024-10-07 13:55:00-04:00,63.69,63.72,63.68,63.7,2731.0,63.701,23
2024-10-07 14:00:00-04:00,63.69,63.69,63.62,63.63,3449.0,63.667,30
2024-10-07 14:05:00-04:00,63.64,63.74,63.64,63.73,6432.0,63.69,46
2024-10-07 14:10:00-04:00,63.72,63.72,63.64,63.64,11377.0,63.693,56
2024-10-07 14:15:00-04:00,63.64,63.65,63.59,63.62,4961.0,63.631,40
2024-10-07 14:20:00-04:00,63.6,63.61,63.55,63.59,5662.0,63.577,45
2024-10-07 14:25:00-04:00,63.58,63.61,63.56,63.58,5552.0,63.595,49
2024-10-07 14:30:00-04:00,63.59,63.59,63.39,63.49,13723.0,63.48,91
2024-10-07 14:35:00-04:00,63.48,63.49,63.43,63.46,4712.0,63.451,42
2024-10-07 14:40:00-04:00,63.47,63.54,63.47,63.51,9463.0,63.515,62
2024-10-07 14:45:00-04:00,63.48,63.49,63.36,63.39,10622.0,63.402,75
2024-10-07 14:50:00-04:00,63.38,63.48,63.38,63.42,11480.0,63.435,79
2024-10-07 14:55:00-04:00,63.41,63.43,63.39,63.4,5485.0,63.408,49
2024-10-07 15:00:00-04:00,63.42,63.47,63.41,63.46,10498.0,63.448,57
2024-10-07 15:05:00-04:00,63.46,63.68,63.45,63.68,26463.0,63.572,72
2024-10-07 15:10:00-04:00,63.68,63.77,63.67,63.73,15015.0,63.725,79
2024-10-07 15:15:00-04:00,63.73,63.84,63.72,63.81,33735.0,63.797,76
2024-10-07 15:20:00-04:00,63.78,63.85,63.73,63.84,15353.0,63.819,42
2024-10-07 15:25:00-04:00,63.85,63.93,63.85,63.9,16382.0,63.884,88
2024-10-07 15:30:00-04:00,63.88,63.89,63.82,63.87,12443.0,63.857,97
2024-10-07 15:35:00-04:00,63.87,63.91,63.85,63.87,18819.0,63.88,115
2024-10-07 15:40:00-04:00,63.87,63.87,63.78,63.87,22985.0,63.82,139
2024-10-07 15:45:00-04:00,63.86,63.92,63.85,63.85,23332.0,63.874,115
2024-10-07 15:50:00-04:00,63.86,63.96,63.83,63.93,38237.0,63.888,219
2024-10-07 15:55:00-04:00,63.93,63.97,63.87,63.95,94087.0,63.923,518
2024-10-08 09:30:00-04:00,63.9,63.92,63.78,63.86,10405.0,63.892,22
2024-10-08 09:35:00-04:00,63.89,63.89,63.58,63.67,3708.0,63.721,33
2024-10-08 09:40:00-04:00,63.66,63.77,63.56,63.77,4792.0,63.65,35
2024-10-08 09:45:00-04:00,63.76,63.88,63.72,63.88,2839.0,63.788,24
2024-10-08 09:50:00-04:00,63.84,63.89,63.7,63.72,5940.0,63.846,51
2024-10-08 09:55:00-04:00,63.81,63.82,63.72,63.76,3623.0,63.769,28
2024-10-08 10:00:00-04:00,63.73,63.75,63.64,63.72,3761.0,63.689,31
2024-10-08 10:05:00-04:00,63.7,63.85,63.68,63.75,5125.0,63.751,39
2024-10-08 10:10:00-04:00,63.71,63.72,63.6,63.63,7607.0,63.644,36
2024-10-08 10:15:00-04:00,63.61,63.69,63.6,63.69,4280.0,63.64,31
2024-10-08 10:20:00-04:00,63.67,63.77,63.67,63.77,2742.0,63.71,25
2024-10-08 10:25:00-04:00,63.79,63.79,63.71,63.71,2540.0,63.748,17
2024-10-08 10:30:00-04:00,63.7,63.74,63.69,63.7,3610.0,63.718,21
2024-10-08 10:35:00-04:00,63.69,63.8,63.66,63.8,8513.0,63.706,52
2024-10-08 10:40:00-04:00,63.84,64.01,63.72,63.87,6007.0,63.857,52
2024-10-08 10:45:00-04:00,63.91,63.98,63.9,63.94,9688.0,63.944,44
2024-10-08 10:50:00-04:00,63.92,63.92,63.8,63.8,2813.0,63.881,25
2024-10-08 10:55:00-04:00,63.82,63.85,63.77,63.78,3931.0,63.808,32
2024-10-08 11:00:00-04:00,63.79,63.79,63.73,63.79,2576.0,63.77,22
2024-10-08 11:05:00-04:00,63.78,63.8,63.76,63.77,3855.0,63.781,18
2024-10-08 11:10:00-04:00,63.77,63.8,63.76,63.8,4533.0,63.783,38
2024-10-08 11:15:00-04:00,63.79,63.85,63.78,63.85,10862.0,63.837,35
2024-10-08 11:20:00-04:00,63.84,63.87,63.83,63.86,3633.0,63.851,31
2024-10-08 11:25:00-04:00,63.88,63.95,63.88,63.89,2792.0,63.903,21
2024-10-08 11:30:00-04:00,63.89,63.91,63.85,63.85,1982.0,63.878,15
2024-10-08 11:35:00-04:00,63.88,63.96,63.88,63.95,2674.0,63.936,19
2024-10-08 11:40:00-04:00,63.96,63.98,63.96,63.97,2102.0,63.966,16
2024-10-08 11:45:00-04:00,63.98,63.99,63.94,63.97,4525.0,63.966,33
2024-10-08 11:50:00-04:00,63.98,64.04,63.98,64.03,4955.0,64.007,36
2024-10-08 11:55:00-04:00,64.03,64.04,63.97,64.0,6066.0,64.009,43
2024-10-08 12:00:00-04:00,64.0,64.11,64.0,64.1,13249.0,64.07,59
2024-10-08 12:05:00-04:00,64.11,64.18,64.11,64.18,1950.0,64.155,15
2024-10-08 12:10:00-04:00,64.19,64.23,64.18,64.19,3355.0,64.197,28
2024-10-08 12:15:00-04:00,64.19,64.23,64.18,64.23,5367.0,64.209,31
2024-10-08 12:20:00-04:00,64.22,64.24,64.21,64.23,2506.0,64.219,19
2024-10-08 12:25:00-04:00,64.24,64.31,64.23,64.31,4143.0,64.261,25
2024-10-08 12:30:00-04:00,64.3,64.34,64.3,64.34,4128.0,64.318,33
2024-10-08 12:35:00-04:00,64.33,64.35,64.3,64.34,6986.0,64.323,50
2024-10-08 12:40:00-04:00,64.35,64.35,64.33,64.34,3592.0,64.343,25
2024-10-08 12:45:00-04:00,64.34,64.34,64.28,64.28,6466.0,64.319,53
2024-10-08 12:50:00-04:00,64.3,64.3,64.24,64.24,2362.0,64.27,17
2024-10-08 12:55:00-04:00,64.24,64.24,64.19,64.2,2795.0,64.205,25
2024-10-08 13:00:00-04:00,64.2,64.22,64.2,64.21,4820.0,64.213,29
2024-10-08 13:05:00-04:00,64.2,64.2,64.02,64.1,4721.0,64.104,39
2024-10-08 13:10:00-04:00,64.09,64.1,64.02,64.07,2541.0,64.066,24
2024-10-08 13:15:00-04:00,64.05,64.06,64.0,64.04,2891.0,64.035,27
2024-10-08 13:20:00-04:00,64.04,64.05,64.0,64.04,4122.0,64.029,21
2024-10-08 13:25:00-04:00,64.05,64.07,64.05,64.07,1739.0,64.059,17
2024-10-08 13:30:00-04:00,64.06,64.08,64.06,64.07,2292.0,64.068,15
2024-10-08 13:35:00-04:00,64.08,64.14,64.06,64.12,3390.0,64.104,29
2024-10-08 13:40:00-04:00,64.13,64.19,64.13,64.18,3580.0,64.153,26
2024-10-08 13:45:00-04:00,64.18,64.19,64.14,64.14,3535.0,64.168,26
2024-10-08 13:50:00-04:00,64.13,64.14,64.09,64.14,3770.0,64.113,27
2024-10-08 13:55:00-04:00,64.14,64.18,64.13,64.16,4252.0,64.156,30
2024-10-08 14:00:00-04:00,64.16,64.19,64.16,64.19,3003.0,64.178,27
2024-10-08 14:05:00-04:00,64.2,64.2,64.17,64.18,3125.0,64.186,26
2024-10-08 14:10:00-04:00,64.19,64.22,64.18,64.19,3452.0,64.198,27
2024-10-08 14:15:00-04:00,64.19,64.19,64.17,64.19,2269.0,64.183,16
2024-10-08 14:20:00-04:00,64.2,64.21,64.19,64.2,3842.0,64.201,32
2024-10-08 14:25:00-04:00,64.21,64.22,64.19,64.21,4622.0,64.205,25
2024-10-08 14:30:00-04:00,64.21,64.25,64.21,64.25,3311.0,64.229,23
2024-10-08 14:35:00-04:00,64.25,64.3,64.24,64.26,4096.0,64.262,39
2024-10-08 14:40:00-04:00,64.26,64.26,64.17,64.18,4015.0,64.206,28
2024-10-08 14:45:00-04:00,64.19,64.19,64.17,64.19,3305.0,64.181,27
2024-10-08 14:50:00-04:00,64.17,64.18,64.17,64.18,2983.0,64.175,22
2024-10-08 14:55:00-04:00,64.19,64.21,64.17,64.2,10400.0,64.192,56
2024-10-08 15:00:00-04:00,64.19,64.19,64.05,64.07,17739.0,64.104,71
2024-10-08 15:05:00-04:00,64.07,64.08,64.0,64.07,9927.0,64.02,42
2024-10-08 15:10:00-04:00,64.09,64.16,64.07,64.08,8260.0,64.114,45
2024-10-08 15:15:00-04:00,64.08,64.11,64.08,64.11,3842.0,64.096,34
2024-10-08 15:20:00-04:00,64.11,64.13,64.08,64.09,15005.0,64.102,84
2024-10-08 15:25:00-04:00,64.09,64.12,64.08,64.1,7522.0,64.098,63
2024-10-08 15:30:00-04:00,64.11,64.16,64.11,64.15,10135.0,64.126,75
2024-10-08 15:35:00-04:00,64.16,64.23,64.15,64.22,8122.0,64.208,71
2024-10-08 15:40:00-04:00,64.23,64.25,64.21,64.22,12639.0,64.23,107
2024-10-08 15:45:00-04:00,64.23,64.29,64.23,64.29,15303.0,64.251,106
2024-10-08 15:50:00-04:00,64.28,64.28,64.12,64.14,26077.0,64.179,174
2024-10-08 15:55:00-04:00,64.14,64.15,64.05,64.06,54350.0,64.103,334
2024-10-09 09:30:00-04:00,64.26,64.42,64.26,64.42,8778.0,64.288,25
2024-10-09 09:35:00-04:00,64.52,64.53,64.49,64.52,2709.0,64.517,18
2024-10-09 09:40:00-04:00,64.59,64.78,64.59,64.78,1765.0,64.705,13
2024-10-09 09:45:00-04:00,64.81,64.86,64.72,64.81,4405.0,64.776,42
2024-10-09 09:50:00-04:00,64.81,64.83,64.64,64.8,3970.0,64.724,36
2024-10-09 09:55:00-04:00,64.81,64.96,64.79,64.92,3322.0,64.892,18
2024-10-09 10:00:00-04:00,64.95,64.95,64.75,64.78,10734.0,64.838,52
2024-10-09 10:05:00-04:00,64.85,64.88,64.74,64.75,4445.0,64.791,25
2024-10-09 10:10:00-04:00,64.78,64.85,64.72,64.72,4573.0,64.765,26
2024-10-09 10:15:00-04:00,64.71,64.71,64.56,64.56,2864.0,64.633,23
2024-10-09 10:20:00-04:00,64.56,64.69,64.55,64.69,6178.0,64.639,48
2024-10-09 10:25:00-04:00,64.64,64.68,64.61,64.61,2839.0,64.634,19
2024-10-09 10:30:00-04:00,64.61,64.61,64.56,64.56,3076.0,64.587,21
2024-10-09 10:35:00-04:00,64.53,64.68,64.53,64.62,2983.0,64.625,21
2024-10-09 10:40:00-04:00,64.62,64.62,64.54,64.58,4621.0,64.587,33
2024-10-09 10:45:00-04:00,64.57,64.61,64.53,64.6,3679.0,64.575,14
2024-10-09 10:50:00-04:00,64.62,64.64,64.57,64.63,1776.0,64.618,13
2024-10-09 10:55:00-04:00,64.63,64.64,64.57,64.59,5820.0,64.603,19
2024-10-09 11:00:00-04:00,64.63,64.65,64.62,64.63,2481.0,64.638,15
2024-10-09 11:05:00-04:00,64.65,64.68,64.65,64.67,1307.0,64.661,9
2024-10-09 11:10:00-04:00,64.69,64.71,64.67,64.7,3257.0,64.692,25
2024-10-09 11:15:00-04:00,64.71,64.73,64.69,64.71,3131.0,64.708,25
2024-10-09 11:20:00-04:00,64.71,64.8,64.71,64.78,1971.0,64.753,18
2024-10-09 11:25:00-04:00,64.78,64.78,64.73,64.73,1499.0,64.751,12
2024-10-09 11:30:00-04:00,64.75,64.76,64.75,64.76,837.0,64.755,6
2024-10-09 11:35:00-04:00,64.77,64.78,64.74,64.74,2869.0,64.764,26
2024-10-09 11:40:00-04:00,64.77,64.8,64.77,64.8,808.0,64.782,7
2024-10-09 11:45:00-04:00,64.8,64.85,64.8,64.84,3024.0,64.834,21
2024-10-09 11:50:00-04:00,64.85,64.89,64.84,64.87,4412.0,64.875,29
2024-10-09 11:55:00-04:00,64.87,64.95,64.85,64.94,4661.0,64.902,34
2024-10-09 12:00:00-04:00,64.93,64.94,64.88,64.91,4492.0,64.913,28
2024-10-09 12:05:00-04:00,64.93,65.03,64.93,65.02,4183.0,64.974,25
2024-10-09 12:10:00-04:00,65.05,65.06,65.0,65.02,3984.0,65.03,29
2024-10-09 12:15:00-04:00,65.01,65.01,64.97,64.97,5307.0,64.993,45
2024-10-09 12:20:00-04:00,64.97,64.99,64.95,64.97,2820.0,64.971,22
2024-10-09 12:25:00-04:00,64.99,65.0,64.92,64.94,5687.0,64.961,39
2024-10-09 12:30:00-04:00,64.95,64.96,64.92,64.95,2914.0,64.939,26
2024-10-09 12:35:00-04:00,64.94,64.96,64.9,64.9,6202.0,64.935,50
2024-10-09 12:40:00-04:00,64.91,64.92,64.83,64.85,16359.0,64.867,115
2024-10-09 12:45:00-04:00,64.85,64.93,64.85,64.9,4737.0,64.886,35
2024-10-09 12:50:00-04:00,64.92,64.92,64.87,64.89,3649.0,64.895,29
2024-10-09 12:55:00-04:00,64.9,64.95,64.9,64.92,2883.0,64.924,20
2024-10-09 13:00:00-04:00,64.94,64.95,64.8,64.8,12088.0,64.908,55
2024-10-09 13:05:00-04:00,64.81,64.88,64.81,64.88,2375.0,64.839,17
2024-10-09 13:10:00-04:00,64.87,64.91,64.86,64.91,5913.0,64.885,40
2024-10-09 13:15:00-04:00,64.92,64.96,64.91,64.95,1731.0,64.937,14
2024-10-09 13:20:00-04:00,64.96,65.0,64.91,64.98,5806.0,64.955,38
2024-10-09 13:25:00-04:00,64.99,64.99,64.91,64.92,4542.0,64.948,35
2024-10-09 13:30:00-04:00,64.92,64.96,64.91,64.96,4449.0,64.937,37
2024-10-09 13:35:00-04:00,64.96,64.96,64.92,64.93,6806.0,64.935,46
2024-10-09 13:40:00-04:00,64.92,64.95,64.87,64.88,8320.0,64.927,33
2024-10-09 13:45:00-04:00,64.89,64.93,64.88,64.93,3587.0,64.902,23
2024-10-09 13:50:00-04:00,64.93,64.94,64.86,64.89,6026.0,64.9,40
2024-10-09 13:55:00-04:00,64.88,64.92,64.84,64.85,4255.0,64.884,30
2024-10-09 14:00:00-04:00,64.81,64.87,64.81,64.87,3607.0,64.836,29
2024-10-09 14:05:00-04:00,64.87,64.94,64.87,64.92,4444.0,64.918,34
2024-10-09 14:10:00-04:00,64.92,64.92,64.85,64.91,5291.0,64.894,40
2024-10-09 14:15:00-04:00,64.9,64.9,64.79,64.79,2883.0,64.857,24
2024-10-09 14:20:00-04:00,64.79,64.79,64.75,64.77,6244.0,64.774,34
2024-10-09 14:25:00-04:00,64.78,64.8,64.75,64.75,6616.0,64.774,43
2024-10-09 14:30:00-04:00,64.74,64.74,64.63,64.63,7741.0,64.686,57
2024-10-09 14:35:00-04:00,64.63,64.64,64.61,64.64,11896.0,64.629,73
2024-10-09 14:40:00-04:00,64.64,64.64,64.57,64.57,6507.0,64.608,49
2024-10-09 14:45:00-04:00,64.58,64.62,64.57,64.58,6987.0,64.597,58
2024-10-09 14:50:00-04:00,64.59,64.63,64.58,64.58,6773.0,64.6,51
2024-10-09 14:55:00-04:00,64.59,64.6,64.56,64.56,4769.0,64.575,31
2024-10-09 15:00:00-04:00,64.54,64.55,64.51,64.52,4671.0,64.531,21
2024-10-09 15:05:00-04:00,64.53,64.54,64.5,64.51,9066.0,64.528,53
2024-10-09 15:10:00-04:00,64.5,64.52,64.45,64.51,8360.0,64.483,68
2024-10-09 15:15:00-04:00,64.52,64.63,64.52,64.59,11934.0,64.586,81
2024-10-09 15:20:00-04:00,64.59,64.68,64.59,64.67,8125.0,64.655,52
2024-10-09 15:25:00-04:00,64.67,64.7,64.65,64.7,6491.0,64.675,43
2024-10-09 15:30:00-04:00,64.7,64.71,64.61,64.69,12870.0,64.665,85
2024-10-09 15:35:00-04:00,64.69,64.69,64.65,64.65,8606.0,64.67,60
2024-10-09 15:40:00-04:00,64.65,64.66,64.61,64.64,11828.0,64.635,83
2024-10-09 15:45:00-04:00,64.64,64.8,64.64,64.77,27575.0,64.734,199
2024-10-09 15:50:00-04:00,64.78,64.96,64.77,64.89,45955.0,64.912,293
2024-10-09 15:55:00-04:00,64.89,64.9,64.78,64.81,87101.0,64.857,466
2024-10-10 09:30:00-04:00,64.57,64.96,64.57,64.93,11621.0,64.71,48
2024-10-10 09:35:00-04:00,64.89,64.92,64.61,64.61,7239.0,64.728,44
2024-10-10 09:40:00-04:00,64.6,64.6,64.41,64.41,2419.0,64.551,22
2024-10-10 09:45:00-04:00,64.43,64.58,64.42,64.52,4378.0,64.524,38
2024-10-10 09:50:00-04:00,64.58,64.68,64.55,64.59,11729.0,64.62,68
2024-10-10 09:55:00-04:00,64.57,64.63,64.48,64.51,3431.0,64.566,28
2024-10-10 10:00:00-04:00,64.53,64.76,64.53,64.74,11448.0,64.635,73
2024-10-10 10:05:00-04:00,64.73,64.8,64.62,64.7,34279.0,64.715,122
2024-10-10 10:10:00-04:00,64.71,64.79,64.62,64.66,9068.0,64.71,58
2024-10-10 10:15:00-04:00,64.63,64.83,64.59,64.73,5762.0,64.687,46
2024-10-10 10:20:00-04:00,64.74,64.89,64.74,64.88,2821.0,64.836,25
2024-10-10 10:25:00-04:00,64.88,64.91,64.81,64.81,3952.0,64.868,29
2024-10-10 10:30:00-04:00,64.82,64.87,64.78,64.8,6949.0,64.825,29
2024-10-10 10:35:00-04:00,64.85,64.89,64.72,64.72,2108.0,64.824,20
2024-10-10 10:40:00-04:00,64.75,64.75,64.68,64.68,2948.0,64.721,25
2024-10-10 10:45:00-04:00,64.68,64.68,64.61,64.61,2225.0,64.644,20
2024-10-10 10:50:00-04:00,64.61,64.63,64.51,64.51,6792.0,64.593,43
2024-10-10 10:55:00-04:00,64.5,64.53,64.45,64.49,3211.0,64.494,23
2024-10-10 11:00:00-04:00,64.51,64.59,64.51,64.55,5632.0,64.547,45
2024-10-10 11:05:00-04:00,64.57,64.63,64.53,64.59,5490.0,64.565,44
2024-10-10 11:10:00-04:00,64.61,64.68,64.6,64.64,3932.0,64.634,32
2024-10-10 11:15:00-04:00,64.65,64.67,64.58,64.58,2574.0,64.632,25
2024-10-10 11:20:00-04:00,64.56,64.56,64.5,64.5,1679.0,64.519,14
2024-10-10 11:25:00-04:00,64.54,64.55,64.46,64.5,7928.0,64.505,58
2024-10-10 11:30:00-04:00,64.51,64.53,64.46,64.52,2437.0,64.499,18
2024-10-10 11:35:00-04:00,64.52,64.52,64.45,64.5,2175.0,64.482,17
2024-10-10 11:40:00-04:00,64.5,64.51,64.45,64.47,26866.0,64.494,56
2024-10-10 11:45:00-04:00,64.45,64.5,64.41,64.41,9426.0,64.484,21
2024-10-10 11:50:00-04:00,64.37,64.39,64.32,64.37,2150.0,64.357,17
2024-10-10 11:55:00-04:00,64.37,64.41,64.3,64.4,6755.0,64.333,50
2024-10-10 12:00:00-04:00,64.4,64.4,64.28,64.28,11613.0,64.342,79
2024-10-10 12:05:00-04:00,64.28,64.44,64.28,64.43,2563.0,64.371,24
2024-10-10 12:10:00-04:00,64.47,64.48,64.46,64.46,2435.0,64.469,15
2024-10-10 12:15:00-04:00,64.47,64.47,64.4,64.41,1730.0,64.428,16
2024-10-10 12:20:00-04:00,64.42,64.44,64.41,64.42,1357.0,64.431,10
2024-10-10 12:25:00-04:00,64.4,64.45,64.39,64.45,1826.0,64.415,14
2024-10-10 12:30:00-04:00,64.42,64.44,64.4,64.41,6111.0,64.419,16
2024-10-10 12:35:00-04:00,64.44,64.45,64.41,64.41,3410.0,64.438,22
2024-10-10 12:40:00-04:00,64.38,64.38,64.23,64.24,4704.0,64.289,33
2024-10-10 12:45:00-04:00,64.26,64.3,64.25,64.29,5801.0,64.278,32
2024-10-10 12:50:00-04:00,64.32,64.36,64.32,64.36,2099.0,64.353,12
2024-10-10 12:55:00-04:00,64.36,64.36,64.27,64.27,1125.0,64.313,11
2024-10-10 13:00:00-04:00,64.28,64.28,64.19,64.19,3771.0,64.23,28
2024-10-10 13:05:00-04:00,64.18,64.23,64.15,64.2,5104.0,64.188,24
2024-10-10 13:10:00-04:00,64.2,64.21,64.16,64.17,3194.0,64.188,20
2024-10-10 13:15:00-04:00,64.18,64.22,64.16,64.22,1428.0,64.192,13
2024-10-10 13:20:00-04:00,64.22,64.25,64.2,64.25,3497.0,64.224,32
2024-10-10 13:25:00-04:00,64.27,64.28,64.17,64.17,5167.0,64.235,38
2024-10-10 13:30:00-04:00,64.2,64.2,64.13,64.13,5084.0,64.18,37
2024-10-10 13:35:00-04:00,64.14,64.16,64.13,64.16,5090.0,64.146,36
2024-10-10 13:40:00-04:00,64.16,64.17,64.12,64.14,4653.0,64.141,40
2024-10-10 13:45:00-04:00,64.12,64.12,64.08,64.1,4556.0,64.098,37
2024-10-10 13:50:00-04:00,64.11,64.12,64.01,64.12,5857.0,64.075,48
2024-10-10 13:55:00-04:00,64.13,64.16,64.11,64.16,5541.0,64.143,44
2024-10-10 14:00:00-04:00,64.15,64.17,64.12,64.17,3749.0,64.145,29
2024-10-10 14:05:00-04:00,64.17,64.17,64.14,64.16,3784.0,64.159,30
2024-10-10 14:10:00-04:00,64.17,64.17,64.13,64.13,4852.0,64.157,39
2024-10-10 14:15:00-04:00,64.12,64.12,64.04,64.09,4542.0,64.076,33
2024-10-10 14:20:00-04:00,64.09,64.13,64.08,64.13,4479.0,64.118,31
2024-10-10 14:25:00-04:00,64.13,64.19,64.12,64.15,8725.0,64.156,55
2024-10-10 14:30:00-04:00,64.15,64.17,64.11,64.17,9299.0,64.145,57
2024-10-10 14:35:00-04:00,64.17,64.21,64.15,64.19,5731.0,64.177,38
2024-10-10 14:40:00-04:00,64.18,64.2,64.11,64.14,9069.0,64.154,60
2024-10-10 14:45:00-04:00,64.14,64.19,64.13,64.19,4176.0,64.164,31
2024-10-10 14:50:00-04:00,64.19,64.19,64.14,64.16,4946.0,64.166,34
2024-10-10 14:55:00-04:00,64.17,64.22,64.17,64.2,8215.0,64.194,65
2024-10-10 15:00:00-04:00,64.2,64.23,64.17,64.17,8629.0,64.21,56
2024-10-10 15:05:00-04:00,64.17,64.21,64.16,64.19,6380.0,64.185,47
2024-10-10 15:10:00-04:00,64.19,64.19,64.14,64.18,2921.0,64.168,23
2024-10-10 15:15:00-04:00,64.17,64.18,64.14,64.16,6223.0,64.152,33
2024-10-10 15:20:00-04:00,64.17,64.19,64.14,64.15,9489.0,64.167,60
2024-10-10 15:25:00-04:00,64.16,64.16,64.08,64.08,10724.0,64.128,74
2024-10-10 15:30:00-04:00,64.08,64.22,64.08,64.21,5933.0,64.146,45
2024-10-10 15:35:00-04:00,64.22,64.25,64.2,64.25,5092.0,64.229,41
2024-10-10 15:40:00-04:00,64.25,64.35,64.25,64.34,9164.0,64.295,47
2024-10-10 15:45:00-04:00,64.34,64.37,64.28,64.35,11829.0,64.337,76
2024-10-10 15:50:00-04:00,64.36,64.56,64.32,64.49,30859.0,64.462,214
2024-10-10 15:55:00-04:00,64.5,64.55,64.45,64.48,66597.0,64.492,347
2024-10-11 09:30:00-04:00,64.59,65.31,64.32,65.13,17861.0,64.989,71
2024-10-11 09:35:00-04:00,65.1,65.15,64.95,64.98,4685.0,65.057,30
2024-10-11 09:40:00-04:00,65.03,65.03,64.92,65.02,10392.0,64.984,37
2024-10-11 09:45:00-04:00,65.0,65.0,64.83,64.86,8827.0,64.891,36
2024-10-11 09:50:00-04:00,64.84,64.93,64.73,64.77,6347.0,64.844,50
2024-10-11 09:55:00-04:00,64.71,64.8,64.71,64.75,3100.0,64.774,27
2024-10-11 10:00:00-04:00,64.72,64.86,64.72,64.86,14967.0,64.81,84
2024-10-11 10:05:00-04:00,64.85,64.91,64.79,64.83,15908.0,64.847,77
2024-10-11 10:10:00-04:00,64.86,64.88,64.78,64.86,10275.0,64.832,49
2024-10-11 10:15:00-04:00,64.86,64.89,64.8,64.81,9636.0,64.83,54
2024-10-11 10:20:00-04:00,64.81,64.87,64.79,64.87,11640.0,64.818,83
2024-10-11 10:25:00-04:00,64.87,64.9,64.8,64.84,11809.0,64.838,63
2024-10-11 10:30:00-04:00,64.83,64.99,64.8,64.99,21542.0,64.856,90
2024-10-11 10:35:00-04:00,64.99,64.99,64.88,64.9,11615.0,64.91,37
2024-10-11 10:40:00-04:00,64.89,64.91,64.84,64.84,3626.0,64.881,34
2024-10-11 10:45:00-04:00,64.9,64.93,64.86,64.89,4198.0,64.9,29
2024-10-11 10:50:00-04:00,64.92,64.98,64.9,64.91,4492.0,64.938,38
2024-10-11 10:55:00-04:00,64.92,64.96,64.87,64.87,4118.0,64.933,33
2024-10-11 11:00:00-04:00,64.86,64.86,64.82,64.85,9455.0,64.846,41
2024-10-11 11:05:00-04:00,64.85,64.87,64.8,64.84,5903.0,64.847,42
2024-10-11 11:10:00-04:00,64.85,64.91,64.85,64.89,3655.0,64.877,29
2024-10-11 11:15:00-04:00,64.89,64.93,64.86,64.91,7614.0,64.9,56
2024-10-11 11:20:00-04:00,64.91,64.92,64.86,64.91,9943.0,64.897,81
2024-10-11 11:25:00-04:00,64.9,64.92,64.87,64.89,3709.0,64.896,35
2024-10-11 11:30:00-04:00,64.89,64.95,64.88,64.95,8206.0,64.907,56
2024-10-11 11:35:00-04:00,64.97,65.04,64.96,65.02,3581.0,65.004,31
2024-10-11 11:40:00-04:00,65.02,65.03,64.98,65.0,5469.0,65.006,46
2024-10-11 11:45:00-04:00,65.02,65.02,64.98,65.0,4273.0,65.005,39
2024-10-11 11:50:00-04:00,65.01,65.01,64.91,64.92,6512.0,64.969,51
2024-10-11 11:55:00-04:00,64.91,64.95,64.9,64.92,19058.0,64.931,73
2024-10-11 12:00:00-04:00,64.92,64.93,64.89,64.92,5408.0,64.916,43
2024-10-11 12:05:00-04:00,64.92,64.92,64.85,64.85,3462.0,64.893,32
2024-10-11 12:10:00-04:00,64.86,64.86,64.82,64.84,2542.0,64.846,24
2024-10-11 12:15:00-04:00,64.84,64.94,64.83,64.91,6367.0,64.905,55
2024-10-11 12:20:00-04:00,64.92,64.94,64.88,64.9,4767.0,64.909,41
2024-10-11 12:25:00-04:00,64.89,64.93,64.89,64.92,3655.0,64.912,26
2024-10-11 12:30:00-04:00,64.92,64.98,64.9,64.91,5538.0,64.931,41
2024-10-11 12:35:00-04:00,64.91,64.91,64.84,64.85,5872.0,64.876,46
2024-10-11 12:40:00-04:00,64.84,64.85,64.8,64.8,3662.0,64.835,30
2024-10-11 12:45:00-04:00,64.8,64.83,64.76,64.81,6653.0,64.803,51
2024-10-11 12:50:00-04:00,64.82,64.83,64.8,64.82,1485.0,64.82,13
2024-10-11 12:55:00-04:00,64.81,64.85,64.79,64.85,2648.0,64.828,24
2024-10-11 13:00:00-04:00,64.85,64.87,64.82,64.83,1312.0,64.842,12
2024-10-11 13:05:00-04:00,64.81,64.82,64.8,64.81,3279.0,64.807,20
2024-10-11 13:10:00-04:00,64.82,64.84,64.81,64.84,3256.0,64.826,29
2024-10-11 13:15:00-04:00,64.83,64.83,64.74,64.8,11937.0,64.783,62
2024-10-11 13:20:00-04:00,64.79,64.79,64.78,64.79,1604.0,64.784,14
2024-10-11 13:25:00-04:00,64.8,64.8,64.78,64.8,10025.0,64.784,19
2024-10-11 13:30:00-04:00,64.81,64.81,64.79,64.8,3215.0,64.801,22
2024-10-11 13:35:00-04:00,64.8,64.86,64.78,64.86,10879.0,64.811,73
2024-10-11 13:40:00-04:00,64.86,64.87,64.83,64.87,3417.0,64.852,22
2024-10-11 13:45:00-04:00,64.87,64.89,64.86,64.87,3929.0,64.873,26
2024-10-11 13:50:00-04:00,64.87,64.89,64.86,64.89,5008.0,64.876,40
2024-10-11 13:55:00-04:00,64.89,64.91,64.86,64.91,6795.0,64.885,48
2024-10-11 14:00:00-04:00,64.9,64.92,64.88,64.89,2555.0,64.904,15
2024-10-11 14:05:00-04:00,64.89,64.89,64.86,64.86,2665.0,64.875,18
2024-10-11 14:10:00-04:00,64.86,64.89,64.84,64.86,5210.0,64.858,17
2024-10-11 14:15:00-04:00,64.89,64.9,64.85,64.9,3299.0,64.877,28
2024-10-11 14:20:00-04:00,64.9,64.91,64.82,64.85,37981.0,64.885,57
2024-10-11 14:25:00-04:00,64.85,64.86,64.83,64.84,3123.0,64.842,24
2024-10-11 14:30:00-04:00,64.84,64.85,64.78,64.79,8639.0,64.827,64
2024-10-11 14:35:00-04:00,64.8,64.8,64.76,64.77,6431.0,64.782,51
2024-10-11 14:40:00-04:00,64.77,64.81,64.76,64.8,5075.0,64.782,37
2024-10-11 14:45:00-04:00,64.8,64.82,64.78,64.79,4306.0,64.801,33
2024-10-11 14:50:00-04:00,64.78,64.8,64.77,64.78,4693.0,64.785,27
2024-10-11 14:55:00-04:00,64.78,64.79,64.74,64.76,9248.0,64.77,61
2024-10-11 15:00:00-04:00,64.76,64.76,64.74,64.74,9417.0,64.754,65
2024-10-11 15:05:00-04:00,64.75,64.8,64.73,64.78,9167.0,64.757,69
2024-10-11 15:10:00-04:00,64.77,64.82,64.77,64.82,4998.0,64.794,39
2024-10-11 15:15:00-04:00,64.81,64.86,64.8,64.85,10972.0,64.834,74
2024-10-11 15:20:00-04:00,64.86,64.87,64.83,64.83,9959.0,64.847,70
2024-10-11 15:25:00-04:00,64.83,64.83,64.8,64.81,16281.0,64.815,90
2024-10-11 15:30:00-04:00,64.81,64.81,64.76,64.8,16219.0,64.788,106
2024-10-11 15:35:00-04:00,64.79,64.85,64.78,64.84,12887.0,64.817,79
2024-10-11 15:40:00-04:00,64.84,64.84,64.74,64.74,21550.0,64.786,118
2024-10-11 15:45:00-04:00,64.74,64.78,64.72,64.76,23678.0,64.749,143
2024-10-11 15:50:00-04:00,64.76,64.78,64.68,64.68,46316.0,64.729,308
2024-10-11 15:55:00-04:00,64.68,64.71,64.6,64.6,132442.0,64.652,489
2024-10-14 09:30:00-04:00,64.56,64.64,64.33,64.59,37985.0,64.509,212
2024-10-14 09:35:00-04:00,64.63,64.68,64.4,64.42,8269.0,64.509,73
2024-10-14 09:40:00-04:00,64.45,64.57,64.44,64.5,5954.0,64.512,52
2024-10-14 09:45:00-04:00,64.5,64.67,64.48,64.67,16469.0,64.525,46
2024-10-14 09:50:00-04:00,64.67,64.71,64.64,64.66,4728.0,64.672,24
2024-10-14 09:55:00-04:00,64.76,64.77,64.71,64.75,2650.0,64.742,21
2024-10-14 10:00:00-04:00,64.73,64.92,64.73,64.9,4068.0,64.857,37
2024-10-14 10:05:00-04:00,64.89,64.99,64.89,64.98,3856.0,64.925,32
2024-10-14 10:10:00-04:00,65.02,65.19,64.97,65.12,10348.0,65.081,56
2024-10-14 10:15:00-04:00,65.15,65.2,65.13,65.16,15404.0,65.157,56
2024-10-14 10:20:00-04:00,65.18,65.31,65.17,65.27,6906.0,65.244,61
2024-10-14 10:25:00-04:00,65.27,65.29,65.22,65.24,5122.0,65.258,31
2024-10-14 10:30:00-04:00,65.25,65.42,65.25,65.38,7433.0,65.329,49
2024-10-14 10:35:00-04:00,65.4,65.44,65.36,65.38,4293.0,65.378,36
2024-10-14 10:40:00-04:00,65.39,65.4,65.31,65.31,13380.0,65.333,48
2024-10-14 10:45:00-04:00,65.31,65.32,65.16,65.26,12719.0,65.22,85
2024-10-14 10:50:00-04:00,65.24,65.29,65.17,65.27,7598.0,65.223,44
2024-10-14 10:55:00-04:00,65.25,65.29,65.22,65.26,10843.0,65.248,68
2024-10-14 11:00:00-04:00,65.26,65.31,65.23,65.27,4613.0,65.265,39
2024-10-14 11:05:00-04:00,65.25,65.33,65.25,65.3,4588.0,65.279,34
2024-10-14 11:10:00-04:00,65.31,65.44,65.3,65.42,19089.0,65.354,119
2024-10-14 11:15:00-04:00,65.42,65.49,65.42,65.47,5952.0,65.444,54
2024-10-14 11:20:00-04:00,65.46,65.46,65.39,65.42,8307.0,65.417,41
2024-10-14 11:25:00-04:00,65.43,65.47,65.39,65.4,3838.0,65.412,30
2024-10-14 11:30:00-04:00,65.41,65.49,65.4,65.45,17710.0,65.446,118
2024-10-14 11:35:00-04:00,65.45,65.48,65.43,65.43,7862.0,65.459,68
2024-10-14 11:40:00-04:00,65.41,65.41,65.32,65.33,15077.0,65.358,115
2024-10-14 11:45:00-04:00,65.34,65.37,65.29,65.33,10497.0,65.353,72
2024-10-14 11:50:00-04:00,65.33,65.43,65.31,65.34,17372.0,65.342,109
2024-10-14 11:55:00-04:00,65.35,65.43,65.35,65.39,7053.0,65.393,55
2024-10-14 12:00:00-04:00,65.39,65.43,65.34,65.37,15485.0,65.398,99
2024-10-14 12:05:00-04:00,65.37,65.37,65.27,65.3,23398.0,65.324,112
2024-10-14 12:10:00-04:00,65.3,65.41,65.3,65.39,5796.0,65.355,54
2024-10-14 12:15:00-04:00,65.39,65.4,65.27,65.28,25255.0,65.324,177
2024-10-14 12:20:00-04:00,65.25,65.28,65.21,65.22,17346.0,65.243,147
2024-10-14 12:25:00-04:00,65.22,65.32,65.21,65.29,56561.0,65.263,128
2024-10-14 12:30:00-04:00,65.3,65.35,65.29,65.3,11625.0,65.317,78
2024-10-14 12:35:00-04:00,65.31,65.45,65.3,65.42,19940.0,65.37,133
2024-10-14 12:40:00-04:00,65.45,65.45,65.41,65.44,3060.0,65.437,27
2024-10-14 12:45:00-04:00,65.46,65.47,65.43,65.44,3440.0,65.45,27
2024-10-14 12:50:00-04:00,65.45,65.51,65.45,65.48,5471.0,65.481,42
2024-10-14 12:55:00-04:00,65.48,65.55,65.48,65.53,5335.0,65.524,39
2024-10-14 13:00:00-04:00,65.52,65.56,65.51,65.54,6034.0,65.534,46
2024-10-14 13:05:00-04:00,65.54,65.57,65.54,65.56,3504.0,65.562,31
2024-10-14 13:10:00-04:00,65.57,65.69,65.53,65.6,36981.0,65.579,123
2024-10-14 13:15:00-04:00,65.58,65.62,65.54,65.59,14825.0,65.559,67
2024-10-14 13:20:00-04:00,65.62,65.65,65.58,65.59,16597.0,65.605,54
2024-10-14 13:25:00-04:00,65.58,65.58,65.54,65.56,10343.0,65.557,52
2024-10-14 13:30:00-04:00,65.56,65.57,65.49,65.56,16466.0,65.511,63
2024-10-14 13:35:00-04:00,65.58,65.58,65.45,65.51,11311.0,65.494,89
2024-10-14 13:40:00-04:00,65.51,65.53,65.48,65.52,11784.0,65.508,59
2024-10-14 13:45:00-04:00,65.51,65.54,65.5,65.51,4303.0,65.515,37
2024-10-14 13:50:00-04:00,65.51,65.52,65.49,65.49,11351.0,65.497,56
2024-10-14 13:55:00-04:00,65.49,65.5,65.46,65.47,7037.0,65.481,55
2024-10-14 14:00:00-04:00,65.46,65.49,65.4,65.48,10233.0,65.44,77
2024-10-14 14:05:00-04:00,65.48,65.56,65.46,65.51,27169.0,65.499,161
2024-10-14 14:10:00-04:00,65.52,65.53,65.5,65.51,5690.0,65.513,50
2024-10-14 14:15:00-04:00,65.51,65.53,65.49,65.49,24484.0,65.502,118
2024-10-14 14:20:00-04:00,65.49,65.54,65.49,65.53,13355.0,65.506,59
2024-10-14 14:25:00-04:00,65.54,65.58,65.52,65.54,7610.0,65.543,60
2024-10-14 14:30:00-04:00,65.55,65.58,65.53,65.57,12170.0,65.553,63
2024-10-14 14:35:00-04:00,65.55,65.55,65.44,65.45,37865.0,65.496,193
2024-10-14 14:40:00-04:00,65.45,65.5,65.45,65.47,12745.0,65.479,97
2024-10-14 14:45:00-04:00,65.49,65.5,65.44,65.45,10224.0,65.471,79
2024-10-14 14:50:00-04:00,65.46,65.49,65.44,65.48,15469.0,65.459,107
2024-10-14 14:55:00-04:00,65.48,65.49,65.41,65.44,26553.0,65.432,129
2024-10-14 15:00:00-04:00,65.44,65.49,65.41,65.48,14658.0,65.455,114
2024-10-14 15:05:00-04:00,65.48,65.49,65.43,65.45,20618.0,65.462,144
2024-10-14 15:10:00-04:00,65.45,65.47,65.43,65.45,7610.0,65.448,63
2024-10-14 15:15:00-04:00,65.45,65.46,65.43,65.45,10062.0,65.445,75
2024-10-14 15:20:00-04:00,65.44,65.52,65.44,65.51,15390.0,65.476,111
2024-10-14 15:25:00-04:00,65.5,65.52,65.47,65.48,15538.0,65.495,106
2024-10-14 15:30:00-04:00,65.48,65.49,65.42,65.44,15457.0,65.447,131
2024-10-14 15:35:00-04:00,65.44,65.46,65.42,65.45,18602.0,65.444,136
2024-10-14 15:40:00-04:00,65.44,65.46,65.43,65.44,16515.0,65.445,123
2024-10-14 15:45:00-04:00,65.44,65.52,65.39,65.52,66875.0,65.426,390
2024-10-14 15:50:00-04:00,65.52,65.52,65.37,65.45,57152.0,65.431,389
2024-10-14 15:55:00-04:00,65.45,65.56,65.36,65.39,211755.0,65.448,1206
2024-10-15 09:30:00-04:00,65.91,66.6,65.91,66.24,35004.0,66.133,143
2024-10-15 09:35:00-04:00,66.24,66.34,66.17,66.22,3974.0,66.246,26
2024-10-15 09:40:00-04:00,66.25,66.25,66.13,66.22,5960.0,66.188,35
2024-10-15 09:45:00-04:00,66.22,66.41,66.21,66.41,3709.0,66.291,31
2024-10-15 09:50:00-04:00,66.39,66.47,66.24,66.24,4481.0,66.336,40
2024-10-15 09:55:00-04:00,66.23,66.24,66.05,66.11,15636.0,66.134,88
2024-10-15 10:00:00-04:00,66.15,66.35,66.12,66.34,4030.0,66.237,26
2024-10-15 10:05:00-04:00,66.34,66.66,66.34,66.63,38021.0,66.444,170
2024-10-15 10:10:00-04:00,66.7,66.86,66.7,66.83,12865.0,66.78,104
2024-10-15 10:15:00-04:00,66.84,66.91,66.67,66.69,54307.0,66.777,189
2024-10-15 10:20:00-04:00,66.7,66.75,66.63,66.65,14797.0,66.68,120
2024-10-15 10:25:00-04:00,66.64,66.73,66.6,66.65,10046.0,66.66,87
2024-10-15 10:30:00-04:00,66.64,66.74,66.63,66.69,16715.0,66.682,145
2024-10-15 10:35:00-04:00,66.68,66.74,66.61,66.66,15288.0,66.669,126
2024-10-15 10:40:00-04:00,66.67,66.77,66.5,66.55,8975.0,66.675,78
2024-10-15 10:45:00-04:00,66.6,66.65,66.55,66.65,3899.0,66.582,26
2024-10-15 10:50:00-04:00,66.63,66.66,66.58,66.63,5524.0,66.614,48
2024-10-15 10:55:00-04:00,66.63,66.65,66.58,66.65,11114.0,66.602,63
2024-10-15 11:00:00-04:00,66.62,66.66,66.58,66.64,5877.0,66.624,41
2024-10-15 11:05:00-04:00,66.64,66.68,66.62,66.65,5630.0,66.651,45
2024-10-15 11:10:00-04:00,66.65,66.65,66.52,66.52,4432.0,66.597,36
2024-10-15 11:15:00-04:00,66.52,66.56,66.5,66.53,4337.0,66.536,40
2024-10-15 11:20:00-04:00,66.53,66.6,66.51,66.58,4876.0,66.563,43
2024-10-15 11:25:00-04:00,66.58,66.61,66.52,66.52,14967.0,66.564,84
2024-10-15 11:30:00-04:00,66.53,66.54,66.44,66.44,6154.0,66.49,53
2024-10-15 11:35:00-04:00,66.43,66.49,66.43,66.47,4223.0,66.47,30
2024-10-15 11:40:00-04:00,66.46,66.46,66.39,66.39,4758.0,66.407,35
2024-10-15 11:45:00-04:00,66.39,66.39,66.29,66.29,7306.0,66.318,58
2024-10-15 11:50:00-04:00,66.29,66.29,66.18,66.19,7651.0,66.229,58
2024-10-15 11:55:00-04:00,66.19,66.24,66.19,66.2,8599.0,66.209,64
2024-10-15 12:00:00-04:00,66.2,66.28,66.15,66.26,12781.0,66.229,100
2024-10-15 12:05:00-04:00,66.26,66.29,66.19,66.25,14289.0,66.237,63
2024-10-15 12:10:00-04:00,66.25,66.32,66.24,66.27,6616.0,66.276,50
2024-10-15 12:15:00-04:00,66.28,66.29,66.26,66.27,3550.0,66.277,30
2024-10-15 12:20:00-04:00,66.27,66.3,66.25,66.3,5804.0,66.271,48
2024-10-15 12:25:00-04:00,66.29,66.31,66.27,66.31,3911.0,66.288,31
2024-10-15 12:30:00-04:00,66.3,66.3,66.24,66.24,3202.0,66.257,25
2024-10-15 12:35:00-04:00,66.23,66.24,66.21,66.22,3560.0,66.224,29
2024-10-15 12:40:00-04:00,66.22,66.23,66.12,66.13,7620.0,66.171,51
2024-10-15 12:45:00-04:00,66.12,66.14,66.07,66.09,9576.0,66.099,65
2024-10-15 12:50:00-04:00,66.09,66.14,66.06,66.14,6684.0,66.109,48
2024-10-15 12:55:00-04:00,66.1,66.15,66.1,66.13,3250.0,66.13,28
2024-10-15 13:00:00-04:00,66.13,66.13,66.03,66.05,19025.0,66.057,94
2024-10-15 13:05:00-04:00,66.06,66.06,65.98,65.99,3956.0,66.015,28
2024-10-15 13:10:00-04:00,65.98,65.98,65.93,65.94,3034.0,65.947,26
2024-10-15 13:15:00-04:00,65.95,66.0,65.95,65.98,3187.0,65.971,24
2024-10-15 13:20:00-04:00,65.98,66.01,65.95,66.0,6451.0,65.971,35
2024-10-15 13:25:00-04:00,66.0,66.0,65.98,66.0,2501.0,65.994,20
2024-10-15 13:30:00-04:00,66.0,66.01,65.96,65.97,6192.0,65.991,45
2024-10-15 13:35:00-04:00,65.95,65.96,65.94,65.95,3631.0,65.949,22
2024-10-15 13:40:00-04:00,65.97,66.0,65.94,65.94,5218.0,65.973,36
2024-10-15 13:45:00-04:00,65.93,65.95,65.9,65.95,5620.0,65.93,36
2024-10-15 13:50:00-04:00,65.94,65.94,65.92,65.93,4328.0,65.934,28
2024-10-15 13:55:00-04:00,65.93,66.12,65.92,66.1,68754.0,66.046,208
2024-10-15 14:00:00-04:00,66.09,66.11,66.09,66.1,3147.0,66.101,28
2024-10-15 14:05:00-04:00,66.11,66.21,66.1,66.18,5479.0,66.154,45
2024-10-15 14:10:00-04:00,66.2,66.26,66.2,66.26,5639.0,66.238,42
2024-10-15 14:15:00-04:00,66.25,66.26,66.15,66.26,18580.0,66.212,114
2024-10-15 14:20:00-04:00,66.26,66.27,66.21,66.21,11172.0,66.241,64
2024-10-15 14:25:00-04:00,66.18,66.22,66.15,66.22,6533.0,66.18,35
2024-10-15 14:30:00-04:00,66.21,66.22,66.2,66.2,5780.0,66.208,40
2024-10-15 14:35:00-04:00,66.2,66.24,66.19,66.21,8355.0,66.215,47
2024-10-15 14:40:00-04:00,66.22,66.25,66.2,66.23,6688.0,66.226,42
2024-10-15 14:45:00-04:00,66.24,66.24,66.14,66.16,9720.0,66.19,32
2024-10-15 14:50:00-04:00,66.15,66.16,66.07,66.09,7841.0,66.131,47
2024-10-15 14:55:00-04:00,66.09,66.12,66.08,66.12,7489.0,66.097,43
2024-10-15 15:00:00-04:00,66.14,66.15,66.08,66.08,8355.0,66.122,68
2024-10-15 15:05:00-04:00,66.08,66.08,66.01,66.02,4776.0,66.058,39
2024-10-15 15:10:00-04:00,66.01,66.18,66.0,66.11,15868.0,66.101,90
2024-10-15 15:15:00-04:00,66.11,66.11,66.04,66.07,8908.0,66.065,63
2024-10-15 15:20:00-04:00,66.08,66.13,66.04,66.09,12036.0,66.094,83
2024-10-15 15:25:00-04:00,66.1,66.1,66.06,66.09,10677.0,66.082,80
2024-10-15 15:30:00-04:00,66.08,66.1,66.05,66.09,15426.0,66.085,95
2024-10-15 15:35:00-04:00,66.09,66.13,66.08,66.09,13317.0,66.111,94
2024-10-15 15:40:00-04:00,66.09,66.16,66.09,66.15,17132.0,66.131,119
2024-10-15 15:45:00-04:00,66.15,66.16,66.11,66.12,23464.0,66.14,154
2024-10-15 15:50:00-04:00,66.13,66.19,66.06,66.18,26315.0,66.119,188
2024-10-15 15:55:00-04:00,66.18,66.18,65.97,66.04,137162.0,66.023,695
2024-10-16 09:30:00-04:00,66.15,66.72,66.13,66.65,18141.0,66.362,81
2024-10-16 09:35:00-04:00,66.65,66.72,66.47,66.61,4413.0,66.612,42
2024-10-16 09:40:00-04:00,66.63,66.69,66.52,66.69,5230.0,66.591,48
2024-10-16 09:45:00-04:00,66.72,66.96,66.72,66.96,31750.0,66.862,142
2024-10-16 09:50:00-04:00,66.92,67.08,66.91,67.03,11876.0,66.999,68
2024-10-16 09:55:00-04:00,67.06,67.36,67.06,67.36,16010.0,67.124,85
2024-10-16 10:00:00-04:00,67.38,67.45,67.3,67.31,9998.0,67.371,78
2024-10-16 10:05:00-04:00,67.33,67.49,67.33,67.49,5356.0,67.41,38
2024-10-16 10:10:00-04:00,67.45,67.46,67.29,67.32,5990.0,67.397,39
2024-10-16 10:15:00-04:00,67.3,67.43,67.3,67.41,5334.0,67.372,40
2024-10-16 10:20:00-04:00,67.39,67.39,67.23,67.24,3478.0,67.304,31
2024-10-16 10:25:00-04:00,67.24,67.25,67.21,67.23,5008.0,67.236,43
2024-10-16 10:30:00-04:00,67.22,67.24,67.18,67.22,5026.0,67.218,42
2024-10-16 10:35:00-04:00,67.24,67.3,67.23,67.25,4679.0,67.266,38
2024-10-16 10:40:00-04:00,67.26,67.26,67.21,67.22,3925.0,67.232,29
2024-10-16 10:45:00-04:00,67.19,67.21,67.08,67.15,7301.0,67.122,32
2024-10-16 10:50:00-04:00,67.16,67.23,67.08,67.23,7278.0,67.154,68
2024-10-16 10:55:00-04:00,67.22,67.22,67.11,67.18,18873.0,67.129,68
2024-10-16 11:00:00-04:00,67.19,67.19,67.09,67.09,5388.0,67.133,42
2024-10-16 11:05:00-04:00,67.09,67.14,67.05,67.11,6461.0,67.101,44
2024-10-16 11:10:00-04:00,67.1,67.17,67.1,67.13,7563.0,67.139,63
2024-10-16 11:15:00-04:00,67.12,67.13,67.08,67.09,3738.0,67.104,32
2024-10-16 11:20:00-04:00,67.09,67.16,67.07,67.16,8495.0,67.11,67
2024-10-16 11:25:00-04:00,67.17,67.2,67.14,67.18,13245.0,67.168,111
2024-10-16 11:30:00-04:00,67.18,67.2,67.07,67.13,5462.0,67.154,47
2024-10-16 11:35:00-04:00,67.12,67.13,67.07,67.09,5466.0,67.098,38
2024-10-16 11:40:00-04:00,67.1,67.16,67.09,67.16,10311.0,67.13,81
2024-10-16 11:45:00-04:00,67.15,67.16,67.09,67.1,7871.0,67.125,73
2024-10-16 11:50:00-04:00,67.11,67.15,67.09,67.09,6377.0,67.123,49
2024-10-16 11:55:00-04:00,67.11,67.12,67.08,67.08,6842.0,67.098,54
2024-10-16 12:00:00-04:00,67.09,67.12,67.07,67.08,9427.0,67.096,61
2024-10-16 12:05:00-04:00,67.07,67.13,67.04,67.1,9664.0,67.086,75
2024-10-16 12:10:00-04:00,67.1,67.13,67.08,67.13,9903.0,67.103,55
2024-10-16 12:15:00-04:00,67.12,67.13,67.08,67.12,4459.0,67.106,37
2024-10-16 12:20:00-04:00,67.1,67.1,66.99,67.0,5514.0,67.016,42
2024-10-16 12:25:00-04:00,67.0,67.04,66.97,66.97,3754.0,67.017,29
2024-10-16 12:30:00-04:00,66.97,67.06,66.93,67.03,24784.0,66.969,84
2024-10-16 12:35:00-04:00,67.03,67.1,67.03,67.04,5359.0,67.057,35
2024-10-16 12:40:00-04:00,67.05,67.06,67.01,67.06,3170.0,67.036,25
2024-10-16 12:45:00-04:00,67.06,67.09,67.06,67.06,4367.0,67.072,37
2024-10-16 12:50:00-04:00,67.06,67.06,67.02,67.02,4378.0,67.038,37
2024-10-16 12:55:00-04:00,67.03,67.06,66.98,66.98,5746.0,67.03,49
2024-10-16 13:00:00-04:00,66.98,67.03,66.97,66.97,4712.0,67.0,31
2024-10-16 13:05:00-04:00,66.97,66.98,66.92,66.92,2933.0,66.96,23
2024-10-16 13:10:00-04:00,66.94,66.97,66.93,66.94,3812.0,66.954,27
2024-10-16 13:15:00-04:00,66.95,66.96,66.88,66.89,3132.0,66.937,26
2024-10-16 13:20:00-04:00,66.89,66.96,66.89,66.96,5663.0,66.923,44
2024-10-16 13:25:00-04:00,66.97,67.01,66.97,67.0,4903.0,66.992,35
2024-10-16 13:30:00-04:00,66.97,67.0,66.95,67.0,4130.0,66.971,28
2024-10-16 13:35:00-04:00,67.0,67.07,66.99,67.06,10536.0,67.011,75
2024-10-16 13:40:00-04:00,67.07,67.11,67.04,67.09,8179.0,67.073,58
2024-10-16 13:45:00-04:00,67.09,67.14,67.08,67.1,12539.0,67.115,99
2024-10-16 13:50:00-04:00,67.11,67.17,67.1,67.14,5254.0,67.135,45
2024-10-16 13:55:00-04:00,67.15,67.2,67.14,67.16,11852.0,67.169,89
2024-10-16 14:00:00-04:00,67.17,67.24,67.16,67.22,3954.0,67.218,29
2024-10-16 14:05:00-04:00,67.22,67.33,67.22,67.29,11712.0,67.274,95
2024-10-16 14:10:00-04:00,67.3,67.33,67.3,67.31,4758.0,67.311,41
2024-10-16 14:15:00-04:00,67.31,67.35,67.3,67.33,7996.0,67.326,50
2024-10-16 14:20:00-04:00,67.33,67.33,67.23,67.23,10182.0,67.275,64
2024-10-16 14:25:00-04:00,67.23,67.25,67.21,67.23,10688.0,67.23,58
2024-10-16 14:30:00-04:00,67.24,67.26,67.21,67.22,6653.0,67.24,51
2024-10-16 14:35:00-04:00,67.22,67.25,67.2,67.2,7821.0,67.223,56
2024-10-16 14:40:00-04:00,67.2,67.2,67.15,67.19,5294.0,67.175,45
2024-10-16 14:45:00-04:00,67.18,67.23,67.16,67.2,11039.0,67.199,75
2024-10-16 14:50:00-04:00,67.2,67.22,67.15,67.17,10742.0,67.19,86
2024-10-16 14:55:00-04:00,67.17,67.18,67.12,67.13,8746.0,67.15,74
2024-10-16 15:00:00-04:00,67.12,67.16,67.1,67.12,8321.0,67.13,60
2024-10-16 15:05:00-04:00,67.11,67.19,67.11,67.19,11200.0,67.15,72
2024-10-16 15:10:00-04:00,67.19,67.32,67.18,67.32,10421.0,67.234,75
2024-10-16 15:15:00-04:00,67.31,67.35,67.3,67.33,10213.0,67.327,83
2024-10-16 15:20:00-04:00,67.33,67.34,67.29,67.33,9361.0,67.31,76
2024-10-16 15:25:00-04:00,67.33,67.35,67.31,67.31,12474.0,67.334,104
2024-10-16 15:30:00-04:00,67.31,67.34,67.26,67.29,7419.0,67.302,60
2024-10-16 15:35:00-04:00,67.31,67.37,67.29,67.36,10929.0,67.334,79
2024-10-16 15:40:00-04:00,67.36,67.39,67.3,67.32,10808.0,67.342,74
2024-10-16 15:45:00-04:00,67.33,67.33,67.25,67.29,15361.0,67.29,105
2024-10-16 15:50:00-04:00,67.3,67.35,67.25,67.25,38737.0,67.312,224
2024-10-16 15:55:00-04:00,67.25,67.33,67.21,67.29,115006.0,67.301,585
2024-10-17 09:30:00-04:00,66.74,67.33,66.7,67.29,25279.0,66.919,68
2024-10-17 09:35:00-04:00,67.29,67.36,67.06,67.06,6750.0,67.258,52
2024-10-17 09:40:00-04:00,67.05,67.15,67.01,67.06,5645.0,67.076,34
2024-10-17 09:45:00-04:00,67.06,67.08,66.93,66.94,2588.0,67.013,25
2024-10-17 09:50:00-04:00,66.93,67.16,66.93,67.12,5144.0,67.086,44
2024-10-17 09:55:00-04:00,67.12,67.23,67.09,67.21,6337.0,67.183,52
2024-10-17 10:00:00-04:00,67.18,67.24,67.05,67.07,9221.0,67.168,79
2024-10-17 10:05:00-04:00,67.09,67.09,66.88,67.01,5231.0,66.983,47
2024-10-17 10:10:00-04:00,67.02,67.08,66.95,66.95,5756.0,67.016,47
2024-10-17 10:15:00-04:00,66.97,66.98,66.86,66.86,4004.0,66.915,31
2024-10-17 10:20:00-04:00,66.86,66.86,66.7,66.76,40368.0,66.763,83
2024-10-17 10:25:00-04:00,66.78,66.8,66.59,66.63,7383.0,66.659,60
2024-10-17 10:30:00-04:00,66.6,66.75,66.6,66.73,5686.0,66.695,48
2024-10-17 10:35:00-04:00,66.72,66.74,66.64,66.73,6243.0,66.697,48
2024-10-17 10:40:00-04:00,66.72,66.77,66.64,66.77,8698.0,66.739,51
2024-10-17 10:45:00-04:00,66.77,66.83,66.71,66.71,27226.0,66.782,132
2024-10-17 10:50:00-04:00,66.71,66.8,66.66,66.68,22316.0,66.701,80
2024-10-17 10:55:00-04:00,66.68,66.76,66.68,66.73,11611.0,66.711,76
2024-10-17 11:00:00-04:00,66.73,66.74,66.65,66.7,5404.0,66.695,42
2024-10-17 11:05:00-04:00,66.69,66.73,66.69,66.7,8392.0,66.707,48
2024-10-17 11:10:00-04:00,66.7,66.73,66.62,66.65,7810.0,66.682,61
2024-10-17 11:15:00-04:00,66.61,66.72,66.61,66.68,12302.0,66.689,65
2024-10-17 11:20:00-04:00,66.69,66.74,66.66,66.69,6836.0,66.694,54
2024-10-17 11:25:00-04:00,66.69,66.72,66.68,66.7,4226.0,66.699,34
2024-10-17 11:30:00-04:00,66.69,66.72,66.67,66.69,5491.0,66.701,46
2024-10-17 11:35:00-04:00,66.72,66.76,66.71,66.75,9006.0,66.741,56
2024-10-17 11:40:00-04:00,66.75,66.77,66.73,66.74,7722.0,66.75,61
2024-10-17 11:45:00-04:00,66.74,66.75,66.7,66.7,8053.0,66.731,66
2024-10-17 11:50:00-04:00,66.69,66.77,66.69,66.77,4397.0,66.725,33
2024-10-17 11:55:00-04:00,66.78,66.78,66.71,66.76,25538.0,66.753,106
2024-10-17 12:00:00-04:00,66.75,66.81,66.73,66.81,14113.0,66.75,101
2024-10-17 12:05:00-04:00,66.8,67.02,66.8,66.98,16379.0,66.922,127
2024-10-17 12:10:00-04:00,67.0,67.05,66.96,66.99,11315.0,67.011,70
2024-10-17 12:15:00-04:00,66.98,67.02,66.98,66.99,4561.0,66.996,39
2024-10-17 12:20:00-04:00,67.0,67.0,66.9,66.95,33994.0,66.945,108
2024-10-17 12:25:00-04:00,66.95,67.01,66.94,66.99,10269.0,66.981,81
2024-10-17 12:30:00-04:00,67.0,67.0,66.93,66.99,7601.0,66.982,65
2024-10-17 12:35:00-04:00,66.98,67.08,66.98,67.06,9178.0,67.041,68
2024-10-17 12:40:00-04:00,67.06,67.08,67.04,67.05,11140.0,67.06,80
2024-10-17 12:45:00-04:00,67.05,67.12,67.05,67.09,8698.0,67.094,70
2024-10-17 12:50:00-04:00,67.09,67.15,67.05,67.15,17873.0,67.086,61
2024-10-17 12:55:00-04:00,67.13,67.13,67.03,67.06,5587.0,67.095,38
2024-10-17 13:00:00-04:00,67.06,67.07,66.92,66.92,4727.0,67.04,35
2024-10-17 13:05:00-04:00,66.93,66.96,66.89,66.93,4005.0,66.925,31
2024-10-17 13:10:00-04:00,66.95,66.99,66.93,66.95,2823.0,66.959,21
2024-10-17 13:15:00-04:00,66.94,66.97,66.93,66.95,3521.0,66.946,31
2024-10-17 13:20:00-04:00,66.96,66.98,66.91,66.91,4645.0,66.952,39
2024-10-17 13:25:00-04:00,66.9,66.91,66.89,66.89,3009.0,66.897,22
2024-10-17 13:30:00-04:00,66.89,66.92,66.88,66.89,8119.0,66.897,57
2024-10-17 13:35:00-04:00,66.89,66.91,66.88,66.91,2726.0,66.896,22
2024-10-17 13:40:00-04:00,66.92,66.97,66.91,66.95,7473.0,66.941,48
2024-10-17 13:45:00-04:00,66.95,66.97,66.95,66.97,3804.0,66.961,27
2024-10-17 13:50:00-04:00,66.97,66.97,66.9,66.9,6460.0,66.944,46
2024-10-17 13:55:00-04:00,66.91,66.95,66.91,66.95,3559.0,66.932,23
2024-10-17 14:00:00-04:00,66.94,66.95,66.89,66.9,6024.0,66.924,51
2024-10-17 14:05:00-04:00,66.89,66.96,66.88,66.95,7135.0,66.92,64
2024-10-17 14:10:00-04:00,66.95,66.99,66.92,66.95,7923.0,66.95,68
2024-10-17 14:15:00-04:00,66.96,66.97,66.92,66.96,5591.0,66.941,41
2024-10-17 14:20:00-04:00,66.97,66.99,66.93,66.98,15311.0,66.962,86
2024-10-17 14:25:00-04:00,66.98,67.0,66.95,66.95,13384.0,66.976,94
2024-10-17 14:30:00-04:00,66.95,67.03,66.95,67.02,9473.0,66.975,69
2024-10-17 14:35:00-04:00,67.02,67.04,66.97,66.97,6223.0,67.001,44
2024-10-17 14:40:00-04:00,66.98,67.0,66.97,67.0,5397.0,66.982,47
2024-10-17 14:45:00-04:00,66.99,67.0,66.94,66.95,11585.0,66.968,78
2024-10-17 14:50:00-04:00,66.94,66.95,66.93,66.94,5050.0,66.94,41
2024-10-17 14:55:00-04:00,66.94,66.95,66.92,66.92,7128.0,66.938,56
2024-10-17 15:00:00-04:00,66.93,66.97,66.9,66.9,11310.0,66.942,76
2024-10-17 15:05:00-04:00,66.89,66.91,66.84,66.89,10270.0,66.877,62
2024-10-17 15:10:00-04:00,66.89,66.89,66.87,66.88,6062.0,66.881,44
2024-10-17 15:15:00-04:00,66.87,66.9,66.85,66.9,7134.0,66.879,52
2024-10-17 15:20:00-04:00,66.9,66.92,66.9,66.92,11170.0,66.906,75
2024-10-17 15:25:00-04:00,66.92,66.93,66.86,66.86,14055.0,66.903,99
2024-10-17 15:30:00-04:00,66.86,66.86,66.78,66.86,18659.0,66.832,128
2024-10-17 15:35:00-04:00,66.87,66.94,66.86,66.92,28242.0,66.895,186
2024-10-17 15:40:00-04:00,66.92,66.92,66.85,66.86,32962.0,66.869,239
2024-10-17 15:45:00-04:00,66.86,66.87,66.81,66.84,34389.0,66.833,228
2024-10-17 15:50:00-04:00,66.84,66.87,66.72,66.8,69047.0,66.8,457
2024-10-17 15:55:00-04:00,66.8,66.83,66.75,66.8,172287.0,66.786,845
2024-10-18 09:30:00-04:00,67.34,67.45,66.86,67.09,104964.0,67.317,87
2024-10-18 09:35:00-04:00,67.11,67.45,66.97,67.23,10705.0,67.246,80
2024-10-18 09:40:00-04:00,67.23,67.63,67.23,67.62,5083.0,67.479,42
2024-10-18 09:45:00-04:00,67.56,67.62,67.45,67.54,18459.0,67.519,60
2024-10-18 09:50:00-04:00,67.54,67.54,67.41,67.48,11202.0,67.475,64
2024-10-18 09:55:00-04:00,67.48,67.48,67.28,67.31,24011.0,67.405,133
2024-10-18 10:00:00-04:00,67.31,67.31,67.14,67.26,58744.0,67.243,167
2024-10-18 10:05:00-04:00,67.27,67.37,67.26,67.33,6489.0,67.306,59
2024-10-18 10:10:00-04:00,67.33,67.33,67.16,67.18,5858.0,67.215,44
2024-10-18 10:15:00-04:00,67.2,67.27,67.16,67.25,13771.0,67.209,54
2024-10-18 10:20:00-04:00,67.22,67.3,67.21,67.27,12248.0,67.257,58
2024-10-18 10:25:00-04:00,67.29,67.45,67.29,67.43,8982.0,67.378,63
2024-10-18 10:30:00-04:00,67.44,67.45,67.39,67.4,7613.0,67.411,50
2024-10-18 10:35:00-04:00,67.38,67.38,67.33,67.37,6317.0,67.355,34
2024-10-18 10:40:00-04:00,67.37,67.44,67.35,67.44,8255.0,67.399,63
2024-10-18 10:45:00-04:00,67.44,67.45,67.37,67.39,5285.0,67.419,48
2024-10-18 10:50:00-04:00,67.39,67.52,67.38,67.51,7296.0,67.481,58
2024-10-18 10:55:00-04:00,67.51,67.53,67.46,67.52,9545.0,67.497,58
2024-10-18 11:00:00-04:00,67.52,67.58,67.5,67.56,5038.0,67.528,43
2024-10-18 11:05:00-04:00,67.56,67.59,67.44,67.48,11539.0,67.505,71
2024-10-18 11:10:00-04:00,67.48,67.49,67.44,67.45,7203.0,67.474,55
2024-10-18 11:15:00-04:00,67.46,67.48,67.41,67.43,5600.0,67.442,42
2024-10-18 11:20:00-04:00,67.42,67.44,67.37,67.4,4993.0,67.402,42
2024-10-18 11:25:00-04:00,67.41,67.41,67.32,67.34,5410.0,67.382,30
2024-10-18 11:30:00-04:00,67.34,67.36,67.26,67.28,6596.0,67.318,49
2024-10-18 11:35:00-04:00,67.3,67.39,67.28,67.38,9270.0,67.332,65
2024-10-18 11:40:00-04:00,67.38,67.39,67.36,67.39,2284.0,67.378,21
2024-10-18 11:45:00-04:00,67.39,67.39,67.33,67.34,3151.0,67.361,27
2024-10-18 11:50:00-04:00,67.34,67.37,67.32,67.34,1956.0,67.345,16
2024-10-18 11:55:00-04:00,67.35,67.36,67.3,67.35,7543.0,67.324,54
2024-10-18 12:00:00-04:00,67.36,67.4,67.36,67.4,3922.0,67.38,35
2024-10-18 12:05:00-04:00,67.4,67.45,67.4,67.44,5250.0,67.43,37
2024-10-18 12:10:00-04:00,67.43,67.51,67.41,67.51,5440.0,67.448,43
2024-10-18 12:15:00-04:00,67.51,67.57,67.51,67.51,7082.0,67.537,60
2024-10-18 12:20:00-04:00,67.51,67.52,67.49,67.52,3443.0,67.509,29
2024-10-18 12:25:00-04:00,67.52,67.56,67.52,67.53,5358.0,67.538,38
2024-10-18 12:30:00-04:00,67.52,67.56,67.52,67.53,2924.0,67.537,26
2024-10-18 12:35:00-04:00,67.55,67.66,67.55,67.63,5641.0,67.604,41
2024-10-18 12:40:00-04:00,67.63,67.66,67.62,67.63,2738.0,67.639,24
2024-10-18 12:45:00-04:00,67.63,67.64,67.61,67.62,6263.0,67.622,41
2024-10-18 12:50:00-04:00,67.63,67.75,67.63,67.75,13667.0,67.658,38
2024-10-18 12:55:00-04:00,67.75,67.76,67.69,67.69,3212.0,67.734,31
2024-10-18 13:00:00-04:00,67.7,67.72,67.66,67.67,4139.0,67.682,26
2024-10-18 13:05:00-04:00,67.68,67.7,67.67,67.7,5776.0,67.68,35
2024-10-18 13:10:00-04:00,67.69,67.76,67.69,67.75,4463.0,67.718,40
2024-10-18 13:15:00-04:00,67.75,67.75,67.67,67.67,2569.0,67.719,20
2024-10-18 13:20:00-04:00,67.68,67.71,67.67,67.67,3193.0,67.688,24
2024-10-18 13:25:00-04:00,67.69,67.72,67.68,67.7,4373.0,67.702,38
2024-10-18 13:30:00-04:00,67.7,67.73,67.69,67.7,3910.0,67.708,25
2024-10-18 13:35:00-04:00,67.7,67.7,67.66,67.67,4176.0,67.684,31
2024-10-18 13:40:00-04:00,67.67,67.69,67.65,67.67,4284.0,67.672,39
2024-10-18 13:45:00-04:00,67.67,67.68,67.65,67.66,4981.0,67.666,38
2024-10-18 13:50:00-04:00,67.66,67.69,67.66,67.69,3133.0,67.677,16
2024-10-18 13:55:00-04:00,67.69,67.69,67.65,67.66,5323.0,67.671,30
2024-10-18 14:00:00-04:00,67.66,67.72,67.6,67.7,10024.0,67.668,67
2024-10-18 14:05:00-04:00,67.72,67.84,67.71,67.83,4547.0,67.802,35
2024-10-18 14:10:00-04:00,67.84,67.84,67.76,67.76,5602.0,67.802,40
2024-10-18 14:15:00-04:00,67.76,67.8,67.75,67.78,9782.0,67.777,46
2024-10-18 14:20:00-04:00,67.78,67.79,67.77,67.78,7358.0,67.779,34
2024-10-18 14:25:00-04:00,67.79,67.82,67.74,67.75,7228.0,67.78,48
2024-10-18 14:30:00-04:00,67.75,67.78,67.72,67.72,7400.0,67.761,43
2024-10-18 14:35:00-04:00,67.71,67.73,67.7,67.72,2569.0,67.715,16
2024-10-18 14:40:00-04:00,67.72,67.75,67.71,67.74,5333.0,67.738,30
2024-10-18 14:45:00-04:00,67.74,67.74,67.71,67.73,3236.0,67.727,19
2024-10-18 14:50:00-04:00,67.73,67.74,67.72,67.73,4961.0,67.73,33
2024-10-18 14:55:00-04:00,67.73,67.75,67.69,67.69,9230.0,67.729,45
2024-10-18 15:00:00-04:00,67.69,67.75,67.67,67.72,11694.0,67.71,64
2024-10-18 15:05:00-04:00,67.72,67.76,67.67,67.67,7030.0,67.719,53
2024-10-18 15:10:00-04:00,67.67,67.67,67.63,67.65,10212.0,67.652,44
2024-10-18 15:15:00-04:00,67.65,67.65,67.59,67.59,5466.0,67.623,28
2024-10-18 15:20:00-04:00,67.59,67.6,67.48,67.48,13117.0,67.534,74
2024-10-18 15:25:00-04:00,67.48,67.56,67.48,67.52,11093.0,67.525,57
2024-10-18 15:30:00-04:00,67.52,67.52,67.48,67.5,16717.0,67.499,93
2024-10-18 15:35:00-04:00,67.51,67.59,67.48,67.58,18401.0,67.529,101
2024-10-18 15:40:00-04:00,67.57,67.57,67.48,67.5,16221.0,67.506,105
2024-10-18 15:45:00-04:00,67.49,67.51,67.43,67.44,22608.0,67.479,148
2024-10-18 15:50:00-04:00,67.43,67.5,67.35,67.5,53843.0,67.428,316
2024-10-18 15:55:00-04:00,67.51,67.54,67.23,67.25,229350.0,67.371,1139
2024-10-21 09:30:00-04:00,67.1,67.15,66.84,67.14,15499.0,67.095,13
2024-10-21 09:35:00-04:00,67.14,67.19,67.06,67.19,3174.0,67.118,19
2024-10-21 09:40:00-04:00,67.2,67.2,67.06,67.09,4788.0,67.104,25
2024-10-21 09:45:00-04:00,67.08,67.19,67.03,67.04,9612.0,67.111,29
2024-10-21 09:50:00-04:00,67.07,67.16,67.07,67.12,4149.0,67.105,24
2024-10-21 09:55:00-04:00,67.12,67.12,66.98,66.98,10373.0,67.043,54
2024-10-21 10:00:00-04:00,66.9,67.0,66.89,67.0,3648.0,66.978,23
2024-10-21 10:05:00-04:00,67.0,67.04,66.88,66.93,4570.0,66.954,33
2024-10-21 10:10:00-04:00,66.95,66.96,66.93,66.93,4266.0,66.948,25
2024-10-21 10:15:00-04:00,66.87,66.87,66.75,66.78,5782.0,66.781,39
2024-10-21 10:20:00-04:00,66.79,66.84,66.78,66.82,12187.0,66.806,40
2024-10-21 10:25:00-04:00,66.8,66.8,66.7,66.72,6700.0,66.749,40
2024-10-21 10:30:00-04:00,66.7,66.71,66.65,66.68,13506.0,66.665,55
2024-10-21 10:35:00-04:00,66.69,66.74,66.65,66.73,8169.0,66.683,36
2024-10-21 10:40:00-04:00,66.74,66.75,66.69,66.71,4927.0,66.727,33
2024-10-21 10:45:00-04:00,66.72,66.73,66.61,66.61,3680.0,66.678,20
2024-10-21 10:50:00-04:00,66.58,66.61,66.44,66.47,6144.0,66.533,44
2024-10-21 10:55:00-04:00,66.47,66.5,66.45,66.48,4061.0,66.477,24
2024-10-21 11:00:00-04:00,66.47,66.47,66.37,66.4,2578.0,66.417,20
2024-10-21 11:05:00-04:00,66.4,66.41,66.28,66.31,3258.0,66.332,24
2024-10-21 11:10:00-04:00,66.34,66.43,66.34,66.42,2898.0,66.408,22
2024-10-21 11:15:00-04:00,66.4,66.41,66.36,66.39,2556.0,66.384,22
2024-10-21 11:20:00-04:00,66.39,66.39,66.32,66.32,3180.0,66.353,22
2024-10-21 11:25:00-04:00,66.33,66.38,66.31,66.32,5461.0,66.342,33
2024-10-21 11:30:00-04:00,66.32,66.32,66.24,66.27,2891.0,66.273,22
2024-10-21 11:35:00-04:00,66.27,66.33,66.26,66.33,3275.0,66.292,22
2024-10-21 11:40:00-04:00,66.34,66.38,66.33,66.38,3642.0,66.352,25
2024-10-21 11:45:00-04:00,66.39,66.39,66.36,66.37,4859.0,66.375,32
2024-10-21 11:50:00-04:00,66.38,66.39,66.36,66.36,3040.0,66.375,21
2024-10-21 11:55:00-04:00,66.36,66.43,66.35,66.38,5521.0,66.39,48
2024-10-21 12:00:00-04:00,66.36,66.37,66.27,66.3,3531.0,66.319,33
2024-10-21 12:05:00-04:00,66.31,66.39,66.31,66.39,2911.0,66.331,26
2024-10-21 12:10:00-04:00,66.39,66.41,66.35,66.35,3736.0,66.395,26
2024-10-21 12:15:00-04:00,66.36,66.38,66.34,66.38,3697.0,66.362,27
2024-10-21 12:20:00-04:00,66.37,66.38,66.31,66.33,2999.0,66.345,20
2024-10-21 12:25:00-04:00,66.33,66.37,66.26,66.26,6440.0,66.334,40
2024-10-21 12:30:00-04:00,66.27,66.32,66.26,66.31,4938.0,66.296,37
2024-10-21 12:35:00-04:00,66.3,66.3,66.23,66.24,3265.0,66.261,19
2024-10-21 12:40:00-04:00,66.25,66.27,66.25,66.26,3572.0,66.258,26
2024-10-21 12:45:00-04:00,66.27,66.28,66.18,66.24,12400.0,66.222,68
2024-10-21 12:50:00-04:00,66.24,66.31,66.22,66.31,3827.0,66.261,29
2024-10-21 12:55:00-04:00,66.31,66.31,66.28,66.28,2932.0,66.297,18
2024-10-21 13:00:00-04:00,66.27,66.27,66.21,66.22,5247.0,66.244,35
2024-10-21 13:05:00-04:00,66.23,66.28,66.22,66.28,4760.0,66.252,40
2024-10-21 13:10:00-04:00,66.27,66.34,66.27,66.34,6909.0,66.29,52
2024-10-21 13:15:00-04:00,66.34,66.47,66.34,66.45,5970.0,66.395,45
2024-10-21 13:20:00-04:00,66.45,66.45,66.37,66.39,4613.0,66.414,32
2024-10-21 13:25:00-04:00,66.37,66.38,66.33,66.34,3538.0,66.364,20
2024-10-21 13:30:00-04:00,66.34,66.36,66.29,66.36,3564.0,66.318,28
2024-10-21 13:35:00-04:00,66.36,66.37,66.32,66.34,5325.0,66.349,31
2024-10-21 13:40:00-04:00,66.34,66.38,66.34,66.36,2649.0,66.358,22
2024-10-21 13:45:00-04:00,66.37,66.41,66.37,66.4,5865.0,66.395,46
2024-10-21 13:50:00-04:00,66.39,66.41,66.32,66.33,7145.0,66.387,53
2024-10-21 13:55:00-04:00,66.32,66.36,66.3,66.36,5677.0,66.319,42
2024-10-21 14:00:00-04:00,66.36,66.36,66.33,66.34,4002.0,66.344,27
2024-10-21 14:05:00-04:00,66.34,66.36,66.34,66.34,3311.0,66.351,21
2024-10-21 14:10:00-04:00,66.35,66.36,66.24,66.27,6518.0,66.281,43
2024-10-21 14:15:00-04:00,66.27,66.3,66.27,66.29,3290.0,66.284,23
2024-10-21 14:20:00-04:00,66.31,66.31,66.16,66.16,4579.0,66.233,36
2024-10-21 14:25:00-04:00,66.17,66.25,66.16,66.24,7764.0,66.184,50
2024-10-21 14:30:00-04:00,66.24,66.24,66.09,66.12,30340.0,66.159,55
2024-10-21 14:35:00-04:00,66.12,66.14,66.08,66.08,4933.0,66.107,34
2024-10-21 14:40:00-04:00,66.07,66.08,66.02,66.03,7897.0,66.041,40
2024-10-21 14:45:00-04:00,66.02,66.04,65.98,65.98,14300.0,66.02,46
2024-10-21 14:50:00-04:00,65.97,65.98,65.94,65.97,5270.0,65.967,43
2024-10-21 14:55:00-04:00,65.97,66.04,65.97,66.03,10969.0,65.997,85
2024-10-21 15:00:00-04:00,66.04,66.1,66.03,66.07,11608.0,66.067,79
2024-10-21 15:05:00-04:00,66.08,66.12,66.06,66.1,10003.0,66.088,64
2024-10-21 15:10:00-04:00,66.1,66.15,66.08,66.12,17845.0,66.11,118
2024-10-21 15:15:00-04:00,66.12,66.21,66.11,66.2,13130.0,66.173,95
2024-10-21 15:20:00-04:00,66.2,66.25,66.16,66.16,7829.0,66.185,58
2024-10-21 15:25:00-04:00,66.16,66.2,66.12,66.12,11166.0,66.152,81
2024-10-21 15:30:00-04:00,66.12,66.13,66.06,66.12,16490.0,66.088,104
2024-10-21 15:35:00-04:00,66.11,66.14,66.07,66.11,12769.0,66.102,87
2024-10-21 15:40:00-04:00,66.11,66.13,66.06,66.07,15193.0,66.1,104
2024-10-21 15:45:00-04:00,66.07,66.08,66.04,66.05,30280.0,66.056,179
2024-10-21 15:50:00-04:00,66.06,66.18,66.05,66.15,59557.0,66.126,333
2024-10-21 15:55:00-04:00,66.15,66.24,66.12,66.22,120797.0,66.185,723
2024-10-22 09:30:00-04:00,66.25,66.3,66.08,66.24,17998.0,66.231,63
2024-10-22 09:35:00-04:00,66.14,66.19,65.82,65.94,3285.0,66.018,28
2024-10-22 09:40:00-04:00,65.94,65.96,65.73,65.73,2300.0,65.855,21
2024-10-22 09:45:00-04:00,65.73,65.74,65.55,65.55,4419.0,65.643,33
2024-10-22 09:50:00-04:00,65.58,65.67,65.55,65.63,5835.0,65.609,54
2024-10-22 09:55:00-04:00,65.63,65.66,65.59,65.63,4001.0,65.631,29
2024-10-22 10:00:00-04:00,65.58,65.63,65.51,65.52,3768.0,65.572,29
2024-10-22 10:05:00-04:00,65.51,65.52,65.41,65.41,6592.0,65.468,47
2024-10-22 10:10:00-04:00,65.4,65.49,65.4,65.45,5909.0,65.45,31
2024-10-22 10:15:00-04:00,65.44,65.47,65.35,65.35,2788.0,65.429,20
2024-10-22 10:20:00-04:00,65.35,65.42,65.35,65.37,2272.0,65.389,17
2024-10-22 10:25:00-04:00,65.35,65.37,65.29,65.29,4049.0,65.351,28
2024-10-22 10:30:00-04:00,65.29,65.3,65.19,65.19,5234.0,65.253,42
2024-10-22 10:35:00-04:00,65.2,65.27,65.2,65.22,4259.0,65.241,36
2024-10-22 10:40:00-04:00,65.23,65.31,65.23,65.27,4801.0,65.268,38
2024-10-22 10:45:00-04:00,65.27,65.37,65.27,65.37,3833.0,65.317,32
2024-10-22 10:50:00-04:00,65.37,65.37,65.23,65.27,5281.0,65.291,39
2024-10-22 10:55:00-04:00,65.28,65.32,65.28,65.31,6990.0,65.304,45
2024-10-22 11:00:00-04:00,65.29,65.34,65.26,65.33,5994.0,65.303,50
2024-10-22 11:05:00-04:00,65.33,65.37,65.31,65.37,3074.0,65.341,27
2024-10-22 11:10:00-04:00,65.4,65.44,65.4,65.44,3310.0,65.42,29
2024-10-22 11:15:00-04:00,65.45,65.45,65.39,65.42,6272.0,65.418,53
2024-10-22 11:20:00-04:00,65.42,65.43,65.37,65.38,5479.0,65.393,29
2024-10-22 11:25:00-04:00,65.37,65.47,65.36,65.47,11187.0,65.395,66
2024-10-22 11:30:00-04:00,65.47,65.49,65.45,65.49,5208.0,65.47,41
2024-10-22 11:35:00-04:00,65.48,65.51,65.47,65.51,1789.0,65.487,14
2024-10-22 11:40:00-04:00,65.5,65.5,65.45,65.47,3925.0,65.475,28
2024-10-22 11:45:00-04:00,65.47,65.47,65.43,65.46,1600.0,65.454,16
2024-10-22 11:50:00-04:00,65.45,65.46,65.42,65.42,3671.0,65.449,21
2024-10-22 11:55:00-04:00,65.39,65.41,65.39,65.4,1787.0,65.399,16
2024-10-22 12:00:00-04:00,65.37,65.43,65.35,65.42,42846.0,65.356,56
2024-10-22 12:05:00-04:00,65.39,65.41,65.37,65.39,1436.0,65.387,13
2024-10-22 12:10:00-04:00,65.4,65.43,65.38,65.43,1831.0,65.41,17
2024-10-22 12:15:00-04:00,65.43,65.45,65.37,65.38,2586.0,65.407,22
2024-10-22 12:20:00-04:00,65.39,65.41,65.38,65.4,1616.0,65.392,15
2024-10-22 12:25:00-04:00,65.42,65.48,65.42,65.47,1550.0,65.454,14
2024-10-22 12:30:00-04:00,65.47,65.5,65.46,65.48,2422.0,65.487,22
2024-10-22 12:35:00-04:00,65.5,65.5,65.46,65.48,1323.0,65.487,11
2024-10-22 12:40:00-04:00,65.48,65.54,65.48,65.49,2018.0,65.504,19
2024-10-22 12:45:00-04:00,65.49,65.53,65.49,65.49,2347.0,65.511,21
2024-10-22 12:50:00-04:00,65.49,65.53,65.49,65.51,1956.0,65.512,17
2024-10-22 12:55:00-04:00,65.5,65.52,65.49,65.49,4759.0,65.501,34
2024-10-22 13:00:00-04:00,65.5,65.55,65.5,65.55,6528.0,65.519,27
2024-10-22 13:05:00-04:00,65.55,65.56,65.48,65.49,10136.0,65.493,34
2024-10-22 13:10:00-04:00,65.48,65.51,65.45,65.5,1948.0,65.491,18
2024-10-22 13:15:00-04:00,65.5,65.5,65.45,65.45,1105.0,65.481,11
2024-10-22 13:20:00-04:00,65.48,65.54,65.47,65.52,2024.0,65.514,15
2024-10-22 13:25:00-04:00,65.54,65.57,65.54,65.54,2223.0,65.554,17
2024-10-22 13:30:00-04:00,65.53,65.57,65.53,65.56,2518.0,65.546,19
2024-10-22 13:35:00-04:00,65.58,65.62,65.55,65.59,3865.0,65.58,30
2024-10-22 13:40:00-04:00,65.59,65.63,65.58,65.61,4416.0,65.596,35
2024-10-22 13:45:00-04:00,65.63,65.68,65.62,65.63,5869.0,65.644,38
2024-10-22 13:50:00-04:00,65.63,65.71,65.61,65.69,23025.0,65.651,50
2024-10-22 13:55:00-04:00,65.7,65.7,65.6,65.62,4817.0,65.648,38
2024-10-22 14:00:00-04:00,65.61,65.64,65.61,65.62,1824.0,65.63,15
2024-10-22 14:05:00-04:00,65.62,65.62,65.6,65.61,1538.0,65.612,15
2024-10-22 14:10:00-04:00,65.6,65.63,65.53,65.53,8642.0,65.583,65
2024-10-22 14:15:00-04:00,65.53,65.55,65.49,65.54,7041.0,65.514,55
2024-10-22 14:20:00-04:00,65.54,65.54,65.52,65.53,1872.0,65.53,15
2024-10-22 14:25:00-04:00,65.53,65.54,65.51,65.53,6354.0,65.528,42
2024-10-22 14:30:00-04:00,65.53,65.56,65.53,65.55,4601.0,65.54,35
2024-10-22 14:35:00-04:00,65.52,65.53,65.49,65.52,3549.0,65.516,33
2024-10-22 14:40:00-04:00,65.51,65.52,65.49,65.5,3286.0,65.503,17
2024-10-22 14:45:00-04:00,65.5,65.54,65.5,65.52,3073.0,65.52,26
2024-10-22 14:50:00-04:00,65.53,65.55,65.51,65.54,7392.0,65.53,47
2024-10-22 14:55:00-04:00,65.54,65.54,65.46,65.48,17900.0,65.517,85
2024-10-22 15:00:00-04:00,65.48,65.51,65.45,65.5,10410.0,65.475,58
2024-10-22 15:05:00-04:00,65.5,65.54,65.48,65.54,15819.0,65.501,115
2024-10-22 15:10:00-04:00,65.53,65.54,65.48,65.51,8834.0,65.508,63
2024-10-22 15:15:00-04:00,65.51,65.59,65.5,65.56,17103.0,65.545,110
2024-10-22 15:20:00-04:00,65.57,65.63,65.51,65.51,13688.0,65.568,91
2024-10-22 15:25:00-04:00,65.52,65.53,65.48,65.53,15244.0,65.506,93
2024-10-22 15:30:00-04:00,65.54,65.58,65.51,65.55,12374.0,65.548,74
2024-10-22 15:35:00-04:00,65.56,65.56,65.49,65.49,13724.0,65.525,96
2024-10-22 15:40:00-04:00,65.49,65.51,65.47,65.49,13712.0,65.496,94
2024-10-22 15:45:00-04:00,65.48,65.5,65.45,65.48,20827.0,65.476,149
2024-10-22 15:50:00-04:00,65.48,65.53,65.46,65.52,40604.0,65.501,279
2024-10-22 15:55:00-04:00,65.55,65.57,65.46,65.48,81150.0,65.5,457
2024-10-23 09:30:00-04:00,65.63,65.71,65.49,65.7,13000.0,65.612,30
2024-10-23 09:35:00-04:00,65.7,65.75,65.6,65.6,5285.0,65.691,43
2024-10-23 09:40:00-04:00,65.6,65.65,65.49,65.61,4894.0,65.568,37
2024-10-23 09:45:00-04:00,65.58,65.75,65.57,65.73,15099.0,65.674,67
2024-10-23 09:50:00-04:00,65.73,65.74,65.55,65.55,9826.0,65.667,54
2024-10-23 09:55:00-04:00,65.59,65.64,65.42,65.42,11778.0,65.54,48
2024-10-23 10:00:00-04:00,65.41,65.54,65.37,65.51,8263.0,65.472,64
2024-10-23 10:05:00-04:00,65.47,65.55,65.4,65.54,5623.0,65.489,44
2024-10-23 10:10:00-04:00,65.55,65.55,65.41,65.41,5695.0,65.46,40
2024-10-23 10:15:00-04:00,65.4,65.4,65.32,65.33,2542.0,65.367,21
2024-10-23 10:20:00-04:00,65.35,65.36,65.28,65.32,4036.0,65.332,28
2024-10-23 10:25:00-04:00,65.3,65.36,65.3,65.32,4305.0,65.327,37
2024-10-23 10:30:00-04:00,65.31,65.33,65.24,65.26,5518.0,65.292,38
2024-10-23 10:35:00-04:00,65.3,65.38,65.3,65.38,5581.0,65.335,46
2024-10-23 10:40:00-04:00,65.44,65.45,65.4,65.42,3691.0,65.425,30
2024-10-23 10:45:00-04:00,65.43,65.44,65.4,65.41,4079.0,65.424,31
2024-10-23 10:50:00-04:00,65.41,65.42,65.3,65.32,5035.0,65.371,37
2024-10-23 10:55:00-04:00,65.33,65.34,65.29,65.32,4716.0,65.311,37
2024-10-23 11:00:00-04:00,65.32,65.36,65.32,65.32,3098.0,65.328,19
2024-10-23 11:05:00-04:00,65.32,65.33,65.22,65.27,6395.0,65.299,41
2024-10-23 11:10:00-04:00,65.28,65.28,65.18,65.25,5892.0,65.222,43
2024-10-23 11:15:00-04:00,65.25,65.27,65.21,65.26,3930.0,65.244,33
2024-10-23 11:20:00-04:00,65.26,65.3,65.23,65.27,5886.0,65.268,40
2024-10-23 11:25:00-04:00,65.28,65.3,65.23,65.23,5417.0,65.261,27
2024-10-23 11:30:00-04:00,65.23,65.29,65.22,65.23,6473.0,65.26,47
2024-10-23 11:35:00-04:00,65.24,65.3,65.24,65.27,7529.0,65.274,41
2024-10-23 11:40:00-04:00,65.28,65.31,65.27,65.3,9436.0,65.294,70
2024-10-23 11:45:00-04:00,65.31,65.32,65.3,65.31,3284.0,65.307,27
2024-10-23 11:50:00-04:00,65.31,65.37,65.3,65.36,8377.0,65.325,57
2024-10-23 11:55:00-04:00,65.37,65.38,65.35,65.38,9045.0,65.367,63
2024-10-23 12:00:00-04:00,65.38,65.39,65.32,65.37,14168.0,65.357,86
2024-10-23 12:05:00-04:00,65.38,65.39,65.27,65.3,13520.0,65.354,83
2024-10-23 12:10:00-04:00,65.31,65.33,65.24,65.25,6499.0,65.284,54
2024-10-23 12:15:00-04:00,65.25,65.32,65.25,65.3,5293.0,65.299,41
2024-10-23 12:20:00-04:00,65.31,65.32,65.29,65.3,6624.0,65.305,40
2024-10-23 12:25:00-04:00,65.3,65.31,65.3,65.3,4351.0,65.303,33
2024-10-23 12:30:00-04:00,65.29,65.3,65.24,65.26,7700.0,65.269,58
2024-10-23 12:35:00-04:00,65.26,65.3,65.25,65.28,4871.0,65.279,38
2024-10-23 12:40:00-04:00,65.29,65.3,65.2,65.28,12257.0,65.231,73
2024-10-23 12:45:00-04:00,65.28,65.4,65.25,65.4,3192.0,65.307,27
2024-10-23 12:50:00-04:00,65.43,65.46,65.37,65.43,5829.0,65.42,48
2024-10-23 12:55:00-04:00,65.44,65.49,65.44,65.49,2671.0,65.475,17
2024-10-23 13:00:00-04:00,65.5,65.51,65.44,65.46,4715.0,65.482,39
2024-10-23 13:05:00-04:00,65.45,65.46,65.36,65.36,5057.0,65.401,42
2024-10-23 13:10:00-04:00,65.35,65.36,65.28,65.31,7839.0,65.322,59
2024-10-23 13:15:00-04:00,65.32,65.32,65.28,65.28,5449.0,65.303,46
2024-10-23 13:20:00-04:00,65.28,65.29,65.25,65.26,5335.0,65.27,49
2024-10-23 13:25:00-04:00,65.26,65.27,65.24,65.25,5197.0,65.25,35
2024-10-23 13:30:00-04:00,65.25,65.27,65.23,65.27,5566.0,65.246,47
2024-10-23 13:35:00-04:00,65.25,65.28,65.25,65.28,3275.0,65.272,22
2024-10-23 13:40:00-04:00,65.28,65.3,65.27,65.3,4338.0,65.283,35
2024-10-23 13:45:00-04:00,65.29,65.31,65.28,65.3,5031.0,65.296,34
2024-10-23 13:50:00-04:00,65.3,65.32,65.28,65.28,6909.0,65.304,53
2024-10-23 13:55:00-04:00,65.28,65.28,65.25,65.27,5725.0,65.261,39
2024-10-23 14:00:00-04:00,65.27,65.27,65.15,65.16,6129.0,65.194,43
2024-10-23 14:05:00-04:00,65.18,65.2,65.16,65.18,5784.0,65.18,36
2024-10-23 14:10:00-04:00,65.17,65.17,65.15,65.17,10050.0,65.157,60
2024-10-23 14:15:00-04:00,65.17,65.17,65.08,65.08,9557.0,65.134,78
2024-10-23 14:20:00-04:00,65.08,65.18,65.07,65.17,3206.0,65.126,27
2024-10-23 14:25:00-04:00,65.17,65.19,65.15,65.18,6465.0,65.171,40
2024-10-23 14:30:00-04:00,65.18,65.22,65.16,65.22,8364.0,65.18,65
2024-10-23 14:35:00-04:00,65.23,65.27,65.23,65.26,5344.0,65.252,35
2024-10-23 14:40:00-04:00,65.26,65.34,65.25,65.33,8822.0,65.288,71
2024-10-23 14:45:00-04:00,65.32,65.33,65.27,65.28,11507.0,65.304,82
2024-10-23 14:50:00-04:00,65.28,65.35,65.28,65.35,18919.0,65.324,61
2024-10-23 14:55:00-04:00,65.39,65.41,65.32,65.38,10721.0,65.376,77
2024-10-23 15:00:00-04:00,65.38,65.38,65.35,65.37,5985.0,65.362,49
2024-10-23 15:05:00-04:00,65.36,65.44,65.35,65.42,8860.0,65.389,65
2024-10-23 15:10:00-04:00,65.42,65.49,65.42,65.48,14116.0,65.462,112
2024-10-23 15:15:00-04:00,65.47,65.56,65.46,65.56,10143.0,65.499,77
2024-10-23 15:20:00-04:00,65.56,65.56,65.45,65.45,12004.0,65.523,84
2024-10-23 15:25:00-04:00,65.45,65.48,65.42,65.47,9781.0,65.456,67
2024-10-23 15:30:00-04:00,65.47,65.52,65.44,65.51,8507.0,65.476,72
2024-10-23 15:35:00-04:00,65.51,65.51,65.46,65.46,9691.0,65.487,76
2024-10-23 15:40:00-04:00,65.46,65.57,65.46,65.53,12412.0,65.539,83
2024-10-23 15:45:00-04:00,65.53,65.54,65.48,65.5,11588.0,65.507,89
2024-10-23 15:50:00-04:00,65.5,65.6,65.48,65.48,51154.0,65.533,337
2024-10-23 15:55:00-04:00,65.48,65.51,65.47,65.48,64871.0,65.495,415
2024-10-24 09:30:00-04:00,65.43,65.44,64.58,64.58,33918.0,65.064,138
2024-10-24 09:35:00-04:00,64.68,65.03,64.66,65.03,9930.0,64.78,65
2024-10-24 09:40:00-04:00,65.09,65.42,65.09,65.2,11027.0,65.24,83
2024-10-24 09:45:00-04:00,65.2,65.43,65.0,65.35,15846.0,65.218,83
2024-10-24 09:50:00-04:00,65.36,65.41,65.25,65.29,4839.0,65.316,44
2024-10-24 09:55:00-04:00,65.3,65.43,65.3,65.36,6310.0,65.39,46
2024-10-24 10:00:00-04:00,65.36,65.36,65.18,65.18,11745.0,65.302,38
2024-10-24 10:05:00-04:00,65.18,65.24,65.18,65.22,7555.0,65.212,53
2024-10-24 10:10:00-04:00,65.22,65.22,65.01,65.01,4456.0,65.138,30
2024-10-24 10:15:00-04:00,64.98,65.1,64.94,65.06,15307.0,65.018,110
2024-10-24 10:20:00-04:00,65.08,65.14,65.08,65.09,17709.0,65.109,110
2024-10-24 10:25:00-04:00,65.08,65.21,65.08,65.17,11752.0,65.167,68
2024-10-24 10:30:00-04:00,65.16,65.25,65.14,65.25,10376.0,65.183,76
2024-10-24 10:35:00-04:00,65.25,65.26,65.17,65.18,3831.0,65.21,28
2024-10-24 10:40:00-04:00,65.2,65.23,65.17,65.18,5384.0,65.206,46
2024-10-24 10:45:00-04:00,65.17,65.19,65.11,65.14,5933.0,65.145,49
2024-10-24 10:50:00-04:00,65.14,65.15,65.01,65.03,8943.0,65.06,64
2024-10-24 10:55:00-04:00,65.03,65.14,65.02,65.12,17533.0,65.09,84
2024-10-24 11:00:00-04:00,65.13,65.13,65.0,65.0,3793.0,65.064,33
2024-10-24 11:05:00-04:00,65.01,65.03,65.0,65.03,2764.0,65.009,25
2024-10-24 11:10:00-04:00,65.05,65.06,65.0,65.06,3987.0,65.033,30
2024-10-24 11:15:00-04:00,65.07,65.08,65.03,65.03,2894.0,65.061,18
2024-10-24 11:20:00-04:00,65.03,65.09,65.0,65.05,15265.0,65.036,93
2024-10-24 11:25:00-04:00,65.05,65.05,64.95,64.96,9107.0,65.019,55
2024-10-24 11:30:00-04:00,64.95,64.95,64.86,64.9,3626.0,64.902,25
2024-10-24 11:35:00-04:00,64.89,64.91,64.83,64.83,3963.0,64.881,30
2024-10-24 11:40:00-04:00,64.84,64.88,64.77,64.84,19339.0,64.838,102
2024-10-24 11:45:00-04:00,64.88,64.88,64.83,64.83,2571.0,64.866,17
2024-10-24 11:50:00-04:00,64.83,64.83,64.77,64.83,4512.0,64.797,38
2024-10-24 11:55:00-04:00,64.86,64.88,64.82,64.83,8706.0,64.851,50
2024-10-24 12:00:00-04:00,64.83,64.83,64.81,64.83,12443.0,64.818,48
2024-10-24 12:05:00-04:00,64.83,64.83,64.72,64.74,9918.0,64.783,46
2024-10-24 12:10:00-04:00,64.74,64.74,64.69,64.7,2666.0,64.709,23
2024-10-24 12:15:00-04:00,64.7,64.73,64.66,64.73,4927.0,64.703,36
2024-10-24 12:20:00-04:00,64.73,64.74,64.72,64.73,3933.0,64.726,25
2024-10-24 12:25:00-04:00,64.74,64.77,64.74,64.76,3826.0,64.753,29
2024-10-24 12:30:00-04:00,64.77,64.84,64.76,64.83,3753.0,64.807,29
2024-10-24 12:35:00-04:00,64.84,64.86,64.81,64.81,4911.0,64.827,35
2024-10-24 12:40:00-04:00,64.81,64.81,64.69,64.7,4171.0,64.734,37
2024-10-24 12:45:00-04:00,64.7,64.78,64.7,64.77,6726.0,64.729,59
2024-10-24 12:50:00-04:00,64.78,64.87,64.76,64.87,4332.0,64.809,31
2024-10-24 12:55:00-04:00,64.88,64.9,64.82,64.83,5699.0,64.862,35
2024-10-24 13:00:00-04:00,64.84,64.89,64.83,64.89,11355.0,64.852,76
2024-10-24 13:05:00-04:00,64.88,64.92,64.88,64.91,3632.0,64.9,26
2024-10-24 13:10:00-04:00,64.92,64.95,64.89,64.89,2570.0,64.918,18
2024-10-24 13:15:00-04:00,64.89,64.9,64.86,64.89,3624.0,64.885,25
2024-10-24 13:20:00-04:00,64.89,64.91,64.87,64.89,3442.0,64.889,25
2024-10-24 13:25:00-04:00,64.9,64.91,64.88,64.89,3380.0,64.898,26
2024-10-24 13:30:00-04:00,64.9,64.95,64.89,64.93,5290.0,64.918,41
2024-10-24 13:35:00-04:00,64.93,64.95,64.92,64.93,2967.0,64.931,19
2024-10-24 13:40:00-04:00,64.94,64.97,64.91,64.97,5326.0,64.935,36
2024-10-24 13:45:00-04:00,64.96,64.97,64.88,64.89,5728.0,64.922,38
2024-10-24 13:50:00-04:00,64.89,64.9,64.85,64.85,4231.0,64.872,27
2024-10-24 13:55:00-04:00,64.86,64.86,64.8,64.82,4970.0,64.832,39
2024-10-24 14:00:00-04:00,64.81,64.81,64.75,64.75,3134.0,64.772,25
2024-10-24 14:05:00-04:00,64.75,64.79,64.75,64.77,5518.0,64.768,37
2024-10-24 14:10:00-04:00,64.77,64.82,64.77,64.82,5467.0,64.793,36
2024-10-24 14:15:00-04:00,64.82,64.84,64.81,64.81,3451.0,64.824,22
2024-10-24 14:20:00-04:00,64.81,64.83,64.79,64.81,3130.0,64.81,22
2024-10-24 14:25:00-04:00,64.8,64.82,64.79,64.79,4290.0,64.807,26
2024-10-24 14:30:00-04:00,64.78,64.78,64.72,64.73,6753.0,64.744,45
2024-10-24 14:35:00-04:00,64.74,64.74,64.7,64.7,5370.0,64.724,35
2024-10-24 14:40:00-04:00,64.69,64.71,64.67,64.69,3735.0,64.693,29
2024-10-24 14:45:00-04:00,64.68,64.69,64.63,64.64,43860.0,64.664,127
2024-10-24 14:50:00-04:00,64.64,64.66,64.62,64.63,5832.0,64.645,39
2024-10-24 14:55:00-04:00,64.63,64.71,64.6,64.69,8205.0,64.648,64
2024-10-24 15:00:00-04:00,64.7,64.7,64.63,64.65,6778.0,64.655,47
2024-10-24 15:05:00-04:00,64.66,64.66,64.59,64.6,14416.0,64.616,100
2024-10-24 15:10:00-04:00,64.59,64.7,64.59,64.69,9763.0,64.62,75
2024-10-24 15:15:00-04:00,64.69,64.7,64.68,64.7,9166.0,64.687,55
2024-10-24 15:20:00-04:00,64.69,64.73,64.68,64.69,7175.0,64.703,57
2024-10-24 15:25:00-04:00,64.69,64.7,64.68,64.69,7525.0,64.694,55
2024-10-24 15:30:00-04:00,64.69,64.78,64.67,64.75,9261.0,64.71,80
2024-10-24 15:35:00-04:00,64.76,64.78,64.69,64.7,7532.0,64.736,52
2024-10-24 15:40:00-04:00,64.7,64.7,64.6,64.65,20797.0,64.657,115
2024-10-24 15:45:00-04:00,64.65,64.67,64.57,64.59,16279.0,64.617,107
2024-10-24 15:50:00-04:00,64.59,64.61,64.48,64.59,52726.0,64.541,346
2024-10-24 15:55:00-04:00,64.59,64.62,64.56,64.61,78860.0,64.596,482
2024-10-25 09:30:00-04:00,64.77,64.9,64.39,64.43,12022.0,64.716,44
2024-10-25 09:35:00-04:00,64.43,64.48,63.94,64.02,18084.0,64.212,145
2024-10-25 09:40:00-04:00,63.95,64.28,63.9,63.93,15913.0,64.067,141
2024-10-25 09:45:00-04:00,63.95,64.4,63.95,64.35,18037.0,64.279,89
2024-10-25 09:50:00-04:00,64.35,64.52,64.18,64.47,26193.0,64.424,126
2024-10-25 09:55:00-04:00,64.47,64.49,64.26,64.36,27230.0,64.347,129
2024-10-25 10:00:00-04:00,64.36,64.69,64.36,64.66,6663.0,64.591,46
2024-10-25 10:05:00-04:00,64.66,64.66,64.55,64.64,5553.0,64.603,42
2024-10-25 10:10:00-04:00,64.64,64.71,64.61,64.7,3537.0,64.67,26
2024-10-25 10:15:00-04:00,64.68,64.74,64.68,64.7,4243.0,64.709,32
2024-10-25 10:20:00-04:00,64.7,64.7,64.63,64.67,6315.0,64.668,38
2024-10-25 10:25:00-04:00,64.69,64.78,64.69,64.74,4075.0,64.745,30
2024-10-25 10:30:00-04:00,64.73,64.81,64.72,64.81,6440.0,64.75,32
2024-10-25 10:35:00-04:00,64.8,64.8,64.59,64.64,7456.0,64.689,54
2024-10-25 10:40:00-04:00,64.64,64.71,64.64,64.67,2816.0,64.692,17
2024-10-25 10:45:00-04:00,64.67,64.69,64.61,64.63,3809.0,64.652,29
2024-10-25 10:50:00-04:00,64.64,64.64,64.53,64.53,17890.0,64.566,59
2024-10-25 10:55:00-04:00,64.53,64.54,64.45,64.45,9082.0,64.509,75
2024-10-25 11:00:00-04:00,64.47,64.55,64.47,64.51,9337.0,64.519,90
2024-10-25 11:05:00-04:00,64.51,64.72,64.5,64.71,6526.0,64.611,52
2024-10-25 11:10:00-04:00,64.71,64.76,64.68,64.7,5906.0,64.719,50
2024-10-25 11:15:00-04:00,64.68,64.71,64.65,64.69,3303.0,64.68,21
2024-10-25 11:20:00-04:00,64.66,64.69,64.62,64.63,4646.0,64.655,33
2024-10-25 11:25:00-04:00,64.62,64.64,64.54,64.56,5101.0,64.601,34
2024-10-25 11:30:00-04:00,64.58,64.62,64.58,64.58,2343.0,64.593,16
2024-10-25 11:35:00-04:00,64.59,64.6,64.48,64.52,3487.0,64.531,31
2024-10-25 11:40:00-04:00,64.53,64.53,64.46,64.48,1634.0,64.486,13
2024-10-25 11:45:00-04:00,64.5,64.6,64.5,64.6,2735.0,64.556,23
2024-10-25 11:50:00-04:00,64.62,64.63,64.52,64.53,10088.0,64.59,44
2024-10-25 11:55:00-04:00,64.53,64.54,64.51,64.53,3368.0,64.524,21
2024-10-25 12:00:00-04:00,64.53,64.53,64.45,64.48,13273.0,64.477,44
2024-10-25 12:05:00-04:00,64.46,64.46,64.43,64.44,1994.0,64.442,15
2024-10-25 12:10:00-04:00,64.45,64.48,64.44,64.46,3813.0,64.459,26
2024-10-25 12:15:00-04:00,64.47,64.53,64.47,64.52,5704.0,64.502,36
2024-10-25 12:20:00-04:00,64.52,64.54,64.5,64.53,2965.0,64.525,20
2024-10-25 12:25:00-04:00,64.53,64.54,64.5,64.54,2404.0,64.52,19
2024-10-25 12:30:00-04:00,64.54,64.54,64.5,64.52,4129.0,64.525,33
2024-10-25 12:35:00-04:00,64.51,64.52,64.5,64.51,3309.0,64.509,21
2024-10-25 12:40:00-04:00,64.52,64.54,64.51,64.53,4068.0,64.523,28
2024-10-25 12:45:00-04:00,64.53,64.53,64.48,64.48,2108.0,64.501,13
2024-10-25 12:50:00-04:00,64.46,64.46,64.39,64.42,3358.0,64.423,29
2024-10-25 12:55:00-04:00,64.43,64.44,64.4,64.42,3676.0,64.425,22
2024-10-25 13:00:00-04:00,64.42,64.45,64.38,64.39,4291.0,64.422,31
2024-10-25 13:05:00-04:00,64.38,64.38,64.32,64.33,4998.0,64.348,39
2024-10-25 13:10:00-04:00,64.32,64.33,64.18,64.21,11799.0,64.26,69
2024-10-25 13:15:00-04:00,64.2,64.21,64.16,64.19,5806.0,64.194,36
2024-10-25 13:20:00-04:00,64.18,64.23,64.16,64.23,5321.0,64.198,42
2024-10-25 13:25:00-04:00,64.23,64.27,64.22,64.27,5814.0,64.239,33
2024-10-25 13:30:00-04:00,64.27,64.37,64.25,64.29,5818.0,64.309,43
2024-10-25 13:35:00-04:00,64.28,64.31,64.23,64.31,4098.0,64.267,29
2024-10-25 13:40:00-04:00,64.31,64.32,64.2,64.23,6153.0,64.238,46
2024-10-25 13:45:00-04:00,64.23,64.35,64.23,64.34,6272.0,64.273,35
2024-10-25 13:50:00-04:00,64.33,64.37,64.32,64.36,3718.0,64.342,28
2024-10-25 13:55:00-04:00,64.35,64.35,64.19,64.22,5130.0,64.269,36
2024-10-25 14:00:00-04:00,64.23,64.26,64.17,64.21,6934.0,64.216,52
2024-10-25 14:05:00-04:00,64.22,64.23,64.21,64.23,3039.0,64.22,23
2024-10-25 14:10:00-04:00,64.23,64.24,64.17,64.23,4375.0,64.196,31
2024-10-25 14:15:00-04:00,64.23,64.23,64.19,64.22,7159.0,64.209,49
2024-10-25 14:20:00-04:00,64.22,64.25,64.19,64.21,5307.0,64.216,33
2024-10-25 14:25:00-04:00,64.21,64.3,64.21,64.28,6569.0,64.255,47
2024-10-25 14:30:00-04:00,64.27,64.27,64.25,64.27,2279.0,64.264,21
2024-10-25 14:35:00-04:00,64.28,64.28,64.17,64.22,20545.0,64.222,96
2024-10-25 14:40:00-04:00,64.23,64.27,64.23,64.25,2307.0,64.251,18
2024-10-25 14:45:00-04:00,64.27,64.38,64.27,64.38,3184.0,64.311,22
2024-10-25 14:50:00-04:00,64.38,64.39,64.35,64.39,7166.0,64.369,55
2024-10-25 14:55:00-04:00,64.39,64.44,64.38,64.42,5561.0,64.404,43
2024-10-25 15:00:00-04:00,64.42,64.42,64.36,64.4,8931.0,64.394,61
2024-10-25 15:05:00-04:00,64.4,64.42,64.33,64.35,6290.0,64.384,49
2024-10-25 15:10:00-04:00,64.36,64.37,64.3,64.32,5650.0,64.34,48
2024-10-25 15:15:00-04:00,64.33,64.39,64.32,64.36,7340.0,64.357,40
2024-10-25 15:20:00-04:00,64.36,64.38,64.26,64.28,8925.0,64.309,70
2024-10-25 15:25:00-04:00,64.28,64.36,64.27,64.36,6700.0,64.308,54
2024-10-25 15:30:00-04:00,64.35,64.36,64.25,64.31,8485.0,64.307,68
2024-10-25 15:35:00-04:00,64.3,64.32,64.29,64.3,11693.0,64.307,80
2024-10-25 15:40:00-04:00,64.3,64.3,64.19,64.19,12646.0,64.241,111
2024-10-25 15:45:00-04:00,64.19,64.2,64.15,64.16,32243.0,64.195,158
2024-10-25 15:50:00-04:00,64.15,64.16,64.02,64.05,42743.0,64.063,261
2024-10-25 15:55:00-04:00,64.04,64.04,63.92,64.03,90057.0,63.978,466
2024-10-28 09:30:00-04:00,64.57,64.9,64.48,64.76,13528.0,64.623,42
2024-10-28 09:35:00-04:00,64.75,64.87,64.74,64.8,4329.0,64.822,41
2024-10-28 09:40:00-04:00,64.8,64.98,64.8,64.93,5834.0,64.883,53
2024-10-28 09:45:00-04:00,64.92,64.98,64.79,64.93,13631.0,64.888,118
2024-10-28 09:50:00-04:00,64.93,64.93,64.85,64.86,4953.0,64.867,41
2024-10-28 09:55:00-04:00,64.89,64.91,64.8,64.81,4595.0,64.862,38
2024-10-28 10:00:00-04:00,64.8,64.81,64.67,64.67,8112.0,64.762,53
2024-10-28 10:05:00-04:00,64.69,64.72,64.66,64.66,2580.0,64.691,23
2024-10-28 10:10:00-04:00,64.67,64.71,64.66,64.68,2633.0,64.681,24
2024-10-28 10:15:00-04:00,64.69,64.7,64.62,64.64,5860.0,64.663,48
2024-10-28 10:20:00-04:00,64.63,64.75,64.62,64.73,10292.0,64.662,71
2024-10-28 10:25:00-04:00,64.77,64.87,64.75,64.85,29065.0,64.786,85
2024-10-28 10:30:00-04:00,64.84,64.85,64.74,64.83,8583.0,64.795,66
2024-10-28 10:35:00-04:00,64.82,64.85,64.79,64.8,5802.0,64.812,37
2024-10-28 10:40:00-04:00,64.82,64.85,64.77,64.84,7762.0,64.811,57
2024-10-28 10:45:00-04:00,64.83,64.89,64.83,64.88,2267.0,64.865,20
2024-10-28 10:50:00-04:00,64.87,64.88,64.8,64.8,6389.0,64.832,51
2024-10-28 10:55:00-04:00,64.81,64.99,64.81,64.97,9778.0,64.917,84
2024-10-28 11:00:00-04:00,64.98,64.99,64.9,64.93,3364.0,64.943,26
2024-10-28 11:05:00-04:00,64.92,64.96,64.92,64.96,3147.0,64.946,24
2024-10-28 11:10:00-04:00,64.96,65.05,64.95,65.05,5188.0,65.012,43
2024-10-28 11:15:00-04:00,65.05,65.06,65.02,65.04,3707.0,65.043,30
2024-10-28 11:20:00-04:00,65.05,65.05,64.98,64.99,4691.0,65.024,41
2024-10-28 11:25:00-04:00,64.99,65.04,64.97,64.97,5047.0,65.001,42
2024-10-28 11:30:00-04:00,64.98,64.98,64.77,64.77,3787.0,64.858,24
2024-10-28 11:35:00-04:00,64.79,64.8,64.75,64.77,5361.0,64.779,40
2024-10-28 11:40:00-04:00,64.77,64.78,64.74,64.76,3493.0,64.762,22
2024-10-28 11:45:00-04:00,64.77,64.82,64.75,64.82,5347.0,64.777,34
2024-10-28 11:50:00-04:00,64.81,64.81,64.76,64.79,13881.0,64.777,68
2024-10-28 11:55:00-04:00,64.78,64.82,64.76,64.78,6088.0,64.787,46
2024-10-28 12:00:00-04:00,64.77,64.81,64.76,64.78,3839.0,64.784,28
2024-10-28 12:05:00-04:00,64.78,64.8,64.77,64.79,1834.0,64.787,14
2024-10-28 12:10:00-04:00,64.8,64.85,64.78,64.83,19158.0,64.832,51
2024-10-28 12:15:00-04:00,64.85,64.85,64.78,64.8,4990.0,64.812,41
2024-10-28 12:20:00-04:00,64.8,64.82,64.79,64.8,4109.0,64.804,31
2024-10-28 12:25:00-04:00,64.8,64.83,64.8,64.81,5634.0,64.814,41
2024-10-28 12:30:00-04:00,64.83,64.83,64.78,64.78,4466.0,64.802,31
2024-10-28 12:35:00-04:00,64.77,64.78,64.72,64.76,11053.0,64.735,34
2024-10-28 12:40:00-04:00,64.76,64.76,64.7,64.74,1831.0,64.726,16
2024-10-28 12:45:00-04:00,64.75,64.75,64.67,64.69,3157.0,64.701,29
2024-10-28 12:50:00-04:00,64.68,64.71,64.67,64.7,2311.0,64.696,19
2024-10-28 12:55:00-04:00,64.7,64.71,64.67,64.71,3840.0,64.694,30
2024-10-28 13:00:00-04:00,64.71,64.72,64.66,64.66,1661.0,64.693,15
2024-10-28 13:05:00-04:00,64.66,64.66,64.63,64.64,3562.0,64.647,27
2024-10-28 13:10:00-04:00,64.64,64.64,64.59,64.59,3664.0,64.617,25
2024-10-28 13:15:00-04:00,64.6,64.63,64.59,64.62,4873.0,64.61,36
2024-10-28 13:20:00-04:00,64.63,64.66,64.62,64.65,3783.0,64.649,24
2024-10-28 13:25:00-04:00,64.65,64.65,64.62,64.64,3368.0,64.627,19
2024-10-28 13:30:00-04:00,64.64,64.67,64.64,64.67,4653.0,64.659,38
2024-10-28 13:35:00-04:00,64.67,64.7,64.65,64.65,8314.0,64.674,53
2024-10-28 13:40:00-04:00,64.65,64.65,64.61,64.64,5837.0,64.626,52
2024-10-28 13:45:00-04:00,64.64,64.66,64.62,64.63,3590.0,64.643,31
2024-10-28 13:50:00-04:00,64.61,64.61,64.58,64.58,3385.0,64.599,28
2024-10-28 13:55:00-04:00,64.58,64.6,64.57,64.58,4503.0,64.584,37
2024-10-28 14:00:00-04:00,64.57,64.58,64.54,64.58,5337.0,64.562,49
2024-10-28 14:05:00-04:00,64.57,64.62,64.57,64.57,14882.0,64.583,43
2024-10-28 14:10:00-04:00,64.56,64.58,64.55,64.56,3260.0,64.569,30
2024-10-28 14:15:00-04:00,64.56,64.57,64.52,64.54,6447.0,64.547,48
2024-10-28 14:20:00-04:00,64.55,64.55,64.49,64.5,7426.0,64.513,57
2024-10-28 14:25:00-04:00,64.5,64.5,64.47,64.48,6582.0,64.484,56
2024-10-28 14:30:00-04:00,64.48,64.54,64.47,64.49,8649.0,64.51,65
2024-10-28 14:35:00-04:00,64.48,64.49,64.45,64.48,7850.0,64.474,47
2024-10-28 14:40:00-04:00,64.5,64.5,64.45,64.47,7159.0,64.486,56
2024-10-28 14:45:00-04:00,64.47,64.48,64.44,64.48,8791.0,64.464,52
2024-10-28 14:50:00-04:00,64.48,64.55,64.47,64.52,14139.0,64.501,97
2024-10-28 14:55:00-04:00,64.52,64.52,64.47,64.48,10755.0,64.498,83
2024-10-28 15:00:00-04:00,64.48,64.6,64.47,64.58,10285.0,64.538,85
2024-10-28 15:05:00-04:00,64.58,64.61,64.56,64.57,6713.0,64.581,59
2024-10-28 15:10:00-04:00,64.57,64.57,64.54,64.54,8496.0,64.556,73
2024-10-28 15:15:00-04:00,64.53,64.59,64.53,64.59,10082.0,64.56,87
2024-10-28 15:20:00-04:00,64.59,64.66,64.58,64.65,7657.0,64.622,70
2024-10-28 15:25:00-04:00,64.65,64.69,64.64,64.67,10085.0,64.67,83
2024-10-28 15:30:00-04:00,64.67,64.73,64.66,64.73,13700.0,64.692,114
2024-10-28 15:35:00-04:00,64.73,64.76,64.73,64.76,11784.0,64.74,93
2024-10-28 15:40:00-04:00,64.78,64.8,64.77,64.79,11143.0,64.79,93
2024-10-28 15:45:00-04:00,64.8,64.83,64.73,64.75,32474.0,64.789,164
2024-10-28 15:50:00-04:00,64.73,64.74,64.63,64.63,40705.0,64.681,240
2024-10-28 15:55:00-04:00,64.64,64.64,64.56,64.6,96820.0,64.606,635
2024-10-29 09:30:00-04:00,64.14,64.25,64.0,64.22,13035.0,64.139,52
2024-10-29 09:35:00-04:00,64.22,64.22,63.85,64.01,5704.0,63.957,50
2024-10-29 09:40:00-04:00,64.07,64.08,63.93,63.99,8572.0,64.008,68
2024-10-29 09:45:00-04:00,63.99,64.02,63.93,63.96,7992.0,63.964,62
2024-10-29 09:50:00-04:00,63.93,64.01,63.89,63.94,8155.0,63.957,66
2024-10-29 09:55:00-04:00,63.97,63.97,63.83,63.9,8053.0,63.895,70
2024-10-29 10:00:00-04:00,63.87,63.91,63.78,63.87,7410.0,63.856,55
2024-10-29 10:05:00-04:00,63.84,63.89,63.77,63.8,12019.0,63.833,79
2024-10-29 10:10:00-04:00,63.83,63.83,63.67,63.69,7413.0,63.731,58
2024-10-29 10:15:00-04:00,63.71,63.8,63.69,63.77,3719.0,63.741,28
2024-10-29 10:20:00-04:00,63.77,63.85,63.69,63.85,10169.0,63.773,78
2024-10-29 10:25:00-04:00,63.88,63.88,63.79,63.82,7107.0,63.856,49
2024-10-29 10:30:00-04:00,63.8,63.85,63.76,63.85,4973.0,63.819,32
2024-10-29 10:35:00-04:00,63.85,63.89,63.81,63.88,35285.0,63.877,246
2024-10-29 10:40:00-04:00,63.88,63.88,63.78,63.8,8038.0,63.834,55
2024-10-29 10:45:00-04:00,63.79,63.79,63.64,63.65,5860.0,63.691,37
2024-10-29 10:50:00-04:00,63.67,63.71,63.66,63.67,6052.0,63.683,49
2024-10-29 10:55:00-04:00,63.67,63.69,63.64,63.64,7627.0,63.669,51
2024-10-29 11:00:00-04:00,63.65,63.66,63.56,63.61,7050.0,63.617,53
2024-10-29 11:05:00-04:00,63.65,63.67,63.6,63.6,9308.0,63.65,81
2024-10-29 11:10:00-04:00,63.61,63.62,63.59,63.61,4409.0,63.61,39
2024-10-29 11:15:00-04:00,63.62,63.62,63.55,63.57,6621.0,63.585,55
2024-10-29 11:20:00-04:00,63.57,63.59,63.53,63.57,4516.0,63.565,37
2024-10-29 11:25:00-04:00,63.57,63.58,63.53,63.57,5652.0,63.557,39
2024-10-29 11:30:00-04:00,63.57,63.64,63.57,63.63,7161.0,63.611,43
2024-10-29 11:35:00-04:00,63.64,63.65,63.62,63.63,3476.0,63.644,30
2024-10-29 11:40:00-04:00,63.63,63.65,63.6,63.62,5758.0,63.625,48
2024-10-29 11:45:00-04:00,63.63,63.63,63.58,63.59,3776.0,63.6,32
2024-10-29 11:50:00-04:00,63.59,63.59,63.45,63.48,6288.0,63.518,53
2024-10-29 11:55:00-04:00,63.48,63.48,63.4,63.43,11588.0,63.436,69
2024-10-29 12:00:00-04:00,63.44,63.44,63.39,63.41,7394.0,63.414,55
2024-10-29 12:05:00-04:00,63.41,63.44,63.39,63.39,3587.0,63.418,28
2024-10-29 12:10:00-04:00,63.4,63.44,63.39,63.44,4523.0,63.418,38
2024-10-29 12:15:00-04:00,63.44,63.44,63.36,63.38,5841.0,63.39,42
2024-10-29 12:20:00-04:00,63.36,63.36,63.35,63.36,3545.0,63.356,28
2024-10-29 12:25:00-04:00,63.36,63.46,63.36,63.45,8362.0,63.425,57
2024-10-29 12:30:00-04:00,63.47,63.57,63.47,63.56,6264.0,63.52,43
2024-10-29 12:35:00-04:00,63.55,63.56,63.51,63.51,6724.0,63.536,44
2024-10-29 12:40:00-04:00,63.5,63.53,63.48,63.51,5858.0,63.504,42
2024-10-29 12:45:00-04:00,63.5,63.5,63.42,63.42,7311.0,63.454,57
2024-10-29 12:50:00-04:00,63.42,63.48,63.4,63.48,6404.0,63.434,47
2024-10-29 12:55:00-04:00,63.46,63.46,63.42,63.42,5735.0,63.441,38
2024-10-29 13:00:00-04:00,63.44,63.53,63.43,63.51,8448.0,63.476,68
2024-10-29 13:05:00-04:00,63.51,63.53,63.5,63.5,4452.0,63.509,33
2024-10-29 13:10:00-04:00,63.5,63.52,63.46,63.51,9009.0,63.485,67
2024-10-29 13:15:00-04:00,63.51,63.51,63.46,63.48,4048.0,63.482,34
2024-10-29 13:20:00-04:00,63.47,63.57,63.46,63.57,5302.0,63.497,46
2024-10-29 13:25:00-04:00,63.57,63.58,63.53,63.54,5918.0,63.56,48
2024-10-29 13:30:00-04:00,63.53,63.53,63.43,63.43,4160.0,63.477,34
2024-10-29 13:35:00-04:00,63.44,63.52,63.43,63.48,25093.0,63.478,62
2024-10-29 13:40:00-04:00,63.47,63.49,63.42,63.45,5099.0,63.45,39
2024-10-29 13:45:00-04:00,63.45,63.49,63.43,63.48,6035.0,63.453,45
2024-10-29 13:50:00-04:00,63.49,63.49,63.47,63.48,2522.0,63.482,21
2024-10-29 13:55:00-04:00,63.5,63.57,63.49,63.57,4017.0,63.542,29
2024-10-29 14:00:00-04:00,63.56,63.56,63.54,63.55,3651.0,63.554,30
2024-10-29 14:05:00-04:00,63.55,63.55,63.52,63.54,6452.0,63.537,48
2024-10-29 14:10:00-04:00,63.54,63.54,63.51,63.52,4157.0,63.526,32
2024-10-29 14:15:00-04:00,63.52,63.55,63.5,63.54,6038.0,63.533,40
2024-10-29 14:20:00-04:00,63.54,63.56,63.53,63.56,6114.0,63.542,43
2024-10-29 14:25:00-04:00,63.57,63.57,63.55,63.57,3391.0,63.562,23
2024-10-29 14:30:00-04:00,63.57,63.64,63.56,63.63,7222.0,63.608,51
2024-10-29 14:35:00-04:00,63.64,63.66,63.63,63.65,5704.0,63.647,44
2024-10-29 14:40:00-04:00,63.64,63.66,63.62,63.63,4086.0,63.638,31
2024-10-29 14:45:00-04:00,63.63,63.66,63.61,63.66,8824.0,63.632,56
2024-10-29 14:50:00-04:00,63.66,63.66,63.6,63.61,4895.0,63.616,30
2024-10-29 14:55:00-04:00,63.61,63.61,63.57,63.58,6202.0,63.598,43
2024-10-29 15:00:00-04:00,63.58,63.58,63.54,63.58,5940.0,63.56,48
2024-10-29 15:05:00-04:00,63.57,63.58,63.55,63.58,5871.0,63.561,44
2024-10-29 15:10:00-04:00,63.58,63.61,63.53,63.54,5474.0,63.571,37
2024-10-29 15:15:00-04:00,63.54,63.56,63.52,63.55,7515.0,63.534,49
2024-10-29 15:20:00-04:00,63.55,63.59,63.55,63.58,5527.0,63.569,34
2024-10-29 15:25:00-04:00,63.58,63.62,63.5,63.6,32564.0,63.542,154
2024-10-29 15:30:00-04:00,63.61,63.65,63.6,63.64,7675.0,63.63,49
2024-10-29 15:35:00-04:00,63.63,63.63,63.56,63.59,8070.0,63.595,60
2024-10-29 15:40:00-04:00,63.58,63.61,63.56,63.57,11875.0,63.59,98
2024-10-29 15:45:00-04:00,63.57,63.57,63.45,63.5,17940.0,63.524,142
2024-10-29 15:50:00-04:00,63.5,63.5,63.4,63.4,20330.0,63.443,157
2024-10-29 15:55:00-04:00,63.4,63.41,63.3,63.34,107220.0,63.353,627
2024-10-30 09:30:00-04:00,63.13,63.52,62.96,63.47,20422.0,63.169,63
2024-10-30 09:35:00-04:00,63.55,63.99,63.55,63.96,8835.0,63.809,57
2024-10-30 09:40:00-04:00,64.0,64.13,63.91,64.01,5570.0,63.997,41
2024-10-30 09:45:00-04:00,64.05,64.16,63.96,64.12,10171.0,64.036,51
2024-10-30 09:50:00-04:00,64.08,64.15,63.96,64.06,7807.0,64.047,44
2024-10-30 09:55:00-04:00,64.07,64.13,64.03,64.06,5876.0,64.095,53
2024-10-30 10:00:00-04:00,64.06,64.08,63.88,63.94,10454.0,64.02,63
2024-10-30 10:05:00-04:00,63.93,63.98,63.88,63.89,7023.0,63.934,60
2024-10-30 10:10:00-04:00,63.88,63.93,63.82,63.92,6103.0,63.877,52
2024-10-30 10:15:00-04:00,63.95,64.02,63.91,63.91,7997.0,63.951,46
2024-10-30 10:20:00-04:00,63.92,63.92,63.75,63.83,9628.0,63.841,65
2024-10-30 10:25:00-04:00,63.83,63.92,63.8,63.9,7298.0,63.855,61
2024-10-30 10:30:00-04:00,63.91,63.92,63.72,63.83,10447.0,63.83,66
2024-10-30 10:35:00-04:00,63.81,63.86,63.77,63.82,7190.0,63.833,48
2024-10-30 10:40:00-04:00,63.82,63.87,63.76,63.76,11760.0,63.798,78
2024-10-30 10:45:00-04:00,63.74,63.87,63.72,63.86,6206.0,63.788,51
2024-10-30 10:50:00-04:00,63.87,63.87,63.79,63.84,5859.0,63.833,47
2024-10-30 10:55:00-04:00,63.83,63.94,63.82,63.83,8982.0,63.883,77
2024-10-30 11:00:00-04:00,63.83,63.92,63.82,63.86,10704.0,63.866,65
2024-10-30 11:05:00-04:00,63.86,63.87,63.76,63.87,5420.0,63.83,41
2024-10-30 11:10:00-04:00,63.87,63.89,63.78,63.84,10815.0,63.845,75
2024-10-30 11:15:00-04:00,63.83,63.84,63.79,63.83,4861.0,63.823,35
2024-10-30 11:20:00-04:00,63.84,63.89,63.8,63.88,7432.0,63.856,46
2024-10-30 11:25:00-04:00,63.88,63.88,63.76,63.77,6993.0,63.842,58
2024-10-30 11:30:00-04:00,63.77,63.87,63.72,63.77,10024.0,63.809,68
2024-10-30 11:35:00-04:00,63.77,63.79,63.72,63.73,4917.0,63.773,42
2024-10-30 11:40:00-04:00,63.74,63.77,63.72,63.77,10618.0,63.749,83
2024-10-30 11:45:00-04:00,63.82,63.87,63.79,63.79,5743.0,63.847,51
2024-10-30 11:50:00-04:00,63.79,63.81,63.69,63.7,5754.0,63.752,35
2024-10-30 11:55:00-04:00,63.69,63.69,63.56,63.64,17472.0,63.624,135
2024-10-30 12:00:00-04:00,63.64,63.65,63.58,63.64,6922.0,63.62,57
2024-10-30 12:05:00-04:00,63.65,63.66,63.63,63.64,7243.0,63.645,45
2024-10-30 12:10:00-04:00,63.64,63.68,63.62,63.68,8868.0,63.632,53
2024-10-30 12:15:00-04:00,63.68,63.68,63.59,63.59,6341.0,63.635,53
2024-10-30 12:20:00-04:00,63.59,63.63,63.59,63.62,5866.0,63.617,41
2024-10-30 12:25:00-04:00,63.62,63.64,63.52,63.6,11617.0,63.595,81
2024-10-30 12:30:00-04:00,63.59,63.68,63.58,63.68,9414.0,63.625,77
2024-10-30 12:35:00-04:00,63.68,63.68,63.62,63.63,8894.0,63.663,66
2024-10-30 12:40:00-04:00,63.62,63.67,63.58,63.65,7992.0,63.613,57
2024-10-30 12:45:00-04:00,63.64,63.68,63.62,63.67,3805.0,63.653,29
2024-10-30 12:50:00-04:00,63.67,63.71,63.67,63.68,4286.0,63.681,33
2024-10-30 12:55:00-04:00,63.69,63.71,63.66,63.69,6290.0,63.695,54
2024-10-30 13:00:00-04:00,63.67,63.68,63.64,63.64,3700.0,63.665,31
2024-10-30 13:05:00-04:00,63.64,63.69,63.64,63.64,6746.0,63.66,52
2024-10-30 13:10:00-04:00,63.64,63.81,63.62,63.77,120325.0,63.667,80
2024-10-30 13:15:00-04:00,63.76,63.86,63.76,63.8,18941.0,63.838,59
2024-10-30 13:20:00-04:00,63.81,63.95,63.77,63.95,61040.0,63.86,84
2024-10-30 13:25:00-04:00,63.94,63.94,63.85,63.89,5037.0,63.895,38
2024-10-30 13:30:00-04:00,63.88,63.88,63.71,63.72,6627.0,63.783,56
2024-10-30 13:35:00-04:00,63.72,63.76,63.7,63.73,5614.0,63.73,42
2024-10-30 13:40:00-04:00,63.72,63.74,63.71,63.71,3638.0,63.719,31
2024-10-30 13:45:00-04:00,63.71,63.74,63.68,63.73,5080.0,63.714,39
2024-10-30 13:50:00-04:00,63.74,63.77,63.71,63.76,6607.0,63.735,57
2024-10-30 13:55:00-04:00,63.77,63.82,63.77,63.81,12067.0,63.79,96
2024-10-30 14:00:00-04:00,63.82,63.87,63.8,63.82,10766.0,63.842,63
2024-10-30 14:05:00-04:00,63.83,63.92,63.83,63.9,9304.0,63.876,68
2024-10-30 14:10:00-04:00,63.91,63.91,63.8,63.83,8490.0,63.858,63
2024-10-30 14:15:00-04:00,63.84,63.84,63.82,63.82,4158.0,63.834,32
2024-10-30 14:20:00-04:00,63.83,63.9,63.83,63.86,64764.0,63.847,169
2024-10-30 14:25:00-04:00,63.87,63.89,63.84,63.84,11043.0,63.862,84
2024-10-30 14:30:00-04:00,63.84,63.87,63.83,63.85,9366.0,63.852,53
2024-10-30 14:35:00-04:00,63.85,63.88,63.84,63.85,7130.0,63.86,47
2024-10-30 14:40:00-04:00,63.85,63.85,63.83,63.84,13734.0,63.842,115
2024-10-30 14:45:00-04:00,63.84,63.91,63.83,63.89,42337.0,63.846,104
2024-10-30 14:50:00-04:00,63.9,63.95,63.87,63.92,7941.0,63.909,66
2024-10-30 14:55:00-04:00,63.93,63.97,63.89,63.95,7136.0,63.928,61
2024-10-30 15:00:00-04:00,63.94,63.95,63.9,63.95,8720.0,63.92,67
2024-10-30 15:05:00-04:00,63.95,63.96,63.91,63.96,15404.0,63.933,93
2024-10-30 15:10:00-04:00,63.96,64.05,63.95,64.02,11011.0,63.995,80
2024-10-30 15:15:00-04:00,64.02,64.07,64.0,64.05,13360.0,64.036,99
2024-10-30 15:20:00-04:00,64.05,64.1,64.04,64.08,14951.0,64.064,113
2024-10-30 15:25:00-04:00,64.08,64.13,64.07,64.11,12670.0,64.103,106
2024-10-30 15:30:00-04:00,64.11,64.2,64.1,64.18,18749.0,64.146,133
2024-10-30 15:35:00-04:00,64.19,64.25,64.17,64.23,21677.0,64.214,169
2024-10-30 15:40:00-04:00,64.21,64.23,64.14,64.17,48151.0,64.205,194
2024-10-30 15:45:00-04:00,64.18,64.22,64.11,64.19,21564.0,64.156,162
2024-10-30 15:50:00-04:00,64.2,64.24,64.13,64.15,59852.0,64.181,452
2024-10-30 15:55:00-04:00,64.15,64.26,64.1,64.2,140265.0,64.19,845
2024-10-31 09:30:00-04:00,64.76,64.8,61.95,62.1,88904.0,63.374,421
2024-10-31 09:35:00-04:00,61.96,62.03,61.39,61.52,35602.0,61.639,317
2024-10-31 09:40:00-04:00,61.55,61.81,61.25,61.49,18623.0,61.499,154
2024-10-31 09:45:00-04:00,61.49,61.49,61.18,61.19,39701.0,61.336,292
2024-10-31 09:50:00-04:00,61.24,61.71,61.03,61.13,20241.0,61.395,167
2024-10-31 09:55:00-04:00,61.16,61.26,61.01,61.14,25241.0,61.125,154
2024-10-31 10:00:00-04:00,61.18,61.35,60.85,60.9,25587.0,61.145,117
2024-10-31 10:05:00-04:00,60.85,61.04,60.73,61.04,21053.0,60.87,156
2024-10-31 10:10:00-04:00,61.03,61.04,60.79,60.83,11884.0,60.94,105
2024-10-31 10:15:00-04:00,60.86,61.24,60.83,60.95,12048.0,61.073,104
2024-10-31 10:20:00-04:00,60.99,61.18,60.94,60.98,23903.0,61.014,158
2024-10-31 10:25:00-04:00,61.02,61.03,60.83,60.98,19553.0,60.905,158
2024-10-31 10:30:00-04:00,60.96,61.47,60.96,61.41,14975.0,61.196,129
2024-10-31 10:35:00-04:00,61.42,61.43,61.15,61.18,8172.0,61.293,69
2024-10-31 10:40:00-04:00,61.15,61.18,60.93,61.18,13476.0,61.024,90
2024-10-31 10:45:00-04:00,61.2,61.48,61.2,61.48,11355.0,61.31,101
2024-10-31 10:50:00-04:00,61.47,61.48,61.09,61.12,19803.0,61.322,169
2024-10-31 10:55:00-04:00,61.09,61.12,61.01,61.04,22320.0,61.062,177
2024-10-31 11:00:00-04:00,61.04,61.04,60.72,60.73,17360.0,60.833,135
2024-10-31 11:05:00-04:00,60.74,60.76,60.45,60.47,23201.0,60.611,178
2024-10-31 11:10:00-04:00,60.47,60.72,60.44,60.47,27138.0,60.572,238
2024-10-31 11:15:00-04:00,60.46,60.7,60.4,60.7,13001.0,60.542,97
2024-10-31 11:20:00-04:00,60.66,60.87,60.58,60.72,21403.0,60.697,189
2024-10-31 11:25:00-04:00,60.72,60.73,60.5,60.53,11980.0,60.58,86
2024-10-31 11:30:00-04:00,60.54,60.68,60.53,60.65,16048.0,60.587,134
2024-10-31 11:35:00-04:00,60.65,60.73,60.58,60.59,13708.0,60.671,106
2024-10-31 11:40:00-04:00,60.6,60.71,60.56,60.69,13707.0,60.632,114
2024-10-31 11:45:00-04:00,60.7,60.74,60.68,60.72,5944.0,60.714,51
2024-10-31 11:50:00-04:00,60.72,60.86,60.69,60.81,13646.0,60.76,116
2024-10-31 11:55:00-04:00,60.8,60.87,60.78,60.83,23786.0,60.837,179
2024-10-31 12:00:00-04:00,60.83,60.86,60.64,60.66,15637.0,60.825,112
2024-10-31 12:05:00-04:00,60.65,60.7,60.64,60.66,2069.0,60.672,19
2024-10-31 12:10:00-04:00,60.69,60.72,60.55,60.62,5540.0,60.649,51
2024-10-31 12:15:00-04:00,60.65,60.79,60.65,60.75,10489.0,60.716,78
2024-10-31 12:20:00-04:00,60.73,60.78,60.71,60.71,4670.0,60.747,33
2024-10-31 12:25:00-04:00,60.7,60.79,60.67,60.79,3110.0,60.732,26
2024-10-31 12:30:00-04:00,60.75,60.83,60.72,60.72,5488.0,60.793,43
2024-10-31 12:35:00-04:00,60.71,60.78,60.7,60.78,3130.0,60.736,23
2024-10-31 12:40:00-04:00,60.84,60.86,60.63,60.63,7657.0,60.784,67
2024-10-31 12:45:00-04:00,60.66,60.7,60.66,60.66,3687.0,60.683,33
2024-10-31 12:50:00-04:00,60.68,60.76,60.67,60.75,2745.0,60.728,22
2024-10-31 12:55:00-04:00,60.76,60.76,60.66,60.67,2557.0,60.709,24
2024-10-31 13:00:00-04:00,60.67,60.78,60.66,60.66,6999.0,60.703,56
2024-10-31 13:05:00-04:00,60.61,60.61,60.57,60.58,2300.0,60.583,21
2024-10-31 13:10:00-04:00,60.59,60.59,60.5,60.54,7206.0,60.535,56
2024-10-31 13:15:00-04:00,60.56,60.61,60.53,60.58,8923.0,60.571,71
2024-10-31 13:20:00-04:00,60.58,60.62,60.56,60.57,2600.0,60.59,23
2024-10-31 13:25:00-04:00,60.55,60.65,60.55,60.59,10300.0,60.602,84
2024-10-31 13:30:00-04:00,60.6,60.65,60.53,60.56,6222.0,60.581,46
2024-10-31 13:35:00-04:00,60.57,60.65,60.56,60.62,7062.0,60.615,57
2024-10-31 13:40:00-04:00,60.61,60.61,60.5,60.51,6190.0,60.549,52
2024-10-31 13:45:00-04:00,60.52,60.59,60.52,60.59,7016.0,60.539,57
2024-10-31 13:50:00-04:00,60.59,60.61,60.51,60.54,7440.0,60.554,57
2024-10-31 13:55:00-04:00,60.55,60.6,60.54,60.6,16024.0,60.579,125
2024-10-31 14:00:00-04:00,60.6,60.6,60.45,60.46,10771.0,60.538,88
2024-10-31 14:05:00-04:00,60.48,60.48,60.29,60.32,17348.0,60.36,110
2024-10-31 14:10:00-04:00,60.33,60.35,60.3,60.33,5506.0,60.332,42
2024-10-31 14:15:00-04:00,60.33,60.37,60.18,60.31,18118.0,60.274,128
2024-10-31 14:20:00-04:00,60.32,60.41,60.3,60.35,8804.0,60.351,66
2024-10-31 14:25:00-04:00,60.35,60.36,60.28,60.33,6979.0,60.314,61
2024-10-31 14:30:00-04:00,60.33,60.39,60.2,60.23,14357.0,60.312,115
2024-10-31 14:35:00-04:00,60.22,60.31,60.19,60.3,9329.0,60.233,79
2024-10-31 14:40:00-04:00,60.32,60.34,60.29,60.29,8994.0,60.31,67
2024-10-31 14:45:00-04:00,60.28,60.34,60.25,60.27,10543.0,60.303,95
2024-10-31 14:50:00-04:00,60.27,60.31,60.23,60.31,9246.0,60.269,71
2024-10-31 14:55:00-04:00,60.3,60.36,60.3,60.35,13705.0,60.334,104
2024-10-31 15:00:00-04:00,60.33,60.34,60.09,60.16,12989.0,60.16,88
2024-10-31 15:05:00-04:00,60.16,60.16,59.98,60.0,7782.0,60.045,43
2024-10-31 15:10:00-04:00,60.0,60.02,59.93,59.96,8956.0,59.981,61
2024-10-31 15:15:00-04:00,59.97,60.07,59.96,60.07,14449.0,59.994,113
2024-10-31 15:20:00-04:00,60.08,60.14,60.07,60.07,16832.0,60.109,109
2024-10-31 15:25:00-04:00,60.08,60.12,60.04,60.05,18174.0,60.093,121
2024-10-31 15:30:00-04:00,60.05,60.07,59.85,59.91,21291.0,59.941,161
2024-10-31 15:35:00-04:00,59.89,59.95,59.88,59.92,24844.0,59.91,186
2024-10-31 15:40:00-04:00,59.91,59.96,59.8,59.8,56551.0,59.886,353
2024-10-31 15:45:00-04:00,59.8,59.91,59.76,59.77,54260.0,59.837,431
2024-10-31 15:50:00-04:00,59.76,59.77,59.53,59.58,85759.0,59.604,676
2024-10-31 15:55:00-04:00,59.59,59.6,59.23,59.27,254050.0,59.37,1586
2024-11-01 09:30:00-04:00,60.01,60.87,59.8,60.26,60365.0,60.086,109
2024-11-01 09:35:00-04:00,60.38,60.45,60.12,60.41,19916.0,60.277,85
2024-11-01 09:40:00-04:00,60.33,60.66,60.2,60.46,7208.0,60.43,54
2024-11-01 09:45:00-04:00,60.5,60.63,60.42,60.6,19661.0,60.568,158
2024-11-01 09:50:00-04:00,60.6,60.62,60.15,60.41,22333.0,60.301,168
2024-11-01 09:55:00-04:00,60.39,60.39,60.15,60.27,13730.0,60.226,74
2024-11-01 10:00:00-04:00,60.27,60.37,60.19,60.36,21594.0,60.275,76
2024-11-01 10:05:00-04:00,60.36,60.36,60.16,60.17,11314.0,60.256,89
2024-11-01 10:10:00-04:00,60.19,60.22,59.81,59.84,31740.0,60.021,236
2024-11-01 10:15:00-04:00,59.81,59.88,59.71,59.79,16201.0,59.811,123
2024-11-01 10:20:00-04:00,59.8,59.92,59.74,59.84,18632.0,59.845,145
2024-11-01 10:25:00-04:00,59.85,59.9,59.74,59.9,13100.0,59.831,102
2024-11-01 10:30:00-04:00,59.91,59.92,59.67,59.72,9117.0,59.801,69
2024-11-01 10:35:00-04:00,59.74,59.79,59.46,59.5,22602.0,59.575,187
2024-11-01 10:40:00-04:00,59.47,59.51,59.2,59.3,21472.0,59.351,169
2024-11-01 10:45:00-04:00,59.33,59.41,59.24,59.4,18398.0,59.324,132
2024-11-01 10:50:00-04:00,59.38,59.57,59.26,59.4,12107.0,59.428,99
2024-11-01 10:55:00-04:00,59.43,59.57,59.4,59.53,11641.0,59.498,89
2024-11-01 11:00:00-04:00,59.53,59.53,59.36,59.46,8857.0,59.45,60
2024-11-01 11:05:00-04:00,59.46,59.51,59.45,59.47,10323.0,59.486,78
2024-11-01 11:10:00-04:00,59.48,59.51,59.41,59.5,22025.0,59.483,149
2024-11-01 11:15:00-04:00,59.49,59.56,59.49,59.56,6470.0,59.531,57
2024-11-01 11:20:00-04:00,59.54,59.54,59.43,59.5,8967.0,59.493,48
2024-11-01 11:25:00-04:00,59.51,59.56,59.47,59.48,7452.0,59.516,62
2024-11-01 11:30:00-04:00,59.51,59.51,59.42,59.47,4034.0,59.454,34
2024-11-01 11:35:00-04:00,59.47,59.49,59.42,59.48,8821.0,59.458,81
2024-11-01 11:40:00-04:00,59.48,59.49,59.29,59.37,28714.0,59.363,227
2024-11-01 11:45:00-04:00,59.34,59.37,59.28,59.32,10331.0,59.309,72
2024-11-01 11:50:00-04:00,59.33,59.34,59.25,59.3,4167.0,59.298,28
2024-11-01 11:55:00-04:00,59.27,59.34,59.26,59.34,10198.0,59.289,17
2024-11-01 11:55:00-04:00,59.27,59.44,59.26,59.43,12053.0,59.308,34
2024-11-01 12:00:00-04:00,59.45,59.45,59.38,59.42,5235.0,59.405,36
2024-11-01 12:05:00-04:00,59.43,59.57,59.42,59.55,8587.0,59.485,67
2024-11-01 12:10:00-04:00,59.58,59.6,59.44,59.44,6853.0,59.558,61
2024-11-01 12:15:00-04:00,59.42,59.51,59.42,59.49,2723.0,59.465,26
2024-11-01 12:20:00-04:00,59.46,59.47,59.41,59.47,3517.0,59.444,33
2024-11-01 12:25:00-04:00,59.47,59.47,59.38,59.42,6514.0,59.402,50
2024-11-01 12:30:00-04:00,59.44,59.56,59.43,59.53,5136.0,59.506,37
2024-11-01 12:35:00-04:00,59.52,59.52,59.46,59.5,2904.0,59.495,28
2024-11-01 12:40:00-04:00,59.47,59.47,59.38,59.41,5149.0,59.404,29
2024-11-01 12:45:00-04:00,59.39,59.48,59.38,59.47,3902.0,59.426,32
2024-11-01 12:50:00-04:00,59.48,59.5,59.43,59.49,3943.0,59.466,25
2024-11-01 12:55:00-04:00,59.49,59.49,59.42,59.44,3048.0,59.45,24
2024-11-01 13:00:00-04:00,59.45,59.47,59.43,59.46,1929.0,59.452,17
2024-11-01 13:05:00-04:00,59.44,59.47,59.35,59.39,5953.0,59.415,47
2024-11-01 13:10:00-04:00,59.39,59.43,59.37,59.43,3607.0,59.397,33
2024-11-01 13:15:00-04:00,59.41,59.43,59.39,59.39,10748.0,59.397,30
2024-11-01 13:20:00-04:00,59.39,59.47,59.39,59.42,4422.0,59.431,37
2024-11-01 13:25:00-04:00,59.41,59.43,59.39,59.41,7123.0,59.422,31
2024-11-01 13:30:00-04:00,59.41,59.41,59.24,59.25,11199.0,59.311,96
2024-11-01 13:35:00-04:00,59.23,59.27,59.19,59.19,8152.0,59.233,62
2024-11-01 13:40:00-04:00,59.18,59.2,59.15,59.16,7778.0,59.17,54
2024-11-01 13:45:00-04:00,59.16,59.18,59.1,59.1,5777.0,59.142,37
2024-11-01 13:50:00-04:00,59.11,59.12,59.08,59.12,5837.0,59.104,48
2024-11-01 13:55:00-04:00,59.11,59.12,59.09,59.11,3683.0,59.109,32
2024-11-01 14:00:00-04:00,59.11,59.15,59.09,59.1,3314.0,59.119,28
2024-11-01 14:05:00-04:00,59.11,59.12,59.07,59.1,4757.0,59.104,42
2024-11-01 14:10:00-04:00,59.1,59.12,59.07,59.12,5560.0,59.094,45
2024-11-01 14:15:00-04:00,59.12,59.19,59.11,59.17,3911.0,59.159,35
2024-11-01 14:20:00-04:00,59.16,59.3,59.15,59.3,4735.0,59.2,40
2024-11-01 14:25:00-04:00,59.32,59.32,59.23,59.23,5009.0,59.258,45
2024-11-01 14:30:00-04:00,59.24,59.24,59.15,59.15,7807.0,59.212,70
2024-11-01 14:35:00-04:00,59.16,59.2,59.16,59.19,7879.0,59.181,64
2024-11-01 14:40:00-04:00,59.17,59.18,59.11,59.12,4555.0,59.145,38
2024-11-01 14:45:00-04:00,59.12,59.15,59.12,59.14,8001.0,59.139,36
2024-11-01 14:50:00-04:00,59.15,59.17,59.14,59.17,4138.0,59.154,32
2024-11-01 14:55:00-04:00,59.17,59.18,59.11,59.13,6781.0,59.158,61
2024-11-01 15:00:00-04:00,59.13,59.13,59.04,59.05,4468.0,59.082,36
2024-11-01 15:05:00-04:00,59.05,59.12,59.03,59.11,13472.0,59.079,79
2024-11-01 15:10:00-04:00,59.11,59.14,59.08,59.08,4636.0,59.115,35
2024-11-01 15:15:00-04:00,59.1,59.14,59.07,59.14,7100.0,59.108,42
2024-11-01 15:20:00-04:00,59.13,59.14,59.11,59.13,9038.0,59.123,67
2024-11-01 15:25:00-04:00,59.13,59.15,59.07,59.07,12146.0,59.109,99
2024-11-01 15:30:00-04:00,59.08,59.09,58.99,58.99,8523.0,59.036,72
2024-11-01 15:35:00-04:00,58.99,59.04,58.96,59.0,9607.0,58.997,83
2024-11-01 15:40:00-04:00,58.99,59.1,58.99,59.05,12813.0,59.056,79
2024-11-01 15:45:00-04:00,59.04,59.1,59.04,59.1,18738.0,59.064,144
2024-11-01 15:50:00-04:00,59.08,59.08,58.99,59.03,29593.0,59.021,218
2024-11-01 15:55:00-04:00,59.02,59.09,58.98,59.02,108930.0,59.03,625
2024-11-04 09:30:00-05:00,59.13,59.36,58.85,59.32,42009.0,59.1,156
2024-11-04 09:35:00-05:00,59.41,59.46,59.34,59.41,8245.0,59.4,57
2024-11-04 09:40:00-05:00,59.36,59.9,59.24,59.85,15753.0,59.617,96
2024-11-04 09:45:00-05:00,59.86,59.99,59.72,59.78,15073.0,59.867,118
2024-11-04 09:50:00-05:00,59.79,59.79,59.57,59.63,22395.0,59.7,139
2024-11-04 09:55:00-05:00,59.61,59.66,59.55,59.59,15810.0,59.633,115
2024-11-04 10:00:00-05:00,59.6,59.68,59.57,59.65,13576.0,59.645,58
2024-11-04 10:05:00-05:00,59.65,59.7,59.56,59.63,8857.0,59.642,74
2024-11-04 10:10:00-05:00,59.64,59.68,59.52,59.55,10252.0,59.571,74
2024-11-04 10:15:00-05:00,59.56,59.58,59.49,59.54,13047.0,59.517,60
2024-11-04 10:20:00-05:00,59.5,59.53,59.43,59.45,5303.0,59.484,31
2024-11-04 10:25:00-05:00,59.45,59.51,59.4,59.46,11488.0,59.446,77
2024-11-04 10:30:00-05:00,59.47,59.53,59.37,59.39,28863.0,59.462,82
2024-11-04 10:35:00-05:00,59.4,59.42,59.3,59.36,6567.0,59.366,40
2024-11-04 10:40:00-05:00,59.34,59.36,59.26,59.26,4230.0,59.328,30
2024-11-04 10:45:00-05:00,59.26,59.26,58.98,59.08,20760.0,59.117,90
2024-11-04 10:50:00-05:00,59.08,59.14,59.05,59.11,9761.0,59.093,64
2024-11-04 10:55:00-05:00,59.09,59.13,59.06,59.08,13080.0,59.086,90
2024-11-04 11:00:00-05:00,59.11,59.14,59.09,59.13,7344.0,59.107,48
2024-11-04 11:05:00-05:00,59.12,59.17,59.11,59.17,8581.0,59.135,57
2024-11-04 11:10:00-05:00,59.17,59.19,59.05,59.11,16495.0,59.114,69
2024-11-04 11:15:00-05:00,59.1,59.14,59.0,59.02,9889.0,59.063,72
2024-11-04 11:20:00-05:00,59.03,59.11,58.98,59.08,9742.0,59.04,73
2024-11-04 11:25:00-05:00,59.08,59.17,59.07,59.17,11861.0,59.107,88
2024-11-04 11:30:00-05:00,59.19,59.19,59.07,59.15,11313.0,59.133,89
2024-11-04 11:35:00-05:00,59.13,59.15,59.07,59.08,6029.0,59.101,45
2024-11-04 11:40:00-05:00,59.06,59.07,58.94,58.99,15814.0,58.986,75
2024-11-04 11:45:00-05:00,58.99,58.99,58.9,58.9,3685.0,58.962,34
2024-11-04 11:50:00-05:00,58.91,59.0,58.91,58.97,17622.0,58.969,101
2024-11-04 11:55:00-05:00,58.96,59.01,58.95,59.01,10282.0,58.983,69
2024-11-04 12:00:00-05:00,58.99,59.01,58.89,58.99,9768.0,58.968,63
2024-11-04 12:05:00-05:00,59.01,59.05,59.01,59.04,6731.0,59.03,54
2024-11-04 12:10:00-05:00,59.04,59.15,59.03,59.15,7890.0,59.095,60
2024-11-04 12:15:00-05:00,59.15,59.19,59.15,59.15,6922.0,59.176,54
2024-11-04 12:20:00-05:00,59.16,59.22,59.14,59.22,10110.0,59.195,64
2024-11-04 12:25:00-05:00,59.22,59.26,59.21,59.24,8014.0,59.245,57
2024-11-04 12:30:00-05:00,59.26,59.27,59.23,59.26,6251.0,59.26,42
2024-11-04 12:35:00-05:00,59.27,59.3,59.25,59.28,5167.0,59.273,41
2024-11-04 12:40:00-05:00,59.27,59.27,59.23,59.26,5117.0,59.26,32
2024-11-04 12:45:00-05:00,59.24,59.26,59.21,59.23,11689.0,59.226,28
2024-11-04 12:50:00-05:00,59.24,59.29,59.22,59.29,9060.0,59.254,59
2024-11-04 12:55:00-05:00,59.26,59.32,59.26,59.3,7902.0,59.299,49
2024-11-04 13:00:00-05:00,59.28,59.29,59.25,59.27,4856.0,59.276,43
2024-11-04 13:05:00-05:00,59.27,59.35,59.26,59.28,10548.0,59.306,53
2024-11-04 13:10:00-05:00,59.29,59.44,59.28,59.43,9171.0,59.383,48
2024-11-04 13:15:00-05:00,59.44,59.47,59.41,59.43,4307.0,59.446,30
2024-11-04 13:20:00-05:00,59.43,59.47,59.4,59.41,4448.0,59.447,29
2024-11-04 13:25:00-05:00,59.43,59.46,59.43,59.46,10935.0,59.444,70
2024-11-04 13:30:00-05:00,59.45,59.46,59.4,59.46,5263.0,59.424,46
2024-11-04 13:35:00-05:00,59.48,59.49,59.46,59.48,6058.0,59.478,44
2024-11-04 13:40:00-05:00,59.47,59.48,59.43,59.43,8751.0,59.461,58
2024-11-04 13:45:00-05:00,59.43,59.45,59.4,59.41,8253.0,59.424,52
2024-11-04 13:50:00-05:00,59.4,59.46,59.37,59.42,10724.0,59.417,81
2024-11-04 13:55:00-05:00,59.42,59.45,59.41,59.43,8545.0,59.433,49
2024-11-04 14:00:00-05:00,59.42,59.42,59.4,59.4,5816.0,59.411,36
2024-11-04 14:05:00-05:00,59.4,59.48,59.38,59.48,11173.0,59.416,79
2024-11-04 14:10:00-05:00,59.48,59.57,59.46,59.48,13258.0,59.506,67
2024-11-04 14:15:00-05:00,59.48,59.53,59.45,59.53,10896.0,59.472,65
2024-11-04 14:20:00-05:00,59.52,59.53,59.47,59.51,7517.0,59.493,27
2024-11-04 14:25:00-05:00,59.5,59.51,59.46,59.47,10947.0,59.5,61
2024-11-04 14:30:00-05:00,59.47,59.49,59.41,59.48,11485.0,59.463,81
2024-11-04 14:35:00-05:00,59.48,59.52,59.47,59.52,6737.0,59.495,43
2024-11-04 14:40:00-05:00,59.54,59.54,59.46,59.49,10759.0,59.5,62
2024-11-04 14:45:00-05:00,59.49,59.49,59.41,59.42,3986.0,59.45,33
2024-11-04 14:50:00-05:00,59.41,59.43,59.37,59.42,10220.0,59.398,57
2024-11-04 14:55:00-05:00,59.43,59.45,59.4,59.43,17713.0,59.425,62
2024-11-04 15:00:00-05:00,59.41,59.46,59.36,59.36,13494.0,59.422,91
2024-11-04 15:05:00-05:00,59.38,59.4,59.32,59.4,7555.0,59.359,45
2024-11-04 15:10:00-05:00,59.39,59.45,59.36,59.44,18636.0,59.409,115
2024-11-04 15:15:00-05:00,59.44,59.53,59.4,59.52,25499.0,59.456,129
2024-11-04 15:20:00-05:00,59.53,59.56,59.47,59.56,13371.0,59.503,72
2024-11-04 15:25:00-05:00,59.58,59.62,59.56,59.57,19441.0,59.6,157
2024-11-04 15:30:00-05:00,59.57,59.58,59.5,59.55,31707.0,59.541,168
2024-11-04 15:35:00-05:00,59.54,59.56,59.49,59.5,45227.0,59.533,213
2024-11-04 15:40:00-05:00,59.48,59.5,59.45,59.46,17333.0,59.477,132
2024-11-04 15:45:00-05:00,59.48,59.5,59.45,59.48,21043.0,59.477,159
2024-11-04 15:50:00-05:00,59.49,59.5,59.4,59.45,41152.0,59.457,304
2024-11-04 15:55:00-05:00,59.45,59.48,59.34,59.45,124691.0,59.398,678
2024-11-05 09:30:00-05:00,59.26,59.31,59.06,59.16,11660.0,59.242,41
2024-11-05 09:35:00-05:00,59.17,59.33,59.14,59.32,2006.0,59.238,18
2024-11-05 09:40:00-05:00,59.36,59.44,59.27,59.42,14969.0,59.377,79
2024-11-05 09:45:00-05:00,59.44,59.61,59.43,59.58,29795.0,59.54,103
2024-11-05 09:50:00-05:00,59.55,59.78,59.53,59.69,22309.0,59.641,137
2024-11-05 09:55:00-05:00,59.68,59.88,59.63,59.84,10013.0,59.75,66
2024-11-05 10:00:00-05:00,59.78,59.89,59.68,59.89,20749.0,59.815,113
2024-11-05 10:05:00-05:00,59.89,59.95,59.88,59.95,11125.0,59.917,63
2024-11-05 10:10:00-05:00,59.96,60.04,59.9,60.03,7115.0,59.947,54
2024-11-05 10:15:00-05:00,60.04,60.06,60.01,60.01,5235.0,60.034,45
2024-11-05 10:20:00-05:00,60.01,60.16,60.01,60.16,11335.0,60.097,82
2024-11-05 10:25:00-05:00,60.17,60.17,60.06,60.07,11132.0,60.132,90
2024-11-05 10:30:00-05:00,60.07,60.07,60.01,60.03,6438.0,60.048,50
2024-11-05 10:35:00-05:00,60.04,60.1,60.02,60.02,4589.0,60.06,32
2024-11-05 10:40:00-05:00,60.0,60.06,59.98,60.05,3420.0,60.017,26
2024-11-05 10:45:00-05:00,60.05,60.06,59.96,59.99,9175.0,60.026,51
2024-11-05 10:50:00-05:00,59.98,59.99,59.76,59.78,6976.0,59.889,51
2024-11-05 10:55:00-05:00,59.76,59.82,59.71,59.71,13750.0,59.758,64
2024-11-05 11:00:00-05:00,59.74,59.77,59.71,59.73,4747.0,59.737,36
2024-11-05 11:05:00-05:00,59.71,59.73,59.65,59.7,5568.0,59.696,40
2024-11-05 11:10:00-05:00,59.7,59.74,59.67,59.7,4490.0,59.702,30
2024-11-05 11:15:00-05:00,59.73,59.76,59.68,59.76,4735.0,59.727,37
2024-11-05 11:20:00-05:00,59.74,59.82,59.74,59.81,8345.0,59.781,67
2024-11-05 11:25:00-05:00,59.79,59.79,59.74,59.76,6033.0,59.761,38
2024-11-05 11:30:00-05:00,59.77,59.81,59.75,59.75,5649.0,59.783,42
2024-11-05 11:35:00-05:00,59.76,59.82,59.74,59.82,7266.0,59.786,47
2024-11-05 11:40:00-05:00,59.83,59.83,59.72,59.83,10957.0,59.775,56
2024-11-05 11:45:00-05:00,59.81,59.82,59.77,59.79,7183.0,59.789,58
2024-11-05 11:50:00-05:00,59.78,59.81,59.75,59.8,3395.0,59.783,25
2024-11-05 11:55:00-05:00,59.8,59.81,59.76,59.77,4522.0,59.787,30
2024-11-05 12:00:00-05:00,59.78,59.81,59.78,59.79,7877.0,59.799,53
2024-11-05 12:05:00-05:00,59.79,59.83,59.79,59.8,7146.0,59.814,33
2024-11-05 12:10:00-05:00,59.79,59.8,59.72,59.74,12411.0,59.757,50
2024-11-05 12:15:00-05:00,59.75,59.79,59.74,59.79,6952.0,59.759,49
2024-11-05 12:20:00-05:00,59.78,59.8,59.74,59.79,3405.0,59.769,23
2024-11-05 12:25:00-05:00,59.8,59.81,59.76,59.8,6437.0,59.786,42
2024-11-05 12:30:00-05:00,59.8,59.83,59.8,59.82,2978.0,59.817,26
2024-11-05 12:35:00-05:00,59.81,59.82,59.79,59.8,1622.0,59.802,14
2024-11-05 12:40:00-05:00,59.81,59.81,59.78,59.79,4168.0,59.787,25
2024-11-05 12:45:00-05:00,59.79,59.82,59.78,59.79,4696.0,59.797,40
2024-11-05 12:50:00-05:00,59.79,59.79,59.77,59.78,914.0,59.78,8
2024-11-05 12:55:00-05:00,59.79,59.81,59.78,59.79,4226.0,59.8,27
2024-11-05 13:00:00-05:00,59.8,59.8,59.74,59.76,7431.0,59.766,60
2024-11-05 13:05:00-05:00,59.75,59.8,59.72,59.74,17915.0,59.763,87
2024-11-05 13:10:00-05:00,59.74,59.76,59.7,59.7,4875.0,59.734,39
2024-11-05 13:15:00-05:00,59.7,59.74,59.65,59.65,21820.0,59.689,92
2024-11-05 13:20:00-05:00,59.67,59.67,59.51,59.51,29060.0,59.58,116
2024-11-05 13:25:00-05:00,59.52,59.56,59.48,59.5,31940.0,59.512,87
2024-11-05 13:30:00-05:00,59.51,59.52,59.39,59.44,23698.0,59.447,80
2024-11-05 13:35:00-05:00,59.44,59.53,59.41,59.53,37511.0,59.461,210
2024-11-05 13:40:00-05:00,59.55,59.7,59.54,59.7,4215.0,59.601,32
2024-11-05 13:45:00-05:00,59.7,59.7,59.64,59.65,5610.0,59.671,32
2024-11-05 13:50:00-05:00,59.65,59.73,59.65,59.72,4008.0,59.689,31
2024-11-05 13:55:00-05:00,59.75,59.77,59.75,59.77,2784.0,59.76,20
2024-11-05 14:00:00-05:00,59.76,59.77,59.73,59.73,6648.0,59.759,56
2024-11-05 14:05:00-05:00,59.73,59.75,59.73,59.75,1601.0,59.736,13
2024-11-05 14:10:00-05:00,59.75,59.75,59.68,59.69,4290.0,59.702,34
2024-11-05 14:15:00-05:00,59.69,59.7,59.65,59.69,4388.0,59.682,28
2024-11-05 14:20:00-05:00,59.69,59.69,59.65,59.68,2948.0,59.673,23
2024-11-05 14:25:00-05:00,59.67,59.7,59.67,59.67,3233.0,59.684,26
2024-11-05 14:30:00-05:00,59.66,59.75,59.65,59.75,6262.0,59.682,43
2024-11-05 14:35:00-05:00,59.77,59.78,59.74,59.76,11041.0,59.76,85
2024-11-05 14:40:00-05:00,59.77,59.78,59.75,59.77,14659.0,59.765,108
2024-11-05 14:45:00-05:00,59.76,59.77,59.65,59.68,7358.0,59.726,45
2024-11-05 14:50:00-05:00,59.68,59.73,59.67,59.72,10025.0,59.699,45
2024-11-05 14:55:00-05:00,59.71,59.77,59.7,59.74,12245.0,59.734,70
2024-11-05 15:00:00-05:00,59.71,59.71,59.62,59.67,7531.0,59.639,31
2024-11-05 15:05:00-05:00,59.67,59.7,59.67,59.68,3789.0,59.68,33
2024-11-05 15:10:00-05:00,59.68,59.77,59.68,59.76,26667.0,59.725,89
2024-11-05 15:15:00-05:00,59.77,59.85,59.76,59.83,26945.0,59.8,102
2024-11-05 15:20:00-05:00,59.82,59.85,59.81,59.85,8938.0,59.83,76
2024-11-05 15:25:00-05:00,59.85,59.86,59.83,59.85,10850.0,59.84,83
2024-11-05 15:30:00-05:00,59.85,59.89,59.82,59.89,18264.0,59.855,113
2024-11-05 15:35:00-05:00,59.88,60.07,59.88,59.98,16388.0,59.99,137
2024-11-05 15:40:00-05:00,59.98,60.05,59.96,59.97,32618.0,59.998,187
2024-11-05 15:45:00-05:00,59.97,59.97,59.84,59.88,16346.0,59.883,126
2024-11-05 15:50:00-05:00,59.87,59.9,59.85,59.87,32271.0,59.878,232
2024-11-05 15:55:00-05:00,59.87,59.99,59.86,59.99,75006.0,59.935,546
2024-11-06 09:30:00-05:00,61.73,61.74,61.09,61.09,28265.0,61.644,46
2024-11-06 09:35:00-05:00,60.99,60.99,60.27,60.46,17079.0,60.63,123
2024-11-06 09:40:00-05:00,60.52,60.77,60.41,60.67,8635.0,60.635,57
2024-11-06 09:45:00-05:00,60.66,60.7,60.34,60.53,9107.0,60.521,66
2024-11-06 09:50:00-05:00,60.42,60.48,60.24,60.3,38664.0,60.332,259
2024-11-06 09:55:00-05:00,60.3,60.39,60.17,60.3,36865.0,60.29,220
2024-11-06 10:00:00-05:00,60.3,60.36,60.1,60.23,30346.0,60.222,179
2024-11-06 10:05:00-05:00,60.26,60.62,60.24,60.62,16198.0,60.387,102
2024-11-06 10:10:00-05:00,60.62,60.72,60.5,60.61,11504.0,60.628,87
2024-11-06 10:15:00-05:00,60.58,60.76,60.32,60.4,17837.0,60.614,135
2024-11-06 10:20:00-05:00,60.45,60.5,60.33,60.38,10626.0,60.417,90
2024-11-06 10:25:00-05:00,60.34,60.36,60.23,60.32,2818.0,60.306,25
2024-11-06 10:30:00-05:00,60.26,60.27,60.06,60.11,47289.0,60.189,96
2024-11-06 10:35:00-05:00,60.07,60.26,60.05,60.23,10868.0,60.155,82
2024-11-06 10:40:00-05:00,60.22,60.24,60.13,60.2,7219.0,60.191,61
2024-11-06 10:45:00-05:00,60.17,60.17,59.95,59.98,17688.0,60.057,110
2024-11-06 10:50:00-05:00,59.96,60.01,59.93,60.0,9178.0,59.969,64
2024-11-06 10:55:00-05:00,59.98,60.07,59.95,59.98,14041.0,60.008,117
2024-11-06 11:00:00-05:00,60.01,60.13,59.96,60.1,7082.0,60.023,61
2024-11-06 11:05:00-05:00,60.07,60.13,60.0,60.07,6624.0,60.053,50
2024-11-06 11:10:00-05:00,60.06,60.12,60.01,60.04,14109.0,60.065,46
2024-11-06 11:15:00-05:00,60.02,60.02,59.85,59.91,11117.0,59.92,81
2024-11-06 11:20:00-05:00,59.89,59.93,59.8,59.84,15501.0,59.854,68
2024-11-06 11:25:00-05:00,59.84,59.9,59.77,59.77,5910.0,59.843,45
2024-11-06 11:30:00-05:00,59.79,59.81,59.68,59.71,7496.0,59.741,50
2024-11-06 11:35:00-05:00,59.73,59.75,59.69,59.72,3220.0,59.711,23
2024-11-06 11:40:00-05:00,59.73,59.82,59.72,59.72,3851.0,59.772,35
2024-11-06 11:45:00-05:00,59.72,59.87,59.72,59.87,6620.0,59.83,45
2024-11-06 11:50:00-05:00,59.89,59.93,59.85,59.86,11754.0,59.894,84
2024-11-06 11:55:00-05:00,59.87,59.87,59.8,59.81,5922.0,59.835,39
2024-11-06 12:00:00-05:00,59.79,59.8,59.72,59.76,6644.0,59.752,52
2024-11-06 12:05:00-05:00,59.78,59.96,59.78,59.94,6914.0,59.913,42
2024-11-06 12:10:00-05:00,59.96,60.04,59.95,59.96,4610.0,59.991,35
2024-11-06 12:15:00-05:00,59.95,59.95,59.87,59.89,4809.0,59.912,38
2024-11-06 12:20:00-05:00,59.89,60.02,59.88,60.02,4243.0,59.936,35
2024-11-06 12:25:00-05:00,60.0,60.13,59.99,60.05,14408.0,60.048,112
2024-11-06 12:30:00-05:00,60.06,60.09,60.02,60.02,9315.0,60.051,71
2024-11-06 12:35:00-05:00,60.01,60.1,59.98,60.05,12067.0,60.044,84
2024-11-06 12:40:00-05:00,60.04,60.06,59.9,59.94,9210.0,60.011,65
2024-11-06 12:45:00-05:00,59.95,60.09,59.95,60.08,11732.0,60.049,74
2024-11-06 12:50:00-05:00,60.08,60.08,59.97,59.97,8368.0,60.034,67
2024-11-06 12:55:00-05:00,59.95,59.99,59.87,59.9,8330.0,59.932,61
2024-11-06 13:00:00-05:00,59.89,60.09,59.89,60.09,11073.0,59.968,66
2024-11-06 13:05:00-05:00,60.09,60.15,60.04,60.11,8220.0,60.091,56
2024-11-06 13:10:00-05:00,60.09,60.15,60.09,60.15,13816.0,60.132,82
2024-11-06 13:15:00-05:00,60.15,60.21,60.13,60.17,13362.0,60.16,100
2024-11-06 13:20:00-05:00,60.19,60.2,60.11,60.14,17324.0,60.16,133
2024-11-06 13:25:00-05:00,60.13,60.26,60.12,60.23,11864.0,60.194,79
2024-11-06 13:30:00-05:00,60.24,60.36,60.23,60.36,10559.0,60.296,75
2024-11-06 13:35:00-05:00,60.38,60.5,60.38,60.42,21273.0,60.462,84
2024-11-06 13:40:00-05:00,60.43,60.6,60.43,60.6,11391.0,60.499,77
2024-11-06 13:45:00-05:00,60.59,60.6,60.52,60.56,11323.0,60.569,79
2024-11-06 13:50:00-05:00,60.55,60.55,60.44,60.46,6079.0,60.478,44
2024-11-06 13:55:00-05:00,60.46,60.46,60.4,60.42,11771.0,60.418,81
2024-11-06 14:00:00-05:00,60.42,60.5,60.41,60.49,12768.0,60.454,82
2024-11-06 14:05:00-05:00,60.48,60.52,60.46,60.48,9176.0,60.494,67
2024-11-06 14:10:00-05:00,60.49,60.5,60.47,60.49,7469.0,60.488,52
2024-11-06 14:15:00-05:00,60.49,60.6,60.48,60.58,19480.0,60.571,102
2024-11-06 14:20:00-05:00,60.59,60.6,60.55,60.56,12621.0,60.588,82
2024-11-06 14:25:00-05:00,60.56,60.57,60.4,60.43,16361.0,60.488,121
2024-11-06 14:30:00-05:00,60.43,60.51,60.43,60.5,11117.0,60.469,80
2024-11-06 14:35:00-05:00,60.49,60.53,60.48,60.48,7990.0,60.496,63
2024-11-06 14:40:00-05:00,60.49,60.51,60.47,60.5,10123.0,60.494,66
2024-11-06 14:45:00-05:00,60.5,60.59,60.44,60.44,12247.0,60.53,88
2024-11-06 14:50:00-05:00,60.43,60.43,60.27,60.34,20126.0,60.336,141
2024-11-06 14:55:00-05:00,60.35,60.38,60.25,60.32,20589.0,60.312,112
2024-11-06 15:00:00-05:00,60.3,60.34,60.19,60.22,23378.0,60.264,155
2024-11-06 15:05:00-05:00,60.22,60.32,60.21,60.32,13371.0,60.271,97
2024-11-06 15:10:00-05:00,60.32,60.41,60.32,60.39,14162.0,60.362,95
2024-11-06 15:15:00-05:00,60.39,60.44,60.37,60.44,10085.0,60.404,59
2024-11-06 15:20:00-05:00,60.45,60.48,60.43,60.46,18190.0,60.457,116
2024-11-06 15:25:00-05:00,60.46,60.49,60.45,60.46,16454.0,60.467,110
2024-11-06 15:30:00-05:00,60.46,60.51,60.4,60.4,17895.0,60.465,124
2024-11-06 15:35:00-05:00,60.42,60.45,60.31,60.31,16937.0,60.41,127
2024-11-06 15:40:00-05:00,60.3,60.34,60.26,60.32,13085.0,60.296,106
2024-11-06 15:45:00-05:00,60.31,60.39,60.3,60.37,12467.0,60.341,106
2024-11-06 15:50:00-05:00,60.37,60.55,60.31,60.51,45174.0,60.436,306
2024-11-06 15:55:00-05:00,60.5,60.5,60.25,60.27,124922.0,60.337,830
2024-11-07 09:30:00-05:00,60.66,60.66,60.28,60.28,12020.0,60.623,17
2024-11-07 09:35:00-05:00,60.44,60.45,60.14,60.15,3607.0,60.316,30
2024-11-07 09:40:00-05:00,60.2,60.35,60.2,60.33,8132.0,60.306,33
2024-11-07 09:45:00-05:00,60.33,60.56,60.32,60.41,16531.0,60.468,66
2024-11-07 09:50:00-05:00,60.48,60.73,60.46,60.71,12522.0,60.643,62
2024-11-07 09:55:00-05:00,60.74,60.8,60.72,60.77,10401.0,60.755,76
2024-11-07 10:00:00-05:00,60.77,60.78,60.48,60.5,15767.0,60.667,88
2024-11-07 10:05:00-05:00,60.5,60.53,60.37,60.46,17246.0,60.445,124
2024-11-07 10:10:00-05:00,60.46,60.55,60.4,60.51,10090.0,60.461,71
2024-11-07 10:15:00-05:00,60.51,60.56,60.43,60.53,8899.0,60.512,53
2024-11-07 10:20:00-05:00,60.53,60.54,60.45,60.51,7258.0,60.515,47
2024-11-07 10:25:00-05:00,60.51,60.56,60.46,60.55,7558.0,60.516,50
2024-11-07 10:30:00-05:00,60.55,60.59,60.44,60.49,34774.0,60.504,61
2024-11-07 10:35:00-05:00,60.5,60.5,60.43,60.44,17189.0,60.453,90
2024-11-07 10:40:00-05:00,60.45,60.5,60.32,60.35,27500.0,60.43,170
2024-11-07 10:45:00-05:00,60.36,60.41,60.3,60.4,16556.0,60.372,98
2024-11-07 10:50:00-05:00,60.37,60.37,60.22,60.3,7698.0,60.305,43
2024-11-07 10:55:00-05:00,60.28,60.28,60.16,60.22,15983.0,60.221,51
2024-11-07 11:00:00-05:00,60.22,60.26,60.11,60.11,9196.0,60.2,47
2024-11-07 11:05:00-05:00,60.11,60.15,60.01,60.15,16683.0,60.092,121
2024-11-07 11:10:00-05:00,60.15,60.15,60.0,60.02,9239.0,60.047,55
2024-11-07 11:15:00-05:00,59.99,60.18,59.9,60.15,23780.0,60.043,131
2024-11-07 11:20:00-05:00,60.13,60.15,59.98,60.06,18900.0,60.061,103
2024-11-07 11:25:00-05:00,60.03,60.05,59.95,59.96,15856.0,60.007,98
2024-11-07 11:30:00-05:00,59.98,60.0,59.83,59.84,8726.0,59.94,66
2024-11-07 11:35:00-05:00,59.83,59.98,59.77,59.95,9532.0,59.861,60
2024-11-07 11:40:00-05:00,59.93,59.94,59.84,59.89,33624.0,59.876,74
2024-11-07 11:45:00-05:00,59.9,59.91,59.8,59.89,8194.0,59.868,37
2024-11-07 11:50:00-05:00,59.9,59.91,59.83,59.83,5580.0,59.866,41
2024-11-07 11:55:00-05:00,59.85,59.88,59.82,59.85,8252.0,59.848,53
2024-11-07 12:00:00-05:00,59.85,59.85,59.8,59.85,6797.0,59.839,40
2024-11-07 12:05:00-05:00,59.84,59.94,59.82,59.88,14964.0,59.892,97
2024-11-07 12:10:00-05:00,59.88,60.0,59.86,59.98,6393.0,59.907,47
2024-11-07 12:15:00-05:00,59.99,60.03,59.97,59.97,6676.0,59.997,35
2024-11-07 12:20:00-05:00,59.97,60.05,59.96,60.05,2202.0,59.999,17
2024-11-07 12:25:00-05:00,60.04,60.15,60.01,60.1,9535.0,60.099,52
2024-11-07 12:30:00-05:00,60.1,60.11,60.0,60.0,6669.0,60.06,42
2024-11-07 12:35:00-05:00,59.98,60.0,59.94,59.99,5113.0,59.963,34
2024-11-07 12:40:00-05:00,59.98,60.0,59.96,60.0,2186.0,59.993,16
2024-11-07 12:45:00-05:00,60.02,60.05,59.96,60.01,8038.0,60.019,48
2024-11-07 12:50:00-05:00,59.99,60.01,59.96,59.97,2646.0,59.986,18
2024-11-07 12:55:00-05:00,59.98,60.0,59.96,59.96,4962.0,59.992,26
2024-11-07 13:00:00-05:00,59.95,59.96,59.91,59.91,2235.0,59.935,18
2024-11-07 13:05:00-05:00,59.91,59.99,59.91,59.99,5580.0,59.962,29
2024-11-07 13:10:00-05:00,60.01,60.01,59.96,59.96,3189.0,59.991,22
2024-11-07 13:15:00-05:00,59.96,59.98,59.95,59.95,2857.0,59.962,21
2024-11-07 13:20:00-05:00,59.95,59.95,59.87,59.88,8083.0,59.906,57
2024-11-07 13:25:00-05:00,59.88,59.9,59.79,59.79,3458.0,59.859,28
2024-11-07 13:30:00-05:00,59.79,59.79,59.71,59.73,6825.0,59.742,53
2024-11-07 13:35:00-05:00,59.75,59.79,59.69,59.69,14307.0,59.748,74
2024-11-07 13:40:00-05:00,59.66,59.68,59.55,59.59,9938.0,59.596,81
2024-11-07 13:45:00-05:00,59.6,59.69,59.59,59.67,13444.0,59.637,111
2024-11-07 13:50:00-05:00,59.67,59.69,59.6,59.68,20381.0,59.648,115
2024-11-07 13:55:00-05:00,59.64,59.69,59.6,59.69,12346.0,59.634,79
2024-11-07 14:00:00-05:00,59.72,59.74,59.62,59.62,9259.0,59.67,47
2024-11-07 14:05:00-05:00,59.64,59.68,59.59,59.67,10677.0,59.64,61
2024-11-07 14:10:00-05:00,59.71,59.79,59.67,59.74,8148.0,59.734,48
2024-11-07 14:15:00-05:00,59.74,59.82,59.72,59.8,7928.0,59.767,56
2024-11-07 14:20:00-05:00,59.82,59.91,59.78,59.8,12384.0,59.856,62
2024-11-07 14:25:00-05:00,59.84,59.95,59.8,59.8,17468.0,59.879,109
2024-11-07 14:30:00-05:00,59.81,59.85,59.78,59.8,31340.0,59.816,199
2024-11-07 14:35:00-05:00,59.79,59.83,59.74,59.79,10939.0,59.793,72
2024-11-07 14:40:00-05:00,59.79,59.84,59.76,59.81,17817.0,59.795,128
2024-11-07 14:45:00-05:00,59.8,59.83,59.69,59.77,33292.0,59.756,170
2024-11-07 14:50:00-05:00,59.8,59.83,59.74,59.76,15043.0,59.774,80
2024-11-07 14:55:00-05:00,59.78,59.83,59.75,59.81,5532.0,59.782,41
2024-11-07 15:00:00-05:00,59.79,59.82,59.75,59.82,8681.0,59.793,50
2024-11-07 15:05:00-05:00,59.83,59.86,59.79,59.8,22182.0,59.825,127
2024-11-07 15:10:00-05:00,59.81,60.0,59.81,60.0,28359.0,59.907,148
2024-11-07 15:15:00-05:00,60.02,60.04,59.96,60.03,18410.0,59.995,102
2024-11-07 15:20:00-05:00,60.03,60.05,59.94,59.98,42361.0,59.982,198
2024-11-07 15:25:00-05:00,59.96,60.05,59.96,60.05,22952.0,60.001,133
2024-11-07 15:30:00-05:00,60.04,60.08,60.0,60.02,19173.0,60.027,102
2024-11-07 15:35:00-05:00,60.01,60.04,59.89,59.91,21336.0,59.987,175
2024-11-07 15:40:00-05:00,59.91,59.97,59.87,59.97,59158.0,59.922,290
2024-11-07 15:45:00-05:00,60.0,60.04,59.98,60.03,32398.0,60.008,163
2024-11-07 15:50:00-05:00,60.03,60.07,59.97,59.98,34701.0,60.018,273
2024-11-07 15:55:00-05:00,59.99,60.0,59.87,59.9,106580.0,59.924,718
2024-11-08 09:30:00-05:00,60.04,60.04,59.79,59.79,10106.0,60.02,12
2024-11-08 09:35:00-05:00,59.88,60.03,59.87,59.9,7575.0,59.992,41
2024-11-08 09:40:00-05:00,59.9,60.21,59.86,60.21,8898.0,60.038,47
2024-11-08 09:45:00-05:00,60.23,60.31,60.18,60.28,7774.0,60.268,45
2024-11-08 09:50:00-05:00,60.28,60.34,60.2,60.33,12483.0,60.252,74
2024-11-08 09:55:00-05:00,60.35,60.54,60.35,60.5,12602.0,60.47,64
2024-11-08 10:00:00-05:00,60.5,60.54,60.4,60.44,8246.0,60.481,58
2024-11-08 10:05:00-05:00,60.45,60.65,60.44,60.64,7179.0,60.54,51
2024-11-08 10:10:00-05:00,60.71,60.74,60.66,60.71,4917.0,60.702,32
2024-11-08 10:15:00-05:00,60.7,60.79,60.64,60.65,3227.0,60.707,25
2024-11-08 10:20:00-05:00,60.68,60.77,60.67,60.67,6226.0,60.747,44
2024-11-08 10:25:00-05:00,60.64,60.71,60.55,60.55,9074.0,60.651,61
2024-11-08 10:30:00-05:00,60.55,60.59,60.49,60.59,4366.0,60.545,30
2024-11-08 10:35:00-05:00,60.59,60.62,60.54,60.54,2029.0,60.598,13
2024-11-08 10:40:00-05:00,60.56,60.64,60.56,60.64,3513.0,60.606,21
2024-11-08 10:45:00-05:00,60.65,60.68,60.61,60.66,3438.0,60.648,27
2024-11-08 10:50:00-05:00,60.66,60.69,60.65,60.67,3158.0,60.673,22
2024-11-08 10:55:00-05:00,60.65,60.66,60.57,60.58,9320.0,60.606,45
2024-11-08 11:00:00-05:00,60.57,60.59,60.53,60.57,4738.0,60.563,36
2024-11-08 11:05:00-05:00,60.59,60.59,60.53,60.54,3602.0,60.568,19
2024-11-08 11:10:00-05:00,60.57,60.59,60.5,60.5,4292.0,60.537,36
2024-11-08 11:15:00-05:00,60.5,60.67,60.5,60.6,23284.0,60.604,132
2024-11-08 11:20:00-05:00,60.59,60.6,60.55,60.57,2645.0,60.583,20
2024-11-08 11:25:00-05:00,60.56,60.56,60.46,60.49,4442.0,60.5,32
2024-11-08 11:30:00-05:00,60.54,60.54,60.41,60.43,3912.0,60.46,30
2024-11-08 11:35:00-05:00,60.45,60.47,60.44,60.47,2229.0,60.456,20
2024-11-08 11:40:00-05:00,60.49,60.52,60.48,60.49,5213.0,60.493,40
2024-11-08 11:45:00-05:00,60.48,60.5,60.45,60.48,7627.0,60.474,47
2024-11-08 11:50:00-05:00,60.47,60.49,60.44,60.48,2167.0,60.471,14
2024-11-08 11:55:00-05:00,60.48,60.54,60.47,60.49,11268.0,60.499,78
2024-11-08 12:00:00-05:00,60.48,60.48,60.43,60.46,6836.0,60.451,23
2024-11-08 12:05:00-05:00,60.45,60.46,60.43,60.44,8517.0,60.441,53
2024-11-08 12:10:00-05:00,60.45,60.45,60.41,60.41,3423.0,60.416,12
2024-11-08 12:15:00-05:00,60.42,60.46,60.42,60.44,8730.0,60.438,51
2024-11-08 12:20:00-05:00,60.44,60.47,60.4,60.47,5955.0,60.444,29
2024-11-08 12:25:00-05:00,60.46,60.48,60.43,60.44,6650.0,60.454,43
2024-11-08 12:30:00-05:00,60.44,60.44,60.36,60.36,6364.0,60.412,37
2024-11-08 12:35:00-05:00,60.33,60.33,60.28,60.28,4086.0,60.316,27
2024-11-08 12:40:00-05:00,60.28,60.28,60.23,60.26,5334.0,60.256,36
2024-11-08 12:45:00-05:00,60.26,60.31,60.26,60.31,1457.0,60.284,11
2024-11-08 12:50:00-05:00,60.31,60.34,60.28,60.32,7488.0,60.31,44
2024-11-08 12:55:00-05:00,60.32,60.35,60.31,60.34,8997.0,60.33,45
2024-11-08 13:00:00-05:00,60.34,60.36,60.32,60.36,4024.0,60.35,31
2024-11-08 13:05:00-05:00,60.38,60.39,60.32,60.32,5634.0,60.363,23
2024-11-08 13:10:00-05:00,60.31,60.33,60.3,60.32,6543.0,60.314,36
2024-11-08 13:15:00-05:00,60.32,60.33,60.26,60.33,10622.0,60.305,49
2024-11-08 13:20:00-05:00,60.32,60.33,60.31,60.31,6864.0,60.317,32
2024-11-08 13:25:00-05:00,60.3,60.33,60.3,60.32,4373.0,60.313,22
2024-11-08 13:30:00-05:00,60.31,60.33,60.3,60.33,7713.0,60.308,35
2024-11-08 13:35:00-05:00,60.32,60.37,60.29,60.37,4008.0,60.325,20
2024-11-08 13:40:00-05:00,60.36,60.37,60.32,60.32,5300.0,60.341,29
2024-11-08 13:45:00-05:00,60.32,60.44,60.32,60.42,10892.0,60.377,69
2024-11-08 13:50:00-05:00,60.41,60.42,60.37,60.4,7071.0,60.402,40
2024-11-08 13:55:00-05:00,60.4,60.44,60.38,60.42,6671.0,60.404,38
2024-11-08 14:00:00-05:00,60.4,60.42,60.34,60.38,14084.0,60.383,89
2024-11-08 14:05:00-05:00,60.41,60.44,60.29,60.29,7924.0,60.382,50
2024-11-08 14:10:00-05:00,60.31,60.35,60.29,60.31,3949.0,60.323,23
2024-11-08 14:15:00-05:00,60.33,60.35,60.31,60.31,9379.0,60.338,62
2024-11-08 14:20:00-05:00,60.31,60.33,60.29,60.33,4480.0,60.303,29
2024-11-08 14:25:00-05:00,60.31,60.44,60.31,60.44,8791.0,60.368,57
2024-11-08 14:30:00-05:00,60.46,60.47,60.43,60.45,3948.0,60.453,25
2024-11-08 14:35:00-05:00,60.45,60.48,60.43,60.45,10379.0,60.458,54
2024-11-08 14:40:00-05:00,60.44,60.46,60.42,60.46,2332.0,60.44,20
2024-11-08 14:45:00-05:00,60.45,60.48,60.42,60.48,9038.0,60.44,49
2024-11-08 14:50:00-05:00,60.49,60.59,60.49,60.54,19964.0,60.558,74
2024-11-08 14:55:00-05:00,60.53,60.55,60.48,60.48,9847.0,60.512,53
2024-11-08 15:00:00-05:00,60.47,60.47,60.42,60.43,6795.0,60.444,48
2024-11-08 15:05:00-05:00,60.45,60.48,60.44,60.44,9916.0,60.453,68
2024-11-08 15:10:00-05:00,60.44,60.45,60.41,60.41,7039.0,60.428,37
2024-11-08 15:15:00-05:00,60.41,60.44,60.4,60.43,11761.0,60.422,45
2024-11-08 15:20:00-05:00,60.42,60.43,60.39,60.39,5973.0,60.415,38
2024-11-08 15:25:00-05:00,60.39,60.4,60.37,60.39,9247.0,60.385,56
2024-11-08 15:30:00-05:00,60.39,60.44,60.36,60.36,17385.0,60.4,103
2024-11-08 15:35:00-05:00,60.35,60.38,60.33,60.37,6544.0,60.357,53
2024-11-08 15:40:00-05:00,60.37,60.39,60.27,60.29,10835.0,60.362,66
2024-11-08 15:45:00-05:00,60.3,60.31,60.19,60.21,8780.0,60.249,64
2024-11-08 15:50:00-05:00,60.18,60.25,60.16,60.23,24844.0,60.206,215
2024-11-08 15:55:00-05:00,60.23,60.26,60.16,60.26,106418.0,60.22,642
2024-11-11 09:30:00-05:00,60.35,60.45,60.34,60.35,9277.0,60.361,14
2024-11-11 09:35:00-05:00,60.28,60.56,60.2,60.44,13045.0,60.41,69
2024-11-11 09:40:00-05:00,60.47,60.51,60.4,60.4,2264.0,60.464,14
2024-11-11 09:45:00-05:00,60.45,60.6,60.37,60.53,3469.0,60.449,33
2024-11-11 09:50:00-05:00,60.57,60.59,60.41,60.47,4690.0,60.52,33
2024-11-11 09:55:00-05:00,60.52,60.56,60.38,60.43,2115.0,60.454,15
2024-11-11 10:00:00-05:00,60.39,60.53,60.36,60.5,17117.0,60.461,58
2024-11-11 10:05:00-05:00,60.47,60.47,60.23,60.23,2618.0,60.355,22
2024-11-11 10:10:00-05:00,60.21,60.29,60.21,60.22,1100.0,60.233,11
2024-11-11 10:15:00-05:00,60.21,60.35,60.2,60.35,11547.0,60.301,71
2024-11-11 10:20:00-05:00,60.36,60.36,60.26,60.26,484.0,60.308,4
2024-11-11 10:25:00-05:00,60.28,60.31,60.27,60.27,922.0,60.293,8
2024-11-11 10:30:00-05:00,60.28,60.44,60.27,60.43,8951.0,60.354,48
2024-11-11 10:35:00-05:00,60.41,60.53,60.4,60.52,3918.0,60.471,27
2024-11-11 10:40:00-05:00,60.55,60.62,60.48,60.49,9386.0,60.55,67
2024-11-11 10:45:00-05:00,60.53,60.56,60.53,60.53,483.0,60.538,4
2024-11-11 10:50:00-05:00,60.54,60.61,60.53,60.59,7917.0,60.587,45
2024-11-11 10:55:00-05:00,60.59,60.72,60.57,60.72,9572.0,60.637,56
2024-11-11 11:00:00-05:00,60.7,60.74,60.62,60.62,4346.0,60.714,33
2024-11-11 11:05:00-05:00,60.62,60.64,60.61,60.61,872.0,60.621,6
2024-11-11 11:10:00-05:00,60.66,60.66,60.58,60.62,6737.0,60.632,28
2024-11-11 11:15:00-05:00,60.61,60.62,60.58,60.58,1275.0,60.597,8
2024-11-11 11:20:00-05:00,60.57,60.57,60.52,60.52,4458.0,60.545,15
2024-11-11 11:25:00-05:00,60.52,60.61,60.5,60.61,3802.0,60.549,31
2024-11-11 11:30:00-05:00,60.58,60.67,60.57,60.64,4652.0,60.621,29
2024-11-11 11:35:00-05:00,60.71,60.81,60.71,60.76,6222.0,60.751,27
2024-11-11 11:40:00-05:00,60.78,60.8,60.75,60.78,5681.0,60.779,25
2024-11-11 11:45:00-05:00,60.76,60.78,60.75,60.78,475.0,60.767,3
2024-11-11 11:50:00-05:00,60.75,60.8,60.73,60.76,2241.0,60.767,16
2024-11-11 11:55:00-05:00,60.76,60.84,60.76,60.77,13637.0,60.79,35
2024-11-11 12:00:00-05:00,60.69,60.69,60.58,60.58,4130.0,60.607,26
2024-11-11 12:05:00-05:00,60.54,60.54,60.44,60.45,1694.0,60.489,15
2024-11-11 12:10:00-05:00,60.42,60.5,60.4,60.44,4621.0,60.451,25
2024-11-11 12:15:00-05:00,60.43,60.44,60.36,60.36,1599.0,60.411,12
2024-11-11 12:20:00-05:00,60.39,60.4,60.32,60.32,2667.0,60.355,21
2024-11-11 12:25:00-05:00,60.32,60.41,60.31,60.38,5701.0,60.365,43
2024-11-11 12:30:00-05:00,60.36,60.36,60.3,60.3,1405.0,60.329,11
2024-11-11 12:35:00-05:00,60.29,60.31,60.27,60.28,3481.0,60.291,19
2024-11-11 12:40:00-05:00,60.27,60.3,60.25,60.26,2839.0,60.269,24
2024-11-11 12:45:00-05:00,60.22,60.29,60.22,60.23,2162.0,60.25,15
2024-11-11 12:50:00-05:00,60.22,60.25,60.21,60.22,838.0,60.219,6
2024-11-11 12:55:00-05:00,60.21,60.28,60.2,60.27,4152.0,60.251,32
2024-11-11 13:00:00-05:00,60.26,60.3,60.25,60.27,4764.0,60.269,31
2024-11-11 13:05:00-05:00,60.25,60.31,60.2,60.3,2634.0,60.251,22
2024-11-11 13:10:00-05:00,60.29,60.29,60.24,60.25,2171.0,60.264,18
2024-11-11 13:15:00-05:00,60.25,60.27,60.24,60.26,725.0,60.257,7
2024-11-11 13:20:00-05:00,60.24,60.3,60.24,60.27,5590.0,60.27,41
2024-11-11 13:25:00-05:00,60.27,60.3,60.24,60.27,5727.0,60.271,41
2024-11-11 13:30:00-05:00,60.29,60.29,60.23,60.23,2668.0,60.253,18
2024-11-11 13:35:00-05:00,60.22,60.24,60.2,60.24,2574.0,60.225,20
2024-11-11 13:40:00-05:00,60.24,60.24,60.18,60.21,3887.0,60.208,27
2024-11-11 13:45:00-05:00,60.21,60.33,60.2,60.3,7580.0,60.29,43
2024-11-11 13:50:00-05:00,60.3,60.34,60.3,60.32,1200.0,60.314,12
2024-11-11 13:55:00-05:00,60.34,60.34,60.3,60.3,2884.0,60.315,16
2024-11-11 14:00:00-05:00,60.32,60.34,60.29,60.32,6001.0,60.311,35
2024-11-11 14:05:00-05:00,60.33,60.34,60.31,60.33,4171.0,60.321,29
2024-11-11 14:10:00-05:00,60.33,60.33,60.3,60.33,3040.0,60.317,23
2024-11-11 14:15:00-05:00,60.33,60.37,60.31,60.35,3949.0,60.349,27
2024-11-11 14:20:00-05:00,60.35,60.41,60.35,60.41,2774.0,60.374,23
2024-11-11 14:25:00-05:00,60.41,60.41,60.35,60.36,7973.0,60.377,52
2024-11-11 14:30:00-05:00,60.36,60.37,60.34,60.35,4398.0,60.357,22
2024-11-11 14:35:00-05:00,60.37,60.43,60.35,60.36,10288.0,60.393,63
2024-11-11 14:40:00-05:00,60.34,60.36,60.32,60.32,2494.0,60.334,19
2024-11-11 14:45:00-05:00,60.33,60.39,60.29,60.39,5008.0,60.337,39
2024-11-11 14:50:00-05:00,60.39,60.41,60.39,60.39,3271.0,60.399,30
2024-11-11 14:55:00-05:00,60.39,60.42,60.36,60.41,3610.0,60.396,30
2024-11-11 15:00:00-05:00,60.41,60.41,60.35,60.39,12115.0,60.387,57
2024-11-11 15:05:00-05:00,60.39,60.39,60.34,60.38,3025.0,60.369,22
2024-11-11 15:10:00-05:00,60.39,60.4,60.34,60.36,7805.0,60.382,40
2024-11-11 15:15:00-05:00,60.36,60.36,60.29,60.3,9487.0,60.336,58
2024-11-11 15:20:00-05:00,60.29,60.36,60.29,60.33,9083.0,60.323,74
2024-11-11 15:25:00-05:00,60.33,60.33,60.3,60.32,5990.0,60.316,44
2024-11-11 15:30:00-05:00,60.31,60.34,60.26,60.32,13691.0,60.311,80
2024-11-11 15:35:00-05:00,60.32,60.45,60.31,60.44,19788.0,60.365,134
2024-11-11 15:40:00-05:00,60.45,60.47,60.4,60.41,18833.0,60.44,83
2024-11-11 15:45:00-05:00,60.41,60.41,60.33,60.36,16027.0,60.377,140
2024-11-11 15:50:00-05:00,60.35,60.41,60.31,60.37,21006.0,60.363,168
2024-11-11 15:55:00-05:00,60.38,60.39,60.23,60.32,90998.0,60.293,584
2024-11-12 09:30:00-05:00,60.12,60.56,60.12,60.52,12584.0,60.265,35
2024-11-12 09:35:00-05:00,60.62,60.69,60.49,60.66,7496.0,60.633,45
2024-11-12 09:40:00-05:00,60.64,60.65,60.58,60.62,4616.0,60.627,36
2024-11-12 09:45:00-05:00,60.64,60.64,60.4,60.41,11511.0,60.523,87
2024-11-12 09:50:00-05:00,60.39,60.41,60.29,60.29,8693.0,60.353,63
2024-11-12 09:55:00-05:00,60.29,60.5,60.29,60.5,13508.0,60.415,93
2024-11-12 10:00:00-05:00,60.46,60.5,60.34,60.4,6642.0,60.427,42
2024-11-12 10:05:00-05:00,60.48,60.66,60.44,60.64,16727.0,60.56,131
2024-11-12 10:10:00-05:00,60.66,60.69,60.59,60.66,21264.0,60.646,125
2024-11-12 10:15:00-05:00,60.66,60.67,60.58,60.59,17875.0,60.645,84
2024-11-12 10:20:00-05:00,60.58,60.59,60.49,60.57,7367.0,60.544,52
2024-11-12 10:25:00-05:00,60.57,60.57,60.45,60.48,5472.0,60.515,40
2024-11-12 10:30:00-05:00,60.48,60.5,60.39,60.5,5112.0,60.448,40
2024-11-12 10:35:00-05:00,60.49,60.58,60.47,60.57,13671.0,60.538,81
2024-11-12 10:40:00-05:00,60.55,60.62,60.53,60.54,15950.0,60.582,93
2024-11-12 10:45:00-05:00,60.55,60.56,60.41,60.43,4636.0,60.488,42
2024-11-12 10:50:00-05:00,60.44,60.53,60.43,60.51,15092.0,60.491,94
2024-11-12 10:55:00-05:00,60.52,60.54,60.45,60.46,10317.0,60.51,73
2024-11-12 11:00:00-05:00,60.44,60.54,60.42,60.54,10767.0,60.487,80
2024-11-12 11:05:00-05:00,60.55,60.65,60.54,60.58,9221.0,60.597,57
2024-11-12 11:10:00-05:00,60.59,60.67,60.59,60.65,7522.0,60.641,32
2024-11-12 11:15:00-05:00,60.66,60.68,60.6,60.68,5099.0,60.648,36
2024-11-12 11:20:00-05:00,60.68,60.68,60.54,60.56,7607.0,60.61,51
2024-11-12 11:25:00-05:00,60.55,60.56,60.46,60.47,10139.0,60.497,49
2024-11-12 11:30:00-05:00,60.47,60.47,60.39,60.41,5578.0,60.423,37
2024-11-12 11:35:00-05:00,60.4,60.46,60.29,60.29,7039.0,60.405,50
2024-11-12 11:40:00-05:00,60.3,60.33,60.24,60.31,7528.0,60.301,46
2024-11-12 11:45:00-05:00,60.3,60.32,60.28,60.28,3938.0,60.302,30
2024-11-12 11:50:00-05:00,60.29,60.32,60.28,60.3,5614.0,60.294,20
2024-11-12 11:55:00-05:00,60.28,60.33,60.26,60.32,12136.0,60.298,77
2024-11-12 12:00:00-05:00,60.33,60.37,60.31,60.36,5122.0,60.335,39
2024-11-12 12:05:00-05:00,60.36,60.37,60.32,60.34,7335.0,60.346,52
2024-11-12 12:10:00-05:00,60.34,60.34,60.24,60.29,10849.0,60.302,55
2024-11-12 12:15:00-05:00,60.29,60.31,60.23,60.25,9171.0,60.291,54
2024-11-12 12:20:00-05:00,60.25,60.29,60.23,60.28,3627.0,60.273,26
2024-11-12 12:25:00-05:00,60.28,60.31,60.26,60.28,13643.0,60.284,55
2024-11-12 12:30:00-05:00,60.28,60.31,60.26,60.27,7077.0,60.283,35
2024-11-12 12:35:00-05:00,60.26,60.3,60.26,60.28,8407.0,60.279,46
2024-11-12 12:40:00-05:00,60.28,60.3,60.23,60.3,32023.0,60.28,72
2024-11-12 12:45:00-05:00,60.3,60.39,60.3,60.32,11392.0,60.353,82
2024-11-12 12:50:00-05:00,60.33,60.36,60.32,60.35,4305.0,60.342,31
2024-11-12 12:55:00-05:00,60.35,60.35,60.27,60.29,3704.0,60.302,24
2024-11-12 13:00:00-05:00,60.29,60.32,60.26,60.3,5958.0,60.299,40
2024-11-12 13:05:00-05:00,60.3,60.31,60.25,60.27,16680.0,60.287,38
2024-11-12 13:10:00-05:00,60.28,60.31,60.28,60.29,7574.0,60.296,41
2024-11-12 13:15:00-05:00,60.31,60.34,60.3,60.32,6416.0,60.321,37
2024-11-12 13:20:00-05:00,60.3,60.38,60.3,60.38,3382.0,60.333,22
2024-11-12 13:25:00-05:00,60.39,60.41,60.37,60.41,6369.0,60.389,40
2024-11-12 13:30:00-05:00,60.41,60.48,60.4,60.48,5706.0,60.437,43
2024-11-12 13:35:00-05:00,60.51,60.61,60.51,60.59,5375.0,60.564,44
2024-11-12 13:40:00-05:00,60.59,60.64,60.58,60.64,3366.0,60.6,28
2024-11-12 13:45:00-05:00,60.64,60.66,60.61,60.62,14365.0,60.642,46
2024-11-12 13:50:00-05:00,60.63,60.65,60.63,60.65,2828.0,60.637,28
2024-11-12 13:55:00-05:00,60.65,60.7,60.62,60.62,6931.0,60.661,57
2024-11-12 14:00:00-05:00,60.63,60.69,60.61,60.68,3428.0,60.66,26
2024-11-12 14:05:00-05:00,60.68,60.7,60.63,60.69,3021.0,60.664,29
2024-11-12 14:10:00-05:00,60.69,60.7,60.68,60.69,1690.0,60.686,14
2024-11-12 14:15:00-05:00,60.69,60.75,60.69,60.73,6081.0,60.714,42
2024-11-12 14:20:00-05:00,60.7,60.77,60.69,60.75,2468.0,60.729,20
2024-11-12 14:25:00-05:00,60.77,60.79,60.74,60.78,5478.0,60.764,31
2024-11-12 14:30:00-05:00,60.76,60.82,60.76,60.78,4663.0,60.8,45
2024-11-12 14:35:00-05:00,60.77,60.84,60.77,60.8,4441.0,60.806,35
2024-11-12 14:40:00-05:00,60.81,60.82,60.79,60.82,4631.0,60.809,21
2024-11-12 14:45:00-05:00,60.81,60.81,60.75,60.78,7174.0,60.784,44
2024-11-12 14:50:00-05:00,60.78,60.82,60.78,60.82,6963.0,60.799,48
2024-11-12 14:55:00-05:00,60.82,60.85,60.78,60.8,8511.0,60.824,38
2024-11-12 15:00:00-05:00,60.8,60.85,60.75,60.84,7559.0,60.795,49
2024-11-12 15:05:00-05:00,60.85,60.87,60.83,60.84,7451.0,60.843,38
2024-11-12 15:10:00-05:00,60.83,60.86,60.73,60.74,11573.0,60.815,63
2024-11-12 15:15:00-05:00,60.75,60.76,60.73,60.75,11968.0,60.748,70
2024-11-12 15:20:00-05:00,60.76,60.79,60.75,60.79,4525.0,60.763,40
2024-11-12 15:25:00-05:00,60.79,60.79,60.75,60.77,11700.0,60.767,58
2024-11-12 15:30:00-05:00,60.76,60.8,60.74,60.75,35307.0,60.772,161
2024-11-12 15:35:00-05:00,60.75,60.76,60.69,60.75,8900.0,60.729,67
2024-11-12 15:40:00-05:00,60.75,60.77,60.72,60.77,6752.0,60.742,57
2024-11-12 15:45:00-05:00,60.78,60.79,60.76,60.78,12341.0,60.776,103
2024-11-12 15:50:00-05:00,60.77,60.78,60.71,60.72,19900.0,60.74,155
2024-11-12 15:55:00-05:00,60.72,60.73,60.61,60.64,98068.0,60.661,600
2024-11-13 09:30:00-05:00,60.64,60.98,60.64,60.82,12143.0,60.692,19
2024-11-13 09:35:00-05:00,60.91,61.09,60.86,61.07,5981.0,60.951,22
2024-11-13 09:40:00-05:00,61.0,61.11,60.97,61.11,7095.0,61.009,46
2024-11-13 09:45:00-05:00,61.13,61.13,60.94,60.94,7528.0,61.043,49
2024-11-13 09:50:00-05:00,60.94,60.97,60.89,60.95,17159.0,60.923,83
2024-11-13 09:55:00-05:00,60.97,61.17,60.97,61.15,11067.0,61.076,74
2024-11-13 10:00:00-05:00,61.13,61.13,60.89,60.9,7999.0,60.998,44
2024-11-13 10:05:00-05:00,60.9,61.01,60.86,61.01,7971.0,60.929,66
2024-11-13 10:10:00-05:00,61.04,61.13,61.02,61.02,4568.0,61.087,30
2024-11-13 10:15:00-05:00,61.07,61.08,60.99,61.02,3277.0,61.047,25
2024-11-13 10:20:00-05:00,60.99,60.99,60.95,60.97,3719.0,60.97,25
2024-11-13 10:25:00-05:00,60.95,60.95,60.87,60.92,4319.0,60.905,29
2024-11-13 10:30:00-05:00,60.93,61.05,60.91,61.05,5021.0,60.965,37
2024-11-13 10:35:00-05:00,61.03,61.1,61.01,61.1,8219.0,61.056,59
2024-11-13 10:40:00-05:00,61.08,61.11,61.05,61.09,9889.0,61.092,33
2024-11-13 10:45:00-05:00,61.06,61.14,61.06,61.11,4174.0,61.101,31
2024-11-13 10:50:00-05:00,61.11,61.13,61.08,61.1,2903.0,61.103,24
2024-11-13 10:55:00-05:00,61.11,61.14,61.08,61.12,3612.0,61.113,32
2024-11-13 11:00:00-05:00,61.12,61.15,61.1,61.13,4349.0,61.125,33
2024-11-13 11:05:00-05:00,61.12,61.13,61.11,61.13,6849.0,61.121,43
2024-11-13 11:10:00-05:00,61.12,61.15,61.1,61.11,13456.0,61.123,59
2024-11-13 11:15:00-05:00,61.1,61.11,61.08,61.1,3049.0,61.101,25
2024-11-13 11:20:00-05:00,61.09,61.12,61.07,61.12,5687.0,61.093,45
2024-11-13 11:25:00-05:00,61.12,61.5,61.1,61.27,101716.0,61.3,586
2024-11-13 11:30:00-05:00,61.23,61.26,61.08,61.13,10098.0,61.176,69
2024-11-13 11:35:00-05:00,61.13,61.41,61.13,61.38,7729.0,61.258,58
2024-11-13 11:40:00-05:00,61.34,61.71,61.34,61.47,39173.0,61.519,293
2024-11-13 11:45:00-05:00,61.43,61.57,61.43,61.53,8444.0,61.528,63
2024-11-13 11:50:00-05:00,61.55,61.55,61.21,61.26,14621.0,61.362,116
2024-11-13 11:55:00-05:00,61.25,61.48,61.23,61.48,10720.0,61.389,46
2024-11-13 12:00:00-05:00,61.48,61.57,61.41,61.55,8830.0,61.474,68
2024-11-13 12:05:00-05:00,61.56,61.6,61.47,61.54,29635.0,61.562,128
2024-11-13 12:10:00-05:00,61.53,61.61,61.52,61.6,9743.0,61.588,61
2024-11-13 12:15:00-05:00,61.58,61.62,61.56,61.62,15858.0,61.587,100
2024-11-13 12:20:00-05:00,61.6,61.61,61.52,61.56,18112.0,61.588,99
2024-11-13 12:25:00-05:00,61.57,61.6,61.55,61.58,12164.0,61.575,70
2024-11-13 12:30:00-05:00,61.56,61.6,61.54,61.57,5332.0,61.577,31
2024-11-13 12:35:00-05:00,61.58,61.74,61.57,61.74,25331.0,61.629,144
2024-11-13 12:40:00-05:00,61.76,61.83,61.74,61.8,11669.0,61.788,79
2024-11-13 12:45:00-05:00,61.81,61.85,61.77,61.78,10520.0,61.814,70
2024-11-13 12:50:00-05:00,61.76,61.76,61.7,61.72,1866.0,61.73,16
2024-11-13 12:55:00-05:00,61.71,61.71,61.66,61.69,3371.0,61.696,21
2024-11-13 13:00:00-05:00,61.67,61.76,61.67,61.74,3881.0,61.72,30
2024-11-13 13:05:00-05:00,61.74,61.74,61.64,61.68,5385.0,61.71,45
2024-11-13 13:10:00-05:00,61.67,61.7,61.64,61.69,7537.0,61.682,35
2024-11-13 13:15:00-05:00,61.69,61.73,61.67,61.72,7723.0,61.701,65
2024-11-13 13:20:00-05:00,61.73,61.8,61.72,61.79,7745.0,61.745,47
2024-11-13 13:25:00-05:00,61.8,61.82,61.63,61.65,11019.0,61.724,68
2024-11-13 13:30:00-05:00,61.64,61.69,61.64,61.67,5257.0,61.664,39
2024-11-13 13:35:00-05:00,61.67,61.67,61.61,61.63,6312.0,61.638,47
2024-11-13 13:40:00-05:00,61.64,61.7,61.61,61.7,11733.0,61.646,96
2024-11-13 13:45:00-05:00,61.7,61.75,61.68,61.73,5206.0,61.71,33
2024-11-13 13:50:00-05:00,61.72,61.74,61.71,61.72,4902.0,61.721,32
2024-11-13 13:55:00-05:00,61.71,61.73,61.69,61.69,4229.0,61.703,26
2024-11-13 14:00:00-05:00,61.69,61.73,61.69,61.71,10171.0,61.717,44
2024-11-13 14:05:00-05:00,61.73,61.8,61.73,61.8,7608.0,61.768,48
2024-11-13 14:10:00-05:00,61.8,62.04,61.79,62.04,37714.0,61.933,207
2024-11-13 14:15:00-05:00,62.03,62.04,61.89,61.89,13068.0,61.983,83
2024-11-13 14:20:00-05:00,61.91,61.96,61.89,61.96,7367.0,61.93,61
2024-11-13 14:25:00-05:00,61.97,61.99,61.95,61.96,15312.0,61.966,48
2024-11-13 14:30:00-05:00,61.94,62.03,61.94,62.02,23023.0,61.99,158
2024-11-13 14:35:00-05:00,62.02,62.1,62.0,62.07,14638.0,62.043,106
2024-11-13 14:40:00-05:00,62.07,62.13,62.05,62.13,46942.0,62.1,118
2024-11-13 14:45:00-05:00,62.12,62.17,62.05,62.06,17774.0,62.124,137
2024-11-13 14:50:00-05:00,62.07,62.1,61.93,61.98,9622.0,61.996,59
2024-11-13 14:55:00-05:00,61.97,62.01,61.92,61.92,15796.0,61.96,102
2024-11-13 15:00:00-05:00,61.92,61.93,61.82,61.85,62784.0,61.846,120
2024-11-13 15:05:00-05:00,61.86,62.07,61.85,62.07,19995.0,61.957,161
2024-11-13 15:10:00-05:00,62.09,62.1,62.06,62.1,8805.0,62.078,69
2024-11-13 15:15:00-05:00,62.1,62.18,62.1,62.18,14217.0,62.131,90
2024-11-13 15:20:00-05:00,62.19,62.28,62.19,62.27,15428.0,62.239,90
2024-11-13 15:25:00-05:00,62.26,62.28,62.22,62.28,14094.0,62.254,90
2024-11-13 15:30:00-05:00,62.26,62.28,62.24,62.28,20832.0,62.259,118
2024-11-13 15:35:00-05:00,62.29,62.5,62.29,62.49,57464.0,62.412,388
2024-11-13 15:40:00-05:00,62.5,62.56,62.42,62.51,43573.0,62.492,294
2024-11-13 15:45:00-05:00,62.51,62.63,62.51,62.61,38065.0,62.566,331
2024-11-13 15:50:00-05:00,62.6,62.64,62.5,62.54,90317.0,62.575,616
2024-11-13 15:55:00-05:00,62.55,62.58,62.46,62.48,189417.0,62.53,1098
2024-11-14 09:30:00-05:00,62.32,62.66,62.1,62.58,35772.0,62.382,91
2024-11-14 09:35:00-05:00,62.62,62.86,62.54,62.73,14160.0,62.673,76
2024-11-14 09:40:00-05:00,62.78,63.08,62.78,63.04,23541.0,62.971,141
2024-11-14 09:45:00-05:00,63.0,63.17,62.87,63.07,12660.0,63.053,102
2024-11-14 09:50:00-05:00,63.07,63.07,62.76,62.77,5691.0,62.924,49
2024-11-14 09:55:00-05:00,62.72,62.86,62.64,62.8,10476.0,62.738,87
2024-11-14 10:00:00-05:00,62.8,62.8,62.6,62.63,8090.0,62.679,67
2024-11-14 10:05:00-05:00,62.63,62.63,62.24,62.25,16954.0,62.474,66
2024-11-14 10:10:00-05:00,62.26,62.37,62.19,62.22,11732.0,62.266,53
2024-11-14 10:15:00-05:00,62.19,62.35,62.19,62.25,10598.0,62.263,88
2024-11-14 10:20:00-05:00,62.28,62.31,62.22,62.29,8342.0,62.269,58
2024-11-14 10:25:00-05:00,62.3,62.36,62.29,62.32,6984.0,62.32,44
2024-11-14 10:30:00-05:00,62.32,62.32,62.16,62.17,6297.0,62.227,39
2024-11-14 10:35:00-05:00,62.2,62.35,62.2,62.34,11519.0,62.28,77
2024-11-14 10:40:00-05:00,62.3,62.34,62.07,62.14,17932.0,62.228,107
2024-11-14 10:45:00-05:00,62.13,62.15,61.98,61.98,6201.0,62.09,45
2024-11-14 10:50:00-05:00,61.95,62.17,61.9,62.12,17183.0,62.034,138
2024-11-14 10:55:00-05:00,62.1,62.16,62.05,62.16,15727.0,62.115,72
2024-11-14 11:00:00-05:00,62.13,62.13,62.0,62.02,9976.0,62.03,60
2024-11-14 11:05:00-05:00,62.02,62.02,62.0,62.02,2979.0,62.018,27
2024-11-14 11:10:00-05:00,62.0,62.14,62.0,62.12,13265.0,62.078,109
2024-11-14 11:15:00-05:00,62.11,62.16,62.09,62.16,14862.0,62.117,89
2024-11-14 11:20:00-05:00,62.15,62.17,62.12,62.15,12585.0,62.154,85
2024-11-14 11:25:00-05:00,62.13,62.17,62.07,62.15,26987.0,62.146,193
2024-11-14 11:30:00-05:00,62.13,62.15,62.04,62.1,9266.0,62.105,56
2024-11-14 11:35:00-05:00,62.1,62.11,62.05,62.1,7504.0,62.092,50
2024-11-14 11:40:00-05:00,62.1,62.16,62.08,62.12,19868.0,62.151,85
2024-11-14 11:45:00-05:00,62.12,62.14,62.1,62.12,8185.0,62.121,51
2024-11-14 11:50:00-05:00,62.12,62.14,61.99,61.99,11992.0,62.086,71
2024-11-14 11:55:00-05:00,61.99,62.13,61.99,62.12,10853.0,62.065,76
2024-11-14 12:00:00-05:00,62.13,62.17,62.12,62.14,12926.0,62.156,93
2024-11-14 12:05:00-05:00,62.16,62.37,62.14,62.37,24198.0,62.208,90
2024-11-14 12:10:00-05:00,62.36,62.41,62.35,62.35,4347.0,62.376,35
2024-11-14 12:15:00-05:00,62.34,62.44,62.31,62.43,5935.0,62.406,39
2024-11-14 12:20:00-05:00,62.44,62.53,62.44,62.53,5354.0,62.487,43
2024-11-14 12:25:00-05:00,62.55,62.62,62.4,62.43,61675.0,62.582,262
2024-11-14 12:30:00-05:00,62.44,62.47,62.26,62.34,6985.0,62.389,46
2024-11-14 12:35:00-05:00,62.35,62.41,62.34,62.4,5309.0,62.387,32
2024-11-14 12:40:00-05:00,62.4,62.44,62.36,62.43,3342.0,62.402,28
2024-11-14 12:45:00-05:00,62.42,62.44,62.34,62.37,5305.0,62.395,42
2024-11-14 12:50:00-05:00,62.38,62.43,62.37,62.42,1715.0,62.393,11
2024-11-14 12:55:00-05:00,62.42,62.42,62.33,62.39,6319.0,62.372,44
2024-11-14 13:00:00-05:00,62.37,62.43,62.36,62.42,3109.0,62.402,25
2024-11-14 13:05:00-05:00,62.41,62.5,62.41,62.5,8610.0,62.468,60
2024-11-14 13:10:00-05:00,62.5,62.51,62.49,62.5,3431.0,62.499,27
2024-11-14 13:15:00-05:00,62.49,62.51,62.48,62.49,6786.0,62.492,55
2024-11-14 13:20:00-05:00,62.49,62.49,62.44,62.44,4671.0,62.472,39
2024-11-14 13:25:00-05:00,62.45,62.45,62.36,62.37,6918.0,62.393,49
2024-11-14 13:30:00-05:00,62.37,62.37,62.28,62.3,10277.0,62.321,51
2024-11-14 13:35:00-05:00,62.29,62.3,62.18,62.19,5952.0,62.243,39
2024-11-14 13:40:00-05:00,62.21,62.24,62.18,62.19,7308.0,62.22,55
2024-11-14 13:45:00-05:00,62.19,62.23,62.14,62.14,9408.0,62.188,69
2024-11-14 13:50:00-05:00,62.14,62.17,62.11,62.13,6858.0,62.146,44
2024-11-14 13:55:00-05:00,62.13,62.13,62.06,62.06,9436.0,62.091,80
2024-11-14 14:00:00-05:00,62.05,62.16,62.05,62.15,9121.0,62.126,57
2024-11-14 14:05:00-05:00,62.15,62.27,62.15,62.25,12051.0,62.215,91
2024-11-14 14:10:00-05:00,62.25,62.45,62.23,62.45,13433.0,62.349,109
2024-11-14 14:15:00-05:00,62.42,62.42,62.13,62.19,13485.0,62.236,63
2024-11-14 14:20:00-05:00,62.21,62.25,62.18,62.25,6123.0,62.218,51
2024-11-14 14:25:00-05:00,62.25,62.29,62.24,62.27,5907.0,62.265,48
2024-11-14 14:30:00-05:00,62.28,62.28,62.14,62.21,13873.0,62.226,74
2024-11-14 14:35:00-05:00,62.23,62.24,62.18,62.21,7530.0,62.215,50
2024-11-14 14:40:00-05:00,62.2,62.23,62.18,62.22,2619.0,62.207,22
2024-11-14 14:45:00-05:00,62.22,62.25,62.18,62.23,14997.0,62.22,111
2024-11-14 14:50:00-05:00,62.24,62.32,62.24,62.3,10527.0,62.297,70
2024-11-14 14:55:00-05:00,62.31,62.43,62.3,62.43,11685.0,62.357,77
2024-11-14 15:00:00-05:00,62.41,62.41,62.2,62.21,24889.0,62.314,120
2024-11-14 15:05:00-05:00,62.21,62.23,62.13,62.16,16703.0,62.183,89
2024-11-14 15:10:00-05:00,62.14,62.19,62.09,62.16,15601.0,62.135,101
2024-11-14 15:15:00-05:00,62.16,62.27,62.16,62.27,10614.0,62.226,79
2024-11-14 15:20:00-05:00,62.25,62.33,62.23,62.28,14185.0,62.283,87
2024-11-14 15:25:00-05:00,62.28,62.36,62.25,62.35,23317.0,62.312,128
2024-11-14 15:30:00-05:00,62.34,62.37,62.19,62.19,38102.0,62.28,208
2024-11-14 15:35:00-05:00,62.19,62.21,62.08,62.11,23924.0,62.151,137
2024-11-14 15:40:00-05:00,62.1,62.12,62.02,62.03,12941.0,62.084,101
2024-11-14 15:45:00-05:00,62.03,62.04,61.97,61.99,17717.0,62.011,136
2024-11-14 15:50:00-05:00,62.0,62.11,61.96,62.09,42571.0,62.019,298
2024-11-14 15:55:00-05:00,62.09,62.11,61.93,61.95,152768.0,62.009,872
2024-11-15 09:30:00-05:00,61.58,61.93,61.41,61.71,70292.0,61.581,12
2024-11-15 09:35:00-05:00,61.61,61.73,61.32,61.48,6018.0,61.558,45
2024-11-15 09:40:00-05:00,61.53,61.59,61.32,61.33,7524.0,61.467,53
2024-11-15 09:45:00-05:00,61.34,61.55,61.34,61.55,11892.0,61.429,83
2024-11-15 09:50:00-05:00,61.5,61.61,61.45,61.58,9812.0,61.546,73
2024-11-15 09:55:00-05:00,61.58,61.61,61.36,61.39,15605.0,61.433,105
2024-11-15 10:00:00-05:00,61.41,61.42,61.19,61.25,21398.0,61.265,122
2024-11-15 10:05:00-05:00,61.27,61.27,61.14,61.15,6536.0,61.216,33
2024-11-15 10:10:00-05:00,61.2,61.44,61.12,61.43,10805.0,61.293,85
2024-11-15 10:15:00-05:00,61.39,61.39,61.31,61.38,4691.0,61.369,37
2024-11-15 10:20:00-05:00,61.36,61.36,61.26,61.27,6272.0,61.299,43
2024-11-15 10:25:00-05:00,61.27,61.29,61.22,61.28,5480.0,61.26,47
2024-11-15 10:30:00-05:00,61.25,61.28,61.2,61.23,10085.0,61.235,76
2024-11-15 10:35:00-05:00,61.25,61.25,61.15,61.2,10886.0,61.2,88
2024-11-15 10:40:00-05:00,61.21,61.31,61.18,61.28,21118.0,61.225,89
2024-11-15 10:45:00-05:00,61.29,61.32,61.16,61.19,4401.0,61.231,34
2024-11-15 10:50:00-05:00,61.19,61.23,60.97,60.97,14871.0,61.104,83
2024-11-15 10:55:00-05:00,60.97,61.17,60.97,61.17,12546.0,61.073,81
2024-11-15 11:00:00-05:00,61.18,61.18,61.04,61.05,7022.0,61.112,57
2024-11-15 11:05:00-05:00,61.07,61.21,61.04,61.19,12208.0,61.137,75
2024-11-15 11:10:00-05:00,61.18,61.21,61.11,61.15,8981.0,61.172,69
2024-11-15 11:15:00-05:00,61.14,61.21,61.12,61.2,7937.0,61.173,56
2024-11-15 11:20:00-05:00,61.17,61.24,61.17,61.24,4431.0,61.219,30
2024-11-15 11:25:00-05:00,61.23,61.27,61.18,61.25,7841.0,61.23,62
2024-11-15 11:30:00-05:00,61.25,61.25,61.17,61.17,9249.0,61.232,57
2024-11-15 11:35:00-05:00,61.18,61.23,61.15,61.2,9373.0,61.201,63
2024-11-15 11:40:00-05:00,61.2,61.23,61.19,61.2,11227.0,61.213,63
2024-11-15 11:45:00-05:00,61.2,61.25,61.18,61.19,5429.0,61.217,45
2024-11-15 11:50:00-05:00,61.21,61.25,61.19,61.25,9332.0,61.221,68
2024-11-15 11:55:00-05:00,61.24,61.28,61.23,61.27,6911.0,61.253,56
2024-11-15 12:00:00-05:00,61.27,61.27,61.24,61.26,5875.0,61.254,33
2024-11-15 12:05:00-05:00,61.27,61.35,61.26,61.34,7362.0,61.316,48
2024-11-15 12:10:00-05:00,61.34,61.35,61.28,61.33,6919.0,61.332,58
2024-11-15 12:15:00-05:00,61.31,61.36,61.28,61.36,4936.0,61.323,44
2024-11-15 12:20:00-05:00,61.37,61.47,61.37,61.45,3579.0,61.425,30
2024-11-15 12:25:00-05:00,61.45,61.45,61.34,61.35,10559.0,61.399,47
2024-11-15 12:30:00-05:00,61.34,61.35,61.28,61.34,5926.0,61.312,55
2024-11-15 12:35:00-05:00,61.33,61.37,61.3,61.33,10304.0,61.347,64
2024-11-15 12:40:00-05:00,61.35,61.41,61.33,61.41,26765.0,61.346,151
2024-11-15 12:45:00-05:00,61.39,61.47,61.37,61.44,7871.0,61.412,45
2024-11-15 12:50:00-05:00,61.42,61.47,61.35,61.47,21118.0,61.404,43
2024-11-15 12:55:00-05:00,61.47,61.51,61.42,61.5,3553.0,61.468,30
2024-11-15 13:00:00-05:00,61.48,61.49,61.38,61.39,6569.0,61.42,32
2024-11-15 13:05:00-05:00,61.39,61.44,61.36,61.41,6458.0,61.407,48
2024-11-15 13:10:00-05:00,61.4,61.4,61.34,61.38,9774.0,61.368,61
2024-11-15 13:15:00-05:00,61.39,61.41,61.36,61.39,4026.0,61.391,35
2024-11-15 13:20:00-05:00,61.4,61.43,61.36,61.36,6540.0,61.392,49
2024-11-15 13:25:00-05:00,61.35,61.39,61.35,61.38,6716.0,61.375,45
2024-11-15 13:30:00-05:00,61.37,61.37,61.28,61.35,8901.0,61.337,60
2024-11-15 13:35:00-05:00,61.34,61.38,61.34,61.37,5579.0,61.364,31
2024-11-15 13:40:00-05:00,61.37,61.37,61.26,61.32,29875.0,61.321,109
2024-11-15 13:45:00-05:00,61.3,61.31,61.18,61.19,28034.0,61.241,87
2024-11-15 13:50:00-05:00,61.19,61.2,61.16,61.17,9826.0,61.184,65
2024-11-15 13:55:00-05:00,61.16,61.16,61.04,61.1,18710.0,61.106,104
2024-11-15 14:00:00-05:00,61.11,61.11,61.06,61.07,7809.0,61.082,74
2024-11-15 14:05:00-05:00,61.07,61.14,61.06,61.14,6933.0,61.091,42
2024-11-15 14:10:00-05:00,61.14,61.14,61.1,61.11,9374.0,61.117,66
2024-11-15 14:15:00-05:00,61.11,61.13,61.11,61.13,5133.0,61.116,34
2024-11-15 14:20:00-05:00,61.13,61.13,61.08,61.11,7463.0,61.107,55
2024-11-15 14:25:00-05:00,61.1,61.21,61.06,61.21,13820.0,61.139,101
2024-11-15 14:30:00-05:00,61.2,61.21,61.13,61.13,7670.0,61.177,47
2024-11-15 14:35:00-05:00,61.12,61.25,61.09,61.24,15593.0,61.165,94
2024-11-15 14:40:00-05:00,61.22,61.27,61.2,61.21,9717.0,61.254,66
2024-11-15 14:45:00-05:00,61.23,61.32,61.2,61.24,15669.0,61.265,93
2024-11-15 14:50:00-05:00,61.25,61.25,61.19,61.22,7759.0,61.224,41
2024-11-15 14:55:00-05:00,61.22,61.22,61.16,61.18,2818.0,61.186,27
2024-11-15 15:00:00-05:00,61.18,61.28,61.17,61.28,15558.0,61.235,81
2024-11-15 15:05:00-05:00,61.3,61.34,61.27,61.28,10647.0,61.311,69
2024-11-15 15:10:00-05:00,61.28,61.29,61.24,61.29,7669.0,61.275,45
2024-11-15 15:15:00-05:00,61.27,61.37,61.27,61.36,31089.0,61.32,159
2024-11-15 15:20:00-05:00,61.36,61.41,61.34,61.35,20753.0,61.386,129
2024-11-15 15:25:00-05:00,61.34,61.34,61.22,61.25,16990.0,61.273,115
2024-11-15 15:30:00-05:00,61.25,61.26,61.22,61.23,27381.0,61.241,164
2024-11-15 15:35:00-05:00,61.24,61.28,61.2,61.24,46946.0,61.241,253
2024-11-15 15:40:00-05:00,61.24,61.24,61.08,61.1,35442.0,61.176,172
2024-11-15 15:45:00-05:00,61.09,61.13,61.06,61.07,38935.0,61.11,182
2024-11-15 15:50:00-05:00,61.05,61.14,61.05,61.13,39002.0,61.108,277
2024-11-15 15:55:00-05:00,61.13,61.14,60.88,60.9,182048.0,60.931,1041
2024-11-18 09:30:00-05:00,60.63,60.91,60.54,60.81,13759.0,60.646,20
2024-11-18 09:35:00-05:00,60.81,60.92,60.81,60.83,3124.0,60.879,24
2024-11-18 09:40:00-05:00,60.83,61.01,60.78,60.79,10862.0,60.913,72
2024-11-18 09:45:00-05:00,60.79,60.92,60.7,60.88,21539.0,60.801,132
2024-11-18 09:50:00-05:00,60.88,60.93,60.73,60.83,45535.0,60.857,133
2024-11-18 09:55:00-05:00,60.8,60.89,60.74,60.84,18375.0,60.812,127
2024-11-18 10:00:00-05:00,60.83,60.94,60.75,60.87,24507.0,60.85,187
2024-11-18 10:05:00-05:00,60.87,60.98,60.86,60.93,5386.0,60.927,44
2024-11-18 10:10:00-05:00,60.91,60.98,60.78,60.86,24367.0,60.905,186
2024-11-18 10:15:00-05:00,60.83,60.92,60.63,60.65,22014.0,60.811,153
2024-11-18 10:20:00-05:00,60.68,60.77,60.43,60.47,38265.0,60.604,212
2024-11-18 10:25:00-05:00,60.5,60.59,60.45,60.55,18123.0,60.52,134
2024-11-18 10:30:00-05:00,60.55,60.59,60.43,60.48,24947.0,60.513,178
2024-11-18 10:35:00-05:00,60.52,60.65,60.44,60.62,29392.0,60.531,214
2024-11-18 10:40:00-05:00,60.62,60.64,60.59,60.64,6441.0,60.617,53
2024-11-18 10:45:00-05:00,60.62,60.64,60.58,60.58,18069.0,60.605,59
2024-11-18 10:50:00-05:00,60.58,60.58,60.49,60.54,5759.0,60.537,45
2024-11-18 10:55:00-05:00,60.56,60.65,60.55,60.65,12561.0,60.592,78
2024-11-18 11:00:00-05:00,60.65,60.69,60.6,60.6,6619.0,60.645,46
2024-11-18 11:05:00-05:00,60.59,60.6,60.51,60.58,5083.0,60.563,35
2024-11-18 11:10:00-05:00,60.62,60.64,60.58,60.61,3580.0,60.613,26
2024-11-18 11:15:00-05:00,60.61,60.7,60.61,60.69,7982.0,60.673,55
2024-11-18 11:20:00-05:00,60.7,60.72,60.69,60.69,15576.0,60.699,39
2024-11-18 11:25:00-05:00,60.69,60.75,60.68,60.72,8880.0,60.721,53
2024-11-18 11:30:00-05:00,60.73,60.81,60.72,60.8,13723.0,60.785,29
2024-11-18 11:35:00-05:00,60.79,60.84,60.78,60.83,9180.0,60.808,55
2024-11-18 11:40:00-05:00,60.81,60.81,60.75,60.75,4191.0,60.785,31
2024-11-18 11:45:00-05:00,60.75,60.77,60.69,60.7,9199.0,60.74,65
2024-11-18 11:50:00-05:00,60.71,60.72,60.66,60.69,8500.0,60.692,69
2024-11-18 11:55:00-05:00,60.68,60.7,60.66,60.67,7858.0,60.681,57
2024-11-18 12:00:00-05:00,60.65,60.69,60.65,60.67,4442.0,60.671,36
2024-11-18 12:05:00-05:00,60.66,60.66,60.62,60.62,2901.0,60.633,24
2024-11-18 12:10:00-05:00,60.62,60.68,60.61,60.67,7806.0,60.654,46
2024-11-18 12:15:00-05:00,60.68,60.7,60.67,60.7,5298.0,60.683,45
2024-11-18 12:20:00-05:00,60.71,60.73,60.7,60.71,5279.0,60.72,42
2024-11-18 12:25:00-05:00,60.71,60.79,60.71,60.79,6380.0,60.764,41
2024-11-18 12:30:00-05:00,60.8,60.81,60.75,60.78,6122.0,60.784,42
2024-11-18 12:35:00-05:00,60.79,60.89,60.79,60.89,3387.0,60.853,25
2024-11-18 12:40:00-05:00,60.88,60.97,60.88,60.97,15066.0,60.919,40
2024-11-18 12:45:00-05:00,60.98,61.04,60.94,61.02,19937.0,60.96,51
2024-11-18 12:50:00-05:00,61.02,61.06,61.0,61.04,4446.0,61.023,28
2024-11-18 12:55:00-05:00,61.04,61.06,61.04,61.04,749.0,61.045,7
2024-11-18 13:00:00-05:00,61.02,61.04,60.98,61.03,10412.0,61.016,64
2024-11-18 13:05:00-05:00,61.03,61.04,60.9,60.92,4677.0,60.996,30
2024-11-18 13:10:00-05:00,60.9,60.91,60.89,60.89,2445.0,60.896,21
2024-11-18 13:15:00-05:00,60.89,60.89,60.8,60.82,8441.0,60.831,48
2024-11-18 13:20:00-05:00,60.84,60.84,60.78,60.79,8393.0,60.809,62
2024-11-18 13:25:00-05:00,60.79,60.87,60.76,60.87,19628.0,60.788,84
2024-11-18 13:30:00-05:00,60.86,60.93,60.85,60.92,8960.0,60.882,62
2024-11-18 13:35:00-05:00,60.91,61.02,60.83,60.99,17360.0,60.89,91
2024-11-18 13:40:00-05:00,60.98,61.11,60.97,61.04,13349.0,61.019,78
2024-11-18 13:45:00-05:00,61.04,61.04,60.93,60.95,6419.0,60.987,48
2024-11-18 13:50:00-05:00,60.96,60.99,60.95,60.98,9017.0,60.973,67
2024-11-18 13:55:00-05:00,60.98,61.13,60.96,61.1,12205.0,61.052,89
2024-11-18 14:00:00-05:00,61.09,61.12,61.05,61.11,16745.0,61.08,105
2024-11-18 14:05:00-05:00,61.11,61.13,61.08,61.11,6430.0,61.098,39
2024-11-18 14:10:00-05:00,61.12,61.17,61.11,61.14,15680.0,61.152,104
2024-11-18 14:15:00-05:00,61.09,61.09,60.99,61.0,10009.0,61.03,74
2024-11-18 14:20:00-05:00,61.0,61.01,60.97,61.01,5945.0,60.984,39
2024-11-18 14:25:00-05:00,61.0,61.1,60.99,61.05,12880.0,61.049,80
2024-11-18 14:30:00-05:00,61.08,61.08,61.01,61.01,8375.0,61.038,65
2024-11-18 14:35:00-05:00,61.03,61.03,60.97,61.02,9879.0,60.999,69
2024-11-18 14:40:00-05:00,61.02,61.04,60.93,60.93,25669.0,60.993,123
2024-11-18 14:45:00-05:00,60.93,60.98,60.93,60.98,10525.0,60.947,64
2024-11-18 14:50:00-05:00,60.98,61.0,60.89,60.9,14407.0,60.956,89
2024-11-18 14:55:00-05:00,60.91,60.99,60.9,60.94,29854.0,60.938,124
2024-11-18 15:00:00-05:00,60.94,60.94,60.82,60.86,11757.0,60.88,70
2024-11-18 15:05:00-05:00,60.84,60.9,60.84,60.88,8634.0,60.873,54
2024-11-18 15:10:00-05:00,60.88,60.89,60.86,60.86,11659.0,60.871,80
2024-11-18 15:15:00-05:00,60.86,60.86,60.77,60.82,22304.0,60.803,145
2024-11-18 15:20:00-05:00,60.82,60.85,60.81,60.84,18691.0,60.832,112
2024-11-18 15:25:00-05:00,60.84,60.87,60.77,60.77,15612.0,60.822,115
2024-11-18 15:30:00-05:00,60.76,60.78,60.7,60.73,15801.0,60.751,115
2024-11-18 15:35:00-05:00,60.74,60.81,60.73,60.81,17393.0,60.771,121
2024-11-18 15:40:00-05:00,60.81,60.84,60.76,60.76,50248.0,60.825,301
2024-11-18 15:45:00-05:00,60.77,60.82,60.74,60.82,22198.0,60.787,179
2024-11-18 15:50:00-05:00,60.81,60.93,60.81,60.92,55463.0,60.896,346
2024-11-18 15:55:00-05:00,60.92,60.95,60.78,60.85,226405.0,60.866,1167
2024-11-19 09:30:00-05:00,60.33,60.53,60.02,60.19,15526.0,60.306,52
2024-11-19 09:35:00-05:00,60.27,60.27,60.02,60.11,8418.0,60.122,28
2024-11-19 09:40:00-05:00,60.11,60.29,60.04,60.16,15227.0,60.134,66
2024-11-19 09:45:00-05:00,60.14,60.26,60.04,60.1,9473.0,60.174,68
2024-11-19 09:50:00-05:00,60.07,60.32,60.04,60.32,5205.0,60.175,39
2024-11-19 09:55:00-05:00,60.32,60.32,60.22,60.25,13859.0,60.278,82
2024-11-19 10:00:00-05:00,60.26,60.33,60.15,60.33,7421.0,60.262,46
2024-11-19 10:05:00-05:00,60.33,60.4,60.3,60.35,9622.0,60.344,66
2024-11-19 10:10:00-05:00,60.36,60.44,60.31,60.36,11367.0,60.355,69
2024-11-19 10:15:00-05:00,60.34,60.34,60.19,60.26,9228.0,60.244,60
2024-11-19 10:20:00-05:00,60.23,60.26,60.15,60.22,16089.0,60.188,85
2024-11-19 10:25:00-05:00,60.23,60.27,60.16,60.27,11681.0,60.201,60
2024-11-19 10:30:00-05:00,60.27,60.3,60.21,60.26,15093.0,60.254,97
2024-11-19 10:35:00-05:00,60.26,60.34,60.25,60.29,23152.0,60.301,61
2024-11-19 10:40:00-05:00,60.29,60.31,60.26,60.3,18693.0,60.274,83
2024-11-19 10:45:00-05:00,60.29,60.38,60.25,60.37,9824.0,60.3,83
2024-11-19 10:50:00-05:00,60.35,60.37,60.33,60.33,16208.0,60.347,91
2024-11-19 10:55:00-05:00,60.34,60.36,60.3,60.36,7471.0,60.326,61
2024-11-19 11:00:00-05:00,60.35,60.35,60.29,60.3,13738.0,60.319,78
2024-11-19 11:05:00-05:00,60.3,60.34,60.29,60.3,17930.0,60.307,108
2024-11-19 11:10:00-05:00,60.3,60.35,60.28,60.35,7420.0,60.301,58
2024-11-19 11:15:00-05:00,60.36,60.49,60.36,60.49,5311.0,60.443,42
2024-11-19 11:20:00-05:00,60.49,60.52,60.48,60.51,5466.0,60.503,45
2024-11-19 11:25:00-05:00,60.52,60.61,60.51,60.54,13328.0,60.556,108
2024-11-19 11:30:00-05:00,60.55,60.55,60.52,60.52,5282.0,60.539,42
2024-11-19 11:35:00-05:00,60.52,60.56,60.51,60.56,6833.0,60.519,34
2024-11-19 11:40:00-05:00,60.58,60.63,60.58,60.62,5542.0,60.592,42
2024-11-19 11:45:00-05:00,60.61,60.63,60.58,60.59,5572.0,60.609,46
2024-11-19 11:50:00-05:00,60.59,60.6,60.56,60.59,5850.0,60.584,38
2024-11-19 11:55:00-05:00,60.59,60.62,60.59,60.61,5590.0,60.606,41
2024-11-19 12:00:00-05:00,60.62,60.62,60.51,60.52,8481.0,60.574,61
2024-11-19 12:05:00-05:00,60.5,60.51,60.4,60.48,4112.0,60.448,34
2024-11-19 12:10:00-05:00,60.47,60.47,60.39,60.4,2071.0,60.419,17
2024-11-19 12:15:00-05:00,60.41,60.51,60.4,60.48,5701.0,60.439,47
2024-11-19 12:20:00-05:00,60.48,60.49,60.39,60.43,9473.0,60.445,56
2024-11-19 12:25:00-05:00,60.43,60.51,60.42,60.47,3428.0,60.474,30
2024-11-19 12:30:00-05:00,60.47,60.49,60.46,60.48,4750.0,60.476,44
2024-11-19 12:35:00-05:00,60.48,60.48,60.4,60.48,15374.0,60.428,81
2024-11-19 12:40:00-05:00,60.48,60.48,60.35,60.35,6238.0,60.414,31
2024-11-19 12:45:00-05:00,60.36,60.39,60.31,60.38,14677.0,60.345,44
2024-11-19 12:50:00-05:00,60.36,60.39,60.36,60.38,1825.0,60.378,8
2024-11-19 12:55:00-05:00,60.37,60.38,60.33,60.35,5151.0,60.358,41
2024-11-19 13:00:00-05:00,60.34,60.35,60.3,60.32,7972.0,60.312,45
2024-11-19 13:05:00-05:00,60.32,60.34,60.3,60.34,12538.0,60.315,53
2024-11-19 13:10:00-05:00,60.34,60.35,60.31,60.32,7328.0,60.327,54
2024-11-19 13:15:00-05:00,60.32,60.38,60.32,60.38,9337.0,60.356,66
2024-11-19 13:20:00-05:00,60.38,60.43,60.35,60.42,10589.0,60.39,60
2024-11-19 13:25:00-05:00,60.42,60.5,60.42,60.49,9863.0,60.48,52
2024-11-19 13:30:00-05:00,60.49,60.6,60.49,60.6,12985.0,60.535,75
2024-11-19 13:35:00-05:00,60.6,60.61,60.49,60.58,17977.0,60.569,111
2024-11-19 13:40:00-05:00,60.56,60.57,60.42,60.42,13067.0,60.5,99
2024-11-19 13:45:00-05:00,60.44,60.52,60.44,60.45,12872.0,60.469,99
2024-11-19 13:50:00-05:00,60.44,60.44,60.4,60.42,5935.0,60.415,36
2024-11-19 13:55:00-05:00,60.41,60.53,60.41,60.52,7224.0,60.477,38
2024-11-19 14:00:00-05:00,60.52,60.52,60.41,60.42,5817.0,60.443,51
2024-11-19 14:05:00-05:00,60.42,60.48,60.42,60.47,6871.0,60.446,51
2024-11-19 14:10:00-05:00,60.46,60.49,60.46,60.47,16749.0,60.474,105
2024-11-19 14:15:00-05:00,60.48,60.48,60.45,60.47,5649.0,60.466,34
2024-11-19 14:20:00-05:00,60.48,60.57,60.47,60.54,16046.0,60.529,89
2024-11-19 14:25:00-05:00,60.53,60.53,60.47,60.47,16662.0,60.502,111
2024-11-19 14:30:00-05:00,60.47,60.49,60.39,60.4,15273.0,60.442,118
2024-11-19 14:35:00-05:00,60.39,60.4,60.31,60.31,17701.0,60.343,136
2024-11-19 14:40:00-05:00,60.31,60.31,60.25,60.29,20512.0,60.284,134
2024-11-19 14:45:00-05:00,60.29,60.3,60.25,60.26,11603.0,60.28,86
2024-11-19 14:50:00-05:00,60.26,60.36,60.25,60.35,19589.0,60.3,130
2024-11-19 14:55:00-05:00,60.35,60.35,60.26,60.28,11625.0,60.313,85
2024-11-19 15:00:00-05:00,60.29,60.29,60.15,60.2,13557.0,60.232,77
2024-11-19 15:05:00-05:00,60.2,60.26,60.2,60.26,14162.0,60.236,94
2024-11-19 15:10:00-05:00,60.26,60.27,60.22,60.26,16456.0,60.253,110
2024-11-19 15:15:00-05:00,60.26,60.26,60.22,60.26,15286.0,60.236,95
2024-11-19 15:20:00-05:00,60.27,60.3,60.23,60.25,33594.0,60.27,207
2024-11-19 15:25:00-05:00,60.25,60.25,60.17,60.21,32383.0,60.212,156
2024-11-19 15:30:00-05:00,60.21,60.22,60.16,60.19,38484.0,60.194,202
2024-11-19 15:35:00-05:00,60.19,60.2,60.17,60.19,24339.0,60.193,143
2024-11-19 15:40:00-05:00,60.19,60.21,60.16,60.19,35788.0,60.192,200
2024-11-19 15:45:00-05:00,60.19,60.19,60.08,60.14,43080.0,60.121,300
2024-11-19 15:50:00-05:00,60.15,60.19,60.08,60.09,43596.0,60.133,329
2024-11-19 15:55:00-05:00,60.1,60.15,59.85,59.91,245753.0,59.942,1537
2024-11-20 09:30:00-05:00,59.88,60.15,59.74,59.98,17135.0,59.911,51
2024-11-20 09:35:00-05:00,59.88,59.92,59.63,59.69,14255.0,59.739,101
2024-11-20 09:40:00-05:00,59.71,59.87,59.71,59.87,10697.0,59.803,50
2024-11-20 09:45:00-05:00,59.83,59.98,59.8,59.91,9890.0,59.905,63
2024-11-20 09:50:00-05:00,59.91,60.02,59.86,60.01,7554.0,59.929,43
2024-11-20 09:55:00-05:00,59.97,60.1,59.97,60.04,7163.0,60.047,58
2024-11-20 10:00:00-05:00,60.04,60.19,60.02,60.19,8295.0,60.109,66
2024-11-20 10:05:00-05:00,60.18,60.23,60.04,60.04,5775.0,60.158,45
2024-11-20 10:10:00-05:00,60.02,60.08,60.0,60.03,8828.0,60.041,69
2024-11-20 10:15:00-05:00,60.03,60.03,59.98,60.02,4576.0,60.005,38
2024-11-20 10:20:00-05:00,60.01,60.04,59.98,60.02,6964.0,60.007,46
2024-11-20 10:25:00-05:00,60.03,60.06,59.93,60.04,13521.0,59.998,93
2024-11-20 10:30:00-05:00,60.06,60.12,60.06,60.09,9318.0,60.08,66
2024-11-20 10:35:00-05:00,60.1,60.12,60.03,60.08,15880.0,60.084,101
2024-11-20 10:40:00-05:00,60.08,60.08,59.98,59.99,8407.0,60.021,68
2024-11-20 10:45:00-05:00,59.99,59.99,59.91,59.93,9202.0,59.942,70
2024-11-20 10:50:00-05:00,59.93,59.93,59.84,59.87,5623.0,59.881,43
2024-11-20 10:55:00-05:00,59.87,59.91,59.86,59.88,15940.0,59.886,102
2024-11-20 11:00:00-05:00,59.88,59.92,59.76,59.8,18488.0,59.84,94
2024-11-20 11:05:00-05:00,59.78,59.8,59.71,59.8,16191.0,59.763,80
2024-11-20 11:10:00-05:00,59.8,59.8,59.7,59.72,29814.0,59.753,111
2024-11-20 11:15:00-05:00,59.72,59.76,59.66,59.76,11767.0,59.708,61
2024-11-20 11:20:00-05:00,59.77,59.78,59.69,59.69,15349.0,59.737,106
2024-11-20 11:25:00-05:00,59.69,59.73,59.66,59.71,8011.0,59.692,55
2024-11-20 11:30:00-05:00,59.7,59.8,59.7,59.77,11337.0,59.764,71
2024-11-20 11:35:00-05:00,59.78,59.78,59.72,59.76,10691.0,59.756,74
2024-11-20 11:40:00-05:00,59.76,59.83,59.75,59.83,18917.0,59.787,93
2024-11-20 11:45:00-05:00,59.84,59.89,59.81,59.87,13419.0,59.861,72
2024-11-20 11:50:00-05:00,59.88,59.99,59.88,59.99,14134.0,59.945,83
2024-11-20 11:55:00-05:00,59.99,60.0,59.89,59.9,12756.0,59.958,105
2024-11-20 12:00:00-05:00,59.9,59.9,59.75,59.76,3527.0,59.851,24
2024-11-20 12:05:00-05:00,59.75,59.79,59.75,59.78,7827.0,59.759,55
2024-11-20 12:10:00-05:00,59.77,59.77,59.7,59.7,6572.0,59.749,39
2024-11-20 12:15:00-05:00,59.69,59.89,59.69,59.88,7565.0,59.782,63
2024-11-20 12:20:00-05:00,59.89,59.97,59.84,59.94,7716.0,59.892,62
2024-11-20 12:25:00-05:00,59.91,59.96,59.88,59.94,6647.0,59.926,39
2024-11-20 12:30:00-05:00,59.93,59.98,59.92,59.93,6888.0,59.945,45
2024-11-20 12:35:00-05:00,59.93,59.99,59.93,59.97,4043.0,59.954,29
2024-11-20 12:40:00-05:00,59.99,60.03,59.98,60.02,3344.0,60.002,25
2024-11-20 12:45:00-05:00,60.03,60.06,60.0,60.04,7133.0,60.029,42
2024-11-20 12:50:00-05:00,60.05,60.07,59.99,59.99,8382.0,60.036,53
2024-11-20 12:55:00-05:00,59.96,60.0,59.93,59.95,4082.0,59.964,23
2024-11-20 13:00:00-05:00,59.93,59.95,59.9,59.91,5314.0,59.928,29
2024-11-20 13:05:00-05:00,59.92,59.93,59.89,59.89,48898.0,59.903,44
2024-11-20 13:10:00-05:00,59.89,59.91,59.87,59.91,2909.0,59.894,24
2024-11-20 13:15:00-05:00,59.9,59.92,59.81,59.83,6275.0,59.871,42
2024-11-20 13:20:00-05:00,59.82,59.84,59.79,59.84,7620.0,59.815,58
2024-11-20 13:25:00-05:00,59.83,59.84,59.8,59.8,7549.0,59.823,43
2024-11-20 13:30:00-05:00,59.79,59.79,59.71,59.71,7284.0,59.753,48
2024-11-20 13:35:00-05:00,59.71,59.77,59.71,59.77,5847.0,59.735,45
2024-11-20 13:40:00-05:00,59.76,59.78,59.75,59.75,4522.0,59.762,33
2024-11-20 13:45:00-05:00,59.75,59.75,59.7,59.71,10135.0,59.717,64
2024-11-20 13:50:00-05:00,59.71,59.77,59.7,59.75,8998.0,59.742,67
2024-11-20 13:55:00-05:00,59.74,59.83,59.74,59.83,11074.0,59.791,63
2024-11-20 14:00:00-05:00,59.83,59.91,59.82,59.88,9813.0,59.871,66
2024-11-20 14:05:00-05:00,59.9,59.93,59.9,59.93,3251.0,59.911,18
2024-11-20 14:10:00-05:00,59.92,59.92,59.86,59.87,8637.0,59.899,60
2024-11-20 14:15:00-05:00,59.87,59.91,59.87,59.9,5876.0,59.894,41
2024-11-20 14:20:00-05:00,59.91,59.91,59.83,59.84,7964.0,59.879,61
2024-11-20 14:25:00-05:00,59.84,59.86,59.83,59.86,5727.0,59.851,43
2024-11-20 14:30:00-05:00,59.87,59.9,59.84,59.9,10904.0,59.859,76
2024-11-20 14:35:00-05:00,59.91,59.96,59.9,59.96,4055.0,59.934,18
2024-11-20 14:40:00-05:00,59.98,59.98,59.97,59.97,6660.0,59.977,32
2024-11-20 14:45:00-05:00,59.97,60.03,59.96,60.03,4552.0,59.984,27
2024-11-20 14:50:00-05:00,60.03,60.11,60.03,60.06,10318.0,60.067,81
2024-11-20 14:55:00-05:00,60.07,60.12,60.06,60.1,6720.0,60.094,35
2024-11-20 15:00:00-05:00,60.1,60.15,60.08,60.09,25438.0,60.106,119
2024-11-20 15:05:00-05:00,60.08,60.1,60.06,60.09,14476.0,60.081,80
2024-11-20 15:10:00-05:00,60.09,60.12,60.08,60.1,11917.0,60.101,73
2024-11-20 15:15:00-05:00,60.09,60.16,60.07,60.15,16209.0,60.1,67
2024-11-20 15:20:00-05:00,60.15,60.16,60.12,60.15,13525.0,60.139,66
2024-11-20 15:25:00-05:00,60.15,60.17,60.12,60.15,16784.0,60.148,91
2024-11-20 15:30:00-05:00,60.16,60.21,60.14,60.19,14362.0,60.177,73
2024-11-20 15:35:00-05:00,60.19,60.23,60.16,60.22,12255.0,60.192,94
2024-11-20 15:40:00-05:00,60.23,60.25,60.16,60.18,16064.0,60.205,119
2024-11-20 15:45:00-05:00,60.17,60.26,60.17,60.25,15783.0,60.209,108
2024-11-20 15:50:00-05:00,60.26,60.36,60.26,60.32,33511.0,60.306,262
2024-11-20 15:55:00-05:00,60.31,60.44,60.27,60.43,118288.0,60.369,598
2024-11-21 09:30:00-05:00,60.07,60.07,59.6,59.79,16314.0,60.053,8
2024-11-21 09:35:00-05:00,60.02,60.2,59.8,60.18,6062.0,60.038,39
2024-11-21 09:40:00-05:00,60.13,60.14,59.98,60.1,8019.0,60.082,29
2024-11-21 09:45:00-05:00,60.1,60.23,60.04,60.22,7881.0,60.144,43
2024-11-21 09:50:00-05:00,60.18,60.2,60.06,60.15,3355.0,60.153,30
2024-11-21 09:55:00-05:00,60.24,60.29,60.16,60.2,8632.0,60.239,50
2024-11-21 10:00:00-05:00,60.23,60.37,60.23,60.37,8979.0,60.307,44
2024-11-21 10:05:00-05:00,60.42,60.57,60.35,60.53,10869.0,60.427,56
2024-11-21 10:10:00-05:00,60.61,60.9,60.61,60.87,9403.0,60.751,50
2024-11-21 10:15:00-05:00,60.87,60.87,60.72,60.8,4150.0,60.78,32
2024-11-21 10:20:00-05:00,60.8,60.8,60.62,60.66,5063.0,60.713,43
2024-11-21 10:25:00-05:00,60.67,60.78,60.67,60.74,2905.0,60.739,23
2024-11-21 10:30:00-05:00,60.76,60.8,60.7,60.8,1651.0,60.747,11
2024-11-21 10:35:00-05:00,60.79,60.79,60.65,60.65,3596.0,60.737,32
2024-11-21 10:40:00-05:00,60.69,60.98,60.69,60.94,10789.0,60.837,65
2024-11-21 10:45:00-05:00,60.94,61.12,60.94,61.12,4763.0,61.039,26
2024-11-21 10:50:00-05:00,61.14,61.14,60.99,61.01,4067.0,61.042,21
2024-11-21 10:55:00-05:00,61.05,61.06,60.9,60.93,4134.0,60.988,33
2024-11-21 11:00:00-05:00,60.96,60.96,60.77,60.82,7477.0,60.852,53
2024-11-21 11:05:00-05:00,60.87,60.87,60.78,60.79,3023.0,60.82,28
2024-11-21 11:10:00-05:00,60.82,60.89,60.8,60.87,4464.0,60.857,35
2024-11-21 11:15:00-05:00,60.87,60.88,60.8,60.85,5958.0,60.847,35
2024-11-21 11:20:00-05:00,60.85,60.87,60.82,60.87,2605.0,60.842,19
2024-11-21 11:25:00-05:00,60.85,60.88,60.82,60.83,4865.0,60.845,39
2024-11-21 11:30:00-05:00,60.84,61.0,60.83,60.92,10036.0,60.95,56
2024-11-21 11:35:00-05:00,60.92,60.92,60.84,60.84,4906.0,60.896,29
2024-11-21 11:40:00-05:00,60.84,60.84,60.79,60.79,2057.0,60.816,16
2024-11-21 11:45:00-05:00,60.8,60.82,60.76,60.76,7534.0,60.795,46
2024-11-21 11:50:00-05:00,60.77,60.86,60.76,60.84,4647.0,60.838,31
2024-11-21 11:55:00-05:00,60.83,60.87,60.83,60.84,3701.0,60.853,19
2024-11-21 12:00:00-05:00,60.83,60.84,60.81,60.83,4041.0,60.824,32
2024-11-21 12:05:00-05:00,60.85,60.88,60.79,60.79,6813.0,60.835,30
2024-11-21 12:10:00-05:00,60.81,60.85,60.81,60.85,2520.0,60.839,21
2024-11-21 12:15:00-05:00,60.83,60.95,60.83,60.95,2051.0,60.858,16
2024-11-21 12:20:00-05:00,60.96,61.01,60.94,60.97,15482.0,60.979,46
2024-11-21 12:25:00-05:00,60.95,61.04,60.95,61.01,4247.0,61.007,29
2024-11-21 12:30:00-05:00,61.0,61.01,60.96,60.98,1309.0,60.986,11
2024-11-21 12:35:00-05:00,60.96,60.96,60.92,60.95,2058.0,60.94,18
2024-11-21 12:40:00-05:00,60.94,60.96,60.91,60.91,2554.0,60.938,15
2024-11-21 12:45:00-05:00,60.9,60.92,60.87,60.89,2632.0,60.89,26
2024-11-21 12:50:00-05:00,60.88,60.89,60.82,60.85,2300.0,60.851,22
2024-11-21 12:55:00-05:00,60.83,60.85,60.81,60.83,2450.0,60.829,20
2024-11-21 13:00:00-05:00,60.83,60.86,60.79,60.79,2975.0,60.83,22
2024-11-21 13:05:00-05:00,60.8,60.87,60.79,60.86,6059.0,60.835,44
2024-11-21 13:10:00-05:00,60.85,60.91,60.85,60.9,1101.0,60.879,11
2024-11-21 13:15:00-05:00,60.88,60.88,60.82,60.84,6987.0,60.862,47
2024-11-21 13:20:00-05:00,60.87,60.87,60.84,60.87,4798.0,60.853,41
2024-11-21 13:25:00-05:00,60.88,60.89,60.69,60.69,21315.0,60.772,120
2024-11-21 13:30:00-05:00,60.68,60.7,60.63,60.68,7565.0,60.658,59
2024-11-21 13:35:00-05:00,60.67,60.69,60.59,60.64,7811.0,60.65,35
2024-11-21 13:40:00-05:00,60.66,60.66,60.6,60.6,3578.0,60.633,26
2024-11-21 13:45:00-05:00,60.62,60.62,60.5,60.53,22004.0,60.555,116
2024-11-21 13:50:00-05:00,60.53,60.55,60.53,60.55,1500.0,60.541,8
2024-11-21 13:55:00-05:00,60.54,60.67,60.52,60.67,26237.0,60.583,87
2024-11-21 14:00:00-05:00,60.69,60.79,60.66,60.74,6962.0,60.742,43
2024-11-21 14:05:00-05:00,60.72,60.72,60.57,60.57,7923.0,60.637,47
2024-11-21 14:10:00-05:00,60.6,60.67,60.6,60.66,4213.0,60.631,31
2024-11-21 14:15:00-05:00,60.67,60.73,60.67,60.73,7528.0,60.699,45
2024-11-21 14:20:00-05:00,60.7,60.77,60.67,60.75,8048.0,60.722,58
2024-11-21 14:25:00-05:00,60.76,60.8,60.73,60.8,3727.0,60.757,34
2024-11-21 14:30:00-05:00,60.8,60.8,60.71,60.71,9338.0,60.764,60
2024-11-21 14:35:00-05:00,60.7,60.74,60.69,60.72,7293.0,60.721,49
2024-11-21 14:40:00-05:00,60.71,60.73,60.69,60.7,5290.0,60.713,33
2024-11-21 14:45:00-05:00,60.72,60.78,60.71,60.77,5642.0,60.749,43
2024-11-21 14:50:00-05:00,60.76,60.76,60.7,60.73,5142.0,60.722,33
2024-11-21 14:55:00-05:00,60.75,60.79,60.71,60.77,7588.0,60.755,58
2024-11-21 15:00:00-05:00,60.77,60.79,60.75,60.77,6847.0,60.772,44
2024-11-21 15:05:00-05:00,60.76,60.81,60.76,60.8,2704.0,60.78,20
2024-11-21 15:10:00-05:00,60.8,60.81,60.71,60.71,10414.0,60.754,51
2024-11-21 15:15:00-05:00,60.73,60.73,60.71,60.73,6093.0,60.719,43
2024-11-21 15:20:00-05:00,60.73,60.75,60.73,60.75,7327.0,60.745,51
2024-11-21 15:25:00-05:00,60.75,60.79,60.75,60.77,10778.0,60.773,71
2024-11-21 15:30:00-05:00,60.77,60.77,60.6,60.74,36423.0,60.697,153
2024-11-21 15:35:00-05:00,60.75,60.81,60.73,60.78,17643.0,60.775,87
2024-11-21 15:40:00-05:00,60.78,60.79,60.7,60.77,12520.0,60.743,104
2024-11-21 15:45:00-05:00,60.77,60.87,60.76,60.85,15373.0,60.83,95
2024-11-21 15:50:00-05:00,60.99,61.05,60.88,60.89,18970.0,60.923,165
2024-11-21 15:55:00-05:00,60.89,60.9,60.8,60.83,99561.0,60.83,541
2024-11-22 09:30:00-05:00,61.11,61.11,60.97,61.04,15167.0,61.075,11
2024-11-22 09:35:00-05:00,61.11,61.15,60.99,61.13,3817.0,61.1,31
2024-11-22 09:40:00-05:00,61.14,61.59,61.14,61.58,9496.0,61.451,35
2024-11-22 09:45:00-05:00,61.51,61.69,61.49,61.58,3288.0,61.615,28
2024-11-22 09:50:00-05:00,61.58,61.63,61.4,61.5,7020.0,61.538,53
2024-11-22 09:55:00-05:00,61.49,61.66,61.49,61.61,7117.0,61.609,35
2024-11-22 10:00:00-05:00,61.57,61.58,61.45,61.47,2273.0,61.532,21
2024-11-22 10:05:00-05:00,61.45,61.56,61.45,61.49,3442.0,61.508,23
2024-11-22 10:10:00-05:00,61.45,61.52,61.4,61.46,3555.0,61.461,26
2024-11-22 10:15:00-05:00,61.47,61.49,61.43,61.46,3369.0,61.452,19
2024-11-22 10:20:00-05:00,61.42,61.42,61.32,61.37,6227.0,61.361,47
2024-11-22 10:25:00-05:00,61.39,61.45,61.32,61.39,6886.0,61.395,49
2024-11-22 10:30:00-05:00,61.41,61.49,61.39,61.48,8117.0,61.43,56
2024-11-22 10:35:00-05:00,61.48,61.51,61.44,61.45,5017.0,61.479,33
2024-11-22 10:40:00-05:00,61.46,61.49,61.44,61.49,2007.0,61.47,19
2024-11-22 10:45:00-05:00,61.5,61.56,61.44,61.44,2668.0,61.498,24
2024-11-22 10:50:00-05:00,61.47,61.49,61.47,61.48,1651.0,61.478,10
2024-11-22 10:55:00-05:00,61.5,61.54,61.5,61.53,1400.0,61.525,12
2024-11-22 11:00:00-05:00,61.51,61.53,61.47,61.48,2599.0,61.488,18
2024-11-22 11:05:00-05:00,61.5,61.52,61.49,61.52,1229.0,61.504,10
2024-11-22 11:10:00-05:00,61.52,61.53,61.49,61.5,2411.0,61.507,19
2024-11-22 11:15:00-05:00,61.5,61.5,61.4,61.4,4620.0,61.442,20
2024-11-22 11:20:00-05:00,61.41,61.55,61.4,61.5,6523.0,61.472,32
2024-11-22 11:25:00-05:00,61.48,61.53,61.48,61.52,1332.0,61.502,12
2024-11-22 11:30:00-05:00,61.53,61.55,61.45,61.47,4817.0,61.482,21
2024-11-22 11:35:00-05:00,61.47,61.49,61.45,61.45,3790.0,61.458,11
2024-11-22 11:40:00-05:00,61.44,61.45,61.42,61.43,3584.0,61.439,22
2024-11-22 11:45:00-05:00,61.44,61.53,61.44,61.53,3235.0,61.469,27
2024-11-22 11:50:00-05:00,61.53,61.54,61.44,61.54,17493.0,61.469,59
2024-11-22 11:55:00-05:00,61.54,61.6,61.54,61.56,5701.0,61.564,41
2024-11-22 12:00:00-05:00,61.55,61.55,61.5,61.53,1534.0,61.529,13
2024-11-22 12:05:00-05:00,61.56,61.61,61.56,61.61,4328.0,61.588,21
2024-11-22 12:10:00-05:00,61.62,61.65,61.6,61.65,2422.0,61.614,15
2024-11-22 12:15:00-05:00,61.64,61.64,61.6,61.61,2561.0,61.622,18
2024-11-22 12:20:00-05:00,61.62,61.64,61.62,61.62,492.0,61.625,4
2024-11-22 12:25:00-05:00,61.64,61.65,61.62,61.62,3722.0,61.64,17
2024-11-22 12:30:00-05:00,61.62,61.63,61.58,61.58,3621.0,61.606,27
2024-11-22 12:35:00-05:00,61.59,61.59,61.53,61.55,8603.0,61.548,22
2024-11-22 12:40:00-05:00,61.55,61.56,61.52,61.54,3436.0,61.538,24
2024-11-22 12:45:00-05:00,61.55,61.56,61.54,61.55,1129.0,61.549,11
2024-11-22 12:50:00-05:00,61.55,61.56,61.53,61.56,3177.0,61.55,21
2024-11-22 12:55:00-05:00,61.58,61.66,61.57,61.65,4052.0,61.613,35
2024-11-22 13:00:00-05:00,61.66,61.66,61.65,61.65,3206.0,61.655,24
2024-11-22 13:05:00-05:00,61.65,61.66,61.58,61.59,16765.0,61.632,112
2024-11-22 13:10:00-05:00,61.59,61.61,61.57,61.61,3899.0,61.589,22
2024-11-22 13:15:00-05:00,61.62,61.65,61.61,61.64,3037.0,61.632,19
2024-11-22 13:20:00-05:00,61.64,61.66,61.62,61.64,12348.0,61.643,57
2024-11-22 13:25:00-05:00,61.64,61.65,61.63,61.64,6197.0,61.639,34
2024-11-22 13:30:00-05:00,61.64,61.71,61.64,61.71,19808.0,61.666,155
2024-11-22 13:35:00-05:00,61.71,61.77,61.7,61.73,5212.0,61.737,40
2024-11-22 13:40:00-05:00,61.72,61.74,61.7,61.7,3487.0,61.725,18
2024-11-22 13:45:00-05:00,61.71,61.8,61.7,61.79,8771.0,61.769,56
2024-11-22 13:50:00-05:00,61.8,61.8,61.71,61.73,4885.0,61.735,34
2024-11-22 13:55:00-05:00,61.73,61.8,61.72,61.79,6553.0,61.77,47
2024-11-22 14:00:00-05:00,61.8,61.83,61.75,61.78,2755.0,61.789,20
2024-11-22 14:05:00-05:00,61.78,61.78,61.61,61.61,2664.0,61.706,24
2024-11-22 14:10:00-05:00,61.59,61.59,61.52,61.58,4892.0,61.558,34
2024-11-22 14:15:00-05:00,61.56,61.62,61.52,61.62,4857.0,61.571,37
2024-11-22 14:20:00-05:00,61.63,61.67,61.62,61.67,1919.0,61.654,15
2024-11-22 14:25:00-05:00,61.67,61.72,61.67,61.69,3870.0,61.704,18
2024-11-22 14:30:00-05:00,61.71,61.77,61.69,61.77,2786.0,61.731,24
2024-11-22 14:35:00-05:00,61.78,61.81,61.75,61.77,6698.0,61.787,40
2024-11-22 14:40:00-05:00,61.75,61.79,61.75,61.78,4114.0,61.766,23
2024-11-22 14:45:00-05:00,61.78,61.79,61.74,61.76,2918.0,61.766,24
2024-11-22 14:50:00-05:00,61.74,61.77,61.72,61.75,5003.0,61.749,29
2024-11-22 14:55:00-05:00,61.75,61.75,61.71,61.71,6079.0,61.723,22
2024-11-22 15:00:00-05:00,61.71,61.72,61.65,61.66,9950.0,61.689,59
2024-11-22 15:05:00-05:00,61.66,61.73,61.66,61.7,7615.0,61.703,35
2024-11-22 15:10:00-05:00,61.7,61.7,61.65,61.67,9368.0,61.675,46
2024-11-22 15:15:00-05:00,61.66,61.71,61.66,61.69,11400.0,61.691,56
2024-11-22 15:20:00-05:00,61.68,61.71,61.68,61.71,8224.0,61.7,54
2024-11-22 15:25:00-05:00,61.71,61.75,61.68,61.72,18559.0,61.726,102
2024-11-22 15:30:00-05:00,61.73,61.78,61.72,61.76,11332.0,61.754,62
2024-11-22 15:35:00-05:00,61.77,61.82,61.76,61.79,13419.0,61.785,76
2024-11-22 15:40:00-05:00,61.79,61.79,61.74,61.76,12639.0,61.771,85
2024-11-22 15:45:00-05:00,61.75,61.8,61.71,61.8,11420.0,61.747,75
2024-11-22 15:50:00-05:00,61.81,61.94,61.81,61.87,21399.0,61.892,159
2024-11-22 15:55:00-05:00,61.89,61.9,61.82,61.84,69246.0,61.857,435
2024-11-25 09:30:00-05:00,62.43,62.62,62.17,62.62,17417.0,62.419,29
2024-11-25 09:35:00-05:00,62.63,62.69,62.53,62.54,6440.0,62.605,42
2024-11-25 09:40:00-05:00,62.55,62.55,62.41,62.45,4322.0,62.492,30
2024-11-25 09:45:00-05:00,62.46,62.71,62.43,62.71,9532.0,62.566,42
2024-11-25 09:50:00-05:00,62.69,62.72,62.65,62.72,2983.0,62.687,14
2024-11-25 09:55:00-05:00,62.75,62.75,62.59,62.64,8322.0,62.671,27
2024-11-25 10:00:00-05:00,62.67,62.67,62.52,62.54,2619.0,62.61,20
2024-11-25 10:05:00-05:00,62.53,62.6,62.49,62.6,12124.0,62.514,35
2024-11-25 10:10:00-05:00,62.52,62.54,62.44,62.51,2625.0,62.484,24
2024-11-25 10:15:00-05:00,62.51,62.66,62.5,62.61,3658.0,62.595,29
2024-11-25 10:20:00-05:00,62.63,62.7,62.62,62.65,4349.0,62.659,29
2024-11-25 10:25:00-05:00,62.64,62.67,62.6,62.64,7244.0,62.639,59
2024-11-25 10:30:00-05:00,62.65,62.66,62.5,62.53,6638.0,62.581,57
2024-11-25 10:35:00-05:00,62.55,62.57,62.47,62.48,13536.0,62.514,54
2024-11-25 10:40:00-05:00,62.5,62.57,62.47,62.54,9465.0,62.52,50
2024-11-25 10:45:00-05:00,62.55,62.58,62.5,62.56,5711.0,62.552,51
2024-11-25 10:50:00-05:00,62.55,62.64,62.51,62.51,4525.0,62.581,39
2024-11-25 10:55:00-05:00,62.54,62.57,62.5,62.55,4811.0,62.523,33
2024-11-25 11:00:00-05:00,62.57,62.59,62.53,62.58,7005.0,62.565,30
2024-11-25 11:05:00-05:00,62.57,62.6,62.51,62.51,2733.0,62.553,25
2024-11-25 11:10:00-05:00,62.52,62.59,62.52,62.55,3617.0,62.548,29
2024-11-25 11:15:00-05:00,62.54,62.56,62.51,62.51,4306.0,62.53,40
2024-11-25 11:20:00-05:00,62.51,62.53,62.45,62.52,11110.0,62.496,69
2024-11-25 11:25:00-05:00,62.52,62.54,62.45,62.45,12733.0,62.495,82
2024-11-25 11:30:00-05:00,62.45,62.45,62.28,62.37,19705.0,62.378,67
2024-11-25 11:35:00-05:00,62.35,62.37,62.3,62.3,4589.0,62.34,38
2024-11-25 11:40:00-05:00,62.3,62.35,62.3,62.3,4748.0,62.331,38
2024-11-25 11:45:00-05:00,62.31,62.32,62.27,62.28,3961.0,62.299,32
2024-11-25 11:50:00-05:00,62.29,62.3,62.26,62.26,4901.0,62.282,42
2024-11-25 11:55:00-05:00,62.27,62.49,62.26,62.49,19479.0,62.318,102
2024-11-25 12:00:00-05:00,62.49,62.61,62.49,62.57,5140.0,62.553,34
2024-11-25 12:05:00-05:00,62.58,62.63,62.58,62.63,2243.0,62.59,16
2024-11-25 12:10:00-05:00,62.63,62.63,62.56,62.56,2036.0,62.592,12
2024-11-25 12:15:00-05:00,62.58,62.65,62.58,62.61,5343.0,62.618,31
2024-11-25 12:20:00-05:00,62.59,62.59,62.52,62.54,1836.0,62.555,17
2024-11-25 12:25:00-05:00,62.54,62.54,62.44,62.45,7185.0,62.493,46
2024-11-25 12:30:00-05:00,62.45,62.46,62.43,62.46,3296.0,62.448,18
2024-11-25 12:35:00-05:00,62.46,62.46,62.43,62.43,3784.0,62.438,30
2024-11-25 12:40:00-05:00,62.42,62.43,62.32,62.32,5393.0,62.39,40
2024-11-25 12:45:00-05:00,62.32,62.35,62.31,62.35,2869.0,62.32,22
2024-11-25 12:50:00-05:00,62.35,62.36,62.34,62.35,895.0,62.349,5
2024-11-25 12:55:00-05:00,62.34,62.34,62.32,62.34,10923.0,62.332,21
2024-11-25 13:00:00-05:00,62.33,62.43,62.32,62.39,19797.0,62.379,141
2024-11-25 13:05:00-05:00,62.39,62.4,62.33,62.35,3918.0,62.36,24
2024-11-25 13:10:00-05:00,62.33,62.41,62.33,62.39,8677.0,62.371,50
2024-11-25 13:15:00-05:00,62.41,62.44,62.39,62.43,7299.0,62.407,41
2024-11-25 13:20:00-05:00,62.44,62.47,62.38,62.44,11766.0,62.426,72
2024-11-25 13:25:00-05:00,62.45,62.47,62.44,62.45,5914.0,62.454,35
2024-11-25 13:30:00-05:00,62.46,62.48,62.44,62.47,8357.0,62.451,46
2024-11-25 13:35:00-05:00,62.48,62.49,62.46,62.49,1241.0,62.479,11
2024-11-25 13:40:00-05:00,62.5,62.53,62.5,62.53,6419.0,62.511,33
2024-11-25 13:45:00-05:00,62.52,62.54,62.51,62.52,2434.0,62.519,21
2024-11-25 13:50:00-05:00,62.51,62.53,62.49,62.49,2035.0,62.517,16
2024-11-25 13:55:00-05:00,62.49,62.54,62.49,62.49,7752.0,62.512,39
2024-11-25 14:00:00-05:00,62.49,62.57,62.48,62.57,4125.0,62.531,33
2024-11-25 14:05:00-05:00,62.58,62.59,62.53,62.58,3356.0,62.555,26
2024-11-25 14:10:00-05:00,62.57,62.59,62.57,62.59,1504.0,62.577,14
2024-11-25 14:15:00-05:00,62.59,62.61,62.57,62.61,4546.0,62.582,34
2024-11-25 14:20:00-05:00,62.6,62.62,62.54,62.56,10064.0,62.591,67
2024-11-25 14:25:00-05:00,62.56,62.56,62.52,62.53,2654.0,62.533,21
2024-11-25 14:30:00-05:00,62.52,62.55,62.5,62.53,3662.0,62.524,27
2024-11-25 14:35:00-05:00,62.54,62.57,62.54,62.56,7179.0,62.56,35
2024-11-25 14:40:00-05:00,62.55,62.59,62.55,62.59,3863.0,62.568,27
2024-11-25 14:45:00-05:00,62.59,62.64,62.57,62.59,12645.0,62.594,59
2024-11-25 14:50:00-05:00,62.59,62.6,62.57,62.57,6562.0,62.586,41
2024-11-25 14:55:00-05:00,62.57,62.62,62.57,62.62,6207.0,62.59,39
2024-11-25 15:00:00-05:00,62.61,62.64,62.59,62.64,4275.0,62.611,35
2024-11-25 15:05:00-05:00,62.65,62.68,62.65,62.68,4980.0,62.667,32
2024-11-25 15:10:00-05:00,62.68,62.71,62.65,62.66,5836.0,62.687,43
2024-11-25 15:15:00-05:00,62.65,62.66,62.64,62.65,5197.0,62.645,25
2024-11-25 15:20:00-05:00,62.65,62.75,62.65,62.74,7591.0,62.69,56
2024-11-25 15:25:00-05:00,62.75,62.75,62.64,62.64,31277.0,62.714,133
2024-11-25 15:30:00-05:00,62.64,62.72,62.63,62.72,16586.0,62.69,84
2024-11-25 15:35:00-05:00,62.72,62.87,62.72,62.87,19265.0,62.803,143
2024-11-25 15:40:00-05:00,62.87,62.87,62.65,62.68,18560.0,62.732,104
2024-11-25 15:45:00-05:00,62.68,62.69,62.6,62.63,41129.0,62.656,211
2024-11-25 15:50:00-05:00,62.63,62.63,62.43,62.48,66582.0,62.484,398
2024-11-25 15:55:00-05:00,62.49,62.56,62.41,62.46,189606.0,62.491,868
2024-11-26 09:30:00-05:00,62.44,62.51,61.95,62.2,22370.0,62.257,61
2024-11-26 09:35:00-05:00,62.19,62.37,62.15,62.27,8546.0,62.25,48
2024-11-26 09:40:00-05:00,62.3,62.31,62.19,62.21,12657.0,62.234,76
2024-11-26 09:45:00-05:00,62.17,62.19,62.06,62.09,8587.0,62.129,43
2024-11-26 09:50:00-05:00,62.07,62.25,62.05,62.21,9535.0,62.15,45
2024-11-26 09:55:00-05:00,62.21,62.28,62.05,62.08,5890.0,62.2,38
2024-11-26 10:00:00-05:00,62.08,62.12,62.03,62.05,11543.0,62.074,70
2024-11-26 10:05:00-05:00,62.03,62.14,62.01,62.12,3536.0,62.06,26
2024-11-26 10:10:00-05:00,62.15,62.23,62.15,62.21,6262.0,62.208,34
2024-11-26 10:15:00-05:00,62.22,62.36,62.21,62.36,2936.0,62.304,22
2024-11-26 10:20:00-05:00,62.34,62.4,62.22,62.23,6656.0,62.335,51
2024-11-26 10:25:00-05:00,62.25,62.29,62.24,62.26,5026.0,62.258,33
2024-11-26 10:30:00-05:00,62.25,62.25,62.08,62.13,11226.0,62.159,50
2024-11-26 10:35:00-05:00,62.14,62.14,62.0,62.02,7761.0,62.067,42
2024-11-26 10:40:00-05:00,62.02,62.13,62.01,62.1,6049.0,62.087,50
2024-11-26 10:45:00-05:00,62.1,62.11,62.05,62.07,4830.0,62.085,32
2024-11-26 10:50:00-05:00,62.06,62.11,62.05,62.05,8661.0,62.086,48
2024-11-26 10:55:00-05:00,62.05,62.13,62.05,62.11,5240.0,62.107,35
2024-11-26 11:00:00-05:00,62.06,62.07,61.97,62.03,14345.0,62.017,92
2024-11-26 11:05:00-05:00,62.01,62.01,61.95,61.98,6018.0,61.977,44
2024-11-26 11:10:00-05:00,61.98,61.98,61.85,61.92,12905.0,61.931,69
2024-11-26 11:15:00-05:00,61.91,61.98,61.9,61.92,7511.0,61.946,62
2024-11-26 11:20:00-05:00,61.91,61.98,61.89,61.96,5363.0,61.929,44
2024-11-26 11:25:00-05:00,61.96,62.03,61.96,62.02,3624.0,61.994,27
2024-11-26 11:30:00-05:00,62.04,62.04,61.99,62.0,4895.0,62.006,29
2024-11-26 11:35:00-05:00,62.0,62.13,61.99,62.1,5824.0,62.1,33
2024-11-26 11:40:00-05:00,62.09,62.14,62.06,62.1,4786.0,62.106,41
2024-11-26 11:45:00-05:00,62.1,62.11,62.07,62.1,3935.0,62.093,35
2024-11-26 11:50:00-05:00,62.11,62.11,62.06,62.08,3241.0,62.088,23
2024-11-26 11:55:00-05:00,62.07,62.1,62.05,62.05,5004.0,62.085,42
2024-11-26 12:00:00-05:00,62.05,62.05,62.02,62.03,2348.0,62.033,19
2024-11-26 12:05:00-05:00,62.02,62.04,61.99,62.04,2756.0,62.021,18
2024-11-26 12:10:00-05:00,62.03,62.04,61.99,62.02,4838.0,62.021,30
2024-11-26 12:15:00-05:00,62.02,62.09,62.02,62.09,2955.0,62.063,25
2024-11-26 12:20:00-05:00,62.08,62.12,62.08,62.1,6938.0,62.105,45
2024-11-26 12:25:00-05:00,62.11,62.12,62.08,62.08,2937.0,62.111,17
2024-11-26 12:30:00-05:00,62.11,62.13,62.1,62.13,2386.0,62.126,16
2024-11-26 12:35:00-05:00,62.13,62.14,62.12,62.12,3446.0,62.133,20
2024-11-26 12:40:00-05:00,62.12,62.14,62.11,62.11,6013.0,62.129,40
2024-11-26 12:45:00-05:00,62.11,62.12,62.08,62.08,5847.0,62.105,46
2024-11-26 12:50:00-05:00,62.08,62.16,62.07,62.16,7616.0,62.106,66
2024-11-26 12:55:00-05:00,62.16,62.19,62.15,62.19,5587.0,62.169,41
2024-11-26 13:00:00-05:00,62.19,62.25,62.18,62.25,2959.0,62.221,22
2024-11-26 13:05:00-05:00,62.25,62.28,62.25,62.28,5127.0,62.26,31
2024-11-26 13:10:00-05:00,62.29,62.32,62.29,62.32,2200.0,62.301,17
2024-11-26 13:15:00-05:00,62.31,62.32,62.27,62.29,5765.0,62.298,37
2024-11-26 13:20:00-05:00,62.28,62.29,62.21,62.22,3960.0,62.268,30
2024-11-26 13:25:00-05:00,62.22,62.23,62.19,62.2,3896.0,62.216,20
2024-11-26 13:30:00-05:00,62.21,62.25,62.21,62.25,5784.0,62.23,37
2024-11-26 13:35:00-05:00,62.24,62.24,62.18,62.18,6671.0,62.212,43
2024-11-26 13:40:00-05:00,62.19,62.21,62.16,62.16,4997.0,62.193,36
2024-11-26 13:45:00-05:00,62.15,62.18,62.13,62.18,2727.0,62.158,17
2024-11-26 13:50:00-05:00,62.19,62.23,62.18,62.23,5364.0,62.218,32
2024-11-26 13:55:00-05:00,62.23,62.25,62.22,62.25,3734.0,62.238,30
2024-11-26 14:00:00-05:00,62.26,62.31,62.25,62.29,5435.0,62.286,26
2024-11-26 14:05:00-05:00,62.28,62.3,62.23,62.23,5007.0,62.275,42
2024-11-26 14:10:00-05:00,62.23,62.25,62.22,62.23,2584.0,62.233,15
2024-11-26 14:15:00-05:00,62.22,62.22,62.09,62.11,6619.0,62.134,52
2024-11-26 14:20:00-05:00,62.12,62.16,62.1,62.11,3093.0,62.132,20
2024-11-26 14:25:00-05:00,62.12,62.22,62.12,62.22,4784.0,62.176,36
2024-11-26 14:30:00-05:00,62.22,62.23,62.19,62.19,2294.0,62.206,17
2024-11-26 14:35:00-05:00,62.18,62.19,62.17,62.19,2273.0,62.18,11
2024-11-26 14:40:00-05:00,62.2,62.21,62.19,62.21,1766.0,62.201,15
2024-11-26 14:45:00-05:00,62.2,62.22,62.2,62.21,1890.0,62.209,15
2024-11-26 14:50:00-05:00,62.22,62.25,62.21,62.23,6200.0,62.222,36
2024-11-26 14:55:00-05:00,62.23,62.25,62.22,62.24,7086.0,62.231,53
2024-11-26 15:00:00-05:00,62.23,62.28,62.2,62.28,6240.0,62.228,57
2024-11-26 15:05:00-05:00,62.28,62.36,62.28,62.36,10376.0,62.316,48
2024-11-26 15:10:00-05:00,62.35,62.36,62.29,62.3,16668.0,62.343,52
2024-11-26 15:15:00-05:00,62.3,62.36,62.26,62.36,11414.0,62.301,60
2024-11-26 15:20:00-05:00,62.35,62.39,62.26,62.27,15347.0,62.349,80
2024-11-26 15:25:00-05:00,62.25,62.26,62.2,62.22,8391.0,62.23,66
2024-11-26 15:30:00-05:00,62.22,62.35,62.19,62.35,23807.0,62.272,142
2024-11-26 15:35:00-05:00,62.34,62.35,62.26,62.31,22381.0,62.304,129
2024-11-26 15:40:00-05:00,62.31,62.32,62.22,62.25,7570.0,62.269,57
2024-11-26 15:45:00-05:00,62.25,62.33,62.23,62.32,30428.0,62.291,125
2024-11-26 15:50:00-05:00,62.32,62.35,62.29,62.32,12243.0,62.322,101
2024-11-26 15:55:00-05:00,62.29,62.39,62.26,62.37,47202.0,62.348,310
2024-11-27 09:30:00-05:00,62.86,63.32,62.67,63.24,37171.0,63.039,42
2024-11-27 09:35:00-05:00,63.24,63.28,63.1,63.14,6616.0,63.205,40
2024-11-27 09:40:00-05:00,63.16,63.24,63.15,63.18,2499.0,63.196,23
2024-11-27 09:45:00-05:00,63.22,63.35,63.16,63.21,12495.0,63.268,60
2024-11-27 09:50:00-05:00,63.21,63.22,63.12,63.21,9982.0,63.175,84
2024-11-27 09:55:00-05:00,63.21,63.22,63.06,63.06,5523.0,63.122,48
2024-11-27 10:00:00-05:00,63.06,63.08,62.95,62.95,6887.0,63.04,56
2024-11-27 10:05:00-05:00,62.92,63.04,62.89,63.03,15550.0,62.958,102
2024-11-27 10:10:00-05:00,63.03,63.03,62.91,62.97,4055.0,62.961,29
2024-11-27 10:15:00-05:00,62.97,63.03,62.96,63.01,4460.0,63.009,35
2024-11-27 10:20:00-05:00,63.01,63.13,62.99,63.03,5290.0,63.066,39
2024-11-27 10:25:00-05:00,63.06,63.09,63.04,63.07,3448.0,63.074,19
2024-11-27 10:30:00-05:00,63.05,63.1,62.97,62.98,3590.0,63.034,29
2024-11-27 10:35:00-05:00,62.98,63.03,62.95,62.98,3121.0,62.988,29
2024-11-27 10:40:00-05:00,62.98,63.05,62.94,62.97,5910.0,62.99,47
2024-11-27 10:45:00-05:00,63.0,63.07,62.99,63.04,6840.0,63.027,62
2024-11-27 10:50:00-05:00,63.02,63.09,63.01,63.09,4215.0,63.039,35
2024-11-27 10:55:00-05:00,63.07,63.09,62.97,63.05,32358.0,63.032,139
2024-11-27 11:00:00-05:00,63.05,63.15,63.04,63.09,12196.0,63.088,94
2024-11-27 11:05:00-05:00,63.08,63.1,63.06,63.08,14370.0,63.07,94
2024-11-27 11:10:00-05:00,63.08,63.14,63.05,63.07,51957.0,63.07,275
2024-11-27 11:15:00-05:00,63.08,63.13,63.06,63.09,14155.0,63.089,108
2024-11-27 11:20:00-05:00,63.06,63.1,63.06,63.08,7089.0,63.076,53
2024-11-27 11:25:00-05:00,63.08,63.15,63.07,63.13,9986.0,63.103,73
2024-11-27 11:30:00-05:00,63.13,63.13,63.06,63.08,8985.0,63.089,69
2024-11-27 11:35:00-05:00,63.08,63.16,63.07,63.16,9483.0,63.125,59
2024-11-27 11:40:00-05:00,63.16,63.2,63.14,63.2,5394.0,63.175,28
2024-11-27 11:45:00-05:00,63.2,63.21,63.19,63.21,4397.0,63.199,33
2024-11-27 11:50:00-05:00,63.22,63.24,63.19,63.24,3436.0,63.227,27
2024-11-27 11:55:00-05:00,63.25,63.3,63.23,63.24,6984.0,63.267,45
2024-11-27 12:00:00-05:00,63.25,63.34,63.23,63.27,9218.0,63.291,46
2024-11-27 12:05:00-05:00,63.27,63.27,63.21,63.25,5235.0,63.228,30
2024-11-27 12:10:00-05:00,63.25,63.26,63.23,63.25,10771.0,63.247,64
2024-11-27 12:15:00-05:00,63.24,63.24,63.09,63.11,34640.0,63.207,153
2024-11-27 12:20:00-05:00,63.11,63.13,63.04,63.08,50049.0,63.067,337
2024-11-27 12:25:00-05:00,63.08,63.08,63.06,63.06,23980.0,63.061,124
2024-11-27 12:30:00-05:00,63.06,63.06,62.82,62.9,20211.0,62.986,116
2024-11-27 12:35:00-05:00,62.91,62.92,62.85,62.85,8226.0,62.879,36
2024-11-27 12:40:00-05:00,62.85,62.86,62.81,62.82,10945.0,62.834,77
2024-11-27 12:45:00-05:00,62.82,62.82,62.75,62.75,8763.0,62.792,49
2024-11-27 12:50:00-05:00,62.75,62.77,62.73,62.73,5549.0,62.752,36
2024-11-27 12:55:00-05:00,62.73,62.76,62.69,62.74,8732.0,62.729,72
2024-11-27 13:00:00-05:00,62.74,62.77,62.73,62.75,2636.0,62.754,22
2024-11-27 13:05:00-05:00,62.75,62.78,62.74,62.77,5241.0,62.756,34
2024-11-27 13:10:00-05:00,62.77,62.77,62.72,62.73,3360.0,62.74,29
2024-11-27 13:15:00-05:00,62.73,62.75,62.69,62.73,7655.0,62.725,56
2024-11-27 13:20:00-05:00,62.73,62.73,62.7,62.71,1938.0,62.718,12
2024-11-27 13:25:00-05:00,62.72,62.72,62.7,62.7,7153.0,62.713,44
2024-11-27 13:30:00-05:00,62.68,62.7,62.67,62.67,5611.0,62.68,34
2024-11-27 13:35:00-05:00,62.67,62.68,62.66,62.66,3544.0,62.664,20
2024-11-27 13:40:00-05:00,62.67,62.68,62.66,62.67,7735.0,62.668,48
2024-11-27 13:45:00-05:00,62.68,62.69,62.64,62.67,11568.0,62.667,77
2024-11-27 13:50:00-05:00,62.69,62.74,62.68,62.73,2223.0,62.707,20
2024-11-27 13:55:00-05:00,62.74,62.77,62.67,62.68,10907.0,62.742,73
2024-11-27 14:00:00-05:00,62.68,62.72,62.67,62.72,3434.0,62.695,24
2024-11-27 14:05:00-05:00,62.71,62.74,62.68,62.68,9078.0,62.714,65
2024-11-27 14:10:00-05:00,62.67,62.68,62.56,62.59,12701.0,62.623,54
2024-11-27 14:15:00-05:00,62.57,62.6,62.57,62.57,10261.0,62.587,61
2024-11-27 14:20:00-05:00,62.58,62.58,62.52,62.56,7644.0,62.554,45
2024-11-27 14:25:00-05:00,62.57,62.6,62.53,62.53,9191.0,62.576,60
2024-11-27 14:30:00-05:00,62.55,62.56,62.54,62.55,4023.0,62.552,37
2024-11-27 14:35:00-05:00,62.55,62.64,62.53,62.57,15570.0,62.589,96
2024-11-27 14:40:00-05:00,62.58,62.65,62.57,62.64,29026.0,62.594,141
2024-11-27 14:45:00-05:00,62.64,62.66,62.52,62.52,10485.0,62.605,59
2024-11-27 14:50:00-05:00,62.54,62.55,62.51,62.54,2915.0,62.538,24
2024-11-27 14:55:00-05:00,62.57,62.58,62.56,62.58,9803.0,62.568,64
2024-11-27 15:00:00-05:00,62.58,62.59,62.37,62.4,20736.0,62.468,98
2024-11-27 15:05:00-05:00,62.39,62.4,62.28,62.29,24235.0,62.337,124
2024-11-27 15:10:00-05:00,62.3,62.31,62.25,62.27,16148.0,62.287,92
2024-11-27 15:15:00-05:00,62.27,62.3,62.22,62.29,20765.0,62.269,136
2024-11-27 15:20:00-05:00,62.29,62.36,62.26,62.36,18305.0,62.286,144
2024-11-27 15:25:00-05:00,62.36,62.4,62.35,62.39,17418.0,62.382,113
2024-11-27 15:30:00-05:00,62.38,62.47,62.38,62.43,16305.0,62.422,106
2024-11-27 15:35:00-05:00,62.41,62.41,62.28,62.28,18169.0,62.371,115
2024-11-27 15:40:00-05:00,62.27,62.3,62.22,62.24,17218.0,62.27,152
2024-11-27 15:45:00-05:00,62.25,62.42,62.24,62.42,13851.0,62.347,109
2024-11-27 15:50:00-05:00,62.43,62.54,62.43,62.5,19578.0,62.496,167
2024-11-27 15:55:00-05:00,62.5,62.62,62.46,62.6,69382.0,62.562,517
2024-11-29 09:30:00-05:00,62.51,62.91,62.42,62.64,11258.0,62.528,27
2024-11-29 09:35:00-05:00,62.56,62.57,62.34,62.4,2746.0,62.489,18
2024-11-29 09:40:00-05:00,62.5,62.57,62.38,62.47,1690.0,62.478,14
2024-11-29 09:45:00-05:00,62.5,62.52,62.39,62.52,2309.0,62.483,15
2024-11-29 09:50:00-05:00,62.55,62.6,62.37,62.37,2866.0,62.499,23
2024-11-29 09:55:00-05:00,62.35,62.44,62.32,62.34,2184.0,62.381,20
2024-11-29 10:00:00-05:00,62.3,62.42,62.26,62.4,4302.0,62.333,39
2024-11-29 10:05:00-05:00,62.41,62.43,62.15,62.18,4107.0,62.348,37
2024-11-29 10:10:00-05:00,62.2,62.25,62.16,62.25,3968.0,62.196,35
2024-11-29 10:15:00-05:00,62.25,62.26,62.12,62.12,4162.0,62.176,32
2024-11-29 10:20:00-05:00,62.12,62.25,62.12,62.25,4326.0,62.193,40
2024-11-29 10:25:00-05:00,62.25,62.25,62.18,62.18,7052.0,62.221,54
2024-11-29 10:30:00-05:00,62.19,62.23,62.16,62.18,6099.0,62.194,38
2024-11-29 10:35:00-05:00,62.17,62.22,62.15,62.16,5186.0,62.187,44
2024-11-29 10:40:00-05:00,62.17,62.19,62.13,62.19,5761.0,62.161,50
2024-11-29 10:45:00-05:00,62.18,62.27,62.18,62.23,4248.0,62.217,29
2024-11-29 10:50:00-05:00,62.25,62.25,62.19,62.23,1904.0,62.228,18
2024-11-29 10:55:00-05:00,62.24,62.28,62.24,62.28,3437.0,62.254,27
2024-11-29 11:00:00-05:00,62.29,62.3,62.24,62.29,3270.0,62.272,32
2024-11-29 11:05:00-05:00,62.28,62.32,62.23,62.26,3736.0,62.27,32
2024-11-29 11:10:00-05:00,62.22,62.23,62.11,62.14,3983.0,62.146,32
2024-11-29 11:15:00-05:00,62.16,62.16,62.11,62.11,4922.0,62.129,37
2024-11-29 11:20:00-05:00,62.1,62.1,62.06,62.06,2749.0,62.08,25
2024-11-29 11:25:00-05:00,62.07,62.11,62.05,62.05,4494.0,62.085,35
2024-11-29 11:30:00-05:00,62.05,62.06,62.04,62.06,1782.0,62.053,16
2024-11-29 11:35:00-05:00,62.06,62.06,61.96,61.97,9600.0,62.021,53
2024-11-29 11:40:00-05:00,61.99,62.01,61.96,61.97,4751.0,61.98,39
2024-11-29 11:45:00-05:00,61.97,62.0,61.9,61.91,9255.0,61.96,51
2024-11-29 11:50:00-05:00,61.91,61.98,61.88,61.95,8198.0,61.919,64
2024-11-29 11:55:00-05:00,61.93,61.97,61.93,61.95,4589.0,61.949,24
2024-11-29 12:00:00-05:00,61.95,61.99,61.93,61.98,3869.0,61.966,33
2024-11-29 12:05:00-05:00,61.99,62.01,61.97,61.97,2085.0,61.995,18
2024-11-29 12:10:00-05:00,61.96,61.96,61.94,61.96,4009.0,61.953,34
2024-11-29 12:15:00-05:00,61.95,62.0,61.95,62.0,5179.0,61.973,45
2024-11-29 12:20:00-05:00,62.0,62.02,61.98,62.0,6039.0,62.0,50
2024-11-29 12:25:00-05:00,62.0,62.02,61.97,61.99,6140.0,61.993,53
2024-11-29 12:30:00-05:00,61.99,62.04,61.99,62.03,8437.0,62.02,24
2024-11-29 12:35:00-05:00,62.04,62.06,62.03,62.04,3868.0,62.045,36
2024-11-29 12:40:00-05:00,62.04,62.1,62.03,62.1,4763.0,62.062,38
2024-11-29 12:45:00-05:00,62.1,62.17,62.09,62.16,6383.0,62.133,59
2024-11-29 12:50:00-05:00,62.15,62.24,62.12,62.16,32227.0,62.176,244
2024-11-29 12:55:00-05:00,62.17,62.2,62.13,62.17,49961.0,62.166,395
2024-12-02 09:30:00-05:00,61.89,61.98,61.76,61.82,10222.0,61.846,30
2024-12-02 09:35:00-05:00,61.77,61.81,61.3,61.36,15544.0,61.498,79
2024-12-02 09:40:00-05:00,61.34,61.42,61.3,61.33,6505.0,61.358,44
2024-12-02 09:45:00-05:00,61.3,61.46,61.3,61.34,8738.0,61.382,48
2024-12-02 09:50:00-05:00,61.34,61.51,61.3,61.51,13512.0,61.394,94
2024-12-02 09:55:00-05:00,61.54,61.59,61.5,61.55,5641.0,61.546,45
2024-12-02 10:00:00-05:00,61.48,61.63,61.46,61.54,14277.0,61.553,95
2024-12-02 10:05:00-05:00,61.54,61.7,61.48,61.7,10833.0,61.562,65
2024-12-02 10:10:00-05:00,61.63,61.75,61.62,61.67,10977.0,61.688,83
2024-12-02 10:15:00-05:00,61.67,61.76,61.66,61.76,1640.0,61.699,14
2024-12-02 10:20:00-05:00,61.82,61.82,61.75,61.79,5034.0,61.784,29
2024-12-02 10:25:00-05:00,61.76,61.76,61.71,61.74,400.0,61.738,4
2024-12-02 10:30:00-05:00,61.69,61.74,61.63,61.66,4002.0,61.683,18
2024-12-02 10:35:00-05:00,61.64,61.69,61.64,61.69,1038.0,61.666,10
2024-12-02 10:40:00-05:00,61.69,61.71,61.63,61.67,5382.0,61.671,35
2024-12-02 10:45:00-05:00,61.64,61.64,61.63,61.64,400.0,61.638,3
2024-12-02 10:50:00-05:00,61.64,61.71,61.6,61.64,2991.0,61.657,17
2024-12-02 10:55:00-05:00,61.59,61.75,61.59,61.72,5011.0,61.667,32
2024-12-02 11:00:00-05:00,61.74,61.78,61.72,61.77,1878.0,61.744,14
2024-12-02 11:05:00-05:00,61.77,61.9,61.77,61.88,6975.0,61.866,45
2024-12-02 11:10:00-05:00,61.89,61.99,61.89,61.99,6383.0,61.936,29
2024-12-02 11:15:00-05:00,62.01,62.01,61.96,61.96,2436.0,61.974,22
2024-12-02 11:20:00-05:00,61.97,62.15,61.95,62.13,9112.0,62.053,53
2024-12-02 11:25:00-05:00,62.11,62.11,62.06,62.1,4470.0,62.086,26
2024-12-02 11:30:00-05:00,62.09,62.14,62.08,62.14,4154.0,62.115,16
2024-12-02 11:35:00-05:00,62.13,62.13,62.05,62.06,2082.0,62.106,10
2024-12-02 11:40:00-05:00,62.07,62.08,62.01,62.02,6174.0,62.046,29
2024-12-02 11:45:00-05:00,62.02,62.04,61.99,62.01,2320.0,62.011,19
2024-12-02 11:50:00-05:00,61.99,61.99,61.95,61.96,1169.0,61.965,9
2024-12-02 11:55:00-05:00,61.96,61.96,61.91,61.95,4264.0,61.94,31
2024-12-02 12:00:00-05:00,61.95,61.95,61.85,61.86,1998.0,61.884,19
2024-12-02 12:05:00-05:00,61.86,61.89,61.85,61.88,4125.0,61.876,35
2024-12-02 12:10:00-05:00,61.9,61.9,61.85,61.85,1291.0,61.873,10
2024-12-02 12:15:00-05:00,61.87,61.88,61.83,61.83,8439.0,61.858,40
2024-12-02 12:20:00-05:00,61.83,61.85,61.77,61.81,9662.0,61.806,36
2024-12-02 12:25:00-05:00,61.81,61.93,61.8,61.93,7642.0,61.852,43
2024-12-02 12:30:00-05:00,61.92,61.94,61.84,61.84,7819.0,61.912,35
2024-12-02 12:35:00-05:00,61.84,61.87,61.82,61.87,2339.0,61.845,13
2024-12-02 12:40:00-05:00,61.86,61.99,61.86,61.98,6209.0,61.937,36
2024-12-02 12:45:00-05:00,62.0,62.03,62.0,62.03,4124.0,62.013,24
2024-12-02 12:50:00-05:00,62.01,62.04,62.01,62.04,959.0,62.032,9
2024-12-02 12:55:00-05:00,62.07,62.11,62.07,62.08,11134.0,62.094,61
2024-12-02 13:00:00-05:00,62.08,62.08,62.05,62.05,1574.0,62.064,13
2024-12-02 13:05:00-05:00,62.06,62.13,62.02,62.13,4920.0,62.054,43
2024-12-02 13:10:00-05:00,62.13,62.21,62.1,62.21,9308.0,62.139,42
2024-12-02 13:15:00-05:00,62.21,62.21,62.11,62.13,7377.0,62.151,39
2024-12-02 13:20:00-05:00,62.15,62.2,62.13,62.19,6106.0,62.17,40
2024-12-02 13:25:00-05:00,62.17,62.26,62.17,62.26,8747.0,62.211,57
2024-12-02 13:30:00-05:00,62.25,62.5,62.25,62.42,22484.0,62.371,129
2024-12-02 13:35:00-05:00,62.4,62.4,62.29,62.32,4402.0,62.332,37
2024-12-02 13:40:00-05:00,62.33,62.38,62.28,62.38,9577.0,62.32,52
2024-12-02 13:45:00-05:00,62.37,62.4,62.36,62.39,1249.0,62.383,9
2024-12-02 13:50:00-05:00,62.39,62.4,62.36,62.39,7941.0,62.386,56
2024-12-02 13:55:00-05:00,62.39,62.41,62.37,62.4,5601.0,62.392,38
2024-12-02 14:00:00-05:00,62.39,62.39,62.3,62.31,4003.0,62.348,31
2024-12-02 14:05:00-05:00,62.31,62.48,62.29,62.48,9058.0,62.369,71
2024-12-02 14:10:00-05:00,62.48,62.48,62.41,62.46,16090.0,62.45,100
2024-12-02 14:15:00-05:00,62.46,62.48,62.42,62.44,9786.0,62.454,60
2024-12-02 14:20:00-05:00,62.45,62.54,62.43,62.54,10383.0,62.493,64
2024-12-02 14:25:00-05:00,62.54,62.61,62.51,62.59,16628.0,62.557,93
2024-12-02 14:30:00-05:00,62.6,62.68,62.59,62.64,13272.0,62.66,86
2024-12-02 14:35:00-05:00,62.65,62.65,62.62,62.64,11671.0,62.641,75
2024-12-02 14:40:00-05:00,62.63,62.73,62.59,62.71,21266.0,62.657,129
2024-12-02 14:45:00-05:00,62.72,62.78,62.72,62.74,14175.0,62.749,92
2024-12-02 14:50:00-05:00,62.74,62.8,62.64,62.74,18748.0,62.746,119
2024-12-02 14:55:00-05:00,62.74,62.77,62.68,62.74,14626.0,62.736,98
2024-12-02 15:00:00-05:00,62.74,62.84,62.74,62.84,17620.0,62.79,99
2024-12-02 15:05:00-05:00,62.85,62.86,62.76,62.79,21286.0,62.81,137
2024-12-02 15:10:00-05:00,62.79,62.83,62.79,62.8,16641.0,62.812,126
2024-12-02 15:15:00-05:00,62.8,62.86,62.79,62.79,21552.0,62.844,133
2024-12-02 15:20:00-05:00,62.8,62.86,62.8,62.8,15297.0,62.839,102
2024-12-02 15:25:00-05:00,62.8,62.86,62.76,62.85,12553.0,62.821,97
2024-12-02 15:30:00-05:00,62.85,62.86,62.8,62.84,21063.0,62.833,131
2024-12-02 15:35:00-05:00,62.83,62.86,62.82,62.84,27884.0,62.847,191
2024-12-02 15:40:00-05:00,62.84,62.85,62.72,62.75,32795.0,62.81,218
2024-12-02 15:45:00-05:00,62.75,62.77,62.72,62.77,30927.0,62.745,212
2024-12-02 15:50:00-05:00,62.78,62.86,62.76,62.83,46093.0,62.831,344
2024-12-02 15:55:00-05:00,62.82,62.96,62.8,62.85,215473.0,62.887,1378
2024-12-03 09:30:00-05:00,62.7,62.84,62.44,62.6,23947.0,62.55,38
2024-12-03 09:35:00-05:00,62.6,62.6,62.13,62.16,8683.0,62.283,52
2024-12-03 09:40:00-05:00,62.27,62.27,62.13,62.14,2212.0,62.176,18
2024-12-03 09:45:00-05:00,62.19,62.71,62.18,62.56,25989.0,62.479,135
2024-12-03 09:50:00-05:00,62.46,62.56,62.43,62.52,6323.0,62.5,49
2024-12-03 09:55:00-05:00,62.49,62.5,62.3,62.34,9639.0,62.412,75
2024-12-03 10:00:00-05:00,62.34,62.34,62.0,62.21,18565.0,62.151,106
2024-12-03 10:05:00-05:00,62.16,62.22,62.13,62.22,5070.0,62.155,38
2024-12-03 10:10:00-05:00,62.23,62.28,62.22,62.23,8554.0,62.243,61
2024-12-03 10:15:00-05:00,62.21,62.31,62.11,62.31,8859.0,62.205,47
2024-12-03 10:20:00-05:00,62.29,62.35,62.24,62.32,6344.0,62.286,42
2024-12-03 10:25:00-05:00,62.32,62.46,62.27,62.42,4404.0,62.373,31
2024-12-03 10:30:00-05:00,62.41,62.45,62.33,62.38,8898.0,62.392,59
2024-12-03 10:35:00-05:00,62.35,62.5,62.35,62.42,8173.0,62.431,58
2024-12-03 10:40:00-05:00,62.43,62.48,62.38,62.45,7485.0,62.424,55
2024-12-03 10:45:00-05:00,62.48,62.52,62.45,62.52,6493.0,62.485,42
2024-12-03 10:50:00-05:00,62.52,62.69,62.51,62.69,8744.0,62.606,62
2024-12-03 10:55:00-05:00,62.67,62.74,62.66,62.73,22401.0,62.686,157
2024-12-03 11:00:00-05:00,62.73,62.89,62.73,62.78,25778.0,62.79,139
2024-12-03 11:05:00-05:00,62.78,62.78,62.6,62.6,13208.0,62.717,105
2024-12-03 11:10:00-05:00,62.6,62.65,62.59,62.65,7377.0,62.625,59
2024-12-03 11:15:00-05:00,62.65,62.65,62.56,62.56,6444.0,62.617,52
2024-12-03 11:20:00-05:00,62.56,62.59,62.52,62.53,6619.0,62.566,45
2024-12-03 11:25:00-05:00,62.54,62.69,62.54,62.69,5800.0,62.64,39
2024-12-03 11:30:00-05:00,62.67,62.68,62.61,62.63,4778.0,62.649,30
2024-12-03 11:35:00-05:00,62.61,62.62,62.54,62.54,6525.0,62.588,48
2024-12-03 11:40:00-05:00,62.55,62.59,62.53,62.54,9687.0,62.569,68
2024-12-03 11:45:00-05:00,62.54,62.54,62.48,62.48,3916.0,62.514,30
2024-12-03 11:50:00-05:00,62.49,62.51,62.41,62.42,11311.0,62.465,82
2024-12-03 11:55:00-05:00,62.41,62.44,62.34,62.44,9839.0,62.388,71
2024-12-03 12:00:00-05:00,62.44,62.45,62.4,62.4,5557.0,62.422,35
2024-12-03 12:05:00-05:00,62.4,62.55,62.4,62.53,9258.0,62.465,62
2024-12-03 12:10:00-05:00,62.54,62.55,62.49,62.52,6690.0,62.525,40
2024-12-03 12:15:00-05:00,62.51,62.56,62.51,62.55,3636.0,62.54,27
2024-12-03 12:20:00-05:00,62.56,62.59,62.54,62.56,5938.0,62.572,48
2024-12-03 12:25:00-05:00,62.56,62.64,62.56,62.59,9226.0,62.605,63
2024-12-03 12:30:00-05:00,62.59,62.66,62.59,62.65,4094.0,62.62,31
2024-12-03 12:35:00-05:00,62.67,62.67,62.65,62.67,2579.0,62.662,18
2024-12-03 12:40:00-05:00,62.67,62.68,62.62,62.65,7608.0,62.651,56
2024-12-03 12:45:00-05:00,62.64,62.67,62.64,62.66,3045.0,62.658,23
2024-12-03 12:50:00-05:00,62.68,62.87,62.68,62.87,18417.0,62.794,128
2024-12-03 12:55:00-05:00,62.87,62.87,62.74,62.74,8011.0,62.785,54
2024-12-03 13:00:00-05:00,62.74,62.78,62.73,62.76,2433.0,62.755,19
2024-12-03 13:05:00-05:00,62.75,62.75,62.63,62.63,6205.0,62.663,20
2024-12-03 13:10:00-05:00,62.62,62.64,62.61,62.61,2965.0,62.63,22
2024-12-03 13:15:00-05:00,62.6,62.6,62.55,62.55,1869.0,62.575,13
2024-12-03 13:20:00-05:00,62.55,62.55,62.49,62.49,1577.0,62.509,14
2024-12-03 13:25:00-05:00,62.48,62.51,62.44,62.48,4982.0,62.483,37
2024-12-03 13:30:00-05:00,62.47,62.48,62.44,62.44,2069.0,62.451,19
2024-12-03 13:35:00-05:00,62.44,62.45,62.43,62.44,4879.0,62.441,34
2024-12-03 13:40:00-05:00,62.45,62.52,62.43,62.52,6296.0,62.47,56
2024-12-03 13:45:00-05:00,62.53,62.54,62.52,62.53,1893.0,62.528,17
2024-12-03 13:50:00-05:00,62.52,62.53,62.5,62.5,3318.0,62.513,20
2024-12-03 13:55:00-05:00,62.5,62.55,62.49,62.54,7644.0,62.509,57
2024-12-03 14:00:00-05:00,62.53,62.53,62.48,62.53,4398.0,62.505,37
2024-12-03 14:05:00-05:00,62.55,62.6,62.55,62.59,4484.0,62.593,23
2024-12-03 14:10:00-05:00,62.59,62.59,62.58,62.59,1449.0,62.587,7
2024-12-03 14:15:00-05:00,62.59,62.62,62.58,62.61,4610.0,62.602,23
2024-12-03 14:20:00-05:00,62.61,62.61,62.57,62.6,8044.0,62.592,36
2024-12-03 14:25:00-05:00,62.59,62.6,62.55,62.6,6981.0,62.579,43
2024-12-03 14:30:00-05:00,62.6,62.62,62.59,62.62,2445.0,62.605,19
2024-12-03 14:35:00-05:00,62.61,62.62,62.53,62.54,8144.0,62.583,51
2024-12-03 14:40:00-05:00,62.53,62.53,62.51,62.52,2498.0,62.522,19
2024-12-03 14:45:00-05:00,62.52,62.52,62.47,62.48,6025.0,62.493,48
2024-12-03 14:50:00-05:00,62.48,62.49,62.47,62.47,5760.0,62.481,41
2024-12-03 14:55:00-05:00,62.48,62.53,62.47,62.5,10742.0,62.504,79
2024-12-03 15:00:00-05:00,62.48,62.53,62.43,62.51,13322.0,62.471,85
2024-12-03 15:05:00-05:00,62.5,62.58,62.5,62.56,8968.0,62.535,51
2024-12-03 15:10:00-05:00,62.58,62.61,62.57,62.61,10774.0,62.591,65
2024-12-03 15:15:00-05:00,62.61,62.61,62.54,62.61,18156.0,62.573,108
2024-12-03 15:20:00-05:00,62.62,62.62,62.54,62.62,15887.0,62.576,120
2024-12-03 15:25:00-05:00,62.62,62.64,62.6,62.64,12667.0,62.625,70
2024-12-03 15:30:00-05:00,62.63,62.63,62.53,62.53,21696.0,62.574,133
2024-12-03 15:35:00-05:00,62.54,62.55,62.45,62.5,14269.0,62.506,114
2024-12-03 15:40:00-05:00,62.49,62.53,62.41,62.42,15724.0,62.488,105
2024-12-03 15:45:00-05:00,62.42,62.45,62.39,62.44,14849.0,62.418,125
2024-12-03 15:50:00-05:00,62.45,62.52,62.45,62.49,31803.0,62.486,246
2024-12-03 15:55:00-05:00,62.49,62.49,62.13,62.15,187070.0,62.194,1040
2024-12-04 09:30:00-05:00,62.02,62.02,61.73,61.93,10604.0,61.959,35
2024-12-04 09:35:00-05:00,61.94,62.03,61.82,62.03,1245.0,61.902,12
2024-12-04 09:40:00-05:00,61.93,61.95,61.75,61.81,5156.0,61.84,21
2024-12-04 09:45:00-05:00,61.81,61.97,61.77,61.88,15560.0,61.928,76
2024-12-04 09:50:00-05:00,61.83,61.84,61.62,61.66,8880.0,61.737,65
2024-12-04 09:55:00-05:00,61.66,61.71,61.53,61.63,11797.0,61.622,58
2024-12-04 10:00:00-05:00,61.61,61.73,61.54,61.54,4863.0,61.638,40
2024-12-04 10:05:00-05:00,61.54,61.57,61.48,61.53,10511.0,61.517,72
2024-12-04 10:10:00-05:00,61.52,61.66,61.5,61.5,6884.0,61.597,41
2024-12-04 10:15:00-05:00,61.52,61.53,61.46,61.48,1618.0,61.513,14
2024-12-04 10:20:00-05:00,61.46,61.61,61.46,61.61,4200.0,61.531,35
2024-12-04 10:25:00-05:00,61.61,61.74,61.57,61.73,11213.0,61.629,63
2024-12-04 10:30:00-05:00,61.74,61.76,61.64,61.65,4402.0,61.711,36
2024-12-04 10:35:00-05:00,61.65,61.81,61.65,61.78,7080.0,61.749,55
2024-12-04 10:40:00-05:00,61.79,61.88,61.79,61.83,5383.0,61.84,42
2024-12-04 10:45:00-05:00,61.86,61.86,61.82,61.82,2542.0,61.83,22
2024-12-04 10:50:00-05:00,61.86,61.89,61.82,61.87,3890.0,61.87,27
2024-12-04 10:55:00-05:00,61.86,61.92,61.85,61.91,3588.0,61.874,28
2024-12-04 11:00:00-05:00,61.89,61.91,61.88,61.9,2385.0,61.899,21
2024-12-04 11:05:00-05:00,61.91,61.91,61.83,61.86,3442.0,61.866,29
2024-12-04 11:10:00-05:00,61.87,61.89,61.83,61.87,5845.0,61.857,40
2024-12-04 11:15:00-05:00,61.86,61.96,61.86,61.96,5493.0,61.91,29
2024-12-04 11:20:00-05:00,61.93,61.99,61.93,61.98,2952.0,61.969,20
2024-12-04 11:25:00-05:00,61.96,61.97,61.93,61.95,3429.0,61.943,18
2024-12-04 11:30:00-05:00,61.95,61.99,61.94,61.99,3579.0,61.959,29
2024-12-04 11:35:00-05:00,61.95,61.95,61.83,61.92,5363.0,61.892,39
2024-12-04 11:40:00-05:00,61.92,62.03,61.92,62.03,3257.0,61.979,22
2024-12-04 11:45:00-05:00,62.06,62.07,62.02,62.04,1360.0,62.049,11
2024-12-04 11:50:00-05:00,62.04,62.04,62.02,62.02,1702.0,62.029,11
2024-12-04 11:55:00-05:00,62.03,62.03,61.96,61.96,3885.0,62.009,18
2024-12-04 12:00:00-05:00,61.98,62.04,61.98,62.03,2566.0,62.026,19
2024-12-04 12:05:00-05:00,62.02,62.04,61.99,62.01,12951.0,62.013,40
2024-12-04 12:10:00-05:00,62.0,62.02,61.98,62.02,1439.0,62.007,10
2024-12-04 12:15:00-05:00,62.02,62.03,61.97,61.98,6025.0,62.007,33
2024-12-04 12:20:00-05:00,61.96,62.01,61.88,61.88,5243.0,61.957,41
2024-12-04 12:25:00-05:00,61.9,61.9,61.87,61.87,2782.0,61.892,20
2024-12-04 12:30:00-05:00,61.86,61.94,61.83,61.94,5985.0,61.873,46
2024-12-04 12:35:00-05:00,61.95,61.99,61.94,61.98,4985.0,61.965,35
2024-12-04 12:40:00-05:00,61.96,61.96,61.91,61.95,4511.0,61.937,38
2024-12-04 12:45:00-05:00,61.95,61.96,61.93,61.95,3761.0,61.948,31
2024-12-04 12:50:00-05:00,61.95,62.01,61.95,61.98,8642.0,61.979,57
2024-12-04 12:55:00-05:00,61.98,62.01,61.95,61.96,3337.0,61.981,29
2024-12-04 13:00:00-05:00,61.97,61.99,61.93,61.94,7017.0,61.97,41
2024-12-04 13:05:00-05:00,61.93,61.95,61.89,61.92,4110.0,61.926,25
2024-12-04 13:10:00-05:00,61.89,61.92,61.89,61.9,3209.0,61.902,16
2024-12-04 13:15:00-05:00,61.9,61.9,61.85,61.87,5322.0,61.873,38
2024-12-04 13:20:00-05:00,61.88,61.89,61.86,61.88,7070.0,61.874,62
2024-12-04 13:25:00-05:00,61.88,61.9,61.87,61.88,5219.0,61.884,36
2024-12-04 13:30:00-05:00,61.87,61.87,61.73,61.73,5681.0,61.797,53
2024-12-04 13:35:00-05:00,61.73,61.73,61.61,61.63,8743.0,61.673,69
2024-12-04 13:40:00-05:00,61.64,61.66,61.61,61.63,5221.0,61.634,38
2024-12-04 13:45:00-05:00,61.64,61.67,61.61,61.66,8455.0,61.647,49
2024-12-04 13:50:00-05:00,61.63,61.63,61.55,61.55,16169.0,61.572,97
2024-12-04 13:55:00-05:00,61.51,61.59,61.51,61.57,6662.0,61.567,56
2024-12-04 14:00:00-05:00,61.56,61.57,61.5,61.51,8586.0,61.531,68
2024-12-04 14:05:00-05:00,61.51,61.52,61.47,61.48,3719.0,61.496,28
2024-12-04 14:10:00-05:00,61.49,61.52,61.43,61.46,10469.0,61.473,77
2024-12-04 14:15:00-05:00,61.46,61.47,61.45,61.46,4562.0,61.46,28
2024-12-04 14:20:00-05:00,61.46,61.51,61.46,61.48,9196.0,61.485,80
2024-12-04 14:25:00-05:00,61.48,61.5,61.39,61.46,12321.0,61.441,92
2024-12-04 14:30:00-05:00,61.44,61.46,61.42,61.44,9520.0,61.442,75
2024-12-04 14:35:00-05:00,61.44,61.45,61.42,61.43,8458.0,61.442,55
2024-12-04 14:40:00-05:00,61.43,61.45,61.39,61.4,17543.0,61.419,136
2024-12-04 14:45:00-05:00,61.39,61.5,61.37,61.47,14744.0,61.43,101
2024-12-04 14:50:00-05:00,61.45,61.46,61.39,61.39,10044.0,61.43,80
2024-12-04 14:55:00-05:00,61.39,61.44,61.35,61.36,21578.0,61.397,162
2024-12-04 15:00:00-05:00,61.36,61.36,61.22,61.26,20552.0,61.273,149
2024-12-04 15:05:00-05:00,61.26,61.27,61.15,61.26,27277.0,61.207,191
2024-12-04 15:10:00-05:00,61.27,61.27,61.13,61.15,18204.0,61.21,145
2024-12-04 15:15:00-05:00,61.16,61.23,61.14,61.23,20535.0,61.172,148
2024-12-04 15:20:00-05:00,61.23,61.26,61.18,61.26,18764.0,61.215,119
2024-12-04 15:25:00-05:00,61.25,61.27,61.2,61.21,37587.0,61.237,234
2024-12-04 15:30:00-05:00,61.21,61.29,61.19,61.29,36433.0,61.239,190
2024-12-04 15:35:00-05:00,61.29,61.33,61.15,61.16,42829.0,61.242,235
2024-12-04 15:40:00-05:00,61.16,61.18,61.03,61.03,67987.0,61.104,256
2024-12-04 15:45:00-05:00,61.03,61.21,61.0,61.21,54671.0,61.09,374
2024-12-04 15:50:00-05:00,61.24,61.29,61.1,61.1,58967.0,61.153,423
2024-12-04 15:55:00-05:00,61.1,61.1,60.98,61.07,247524.0,61.036,1568
2024-12-05 09:30:00-05:00,60.67,60.71,60.06,60.23,42249.0,60.415,205
2024-12-05 09:35:00-05:00,60.17,60.29,59.84,60.21,41062.0,60.05,158
2024-12-05 09:40:00-05:00,60.25,60.28,59.8,59.8,15495.0,60.004,63
2024-12-05 09:45:00-05:00,59.8,60.05,59.76,59.81,26494.0,59.903,167
2024-12-05 09:50:00-05:00,59.85,59.88,59.51,59.52,35071.0,59.813,111
2024-12-05 09:55:00-05:00,59.56,59.56,59.28,59.28,27168.0,59.393,217
2024-12-05 10:00:00-05:00,59.29,59.33,58.77,58.86,59926.0,59.019,316
2024-12-05 10:05:00-05:00,58.87,59.01,58.72,58.96,96613.0,58.829,606
2024-12-05 10:10:00-05:00,58.91,59.08,58.85,58.9,30294.0,58.928,228
2024-12-05 10:15:00-05:00,58.93,59.04,58.85,58.96,61590.0,58.87,420
2024-12-05 10:20:00-05:00,58.91,58.97,58.62,58.69,69047.0,58.805,493
2024-12-05 10:25:00-05:00,58.66,58.66,58.22,58.23,55156.0,58.422,372
2024-12-05 10:30:00-05:00,58.23,58.26,57.79,57.95,82141.0,58.002,491
2024-12-05 10:35:00-05:00,57.91,58.01,57.8,57.86,54081.0,57.917,301
2024-12-05 10:40:00-05:00,57.86,57.9,57.65,57.71,45558.0,57.771,311
2024-12-05 10:45:00-05:00,57.71,57.89,57.55,57.59,34266.0,57.765,232
2024-12-05 10:50:00-05:00,57.59,57.87,57.46,57.76,67223.0,57.666,430
2024-12-05 10:55:00-05:00,57.76,58.05,57.75,58.0,116611.0,57.965,371
2024-12-05 11:00:00-05:00,57.98,58.16,57.91,58.11,41050.0,58.012,143
2024-12-05 11:05:00-05:00,58.12,58.13,57.77,57.95,26750.0,57.934,220
2024-12-05 11:10:00-05:00,57.95,57.98,57.81,57.81,13113.0,57.905,101
2024-12-05 11:15:00-05:00,57.82,57.92,57.54,57.55,20158.0,57.782,165
2024-12-05 11:20:00-05:00,57.6,57.62,57.36,57.4,16244.0,57.478,119
2024-12-05 11:25:00-05:00,57.39,57.6,57.39,57.47,37638.0,57.51,152
2024-12-05 11:30:00-05:00,57.47,57.55,57.33,57.33,31021.0,57.445,210
2024-12-05 11:35:00-05:00,57.35,57.48,57.35,57.43,32727.0,57.428,221
2024-12-05 11:40:00-05:00,57.46,57.52,57.32,57.36,31586.0,57.411,211
2024-12-05 11:45:00-05:00,57.36,57.44,57.2,57.26,39525.0,57.309,244
2024-12-05 11:50:00-05:00,57.24,57.26,57.04,57.2,42665.0,57.136,202
2024-12-05 11:55:00-05:00,57.2,57.24,56.96,56.97,39898.0,57.101,183
2024-12-05 12:00:00-05:00,56.99,57.43,56.97,57.43,13868.0,57.258,107
2024-12-05 12:05:00-05:00,57.45,57.54,57.38,57.4,12498.0,57.443,102
2024-12-05 12:10:00-05:00,57.4,57.41,57.1,57.17,29492.0,57.197,215
2024-12-05 12:15:00-05:00,57.17,57.42,57.15,57.32,22567.0,57.31,179
2024-12-05 12:20:00-05:00,57.32,57.6,57.31,57.52,32856.0,57.448,182
2024-12-05 12:25:00-05:00,57.52,57.62,57.16,57.25,32860.0,57.361,170
2024-12-05 12:30:00-05:00,57.25,57.45,57.2,57.41,22960.0,57.336,176
2024-12-05 12:35:00-05:00,57.42,57.55,57.39,57.46,17334.0,57.442,88
2024-12-05 12:40:00-05:00,57.41,57.55,57.41,57.48,12319.0,57.482,87
2024-12-05 12:45:00-05:00,57.5,57.58,57.49,57.54,13485.0,57.529,96
2024-12-05 12:50:00-05:00,57.54,57.57,57.37,57.38,35229.0,57.481,179
2024-12-05 12:55:00-05:00,57.38,57.44,57.34,57.42,21003.0,57.401,132
2024-12-05 13:00:00-05:00,57.42,57.42,57.24,57.26,14430.0,57.334,91
2024-12-05 13:05:00-05:00,57.26,57.26,57.14,57.14,30765.0,57.183,169
2024-12-05 13:10:00-05:00,57.14,57.22,57.14,57.2,19154.0,57.187,127
2024-12-05 13:15:00-05:00,57.22,57.22,57.09,57.1,15653.0,57.16,107
2024-12-05 13:20:00-05:00,57.08,57.16,57.02,57.08,24325.0,57.082,144
2024-12-05 13:25:00-05:00,57.06,57.26,57.05,57.18,41009.0,57.139,233
2024-12-05 13:30:00-05:00,57.18,57.18,56.98,57.01,28349.0,57.058,179
2024-12-05 13:35:00-05:00,56.99,57.0,56.88,56.98,26003.0,56.945,176
2024-12-05 13:40:00-05:00,56.95,57.01,56.84,56.84,24702.0,56.935,159
2024-12-05 13:45:00-05:00,56.83,57.07,56.83,56.91,30594.0,56.935,189
2024-12-05 13:50:00-05:00,56.91,57.18,56.9,57.11,18611.0,57.024,139
2024-12-05 13:55:00-05:00,57.08,57.12,57.02,57.02,39533.0,57.058,167
2024-12-05 14:00:00-05:00,57.04,57.05,56.91,56.91,21603.0,56.993,119
2024-12-05 14:05:00-05:00,56.91,56.99,56.88,56.88,23252.0,56.939,166
2024-12-05 14:10:00-05:00,56.9,56.91,56.68,56.7,30118.0,56.807,150
2024-12-05 14:15:00-05:00,56.7,56.77,56.65,56.75,50241.0,56.701,314
2024-12-05 14:20:00-05:00,56.75,56.83,56.65,56.66,27448.0,56.725,155
2024-12-05 14:25:00-05:00,56.66,56.66,56.43,56.51,35648.0,56.529,213
2024-12-05 14:30:00-05:00,56.53,56.61,56.48,56.52,62238.0,56.564,208
2024-12-05 14:35:00-05:00,56.53,56.78,56.45,56.78,19502.0,56.647,151
2024-12-05 14:40:00-05:00,56.78,56.89,56.73,56.74,36390.0,56.796,196
2024-12-05 14:45:00-05:00,56.74,56.96,56.71,56.92,57590.0,56.85,226
2024-12-05 14:50:00-05:00,56.92,56.92,56.79,56.8,70525.0,56.837,209
2024-12-05 14:55:00-05:00,56.8,57.13,56.79,57.13,104803.0,56.966,339
2024-12-05 15:00:00-05:00,57.13,57.22,57.04,57.14,85576.0,57.141,354
2024-12-05 15:05:00-05:00,57.13,57.36,57.13,57.26,154082.0,57.232,281
2024-12-05 15:10:00-05:00,57.23,57.24,57.05,57.16,41048.0,57.158,233
2024-12-05 15:15:00-05:00,57.16,57.22,57.12,57.18,33005.0,57.166,162
2024-12-05 15:20:00-05:00,57.2,57.26,57.14,57.14,45539.0,57.196,204
2024-12-05 15:25:00-05:00,57.14,57.46,57.12,57.38,53341.0,57.269,223
2024-12-05 15:30:00-05:00,57.38,57.56,57.38,57.55,28645.0,57.455,185
2024-12-05 15:35:00-05:00,57.55,57.91,57.54,57.84,51182.0,57.756,272
2024-12-05 15:40:00-05:00,57.84,57.84,57.67,57.72,48532.0,57.734,237
2024-12-05 15:45:00-05:00,57.71,57.79,57.66,57.74,86610.0,57.733,447
2024-12-05 15:50:00-05:00,57.76,57.81,57.53,57.57,84170.0,57.666,542
2024-12-05 15:55:00-05:00,57.55,57.6,57.46,57.57,276112.0,57.527,1360
2024-12-06 09:30:00-05:00,58.02,58.18,57.82,57.84,44933.0,58.045,119
2024-12-06 09:35:00-05:00,57.84,57.87,57.67,57.72,2300.0,57.747,23
2024-12-06 09:40:00-05:00,57.72,58.01,57.72,57.87,17731.0,57.846,82
2024-12-06 09:45:00-05:00,57.79,57.85,57.71,57.77,11093.0,57.762,75
2024-12-06 09:50:00-05:00,57.79,58.05,57.71,57.79,32520.0,57.903,178
2024-12-06 09:55:00-05:00,57.79,57.84,57.75,57.83,13288.0,57.806,91
2024-12-06 10:00:00-05:00,57.78,57.81,57.59,57.8,24216.0,57.698,186
2024-12-06 10:05:00-05:00,57.82,57.98,57.79,57.95,12932.0,57.905,76
2024-12-06 10:10:00-05:00,57.92,57.92,57.75,57.77,19138.0,57.824,139
2024-12-06 10:15:00-05:00,57.77,57.81,57.64,57.67,18746.0,57.743,126
2024-12-06 10:20:00-05:00,57.65,57.68,57.58,57.63,13419.0,57.639,85
2024-12-06 10:25:00-05:00,57.66,57.69,57.56,57.67,14204.0,57.634,108
2024-12-06 10:30:00-05:00,57.67,57.67,57.47,57.47,14895.0,57.606,115
2024-12-06 10:35:00-05:00,57.48,57.67,57.45,57.66,40945.0,57.602,224
2024-12-06 10:40:00-05:00,57.68,57.7,57.59,57.65,18644.0,57.65,118
2024-12-06 10:45:00-05:00,57.64,57.81,57.63,57.7,31691.0,57.704,185
2024-12-06 10:50:00-05:00,57.73,57.97,57.71,57.94,19030.0,57.821,126
2024-12-06 10:55:00-05:00,57.97,58.0,57.83,57.93,19640.0,57.916,131
2024-12-06 11:00:00-05:00,57.94,57.94,57.77,57.81,26838.0,57.817,193
2024-12-06 11:05:00-05:00,57.8,57.8,57.71,57.76,19599.0,57.743,126
2024-12-06 11:10:00-05:00,57.76,57.84,57.7,57.84,25909.0,57.752,142
2024-12-06 11:15:00-05:00,57.84,57.89,57.8,57.87,17081.0,57.833,131
2024-12-06 11:20:00-05:00,57.85,57.85,57.73,57.75,20880.0,57.787,136
2024-12-06 11:25:00-05:00,57.74,57.83,57.73,57.83,11990.0,57.771,77
2024-12-06 11:30:00-05:00,57.81,57.81,57.64,57.72,12515.0,57.726,83
2024-12-06 11:35:00-05:00,57.72,57.81,57.69,57.69,6919.0,57.745,53
2024-12-06 11:40:00-05:00,57.68,57.69,57.6,57.69,19336.0,57.647,85
2024-12-06 11:45:00-05:00,57.68,57.68,57.59,57.68,30751.0,57.608,63
2024-12-06 11:50:00-05:00,57.68,57.7,57.63,57.64,7777.0,57.66,66
2024-12-06 11:55:00-05:00,57.64,57.64,57.56,57.57,10184.0,57.58,73
2024-12-06 12:00:00-05:00,57.57,57.58,57.45,57.48,25841.0,57.521,118
2024-12-06 12:05:00-05:00,57.48,57.51,57.42,57.43,14773.0,57.457,69
2024-12-06 12:10:00-05:00,57.44,57.45,57.35,57.38,14732.0,57.396,76
2024-12-06 12:15:00-05:00,57.38,57.55,57.38,57.54,15822.0,57.488,109
2024-12-06 12:20:00-05:00,57.54,57.55,57.51,57.53,11811.0,57.533,74
2024-12-06 12:25:00-05:00,57.53,57.56,57.51,57.53,11873.0,57.535,88
2024-12-06 12:30:00-05:00,57.52,57.52,57.45,57.48,27875.0,57.484,92
2024-12-06 12:35:00-05:00,57.49,57.51,57.42,57.47,10120.0,57.463,66
2024-12-06 12:40:00-05:00,57.47,57.55,57.42,57.52,26910.0,57.466,95
2024-12-06 12:45:00-05:00,57.54,57.54,57.44,57.46,7778.0,57.484,55
2024-12-06 12:50:00-05:00,57.47,57.61,57.46,57.55,17486.0,57.57,85
2024-12-06 12:55:00-05:00,57.53,57.54,57.48,57.48,14219.0,57.509,80
2024-12-06 13:00:00-05:00,57.48,57.52,57.47,57.52,6256.0,57.491,41
2024-12-06 13:05:00-05:00,57.53,57.59,57.51,57.58,6818.0,57.544,43
2024-12-06 13:10:00-05:00,57.59,57.65,57.57,57.59,13223.0,57.608,74
2024-12-06 13:15:00-05:00,57.59,57.6,57.48,57.48,39342.0,57.538,111
2024-12-06 13:20:00-05:00,57.47,57.47,57.35,57.45,18228.0,57.414,68
2024-12-06 13:25:00-05:00,57.45,57.49,57.32,57.33,9710.0,57.398,64
2024-12-06 13:30:00-05:00,57.32,57.32,57.14,57.14,14260.0,57.251,92
2024-12-06 13:35:00-05:00,57.14,57.32,57.14,57.29,12286.0,57.227,82
2024-12-06 13:40:00-05:00,57.32,57.33,57.25,57.27,14908.0,57.297,63
2024-12-06 13:45:00-05:00,57.26,57.26,57.19,57.25,21701.0,57.237,108
2024-12-06 13:50:00-05:00,57.24,57.25,57.2,57.21,13087.0,57.228,86
2024-12-06 13:55:00-05:00,57.23,57.27,57.22,57.26,13491.0,57.242,72
2024-12-06 14:00:00-05:00,57.25,57.32,57.24,57.24,11281.0,57.258,73
2024-12-06 14:05:00-05:00,57.26,57.38,57.23,57.34,18951.0,57.339,93
2024-12-06 14:10:00-05:00,57.36,57.36,57.26,57.36,15323.0,57.32,91
2024-12-06 14:15:00-05:00,57.34,57.37,57.24,57.25,10601.0,57.311,84
2024-12-06 14:20:00-05:00,57.26,57.36,57.26,57.29,19520.0,57.323,112
2024-12-06 14:25:00-05:00,57.3,57.4,57.26,57.34,25448.0,57.352,127
2024-12-06 14:30:00-05:00,57.33,57.5,57.33,57.38,26192.0,57.416,124
2024-12-06 14:35:00-05:00,57.39,57.41,57.35,57.36,10746.0,57.368,59
2024-12-06 14:40:00-05:00,57.36,57.42,57.32,57.35,27491.0,57.365,159
2024-12-06 14:45:00-05:00,57.35,57.45,57.34,57.37,20552.0,57.412,129
2024-12-06 14:50:00-05:00,57.37,57.42,57.35,57.38,15927.0,57.383,90
2024-12-06 14:55:00-05:00,57.38,57.43,57.35,57.37,20622.0,57.399,108
2024-12-06 15:00:00-05:00,57.37,57.37,57.29,57.36,25755.0,57.336,105
2024-12-06 15:05:00-05:00,57.36,57.39,57.3,57.34,13385.0,57.342,81
2024-12-06 15:10:00-05:00,57.35,57.39,57.3,57.3,33090.0,57.362,167
2024-12-06 15:15:00-05:00,57.3,57.33,57.25,57.32,21272.0,57.307,132
2024-12-06 15:20:00-05:00,57.33,57.38,57.28,57.3,38042.0,57.344,216
2024-12-06 15:25:00-05:00,57.31,57.39,57.29,57.39,20024.0,57.333,131
2024-12-06 15:30:00-05:00,57.39,57.42,57.36,57.41,44874.0,57.39,312
2024-12-06 15:35:00-05:00,57.41,57.49,57.38,57.38,64103.0,57.437,249
2024-12-06 15:40:00-05:00,57.37,57.38,57.21,57.25,34109.0,57.29,221
2024-12-06 15:45:00-05:00,57.24,57.25,57.19,57.19,22521.0,57.213,169
2024-12-06 15:50:00-05:00,57.18,57.21,57.13,57.21,72593.0,57.173,476
2024-12-06 15:55:00-05:00,57.2,57.2,57.07,57.09,200331.0,57.115,1102
2024-12-09 09:30:00-05:00,57.14,57.52,56.92,57.44,23922.0,57.195,70
2024-12-09 09:35:00-05:00,57.55,57.55,57.42,57.46,4574.0,57.52,15
2024-12-09 09:40:00-05:00,57.52,57.52,57.36,57.52,5921.0,57.481,38
2024-12-09 09:45:00-05:00,57.51,57.61,57.39,57.4,27991.0,57.551,136
2024-12-09 09:50:00-05:00,57.4,57.59,57.34,57.41,19045.0,57.456,141
2024-12-09 09:55:00-05:00,57.41,57.49,57.35,57.45,42184.0,57.405,144
2024-12-09 10:00:00-05:00,57.48,57.48,57.34,57.36,14894.0,57.408,91
2024-12-09 10:05:00-05:00,57.35,57.39,57.25,57.3,14309.0,57.324,55
2024-12-09 10:10:00-05:00,57.3,57.36,57.25,57.25,14305.0,57.298,98
2024-12-09 10:15:00-05:00,57.25,57.25,57.15,57.19,10752.0,57.197,74
2024-12-09 10:20:00-05:00,57.2,57.3,57.16,57.21,14208.0,57.212,81
2024-12-09 10:25:00-05:00,57.21,57.48,57.2,57.45,14925.0,57.337,96
2024-12-09 10:30:00-05:00,57.49,57.73,57.46,57.67,29204.0,57.587,102
2024-12-09 10:35:00-05:00,57.67,57.89,57.64,57.8,21864.0,57.772,116
2024-12-09 10:40:00-05:00,57.81,57.85,57.79,57.84,15368.0,57.817,86
2024-12-09 10:45:00-05:00,57.85,58.09,57.82,58.07,21352.0,57.936,135
2024-12-09 10:50:00-05:00,58.06,58.21,58.04,58.15,18339.0,58.123,110
2024-12-09 10:55:00-05:00,58.17,58.27,58.14,58.2,20485.0,58.191,121
2024-12-09 11:00:00-05:00,58.2,58.28,58.06,58.25,33789.0,58.178,241
2024-12-09 11:05:00-05:00,58.27,58.27,58.11,58.21,26052.0,58.198,197
2024-12-09 11:10:00-05:00,58.21,58.26,58.08,58.1,16402.0,58.176,128
2024-12-09 11:15:00-05:00,58.1,58.17,58.09,58.12,11513.0,58.119,86
2024-12-09 11:20:00-05:00,58.1,58.1,58.01,58.06,14137.0,58.06,109
2024-12-09 11:25:00-05:00,58.07,58.09,57.94,57.98,19790.0,58.03,115
2024-12-09 11:30:00-05:00,57.97,57.98,57.76,57.8,13042.0,57.895,91
2024-12-09 11:35:00-05:00,57.8,57.8,57.66,57.67,10570.0,57.725,79
2024-12-09 11:40:00-05:00,57.67,57.84,57.66,57.81,13785.0,57.78,115
2024-12-09 11:45:00-05:00,57.81,57.84,57.74,57.8,15643.0,57.806,120
2024-12-09 11:50:00-05:00,57.8,57.82,57.74,57.76,16281.0,57.784,116
2024-12-09 11:55:00-05:00,57.75,57.91,57.75,57.76,13822.0,57.834,99
2024-12-09 12:00:00-05:00,57.77,57.77,57.67,57.71,12502.0,57.721,92
2024-12-09 12:05:00-05:00,57.71,57.73,57.61,57.61,11489.0,57.675,86
2024-12-09 12:10:00-05:00,57.64,57.69,57.59,57.67,11006.0,57.654,79
2024-12-09 12:15:00-05:00,57.68,57.84,57.67,57.84,12434.0,57.714,77
2024-12-09 12:20:00-05:00,57.84,57.85,57.76,57.81,10060.0,57.799,67
2024-12-09 12:25:00-05:00,57.82,57.84,57.72,57.76,44299.0,57.772,221
2024-12-09 12:30:00-05:00,57.74,57.82,57.71,57.71,12354.0,57.758,95
2024-12-09 12:35:00-05:00,57.71,57.88,57.71,57.82,13424.0,57.816,75
2024-12-09 12:40:00-05:00,57.82,57.82,57.74,57.75,15407.0,57.793,106
2024-12-09 12:45:00-05:00,57.76,57.76,57.63,57.7,13108.0,57.696,98
2024-12-09 12:50:00-05:00,57.71,57.75,57.68,57.73,16495.0,57.715,122
2024-12-09 12:55:00-05:00,57.72,57.73,57.64,57.67,17867.0,57.699,115
2024-12-09 13:00:00-05:00,57.67,57.82,57.65,57.79,24859.0,57.739,147
2024-12-09 13:05:00-05:00,57.78,57.83,57.75,57.79,12919.0,57.782,95
2024-12-09 13:10:00-05:00,57.79,57.85,57.68,57.69,45749.0,57.801,289
2024-12-09 13:15:00-05:00,57.69,57.77,57.67,57.72,12527.0,57.727,77
2024-12-09 13:20:00-05:00,57.75,57.79,57.67,57.72,12697.0,57.724,88
2024-12-09 13:25:00-05:00,57.73,57.73,57.65,57.65,10263.0,57.701,69
2024-12-09 13:30:00-05:00,57.67,57.73,57.65,57.72,8287.0,57.692,55
2024-12-09 13:35:00-05:00,57.71,57.78,57.7,57.78,12279.0,57.731,84
2024-12-09 13:40:00-05:00,57.78,57.78,57.7,57.72,10856.0,57.745,87
2024-12-09 13:45:00-05:00,57.72,57.77,57.7,57.74,10170.0,57.73,68
2024-12-09 13:50:00-05:00,57.74,57.87,57.72,57.87,7204.0,57.768,49
2024-12-09 13:55:00-05:00,57.9,57.91,57.82,57.83,14885.0,57.878,111
2024-12-09 14:00:00-05:00,57.82,57.88,57.8,57.88,8929.0,57.836,58
2024-12-09 14:05:00-05:00,57.9,58.04,57.81,57.86,38055.0,57.919,269
2024-12-09 14:10:00-05:00,57.84,57.84,57.78,57.78,6837.0,57.813,53
2024-12-09 14:15:00-05:00,57.76,57.76,57.7,57.72,7442.0,57.731,55
2024-12-09 14:20:00-05:00,57.7,57.89,57.7,57.85,14010.0,57.795,103
2024-12-09 14:25:00-05:00,57.85,57.92,57.83,57.92,9497.0,57.875,58
2024-12-09 14:30:00-05:00,57.9,58.01,57.85,57.97,16601.0,57.916,125
2024-12-09 14:35:00-05:00,57.96,57.99,57.9,57.99,18812.0,57.942,112
2024-12-09 14:40:00-05:00,57.97,57.98,57.87,57.88,12458.0,57.933,54
2024-12-09 14:45:00-05:00,57.87,57.95,57.87,57.93,11552.0,57.914,61
2024-12-09 14:50:00-05:00,57.93,57.93,57.88,57.9,13119.0,57.905,88
2024-12-09 14:55:00-05:00,57.91,57.95,57.82,57.84,15081.0,57.882,85
2024-12-09 15:00:00-05:00,57.85,57.86,57.79,57.81,14464.0,57.83,107
2024-12-09 15:05:00-05:00,57.81,57.86,57.81,57.86,16486.0,57.824,108
2024-12-09 15:10:00-05:00,57.86,57.87,57.77,57.77,21666.0,57.799,128
2024-12-09 15:15:00-05:00,57.78,57.79,57.71,57.77,27997.0,57.738,150
2024-12-09 15:20:00-05:00,57.76,57.88,57.75,57.85,12593.0,57.814,65
2024-12-09 15:25:00-05:00,57.84,57.95,57.77,57.92,26668.0,57.858,166
2024-12-09 15:30:00-05:00,57.92,57.96,57.83,57.83,44437.0,57.905,256
2024-12-09 15:35:00-05:00,57.83,57.83,57.73,57.74,22203.0,57.786,137
2024-12-09 15:40:00-05:00,57.74,57.74,57.63,57.7,67602.0,57.702,228
2024-12-09 15:45:00-05:00,57.7,57.75,57.64,57.73,85106.0,57.707,404
2024-12-09 15:50:00-05:00,57.74,57.76,57.64,57.64,47207.0,57.693,280
2024-12-09 15:55:00-05:00,57.64,57.73,57.6,57.67,186641.0,57.646,997
2024-12-10 09:30:00-05:00,58.75,58.75,58.01,58.17,55739.0,58.604,143
2024-12-10 09:35:00-05:00,58.01,58.47,57.91,58.47,17376.0,58.281,72
2024-12-10 09:40:00-05:00,58.47,58.47,57.75,57.89,23623.0,58.161,109
2024-12-10 09:45:00-05:00,57.81,57.88,57.33,57.37,35344.0,57.661,164
2024-12-10 09:50:00-05:00,57.35,57.62,57.12,57.13,27094.0,57.366,142
2024-12-10 09:55:00-05:00,57.22,57.47,57.21,57.39,19699.0,57.359,135
2024-12-10 10:00:00-05:00,57.34,57.38,56.9,57.2,40707.0,57.224,138
2024-12-10 10:05:00-05:00,57.13,57.26,57.08,57.12,12305.0,57.161,102
2024-12-10 10:10:00-05:00,57.14,57.34,57.1,57.15,15326.0,57.227,125
2024-12-10 10:15:00-05:00,57.14,57.2,57.05,57.05,14822.0,57.118,105
2024-12-10 10:20:00-05:00,57.1,57.23,57.04,57.21,23237.0,57.122,83
2024-12-10 10:25:00-05:00,57.17,57.2,56.98,57.01,9511.0,57.071,76
2024-12-10 10:30:00-05:00,57.05,57.32,56.95,57.22,16692.0,57.123,107
2024-12-10 10:35:00-05:00,57.25,57.25,57.06,57.09,20596.0,57.159,153
2024-12-10 10:40:00-05:00,57.08,57.16,57.07,57.16,5545.0,57.131,48
2024-12-10 10:45:00-05:00,57.13,57.41,57.13,57.38,9394.0,57.256,54
2024-12-10 10:50:00-05:00,57.35,57.35,57.25,57.27,3416.0,57.286,32
2024-12-10 10:55:00-05:00,57.25,57.5,57.17,57.4,29721.0,57.38,196
2024-12-10 11:00:00-05:00,57.39,57.44,57.33,57.43,13888.0,57.385,72
2024-12-10 11:05:00-05:00,57.41,57.58,57.23,57.54,12280.0,57.348,106
2024-12-10 11:10:00-05:00,57.54,57.54,57.36,57.36,17320.0,57.476,120
2024-12-10 11:15:00-05:00,57.4,57.43,57.24,57.28,5283.0,57.315,47
2024-12-10 11:20:00-05:00,57.28,57.36,57.25,57.32,14732.0,57.316,103
2024-12-10 11:25:00-05:00,57.35,57.45,57.31,57.44,11381.0,57.404,84
2024-12-10 11:30:00-05:00,57.42,57.47,57.34,57.42,15606.0,57.408,113
2024-12-10 11:35:00-05:00,57.42,57.46,57.31,57.44,11833.0,57.382,96
2024-12-10 11:40:00-05:00,57.43,57.45,57.38,57.42,12591.0,57.418,95
2024-12-10 11:45:00-05:00,57.42,57.43,57.25,57.27,13135.0,57.374,104
2024-12-10 11:50:00-05:00,57.27,57.34,57.2,57.22,11386.0,57.271,84
2024-12-10 11:55:00-05:00,57.21,57.26,57.17,57.17,22254.0,57.216,159
2024-12-10 12:00:00-05:00,57.17,57.22,57.17,57.2,9387.0,57.192,76
2024-12-10 12:05:00-05:00,57.21,57.32,57.21,57.32,9821.0,57.261,83
2024-12-10 12:10:00-05:00,57.32,57.37,57.32,57.36,10676.0,57.342,89
2024-12-10 12:15:00-05:00,57.37,57.51,57.36,57.46,13808.0,57.416,116
2024-12-10 12:20:00-05:00,57.45,57.52,57.45,57.48,21504.0,57.488,118
2024-12-10 12:25:00-05:00,57.47,57.52,57.45,57.48,11865.0,57.482,104
2024-12-10 12:30:00-05:00,57.48,57.58,57.47,57.51,32948.0,57.512,81
2024-12-10 12:35:00-05:00,57.51,57.53,57.42,57.5,12832.0,57.478,91
2024-12-10 12:40:00-05:00,57.5,57.51,57.41,57.48,8762.0,57.474,74
2024-12-10 12:45:00-05:00,57.46,57.48,57.42,57.47,8148.0,57.457,55
2024-12-10 12:50:00-05:00,57.48,57.52,57.46,57.48,8713.0,57.485,53
2024-12-10 12:55:00-05:00,57.47,57.48,57.3,57.33,23430.0,57.4,99
2024-12-10 13:00:00-05:00,57.33,57.42,57.32,57.42,13487.0,57.353,92
2024-12-10 13:05:00-05:00,57.4,57.42,57.35,57.42,14687.0,57.396,73
2024-12-10 13:10:00-05:00,57.41,57.44,57.4,57.43,5212.0,57.422,43
2024-12-10 13:15:00-05:00,57.43,57.45,57.42,57.45,5799.0,57.435,38
2024-12-10 13:20:00-05:00,57.46,57.46,57.38,57.39,2536.0,57.418,16
2024-12-10 13:25:00-05:00,57.38,57.39,57.32,57.32,30734.0,57.345,117
2024-12-10 13:30:00-05:00,57.32,57.4,57.26,57.4,10693.0,57.31,75
2024-12-10 13:35:00-05:00,57.42,57.43,57.35,57.35,11881.0,57.402,58
2024-12-10 13:40:00-05:00,57.37,57.37,57.33,57.34,6360.0,57.339,39
2024-12-10 13:45:00-05:00,57.35,57.37,57.33,57.35,10261.0,57.354,59
2024-12-10 13:50:00-05:00,57.34,57.38,57.32,57.33,7229.0,57.355,43
2024-12-10 13:55:00-05:00,57.33,57.33,57.25,57.25,37559.0,57.293,82
2024-12-10 14:00:00-05:00,57.27,57.28,57.25,57.28,19734.0,57.263,82
2024-12-10 14:05:00-05:00,57.29,57.34,57.29,57.33,9728.0,57.321,78
2024-12-10 14:10:00-05:00,57.33,57.39,57.31,57.38,10903.0,57.357,57
2024-12-10 14:15:00-05:00,57.37,57.38,57.34,57.38,9852.0,57.369,70
2024-12-10 14:20:00-05:00,57.38,57.38,57.28,57.3,8726.0,57.346,59
2024-12-10 14:25:00-05:00,57.29,57.42,57.27,57.37,17601.0,57.347,117
2024-12-10 14:30:00-05:00,57.39,57.41,57.32,57.36,10373.0,57.377,61
2024-12-10 14:35:00-05:00,57.36,57.48,57.36,57.42,32627.0,57.415,82
2024-12-10 14:40:00-05:00,57.43,57.6,57.43,57.57,16238.0,57.531,128
2024-12-10 14:45:00-05:00,57.57,57.61,57.55,57.61,5357.0,57.574,44
2024-12-10 14:50:00-05:00,57.61,57.61,57.39,57.4,13021.0,57.521,117
2024-12-10 14:55:00-05:00,57.38,57.44,57.3,57.42,10379.0,57.377,79
2024-12-10 15:00:00-05:00,57.42,57.42,57.25,57.37,22569.0,57.321,136
2024-12-10 15:05:00-05:00,57.37,57.41,57.34,57.36,27225.0,57.377,128
2024-12-10 15:10:00-05:00,57.33,57.35,57.27,57.32,29631.0,57.316,175
2024-12-10 15:15:00-05:00,57.32,57.44,57.29,57.35,29631.0,57.358,152
2024-12-10 15:20:00-05:00,57.34,57.41,57.3,57.39,26065.0,57.363,150
2024-12-10 15:25:00-05:00,57.39,57.39,57.33,57.38,34275.0,57.366,210
2024-12-10 15:30:00-05:00,57.39,57.42,57.33,57.35,70588.0,57.388,419
2024-12-10 15:35:00-05:00,57.35,57.37,57.23,57.23,34561.0,57.314,179
2024-12-10 15:40:00-05:00,57.23,57.28,57.2,57.26,43005.0,57.251,212
2024-12-10 15:45:00-05:00,57.26,57.28,57.17,57.17,30282.0,57.215,190
2024-12-10 15:50:00-05:00,57.18,57.19,57.03,57.07,66483.0,57.093,495
2024-12-10 15:55:00-05:00,57.07,57.11,56.94,57.08,215492.0,57.035,1354
2024-12-11 09:30:00-05:00,57.33,57.33,56.89,56.97,23897.0,57.275,30
2024-12-11 09:35:00-05:00,57.03,57.03,56.82,56.84,25741.0,56.869,106
2024-12-11 09:40:00-05:00,56.84,57.15,56.83,56.93,4910.0,57.002,32
2024-12-11 09:45:00-05:00,57.07,57.13,56.9,56.95,3849.0,56.988,33
2024-12-11 09:50:00-05:00,57.0,57.12,56.85,56.9,28384.0,56.97,135
2024-12-11 09:55:00-05:00,56.87,56.93,56.79,56.88,19882.0,56.862,115
2024-12-11 10:00:00-05:00,56.9,56.95,56.57,56.87,37437.0,56.702,154
2024-12-11 10:05:00-05:00,56.86,57.06,56.85,57.05,14270.0,56.923,89
2024-12-11 10:10:00-05:00,57.04,57.09,56.98,56.98,8136.0,57.037,67
2024-12-11 10:15:00-05:00,56.98,57.14,56.97,57.14,7874.0,57.018,42
2024-12-11 10:20:00-05:00,57.13,57.32,57.13,57.29,8490.0,57.268,64
2024-12-11 10:25:00-05:00,57.3,57.3,57.15,57.16,8180.0,57.234,58
2024-12-11 10:30:00-05:00,57.16,57.18,57.06,57.11,16226.0,57.131,96
2024-12-11 10:35:00-05:00,57.1,57.13,57.07,57.09,8737.0,57.108,60
2024-12-11 10:40:00-05:00,57.08,57.14,57.03,57.05,5040.0,57.081,45
2024-12-11 10:45:00-05:00,57.03,57.03,56.98,57.0,2983.0,57.003,20
2024-12-11 10:50:00-05:00,56.97,56.97,56.85,56.94,12801.0,56.913,66
2024-12-11 10:55:00-05:00,56.9,57.1,56.9,57.07,11333.0,57.054,69
2024-12-11 11:00:00-05:00,57.07,57.07,56.92,56.95,4426.0,56.991,32
2024-12-11 11:05:00-05:00,56.94,56.98,56.9,56.92,6046.0,56.945,50
2024-12-11 11:10:00-05:00,56.93,56.98,56.9,56.94,18675.0,56.924,70
2024-12-11 11:15:00-05:00,56.95,57.08,56.95,57.08,11875.0,56.999,81
2024-12-11 11:20:00-05:00,57.08,57.16,57.05,57.15,4854.0,57.106,27
2024-12-11 11:25:00-05:00,57.15,57.2,57.12,57.18,8723.0,57.151,53
2024-12-11 11:30:00-05:00,57.18,57.22,57.16,57.2,4860.0,57.199,37
2024-12-11 11:35:00-05:00,57.21,57.35,57.18,57.34,6540.0,57.262,45
2024-12-11 11:40:00-05:00,57.35,57.45,57.35,57.41,8740.0,57.418,66
2024-12-11 11:45:00-05:00,57.41,57.43,57.32,57.37,9195.0,57.373,50
2024-12-11 11:50:00-05:00,57.38,57.39,57.25,57.26,9105.0,57.325,46
2024-12-11 11:55:00-05:00,57.26,57.33,57.25,57.28,8642.0,57.293,60
2024-12-11 12:00:00-05:00,57.26,57.33,57.24,57.3,7816.0,57.282,48
2024-12-11 12:05:00-05:00,57.3,57.4,57.29,57.38,12244.0,57.338,79
2024-12-11 12:10:00-05:00,57.38,57.4,57.35,57.36,4784.0,57.387,37
2024-12-11 12:15:00-05:00,57.37,57.37,57.23,57.25,9698.0,57.29,71
2024-12-11 12:20:00-05:00,57.25,57.27,57.2,57.25,6535.0,57.235,51
2024-12-11 12:25:00-05:00,57.26,57.37,57.22,57.32,9572.0,57.282,60
2024-12-11 12:30:00-05:00,57.32,57.37,57.3,57.36,13639.0,57.321,46
2024-12-11 12:35:00-05:00,57.35,57.36,57.32,57.33,5703.0,57.334,37
2024-12-11 12:40:00-05:00,57.33,57.35,57.24,57.28,9911.0,57.271,55
2024-12-11 12:45:00-05:00,57.28,57.28,57.22,57.24,10028.0,57.254,51
2024-12-11 12:50:00-05:00,57.25,57.3,57.24,57.24,5783.0,57.272,30
2024-12-11 12:55:00-05:00,57.24,57.31,57.24,57.3,7116.0,57.276,38
2024-12-11 13:00:00-05:00,57.3,57.35,57.29,57.31,8880.0,57.314,61
2024-12-11 13:05:00-05:00,57.32,57.33,57.28,57.31,6323.0,57.308,38
2024-12-11 13:10:00-05:00,57.31,57.33,57.28,57.32,7207.0,57.306,48
2024-12-11 13:15:00-05:00,57.29,57.31,57.23,57.23,11469.0,57.265,78
2024-12-11 13:20:00-05:00,57.23,57.25,57.2,57.22,6703.0,57.227,46
2024-12-11 13:25:00-05:00,57.22,57.22,57.2,57.22,1403.0,57.213,11
2024-12-11 13:30:00-05:00,57.23,57.26,57.1,57.12,10169.0,57.157,52
2024-12-11 13:35:00-05:00,57.13,57.15,57.12,57.12,2607.0,57.134,22
2024-12-11 13:40:00-05:00,57.13,57.14,57.08,57.08,11167.0,57.106,55
2024-12-11 13:45:00-05:00,57.09,57.1,57.06,57.07,9124.0,57.073,39
2024-12-11 13:50:00-05:00,57.07,57.08,57.0,57.08,14876.0,57.037,65
2024-12-11 13:55:00-05:00,57.09,57.09,57.07,57.08,3330.0,57.084,18
2024-12-11 14:00:00-05:00,57.08,57.12,57.06,57.06,4374.0,57.077,40
2024-12-11 14:05:00-05:00,57.06,57.13,57.06,57.09,3102.0,57.089,24
2024-12-11 14:10:00-05:00,57.09,57.19,57.09,57.17,6118.0,57.147,34
2024-12-11 14:15:00-05:00,57.17,57.21,57.15,57.16,14250.0,57.17,71
2024-12-11 14:20:00-05:00,57.16,57.18,57.12,57.14,4508.0,57.139,31
2024-12-11 14:25:00-05:00,57.14,57.22,57.14,57.19,4717.0,57.181,39
2024-12-11 14:30:00-05:00,57.19,57.26,57.16,57.26,5350.0,57.202,39
2024-12-11 14:35:00-05:00,57.26,57.3,57.23,57.28,8400.0,57.266,41
2024-12-11 14:40:00-05:00,57.26,57.41,57.24,57.37,15867.0,57.327,104
2024-12-11 14:45:00-05:00,57.38,57.42,57.36,57.42,5836.0,57.378,47
2024-12-11 14:50:00-05:00,57.43,57.45,57.34,57.35,19886.0,57.405,121
2024-12-11 14:55:00-05:00,57.31,57.32,57.2,57.24,29280.0,57.244,124
2024-12-11 15:00:00-05:00,57.22,57.32,57.15,57.26,40929.0,57.2,135
2024-12-11 15:05:00-05:00,57.27,57.27,57.12,57.13,22546.0,57.181,110
2024-12-11 15:10:00-05:00,57.14,57.2,57.1,57.17,66748.0,57.149,216
2024-12-11 15:15:00-05:00,57.17,57.21,57.08,57.1,61644.0,57.137,266
2024-12-11 15:20:00-05:00,57.1,57.27,57.1,57.17,44783.0,57.183,198
2024-12-11 15:25:00-05:00,57.16,57.23,57.15,57.2,28927.0,57.189,114
2024-12-11 15:30:00-05:00,57.21,57.24,57.14,57.22,55399.0,57.205,256
2024-12-11 15:35:00-05:00,57.22,57.29,57.21,57.28,45233.0,57.253,194
2024-12-11 15:40:00-05:00,57.28,57.36,57.26,57.26,38893.0,57.325,228
2024-12-11 15:45:00-05:00,57.25,57.39,57.24,57.35,57417.0,57.301,281
2024-12-11 15:50:00-05:00,57.33,57.4,57.28,57.3,63521.0,57.338,355
2024-12-11 15:55:00-05:00,57.3,57.5,57.25,57.41,192883.0,57.403,962
2024-12-12 09:30:00-05:00,57.27,57.73,57.19,57.34,22858.0,57.345,80
2024-12-12 09:35:00-05:00,57.33,57.49,57.2,57.44,2700.0,57.393,19
2024-12-12 09:40:00-05:00,57.46,57.82,57.42,57.67,16375.0,57.687,95
2024-12-12 09:45:00-05:00,57.67,57.83,57.56,57.83,7543.0,57.732,49
2024-12-12 09:50:00-05:00,57.83,57.83,57.58,57.63,4304.0,57.684,28
2024-12-12 09:55:00-05:00,57.67,57.69,57.49,57.62,13602.0,57.617,101
2024-12-12 10:00:00-05:00,57.62,57.78,57.61,57.68,11279.0,57.721,70
2024-12-12 10:05:00-05:00,57.68,57.77,57.64,57.76,10994.0,57.745,91
2024-12-12 10:10:00-05:00,57.76,57.84,57.73,57.75,11227.0,57.778,48
2024-12-12 10:15:00-05:00,57.75,57.87,57.72,57.8,5738.0,57.813,50
2024-12-12 10:20:00-05:00,57.84,57.9,57.78,57.8,3719.0,57.855,32
2024-12-12 10:25:00-05:00,57.8,57.86,57.78,57.85,8541.0,57.83,68
2024-12-12 10:30:00-05:00,57.85,57.87,57.77,57.81,8799.0,57.829,58
2024-12-12 10:35:00-05:00,57.8,57.8,57.63,57.63,17205.0,57.698,98
2024-12-12 10:40:00-05:00,57.65,57.7,57.54,57.55,18363.0,57.634,131
2024-12-12 10:45:00-05:00,57.55,57.69,57.48,57.68,36203.0,57.537,141
2024-12-12 10:50:00-05:00,57.68,57.74,57.64,57.71,5700.0,57.689,38
2024-12-12 10:55:00-05:00,57.7,57.8,57.7,57.73,6018.0,57.76,53
2024-12-12 11:00:00-05:00,57.69,57.72,57.58,57.69,15820.0,57.638,77
2024-12-12 11:05:00-05:00,57.68,57.81,57.68,57.75,6724.0,57.765,54
2024-12-12 11:10:00-05:00,57.75,57.77,57.69,57.69,5295.0,57.734,43
2024-12-12 11:15:00-05:00,57.71,57.72,57.69,57.72,4550.0,57.712,36
2024-12-12 11:20:00-05:00,57.72,57.83,57.72,57.8,6581.0,57.773,47
2024-12-12 11:25:00-05:00,57.79,57.79,57.74,57.76,3357.0,57.771,30
2024-12-12 11:30:00-05:00,57.76,57.94,57.76,57.88,10510.0,57.869,82
2024-12-12 11:35:00-05:00,57.88,57.98,57.87,57.97,14236.0,57.925,79
2024-12-12 11:40:00-05:00,57.97,58.03,57.9,58.03,8475.0,57.953,59
2024-12-12 11:45:00-05:00,58.05,58.07,57.98,58.07,15001.0,58.039,105
2024-12-12 11:50:00-05:00,58.05,58.1,58.01,58.1,15334.0,58.059,103
2024-12-12 11:55:00-05:00,58.07,58.1,58.05,58.07,20919.0,58.077,144
2024-12-12 12:00:00-05:00,58.06,58.15,58.05,58.15,15856.0,58.109,91
2024-12-12 12:05:00-05:00,58.15,58.25,58.12,58.25,9430.0,58.161,62
2024-12-12 12:10:00-05:00,58.25,58.27,58.15,58.18,20824.0,58.185,123
2024-12-12 12:15:00-05:00,58.2,58.38,58.2,58.35,17904.0,58.314,118
2024-12-12 12:20:00-05:00,58.33,58.4,58.32,58.4,16619.0,58.364,115
2024-12-12 12:25:00-05:00,58.41,58.42,58.37,58.38,18478.0,58.397,114
2024-12-12 12:30:00-05:00,58.38,58.49,58.37,58.41,12857.0,58.434,91
2024-12-12 12:35:00-05:00,58.41,58.49,58.38,58.47,11432.0,58.431,84
2024-12-12 12:40:00-05:00,58.49,58.49,58.43,58.48,14223.0,58.457,65
2024-12-12 12:45:00-05:00,58.49,58.51,58.42,58.43,11938.0,58.471,80
2024-12-12 12:50:00-05:00,58.41,58.42,58.21,58.25,13919.0,58.28,72
2024-12-12 12:55:00-05:00,58.25,58.32,58.24,58.26,6327.0,58.282,53
2024-12-12 13:00:00-05:00,58.25,58.28,58.19,58.2,4647.0,58.224,35
2024-12-12 13:05:00-05:00,58.2,58.24,58.15,58.23,4654.0,58.193,34
2024-12-12 13:10:00-05:00,58.23,58.24,58.17,58.18,4884.0,58.204,43
2024-12-12 13:15:00-05:00,58.17,58.17,58.1,58.14,8747.0,58.132,45
2024-12-12 13:20:00-05:00,58.12,58.27,58.11,58.27,13327.0,58.173,108
2024-12-12 13:25:00-05:00,58.27,58.29,58.09,58.09,15295.0,58.207,89
2024-12-12 13:30:00-05:00,58.11,58.14,58.08,58.11,9264.0,58.106,71
2024-12-12 13:35:00-05:00,58.12,58.15,58.1,58.15,4387.0,58.127,36
2024-12-12 13:40:00-05:00,58.15,58.16,58.03,58.05,12080.0,58.099,59
2024-12-12 13:45:00-05:00,58.05,58.14,58.03,58.14,7628.0,58.095,48
2024-12-12 13:50:00-05:00,58.14,58.2,58.14,58.17,8167.0,58.165,58
2024-12-12 13:55:00-05:00,58.17,58.21,58.15,58.19,10055.0,58.187,69
2024-12-12 14:00:00-05:00,58.18,58.33,58.18,58.28,13089.0,58.249,101
2024-12-12 14:05:00-05:00,58.3,58.34,58.27,58.27,10656.0,58.319,58
2024-12-12 14:10:00-05:00,58.29,58.33,58.29,58.29,11214.0,58.304,60
2024-12-12 14:15:00-05:00,58.27,58.33,58.12,58.2,15443.0,58.245,106
2024-12-12 14:20:00-05:00,58.17,58.18,58.09,58.15,13601.0,58.143,88
2024-12-12 14:25:00-05:00,58.15,58.24,58.13,58.14,9464.0,58.189,64
2024-12-12 14:30:00-05:00,58.13,58.15,58.06,58.06,7849.0,58.13,57
2024-12-12 14:35:00-05:00,58.06,58.19,57.96,58.19,17096.0,58.035,79
2024-12-12 14:40:00-05:00,58.2,58.21,58.12,58.21,17599.0,58.164,122
2024-12-12 14:45:00-05:00,58.22,58.39,58.2,58.37,21756.0,58.318,154
2024-12-12 14:50:00-05:00,58.39,58.42,58.33,58.34,18938.0,58.372,131
2024-12-12 14:55:00-05:00,58.31,58.39,58.28,58.37,21006.0,58.331,172
2024-12-12 15:00:00-05:00,58.38,58.44,58.35,58.37,30191.0,58.401,189
2024-12-12 15:05:00-05:00,58.36,58.46,58.34,58.46,18569.0,58.402,128
2024-12-12 15:10:00-05:00,58.46,58.56,58.46,58.5,33267.0,58.506,177
2024-12-12 15:15:00-05:00,58.51,58.52,58.45,58.47,33223.0,58.487,206
2024-12-12 15:20:00-05:00,58.47,58.51,58.42,58.48,33325.0,58.467,200
2024-12-12 15:25:00-05:00,58.47,58.47,58.33,58.33,38972.0,58.432,184
2024-12-12 15:30:00-05:00,58.32,58.36,58.17,58.27,80557.0,58.257,486
2024-12-12 15:35:00-05:00,58.28,58.35,58.19,58.27,51402.0,58.286,277
2024-12-12 15:40:00-05:00,58.28,58.31,58.12,58.25,71137.0,58.197,300
2024-12-12 15:45:00-05:00,58.26,58.26,58.14,58.19,43974.0,58.203,225
2024-12-12 15:50:00-05:00,58.18,58.21,58.11,58.17,48304.0,58.179,363
2024-12-12 15:55:00-05:00,58.18,58.2,57.96,57.99,148236.0,58.019,957
2024-12-13 09:30:00-05:00,57.72,58.04,57.62,58.04,30290.0,57.773,54
2024-12-13 09:35:00-05:00,57.97,58.2,57.88,58.2,11154.0,58.073,48
2024-12-13 09:40:00-05:00,58.11,58.2,58.0,58.05,13335.0,58.08,101
2024-12-13 09:45:00-05:00,58.04,58.16,57.96,58.04,14405.0,58.081,66
2024-12-13 09:50:00-05:00,58.01,58.08,57.94,58.0,16445.0,58.024,107
2024-12-13 09:55:00-05:00,58.0,58.02,57.85,57.87,16497.0,57.913,120
2024-12-13 10:00:00-05:00,57.88,58.0,57.83,57.96,14459.0,57.928,116
2024-12-13 10:05:00-05:00,57.96,57.96,57.75,57.78,15379.0,57.851,95
2024-12-13 10:10:00-05:00,57.76,57.9,57.76,57.86,20705.0,57.826,132
2024-12-13 10:15:00-05:00,57.83,58.02,57.83,58.01,9705.0,57.93,65
2024-12-13 10:20:00-05:00,58.0,58.0,57.88,57.91,7467.0,57.935,44
2024-12-13 10:25:00-05:00,57.93,58.06,57.86,57.91,11895.0,57.952,74
2024-12-13 10:30:00-05:00,57.9,57.94,57.85,57.85,5880.0,57.901,42
2024-12-13 10:35:00-05:00,57.86,57.89,57.81,57.87,5084.0,57.858,34
2024-12-13 10:40:00-05:00,57.89,57.93,57.85,57.85,5984.0,57.899,34
2024-12-13 10:45:00-05:00,57.89,58.1,57.89,58.02,11067.0,58.014,61
2024-12-13 10:50:00-05:00,58.05,58.11,58.02,58.09,2847.0,58.061,21
2024-12-13 10:55:00-05:00,58.1,58.11,58.03,58.09,5899.0,58.076,49
2024-12-13 11:00:00-05:00,58.09,58.1,57.95,57.97,14341.0,58.052,31
2024-12-13 11:05:00-05:00,57.97,58.08,57.94,58.06,8108.0,57.998,71
2024-12-13 11:10:00-05:00,58.03,58.05,57.96,57.98,3365.0,58.017,27
2024-12-13 11:15:00-05:00,57.98,58.04,57.96,57.96,2503.0,58.006,22
2024-12-13 11:20:00-05:00,57.91,57.98,57.91,57.97,9603.0,57.936,36
2024-12-13 11:25:00-05:00,57.98,57.99,57.9,57.98,4398.0,57.935,27
2024-12-13 11:30:00-05:00,57.98,58.05,57.96,58.01,4011.0,58.005,31
2024-12-13 11:35:00-05:00,58.0,58.0,57.92,57.92,1118.0,57.949,11
2024-12-13 11:40:00-05:00,57.95,57.99,57.93,57.98,2554.0,57.964,20
2024-12-13 11:45:00-05:00,57.95,57.95,57.92,57.93,890.0,57.942,8
2024-12-13 11:50:00-05:00,57.93,57.95,57.9,57.93,6998.0,57.926,32
2024-12-13 11:55:00-05:00,57.94,57.97,57.94,57.97,5876.0,57.956,43
2024-12-13 12:00:00-05:00,57.97,57.98,57.92,57.93,7796.0,57.946,47
2024-12-13 12:05:00-05:00,57.92,57.97,57.88,57.97,12644.0,57.928,66
2024-12-13 12:10:00-05:00,57.97,57.99,57.94,57.95,7966.0,57.961,58
2024-12-13 12:15:00-05:00,57.94,57.94,57.72,57.79,16962.0,57.825,88
2024-12-13 12:20:00-05:00,57.79,57.83,57.79,57.83,4155.0,57.806,27
2024-12-13 12:25:00-05:00,57.81,57.84,57.8,57.82,6892.0,57.819,47
2024-12-13 12:30:00-05:00,57.8,57.83,57.78,57.8,5633.0,57.817,21
2024-12-13 12:35:00-05:00,57.78,57.84,57.78,57.8,5440.0,57.82,30
2024-12-13 12:40:00-05:00,57.81,57.87,57.81,57.86,7895.0,57.849,41
2024-12-13 12:45:00-05:00,57.87,57.94,57.86,57.94,13536.0,57.89,74
2024-12-13 12:50:00-05:00,57.95,57.97,57.89,57.9,17818.0,57.921,69
2024-12-13 12:55:00-05:00,57.92,57.95,57.86,57.86,13947.0,57.921,64
2024-12-13 13:00:00-05:00,57.86,57.88,57.84,57.87,10061.0,57.871,64
2024-12-13 13:05:00-05:00,57.86,57.88,57.83,57.86,10843.0,57.855,49
2024-12-13 13:10:00-05:00,57.85,57.96,57.84,57.96,7792.0,57.898,48
2024-12-13 13:15:00-05:00,57.93,57.95,57.89,57.95,10305.0,57.915,57
2024-12-13 13:20:00-05:00,57.92,57.94,57.85,57.85,6401.0,57.888,43
2024-12-13 13:25:00-05:00,57.85,57.89,57.81,57.89,9839.0,57.853,60
2024-12-13 13:30:00-05:00,57.89,57.9,57.84,57.89,7197.0,57.883,33
2024-12-13 13:35:00-05:00,57.9,57.97,57.87,57.96,14535.0,57.912,94
2024-12-13 13:40:00-05:00,57.95,57.95,57.86,57.92,9326.0,57.907,65
2024-12-13 13:45:00-05:00,57.9,57.97,57.9,57.97,6140.0,57.944,46
2024-12-13 13:50:00-05:00,57.97,57.98,57.93,57.94,10388.0,57.962,62
2024-12-13 13:55:00-05:00,57.93,57.95,57.91,57.94,6091.0,57.934,47
2024-12-13 14:00:00-05:00,57.94,58.04,57.94,58.01,15661.0,57.98,40
2024-12-13 14:05:00-05:00,58.01,58.04,57.98,58.01,9795.0,58.007,60
2024-12-13 14:10:00-05:00,58.01,58.04,57.99,58.0,6864.0,58.013,43
2024-12-13 14:15:00-05:00,58.01,58.04,58.0,58.02,8309.0,58.027,40
2024-12-13 14:20:00-05:00,58.02,58.03,57.99,58.03,11506.0,58.008,55
2024-12-13 14:25:00-05:00,58.03,58.05,58.02,58.03,8543.0,58.031,47
2024-12-13 14:30:00-05:00,58.04,58.06,58.02,58.03,17118.0,58.038,99
2024-12-13 14:35:00-05:00,58.03,58.1,57.99,58.08,28593.0,58.032,112
2024-12-13 14:40:00-05:00,58.08,58.16,58.07,58.15,9454.0,58.128,72
2024-12-13 14:45:00-05:00,58.15,58.21,58.14,58.18,15977.0,58.17,102
2024-12-13 14:50:00-05:00,58.18,58.27,58.18,58.26,12202.0,58.237,72
2024-12-13 14:55:00-05:00,58.26,58.27,58.2,58.27,16958.0,58.233,129
2024-12-13 15:00:00-05:00,58.26,58.35,58.22,58.3,21387.0,58.292,127
2024-12-13 15:05:00-05:00,58.31,58.34,58.29,58.29,12151.0,58.317,86
2024-12-13 15:10:00-05:00,58.3,58.31,58.25,58.3,12365.0,58.285,99
2024-12-13 15:15:00-05:00,58.29,58.37,58.29,58.35,8533.0,58.345,61
2024-12-13 15:20:00-05:00,58.35,58.37,58.31,58.34,18896.0,58.337,129
2024-12-13 15:25:00-05:00,58.35,58.36,58.32,58.33,19567.0,58.341,127
2024-12-13 15:30:00-05:00,58.33,58.35,58.31,58.33,28354.0,58.333,133
2024-12-13 15:35:00-05:00,58.32,58.35,58.21,58.32,50306.0,58.29,167
2024-12-13 15:40:00-05:00,58.32,58.35,58.29,58.33,16176.0,58.33,102
2024-12-13 15:45:00-05:00,58.33,58.36,58.27,58.33,16639.0,58.308,128
2024-12-13 15:50:00-05:00,58.34,58.37,58.27,58.28,25395.0,58.315,199
2024-12-13 15:55:00-05:00,58.27,58.33,58.23,58.25,80801.0,58.278,508
2024-12-16 09:30:00-05:00,58.26,58.76,58.02,58.58,52736.0,58.368,105
2024-12-16 09:35:00-05:00,58.58,58.58,58.38,58.47,10841.0,58.48,88
2024-12-16 09:40:00-05:00,58.43,58.73,58.41,58.72,10586.0,58.574,93
2024-12-16 09:45:00-05:00,58.67,58.68,58.48,58.52,20246.0,58.569,106
2024-12-16 09:50:00-05:00,58.51,58.76,58.49,58.67,21797.0,58.578,127
2024-12-16 09:55:00-05:00,58.66,58.8,58.63,58.8,5336.0,58.733,45
2024-12-16 10:00:00-05:00,58.84,58.95,58.81,58.83,14784.0,58.889,101
2024-12-16 10:05:00-05:00,58.81,58.93,58.77,58.83,8862.0,58.844,68
2024-12-16 10:10:00-05:00,58.79,58.81,58.64,58.76,25031.0,58.7,121
2024-12-16 10:15:00-05:00,58.77,58.81,58.7,58.81,8056.0,58.741,67
2024-12-16 10:20:00-05:00,58.85,58.85,58.64,58.64,7727.0,58.743,69
2024-12-16 10:25:00-05:00,58.63,58.85,58.61,58.78,20206.0,58.722,156
2024-12-16 10:30:00-05:00,58.73,58.81,58.71,58.76,8401.0,58.752,55
2024-12-16 10:35:00-05:00,58.75,58.75,58.57,58.62,10087.0,58.645,68
2024-12-16 10:40:00-05:00,58.66,58.66,58.58,58.6,4531.0,58.628,32
2024-12-16 10:45:00-05:00,58.62,58.62,58.53,58.58,13835.0,58.58,68
2024-12-16 10:50:00-05:00,58.6,58.63,58.57,58.6,7579.0,58.606,50
2024-12-16 10:55:00-05:00,58.62,58.69,58.57,58.64,9814.0,58.635,76
2024-12-16 11:00:00-05:00,58.64,58.72,58.54,58.66,24355.0,58.604,136
2024-12-16 11:05:00-05:00,58.69,58.73,58.65,58.67,3792.0,58.691,28
2024-12-16 11:10:00-05:00,58.68,58.7,58.62,58.66,7823.0,58.664,58
2024-12-16 11:15:00-05:00,58.66,58.66,58.58,58.59,5608.0,58.609,47
2024-12-16 11:20:00-05:00,58.6,58.65,58.58,58.63,9915.0,58.614,60
2024-12-16 11:25:00-05:00,58.61,58.64,58.55,58.56,26297.0,58.605,143
2024-12-16 11:30:00-05:00,58.56,58.59,58.56,58.57,5088.0,58.573,45
2024-12-16 11:35:00-05:00,58.58,58.69,58.53,58.67,33401.0,58.607,189
2024-12-16 11:40:00-05:00,58.68,58.71,58.67,58.7,3800.0,58.693,30
2024-12-16 11:45:00-05:00,58.71,58.73,58.67,58.68,3601.0,58.703,27
2024-12-16 11:50:00-05:00,58.67,58.74,58.63,58.67,8226.0,58.679,60
2024-12-16 11:55:00-05:00,58.68,58.69,58.64,58.66,5624.0,58.672,39
2024-12-16 12:00:00-05:00,58.65,58.73,58.62,58.69,9088.0,58.683,67
2024-12-16 12:05:00-05:00,58.69,58.74,58.66,58.72,4065.0,58.708,38
2024-12-16 12:10:00-05:00,58.74,58.74,58.7,58.72,3992.0,58.725,37
2024-12-16 12:15:00-05:00,58.72,58.72,58.57,58.64,15564.0,58.646,103
2024-12-16 12:20:00-05:00,58.64,58.64,58.6,58.62,4562.0,58.627,32
2024-12-16 12:25:00-05:00,58.62,58.68,58.6,58.62,7812.0,58.627,64
2024-12-16 12:30:00-05:00,58.61,58.62,58.44,58.57,20412.0,58.537,148
2024-12-16 12:35:00-05:00,58.57,58.57,58.47,58.47,6862.0,58.507,46
2024-12-16 12:40:00-05:00,58.48,58.54,58.48,58.5,6348.0,58.516,48
2024-12-16 12:45:00-05:00,58.5,58.5,58.43,58.43,6406.0,58.453,52
2024-12-16 12:50:00-05:00,58.46,58.49,58.4,58.44,3710.0,58.444,34
2024-12-16 12:55:00-05:00,58.42,58.45,58.32,58.38,11648.0,58.373,74
2024-12-16 13:00:00-05:00,58.36,58.46,58.36,58.46,8495.0,58.407,50
2024-12-16 13:05:00-05:00,58.46,58.46,58.33,58.38,5896.0,58.383,41
2024-12-16 13:10:00-05:00,58.39,58.4,58.29,58.29,4224.0,58.361,31
2024-12-16 13:15:00-05:00,58.29,58.33,58.27,58.3,5607.0,58.296,45
2024-12-16 13:20:00-05:00,58.3,58.31,58.21,58.22,4975.0,58.25,38
2024-12-16 13:25:00-05:00,58.23,58.37,58.22,58.33,16596.0,58.314,102
2024-12-16 13:30:00-05:00,58.34,58.34,58.26,58.27,9091.0,58.29,84
2024-12-16 13:35:00-05:00,58.27,58.32,58.25,58.3,10012.0,58.282,90
2024-12-16 13:40:00-05:00,58.32,58.36,58.29,58.34,8012.0,58.322,68
2024-12-16 13:45:00-05:00,58.34,58.35,58.3,58.34,4765.0,58.324,43
2024-12-16 13:50:00-05:00,58.35,58.37,58.29,58.32,8687.0,58.343,71
2024-12-16 13:55:00-05:00,58.32,58.32,58.23,58.25,12580.0,58.274,60
2024-12-16 14:00:00-05:00,58.25,58.28,58.19,58.2,11615.0,58.243,80
2024-12-16 14:05:00-05:00,58.2,58.2,58.09,58.1,13436.0,58.165,67
2024-12-16 14:10:00-05:00,58.09,58.1,58.06,58.07,5100.0,58.079,39
2024-12-16 14:15:00-05:00,58.08,58.08,58.02,58.04,7396.0,58.05,62
2024-12-16 14:20:00-05:00,58.03,58.05,57.97,57.97,6580.0,58.022,52
2024-12-16 14:25:00-05:00,57.97,57.97,57.87,57.87,9857.0,57.92,71
2024-12-16 14:30:00-05:00,57.88,57.9,57.79,57.8,8091.0,57.849,75
2024-12-16 14:35:00-05:00,57.8,57.8,57.74,57.78,7992.0,57.771,68
2024-12-16 14:40:00-05:00,57.78,57.79,57.72,57.75,11197.0,57.753,90
2024-12-16 14:45:00-05:00,57.76,57.87,57.74,57.87,18647.0,57.778,139
2024-12-16 14:50:00-05:00,57.87,57.9,57.8,57.87,14848.0,57.842,116
2024-12-16 14:55:00-05:00,57.88,57.9,57.84,57.87,8706.0,57.864,67
2024-12-16 15:00:00-05:00,57.88,57.9,57.82,57.82,14308.0,57.87,80
2024-12-16 15:05:00-05:00,57.82,57.83,57.76,57.8,12171.0,57.791,90
2024-12-16 15:10:00-05:00,57.8,57.89,57.79,57.84,19416.0,57.832,121
2024-12-16 15:15:00-05:00,57.84,57.85,57.7,57.76,26744.0,57.779,181
2024-12-16 15:20:00-05:00,57.76,57.79,57.72,57.72,17537.0,57.749,98
2024-12-16 15:25:00-05:00,57.72,57.75,57.71,57.72,34220.0,57.728,212
2024-12-16 15:30:00-05:00,57.72,57.85,57.69,57.85,25598.0,57.732,191
2024-12-16 15:35:00-05:00,57.86,57.89,57.76,57.79,12923.0,57.836,90
2024-12-16 15:40:00-05:00,57.78,57.79,57.74,57.78,12541.0,57.767,105
2024-12-16 15:45:00-05:00,57.78,57.81,57.75,57.78,17632.0,57.775,143
2024-12-16 15:50:00-05:00,57.77,57.87,57.75,57.86,36755.0,57.803,287
2024-12-16 15:55:00-05:00,57.85,57.86,57.76,57.83,134345.0,57.798,783
2024-12-17 09:30:00-05:00,57.34,57.84,57.34,57.82,18655.0,57.451,60
2024-12-17 09:35:00-05:00,57.85,57.95,57.78,57.89,6052.0,57.897,48
2024-12-17 09:40:00-05:00,57.93,58.07,57.81,57.9,7503.0,57.946,62
2024-12-17 09:45:00-05:00,57.9,57.97,57.82,57.91,12107.0,57.887,71
2024-12-17 09:50:00-05:00,57.9,57.91,57.76,57.89,7888.0,57.842,58
2024-12-17 09:55:00-05:00,57.91,57.93,57.81,57.9,5257.0,57.878,40
2024-12-17 10:00:00-05:00,57.92,57.92,57.76,57.88,6155.0,57.847,46
2024-12-17 10:05:00-05:00,57.87,57.87,57.67,57.8,5310.0,57.756,41
2024-12-17 10:10:00-05:00,57.8,57.94,57.76,57.86,6638.0,57.866,59
2024-12-17 10:15:00-05:00,57.88,58.1,57.87,58.08,7421.0,57.976,60
2024-12-17 10:20:00-05:00,58.07,58.14,57.93,57.96,9038.0,58.041,73
2024-12-17 10:25:00-05:00,57.95,57.96,57.88,57.9,7231.0,57.921,56
2024-12-17 10:30:00-05:00,57.83,57.88,57.75,57.83,6790.0,57.836,50
2024-12-17 10:35:00-05:00,57.83,57.85,57.78,57.81,7379.0,57.82,50
2024-12-17 10:40:00-05:00,57.83,57.95,57.77,57.9,9211.0,57.878,54
2024-12-17 10:45:00-05:00,57.92,57.95,57.8,57.81,3905.0,57.876,32
2024-12-17 10:50:00-05:00,57.81,57.83,57.67,57.67,61827.0,57.771,235
2024-12-17 10:55:00-05:00,57.7,57.74,57.69,57.73,6725.0,57.712,43
2024-12-17 11:00:00-05:00,57.74,57.75,57.59,57.64,15426.0,57.678,126
2024-12-17 11:05:00-05:00,57.65,57.77,57.61,57.64,21233.0,57.722,181
2024-12-17 11:10:00-05:00,57.63,57.63,57.51,57.51,5873.0,57.583,45
2024-12-17 11:15:00-05:00,57.54,57.61,57.44,57.58,7194.0,57.533,56
2024-12-17 11:20:00-05:00,57.61,57.63,57.46,57.52,7685.0,57.55,53
2024-12-17 11:25:00-05:00,57.51,57.51,57.38,57.46,11349.0,57.452,94
2024-12-17 11:30:00-05:00,57.43,57.6,57.32,57.59,17872.0,57.459,138
2024-12-17 11:35:00-05:00,57.61,57.63,57.5,57.6,11464.0,57.57,72
2024-12-17 11:40:00-05:00,57.58,57.65,57.55,57.61,6959.0,57.602,58
2024-12-17 11:45:00-05:00,57.62,57.76,57.62,57.76,4534.0,57.686,37
2024-12-17 11:50:00-05:00,57.76,57.83,57.68,57.8,35033.0,57.716,90
2024-12-17 11:55:00-05:00,57.81,57.86,57.78,57.83,5697.0,57.827,46
2024-12-17 12:00:00-05:00,57.84,57.92,57.83,57.86,7644.0,57.878,53
2024-12-17 12:05:00-05:00,57.89,57.89,57.73,57.73,8814.0,57.768,36
2024-12-17 12:10:00-05:00,57.75,57.77,57.72,57.73,3653.0,57.745,27
2024-12-17 12:15:00-05:00,57.73,57.79,57.72,57.78,6319.0,57.761,50
2024-12-17 12:20:00-05:00,57.78,57.79,57.77,57.79,4928.0,57.784,28
2024-12-17 12:25:00-05:00,57.82,57.85,57.76,57.77,6132.0,57.814,47
2024-12-17 12:30:00-05:00,57.76,57.78,57.74,57.77,5758.0,57.762,38
2024-12-17 12:35:00-05:00,57.76,57.77,57.68,57.7,9019.0,57.724,59
2024-12-17 12:40:00-05:00,57.7,57.75,57.7,57.74,3640.0,57.733,33
2024-12-17 12:45:00-05:00,57.75,57.77,57.73,57.75,6580.0,57.75,44
2024-12-17 12:50:00-05:00,57.75,57.76,57.73,57.74,4044.0,57.743,31
2024-12-17 12:55:00-05:00,57.75,57.78,57.73,57.78,7153.0,57.756,45
2024-12-17 13:00:00-05:00,57.79,57.8,57.74,57.74,5883.0,57.773,29
2024-12-17 13:05:00-05:00,57.74,57.75,57.68,57.68,10342.0,57.72,72
2024-12-17 13:10:00-05:00,57.69,57.76,57.69,57.75,6118.0,57.713,42
2024-12-17 13:15:00-05:00,57.76,57.83,57.75,57.83,7180.0,57.783,47
2024-12-17 13:20:00-05:00,57.83,57.84,57.79,57.8,5183.0,57.824,37
2024-12-17 13:25:00-05:00,57.8,57.84,57.8,57.83,5428.0,57.831,34
2024-12-17 13:30:00-05:00,57.84,57.86,57.8,57.8,9125.0,57.826,59
2024-12-17 13:35:00-05:00,57.81,57.84,57.78,57.8,6264.0,57.82,46
2024-12-17 13:40:00-05:00,57.8,57.84,57.79,57.83,5868.0,57.818,42
2024-12-17 13:45:00-05:00,57.86,57.87,57.85,57.85,4736.0,57.861,34
2024-12-17 13:50:00-05:00,57.85,57.85,57.78,57.83,5291.0,57.804,38
2024-12-17 13:55:00-05:00,57.84,57.88,57.82,57.84,9625.0,57.851,61
2024-12-17 14:00:00-05:00,57.84,57.84,57.74,57.74,4939.0,57.791,40
2024-12-17 14:05:00-05:00,57.76,57.88,57.76,57.84,6108.0,57.831,44
2024-12-17 14:10:00-05:00,57.85,57.85,57.81,57.83,3364.0,57.824,27
2024-12-17 14:15:00-05:00,57.84,57.84,57.79,57.8,3004.0,57.822,20
2024-12-17 14:20:00-05:00,57.8,57.85,57.8,57.85,6480.0,57.822,46
2024-12-17 14:25:00-05:00,57.85,57.86,57.84,57.84,8411.0,57.851,57
2024-12-17 14:30:00-05:00,57.84,57.85,57.8,57.8,6246.0,57.828,37
2024-12-17 14:35:00-05:00,57.8,57.84,57.8,57.84,6791.0,57.817,50
2024-12-17 14:40:00-05:00,57.84,57.84,57.8,57.8,4080.0,57.819,35
2024-12-17 14:45:00-05:00,57.8,57.8,57.77,57.77,9591.0,57.781,69
2024-12-17 14:50:00-05:00,57.77,57.79,57.74,57.78,5162.0,57.762,44
2024-12-17 14:55:00-05:00,57.78,57.84,57.77,57.84,8580.0,57.812,63
2024-12-17 15:00:00-05:00,57.83,57.84,57.76,57.79,9502.0,57.797,62
2024-12-17 15:05:00-05:00,57.78,57.82,57.73,57.78,16663.0,57.775,95
2024-12-17 15:10:00-05:00,57.77,57.78,57.71,57.73,15081.0,57.747,99
2024-12-17 15:15:00-05:00,57.73,57.78,57.72,57.73,13421.0,57.745,109
2024-12-17 15:20:00-05:00,57.73,57.8,57.72,57.79,11388.0,57.773,85
2024-12-17 15:25:00-05:00,57.78,57.78,57.74,57.75,11078.0,57.759,62
2024-12-17 15:30:00-05:00,57.74,57.82,57.73,57.81,11999.0,57.76,64
2024-12-17 15:35:00-05:00,57.8,57.85,57.79,57.79,11349.0,57.825,92
2024-12-17 15:40:00-05:00,57.79,57.82,57.79,57.79,5283.0,57.799,36
2024-12-17 15:45:00-05:00,57.81,57.9,57.79,57.9,15233.0,57.834,122
2024-12-17 15:50:00-05:00,57.89,57.96,57.84,57.84,21681.0,57.927,154
2024-12-17 15:55:00-05:00,57.85,57.88,57.74,57.76,131194.0,57.798,650
2024-12-18 09:30:00-05:00,57.39,57.87,57.32,57.87,29388.0,57.478,78
2024-12-18 09:35:00-05:00,57.91,57.94,57.63,57.72,10048.0,57.78,86
2024-12-18 09:40:00-05:00,57.71,57.75,57.59,57.63,8321.0,57.676,75
2024-12-18 09:45:00-05:00,57.63,57.85,57.62,57.77,16170.0,57.755,110
2024-12-18 09:50:00-05:00,57.81,57.89,57.78,57.79,4833.0,57.835,44
2024-12-18 09:55:00-05:00,57.77,57.86,57.71,57.82,4989.0,57.804,35
2024-12-18 10:00:00-05:00,57.85,57.89,57.78,57.83,8835.0,57.837,55
2024-12-18 10:05:00-05:00,57.8,57.8,57.59,57.66,9161.0,57.705,61
2024-12-18 10:10:00-05:00,57.66,57.69,57.58,57.58,3889.0,57.652,31
2024-12-18 10:15:00-05:00,57.58,57.69,57.56,57.63,10158.0,57.616,57
2024-12-18 10:20:00-05:00,57.63,57.66,57.59,57.65,5571.0,57.636,41
2024-12-18 10:25:00-05:00,57.64,57.69,57.61,57.68,6813.0,57.659,44
2024-12-18 10:30:00-05:00,57.67,57.76,57.64,57.76,5132.0,57.713,39
2024-12-18 10:35:00-05:00,57.76,57.76,57.63,57.63,2371.0,57.713,19
2024-12-18 10:40:00-05:00,57.65,57.67,57.61,57.64,6750.0,57.647,50
2024-12-18 10:45:00-05:00,57.65,57.65,57.56,57.6,12174.0,57.61,79
2024-12-18 10:50:00-05:00,57.6,57.71,57.6,57.69,8727.0,57.664,52
2024-12-18 10:55:00-05:00,57.7,57.71,57.66,57.67,4397.0,57.688,30
2024-12-18 11:00:00-05:00,57.69,57.72,57.65,57.65,4024.0,57.7,30
2024-12-18 11:05:00-05:00,57.65,57.67,57.62,57.65,6061.0,57.645,43
2024-12-18 11:10:00-05:00,57.64,57.71,57.62,57.71,6277.0,57.666,52
2024-12-18 11:15:00-05:00,57.72,57.72,57.6,57.65,3342.0,57.654,29
2024-12-18 11:20:00-05:00,57.65,57.66,57.6,57.6,2152.0,57.626,19
2024-12-18 11:25:00-05:00,57.61,57.7,57.58,57.63,8473.0,57.657,56
2024-12-18 11:30:00-05:00,57.63,57.65,57.48,57.53,17595.0,57.562,52
2024-12-18 11:35:00-05:00,57.56,57.59,57.41,57.44,9521.0,57.509,54
2024-12-18 11:40:00-05:00,57.44,57.44,57.37,57.37,2691.0,57.409,24
2024-12-18 11:45:00-05:00,57.36,57.55,57.33,57.47,18876.0,57.432,86
2024-12-18 11:50:00-05:00,57.53,57.65,57.52,57.64,5743.0,57.601,47
2024-12-18 11:55:00-05:00,57.63,57.64,57.59,57.59,4535.0,57.618,28
2024-12-18 12:00:00-05:00,57.59,57.61,57.54,57.59,5850.0,57.59,40
2024-12-18 12:05:00-05:00,57.6,57.61,57.54,57.6,3685.0,57.582,27
2024-12-18 12:10:00-05:00,57.6,57.68,57.6,57.66,4535.0,57.628,36
2024-12-18 12:15:00-05:00,57.66,57.72,57.66,57.71,1464.0,57.685,12
2024-12-18 12:20:00-05:00,57.7,57.79,57.69,57.74,3266.0,57.75,25
2024-12-18 12:25:00-05:00,57.74,57.76,57.73,57.73,2506.0,57.741,21
2024-12-18 12:30:00-05:00,57.73,57.76,57.71,57.76,2941.0,57.735,23
2024-12-18 12:35:00-05:00,57.77,57.78,57.76,57.78,3124.0,57.771,23
2024-12-18 12:40:00-05:00,57.75,57.77,57.72,57.72,2898.0,57.751,22
2024-12-18 12:45:00-05:00,57.71,57.71,57.65,57.67,3803.0,57.674,30
2024-12-18 12:50:00-05:00,57.66,57.67,57.62,57.67,4491.0,57.65,34
2024-12-18 12:55:00-05:00,57.67,57.69,57.63,57.65,4131.0,57.669,27
2024-12-18 13:00:00-05:00,57.64,57.64,57.58,57.58,2490.0,57.616,21
2024-12-18 13:05:00-05:00,57.58,57.59,57.51,57.56,4388.0,57.557,31
2024-12-18 13:10:00-05:00,57.56,57.56,57.51,57.52,4411.0,57.537,35
2024-12-18 13:15:00-05:00,57.54,57.56,57.48,57.48,3417.0,57.537,28
2024-12-18 13:20:00-05:00,57.49,57.51,57.43,57.45,8255.0,57.471,32
2024-12-18 13:25:00-05:00,57.47,57.47,57.39,57.39,4068.0,57.433,35
2024-12-18 13:30:00-05:00,57.39,57.43,57.39,57.41,4124.0,57.416,32
2024-12-18 13:35:00-05:00,57.42,57.43,57.38,57.4,6755.0,57.408,33
2024-12-18 13:40:00-05:00,57.4,57.42,57.34,57.35,3990.0,57.392,28
2024-12-18 13:45:00-05:00,57.35,57.36,57.33,57.33,5528.0,57.345,43
2024-12-18 13:50:00-05:00,57.33,57.33,57.06,57.17,25487.0,57.157,224
2024-12-18 13:55:00-05:00,57.17,57.23,57.07,57.09,12025.0,57.135,92
2024-12-18 14:00:00-05:00,57.05,57.1,56.86,56.87,8812.0,56.973,72
2024-12-18 14:05:00-05:00,56.87,56.91,56.78,56.8,8717.0,56.829,43
2024-12-18 14:10:00-05:00,56.8,56.81,56.69,56.7,7846.0,56.734,60
2024-12-18 14:15:00-05:00,56.7,56.75,56.61,56.72,5749.0,56.693,44
2024-12-18 14:20:00-05:00,56.76,56.83,56.72,56.79,8210.0,56.776,58
2024-12-18 14:25:00-05:00,56.79,56.84,56.75,56.76,15318.0,56.807,84
2024-12-18 14:30:00-05:00,56.77,56.99,56.76,56.9,20762.0,56.86,144
2024-12-18 14:35:00-05:00,56.93,56.93,56.72,56.72,6706.0,56.816,56
2024-12-18 14:40:00-05:00,56.77,56.8,56.67,56.7,12319.0,56.729,93
2024-12-18 14:45:00-05:00,56.67,56.74,56.45,56.46,36835.0,56.631,224
2024-12-18 14:50:00-05:00,56.45,56.51,56.34,56.45,14105.0,56.407,95
2024-12-18 14:55:00-05:00,56.45,56.45,56.16,56.18,15203.0,56.336,95
2024-12-18 15:00:00-05:00,56.16,56.26,56.11,56.2,11392.0,56.178,81
2024-12-18 15:05:00-05:00,56.16,56.43,56.13,56.34,53381.0,56.3,334
2024-12-18 15:10:00-05:00,56.4,56.44,56.3,56.3,17645.0,56.365,146
2024-12-18 15:15:00-05:00,56.32,56.33,56.13,56.23,12153.0,56.228,97
2024-12-18 15:20:00-05:00,56.23,56.33,56.2,56.23,9841.0,56.26,87
2024-12-18 15:25:00-05:00,56.23,56.24,56.08,56.12,11855.0,56.148,83
2024-12-18 15:30:00-05:00,56.15,56.21,56.11,56.17,18348.0,56.167,118
2024-12-18 15:35:00-05:00,56.12,56.12,55.95,55.97,12915.0,56.072,112
2024-12-18 15:40:00-05:00,55.97,56.0,55.75,55.77,24150.0,55.908,179
2024-12-18 15:45:00-05:00,55.78,55.85,55.63,55.81,29447.0,55.739,221
2024-12-18 15:50:00-05:00,55.79,55.83,55.71,55.73,32022.0,55.761,251
2024-12-18 15:55:00-05:00,55.75,55.75,55.52,55.6,150921.0,55.617,859
2024-12-19 09:30:00-05:00,55.5,56.51,55.14,56.47,36177.0,55.712,138
2024-12-19 09:35:00-05:00,56.47,56.51,56.16,56.24,13449.0,56.333,110
2024-12-19 09:40:00-05:00,56.24,56.24,55.87,55.9,7677.0,56.032,64
2024-12-19 09:45:00-05:00,55.91,56.03,55.85,56.03,14167.0,55.945,82
2024-12-19 09:50:00-05:00,56.06,56.09,55.97,55.99,10191.0,56.028,72
2024-12-19 09:55:00-05:00,56.02,56.05,55.96,56.04,7075.0,56.006,53
2024-12-19 10:00:00-05:00,55.98,55.99,55.87,55.99,10078.0,55.937,73
2024-12-19 10:05:00-05:00,56.0,56.02,55.9,55.92,7303.0,55.957,60
2024-12-19 10:10:00-05:00,55.95,55.95,55.76,55.76,7066.0,55.848,63
2024-12-19 10:15:00-05:00,55.78,55.86,55.76,55.8,6573.0,55.801,47
2024-12-19 10:20:00-05:00,55.8,55.8,55.73,55.74,4578.0,55.758,33
2024-12-19 10:25:00-05:00,55.69,55.76,55.67,55.72,10130.0,55.719,80
2024-12-19 10:30:00-05:00,55.72,55.8,55.68,55.72,11591.0,55.734,55
2024-12-19 10:35:00-05:00,55.72,55.87,55.7,55.86,13215.0,55.782,88
2024-12-19 10:40:00-05:00,55.84,55.99,55.78,55.96,9654.0,55.9,79
2024-12-19 10:45:00-05:00,55.94,55.94,55.82,55.91,7371.0,55.872,66
2024-12-19 10:50:00-05:00,55.91,55.95,55.81,55.84,11505.0,55.873,88
2024-12-19 10:55:00-05:00,55.84,55.84,55.71,55.74,9383.0,55.761,69
2024-12-19 11:00:00-05:00,55.74,55.8,55.68,55.71,12165.0,55.732,87
2024-12-19 11:05:00-05:00,55.71,55.73,55.63,55.67,17359.0,55.691,92
2024-12-19 11:10:00-05:00,55.67,55.67,55.53,55.53,6612.0,55.61,41
2024-12-19 11:15:00-05:00,55.57,55.65,55.47,55.64,11578.0,55.582,83
2024-12-19 11:20:00-05:00,55.64,55.75,55.59,55.75,12382.0,55.671,98
2024-12-19 11:25:00-05:00,55.74,55.75,55.69,55.7,7459.0,55.718,52
2024-12-19 11:30:00-05:00,55.7,55.74,55.65,55.66,10904.0,55.697,61
2024-12-19 11:35:00-05:00,55.66,55.67,55.61,55.61,8534.0,55.637,62
2024-12-19 11:40:00-05:00,55.62,55.64,55.56,55.63,7687.0,55.602,60
2024-12-19 11:45:00-05:00,55.63,55.68,55.61,55.63,10851.0,55.652,74
2024-12-19 11:50:00-05:00,55.64,55.72,55.61,55.72,10594.0,55.654,68
2024-12-19 11:55:00-05:00,55.73,55.73,55.67,55.67,7343.0,55.7,43
2024-12-19 12:00:00-05:00,55.68,55.8,55.63,55.77,8823.0,55.694,66
2024-12-19 12:05:00-05:00,55.77,55.77,55.69,55.7,7505.0,55.729,42
2024-12-19 12:10:00-05:00,55.7,55.71,55.63,55.66,8820.0,55.671,50
2024-12-19 12:15:00-05:00,55.67,55.76,55.67,55.75,9280.0,55.701,57
2024-12-19 12:20:00-05:00,55.76,55.76,55.71,55.76,7941.0,55.734,54
2024-12-19 12:25:00-05:00,55.76,55.78,55.71,55.73,7057.0,55.736,56
2024-12-19 12:30:00-05:00,55.74,55.74,55.67,55.71,13321.0,55.715,98
2024-12-19 12:35:00-05:00,55.74,55.76,55.72,55.73,7977.0,55.734,56
2024-12-19 12:40:00-05:00,55.73,55.74,55.62,55.62,8741.0,55.691,61
2024-12-19 12:45:00-05:00,55.63,55.67,55.58,55.58,15105.0,55.625,87
2024-12-19 12:50:00-05:00,55.58,55.61,55.55,55.57,11135.0,55.595,79
2024-12-19 12:55:00-05:00,55.57,55.63,55.55,55.55,7833.0,55.59,59
2024-12-19 13:00:00-05:00,55.57,55.57,55.5,55.52,8607.0,55.529,54
2024-12-19 13:05:00-05:00,55.52,55.56,55.51,55.56,6785.0,55.54,47
2024-12-19 13:10:00-05:00,55.59,55.67,55.57,55.66,6919.0,55.617,52
2024-12-19 13:15:00-05:00,55.66,55.69,55.62,55.63,7888.0,55.663,63
2024-12-19 13:20:00-05:00,55.63,55.66,55.6,55.65,9047.0,55.629,68
2024-12-19 13:25:00-05:00,55.65,55.72,55.64,55.71,8061.0,55.672,46
2024-12-19 13:30:00-05:00,55.72,55.75,55.69,55.72,11459.0,55.722,87
2024-12-19 13:35:00-05:00,55.72,55.75,55.68,55.7,9331.0,55.718,57
2024-12-19 13:40:00-05:00,55.7,55.75,55.7,55.71,6264.0,55.72,51
2024-12-19 13:45:00-05:00,55.71,55.75,55.71,55.74,7838.0,55.731,55
2024-12-19 13:50:00-05:00,55.74,55.74,55.6,55.61,10941.0,55.688,72
2024-12-19 13:55:00-05:00,55.6,55.78,55.6,55.77,14503.0,55.696,91
2024-12-19 14:00:00-05:00,55.76,55.83,55.72,55.8,18987.0,55.754,69
2024-12-19 14:05:00-05:00,55.81,55.84,55.74,55.74,4512.0,55.8,35
2024-12-19 14:10:00-05:00,55.73,55.74,55.69,55.7,7538.0,55.71,55
2024-12-19 14:15:00-05:00,55.72,55.81,55.72,55.8,7223.0,55.756,42
2024-12-19 14:20:00-05:00,55.79,55.86,55.78,55.84,5809.0,55.814,43
2024-12-19 14:25:00-05:00,55.83,55.83,55.72,55.73,5832.0,55.769,51
2024-12-19 14:30:00-05:00,55.74,55.76,55.7,55.73,15752.0,55.733,112
2024-12-19 14:35:00-05:00,55.74,55.75,55.71,55.73,8138.0,55.734,51
2024-12-19 14:40:00-05:00,55.73,55.75,55.7,55.72,14782.0,55.731,74
2024-12-19 14:45:00-05:00,55.72,55.77,55.71,55.71,13135.0,55.734,83
2024-12-19 14:50:00-05:00,55.75,55.83,55.75,55.77,18578.0,55.777,54
2024-12-19 14:55:00-05:00,55.77,55.78,55.64,55.66,20443.0,55.68,128
2024-12-19 15:00:00-05:00,55.66,55.68,55.58,55.59,25038.0,55.654,145
2024-12-19 15:05:00-05:00,55.58,55.6,55.53,55.55,11584.0,55.563,94
2024-12-19 15:10:00-05:00,55.55,55.61,55.52,55.61,16314.0,55.561,107
2024-12-19 15:15:00-05:00,55.6,55.65,55.58,55.62,17259.0,55.621,116
2024-12-19 15:20:00-05:00,55.61,55.64,55.6,55.62,13561.0,55.621,90
2024-12-19 15:25:00-05:00,55.62,55.67,55.6,55.61,16805.0,55.629,107
2024-12-19 15:30:00-05:00,55.61,55.63,55.56,55.61,15692.0,55.592,112
2024-12-19 15:35:00-05:00,55.61,55.61,55.53,55.57,22143.0,55.561,180
2024-12-19 15:40:00-05:00,55.57,55.64,55.56,55.63,15457.0,55.6,128
2024-12-19 15:45:00-05:00,55.62,55.62,55.5,55.55,23058.0,55.533,174
2024-12-19 15:50:00-05:00,55.54,55.58,55.41,55.41,46104.0,55.481,280
2024-12-19 15:55:00-05:00,55.41,55.44,55.33,55.35,182392.0,55.378,1016
2024-12-20 09:30:00-05:00,55.24,55.77,55.06,55.7,348188.0,55.251,73
2024-12-20 09:35:00-05:00,55.84,55.87,55.73,55.83,3104.0,55.834,13
2024-12-20 09:40:00-05:00,55.83,55.83,55.65,55.78,16367.0,55.732,81
2024-12-20 09:45:00-05:00,55.84,55.85,55.65,55.8,15941.0,55.732,94
2024-12-20 09:50:00-05:00,55.82,55.97,55.79,55.97,11396.0,55.872,102
2024-12-20 09:55:00-05:00,55.97,55.99,55.74,55.77,9274.0,55.904,62
2024-12-20 10:00:00-05:00,55.81,55.92,55.75,55.8,10808.0,55.839,68
2024-12-20 10:05:00-05:00,55.85,55.91,55.67,55.69,7581.0,55.795,55
2024-12-20 10:10:00-05:00,55.69,55.94,55.65,55.91,10431.0,55.8,73
2024-12-20 10:15:00-05:00,55.91,55.92,55.79,55.79,7175.0,55.888,56
2024-12-20 10:20:00-05:00,55.8,55.89,55.74,55.89,14055.0,55.816,104
2024-12-20 10:25:00-05:00,55.88,55.99,55.84,55.95,12346.0,55.895,89
2024-12-20 10:30:00-05:00,55.92,56.14,55.92,56.11,10861.0,56.054,73
2024-12-20 10:35:00-05:00,56.1,56.1,55.99,56.04,12570.0,56.039,93
2024-12-20 10:40:00-05:00,56.04,56.07,56.0,56.0,7116.0,56.037,56
2024-12-20 10:45:00-05:00,56.0,56.08,55.98,56.07,7119.0,56.02,56
2024-12-20 10:50:00-05:00,56.06,56.1,56.02,56.09,9528.0,56.064,58
2024-12-20 10:55:00-05:00,56.09,56.12,56.04,56.04,9780.0,56.089,79
2024-12-20 11:00:00-05:00,56.04,56.17,56.03,56.06,13278.0,56.112,106
2024-12-20 11:05:00-05:00,56.06,56.2,56.04,56.12,18341.0,56.121,149
2024-12-20 11:10:00-05:00,56.13,56.13,56.02,56.06,9233.0,56.081,73
2024-12-20 11:15:00-05:00,56.06,56.22,56.03,56.16,11416.0,56.123,92
2024-12-20 11:20:00-05:00,56.15,56.2,56.09,56.16,17545.0,56.159,148
2024-12-20 11:25:00-05:00,56.18,56.19,56.09,56.17,15882.0,56.155,126
2024-12-20 11:30:00-05:00,56.17,56.26,56.14,56.22,32445.0,56.194,247
2024-12-20 11:35:00-05:00,56.22,56.31,56.19,56.23,15434.0,56.257,131
2024-12-20 11:40:00-05:00,56.23,56.27,56.16,56.24,15514.0,56.219,114
2024-12-20 11:45:00-05:00,56.23,56.26,56.21,56.22,22137.0,56.243,143
2024-12-20 11:50:00-05:00,56.21,56.3,56.2,56.3,30709.0,56.24,222
2024-12-20 11:55:00-05:00,56.3,56.41,56.29,56.37,11341.0,56.343,81
2024-12-20 12:00:00-05:00,56.37,56.37,56.26,56.28,16786.0,56.294,112
2024-12-20 12:05:00-05:00,56.29,56.3,56.21,56.22,10232.0,56.261,68
2024-12-20 12:10:00-05:00,56.22,56.25,56.16,56.23,8467.0,56.198,75
2024-12-20 12:15:00-05:00,56.23,56.27,56.2,56.26,11684.0,56.241,76
2024-12-20 12:20:00-05:00,56.26,56.3,56.24,56.27,11541.0,56.262,79
2024-12-20 12:25:00-05:00,56.27,56.34,56.25,56.32,27039.0,56.296,199
2024-12-20 12:30:00-05:00,56.31,56.31,56.17,56.24,11851.0,56.232,88
2024-12-20 12:35:00-05:00,56.23,56.37,56.21,56.36,6311.0,56.293,52
2024-12-20 12:40:00-05:00,56.36,56.37,56.27,56.29,9407.0,56.318,67
2024-12-20 12:45:00-05:00,56.29,56.31,56.26,56.3,14057.0,56.295,93
2024-12-20 12:50:00-05:00,56.3,56.39,56.29,56.37,28199.0,56.327,150
2024-12-20 12:55:00-05:00,56.38,56.45,56.38,56.44,9823.0,56.427,74
2024-12-20 13:00:00-05:00,56.43,56.44,56.41,56.42,8019.0,56.426,59
2024-12-20 13:05:00-05:00,56.41,56.44,56.39,56.4,13618.0,56.419,95
2024-12-20 13:10:00-05:00,56.41,56.42,56.33,56.35,9270.0,56.376,50
2024-12-20 13:15:00-05:00,56.34,56.36,56.27,56.36,6441.0,56.31,47
2024-12-20 13:20:00-05:00,56.36,56.36,56.24,56.24,13897.0,56.319,73
2024-12-20 13:25:00-05:00,56.26,56.28,56.19,56.23,9599.0,56.254,63
2024-12-20 13:30:00-05:00,56.23,56.29,56.22,56.27,5646.0,56.26,39
2024-12-20 13:35:00-05:00,56.27,56.28,56.18,56.19,15486.0,56.248,67
2024-12-20 13:40:00-05:00,56.19,56.31,56.18,56.29,8664.0,56.253,58
2024-12-20 13:45:00-05:00,56.29,56.31,56.22,56.23,7101.0,56.279,59
2024-12-20 13:50:00-05:00,56.23,56.32,56.21,56.3,8205.0,56.264,69
2024-12-20 13:55:00-05:00,56.32,56.33,56.1,56.1,21152.0,56.256,108
2024-12-20 14:00:00-05:00,56.11,56.18,56.1,56.15,10919.0,56.156,83
2024-12-20 14:05:00-05:00,56.15,56.2,56.08,56.16,12455.0,56.145,98
2024-12-20 14:10:00-05:00,56.16,56.18,56.14,56.16,7111.0,56.161,53
2024-12-20 14:15:00-05:00,56.16,56.19,56.15,56.18,8783.0,56.169,75
2024-12-20 14:20:00-05:00,56.18,56.21,56.13,56.19,12683.0,56.168,101
2024-12-20 14:25:00-05:00,56.19,56.27,56.16,56.27,9828.0,56.215,84
2024-12-20 14:30:00-05:00,56.26,56.31,56.25,56.3,9776.0,56.293,69
2024-12-20 14:35:00-05:00,56.3,56.3,56.23,56.25,11273.0,56.264,87
2024-12-20 14:40:00-05:00,56.25,56.26,56.16,56.19,19753.0,56.216,135
2024-12-20 14:45:00-05:00,56.2,56.2,56.14,56.14,8121.0,56.179,69
2024-12-20 14:50:00-05:00,56.13,56.17,56.08,56.1,8407.0,56.128,68
2024-12-20 14:55:00-05:00,56.11,56.12,56.06,56.07,10640.0,56.098,75
2024-12-20 15:00:00-05:00,56.06,56.1,56.01,56.06,17961.0,56.068,125
2024-12-20 15:05:00-05:00,56.06,56.07,55.99,56.0,15578.0,56.017,96
2024-12-20 15:10:00-05:00,56.0,56.03,55.98,56.0,14134.0,56.008,109
2024-12-20 15:15:00-05:00,55.99,55.99,55.86,55.88,15947.0,55.918,123
2024-12-20 15:20:00-05:00,55.88,55.91,55.82,55.85,16599.0,55.868,119
2024-12-20 15:25:00-05:00,55.86,55.9,55.84,55.85,15646.0,55.865,115
2024-12-20 15:30:00-05:00,55.85,55.85,55.72,55.74,17760.0,55.787,143
2024-12-20 15:35:00-05:00,55.75,55.99,55.74,55.9,37118.0,55.894,286
2024-12-20 15:40:00-05:00,55.91,55.97,55.75,55.78,38783.0,55.843,272
2024-12-20 15:45:00-05:00,55.79,55.94,55.78,55.78,68128.0,55.832,513
2024-12-20 15:50:00-05:00,55.78,55.85,55.7,55.71,65592.0,55.776,421
2024-12-20 15:55:00-05:00,55.71,55.81,55.69,55.79,146480.0,55.757,789
2024-12-23 09:30:00-05:00,55.42,55.94,55.38,55.89,25358.0,55.656,103
2024-12-23 09:35:00-05:00,55.88,55.91,55.74,55.74,9140.0,55.828,87
2024-12-23 09:40:00-05:00,55.74,55.93,55.7,55.8,9039.0,55.837,86
2024-12-23 09:45:00-05:00,55.79,55.89,55.75,55.76,11792.0,55.832,86
2024-12-23 09:50:00-05:00,55.76,55.87,55.65,55.65,6888.0,55.789,54
2024-12-23 09:55:00-05:00,55.65,55.76,55.62,55.66,14733.0,55.702,97
2024-12-23 10:00:00-05:00,55.68,55.78,55.64,55.72,11357.0,55.713,91
2024-12-23 10:05:00-05:00,55.73,55.78,55.66,55.72,10494.0,55.727,74
2024-12-23 10:10:00-05:00,55.72,55.76,55.62,55.62,8079.0,55.682,66
2024-12-23 10:15:00-05:00,55.64,55.78,55.63,55.72,6052.0,55.706,54
2024-12-23 10:20:00-05:00,55.74,55.76,55.6,55.64,8550.0,55.674,64
2024-12-23 10:25:00-05:00,55.64,55.76,55.64,55.7,8971.0,55.716,56
2024-12-23 10:30:00-05:00,55.72,55.74,55.66,55.71,13549.0,55.706,91
2024-12-23 10:35:00-05:00,55.71,55.88,55.69,55.85,17890.0,55.754,104
2024-12-23 10:40:00-05:00,55.85,55.85,55.69,55.7,8236.0,55.777,66
2024-12-23 10:45:00-05:00,55.69,55.72,55.59,55.65,19289.0,55.64,101
2024-12-23 10:50:00-05:00,55.65,55.67,55.6,55.62,14048.0,55.636,83
2024-12-23 10:55:00-05:00,55.62,55.76,55.6,55.72,12006.0,55.698,89
2024-12-23 11:00:00-05:00,55.72,55.75,55.68,55.73,12168.0,55.718,93
2024-12-23 11:05:00-05:00,55.73,55.74,55.68,55.7,6697.0,55.723,58
2024-12-23 11:10:00-05:00,55.69,55.72,55.65,55.66,11081.0,55.683,72
2024-12-23 11:15:00-05:00,55.67,55.68,55.54,55.63,11321.0,55.619,90
2024-12-23 11:20:00-05:00,55.66,55.7,55.62,55.66,9692.0,55.668,66
2024-12-23 11:25:00-05:00,55.64,55.65,55.63,55.64,8381.0,55.643,64
2024-12-23 11:30:00-05:00,55.64,55.66,55.58,55.58,13386.0,55.617,72
2024-12-23 11:35:00-05:00,55.58,55.62,55.57,55.61,7815.0,55.584,44
2024-12-23 11:40:00-05:00,55.6,55.64,55.59,55.62,7861.0,55.614,60
2024-12-23 11:45:00-05:00,55.62,55.62,55.58,55.6,6793.0,55.601,61
2024-12-23 11:50:00-05:00,55.6,55.64,55.58,55.64,7822.0,55.606,58
2024-12-23 11:55:00-05:00,55.64,55.71,55.64,55.71,3354.0,55.672,25
2024-12-23 12:00:00-05:00,55.71,55.75,55.65,55.69,8891.0,55.699,64
2024-12-23 12:05:00-05:00,55.69,55.7,55.65,55.66,5954.0,55.68,37
2024-12-23 12:10:00-05:00,55.66,55.72,55.64,55.71,5405.0,55.679,46
2024-12-23 12:15:00-05:00,55.71,55.71,55.59,55.63,6108.0,55.651,55
2024-12-23 12:20:00-05:00,55.62,55.62,55.46,55.46,16262.0,55.559,117
2024-12-23 12:25:00-05:00,55.49,55.52,55.47,55.5,7793.0,55.494,56
2024-12-23 12:30:00-05:00,55.49,55.49,55.4,55.47,7218.0,55.454,53
2024-12-23 12:35:00-05:00,55.46,55.46,55.39,55.45,5568.0,55.436,51
2024-12-23 12:40:00-05:00,55.45,55.45,55.42,55.42,5430.0,55.438,44
2024-12-23 12:45:00-05:00,55.43,55.54,55.41,55.54,12191.0,55.461,73
2024-12-23 12:50:00-05:00,55.54,55.59,55.52,55.58,4687.0,55.557,44
2024-12-23 12:55:00-05:00,55.58,55.6,55.51,55.55,9316.0,55.573,71
2024-12-23 13:00:00-05:00,55.52,55.58,55.5,55.55,4010.0,55.553,31
2024-12-23 13:05:00-05:00,55.55,55.55,55.5,55.52,4262.0,55.541,34
2024-12-23 13:10:00-05:00,55.53,55.61,55.51,55.6,8139.0,55.567,48
2024-12-23 13:15:00-05:00,55.61,55.66,55.57,55.6,12669.0,55.624,91
2024-12-23 13:20:00-05:00,55.6,55.6,55.55,55.56,5735.0,55.57,43
2024-12-23 13:25:00-05:00,55.56,55.62,55.56,55.59,7294.0,55.591,54
2024-12-23 13:30:00-05:00,55.59,55.59,55.52,55.52,5612.0,55.557,36
2024-12-23 13:35:00-05:00,55.53,55.53,55.48,55.53,7370.0,55.507,60
2024-12-23 13:40:00-05:00,55.54,55.56,55.5,55.55,6958.0,55.533,46
2024-12-23 13:45:00-05:00,55.55,55.55,55.49,55.52,9706.0,55.519,63
2024-12-23 13:50:00-05:00,55.53,55.55,55.44,55.53,18395.0,55.474,99
2024-12-23 13:55:00-05:00,55.53,55.57,55.53,55.55,4602.0,55.547,41
2024-12-23 14:00:00-05:00,55.54,55.57,55.52,55.57,8847.0,55.536,51
2024-12-23 14:05:00-05:00,55.59,55.6,55.53,55.54,5902.0,55.555,39
2024-12-23 14:10:00-05:00,55.53,55.56,55.48,55.53,6301.0,55.527,37
2024-12-23 14:15:00-05:00,55.53,55.56,55.52,55.54,4768.0,55.544,33
2024-12-23 14:20:00-05:00,55.55,55.58,55.5,55.51,7190.0,55.552,41
2024-12-23 14:25:00-05:00,55.5,55.51,55.49,55.51,8238.0,55.497,44
2024-12-23 14:30:00-05:00,55.51,55.61,55.51,55.58,10496.0,55.57,84
2024-12-23 14:35:00-05:00,55.57,55.57,55.52,55.53,8933.0,55.544,45
2024-12-23 14:40:00-05:00,55.53,55.58,55.52,55.55,12182.0,55.554,59
2024-12-23 14:45:00-05:00,55.57,55.59,55.57,55.57,6339.0,55.58,45
2024-12-23 14:50:00-05:00,55.58,55.61,55.57,55.58,9174.0,55.592,64
2024-12-23 14:55:00-05:00,55.6,55.6,55.54,55.54,11019.0,55.562,78
2024-12-23 15:00:00-05:00,55.54,55.6,55.54,55.59,8776.0,55.571,71
2024-12-23 15:05:00-05:00,55.61,55.61,55.5,55.51,14376.0,55.549,70
2024-12-23 15:10:00-05:00,55.51,55.51,55.42,55.44,11647.0,55.442,95
2024-12-23 15:15:00-05:00,55.45,55.54,55.39,55.54,29395.0,55.461,152
2024-12-23 15:20:00-05:00,55.53,55.63,55.53,55.61,39968.0,55.603,111
2024-12-23 15:25:00-05:00,55.61,55.67,55.59,55.64,7547.0,55.64,60
2024-12-23 15:30:00-05:00,55.63,55.66,55.53,55.59,16313.0,55.595,130
2024-12-23 15:35:00-05:00,55.59,55.67,55.57,55.63,13020.0,55.632,92
2024-12-23 15:40:00-05:00,55.63,55.71,55.61,55.7,16146.0,55.668,119
2024-12-23 15:45:00-05:00,55.69,55.69,55.51,55.56,30616.0,55.595,260
2024-12-23 15:50:00-05:00,55.61,55.76,55.6,55.71,34382.0,55.702,275
2024-12-23 15:55:00-05:00,55.72,55.84,55.66,55.71,143708.0,55.746,732
2024-12-24 09:30:00-05:00,55.59,55.87,55.59,55.77,24295.0,55.703,117
2024-12-24 09:35:00-05:00,55.81,55.81,55.61,55.64,5349.0,55.683,42
2024-12-24 09:40:00-05:00,55.64,55.73,55.6,55.71,11264.0,55.698,77
2024-12-24 09:45:00-05:00,55.73,55.77,55.62,55.68,20730.0,55.692,118
2024-12-24 09:50:00-05:00,55.68,55.69,55.59,55.67,14632.0,55.662,118
2024-12-24 09:55:00-05:00,55.7,55.7,55.59,55.65,13646.0,55.654,103
2024-12-24 10:00:00-05:00,55.66,55.75,55.6,55.69,18613.0,55.685,132
2024-12-24 10:05:00-05:00,55.69,55.74,55.66,55.7,15675.0,55.706,96
2024-12-24 10:10:00-05:00,55.7,55.82,55.69,55.82,5142.0,55.744,45
2024-12-24 10:15:00-05:00,55.84,55.97,55.81,55.93,8086.0,55.922,68
2024-12-24 10:20:00-05:00,55.93,55.95,55.84,55.88,9146.0,55.918,79
2024-12-24 10:25:00-05:00,55.87,55.93,55.85,55.9,6393.0,55.884,49
2024-12-24 10:30:00-05:00,55.89,55.98,55.87,55.96,10501.0,55.933,61
2024-12-24 10:35:00-05:00,55.96,56.03,55.95,56.01,9825.0,55.998,56
2024-12-24 10:40:00-05:00,56.03,56.04,55.98,56.0,8339.0,56.017,53
2024-12-24 10:45:00-05:00,56.0,56.07,55.97,56.07,5221.0,56.013,41
2024-12-24 10:50:00-05:00,56.07,56.09,56.04,56.04,7890.0,56.068,51
2024-12-24 10:55:00-05:00,56.05,56.05,56.0,56.01,12756.0,56.024,50
2024-12-24 11:00:00-05:00,56.01,56.05,55.95,56.05,10712.0,55.993,77
2024-12-24 11:05:00-05:00,56.05,56.12,56.04,56.06,6716.0,56.07,51
2024-12-24 11:10:00-05:00,56.06,56.07,56.05,56.06,5059.0,56.061,41
2024-12-24 11:15:00-05:00,56.06,56.06,56.0,56.0,4758.0,56.026,39
2024-12-24 11:20:00-05:00,56.02,56.14,56.02,56.13,4160.0,56.068,32
2024-12-24 11:25:00-05:00,56.13,56.14,56.11,56.11,6778.0,56.127,41
2024-12-24 11:30:00-05:00,56.11,56.12,56.09,56.09,4040.0,56.106,26
2024-12-24 11:35:00-05:00,56.1,56.15,56.1,56.14,7647.0,56.115,58
2024-12-24 11:40:00-05:00,56.15,56.15,56.08,56.1,5928.0,56.112,43
2024-12-24 11:45:00-05:00,56.09,56.11,56.06,56.06,7226.0,56.087,44
2024-12-24 11:50:00-05:00,56.06,56.06,55.99,56.03,7429.0,56.018,62
2024-12-24 11:55:00-05:00,56.04,56.05,55.95,55.96,8598.0,56.01,55
2024-12-24 12:00:00-05:00,55.97,55.97,55.95,55.95,5160.0,55.96,48
2024-12-24 12:05:00-05:00,55.95,55.98,55.93,55.98,4391.0,55.945,35
2024-12-24 12:10:00-05:00,55.98,56.04,55.94,56.04,4607.0,55.989,41
2024-12-24 12:15:00-05:00,56.04,56.05,56.02,56.05,8146.0,56.031,58
2024-12-24 12:20:00-05:00,56.04,56.09,56.04,56.07,12678.0,56.062,98
2024-12-24 12:25:00-05:00,56.08,56.13,56.08,56.12,21987.0,56.104,111
2024-12-24 12:30:00-05:00,56.12,56.12,55.94,55.96,11611.0,55.995,60
2024-12-24 12:35:00-05:00,55.95,56.05,55.94,56.05,4348.0,56.017,27
2024-12-24 12:40:00-05:00,56.06,56.08,56.01,56.04,4264.0,56.046,34
2024-12-24 12:45:00-05:00,56.04,56.04,55.99,56.0,4378.0,56.016,35
2024-12-24 12:50:00-05:00,56.01,56.15,56.01,56.09,22376.0,56.095,112
2024-12-24 12:55:00-05:00,56.07,56.18,56.07,56.15,27091.0,56.154,193
2024-12-26 09:30:00-05:00,55.66,55.97,55.66,55.94,15868.0,55.787,48
2024-12-26 09:35:00-05:00,55.96,56.08,55.91,56.02,14247.0,56.01,100
2024-12-26 09:40:00-05:00,56.02,56.25,56.02,56.25,6947.0,56.162,59
2024-12-26 09:45:00-05:00,56.25,56.35,56.19,56.35,6116.0,56.259,47
2024-12-26 09:50:00-05:00,56.35,56.37,56.24,56.27,5616.0,56.3,46
2024-12-26 09:55:00-05:00,56.27,56.31,56.18,56.31,3868.0,56.249,32
2024-12-26 10:00:00-05:00,56.31,56.34,56.21,56.28,4593.0,56.3,41
2024-12-26 10:05:00-05:00,56.28,56.39,56.27,56.39,5339.0,56.337,37
2024-12-26 10:10:00-05:00,56.4,56.42,56.3,56.3,8291.0,56.353,64
2024-12-26 10:15:00-05:00,56.3,56.37,56.3,56.36,4116.0,56.342,33
2024-12-26 10:20:00-05:00,56.36,56.36,56.26,56.28,5519.0,56.321,44
2024-12-26 10:25:00-05:00,56.28,56.32,56.26,56.29,5300.0,56.285,46
2024-12-26 10:30:00-05:00,56.3,56.33,56.28,56.3,5784.0,56.31,41
2024-12-26 10:35:00-05:00,56.3,56.34,56.29,56.32,4538.0,56.313,31
2024-12-26 10:40:00-05:00,56.33,56.36,56.31,56.34,8652.0,56.335,55
2024-12-26 10:45:00-05:00,56.34,56.45,56.34,56.44,5293.0,56.375,39
2024-12-26 10:50:00-05:00,56.45,56.46,56.42,56.45,8060.0,56.441,53
2024-12-26 10:55:00-05:00,56.46,56.46,56.41,56.42,9021.0,56.427,64
2024-12-26 11:00:00-05:00,56.42,56.45,56.41,56.44,3857.0,56.431,24
2024-12-26 11:05:00-05:00,56.44,56.45,56.42,56.44,4146.0,56.433,35
2024-12-26 11:10:00-05:00,56.44,56.48,56.43,56.48,3611.0,56.454,25
2024-12-26 11:15:00-05:00,56.48,56.49,56.4,56.44,7109.0,56.44,38
2024-12-26 11:20:00-05:00,56.44,56.44,56.41,56.41,3273.0,56.428,24
2024-12-26 11:25:00-05:00,56.42,56.44,56.39,56.41,5103.0,56.413,29
2024-12-26 11:30:00-05:00,56.42,56.42,56.38,56.39,1742.0,56.407,14
2024-12-26 11:35:00-05:00,56.38,56.41,56.38,56.41,6384.0,56.391,26
2024-12-26 11:40:00-05:00,56.42,56.49,56.42,56.49,2707.0,56.467,18
2024-12-26 11:45:00-05:00,56.5,56.5,56.43,56.44,6140.0,56.454,36
2024-12-26 11:50:00-05:00,56.45,56.46,56.43,56.45,6838.0,56.45,47
2024-12-26 11:55:00-05:00,56.45,56.46,56.43,56.43,4746.0,56.444,37
2024-12-26 12:00:00-05:00,56.42,56.42,56.38,56.39,2441.0,56.397,21
2024-12-26 12:05:00-05:00,56.39,56.39,56.33,56.34,3752.0,56.366,34
2024-12-26 12:10:00-05:00,56.35,56.37,56.31,56.33,8777.0,56.34,42
2024-12-26 12:15:00-05:00,56.33,56.35,56.33,56.34,5423.0,56.342,41
2024-12-26 12:20:00-05:00,56.36,56.36,56.31,56.33,4712.0,56.335,26
2024-12-26 12:25:00-05:00,56.32,56.35,56.31,56.33,4020.0,56.328,33
2024-12-26 12:30:00-05:00,56.33,56.34,56.3,56.33,5578.0,56.324,45
2024-12-26 12:35:00-05:00,56.32,56.34,56.32,56.32,3381.0,56.332,31
2024-12-26 12:40:00-05:00,56.32,56.35,56.32,56.35,1228.0,56.332,8
2024-12-26 12:45:00-05:00,56.35,56.39,56.34,56.38,10534.0,56.362,58
2024-12-26 12:50:00-05:00,56.38,56.38,56.35,56.37,1923.0,56.367,12
2024-12-26 12:55:00-05:00,56.39,56.4,56.36,56.36,5404.0,56.38,30
2024-12-26 13:00:00-05:00,56.36,56.42,56.35,56.41,6424.0,56.385,35
2024-12-26 13:05:00-05:00,56.42,56.44,56.4,56.43,6103.0,56.416,39
2024-12-26 13:10:00-05:00,56.43,56.43,56.4,56.41,4617.0,56.41,24
2024-12-26 13:15:00-05:00,56.4,56.42,56.39,56.42,3916.0,56.412,26
2024-12-26 13:20:00-05:00,56.42,56.45,56.41,56.45,1924.0,56.425,17
2024-12-26 13:25:00-05:00,56.45,56.48,56.45,56.47,11045.0,56.462,60
2024-12-26 13:30:00-05:00,56.46,56.46,56.33,56.33,5691.0,56.407,35
2024-12-26 13:35:00-05:00,56.33,56.37,56.33,56.36,5868.0,56.344,46
2024-12-26 13:40:00-05:00,56.36,56.36,56.29,56.3,7367.0,56.337,46
2024-12-26 13:45:00-05:00,56.31,56.36,56.31,56.36,4425.0,56.344,32
2024-12-26 13:50:00-05:00,56.37,56.37,56.34,56.37,6229.0,56.348,39
2024-12-26 13:55:00-05:00,56.37,56.38,56.35,56.36,5209.0,56.362,35
2024-12-26 14:00:00-05:00,56.36,56.36,56.31,56.32,2745.0,56.343,22
2024-12-26 14:05:00-05:00,56.32,56.33,56.3,56.3,5426.0,56.317,41
2024-12-26 14:10:00-05:00,56.3,56.31,56.26,56.28,5432.0,56.28,33
2024-12-26 14:15:00-05:00,56.28,56.3,56.23,56.29,7797.0,56.258,42
2024-12-26 14:20:00-05:00,56.28,56.29,56.25,56.27,4253.0,56.265,34
2024-12-26 14:25:00-05:00,56.28,56.28,56.27,56.28,3887.0,56.279,30
2024-12-26 14:30:00-05:00,56.28,56.29,56.24,56.25,5936.0,56.263,39
2024-12-26 14:35:00-05:00,56.25,56.29,56.25,56.27,6833.0,56.267,52
2024-12-26 14:40:00-05:00,56.28,56.3,56.27,56.28,4173.0,56.289,31
2024-12-26 14:45:00-05:00,56.28,56.28,56.24,56.24,5051.0,56.263,30
2024-12-26 14:50:00-05:00,56.24,56.27,56.23,56.27,2584.0,56.244,21
2024-12-26 14:55:00-05:00,56.26,56.27,56.24,56.24,7373.0,56.256,50
2024-12-26 15:00:00-05:00,56.24,56.24,56.16,56.17,5346.0,56.194,45
2024-12-26 15:05:00-05:00,56.17,56.19,56.16,56.16,5224.0,56.168,30
2024-12-26 15:10:00-05:00,56.16,56.16,56.12,56.12,9490.0,56.148,61
2024-12-26 15:15:00-05:00,56.13,56.19,56.13,56.16,6053.0,56.163,39
2024-12-26 15:20:00-05:00,56.16,56.19,56.16,56.17,8516.0,56.17,48
2024-12-26 15:25:00-05:00,56.17,56.2,56.17,56.17,8012.0,56.182,59
2024-12-26 15:30:00-05:00,56.17,56.17,56.09,56.15,14475.0,56.129,93
2024-12-26 15:35:00-05:00,56.14,56.19,56.11,56.18,12520.0,56.151,85
2024-12-26 15:40:00-05:00,56.18,56.19,56.15,56.16,8427.0,56.169,59
2024-12-26 15:45:00-05:00,56.16,56.19,56.15,56.18,11610.0,56.169,78
2024-12-26 15:50:00-05:00,56.19,56.28,56.19,56.25,22870.0,56.244,163
2024-12-26 15:55:00-05:00,56.25,56.29,56.16,56.21,87475.0,56.243,508
2024-12-27 09:30:00-05:00,55.89,56.01,55.76,56.01,6942.0,55.897,9
2024-12-27 09:35:00-05:00,56.02,56.25,55.96,56.25,11516.0,56.176,66
2024-12-27 09:40:00-05:00,56.25,56.49,56.25,56.46,8896.0,56.396,62
2024-12-27 09:45:00-05:00,56.45,56.53,56.32,56.51,6331.0,56.464,49
2024-12-27 09:50:00-05:00,56.51,56.52,56.45,56.52,4325.0,56.502,27
2024-12-27 09:55:00-05:00,56.52,56.56,56.45,56.48,8862.0,56.498,78
2024-12-27 10:00:00-05:00,56.49,56.52,56.42,56.42,15907.0,56.489,90
2024-12-27 10:05:00-05:00,56.41,56.46,56.35,56.41,6579.0,56.411,58
2024-12-27 10:10:00-05:00,56.44,56.48,56.35,56.35,10119.0,56.432,53
2024-12-27 10:15:00-05:00,56.35,56.36,56.27,56.29,8266.0,56.305,56
2024-12-27 10:20:00-05:00,56.29,56.29,56.17,56.22,15185.0,56.233,108
2024-12-27 10:25:00-05:00,56.22,56.22,56.11,56.12,6160.0,56.163,51
2024-12-27 10:30:00-05:00,56.12,56.13,56.02,56.07,9620.0,56.09,61
2024-12-27 10:35:00-05:00,56.08,56.12,56.04,56.1,4981.0,56.078,41
2024-12-27 10:40:00-05:00,56.1,56.21,56.1,56.16,6616.0,56.167,51
2024-12-27 10:45:00-05:00,56.16,56.21,56.14,56.18,13331.0,56.18,88
2024-12-27 10:50:00-05:00,56.18,56.2,56.11,56.16,8295.0,56.158,57
2024-12-27 10:55:00-05:00,56.16,56.17,56.02,56.04,7318.0,56.119,45
2024-12-27 11:00:00-05:00,56.03,56.03,55.94,55.94,4439.0,55.985,37
2024-12-27 11:05:00-05:00,55.94,55.98,55.93,55.96,5381.0,55.953,43
2024-12-27 11:10:00-05:00,55.94,55.94,55.89,55.9,2153.0,55.912,18
2024-12-27 11:15:00-05:00,55.88,55.94,55.83,55.91,10617.0,55.897,78
2024-12-27 11:20:00-05:00,55.94,55.97,55.92,55.95,3169.0,55.941,25
2024-12-27 11:25:00-05:00,55.96,56.03,55.96,56.0,9794.0,55.995,71
2024-12-27 11:30:00-05:00,56.0,56.02,55.93,55.95,5673.0,55.981,37
2024-12-27 11:35:00-05:00,55.95,56.02,55.94,55.99,7409.0,55.982,51
2024-12-27 11:40:00-05:00,56.01,56.01,55.88,55.95,18290.0,55.935,97
2024-12-27 11:45:00-05:00,55.96,55.98,55.94,55.96,4127.0,55.964,32
2024-12-27 11:50:00-05:00,55.96,55.96,55.9,55.9,12547.0,55.938,45
2024-12-27 11:55:00-05:00,55.9,55.96,55.89,55.93,11914.0,55.903,40
2024-12-27 12:00:00-05:00,55.93,55.93,55.71,55.75,27828.0,55.835,184
2024-12-27 12:05:00-05:00,55.75,55.78,55.7,55.76,8744.0,55.734,60
2024-12-27 12:10:00-05:00,55.76,55.78,55.75,55.76,6395.0,55.777,21
2024-12-27 12:15:00-05:00,55.76,55.8,55.75,55.8,4549.0,55.78,30
2024-12-27 12:20:00-05:00,55.79,55.8,55.73,55.75,5598.0,55.774,45
2024-12-27 12:25:00-05:00,55.74,55.75,55.71,55.74,4400.0,55.74,33
2024-12-27 12:30:00-05:00,55.73,55.76,55.72,55.75,6409.0,55.746,46
2024-12-27 12:35:00-05:00,55.75,55.75,55.7,55.71,9361.0,55.719,45
2024-12-27 12:40:00-05:00,55.72,55.72,55.68,55.68,7383.0,55.702,25
2024-12-27 12:45:00-05:00,55.68,55.69,55.67,55.69,7765.0,55.685,39
2024-12-27 12:50:00-05:00,55.7,55.75,55.7,55.75,2031.0,55.73,19
2024-12-27 12:55:00-05:00,55.76,55.76,55.73,55.73,1769.0,55.743,14
2024-12-27 13:00:00-05:00,55.73,55.76,55.71,55.75,4843.0,55.734,31
2024-12-27 13:05:00-05:00,55.75,55.75,55.7,55.72,3198.0,55.712,26
2024-12-27 13:10:00-05:00,55.72,55.74,55.72,55.74,553.0,55.727,5
2024-12-27 13:15:00-05:00,55.74,55.76,55.73,55.75,1889.0,55.74,17
2024-12-27 13:20:00-05:00,55.76,55.76,55.74,55.74,681.0,55.75,6
2024-12-27 13:25:00-05:00,55.75,55.76,55.7,55.7,9173.0,55.728,46
2024-12-27 13:30:00-05:00,55.7,55.74,55.66,55.74,10855.0,55.699,51
2024-12-27 13:35:00-05:00,55.73,55.76,55.73,55.75,3909.0,55.739,24
2024-12-27 13:40:00-05:00,55.76,55.77,55.72,55.72,9591.0,55.738,40
2024-12-27 13:45:00-05:00,55.75,55.76,55.72,55.76,4670.0,55.738,35
2024-12-27 13:50:00-05:00,55.75,55.8,55.74,55.79,4355.0,55.767,30
2024-12-27 13:55:00-05:00,55.8,55.85,55.79,55.83,14862.0,55.813,118
2024-12-27 14:00:00-05:00,55.83,55.85,55.79,55.79,5789.0,55.821,42
2024-12-27 14:05:00-05:00,55.78,55.82,55.77,55.8,6490.0,55.799,48
2024-12-27 14:10:00-05:00,55.8,55.82,55.78,55.8,5947.0,55.804,44
2024-12-27 14:15:00-05:00,55.8,55.88,55.79,55.88,9248.0,55.823,63
2024-12-27 14:20:00-05:00,55.88,55.89,55.85,55.86,5738.0,55.868,40
2024-12-27 14:25:00-05:00,55.85,55.88,55.84,55.85,6451.0,55.858,45
2024-12-27 14:30:00-05:00,55.83,55.83,55.75,55.76,10871.0,55.782,80
2024-12-27 14:35:00-05:00,55.77,55.82,55.76,55.8,9329.0,55.788,72
2024-12-27 14:40:00-05:00,55.81,55.87,55.81,55.85,7588.0,55.844,65
2024-12-27 14:45:00-05:00,55.86,55.9,55.84,55.87,6691.0,55.872,57
2024-12-27 14:50:00-05:00,55.89,55.9,55.85,55.89,3968.0,55.872,31
2024-12-27 14:55:00-05:00,55.88,55.98,55.88,55.92,8636.0,55.935,63
2024-12-27 15:00:00-05:00,55.94,55.94,55.83,55.85,5727.0,55.885,46
2024-12-27 15:05:00-05:00,55.84,55.88,55.78,55.86,7162.0,55.833,53
2024-12-27 15:10:00-05:00,55.86,55.87,55.75,55.75,5663.0,55.782,56
2024-12-27 15:15:00-05:00,55.76,55.77,55.72,55.74,10302.0,55.744,53
2024-12-27 15:20:00-05:00,55.76,55.76,55.73,55.75,11404.0,55.734,52
2024-12-27 15:25:00-05:00,55.75,55.8,55.73,55.75,23347.0,55.754,166
2024-12-27 15:30:00-05:00,55.75,55.79,55.74,55.79,6579.0,55.759,56
2024-12-27 15:35:00-05:00,55.79,55.79,55.73,55.74,9354.0,55.747,71
2024-12-27 15:40:00-05:00,55.74,55.8,55.65,55.72,85591.0,55.733,326
2024-12-27 15:45:00-05:00,55.73,55.84,55.69,55.82,40693.0,55.763,217
2024-12-27 15:50:00-05:00,55.82,56.0,55.81,55.91,30688.0,55.934,200
2024-12-27 15:55:00-05:00,55.93,55.93,55.78,55.87,67515.0,55.828,319
2024-12-30 09:30:00-05:00,55.48,55.66,55.08,55.52,18194.0,55.462,79
2024-12-30 09:35:00-05:00,55.59,55.65,55.04,55.07,9793.0,55.338,80
2024-12-30 09:40:00-05:00,55.07,55.17,55.01,55.15,7881.0,55.075,57
2024-12-30 09:45:00-05:00,55.14,55.16,54.97,54.98,12378.0,55.098,77
2024-12-30 09:50:00-05:00,54.98,55.05,54.93,55.05,10884.0,54.989,81
2024-12-30 09:55:00-05:00,55.08,55.1,54.99,55.1,8226.0,55.054,50
2024-12-30 10:00:00-05:00,55.11,55.2,55.01,55.16,10392.0,55.115,73
2024-12-30 10:05:00-05:00,55.16,55.17,55.05,55.08,8768.0,55.097,71
2024-12-30 10:10:00-05:00,55.09,55.11,54.97,55.01,6788.0,55.04,57
2024-12-30 10:15:00-05:00,55.0,55.0,54.88,54.97,4227.0,54.957,35
2024-12-30 10:20:00-05:00,54.97,55.01,54.94,54.96,6105.0,54.984,50
2024-12-30 10:25:00-05:00,54.98,55.01,54.91,54.96,9535.0,54.959,49
2024-12-30 10:30:00-05:00,54.98,55.01,54.93,54.95,8497.0,54.978,58
2024-12-30 10:35:00-05:00,54.95,54.95,54.87,54.89,7579.0,54.898,66
2024-12-30 10:40:00-05:00,54.9,54.93,54.88,54.91,10390.0,54.919,45
2024-12-30 10:45:00-05:00,54.93,54.98,54.89,54.89,4890.0,54.934,43
2024-12-30 10:50:00-05:00,54.9,54.97,54.9,54.91,4187.0,54.935,33
2024-12-30 10:55:00-05:00,54.91,55.02,54.91,54.98,10696.0,54.983,74
2024-12-30 11:00:00-05:00,54.99,55.04,54.96,55.04,6124.0,54.988,45
2024-12-30 11:05:00-05:00,55.04,55.14,55.01,55.13,7984.0,55.063,64
2024-12-30 11:10:00-05:00,55.14,55.15,55.11,55.14,8906.0,55.13,61
2024-12-30 11:15:00-05:00,55.14,55.2,55.13,55.18,8618.0,55.167,68
2024-12-30 11:20:00-05:00,55.18,55.2,55.16,55.17,6442.0,55.179,35
2024-12-30 11:25:00-05:00,55.19,55.29,55.18,55.25,9125.0,55.228,42
2024-12-30 11:30:00-05:00,55.25,55.25,55.12,55.18,30850.0,55.148,113
2024-12-30 11:35:00-05:00,55.18,55.23,55.18,55.23,2807.0,55.21,26
2024-12-30 11:40:00-05:00,55.22,55.27,55.22,55.25,6365.0,55.245,52
2024-12-30 11:45:00-05:00,55.25,55.26,55.09,55.1,8261.0,55.166,47
2024-12-30 11:50:00-05:00,55.09,55.12,55.08,55.12,3055.0,55.099,26
2024-12-30 11:55:00-05:00,55.13,55.19,55.13,55.17,9499.0,55.164,47
2024-12-30 12:00:00-05:00,55.17,55.21,55.16,55.19,10668.0,55.193,37
2024-12-30 12:05:00-05:00,55.19,55.21,55.18,55.2,5688.0,55.192,37
2024-12-30 12:10:00-05:00,55.2,55.27,55.2,55.26,7212.0,55.236,47
2024-12-30 12:15:00-05:00,55.24,55.26,55.23,55.26,4520.0,55.241,27
2024-12-30 12:20:00-05:00,55.25,55.32,55.25,55.31,3923.0,55.297,31
2024-12-30 12:25:00-05:00,55.31,55.32,55.28,55.31,7191.0,55.295,44
2024-12-30 12:30:00-05:00,55.3,55.32,55.28,55.32,4802.0,55.296,38
2024-12-30 12:35:00-05:00,55.31,55.38,55.3,55.35,5218.0,55.345,41
2024-12-30 12:40:00-05:00,55.35,55.35,55.29,55.3,4847.0,55.315,34
2024-12-30 12:45:00-05:00,55.3,55.37,55.28,55.37,5868.0,55.327,43
2024-12-30 12:50:00-05:00,55.38,55.38,55.32,55.33,6358.0,55.355,40
2024-12-30 12:55:00-05:00,55.33,55.41,55.31,55.41,8145.0,55.35,62
2024-12-30 13:00:00-05:00,55.4,55.4,55.32,55.33,2550.0,55.35,22
2024-12-30 13:05:00-05:00,55.33,55.34,55.27,55.33,6609.0,55.314,48
2024-12-30 13:10:00-05:00,55.34,55.38,55.34,55.37,6788.0,55.359,31
2024-12-30 13:15:00-05:00,55.37,55.37,55.3,55.3,5713.0,55.344,37
2024-12-30 13:20:00-05:00,55.3,55.33,55.3,55.32,5610.0,55.318,33
2024-12-30 13:25:00-05:00,55.31,55.33,55.26,55.33,7040.0,55.291,45
2024-12-30 13:30:00-05:00,55.33,55.4,55.32,55.38,9269.0,55.345,56
2024-12-30 13:35:00-05:00,55.37,55.38,55.3,55.32,5591.0,55.351,32
2024-12-30 13:40:00-05:00,55.33,55.36,55.32,55.34,4991.0,55.342,43
2024-12-30 13:45:00-05:00,55.34,55.35,55.3,55.3,4449.0,55.324,28
2024-12-30 13:50:00-05:00,55.32,55.35,55.3,55.35,5035.0,55.329,37
2024-12-30 13:55:00-05:00,55.35,55.36,55.32,55.33,3659.0,55.343,27
2024-12-30 14:00:00-05:00,55.34,55.36,55.32,55.32,6619.0,55.342,42
2024-12-30 14:05:00-05:00,55.31,55.32,55.25,55.27,3442.0,55.27,31
2024-12-30 14:10:00-05:00,55.28,55.29,55.24,55.27,4991.0,55.273,39
2024-12-30 14:15:00-05:00,55.27,55.3,55.26,55.27,4783.0,55.279,30
2024-12-30 14:20:00-05:00,55.27,55.27,55.18,55.18,11789.0,55.217,67
2024-12-30 14:25:00-05:00,55.18,55.26,55.17,55.23,4514.0,55.229,37
2024-12-30 14:30:00-05:00,55.22,55.3,55.22,55.28,7851.0,55.276,52
2024-12-30 14:35:00-05:00,55.28,55.28,55.21,55.21,4466.0,55.241,37
2024-12-30 14:40:00-05:00,55.21,55.22,55.17,55.17,3865.0,55.202,32
2024-12-30 14:45:00-05:00,55.17,55.21,55.17,55.19,4940.0,55.184,32
2024-12-30 14:50:00-05:00,55.19,55.23,55.19,55.22,4288.0,55.206,35
2024-12-30 14:55:00-05:00,55.22,55.23,55.19,55.19,8069.0,55.212,58
2024-12-30 15:00:00-05:00,55.18,55.22,55.12,55.13,13617.0,55.182,107
2024-12-30 15:05:00-05:00,55.13,55.22,55.12,55.13,19589.0,55.174,140
2024-12-30 15:10:00-05:00,55.19,55.28,55.18,55.26,17838.0,55.214,94
2024-12-30 15:15:00-05:00,55.26,55.3,55.24,55.29,7316.0,55.276,68
2024-12-30 15:20:00-05:00,55.29,55.32,55.24,55.3,9185.0,55.281,75
2024-12-30 15:25:00-05:00,55.29,55.32,55.18,55.18,10129.0,55.263,76
2024-12-30 15:30:00-05:00,55.18,55.19,55.05,55.11,9533.0,55.108,73
2024-12-30 15:35:00-05:00,55.11,55.12,55.05,55.07,10137.0,55.08,66
2024-12-30 15:40:00-05:00,55.08,55.13,55.06,55.11,8287.0,55.094,72
2024-12-30 15:45:00-05:00,55.12,55.21,55.12,55.15,14468.0,55.159,116
2024-12-30 15:50:00-05:00,55.15,55.18,55.08,55.09,20150.0,55.145,147
2024-12-30 15:55:00-05:00,55.09,55.11,54.96,55.0,61212.0,55.01,364
2024-12-31 09:30:00-05:00,55.21,55.36,55.21,55.29,9058.0,55.217,4
2024-12-31 09:35:00-05:00,55.26,55.32,55.25,55.32,310.0,55.299,2
2024-12-31 09:40:00-05:00,55.2,55.25,55.12,55.24,6386.0,55.195,15
2024-12-31 09:45:00-05:00,55.26,55.34,55.24,55.34,5444.0,55.258,17
2024-12-31 09:50:00-05:00,55.31,55.34,55.21,55.3,3100.0,55.275,31
2024-12-31 09:55:00-05:00,55.33,55.41,55.33,55.39,2808.0,55.386,24
2024-12-31 10:00:00-05:00,55.38,55.42,55.3,55.38,2129.0,55.359,18
2024-12-31 10:05:00-05:00,55.39,55.42,55.31,55.34,4228.0,55.379,33
2024-12-31 10:10:00-05:00,55.34,55.38,55.32,55.33,3349.0,55.349,15
2024-12-31 10:15:00-05:00,55.32,55.41,55.32,55.41,1793.0,55.348,8
2024-12-31 10:20:00-05:00,55.37,55.44,55.37,55.41,1179.0,55.412,10
2024-12-31 10:25:00-05:00,55.41,55.44,55.34,55.37,3795.0,55.391,26
2024-12-31 10:30:00-05:00,55.34,55.41,55.32,55.33,2916.0,55.358,16
2024-12-31 10:35:00-05:00,55.33,55.43,55.32,55.43,5837.0,55.36,40
2024-12-31 10:40:00-05:00,55.45,55.45,55.36,55.38,1630.0,55.397,10
2024-12-31 10:45:00-05:00,55.36,55.44,55.35,55.41,2310.0,55.375,17
2024-12-31 10:50:00-05:00,55.43,55.47,55.39,55.41,1723.0,55.419,14
2024-12-31 10:55:00-05:00,55.41,55.42,55.39,55.41,322.0,55.405,3
2025-01-02 09:30:00-05:00,55.71,55.89,55.27,55.79,27019.0,55.746,134
2025-01-02 09:35:00-05:00,55.73,55.84,55.58,55.58,13044.0,55.742,114
2025-01-02 09:40:00-05:00,55.48,55.78,55.47,55.72,9416.0,55.679,91
2025-01-02 09:45:00-05:00,55.72,55.79,55.63,55.73,12035.0,55.719,97
2025-01-02 09:50:00-05:00,55.72,55.73,55.53,55.58,7215.0,55.64,62
2025-01-02 09:55:00-05:00,55.6,55.64,55.47,55.57,13486.0,55.555,96
2025-01-02 10:00:00-05:00,55.6,55.64,55.52,55.56,11966.0,55.583,85
2025-01-02 10:05:00-05:00,55.57,55.57,55.38,55.42,7329.0,55.472,62
2025-01-02 10:10:00-05:00,55.41,55.49,55.37,55.49,8989.0,55.444,65
2025-01-02 10:15:00-05:00,55.49,55.56,55.46,55.48,9731.0,55.523,58
2025-01-02 10:20:00-05:00,55.48,55.49,55.34,55.42,7226.0,55.414,56
2025-01-02 10:25:00-05:00,55.42,55.43,55.37,55.42,8252.0,55.407,64
2025-01-02 10:30:00-05:00,55.42,55.47,55.32,55.45,9122.0,55.42,74
2025-01-02 10:35:00-05:00,55.44,55.48,55.38,55.42,5756.0,55.431,46
2025-01-02 10:40:00-05:00,55.44,55.48,55.4,55.48,8287.0,55.451,64
2025-01-02 10:45:00-05:00,55.48,55.48,55.36,55.37,8623.0,55.419,59
2025-01-02 10:50:00-05:00,55.37,55.41,55.3,55.33,10588.0,55.372,81
2025-01-02 10:55:00-05:00,55.34,55.37,55.17,55.17,6546.0,55.322,56
2025-01-02 11:00:00-05:00,55.2,55.26,55.04,55.05,13041.0,55.157,81
2025-01-02 11:05:00-05:00,55.06,55.09,55.01,55.03,6143.0,55.058,51
2025-01-02 11:10:00-05:00,55.04,55.04,54.93,54.95,5028.0,54.985,44
2025-01-02 11:15:00-05:00,54.94,55.06,54.94,55.05,33817.0,55.012,106
2025-01-02 11:20:00-05:00,55.04,55.08,54.96,55.06,8516.0,55.015,75
2025-01-02 11:25:00-05:00,55.08,55.08,55.04,55.06,4478.0,55.068,41
2025-01-02 11:30:00-05:00,55.06,55.07,55.03,55.05,6224.0,55.051,49
2025-01-02 11:35:00-05:00,55.05,55.18,55.05,55.16,17524.0,55.103,87
2025-01-02 11:40:00-05:00,55.16,55.2,55.14,55.14,3812.0,55.17,37
2025-01-02 11:45:00-05:00,55.14,55.15,55.05,55.09,4269.0,55.085,35
2025-01-02 11:50:00-05:00,55.1,55.13,55.01,55.03,9298.0,55.072,66
2025-01-02 11:55:00-05:00,55.03,55.03,54.94,54.94,2961.0,54.987,23
2025-01-02 12:00:00-05:00,54.95,55.0,54.9,54.96,9562.0,54.95,43
2025-01-02 12:05:00-05:00,54.96,55.01,54.94,54.99,7790.0,54.975,50
2025-01-02 12:10:00-05:00,55.0,55.06,55.0,55.05,6410.0,55.024,50
2025-01-02 12:15:00-05:00,55.05,55.09,55.04,55.05,5865.0,55.066,46
2025-01-02 12:20:00-05:00,55.05,55.05,54.95,54.96,13215.0,55.001,67
2025-01-02 12:25:00-05:00,54.96,54.96,54.86,54.91,7317.0,54.916,52
2025-01-02 12:30:00-05:00,54.9,54.9,54.79,54.8,13669.0,54.828,40
2025-01-02 12:35:00-05:00,54.79,54.79,54.66,54.71,7288.0,54.729,63
2025-01-02 12:40:00-05:00,54.71,54.76,54.64,54.76,8777.0,54.714,56
2025-01-02 12:45:00-05:00,54.75,54.82,54.72,54.82,15322.0,54.762,96
2025-01-02 12:50:00-05:00,54.8,54.83,54.79,54.82,13591.0,54.825,38
2025-01-02 12:55:00-05:00,54.82,54.92,54.82,54.87,4343.0,54.882,36
2025-01-02 13:00:00-05:00,54.87,54.87,54.79,54.8,4119.0,54.827,33
2025-01-02 13:05:00-05:00,54.8,54.83,54.77,54.77,3730.0,54.811,33
2025-01-02 13:10:00-05:00,54.75,54.76,54.71,54.71,3622.0,54.73,28
2025-01-02 13:15:00-05:00,54.7,54.7,54.65,54.67,4738.0,54.667,34
2025-01-02 13:20:00-05:00,54.68,54.7,54.58,54.58,4823.0,54.65,32
2025-01-02 13:25:00-05:00,54.6,54.6,54.57,54.59,3292.0,54.593,27
2025-01-02 13:30:00-05:00,54.59,54.59,54.47,54.58,18207.0,54.536,126
2025-01-02 13:35:00-05:00,54.59,54.61,54.56,54.56,4540.0,54.588,40
2025-01-02 13:40:00-05:00,54.56,54.65,54.53,54.65,11958.0,54.57,97
2025-01-02 13:45:00-05:00,54.64,54.64,54.54,54.55,6135.0,54.594,50
2025-01-02 13:50:00-05:00,54.55,54.57,54.51,54.53,22886.0,54.544,139
2025-01-02 13:55:00-05:00,54.55,54.66,54.53,54.66,7319.0,54.578,62
2025-01-02 14:00:00-05:00,54.65,54.66,54.6,54.66,4997.0,54.63,39
2025-01-02 14:05:00-05:00,54.66,54.7,54.62,54.66,5950.0,54.665,42
2025-01-02 14:10:00-05:00,54.66,54.67,54.59,54.61,3035.0,54.632,23
2025-01-02 14:15:00-05:00,54.61,54.61,54.58,54.58,5917.0,54.599,47
2025-01-02 14:20:00-05:00,54.59,54.64,54.56,54.63,20351.0,54.596,51
2025-01-02 14:25:00-05:00,54.64,54.72,54.64,54.72,10909.0,54.68,81
2025-01-02 14:30:00-05:00,54.69,54.69,54.59,54.59,13920.0,54.638,82
2025-01-02 14:35:00-05:00,54.59,54.59,54.54,54.58,6996.0,54.567,55
2025-01-02 14:40:00-05:00,54.58,54.61,54.55,54.56,10789.0,54.587,63
2025-01-02 14:45:00-05:00,54.57,54.59,54.54,54.56,9934.0,54.562,93
2025-01-02 14:50:00-05:00,54.56,54.65,54.54,54.64,6714.0,54.615,56
2025-01-02 14:55:00-05:00,54.63,54.63,54.42,54.42,12078.0,54.513,101
2025-01-02 15:00:00-05:00,54.44,54.6,54.44,54.6,11880.0,54.514,85
2025-01-02 15:05:00-05:00,54.6,54.64,54.55,54.62,16803.0,54.595,111
2025-01-02 15:10:00-05:00,54.62,54.62,54.51,54.52,22244.0,54.562,155
2025-01-02 15:15:00-05:00,54.52,54.58,54.5,54.56,21042.0,54.539,149
2025-01-02 15:20:00-05:00,54.56,54.61,54.56,54.58,17880.0,54.587,114
2025-01-02 15:25:00-05:00,54.58,54.62,54.58,54.58,16042.0,54.593,96
2025-01-02 15:30:00-05:00,54.58,54.58,54.46,54.47,19688.0,54.519,150
2025-01-02 15:35:00-05:00,54.45,54.46,54.36,54.45,20235.0,54.416,158
2025-01-02 15:40:00-05:00,54.45,54.48,54.4,54.44,17967.0,54.442,137
2025-01-02 15:45:00-05:00,54.44,54.5,54.39,54.5,25267.0,54.427,194
2025-01-02 15:50:00-05:00,54.51,54.57,54.46,54.47,35907.0,54.513,217
2025-01-02 15:55:00-05:00,54.45,54.51,54.4,54.44,162029.0,54.446,859
2025-01-03 09:30:00-05:00,54.44,54.61,54.32,54.38,23782.0,54.483,95
2025-01-03 09:35:00-05:00,54.43,54.47,54.3,54.32,12732.0,54.382,94
2025-01-03 09:40:00-05:00,54.32,54.37,54.25,54.28,9309.0,54.311,73
2025-01-03 09:45:00-05:00,54.3,54.31,54.14,54.23,22246.0,54.236,163
2025-01-03 09:50:00-05:00,54.23,54.23,54.1,54.18,22646.0,54.174,136
2025-01-03 09:55:00-05:00,54.21,54.24,54.12,54.23,20312.0,54.17,132
2025-01-03 10:00:00-05:00,54.23,54.38,54.22,54.36,17119.0,54.292,126
2025-01-03 10:05:00-05:00,54.36,54.52,54.36,54.45,9287.0,54.467,76
2025-01-03 10:10:00-05:00,54.42,54.49,54.4,54.47,11288.0,54.457,86
2025-01-03 10:15:00-05:00,54.48,54.5,54.4,54.45,12966.0,54.462,97
2025-01-03 10:20:00-05:00,54.46,54.47,54.36,54.42,11204.0,54.396,91
2025-01-03 10:25:00-05:00,54.42,54.5,54.39,54.48,16003.0,54.457,119
2025-01-03 10:30:00-05:00,54.48,54.51,54.45,54.49,18547.0,54.48,124
2025-01-03 10:35:00-05:00,54.5,54.51,54.44,54.48,22143.0,54.481,164
2025-01-03 10:40:00-05:00,54.48,54.53,54.47,54.49,16211.0,54.5,122
2025-01-03 10:45:00-05:00,54.48,54.49,54.36,54.49,12131.0,54.428,98
2025-01-03 10:50:00-05:00,54.51,54.53,54.48,54.49,7348.0,54.506,57
2025-01-03 10:55:00-05:00,54.5,54.53,54.47,54.49,12307.0,54.504,107
2025-01-03 11:00:00-05:00,54.5,54.52,54.47,54.49,11281.0,54.498,98
2025-01-03 11:05:00-05:00,54.5,54.5,54.41,54.44,7972.0,54.447,71
2025-01-03 11:10:00-05:00,54.45,54.51,54.38,54.42,15013.0,54.458,94
2025-01-03 11:15:00-05:00,54.42,54.42,54.36,54.36,8707.0,54.383,72
2025-01-03 11:20:00-05:00,54.37,54.37,54.33,54.37,9190.0,54.356,72
2025-01-03 11:25:00-05:00,54.38,54.45,54.38,54.45,10111.0,54.409,84
2025-01-03 11:30:00-05:00,54.44,54.46,54.41,54.45,5501.0,54.435,48
2025-01-03 11:35:00-05:00,54.45,54.55,54.43,54.52,13527.0,54.498,92
2025-01-03 11:40:00-05:00,54.52,54.56,54.51,54.54,7644.0,54.532,49
2025-01-03 11:45:00-05:00,54.55,54.55,54.48,54.48,10571.0,54.527,68
2025-01-03 11:50:00-05:00,54.48,54.51,54.43,54.46,11761.0,54.473,77
2025-01-03 11:55:00-05:00,54.46,54.47,54.43,54.45,6265.0,54.452,50
2025-01-03 12:00:00-05:00,54.46,54.53,54.46,54.53,9831.0,54.496,81
2025-01-03 12:05:00-05:00,54.55,54.59,54.55,54.58,5774.0,54.568,35
2025-01-03 12:10:00-05:00,54.58,54.59,54.53,54.53,10182.0,54.57,76
2025-01-03 12:15:00-05:00,54.53,54.57,54.5,54.5,8124.0,54.552,73
2025-01-03 12:20:00-05:00,54.5,54.52,54.49,54.5,9803.0,54.502,61
2025-01-03 12:25:00-05:00,54.5,54.52,54.47,54.49,7356.0,54.5,44
2025-01-03 12:30:00-05:00,54.48,54.49,54.42,54.45,6141.0,54.46,49
2025-01-03 12:35:00-05:00,54.44,54.45,54.4,54.41,5540.0,54.43,44
2025-01-03 12:40:00-05:00,54.4,54.41,54.38,54.39,7197.0,54.396,56
2025-01-03 12:45:00-05:00,54.38,54.42,54.36,54.41,9838.0,54.396,80
2025-01-03 12:50:00-05:00,54.42,54.43,54.35,54.36,5988.0,54.394,45
2025-01-03 12:55:00-05:00,54.36,54.4,54.34,54.36,8681.0,54.369,64
2025-01-03 13:00:00-05:00,54.36,54.39,54.35,54.39,10079.0,54.37,81
2025-01-03 13:05:00-05:00,54.4,54.4,54.39,54.4,5095.0,54.397,33
2025-01-03 13:10:00-05:00,54.39,54.42,54.39,54.4,5693.0,54.402,40
2025-01-03 13:15:00-05:00,54.39,54.43,54.36,54.43,13606.0,54.396,79
2025-01-03 13:20:00-05:00,54.43,54.46,54.42,54.44,8051.0,54.439,68
2025-01-03 13:25:00-05:00,54.43,54.47,54.43,54.47,8684.0,54.445,64
2025-01-03 13:30:00-05:00,54.47,54.47,54.38,54.39,12671.0,54.432,76
2025-01-03 13:35:00-05:00,54.38,54.4,54.34,54.34,9207.0,54.373,66
2025-01-03 13:40:00-05:00,54.35,54.36,54.26,54.26,8263.0,54.326,64
2025-01-03 13:45:00-05:00,54.27,54.4,54.24,54.37,12653.0,54.309,98
2025-01-03 13:50:00-05:00,54.37,54.37,54.3,54.34,14904.0,54.322,98
2025-01-03 13:55:00-05:00,54.34,54.36,54.31,54.32,11540.0,54.342,97
2025-01-03 14:00:00-05:00,54.31,54.32,54.27,54.31,10878.0,54.291,68
2025-01-03 14:05:00-05:00,54.3,54.3,54.24,54.25,9939.0,54.277,60
2025-01-03 14:10:00-05:00,54.26,54.27,54.16,54.17,12817.0,54.237,75
2025-01-03 14:15:00-05:00,54.17,54.18,54.15,54.17,6896.0,54.168,45
2025-01-03 14:20:00-05:00,54.18,54.19,54.16,54.17,13258.0,54.176,96
2025-01-03 14:25:00-05:00,54.18,54.29,54.18,54.24,10183.0,54.227,66
2025-01-03 14:30:00-05:00,54.24,54.33,54.23,54.3,20528.0,54.295,102
2025-01-03 14:35:00-05:00,54.3,54.32,54.27,54.27,6870.0,54.3,54
2025-01-03 14:40:00-05:00,54.26,54.26,54.2,54.2,7032.0,54.24,54
2025-01-03 14:45:00-05:00,54.2,54.23,54.18,54.19,7776.0,54.213,58
2025-01-03 14:50:00-05:00,54.19,54.23,54.16,54.22,13620.0,54.184,84
2025-01-03 14:55:00-05:00,54.23,54.23,54.2,54.21,4518.0,54.216,34
2025-01-03 15:00:00-05:00,54.2,54.2,54.12,54.18,10667.0,54.163,77
2025-01-03 15:05:00-05:00,54.17,54.2,54.16,54.17,9002.0,54.184,58
2025-01-03 15:10:00-05:00,54.18,54.19,54.07,54.08,14198.0,54.133,80
2025-01-03 15:15:00-05:00,54.08,54.11,54.07,54.09,13848.0,54.091,102
2025-01-03 15:20:00-05:00,54.1,54.15,54.09,54.11,15684.0,54.11,109
2025-01-03 15:25:00-05:00,54.11,54.12,54.08,54.08,16609.0,54.103,109
2025-01-03 15:30:00-05:00,54.08,54.14,54.05,54.14,21159.0,54.083,159
2025-01-03 15:35:00-05:00,54.13,54.13,53.98,53.98,22534.0,54.035,164
2025-01-03 15:40:00-05:00,53.97,53.97,53.9,53.94,19417.0,53.937,152
2025-01-03 15:45:00-05:00,53.94,53.95,53.85,53.89,21467.0,53.911,161
2025-01-03 15:50:00-05:00,53.93,54.03,53.89,53.97,40570.0,53.982,305
2025-01-03 15:55:00-05:00,53.96,54.03,53.95,54.02,187174.0,53.993,859
2025-01-06 09:30:00-05:00,54.23,54.74,54.13,54.71,28423.0,54.411,101
2025-01-06 09:35:00-05:00,54.72,54.98,54.72,54.95,24518.0,54.887,165
2025-01-06 09:40:00-05:00,54.95,55.17,54.89,55.14,25477.0,55.033,180
2025-01-06 09:45:00-05:00,55.14,55.24,55.06,55.07,12843.0,55.147,81
2025-01-06 09:50:00-05:00,55.07,55.11,54.9,54.99,24586.0,54.982,169
2025-01-06 09:55:00-05:00,55.03,55.06,54.72,54.72,20237.0,54.935,149
2025-01-06 10:00:00-05:00,54.72,54.8,54.62,54.73,46706.0,54.729,338
2025-01-06 10:05:00-05:00,54.73,54.91,54.71,54.87,25575.0,54.784,196
2025-01-06 10:10:00-05:00,54.86,55.02,54.82,54.96,66967.0,54.863,133
2025-01-06 10:15:00-05:00,54.95,55.02,54.85,55.0,20285.0,54.935,157
2025-01-06 10:20:00-05:00,55.0,55.03,54.86,54.91,22883.0,54.962,192
2025-01-06 10:25:00-05:00,54.94,54.96,54.87,54.95,23218.0,54.918,114
2025-01-06 10:30:00-05:00,54.94,55.0,54.93,54.96,14552.0,54.962,103
2025-01-06 10:35:00-05:00,54.96,54.97,54.79,54.85,17424.0,54.883,132
2025-01-06 10:40:00-05:00,54.86,54.86,54.75,54.8,9861.0,54.799,86
2025-01-06 10:45:00-05:00,54.8,54.81,54.74,54.74,12906.0,54.787,100
2025-01-06 10:50:00-05:00,54.73,54.81,54.73,54.8,7856.0,54.761,65
2025-01-06 10:55:00-05:00,54.8,54.84,54.74,54.83,12771.0,54.795,106
2025-01-06 11:00:00-05:00,54.84,54.87,54.79,54.8,11059.0,54.83,94
2025-01-06 11:05:00-05:00,54.8,54.81,54.7,54.75,8434.0,54.743,73
2025-01-06 11:10:00-05:00,54.77,54.94,54.76,54.93,29073.0,54.868,93
2025-01-06 11:15:00-05:00,54.94,55.09,54.89,55.07,14493.0,55.021,75
2025-01-06 11:20:00-05:00,55.09,55.2,55.06,55.18,9666.0,55.125,65
2025-01-06 11:25:00-05:00,55.2,55.2,55.1,55.12,6633.0,55.13,43
2025-01-06 11:30:00-05:00,55.13,55.17,55.12,55.16,19286.0,55.148,117
2025-01-06 11:35:00-05:00,55.17,55.21,55.13,55.21,7979.0,55.174,54
2025-01-06 11:40:00-05:00,55.19,55.23,55.17,55.21,14501.0,55.205,96
2025-01-06 11:45:00-05:00,55.21,55.22,55.16,55.22,9885.0,55.184,59
2025-01-06 11:50:00-05:00,55.22,55.25,55.16,55.18,10251.0,55.205,57
2025-01-06 11:55:00-05:00,55.2,55.3,55.19,55.28,14508.0,55.248,105
2025-01-06 12:00:00-05:00,55.28,55.29,55.19,55.19,24175.0,55.233,102
2025-01-06 12:05:00-05:00,55.19,55.2,55.12,55.16,7285.0,55.159,54
2025-01-06 12:10:00-05:00,55.16,55.17,55.12,55.14,5652.0,55.145,46
2025-01-06 12:15:00-05:00,55.15,55.17,55.13,55.14,15222.0,55.155,104
2025-01-06 12:20:00-05:00,55.14,55.15,55.04,55.05,13486.0,55.075,78
2025-01-06 12:25:00-05:00,55.05,55.06,55.02,55.04,5048.0,55.046,44
2025-01-06 12:30:00-05:00,55.04,55.12,55.03,55.09,15348.0,55.079,123
2025-01-06 12:35:00-05:00,55.1,55.1,54.97,55.02,10883.0,55.016,88
2025-01-06 12:40:00-05:00,55.05,55.05,55.0,55.03,4374.0,55.029,37
2025-01-06 12:45:00-05:00,55.02,55.11,54.98,55.02,33498.0,55.042,231
2025-01-06 12:50:00-05:00,55.02,55.02,54.95,54.96,9494.0,54.98,67
2025-01-06 12:55:00-05:00,54.94,55.02,54.94,55.01,21839.0,55.004,94
2025-01-06 13:00:00-05:00,55.01,55.04,54.93,55.01,34780.0,55.018,128
2025-01-06 13:05:00-05:00,55.01,55.01,54.88,54.89,10503.0,54.939,51
2025-01-06 13:10:00-05:00,54.89,54.91,54.85,54.91,4217.0,54.872,38
2025-01-06 13:15:00-05:00,54.93,54.99,54.9,54.95,34831.0,54.936,183
2025-01-06 13:20:00-05:00,54.95,54.99,54.85,54.86,28071.0,54.952,133
2025-01-06 13:25:00-05:00,54.87,54.9,54.81,54.82,16889.0,54.857,90
2025-01-06 13:30:00-05:00,54.81,54.83,54.74,54.76,11800.0,54.794,88
2025-01-06 13:35:00-05:00,54.76,54.82,54.76,54.81,20459.0,54.796,143
2025-01-06 13:40:00-05:00,54.82,54.84,54.72,54.77,9621.0,54.791,79
2025-01-06 13:45:00-05:00,54.76,54.82,54.74,54.74,9751.0,54.795,61
2025-01-06 13:50:00-05:00,54.74,54.8,54.71,54.77,9009.0,54.764,72
2025-01-06 13:55:00-05:00,54.77,54.8,54.77,54.79,9944.0,54.786,82
2025-01-06 14:00:00-05:00,54.79,54.81,54.72,54.73,17478.0,54.772,149
2025-01-06 14:05:00-05:00,54.73,54.76,54.71,54.73,9399.0,54.731,83
2025-01-06 14:10:00-05:00,54.73,54.74,54.71,54.73,6584.0,54.73,55
2025-01-06 14:15:00-05:00,54.73,54.73,54.68,54.68,7487.0,54.708,60
2025-01-06 14:20:00-05:00,54.68,54.69,54.63,54.64,8963.0,54.663,72
2025-01-06 14:25:00-05:00,54.64,54.64,54.56,54.56,7660.0,54.595,65
2025-01-06 14:30:00-05:00,54.56,54.59,54.5,54.5,13352.0,54.56,101
2025-01-06 14:35:00-05:00,54.5,54.53,54.46,54.47,12133.0,54.49,85
2025-01-06 14:40:00-05:00,54.46,54.48,54.44,54.48,11575.0,54.458,87
2025-01-06 14:45:00-05:00,54.47,54.5,54.47,54.5,9179.0,54.483,71
2025-01-06 14:50:00-05:00,54.5,54.5,54.44,54.45,11691.0,54.47,76
2025-01-06 14:55:00-05:00,54.46,54.46,54.39,54.4,12952.0,54.41,88
2025-01-06 15:00:00-05:00,54.39,54.44,54.37,54.37,14316.0,54.402,105
2025-01-06 15:05:00-05:00,54.37,54.38,54.23,54.23,18818.0,54.303,125
2025-01-06 15:10:00-05:00,54.24,54.25,54.12,54.13,21014.0,54.203,161
2025-01-06 15:15:00-05:00,54.13,54.14,54.06,54.14,19713.0,54.095,131
2025-01-06 15:20:00-05:00,54.14,54.14,54.07,54.09,17796.0,54.09,123
2025-01-06 15:25:00-05:00,54.09,54.09,53.97,53.97,14080.0,54.02,104
2025-01-06 15:30:00-05:00,53.97,54.14,53.96,54.11,21443.0,54.047,160
2025-01-06 15:35:00-05:00,54.11,54.14,54.07,54.14,23724.0,54.107,155
2025-01-06 15:40:00-05:00,54.15,54.21,54.08,54.12,29906.0,54.154,191
2025-01-06 15:45:00-05:00,54.12,54.12,54.0,54.02,30190.0,54.046,236
2025-01-06 15:50:00-05:00,54.02,54.05,53.96,53.98,47109.0,54.001,355
2025-01-06 15:55:00-05:00,54.0,54.05,53.94,54.02,200019.0,54.002,977
2025-01-07 09:30:00-05:00,54.26,54.7,54.18,54.61,54867.0,54.395,156
2025-01-07 09:35:00-05:00,54.72,54.77,54.62,54.71,15172.0,54.706,95
2025-01-07 09:40:00-05:00,54.71,54.84,54.62,54.73,15650.0,54.759,102
2025-01-07 09:45:00-05:00,54.73,54.88,54.7,54.85,17927.0,54.826,107
2025-01-07 09:50:00-05:00,54.85,54.9,54.7,54.7,19100.0,54.809,123
2025-01-07 09:55:00-05:00,54.7,54.77,54.61,54.71,15178.0,54.708,82
2025-01-07 10:00:00-05:00,54.7,54.73,54.4,54.41,14396.0,54.51,117
2025-01-07 10:05:00-05:00,54.41,54.53,54.33,54.5,15781.0,54.428,128
2025-01-07 10:10:00-05:00,54.5,54.51,54.38,54.4,13156.0,54.463,102
2025-01-07 10:15:00-05:00,54.4,54.43,54.29,54.43,11573.0,54.361,103
2025-01-07 10:20:00-05:00,54.45,54.6,54.45,54.6,12794.0,54.536,101
2025-01-07 10:25:00-05:00,54.6,54.77,54.6,54.74,18254.0,54.677,142
2025-01-07 10:30:00-05:00,54.75,54.81,54.73,54.79,17451.0,54.767,124
2025-01-07 10:35:00-05:00,54.79,54.87,54.66,54.68,14234.0,54.77,115
2025-01-07 10:40:00-05:00,54.68,54.69,54.53,54.59,16958.0,54.621,135
2025-01-07 10:45:00-05:00,54.6,54.61,54.53,54.58,19313.0,54.575,139
2025-01-07 10:50:00-05:00,54.58,54.74,54.58,54.72,23677.0,54.651,187
2025-01-07 10:55:00-05:00,54.71,54.85,54.7,54.83,8346.0,54.8,71
2025-01-07 11:00:00-05:00,54.83,54.86,54.79,54.84,9224.0,54.822,76
2025-01-07 11:05:00-05:00,54.84,54.9,54.8,54.8,10390.0,54.856,83
2025-01-07 11:10:00-05:00,54.8,54.8,54.7,54.7,10788.0,54.751,85
2025-01-07 11:15:00-05:00,54.7,54.71,54.59,54.61,11698.0,54.652,92
2025-01-07 11:20:00-05:00,54.61,54.64,54.52,54.54,10117.0,54.586,87
2025-01-07 11:25:00-05:00,54.54,54.63,54.52,54.61,6708.0,54.578,53
2025-01-07 11:30:00-05:00,54.61,54.61,54.5,54.5,7103.0,54.569,51
2025-01-07 11:35:00-05:00,54.5,54.57,54.49,54.56,9655.0,54.515,80
2025-01-07 11:40:00-05:00,54.56,54.57,54.5,54.56,8711.0,54.541,65
2025-01-07 11:45:00-05:00,54.56,54.61,54.55,54.61,6540.0,54.59,48
2025-01-07 11:50:00-05:00,54.61,54.61,54.51,54.51,8091.0,54.545,59
2025-01-07 11:55:00-05:00,54.5,54.55,54.45,54.46,8952.0,54.507,62
2025-01-07 12:00:00-05:00,54.47,54.55,54.47,54.52,9064.0,54.522,67
2025-01-07 12:05:00-05:00,54.52,54.57,54.51,54.54,8772.0,54.538,62
2025-01-07 12:10:00-05:00,54.54,54.58,54.51,54.57,8125.0,54.553,72
2025-01-07 12:15:00-05:00,54.57,54.62,54.56,54.61,9904.0,54.593,79
2025-01-07 12:20:00-05:00,54.6,54.6,54.51,54.55,5064.0,54.558,34
2025-01-07 12:25:00-05:00,54.55,54.55,54.51,54.51,9811.0,54.522,58
2025-01-07 12:30:00-05:00,54.51,54.56,54.5,54.5,13044.0,54.531,67
2025-01-07 12:35:00-05:00,54.5,54.5,54.43,54.44,5161.0,54.473,41
2025-01-07 12:40:00-05:00,54.44,54.44,54.39,54.41,7633.0,54.406,62
2025-01-07 12:45:00-05:00,54.41,54.42,54.34,54.35,6627.0,54.369,52
2025-01-07 12:50:00-05:00,54.36,54.36,54.3,54.31,4731.0,54.324,42
2025-01-07 12:55:00-05:00,54.32,54.32,54.3,54.32,6894.0,54.315,47
2025-01-07 13:00:00-05:00,54.31,54.36,54.27,54.3,7463.0,54.318,59
2025-01-07 13:05:00-05:00,54.3,54.34,54.29,54.33,6779.0,54.313,51
2025-01-07 13:10:00-05:00,54.33,54.34,54.23,54.23,7221.0,54.283,60
2025-01-07 13:15:00-05:00,54.23,54.27,54.23,54.25,8084.0,54.253,60
2025-01-07 13:20:00-05:00,54.25,54.29,54.23,54.29,15650.0,54.26,100
2025-01-07 13:25:00-05:00,54.29,54.41,54.29,54.41,23099.0,54.347,161
2025-01-07 13:30:00-05:00,54.41,54.41,54.31,54.31,8907.0,54.355,57
2025-01-07 13:35:00-05:00,54.32,54.32,54.23,54.26,12349.0,54.272,90
2025-01-07 13:40:00-05:00,54.27,54.27,54.14,54.16,9868.0,54.176,66
2025-01-07 13:45:00-05:00,54.17,54.24,54.16,54.23,9245.0,54.217,72
2025-01-07 13:50:00-05:00,54.23,54.25,54.19,54.21,8590.0,54.218,67
2025-01-07 13:55:00-05:00,54.21,54.24,54.21,54.24,7169.0,54.229,58
2025-01-07 14:00:00-05:00,54.24,54.26,54.23,54.23,8525.0,54.241,55
2025-01-07 14:05:00-05:00,54.23,54.25,54.21,54.24,6569.0,54.232,57
2025-01-07 14:10:00-05:00,54.24,54.34,54.23,54.33,25370.0,54.288,135
2025-01-07 14:15:00-05:00,54.34,54.34,54.29,54.32,8348.0,54.312,65
2025-01-07 14:20:00-05:00,54.32,54.32,54.26,54.29,5836.0,54.296,46
2025-01-07 14:25:00-05:00,54.3,54.34,54.3,54.34,9135.0,54.322,71
2025-01-07 14:30:00-05:00,54.33,54.34,54.29,54.29,8879.0,54.326,69
2025-01-07 14:35:00-05:00,54.29,54.33,54.19,54.2,41630.0,54.236,166
2025-01-07 14:40:00-05:00,54.2,54.22,54.15,54.21,9996.0,54.191,74
2025-01-07 14:45:00-05:00,54.21,54.21,54.12,54.14,44841.0,54.15,112
2025-01-07 14:50:00-05:00,54.14,54.14,54.08,54.11,7764.0,54.1,54
2025-01-07 14:55:00-05:00,54.12,54.12,54.05,54.1,13078.0,54.089,79
2025-01-07 15:00:00-05:00,54.09,54.09,53.98,54.01,17316.0,54.025,111
2025-01-07 15:05:00-05:00,54.01,54.01,53.98,53.98,5751.0,53.998,47
2025-01-07 15:10:00-05:00,53.98,54.01,53.96,54.0,10766.0,53.98,73
2025-01-07 15:15:00-05:00,54.0,54.01,53.89,53.93,20076.0,53.935,108
2025-01-07 15:20:00-05:00,53.92,53.93,53.8,53.87,21700.0,53.854,116
2025-01-07 15:25:00-05:00,53.86,53.89,53.85,53.87,16375.0,53.874,115
2025-01-07 15:30:00-05:00,53.88,53.88,53.78,53.78,18954.0,53.822,137
2025-01-07 15:35:00-05:00,53.78,53.79,53.63,53.67,19725.0,53.682,139
2025-01-07 15:40:00-05:00,53.68,53.75,53.63,53.63,17828.0,53.69,130
2025-01-07 15:45:00-05:00,53.64,53.68,53.55,53.66,27323.0,53.625,220
2025-01-07 15:50:00-05:00,53.67,53.82,53.67,53.75,51799.0,53.77,300
2025-01-07 15:55:00-05:00,53.73,53.76,53.63,53.67,152864.0,53.68,750
2025-01-08 09:30:00-05:00,53.37,53.58,53.36,53.36,30550.0,53.39,59
2025-01-08 09:35:00-05:00,53.35,53.43,53.28,53.34,17345.0,53.341,129
2025-01-08 09:40:00-05:00,53.34,53.38,52.98,52.98,23660.0,53.258,169
2025-01-08 09:45:00-05:00,52.98,53.21,52.97,53.18,7498.0,53.11,41
2025-01-08 09:50:00-05:00,53.29,53.38,53.13,53.2,14147.0,53.242,93
2025-01-08 09:55:00-05:00,53.21,53.22,53.13,53.15,31968.0,53.152,170
2025-01-08 10:00:00-05:00,53.15,53.19,53.02,53.12,50261.0,53.13,398
2025-01-08 10:05:00-05:00,53.16,53.4,53.14,53.4,34078.0,53.188,99
2025-01-08 10:10:00-05:00,53.4,53.43,53.29,53.41,7680.0,53.368,62
2025-01-08 10:15:00-05:00,53.47,53.47,53.36,53.37,13573.0,53.399,50
2025-01-08 10:20:00-05:00,53.34,53.42,53.29,53.41,4158.0,53.355,28
2025-01-08 10:25:00-05:00,53.38,53.38,53.26,53.29,8748.0,53.321,45
2025-01-08 10:30:00-05:00,53.28,53.38,53.26,53.33,6157.0,53.318,46
2025-01-08 10:35:00-05:00,53.32,53.38,53.3,53.35,9190.0,53.337,64
2025-01-08 10:40:00-05:00,53.35,53.36,53.27,53.27,9591.0,53.325,53
2025-01-08 10:45:00-05:00,53.29,53.31,53.24,53.29,8356.0,53.279,55
2025-01-08 10:50:00-05:00,53.3,53.37,53.3,53.34,18519.0,53.322,83
2025-01-08 10:55:00-05:00,53.35,53.39,53.3,53.39,17250.0,53.342,83
2025-01-08 11:00:00-05:00,53.39,53.43,53.38,53.43,3195.0,53.408,25
2025-01-08 11:05:00-05:00,53.43,53.47,53.35,53.47,15180.0,53.4,83
2025-01-08 11:10:00-05:00,53.45,53.48,53.44,53.45,8821.0,53.454,56
2025-01-08 11:15:00-05:00,53.45,53.45,53.35,53.37,9598.0,53.385,78
2025-01-08 11:20:00-05:00,53.39,53.45,53.38,53.4,10366.0,53.417,66
2025-01-08 11:25:00-05:00,53.4,53.4,53.34,53.39,7221.0,53.367,56
2025-01-08 11:30:00-05:00,53.39,53.47,53.37,53.39,10113.0,53.424,76
2025-01-08 11:35:00-05:00,53.39,53.49,53.35,53.48,7106.0,53.402,62
2025-01-08 11:40:00-05:00,53.47,53.48,53.36,53.42,16916.0,53.417,88
2025-01-08 11:45:00-05:00,53.41,53.43,53.39,53.39,4969.0,53.403,36
2025-01-08 11:50:00-05:00,53.41,53.41,53.37,53.37,2984.0,53.386,25
2025-01-08 11:55:00-05:00,53.4,53.4,53.36,53.36,5473.0,53.384,43
2025-01-08 12:00:00-05:00,53.37,53.37,53.3,53.3,22064.0,53.345,157
2025-01-08 12:05:00-05:00,53.3,53.31,53.25,53.26,5136.0,53.281,44
2025-01-08 12:10:00-05:00,53.26,53.31,53.25,53.28,7426.0,53.28,59
2025-01-08 12:15:00-05:00,53.28,53.34,53.26,53.33,9822.0,53.29,75
2025-01-08 12:20:00-05:00,53.33,53.36,53.31,53.36,3237.0,53.326,29
2025-01-08 12:25:00-05:00,53.4,53.4,53.23,53.26,29530.0,53.336,112
2025-01-08 12:30:00-05:00,53.29,53.34,53.28,53.28,5616.0,53.303,42
2025-01-08 12:35:00-05:00,53.31,53.31,53.25,53.26,5730.0,53.275,32
2025-01-08 12:40:00-05:00,53.25,53.33,53.23,53.3,6424.0,53.274,43
2025-01-08 12:45:00-05:00,53.34,53.36,53.25,53.25,6952.0,53.316,55
2025-01-08 12:50:00-05:00,53.27,53.33,53.26,53.3,7345.0,53.29,53
2025-01-08 12:55:00-05:00,53.31,53.36,53.31,53.34,2176.0,53.335,18
2025-01-08 13:00:00-05:00,53.34,53.4,53.34,53.37,7916.0,53.375,57
2025-01-08 13:05:00-05:00,53.35,53.39,53.35,53.36,2904.0,53.368,23
2025-01-08 13:10:00-05:00,53.35,53.36,53.27,53.29,5666.0,53.321,47
2025-01-08 13:15:00-05:00,53.29,53.31,53.28,53.28,4292.0,53.295,32
2025-01-08 13:20:00-05:00,53.28,53.28,53.26,53.27,4850.0,53.269,44
2025-01-08 13:25:00-05:00,53.26,53.34,53.26,53.31,6537.0,53.301,51
2025-01-08 13:30:00-05:00,53.31,53.32,53.28,53.3,5486.0,53.302,42
2025-01-08 13:35:00-05:00,53.3,53.32,53.3,53.31,4145.0,53.314,35
2025-01-08 13:40:00-05:00,53.32,53.36,53.3,53.36,6085.0,53.322,36
2025-01-08 13:45:00-05:00,53.34,53.35,53.24,53.26,10309.0,53.308,82
2025-01-08 13:50:00-05:00,53.24,53.39,53.23,53.36,66547.0,53.316,96
2025-01-08 13:55:00-05:00,53.36,53.42,53.36,53.41,4980.0,53.394,28
2025-01-08 14:00:00-05:00,53.41,53.42,53.37,53.4,6063.0,53.391,42
2025-01-08 14:05:00-05:00,53.4,53.51,53.4,53.47,11141.0,53.467,75
2025-01-08 14:10:00-05:00,53.48,53.48,53.39,53.39,3713.0,53.455,25
2025-01-08 14:15:00-05:00,53.41,53.52,53.41,53.52,5487.0,53.458,30
2025-01-08 14:20:00-05:00,53.53,53.61,53.53,53.6,14699.0,53.583,36
2025-01-08 14:25:00-05:00,53.61,53.61,53.51,53.51,13992.0,53.547,78
2025-01-08 14:30:00-05:00,53.52,53.52,53.44,53.47,3417.0,53.475,29
2025-01-08 14:35:00-05:00,53.44,53.49,53.42,53.45,14085.0,53.453,88
2025-01-08 14:40:00-05:00,53.44,53.52,53.44,53.52,3425.0,53.476,26
2025-01-08 14:45:00-05:00,53.53,53.57,53.51,53.53,4086.0,53.526,22
2025-01-08 14:50:00-05:00,53.55,53.57,53.53,53.54,10100.0,53.545,56
2025-01-08 14:55:00-05:00,53.52,53.56,53.51,53.55,4280.0,53.533,33
2025-01-08 15:00:00-05:00,53.55,53.57,53.54,53.55,18491.0,53.554,111
2025-01-08 15:05:00-05:00,53.55,53.62,53.44,53.46,18600.0,53.531,89
2025-01-08 15:10:00-05:00,53.47,53.56,53.46,53.5,20998.0,53.506,102
2025-01-08 15:15:00-05:00,53.51,53.55,53.5,53.53,2386.0,53.532,21
2025-01-08 15:20:00-05:00,53.54,53.54,53.5,53.5,11853.0,53.519,90
2025-01-08 15:25:00-05:00,53.52,53.55,53.49,53.54,12538.0,53.514,87
2025-01-08 15:30:00-05:00,53.54,53.54,53.51,53.52,21761.0,53.527,135
2025-01-08 15:35:00-05:00,53.51,53.53,53.5,53.52,16557.0,53.509,96
2025-01-08 15:40:00-05:00,53.52,53.55,53.5,53.55,19125.0,53.524,111
2025-01-08 15:45:00-05:00,53.55,53.59,53.51,53.58,29689.0,53.551,209
2025-01-08 15:50:00-05:00,53.61,53.64,53.55,53.56,31036.0,53.596,200
2025-01-08 15:55:00-05:00,53.55,53.56,53.42,53.46,138451.0,53.477,714
2025-01-10 09:30:00-05:00,52.72,52.88,52.5,52.78,60578.0,52.719,134
2025-01-10 09:35:00-05:00,52.79,52.9,52.68,52.7,22371.0,52.75,132
2025-01-10 09:40:00-05:00,52.69,52.78,52.57,52.69,33879.0,52.684,236
2025-01-10 09:45:00-05:00,52.7,52.73,52.53,52.62,10010.0,52.636,78
2025-01-10 09:50:00-05:00,52.6,52.91,52.56,52.91,10623.0,52.686,82
2025-01-10 09:55:00-05:00,52.91,52.97,52.76,52.92,23603.0,52.875,157
2025-01-10 10:00:00-05:00,52.91,52.91,52.62,52.79,44513.0,52.729,242
2025-01-10 10:05:00-05:00,52.79,53.04,52.73,53.0,39459.0,52.836,264
2025-01-10 10:10:00-05:00,53.05,53.12,52.96,52.96,18613.0,53.032,152
2025-01-10 10:15:00-05:00,52.91,53.07,52.85,52.95,18163.0,52.947,127
2025-01-10 10:20:00-05:00,52.99,53.05,52.89,52.9,31204.0,52.972,140
2025-01-10 10:25:00-05:00,52.87,52.91,52.75,52.76,20718.0,52.871,119
2025-01-10 10:30:00-05:00,52.76,52.8,52.67,52.8,26128.0,52.75,123
2025-01-10 10:35:00-05:00,52.77,52.81,52.56,52.57,75790.0,52.752,468
2025-01-10 10:40:00-05:00,52.51,52.53,52.28,52.36,38626.0,52.399,200
2025-01-10 10:45:00-05:00,52.36,52.49,52.35,52.44,33108.0,52.404,239
2025-01-10 10:50:00-05:00,52.43,52.52,52.43,52.49,20000.0,52.471,167
2025-01-10 10:55:00-05:00,52.48,52.66,52.48,52.64,20966.0,52.59,138
2025-01-10 11:00:00-05:00,52.64,52.67,52.5,52.5,11013.0,52.591,76
2025-01-10 11:05:00-05:00,52.5,52.5,52.41,52.48,7416.0,52.466,56
2025-01-10 11:10:00-05:00,52.5,52.6,52.49,52.53,26298.0,52.563,149
2025-01-10 11:15:00-05:00,52.55,52.57,52.4,52.44,10437.0,52.493,60
2025-01-10 11:20:00-05:00,52.44,52.44,52.34,52.42,8725.0,52.393,80
2025-01-10 11:25:00-05:00,52.41,52.44,52.34,52.42,48087.0,52.358,273
2025-01-10 11:30:00-05:00,52.4,52.48,52.37,52.45,19946.0,52.437,86
2025-01-10 11:35:00-05:00,52.45,52.58,52.44,52.55,15631.0,52.519,111
2025-01-10 11:40:00-05:00,52.57,52.6,52.49,52.49,27350.0,52.582,179
2025-01-10 11:45:00-05:00,52.45,52.45,52.35,52.38,8785.0,52.383,78
2025-01-10 11:50:00-05:00,52.39,52.42,52.37,52.38,10341.0,52.394,61
2025-01-10 11:55:00-05:00,52.37,52.44,52.33,52.41,23851.0,52.364,194
2025-01-10 12:00:00-05:00,52.4,52.47,52.36,52.4,18012.0,52.411,116
2025-01-10 12:05:00-05:00,52.36,52.41,52.35,52.39,16864.0,52.376,91
2025-01-10 12:10:00-05:00,52.39,52.43,52.38,52.42,8500.0,52.398,64
2025-01-10 12:15:00-05:00,52.42,52.42,52.37,52.4,36814.0,52.397,197
2025-01-10 12:20:00-05:00,52.39,52.4,52.23,52.32,67757.0,52.308,298
2025-01-10 12:25:00-05:00,52.34,52.35,52.27,52.34,16418.0,52.307,100
2025-01-10 12:30:00-05:00,52.34,52.41,52.34,52.38,28865.0,52.393,175
2025-01-10 12:35:00-05:00,52.38,52.4,52.28,52.3,13850.0,52.351,112
2025-01-10 12:40:00-05:00,52.29,52.3,52.21,52.26,11383.0,52.271,74
2025-01-10 12:45:00-05:00,52.25,52.28,52.22,52.27,9458.0,52.259,80
2025-01-10 12:50:00-05:00,52.26,52.26,52.16,52.2,8106.0,52.207,69
2025-01-10 12:55:00-05:00,52.21,52.29,52.21,52.28,14863.0,52.241,113
2025-01-10 13:00:00-05:00,52.29,52.31,52.26,52.26,7441.0,52.286,53
2025-01-10 13:05:00-05:00,52.27,52.3,52.24,52.27,11469.0,52.267,86
2025-01-10 13:10:00-05:00,52.25,52.29,52.18,52.24,23173.0,52.236,162
2025-01-10 13:15:00-05:00,52.24,52.39,52.24,52.35,14403.0,52.316,107
2025-01-10 13:20:00-05:00,52.33,52.41,52.32,52.41,6310.0,52.362,48
2025-01-10 13:25:00-05:00,52.44,52.5,52.42,52.42,19689.0,52.478,153
2025-01-10 13:30:00-05:00,52.42,52.46,52.36,52.37,57797.0,52.406,266
2025-01-10 13:35:00-05:00,52.34,52.45,52.34,52.45,44417.0,52.397,249
2025-01-10 13:40:00-05:00,52.5,52.5,52.34,52.34,27824.0,52.426,193
2025-01-10 13:45:00-05:00,52.33,52.36,52.28,52.36,6714.0,52.326,58
2025-01-10 13:50:00-05:00,52.36,52.38,52.32,52.35,25199.0,52.339,121
2025-01-10 13:55:00-05:00,52.36,52.55,52.36,52.51,11192.0,52.468,95
2025-01-10 14:00:00-05:00,52.51,52.53,52.45,52.52,14070.0,52.497,97
2025-01-10 14:05:00-05:00,52.51,52.52,52.41,52.42,29261.0,52.468,195
2025-01-10 14:10:00-05:00,52.41,52.42,52.38,52.39,14042.0,52.403,101
2025-01-10 14:15:00-05:00,52.41,52.42,52.37,52.41,15920.0,52.395,123
2025-01-10 14:20:00-05:00,52.41,52.43,52.37,52.43,17924.0,52.395,127
2025-01-10 14:25:00-05:00,52.43,52.47,52.4,52.4,28820.0,52.449,147
2025-01-10 14:30:00-05:00,52.4,52.42,52.34,52.34,24156.0,52.392,165
2025-01-10 14:35:00-05:00,52.33,52.36,52.28,52.28,21962.0,52.316,160
2025-01-10 14:40:00-05:00,52.27,52.34,52.25,52.32,35632.0,52.3,242
2025-01-10 14:45:00-05:00,52.32,52.33,52.24,52.24,24320.0,52.296,157
2025-01-10 14:50:00-05:00,52.25,52.3,52.25,52.29,16813.0,52.278,129
2025-01-10 14:55:00-05:00,52.3,52.3,52.23,52.26,28264.0,52.259,213
2025-01-10 15:00:00-05:00,52.26,52.27,52.16,52.2,17162.0,52.213,125
2025-01-10 15:05:00-05:00,52.19,52.2,52.17,52.18,28860.0,52.186,162
2025-01-10 15:10:00-05:00,52.18,52.27,52.15,52.17,61270.0,52.215,320
2025-01-10 15:15:00-05:00,52.17,52.24,52.15,52.19,25514.0,52.189,183
2025-01-10 15:20:00-05:00,52.2,52.24,52.18,52.21,23046.0,52.204,148
2025-01-10 15:25:00-05:00,52.19,52.21,52.14,52.19,20941.0,52.189,174
2025-01-10 15:30:00-05:00,52.18,52.22,52.14,52.19,73907.0,52.167,322
2025-01-10 15:35:00-05:00,52.23,52.27,52.2,52.21,31782.0,52.236,225
2025-01-10 15:40:00-05:00,52.2,52.22,52.17,52.2,41811.0,52.195,309
2025-01-10 15:45:00-05:00,52.19,52.24,52.15,52.19,57232.0,52.192,444
2025-01-10 15:50:00-05:00,52.19,52.19,52.05,52.05,99808.0,52.115,780
2025-01-10 15:55:00-05:00,52.05,52.06,51.96,52.0,323437.0,52.009,2251
2025-01-13 09:30:00-05:00,52.07,52.43,52.0,52.43,56027.0,52.158,150
2025-01-13 09:35:00-05:00,52.45,52.69,52.4,52.52,41530.0,52.473,211
2025-01-13 09:40:00-05:00,52.59,52.78,52.54,52.76,43223.0,52.687,215
2025-01-13 09:45:00-05:00,52.76,52.86,52.73,52.77,21112.0,52.79,151
2025-01-13 09:50:00-05:00,52.77,52.84,52.59,52.69,103261.0,52.678,366
2025-01-13 09:55:00-05:00,52.73,52.98,52.73,52.98,61890.0,52.9,177
2025-01-13 10:00:00-05:00,53.02,53.12,52.93,53.08,44672.0,53.023,275
2025-01-13 10:05:00-05:00,53.08,53.08,53.0,53.01,9605.0,53.035,83
2025-01-13 10:10:00-05:00,53.03,53.14,52.96,53.1,16082.0,53.028,100
2025-01-13 10:15:00-05:00,53.11,53.12,53.05,53.08,12775.0,53.087,90
2025-01-13 10:20:00-05:00,53.1,53.11,52.84,52.84,41983.0,52.965,248
2025-01-13 10:25:00-05:00,52.84,52.92,52.76,52.77,17104.0,52.844,129
2025-01-13 10:30:00-05:00,52.77,52.82,52.7,52.72,31800.0,52.771,157
2025-01-13 10:35:00-05:00,52.72,52.81,52.65,52.68,11950.0,52.747,81
2025-01-13 10:40:00-05:00,52.68,52.8,52.62,52.78,9743.0,52.71,72
2025-01-13 10:45:00-05:00,52.75,52.78,52.64,52.68,35233.0,52.716,225
2025-01-13 10:50:00-05:00,52.64,52.76,52.64,52.71,15080.0,52.712,112
2025-01-13 10:55:00-05:00,52.71,52.79,52.71,52.76,9057.0,52.739,49
2025-01-13 11:00:00-05:00,52.76,52.76,52.7,52.7,17337.0,52.727,83
2025-01-13 11:05:00-05:00,52.69,52.92,52.68,52.87,11806.0,52.841,100
2025-01-13 11:10:00-05:00,52.86,52.89,52.78,52.82,4184.0,52.855,39
2025-01-13 11:15:00-05:00,52.84,52.94,52.8,52.88,9360.0,52.864,78
2025-01-13 11:20:00-05:00,52.87,52.93,52.85,52.89,7263.0,52.884,66
2025-01-13 11:25:00-05:00,52.89,52.9,52.81,52.81,6304.0,52.86,50
2025-01-13 11:30:00-05:00,52.81,52.85,52.73,52.74,9003.0,52.778,69
2025-01-13 11:35:00-05:00,52.72,52.72,52.67,52.67,6290.0,52.701,45
2025-01-13 11:40:00-05:00,52.68,52.8,52.68,52.79,5116.0,52.743,43
2025-01-13 11:45:00-05:00,52.82,52.82,52.69,52.69,9639.0,52.75,68
2025-01-13 11:50:00-05:00,52.71,52.79,52.69,52.79,9064.0,52.724,57
2025-01-13 11:55:00-05:00,52.77,52.77,52.63,52.64,5411.0,52.723,44
2025-01-13 12:00:00-05:00,52.63,52.76,52.63,52.67,9958.0,52.699,60
2025-01-13 12:05:00-05:00,52.69,52.78,52.67,52.77,7860.0,52.701,56
2025-01-13 12:10:00-05:00,52.78,52.83,52.7,52.82,36728.0,52.748,166
2025-01-13 12:15:00-05:00,52.83,52.9,52.82,52.89,6049.0,52.849,38
2025-01-13 12:20:00-05:00,52.89,53.02,52.88,52.96,16295.0,52.96,96
2025-01-13 12:25:00-05:00,52.95,52.96,52.83,52.85,36771.0,52.899,176
2025-01-13 12:30:00-05:00,52.85,52.93,52.84,52.87,7005.0,52.888,45
2025-01-13 12:35:00-05:00,52.84,52.93,52.83,52.85,9374.0,52.879,46
2025-01-13 12:40:00-05:00,52.83,52.85,52.8,52.83,17149.0,52.84,78
2025-01-13 12:45:00-05:00,52.83,52.85,52.8,52.8,37620.0,52.846,145
2025-01-13 12:50:00-05:00,52.8,52.85,52.8,52.85,5536.0,52.828,36
2025-01-13 12:55:00-05:00,52.85,52.94,52.85,52.94,20362.0,52.874,102
2025-01-13 13:00:00-05:00,52.93,52.95,52.87,52.88,21591.0,52.929,117
2025-01-13 13:05:00-05:00,52.87,52.96,52.85,52.96,5725.0,52.894,40
2025-01-13 13:10:00-05:00,52.96,52.99,52.94,52.97,12166.0,52.966,59
2025-01-13 13:15:00-05:00,52.98,53.02,52.96,52.97,14319.0,52.987,91
2025-01-13 13:20:00-05:00,52.97,52.99,52.95,52.98,23257.0,52.965,52
2025-01-13 13:25:00-05:00,52.96,53.15,52.95,53.15,30578.0,53.045,132
2025-01-13 13:30:00-05:00,53.14,53.26,53.13,53.25,14673.0,53.202,69
2025-01-13 13:35:00-05:00,53.26,53.3,53.2,53.25,34733.0,53.26,124
2025-01-13 13:40:00-05:00,53.25,53.27,53.15,53.18,15099.0,53.195,80
2025-01-13 13:45:00-05:00,53.15,53.28,53.15,53.28,7776.0,53.2,47
2025-01-13 13:50:00-05:00,53.29,53.29,53.23,53.25,9186.0,53.246,50
2025-01-13 13:55:00-05:00,53.25,53.29,53.2,53.29,13840.0,53.248,69
2025-01-13 14:00:00-05:00,53.29,53.32,53.26,53.28,20791.0,53.293,67
2025-01-13 14:05:00-05:00,53.28,53.36,53.27,53.3,42637.0,53.319,148
2025-01-13 14:10:00-05:00,53.3,53.46,53.29,53.41,28257.0,53.334,122
2025-01-13 14:15:00-05:00,53.4,53.4,53.3,53.3,9275.0,53.357,60
2025-01-13 14:20:00-05:00,53.31,53.36,53.29,53.35,6383.0,53.331,44
2025-01-13 14:25:00-05:00,53.33,53.38,53.33,53.36,8845.0,53.355,64
2025-01-13 14:30:00-05:00,53.36,53.36,53.21,53.23,16730.0,53.305,132
2025-01-13 14:35:00-05:00,53.23,53.23,53.15,53.19,11111.0,53.192,90
2025-01-13 14:40:00-05:00,53.18,53.29,53.15,53.25,30870.0,53.189,130
2025-01-13 14:45:00-05:00,53.25,53.25,53.15,53.18,8915.0,53.189,54
2025-01-13 14:50:00-05:00,53.18,53.19,53.14,53.19,6255.0,53.167,45
2025-01-13 14:55:00-05:00,53.23,53.29,53.2,53.27,10010.0,53.239,82
2025-01-13 15:00:00-05:00,53.24,53.25,53.08,53.18,41391.0,53.142,225
2025-01-13 15:05:00-05:00,53.2,53.29,53.2,53.26,6069.0,53.26,38
2025-01-13 15:10:00-05:00,53.27,53.3,53.24,53.25,19923.0,53.275,117
2025-01-13 15:15:00-05:00,53.25,53.26,53.18,53.25,14548.0,53.216,86
2025-01-13 15:20:00-05:00,53.25,53.29,53.19,53.29,28052.0,53.235,187
2025-01-13 15:25:00-05:00,53.29,53.32,53.27,53.3,13668.0,53.292,100
2025-01-13 15:30:00-05:00,53.3,53.3,53.2,53.22,25778.0,53.228,213
2025-01-13 15:35:00-05:00,53.2,53.28,53.15,53.25,52826.0,53.204,343
2025-01-13 15:40:00-05:00,53.25,53.31,53.18,53.18,37101.0,53.226,217
2025-01-13 15:45:00-05:00,53.2,53.27,53.17,53.21,42061.0,53.213,295
2025-01-13 15:50:00-05:00,53.18,53.32,53.18,53.2,40133.0,53.275,278
2025-01-13 15:55:00-05:00,53.2,53.28,53.16,53.26,218392.0,53.215,877
2025-01-14 09:30:00-05:00,53.44,53.64,53.34,53.63,31132.0,53.458,128
2025-01-14 09:35:00-05:00,53.6,53.69,53.52,53.62,16260.0,53.582,137
2025-01-14 09:40:00-05:00,53.64,53.7,53.54,53.7,20129.0,53.613,165
2025-01-14 09:45:00-05:00,53.7,53.79,53.61,53.61,16334.0,53.702,94
2025-01-14 09:50:00-05:00,53.61,53.64,53.53,53.57,10155.0,53.578,87
2025-01-14 09:55:00-05:00,53.57,53.6,53.45,53.54,7082.0,53.534,57
2025-01-14 10:00:00-05:00,53.54,53.64,53.51,53.57,40284.0,53.598,184
2025-01-14 10:05:00-05:00,53.57,53.65,53.56,53.57,11828.0,53.606,84
2025-01-14 10:10:00-05:00,53.59,53.64,53.46,53.52,21942.0,53.567,118
2025-01-14 10:15:00-05:00,53.54,53.56,53.52,53.52,6919.0,53.535,46
2025-01-14 10:20:00-05:00,53.5,53.61,53.46,53.61,9505.0,53.524,70
2025-01-14 10:25:00-05:00,53.61,53.61,53.53,53.57,13248.0,53.568,79
2025-01-14 10:30:00-05:00,53.59,53.62,53.52,53.6,10174.0,53.577,68
2025-01-14 10:35:00-05:00,53.6,53.66,53.59,53.65,7756.0,53.635,57
2025-01-14 10:40:00-05:00,53.65,53.65,53.58,53.59,12149.0,53.606,74
2025-01-14 10:45:00-05:00,53.61,53.62,53.53,53.59,11588.0,53.569,87
2025-01-14 10:50:00-05:00,53.58,53.65,53.54,53.65,18101.0,53.588,111
2025-01-14 10:55:00-05:00,53.65,53.72,53.65,53.68,9159.0,53.689,70
2025-01-14 11:00:00-05:00,53.67,53.69,53.57,53.58,9497.0,53.63,65
2025-01-14 11:05:00-05:00,53.56,53.58,53.55,53.55,7327.0,53.561,57
2025-01-14 11:10:00-05:00,53.55,53.56,53.51,53.51,5121.0,53.535,36
2025-01-14 11:15:00-05:00,53.51,53.57,53.44,53.53,17695.0,53.517,115
2025-01-14 11:20:00-05:00,53.53,53.54,53.48,53.52,9399.0,53.508,69
2025-01-14 11:25:00-05:00,53.52,53.59,53.49,53.51,16382.0,53.535,109
2025-01-14 11:30:00-05:00,53.48,53.6,53.48,53.59,4957.0,53.553,38
2025-01-14 11:35:00-05:00,53.57,53.65,53.57,53.65,5890.0,53.599,52
2025-01-14 11:40:00-05:00,53.65,53.65,53.6,53.6,13387.0,53.617,86
2025-01-14 11:45:00-05:00,53.61,53.65,53.59,53.63,10890.0,53.613,86
2025-01-14 11:50:00-05:00,53.61,53.71,53.58,53.7,11513.0,53.64,69
2025-01-14 11:55:00-05:00,53.7,53.73,53.61,53.69,15906.0,53.691,128
2025-01-14 12:00:00-05:00,53.7,53.75,53.66,53.73,9093.0,53.717,68
2025-01-14 12:05:00-05:00,53.72,53.82,53.67,53.76,18941.0,53.761,150
2025-01-14 12:10:00-05:00,53.76,53.81,53.74,53.77,7976.0,53.777,59
2025-01-14 12:15:00-05:00,53.77,53.87,53.76,53.83,15925.0,53.826,108
2025-01-14 12:20:00-05:00,53.82,53.82,53.73,53.74,8874.0,53.76,69
2025-01-14 12:25:00-05:00,53.75,53.83,53.74,53.77,9111.0,53.798,66
2025-01-14 12:30:00-05:00,53.76,53.78,53.72,53.76,10407.0,53.736,49
2025-01-14 12:35:00-05:00,53.78,53.86,53.78,53.85,6762.0,53.817,55
2025-01-14 12:40:00-05:00,53.85,53.91,53.85,53.89,8181.0,53.877,71
2025-01-14 12:45:00-05:00,53.89,53.93,53.87,53.92,7513.0,53.889,50
2025-01-14 12:50:00-05:00,53.93,53.94,53.86,53.86,11520.0,53.905,84
2025-01-14 12:55:00-05:00,53.86,53.88,53.82,53.88,6929.0,53.849,56
2025-01-14 13:00:00-05:00,53.88,53.92,53.88,53.89,7023.0,53.893,52
2025-01-14 13:05:00-05:00,53.9,53.97,53.88,53.96,7633.0,53.922,55
2025-01-14 13:10:00-05:00,53.96,53.99,53.96,53.96,10705.0,53.971,65
2025-01-14 13:15:00-05:00,53.96,53.99,53.96,53.98,6595.0,53.968,38
2025-01-14 13:20:00-05:00,53.97,54.02,53.97,54.02,6634.0,53.995,41
2025-01-14 13:25:00-05:00,54.03,54.08,54.02,54.08,6994.0,54.055,47
2025-01-14 13:30:00-05:00,54.09,54.15,54.09,54.12,9755.0,54.12,73
2025-01-14 13:35:00-05:00,54.11,54.18,54.09,54.14,17251.0,54.131,86
2025-01-14 13:40:00-05:00,54.14,54.21,54.13,54.2,5262.0,54.182,41
2025-01-14 13:45:00-05:00,54.19,54.21,54.18,54.19,5493.0,54.188,42
2025-01-14 13:50:00-05:00,54.18,54.2,54.16,54.18,6989.0,54.178,39
2025-01-14 13:55:00-05:00,54.18,54.24,54.18,54.22,12043.0,54.198,71
2025-01-14 14:00:00-05:00,54.21,54.24,54.16,54.19,11560.0,54.193,73
2025-01-14 14:05:00-05:00,54.18,54.25,54.17,54.24,14363.0,54.217,96
2025-01-14 14:10:00-05:00,54.24,54.26,54.23,54.25,10065.0,54.243,63
2025-01-14 14:15:00-05:00,54.23,54.27,54.23,54.26,10601.0,54.251,76
2025-01-14 14:20:00-05:00,54.26,54.3,54.25,54.28,8670.0,54.279,59
2025-01-14 14:25:00-05:00,54.28,54.29,54.22,54.25,10667.0,54.259,77
2025-01-14 14:30:00-05:00,54.23,54.33,54.23,54.32,10506.0,54.293,73
2025-01-14 14:35:00-05:00,54.32,54.35,54.3,54.3,25424.0,54.323,128
2025-01-14 14:40:00-05:00,54.29,54.31,54.24,54.3,11314.0,54.284,84
2025-01-14 14:45:00-05:00,54.3,54.31,54.24,54.26,12829.0,54.276,106
2025-01-14 14:50:00-05:00,54.26,54.28,54.22,54.23,13316.0,54.257,103
2025-01-14 14:55:00-05:00,54.22,54.23,54.1,54.11,17333.0,54.163,127
2025-01-14 15:00:00-05:00,54.12,54.14,54.04,54.06,19780.0,54.091,119
2025-01-14 15:05:00-05:00,54.07,54.11,54.04,54.09,9013.0,54.066,72
2025-01-14 15:10:00-05:00,54.08,54.15,54.06,54.13,15746.0,54.106,104
2025-01-14 15:15:00-05:00,54.13,54.17,54.08,54.08,15060.0,54.132,116
2025-01-14 15:20:00-05:00,54.09,54.2,54.09,54.16,18630.0,54.144,149
2025-01-14 15:25:00-05:00,54.17,54.19,54.14,54.15,16432.0,54.158,129
2025-01-14 15:30:00-05:00,54.16,54.18,54.12,54.16,21824.0,54.145,156
2025-01-14 15:35:00-05:00,54.16,54.23,54.13,54.16,23947.0,54.184,177
2025-01-14 15:40:00-05:00,54.16,54.19,54.14,54.19,17747.0,54.16,136
2025-01-14 15:45:00-05:00,54.2,54.28,54.16,54.27,41413.0,54.222,295
2025-01-14 15:50:00-05:00,54.27,54.34,54.22,54.3,67200.0,54.277,461
2025-01-14 15:55:00-05:00,54.29,54.4,54.28,54.38,195704.0,54.325,1051
2025-01-15 09:30:00-05:00,54.89,55.66,54.89,55.43,27359.0,55.433,61
2025-01-15 09:35:00-05:00,55.44,55.53,55.32,55.32,4444.0,55.377,31
2025-01-15 09:40:00-05:00,55.35,55.38,55.15,55.24,8247.0,55.247,56
2025-01-15 09:45:00-05:00,55.25,55.26,55.0,55.04,17468.0,55.113,106
2025-01-15 09:50:00-05:00,55.02,55.06,54.75,54.77,28474.0,54.87,137
2025-01-15 09:55:00-05:00,54.79,54.82,54.67,54.73,19699.0,54.755,141
2025-01-15 10:00:00-05:00,54.76,54.78,54.64,54.65,17276.0,54.726,116
2025-01-15 10:05:00-05:00,54.64,54.64,54.53,54.63,10115.0,54.593,80
2025-01-15 10:10:00-05:00,54.65,54.67,54.58,54.66,9581.0,54.631,75
2025-01-15 10:15:00-05:00,54.66,54.75,54.66,54.71,17011.0,54.707,127
2025-01-15 10:20:00-05:00,54.72,54.73,54.64,54.68,12111.0,54.703,96
2025-01-15 10:25:00-05:00,54.67,54.79,54.64,54.68,20061.0,54.706,104
2025-01-15 10:30:00-05:00,54.68,54.78,54.65,54.77,6655.0,54.711,52
2025-01-15 10:35:00-05:00,54.74,54.77,54.6,54.61,13548.0,54.698,96
2025-01-15 10:40:00-05:00,54.6,54.69,54.57,54.65,16969.0,54.657,94
2025-01-15 10:45:00-05:00,54.64,54.67,54.58,54.58,10342.0,54.624,83
2025-01-15 10:50:00-05:00,54.59,54.6,54.5,54.51,9143.0,54.563,69
2025-01-15 10:55:00-05:00,54.5,54.6,54.5,54.55,10718.0,54.54,75
2025-01-15 11:00:00-05:00,54.53,54.6,54.47,54.48,20070.0,54.552,89
2025-01-15 11:05:00-05:00,54.48,54.59,54.48,54.58,15374.0,54.548,115
2025-01-15 11:10:00-05:00,54.58,54.59,54.46,54.51,17873.0,54.509,120
2025-01-15 11:15:00-05:00,54.51,54.54,54.44,54.46,49838.0,54.469,245
2025-01-15 11:20:00-05:00,54.46,54.58,54.45,54.51,24410.0,54.501,184
2025-01-15 11:25:00-05:00,54.48,54.49,54.46,54.47,4405.0,54.476,37
2025-01-15 11:30:00-05:00,54.47,54.49,54.44,54.48,19307.0,54.459,139
2025-01-15 11:35:00-05:00,54.48,54.49,54.46,54.47,4813.0,54.477,35
2025-01-15 11:40:00-05:00,54.48,54.48,54.26,54.27,68785.0,54.41,397
2025-01-15 11:45:00-05:00,54.29,54.31,54.24,54.3,7047.0,54.281,46
2025-01-15 11:50:00-05:00,54.31,54.31,54.25,54.26,5677.0,54.273,43
2025-01-15 11:55:00-05:00,54.25,54.34,54.23,54.34,7901.0,54.274,54
2025-01-15 12:00:00-05:00,54.33,54.4,54.33,54.37,8192.0,54.369,55
2025-01-15 12:05:00-05:00,54.36,54.37,54.33,54.36,3787.0,54.351,28
2025-01-15 12:10:00-05:00,54.36,54.38,54.29,54.3,4582.0,54.336,39
2025-01-15 12:15:00-05:00,54.31,54.43,54.31,54.38,15483.0,54.39,99
2025-01-15 12:20:00-05:00,54.36,54.4,54.3,54.3,4374.0,54.363,35
2025-01-15 12:25:00-05:00,54.31,54.39,54.31,54.39,5420.0,54.353,41
2025-01-15 12:30:00-05:00,54.39,54.39,54.31,54.34,9041.0,54.354,70
2025-01-15 12:35:00-05:00,54.33,54.35,54.31,54.35,7820.0,54.338,53
2025-01-15 12:40:00-05:00,54.35,54.57,54.35,54.47,37400.0,54.464,186
2025-01-15 12:45:00-05:00,54.47,54.54,54.46,54.52,6243.0,54.5,43
2025-01-15 12:50:00-05:00,54.53,54.56,54.5,54.56,8486.0,54.518,56
2025-01-15 12:55:00-05:00,54.57,54.58,54.54,54.55,5308.0,54.554,41
2025-01-15 13:00:00-05:00,54.55,54.55,54.52,54.53,3976.0,54.537,37
2025-01-15 13:05:00-05:00,54.54,54.58,54.51,54.51,7707.0,54.544,46
2025-01-15 13:10:00-05:00,54.51,54.59,54.51,54.58,4401.0,54.553,33
2025-01-15 13:15:00-05:00,54.6,54.62,54.58,54.61,2044.0,54.606,15
2025-01-15 13:20:00-05:00,54.62,54.65,54.61,54.62,7115.0,54.626,44
2025-01-15 13:25:00-05:00,54.61,54.65,54.6,54.65,8964.0,54.626,47
2025-01-15 13:30:00-05:00,54.65,54.67,54.63,54.63,9013.0,54.653,59
2025-01-15 13:35:00-05:00,54.62,54.65,54.61,54.65,4514.0,54.63,34
2025-01-15 13:40:00-05:00,54.65,54.66,54.61,54.63,14382.0,54.636,86
2025-01-15 13:45:00-05:00,54.62,54.63,54.55,54.56,6523.0,54.593,52
2025-01-15 13:50:00-05:00,54.57,54.6,54.53,54.58,8311.0,54.567,59
2025-01-15 13:55:00-05:00,54.59,54.64,54.57,54.58,10043.0,54.598,63
2025-01-15 14:00:00-05:00,54.59,54.67,54.57,54.64,32389.0,54.632,203
2025-01-15 14:05:00-05:00,54.64,54.65,54.55,54.58,9265.0,54.601,57
2025-01-15 14:10:00-05:00,54.56,54.59,54.56,54.58,7507.0,54.566,51
2025-01-15 14:15:00-05:00,54.57,54.57,54.42,54.42,13452.0,54.507,88
2025-01-15 14:20:00-05:00,54.43,54.46,54.36,54.36,39311.0,54.427,248
2025-01-15 14:25:00-05:00,54.33,54.47,54.33,54.42,29461.0,54.405,206
2025-01-15 14:30:00-05:00,54.43,54.53,54.43,54.5,21628.0,54.487,166
2025-01-15 14:35:00-05:00,54.5,54.5,54.36,54.42,21592.0,54.427,168
2025-01-15 14:40:00-05:00,54.43,54.44,54.28,54.28,30340.0,54.377,231
2025-01-15 14:45:00-05:00,54.29,54.35,54.21,54.21,17483.0,54.301,131
2025-01-15 14:50:00-05:00,54.22,54.34,54.22,54.29,34847.0,54.287,216
2025-01-15 14:55:00-05:00,54.3,54.39,54.3,54.33,24529.0,54.337,200
2025-01-15 15:00:00-05:00,54.33,54.34,54.25,54.3,25227.0,54.29,156
2025-01-15 15:05:00-05:00,54.3,54.31,54.21,54.23,17367.0,54.26,131
2025-01-15 15:10:00-05:00,54.23,54.25,54.15,54.16,33683.0,54.198,207
2025-01-15 15:15:00-05:00,54.16,54.16,54.06,54.06,39858.0,54.114,237
2025-01-15 15:20:00-05:00,54.05,54.28,54.04,54.24,62521.0,54.127,303
2025-01-15 15:25:00-05:00,54.23,54.24,54.15,54.18,26298.0,54.181,208
2025-01-15 15:30:00-05:00,54.19,54.2,54.12,54.12,30054.0,54.168,240
2025-01-15 15:35:00-05:00,54.12,54.16,54.07,54.11,47098.0,54.113,332
2025-01-15 15:40:00-05:00,54.11,54.11,54.05,54.08,43449.0,54.086,337
2025-01-15 15:45:00-05:00,54.09,54.14,54.07,54.12,48831.0,54.104,336
2025-01-15 15:50:00-05:00,54.12,54.22,54.12,54.15,87825.0,54.157,545
2025-01-15 15:55:00-05:00,54.15,54.28,54.13,54.26,207013.0,54.229,1003
2025-01-16 09:30:00-05:00,53.42,53.82,53.08,53.73,58031.0,53.499,163
2025-01-16 09:35:00-05:00,53.68,53.89,53.6,53.75,17818.0,53.771,159
2025-01-16 09:40:00-05:00,53.76,53.9,53.67,53.67,19824.0,53.794,172
2025-01-16 09:45:00-05:00,53.67,53.81,53.63,53.64,16184.0,53.714,128
2025-01-16 09:50:00-05:00,53.64,53.66,53.46,53.6,15375.0,53.566,123
2025-01-16 09:55:00-05:00,53.6,53.6,53.44,53.5,18271.0,53.504,122
2025-01-16 10:00:00-05:00,53.52,53.56,53.41,53.41,13495.0,53.491,107
2025-01-16 10:05:00-05:00,53.43,53.63,53.41,53.61,43598.0,53.471,136
2025-01-16 10:10:00-05:00,53.61,53.65,53.49,53.6,10147.0,53.575,78
2025-01-16 10:15:00-05:00,53.59,53.7,53.56,53.69,8389.0,53.618,76
2025-01-16 10:20:00-05:00,53.69,53.75,53.65,53.73,7142.0,53.695,50
2025-01-16 10:25:00-05:00,53.71,53.76,53.65,53.76,8978.0,53.7,72
2025-01-16 10:30:00-05:00,53.76,53.86,53.72,53.82,11525.0,53.816,87
2025-01-16 10:35:00-05:00,53.82,53.87,53.81,53.86,9590.0,53.836,82
2025-01-16 10:40:00-05:00,53.85,53.85,53.75,53.81,9599.0,53.794,62
2025-01-16 10:45:00-05:00,53.8,53.98,53.8,53.93,17870.0,53.896,121
2025-01-16 10:50:00-05:00,53.93,53.96,53.9,53.9,9743.0,53.935,71
2025-01-16 10:55:00-05:00,53.9,53.97,53.9,53.94,10534.0,53.942,76
2025-01-16 11:00:00-05:00,53.96,54.03,53.95,54.02,11007.0,53.989,86
2025-01-16 11:05:00-05:00,54.02,54.15,53.99,54.15,9013.0,54.09,69
2025-01-16 11:10:00-05:00,54.15,54.17,54.09,54.1,13168.0,54.123,105
2025-01-16 11:15:00-05:00,54.09,54.12,54.08,54.12,7603.0,54.105,63
2025-01-16 11:20:00-05:00,54.13,54.25,54.1,54.23,11490.0,54.149,69
2025-01-16 11:25:00-05:00,54.23,54.26,54.19,54.25,11536.0,54.227,81
2025-01-16 11:30:00-05:00,54.25,54.27,54.19,54.21,10132.0,54.238,66
2025-01-16 11:35:00-05:00,54.25,54.25,54.23,54.24,7015.0,54.245,53
2025-01-16 11:40:00-05:00,54.24,54.25,54.2,54.2,7315.0,54.221,64
2025-01-16 11:45:00-05:00,54.22,54.37,54.21,54.36,11143.0,54.296,69
2025-01-16 11:50:00-05:00,54.38,54.42,54.36,54.39,8684.0,54.399,67
2025-01-16 11:55:00-05:00,54.39,54.39,54.31,54.31,7887.0,54.357,68
2025-01-16 12:00:00-05:00,54.31,54.36,54.24,54.25,13068.0,54.327,71
2025-01-16 12:05:00-05:00,54.26,54.32,54.26,54.3,8273.0,54.289,63
2025-01-16 12:10:00-05:00,54.3,54.34,54.3,54.34,7925.0,54.324,57
2025-01-16 12:15:00-05:00,54.34,54.34,54.3,54.33,10039.0,54.325,72
2025-01-16 12:20:00-05:00,54.33,54.33,54.19,54.25,51128.0,54.281,130
2025-01-16 12:25:00-05:00,54.3,54.34,54.21,54.29,92242.0,54.297,129
2025-01-16 12:30:00-05:00,54.3,54.31,54.18,54.19,11184.0,54.262,89
2025-01-16 12:35:00-05:00,54.2,54.21,54.13,54.15,14477.0,54.167,76
2025-01-16 12:40:00-05:00,54.15,54.17,54.12,54.16,7312.0,54.137,59
2025-01-16 12:45:00-05:00,54.17,54.26,54.17,54.25,7505.0,54.223,45
2025-01-16 12:50:00-05:00,54.25,54.25,54.18,54.2,10320.0,54.213,61
2025-01-16 12:55:00-05:00,54.2,54.24,54.17,54.23,8932.0,54.205,70
2025-01-16 13:00:00-05:00,54.23,54.23,54.14,54.15,8461.0,54.185,62
2025-01-16 13:05:00-05:00,54.16,54.18,54.14,54.18,3909.0,54.166,33
2025-01-16 13:10:00-05:00,54.17,54.23,54.17,54.21,9812.0,54.2,73
2025-01-16 13:15:00-05:00,54.22,54.29,54.22,54.29,9842.0,54.249,70
2025-01-16 13:20:00-05:00,54.3,54.33,54.22,54.27,10882.0,54.282,92
2025-01-16 13:25:00-05:00,54.27,54.3,54.25,54.28,10102.0,54.275,73
2025-01-16 13:30:00-05:00,54.27,54.29,54.16,54.22,22244.0,54.242,134
2025-01-16 13:35:00-05:00,54.22,54.25,54.17,54.19,8389.0,54.212,67
2025-01-16 13:40:00-05:00,54.19,54.23,54.18,54.21,6141.0,54.204,52
2025-01-16 13:45:00-05:00,54.21,54.25,54.15,54.24,12915.0,54.195,93
2025-01-16 13:50:00-05:00,54.25,54.27,54.21,54.27,12826.0,54.236,92
2025-01-16 13:55:00-05:00,54.27,54.28,54.13,54.21,48700.0,54.243,106
2025-01-16 14:00:00-05:00,54.22,54.31,54.21,54.3,7221.0,54.247,55
2025-01-16 14:05:00-05:00,54.3,54.3,54.2,54.2,8763.0,54.236,71
2025-01-16 14:10:00-05:00,54.19,54.25,54.16,54.19,13313.0,54.199,100
2025-01-16 14:15:00-05:00,54.2,54.34,54.2,54.34,15480.0,54.253,82
2025-01-16 14:20:00-05:00,54.33,54.35,54.26,54.26,8324.0,54.316,71
2025-01-16 14:25:00-05:00,54.27,54.33,54.25,54.3,20128.0,54.313,109
2025-01-16 14:30:00-05:00,54.3,54.3,54.24,54.29,12645.0,54.268,88
2025-01-16 14:35:00-05:00,54.28,54.28,54.22,54.22,14149.0,54.243,106
2025-01-16 14:40:00-05:00,54.22,54.22,54.15,54.15,20424.0,54.188,110
2025-01-16 14:45:00-05:00,54.15,54.15,54.05,54.05,59566.0,54.1,327
2025-01-16 14:50:00-05:00,54.05,54.08,54.03,54.03,24843.0,54.054,190
2025-01-16 14:55:00-05:00,54.02,54.1,54.01,54.06,22390.0,54.055,179
2025-01-16 15:00:00-05:00,54.06,54.12,54.05,54.09,9167.0,54.102,68
2025-01-16 15:05:00-05:00,54.1,54.12,54.06,54.07,19970.0,54.093,128
2025-01-16 15:10:00-05:00,54.07,54.08,54.05,54.05,13142.0,54.061,91
2025-01-16 15:15:00-05:00,54.05,54.07,54.01,54.03,12252.0,54.039,79
2025-01-16 15:20:00-05:00,54.03,54.04,54.0,54.0,14583.0,54.021,100
2025-01-16 15:25:00-05:00,54.01,54.03,53.94,53.95,13510.0,54.006,83
2025-01-16 15:30:00-05:00,53.95,54.11,53.95,54.11,21460.0,54.022,136
2025-01-16 15:35:00-05:00,54.11,54.14,54.09,54.13,17271.0,54.12,104
2025-01-16 15:40:00-05:00,54.13,54.16,54.08,54.09,22364.0,54.127,152
2025-01-16 15:45:00-05:00,54.09,54.13,54.01,54.13,23935.0,54.053,168
2025-01-16 15:50:00-05:00,54.15,54.21,54.14,54.18,27011.0,54.18,206
2025-01-16 15:55:00-05:00,54.17,54.26,54.12,54.25,99690.0,54.205,586
2025-01-17 09:30:00-05:00,54.69,54.79,54.31,54.68,202452.0,54.731,141
2025-01-17 09:35:00-05:00,54.65,54.74,54.52,54.62,13228.0,54.618,106
2025-01-17 09:40:00-05:00,54.65,54.8,54.63,54.71,11289.0,54.716,80
2025-01-17 09:45:00-05:00,54.72,54.78,54.67,54.74,12261.0,54.74,86
2025-01-17 09:50:00-05:00,54.72,54.74,54.61,54.64,7962.0,54.676,54
2025-01-17 09:55:00-05:00,54.65,54.7,54.56,54.65,15258.0,54.632,98
2025-01-17 10:00:00-05:00,54.6,54.64,54.48,54.49,11922.0,54.571,80
2025-01-17 10:05:00-05:00,54.51,54.54,54.32,54.42,11142.0,54.429,81
2025-01-17 10:10:00-05:00,54.44,54.54,54.41,54.45,12626.0,54.47,98
2025-01-17 10:15:00-05:00,54.48,54.55,54.48,54.54,11033.0,54.514,83
2025-01-17 10:20:00-05:00,54.54,54.62,54.53,54.56,16668.0,54.566,109
2025-01-17 10:25:00-05:00,54.56,54.62,54.52,54.62,11484.0,54.569,78
2025-01-17 10:30:00-05:00,54.61,54.66,54.61,54.61,16965.0,54.634,117
2025-01-17 10:35:00-05:00,54.63,54.63,54.6,54.61,11018.0,54.617,82
2025-01-17 10:40:00-05:00,54.61,54.64,54.57,54.63,9524.0,54.599,68
2025-01-17 10:45:00-05:00,54.64,54.67,54.61,54.67,18013.0,54.645,126
2025-01-17 10:50:00-05:00,54.67,54.67,54.61,54.63,7381.0,54.651,57
2025-01-17 10:55:00-05:00,54.64,54.69,54.62,54.65,16515.0,54.662,117
2025-01-17 11:00:00-05:00,54.65,54.74,54.64,54.74,16487.0,54.686,113
2025-01-17 11:05:00-05:00,54.73,54.76,54.65,54.75,47466.0,54.702,312
2025-01-17 11:10:00-05:00,54.74,54.74,54.64,54.7,10143.0,54.685,79
2025-01-17 11:15:00-05:00,54.7,54.79,54.7,54.74,10985.0,54.758,69
2025-01-17 11:20:00-05:00,54.75,54.8,54.73,54.77,8566.0,54.764,66
2025-01-17 11:25:00-05:00,54.77,54.77,54.67,54.71,7313.0,54.745,49
2025-01-17 11:30:00-05:00,54.72,54.81,54.72,54.75,13400.0,54.775,80
2025-01-17 11:35:00-05:00,54.76,54.85,54.74,54.78,34413.0,54.782,101
2025-01-17 11:40:00-05:00,54.78,54.87,54.77,54.87,8602.0,54.818,59
2025-01-17 11:45:00-05:00,54.87,54.87,54.83,54.83,8847.0,54.846,60
2025-01-17 11:50:00-05:00,54.84,54.84,54.76,54.77,15199.0,54.797,96
2025-01-17 11:55:00-05:00,54.78,54.78,54.73,54.77,15803.0,54.757,98
2025-01-17 12:00:00-05:00,54.77,54.86,54.72,54.83,23241.0,54.766,117
2025-01-17 12:05:00-05:00,54.83,54.84,54.79,54.83,7361.0,54.816,50
2025-01-17 12:10:00-05:00,54.82,54.86,54.81,54.84,8758.0,54.842,63
2025-01-17 12:15:00-05:00,54.85,54.86,54.83,54.85,6619.0,54.844,45
2025-01-17 12:20:00-05:00,54.85,54.88,54.8,54.82,10793.0,54.844,73
2025-01-17 12:25:00-05:00,54.83,54.83,54.78,54.8,7042.0,54.802,39
2025-01-17 12:30:00-05:00,54.8,54.8,54.7,54.72,15342.0,54.751,88
2025-01-17 12:35:00-05:00,54.71,54.73,54.67,54.73,6645.0,54.703,55
2025-01-17 12:40:00-05:00,54.72,54.73,54.65,54.67,7546.0,54.7,50
2025-01-17 12:45:00-05:00,54.66,54.68,54.66,54.66,3734.0,54.673,23
2025-01-17 12:50:00-05:00,54.66,54.67,54.64,54.67,4304.0,54.658,28
2025-01-17 12:55:00-05:00,54.66,54.68,54.65,54.66,8385.0,54.661,49
2025-01-17 13:00:00-05:00,54.65,54.66,54.57,54.57,8590.0,54.629,53
2025-01-17 13:05:00-05:00,54.58,54.61,54.56,54.61,9746.0,54.585,60
2025-01-17 13:10:00-05:00,54.62,54.63,54.58,54.59,8525.0,54.595,35
2025-01-17 13:15:00-05:00,54.58,54.58,54.53,54.55,5691.0,54.564,33
2025-01-17 13:20:00-05:00,54.55,54.61,54.55,54.57,12507.0,54.582,77
2025-01-17 13:25:00-05:00,54.58,54.59,54.5,54.51,19269.0,54.519,66
2025-01-17 13:30:00-05:00,54.51,54.51,54.45,54.46,5096.0,54.48,41
2025-01-17 13:35:00-05:00,54.46,54.48,54.42,54.45,8699.0,54.452,43
2025-01-17 13:40:00-05:00,54.44,54.48,54.43,54.47,9525.0,54.464,61
2025-01-17 13:45:00-05:00,54.48,54.53,54.47,54.51,27470.0,54.493,94
2025-01-17 13:50:00-05:00,54.51,54.51,54.46,54.49,7164.0,54.487,53
2025-01-17 13:55:00-05:00,54.49,54.5,54.44,54.46,7426.0,54.465,46
2025-01-17 14:00:00-05:00,54.46,54.5,54.44,54.5,11572.0,54.471,61
2025-01-17 14:05:00-05:00,54.49,54.51,54.46,54.49,13252.0,54.488,73
2025-01-17 14:10:00-05:00,54.5,54.51,54.47,54.48,9918.0,54.491,75
2025-01-17 14:15:00-05:00,54.48,54.51,54.47,54.49,10696.0,54.49,68
2025-01-17 14:20:00-05:00,54.5,54.54,54.5,54.54,7210.0,54.509,30
2025-01-17 14:25:00-05:00,54.54,54.56,54.51,54.55,8211.0,54.542,48
2025-01-17 14:30:00-05:00,54.55,54.57,54.51,54.52,10984.0,54.548,70
2025-01-17 14:35:00-05:00,54.52,54.55,54.51,54.53,10179.0,54.525,55
2025-01-17 14:40:00-05:00,54.53,54.55,54.44,54.48,14151.0,54.5,88
2025-01-17 14:45:00-05:00,54.48,54.5,54.48,54.48,3972.0,54.489,24
2025-01-17 14:50:00-05:00,54.48,54.52,54.48,54.52,12621.0,54.493,84
2025-01-17 14:55:00-05:00,54.51,54.51,54.47,54.48,7076.0,54.484,43
2025-01-17 15:00:00-05:00,54.47,54.47,54.4,54.4,21107.0,54.436,116
2025-01-17 15:05:00-05:00,54.41,54.43,54.38,54.39,13577.0,54.394,57
2025-01-17 15:10:00-05:00,54.4,54.45,54.39,54.44,7079.0,54.423,40
2025-01-17 15:15:00-05:00,54.45,54.45,54.4,54.43,17838.0,54.421,114
2025-01-17 15:20:00-05:00,54.42,54.46,54.41,54.42,15883.0,54.437,96
2025-01-17 15:25:00-05:00,54.41,54.42,54.36,54.41,14182.0,54.393,86
2025-01-17 15:30:00-05:00,54.41,54.48,54.38,54.47,28869.0,54.442,138
2025-01-17 15:35:00-05:00,54.46,54.46,54.39,54.41,28026.0,54.413,150
2025-01-17 15:40:00-05:00,54.41,54.41,54.31,54.32,39497.0,54.367,215
2025-01-17 15:45:00-05:00,54.32,54.41,54.32,54.32,34200.0,54.37,241
2025-01-17 15:50:00-05:00,54.34,54.39,54.32,54.38,54771.0,54.352,311
2025-01-17 15:55:00-05:00,54.37,54.41,54.27,54.3,127795.0,54.324,752
2025-01-21 09:30:00-05:00,54.5,54.72,54.37,54.66,29244.0,54.531,64
2025-01-21 09:35:00-05:00,54.63,54.7,54.55,54.65,2617.0,54.615,25
2025-01-21 09:40:00-05:00,54.61,54.91,54.61,54.9,2538.0,54.777,17
2025-01-21 09:45:00-05:00,54.88,54.96,54.75,54.77,17423.0,54.875,120
2025-01-21 09:50:00-05:00,54.72,54.78,54.64,54.68,9927.0,54.702,74
2025-01-21 09:55:00-05:00,54.65,54.73,54.61,54.73,9325.0,54.662,74
2025-01-21 10:00:00-05:00,54.71,54.78,54.64,54.75,12213.0,54.695,68
2025-01-21 10:05:00-05:00,54.74,54.78,54.69,54.76,10330.0,54.736,72
2025-01-21 10:10:00-05:00,54.79,55.04,54.78,55.04,31390.0,54.901,187
2025-01-21 10:15:00-05:00,55.07,55.27,55.07,55.25,23071.0,55.2,110
2025-01-21 10:20:00-05:00,55.25,55.35,55.17,55.3,17069.0,55.253,109
2025-01-21 10:25:00-05:00,55.3,55.32,55.22,55.22,15991.0,55.293,103
2025-01-21 10:30:00-05:00,55.21,55.38,55.21,55.35,18895.0,55.301,133
2025-01-21 10:35:00-05:00,55.37,55.39,55.23,55.25,25054.0,55.357,168
2025-01-21 10:40:00-05:00,55.29,55.29,55.2,55.23,3522.0,55.241,27
2025-01-21 10:45:00-05:00,55.23,55.27,55.16,55.18,10519.0,55.204,71
2025-01-21 10:50:00-05:00,55.18,55.23,55.15,55.2,12733.0,55.188,85
2025-01-21 10:55:00-05:00,55.22,55.22,55.16,55.2,9775.0,55.195,65
2025-01-21 11:00:00-05:00,55.22,55.23,55.07,55.13,14567.0,55.183,79
2025-01-21 11:05:00-05:00,55.12,55.17,55.11,55.13,15875.0,55.143,65
2025-01-21 11:10:00-05:00,55.13,55.17,55.09,55.16,7098.0,55.127,56
2025-01-21 11:15:00-05:00,55.15,55.24,55.14,55.23,11344.0,55.206,70
2025-01-21 11:20:00-05:00,55.23,55.29,55.21,55.29,6564.0,55.243,50
2025-01-21 11:25:00-05:00,55.29,55.33,55.26,55.28,8198.0,55.294,55
2025-01-21 11:30:00-05:00,55.26,55.29,55.26,55.27,7802.0,55.274,52
2025-01-21 11:35:00-05:00,55.27,55.3,55.27,55.28,8016.0,55.285,55
2025-01-21 11:40:00-05:00,55.28,55.4,55.26,55.32,27751.0,55.331,114
2025-01-21 11:45:00-05:00,55.31,55.33,55.28,55.32,8873.0,55.305,63
2025-01-21 11:50:00-05:00,55.33,55.33,55.23,55.25,56538.0,55.259,183
2025-01-21 11:55:00-05:00,55.25,55.27,55.23,55.23,18434.0,55.258,137
2025-01-21 12:00:00-05:00,55.23,55.27,55.18,55.2,14318.0,55.223,84
2025-01-21 12:05:00-05:00,55.2,55.22,55.17,55.18,13662.0,55.195,71
2025-01-21 12:10:00-05:00,55.17,55.2,55.16,55.18,16235.0,55.173,96
2025-01-21 12:15:00-05:00,55.18,55.2,55.12,55.18,23318.0,55.158,138
2025-01-21 12:20:00-05:00,55.18,55.24,55.17,55.23,11125.0,55.192,79
2025-01-21 12:25:00-05:00,55.23,55.26,55.22,55.23,8513.0,55.242,60
2025-01-21 12:30:00-05:00,55.23,55.26,55.2,55.22,10404.0,55.228,57
2025-01-21 12:35:00-05:00,55.23,55.26,55.2,55.23,11251.0,55.232,65
2025-01-21 12:40:00-05:00,55.23,55.24,55.2,55.22,15019.0,55.22,86
2025-01-21 12:45:00-05:00,55.22,55.26,55.19,55.22,13064.0,55.227,98
2025-01-21 12:50:00-05:00,55.22,55.22,55.15,55.15,9180.0,55.173,74
2025-01-21 12:55:00-05:00,55.16,55.17,55.13,55.14,9008.0,55.151,71
2025-01-21 13:00:00-05:00,55.14,55.15,55.07,55.12,10424.0,55.122,63
2025-01-21 13:05:00-05:00,55.12,55.13,55.09,55.09,15764.0,55.112,57
2025-01-21 13:10:00-05:00,55.11,55.11,55.0,55.01,10134.0,55.058,80
2025-01-21 13:15:00-05:00,54.99,55.02,54.99,55.01,2843.0,55.006,23
2025-01-21 13:20:00-05:00,55.01,55.04,55.0,55.01,8351.0,55.021,63
2025-01-21 13:25:00-05:00,55.0,55.01,54.99,55.01,4605.0,55.003,31
2025-01-21 13:30:00-05:00,55.01,55.02,55.0,55.01,6051.0,55.006,40
2025-01-21 13:35:00-05:00,55.0,55.01,54.87,54.87,47981.0,54.984,145
2025-01-21 13:40:00-05:00,54.87,54.93,54.87,54.93,6008.0,54.89,40
2025-01-21 13:45:00-05:00,54.92,54.93,54.89,54.89,8265.0,54.913,65
2025-01-21 13:50:00-05:00,54.9,54.92,54.89,54.91,6304.0,54.907,49
2025-01-21 13:55:00-05:00,54.91,54.99,54.89,54.98,8450.0,54.929,61
2025-01-21 14:00:00-05:00,54.98,55.02,54.98,55.01,8446.0,54.999,59
2025-01-21 14:05:00-05:00,55.01,55.03,54.97,54.98,16693.0,55.007,112
2025-01-21 14:10:00-05:00,54.99,55.04,54.97,55.01,7307.0,54.995,52
2025-01-21 14:15:00-05:00,55.01,55.02,54.99,55.0,9021.0,55.005,67
2025-01-21 14:20:00-05:00,55.0,55.0,54.98,54.98,4610.0,54.993,33
2025-01-21 14:25:00-05:00,54.99,55.02,54.93,55.02,16376.0,54.963,117
2025-01-21 14:30:00-05:00,55.02,55.03,55.0,55.01,8973.0,55.016,62
2025-01-21 14:35:00-05:00,55.0,55.01,54.99,55.0,7024.0,55.001,57
2025-01-21 14:40:00-05:00,55.0,55.01,54.96,54.97,10339.0,54.985,81
2025-01-21 14:45:00-05:00,54.96,55.01,54.96,54.99,13735.0,54.987,72
2025-01-21 14:50:00-05:00,55.0,55.01,54.99,55.0,17074.0,55.0,109
2025-01-21 14:55:00-05:00,55.0,55.01,54.99,55.01,4677.0,55.0,30
2025-01-21 15:00:00-05:00,55.0,55.01,54.99,55.0,16271.0,54.996,119
2025-01-21 15:05:00-05:00,55.01,55.02,55.0,55.01,4332.0,55.006,27
2025-01-21 15:10:00-05:00,55.01,55.02,55.0,55.02,3465.0,55.009,23
2025-01-21 15:15:00-05:00,55.0,55.03,55.0,55.03,14551.0,55.01,87
2025-01-21 15:20:00-05:00,55.03,55.04,55.0,55.01,19491.0,55.018,115
2025-01-21 15:25:00-05:00,55.01,55.09,55.0,55.07,17257.0,55.057,74
2025-01-21 15:30:00-05:00,55.06,55.08,55.04,55.05,22740.0,55.055,150
2025-01-21 15:35:00-05:00,55.05,55.1,54.99,55.07,22924.0,55.04,173
2025-01-21 15:40:00-05:00,55.06,55.1,55.02,55.09,12854.0,55.052,88
2025-01-21 15:45:00-05:00,55.1,55.1,55.01,55.05,37007.0,55.057,286
2025-01-21 15:50:00-05:00,55.04,55.11,54.97,54.98,69589.0,55.05,479
2025-01-21 15:55:00-05:00,55.0,55.06,54.99,55.05,132902.0,55.019,854
2025-01-22 09:30:00-05:00,54.8,54.8,54.3,54.55,61103.0,54.71,194
2025-01-22 09:35:00-05:00,54.57,54.64,54.5,54.51,6258.0,54.554,51
2025-01-22 09:40:00-05:00,54.55,54.63,54.48,54.5,11352.0,54.575,70
2025-01-22 09:45:00-05:00,54.5,54.72,54.5,54.7,29204.0,54.617,150
2025-01-22 09:50:00-05:00,54.67,54.73,54.63,54.65,7291.0,54.672,60
2025-01-22 09:55:00-05:00,54.67,54.73,54.56,54.65,9125.0,54.651,59
2025-01-22 10:00:00-05:00,54.66,54.75,54.66,54.73,9959.0,54.709,65
2025-01-22 10:05:00-05:00,54.74,54.83,54.73,54.82,13491.0,54.784,111
2025-01-22 10:10:00-05:00,54.83,54.83,54.74,54.78,11009.0,54.784,89
2025-01-22 10:15:00-05:00,54.79,54.83,54.77,54.79,6711.0,54.8,59
2025-01-22 10:20:00-05:00,54.8,54.87,54.77,54.8,14066.0,54.814,99
2025-01-22 10:25:00-05:00,54.81,54.81,54.74,54.75,5783.0,54.768,49
2025-01-22 10:30:00-05:00,54.74,54.75,54.64,54.64,4434.0,54.676,39
2025-01-22 10:35:00-05:00,54.65,54.7,54.64,54.65,9785.0,54.675,81
2025-01-22 10:40:00-05:00,54.64,54.67,54.61,54.65,6911.0,54.637,53
2025-01-22 10:45:00-05:00,54.65,54.7,54.64,54.7,12308.0,54.67,102
2025-01-22 10:50:00-05:00,54.71,54.76,54.71,54.76,3447.0,54.731,29
2025-01-22 10:55:00-05:00,54.75,54.81,54.75,54.81,15186.0,54.78,112
2025-01-22 11:00:00-05:00,54.79,54.79,54.68,54.73,15735.0,54.731,130
2025-01-22 11:05:00-05:00,54.73,54.77,54.66,54.69,20358.0,54.734,172
2025-01-22 11:10:00-05:00,54.69,54.76,54.68,54.71,16432.0,54.728,132
2025-01-22 11:15:00-05:00,54.71,54.72,54.68,54.68,10317.0,54.703,82
2025-01-22 11:20:00-05:00,54.7,54.7,54.66,54.68,6084.0,54.676,47
2025-01-22 11:25:00-05:00,54.66,54.7,54.66,54.68,11585.0,54.679,93
2025-01-22 11:30:00-05:00,54.68,54.74,54.67,54.71,8243.0,54.712,57
2025-01-22 11:35:00-05:00,54.7,54.72,54.66,54.7,8230.0,54.69,58
2025-01-22 11:40:00-05:00,54.7,54.71,54.61,54.61,7135.0,54.675,59
2025-01-22 11:45:00-05:00,54.61,54.63,54.58,54.6,8605.0,54.603,47
2025-01-22 11:50:00-05:00,54.6,54.64,54.58,54.61,9408.0,54.617,64
2025-01-22 11:55:00-05:00,54.6,54.6,54.54,54.54,25960.0,54.566,189
2025-01-22 12:00:00-05:00,54.54,54.69,54.53,54.69,13472.0,54.608,103
2025-01-22 12:05:00-05:00,54.69,54.69,54.63,54.65,7310.0,54.658,60
2025-01-22 12:10:00-05:00,54.66,54.67,54.55,54.55,95815.0,54.586,446
2025-01-22 12:15:00-05:00,54.55,54.63,54.54,54.61,10462.0,54.606,66
2025-01-22 12:20:00-05:00,54.62,54.63,54.53,54.56,34554.0,54.567,188
2025-01-22 12:25:00-05:00,54.55,54.58,54.46,54.5,74745.0,54.533,499
2025-01-22 12:30:00-05:00,54.5,54.53,54.44,54.45,15294.0,54.498,109
2025-01-22 12:35:00-05:00,54.45,54.53,54.44,54.52,30261.0,54.477,159
2025-01-22 12:40:00-05:00,54.51,54.54,54.48,54.5,18288.0,54.509,140
2025-01-22 12:45:00-05:00,54.5,54.5,54.45,54.48,17906.0,54.469,129
2025-01-22 12:50:00-05:00,54.48,54.53,54.44,54.53,22770.0,54.472,150
2025-01-22 12:55:00-05:00,54.53,54.55,54.49,54.5,9808.0,54.516,83
2025-01-22 13:00:00-05:00,54.49,54.53,54.47,54.51,18179.0,54.501,97
2025-01-22 13:05:00-05:00,54.51,54.55,54.51,54.53,15509.0,54.525,88
2025-01-22 13:10:00-05:00,54.53,54.56,54.52,54.55,6703.0,54.539,56
2025-01-22 13:15:00-05:00,54.56,54.58,54.55,54.57,8334.0,54.569,57
2025-01-22 13:20:00-05:00,54.56,54.6,54.54,54.59,17562.0,54.566,115
2025-01-22 13:25:00-05:00,54.59,54.61,54.57,54.58,17969.0,54.591,89
2025-01-22 13:30:00-05:00,54.59,54.63,54.57,54.57,13703.0,54.598,88
2025-01-22 13:35:00-05:00,54.57,54.59,54.56,54.58,11434.0,54.579,82
2025-01-22 13:40:00-05:00,54.58,54.59,54.57,54.57,9720.0,54.581,74
2025-01-22 13:45:00-05:00,54.58,54.62,54.57,54.61,10632.0,54.588,83
2025-01-22 13:50:00-05:00,54.61,54.66,54.6,54.66,14731.0,54.624,89
2025-01-22 13:55:00-05:00,54.65,54.65,54.59,54.6,13192.0,54.633,93
2025-01-22 14:00:00-05:00,54.6,54.6,54.53,54.57,16733.0,54.552,97
2025-01-22 14:05:00-05:00,54.57,54.57,54.53,54.54,7461.0,54.553,53
2025-01-22 14:10:00-05:00,54.54,54.54,54.49,54.52,6896.0,54.521,51
2025-01-22 14:15:00-05:00,54.51,54.53,54.51,54.53,8425.0,54.517,62
2025-01-22 14:20:00-05:00,54.53,54.53,54.46,54.5,24465.0,54.499,155
2025-01-22 14:25:00-05:00,54.5,54.5,54.46,54.47,6034.0,54.477,48
2025-01-22 14:30:00-05:00,54.47,54.51,54.46,54.5,11265.0,54.487,62
2025-01-22 14:35:00-05:00,54.5,54.5,54.49,54.5,12724.0,54.496,86
2025-01-22 14:40:00-05:00,54.5,54.57,54.49,54.53,25389.0,54.541,122
2025-01-22 14:45:00-05:00,54.54,54.56,54.51,54.55,15700.0,54.529,106
2025-01-22 14:50:00-05:00,54.55,54.56,54.47,54.52,23814.0,54.516,129
2025-01-22 14:55:00-05:00,54.52,54.54,54.49,54.51,9934.0,54.508,59
2025-01-22 15:00:00-05:00,54.52,54.52,54.49,54.5,17129.0,54.502,127
2025-01-22 15:05:00-05:00,54.5,54.55,54.49,54.55,12293.0,54.523,73
2025-01-22 15:10:00-05:00,54.55,54.61,54.54,54.6,28527.0,54.573,190
2025-01-22 15:15:00-05:00,54.59,54.59,54.51,54.55,22658.0,54.55,150
2025-01-22 15:20:00-05:00,54.55,54.56,54.53,54.54,17121.0,54.543,108
2025-01-22 15:25:00-05:00,54.54,54.54,54.5,54.51,15208.0,54.529,101
2025-01-22 15:30:00-05:00,54.5,54.54,54.5,54.53,18813.0,54.515,110
2025-01-22 15:35:00-05:00,54.52,54.53,54.48,54.52,28168.0,54.514,188
2025-01-22 15:40:00-05:00,54.52,54.52,54.5,54.5,24438.0,54.507,139
2025-01-22 15:45:00-05:00,54.51,54.51,54.4,54.41,94004.0,54.454,389
2025-01-22 15:50:00-05:00,54.42,54.46,54.34,54.35,49322.0,54.393,334
2025-01-22 15:55:00-05:00,54.34,54.4,54.27,54.31,186728.0,54.321,1206
2025-01-23 09:30:00-05:00,54.49,54.66,54.4,54.48,22462.0,54.498,38
2025-01-23 09:35:00-05:00,54.42,54.55,54.41,54.49,9295.0,54.448,63
2025-01-23 09:40:00-05:00,54.5,54.51,54.42,54.46,11337.0,54.451,81
2025-01-23 09:45:00-05:00,54.5,54.56,54.26,54.27,21287.0,54.487,114
2025-01-23 09:50:00-05:00,54.27,54.34,54.26,54.34,3259.0,54.306,25
2025-01-23 09:55:00-05:00,54.35,54.4,54.32,54.37,15189.0,54.362,105
2025-01-23 10:00:00-05:00,54.37,54.4,54.3,54.3,11593.0,54.357,90
2025-01-23 10:05:00-05:00,54.3,54.32,54.28,54.28,6191.0,54.293,55
2025-01-23 10:10:00-05:00,54.3,54.34,54.28,54.3,15179.0,54.309,92
2025-01-23 10:15:00-05:00,54.28,54.31,54.2,54.3,12751.0,54.27,68
2025-01-23 10:20:00-05:00,54.3,54.32,54.27,54.3,8806.0,54.29,74
2025-01-23 10:25:00-05:00,54.3,54.34,54.24,54.26,12699.0,54.294,102
2025-01-23 10:30:00-05:00,54.24,54.32,54.24,54.3,14031.0,54.269,110
2025-01-23 10:35:00-05:00,54.3,54.35,54.3,54.33,8120.0,54.323,68
2025-01-23 10:40:00-05:00,54.34,54.48,54.33,54.48,39571.0,54.399,92
2025-01-23 10:45:00-05:00,54.49,54.5,54.45,54.48,13349.0,54.466,99
2025-01-23 10:50:00-05:00,54.48,54.61,54.47,54.61,9038.0,54.555,55
2025-01-23 10:55:00-05:00,54.62,54.62,54.54,54.56,26610.0,54.582,152
2025-01-23 11:00:00-05:00,54.56,54.6,54.44,54.46,47607.0,54.534,239
2025-01-23 11:05:00-05:00,54.46,54.56,54.45,54.5,61438.0,54.498,279
2025-01-23 11:10:00-05:00,54.51,54.52,54.39,54.42,34238.0,54.443,204
2025-01-23 11:15:00-05:00,54.43,54.58,54.42,54.57,71577.0,54.505,292
2025-01-23 11:20:00-05:00,54.56,54.65,54.52,54.64,35925.0,54.588,197
2025-01-23 11:25:00-05:00,54.63,54.64,54.52,54.54,23359.0,54.563,149
2025-01-23 11:30:00-05:00,54.54,54.58,54.54,54.56,13573.0,54.561,99
2025-01-23 11:35:00-05:00,54.55,54.65,54.54,54.58,17089.0,54.594,122
2025-01-23 11:40:00-05:00,54.58,54.58,54.54,54.58,8637.0,54.565,53
2025-01-23 11:45:00-05:00,54.6,54.66,54.6,54.61,13907.0,54.628,106
2025-01-23 11:50:00-05:00,54.62,54.65,54.61,54.64,5348.0,54.629,38
2025-01-23 11:55:00-05:00,54.63,54.66,54.63,54.64,8575.0,54.637,69
2025-01-23 12:00:00-05:00,54.64,54.72,54.64,54.7,17088.0,54.666,109
2025-01-23 12:05:00-05:00,54.7,54.72,54.7,54.7,3565.0,54.703,27
2025-01-23 12:10:00-05:00,54.7,54.74,54.69,54.73,5629.0,54.719,34
2025-01-23 12:15:00-05:00,54.73,54.74,54.7,54.7,20788.0,54.717,123
2025-01-23 12:20:00-05:00,54.72,54.82,54.71,54.82,34587.0,54.757,91
2025-01-23 12:25:00-05:00,54.82,54.82,54.77,54.8,10774.0,54.791,77
2025-01-23 12:30:00-05:00,54.81,54.84,54.79,54.82,11310.0,54.814,79
2025-01-23 12:35:00-05:00,54.83,54.86,54.76,54.76,10356.0,54.817,71
2025-01-23 12:40:00-05:00,54.76,54.79,54.73,54.79,6145.0,54.759,41
2025-01-23 12:45:00-05:00,54.79,54.82,54.76,54.82,27588.0,54.778,96
2025-01-23 12:50:00-05:00,54.82,54.84,54.76,54.78,11011.0,54.802,85
2025-01-23 12:55:00-05:00,54.78,54.78,54.76,54.77,5896.0,54.773,56
2025-01-23 13:00:00-05:00,54.77,54.82,54.76,54.82,10874.0,54.794,81
2025-01-23 13:05:00-05:00,54.81,54.81,54.79,54.8,6031.0,54.802,30
2025-01-23 13:10:00-05:00,54.8,54.82,54.8,54.81,2893.0,54.809,17
2025-01-23 13:15:00-05:00,54.8,54.81,54.75,54.76,10438.0,54.786,66
2025-01-23 13:20:00-05:00,54.76,54.81,54.76,54.8,13244.0,54.778,67
2025-01-23 13:25:00-05:00,54.8,54.88,54.75,54.87,47907.0,54.785,136
2025-01-23 13:30:00-05:00,54.88,54.91,54.86,54.88,11278.0,54.889,76
2025-01-23 13:35:00-05:00,54.88,54.92,54.87,54.91,3613.0,54.903,29
2025-01-23 13:40:00-05:00,54.9,54.98,54.9,54.97,11401.0,54.934,49
2025-01-23 13:45:00-05:00,54.98,55.13,54.97,55.13,47774.0,55.022,122
2025-01-23 13:50:00-05:00,55.13,55.17,55.02,55.16,20152.0,55.101,110
2025-01-23 13:55:00-05:00,55.16,55.2,55.15,55.16,8180.0,55.178,67
2025-01-23 14:00:00-05:00,55.15,55.19,55.13,55.19,6964.0,55.15,51
2025-01-23 14:05:00-05:00,55.18,55.22,55.14,55.21,10685.0,55.183,77
2025-01-23 14:10:00-05:00,55.22,55.23,55.17,55.18,3957.0,55.201,34
2025-01-23 14:15:00-05:00,55.18,55.19,55.17,55.17,6653.0,55.172,54
2025-01-23 14:20:00-05:00,55.17,55.17,55.14,55.15,7696.0,55.151,60
2025-01-23 14:25:00-05:00,55.14,55.17,55.11,55.17,13780.0,55.132,88
2025-01-23 14:30:00-05:00,55.18,55.24,55.17,55.23,5515.0,55.217,48
2025-01-23 14:35:00-05:00,55.23,55.24,55.15,55.15,10440.0,55.202,76
2025-01-23 14:40:00-05:00,55.14,55.14,55.07,55.11,11294.0,55.106,87
2025-01-23 14:45:00-05:00,55.1,55.11,55.09,55.09,6220.0,55.097,51
2025-01-23 14:50:00-05:00,55.09,55.09,55.05,55.06,14173.0,55.066,98
2025-01-23 14:55:00-05:00,55.06,55.08,55.01,55.04,11583.0,55.044,85
2025-01-23 15:00:00-05:00,55.04,55.08,55.03,55.08,11390.0,55.05,100
2025-01-23 15:05:00-05:00,55.08,55.09,55.05,55.05,12330.0,55.068,86
2025-01-23 15:10:00-05:00,55.06,55.14,55.06,55.12,27557.0,55.104,183
2025-01-23 15:15:00-05:00,55.12,55.2,55.09,55.13,27223.0,55.147,174
2025-01-23 15:20:00-05:00,55.12,55.16,55.12,55.14,12946.0,55.137,104
2025-01-23 15:25:00-05:00,55.14,55.2,55.13,55.14,20428.0,55.172,167
2025-01-23 15:30:00-05:00,55.15,55.15,55.05,55.05,23802.0,55.104,202
2025-01-23 15:35:00-05:00,55.05,55.05,55.0,55.02,29101.0,55.023,187
2025-01-23 15:40:00-05:00,55.02,55.03,55.0,55.01,23420.0,55.011,173
2025-01-23 15:45:00-05:00,55.0,55.08,54.99,55.05,38011.0,55.04,288
2025-01-23 15:50:00-05:00,55.06,55.14,55.06,55.11,34297.0,55.106,246
2025-01-23 15:55:00-05:00,55.11,55.24,55.08,55.2,134482.0,55.142,816
2025-01-24 09:30:00-05:00,55.49,55.85,55.28,55.65,32209.0,55.556,87
2025-01-24 09:35:00-05:00,55.65,55.66,55.49,55.49,9091.0,55.593,75
2025-01-24 09:40:00-05:00,55.56,55.62,55.36,55.37,9564.0,55.545,81
2025-01-24 09:45:00-05:00,55.36,55.41,55.24,55.25,9644.0,55.334,79
2025-01-24 09:50:00-05:00,55.24,55.3,55.19,55.22,5060.0,55.252,46
2025-01-24 09:55:00-05:00,55.19,55.26,55.15,55.25,13933.0,55.203,96
2025-01-24 10:00:00-05:00,55.23,55.31,55.19,55.3,15843.0,55.249,96
2025-01-24 10:05:00-05:00,55.3,55.31,55.26,55.3,5825.0,55.298,49
2025-01-24 10:10:00-05:00,55.3,55.34,55.23,55.33,11776.0,55.289,88
2025-01-24 10:15:00-05:00,55.33,55.5,55.33,55.46,9135.0,55.439,72
2025-01-24 10:20:00-05:00,55.5,55.52,55.41,55.41,8468.0,55.478,66
2025-01-24 10:25:00-05:00,55.42,55.51,55.42,55.49,5797.0,55.472,44
2025-01-24 10:30:00-05:00,55.49,55.52,55.44,55.47,11233.0,55.486,75
2025-01-24 10:35:00-05:00,55.49,55.55,55.48,55.5,8559.0,55.52,60
2025-01-24 10:40:00-05:00,55.5,55.59,55.49,55.54,10631.0,55.557,93
2025-01-24 10:45:00-05:00,55.55,55.57,55.53,55.57,6058.0,55.554,48
2025-01-24 10:50:00-05:00,55.58,55.58,55.54,55.54,7264.0,55.555,40
2025-01-24 10:55:00-05:00,55.54,55.55,55.46,55.51,6672.0,55.506,53
2025-01-24 11:00:00-05:00,55.5,55.51,55.46,55.51,12143.0,55.497,26
2025-01-24 11:05:00-05:00,55.52,55.53,55.44,55.44,7659.0,55.488,59
2025-01-24 11:10:00-05:00,55.42,55.46,55.42,55.46,4280.0,55.447,26
2025-01-24 11:15:00-05:00,55.47,55.54,55.45,55.51,7900.0,55.505,67
2025-01-24 11:20:00-05:00,55.51,55.54,55.48,55.53,5537.0,55.508,45
2025-01-24 11:25:00-05:00,55.53,55.54,55.5,55.51,9154.0,55.517,61
2025-01-24 11:30:00-05:00,55.52,55.57,55.52,55.56,4808.0,55.544,33
2025-01-24 11:35:00-05:00,55.57,55.57,55.51,55.52,4083.0,55.532,23
2025-01-24 11:40:00-05:00,55.51,55.56,55.51,55.55,8526.0,55.539,46
2025-01-24 11:45:00-05:00,55.54,55.55,55.5,55.5,5576.0,55.524,38
2025-01-24 11:50:00-05:00,55.5,55.51,55.44,55.47,11458.0,55.483,40
2025-01-24 11:55:00-05:00,55.47,55.55,55.46,55.53,11312.0,55.51,74
2025-01-24 12:00:00-05:00,55.53,55.56,55.51,55.56,4658.0,55.541,22
2025-01-24 12:05:00-05:00,55.55,55.59,55.55,55.56,9479.0,55.577,40
2025-01-24 12:10:00-05:00,55.56,55.58,55.48,55.48,7713.0,55.528,51
2025-01-24 12:15:00-05:00,55.49,55.53,55.48,55.48,5573.0,55.5,39
2025-01-24 12:20:00-05:00,55.48,55.56,55.48,55.55,5789.0,55.535,38
2025-01-24 12:25:00-05:00,55.55,55.57,55.51,55.51,11602.0,55.547,87
2025-01-24 12:30:00-05:00,55.51,55.51,55.49,55.51,3632.0,55.502,27
2025-01-24 12:35:00-05:00,55.51,55.58,55.51,55.57,6963.0,55.541,49
2025-01-24 12:40:00-05:00,55.57,55.57,55.53,55.54,6278.0,55.547,40
2025-01-24 12:45:00-05:00,55.54,55.54,55.51,55.52,6183.0,55.523,37
2025-01-24 12:50:00-05:00,55.51,55.51,55.46,55.46,4359.0,55.48,33
2025-01-24 12:55:00-05:00,55.46,55.47,55.41,55.41,7502.0,55.441,56
2025-01-24 13:00:00-05:00,55.42,55.45,55.42,55.43,5188.0,55.434,41
2025-01-24 13:05:00-05:00,55.43,55.45,55.33,55.36,32060.0,55.371,184
2025-01-24 13:10:00-05:00,55.36,55.38,55.32,55.38,6484.0,55.346,41
2025-01-24 13:15:00-05:00,55.39,55.4,55.32,55.33,18008.0,55.353,70
2025-01-24 13:20:00-05:00,55.33,55.34,55.28,55.28,14491.0,55.309,118
2025-01-24 13:25:00-05:00,55.28,55.28,55.21,55.22,18180.0,55.243,63
2025-01-24 13:30:00-05:00,55.22,55.23,55.2,55.2,10621.0,55.218,88
2025-01-24 13:35:00-05:00,55.19,55.25,55.19,55.23,13320.0,55.222,110
2025-01-24 13:40:00-05:00,55.23,55.32,55.22,55.31,18039.0,55.273,85
2025-01-24 13:45:00-05:00,55.31,55.35,55.3,55.3,5860.0,55.322,37
2025-01-24 13:50:00-05:00,55.3,55.38,55.3,55.36,10110.0,55.36,42
2025-01-24 13:55:00-05:00,55.37,55.37,55.3,55.35,10333.0,55.333,73
2025-01-24 14:00:00-05:00,55.37,55.39,55.34,55.34,4155.0,55.37,30
2025-01-24 14:05:00-05:00,55.33,55.34,55.28,55.28,6455.0,55.319,39
2025-01-24 14:10:00-05:00,55.28,55.28,55.22,55.23,4153.0,55.253,35
2025-01-24 14:15:00-05:00,55.23,55.33,55.22,55.31,7889.0,55.283,57
2025-01-24 14:20:00-05:00,55.29,55.31,55.28,55.3,4070.0,55.297,25
2025-01-24 14:25:00-05:00,55.31,55.35,55.31,55.33,3131.0,55.329,18
2025-01-24 14:30:00-05:00,55.34,55.37,55.33,55.37,3351.0,55.348,24
2025-01-24 14:35:00-05:00,55.36,55.37,55.32,55.33,7370.0,55.348,38
2025-01-24 14:40:00-05:00,55.34,55.34,55.3,55.33,14367.0,55.326,46
2025-01-24 14:45:00-05:00,55.32,55.32,55.2,55.21,4745.0,55.263,38
2025-01-24 14:50:00-05:00,55.2,55.26,55.19,55.19,7089.0,55.237,55
2025-01-24 14:55:00-05:00,55.19,55.2,55.15,55.17,7139.0,55.175,58
2025-01-24 15:00:00-05:00,55.17,55.2,55.15,55.19,8765.0,55.172,63
2025-01-24 15:05:00-05:00,55.19,55.19,55.16,55.16,6090.0,55.169,42
2025-01-24 15:10:00-05:00,55.16,55.19,55.15,55.18,7433.0,55.172,46
2025-01-24 15:15:00-05:00,55.19,55.2,55.17,55.18,8261.0,55.188,53
2025-01-24 15:20:00-05:00,55.18,55.29,55.18,55.25,16914.0,55.255,104
2025-01-24 15:25:00-05:00,55.25,55.26,55.17,55.2,10770.0,55.2,72
2025-01-24 15:30:00-05:00,55.2,55.2,55.07,55.07,35956.0,55.133,113
2025-01-24 15:35:00-05:00,55.07,55.13,55.04,55.11,18798.0,55.083,133
2025-01-24 15:40:00-05:00,55.11,55.13,55.09,55.12,24469.0,55.116,153
2025-01-24 15:45:00-05:00,55.11,55.12,54.98,54.98,23561.0,55.054,167
2025-01-24 15:50:00-05:00,54.99,55.06,54.94,54.95,52435.0,55.012,278
2025-01-24 15:55:00-05:00,54.95,55.03,54.94,55.0,114415.0,54.986,669
2025-01-27 09:30:00-05:00,55.48,55.9,55.08,55.83,46421.0,55.555,150
2025-01-27 09:35:00-05:00,55.81,55.99,55.78,55.94,4977.0,55.905,43
2025-01-27 09:40:00-05:00,55.9,56.12,55.86,56.05,16521.0,55.982,93
2025-01-27 09:45:00-05:00,56.07,56.07,55.86,55.92,9893.0,55.944,61
2025-01-27 09:50:00-05:00,55.92,56.08,55.91,55.96,12379.0,56.0,66
2025-01-27 09:55:00-05:00,55.95,55.98,55.74,55.77,18021.0,55.86,104
2025-01-27 10:00:00-05:00,55.76,55.79,55.59,55.63,12089.0,55.679,78
2025-01-27 10:05:00-05:00,55.66,55.69,55.6,55.63,8818.0,55.645,59
2025-01-27 10:10:00-05:00,55.63,55.63,55.52,55.53,6720.0,55.589,47
2025-01-27 10:15:00-05:00,55.56,55.65,55.49,55.65,5355.0,55.569,45
2025-01-27 10:20:00-05:00,55.63,55.75,55.62,55.65,8896.0,55.692,49
2025-01-27 10:25:00-05:00,55.67,55.72,55.59,55.61,7039.0,55.641,52
2025-01-27 10:30:00-05:00,55.61,55.68,55.6,55.65,9500.0,55.635,80
2025-01-27 10:35:00-05:00,55.67,55.71,55.61,55.65,8638.0,55.665,63
2025-01-27 10:40:00-05:00,55.67,55.67,55.58,55.62,7869.0,55.628,64
2025-01-27 10:45:00-05:00,55.61,55.63,55.55,55.56,7887.0,55.584,56
2025-01-27 10:50:00-05:00,55.59,55.63,55.57,55.62,2797.0,55.61,25
2025-01-27 10:55:00-05:00,55.63,55.64,55.61,55.64,6041.0,55.625,46
2025-01-27 11:00:00-05:00,55.63,55.66,55.59,55.65,7690.0,55.63,55
2025-01-27 11:05:00-05:00,55.67,55.83,55.66,55.83,9111.0,55.735,55
2025-01-27 11:10:00-05:00,55.8,55.86,55.77,55.86,10213.0,55.814,57
2025-01-27 11:15:00-05:00,55.85,55.93,55.85,55.93,3684.0,55.874,31
2025-01-27 11:20:00-05:00,55.95,56.03,55.95,56.01,12098.0,55.987,54
2025-01-27 11:25:00-05:00,56.0,56.11,55.98,56.07,13990.0,56.057,73
2025-01-27 11:30:00-05:00,56.07,56.14,56.06,56.14,11951.0,56.1,47
2025-01-27 11:35:00-05:00,56.16,56.31,56.12,56.24,20883.0,56.224,96
2025-01-27 11:40:00-05:00,56.23,56.23,56.13,56.18,11659.0,56.154,64
2025-01-27 11:45:00-05:00,56.19,56.24,56.12,56.15,13212.0,56.164,77
2025-01-27 11:50:00-05:00,56.16,56.32,56.12,56.32,18067.0,56.173,96
2025-01-27 11:55:00-05:00,56.32,56.34,56.23,56.23,33406.0,56.28,199
2025-01-27 12:00:00-05:00,56.22,56.28,56.18,56.23,13610.0,56.238,96
2025-01-27 12:05:00-05:00,56.23,56.32,56.2,56.31,34546.0,56.255,96
2025-01-27 12:10:00-05:00,56.33,56.35,56.32,56.35,9680.0,56.334,66
2025-01-27 12:15:00-05:00,56.34,56.41,56.33,56.41,17466.0,56.348,138
2025-01-27 12:20:00-05:00,56.42,56.56,56.41,56.44,30669.0,56.491,207
2025-01-27 12:25:00-05:00,56.43,56.43,56.32,56.34,9770.0,56.375,72
2025-01-27 12:30:00-05:00,56.35,56.37,56.24,56.29,13407.0,56.291,62
2025-01-27 12:35:00-05:00,56.32,56.35,56.32,56.33,6822.0,56.333,41
2025-01-27 12:40:00-05:00,56.33,56.38,56.32,56.33,9468.0,56.346,52
2025-01-27 12:45:00-05:00,56.34,56.35,56.3,56.31,10537.0,56.325,76
2025-01-27 12:50:00-05:00,56.29,56.36,56.29,56.31,5975.0,56.325,49
2025-01-27 12:55:00-05:00,56.33,56.37,56.27,56.31,10418.0,56.324,87
2025-01-27 13:00:00-05:00,56.28,56.37,56.23,56.24,22796.0,56.314,118
2025-01-27 13:05:00-05:00,56.24,56.35,56.24,56.25,8345.0,56.295,71
2025-01-27 13:10:00-05:00,56.25,56.26,56.2,56.23,6165.0,56.234,54
2025-01-27 13:15:00-05:00,56.22,56.32,56.22,56.3,10781.0,56.268,83
2025-01-27 13:20:00-05:00,56.3,56.34,56.28,56.33,8494.0,56.3,63
2025-01-27 13:25:00-05:00,56.34,56.36,56.31,56.36,16919.0,56.333,116
2025-01-27 13:30:00-05:00,56.35,56.36,56.29,56.31,9724.0,56.321,80
2025-01-27 13:35:00-05:00,56.32,56.32,56.29,56.32,11678.0,56.306,86
2025-01-27 13:40:00-05:00,56.32,56.39,56.29,56.38,12080.0,56.349,99
2025-01-27 13:45:00-05:00,56.39,56.39,56.33,56.36,14017.0,56.355,110
2025-01-27 13:50:00-05:00,56.36,56.42,56.35,56.38,13279.0,56.387,100
2025-01-27 13:55:00-05:00,56.38,56.39,56.29,56.33,23515.0,56.334,120
2025-01-27 14:00:00-05:00,56.33,56.44,56.33,56.44,14227.0,56.405,100
2025-01-27 14:05:00-05:00,56.43,56.53,56.4,56.43,21803.0,56.449,151
2025-01-27 14:10:00-05:00,56.42,56.43,56.42,56.42,2988.0,56.423,23
2025-01-27 14:15:00-05:00,56.43,56.5,56.43,56.5,10129.0,56.473,74
2025-01-27 14:20:00-05:00,56.49,56.54,56.49,56.51,11690.0,56.52,64
2025-01-27 14:25:00-05:00,56.51,56.51,56.46,56.47,9954.0,56.49,66
2025-01-27 14:30:00-05:00,56.46,56.58,56.46,56.56,15257.0,56.545,98
2025-01-27 14:35:00-05:00,56.57,56.65,56.56,56.64,12276.0,56.612,73
2025-01-27 14:40:00-05:00,56.64,56.69,56.63,56.68,18788.0,56.668,97
2025-01-27 14:45:00-05:00,56.68,56.7,56.55,56.56,15865.0,56.628,104
2025-01-27 14:50:00-05:00,56.56,56.6,56.56,56.59,5135.0,56.588,46
2025-01-27 14:55:00-05:00,56.58,56.59,56.55,56.57,17575.0,56.574,116
2025-01-27 15:00:00-05:00,56.57,56.59,56.5,56.5,11063.0,56.553,91
2025-01-27 15:05:00-05:00,56.49,56.49,56.41,56.41,7872.0,56.446,61
2025-01-27 15:10:00-05:00,56.41,56.46,56.41,56.45,13318.0,56.436,97
2025-01-27 15:15:00-05:00,56.45,56.51,56.4,56.47,17518.0,56.455,115
2025-01-27 15:20:00-05:00,56.48,56.55,56.47,56.54,13144.0,56.513,99
2025-01-27 15:25:00-05:00,56.53,56.54,56.45,56.48,13318.0,56.493,108
2025-01-27 15:30:00-05:00,56.48,56.49,56.38,56.45,18788.0,56.43,155
2025-01-27 15:35:00-05:00,56.45,56.46,56.36,56.39,15318.0,56.404,122
2025-01-27 15:40:00-05:00,56.39,56.46,56.39,56.45,24947.0,56.437,193
2025-01-27 15:45:00-05:00,56.45,56.48,56.41,56.48,27022.0,56.457,200
2025-01-27 15:50:00-05:00,56.48,56.52,56.4,56.45,33759.0,56.452,262
2025-01-27 15:55:00-05:00,56.45,56.57,56.45,56.54,118625.0,56.513,731
2025-01-28 09:30:00-05:00,56.2,56.38,56.06,56.3,21130.0,56.207,40
2025-01-28 09:35:00-05:00,56.21,56.41,56.21,56.33,5529.0,56.299,42
2025-01-28 09:40:00-05:00,56.33,56.5,56.33,56.43,5227.0,56.436,35
2025-01-28 09:45:00-05:00,56.43,56.49,56.24,56.27,9329.0,56.371,60
2025-01-28 09:50:00-05:00,56.23,56.29,56.21,56.22,7496.0,56.247,50
2025-01-28 09:55:00-05:00,56.21,56.21,56.02,56.12,3928.0,56.091,33
2025-01-28 10:00:00-05:00,56.12,56.16,56.03,56.16,9843.0,56.083,57
2025-01-28 10:05:00-05:00,56.18,56.34,56.12,56.34,13626.0,56.233,87
2025-01-28 10:10:00-05:00,56.33,56.36,56.3,56.32,7664.0,56.322,54
2025-01-28 10:15:00-05:00,56.31,56.36,56.29,56.33,14185.0,56.327,95
2025-01-28 10:20:00-05:00,56.33,56.37,56.29,56.3,5738.0,56.341,37
2025-01-28 10:25:00-05:00,56.28,56.3,56.24,56.27,10241.0,56.278,69
2025-01-28 10:30:00-05:00,56.27,56.37,56.27,56.36,10115.0,56.342,79
2025-01-28 10:35:00-05:00,56.37,56.45,56.34,56.42,14277.0,56.398,105
2025-01-28 10:40:00-05:00,56.42,56.46,56.38,56.46,5785.0,56.434,50
2025-01-28 10:45:00-05:00,56.47,56.5,56.45,56.5,4410.0,56.473,33
2025-01-28 10:50:00-05:00,56.5,56.62,56.5,56.58,13220.0,56.586,84
2025-01-28 10:55:00-05:00,56.56,56.59,56.49,56.52,20430.0,56.532,82
2025-01-28 11:00:00-05:00,56.53,56.56,56.49,56.49,9256.0,56.531,56
2025-01-28 11:05:00-05:00,56.49,56.51,56.42,56.47,7469.0,56.468,53
2025-01-28 11:10:00-05:00,56.43,56.45,56.41,56.41,9629.0,56.426,56
2025-01-28 11:15:00-05:00,56.4,56.4,56.29,56.32,15683.0,56.358,69
2025-01-28 11:20:00-05:00,56.32,56.33,56.25,56.25,8701.0,56.3,76
2025-01-28 11:25:00-05:00,56.25,56.26,56.09,56.11,13295.0,56.159,77
2025-01-28 11:30:00-05:00,56.11,56.12,56.06,56.08,7410.0,56.098,54
2025-01-28 11:35:00-05:00,56.07,56.08,56.01,56.08,10403.0,56.041,48
2025-01-28 11:40:00-05:00,56.07,56.13,56.06,56.09,8386.0,56.081,60
2025-01-28 11:45:00-05:00,56.08,56.14,56.07,56.13,7215.0,56.096,64
2025-01-28 11:50:00-05:00,56.13,56.14,56.05,56.09,10435.0,56.1,72
2025-01-28 11:55:00-05:00,56.08,56.14,56.07,56.11,7806.0,56.108,47
2025-01-28 12:00:00-05:00,56.12,56.12,56.02,56.02,7827.0,56.056,60
2025-01-28 12:05:00-05:00,56.03,56.06,56.01,56.05,8975.0,56.036,72
2025-01-28 12:10:00-05:00,56.06,56.07,55.98,55.98,12597.0,56.033,75
2025-01-28 12:15:00-05:00,56.0,56.0,55.89,55.89,7888.0,55.962,56
2025-01-28 12:20:00-05:00,55.87,55.91,55.87,55.9,10889.0,55.896,83
2025-01-28 12:25:00-05:00,55.91,55.93,55.85,55.85,9982.0,55.897,69
2025-01-28 12:30:00-05:00,55.83,55.89,55.8,55.85,10331.0,55.849,78
2025-01-28 12:35:00-05:00,55.85,55.87,55.82,55.82,6968.0,55.85,56
2025-01-28 12:40:00-05:00,55.8,55.87,55.8,55.86,4564.0,55.828,35
2025-01-28 12:45:00-05:00,55.86,55.9,55.85,55.9,5849.0,55.864,38
2025-01-28 12:50:00-05:00,55.94,55.95,55.91,55.93,6023.0,55.933,41
2025-01-28 12:55:00-05:00,55.93,55.94,55.91,55.94,1432.0,55.919,10
2025-01-28 13:00:00-05:00,55.91,55.93,55.88,55.92,7915.0,55.907,50
2025-01-28 13:05:00-05:00,55.91,55.93,55.9,55.93,8196.0,55.909,48
2025-01-28 13:10:00-05:00,55.94,55.97,55.94,55.96,5074.0,55.954,35
2025-01-28 13:15:00-05:00,55.95,55.96,55.91,55.92,4410.0,55.936,34
2025-01-28 13:20:00-05:00,55.92,55.93,55.91,55.91,4833.0,55.92,29
2025-01-28 13:25:00-05:00,55.92,55.94,55.89,55.93,12248.0,55.917,98
2025-01-28 13:30:00-05:00,55.93,55.99,55.93,55.98,10189.0,55.975,74
2025-01-28 13:35:00-05:00,55.98,55.98,55.91,55.91,3987.0,55.946,31
2025-01-28 13:40:00-05:00,55.91,55.91,55.84,55.88,32301.0,55.86,177
2025-01-28 13:45:00-05:00,55.88,55.89,55.78,55.82,57489.0,55.845,281
2025-01-28 13:50:00-05:00,55.83,55.83,55.76,55.76,8132.0,55.793,61
2025-01-28 13:55:00-05:00,55.75,55.78,55.74,55.76,6238.0,55.764,48
2025-01-28 14:00:00-05:00,55.76,55.76,55.64,55.67,54488.0,55.695,102
2025-01-28 14:05:00-05:00,55.68,55.68,55.58,55.6,24433.0,55.62,157
2025-01-28 14:10:00-05:00,55.59,55.64,55.56,55.56,11782.0,55.593,66
2025-01-28 14:15:00-05:00,55.55,55.57,55.53,55.53,4917.0,55.542,33
2025-01-28 14:20:00-05:00,55.54,55.54,55.52,55.53,5837.0,55.528,33
2025-01-28 14:25:00-05:00,55.54,55.6,55.54,55.6,8964.0,55.576,68
2025-01-28 14:30:00-05:00,55.61,55.69,55.61,55.66,8449.0,55.661,51
2025-01-28 14:35:00-05:00,55.68,55.68,55.6,55.6,8908.0,55.644,64
2025-01-28 14:40:00-05:00,55.63,55.63,55.59,55.61,5246.0,55.609,45
2025-01-28 14:45:00-05:00,55.6,55.64,55.58,55.6,18002.0,55.608,133
2025-01-28 14:50:00-05:00,55.63,55.65,55.57,55.65,8960.0,55.617,40
2025-01-28 14:55:00-05:00,55.65,55.66,55.63,55.65,9754.0,55.649,76
2025-01-28 15:00:00-05:00,55.66,55.7,55.65,55.69,19706.0,55.68,125
2025-01-28 15:05:00-05:00,55.69,55.7,55.66,55.66,36080.0,55.696,153
2025-01-28 15:10:00-05:00,55.66,55.67,55.58,55.6,23814.0,55.609,79
2025-01-28 15:15:00-05:00,55.6,55.63,55.57,55.62,9227.0,55.599,76
2025-01-28 15:20:00-05:00,55.63,55.63,55.56,55.61,17749.0,55.606,98
2025-01-28 15:25:00-05:00,55.61,55.61,55.57,55.58,11291.0,55.593,74
2025-01-28 15:30:00-05:00,55.58,55.64,55.56,55.58,19711.0,55.596,148
2025-01-28 15:35:00-05:00,55.59,55.64,55.56,55.63,14492.0,55.591,114
2025-01-28 15:40:00-05:00,55.64,55.67,55.6,55.65,18077.0,55.631,153
2025-01-28 15:45:00-05:00,55.66,55.74,55.66,55.66,37847.0,55.695,277
2025-01-28 15:50:00-05:00,55.67,55.71,55.64,55.67,32006.0,55.683,229
2025-01-28 15:55:00-05:00,55.66,55.66,55.55,55.6,116409.0,55.58,700
2025-01-29 09:30:00-05:00,55.56,55.86,55.52,55.76,27012.0,55.623,82
2025-01-29 09:35:00-05:00,55.75,55.79,55.62,55.72,17355.0,55.72,128
2025-01-29 09:40:00-05:00,55.78,55.79,55.64,55.72,13232.0,55.692,91
2025-01-29 09:45:00-05:00,55.72,55.88,55.71,55.83,16111.0,55.797,100
2025-01-29 09:50:00-05:00,55.83,55.91,55.75,55.82,14822.0,55.834,105
2025-01-29 09:55:00-05:00,55.83,55.94,55.78,55.82,10383.0,55.863,67
2025-01-29 10:00:00-05:00,55.8,55.85,55.72,55.85,18367.0,55.797,119
2025-01-29 10:05:00-05:00,55.82,55.89,55.79,55.87,17265.0,55.836,109
2025-01-29 10:10:00-05:00,55.89,55.94,55.86,55.89,21448.0,55.905,165
2025-01-29 10:15:00-05:00,55.92,55.94,55.76,55.78,9028.0,55.898,64
2025-01-29 10:20:00-05:00,55.79,55.91,55.75,55.91,20627.0,55.793,140
2025-01-29 10:25:00-05:00,55.91,56.01,55.87,55.97,14297.0,55.927,96
2025-01-29 10:30:00-05:00,55.98,55.98,55.88,55.98,6450.0,55.938,48
2025-01-29 10:35:00-05:00,55.99,56.03,55.93,56.03,7893.0,55.96,65
2025-01-29 10:40:00-05:00,56.05,56.1,56.03,56.06,6106.0,56.074,33
2025-01-29 10:45:00-05:00,56.06,56.08,55.94,55.95,12550.0,56.039,89
2025-01-29 10:50:00-05:00,55.95,55.98,55.93,55.93,6803.0,55.941,49
2025-01-29 10:55:00-05:00,55.94,56.0,55.93,55.99,7894.0,55.978,62
2025-01-29 11:00:00-05:00,55.99,56.03,55.95,55.97,13889.0,55.984,81
2025-01-29 11:05:00-05:00,55.96,56.07,55.93,56.04,9770.0,56.018,64
2025-01-29 11:10:00-05:00,56.05,56.08,56.02,56.04,8688.0,56.053,44
2025-01-29 11:15:00-05:00,56.04,56.04,55.99,56.0,10476.0,56.017,62
2025-01-29 11:20:00-05:00,56.0,56.04,55.95,55.97,10095.0,56.007,76
2025-01-29 11:25:00-05:00,55.98,56.05,55.96,56.05,14877.0,55.981,98
2025-01-29 11:30:00-05:00,56.04,56.05,55.99,56.0,11781.0,56.026,81
2025-01-29 11:35:00-05:00,56.0,56.04,55.99,56.01,8782.0,56.015,48
2025-01-29 11:40:00-05:00,56.01,56.04,55.95,55.95,14905.0,56.002,90
2025-01-29 11:45:00-05:00,55.96,56.01,55.96,56.01,3215.0,55.979,23
2025-01-29 11:50:00-05:00,56.0,56.06,56.0,56.06,12040.0,56.021,83
2025-01-29 11:55:00-05:00,56.05,56.05,55.97,55.99,12204.0,55.995,49
2025-01-29 12:00:00-05:00,55.99,56.09,55.99,56.08,7922.0,56.055,58
2025-01-29 12:05:00-05:00,56.09,56.16,56.09,56.16,5809.0,56.122,44
2025-01-29 12:10:00-05:00,56.16,56.19,56.15,56.15,7188.0,56.162,48
2025-01-29 12:15:00-05:00,56.15,56.15,56.12,56.12,5307.0,56.135,42
2025-01-29 12:20:00-05:00,56.11,56.12,56.06,56.06,8078.0,56.099,65
2025-01-29 12:25:00-05:00,56.05,56.06,56.02,56.02,9657.0,56.048,67
2025-01-29 12:30:00-05:00,55.98,55.99,55.94,55.94,2847.0,55.963,17
2025-01-29 12:35:00-05:00,55.94,55.97,55.93,55.95,3621.0,55.95,29
2025-01-29 12:40:00-05:00,55.94,55.94,55.94,55.94,1991.0,55.94,13
2025-01-29 12:45:00-05:00,55.95,55.96,55.9,55.95,9977.0,55.931,68
2025-01-29 12:50:00-05:00,55.94,55.96,55.94,55.94,2993.0,55.945,26
2025-01-29 12:55:00-05:00,55.94,55.98,55.94,55.98,2017.0,55.956,12
2025-01-29 13:00:00-05:00,55.98,56.0,55.92,55.93,15658.0,55.966,108
2025-01-29 13:05:00-05:00,55.93,55.97,55.92,55.97,9468.0,55.944,50
2025-01-29 13:10:00-05:00,55.98,55.99,55.88,55.89,9669.0,55.934,56
2025-01-29 13:15:00-05:00,55.91,55.93,55.9,55.92,4682.0,55.913,32
2025-01-29 13:20:00-05:00,55.92,55.97,55.92,55.97,8570.0,55.939,68
2025-01-29 13:25:00-05:00,55.98,55.99,55.94,55.94,12046.0,55.969,84
2025-01-29 13:30:00-05:00,55.95,55.96,55.92,55.94,33290.0,55.942,198
2025-01-29 13:35:00-05:00,55.94,55.96,55.94,55.96,5801.0,55.946,26
2025-01-29 13:40:00-05:00,55.95,55.95,55.87,55.87,7622.0,55.927,51
2025-01-29 13:45:00-05:00,55.87,55.93,55.85,55.93,6791.0,55.896,50
2025-01-29 13:50:00-05:00,55.94,55.95,55.92,55.93,10202.0,55.934,61
2025-01-29 13:55:00-05:00,55.93,55.93,55.89,55.89,6903.0,55.914,43
2025-01-29 14:00:00-05:00,55.89,55.89,55.64,55.64,11269.0,55.744,84
2025-01-29 14:05:00-05:00,55.61,55.67,55.56,55.56,8874.0,55.629,64
2025-01-29 14:10:00-05:00,55.56,55.63,55.52,55.63,8619.0,55.564,73
2025-01-29 14:15:00-05:00,55.64,55.65,55.5,55.5,9668.0,55.57,76
2025-01-29 14:20:00-05:00,55.51,55.52,55.43,55.47,5743.0,55.496,40
2025-01-29 14:25:00-05:00,55.46,55.49,55.45,55.46,13236.0,55.471,92
2025-01-29 14:30:00-05:00,55.46,55.53,55.44,55.48,47467.0,55.473,310
2025-01-29 14:35:00-05:00,55.49,55.57,55.41,55.52,33461.0,55.472,276
2025-01-29 14:40:00-05:00,55.55,55.63,55.5,55.51,35104.0,55.566,269
2025-01-29 14:45:00-05:00,55.5,55.74,55.47,55.62,42653.0,55.575,315
2025-01-29 14:50:00-05:00,55.62,55.69,55.58,55.65,23970.0,55.636,162
2025-01-29 14:55:00-05:00,55.65,55.66,55.53,55.55,30930.0,55.616,214
2025-01-29 15:00:00-05:00,55.56,55.59,55.45,55.45,9445.0,55.522,72
2025-01-29 15:05:00-05:00,55.44,55.5,55.43,55.5,6439.0,55.47,50
2025-01-29 15:10:00-05:00,55.51,55.58,55.49,55.56,14813.0,55.542,94
2025-01-29 15:15:00-05:00,55.56,55.56,55.45,55.5,18090.0,55.503,135
2025-01-29 15:20:00-05:00,55.51,55.59,55.5,55.58,31672.0,55.54,253
2025-01-29 15:25:00-05:00,55.58,55.58,55.48,55.52,21378.0,55.527,143
2025-01-29 15:30:00-05:00,55.52,55.53,55.46,55.48,23189.0,55.51,168
2025-01-29 15:35:00-05:00,55.48,55.49,55.4,55.41,18235.0,55.442,136
2025-01-29 15:40:00-05:00,55.42,55.48,55.39,55.41,16445.0,55.443,108
2025-01-29 15:45:00-05:00,55.41,55.43,55.33,55.39,29635.0,55.377,203
2025-01-29 15:50:00-05:00,55.4,55.46,55.36,55.38,46206.0,55.402,275
2025-01-29 15:55:00-05:00,55.39,55.4,55.28,55.33,96069.0,55.341,572
2025-01-30 09:30:00-05:00,56.96,57.02,56.14,56.3,82983.0,56.766,267
2025-01-30 09:35:00-05:00,56.33,56.54,55.99,56.5,25055.0,56.193,203
2025-01-30 09:40:00-05:00,56.52,56.58,56.29,56.52,28533.0,56.445,132
2025-01-30 09:45:00-05:00,56.56,56.65,56.34,56.42,119727.0,56.411,232
2025-01-30 09:50:00-05:00,56.42,56.5,56.2,56.41,19125.0,56.391,151
2025-01-30 09:55:00-05:00,56.39,56.57,56.34,56.44,37704.0,56.464,259
2025-01-30 10:00:00-05:00,56.44,56.5,56.34,56.4,32135.0,56.418,246
2025-01-30 10:05:00-05:00,56.42,56.45,56.25,56.37,32118.0,56.38,178
2025-01-30 10:10:00-05:00,56.37,56.37,56.2,56.28,25138.0,56.282,197
2025-01-30 10:15:00-05:00,56.28,56.31,56.19,56.19,51484.0,56.268,322
2025-01-30 10:20:00-05:00,56.17,56.3,56.12,56.25,34965.0,56.234,280
2025-01-30 10:25:00-05:00,56.24,56.27,56.04,56.06,18402.0,56.157,140
2025-01-30 10:30:00-05:00,56.05,56.18,56.04,56.13,16365.0,56.119,131
2025-01-30 10:35:00-05:00,56.12,56.17,56.07,56.08,9880.0,56.131,82
2025-01-30 10:40:00-05:00,56.06,56.19,56.05,56.19,18991.0,56.128,136
2025-01-30 10:45:00-05:00,56.18,56.23,56.13,56.18,17188.0,56.186,125
2025-01-30 10:50:00-05:00,56.17,56.17,56.03,56.06,22228.0,56.099,163
2025-01-30 10:55:00-05:00,56.04,56.04,55.98,56.01,8125.0,56.014,59
2025-01-30 10:55:00-05:00,56.04,56.08,55.98,56.07,16568.0,56.029,123
2025-01-30 11:00:00-05:00,56.06,56.06,55.97,55.99,40648.0,56.012,306
2025-01-30 11:05:00-05:00,55.99,56.04,55.96,55.96,25701.0,56.01,181
2025-01-30 11:10:00-05:00,55.95,56.01,55.95,55.99,25541.0,55.989,145
2025-01-30 11:15:00-05:00,56.0,56.0,55.95,55.99,20612.0,55.981,147
2025-01-30 11:20:00-05:00,56.0,56.02,55.97,56.01,11691.0,55.997,99
2025-01-30 11:25:00-05:00,56.01,56.04,56.0,56.01,46201.0,56.025,313
2025-01-30 11:30:00-05:00,56.0,56.01,55.96,56.0,10153.0,55.991,87
2025-01-30 11:35:00-05:00,56.0,56.04,55.96,56.04,22830.0,56.011,191
2025-01-30 11:40:00-05:00,56.04,56.06,56.0,56.02,18974.0,56.032,156
2025-01-30 11:45:00-05:00,56.02,56.03,55.95,55.98,8522.0,55.984,68
2025-01-30 11:50:00-05:00,55.99,56.02,55.97,55.99,13001.0,56.0,99
2025-01-30 11:55:00-05:00,55.98,55.98,55.93,55.96,23089.0,55.966,131
2025-01-30 12:00:00-05:00,55.96,56.06,55.96,56.05,14536.0,56.002,112
2025-01-30 12:05:00-05:00,56.05,56.09,56.01,56.08,54479.0,56.043,253
2025-01-30 12:10:00-05:00,56.07,56.12,56.03,56.11,22094.0,56.079,92
2025-01-30 12:15:00-05:00,56.14,56.15,56.06,56.15,10387.0,56.106,80
2025-01-30 12:20:00-05:00,56.14,56.15,56.02,56.02,13278.0,56.099,82
2025-01-30 12:25:00-05:00,56.03,56.06,56.0,56.02,10736.0,56.033,74
2025-01-30 12:30:00-05:00,56.03,56.14,56.03,56.08,11788.0,56.092,91
2025-01-30 12:35:00-05:00,56.08,56.12,56.07,56.12,7356.0,56.102,56
2025-01-30 12:40:00-05:00,56.13,56.13,56.06,56.07,10894.0,56.088,73
2025-01-30 12:45:00-05:00,56.07,56.07,55.98,55.99,19374.0,56.034,102
2025-01-30 12:50:00-05:00,56.0,56.03,55.97,55.98,31438.0,56.009,208
2025-01-30 12:55:00-05:00,55.98,55.99,55.93,55.98,16432.0,55.959,98
2025-01-30 13:00:00-05:00,55.97,56.08,55.97,56.08,19430.0,56.037,122
2025-01-30 13:05:00-05:00,56.07,56.07,55.98,55.98,22496.0,56.014,165
2025-01-30 13:10:00-05:00,55.98,56.04,55.95,56.03,22588.0,56.007,152
2025-01-30 13:15:00-05:00,56.02,56.06,56.02,56.05,32350.0,56.037,235
2025-01-30 13:20:00-05:00,56.05,56.12,56.04,56.09,31269.0,56.086,248
2025-01-30 13:25:00-05:00,56.09,56.2,56.09,56.16,37645.0,56.135,217
2025-01-30 13:30:00-05:00,56.17,56.25,56.12,56.2,22872.0,56.175,166
2025-01-30 13:35:00-05:00,56.21,56.22,56.16,56.21,25020.0,56.194,184
2025-01-30 13:40:00-05:00,56.2,56.25,56.19,56.22,18222.0,56.209,135
2025-01-30 13:45:00-05:00,56.22,56.23,56.19,56.21,12594.0,56.214,97
2025-01-30 13:50:00-05:00,56.21,56.22,56.16,56.18,11417.0,56.191,76
2025-01-30 13:55:00-05:00,56.18,56.21,56.16,56.16,11873.0,56.183,79
2025-01-30 14:00:00-05:00,56.16,56.22,56.16,56.19,14565.0,56.187,107
2025-01-30 14:05:00-05:00,56.2,56.22,56.19,56.2,11608.0,56.201,87
2025-01-30 14:10:00-05:00,56.2,56.21,56.17,56.18,14565.0,56.196,116
2025-01-30 14:15:00-05:00,56.18,56.19,56.13,56.14,11833.0,56.16,101
2025-01-30 14:20:00-05:00,56.13,56.21,56.13,56.17,61287.0,56.145,136
2025-01-30 14:25:00-05:00,56.16,56.16,56.09,56.13,5513.0,56.126,42
2025-01-30 14:30:00-05:00,56.13,56.21,56.12,56.21,9812.0,56.168,76
2025-01-30 14:35:00-05:00,56.2,56.21,56.17,56.18,24641.0,56.194,174
2025-01-30 14:40:00-05:00,56.18,56.23,56.18,56.21,35009.0,56.209,197
2025-01-30 14:45:00-05:00,56.21,56.21,56.17,56.21,12835.0,56.197,110
2025-01-30 14:50:00-05:00,56.22,56.24,56.22,56.23,14492.0,56.228,114
2025-01-30 14:55:00-05:00,56.23,56.25,56.18,56.18,23116.0,56.224,162
2025-01-30 15:00:00-05:00,56.19,56.25,56.18,56.25,17994.0,56.218,152
2025-01-30 15:05:00-05:00,56.25,56.26,56.23,56.23,29336.0,56.239,224
2025-01-30 15:10:00-05:00,56.24,56.24,56.23,56.23,29229.0,56.235,241
2025-01-30 15:15:00-05:00,56.23,56.29,56.23,56.28,58880.0,56.248,368
2025-01-30 15:20:00-05:00,56.27,56.3,56.26,56.3,35770.0,56.281,231
2025-01-30 15:25:00-05:00,56.29,56.32,56.25,56.25,66943.0,56.292,377
2025-01-30 15:30:00-05:00,56.26,56.28,56.21,56.22,33232.0,56.244,235
2025-01-30 15:35:00-05:00,56.21,56.21,56.02,56.03,50282.0,56.156,329
2025-01-30 15:40:00-05:00,56.02,56.03,55.79,55.85,37597.0,55.939,268
2025-01-30 15:45:00-05:00,55.83,56.15,55.83,56.15,51786.0,56.027,297
2025-01-30 15:50:00-05:00,56.16,56.21,56.07,56.09,52680.0,56.138,381
2025-01-30 15:55:00-05:00,56.1,56.26,56.07,56.09,317154.0,56.146,1379
2025-01-31 09:30:00-05:00,55.95,56.33,55.89,56.3,35413.0,56.095,78
2025-01-31 09:35:00-05:00,56.34,56.54,56.34,56.45,16924.0,56.42,66
2025-01-31 09:40:00-05:00,56.44,56.53,56.43,56.46,11640.0,56.462,78
2025-01-31 09:45:00-05:00,56.43,56.46,56.3,56.37,18546.0,56.381,130
2025-01-31 09:50:00-05:00,56.37,56.5,56.29,56.47,16690.0,56.397,121
2025-01-31 09:55:00-05:00,56.46,56.57,56.36,56.42,16388.0,56.497,111
2025-01-31 10:00:00-05:00,56.41,56.41,56.3,56.34,21933.0,56.349,150
2025-01-31 10:05:00-05:00,56.34,56.4,56.31,56.37,7510.0,56.349,64
2025-01-31 10:10:00-05:00,56.37,56.44,56.34,56.41,45481.0,56.387,118
2025-01-31 10:15:00-05:00,56.4,56.46,56.32,56.34,10523.0,56.408,78
2025-01-31 10:20:00-05:00,56.34,56.48,56.32,56.46,8159.0,56.401,65
2025-01-31 10:25:00-05:00,56.48,56.55,56.45,56.53,8304.0,56.497,62
2025-01-31 10:30:00-05:00,56.53,56.55,56.49,56.55,7218.0,56.524,68
2025-01-31 10:35:00-05:00,56.54,56.54,56.47,56.48,10723.0,56.497,67
2025-01-31 10:40:00-05:00,56.47,56.49,56.4,56.41,5928.0,56.452,48
2025-01-31 10:45:00-05:00,56.36,56.41,56.34,56.39,14033.0,56.382,74
2025-01-31 10:50:00-05:00,56.39,56.4,56.34,56.36,8789.0,56.376,68
2025-01-31 10:55:00-05:00,56.36,56.44,56.36,56.44,21271.0,56.389,94
2025-01-31 11:00:00-05:00,56.46,56.51,56.45,56.48,6906.0,56.483,47
2025-01-31 11:05:00-05:00,56.5,56.52,56.45,56.52,10780.0,56.495,72
2025-01-31 11:10:00-05:00,56.5,56.55,56.46,56.46,39892.0,56.491,217
2025-01-31 11:15:00-05:00,56.44,56.46,56.32,56.33,3344.0,56.419,30
2025-01-31 11:20:00-05:00,56.32,56.34,56.3,56.3,2842.0,56.314,24
2025-01-31 11:25:00-05:00,56.29,56.29,56.16,56.16,8867.0,56.225,63
2025-01-31 11:30:00-05:00,56.17,56.21,56.09,56.11,9499.0,56.134,79
2025-01-31 11:35:00-05:00,56.1,56.12,56.04,56.12,9213.0,56.085,70
2025-01-31 11:40:00-05:00,56.13,56.21,56.12,56.17,12611.0,56.175,71
2025-01-31 11:45:00-05:00,56.18,56.18,56.09,56.15,12854.0,56.133,81
2025-01-31 11:50:00-05:00,56.15,56.18,56.12,56.18,42732.0,56.148,251
2025-01-31 11:55:00-05:00,56.19,56.2,56.09,56.11,7740.0,56.137,57
2025-01-31 12:00:00-05:00,56.13,56.22,56.12,56.22,9238.0,56.177,51
2025-01-31 12:05:00-05:00,56.22,56.26,56.13,56.19,19697.0,56.221,113
2025-01-31 12:10:00-05:00,56.18,56.21,56.16,56.21,4797.0,56.182,35
2025-01-31 12:15:00-05:00,56.19,56.25,56.18,56.25,7248.0,56.209,46
2025-01-31 12:20:00-05:00,56.26,56.28,56.22,56.22,7091.0,56.259,44
2025-01-31 12:25:00-05:00,56.22,56.24,56.17,56.18,4778.0,56.202,36
2025-01-31 12:30:00-05:00,56.19,56.22,56.15,56.2,9229.0,56.197,57
2025-01-31 12:35:00-05:00,56.19,56.26,56.19,56.25,5361.0,56.234,42
2025-01-31 12:40:00-05:00,56.24,56.26,56.23,56.23,18739.0,56.241,119
2025-01-31 12:45:00-05:00,56.23,56.24,56.16,56.16,33587.0,56.209,226
2025-01-31 12:50:00-05:00,56.16,56.25,56.16,56.16,30359.0,56.204,90
2025-01-31 12:55:00-05:00,56.16,56.16,56.12,56.14,6953.0,56.138,47
2025-01-31 13:00:00-05:00,56.15,56.23,56.15,56.16,17267.0,56.19,83
2025-01-31 13:05:00-05:00,56.17,56.21,56.17,56.18,5177.0,56.187,42
2025-01-31 13:10:00-05:00,56.18,56.2,56.14,56.16,4702.0,56.184,38
2025-01-31 13:15:00-05:00,56.16,56.21,56.07,56.08,82906.0,56.155,97
2025-01-31 13:20:00-05:00,56.05,56.08,55.94,55.94,10738.0,55.986,77
2025-01-31 13:25:00-05:00,55.89,55.97,55.89,55.96,9876.0,55.942,69
2025-01-31 13:30:00-05:00,55.96,55.96,55.82,55.83,15249.0,55.875,96
2025-01-31 13:35:00-05:00,55.81,55.85,55.72,55.74,16898.0,55.793,104
2025-01-31 13:40:00-05:00,55.75,55.8,55.72,55.76,9301.0,55.759,73
2025-01-31 13:45:00-05:00,55.76,55.83,55.75,55.83,3908.0,55.794,36
2025-01-31 13:50:00-05:00,55.83,55.83,55.78,55.79,4772.0,55.809,38
2025-01-31 13:55:00-05:00,55.8,55.8,55.7,55.7,6878.0,55.759,50
2025-01-31 14:00:00-05:00,55.68,55.75,55.63,55.66,7823.0,55.685,58
2025-01-31 14:05:00-05:00,55.65,55.65,55.54,55.58,10498.0,55.583,67
2025-01-31 14:10:00-05:00,55.58,55.63,55.56,55.56,8711.0,55.603,56
2025-01-31 14:15:00-05:00,55.57,55.62,55.55,55.62,11157.0,55.575,87
2025-01-31 14:20:00-05:00,55.61,55.68,55.59,55.68,7318.0,55.627,53
2025-01-31 14:25:00-05:00,55.7,55.7,55.66,55.69,9423.0,55.68,49
2025-01-31 14:30:00-05:00,55.69,55.75,55.69,55.75,8783.0,55.714,66
2025-01-31 14:35:00-05:00,55.75,55.76,55.68,55.69,7361.0,55.727,52
2025-01-31 14:40:00-05:00,55.7,55.73,55.6,55.64,13130.0,55.669,91
2025-01-31 14:45:00-05:00,55.64,55.67,55.61,55.66,7451.0,55.636,52
2025-01-31 14:50:00-05:00,55.66,55.7,55.63,55.7,7335.0,55.66,60
2025-01-31 14:55:00-05:00,55.71,55.75,55.7,55.74,11340.0,55.727,91
2025-01-31 15:00:00-05:00,55.73,55.76,55.59,55.59,25968.0,55.712,54
2025-01-31 15:05:00-05:00,55.6,55.65,55.56,55.56,14419.0,55.619,73
2025-01-31 15:10:00-05:00,55.56,55.66,55.55,55.61,11821.0,55.618,77
2025-01-31 15:15:00-05:00,55.61,55.79,55.61,55.76,19945.0,55.714,137
2025-01-31 15:20:00-05:00,55.76,55.79,55.74,55.78,8893.0,55.763,65
2025-01-31 15:25:00-05:00,55.8,55.8,55.69,55.71,14515.0,55.754,101
2025-01-31 15:30:00-05:00,55.72,55.74,55.66,55.7,12844.0,55.704,105
2025-01-31 15:35:00-05:00,55.69,55.71,55.65,55.67,19260.0,55.671,93
2025-01-31 15:40:00-05:00,55.67,55.71,55.57,55.59,23820.0,55.641,178
2025-01-31 15:45:00-05:00,55.59,55.61,55.57,55.59,24625.0,55.595,165
2025-01-31 15:50:00-05:00,55.6,55.68,55.55,55.57,44124.0,55.614,306
2025-01-31 15:55:00-05:00,55.56,55.72,55.56,55.68,145312.0,55.657,706
2025-02-03 09:30:00-05:00,54.58,55.13,54.46,54.91,43140.0,54.655,95
2025-02-03 09:35:00-05:00,54.81,54.83,54.66,54.75,39898.0,54.72,289
2025-02-03 09:40:00-05:00,54.75,55.11,54.7,55.0,104844.0,54.956,467
2025-02-03 09:45:00-05:00,55.0,55.09,54.89,54.94,44016.0,55.034,251
2025-02-03 09:50:00-05:00,54.96,55.13,54.82,55.13,60939.0,54.915,329
2025-02-03 09:55:00-05:00,55.08,55.11,54.72,54.77,62551.0,54.944,411
2025-02-03 10:00:00-05:00,54.78,54.95,54.69,54.95,34124.0,54.816,278
2025-02-03 10:05:00-05:00,54.95,54.95,54.82,54.83,20863.0,54.861,136
2025-02-03 10:10:00-05:00,54.84,54.92,54.77,54.88,39987.0,54.839,253
2025-02-03 10:15:00-05:00,54.87,54.93,54.83,54.84,19512.0,54.883,123
2025-02-03 10:20:00-05:00,54.85,55.29,54.8,55.27,49451.0,54.911,362
2025-02-03 10:25:00-05:00,55.28,55.46,55.19,55.44,23108.0,55.326,187
2025-02-03 10:30:00-05:00,55.44,55.56,55.4,55.5,19548.0,55.487,168
2025-02-03 10:35:00-05:00,55.51,55.59,55.46,55.53,10497.0,55.535,84
2025-02-03 10:40:00-05:00,55.53,55.62,55.46,55.54,18255.0,55.552,147
2025-02-03 10:45:00-05:00,55.57,55.63,55.46,55.61,16179.0,55.554,130
2025-02-03 10:50:00-05:00,55.63,55.63,55.55,55.59,13508.0,55.577,110
2025-02-03 10:55:00-05:00,55.57,55.65,55.57,55.58,14829.0,55.599,121
2025-02-03 11:00:00-05:00,55.57,55.66,55.48,55.56,18636.0,55.585,146
2025-02-03 11:05:00-05:00,55.55,55.56,55.34,55.47,12047.0,55.464,105
2025-02-03 11:10:00-05:00,55.48,55.57,55.48,55.55,20495.0,55.531,72
2025-02-03 11:15:00-05:00,55.54,55.55,55.42,55.43,18723.0,55.475,147
2025-02-03 11:20:00-05:00,55.41,55.56,55.41,55.54,14570.0,55.501,117
2025-02-03 11:25:00-05:00,55.54,55.58,55.41,55.5,17696.0,55.496,116
2025-02-03 11:30:00-05:00,55.5,55.65,55.5,55.63,11108.0,55.582,79
2025-02-03 11:35:00-05:00,55.64,55.84,55.64,55.82,27490.0,55.773,144
2025-02-03 11:40:00-05:00,55.82,55.83,55.66,55.73,12415.0,55.743,102
2025-02-03 11:45:00-05:00,55.7,55.71,55.6,55.66,13793.0,55.637,77
2025-02-03 11:50:00-05:00,55.66,55.67,55.59,55.63,26930.0,55.614,145
2025-02-03 11:55:00-05:00,55.62,55.72,55.59,55.7,40391.0,55.652,278
2025-02-03 12:00:00-05:00,55.69,55.77,55.47,55.48,34031.0,55.663,207
2025-02-03 12:05:00-05:00,55.46,55.51,55.41,55.49,15100.0,55.465,99
2025-02-03 12:10:00-05:00,55.5,55.55,55.37,55.38,17263.0,55.483,84
2025-02-03 12:15:00-05:00,55.39,55.5,55.38,55.45,16653.0,55.461,95
2025-02-03 12:20:00-05:00,55.48,55.51,55.43,55.46,29797.0,55.464,197
2025-02-03 12:25:00-05:00,55.46,55.54,55.45,55.48,28372.0,55.484,176
2025-02-03 12:30:00-05:00,55.47,55.47,55.35,55.36,8453.0,55.406,60
2025-02-03 12:35:00-05:00,55.35,55.39,55.34,55.37,9627.0,55.365,72
2025-02-03 12:40:00-05:00,55.35,55.37,55.31,55.32,7632.0,55.341,59
2025-02-03 12:45:00-05:00,55.32,55.34,55.28,55.28,7558.0,55.304,58
2025-02-03 12:50:00-05:00,55.29,55.38,55.29,55.38,8924.0,55.337,68
2025-02-03 12:55:00-05:00,55.38,55.38,55.16,55.27,22027.0,55.256,179
2025-02-03 13:00:00-05:00,55.27,55.29,55.18,55.29,9241.0,55.236,75
2025-02-03 13:05:00-05:00,55.33,55.33,55.25,55.28,9193.0,55.29,77
2025-02-03 13:10:00-05:00,55.25,55.36,55.23,55.33,12204.0,55.313,95
2025-02-03 13:15:00-05:00,55.34,55.35,55.27,55.28,8210.0,55.32,56
2025-02-03 13:20:00-05:00,55.29,55.33,55.23,55.33,16643.0,55.274,84
2025-02-03 13:25:00-05:00,55.32,55.34,55.29,55.34,17003.0,55.32,104
2025-02-03 13:30:00-05:00,55.35,55.42,55.35,55.41,15385.0,55.379,127
2025-02-03 13:35:00-05:00,55.4,55.42,55.35,55.36,9130.0,55.378,66
2025-02-03 13:40:00-05:00,55.35,55.37,55.33,55.36,8968.0,55.353,72
2025-02-03 13:45:00-05:00,55.35,55.36,55.34,55.34,13977.0,55.348,92
2025-02-03 13:50:00-05:00,55.35,55.38,55.35,55.37,11877.0,55.364,76
2025-02-03 13:55:00-05:00,55.37,55.4,55.35,55.4,11648.0,55.367,92
2025-02-03 14:00:00-05:00,55.4,55.46,55.39,55.45,9603.0,55.438,63
2025-02-03 14:05:00-05:00,55.45,55.48,55.42,55.44,23221.0,55.446,131
2025-02-03 14:10:00-05:00,55.45,55.48,55.42,55.47,20261.0,55.451,136
2025-02-03 14:15:00-05:00,55.49,55.49,55.4,55.47,19654.0,55.446,109
2025-02-03 14:20:00-05:00,55.46,55.52,55.45,55.49,64368.0,55.487,139
2025-02-03 14:25:00-05:00,55.48,55.49,55.43,55.45,8834.0,55.461,63
2025-02-03 14:30:00-05:00,55.45,55.49,55.44,55.48,6714.0,55.467,49
2025-02-03 14:35:00-05:00,55.47,55.5,55.41,55.41,14694.0,55.47,78
2025-02-03 14:40:00-05:00,55.41,55.5,55.4,55.5,11946.0,55.437,102
2025-02-03 14:45:00-05:00,55.51,55.51,55.43,55.47,24202.0,55.473,139
2025-02-03 14:50:00-05:00,55.48,55.48,55.44,55.44,8382.0,55.46,56
2025-02-03 14:55:00-05:00,55.45,55.45,55.4,55.44,15145.0,55.426,95
2025-02-03 15:00:00-05:00,55.43,55.45,55.39,55.45,11341.0,55.422,78
2025-02-03 15:05:00-05:00,55.44,55.56,55.44,55.52,19269.0,55.515,132
2025-02-03 15:10:00-05:00,55.5,55.53,55.49,55.49,17835.0,55.505,108
2025-02-03 15:15:00-05:00,55.5,55.52,55.48,55.5,11980.0,55.499,78
2025-02-03 15:20:00-05:00,55.5,55.51,55.48,55.49,22358.0,55.494,136
2025-02-03 15:25:00-05:00,55.49,55.49,55.4,55.4,16983.0,55.455,112
2025-02-03 15:30:00-05:00,55.4,55.5,55.39,55.49,31779.0,55.447,191
2025-02-03 15:35:00-05:00,55.49,55.59,55.46,55.5,41850.0,55.508,207
2025-02-03 15:40:00-05:00,55.51,55.59,55.5,55.58,39345.0,55.546,271
2025-02-03 15:45:00-05:00,55.59,55.63,55.52,55.61,43571.0,55.573,331
2025-02-03 15:50:00-05:00,55.63,55.73,55.53,55.57,45457.0,55.613,361
2025-02-03 15:55:00-05:00,55.57,55.76,55.48,55.69,209298.0,55.595,1064
2025-02-04 09:30:00-05:00,52.08,52.68,51.5,52.39,258059.0,52.086,825
2025-02-04 09:35:00-05:00,52.43,52.57,51.39,52.09,175559.0,51.859,858
2025-02-04 09:40:00-05:00,52.13,52.14,51.42,51.45,122375.0,51.821,976
2025-02-04 09:45:00-05:00,51.47,51.67,51.31,51.41,100310.0,51.512,773
2025-02-04 09:50:00-05:00,51.41,51.51,51.02,51.39,141552.0,51.28,924
2025-02-04 09:55:00-05:00,51.36,51.5,51.26,51.45,72681.0,51.385,560
2025-02-04 10:00:00-05:00,51.47,51.89,51.45,51.65,111042.0,51.704,731
2025-02-04 10:05:00-05:00,51.64,51.68,51.42,51.52,74213.0,51.535,532
2025-02-04 10:10:00-05:00,51.52,51.54,51.42,51.47,68356.0,51.49,506
2025-02-04 10:15:00-05:00,51.47,51.77,51.39,51.6,57996.0,51.569,443
2025-02-04 10:20:00-05:00,51.6,51.65,51.25,51.56,102870.0,51.461,468
2025-02-04 10:25:00-05:00,51.57,51.96,51.55,51.83,48482.0,51.83,342
2025-02-04 10:30:00-05:00,51.81,52.05,51.8,51.83,47090.0,51.923,315
2025-02-04 10:35:00-05:00,51.86,51.88,51.78,51.82,33676.0,51.821,266
2025-02-04 10:40:00-05:00,51.82,51.82,51.55,51.64,24099.0,51.655,181
2025-02-04 10:45:00-05:00,51.66,51.81,51.57,51.58,27728.0,51.716,196
2025-02-04 10:50:00-05:00,51.57,51.81,51.56,51.72,62850.0,51.688,412
2025-02-04 10:55:00-05:00,51.71,51.75,51.63,51.68,23636.0,51.688,181
2025-02-04 11:00:00-05:00,51.66,51.66,51.52,51.6,20096.0,51.592,165
2025-02-04 11:05:00-05:00,51.6,51.67,51.35,51.41,45915.0,51.529,324
2025-02-04 11:10:00-05:00,51.41,51.58,51.4,51.46,47906.0,51.502,373
2025-02-04 11:15:00-05:00,51.46,51.61,51.23,51.27,63984.0,51.441,283
2025-02-04 11:20:00-05:00,51.27,51.27,51.12,51.2,42348.0,51.195,288
2025-02-04 11:25:00-05:00,51.2,51.3,51.13,51.2,49521.0,51.197,365
2025-02-04 11:30:00-05:00,51.2,51.41,51.12,51.27,64959.0,51.25,492
2025-02-04 11:35:00-05:00,51.31,51.37,51.23,51.37,31118.0,51.295,212
2025-02-04 11:40:00-05:00,51.34,51.61,51.29,51.59,37793.0,51.452,249
2025-02-04 11:45:00-05:00,51.62,51.76,51.58,51.75,13989.0,51.666,88
2025-02-04 11:50:00-05:00,51.75,51.76,51.65,51.72,22033.0,51.711,158
2025-02-04 11:55:00-05:00,51.7,51.7,51.34,51.38,50621.0,51.48,345
2025-02-04 12:00:00-05:00,51.39,51.39,51.15,51.18,37712.0,51.252,255
2025-02-04 12:05:00-05:00,51.18,51.4,51.11,51.39,71246.0,51.182,290
2025-02-04 12:10:00-05:00,51.39,51.55,51.37,51.48,22601.0,51.471,146
2025-02-04 12:15:00-05:00,51.48,51.51,51.4,51.4,33649.0,51.459,200
2025-02-04 12:20:00-05:00,51.42,51.49,51.34,51.34,11671.0,51.42,95
2025-02-04 12:25:00-05:00,51.34,51.34,51.13,51.2,24212.0,51.232,155
2025-02-04 12:30:00-05:00,51.2,51.27,51.14,51.24,16511.0,51.192,106
2025-02-04 12:35:00-05:00,51.23,51.27,51.13,51.17,19232.0,51.209,137
2025-02-04 12:40:00-05:00,51.16,51.26,51.05,51.23,55463.0,51.151,374
2025-02-04 12:45:00-05:00,51.21,51.3,51.21,51.29,10478.0,51.261,71
2025-02-04 12:50:00-05:00,51.28,51.37,51.27,51.33,22756.0,51.322,160
2025-02-04 12:55:00-05:00,51.34,51.37,51.23,51.28,31148.0,51.296,217
2025-02-04 13:00:00-05:00,51.29,51.32,51.17,51.18,10476.0,51.262,92
2025-02-04 13:05:00-05:00,51.17,51.2,51.11,51.14,16781.0,51.157,133
2025-02-04 13:10:00-05:00,51.14,51.18,51.08,51.13,12999.0,51.126,109
2025-02-04 13:15:00-05:00,51.13,51.23,51.11,51.22,29658.0,51.159,217
2025-02-04 13:20:00-05:00,51.2,51.22,51.11,51.12,21996.0,51.163,158
2025-02-04 13:25:00-05:00,51.12,51.12,50.81,50.85,45125.0,50.94,311
2025-02-04 13:30:00-05:00,50.85,51.11,50.84,51.11,64074.0,50.966,423
2025-02-04 13:35:00-05:00,51.11,51.13,50.97,50.98,42836.0,51.075,218
2025-02-04 13:40:00-05:00,50.96,51.01,50.95,51.0,26018.0,50.979,169
2025-02-04 13:45:00-05:00,51.01,51.41,51.01,51.41,46969.0,51.208,281
2025-02-04 13:50:00-05:00,51.41,51.48,51.33,51.36,47661.0,51.406,325
2025-02-04 13:55:00-05:00,51.34,51.34,51.14,51.19,24248.0,51.229,172
2025-02-04 14:00:00-05:00,51.18,51.22,51.09,51.2,36037.0,51.144,278
2025-02-04 14:05:00-05:00,51.2,51.43,51.18,51.38,27891.0,51.304,215
2025-02-04 14:10:00-05:00,51.38,51.44,51.36,51.42,24971.0,51.395,168
2025-02-04 14:15:00-05:00,51.43,51.64,51.43,51.64,10825.0,51.528,90
2025-02-04 14:20:00-05:00,51.64,51.84,51.64,51.84,16934.0,51.733,120
2025-02-04 14:25:00-05:00,51.84,51.84,51.71,51.71,26902.0,51.789,154
2025-02-04 14:30:00-05:00,51.71,51.75,51.68,51.68,36289.0,51.711,237
2025-02-04 14:35:00-05:00,51.68,51.73,51.48,51.49,25710.0,51.656,179
2025-02-04 14:40:00-05:00,51.48,51.49,51.39,51.43,40654.0,51.429,267
2025-02-04 14:45:00-05:00,51.42,51.47,51.37,51.4,31783.0,51.417,228
2025-02-04 14:50:00-05:00,51.41,51.8,51.41,51.78,38699.0,51.582,271
2025-02-04 14:55:00-05:00,51.77,51.8,51.66,51.68,41301.0,51.713,331
2025-02-04 15:00:00-05:00,51.68,51.68,51.48,51.52,31851.0,51.545,246
2025-02-04 15:05:00-05:00,51.5,51.51,51.42,51.49,42126.0,51.462,330
2025-02-04 15:10:00-05:00,51.49,51.56,51.38,51.49,56620.0,51.456,388
2025-02-04 15:15:00-05:00,51.5,51.52,51.42,51.48,52906.0,51.477,350
2025-02-04 15:20:00-05:00,51.47,51.58,51.45,51.52,47730.0,51.501,293
2025-02-04 15:25:00-05:00,51.53,51.56,51.49,51.52,47021.0,51.527,340
2025-02-04 15:30:00-05:00,51.52,51.69,51.51,51.62,49706.0,51.624,312
2025-02-04 15:35:00-05:00,51.62,51.78,51.58,51.77,57018.0,51.687,436
2025-02-04 15:40:00-05:00,51.77,51.89,51.76,51.84,65776.0,51.835,482
2025-02-04 15:45:00-05:00,51.84,51.98,51.84,51.91,70300.0,51.935,519
2025-02-04 15:50:00-05:00,51.9,51.9,51.73,51.86,98019.0,51.796,560
2025-02-04 15:55:00-05:00,51.87,52.01,51.78,51.86,416431.0,51.932,2060
2025-02-05 09:30:00-05:00,52.53,52.69,52.0,52.46,99460.0,52.501,275
2025-02-05 09:35:00-05:00,52.38,52.42,51.92,52.16,73957.0,52.109,449
2025-02-05 09:40:00-05:00,52.16,52.44,52.1,52.36,34647.0,52.294,241
2025-02-05 09:45:00-05:00,52.34,52.57,52.02,52.03,28400.0,52.402,191
2025-02-05 09:50:00-05:00,52.12,52.15,51.95,52.05,13444.0,52.051,87
2025-02-05 09:55:00-05:00,52.04,52.04,51.34,51.34,22327.0,51.704,162
2025-02-05 10:00:00-05:00,51.42,51.58,51.35,51.43,23726.0,51.471,170
2025-02-05 10:05:00-05:00,51.44,51.52,51.23,51.25,28770.0,51.413,196
2025-02-05 10:10:00-05:00,51.25,51.39,51.24,51.35,19550.0,51.308,123
2025-02-05 10:15:00-05:00,51.34,51.53,51.31,51.43,17128.0,51.417,113
2025-02-05 10:20:00-05:00,51.42,51.42,51.25,51.3,22048.0,51.332,161
2025-02-05 10:25:00-05:00,51.3,51.38,51.28,51.36,11945.0,51.318,75
2025-02-05 10:30:00-05:00,51.36,51.42,51.32,51.4,23777.0,51.37,152
2025-02-05 10:35:00-05:00,51.43,51.64,51.41,51.62,21886.0,51.548,107
2025-02-05 10:40:00-05:00,51.62,51.73,51.61,51.71,10102.0,51.669,70
2025-02-05 10:45:00-05:00,51.68,51.78,51.66,51.74,16945.0,51.722,113
2025-02-05 10:50:00-05:00,51.73,51.95,51.7,51.9,23406.0,51.802,101
2025-02-05 10:55:00-05:00,51.92,52.12,51.89,52.04,27985.0,52.03,190
2025-02-05 11:00:00-05:00,52.02,52.02,51.85,51.93,24377.0,51.918,101
2025-02-05 11:05:00-05:00,51.91,51.98,51.87,51.98,15490.0,51.921,99
2025-02-05 11:10:00-05:00,51.98,51.98,51.89,51.91,17890.0,51.939,118
2025-02-05 11:15:00-05:00,51.9,52.07,51.89,52.06,21857.0,51.981,129
2025-02-05 11:20:00-05:00,52.04,52.16,52.03,52.14,14424.0,52.105,82
2025-02-05 11:25:00-05:00,52.13,52.28,52.13,52.25,24190.0,52.194,131
2025-02-05 11:30:00-05:00,52.26,52.3,52.23,52.29,17156.0,52.269,99
2025-02-05 11:35:00-05:00,52.31,52.39,52.26,52.29,25042.0,52.334,168
2025-02-05 11:40:00-05:00,52.3,52.43,52.29,52.41,8257.0,52.36,67
2025-02-05 11:45:00-05:00,52.38,52.38,52.22,52.35,35337.0,52.289,159
2025-02-05 11:50:00-05:00,52.33,52.45,52.33,52.43,22048.0,52.393,94
2025-02-05 11:55:00-05:00,52.45,52.53,52.43,52.49,22428.0,52.467,128
2025-02-05 12:00:00-05:00,52.49,52.51,52.43,52.45,16947.0,52.475,116
2025-02-05 12:05:00-05:00,52.45,52.49,52.44,52.48,8066.0,52.465,57
2025-02-05 12:10:00-05:00,52.49,52.55,52.37,52.39,116858.0,52.492,386
2025-02-05 12:15:00-05:00,52.36,52.42,52.27,52.35,9363.0,52.333,60
2025-02-05 12:20:00-05:00,52.33,52.33,52.18,52.21,19974.0,52.272,119
2025-02-05 12:25:00-05:00,52.21,52.24,52.15,52.2,31974.0,52.198,153
2025-02-05 12:30:00-05:00,52.2,52.23,52.11,52.14,14374.0,52.18,101
2025-02-05 12:35:00-05:00,52.14,52.15,52.04,52.07,14105.0,52.109,91
2025-02-05 12:40:00-05:00,52.07,52.07,51.88,51.89,10260.0,51.995,68
2025-02-05 12:45:00-05:00,51.89,51.9,51.78,51.83,23241.0,51.806,104
2025-02-05 12:50:00-05:00,51.85,51.92,51.84,51.9,15409.0,51.886,86
2025-02-05 12:55:00-05:00,51.9,51.9,51.79,51.81,15183.0,51.833,109
2025-02-05 13:00:00-05:00,51.84,51.96,51.82,51.94,13584.0,51.889,99
2025-02-05 13:05:00-05:00,51.94,51.96,51.81,51.81,28265.0,51.919,111
2025-02-05 13:10:00-05:00,51.82,51.91,51.78,51.85,29851.0,51.841,120
2025-02-05 13:15:00-05:00,51.87,51.99,51.84,51.97,13674.0,51.885,64
2025-02-05 13:20:00-05:00,52.0,52.09,51.96,51.96,22534.0,52.033,115
2025-02-05 13:25:00-05:00,51.98,51.99,51.91,51.93,22462.0,51.933,125
2025-02-05 13:30:00-05:00,51.96,52.06,51.93,52.05,20370.0,51.968,138
2025-02-05 13:35:00-05:00,52.08,52.08,52.02,52.06,23162.0,52.049,96
2025-02-05 13:40:00-05:00,52.07,52.12,52.06,52.08,20096.0,52.095,104
2025-02-05 13:45:00-05:00,52.09,52.09,52.02,52.09,19064.0,52.054,124
2025-02-05 13:50:00-05:00,52.1,52.12,52.08,52.09,25393.0,52.092,122
2025-02-05 13:55:00-05:00,52.12,52.12,51.9,51.9,16064.0,52.062,112
2025-02-05 14:00:00-05:00,51.9,51.96,51.87,51.87,22763.0,51.918,137
2025-02-05 14:05:00-05:00,51.87,51.92,51.86,51.91,6768.0,51.883,44
2025-02-05 14:10:00-05:00,51.91,51.92,51.75,51.77,25380.0,51.836,155
2025-02-05 14:15:00-05:00,51.78,51.78,51.67,51.68,17603.0,51.711,105
2025-02-05 14:20:00-05:00,51.66,51.68,51.55,51.58,32496.0,51.639,178
2025-02-05 14:25:00-05:00,51.56,51.66,51.56,51.65,28205.0,51.631,184
2025-02-05 14:30:00-05:00,51.67,51.68,51.63,51.66,16244.0,51.646,105
2025-02-05 14:35:00-05:00,51.67,51.69,51.57,51.69,44291.0,51.629,184
2025-02-05 14:40:00-05:00,51.69,51.69,51.6,51.62,11129.0,51.641,76
2025-02-05 14:45:00-05:00,51.61,51.63,51.53,51.55,18588.0,51.568,106
2025-02-05 14:50:00-05:00,51.54,51.67,51.54,51.66,17704.0,51.606,118
2025-02-05 14:55:00-05:00,51.65,51.65,51.56,51.56,17235.0,51.59,121
2025-02-05 15:00:00-05:00,51.57,51.61,51.56,51.58,20188.0,51.581,105
2025-02-05 15:05:00-05:00,51.6,51.64,51.51,51.52,22251.0,51.567,139
2025-02-05 15:10:00-05:00,51.51,51.52,51.45,51.48,24130.0,51.492,144
2025-02-05 15:15:00-05:00,51.46,51.47,51.4,51.44,16890.0,51.444,95
2025-02-05 15:20:00-05:00,51.44,51.47,51.4,51.45,26501.0,51.432,189
2025-02-05 15:25:00-05:00,51.43,51.46,51.3,51.32,26192.0,51.384,158
2025-02-05 15:30:00-05:00,51.32,51.36,51.23,51.31,43410.0,51.304,218
2025-02-05 15:35:00-05:00,51.31,51.31,51.13,51.16,44557.0,51.21,292
2025-02-05 15:40:00-05:00,51.16,51.18,51.13,51.14,33851.0,51.153,242
2025-02-05 15:45:00-05:00,51.14,51.23,51.13,51.2,46796.0,51.178,324
2025-02-05 15:50:00-05:00,51.2,51.33,51.07,51.11,78049.0,51.194,463
2025-02-05 15:55:00-05:00,51.12,51.24,51.07,51.18,303111.0,51.134,1462
2025-02-06 09:30:00-05:00,52.5,52.54,52.14,52.25,63847.0,52.425,164
2025-02-06 09:35:00-05:00,52.17,52.31,52.04,52.05,29997.0,52.153,102
2025-02-06 09:40:00-05:00,52.03,52.03,51.29,51.34,23335.0,51.607,149
2025-02-06 09:45:00-05:00,51.3,51.51,51.23,51.28,56611.0,51.339,277
2025-02-06 09:50:00-05:00,51.25,51.25,51.08,51.2,67171.0,51.153,240
2025-02-06 09:55:00-05:00,51.24,51.24,51.02,51.16,56869.0,51.15,201
2025-02-06 10:00:00-05:00,51.2,51.44,51.19,51.3,45740.0,51.303,287
2025-02-06 10:05:00-05:00,51.3,51.54,51.26,51.27,17251.0,51.408,140
2025-02-06 10:10:00-05:00,51.24,51.24,51.09,51.23,18062.0,51.163,140
2025-02-06 10:15:00-05:00,51.23,51.29,51.17,51.2,11695.0,51.228,93
2025-02-06 10:20:00-05:00,51.25,51.32,51.18,51.19,11801.0,51.255,77
2025-02-06 10:25:00-05:00,51.19,51.28,51.17,51.17,14086.0,51.238,70
2025-02-06 10:30:00-05:00,51.16,51.27,51.14,51.15,15658.0,51.189,124
2025-02-06 10:35:00-05:00,51.15,51.17,51.03,51.05,16328.0,51.122,134
2025-02-06 10:40:00-05:00,51.02,51.12,51.01,51.02,13556.0,51.056,107
2025-02-06 10:45:00-05:00,51.03,51.05,50.86,50.92,29651.0,50.953,202
2025-02-06 10:50:00-05:00,50.93,50.94,50.85,50.88,13153.0,50.888,107
2025-02-06 10:55:00-05:00,50.88,50.91,50.77,50.83,32751.0,50.856,244
2025-02-06 11:00:00-05:00,50.83,50.91,50.76,50.78,18646.0,50.824,140
2025-02-06 11:05:00-05:00,50.78,50.95,50.77,50.89,91596.0,50.861,293
2025-02-06 11:10:00-05:00,50.88,51.03,50.85,51.01,30565.0,50.923,200
2025-02-06 11:15:00-05:00,51.0,51.2,50.99,51.2,11449.0,51.081,89
2025-02-06 11:20:00-05:00,51.18,51.25,51.13,51.25,14139.0,51.17,108
2025-02-06 11:25:00-05:00,51.23,51.24,51.16,51.22,17647.0,51.206,139
2025-02-06 11:30:00-05:00,51.22,51.32,51.18,51.28,15093.0,51.254,80
2025-02-06 11:35:00-05:00,51.29,51.32,51.23,51.25,12591.0,51.288,93
2025-02-06 11:40:00-05:00,51.25,51.29,51.23,51.26,7002.0,51.256,61
2025-02-06 11:45:00-05:00,51.28,51.38,51.26,51.34,13927.0,51.321,100
2025-02-06 11:50:00-05:00,51.34,51.49,51.34,51.37,28912.0,51.433,154
2025-02-06 11:55:00-05:00,51.37,51.39,51.26,51.31,12071.0,51.299,99
2025-02-06 12:00:00-05:00,51.29,51.45,51.26,51.45,9215.0,51.333,73
2025-02-06 12:05:00-05:00,51.43,51.54,51.42,51.52,27550.0,51.481,138
2025-02-06 12:10:00-05:00,51.5,51.52,51.46,51.49,14523.0,51.498,83
2025-02-06 12:15:00-05:00,51.47,51.64,51.42,51.62,16128.0,51.517,108
2025-02-06 12:20:00-05:00,51.63,51.73,51.61,51.7,12614.0,51.688,83
2025-02-06 12:25:00-05:00,51.71,51.77,51.7,51.74,9242.0,51.745,65
2025-02-06 12:30:00-05:00,51.76,51.76,51.61,51.63,14088.0,51.7,101
2025-02-06 12:35:00-05:00,51.64,51.72,51.63,51.64,11500.0,51.672,95
2025-02-06 12:40:00-05:00,51.67,51.77,51.66,51.73,7497.0,51.735,52
2025-02-06 12:45:00-05:00,51.74,51.74,51.68,51.68,5966.0,51.721,44
2025-02-06 12:50:00-05:00,51.68,51.69,51.63,51.63,4965.0,51.663,42
2025-02-06 12:55:00-05:00,51.63,51.7,51.6,51.69,8744.0,51.639,73
2025-02-06 13:00:00-05:00,51.69,51.69,51.58,51.59,8862.0,51.643,76
2025-02-06 13:05:00-05:00,51.6,51.67,51.56,51.58,9791.0,51.608,82
2025-02-06 13:10:00-05:00,51.58,51.64,51.57,51.6,6146.0,51.609,50
2025-02-06 13:15:00-05:00,51.58,51.63,51.53,51.53,12885.0,51.575,98
2025-02-06 13:20:00-05:00,51.53,51.56,51.49,51.51,15825.0,51.532,127
2025-02-06 13:25:00-05:00,51.51,51.54,51.46,51.52,16786.0,51.499,123
2025-02-06 13:30:00-05:00,51.52,51.58,51.46,51.53,9393.0,51.528,68
2025-02-06 13:35:00-05:00,51.54,51.55,51.47,51.48,7971.0,51.517,63
2025-02-06 13:40:00-05:00,51.47,51.47,51.41,51.41,7627.0,51.431,58
2025-02-06 13:45:00-05:00,51.42,51.43,51.35,51.38,5483.0,51.381,38
2025-02-06 13:50:00-05:00,51.36,51.42,51.36,51.39,13539.0,51.391,94
2025-02-06 13:55:00-05:00,51.39,51.45,51.37,51.43,9730.0,51.395,72
2025-02-06 14:00:00-05:00,51.42,51.44,51.39,51.4,7923.0,51.417,61
2025-02-06 14:05:00-05:00,51.4,51.4,51.31,51.33,6998.0,51.359,59
2025-02-06 14:10:00-05:00,51.32,51.32,51.21,51.21,8599.0,51.292,71
2025-02-06 14:15:00-05:00,51.22,51.22,51.16,51.18,14185.0,51.191,112
2025-02-06 14:20:00-05:00,51.19,51.21,51.16,51.16,7613.0,51.196,52
2025-02-06 14:25:00-05:00,51.12,51.15,51.08,51.11,9603.0,51.12,53
2025-02-06 14:30:00-05:00,51.11,51.11,50.99,51.02,7123.0,51.028,65
2025-02-06 14:35:00-05:00,51.02,51.02,50.97,51.0,16108.0,51.002,126
2025-02-06 14:40:00-05:00,51.0,51.0,50.95,50.97,8356.0,50.974,63
2025-02-06 14:45:00-05:00,50.98,51.04,50.95,51.02,24751.0,50.994,171
2025-02-06 14:50:00-05:00,51.02,51.04,51.0,51.03,6538.0,51.016,39
2025-02-06 14:55:00-05:00,51.03,51.03,50.93,51.0,39912.0,50.977,180
2025-02-06 15:00:00-05:00,51.0,51.0,50.93,50.94,10001.0,50.966,69
2025-02-06 15:05:00-05:00,50.92,51.06,50.92,51.05,11116.0,50.993,60
2025-02-06 15:10:00-05:00,51.07,51.16,51.05,51.12,13516.0,51.128,68
2025-02-06 15:15:00-05:00,51.11,51.12,51.05,51.06,20353.0,51.093,146
2025-02-06 15:20:00-05:00,51.06,51.16,51.05,51.11,26363.0,51.101,151
2025-02-06 15:25:00-05:00,51.11,51.2,51.1,51.17,15607.0,51.155,108
2025-02-06 15:30:00-05:00,51.19,51.3,51.19,51.29,20487.0,51.256,140
2025-02-06 15:35:00-05:00,51.29,51.36,51.28,51.36,25182.0,51.308,175
2025-02-06 15:40:00-05:00,51.36,51.4,51.33,51.36,28762.0,51.369,211
2025-02-06 15:45:00-05:00,51.36,51.45,51.35,51.43,36316.0,51.415,269
2025-02-06 15:50:00-05:00,51.43,51.46,51.31,51.36,69725.0,51.359,488
2025-02-06 15:55:00-05:00,51.36,51.37,51.2,51.27,203626.0,51.279,1097
2025-02-07 09:30:00-05:00,51.19,51.34,51.01,51.31,34607.0,51.221,64
2025-02-07 09:35:00-05:00,51.31,51.31,50.96,51.04,16700.0,51.032,61
2025-02-07 09:40:00-05:00,51.07,51.36,51.04,51.36,14740.0,51.237,105
2025-02-07 09:45:00-05:00,51.36,51.45,51.17,51.17,17911.0,51.34,128
2025-02-07 09:50:00-05:00,51.24,51.28,51.16,51.17,6613.0,51.235,49
2025-02-07 09:55:00-05:00,51.18,51.32,51.15,51.32,21718.0,51.25,107
2025-02-07 10:00:00-05:00,51.44,51.44,51.15,51.19,39166.0,51.23,203
2025-02-07 10:05:00-05:00,51.22,51.3,51.12,51.15,31485.0,51.222,177
2025-02-07 10:10:00-05:00,51.15,51.16,50.92,50.95,14285.0,51.039,94
2025-02-07 10:15:00-05:00,50.95,50.96,50.86,50.89,12382.0,50.903,100
2025-02-07 10:20:00-05:00,50.89,50.97,50.83,50.88,9615.0,50.897,66
2025-02-07 10:25:00-05:00,50.86,50.86,50.68,50.7,14413.0,50.755,89
2025-02-07 10:30:00-05:00,50.71,50.79,50.71,50.77,7068.0,50.742,48
2025-02-07 10:35:00-05:00,50.75,50.75,50.64,50.67,7319.0,50.689,61
2025-02-07 10:40:00-05:00,50.67,50.76,50.66,50.71,16066.0,50.714,99
2025-02-07 10:45:00-05:00,50.7,50.74,50.68,50.7,5893.0,50.71,44
2025-02-07 10:50:00-05:00,50.68,50.76,50.52,50.54,22375.0,50.682,157
2025-02-07 10:55:00-05:00,50.55,50.64,50.5,50.64,19564.0,50.547,72
2025-02-07 11:00:00-05:00,50.64,50.64,50.52,50.62,15720.0,50.569,80
2025-02-07 11:05:00-05:00,50.66,50.73,50.63,50.67,9528.0,50.679,77
2025-02-07 11:10:00-05:00,50.66,50.75,50.63,50.68,8708.0,50.685,59
2025-02-07 11:15:00-05:00,50.68,50.78,50.66,50.77,7665.0,50.713,58
2025-02-07 11:20:00-05:00,50.77,50.79,50.63,50.65,7504.0,50.683,53
2025-02-07 11:25:00-05:00,50.64,50.66,50.61,50.62,9037.0,50.633,62
2025-02-07 11:30:00-05:00,50.62,50.69,50.62,50.64,10333.0,50.657,45
2025-02-07 11:35:00-05:00,50.64,50.64,50.55,50.55,10842.0,50.607,82
2025-02-07 11:40:00-05:00,50.57,50.6,50.52,50.53,9779.0,50.552,57
2025-02-07 11:45:00-05:00,50.53,50.63,50.53,50.58,9971.0,50.576,71
2025-02-07 11:50:00-05:00,50.58,50.66,50.58,50.59,7931.0,50.625,54
2025-02-07 11:55:00-05:00,50.6,50.63,50.55,50.55,23430.0,50.601,142
2025-02-07 12:00:00-05:00,50.53,50.61,50.53,50.59,6221.0,50.573,39
2025-02-07 12:05:00-05:00,50.59,50.7,50.57,50.65,9397.0,50.649,72
2025-02-07 12:10:00-05:00,50.64,50.7,50.61,50.7,7346.0,50.651,60
2025-02-07 12:15:00-05:00,50.68,50.71,50.63,50.71,13665.0,50.668,103
2025-02-07 12:20:00-05:00,50.72,50.76,50.67,50.71,15253.0,50.71,109
2025-02-07 12:25:00-05:00,50.72,50.76,50.67,50.73,6904.0,50.703,43
2025-02-07 12:30:00-05:00,50.69,50.7,50.6,50.61,5632.0,50.654,39
2025-02-07 12:35:00-05:00,50.62,50.66,50.54,50.54,17329.0,50.601,78
2025-02-07 12:40:00-05:00,50.55,50.6,50.52,50.6,9789.0,50.56,65
2025-02-07 12:45:00-05:00,50.62,50.68,50.6,50.66,32786.0,50.622,83
2025-02-07 12:50:00-05:00,50.67,50.68,50.62,50.68,15212.0,50.65,56
2025-02-07 12:55:00-05:00,50.67,50.69,50.65,50.65,4100.0,50.67,24
2025-02-07 13:00:00-05:00,50.65,50.73,50.64,50.72,11160.0,50.698,38
2025-02-07 13:05:00-05:00,50.73,50.74,50.7,50.73,35440.0,50.718,66
2025-02-07 13:10:00-05:00,50.73,50.75,50.69,50.74,7598.0,50.724,47
2025-02-07 13:15:00-05:00,50.75,50.79,50.74,50.78,10554.0,50.772,72
2025-02-07 13:20:00-05:00,50.78,50.78,50.65,50.66,17428.0,50.723,80
2025-02-07 13:25:00-05:00,50.66,50.68,50.61,50.64,11078.0,50.645,87
2025-02-07 13:30:00-05:00,50.65,50.72,50.64,50.7,4028.0,50.691,23
2025-02-07 13:35:00-05:00,50.74,50.85,50.74,50.77,15709.0,50.815,104
2025-02-07 13:40:00-05:00,50.79,50.8,50.71,50.72,5291.0,50.754,40
2025-02-07 13:45:00-05:00,50.72,50.74,50.66,50.73,4874.0,50.701,35
2025-02-07 13:50:00-05:00,50.76,50.76,50.73,50.76,3346.0,50.75,28
2025-02-07 13:55:00-05:00,50.76,50.78,50.7,50.71,25289.0,50.763,126
2025-02-07 14:00:00-05:00,50.69,50.71,50.66,50.69,4426.0,50.688,31
2025-02-07 14:05:00-05:00,50.7,50.73,50.68,50.69,7096.0,50.709,54
2025-02-07 14:10:00-05:00,50.69,50.72,50.65,50.66,10733.0,50.686,42
2025-02-07 14:15:00-05:00,50.67,50.74,50.66,50.73,9266.0,50.687,53
2025-02-07 14:20:00-05:00,50.72,50.74,50.7,50.72,14905.0,50.721,70
2025-02-07 14:25:00-05:00,50.72,50.79,50.69,50.7,10502.0,50.737,76
2025-02-07 14:30:00-05:00,50.68,50.73,50.66,50.69,11236.0,50.698,77
2025-02-07 14:35:00-05:00,50.7,50.75,50.69,50.73,10038.0,50.714,75
2025-02-07 14:40:00-05:00,50.74,50.76,50.71,50.72,13817.0,50.74,89
2025-02-07 14:45:00-05:00,50.73,50.78,50.7,50.75,10253.0,50.75,82
2025-02-07 14:50:00-05:00,50.76,50.79,50.7,50.7,7559.0,50.752,57
2025-02-07 14:55:00-05:00,50.7,50.71,50.69,50.7,8314.0,50.704,57
2025-02-07 15:00:00-05:00,50.68,50.69,50.65,50.66,11912.0,50.672,91
2025-02-07 15:05:00-05:00,50.66,50.71,50.66,50.68,9977.0,50.679,51
2025-02-07 15:10:00-05:00,50.69,50.75,50.69,50.72,17121.0,50.713,95
2025-02-07 15:15:00-05:00,50.71,50.71,50.62,50.66,14359.0,50.668,100
2025-02-07 15:20:00-05:00,50.66,50.77,50.66,50.77,18679.0,50.721,139
2025-02-07 15:25:00-05:00,50.76,50.78,50.74,50.78,23973.0,50.761,146
2025-02-07 15:30:00-05:00,50.77,50.81,50.77,50.8,22943.0,50.795,161
2025-02-07 15:35:00-05:00,50.8,50.8,50.69,50.74,29655.0,50.759,216
2025-02-07 15:40:00-05:00,50.73,50.73,50.5,50.5,37130.0,50.645,241
2025-02-07 15:45:00-05:00,50.5,50.61,50.49,50.52,41623.0,50.53,351
2025-02-07 15:50:00-05:00,50.52,50.59,50.47,50.49,51357.0,50.538,369
2025-02-07 15:55:00-05:00,50.48,50.57,50.44,50.48,211622.0,50.496,1073
2025-02-10 09:30:00-05:00,50.91,50.91,50.48,50.5,22668.0,50.854,21
2025-02-10 09:35:00-05:00,50.67,50.72,50.5,50.62,8632.0,50.652,63
2025-02-10 09:40:00-05:00,50.62,50.71,50.4,50.48,16941.0,50.546,106
2025-02-10 09:45:00-05:00,50.46,50.52,50.4,50.46,23954.0,50.471,134
2025-02-10 09:50:00-05:00,50.46,50.5,50.28,50.33,21768.0,50.353,90
2025-02-10 09:55:00-05:00,50.28,50.39,50.23,50.23,18679.0,50.306,157
2025-02-10 10:00:00-05:00,50.24,50.66,50.24,50.63,29935.0,50.456,171
2025-02-10 10:05:00-05:00,50.64,50.8,50.63,50.79,40580.0,50.732,136
2025-02-10 10:10:00-05:00,50.78,50.78,50.69,50.72,20516.0,50.73,107
2025-02-10 10:15:00-05:00,50.7,50.79,50.7,50.76,15302.0,50.743,96
2025-02-10 10:20:00-05:00,50.76,50.76,50.67,50.69,11945.0,50.72,96
2025-02-10 10:25:00-05:00,50.73,50.78,50.7,50.72,14045.0,50.749,105
2025-02-10 10:30:00-05:00,50.69,50.72,50.68,50.69,10523.0,50.698,70
2025-02-10 10:35:00-05:00,50.71,50.73,50.62,50.7,152355.0,50.677,226
2025-02-10 10:40:00-05:00,50.7,50.77,50.66,50.76,24222.0,50.699,126
2025-02-10 10:45:00-05:00,50.77,50.9,50.76,50.9,16152.0,50.845,112
2025-02-10 10:50:00-05:00,50.89,50.89,50.8,50.81,11966.0,50.829,71
2025-02-10 10:55:00-05:00,50.8,50.81,50.66,50.67,12078.0,50.72,90
2025-02-10 11:00:00-05:00,50.67,50.67,50.61,50.64,8100.0,50.633,51
2025-02-10 11:05:00-05:00,50.64,50.67,50.63,50.65,7370.0,50.644,40
2025-02-10 11:10:00-05:00,50.66,50.67,50.58,50.63,11603.0,50.62,81
2025-02-10 11:15:00-05:00,50.63,50.63,50.6,50.62,10288.0,50.621,71
2025-02-10 11:20:00-05:00,50.63,50.65,50.57,50.57,9849.0,50.613,70
2025-02-10 11:25:00-05:00,50.59,50.6,50.53,50.55,6084.0,50.563,46
2025-02-10 11:30:00-05:00,50.56,50.56,50.48,50.51,10156.0,50.523,79
2025-02-10 11:35:00-05:00,50.51,50.59,50.49,50.55,21780.0,50.535,141
2025-02-10 11:40:00-05:00,50.53,50.57,50.5,50.57,10766.0,50.532,77
2025-02-10 11:45:00-05:00,50.55,50.58,50.53,50.53,11269.0,50.556,66
2025-02-10 11:50:00-05:00,50.55,50.57,50.5,50.51,33721.0,50.535,212
2025-02-10 11:55:00-05:00,50.52,50.52,50.45,50.48,14601.0,50.497,107
2025-02-10 12:00:00-05:00,50.49,50.53,50.47,50.48,16240.0,50.507,122
2025-02-10 12:05:00-05:00,50.49,50.52,50.46,50.52,6797.0,50.482,56
2025-02-10 12:10:00-05:00,50.52,50.65,50.52,50.63,98277.0,50.537,163
2025-02-10 12:15:00-05:00,50.63,50.7,50.6,50.69,23694.0,50.645,136
2025-02-10 12:20:00-05:00,50.69,50.73,50.64,50.72,15015.0,50.691,79
2025-02-10 12:25:00-05:00,50.72,50.72,50.68,50.71,11994.0,50.701,82
2025-02-10 12:30:00-05:00,50.71,50.75,50.7,50.75,11577.0,50.731,81
2025-02-10 12:35:00-05:00,50.75,50.75,50.7,50.7,10435.0,50.733,81
2025-02-10 12:40:00-05:00,50.66,50.68,50.65,50.66,8305.0,50.668,58
2025-02-10 12:45:00-05:00,50.68,50.68,50.63,50.63,9997.0,50.648,52
2025-02-10 12:50:00-05:00,50.64,50.71,50.64,50.7,7890.0,50.675,54
2025-02-10 12:55:00-05:00,50.7,50.7,50.65,50.66,11041.0,50.679,63
2025-02-10 13:00:00-05:00,50.67,50.69,50.65,50.65,26173.0,50.669,124
2025-02-10 13:05:00-05:00,50.65,50.69,50.61,50.61,15783.0,50.651,97
2025-02-10 13:10:00-05:00,50.63,50.73,50.61,50.71,13855.0,50.678,82
2025-02-10 13:15:00-05:00,50.7,50.71,50.64,50.65,10308.0,50.674,60
2025-02-10 13:20:00-05:00,50.65,50.66,50.64,50.65,9672.0,50.649,58
2025-02-10 13:25:00-05:00,50.65,50.72,50.65,50.67,33485.0,50.685,92
2025-02-10 13:30:00-05:00,50.66,50.7,50.64,50.69,11897.0,50.689,64
2025-02-10 13:35:00-05:00,50.69,50.82,50.69,50.76,46388.0,50.721,103
2025-02-10 13:40:00-05:00,50.78,50.8,50.76,50.8,20064.0,50.785,85
2025-02-10 13:45:00-05:00,50.79,50.8,50.74,50.77,12214.0,50.776,92
2025-02-10 13:50:00-05:00,50.76,50.76,50.66,50.69,16292.0,50.699,72
2025-02-10 13:55:00-05:00,50.67,50.69,50.62,50.63,15320.0,50.657,94
2025-02-10 14:00:00-05:00,50.63,50.81,50.63,50.78,16799.0,50.703,99
2025-02-10 14:05:00-05:00,50.76,50.81,50.74,50.74,7898.0,50.773,41
2025-02-10 14:10:00-05:00,50.74,50.77,50.73,50.75,11871.0,50.746,78
2025-02-10 14:15:00-05:00,50.74,50.75,50.72,50.73,17410.0,50.738,89
2025-02-10 14:20:00-05:00,50.74,50.82,50.74,50.79,31040.0,50.782,152
2025-02-10 14:25:00-05:00,50.79,50.8,50.71,50.76,36919.0,50.736,197
2025-02-10 14:30:00-05:00,50.76,50.77,50.71,50.72,12627.0,50.74,75
2025-02-10 14:35:00-05:00,50.71,50.77,50.7,50.77,44830.0,50.722,147
2025-02-10 14:40:00-05:00,50.78,50.78,50.72,50.75,19160.0,50.76,159
2025-02-10 14:45:00-05:00,50.75,50.8,50.74,50.79,9146.0,50.777,59
2025-02-10 14:50:00-05:00,50.78,50.81,50.76,50.8,13446.0,50.784,86
2025-02-10 14:55:00-05:00,50.8,50.81,50.72,50.73,16495.0,50.78,110
2025-02-10 15:00:00-05:00,50.74,50.81,50.73,50.79,14887.0,50.781,86
2025-02-10 15:05:00-05:00,50.78,50.81,50.75,50.76,16210.0,50.78,93
2025-02-10 15:10:00-05:00,50.76,50.78,50.75,50.77,10096.0,50.764,80
2025-02-10 15:15:00-05:00,50.76,50.77,50.69,50.71,27086.0,50.733,174
2025-02-10 15:20:00-05:00,50.71,50.71,50.65,50.67,21250.0,50.678,129
2025-02-10 15:25:00-05:00,50.67,50.69,50.65,50.66,18783.0,50.674,131
2025-02-10 15:30:00-05:00,50.66,50.66,50.57,50.59,23263.0,50.613,139
2025-02-10 15:35:00-05:00,50.59,50.6,50.55,50.58,22655.0,50.57,155
2025-02-10 15:40:00-05:00,50.58,50.63,50.56,50.59,36454.0,50.593,222
2025-02-10 15:45:00-05:00,50.59,50.59,50.44,50.47,51608.0,50.501,286
2025-02-10 15:50:00-05:00,50.48,50.54,50.42,50.43,48492.0,50.456,267
2025-02-10 15:55:00-05:00,50.42,50.51,50.35,50.38,211211.0,50.41,1035
2025-02-11 09:30:00-05:00,50.0,50.42,50.0,50.31,39406.0,50.055,75
2025-02-11 09:35:00-05:00,50.19,50.35,50.13,50.27,24142.0,50.246,145
2025-02-11 09:40:00-05:00,50.27,50.35,50.25,50.25,18484.0,50.291,120
2025-02-11 09:45:00-05:00,50.27,50.43,50.25,50.43,23099.0,50.363,97
2025-02-11 09:50:00-05:00,50.43,50.47,50.35,50.46,24402.0,50.421,147
2025-02-11 09:55:00-05:00,50.48,50.54,50.41,50.53,16196.0,50.461,103
2025-02-11 10:00:00-05:00,50.53,50.54,50.43,50.45,35442.0,50.503,196
2025-02-11 10:05:00-05:00,50.43,50.43,50.35,50.36,12606.0,50.383,89
2025-02-11 10:10:00-05:00,50.37,50.39,50.32,50.38,17879.0,50.348,140
2025-02-11 10:15:00-05:00,50.38,50.4,50.33,50.38,22899.0,50.357,167
2025-02-11 10:20:00-05:00,50.4,50.51,50.38,50.44,26317.0,50.431,121
2025-02-11 10:25:00-05:00,50.46,50.54,50.45,50.54,11745.0,50.501,94
2025-02-11 10:30:00-05:00,50.52,50.57,50.51,50.54,13156.0,50.543,103
2025-02-11 10:35:00-05:00,50.54,50.59,50.5,50.53,11299.0,50.548,87
2025-02-11 10:40:00-05:00,50.52,50.54,50.47,50.52,15717.0,50.513,123
2025-02-11 10:45:00-05:00,50.52,50.6,50.52,50.6,25145.0,50.55,113
2025-02-11 10:50:00-05:00,50.6,50.73,50.59,50.73,17418.0,50.656,120
2025-02-11 10:55:00-05:00,50.73,50.73,50.67,50.69,15679.0,50.708,107
2025-02-11 11:00:00-05:00,50.7,50.72,50.64,50.72,16443.0,50.671,113
2025-02-11 11:05:00-05:00,50.72,50.76,50.71,50.76,11099.0,50.731,77
2025-02-11 11:10:00-05:00,50.76,50.76,50.69,50.7,9584.0,50.721,58
2025-02-11 11:15:00-05:00,50.68,50.69,50.66,50.66,13333.0,50.683,64
2025-02-11 11:20:00-05:00,50.67,50.67,50.58,50.63,32993.0,50.609,164
2025-02-11 11:25:00-05:00,50.63,50.66,50.63,50.65,9773.0,50.647,57
2025-02-11 11:30:00-05:00,50.65,50.67,50.6,50.61,8718.0,50.637,64
2025-02-11 11:35:00-05:00,50.61,50.64,50.58,50.63,18799.0,50.602,123
2025-02-11 11:40:00-05:00,50.64,50.64,50.6,50.62,9486.0,50.612,55
2025-02-11 11:45:00-05:00,50.62,50.62,50.58,50.59,11481.0,50.604,73
2025-02-11 11:50:00-05:00,50.6,50.6,50.55,50.55,14930.0,50.587,72
2025-02-11 11:55:00-05:00,50.56,50.58,50.54,50.58,11330.0,50.559,82
2025-02-11 12:00:00-05:00,50.57,50.66,50.56,50.65,35127.0,50.631,119
2025-02-11 12:05:00-05:00,50.65,50.65,50.58,50.59,15030.0,50.604,98
2025-02-11 12:10:00-05:00,50.59,50.61,50.57,50.6,16184.0,50.591,86
2025-02-11 12:15:00-05:00,50.59,50.61,50.57,50.57,18610.0,50.593,121
2025-02-11 12:20:00-05:00,50.57,50.57,50.55,50.57,8601.0,50.563,57
2025-02-11 12:25:00-05:00,50.57,50.58,50.55,50.55,12222.0,50.563,80
2025-02-11 12:30:00-05:00,50.55,50.56,50.53,50.55,7807.0,50.54,49
2025-02-11 12:35:00-05:00,50.55,50.55,50.49,50.5,7915.0,50.519,59
2025-02-11 12:40:00-05:00,50.49,50.53,50.49,50.52,8916.0,50.505,61
2025-02-11 12:45:00-05:00,50.52,50.53,50.46,50.5,19674.0,50.505,117
2025-02-11 12:50:00-05:00,50.48,50.49,50.46,50.48,6698.0,50.476,50
2025-02-11 12:55:00-05:00,50.48,50.48,50.47,50.48,2819.0,50.477,22
2025-02-11 13:00:00-05:00,50.48,50.48,50.43,50.44,7935.0,50.46,50
2025-02-11 13:05:00-05:00,50.44,50.49,50.44,50.48,11005.0,50.472,87
2025-02-11 13:10:00-05:00,50.48,50.5,50.46,50.48,5639.0,50.481,45
2025-02-11 13:15:00-05:00,50.47,50.49,50.43,50.43,9368.0,50.477,66
2025-02-11 13:20:00-05:00,50.44,50.44,50.39,50.39,5738.0,50.416,48
2025-02-11 13:25:00-05:00,50.39,50.4,50.31,50.31,9288.0,50.364,70
2025-02-11 13:30:00-05:00,50.31,50.33,50.29,50.29,7728.0,50.304,57
2025-02-11 13:35:00-05:00,50.29,50.35,50.28,50.34,11623.0,50.312,94
2025-02-11 13:40:00-05:00,50.34,50.36,50.32,50.33,15788.0,50.338,83
2025-02-11 13:45:00-05:00,50.32,50.32,50.25,50.26,12567.0,50.284,99
2025-02-11 13:50:00-05:00,50.26,50.27,50.23,50.23,10894.0,50.245,86
2025-02-11 13:55:00-05:00,50.23,50.24,50.2,50.2,9786.0,50.225,66
2025-02-11 14:00:00-05:00,50.2,50.22,50.19,50.21,19408.0,50.207,108
2025-02-11 14:05:00-05:00,50.21,50.22,50.2,50.22,10824.0,50.208,67
2025-02-11 14:10:00-05:00,50.22,50.27,50.2,50.22,27599.0,50.227,126
2025-02-11 14:15:00-05:00,50.22,50.28,50.2,50.27,9982.0,50.225,82
2025-02-11 14:20:00-05:00,50.27,50.3,50.25,50.25,25770.0,50.284,132
2025-02-11 14:25:00-05:00,50.25,50.27,50.21,50.22,13121.0,50.237,101
2025-02-11 14:30:00-05:00,50.22,50.35,50.21,50.35,28702.0,50.261,185
2025-02-11 14:35:00-05:00,50.36,50.5,50.35,50.48,22594.0,50.441,137
2025-02-11 14:40:00-05:00,50.48,50.51,50.38,50.38,24993.0,50.436,165
2025-02-11 14:45:00-05:00,50.39,50.4,50.35,50.36,16748.0,50.381,109
2025-02-11 14:50:00-05:00,50.35,50.37,50.34,50.36,14725.0,50.356,115
2025-02-11 14:55:00-05:00,50.36,50.36,50.27,50.28,12283.0,50.324,92
2025-02-11 15:00:00-05:00,50.29,50.31,50.26,50.27,27565.0,50.295,173
2025-02-11 15:05:00-05:00,50.26,50.26,50.22,50.23,13152.0,50.235,102
2025-02-11 15:10:00-05:00,50.22,50.28,50.22,50.28,27683.0,50.253,177
2025-02-11 15:15:00-05:00,50.27,50.27,50.24,50.24,18124.0,50.257,122
2025-02-11 15:20:00-05:00,50.25,50.25,50.06,50.09,59595.0,50.143,352
2025-02-11 15:25:00-05:00,50.08,50.08,50.02,50.05,54102.0,50.052,325
2025-02-11 15:30:00-05:00,50.05,50.3,50.05,50.28,65515.0,50.189,381
2025-02-11 15:35:00-05:00,50.28,50.35,50.27,50.35,44541.0,50.322,290
2025-02-11 15:40:00-05:00,50.35,50.35,50.24,50.27,64912.0,50.284,461
2025-02-11 15:45:00-05:00,50.27,50.35,50.22,50.34,45423.0,50.271,306
2025-02-11 15:50:00-05:00,50.36,50.42,50.19,50.27,60127.0,50.288,451
2025-02-11 15:55:00-05:00,50.27,50.38,50.24,50.35,136566.0,50.308,907
2025-02-12 09:30:00-05:00,49.25,49.95,49.03,49.51,56072.0,49.263,86
2025-02-12 09:35:00-05:00,49.51,49.52,49.15,49.32,24861.0,49.298,185
2025-02-12 09:40:00-05:00,49.32,49.39,49.11,49.28,75395.0,49.222,260
2025-02-12 09:45:00-05:00,49.29,49.4,49.17,49.4,17153.0,49.286,119
2025-02-12 09:50:00-05:00,49.4,49.52,49.3,49.52,13715.0,49.377,95
2025-02-12 09:55:00-05:00,49.53,49.66,49.53,49.65,13820.0,49.595,86
2025-02-12 10:00:00-05:00,49.65,49.71,49.59,49.66,28723.0,49.652,187
2025-02-12 10:05:00-05:00,49.64,49.74,49.56,49.56,22018.0,49.647,121
2025-02-12 10:10:00-05:00,49.57,49.57,49.46,49.54,12897.0,49.497,90
2025-02-12 10:15:00-05:00,49.54,49.64,49.53,49.59,12998.0,49.587,98
2025-02-12 10:20:00-05:00,49.61,49.63,49.49,49.59,16186.0,49.55,117
2025-02-12 10:25:00-05:00,49.59,49.64,49.55,49.59,7647.0,49.589,64
2025-02-12 10:30:00-05:00,49.59,49.65,49.56,49.65,5219.0,49.595,42
2025-02-12 10:35:00-05:00,49.66,49.67,49.46,49.48,27981.0,49.577,210
2025-02-12 10:40:00-05:00,49.49,49.59,49.46,49.55,5937.0,49.544,47
2025-02-12 10:45:00-05:00,49.55,49.56,49.5,49.54,10300.0,49.534,74
2025-02-12 10:50:00-05:00,49.52,49.52,49.43,49.47,8701.0,49.467,74
2025-02-12 10:55:00-05:00,49.48,49.48,49.39,49.42,29486.0,49.412,65
2025-02-12 11:00:00-05:00,49.42,49.42,49.28,49.29,20814.0,49.359,133
2025-02-12 11:05:00-05:00,49.29,49.34,49.22,49.24,26221.0,49.271,146
2025-02-12 11:10:00-05:00,49.25,49.34,49.18,49.34,46580.0,49.235,188
2025-02-12 11:15:00-05:00,49.34,49.36,49.31,49.33,7116.0,49.328,38
2025-02-12 11:20:00-05:00,49.35,49.35,49.28,49.31,6889.0,49.311,46
2025-02-12 11:25:00-05:00,49.33,49.33,49.25,49.27,13726.0,49.282,88
2025-02-12 11:30:00-05:00,49.26,49.31,49.25,49.27,14543.0,49.29,96
2025-02-12 11:35:00-05:00,49.27,49.28,49.25,49.25,12459.0,49.267,80
2025-02-12 11:40:00-05:00,49.26,49.35,49.23,49.35,22912.0,49.257,106
2025-02-12 11:45:00-05:00,49.34,49.35,49.3,49.35,24112.0,49.318,81
2025-02-12 11:50:00-05:00,49.35,49.41,49.34,49.4,31328.0,49.364,143
2025-02-12 11:55:00-05:00,49.4,49.42,49.38,49.42,13664.0,49.402,62
2025-02-12 12:00:00-05:00,49.4,49.56,49.39,49.54,21688.0,49.489,123
2025-02-12 12:05:00-05:00,49.53,49.55,49.44,49.44,34960.0,49.509,167
2025-02-12 12:10:00-05:00,49.46,49.53,49.41,49.53,71997.0,49.455,351
2025-02-12 12:15:00-05:00,49.57,49.63,49.55,49.62,19191.0,49.599,118
2025-02-12 12:20:00-05:00,49.63,49.77,49.63,49.75,15154.0,49.701,94
2025-02-12 12:25:00-05:00,49.77,49.77,49.69,49.73,19716.0,49.726,120
2025-02-12 12:30:00-05:00,49.73,49.75,49.69,49.71,22155.0,49.716,99
2025-02-12 12:35:00-05:00,49.72,49.74,49.7,49.72,23031.0,49.724,136
2025-02-12 12:40:00-05:00,49.73,49.76,49.71,49.73,16120.0,49.744,68
2025-02-12 12:45:00-05:00,49.74,49.85,49.74,49.82,26806.0,49.809,134
2025-02-12 12:50:00-05:00,49.83,49.88,49.82,49.87,17387.0,49.846,79
2025-02-12 12:55:00-05:00,49.88,49.88,49.78,49.81,25456.0,49.847,114
2025-02-12 13:00:00-05:00,49.81,49.85,49.8,49.82,29355.0,49.829,137
2025-02-12 13:05:00-05:00,49.82,49.84,49.8,49.81,29371.0,49.817,149
2025-02-12 13:10:00-05:00,49.81,49.87,49.8,49.87,11486.0,49.819,87
2025-02-12 13:15:00-05:00,49.88,49.9,49.78,49.8,20806.0,49.832,154
2025-02-12 13:20:00-05:00,49.81,49.85,49.79,49.82,21653.0,49.818,161
2025-02-12 13:25:00-05:00,49.83,49.85,49.75,49.78,44461.0,49.816,257
2025-02-12 13:30:00-05:00,49.78,49.81,49.76,49.79,17025.0,49.783,91
2025-02-12 13:35:00-05:00,49.79,49.87,49.78,49.87,24737.0,49.803,130
2025-02-12 13:40:00-05:00,49.87,49.87,49.79,49.79,20716.0,49.835,99
2025-02-12 13:45:00-05:00,49.8,49.84,49.72,49.73,23243.0,49.781,120
2025-02-12 13:50:00-05:00,49.74,49.74,49.71,49.72,8538.0,49.723,55
2025-02-12 13:55:00-05:00,49.71,49.71,49.58,49.59,21226.0,49.652,147
2025-02-12 14:00:00-05:00,49.59,49.62,49.56,49.6,19465.0,49.59,148
2025-02-12 14:05:00-05:00,49.61,49.61,49.59,49.59,12459.0,49.6,92
2025-02-12 14:10:00-05:00,49.59,49.6,49.49,49.5,12208.0,49.541,85
2025-02-12 14:15:00-05:00,49.49,49.64,49.48,49.59,46738.0,49.553,274
2025-02-12 14:20:00-05:00,49.6,49.65,49.57,49.64,31642.0,49.604,170
2025-02-12 14:25:00-05:00,49.66,49.73,49.65,49.73,13695.0,49.679,80
2025-02-12 14:30:00-05:00,49.71,49.75,49.67,49.75,26164.0,49.703,166
2025-02-12 14:35:00-05:00,49.75,49.75,49.7,49.71,6067.0,49.719,46
2025-02-12 14:40:00-05:00,49.72,49.72,49.67,49.68,17622.0,49.691,121
2025-02-12 14:45:00-05:00,49.68,49.75,49.67,49.75,44830.0,49.715,218
2025-02-12 14:50:00-05:00,49.74,49.74,49.7,49.72,9987.0,49.716,79
2025-02-12 14:55:00-05:00,49.72,49.73,49.7,49.72,12088.0,49.718,83
2025-02-12 15:00:00-05:00,49.72,49.78,49.68,49.7,17185.0,49.739,114
2025-02-12 15:05:00-05:00,49.7,49.72,49.66,49.67,19218.0,49.695,109
2025-02-12 15:10:00-05:00,49.67,49.7,49.63,49.67,59205.0,49.654,250
2025-02-12 15:15:00-05:00,49.67,49.68,49.58,49.58,69167.0,49.617,200
2025-02-12 15:20:00-05:00,49.58,49.63,49.57,49.58,34351.0,49.599,249
2025-02-12 15:25:00-05:00,49.57,49.58,49.54,49.55,35216.0,49.557,239
2025-02-12 15:30:00-05:00,49.55,49.57,49.51,49.52,39918.0,49.543,274
2025-02-12 15:35:00-05:00,49.51,49.52,49.49,49.52,32804.0,49.512,177
2025-02-12 15:40:00-05:00,49.51,49.53,49.44,49.44,39226.0,49.476,262
2025-02-12 15:45:00-05:00,49.44,49.47,49.41,49.47,33476.0,49.443,190
2025-02-12 15:50:00-05:00,49.49,49.59,49.47,49.55,86226.0,49.527,520
2025-02-12 15:55:00-05:00,49.55,49.65,49.55,49.58,235239.0,49.6,1165
2025-02-13 09:30:00-05:00,49.93,50.0,49.62,49.63,48408.0,49.877,132
2025-02-13 09:35:00-05:00,49.63,49.85,49.56,49.78,10256.0,49.695,73
2025-02-13 09:40:00-05:00,49.79,49.83,49.63,49.75,16823.0,49.728,109
2025-02-13 09:45:00-05:00,49.77,49.84,49.63,49.65,17360.0,49.739,89
2025-02-13 09:50:00-05:00,49.65,49.66,49.46,49.53,16740.0,49.536,121
2025-02-13 09:55:00-05:00,49.53,49.53,49.37,49.38,13491.0,49.447,104
2025-02-13 10:00:00-05:00,49.36,49.45,49.35,49.36,26557.0,49.385,150
2025-02-13 10:05:00-05:00,49.36,49.41,49.24,49.24,17397.0,49.325,114
2025-02-13 10:10:00-05:00,49.27,49.33,49.18,49.21,21402.0,49.257,160
2025-02-13 10:15:00-05:00,49.23,49.32,49.22,49.3,23133.0,49.265,178
2025-02-13 10:20:00-05:00,49.3,49.37,49.24,49.31,15705.0,49.298,128
2025-02-13 10:25:00-05:00,49.31,49.34,49.2,49.34,30006.0,49.294,224
2025-02-13 10:30:00-05:00,49.33,49.34,49.27,49.3,15448.0,49.304,112
2025-02-13 10:35:00-05:00,49.29,49.36,49.28,49.31,14251.0,49.325,101
2025-02-13 10:40:00-05:00,49.34,49.39,49.29,49.29,10681.0,49.344,78
2025-02-13 10:45:00-05:00,49.3,49.35,49.21,49.22,22385.0,49.261,142
2025-02-13 10:50:00-05:00,49.22,49.24,49.17,49.22,11787.0,49.204,86
2025-02-13 10:55:00-05:00,49.23,49.32,49.21,49.32,20631.0,49.277,98
2025-02-13 11:00:00-05:00,49.31,49.39,49.31,49.36,9567.0,49.353,66
2025-02-13 11:05:00-05:00,49.36,49.42,49.34,49.42,23653.0,49.364,145
2025-02-13 11:10:00-05:00,49.4,49.46,49.4,49.41,13623.0,49.431,89
2025-02-13 11:15:00-05:00,49.41,49.42,49.34,49.37,13380.0,49.385,99
2025-02-13 11:20:00-05:00,49.38,49.38,49.34,49.36,9975.0,49.358,81
2025-02-13 11:25:00-05:00,49.35,49.37,49.3,49.31,12021.0,49.334,96
2025-02-13 11:30:00-05:00,49.32,49.35,49.3,49.34,9828.0,49.328,71
2025-02-13 11:35:00-05:00,49.33,49.35,49.3,49.32,10961.0,49.325,71
2025-02-13 11:40:00-05:00,49.32,49.33,49.25,49.25,24428.0,49.288,143
2025-02-13 11:45:00-05:00,49.26,49.33,49.22,49.26,47648.0,49.243,160
2025-02-13 11:50:00-05:00,49.26,49.29,49.16,49.17,16813.0,49.242,117
2025-02-13 11:55:00-05:00,49.16,49.19,49.15,49.17,15922.0,49.17,100
2025-02-13 12:00:00-05:00,49.16,49.16,49.06,49.11,20353.0,49.108,147
2025-02-13 12:05:00-05:00,49.11,49.13,49.08,49.11,20009.0,49.105,137
2025-02-13 12:10:00-05:00,49.1,49.14,49.09,49.12,15758.0,49.116,98
2025-02-13 12:15:00-05:00,49.13,49.19,49.12,49.19,10721.0,49.148,69
2025-02-13 12:20:00-05:00,49.2,49.27,49.2,49.27,12370.0,49.222,97
2025-02-13 12:25:00-05:00,49.27,49.31,49.26,49.28,10807.0,49.286,77
2025-02-13 12:30:00-05:00,49.28,49.3,49.27,49.29,9034.0,49.289,56
2025-02-13 12:35:00-05:00,49.3,49.3,49.22,49.25,25110.0,49.271,181
2025-02-13 12:40:00-05:00,49.25,49.25,49.21,49.21,9036.0,49.234,67
2025-02-13 12:45:00-05:00,49.21,49.22,49.16,49.16,16944.0,49.189,111
2025-02-13 12:50:00-05:00,49.18,49.21,49.12,49.21,13507.0,49.159,107
2025-02-13 12:55:00-05:00,49.2,49.21,49.14,49.16,12356.0,49.168,103
2025-02-13 13:00:00-05:00,49.16,49.18,49.13,49.15,15455.0,49.151,106
2025-02-13 13:05:00-05:00,49.15,49.16,49.12,49.14,11594.0,49.142,80
2025-02-13 13:10:00-05:00,49.15,49.22,49.15,49.19,13271.0,49.193,68
2025-02-13 13:15:00-05:00,49.19,49.24,49.19,49.23,13113.0,49.211,100
2025-02-13 13:20:00-05:00,49.22,49.24,49.11,49.12,17211.0,49.174,115
2025-02-13 13:25:00-05:00,49.13,49.18,49.12,49.14,24573.0,49.14,146
2025-02-13 13:30:00-05:00,49.15,49.16,49.08,49.13,15653.0,49.119,99
2025-02-13 13:35:00-05:00,49.12,49.22,49.11,49.18,17812.0,49.15,115
2025-02-13 13:40:00-05:00,49.2,49.2,49.08,49.13,28723.0,49.133,154
2025-02-13 13:45:00-05:00,49.11,49.16,49.1,49.16,21716.0,49.126,115
2025-02-13 13:50:00-05:00,49.14,49.15,49.03,49.07,25069.0,49.092,154
2025-02-13 13:55:00-05:00,49.06,49.08,49.0,49.06,30565.0,49.033,162
2025-02-13 14:00:00-05:00,49.05,49.1,49.05,49.09,15084.0,49.076,104
2025-02-13 14:05:00-05:00,49.1,49.12,49.06,49.09,19050.0,49.092,134
2025-02-13 14:10:00-05:00,49.08,49.09,49.05,49.05,15288.0,49.069,112
2025-02-13 14:15:00-05:00,49.06,49.21,49.06,49.17,27826.0,49.126,187
2025-02-13 14:20:00-05:00,49.17,49.18,49.13,49.14,24490.0,49.162,130
2025-02-13 14:25:00-05:00,49.14,49.15,49.06,49.1,25454.0,49.105,176
2025-02-13 14:30:00-05:00,49.11,49.19,49.1,49.19,15615.0,49.127,110
2025-02-13 14:35:00-05:00,49.19,49.32,49.17,49.3,15321.0,49.234,101
2025-02-13 14:40:00-05:00,49.3,49.31,49.23,49.25,18480.0,49.269,137
2025-02-13 14:45:00-05:00,49.25,49.29,49.23,49.25,11651.0,49.272,91
2025-02-13 14:50:00-05:00,49.24,49.35,49.23,49.34,12094.0,49.29,85
2025-02-13 14:55:00-05:00,49.34,49.34,49.26,49.27,19267.0,49.3,152
2025-02-13 15:00:00-05:00,49.27,49.38,49.27,49.36,11376.0,49.337,79
2025-02-13 15:05:00-05:00,49.36,49.39,49.34,49.36,16158.0,49.361,127
2025-02-13 15:10:00-05:00,49.35,49.38,49.3,49.3,24312.0,49.339,123
2025-02-13 15:15:00-05:00,49.31,49.34,49.28,49.3,23545.0,49.313,153
2025-02-13 15:20:00-05:00,49.31,49.32,49.26,49.28,27454.0,49.284,165
2025-02-13 15:25:00-05:00,49.27,49.38,49.24,49.37,35906.0,49.299,197
2025-02-13 15:30:00-05:00,49.36,49.43,49.35,49.36,35294.0,49.387,187
2025-02-13 15:35:00-05:00,49.36,49.36,49.22,49.26,50143.0,49.289,313
2025-02-13 15:40:00-05:00,49.26,49.26,49.17,49.2,50237.0,49.216,291
2025-02-13 15:45:00-05:00,49.2,49.24,49.15,49.2,68231.0,49.188,394
2025-02-13 15:50:00-05:00,49.2,49.3,49.12,49.13,87924.0,49.194,512
2025-02-13 15:55:00-05:00,49.13,49.36,49.12,49.33,374469.0,49.259,1024
2025-02-14 09:30:00-05:00,49.57,50.43,49.52,50.04,66223.0,49.763,265
2025-02-14 09:35:00-05:00,50.04,50.15,49.87,50.12,45392.0,49.999,314
2025-02-14 09:40:00-05:00,50.12,50.25,50.02,50.2,26280.0,50.133,195
2025-02-14 09:45:00-05:00,50.18,50.34,50.0,50.34,49448.0,50.139,267
2025-02-14 09:50:00-05:00,50.32,50.4,50.24,50.4,29726.0,50.327,191
2025-02-14 09:55:00-05:00,50.41,50.48,50.33,50.44,25864.0,50.401,161
2025-02-14 10:00:00-05:00,50.44,50.44,50.27,50.29,37950.0,50.38,199
2025-02-14 10:05:00-05:00,50.29,50.38,50.19,50.22,18325.0,50.276,133
2025-02-14 10:10:00-05:00,50.2,50.22,50.08,50.12,26260.0,50.15,173
2025-02-14 10:15:00-05:00,50.12,50.12,49.84,49.9,25394.0,49.943,144
2025-02-14 10:20:00-05:00,49.9,50.03,49.83,49.99,18587.0,49.915,116
2025-02-14 10:25:00-05:00,50.0,50.07,49.93,49.93,11951.0,50.011,81
2025-02-14 10:30:00-05:00,49.94,49.98,49.88,49.89,16465.0,49.945,114
2025-02-14 10:35:00-05:00,49.88,49.93,49.77,49.79,18896.0,49.845,122
2025-02-14 10:40:00-05:00,49.79,49.92,49.68,49.73,51029.0,49.87,96
2025-02-14 10:45:00-05:00,49.72,49.82,49.7,49.81,27380.0,49.78,133
2025-02-14 10:50:00-05:00,49.81,49.85,49.78,49.79,11132.0,49.827,82
2025-02-14 10:55:00-05:00,49.79,49.82,49.77,49.82,19452.0,49.797,108
2025-02-14 11:00:00-05:00,49.82,49.94,49.82,49.94,26592.0,49.864,176
2025-02-14 11:05:00-05:00,49.94,49.95,49.92,49.93,16791.0,49.933,104
2025-02-14 11:10:00-05:00,49.93,50.03,49.93,49.97,58089.0,49.98,220
2025-02-14 11:15:00-05:00,49.96,49.97,49.91,49.93,19196.0,49.945,102
2025-02-14 11:20:00-05:00,49.93,49.98,49.89,49.89,18380.0,49.94,100
2025-02-14 11:25:00-05:00,49.91,49.99,49.89,49.96,15932.0,49.958,75
2025-02-14 11:30:00-05:00,49.94,50.0,49.91,50.0,10818.0,49.941,67
2025-02-14 11:35:00-05:00,50.01,50.06,50.0,50.03,15732.0,50.038,91
2025-02-14 11:40:00-05:00,50.04,50.1,50.03,50.1,12506.0,50.051,74
2025-02-14 11:45:00-05:00,50.1,50.1,49.92,49.92,17451.0,50.032,110
2025-02-14 11:50:00-05:00,49.92,50.07,49.91,50.07,8454.0,50.015,61
2025-02-14 11:55:00-05:00,50.08,50.12,50.06,50.07,13351.0,50.091,90
2025-02-14 12:00:00-05:00,50.07,50.1,50.05,50.08,10598.0,50.073,65
2025-02-14 12:05:00-05:00,50.07,50.09,50.04,50.07,10884.0,50.068,63
2025-02-14 12:10:00-05:00,50.07,50.15,50.05,50.15,14124.0,50.111,95
2025-02-14 12:15:00-05:00,50.15,50.16,50.1,50.16,13702.0,50.121,93
2025-02-14 12:20:00-05:00,50.15,50.19,50.11,50.12,11013.0,50.14,72
2025-02-14 12:25:00-05:00,50.12,50.14,50.1,50.11,9532.0,50.119,62
2025-02-14 12:30:00-05:00,50.13,50.14,50.08,50.1,13765.0,50.108,67
2025-02-14 12:35:00-05:00,50.1,50.11,49.98,50.01,40897.0,50.016,108
2025-02-14 12:40:00-05:00,50.02,50.09,50.0,50.07,9375.0,50.045,44
2025-02-14 12:45:00-05:00,50.07,50.1,50.06,50.09,8506.0,50.079,49
2025-02-14 12:50:00-05:00,50.1,50.12,50.08,50.08,10673.0,50.1,65
2025-02-14 12:55:00-05:00,50.11,50.11,50.04,50.05,9230.0,50.072,53
2025-02-14 13:00:00-05:00,50.05,50.07,50.02,50.02,8695.0,50.049,57
2025-02-14 13:05:00-05:00,50.03,50.03,49.95,49.97,8865.0,49.988,51
2025-02-14 13:10:00-05:00,49.97,50.0,49.95,49.95,5881.0,49.982,37
2025-02-14 13:15:00-05:00,49.96,50.02,49.95,50.01,8022.0,49.991,54
2025-02-14 13:20:00-05:00,50.01,50.03,49.97,50.03,8290.0,49.998,47
2025-02-14 13:25:00-05:00,50.03,50.05,49.99,50.04,13204.0,50.029,71
2025-02-14 13:30:00-05:00,50.04,50.13,50.02,50.12,10720.0,50.079,70
2025-02-14 13:35:00-05:00,50.13,50.14,50.1,50.11,10376.0,50.116,74
2025-02-14 13:40:00-05:00,50.12,50.16,50.11,50.16,11025.0,50.139,85
2025-02-14 13:45:00-05:00,50.15,50.15,50.06,50.06,15140.0,50.101,99
2025-02-14 13:50:00-05:00,50.06,50.07,50.04,50.06,7076.0,50.054,45
2025-02-14 13:55:00-05:00,50.05,50.1,50.05,50.09,11261.0,50.078,74
2025-02-14 14:00:00-05:00,50.08,50.17,50.08,50.17,6840.0,50.143,51
2025-02-14 14:05:00-05:00,50.18,50.18,50.12,50.13,7281.0,50.149,52
2025-02-14 14:10:00-05:00,50.13,50.19,50.1,50.15,16748.0,50.139,96
2025-02-14 14:15:00-05:00,50.16,50.16,50.09,50.1,16941.0,50.128,89
2025-02-14 14:20:00-05:00,50.09,50.1,50.07,50.07,14450.0,50.077,49
2025-02-14 14:25:00-05:00,50.07,50.07,49.97,49.99,13405.0,50.021,90
2025-02-14 14:30:00-05:00,49.99,50.08,49.99,50.08,8726.0,50.031,62
2025-02-14 14:35:00-05:00,50.09,50.13,50.08,50.08,11474.0,50.106,80
2025-02-14 14:40:00-05:00,50.07,50.11,50.07,50.09,10016.0,50.09,55
2025-02-14 14:45:00-05:00,50.1,50.12,50.06,50.07,9111.0,50.093,58
2025-02-14 14:50:00-05:00,50.06,50.07,50.02,50.03,10722.0,50.054,69
2025-02-14 14:55:00-05:00,50.02,50.07,50.02,50.07,15435.0,50.049,101
2025-02-14 15:00:00-05:00,50.06,50.07,50.0,50.04,18223.0,50.044,81
2025-02-14 15:05:00-05:00,50.05,50.07,50.04,50.04,11082.0,50.052,59
2025-02-14 15:10:00-05:00,50.04,50.06,50.01,50.02,22473.0,50.032,140
2025-02-14 15:15:00-05:00,50.02,50.04,49.94,49.96,13622.0,50.005,105
2025-02-14 15:20:00-05:00,49.96,49.98,49.93,49.95,16696.0,49.96,116
2025-02-14 15:25:00-05:00,49.95,49.96,49.9,49.9,17350.0,49.93,117
2025-02-14 15:30:00-05:00,49.9,49.91,49.84,49.86,19883.0,49.88,127
2025-02-14 15:35:00-05:00,49.86,49.98,49.86,49.96,23944.0,49.918,198
2025-02-14 15:40:00-05:00,49.96,49.96,49.89,49.9,39365.0,49.94,180
2025-02-14 15:45:00-05:00,49.9,49.95,49.88,49.93,22054.0,49.921,144
2025-02-14 15:50:00-05:00,49.93,49.96,49.82,49.9,36974.0,49.875,264
2025-02-14 15:55:00-05:00,49.91,49.97,49.83,49.84,141889.0,49.91,793
2025-02-18 09:30:00-05:00,49.83,49.84,49.61,49.63,34328.0,49.811,71
2025-02-18 09:35:00-05:00,49.64,49.72,49.57,49.6,10768.0,49.637,64
2025-02-18 09:40:00-05:00,49.59,49.62,49.43,49.46,10634.0,49.517,88
2025-02-18 09:45:00-05:00,49.46,49.74,49.34,49.35,43070.0,49.55,210
2025-02-18 09:50:00-05:00,49.36,49.55,49.34,49.43,30426.0,49.461,217
2025-02-18 09:55:00-05:00,49.43,49.6,49.43,49.5,28744.0,49.528,225
2025-02-18 10:00:00-05:00,49.5,49.68,49.49,49.62,14414.0,49.617,92
2025-02-18 10:05:00-05:00,49.61,49.61,49.43,49.48,12788.0,49.535,97
2025-02-18 10:10:00-05:00,49.48,49.59,49.48,49.58,11602.0,49.524,80
2025-02-18 10:15:00-05:00,49.6,49.67,49.57,49.64,14180.0,49.618,82
2025-02-18 10:20:00-05:00,49.64,49.66,49.61,49.64,6861.0,49.637,57
2025-02-18 10:25:00-05:00,49.64,49.72,49.62,49.66,11682.0,49.676,79
2025-02-18 10:30:00-05:00,49.66,49.74,49.66,49.71,11500.0,49.699,79
2025-02-18 10:35:00-05:00,49.72,49.79,49.72,49.77,13815.0,49.75,100
2025-02-18 10:40:00-05:00,49.8,49.86,49.8,49.86,4591.0,49.832,32
2025-02-18 10:45:00-05:00,49.9,49.99,49.88,49.99,8508.0,49.932,48
2025-02-18 10:50:00-05:00,50.0,50.04,49.94,49.94,9369.0,50.002,65
2025-02-18 10:55:00-05:00,49.94,49.99,49.94,49.94,7793.0,49.961,62
2025-02-18 11:00:00-05:00,49.94,49.98,49.87,49.91,9418.0,49.93,78
2025-02-18 11:05:00-05:00,49.91,49.94,49.86,49.88,21414.0,49.909,100
2025-02-18 11:10:00-05:00,49.9,50.04,49.9,49.95,49368.0,49.993,138
2025-02-18 11:15:00-05:00,49.95,49.99,49.94,49.96,9853.0,49.972,55
2025-02-18 11:20:00-05:00,49.95,49.98,49.9,49.98,7712.0,49.943,57
2025-02-18 11:25:00-05:00,49.98,49.98,49.91,49.91,9638.0,49.952,72
2025-02-18 11:30:00-05:00,49.91,49.99,49.91,49.98,8454.0,49.963,41
2025-02-18 11:35:00-05:00,49.98,49.99,49.92,49.92,6152.0,49.955,47
2025-02-18 11:40:00-05:00,49.92,49.94,49.9,49.9,5456.0,49.917,32
2025-02-18 11:45:00-05:00,49.91,49.95,49.87,49.94,7434.0,49.911,51
2025-02-18 11:50:00-05:00,49.94,49.94,49.92,49.92,5491.0,49.929,37
2025-02-18 11:55:00-05:00,49.92,49.93,49.89,49.9,5884.0,49.906,37
2025-02-18 12:00:00-05:00,49.91,49.99,49.9,49.98,8313.0,49.933,49
2025-02-18 12:05:00-05:00,50.0,50.02,49.98,49.99,12008.0,49.995,69
2025-02-18 12:10:00-05:00,49.99,50.05,49.98,50.05,12245.0,49.997,53
2025-02-18 12:15:00-05:00,50.06,50.07,50.04,50.05,7368.0,50.059,54
2025-02-18 12:20:00-05:00,50.05,50.05,50.02,50.04,6074.0,50.037,49
2025-02-18 12:25:00-05:00,50.04,50.08,50.03,50.08,16026.0,50.06,97
2025-02-18 12:30:00-05:00,50.08,50.08,50.01,50.02,11548.0,50.047,66
2025-02-18 12:35:00-05:00,50.01,50.02,49.95,49.96,10668.0,49.99,56
2025-02-18 12:40:00-05:00,49.96,50.0,49.95,49.97,15909.0,49.979,85
2025-02-18 12:45:00-05:00,49.96,49.98,49.95,49.96,8152.0,49.964,52
2025-02-18 12:50:00-05:00,49.96,49.98,49.93,49.94,13659.0,49.955,84
2025-02-18 12:55:00-05:00,49.93,49.94,49.91,49.92,9414.0,49.922,51
2025-02-18 13:00:00-05:00,49.92,49.98,49.92,49.96,12984.0,49.952,83
2025-02-18 13:05:00-05:00,49.95,49.97,49.93,49.96,11021.0,49.951,73
2025-02-18 13:10:00-05:00,49.96,49.96,49.89,49.9,11908.0,49.922,85
2025-02-18 13:15:00-05:00,49.91,49.93,49.86,49.89,13573.0,49.901,60
2025-02-18 13:20:00-05:00,49.88,49.89,49.83,49.86,15055.0,49.862,64
2025-02-18 13:25:00-05:00,49.86,49.87,49.78,49.85,31985.0,49.825,106
2025-02-18 13:30:00-05:00,49.86,49.98,49.84,49.98,8518.0,49.911,59
2025-02-18 13:35:00-05:00,49.98,49.99,49.91,49.92,9561.0,49.957,63
2025-02-18 13:40:00-05:00,49.92,49.95,49.9,49.91,13643.0,49.917,94
2025-02-18 13:45:00-05:00,49.9,49.95,49.89,49.94,45014.0,49.915,107
2025-02-18 13:50:00-05:00,49.95,50.02,49.92,49.93,10372.0,49.971,74
2025-02-18 13:55:00-05:00,49.93,49.95,49.9,49.92,37544.0,49.924,150
2025-02-18 14:00:00-05:00,49.93,50.02,49.93,50.01,4645.0,49.979,32
2025-02-18 14:05:00-05:00,50.01,50.02,49.93,49.96,8849.0,49.989,65
2025-02-18 14:10:00-05:00,49.99,50.02,49.99,50.01,4770.0,50.005,30
2025-02-18 14:15:00-05:00,50.01,50.01,49.96,49.97,10632.0,49.988,89
2025-02-18 14:20:00-05:00,49.97,49.98,49.95,49.98,7463.0,49.97,57
2025-02-18 14:25:00-05:00,49.97,49.97,49.93,49.95,3893.0,49.954,24
2025-02-18 14:30:00-05:00,49.95,49.99,49.95,49.97,12961.0,49.966,50
2025-02-18 14:35:00-05:00,49.98,50.01,49.98,50.0,10719.0,49.997,39
2025-02-18 14:40:00-05:00,50.0,50.02,50.0,50.02,7116.0,50.01,45
2025-02-18 14:45:00-05:00,50.02,50.09,50.02,50.09,9044.0,50.056,67
2025-02-18 14:50:00-05:00,50.09,50.13,50.09,50.11,8463.0,50.113,52
2025-02-18 14:55:00-05:00,50.1,50.13,50.05,50.05,103844.0,50.087,210
2025-02-18 15:00:00-05:00,50.04,50.08,50.02,50.06,12245.0,50.058,87
2025-02-18 15:05:00-05:00,50.05,50.07,50.01,50.02,10555.0,50.034,89
2025-02-18 15:10:00-05:00,50.02,50.02,49.9,49.9,23882.0,49.949,144
2025-02-18 15:15:00-05:00,49.9,49.92,49.83,49.85,18104.0,49.857,113
2025-02-18 15:20:00-05:00,49.84,49.95,49.84,49.93,17313.0,49.903,99
2025-02-18 15:25:00-05:00,49.94,49.95,49.92,49.93,14341.0,49.938,90
2025-02-18 15:30:00-05:00,49.93,49.94,49.88,49.91,16953.0,49.912,130
2025-02-18 15:35:00-05:00,49.91,49.92,49.88,49.91,20105.0,49.908,149
2025-02-18 15:40:00-05:00,49.91,49.92,49.83,49.83,16165.0,49.863,132
2025-02-18 15:45:00-05:00,49.83,49.87,49.82,49.84,22685.0,49.844,165
2025-02-18 15:50:00-05:00,49.85,49.95,49.78,49.79,85314.0,49.85,426
2025-02-18 15:55:00-05:00,49.78,49.93,49.73,49.83,307190.0,49.834,1214
2025-02-19 09:30:00-05:00,49.46,49.63,49.34,49.42,51631.0,49.476,154
2025-02-19 09:35:00-05:00,49.41,49.42,49.2,49.33,21201.0,49.29,171
2025-02-19 09:40:00-05:00,49.32,49.33,49.26,49.3,10156.0,49.292,77
2025-02-19 09:45:00-05:00,49.28,49.28,49.11,49.15,17370.0,49.202,145
2025-02-19 09:50:00-05:00,49.15,49.17,48.98,48.99,40696.0,49.07,189
2025-02-19 09:55:00-05:00,48.98,49.14,48.95,49.14,44254.0,49.006,231
2025-02-19 10:00:00-05:00,49.13,49.32,49.13,49.29,35097.0,49.248,233
2025-02-19 10:05:00-05:00,49.29,49.42,49.24,49.41,27040.0,49.33,209
2025-02-19 10:10:00-05:00,49.43,49.47,49.26,49.28,21147.0,49.373,145
2025-02-19 10:15:00-05:00,49.27,49.32,49.24,49.26,15781.0,49.284,101
2025-02-19 10:20:00-05:00,49.25,49.31,49.23,49.31,11607.0,49.27,91
2025-02-19 10:25:00-05:00,49.29,49.29,49.07,49.13,9313.0,49.156,79
2025-02-19 10:30:00-05:00,49.12,49.2,49.12,49.16,13567.0,49.166,107
2025-02-19 10:35:00-05:00,49.15,49.24,49.15,49.16,17222.0,49.186,120
2025-02-19 10:40:00-05:00,49.17,49.17,49.07,49.1,31538.0,49.111,172
2025-02-19 10:45:00-05:00,49.1,49.12,49.06,49.07,10656.0,49.087,63
2025-02-19 10:50:00-05:00,49.08,49.11,49.07,49.11,5416.0,49.091,38
2025-02-19 10:55:00-05:00,49.12,49.12,49.07,49.11,10190.0,49.099,72
2025-02-19 11:00:00-05:00,49.1,49.15,49.08,49.15,10664.0,49.122,71
2025-02-19 11:05:00-05:00,49.15,49.23,49.14,49.18,18479.0,49.198,134
2025-02-19 11:10:00-05:00,49.18,49.24,49.18,49.21,21109.0,49.22,85
2025-02-19 11:15:00-05:00,49.2,49.23,49.19,49.2,13950.0,49.207,72
2025-02-19 11:20:00-05:00,49.21,49.25,49.16,49.21,22563.0,49.205,124
2025-02-19 11:25:00-05:00,49.19,49.29,49.18,49.24,22131.0,49.229,130
2025-02-19 11:30:00-05:00,49.23,49.28,49.22,49.25,13680.0,49.246,74
2025-02-19 11:35:00-05:00,49.25,49.26,49.2,49.24,13961.0,49.227,94
2025-02-19 11:40:00-05:00,49.23,49.27,49.23,49.26,6230.0,49.25,48
2025-02-19 11:45:00-05:00,49.25,49.28,49.24,49.25,9039.0,49.258,53
2025-02-19 11:50:00-05:00,49.26,49.27,49.25,49.27,5738.0,49.26,36
2025-02-19 11:55:00-05:00,49.27,49.32,49.25,49.3,16875.0,49.277,109
2025-02-19 12:00:00-05:00,49.3,49.33,49.26,49.32,40589.0,49.287,241
2025-02-19 12:05:00-05:00,49.32,49.33,49.29,49.3,9665.0,49.312,69
2025-02-19 12:10:00-05:00,49.29,49.31,49.26,49.28,6694.0,49.284,57
2025-02-19 12:15:00-05:00,49.3,49.33,49.28,49.28,7914.0,49.309,68
2025-02-19 12:20:00-05:00,49.28,49.29,49.23,49.24,7494.0,49.262,56
2025-02-19 12:25:00-05:00,49.25,49.25,49.2,49.21,24848.0,49.22,136
2025-02-19 12:30:00-05:00,49.21,49.28,49.21,49.25,8803.0,49.245,50
2025-02-19 12:35:00-05:00,49.25,49.29,49.25,49.26,6144.0,49.271,45
2025-02-19 12:40:00-05:00,49.26,49.26,49.15,49.18,8882.0,49.195,68
2025-02-19 12:45:00-05:00,49.19,49.2,49.16,49.17,13572.0,49.176,90
2025-02-19 12:50:00-05:00,49.18,49.22,49.17,49.19,10744.0,49.196,50
2025-02-19 12:55:00-05:00,49.18,49.24,49.17,49.21,8325.0,49.204,49
2025-02-19 13:00:00-05:00,49.2,49.28,49.2,49.28,2261.0,49.241,19
2025-02-19 13:05:00-05:00,49.28,49.34,49.28,49.33,3471.0,49.326,28
2025-02-19 13:10:00-05:00,49.33,49.33,49.27,49.3,6387.0,49.302,45
2025-02-19 13:15:00-05:00,49.3,49.33,49.28,49.3,10441.0,49.306,56
2025-02-19 13:20:00-05:00,49.3,49.3,49.12,49.21,82739.0,49.173,318
2025-02-19 13:25:00-05:00,49.2,49.24,49.16,49.24,8211.0,49.211,63
2025-02-19 13:30:00-05:00,49.23,49.26,49.2,49.26,10822.0,49.223,76
2025-02-19 13:35:00-05:00,49.26,49.26,49.17,49.17,10971.0,49.224,85
2025-02-19 13:40:00-05:00,49.16,49.2,49.15,49.16,10550.0,49.172,84
2025-02-19 13:45:00-05:00,49.16,49.17,49.13,49.15,6641.0,49.147,54
2025-02-19 13:50:00-05:00,49.14,49.17,49.13,49.14,12234.0,49.146,76
2025-02-19 13:55:00-05:00,49.14,49.16,49.13,49.13,6586.0,49.147,35
2025-02-19 14:00:00-05:00,49.12,49.16,49.11,49.13,14764.0,49.137,94
2025-02-19 14:05:00-05:00,49.13,49.2,49.12,49.2,8221.0,49.163,50
2025-02-19 14:10:00-05:00,49.21,49.27,49.2,49.27,7878.0,49.226,53
2025-02-19 14:15:00-05:00,49.28,49.32,49.28,49.31,5911.0,49.295,52
2025-02-19 14:20:00-05:00,49.31,49.37,49.31,49.33,10107.0,49.337,77
2025-02-19 14:25:00-05:00,49.32,49.39,49.32,49.35,11097.0,49.351,59
2025-02-19 14:30:00-05:00,49.39,49.4,49.33,49.33,6805.0,49.362,55
2025-02-19 14:35:00-05:00,49.34,49.34,49.29,49.33,7492.0,49.315,53
2025-02-19 14:40:00-05:00,49.32,49.36,49.3,49.36,9108.0,49.325,69
2025-02-19 14:45:00-05:00,49.37,49.42,49.37,49.42,7172.0,49.393,51
2025-02-19 14:50:00-05:00,49.43,49.45,49.36,49.36,16363.0,49.418,100
2025-02-19 14:55:00-05:00,49.35,49.35,49.2,49.26,74148.0,49.267,271
2025-02-19 15:00:00-05:00,49.26,49.32,49.25,49.28,8115.0,49.284,67
2025-02-19 15:05:00-05:00,49.28,49.29,49.2,49.21,9948.0,49.243,71
2025-02-19 15:10:00-05:00,49.21,49.24,49.17,49.22,19766.0,49.203,129
2025-02-19 15:15:00-05:00,49.22,49.28,49.22,49.26,12770.0,49.245,91
2025-02-19 15:20:00-05:00,49.27,49.27,49.2,49.22,23092.0,49.234,156
2025-02-19 15:25:00-05:00,49.22,49.25,49.19,49.2,24858.0,49.22,169
2025-02-19 15:30:00-05:00,49.19,49.27,49.18,49.23,27291.0,49.235,197
2025-02-19 15:35:00-05:00,49.23,49.28,49.22,49.27,26555.0,49.247,198
2025-02-19 15:40:00-05:00,49.27,49.28,49.16,49.16,27573.0,49.238,196
2025-02-19 15:45:00-05:00,49.16,49.19,49.12,49.13,42246.0,49.159,283
2025-02-19 15:50:00-05:00,49.13,49.19,49.05,49.09,67312.0,49.095,504
2025-02-19 15:55:00-05:00,49.08,49.12,49.01,49.05,229445.0,49.061,1159
2025-02-20 09:30:00-05:00,49.31,49.31,49.21,49.22,17134.0,49.308,6
2025-02-20 09:35:00-05:00,49.3,49.44,49.27,49.44,8624.0,49.358,63
2025-02-20 09:40:00-05:00,49.42,49.51,49.42,49.5,14789.0,49.464,93
2025-02-20 09:45:00-05:00,49.5,49.58,49.45,49.56,10556.0,49.528,69
2025-02-20 09:50:00-05:00,49.55,49.67,49.54,49.6,8506.0,49.607,65
2025-02-20 09:55:00-05:00,49.56,49.73,49.56,49.62,8418.0,49.645,68
2025-02-20 10:00:00-05:00,49.61,49.68,49.57,49.62,16888.0,49.62,84
2025-02-20 10:05:00-05:00,49.61,49.61,49.51,49.55,7790.0,49.558,41
2025-02-20 10:10:00-05:00,49.51,49.59,49.47,49.57,11543.0,49.524,83
2025-02-20 10:15:00-05:00,49.56,49.57,49.41,49.43,20725.0,49.508,89
2025-02-20 10:20:00-05:00,49.42,49.42,49.34,49.34,6011.0,49.384,51
2025-02-20 10:25:00-05:00,49.36,49.47,49.36,49.42,11308.0,49.418,61
2025-02-20 10:30:00-05:00,49.44,49.5,49.43,49.5,6906.0,49.472,51
2025-02-20 10:35:00-05:00,49.49,49.5,49.43,49.5,10728.0,49.468,74
2025-02-20 10:40:00-05:00,49.52,49.56,49.5,49.56,6930.0,49.53,51
2025-02-20 10:45:00-05:00,49.56,49.61,49.55,49.61,8698.0,49.581,58
2025-02-20 10:50:00-05:00,49.61,49.61,49.55,49.55,7566.0,49.587,57
2025-02-20 10:55:00-05:00,49.55,49.62,49.52,49.61,14515.0,49.562,116
2025-02-20 11:00:00-05:00,49.58,49.6,49.57,49.59,9900.0,49.584,78
2025-02-20 11:05:00-05:00,49.59,49.61,49.53,49.6,9306.0,49.571,69
2025-02-20 11:10:00-05:00,49.61,49.7,49.59,49.6,26637.0,49.652,181
2025-02-20 11:15:00-05:00,49.59,49.65,49.55,49.62,18068.0,49.613,101
2025-02-20 11:20:00-05:00,49.61,49.64,49.57,49.57,7538.0,49.609,53
2025-02-20 11:25:00-05:00,49.58,49.6,49.5,49.59,13758.0,49.54,100
2025-02-20 11:30:00-05:00,49.58,49.58,49.5,49.5,5306.0,49.533,41
2025-02-20 11:35:00-05:00,49.5,49.51,49.41,49.41,11337.0,49.443,94
2025-02-20 11:40:00-05:00,49.42,49.45,49.37,49.44,10248.0,49.408,71
2025-02-20 11:45:00-05:00,49.44,49.45,49.36,49.39,17586.0,49.412,114
2025-02-20 11:50:00-05:00,49.39,49.4,49.35,49.37,7356.0,49.367,43
2025-02-20 11:55:00-05:00,49.37,49.41,49.33,49.35,17704.0,49.382,76
2025-02-20 12:00:00-05:00,49.34,49.37,49.29,49.34,16142.0,49.337,106
2025-02-20 12:05:00-05:00,49.34,49.4,49.34,49.4,6895.0,49.371,58
2025-02-20 12:10:00-05:00,49.4,49.44,49.4,49.41,8070.0,49.424,56
2025-02-20 12:15:00-05:00,49.41,49.47,49.4,49.46,7926.0,49.427,56
2025-02-20 12:20:00-05:00,49.45,49.48,49.43,49.48,9345.0,49.448,64
2025-02-20 12:25:00-05:00,49.48,49.49,49.46,49.48,10751.0,49.472,62
2025-02-20 12:30:00-05:00,49.48,49.52,49.48,49.49,9708.0,49.501,65
2025-02-20 12:35:00-05:00,49.49,49.51,49.48,49.48,4522.0,49.493,35
2025-02-20 12:40:00-05:00,49.48,49.53,49.48,49.53,4284.0,49.498,39
2025-02-20 12:45:00-05:00,49.52,49.53,49.51,49.52,6450.0,49.518,48
2025-02-20 12:50:00-05:00,49.52,49.52,49.48,49.52,8103.0,49.498,64
2025-02-20 12:55:00-05:00,49.52,49.52,49.49,49.5,4465.0,49.505,40
2025-02-20 13:00:00-05:00,49.49,49.56,49.47,49.48,24867.0,49.524,123
2025-02-20 13:05:00-05:00,49.48,49.67,49.47,49.61,71650.0,49.553,149
2025-02-20 13:10:00-05:00,49.61,49.63,49.59,49.61,10665.0,49.603,82
2025-02-20 13:15:00-05:00,49.61,49.61,49.55,49.55,5905.0,49.586,46
2025-02-20 13:20:00-05:00,49.56,49.6,49.56,49.6,11303.0,49.578,71
2025-02-20 13:25:00-05:00,49.61,49.68,49.61,49.66,7365.0,49.654,50
2025-02-20 13:30:00-05:00,49.66,49.72,49.64,49.72,13326.0,49.674,104
2025-02-20 13:35:00-05:00,49.72,49.8,49.72,49.79,8380.0,49.752,66
2025-02-20 13:40:00-05:00,49.79,49.83,49.78,49.82,13097.0,49.802,92
2025-02-20 13:45:00-05:00,49.81,49.86,49.8,49.85,7295.0,49.824,49
2025-02-20 13:50:00-05:00,49.85,49.86,49.76,49.86,12630.0,49.811,92
2025-02-20 13:55:00-05:00,49.87,49.88,49.8,49.8,13516.0,49.839,104
2025-02-20 14:00:00-05:00,49.81,49.83,49.79,49.82,10134.0,49.814,79
2025-02-20 14:05:00-05:00,49.82,49.82,49.79,49.81,11099.0,49.802,82
2025-02-20 14:10:00-05:00,49.81,49.82,49.77,49.77,14191.0,49.805,94
2025-02-20 14:15:00-05:00,49.77,49.77,49.73,49.75,10103.0,49.748,64
2025-02-20 14:20:00-05:00,49.75,49.78,49.74,49.78,7897.0,49.753,60
2025-02-20 14:25:00-05:00,49.77,49.79,49.75,49.78,12062.0,49.767,79
2025-02-20 14:30:00-05:00,49.79,49.8,49.75,49.76,11286.0,49.768,80
2025-02-20 14:35:00-05:00,49.76,49.83,49.71,49.83,14027.0,49.746,112
2025-02-20 14:40:00-05:00,49.84,49.84,49.73,49.78,19554.0,49.804,149
2025-02-20 14:45:00-05:00,49.78,49.91,49.78,49.86,15137.0,49.87,112
2025-02-20 14:50:00-05:00,49.86,49.91,49.81,49.9,20525.0,49.861,165
2025-02-20 14:55:00-05:00,49.9,49.94,49.87,49.89,32651.0,49.904,171
2025-02-20 15:00:00-05:00,49.89,50.05,49.87,50.05,34797.0,49.966,254
2025-02-20 15:05:00-05:00,50.05,50.09,50.02,50.05,31571.0,50.059,217
2025-02-20 15:10:00-05:00,50.05,50.05,50.0,50.01,22615.0,50.026,143
2025-02-20 15:15:00-05:00,50.01,50.03,49.98,49.98,20818.0,50.005,140
2025-02-20 15:20:00-05:00,49.98,50.1,49.98,50.09,66265.0,50.046,231
2025-02-20 15:25:00-05:00,50.09,50.14,50.07,50.13,50516.0,50.105,293
2025-02-20 15:30:00-05:00,50.12,50.19,50.12,50.15,106104.0,50.158,394
2025-02-20 15:35:00-05:00,50.15,50.23,50.11,50.23,47212.0,50.179,287
2025-02-20 15:40:00-05:00,50.23,50.39,50.21,50.36,67576.0,50.287,377
2025-02-20 15:45:00-05:00,50.35,50.43,50.2,50.43,87124.0,50.322,582
2025-02-20 15:50:00-05:00,50.45,50.58,50.43,50.48,200719.0,50.488,1351
2025-02-20 15:55:00-05:00,50.48,50.54,50.41,50.47,277785.0,50.47,1756
2025-02-21 09:30:00-05:00,50.58,50.78,50.52,50.61,103045.0,50.594,134
2025-02-21 09:35:00-05:00,50.6,50.6,50.36,50.39,6436.0,50.45,51
2025-02-21 09:40:00-05:00,50.39,50.53,50.31,50.51,8145.0,50.453,54
2025-02-21 09:45:00-05:00,50.54,50.65,50.48,50.51,70253.0,50.604,87
2025-02-21 09:50:00-05:00,50.51,50.51,50.42,50.5,8879.0,50.466,66
2025-02-21 09:55:00-05:00,50.5,50.53,50.46,50.53,7412.0,50.487,45
2025-02-21 10:00:00-05:00,50.52,50.57,50.43,50.57,28439.0,50.503,205
2025-02-21 10:05:00-05:00,50.57,50.67,50.55,50.67,15464.0,50.607,96
2025-02-21 10:10:00-05:00,50.7,50.73,50.66,50.7,13507.0,50.695,93
2025-02-21 10:15:00-05:00,50.72,50.99,50.71,50.96,29205.0,50.943,198
2025-02-21 10:20:00-05:00,50.96,50.99,50.89,50.95,30540.0,50.957,157
2025-02-21 10:25:00-05:00,50.96,51.09,50.92,51.03,96946.0,50.999,298
2025-02-21 10:30:00-05:00,51.03,51.19,51.02,51.16,29889.0,51.103,195
2025-02-21 10:35:00-05:00,51.14,51.15,50.93,50.97,22149.0,51.03,187
2025-02-21 10:40:00-05:00,50.97,50.97,50.85,50.95,22616.0,50.919,168
2025-02-21 10:45:00-05:00,50.95,50.95,50.83,50.84,17970.0,50.891,132
2025-02-21 10:50:00-05:00,50.85,50.95,50.85,50.91,16381.0,50.904,122
2025-02-21 10:55:00-05:00,50.93,50.95,50.81,50.81,25781.0,50.881,195
2025-02-21 11:00:00-05:00,50.82,50.91,50.78,50.83,21649.0,50.849,143
2025-02-21 11:05:00-05:00,50.83,50.89,50.72,50.76,18290.0,50.83,136
2025-02-21 11:10:00-05:00,50.75,50.81,50.69,50.71,11620.0,50.764,88
2025-02-21 11:15:00-05:00,50.71,50.77,50.71,50.77,16399.0,50.742,122
2025-02-21 11:20:00-05:00,50.75,50.85,50.75,50.82,12944.0,50.811,97
2025-02-21 11:25:00-05:00,50.82,50.87,50.8,50.8,16985.0,50.827,121
2025-02-21 11:30:00-05:00,50.8,50.81,50.76,50.78,10123.0,50.794,79
2025-02-21 11:35:00-05:00,50.77,50.82,50.76,50.81,15179.0,50.795,112
2025-02-21 11:40:00-05:00,50.83,50.91,50.83,50.89,16561.0,50.865,123
2025-02-21 11:45:00-05:00,50.88,50.92,50.84,50.85,32385.0,50.867,226
2025-02-21 11:50:00-05:00,50.84,50.94,50.79,50.94,22035.0,50.865,161
2025-02-21 11:55:00-05:00,50.94,51.06,50.93,51.05,17392.0,50.987,133
2025-02-21 12:00:00-05:00,51.05,51.17,51.04,51.17,24125.0,51.124,177
2025-02-21 12:05:00-05:00,51.18,51.24,51.07,51.22,30902.0,51.166,214
2025-02-21 12:10:00-05:00,51.22,51.34,51.21,51.32,22881.0,51.276,176
2025-02-21 12:15:00-05:00,51.32,51.32,51.21,51.21,11803.0,51.259,92
2025-02-21 12:20:00-05:00,51.22,51.23,51.15,51.19,18889.0,51.189,142
2025-02-21 12:25:00-05:00,51.19,51.21,51.11,51.16,15736.0,51.165,104
2025-02-21 12:30:00-05:00,51.16,51.16,51.08,51.11,14252.0,51.117,92
2025-02-21 12:35:00-05:00,51.12,51.14,51.07,51.13,13044.0,51.105,101
2025-02-21 12:40:00-05:00,51.12,51.13,51.09,51.11,8222.0,51.11,51
2025-02-21 12:45:00-05:00,51.11,51.12,51.03,51.04,7287.0,51.081,56
2025-02-21 12:50:00-05:00,51.04,51.08,51.02,51.07,14811.0,51.053,97
2025-02-21 12:55:00-05:00,51.07,51.19,51.06,51.12,17719.0,51.108,127
2025-02-21 13:00:00-05:00,51.12,51.12,51.07,51.11,18453.0,51.095,138
2025-02-21 13:05:00-05:00,51.1,51.17,51.1,51.13,10895.0,51.14,77
2025-02-21 13:10:00-05:00,51.13,51.15,51.08,51.15,21423.0,51.119,155
2025-02-21 13:15:00-05:00,51.15,51.21,51.14,51.21,11508.0,51.163,77
2025-02-21 13:20:00-05:00,51.21,51.22,51.16,51.16,16789.0,51.193,118
2025-02-21 13:25:00-05:00,51.18,51.19,51.13,51.15,15526.0,51.157,128
2025-02-21 13:30:00-05:00,51.14,51.15,51.06,51.14,40000.0,51.111,265
2025-02-21 13:35:00-05:00,51.14,51.21,51.12,51.15,15989.0,51.157,126
2025-02-21 13:40:00-05:00,51.14,51.17,51.0,51.0,23364.0,51.1,169
2025-02-21 13:45:00-05:00,51.0,51.02,50.96,51.0,15457.0,50.994,120
2025-02-21 13:50:00-05:00,51.0,51.1,50.98,51.09,25385.0,51.021,205
2025-02-21 13:55:00-05:00,51.08,51.08,50.95,51.01,16976.0,50.999,137
2025-02-21 14:00:00-05:00,51.01,51.07,51.0,51.07,21285.0,51.037,167
2025-02-21 14:05:00-05:00,51.08,51.15,51.07,51.14,17451.0,51.113,137
2025-02-21 14:10:00-05:00,51.15,51.19,51.12,51.18,11183.0,51.149,94
2025-02-21 14:15:00-05:00,51.18,51.25,51.14,51.23,17510.0,51.18,134
2025-02-21 14:20:00-05:00,51.23,51.23,51.18,51.22,16160.0,51.211,116
2025-02-21 14:25:00-05:00,51.22,51.23,51.18,51.21,13285.0,51.206,94
2025-02-21 14:30:00-05:00,51.2,51.21,51.15,51.2,16513.0,51.19,95
2025-02-21 14:35:00-05:00,51.2,51.3,51.17,51.25,16518.0,51.228,127
2025-02-21 14:40:00-05:00,51.26,51.27,51.21,51.27,10270.0,51.243,86
2025-02-21 14:45:00-05:00,51.28,51.4,51.23,51.37,45365.0,51.34,326
2025-02-21 14:50:00-05:00,51.37,51.44,51.3,51.32,33426.0,51.37,256
2025-02-21 14:55:00-05:00,51.33,51.49,51.33,51.44,53113.0,51.415,448
2025-02-21 15:00:00-05:00,51.41,51.41,51.29,51.39,23128.0,51.343,175
2025-02-21 15:05:00-05:00,51.38,51.41,51.36,51.37,27589.0,51.392,203
2025-02-21 15:10:00-05:00,51.37,51.48,51.33,51.39,23650.0,51.39,181
2025-02-21 15:15:00-05:00,51.39,51.43,51.34,51.36,32885.0,51.373,242
2025-02-21 15:20:00-05:00,51.35,51.47,51.34,51.46,18503.0,51.411,137
2025-02-21 15:25:00-05:00,51.46,51.48,51.37,51.41,26291.0,51.429,195
2025-02-21 15:30:00-05:00,51.41,51.5,51.41,51.47,41316.0,51.462,314
2025-02-21 15:35:00-05:00,51.47,51.5,51.46,51.49,39064.0,51.475,233
2025-02-21 15:40:00-05:00,51.49,51.51,51.41,51.41,34864.0,51.459,291
2025-02-21 15:45:00-05:00,51.41,51.42,51.35,51.4,40964.0,51.38,338
2025-02-21 15:50:00-05:00,51.38,51.45,51.23,51.38,83588.0,51.393,591
2025-02-21 15:55:00-05:00,51.38,51.43,51.26,51.36,271872.0,51.344,1326
2025-02-24 09:30:00-05:00,51.43,51.65,51.1,51.24,40431.0,51.416,68
2025-02-24 09:35:00-05:00,51.14,51.22,51.08,51.21,6556.0,51.15,52
2025-02-24 09:40:00-05:00,51.18,51.22,51.05,51.19,13799.0,51.133,94
2025-02-24 09:45:00-05:00,51.18,51.19,51.0,51.1,19374.0,51.112,139
2025-02-24 09:50:00-05:00,51.05,51.12,50.95,50.96,16396.0,51.054,132
2025-02-24 09:55:00-05:00,50.97,51.1,50.97,51.06,15686.0,51.037,96
2025-02-24 10:00:00-05:00,51.07,51.1,50.99,51.0,17768.0,51.052,112
2025-02-24 10:05:00-05:00,50.95,51.27,50.95,51.24,16796.0,51.109,111
2025-02-24 10:10:00-05:00,51.25,51.28,51.08,51.12,8005.0,51.192,51
2025-02-24 10:15:00-05:00,51.12,51.29,51.09,51.27,11132.0,51.165,76
2025-02-24 10:20:00-05:00,51.3,51.54,51.3,51.48,7910.0,51.457,58
2025-02-24 10:25:00-05:00,51.46,51.46,51.37,51.39,6021.0,51.411,50
2025-02-24 10:30:00-05:00,51.39,51.47,51.35,51.37,9003.0,51.402,67
2025-02-24 10:35:00-05:00,51.37,51.41,51.34,51.4,7362.0,51.385,53
2025-02-24 10:40:00-05:00,51.38,51.42,51.36,51.37,15438.0,51.385,59
2025-02-24 10:45:00-05:00,51.36,51.39,51.33,51.35,11747.0,51.353,91
2025-02-24 10:50:00-05:00,51.37,51.38,51.21,51.21,7713.0,51.295,59
2025-02-24 10:55:00-05:00,51.21,51.24,51.15,51.15,8847.0,51.187,62
2025-02-24 11:00:00-05:00,51.16,51.23,51.13,51.13,10968.0,51.168,64
2025-02-24 11:05:00-05:00,51.12,51.14,50.98,50.99,11905.0,51.059,79
2025-02-24 11:10:00-05:00,50.98,51.09,50.95,51.09,11291.0,51.014,70
2025-02-24 11:15:00-05:00,51.11,51.16,51.09,51.13,9172.0,51.119,60
2025-02-24 11:20:00-05:00,51.14,51.17,51.08,51.08,5339.0,51.138,44
2025-02-24 11:25:00-05:00,51.08,51.24,51.05,51.23,11939.0,51.146,75
2025-02-24 11:30:00-05:00,51.25,51.33,51.23,51.23,7067.0,51.301,52
2025-02-24 11:35:00-05:00,51.22,51.25,51.13,51.15,8352.0,51.198,60
2025-02-24 11:40:00-05:00,51.18,51.19,51.09,51.1,7214.0,51.162,54
2025-02-24 11:45:00-05:00,51.09,51.24,51.09,51.22,11915.0,51.162,86
2025-02-24 11:50:00-05:00,51.21,51.22,51.14,51.16,15826.0,51.18,66
2025-02-24 11:55:00-05:00,51.16,51.17,51.08,51.08,8677.0,51.117,64
2025-02-24 12:00:00-05:00,51.09,51.14,51.09,51.1,10064.0,51.117,83
2025-02-24 12:05:00-05:00,51.08,51.14,51.07,51.1,10903.0,51.102,85
2025-02-24 12:10:00-05:00,51.1,51.14,51.07,51.14,8245.0,51.098,79
2025-02-24 12:15:00-05:00,51.13,51.16,51.09,51.09,10586.0,51.14,76
2025-02-24 12:20:00-05:00,51.12,51.21,51.12,51.14,10195.0,51.178,68
2025-02-24 12:25:00-05:00,51.12,51.16,51.12,51.12,3163.0,51.14,23
2025-02-24 12:30:00-05:00,51.15,51.17,51.13,51.17,5083.0,51.149,41
2025-02-24 12:35:00-05:00,51.16,51.2,51.13,51.19,8924.0,51.166,62
2025-02-24 12:40:00-05:00,51.2,51.2,51.17,51.19,4389.0,51.182,33
2025-02-24 12:45:00-05:00,51.19,51.2,51.14,51.16,9568.0,51.178,71
2025-02-24 12:50:00-05:00,51.16,51.17,51.08,51.11,7449.0,51.138,46
2025-02-24 12:55:00-05:00,51.11,51.15,51.08,51.08,8158.0,51.123,53
2025-02-24 13:00:00-05:00,51.04,51.05,51.0,51.04,6314.0,51.034,41
2025-02-24 13:05:00-05:00,51.05,51.07,51.03,51.07,7159.0,51.049,36
2025-02-24 13:10:00-05:00,51.08,51.08,51.05,51.05,6116.0,51.077,40
2025-02-24 13:15:00-05:00,51.05,51.09,51.05,51.07,10133.0,51.07,65
2025-02-24 13:20:00-05:00,51.06,51.09,51.05,51.09,12385.0,51.06,84
2025-02-24 13:25:00-05:00,51.09,51.1,51.06,51.06,10550.0,51.084,64
2025-02-24 13:30:00-05:00,51.05,51.07,51.03,51.05,10901.0,51.051,60
2025-02-24 13:35:00-05:00,51.05,51.1,51.03,51.05,10447.0,51.068,70
2025-02-24 13:40:00-05:00,51.04,51.04,50.92,50.93,6410.0,50.976,46
2025-02-24 13:45:00-05:00,50.93,50.94,50.85,50.85,10589.0,50.892,92
2025-02-24 13:50:00-05:00,50.85,50.93,50.84,50.88,17568.0,50.87,124
2025-02-24 13:55:00-05:00,50.89,50.9,50.85,50.88,9753.0,50.88,70
2025-02-24 14:00:00-05:00,50.87,50.97,50.87,50.97,14290.0,50.92,67
2025-02-24 14:05:00-05:00,50.97,50.99,50.96,50.98,11916.0,50.976,54
2025-02-24 14:10:00-05:00,50.99,51.0,50.97,50.98,6942.0,50.986,44
2025-02-24 14:15:00-05:00,50.97,50.97,50.93,50.93,5496.0,50.958,37
2025-02-24 14:20:00-05:00,50.93,50.97,50.9,50.97,7868.0,50.926,63
2025-02-24 14:25:00-05:00,50.97,50.98,50.94,50.95,10022.0,50.964,70
2025-02-24 14:30:00-05:00,50.96,50.98,50.95,50.97,13207.0,50.967,76
2025-02-24 14:35:00-05:00,50.98,50.99,50.92,50.94,9843.0,50.952,78
2025-02-24 14:40:00-05:00,50.94,50.95,50.87,50.89,8996.0,50.919,62
2025-02-24 14:45:00-05:00,50.89,50.89,50.86,50.87,12122.0,50.876,79
2025-02-24 14:50:00-05:00,50.87,50.92,50.87,50.91,12262.0,50.895,92
2025-02-24 14:55:00-05:00,50.91,50.94,50.84,50.92,19088.0,50.883,131
2025-02-24 15:00:00-05:00,50.91,50.96,50.9,50.95,12963.0,50.931,92
2025-02-24 15:05:00-05:00,50.95,50.98,50.93,50.98,12276.0,50.967,94
2025-02-24 15:10:00-05:00,50.97,50.97,50.9,50.9,17568.0,50.937,116
2025-02-24 15:15:00-05:00,50.9,50.95,50.88,50.92,20239.0,50.908,147
2025-02-24 15:20:00-05:00,50.92,50.93,50.86,50.86,14575.0,50.905,122
2025-02-24 15:25:00-05:00,50.86,50.9,50.85,50.87,20562.0,50.873,142
2025-02-24 15:30:00-05:00,50.88,50.91,50.87,50.9,23486.0,50.89,169
2025-02-24 15:35:00-05:00,50.89,50.92,50.84,50.9,34106.0,50.875,214
2025-02-24 15:40:00-05:00,50.9,50.9,50.79,50.79,31498.0,50.857,244
2025-02-24 15:45:00-05:00,50.78,50.88,50.69,50.86,42795.0,50.79,296
2025-02-24 15:50:00-05:00,50.86,50.93,50.7,50.76,47494.0,50.79,376
2025-02-24 15:55:00-05:00,50.76,50.89,50.76,50.79,174134.0,50.805,930
2025-02-25 09:30:00-05:00,50.95,51.09,50.72,51.05,24562.0,50.981,59
2025-02-25 09:35:00-05:00,51.05,51.17,51.03,51.1,5916.0,51.093,41
2025-02-25 09:40:00-05:00,51.08,51.15,51.04,51.15,5505.0,51.103,29
2025-02-25 09:45:00-05:00,51.11,51.24,51.07,51.23,7654.0,51.14,55
2025-02-25 09:50:00-05:00,51.23,51.44,51.23,51.4,7202.0,51.366,62
2025-02-25 09:55:00-05:00,51.43,51.63,51.38,51.53,11370.0,51.523,80
2025-02-25 10:00:00-05:00,51.51,51.53,51.26,51.32,16858.0,51.417,120
2025-02-25 10:05:00-05:00,51.32,51.36,51.2,51.24,6542.0,51.291,49
2025-02-25 10:10:00-05:00,51.21,51.24,51.11,51.15,11713.0,51.167,91
2025-02-25 10:15:00-05:00,51.16,51.32,51.11,51.31,14660.0,51.241,82
2025-02-25 10:20:00-05:00,51.32,51.33,51.21,51.21,5623.0,51.266,39
2025-02-25 10:25:00-05:00,51.21,51.32,51.19,51.32,9510.0,51.242,68
2025-02-25 10:30:00-05:00,51.33,51.33,51.24,51.28,6706.0,51.279,56
2025-02-25 10:35:00-05:00,51.27,51.27,51.16,51.2,8886.0,51.2,52
2025-02-25 10:40:00-05:00,51.21,51.34,51.19,51.34,14185.0,51.247,98
2025-02-25 10:45:00-05:00,51.35,51.36,51.27,51.29,7471.0,51.322,48
2025-02-25 10:50:00-05:00,51.31,51.32,51.17,51.24,15441.0,51.245,99
2025-02-25 10:55:00-05:00,51.25,51.3,51.23,51.23,8608.0,51.274,62
2025-02-25 11:00:00-05:00,51.23,51.27,51.21,51.25,13072.0,51.24,99
2025-02-25 11:05:00-05:00,51.27,51.49,51.26,51.43,28597.0,51.378,170
2025-02-25 11:10:00-05:00,51.43,51.45,51.39,51.41,7678.0,51.421,57
2025-02-25 11:15:00-05:00,51.42,51.44,51.37,51.38,11841.0,51.407,72
2025-02-25 11:20:00-05:00,51.37,51.43,51.36,51.42,9268.0,51.387,67
2025-02-25 11:25:00-05:00,51.41,51.42,51.33,51.41,9408.0,51.374,65
2025-02-25 11:30:00-05:00,51.4,51.41,51.29,51.41,12999.0,51.361,75
2025-02-25 11:35:00-05:00,51.41,51.56,51.4,51.56,10244.0,51.479,67
2025-02-25 11:40:00-05:00,51.55,51.56,51.49,51.53,9109.0,51.526,59
2025-02-25 11:45:00-05:00,51.53,51.53,51.49,51.52,7410.0,51.518,62
2025-02-25 11:50:00-05:00,51.53,51.57,51.46,51.47,14686.0,51.539,108
2025-02-25 11:55:00-05:00,51.46,51.5,51.42,51.43,10110.0,51.468,72
2025-02-25 12:00:00-05:00,51.42,51.47,51.32,51.32,5868.0,51.415,40
2025-02-25 12:05:00-05:00,51.32,51.35,51.26,51.33,15538.0,51.305,96
2025-02-25 12:10:00-05:00,51.35,51.36,51.31,51.35,9319.0,51.342,48
2025-02-25 12:15:00-05:00,51.36,51.4,51.35,51.37,4831.0,51.385,36
2025-02-25 12:20:00-05:00,51.37,51.4,51.34,51.39,10206.0,51.368,65
2025-02-25 12:25:00-05:00,51.4,51.42,51.38,51.39,5744.0,51.395,41
2025-02-25 12:30:00-05:00,51.38,51.4,51.34,51.38,15780.0,51.374,96
2025-02-25 12:35:00-05:00,51.37,51.38,51.34,51.36,6671.0,51.357,37
2025-02-25 12:40:00-05:00,51.37,51.39,51.33,51.37,7036.0,51.368,56
2025-02-25 12:45:00-05:00,51.36,51.44,51.35,51.44,3820.0,51.39,27
2025-02-25 12:50:00-05:00,51.44,51.5,51.43,51.43,11512.0,51.47,69
2025-02-25 12:55:00-05:00,51.43,51.46,51.4,51.46,5149.0,51.427,38
2025-02-25 13:00:00-05:00,51.48,51.54,51.48,51.54,6193.0,51.52,44
2025-02-25 13:05:00-05:00,51.54,51.54,51.47,51.47,6610.0,51.514,51
2025-02-25 13:10:00-05:00,51.46,51.48,51.42,51.43,8274.0,51.445,50
2025-02-25 13:15:00-05:00,51.44,51.47,51.43,51.44,9827.0,51.45,61
2025-02-25 13:20:00-05:00,51.44,51.44,51.36,51.39,6887.0,51.396,45
2025-02-25 13:25:00-05:00,51.4,51.4,51.35,51.35,8175.0,51.378,62
2025-02-25 13:30:00-05:00,51.35,51.39,51.34,51.39,8752.0,51.37,65
2025-02-25 13:35:00-05:00,51.4,51.42,51.38,51.41,8869.0,51.393,63
2025-02-25 13:40:00-05:00,51.41,51.42,51.39,51.4,4720.0,51.403,34
2025-02-25 13:45:00-05:00,51.4,51.42,51.37,51.39,5841.0,51.401,38
2025-02-25 13:50:00-05:00,51.38,51.38,51.34,51.36,9969.0,51.358,70
2025-02-25 13:55:00-05:00,51.36,51.36,51.28,51.29,18324.0,51.303,60
2025-02-25 14:00:00-05:00,51.28,51.31,51.25,51.27,11594.0,51.288,91
2025-02-25 14:05:00-05:00,51.28,51.31,51.26,51.31,8661.0,51.28,69
2025-02-25 14:10:00-05:00,51.3,51.3,51.25,51.25,9840.0,51.281,77
2025-02-25 14:15:00-05:00,51.26,51.28,51.23,51.26,4557.0,51.253,34
2025-02-25 14:20:00-05:00,51.26,51.28,51.23,51.26,12014.0,51.257,81
2025-02-25 14:25:00-05:00,51.25,51.25,51.21,51.22,6813.0,51.227,57
2025-02-25 14:30:00-05:00,51.23,51.28,51.22,51.27,8072.0,51.248,58
2025-02-25 14:35:00-05:00,51.27,51.32,51.22,51.32,25648.0,51.259,152
2025-02-25 14:40:00-05:00,51.32,51.34,51.31,51.32,7490.0,51.324,56
2025-02-25 14:45:00-05:00,51.32,51.32,51.27,51.31,8226.0,51.298,57
2025-02-25 14:50:00-05:00,51.31,51.33,51.31,51.32,9151.0,51.323,58
2025-02-25 14:55:00-05:00,51.32,51.34,51.29,51.3,11920.0,51.318,66
2025-02-25 15:00:00-05:00,51.3,51.31,51.25,51.27,10710.0,51.284,72
2025-02-25 15:05:00-05:00,51.27,51.29,51.24,51.24,16511.0,51.276,70
2025-02-25 15:10:00-05:00,51.23,51.24,51.18,51.23,18809.0,51.214,122
2025-02-25 15:15:00-05:00,51.23,51.24,51.2,51.24,13951.0,51.227,86
2025-02-25 15:20:00-05:00,51.24,51.31,51.23,51.3,15539.0,51.277,104
2025-02-25 15:25:00-05:00,51.3,51.32,51.26,51.27,19296.0,51.296,114
2025-02-25 15:30:00-05:00,51.26,51.34,51.25,51.34,17598.0,51.286,116
2025-02-25 15:35:00-05:00,51.33,51.34,51.19,51.19,18832.0,51.274,127
2025-02-25 15:40:00-05:00,51.19,51.26,51.11,51.26,41672.0,51.174,231
2025-02-25 15:45:00-05:00,51.25,51.61,51.24,51.51,228767.0,51.454,664
2025-02-25 15:50:00-05:00,51.49,51.52,51.42,51.46,71233.0,51.472,417
2025-02-25 15:55:00-05:00,51.48,51.62,51.46,51.59,206399.0,51.547,1015
2025-02-26 09:30:00-05:00,51.73,51.73,51.37,51.49,28236.0,51.662,72
2025-02-26 09:35:00-05:00,51.53,51.69,51.51,51.69,5272.0,51.592,44
2025-02-26 09:40:00-05:00,51.69,51.74,51.51,51.56,11534.0,51.662,82
2025-02-26 09:45:00-05:00,51.59,51.6,51.48,51.49,19295.0,51.527,124
2025-02-26 09:50:00-05:00,51.52,51.73,51.51,51.62,18646.0,51.661,119
2025-02-26 09:55:00-05:00,51.62,51.85,51.57,51.81,16638.0,51.713,110
2025-02-26 10:00:00-05:00,51.82,51.89,51.74,51.89,19764.0,51.819,134
2025-02-26 10:05:00-05:00,51.9,52.03,51.88,52.0,14401.0,51.955,88
2025-02-26 10:10:00-05:00,52.04,52.12,51.93,51.93,17667.0,52.036,113
2025-02-26 10:15:00-05:00,51.96,51.96,51.8,51.85,11641.0,51.847,79
2025-02-26 10:20:00-05:00,51.81,51.83,51.73,51.76,8989.0,51.786,65
2025-02-26 10:25:00-05:00,51.76,51.8,51.7,51.79,6757.0,51.756,51
2025-02-26 10:30:00-05:00,51.78,51.83,51.78,51.78,7715.0,51.805,55
2025-02-26 10:35:00-05:00,51.78,51.82,51.68,51.78,39179.0,51.733,108
2025-02-26 10:40:00-05:00,51.78,51.83,51.76,51.76,35393.0,51.792,79
2025-02-26 10:45:00-05:00,51.74,51.74,51.65,51.7,8029.0,51.698,51
2025-02-26 10:50:00-05:00,51.71,51.73,51.67,51.69,10951.0,51.7,79
2025-02-26 10:55:00-05:00,51.68,51.68,51.6,51.62,9354.0,51.63,44
2025-02-26 11:00:00-05:00,51.61,51.68,51.59,51.68,13983.0,51.64,98
2025-02-26 11:05:00-05:00,51.68,51.71,51.63,51.67,13999.0,51.676,65
2025-02-26 11:10:00-05:00,51.66,51.67,51.58,51.59,11001.0,51.611,77
2025-02-26 11:15:00-05:00,51.6,51.66,51.59,51.62,11331.0,51.631,90
2025-02-26 11:20:00-05:00,51.61,51.73,51.57,51.73,28991.0,51.628,158
2025-02-26 11:25:00-05:00,51.71,51.77,51.71,51.73,22841.0,51.734,86
2025-02-26 11:30:00-05:00,51.72,51.79,51.65,51.79,14753.0,51.713,109
2025-02-26 11:35:00-05:00,51.79,51.84,51.79,51.82,9417.0,51.818,50
2025-02-26 11:40:00-05:00,51.8,51.83,51.73,51.73,14062.0,51.785,110
2025-02-26 11:45:00-05:00,51.73,51.73,51.64,51.65,8921.0,51.685,61
2025-02-26 11:50:00-05:00,51.67,51.68,51.65,51.65,10696.0,51.671,58
2025-02-26 11:55:00-05:00,51.65,51.72,51.64,51.71,16660.0,51.662,131
2025-02-26 12:00:00-05:00,51.72,51.74,51.68,51.72,12741.0,51.712,79
2025-02-26 12:05:00-05:00,51.72,51.72,51.64,51.66,12063.0,51.686,76
2025-02-26 12:10:00-05:00,51.65,51.74,51.64,51.73,9335.0,51.695,63
2025-02-26 12:15:00-05:00,51.72,51.76,51.68,51.74,20481.0,51.712,141
2025-02-26 12:20:00-05:00,51.76,51.77,51.69,51.73,7263.0,51.735,54
2025-02-26 12:25:00-05:00,51.73,51.81,51.72,51.8,7571.0,51.754,50
2025-02-26 12:30:00-05:00,51.8,51.83,51.74,51.76,12970.0,51.791,91
2025-02-26 12:35:00-05:00,51.73,51.74,51.72,51.72,5654.0,51.73,44
2025-02-26 12:40:00-05:00,51.72,51.74,51.7,51.71,8132.0,51.717,56
2025-02-26 12:45:00-05:00,51.72,51.74,51.65,51.67,7918.0,51.702,63
2025-02-26 12:50:00-05:00,51.68,51.69,51.64,51.65,8366.0,51.664,66
2025-02-26 12:55:00-05:00,51.65,51.67,51.64,51.67,14806.0,51.656,81
2025-02-26 13:00:00-05:00,51.66,51.68,51.65,51.66,9797.0,51.663,75
2025-02-26 13:05:00-05:00,51.66,51.67,51.65,51.67,11562.0,51.659,81
2025-02-26 13:10:00-05:00,51.68,51.69,51.59,51.62,16996.0,51.633,130
2025-02-26 13:15:00-05:00,51.62,51.62,51.56,51.61,12982.0,51.604,73
2025-02-26 13:20:00-05:00,51.62,51.69,51.62,51.68,4252.0,51.653,37
2025-02-26 13:25:00-05:00,51.68,51.69,51.62,51.62,17659.0,51.657,112
2025-02-26 13:30:00-05:00,51.62,51.67,51.62,51.66,10702.0,51.647,69
2025-02-26 13:35:00-05:00,51.66,51.7,51.64,51.65,12368.0,51.667,97
2025-02-26 13:40:00-05:00,51.65,51.67,51.62,51.63,12151.0,51.651,59
2025-02-26 13:45:00-05:00,51.62,51.63,51.55,51.59,15863.0,51.585,101
2025-02-26 13:50:00-05:00,51.6,51.62,51.58,51.62,8923.0,51.595,62
2025-02-26 13:55:00-05:00,51.62,51.71,51.6,51.68,9883.0,51.644,70
2025-02-26 14:00:00-05:00,51.67,51.69,51.64,51.66,11204.0,51.66,75
2025-02-26 14:05:00-05:00,51.65,51.69,51.63,51.66,8538.0,51.659,58
2025-02-26 14:10:00-05:00,51.67,51.67,51.63,51.64,6551.0,51.65,45
2025-02-26 14:15:00-05:00,51.63,51.75,51.63,51.73,16101.0,51.709,85
2025-02-26 14:20:00-05:00,51.74,51.81,51.72,51.79,12970.0,51.771,93
2025-02-26 14:25:00-05:00,51.8,51.86,51.79,51.83,14278.0,51.825,84
2025-02-26 14:30:00-05:00,51.83,51.93,51.83,51.93,12326.0,51.862,83
2025-02-26 14:35:00-05:00,51.93,51.94,51.89,51.89,13187.0,51.92,94
2025-02-26 14:40:00-05:00,51.9,51.95,51.87,51.9,24771.0,51.902,99
2025-02-26 14:45:00-05:00,51.9,51.93,51.85,51.93,9514.0,51.878,67
2025-02-26 14:50:00-05:00,51.92,51.96,51.92,51.92,8491.0,51.938,62
2025-02-26 14:55:00-05:00,51.92,51.93,51.86,51.9,12725.0,51.891,87
2025-02-26 15:00:00-05:00,51.9,51.94,51.89,51.89,13702.0,51.909,88
2025-02-26 15:05:00-05:00,51.89,51.93,51.87,51.87,13966.0,51.901,98
2025-02-26 15:10:00-05:00,51.87,51.91,51.85,51.87,19614.0,51.883,131
2025-02-26 15:15:00-05:00,51.86,51.88,51.81,51.84,16340.0,51.848,105
2025-02-26 15:20:00-05:00,51.84,51.89,51.83,51.87,16874.0,51.861,108
2025-02-26 15:25:00-05:00,51.86,51.87,51.8,51.81,21603.0,51.842,123
2025-02-26 15:30:00-05:00,51.81,51.93,51.79,51.93,40532.0,51.864,194
2025-02-26 15:35:00-05:00,51.93,52.01,51.9,51.95,35250.0,51.951,191
2025-02-26 15:40:00-05:00,51.93,51.96,51.88,51.93,25472.0,51.915,184
2025-02-26 15:45:00-05:00,51.92,51.99,51.92,51.99,36168.0,51.964,287
2025-02-26 15:50:00-05:00,52.0,52.05,51.96,51.99,65233.0,52.0,477
2025-02-26 15:55:00-05:00,51.99,52.01,51.9,51.99,185597.0,51.945,1142
2025-02-27 09:30:00-05:00,51.57,51.89,51.53,51.82,41512.0,51.601,76
2025-02-27 09:35:00-05:00,51.92,52.31,51.92,52.31,12952.0,52.121,81
2025-02-27 09:40:00-05:00,52.28,52.38,52.19,52.35,11183.0,52.269,61
2025-02-27 09:45:00-05:00,52.34,52.36,52.2,52.25,26741.0,52.259,174
2025-02-27 09:50:00-05:00,52.25,52.25,52.09,52.19,8686.0,52.171,64
2025-02-27 09:55:00-05:00,52.18,52.31,52.18,52.29,15022.0,52.255,108
2025-02-27 10:00:00-05:00,52.31,52.4,52.22,52.28,18800.0,52.271,154
2025-02-27 10:05:00-05:00,52.28,52.31,52.07,52.1,14412.0,52.181,112
2025-02-27 10:10:00-05:00,52.1,52.11,51.98,52.04,12800.0,52.054,96
2025-02-27 10:15:00-05:00,52.05,52.09,52.03,52.08,18611.0,52.054,132
2025-02-27 10:20:00-05:00,52.08,52.25,52.06,52.25,13966.0,52.119,84
2025-02-27 10:25:00-05:00,52.25,52.25,52.13,52.14,8936.0,52.199,64
2025-02-27 10:30:00-05:00,52.14,52.2,52.1,52.15,14904.0,52.152,97
2025-02-27 10:35:00-05:00,52.14,52.16,52.07,52.12,13457.0,52.133,86
2025-02-27 10:40:00-05:00,52.12,52.15,52.03,52.15,42061.0,52.077,161
2025-02-27 10:45:00-05:00,52.16,52.19,52.14,52.19,8075.0,52.165,63
2025-02-27 10:50:00-05:00,52.19,52.25,52.19,52.24,5289.0,52.219,41
2025-02-27 10:55:00-05:00,52.24,52.27,52.16,52.16,15915.0,52.221,110
2025-02-27 11:00:00-05:00,52.16,52.23,52.16,52.22,9584.0,52.2,73
2025-02-27 11:05:00-05:00,52.2,52.22,52.17,52.22,14939.0,52.197,109
2025-02-27 11:10:00-05:00,52.22,52.3,52.17,52.29,16902.0,52.234,111
2025-02-27 11:15:00-05:00,52.3,52.32,52.27,52.32,9175.0,52.296,66
2025-02-27 11:20:00-05:00,52.31,52.38,52.28,52.38,7414.0,52.312,50
2025-02-27 11:25:00-05:00,52.38,52.38,52.3,52.37,15004.0,52.343,95
2025-02-27 11:30:00-05:00,52.36,52.39,52.34,52.36,9399.0,52.363,69
2025-02-27 11:35:00-05:00,52.35,52.4,52.32,52.39,11763.0,52.352,80
2025-02-27 11:40:00-05:00,52.39,52.4,52.35,52.36,11757.0,52.377,77
2025-02-27 11:45:00-05:00,52.36,52.37,52.28,52.29,12691.0,52.329,95
2025-02-27 11:50:00-05:00,52.29,52.41,52.29,52.39,19426.0,52.35,105
2025-02-27 11:55:00-05:00,52.38,52.39,52.27,52.27,16687.0,52.317,92
2025-02-27 12:00:00-05:00,52.25,52.31,52.25,52.25,10066.0,52.285,72
2025-02-27 12:05:00-05:00,52.26,52.26,52.18,52.23,20709.0,52.226,134
2025-02-27 12:10:00-05:00,52.23,52.26,52.21,52.22,14903.0,52.238,68
2025-02-27 12:15:00-05:00,52.23,52.29,52.23,52.24,8114.0,52.252,57
2025-02-27 12:20:00-05:00,52.23,52.34,52.23,52.34,9448.0,52.284,69
2025-02-27 12:25:00-05:00,52.33,52.41,52.32,52.38,12191.0,52.373,62
2025-02-27 12:30:00-05:00,52.42,52.44,52.37,52.38,11014.0,52.391,54
2025-02-27 12:35:00-05:00,52.37,52.38,52.32,52.34,21530.0,52.352,114
2025-02-27 12:40:00-05:00,52.33,52.35,52.26,52.3,19276.0,52.314,114
2025-02-27 12:45:00-05:00,52.3,52.31,52.24,52.24,9245.0,52.282,55
2025-02-27 12:50:00-05:00,52.25,52.29,52.23,52.27,7492.0,52.262,49
2025-02-27 12:55:00-05:00,52.27,52.27,52.17,52.17,21159.0,52.213,112
2025-02-27 13:00:00-05:00,52.19,52.26,52.17,52.17,14251.0,52.231,112
2025-02-27 13:05:00-05:00,52.18,52.19,52.14,52.14,15225.0,52.171,118
2025-02-27 13:10:00-05:00,52.14,52.21,52.11,52.17,39681.0,52.162,121
2025-02-27 13:15:00-05:00,52.17,52.18,52.13,52.18,7910.0,52.161,63
2025-02-27 13:20:00-05:00,52.17,52.18,52.15,52.16,3352.0,52.165,25
2025-02-27 13:25:00-05:00,52.14,52.16,52.06,52.13,20968.0,52.112,148
2025-02-27 13:30:00-05:00,52.13,52.19,52.12,52.17,12687.0,52.165,68
2025-02-27 13:35:00-05:00,52.16,52.2,52.14,52.18,24851.0,52.169,142
2025-02-27 13:40:00-05:00,52.18,52.19,52.14,52.16,17639.0,52.162,97
2025-02-27 13:45:00-05:00,52.16,52.18,52.14,52.17,12825.0,52.16,91
2025-02-27 13:50:00-05:00,52.15,52.18,52.12,52.15,9873.0,52.154,52
2025-02-27 13:55:00-05:00,52.14,52.14,52.07,52.1,8469.0,52.106,49
2025-02-27 14:00:00-05:00,52.1,52.22,52.09,52.17,8554.0,52.148,58
2025-02-27 14:05:00-05:00,52.16,52.28,52.15,52.27,20545.0,52.185,43
2025-02-27 14:10:00-05:00,52.28,52.32,52.26,52.32,9263.0,52.273,76
2025-02-27 14:15:00-05:00,52.32,52.36,52.32,52.35,8303.0,52.343,67
2025-02-27 14:20:00-05:00,52.36,52.38,52.33,52.35,15866.0,52.355,90
2025-02-27 14:25:00-05:00,52.35,52.35,52.29,52.29,8639.0,52.325,66
2025-02-27 14:30:00-05:00,52.29,52.3,52.21,52.28,13947.0,52.259,101
2025-02-27 14:35:00-05:00,52.29,52.33,52.24,52.26,12323.0,52.279,92
2025-02-27 14:40:00-05:00,52.25,52.25,52.2,52.21,16883.0,52.207,88
2025-02-27 14:45:00-05:00,52.23,52.29,52.21,52.23,13477.0,52.241,104
2025-02-27 14:50:00-05:00,52.22,52.28,52.21,52.26,27590.0,52.25,244
2025-02-27 14:55:00-05:00,52.26,52.33,52.18,52.22,26190.0,52.262,189
2025-02-27 15:00:00-05:00,52.2,52.2,52.02,52.09,13471.0,52.1,103
2025-02-27 15:05:00-05:00,52.09,52.14,52.08,52.1,14344.0,52.107,87
2025-02-27 15:10:00-05:00,52.1,52.1,52.02,52.02,16492.0,52.074,109
2025-02-27 15:15:00-05:00,52.02,52.08,51.98,52.06,11682.0,52.03,85
2025-02-27 15:20:00-05:00,52.06,52.09,51.97,51.98,15361.0,52.043,105
2025-02-27 15:25:00-05:00,51.98,51.98,51.88,51.88,17376.0,51.938,112
2025-02-27 15:30:00-05:00,51.89,52.0,51.89,51.97,20702.0,51.955,152
2025-02-27 15:35:00-05:00,51.96,51.97,51.91,51.92,19642.0,51.938,134
2025-02-27 15:40:00-05:00,51.92,51.95,51.9,51.95,23506.0,51.931,184
2025-02-27 15:45:00-05:00,51.94,51.98,51.86,51.98,29369.0,51.914,222
2025-02-27 15:50:00-05:00,51.94,51.98,51.9,51.92,59364.0,51.928,422
2025-02-27 15:55:00-05:00,51.92,52.07,51.92,52.05,167984.0,52.021,1038
2025-02-28 09:30:00-05:00,52.11,52.56,52.04,52.53,37118.0,52.263,103
2025-02-28 09:35:00-05:00,52.51,52.56,52.3,52.41,9090.0,52.417,83
2025-02-28 09:40:00-05:00,52.41,52.41,52.28,52.34,8162.0,52.329,67
2025-02-28 09:45:00-05:00,52.34,52.51,52.28,52.51,12016.0,52.373,61
2025-02-28 09:50:00-05:00,52.5,52.61,52.44,52.61,6040.0,52.521,40
2025-02-28 09:55:00-05:00,52.59,52.73,52.56,52.73,5483.0,52.629,39
2025-02-28 10:00:00-05:00,52.78,52.87,52.73,52.84,12993.0,52.783,77
2025-02-28 10:05:00-05:00,52.81,52.84,52.71,52.83,20892.0,52.79,161
2025-02-28 10:10:00-05:00,52.82,52.84,52.69,52.71,16385.0,52.77,131
2025-02-28 10:15:00-05:00,52.71,52.71,52.52,52.53,17049.0,52.61,130
2025-02-28 10:20:00-05:00,52.51,52.68,52.48,52.63,14190.0,52.624,100
2025-02-28 10:25:00-05:00,52.62,52.64,52.56,52.64,12073.0,52.602,89
2025-02-28 10:30:00-05:00,52.62,52.69,52.62,52.69,8291.0,52.658,67
2025-02-28 10:35:00-05:00,52.69,52.72,52.66,52.66,11993.0,52.687,76
2025-02-28 10:40:00-05:00,52.66,52.68,52.61,52.64,7582.0,52.64,49
2025-02-28 10:45:00-05:00,52.63,52.69,52.6,52.68,16462.0,52.628,84
2025-02-28 10:50:00-05:00,52.69,52.77,52.65,52.68,12059.0,52.707,83
2025-02-28 10:55:00-05:00,52.69,52.76,52.69,52.75,5080.0,52.729,37
2025-02-28 11:00:00-05:00,52.73,52.73,52.69,52.7,10406.0,52.704,77
2025-02-28 11:05:00-05:00,52.71,52.72,52.65,52.71,14126.0,52.686,55
2025-02-28 11:10:00-05:00,52.72,52.74,52.66,52.67,7532.0,52.696,53
2025-02-28 11:15:00-05:00,52.67,52.72,52.63,52.68,29241.0,52.665,123
2025-02-28 11:20:00-05:00,52.67,52.68,52.63,52.64,10604.0,52.655,82
2025-02-28 11:25:00-05:00,52.63,52.69,52.62,52.68,8594.0,52.651,53
2025-02-28 11:30:00-05:00,52.69,52.7,52.64,52.66,4979.0,52.676,30
2025-02-28 11:35:00-05:00,52.65,52.67,52.61,52.65,9550.0,52.639,57
2025-02-28 11:40:00-05:00,52.66,52.72,52.65,52.72,5702.0,52.671,36
2025-02-28 11:45:00-05:00,52.7,52.71,52.67,52.71,8143.0,52.688,49
2025-02-28 11:50:00-05:00,52.71,52.72,52.64,52.7,16348.0,52.675,102
2025-02-28 11:55:00-05:00,52.71,52.73,52.68,52.7,13570.0,52.704,97
2025-02-28 12:00:00-05:00,52.71,52.72,52.68,52.69,30637.0,52.698,229
2025-02-28 12:05:00-05:00,52.69,52.71,52.67,52.71,16933.0,52.691,113
2025-02-28 12:10:00-05:00,52.72,52.73,52.7,52.7,9636.0,52.716,53
2025-02-28 12:15:00-05:00,52.7,52.75,52.7,52.75,4111.0,52.735,31
2025-02-28 12:20:00-05:00,52.76,52.76,52.7,52.71,6474.0,52.724,41
2025-02-28 12:25:00-05:00,52.72,52.72,52.65,52.66,16008.0,52.698,102
2025-02-28 12:30:00-05:00,52.67,52.69,52.65,52.66,29078.0,52.676,209
2025-02-28 12:35:00-05:00,52.65,52.67,52.6,52.62,15398.0,52.642,102
2025-02-28 12:40:00-05:00,52.62,52.66,52.57,52.57,42845.0,52.618,332
2025-02-28 12:45:00-05:00,52.57,52.57,52.47,52.5,9940.0,52.521,73
2025-02-28 12:50:00-05:00,52.5,52.52,52.48,52.48,6140.0,52.502,34
2025-02-28 12:55:00-05:00,52.48,52.51,52.46,52.51,12812.0,52.491,94
2025-02-28 13:00:00-05:00,52.51,52.53,52.48,52.48,9159.0,52.497,68
2025-02-28 13:05:00-05:00,52.48,52.52,52.47,52.51,7067.0,52.495,52
2025-02-28 13:10:00-05:00,52.51,52.54,52.5,52.54,4967.0,52.523,38
2025-02-28 13:15:00-05:00,52.54,52.56,52.4,52.41,24137.0,52.49,160
2025-02-28 13:20:00-05:00,52.41,52.43,52.36,52.36,9771.0,52.407,49
2025-02-28 13:25:00-05:00,52.37,52.39,52.35,52.37,6555.0,52.369,45
2025-02-28 13:30:00-05:00,52.36,52.38,52.3,52.36,24871.0,52.363,136
2025-02-28 13:35:00-05:00,52.37,52.43,52.37,52.43,6207.0,52.398,46
2025-02-28 13:40:00-05:00,52.44,52.44,52.35,52.4,17909.0,52.393,100
2025-02-28 13:45:00-05:00,52.39,52.43,52.38,52.39,10403.0,52.411,54
2025-02-28 13:50:00-05:00,52.39,52.44,52.37,52.38,18559.0,52.396,103
2025-02-28 13:55:00-05:00,52.38,52.41,52.34,52.38,17082.0,52.378,131
2025-02-28 14:00:00-05:00,52.38,52.42,52.36,52.36,10339.0,52.398,76
2025-02-28 14:05:00-05:00,52.38,52.45,52.38,52.41,14050.0,52.421,98
2025-02-28 14:10:00-05:00,52.41,52.41,52.34,52.34,9564.0,52.364,54
2025-02-28 14:15:00-05:00,52.35,52.42,52.33,52.41,15799.0,52.368,85
2025-02-28 14:20:00-05:00,52.41,52.41,52.35,52.39,11298.0,52.38,69
2025-02-28 14:25:00-05:00,52.39,52.43,52.38,52.39,32828.0,52.398,131
2025-02-28 14:30:00-05:00,52.37,52.42,52.36,52.4,12694.0,52.396,82
2025-02-28 14:35:00-05:00,52.41,52.45,52.39,52.44,10204.0,52.422,73
2025-02-28 14:40:00-05:00,52.44,52.5,52.42,52.48,22043.0,52.47,103
2025-02-28 14:45:00-05:00,52.48,52.48,52.41,52.44,12839.0,52.439,87
2025-02-28 14:50:00-05:00,52.44,52.53,52.43,52.53,33432.0,52.492,217
2025-02-28 14:55:00-05:00,52.52,52.58,52.52,52.58,11431.0,52.547,87
2025-02-28 15:00:00-05:00,52.58,52.68,52.57,52.68,44300.0,52.626,199
2025-02-28 15:05:00-05:00,52.68,52.68,52.6,52.62,14777.0,52.635,86
2025-02-28 15:10:00-05:00,52.63,52.65,52.61,52.63,12874.0,52.627,85
2025-02-28 15:15:00-05:00,52.63,52.68,52.61,52.62,25601.0,52.649,143
2025-02-28 15:20:00-05:00,52.62,52.67,52.59,52.66,28117.0,52.623,174
2025-02-28 15:25:00-05:00,52.67,52.75,52.66,52.72,36890.0,52.705,181
2025-02-28 15:30:00-05:00,52.71,52.71,52.62,52.68,38216.0,52.669,234
2025-02-28 15:35:00-05:00,52.66,52.67,52.59,52.64,37348.0,52.622,238
2025-02-28 15:40:00-05:00,52.64,52.66,52.61,52.64,54708.0,52.638,210
2025-02-28 15:45:00-05:00,52.64,52.64,52.53,52.61,51369.0,52.586,292
2025-02-28 15:50:00-05:00,52.62,52.65,52.56,52.62,66918.0,52.605,431
2025-02-28 15:55:00-05:00,52.62,52.74,52.61,52.71,287881.0,52.69,1494
